ID,Local_ID,Language_ID,Parameter_ID,Value,Form,Segments,Comment,Source,Cognacy,Loan,Graphemes,Profile
Achagua-1_i-1,,Achagua,1_i,nuya,nuya,n u j a,,walker2011,,,^n u y a$,default
Yanesha-1_i-1,,Yanesha,1_i,na,na,n a,,walker2011,,,^n a$,default
Anauya-1_i-1,,Anauya,1_i,nu,nu,n u,,walker2011,,,^n u$,default
Apurina-1_i-1,,Apurina,1_i,nota,nota,n o t a,,walker2011,,,^n o t a$,default
Aruan-1_i-1,,Aruan,1_i,nuy,nuy,n u y,,walker2011,,,^n u y$,default
Ashaninka-1_i-1,,Ashaninka,1_i,naro,naro,n a r o,,walker2011,,,^n a r o$,default
Xiriana-1_i-1,,Xiriana,1_i,nui,nui,n u i,,walker2011,,,^n u i$,default
Avane-1_i-1,,Avane,1_i,nuya,nuya,n u j a,,walker2011,,,^n u y a$,default
BaniwaDoIcana-1_i-1,,BaniwaDoIcana,1_i,hnua,hnua,h n u a,,walker2011,,,^h n u a$,default
Bare-1_i-1,,Bare,1_i,"nu-ni, nũ",nu-ni,n u + n i,,walker2011,,,^n u - n i$,default
Bare-1_i-2,,Bare,1_i,"nu-ni, nũ",nũ,n ũ,,walker2011,,,^n ũ$,default
Baure-1_i-1,,Baure,1_i,ntiʔ,ntiʔ,n t i ʔ,,walker2011,,,^n t i ʔ$,default
Cabiyari-1_i-1,,Cabiyari,1_i,ɲu,ɲu,ɲ u,,walker2011,,,^ɲ u$,default
Caquinte-1_i-1,,Caquinte,1_i,no,no,n o,,walker2011,,,^n o$,default
Cariai-1_i-1,,Cariai,1_i,ni-wai,ni-wai,n i + w a i,,walker2011,,,^n i - w a i$,default
Chamicuro-1_i-1,,Chamicuro,1_i,uʔti,uʔti,u ʔ t i,,walker2011,,,^u ʔ t i$,default
EnaweneNawe-1_i-1,,EnaweneNawe,1_i,nato,nato,n a t o,,walker2011,,,^n a t o$,default
Garifuna-1_i-1,,Garifuna,1_i,au[m] nuguya[f],au_nuguya,a u + n u g u j a,,walker2011,,,^a u _ n u g u y a$,default
Wayuu-1_i-1,,Wayuu,1_i,ta-ya,ta-ya,t a + j a,,walker2011,,,^t a - y a$,default
Guinau-1_i-1,,Guinau,1_i,ndu,ndu,n d u,,walker2011,,,^n d u$,default
Ignaciano-1_i-1,,Ignaciano,1_i,núti,núti,n ú/u t i,,walker2011,,,^n ú t i$,default
Inapari-1_i-1,,Inapari,1_i,nohá,nohá,n o h á/a,,walker2011,,,^n o h á$,default
IslandCarib-1_i-1,,IslandCarib,1_i,nu-guia,nu-guia,n u + g u i a,,walker2011,,,^n u - g u i a$,default
Karutana-1_i-1,,Karutana,1_i,nua,nua,n u a,,walker2011,,,^n u a$,default
Kaishana-1_i-1,,Kaishana,1_i,nuwa,nuwa,n u w a,,walker2011,,,^n u w a$,default
Kinikinao-1_i-1,,Kinikinao,1_i,uːndi,uːndi,uː n d i,,walker2011,,,^uː n d i$,default
Curripaco-1_i-1,,Curripaco,1_i,hnua,hnua,h n u a,,walker2011,,,^h n u a$,default
Lokono-1_i-1,,Lokono,1_i,de,de,d e,,walker2011,,,^d e$,default
Machiguenga-1_i-1,,Machiguenga,1_i,naro,naro,n a r o,,walker2011,,,^n a r o$,default
Maipure-1_i-1,,Maipure,1_i,nuya,nuya,n u j a,,walker2011,,,^n u y a$,default
Manao-1_i-1,,Manao,1_i,nu,nu,n u,,walker2011,,,^n u$,default
Mandahuaca-1_i-1,,Mandahuaca,1_i,nu-yaha,nu-yaha,n u + j a h a,,walker2011,,,^n u - y a h a$,default
Machinere-1_i-1,,Machinere,1_i,no,no,n o,,walker2011,,,^n o$,default
Marawan-1_i-1,,Marawan,1_i,nu-,nu-,n u,,walker2011,,,^n u -$,default
Maragua-1_i-1,,Maragua,1_i,nya,nya,n j a,,walker2011,,,^n y a$,default
Mariate-1_i-1,,Mariate,1_i,nu,nu,n u,,walker2011,,,^n u$,default
MapidianMawayana-1_i-1,,MapidianMawayana,1_i,nu,nu,n u,,walker2011,,,^n u$,default
Mehinaku-1_i-1,,Mehinaku,1_i,natu,natu,n a t u,,walker2011,,,^n a t u$,default
Nomatsiguenga-1_i-1,,Nomatsiguenga,1_i,naro,naro,n a r o,,walker2011,,,^n a r o$,default
Palikur-1_i-1,,Palikur,1_i,nah,nah,n a h,,walker2011,,,^n a h$,default
Paraujano-1_i-1,,Paraujano,1_i,te,te,t e,,walker2011,,,^t e$,default
Parecis-1_i-1,,Parecis,1_i,natjwo,natjwo,n a tʲʷ o,,walker2011,,,^n a tjw o$,default
Passe-1_i-1,,Passe,1_i,nu,nu,n u,,walker2011,,,^n u$,default
Piapoco-1_i-1,,Piapoco,1_i,núa,núa,n ú/u a,,walker2011,,,^n ú a$,default
Yine-1_i-1,,Yine,1_i,gita,gita,g i t a,,walker2011,,,^g i t a$,default
Resigaro-1_i-1,,Resigaro,1_i,n̥o,n̥o,n̥ o,,walker2011,,,^n̥ o$,default
Saraveca-1_i-1,,Saraveca,1_i,nato,nato,n a t o,,walker2011,,,^n a t o$,default
Taino-1_i-1,,Taino,1_i,"nu, da-, daka",nu,n u,,walker2011,,,^n u$,default
Taino-1_i-2,,Taino,1_i,"nu, da-, daka",da-,d a,,walker2011,,,^d a -$,default
Taino-1_i-3,,Taino,1_i,"nu, da-, daka",daka,d a k a,,walker2011,,,^d a k a$,default
Tariana-1_i-1,,Tariana,1_i,nuha,nuha,n u h a,,walker2011,,,^n u h a$,default
Terena-1_i-1,,Terena,1_i,ûndi,ûndi,û/u n d i,,walker2011,,,^û n d i$,default
Trinitario-1_i-1,,Trinitario,1_i,nuti,nuti,n u t i,,walker2011,,,^n u t i$,default
Wainuma-1_i-1,,Wainuma,1_i,nuu,nuu,n uː,,walker2011,,,^n uu$,default
Wapishana-1_i-1,,Wapishana,1_i,ũgaɽɨ,ũgaɽɨ,ũ g a ɽ ɨ,,walker2011,,,^ũ g a ɽ ɨ$,default
Araicu-1_i-1,,Araicu,1_i,u-nu,u-nu,u + n u,,walker2011,,,^u - n u$,default
Warekena-1_i-1,,Warekena,1_i,nuha,nuha,n u h a,,walker2011,,,^n u h a$,default
WarekenaVelha-1_i-1,,WarekenaVelha,1_i,nuya,nuya,n u j a,,walker2011,,,^n u y a$,default
Waura-1_i-1,,Waura,1_i,natu,natu,n a t u,,walker2011,,,^n a t u$,default
Yavitero-1_i-1,,Yavitero,1_i,nuya,nuya,n u j a,,walker2011,,,^n u y a$,default
Yawalapiti-1_i-1,,Yawalapiti,1_i,natu,natu,n a t u,,walker2011,,,^n a t u$,default
Yucuna-1_i-1,,Yucuna,1_i,nuka,nuka,n u k a,,walker2011,,,^n u k a$,default
Jumana-1_i-1,,Jumana,1_i,nɨ-te,nɨ-te,n ɨ + t e,,walker2011,,,^n ɨ - t e$,default
Achagua-2_you-1,,Achagua,2_you,hiya,hiya,h i j a,,walker2011,,,^h i y a$,default
Yanesha-2_you-1,,Yanesha,2_you,pja,pja,p j a,,walker2011,,,^p j a$,default
Anauya-2_you-1,,Anauya,2_you,hi,hi,h i,,walker2011,,,^h i$,default
Apurina-2_you-1,,Apurina,2_you,pita,pita,p i t a,,walker2011,,,^p i t a$,default
Aruan-2_you-1,,Aruan,2_you,pi,pi,p i,,walker2011,,,^p i$,default
Ashaninka-2_you-1,,Ashaninka,2_you,aviro,aviro,a v i r o,,walker2011,,,^a v i r o$,default
Xiriana-2_you-1,,Xiriana,2_you,ɸi,ɸi,ɸ i,,walker2011,,,^ɸ i$,default
Avane-2_you-1,,Avane,2_you,piya,piya,p i j a,,walker2011,,,^p i y a$,default
BaniwaDoIcana-2_you-1,,BaniwaDoIcana,2_you,phia,phia,pʰ i a,,walker2011,,,^ph i a$,default
Bare-2_you-1,,Bare,2_you,"bi-ni, bĩ",bi-ni,b i + n i,,walker2011,,,^b i - n i$,default
Bare-2_you-2,,Bare,2_you,"bi-ni, bĩ",bĩ,b ĩ,,walker2011,,,^b ĩ$,default
Baure-2_you-1,,Baure,2_you,pitiʔ,pitiʔ,p i t i ʔ,,walker2011,,,^p i t i ʔ$,default
Cabiyari-2_you-1,,Cabiyari,2_you,phe,phe,pʰ e,,walker2011,,,^ph e$,default
Caquinte-2_you-1,,Caquinte,2_you,apiati,apiati,a p i a t i,,walker2011,,,^a p i a t i$,default
Cariai-2_you-1,,Cariai,2_you,pi-wai,pi-wai,p i + w a i,,walker2011,,,^p i - w a i$,default
Chamicuro-2_you-1,,Chamicuro,2_you,piʔti,piʔti,p i ʔ t i,,walker2011,,,^p i ʔ t i$,default
EnaweneNawe-2_you-1,,EnaweneNawe,2_you,hiʃu,hiʃu,h i ʃ u,,walker2011,,,^h i ʃ u$,default
Garifuna-2_you-1,,Garifuna,2_you,"amɨrɨ,  ban, hugίa, huguya, humá",amɨrɨ,a m ɨ r ɨ,,walker2011,,,^a m ɨ r ɨ$,default
Garifuna-2_you-2,,Garifuna,2_you,"amɨrɨ,  ban, hugίa, huguya, humá",ban,b a n,,walker2011,,,^b a n$,default
Garifuna-2_you-3,,Garifuna,2_you,"amɨrɨ,  ban, hugίa, huguya, humá",hugίa,h u g ί/i a,,walker2011,,,^h u g ί a$,default
Garifuna-2_you-4,,Garifuna,2_you,"amɨrɨ,  ban, hugίa, huguya, humá",huguya,h u g u j a,,walker2011,,,^h u g u y a$,default
Garifuna-2_you-5,,Garifuna,2_you,"amɨrɨ,  ban, hugίa, huguya, humá",humá,h u m á/a,,walker2011,,,^h u m á$,default
Wayuu-2_you-1,,Wayuu,2_you,pia,pia,p i a,,walker2011,,,^p i a$,default
Guinau-2_you-1,,Guinau,2_you,mbudu,mbudu,m b u d u,,walker2011,,,^m b u d u$,default
Ignaciano-2_you-1,,Ignaciano,2_you,píti,píti,p í/i t i,,walker2011,,,^p í t i$,default
Inapari-2_you-1,,Inapari,2_you,pisá,pisá,p i s á/a,,walker2011,,,^p i s á$,default
IslandCarib-2_you-1,,IslandCarib,2_you,hu-guia,hu-guia,h u + g u i a,,walker2011,,,^h u - g u i a$,default
Karutana-2_you-1,,Karutana,2_you,phia,phia,pʰ i a,,walker2011,,,^ph i a$,default
Kaishana-2_you-1,,Kaishana,2_you,pɨwa,pɨwa,p ɨ w a,,walker2011,,,^p ɨ w a$,default
Kinikinao-2_you-1,,Kinikinao,2_you,iːti,iːti,iː t i,,walker2011,,,^iː t i$,default
Curripaco-2_you-1,,Curripaco,2_you,phia,phia,pʰ i a,,walker2011,,,^ph i a$,default
Lokono-2_you-1,,Lokono,2_you,bi,bi,b i,,walker2011,,,^b i$,default
Machiguenga-2_you-1,,Machiguenga,2_you,βiro,βiro,β i r o,,walker2011,,,^β i r o$,default
Maipure-2_you-1,,Maipure,2_you,piya,piya,p i j a,,walker2011,,,^p i y a$,default
Manao-2_you-1,,Manao,2_you,pi,pi,p i,,walker2011,,,^p i$,default
Mandahuaca-2_you-1,,Mandahuaca,2_you,hi-yaha,hi-yaha,h i + j a h a,,walker2011,,,^h i - y a h a$,default
Machinere-2_you-1,,Machinere,2_you,pi,pi,p i,,walker2011,,,^p i$,default
Marawan-2_you-1,,Marawan,2_you,pi-,pi-,p i,,walker2011,,,^p i -$,default
Maragua-2_you-1,,Maragua,2_you,pya,pya,p j a,,walker2011,,,^p y a$,default
Mariate-2_you-1,,Mariate,2_you,pɨː,pɨː,p ɨː,,walker2011,,,^p ɨː$,default
MapidianMawayana-2_you-1,,MapidianMawayana,2_you,ri,ri,r i,,walker2011,,,^r i$,default
Mehinaku-2_you-1,,Mehinaku,2_you,pitsu,pitsu,p i ts u,,walker2011,,,^p i ts u$,default
Nomatsiguenga-2_you-1,,Nomatsiguenga,2_you,obiro,obiro,o b i r o,,walker2011,,,^o b i r o$,default
Palikur-2_you-1,,Palikur,2_you,pis,pis,p i s,,walker2011,,,^p i s$,default
Paraujano-2_you-1,,Paraujano,2_you,pia,pia,p i a,,walker2011,,,^p i a$,default
Parecis-2_you-1,,Parecis,2_you,hitso,hitso,h i ts o,,walker2011,,,^h i ts o$,default
Passe-2_you-1,,Passe,2_you,pje,pje,p j e,,walker2011,,,^p j e$,default
Piapoco-2_you-1,,Piapoco,2_you,pía,pía,p í/i a,,walker2011,,,^p í a$,default
Yine-2_you-1,,Yine,2_you,pitja,pitja,p i t j a,,walker2011,,,^p i t j a$,default
Resigaro-2_you-1,,Resigaro,2_you,"phu, pha",phu,pʰ u,,walker2011,,,^ph u$,default
Resigaro-2_you-2,,Resigaro,2_you,"phu, pha",pha,pʰ a,,walker2011,,,^ph a$,default
Saraveca-2_you-1,,Saraveca,2_you,itin,itin,i t i n,,walker2011,,,^i t i n$,default
Taino-2_you-1,,Taino,2_you,"ti, bu-, uara’",ti,t i,,walker2011,,,^t i$,default
Taino-2_you-2,,Taino,2_you,"ti, bu-, uara’",bu-,b u,,walker2011,,,^b u -$,default
Taino-2_you-3,,Taino,2_you,"ti, bu-, uara’",uara’,u a r a ʔ,,walker2011,,,^u a r a ’$,default
Tariana-2_you-1,,Tariana,2_you,piha,piha,p i h a,,walker2011,,,^p i h a$,default
Terena-2_you-1,,Terena,2_you,îti,îti,î/i t i,,walker2011,,,^î t i$,default
Trinitario-2_you-1,,Trinitario,2_you,piti,piti,p i t i,,walker2011,,,^p i t i$,default
Wainuma-2_you-1,,Wainuma,2_you,piy,piy,p i y,,walker2011,,,^p i y$,default
Wapishana-2_you-1,,Wapishana,2_you,pɨgaɽiɨ,pɨgaɽiɨ,p ɨ g a ɽ i ɨ,,walker2011,,,^p ɨ g a ɽ i ɨ$,default
Araicu-2_you-1,,Araicu,2_you,u-pɨe,u-pɨe,u + p ɨ e,,walker2011,,,^u - p ɨ e$,default
Warekena-2_you-1,,Warekena,2_you,piha,piha,p i h a,,walker2011,,,^p i h a$,default
WarekenaVelha-2_you-1,,WarekenaVelha,2_you,piya,piya,p i j a,,walker2011,,,^p i y a$,default
Waura-2_you-1,,Waura,2_you,pitsu,pitsu,p i ts u,,walker2011,,,^p i ts u$,default
Yavitero-2_you-1,,Yavitero,2_you,hiya,hiya,h i j a,,walker2011,,,^h i y a$,default
Yawalapiti-2_you-1,,Yawalapiti,2_you,tiʂu,tiʂu,t i ʂ u,,walker2011,,,^t i ʂ u$,default
Yucuna-2_you-1,,Yucuna,2_you,pika,pika,p i k a,,walker2011,,,^p i k a$,default
Jumana-2_you-1,,Jumana,2_you,pɨ-la,pɨ-la,p ɨ + l a,,walker2011,,,^p ɨ - l a$,default
Achagua-3_we-1,,Achagua,3_we,waya,waya,w a j a,,walker2011,,,^w a y a$,default
Yanesha-3_we-1,,Yanesha,3_we,ya,ya,j a,,walker2011,,,^y a$,default
Anauya-3_we-1,,Anauya,3_we,wa,wa,w a,,walker2011,,,^w a$,default
Apurina-3_we-1,,Apurina,3_we,ata,ata,a t a,,walker2011,,,^a t a$,default
Aruan-3_we-1,,Aruan,3_we,way,way,w a y,,walker2011,,,^w a y$,default
Ashaninka-3_we-1,,Ashaninka,3_we,arori,arori,a r o r i,,walker2011,,,^a r o r i$,default
Xiriana-3_we-1,,Xiriana,3_we,wanabenari,wanabenari,w a n a b e n a r i,,walker2011,,,^w a n a b e n a r i$,default
Avane-3_we-1,,Avane,3_we,waya,waya,w a j a,,walker2011,,,^w a y a$,default
BaniwaDoIcana-3_we-1,,BaniwaDoIcana,3_we,hwaː,hwaː,ʰw aː,,walker2011,,,^hw aː$,default
Bare-3_we-1,,Bare,3_we,"wa-ni, wã",wa-ni,w a + n i,,walker2011,,,^w a - n i$,default
Bare-3_we-2,,Bare,3_we,"wa-ni, wã",wã,w ã,,walker2011,,,^w ã$,default
Baure-3_we-1,,Baure,3_we,bitiʔ,bitiʔ,b i t i ʔ,,walker2011,,,^b i t i ʔ$,default
Cabiyari-3_we-1,,Cabiyari,3_we,whe,whe,wʰ e,,walker2011,,,^wh e$,default
Caquinte-3_we-1,,Caquinte,3_we,aːtiNpa,aːtiNpa,aː t i ɴ p a,,walker2011,,,^aː t i N p a$,default
Cariai-3_we-1,,Cariai,3_we,woi,woi,w o i,,walker2011,,,^w o i$,default
Chamicuro-3_we-1,,Chamicuro,3_we,aʔti,aʔti,a ʔ t i,,walker2011,,,^a ʔ t i$,default
EnaweneNawe-3_we-1,,EnaweneNawe,3_we,wiʃu,wiʃu,w i ʃ u,,walker2011,,,^w i ʃ u$,default
Garifuna-3_we-1,,Garifuna,3_we,wagίa,wagίa,w a g ί/i a,,walker2011,,,^w a g ί a$,default
Wayuu-3_we-1,,Wayuu,3_we,wa-ya,wa-ya,w a + j a,,walker2011,,,^w a - y a$,default
Guinau-3_we-1,,Guinau,3_we,waduːkani,waduːkani,w a d uː k a n i,,walker2011,,,^w a d uː k a n i$,default
Ignaciano-3_we-1,,Ignaciano,3_we,βíti,βíti,β í/i t i,,walker2011,,,^β í t i$,default
Inapari-3_we-1,,Inapari,3_we,ehé,ehé,e h é/e,,walker2011,,,^e h é$,default
IslandCarib-3_we-1,,IslandCarib,3_we,wagia,wagia,w a g i a,,walker2011,,,^w a g i a$,default
Karutana-3_we-1,,Karutana,3_we,wa,wa,w a,,walker2011,,,^w a$,default
Kaishana-3_we-1,,Kaishana,3_we,wɨwa,wɨwa,w ɨ w a,,walker2011,,,^w ɨ w a$,default
Kinikinao-3_we-1,,Kinikinao,3_we,uːti,uːti,uː t i,,walker2011,,,^uː t i$,default
Curripaco-3_we-1,,Curripaco,3_we,faː,faː,f aː,,walker2011,,,^f aː$,default
Lokono-3_we-1,,Lokono,3_we,we,we,w e,,walker2011,,,^w e$,default
Machiguenga-3_we-1,,Machiguenga,3_we,aro,aro,a r o,,walker2011,,,^a r o$,default
Maipure-3_we-1,,Maipure,3_we,waya,waya,w a j a,,walker2011,,,^w a y a$,default
Manao-3_we-1,,Manao,3_we,wene,wene,w e n e,,walker2011,,,^w e n e$,default
Mandahuaca-3_we-1,,Mandahuaca,3_we,wa-yaha,wa-yaha,w a + j a h a,,walker2011,,,^w a - y a h a$,default
Machinere-3_we-1,,Machinere,3_we,hiya,hiya,h i j a,,walker2011,,,^h i y a$,default
Marawan-3_we-1,,Marawan,3_we,wi-,wi-,w i,,walker2011,,,^w i -$,default
Maragua-3_we-1,,Maragua,3_we,wuya,wuya,w u j a,,walker2011,,,^w u y a$,default
MapidianMawayana-3_we-1,,MapidianMawayana,3_we,wawɨ,wawɨ,w a w ɨ,,walker2011,,,^w a w ɨ$,default
Mehinaku-3_we-1,,Mehinaku,3_we,aitsu,aitsu,a i ts u,,walker2011,,,^a i ts u$,default
Nomatsiguenga-3_we-1,,Nomatsiguenga,3_we,kiro,kiro,k i r o,,walker2011,,,^k i r o$,default
Palikur-3_we-1,,Palikur,3_we,wis,wis,w i s,,walker2011,,,^w i s$,default
Paraujano-3_we-1,,Paraujano,3_we,we,we,w e,,walker2011,,,^w e$,default
Parecis-3_we-1,,Parecis,3_we,witso,witso,w i ts o,,walker2011,,,^w i ts o$,default
Passe-3_we-1,,Passe,3_we,wela,wela,w e l a,,walker2011,,,^w e l a$,default
Piapoco-3_we-1,,Piapoco,3_we,wía,wía,w í/i a,,walker2011,,,^w í a$,default
Yine-3_we-1,,Yine,3_we,wija,wija,w i j a,,walker2011,,,^w i j a$,default
Resigaro-3_we-1,,Resigaro,3_we,"faʔa [excl.], mouʔa [incl.]",faʔa_,f a ʔ a,,walker2011,,,^f a ʔ a _$,default
Resigaro-3_we-2,,Resigaro,3_we,"faʔa [excl.], mouʔa [incl.]",mouʔa_,m o u ʔ a,,walker2011,,,^m o u ʔ a _$,default
Saraveca-3_we-1,,Saraveca,3_we,avi,avi,a v i,,walker2011,,,^a v i$,default
Taino-3_we-1,,Taino,3_we,"guakia, ua-, -wo",guakia,g u a k i a,,walker2011,,,^g u a k i a$,default
Taino-3_we-2,,Taino,3_we,"guakia, ua-, -wo",ua-,u a,,walker2011,,,^u a -$,default
Taino-3_we-3,,Taino,3_we,"guakia, ua-, -wo",-wo,w o,,walker2011,,,^- w o$,default
Tariana-3_we-1,,Tariana,3_we,waha,waha,w a h a,,walker2011,,,^w a h a$,default
Terena-3_we-1,,Terena,3_we,ûti,ûti,û/u t i,,walker2011,,,^û t i$,default
Trinitario-3_we-1,,Trinitario,3_we,witi,witi,w i t i,,walker2011,,,^w i t i$,default
Wainuma-3_we-1,,Wainuma,3_we,wa’a,wa’a,w a ʔ a,,walker2011,,,^w a ’ a$,default
Wapishana-3_we-1,,Wapishana,3_we,waɨnau,waɨnau,w a ɨ n a u,,walker2011,,,^w a ɨ n a u$,default
Araicu-3_we-1,,Araicu,3_we,u,u,uː,,walker2011,,,^u$,default
Warekena-3_we-1,,Warekena,3_we,wahenawi,wahenawi,w a h e n a w i,,walker2011,,,^w a h e n a w i$,default
WarekenaVelha-3_we-1,,WarekenaVelha,3_we,waya,waya,w a j a,,walker2011,,,^w a y a$,default
Waura-3_we-1,,Waura,3_we,aitsu,aitsu,a i ts u,,walker2011,,,^a i ts u$,default
Yavitero-3_we-1,,Yavitero,3_we,waya,waya,w a j a,,walker2011,,,^w a y a$,default
Yawalapiti-3_we-1,,Yawalapiti,3_we,aʂu,aʂu,a ʂ u,,walker2011,,,^a ʂ u$,default
Yucuna-3_we-1,,Yucuna,3_we,weka,weka,w e k a,,walker2011,,,^w e k a$,default
Jumana-3_we-1,,Jumana,3_we,te-la,te-la,t e + l a,,walker2011,,,^t e - l a$,default
Achagua-4_this-1,,Achagua,4_this,"liani [m],  ɻuani [f]",liani_,l i a n i,,walker2011,,,^l i a n i _$,default
Achagua-4_this-2,,Achagua,4_this,"liani [m],  ɻuani [f]",ɻuani_,ɻ u a n i,,walker2011,,,^ɻ u a n i _$,default
Yanesha-4_this-1,,Yanesha,4_this,anj,anj,a n j,,walker2011,,,^a n j$,default
Anauya-4_this-1,,Anauya,4_this,masareni,masareni,m a s a r e n i,,walker2011,,,^m a s a r e n i$,default
Apurina-4_this-1,,Apurina,4_this,ɨ-je,ɨ-je,ɨ + j e,,walker2011,,,^ɨ - j e$,default
Ashaninka-4_this-1,,Ashaninka,4_this,yoka,yoka,j o k a,,walker2011,,,^y o k a$,default
Xiriana-4_this-1,,Xiriana,4_this,nahi,nahi,n a h i,,walker2011,,,^n a h i$,default
Avane-4_this-1,,Avane,4_this,eni,eni,e n i,,walker2011,,,^e n i$,default
BaniwaDoIcana-4_this-1,,BaniwaDoIcana,4_this,hɻie(hẽ),hɻie,h ɻ i e,,walker2011,,,^h ɻ i e$,default
Bare-4_this-1,,Bare,4_this,aɻi,aɻi,a ɻ i,,walker2011,,,^a ɻ i$,default
Baure-4_this-1,,Baure,4_this,"tetʃ [m], titʃ [f]",tetʃ_,t e tʃ,,walker2011,,,^t e tʃ _$,default
Baure-4_this-2,,Baure,4_this,"tetʃ [m], titʃ [f]",titʃ_,t i tʃ,,walker2011,,,^t i tʃ _$,default
Cabiyari-4_this-1,,Cabiyari,4_this,yari,yari,j a r i,,walker2011,,,^y a r i$,default
Caquinte-4_this-1,,Caquinte,4_this,irika,irika,i r i k a,,walker2011,,,^i r i k a$,default
Chamicuro-4_this-1,,Chamicuro,4_this,aneʔye,aneʔye,a n e ʔ j e,,walker2011,,,^a n e ʔ y e$,default
EnaweneNawe-4_this-1,,EnaweneNawe,4_this,eɾe,eɾe,e ɾ e,,walker2011,,,^e ɾ e$,default
Garifuna-4_this-1,,Garifuna,4_this,"le, to",le,l e,,walker2011,,,^l e$,default
Garifuna-4_this-2,,Garifuna,4_this,"le, to",to,t o,,walker2011,,,^t o$,default
Wayuu-4_this-1,,Wayuu,4_this,tʃia,tʃia,tʃ i a,,walker2011,,,^tʃ i a$,default
Guinau-4_this-1,,Guinau,4_this,auhu,auhu,a u h u,,walker2011,,,^a u h u$,default
Ignaciano-4_this-1,,Ignaciano,4_this,"maka [fala m.], ɲika [fala f.]",maka_,m a k a,,walker2011,,,^m a k a _$,default
Ignaciano-4_this-2,,Ignaciano,4_this,"maka [fala m.], ɲika [fala f.]",ɲika_,ɲ i k a,,walker2011,,,^ɲ i k a _$,default
Inapari-4_this-1,,Inapari,4_this,tʃaá(ma),tʃaá,tʃ a á/a,,walker2011,,,^tʃ a á$,default
IslandCarib-4_this-1,,IslandCarib,4_this,tua,tua,t u a,,walker2011,,,^t u a$,default
Kaishana-4_this-1,,Kaishana,4_this,"cai ima, neh hej",cai_ima,c a i + i m a,,walker2011,,,^c a i _ i m a$,default
Kaishana-4_this-2,,Kaishana,4_this,"cai ima, neh hej",neh_hej,n e h + h e j,,walker2011,,,^n e h _ h e j$,default
Kinikinao-4_this-1,,Kinikinao,4_this,enepone,enepone,e n e p o n e,,walker2011,,,^e n e p o n e$,default
Curripaco-4_this-1,,Curripaco,4_this,thiaha,thiaha,tʰ i a h a,,walker2011,,,^th i a h a$,default
Lokono-4_this-1,,Lokono,4_this,lihi,lihi,l i h i,,walker2011,,,^l i h i$,default
Machiguenga-4_this-1,,Machiguenga,4_this,yoka,yoka,j o k a,,walker2011,,,^y o k a$,default
Maipure-4_this-1,,Maipure,4_this,"ia[m], yaya[f], are-pina ",ia,i a,,walker2011,,,^i a$,default
Maipure-4_this-2,,Maipure,4_this,"ia[m], yaya[f], are-pina ",yaya,j a j a,,walker2011,,,^y a y a$,default
Maipure-4_this-3,,Maipure,4_this,"ia[m], yaya[f], are-pina ",are-pina,a r e + p i n a,,walker2011,,,^a r e - p i n a$,default
Mandahuaca-4_this-1,,Mandahuaca,4_this,aniha,aniha,a n i h a,,walker2011,,,^a n i h a$,default
Machinere-4_this-1,,Machinere,4_this,tɨkɨpimalɨ,tɨkɨpimalɨ,t ɨ k ɨ p i m a l ɨ,,walker2011,,,^t ɨ k ɨ p i m a l ɨ$,default
Maragua-4_this-1,,Maragua,4_this,ihehi,ihehi,i h e h i,,walker2011,,,^i h e h i$,default
MapidianMawayana-4_this-1,,MapidianMawayana,4_this,ti’a,ti’a,t i ʔ a,,walker2011,,,^t i ’ a$,default
Mehinaku-4_this-1,,Mehinaku,4_this,ɨʂɨ,ɨʂɨ,ɨ ʂ ɨ,,walker2011,,,^ɨ ʂ ɨ$,default
Nomatsiguenga-4_this-1,,Nomatsiguenga,4_this,ikwa,ikwa,i kʷ a,,walker2011,,,^i kw a$,default
Palikur-4_this-1,,Palikur,4_this,"ner [m], ini[n], ner[f]",ner_,n e r,,walker2011,,,^n e r _$,default
Palikur-4_this-2,,Palikur,4_this,"ner [m], ini[n], ner[f]",ini,i n i,,walker2011,,,^i n i$,default
Palikur-4_this-3,,Palikur,4_this,"ner [m], ini[n], ner[f]",ner,n e r,,walker2011,,,^n e r$,default
Paraujano-4_this-1,,Paraujano,4_this,tʃi,tʃi,tʃ i,,walker2011,,,^tʃ i$,default
Parecis-4_this-1,,Parecis,4_this,eʃe,eʃe,e ʃ e,,walker2011,,,^e ʃ e$,default
Piapoco-4_this-1,,Piapoco,4_this,yái,yái,j á/a i,,walker2011,,,^y á i$,default
Yine-4_this-1,,Yine,4_this,tje,tje,t j e,,walker2011,,,^t j e$,default
Resigaro-4_this-1,,Resigaro,4_this,giʔi,giʔi,g i ʔ i,,walker2011,,,^g i ʔ i$,default
Taino-4_this-1,,Taino,4_this,zi,zi,z i,,walker2011,,,^z i$,default
Tariana-4_this-1,,Tariana,4_this,hane,hane,h a n e,,walker2011,,,^h a n e$,default
Terena-4_this-1,,Terena,4_this,ra,ra,r a,,walker2011,,,^r a$,default
Trinitario-4_this-1,,Trinitario,4_this,tetʃ,tetʃ,t e tʃ,,walker2011,,,^t e tʃ$,default
Wapishana-4_this-1,,Wapishana,4_this,"ɖiwɨɽaː, wɨɽɨː",ɖiwɨɽaː,ɖ i w ɨ ɽ aː,,walker2011,,,^ɖ i w ɨ ɽ aː$,default
Wapishana-4_this-2,,Wapishana,4_this,"ɖiwɨɽaː, wɨɽɨː",wɨɽɨː,w ɨ ɽ ɨː,,walker2011,,,^w ɨ ɽ ɨː$,default
Warekena-4_this-1,,Warekena,4_this,nihiadi kadeka,nihiadi_kadeka,n i h i a d i + k a d e k a,,walker2011,,,^n i h i a d i _ k a d e k a$,default
WarekenaVelha-4_this-1,,WarekenaVelha,4_this,eni,eni,e n i,,walker2011,,,^e n i$,default
Waura-4_this-1,,Waura,4_this,ɨʐɨ,ɨʐɨ,ɨ ʐ ɨ,,walker2011,,,^ɨ ʐ ɨ$,default
Yavitero-4_this-1,,Yavitero,4_this,ini,ini,i n i,,walker2011,,,^i n i$,default
Yawalapiti-4_this-1,,Yawalapiti,4_this,"iɾi [m], itiɾa [f]",iɾi_,i ɾ i,,walker2011,,,^i ɾ i _$,default
Yawalapiti-4_this-2,,Yawalapiti,4_this,"iɾi [m], itiɾa [f]",itiɾa_,i t i ɾ a,,walker2011,,,^i t i ɾ a _$,default
Yucuna-4_this-1,,Yucuna,4_this,kele,kele,k e l e,,walker2011,,,^k e l e$,default
Achagua-5_that-1,,Achagua,5_that,"liaʔa [m], ɻuaʔa [f]",liaʔa_,l i a ʔ a,,walker2011,,,^l i a ʔ a _$,default
Achagua-5_that-2,,Achagua,5_that,"liaʔa [m], ɻuaʔa [f]",ɻuaʔa_,ɻ u a ʔ a,,walker2011,,,^ɻ u a ʔ a _$,default
Yanesha-5_that-1,,Yanesha,5_that,tjaʐ,tjaʐ,t j a ʐ,,walker2011,,,^t j a ʐ$,default
Anauya-5_that-1,,Anauya,5_that,"iraha,aki,maːta",iraha,i r a h a,,walker2011,,,^i r a h a$,default
Anauya-5_that-2,,Anauya,5_that,"iraha,aki,maːta",aki,a k i,,walker2011,,,^a k i$,default
Anauya-5_that-3,,Anauya,5_that,"iraha,aki,maːta",maːta,m aː t a,,walker2011,,,^m aː t a$,default
Apurina-5_that-1,,Apurina,5_that,ɨ-kara,ɨ-kara,ɨ + k a r a,,walker2011,,,^ɨ - k a r a$,default
Aruan-5_that-1,,Aruan,5_that,"ay, yuake",ay,a y,,walker2011,,,^a y$,default
Aruan-5_that-2,,Aruan,5_that,"ay, yuake",yuake,j u a k e,,walker2011,,,^y u a k e$,default
Ashaninka-5_that-1,,Ashaninka,5_that,era,era,e r a,,walker2011,,,^e r a$,default
Xiriana-5_that-1,,Xiriana,5_that,aɻahi,aɻahi,a ɻ a h i,,walker2011,,,^a ɻ a h i$,default
Avane-5_that-1,,Avane,5_that,eya,eya,e j a,,walker2011,,,^e y a$,default
BaniwaDoIcana-5_that-1,,BaniwaDoIcana,5_that,hɻieta(hã),hɻieta,h ɻ i e t a,,walker2011,,,^h ɻ i e t a$,default
Bare-5_that-1,,Bare,5_that,asaha/ensa,asaha,a s a h a,,walker2011,,,^a s a h a$,default
Bare-5_that-2,,Bare,5_that,asaha/ensa,ensa,e n s a,,walker2011,,,^e ns a$,default
Baure-5_that-1,,Baure,5_that,"ten[m], tin[f]",ten,t e n,,walker2011,,,^t e n$,default
Baure-5_that-2,,Baure,5_that,"ten[m], tin[f]",tin,t i n,,walker2011,,,^t i n$,default
Cabiyari-5_that-1,,Cabiyari,5_that,yaːta,yaːta,j aː t a,,walker2011,,,^y aː t a$,default
Caquinte-5_that-1,,Caquinte,5_that,iriNta,iriNta,i r i ɴ t a,,walker2011,,,^i r i N t a$,default
Chamicuro-5_that-1,,Chamicuro,5_that,maʃala,maʃala,m a ʃ a l a,,walker2011,,,^m a ʃ a l a$,default
Garifuna-5_that-1,,Garifuna,5_that,lira,lira,l i r a,,walker2011,,,^l i r a$,default
Wayuu-5_that-1,,Wayuu,5_that,tʃia,tʃia,tʃ i a,,walker2011,,,^tʃ i a$,default
Guinau-5_that-1,,Guinau,5_that,dʒuahe,dʒuahe,dʒ u a h e,,walker2011,,,^dʒ u a h e$,default
Ignaciano-5_that-1,,Ignaciano,5_that,"hena [inan.] , maena [homem, fala m], suna [mulher], ɲiɲa[homem, fala f.]",hena_,h e n a,,walker2011,,,^h e n a _$,default
Ignaciano-5_that-2,,Ignaciano,5_that,"hena [inan.] , maena [homem, fala m], suna [mulher], ɲiɲa[homem, fala f.]",maena_,m a e n a,,walker2011,,,^m a e n a _$,default
Ignaciano-5_that-3,,Ignaciano,5_that,"hena [inan.] , maena [homem, fala m], suna [mulher], ɲiɲa[homem, fala f.]",suna_,s u n a,,walker2011,,,^s u n a _$,default
Ignaciano-5_that-4,,Ignaciano,5_that,"hena [inan.] , maena [homem, fala m], suna [mulher], ɲiɲa[homem, fala f.]",ɲiɲa,ɲ i ɲ a,,walker2011,,,^ɲ i ɲ a$,default
Inapari-5_that-1,,Inapari,5_that,waʔahéri,waʔahéri,w a ʔ a h é/e r i,,walker2011,,,^w a ʔ a h é r i$,default
IslandCarib-5_that-1,,IslandCarib,5_that,tura,tura,t u r a,,walker2011,,,^t u r a$,default
Kaishana-5_that-1,,Kaishana,5_that,"peta, ʃama",peta,p e t a,,walker2011,,,^p e t a$,default
Kaishana-5_that-2,,Kaishana,5_that,"peta, ʃama",ʃama,ʃ a m a,,walker2011,,,^ʃ a m a$,default
Kinikinao-5_that-1,,Kinikinao,5_that,enepone,enepone,e n e p o n e,,walker2011,,,^e n e p o n e$,default
Curripaco-5_that-1,,Curripaco,5_that,naːthe,naːthe,n aː tʰ e,,walker2011,,,^n aː th e$,default
Lokono-5_that-1,,Lokono,5_that,lira,lira,l i r a,,walker2011,,,^l i r a$,default
Machiguenga-5_that-1,,Machiguenga,5_that,yonta,yonta,j o n t a,,walker2011,,,^y o n t a$,default
Maipure-5_that-1,,Maipure,5_that,"naya, (aki)-ya, wid",naya,n a j a,,walker2011,,,^n a y a$,default
Maipure-5_that-2,,Maipure,5_that,"naya, (aki)-ya, wid",-ya,j a,,walker2011,,,^- y a$,default
Maipure-5_that-3,,Maipure,5_that,"naya, (aki)-ya, wid",wid,w i d,,walker2011,,,^w i d$,default
Manao-5_that-1,,Manao,5_that,"eruti, nela",eruti,e r u t i,,walker2011,,,^e r u t i$,default
Manao-5_that-2,,Manao,5_that,"eruti, nela",nela,n e l a,,walker2011,,,^n e l a$,default
Mandahuaca-5_that-1,,Mandahuaca,5_that,eteha,eteha,e t e h a,,walker2011,,,^e t e h a$,default
Maragua-5_that-1,,Maragua,5_that,"akirahi,latz, abɨkeɲhi",akirahi,a k i r a h i,,walker2011,,,^a k i r a h i$,default
Maragua-5_that-2,,Maragua,5_that,"akirahi,latz, abɨkeɲhi",latz,l a ts,,walker2011,,,^l a tz$,default
Maragua-5_that-3,,Maragua,5_that,"akirahi,latz, abɨkeɲhi",abɨkeɲhi,a b ɨ k e ɲʰ i,,walker2011,,,^a b ɨ k e ɲh i$,default
MapidianMawayana-5_that-1,,MapidianMawayana,5_that,arura’ra,arura’ra,a r u r a ʔ r a,,walker2011,,,^a r u r a ’ r a$,default
Mehinaku-5_that-1,,Mehinaku,5_that,ʂãhã,ʂãhã,ʂ ã h ã,,walker2011,,,^ʂ ã h ã$,default
Nomatsiguenga-5_that-1,,Nomatsiguenga,5_that,inta,inta,i n t a,,walker2011,,,^i n t a$,default
Palikur-5_that-1,,Palikur,5_that,ner,ner,n e r,,walker2011,,,^n e r$,default
Paraujano-5_that-1,,Paraujano,5_that,ʃira,ʃira,ʃ i r a,,walker2011,,,^ʃ i r a$,default
Parecis-5_that-1,,Parecis,5_that,hatjwo,hatjwo,h a tʲʷ o,,walker2011,,,^h a tjw o$,default
Passe-5_that-1,,Passe,5_that,puhlari,puhlari,p u h l a r i,,walker2011,,,^p u h l a r i$,default
Piapoco-5_that-1,,Piapoco,5_that,yáde,yáde,j á/a d e,,walker2011,,,^y á d e$,default
Yine-5_that-1,,Yine,5_that,tuhra,tuhra,t u h r a,,walker2011,,,^t u h r a$,default
Resigaro-5_that-1,,Resigaro,5_that,giʔihite,giʔihite,g i ʔ i h i t e,,walker2011,,,^g i ʔ i h i t e$,default
Saraveca-5_that-1,,Saraveca,5_that,enenaiɲa,enenaiɲa,e n e n a i ɲ a,,walker2011,,,^e n e n a i ɲ a$,default
Taino-5_that-1,,Taino,5_that,"zi, tika",zi,z i,,walker2011,,,^z i$,default
Taino-5_that-2,,Taino,5_that,"zi, tika",tika,t i k a,,walker2011,,,^t i k a$,default
Tariana-5_that-1,,Tariana,5_that,hane,hane,h a n e,,walker2011,,,^h a n e$,default
Terena-5_that-1,,Terena,5_that,neko,neko,n e k o,,walker2011,,,^n e k o$,default
Trinitario-5_that-1,,Trinitario,5_that,ten,ten,t e n,,walker2011,,,^t e n$,default
Wainuma-5_that-1,,Wainuma,5_that,tʃiy,tʃiy,tʃ i y,,walker2011,,,^tʃ i y$,default
Wapishana-5_that-1,,Wapishana,5_that,tawɨɽɨ,tawɨɽɨ,t a w ɨ ɽ ɨ,,walker2011,,,^t a w ɨ ɽ ɨ$,default
Araicu-5_that-1,,Araicu,5_that,ilekali,ilekali,i l e k a l i,,walker2011,,,^i l e k a l i$,default
Warekena-5_that-1,,Warekena,5_that,nihiadi kati,nihiadi_kati,n i h i a d i + k a t i,,walker2011,,,^n i h i a d i _ k a t i$,default
WarekenaVelha-5_that-1,,WarekenaVelha,5_that,eta,eta,e t a,,walker2011,,,^e t a$,default
Waura-5_that-1,,Waura,5_that,"ʐa, kala",ʐa,ʐ a,,walker2011,,,^ʐ a$,default
Waura-5_that-2,,Waura,5_that,"ʐa, kala",kala,k a l a,,walker2011,,,^k a l a$,default
Yavitero-5_that-1,,Yavitero,5_that,ita,ita,i t a,,walker2011,,,^i t a$,default
Yawalapiti-5_that-1,,Yawalapiti,5_that,"iɾu [m], iɾutiɾa [f]",iɾu_,i ɾ u,,walker2011,,,^i ɾ u _$,default
Yawalapiti-5_that-2,,Yawalapiti,5_that,"iɾu [m], iɾutiɾa [f]",iɾutiɾa_,i ɾ u t i ɾ a,,walker2011,,,^i ɾ u t i ɾ a _$,default
Yucuna-5_that-1,,Yucuna,5_that,ile,ile,i l e,,walker2011,,,^i l e$,default
Achagua-6_what-1,,Achagua,6_what,tanaa,tanaa,t a n aː,,walker2011,,,^t a n aa$,default
Yanesha-6_what-1,,Yanesha,6_what,esoʼt,esoʼt,e s oˀ t,,walker2011,,,^e s oʼ t$,default
Apurina-6_what-1,,Apurina,6_what,ke-pa,ke-pa,k e + p a,,walker2011,,,^k e - p a$,default
Ashaninka-6_what-1,,Ashaninka,6_what,paita,paita,p a i t a,,walker2011,,,^p a i t a$,default
Xiriana-6_what-1,,Xiriana,6_what,"jáɨ, jama",jáɨ,j á/a ɨ,,walker2011,,,^j á ɨ$,default
Xiriana-6_what-2,,Xiriana,6_what,"jáɨ, jama",jama,j a m a,,walker2011,,,^j a m a$,default
Avane-6_what-1,,Avane,6_what,dali,dali,d a l i,,walker2011,,,^d a l i$,default
BaniwaDoIcana-6_what-1,,BaniwaDoIcana,6_what,kua,kua,k u a,,walker2011,,,^k u a$,default
Bare-6_what-1,,Bare,6_what,abaeɻi,abaeɻi,a b a e ɻ i,,walker2011,,,^a b a e ɻ i$,default
Baure-6_what-1,,Baure,6_what,kon,kon,k o n,,walker2011,,,^k o n$,default
Cabiyari-6_what-1,,Cabiyari,6_what,mikha,mikha,m i kʰ a,,walker2011,,,^m i kh a$,default
Caquinte-6_what-1,,Caquinte,6_what,taː,taː,t aː,,walker2011,,,^t aː$,default
EnaweneNawe-6_what-1,,EnaweneNawe,6_what,deːta,deːta,d eː t a,,walker2011,,,^d eː t a$,default
Garifuna-6_what-1,,Garifuna,6_what,"ka, katei",ka,k a,,walker2011,,,^k a$,default
Garifuna-6_what-2,,Garifuna,6_what,"ka, katei",katei,k a t e i,,walker2011,,,^k a t e i$,default
Wayuu-6_what-1,,Wayuu,6_what,kasa wayu,kasa_wayu,k a s a + w a j u,,walker2011,,,^k a s a _ w a y u$,default
Ignaciano-6_what-1,,Ignaciano,6_what,táhaʔa,táhaʔa,t á/a h a ʔ a,,walker2011,,,^t á h a ʔ a$,default
Inapari-6_what-1,,Inapari,6_what,haí(ra),haí,h a í/i,,walker2011,,,^h a í$,default
IslandCarib-6_what-1,,IslandCarib,6_what,kaka,kaka,k a k a,,walker2011,,,^k a k a$,default
Kaishana-6_what-1,,Kaishana,6_what,"napa, -hi, hɨkama",napa,n a p a,,walker2011,,,^n a p a$,default
Kaishana-6_what-2,,Kaishana,6_what,"napa, -hi, hɨkama",-hi,h i,,walker2011,,,^- h i$,default
Kaishana-6_what-3,,Kaishana,6_what,"napa, -hi, hɨkama",hɨkama,h ɨ k a m a,,walker2011,,,^h ɨ k a m a$,default
Kinikinao-6_what-1,,Kinikinao,6_what,kuti,kuti,k u t i,,walker2011,,,^k u t i$,default
Curripaco-6_what-1,,Curripaco,6_what,kukapha,kukapha,k u k a pʰ a,,walker2011,,,^k u k a ph a$,default
Lokono-6_what-1,,Lokono,6_what,ana,ana,a n a,,walker2011,,,^a n a$,default
Machiguenga-6_what-1,,Machiguenga,6_what,tata,tata,t a t a,,walker2011,,,^t a t a$,default
Maipure-6_what-1,,Maipure,6_what,iti,iti,i t i,,walker2011,,,^i t i$,default
Manao-6_what-1,,Manao,6_what,kapa-,kapa-,k a p a,,walker2011,,,^k a p a -$,default
Mandahuaca-6_what-1,,Mandahuaca,6_what,kaniatire,kaniatire,k a n i a t i r e,,walker2011,,,^k a n i a t i r e$,default
Machinere-6_what-1,,Machinere,6_what,tɨhirɨ,tɨhirɨ,t ɨ h i r ɨ,,walker2011,,,^t ɨ h i r ɨ$,default
Maragua-6_what-1,,Maragua,6_what,"ka-,ai- ya-",ka-,k a,,walker2011,,,^k a -$,default
Maragua-6_what-2,,Maragua,6_what,"ka-,ai- ya-",ai-_ya-,a i + j a,,walker2011,,,^a i -_ y a -$,default
MapidianMawayana-6_what-1,,MapidianMawayana,6_what,ka,ka,k a,,walker2011,,,^k a$,default
Mehinaku-6_what-1,,Mehinaku,6_what,atsa,atsa,a ts a,,walker2011,,,^a ts a$,default
Nomatsiguenga-6_what-1,,Nomatsiguenga,6_what,pairo,pairo,p a i r o,,walker2011,,,^p a i r o$,default
Palikur-6_what-1,,Palikur,6_what,pariye,pariye,p a r i j e,,walker2011,,,^p a r i y e$,default
Paraujano-6_what-1,,Paraujano,6_what,keetɨ,keetɨ,k eː t ɨ,,walker2011,,,^k ee t ɨ$,default
Parecis-6_what-1,,Parecis,6_what,ʃoare,ʃoare,ʃ o a r e,,walker2011,,,^ʃ o a r e$,default
Piapoco-6_what-1,,Piapoco,6_what,kàiná,kàiná,k à/a i n á/a,,walker2011,,,^k à i n á$,default
Yine-6_what-1,,Yine,6_what,klɨ,klɨ,k l ɨ,,walker2011,,,^k l ɨ$,default
Resigaro-6_what-1,,Resigaro,6_what,"heʔe, heʔeː, koːni",heʔe,h e ʔ e,,walker2011,,,^h e ʔ e$,default
Resigaro-6_what-2,,Resigaro,6_what,"heʔe, heʔeː, koːni",heʔeː,h e ʔ eː,,walker2011,,,^h e ʔ eː$,default
Resigaro-6_what-3,,Resigaro,6_what,"heʔe, heʔeː, koːni",koːni,k oː n i,,walker2011,,,^k oː n i$,default
Taino-6_what-1,,Taino,6_what,ka,ka,k a,,walker2011,,,^k a$,default
Tariana-6_what-1,,Tariana,6_what,kwaka,kwaka,kʷ a k a,,walker2011,,,^kw a k a$,default
Terena-6_what-1,,Terena,6_what,kuti,kuti,k u t i,,walker2011,,,^k u t i$,default
Trinitario-6_what-1,,Trinitario,6_what,ta(h)a,taa,t aː,,walker2011,,,^t aa$,default
Wapishana-6_what-1,,Wapishana,6_what,kan(um) ɖiː,kan_ɖiː,k a n + ɖ iː,,walker2011,,,^k a n _ ɖ iː$,default
Warekena-6_what-1,,Warekena,6_what,kaki,kaki,k a k i,,walker2011,,,^k a k i$,default
WarekenaVelha-6_what-1,,WarekenaVelha,6_what,iʃi,iʃi,i ʃ i,,walker2011,,,^i ʃ i$,default
Waura-6_what-1,,Waura,6_what,kaitsa,kaitsa,k a i ts a,,walker2011,,,^k a i ts a$,default
Yavitero-6_what-1,,Yavitero,6_what,meli,meli,m e l i,,walker2011,,,^m e l i$,default
Yawalapiti-6_what-1,,Yawalapiti,6_what,kanauka,kanauka,k a n a u k a,,walker2011,,,^k a n a u k a$,default
Yucuna-6_what-1,,Yucuna,6_what,na,na,n a,,walker2011,,,^n a$,default
Achagua-7_who-1,,Achagua,7_who,tanaa,tanaa,t a n aː,,walker2011,,,^t a n aa$,default
Yanesha-7_who-1,,Yanesha,7_who,eseʃaʼt,eseʃaʼt,e s e ʃ aˀ t,,walker2011,,,^e s e ʃ aʼ t$,default
Apurina-7_who-1,,Apurina,7_who,ke-rɨ-pa,ke-rɨ-pa,k e + r ɨ + p a,,walker2011,,,^k e - r ɨ - p a$,default
Ashaninka-7_who-1,,Ashaninka,7_who,hanika,hanika,h a n i k a,,walker2011,,,^h a n i k a$,default
Xiriana-7_who-1,,Xiriana,7_who,"jaɨ, jama",jaɨ,j a ɨ,,walker2011,,,^j a ɨ$,default
Xiriana-7_who-2,,Xiriana,7_who,"jaɨ, jama",jama,j a m a,,walker2011,,,^j a m a$,default
Avane-7_who-1,,Avane,7_who,iʂi,iʂi,i ʂ i,,walker2011,,,^i ʂ i$,default
BaniwaDoIcana-7_who-1,,BaniwaDoIcana,7_who,kua,kua,k u a,,walker2011,,,^k u a$,default
Bare-7_who-1,,Bare,7_who,ne,ne,n e,,walker2011,,,^n e$,default
Baure-7_who-1,,Baure,7_who,kon  ,kon,k o n,,walker2011,,,^k o n$,default
Cabiyari-7_who-1,,Cabiyari,7_who,mikha,mikha,m i kʰ a,,walker2011,,,^m i kh a$,default
Caquinte-7_who-1,,Caquinte,7_who,taː,taː,t aː,,walker2011,,,^t aː$,default
Chamicuro-7_who-1,,Chamicuro,7_who,naʔʃanana,naʔʃanana,n a ʔ ʃ a n a n a,,walker2011,,,^n a ʔʃ a n a n a$,default
EnaweneNawe-7_who-1,,EnaweneNawe,7_who,deːta,deːta,d eː t a,,walker2011,,,^d eː t a$,default
Garifuna-7_who-1,,Garifuna,7_who,"ka,katei, kabaʔ [future]",ka,k a,,walker2011,,,^k a$,default
Garifuna-7_who-2,,Garifuna,7_who,"ka,katei, kabaʔ [future]",katei,k a t e i,,walker2011,,,^k a t e i$,default
Garifuna-7_who-3,,Garifuna,7_who,"ka,katei, kabaʔ [future]",kabaʔ_,k a b a ʔ,,walker2011,,,^k a b a ʔ _$,default
Wayuu-7_who-1,,Wayuu,7_who,haɾai ya,haɾai_ya,h a ɾ a i + j a,,walker2011,,,^h a ɾ a i _ y a$,default
Ignaciano-7_who-1,,Ignaciano,7_who,náhaʔa,náhaʔa,n á/a h a ʔ a,,walker2011,,,^n á h a ʔ a$,default
Inapari-7_who-1,,Inapari,7_who,hawá(ra),hawá,h a w á/a,,walker2011,,,^h a w á$,default
IslandCarib-7_who-1,,IslandCarib,7_who,kata,kata,k a t a,,walker2011,,,^k a t a$,default
Kaishana-7_who-1,,Kaishana,7_who,"napa, -hi, hɨkama",napa,n a p a,,walker2011,,,^n a p a$,default
Kaishana-7_who-2,,Kaishana,7_who,"napa, -hi, hɨkama",-hi,h i,,walker2011,,,^- h i$,default
Kaishana-7_who-3,,Kaishana,7_who,"napa, -hi, hɨkama",hɨkama,h ɨ k a m a,,walker2011,,,^h ɨ k a m a$,default
Kinikinao-7_who-1,,Kinikinao,7_who,kuija,kuija,k u i j a,,walker2011,,,^k u i j a$,default
Curripaco-7_who-1,,Curripaco,7_who,kuakahlia,kuakahlia,k u a k a h l i a,,walker2011,,,^k u a k a h l i a$,default
Lokono-7_who-1,,Lokono,7_who,alikan,alikan,a l i k a n,,walker2011,,,^a l i k a n$,default
Machiguenga-7_who-1,,Machiguenga,7_who,tjani,tjani,t j a n i,,walker2011,,,^t j a n i$,default
Maipure-7_who-1,,Maipure,7_who,iti,iti,i t i,,walker2011,,,^i t i$,default
Manao-7_who-1,,Manao,7_who,kapa-,kapa-,k a p a,,walker2011,,,^k a p a -$,default
Mandahuaca-7_who-1,,Mandahuaca,7_who,kaniapa,kaniapa,k a n i a p a,,walker2011,,,^k a n i a p a$,default
Machinere-7_who-1,,Machinere,7_who,tɨhirɨ,tɨhirɨ,t ɨ h i r ɨ,,walker2011,,,^t ɨ h i r ɨ$,default
Maragua-7_who-1,,Maragua,7_who,"ka-,ai- ya-",ka-,k a,,walker2011,,,^k a -$,default
Maragua-7_who-2,,Maragua,7_who,"ka-,ai- ya-",ai-_ya-,a i + j a,,walker2011,,,^a i -_ y a -$,default
MapidianMawayana-7_who-1,,MapidianMawayana,7_who,ka,ka,k a,,walker2011,,,^k a$,default
Mehinaku-7_who-1,,Mehinaku,7_who,atsa,atsa,a ts a,,walker2011,,,^a ts a$,default
Nomatsiguenga-7_who-1,,Nomatsiguenga,7_who,atini,atini,a t i n i,,walker2011,,,^a t i n i$,default
Palikur-7_who-1,,Palikur,7_who,pariye,pariye,p a r i j e,,walker2011,,,^p a r i y e$,default
Paraujano-7_who-1,,Paraujano,7_who,heere,heere,h eː r e,,walker2011,,,^h ee r e$,default
Parecis-7_who-1,,Parecis,7_who,ʃala,ʃala,ʃ a l a,,walker2011,,,^ʃ a l a$,default
Piapoco-7_who-1,,Piapoco,7_who,kàiná,kàiná,k à/a i n á/a,,walker2011,,,^k à i n á$,default
Yine-7_who-1,,Yine,7_who,katɨ,katɨ,k a t ɨ,,walker2011,,,^k a t ɨ$,default
Resigaro-7_who-1,,Resigaro,7_who,"keːni, keheː,koʔigi",keːni,k eː n i,,walker2011,,,^k eː n i$,default
Resigaro-7_who-2,,Resigaro,7_who,"keːni, keheː,koʔigi",keheː,k e h eː,,walker2011,,,^k e h eː$,default
Resigaro-7_who-3,,Resigaro,7_who,"keːni, keheː,koʔigi",koʔigi,k o ʔ i g i,,walker2011,,,^k o ʔ i g i$,default
Taino-7_who-1,,Taino,7_who,ka,ka,k a,,walker2011,,,^k a$,default
Tariana-7_who-1,,Tariana,7_who,kwana,kwana,kʷ a n a,,walker2011,,,^kw a n a$,default
Terena-7_who-1,,Terena,7_who,kuti,kuti,k u t i,,walker2011,,,^k u t i$,default
Trinitario-7_who-1,,Trinitario,7_who,naha,naha,n a h a,,walker2011,,,^n a h a$,default
Wapishana-7_who-1,,Wapishana,7_who,kan(um) ɖiː,kan_ɖiː,k a n + ɖ iː,,walker2011,,,^k a n _ ɖ iː$,default
Warekena-7_who-1,,Warekena,7_who,kaki,kaki,k a k i,,walker2011,,,^k a k i$,default
WarekenaVelha-7_who-1,,WarekenaVelha,7_who,iʃi,iʃi,i ʃ i,,walker2011,,,^i ʃ i$,default
Waura-7_who-1,,Waura,7_who,kaitsa,kaitsa,k a i ts a,,walker2011,,,^k a i ts a$,default
Yavitero-7_who-1,,Yavitero,7_who,haripeiahe,haripeiahe,h a r i p e i a h e,,walker2011,,,^h a r i p e i a h e$,default
Yawalapiti-7_who-1,,Yawalapiti,7_who,kanauka,kanauka,k a n a u k a,,walker2011,,,^k a n a u k a$,default
Yucuna-7_who-1,,Yucuna,7_who,na,na,n a,,walker2011,,,^n a$,default
Achagua-8_not-1,,Achagua,8_not,"ma-, hoːkai",ma-,m a,,walker2011,,,^m a -$,default
Achagua-8_not-2,,Achagua,8_not,"ma-, hoːkai",hoːkai,h oː k a i,,walker2011,,,^h oː k a i$,default
Yanesha-8_not-1,,Yanesha,8_not,ama  [+..-o no verbo],ama__,a m a,,walker2011,,,^a m a __$,default
Apurina-8_not-1,,Apurina,8_not,kona,kona,k o n a,,walker2011,,,^k o n a$,default
Ashaninka-8_not-1,,Ashaninka,8_not,tee,tee,t eː,,walker2011,,,^t ee$,default
Xiriana-8_not-1,,Xiriana,8_not,"ma-, mainda",ma-,m a,,walker2011,,,^m a -$,default
Xiriana-8_not-2,,Xiriana,8_not,"ma-, mainda",mainda,m a i n d a,,walker2011,,,^m a i n d a$,default
Avane-8_not-1,,Avane,8_not,"ma, ya",ma,m a,,walker2011,,,^m a$,default
Avane-8_not-2,,Avane,8_not,"ma, ya",ya,j a,,walker2011,,,^y a$,default
BaniwaDoIcana-8_not-1,,BaniwaDoIcana,8_not,"ɲame, ma-",ɲame,ɲ a m e,,walker2011,,,^ɲ a m e$,default
BaniwaDoIcana-8_not-2,,BaniwaDoIcana,8_not,"ɲame, ma-",ma-,m a,,walker2011,,,^m a -$,default
Bare-8_not-1,,Bare,8_not,hena,hena,h e n a,,walker2011,,,^h e n a$,default
Baure-8_not-1,,Baure,8_not,nka,nka,n k a,,walker2011,,,^n k a$,default
Cabiyari-8_not-1,,Cabiyari,8_not,"ma-, uka",ma-,m a,,walker2011,,,^m a -$,default
Cabiyari-8_not-2,,Cabiyari,8_not,"ma-, uka",uka,u k a,,walker2011,,,^u k a$,default
Caquinte-8_not-1,,Caquinte,8_not,teː,teː,t eː,,walker2011,,,^t eː$,default
Cariai-8_not-1,,Cariai,8_not,makauː,makauː,m a k a uː,,walker2011,,,^m a k a uː$,default
Chamicuro-8_not-1,,Chamicuro,8_not,kala,kala,k a l a,,walker2011,,,^k a l a$,default
EnaweneNawe-8_not-1,,EnaweneNawe,8_not,maːla,maːla,m aː l a,,walker2011,,,^m aː l a$,default
Garifuna-8_not-1,,Garifuna,8_not,mama,mama,m a m a,,walker2011,,,^m a m a$,default
Wayuu-8_not-1,,Wayuu,8_not,nnoho,nnoho,nː o h o,,walker2011,,,^nn o h o$,default
Guinau-8_not-1,,Guinau,8_not,aihau,aihau,a i h a u,,walker2011,,,^a i h a u$,default
Ignaciano-8_not-1,,Ignaciano,8_not,waʔi,waʔi,w a ʔ i,,walker2011,,,^w a ʔ i$,default
Inapari-8_not-1,,Inapari,8_not,aa,aa,aː,,walker2011,,,^aa$,default
IslandCarib-8_not-1,,IslandCarib,8_not,ma-,ma-,m a,,walker2011,,,^m a -$,default
Kaishana-8_not-1,,Kaishana,8_not,"ma-, -dunuma, iju, enuminɨ, neiza, aineɲ",ma-,m a,,walker2011,,,^m a -$,default
Kaishana-8_not-2,,Kaishana,8_not,"ma-, -dunuma, iju, enuminɨ, neiza, aineɲ",-dunuma,d u n u m a,,walker2011,,,^- d u n u m a$,default
Kaishana-8_not-3,,Kaishana,8_not,"ma-, -dunuma, iju, enuminɨ, neiza, aineɲ",iju,i j u,,walker2011,,,^i j u$,default
Kaishana-8_not-4,,Kaishana,8_not,"ma-, -dunuma, iju, enuminɨ, neiza, aineɲ",enuminɨ,e n u m i n ɨ,,walker2011,,,^e n u m i n ɨ$,default
Kaishana-8_not-5,,Kaishana,8_not,"ma-, -dunuma, iju, enuminɨ, neiza, aineɲ",neiza,n e i z a,,walker2011,,,^n e i z a$,default
Kaishana-8_not-6,,Kaishana,8_not,"ma-, -dunuma, iju, enuminɨ, neiza, aineɲ",aineɲ,a i n e ɲ,,walker2011,,,^a i n e ɲ$,default
Kinikinao-8_not-1,,Kinikinao,8_not,akɔ,akɔ,a k ɔ,,walker2011,,,^a k ɔ$,default
Curripaco-8_not-1,,Curripaco,8_not,kuri,kuri,k u r i,,walker2011,,,^k u r i$,default
Lokono-8_not-1,,Lokono,8_not,kho,kho,kʰ o,,walker2011,,,^kh o$,default
Machiguenga-8_not-1,,Machiguenga,8_not,tera,tera,t e r a,,walker2011,,,^t e r a$,default
Maipure-8_not-1,,Maipure,8_not,"ma-, nuka-, maka-",ma-,m a,,walker2011,,,^m a -$,default
Maipure-8_not-2,,Maipure,8_not,"ma-, nuka-, maka-",nuka-,n u k a,,walker2011,,,^n u k a -$,default
Maipure-8_not-3,,Maipure,8_not,"ma-, nuka-, maka-",maka-,m a k a,,walker2011,,,^m a k a -$,default
Manao-8_not-1,,Manao,8_not,"mee, mehe",mee,m eː,,walker2011,,,^m ee$,default
Manao-8_not-2,,Manao,8_not,"mee, mehe",mehe,m e h e,,walker2011,,,^m e h e$,default
Mandahuaca-8_not-1,,Mandahuaca,8_not,haapa,haapa,h aː p a,,walker2011,,,^h aa p a$,default
Marawan-8_not-1,,Marawan,8_not,ka-oka,ka-oka,k a + o k a,,walker2011,,,^k a - o k a$,default
Maragua-8_not-1,,Maragua,8_not,"-mepe, ma-",-mepe,m e p e,,walker2011,,,^- m e p e$,default
Maragua-8_not-2,,Maragua,8_not,"-mepe, ma-",ma-,m a,,walker2011,,,^m a -$,default
Mariate-8_not-1,,Mariate,8_not,kwirɨ,kwirɨ,kʷ i r ɨ,,walker2011,,,^kw i r ɨ$,default
MapidianMawayana-8_not-1,,MapidianMawayana,8_not,masɨ,masɨ,m a s ɨ,,walker2011,,,^m a s ɨ$,default
Mehinaku-8_not-1,,Mehinaku,8_not,aitsawa,aitsawa,a i ts a w a,,walker2011,,,^a i ts a w a$,default
Nomatsiguenga-8_not-1,,Nomatsiguenga,8_not,teni,teni,t e n i,,walker2011,,,^t e n i$,default
Palikur-8_not-1,,Palikur,8_not,ka-,ka-,k a,,walker2011,,,^k a -$,default
Paraujano-8_not-1,,Paraujano,8_not,"-oe, no",-oe,o e,,walker2011,,,^- o e$,default
Paraujano-8_not-2,,Paraujano,8_not,"-oe, no",no,n o,,walker2011,,,^n o$,default
Parecis-8_not-1,,Parecis,8_not,ma-,ma-,m a,,walker2011,,,^m a -$,default
Passe-8_not-1,,Passe,8_not,"ma-, mary",ma-,m a,,walker2011,,,^m a -$,default
Passe-8_not-2,,Passe,8_not,"ma-, mary",mary,m a r y,,walker2011,,,^m a r y$,default
Piapoco-8_not-1,,Piapoco,8_not,kámi,kámi,k á/a m i,,walker2011,,,^k á m i$,default
Yine-8_not-1,,Yine,8_not,gike,gike,g i k e,,walker2011,,,^g i k e$,default
Resigaro-8_not-1,,Resigaro,8_not,niː,niː,n iː,,walker2011,,,^n iː$,default
Saraveca-8_not-1,,Saraveca,8_not,matʃa,matʃa,m a tʃ a,,walker2011,,,^m a tʃ a$,default
Taino-8_not-1,,Taino,8_not,ua,ua,u a,,walker2011,,,^u a$,default
Tariana-8_not-1,,Tariana,8_not,ma-...-kade,ma-...-kade,m a + k a d e,,walker2011,,,^m a -...- k a d e$,default
Terena-8_not-1,,Terena,8_not,haina,haina,h a i n a,,walker2011,,,^h a i n a$,default
Trinitario-8_not-1,,Trinitario,8_not,woʔi,woʔi,w o ʔ i,,walker2011,,,^w o ʔ i$,default
Wainuma-8_not-1,,Wainuma,8_not,"tʃama, huikah, ka-",tʃama,tʃ a m a,,walker2011,,,^tʃ a m a$,default
Wainuma-8_not-2,,Wainuma,8_not,"tʃama, huikah, ka-",huikah,h u i k a h,,walker2011,,,^h u i k a h$,default
Wainuma-8_not-3,,Wainuma,8_not,"tʃama, huikah, ka-",ka-,k a,,walker2011,,,^k a -$,default
Wapishana-8_not-1,,Wapishana,8_not,auna,auna,a u n a,,walker2011,,,^a u n a$,default
Araicu-8_not-1,,Araicu,8_not,"hɨnka,ei, titi",hɨnka,h ɨ n k a,,walker2011,,,^h ɨ n k a$,default
Araicu-8_not-2,,Araicu,8_not,"hɨnka,ei, titi",ei,e i,,walker2011,,,^e i$,default
Araicu-8_not-3,,Araicu,8_not,"hɨnka,ei, titi",titi,t i t i,,walker2011,,,^t i t i$,default
Warekena-8_not-1,,Warekena,8_not,nale,nale,n a l e,,walker2011,,,^n a l e$,default
WarekenaVelha-8_not-1,,WarekenaVelha,8_not,ya-,ya-,j a,,walker2011,,,^y a -$,default
Waura-8_not-1,,Waura,8_not,aitsa,aitsa,a i ts a,,walker2011,,,^a i ts a$,default
Yavitero-8_not-1,,Yavitero,8_not,uama,uama,u a m a,,walker2011,,,^u a m a$,default
Yawalapiti-8_not-1,,Yawalapiti,8_not,atsa,atsa,a ts a,,walker2011,,,^a ts a$,default
Yucuna-8_not-1,,Yucuna,8_not,unka..... -la,unka....._-la,u n k a + l a,,walker2011,,,^u n k a ....._- l a$,default
Jumana-8_not-1,,Jumana,8_not,"meyu, meiho",meyu,m e j u,,walker2011,,,^m e y u$,default
Jumana-8_not-2,,Jumana,8_not,"meyu, meiho",meiho,m e i h o,,walker2011,,,^m e i h o$,default
Achagua-9_all-1,,Achagua,9_all,ke(i)ninama,keninama,k e n i n a m a,,walker2011,,,^k e n i n a m a$,default
Yanesha-9_all-1,,Yanesha,9_all,aljowen,aljowen,a l j o w e n,,walker2011,,,^a l j o w e n$,default
Apurina-9_all-1,,Apurina,9_all,ɨkɨɲipe,ɨkɨɲipe,ɨ k ɨ ɲ i p e,,walker2011,,,^ɨ k ɨ ɲ i p e$,default
Aruan-9_all-1,,Aruan,9_all,mak,mak,m a k,,walker2011,,,^m a k$,default
Ashaninka-9_all-1,,Ashaninka,9_all,maːroni,maːroni,m aː r o n i,,walker2011,,,^m aː r o n i$,default
Xiriana-9_all-1,,Xiriana,9_all,cubɨ,cubɨ,c u b ɨ,,walker2011,,,^c u b ɨ$,default
Avane-9_all-1,,Avane,9_all,paːyalu,paːyalu,p aː j a l u,,walker2011,,,^p aː y a l u$,default
BaniwaDoIcana-9_all-1,,BaniwaDoIcana,9_all,phiume,phiume,pʰ i u m e,,walker2011,,,^ph i u m e$,default
Bare-9_all-1,,Bare,9_all,waɻa,waɻa,w a ɻ a,,walker2011,,,^w a ɻ a$,default
Baure-9_all-1,,Baure,9_all,tek,tek,t e k,,walker2011,,,^t e k$,default
Cabiyari-9_all-1,,Cabiyari,9_all,puʔti,puʔti,p u ʔ t i,,walker2011,,,^p u ʔ t i$,default
Caquinte-9_all-1,,Caquinte,9_all,maːsano,maːsano,m aː s a n o,,walker2011,,,^m aː s a n o$,default
Cariai-9_all-1,,Cariai,9_all,payapamu,payapamu,p a j a p a m u,,walker2011,,,^p a y a p a m u$,default
Chamicuro-9_all-1,,Chamicuro,9_all,tiliʃika,tiliʃika,t i l i ʃ i k a,,walker2011,,,^t i l i ʃ i k a$,default
Garifuna-9_all-1,,Garifuna,9_all,"sun, súngubei",sun,s u n,,walker2011,,,^s u n$,default
Garifuna-9_all-2,,Garifuna,9_all,"sun, súngubei",súngubei,s ú/u n g u b e i,,walker2011,,,^s ú n g u b e i$,default
Wayuu-9_all-1,,Wayuu,9_all,hɨ-pɨʃuaaľeeya,hɨ-pɨʃuaaľeeya,h ɨ + p ɨ ʃ u aː ľ/lʲ eː j a,,walker2011,,,^h ɨ - p ɨ ʃ u aa ľ ee y a$,default
Guinau-9_all-1,,Guinau,9_all,mbaxkaːda,mbaxkaːda,m b a x k aː d a,,walker2011,,,^m b a x k aː d a$,default
Ignaciano-9_all-1,,Ignaciano,9_all,mutu,mutu,m u t u,,walker2011,,,^m u t u$,default
Inapari-9_all-1,,Inapari,9_all,puʔã́́ã́tʃi,puʔã́́ã́tʃi,p u ʔ ãː tʃ i,,walker2011,,,^p u ʔ ã́́ã́ tʃ i$,default
IslandCarib-9_all-1,,IslandCarib,9_all,su-gubai,su-gubai,s u + g u b a i,,walker2011,,,^s u - g u b a i$,default
Kaishana-9_all-1,,Kaishana,9_all,"alenumakari, sɨmasami,lo(u)wa(ma), jalaɨwagwaihe",alenumakari,a l e n u m a k a r i,,walker2011,,,^a l e n u m a k a r i$,default
Kaishana-9_all-2,,Kaishana,9_all,"alenumakari, sɨmasami,lo(u)wa(ma), jalaɨwagwaihe",sɨmasami,s ɨ m a s a m i,,walker2011,,,^s ɨ m a s a m i$,default
Kaishana-9_all-3,,Kaishana,9_all,"alenumakari, sɨmasami,lo(u)wa(ma), jalaɨwagwaihe",lowa,l o w a,,walker2011,,,^l o w a$,default
Kaishana-9_all-4,,Kaishana,9_all,"alenumakari, sɨmasami,lo(u)wa(ma), jalaɨwagwaihe",jalaɨwagwaihe,j a l a ɨ w a g w a i h e,,walker2011,,,^j a l a ɨ w a gw a i h e$,default
Kinikinao-9_all-1,,Kinikinao,9_all,hɔu,hɔu,h ɔ u,,walker2011,,,^h ɔ u$,default
Curripaco-9_all-1,,Curripaco,9_all,padeːniri,padeːniri,p a d eː n i r i,,walker2011,,,^p a d eː n i r i$,default
Lokono-9_all-1,,Lokono,9_all,haɽan,haɽan,h a ɽ a n,,walker2011,,,^h a ɽ a n$,default
Machiguenga-9_all-1,,Machiguenga,9_all,"magatiro [inan.], imirinka [m], magniro [an.]",magatiro_,m a g a t i r o,,walker2011,,,^m a g a t i r o _$,default
Machiguenga-9_all-2,,Machiguenga,9_all,"magatiro [inan.], imirinka [m], magniro [an.]",imirinka_,i m i r i n k a,,walker2011,,,^i m i r i n k a _$,default
Machiguenga-9_all-3,,Machiguenga,9_all,"magatiro [inan.], imirinka [m], magniro [an.]",magniro_,m a g n i r o,,walker2011,,,^m a g n i r o _$,default
Maipure-9_all-1,,Maipure,9_all,ununa,ununa,u n u n a,,walker2011,,,^u n u n a$,default
Manao-9_all-1,,Manao,9_all,sabage,sabage,s a b a g e,,walker2011,,,^s a b a g e$,default
Mandahuaca-9_all-1,,Mandahuaca,9_all,make:ri,make:ri,m a k eː r i,,walker2011,,,^m a k e: r i$,default
MapidianMawayana-9_all-1,,MapidianMawayana,9_all,mekenu,mekenu,m e k e n u,,walker2011,,,^m e k e n u$,default
Mehinaku-9_all-1,,Mehinaku,9_all,mamala,mamala,m a m a l a,,walker2011,,,^m a m a l a$,default
Nomatsiguenga-9_all-1,,Nomatsiguenga,9_all,omagaro,omagaro,o m a g a r o,,walker2011,,,^o m a g a r o$,default
Palikur-9_all-1,,Palikur,9_all,madikte,madikte,m a d i k t e,,walker2011,,,^m a d i k t e$,default
Paraujano-9_all-1,,Paraujano,9_all,hikiko,hikiko,h i k i k o,,walker2011,,,^h i k i k o$,default
Parecis-9_all-1,,Parecis,9_all,inihatjaka,inihatjaka,i n i h a t j a k a,,walker2011,,,^i n i h a t j a k a$,default
Piapoco-9_all-1,,Piapoco,9_all,kanánama,kanánama,k a n á/a n a m a,,walker2011,,,^k a n á n a m a$,default
Yine-9_all-1,,Yine,9_all,psolɨko,psolɨko,p s o l ɨ k o,,walker2011,,,^ps o l ɨ k o$,default
Resigaro-9_all-1,,Resigaro,9_all,"pheʔeto [inan.], paʔahnu [anim.]",pheʔeto_,pʰ e ʔ e t o,,walker2011,,,^ph e ʔ e t o _$,default
Resigaro-9_all-2,,Resigaro,9_all,"pheʔeto [inan.], paʔahnu [anim.]",paʔahnu_,p a ʔ a h n u,,walker2011,,,^p a ʔ a h n u _$,default
Taino-9_all-1,,Taino,9_all,"kis, man",kis,k i s,,walker2011,,,^k i s$,default
Taino-9_all-2,,Taino,9_all,"kis, man",man,m a n,,walker2011,,,^m a n$,default
Tariana-9_all-1,,Tariana,9_all,thui,thui,tʰ u i,,walker2011,,,^th u i$,default
Terena-9_all-1,,Terena,9_all,uhja,uhja,u h j a,,walker2011,,,^u h j a$,default
Trinitario-9_all-1,,Trinitario,9_all,mutu,mutu,m u t u,,walker2011,,,^m u t u$,default
Wainuma-9_all-1,,Wainuma,9_all,umani,umani,u m a n i,,walker2011,,,^u m a n i$,default
Wapishana-9_all-1,,Wapishana,9_all,ipai,ipai,i p a i,,walker2011,,,^i p a i$,default
Warekena-9_all-1,,Warekena,9_all,besa,besa,b e s a,,walker2011,,,^b e s a$,default
WarekenaVelha-9_all-1,,WarekenaVelha,9_all,payalu,payalu,p a j a l u,,walker2011,,,^p a y a l u$,default
Waura-9_all-1,,Waura,9_all,-tɨpe,-tɨpe,t ɨ p e,,walker2011,,,^- t ɨ p e$,default
Yavitero-9_all-1,,Yavitero,9_all,huľ̥iana,huľ̥iana,h u l̥ʲ i a n a,,walker2011,,,^h u ľ̥ i a n a$,default
Yawalapiti-9_all-1,,Yawalapiti,9_all,mani,mani,m a n i,,walker2011,,,^m a n i$,default
Yucuna-9_all-1,,Yucuna,9_all,piyukeha,piyukeha,p i j u k e h a,,walker2011,,,^p i y u k e h a$,default
Jumana-9_all-1,,Jumana,9_all,kukumɨ,kukumɨ,k u k u m ɨ,,walker2011,,,^k u k u m ɨ$,default
Achagua-10_many-1,,Achagua,10_many,"itʃabai, bahialai",itʃabai,i tʃ a b a i,,walker2011,,,^i tʃ a b a i$,default
Achagua-10_many-2,,Achagua,10_many,"itʃabai, bahialai",bahialai,b a h i a l a i,,walker2011,,,^b a h i a l a i$,default
Yanesha-10_many-1,,Yanesha,10_many,ʃonteʼ,ʃonteʼ,ʃ o n t eˀ,,walker2011,,,^ʃ o n t eʼ$,default
Anauya-10_many-1,,Anauya,10_many,omuru,omuru,o m u r u,,walker2011,,,^o m u r u$,default
Apurina-10_many-1,,Apurina,10_many,itoɲi-,itoɲi-,i t o ɲ i,,walker2011,,,^i t o ɲ i -$,default
Ashaninka-10_many-1,,Ashaninka,10_many,aritanki,aritanki,a r i t a n k i,,walker2011,,,^a r i t a n k i$,default
Xiriana-10_many-1,,Xiriana,10_many,"kanaibari, kitare",kanaibari,k a n a i b a r i,,walker2011,,,^k a n a i b a r i$,default
Xiriana-10_many-2,,Xiriana,10_many,"kanaibari, kitare",kitare,k i t a r e,,walker2011,,,^k i t a r e$,default
Avane-10_many-1,,Avane,10_many,akuna,akuna,a k u n a,,walker2011,,,^a k u n a$,default
BaniwaDoIcana-10_many-1,,BaniwaDoIcana,10_many,"manupe, aima, hanipa, huɻe",manupe,m a n u p e,,walker2011,,,^m a n u p e$,default
BaniwaDoIcana-10_many-2,,BaniwaDoIcana,10_many,"manupe, aima, hanipa, huɻe",aima,a i m a,,walker2011,,,^a i m a$,default
BaniwaDoIcana-10_many-3,,BaniwaDoIcana,10_many,"manupe, aima, hanipa, huɻe",hanipa,h a n i p a,,walker2011,,,^h a n i p a$,default
BaniwaDoIcana-10_many-4,,BaniwaDoIcana,10_many,"manupe, aima, hanipa, huɻe",huɻe,h u ɻ e,,walker2011,,,^h u ɻ e$,default
Bare-10_many-1,,Bare,10_many,ibabuku,ibabuku,i b a b u k u,,walker2011,,,^i b a b u k u$,default
Baure-10_many-1,,Baure,10_many,maly,maly,m a l y,,walker2011,,,^m a l y$,default
Cabiyari-10_many-1,,Cabiyari,10_many,umːra,umːra,u mː r a,,walker2011,,,^u mː r a$,default
Caquinte-10_many-1,,Caquinte,10_many,oʃeki,oʃeki,o ʃ e k i,,walker2011,,,^o ʃ e k i$,default
Cariai-10_many-1,,Cariai,10_many,ke-ena,ke-ena,k e + e n a,,walker2011,,,^k e - e n a$,default
Chamicuro-10_many-1,,Chamicuro,10_many,maʔʃa,maʔʃa,m a ʔ ʃ a,,walker2011,,,^m a ʔʃ a$,default
EnaweneNawe-10_many-1,,EnaweneNawe,10_many,akote,akote,a k o t e,,walker2011,,,^a k o t e$,default
Garifuna-10_many-1,,Garifuna,10_many,bandi,bandi,b a n d i,,walker2011,,,^b a n d i$,default
Wayuu-10_many-1,,Wayuu,10_many,mainma,mainma,m a i n m a,,walker2011,,,^m a i n m a$,default
Guinau-10_many-1,,Guinau,10_many,kedeha,kedeha,k e d e h a,,walker2011,,,^k e d e h a$,default
Ignaciano-10_many-1,,Ignaciano,10_many,kamuri,kamuri,k a m u r i,,walker2011,,,^k a m u r i$,default
Inapari-10_many-1,,Inapari,10_many,hitumári,hitumári,h i t u m á/a r i,,walker2011,,,^h i t u m á r i$,default
IslandCarib-10_many-1,,IslandCarib,10_many,gibe,gibe,g i b e,,walker2011,,,^g i b e$,default
Kaishana-10_many-1,,Kaishana,10_many,palehĩ,palehĩ,p a l e h ĩ,,walker2011,,,^p a l e h ĩ$,default
Kinikinao-10_many-1,,Kinikinao,10_many,eno,eno,e n o,,walker2011,,,^e n o$,default
Curripaco-10_many-1,,Curripaco,10_many,hure,hure,h u r e,,walker2011,,,^h u r e$,default
Lokono-10_many-1,,Lokono,10_many,yohon,yohon,j o h o n,,walker2011,,,^y o h o n$,default
Machiguenga-10_many-1,,Machiguenga,10_many,tiwaini,tiwaini,t i w a i n i,,walker2011,,,^t i w a i n i$,default
Maipure-10_many-1,,Maipure,10_many,ebakiri,ebakiri,e b a k i r i,,walker2011,,,^e b a k i r i$,default
Manao-10_many-1,,Manao,10_many,ulila,ulila,u l i l a,,walker2011,,,^u l i l a$,default
Mandahuaca-10_many-1,,Mandahuaca,10_many,hawada:li,hawada:li,h a w a d aː l i,,walker2011,,,^h a w a d a: l i$,default
Maragua-10_many-1,,Maragua,10_many,kabeary,kabeary,k a b e a r y,,walker2011,,,^k a b e a r y$,default
Mariate-10_many-1,,Mariate,10_many,"atapuɨ, ekurɨ-neikene",atapuɨ,a t a p u ɨ,,walker2011,,,^a t a p u ɨ$,default
Mariate-10_many-2,,Mariate,10_many,"atapuɨ, ekurɨ-neikene",ekurɨ-neikene,e k u r ɨ + n e i k e n e,,walker2011,,,^e k u r ɨ - n e i k e n e$,default
MapidianMawayana-10_many-1,,MapidianMawayana,10_many,reeːanu,reeːanu,r eː a n u,,walker2011,,,^r eeː a n u$,default
Mehinaku-10_many-1,,Mehinaku,10_many,amunija,amunija,a m u n i j a,,walker2011,,,^a m u n i j a$,default
Nomatsiguenga-10_many-1,,Nomatsiguenga,10_many,agabeni,agabeni,a g a b e n i,,walker2011,,,^a g a b e n i$,default
Palikur-10_many-1,,Palikur,10_many,ka aynsima,ka_aynsima,k a + a j n s i m a,,walker2011,,,^k a _ a y ns i m a$,default
Paraujano-10_many-1,,Paraujano,10_many,kaaya,kaaya,k aː j a,,walker2011,,,^k aa y a$,default
Parecis-10_many-1,,Parecis,10_many,hitsoaka,hitsoaka,h i ts o a k a,,walker2011,,,^h i ts o a k a$,default
Passe-10_many-1,,Passe,10_many,polayu,polayu,p o l a j u,,walker2011,,,^p o l a y u$,default
Piapoco-10_many-1,,Piapoco,10_many,mádekaná,mádekaná,m á/a d e k a n á/a,,walker2011,,,^m á d e k a n á$,default
Yine-10_many-1,,Yine,10_many,gitjo,gitjo,g i t j o,,walker2011,,,^g i t j o$,default
Resigaro-10_many-1,,Resigaro,10_many,an̥epuːʔ,an̥epuːʔ,a n̥ e p uː ʔ,,walker2011,,,^a n̥ e p uː ʔ$,default
Saraveca-10_many-1,,Saraveca,10_many,kavi hitʃe,kavi_hitʃe,k a v i + h i tʃ e,,walker2011,,,^k a v i _ h i tʃ e$,default
Taino-10_many-1,,Taino,10_many,"tocheta, teketa",tocheta,t o tʃ e t a,,walker2011,,,^t o ch e t a$,default
Taino-10_many-2,,Taino,10_many,"tocheta, teketa",teketa,t e k e t a,,walker2011,,,^t e k e t a$,default
Tariana-10_many-1,,Tariana,10_many,hanupe,hanupe,h a n u p e,,walker2011,,,^h a n u p e$,default
Terena-10_many-1,,Terena,10_many,tapuia,tapuia,t a p u i a,,walker2011,,,^t a p u i a$,default
Trinitario-10_many-1,,Trinitario,10_many,komuri,komuri,k o m u r i,,walker2011,,,^k o m u r i$,default
Wainuma-10_many-1,,Wainuma,10_many,ata(h)puy,atapuy,a t a p u y,,walker2011,,,^a t a p u y$,default
Wapishana-10_many-1,,Wapishana,10_many,iɽib,iɽib,i ɽ i b,,walker2011,,,^i ɽ i b$,default
Araicu-10_many-1,,Araicu,10_many,"lakuini, waliyana",lakuini,l a k u i n i,,walker2011,,,^l a k u i n i$,default
Araicu-10_many-2,,Araicu,10_many,"lakuini, waliyana",waliyana,w a l i j a n a,,walker2011,,,^w a l i y a n a$,default
Warekena-10_many-1,,Warekena,10_many,palima,palima,p a l i m a,,walker2011,,,^p a l i m a$,default
WarekenaVelha-10_many-1,,WarekenaVelha,10_many,ʃupe,ʃupe,ʃ u p e,,walker2011,,,^ʃ u p e$,default
Waura-10_many-1,,Waura,10_many,pahawɨ,pahawɨ,p a h a w ɨ,,walker2011,,,^p a h a w ɨ$,default
Yavitero-10_many-1,,Yavitero,10_many,banimi,banimi,b a n i m i,,walker2011,,,^b a n i m i$,default
Yawalapiti-10_many-1,,Yawalapiti,10_many,utuna,utuna,u t u n a,,walker2011,,,^u t u n a$,default
Yucuna-10_many-1,,Yucuna,10_many,ikiʔine,ikiʔine,i k i ʔ i n e,,walker2011,,,^i k i ʔ i n e$,default
Jumana-10_many-1,,Jumana,10_many,"yaɨolɨ, kena",yaɨolɨ,j a ɨ o l ɨ,,walker2011,,,^y a ɨ o l ɨ$,default
Jumana-10_many-2,,Jumana,10_many,"yaɨolɨ, kena",kena,k e n a,,walker2011,,,^k e n a$,default
Achagua-11_one-1,,Achagua,11_one,aʔaba-,aʔaba-,a ʔ a b a,,walker2011,,,^a ʔ a b a -$,default
Yanesha-11_one-1,,Yanesha,11_one,patjeʐ,patjeʐ,p a t j e ʐ,,walker2011,,,^p a t j e ʐ$,default
Anauya-11_one-1,,Anauya,11_one,ahiari,ahiari,a h i a r i,,walker2011,,,^a h i a r i$,default
Apurina-11_one-1,,Apurina,11_one,(h)ãt-ɨ,ãt-ɨ,ã t + ɨ,,walker2011,,,^ã t - ɨ$,default
Aruan-11_one-1,,Aruan,11_one,auseyre,auseyre,a u s e j r e,,walker2011,,,^a u s e y r e$,default
Ashaninka-11_one-1,,Ashaninka,11_one,aparo,aparo,a p a r o,,walker2011,,,^a p a r o$,default
Xiriana-11_one-1,,Xiriana,11_one,a-….-rini,a-….-rini,a + r i n i,,walker2011,,,^a -….- r i n i$,default
Avane-11_one-1,,Avane,11_one,apeːya,apeːya,a p eː j a,,walker2011,,,^a p eː y a$,default
BaniwaDoIcana-11_one-1,,BaniwaDoIcana,11_one,aːpa,aːpa,aː p a,,walker2011,,,^aː p a$,default
Bare-11_one-1,,Bare,11_one,bakũ-nakaɻi,bakũ-nakaɻi,b a k ũ + n a k a ɻ i,,walker2011,,,^b a k ũ - n a k a ɻ i$,default
Baure-11_one-1,,Baure,11_one,po,po,p o,,walker2011,,,^p o$,default
Cabiyari-11_one-1,,Cabiyari,11_one,yawa,yawa,j a w a,,walker2011,,,^y a w a$,default
Caquinte-11_one-1,,Caquinte,11_one,aparo,aparo,a p a r o,,walker2011,,,^a p a r o$,default
Cariai-11_one-1,,Cariai,11_one,nyoi,nyoi,n j o i,,walker2011,,,^n y o i$,default
Chamicuro-11_one-1,,Chamicuro,11_one,palaka,palaka,p a l a k a,,walker2011,,,^p a l a k a$,default
EnaweneNawe-11_one-1,,EnaweneNawe,11_one,"hetayti, kaʃita",hetayti,h e t a j t i,,walker2011,,,^h e t a y t i$,default
EnaweneNawe-11_one-2,,EnaweneNawe,11_one,"hetayti, kaʃita",kaʃita,k a ʃ i t a,,walker2011,,,^k a ʃ i t a$,default
Garifuna-11_one-1,,Garifuna,11_one,aban,aban,a b a n,,walker2011,,,^a b a n$,default
Wayuu-11_one-1,,Wayuu,11_one,wane,wane,w a n e,,walker2011,,,^w a n e$,default
Guinau-11_one-1,,Guinau,11_one,"abamedʃa, pareita",abamedʃa,a b a m e dʒ a,,walker2011,,,^a b a m e dʃ a$,default
Guinau-11_one-2,,Guinau,11_one,"abamedʃa, pareita",pareita,p a r e i t a,,walker2011,,,^p a r e i t a$,default
Ignaciano-11_one-1,,Ignaciano,11_one,étana,étana,é/e t a n a,,walker2011,,,^é t a n a$,default
Inapari-11_one-1,,Inapari,11_one,paatʃi,paatʃi,p aː tʃ i,,walker2011,,,^p aa tʃ i$,default
IslandCarib-11_one-1,,IslandCarib,11_one,abana,abana,a b a n a,,walker2011,,,^a b a n a$,default
Karutana-11_one-1,,Karutana,11_one,aphetsa,aphetsa,a pʰ e ts a,,walker2011,,,^a ph e ts a$,default
Kaishana-11_one-1,,Kaishana,11_one,"pela, pellɨmɨ",pela,p e l a,,walker2011,,,^p e l a$,default
Kaishana-11_one-2,,Kaishana,11_one,"pela, pellɨmɨ",pellɨmɨ,p e j ɨ m ɨ,,walker2011,,,^p e ll ɨ m ɨ$,default
Kinikinao-11_one-1,,Kinikinao,11_one,pɔhuti,pɔhuti,p ɔ h u t i,,walker2011,,,^p ɔ h u t i$,default
Curripaco-11_one-1,,Curripaco,11_one,apadanali,apadanali,a p a d a n a l i,,walker2011,,,^a p a d a n a l i$,default
Lokono-11_one-1,,Lokono,11_one,aba,aba,a b a,,walker2011,,,^a b a$,default
Machiguenga-11_one-1,,Machiguenga,11_one,"patiro [inan.], paniro [an.]",patiro_,p a t i r o,,walker2011,,,^p a t i r o _$,default
Machiguenga-11_one-2,,Machiguenga,11_one,"patiro [inan.], paniro [an.]",paniro_,p a n i r o,,walker2011,,,^p a n i r o _$,default
Maipure-11_one-1,,Maipure,11_one,pakiata,pakiata,p a k i a t a,,walker2011,,,^p a k i a t a$,default
Manao-11_one-1,,Manao,11_one,panimu,panimu,p a n i m u,,walker2011,,,^p a n i m u$,default
Mandahuaca-11_one-1,,Mandahuaca,11_one,hetiha,hetiha,h e t i h a,,walker2011,,,^h e t i h a$,default
Machinere-11_one-1,,Machinere,11_one,sati,sati,s a t i,,walker2011,,,^s a t i$,default
Marawan-11_one-1,,Marawan,11_one,"pabere, paxa",pabere,p a b e r e,,walker2011,,,^p a b e r e$,default
Marawan-11_one-2,,Marawan,11_one,"pabere, paxa",paxa,p a x a,,walker2011,,,^p a x a$,default
Maragua-11_one-1,,Maragua,11_one,"ukwaʃumu, ukwadiu",ukwaʃumu,u kʷ a ʃ u m u,,walker2011,,,^u kw a ʃ u m u$,default
Maragua-11_one-2,,Maragua,11_one,"ukwaʃumu, ukwadiu",ukwadiu,u kʷ a d i u,,walker2011,,,^u kw a d i u$,default
Mariate-11_one-1,,Mariate,11_one,apa-kerɨ,apa-kerɨ,a p a + k e r ɨ,,walker2011,,,^a p a - k e r ɨ$,default
MapidianMawayana-11_one-1,,MapidianMawayana,11_one,aboyɲa,aboyɲa,a b o j ɲ a,,walker2011,,,^a b o y ɲ a$,default
Mehinaku-11_one-1,,Mehinaku,11_one,pawitsa,pawitsa,p a w i ts a,,walker2011,,,^p a w i ts a$,default
Nomatsiguenga-11_one-1,,Nomatsiguenga,11_one,"paniro [anim.], patiro [inan.]",paniro_,p a n i r o,,walker2011,,,^p a n i r o _$,default
Nomatsiguenga-11_one-2,,Nomatsiguenga,11_one,"paniro [anim.], patiro [inan.]",patiro_,p a t i r o,,walker2011,,,^p a t i r o _$,default
Palikur-11_one-1,,Palikur,11_one,pahat,pahat,p a h a t,,walker2011,,,^p a h a t$,default
Paraujano-11_one-1,,Paraujano,11_one,mane,mane,m a n e,,walker2011,,,^m a n e$,default
Parecis-11_one-1,,Parecis,11_one,hatita,hatita,h a t i t a,,walker2011,,,^h a t i t a$,default
Passe-11_one-1,,Passe,11_one,apeala,apeala,a p e a l a,,walker2011,,,^a p e a l a$,default
Piapoco-11_one-1,,Piapoco,11_one,abé,abé,a b é/e,,walker2011,,,^a b é$,default
Yine-11_one-1,,Yine,11_one,satɨphe,satɨphe,s a t ɨ pʰ e,,walker2011,,,^s a t ɨ ph e$,default
Resigaro-11_one-1,,Resigaro,11_one,"sagu, patophe",sagu,s a g u,,walker2011,,,^s a g u$,default
Resigaro-11_one-2,,Resigaro,11_one,"sagu, patophe",patophe,p a t o pʰ e,,walker2011,,,^p a t o ph e$,default
Saraveca-11_one-1,,Saraveca,11_one,atia,atia,a t i a,,walker2011,,,^a t i a$,default
Taino-11_one-1,,Taino,11_one,"heketi, heketi",heketi,h e k e t i,,walker2011,,,^h e k e t i$,default
Taino-11_one-2,,Taino,11_one,"heketi, heketi",heketi,h e k e t i,,walker2011,,,^h e k e t i$,default
Tariana-11_one-1,,Tariana,11_one,paːda,paːda,p aː d a,,walker2011,,,^p aː d a$,default
Terena-11_one-1,,Terena,11_one,póhja,póhja,p ó h j a,,walker2011,,,^p óh j a$,default
Trinitario-11_one-1,,Trinitario,11_one,etona,etona,e t o n a,,walker2011,,,^e t o n a$,default
Wainuma-11_one-1,,Wainuma,11_one,(h)apa-kery,apa-kery,a p a + k e r y,,walker2011,,,^a p a - k e r y$,default
Wapishana-11_one-1,,Wapishana,11_one,baɨdaʔap,baɨdaʔap,b a ɨ d a ʔ a p,,walker2011,,,^b a ɨ d a ʔ a p$,default
Araicu-11_one-1,,Araicu,11_one,atelu,atelu,a t e l u,,walker2011,,,^a t e l u$,default
Warekena-11_one-1,,Warekena,11_one,apabasa,apabasa,a p a b a s a,,walker2011,,,^a p a b a s a$,default
WarekenaVelha-11_one-1,,WarekenaVelha,11_one,peya,peya,p e j a,,walker2011,,,^p e y a$,default
Waura-11_one-1,,Waura,11_one,pãwã,pãwã,p ã w ã,,walker2011,,,^p ã w ã$,default
Yavitero-11_one-1,,Yavitero,11_one,hasiana,hasiana,h a s i a n a,,walker2011,,,^h a s i a n a$,default
Yawalapiti-11_one-1,,Yawalapiti,11_one,pawa,pawa,p a w a,,walker2011,,,^p a w a$,default
Yucuna-11_one-1,,Yucuna,11_one,ina,ina,i n a,,walker2011,,,^i n a$,default
Jumana-11_one-1,,Jumana,11_one,aphɨla,aphɨla,a pʰ ɨ l a,,walker2011,,,^a ph ɨ l a$,default
Achagua-12_two-1,,Achagua,12_two,tʃama,tʃama,tʃ a m a,,walker2011,,,^tʃ a m a$,default
Yanesha-12_two-1,,Yanesha,12_two,epa,epa,e p a,,walker2011,,,^e p a$,default
Anauya-12_two-1,,Anauya,12_two,mahorene,mahorene,m a h o r e n e,,walker2011,,,^m a h o r e n e$,default
Apurina-12_two-1,,Apurina,12_two,epi,epi,e p i,,walker2011,,,^e p i$,default
Aruan-12_two-1,,Aruan,12_two,dekurama,dekurama,d e k u r a m a,,walker2011,,,^d e k u r a m a$,default
Ashaninka-12_two-1,,Ashaninka,12_two,apite,apite,a p i t e,,walker2011,,,^a p i t e$,default
Xiriana-12_two-1,,Xiriana,12_two,kɨɻa....’a,kɨɻa....’a,k ɨ ɻ a + ʔ a,,walker2011,,,^k ɨ ɻ a .... ’ a$,default
Avane-12_two-1,,Avane,12_two,enaba,enaba,e n a b a,,walker2011,,,^e n a b a$,default
BaniwaDoIcana-12_two-1,,BaniwaDoIcana,12_two,dzama(da),dzama,dz a m a,,walker2011,,,^dz a m a$,default
Bare-12_two-1,,Bare,12_two,biku-nama,biku-nama,b i k u + n a m a,,walker2011,,,^b i k u - n a m a$,default
Baure-12_two-1,,Baure,12_two,api,api,a p i,,walker2011,,,^a p i$,default
Cabiyari-12_two-1,,Cabiyari,12_two,tʃuma,tʃuma,tʃ u m a,,walker2011,,,^tʃ u m a$,default
Caquinte-12_two-1,,Caquinte,12_two,mariti,mariti,m a r i t i,,walker2011,,,^m a r i t i$,default
Cariai-12_two-1,,Cariai,12_two,pɨsairama,pɨsairama,p ɨ s a i r a m a,,walker2011,,,^p ɨ s a i r a m a$,default
Chamicuro-12_two-1,,Chamicuro,12_two,maʔpohta,maʔpohta,m a ʔ p o h t a,,walker2011,,,^m a ʔ p o h t a$,default
Garifuna-12_two-1,,Garifuna,12_two,biama,biama,b i a m a,,walker2011,,,^b i a m a$,default
Wayuu-12_two-1,,Wayuu,12_two,piama,piama,p i a m a,,walker2011,,,^p i a m a$,default
Guinau-12_two-1,,Guinau,12_two,"abiamaka, jamika",abiamaka,a b i a m a k a,,walker2011,,,^a b i a m a k a$,default
Guinau-12_two-2,,Guinau,12_two,"abiamaka, jamika",jamika,j a m i k a,,walker2011,,,^j a m i k a$,default
Ignaciano-12_two-1,,Ignaciano,12_two,apina,apina,a p i n a,,walker2011,,,^a p i n a$,default
Inapari-12_two-1,,Inapari,12_two,hepí,hepí,h e p í/i,,walker2011,,,^h e p í$,default
IslandCarib-12_two-1,,IslandCarib,12_two,biama,biama,b i a m a,,walker2011,,,^b i a m a$,default
Karutana-12_two-1,,Karutana,12_two,madahli,madahli,m a d a h l i,,walker2011,,,^m a d a h l i$,default
Kaishana-12_two-1,,Kaishana,12_two,"pedahe, petolo, petahima",pedahe,p e d a h e,,walker2011,,,^p e d a h e$,default
Kaishana-12_two-2,,Kaishana,12_two,"pedahe, petolo, petahima",petolo,p e t o l o,,walker2011,,,^p e t o l o$,default
Kaishana-12_two-3,,Kaishana,12_two,"pedahe, petolo, petahima",petahima,p e t a h i m a,,walker2011,,,^p e t a h i m a$,default
Kinikinao-12_two-1,,Kinikinao,12_two,piatʃɔ,piatʃɔ,p i a tʃ ɔ,,walker2011,,,^p i a tʃ ɔ$,default
Curripaco-12_two-1,,Curripaco,12_two,dzahme,dzahme,dz a h m e,,walker2011,,,^dz a h m e$,default
Lokono-12_two-1,,Lokono,12_two,bian,bian,b i a n,,walker2011,,,^b i a n$,default
Machiguenga-12_two-1,,Machiguenga,12_two,"piteni [an.], piteti [inan.]",piteni_,p i t e n i,,walker2011,,,^p i t e n i _$,default
Machiguenga-12_two-2,,Machiguenga,12_two,"piteni [an.], piteti [inan.]",piteti_,p i t e t i,,walker2011,,,^p i t e t i _$,default
Maipure-12_two-1,,Maipure,12_two,"akinume, pina",akinume,a k i n u m e,,walker2011,,,^a k i n u m e$,default
Maipure-12_two-2,,Maipure,12_two,"akinume, pina",pina,p i n a,,walker2011,,,^p i n a$,default
Manao-12_two-1,,Manao,12_two,pyarakuma,pyarakuma,p j a r a k u m a,,walker2011,,,^p y a r a k u m a$,default
Mandahuaca-12_two-1,,Mandahuaca,12_two,hatamenaka,hatamenaka,h a t a m e n a k a,,walker2011,,,^h a t a m e n a k a$,default
Machinere-12_two-1,,Machinere,12_two,hapi-ri,hapi-ri,h a p i + r i,,walker2011,,,^h a p i - r i$,default
Marawan-12_two-1,,Marawan,12_two,"tsalie, yana",tsalie,ts a l i e,,walker2011,,,^ts a l i e$,default
Marawan-12_two-2,,Marawan,12_two,"tsalie, yana",yana,j a n a,,walker2011,,,^y a n a$,default
Maragua-12_two-1,,Maragua,12_two,"muʃamu, mudjama",muʃamu,m u ʃ a m u,,walker2011,,,^m u ʃ a m u$,default
Maragua-12_two-2,,Maragua,12_two,"muʃamu, mudjama",mudjama,m u d j a m a,,walker2011,,,^m u d j a m a$,default
Mariate-12_two-1,,Mariate,12_two,metʃema,metʃema,m e tʃ e m a,,walker2011,,,^m e tʃ e m a$,default
MapidianMawayana-12_two-1,,MapidianMawayana,12_two,adaka,adaka,a d a k a,,walker2011,,,^a d a k a$,default
Mehinaku-12_two-1,,Mehinaku,12_two,mipijama,mipijama,m i p i j a m a,,walker2011,,,^m i p i j a m a$,default
Nomatsiguenga-12_two-1,,Nomatsiguenga,12_two,"piteni [anim.], piteti [inan.]",piteni_,p i t e n i,,walker2011,,,^p i t e n i _$,default
Nomatsiguenga-12_two-2,,Nomatsiguenga,12_two,"piteni [anim.], piteti [inan.]",piteti_,p i t e t i,,walker2011,,,^p i t e t i _$,default
Palikur-12_two-1,,Palikur,12_two,pitana,pitana,p i t a n a,,walker2011,,,^p i t a n a$,default
Paraujano-12_two-1,,Paraujano,12_two,piyomu,piyomu,p i j o m u,,walker2011,,,^p i y o m u$,default
Parecis-12_two-1,,Parecis,12_two,hinama,hinama,h i n a m a,,walker2011,,,^h i n a m a$,default
Passe-12_two-1,,Passe,12_two,pakeama,pakeama,p a k e a m a,,walker2011,,,^p a k e a m a$,default
Piapoco-12_two-1,,Piapoco,12_two,putʃáiba,putʃáiba,p u tʃ á/a i b a,,walker2011,,,^p u tʃ á i b a$,default
Yine-12_two-1,,Yine,12_two,gepi,gepi,g e p i,,walker2011,,,^g e p i$,default
Resigaro-12_two-1,,Resigaro,12_two,migaːku,migaːku,m i g aː k u,,walker2011,,,^m i g aː k u$,default
Saraveca-12_two-1,,Saraveca,12_two,iɲama,iɲama,i ɲ a m a,,walker2011,,,^i ɲ a m a$,default
Taino-12_two-1,,Taino,12_two,"yamoka,yamoka",yamoka,j a m o k a,,walker2011,,,^y a m o k a$,default
Taino-12_two-2,,Taino,12_two,"yamoka,yamoka",yamoka,j a m o k a,,walker2011,,,^y a m o k a$,default
Tariana-12_two-1,,Tariana,12_two,ɲamada,ɲamada,ɲ a m a d a,,walker2011,,,^ɲ a m a d a$,default
Terena-12_two-1,,Terena,12_two,piʔa,piʔa,p i ʔ a,,walker2011,,,^p i ʔ a$,default
Trinitario-12_two-1,,Trinitario,12_two,apina,apina,a p i n a,,walker2011,,,^a p i n a$,default
Wainuma-12_two-1,,Wainuma,12_two,"matʃa(h)ma, matʃami",matʃama,m a tʃ a m a,,walker2011,,,^m a tʃ a m a$,default
Wainuma-12_two-2,,Wainuma,12_two,"matʃa(h)ma, matʃami",matʃami,m a tʃ a m i,,walker2011,,,^m a tʃ a m i$,default
Wapishana-12_two-1,,Wapishana,12_two,ɖiaʔɨtam,ɖiaʔɨtam,ɖ i a ʔ ɨ t a m,,walker2011,,,^ɖ i a ʔ ɨ t a m$,default
Araicu-12_two-1,,Araicu,12_two,puyabana,puyabana,p u j a b a n a,,walker2011,,,^p u y a b a n a$,default
Warekena-12_two-1,,Warekena,12_two,damatasa,damatasa,d a m a t a s a,,walker2011,,,^d a m a t a s a$,default
WarekenaVelha-12_two-1,,WarekenaVelha,12_two,enaba,enaba,e n a b a,,walker2011,,,^e n a b a$,default
Waura-12_two-1,,Waura,12_two,mepĩjãwã,mepĩjãwã,m e p ĩ j ã w ã,,walker2011,,,^m e p ĩ j ã w ã$,default
Yavitero-12_two-1,,Yavitero,12_two,tsinaha,tsinaha,ts i n a h a,,walker2011,,,^ts i n a h a$,default
Yawalapiti-12_two-1,,Yawalapiti,12_two,pur̥iɲama,pur̥iɲama,p u r̥ i ɲ a m a,,walker2011,,,^p u r̥ i ɲ a m a$,default
Yucuna-12_two-1,,Yucuna,12_two,yama,yama,j a m a,,walker2011,,,^y a m a$,default
Jumana-12_two-1,,Jumana,12_two,biama,biama,b i a m a,,walker2011,,,^b i a m a$,default
Achagua-13_big-1,,Achagua,13_big,maːnu,maːnu,m aː n u,,walker2011,,,^m aː n u$,default
Yanesha-13_big-1,,Yanesha,13_big,ataʐ,ataʐ,a t a ʐ,,walker2011,,,^a t a ʐ$,default
Apurina-13_big-1,,Apurina,13_big,mita-,mita-,m i t a,,walker2011,,,^m i t a -$,default
Aruan-13_big-1,,Aruan,13_big,reyate,reyate,r e j a t e,,walker2011,,,^r e y a t e$,default
Ashaninka-13_big-1,,Ashaninka,13_big,antearo,antearo,a n t e a r o,,walker2011,,,^a n t e a r o$,default
Xiriana-13_big-1,,Xiriana,13_big,"nɨɻɨ, kuturɨ",nɨɻɨ,n ɨ ɻ ɨ,,walker2011,,,^n ɨ ɻ ɨ$,default
Xiriana-13_big-2,,Xiriana,13_big,"nɨɻɨ, kuturɨ",kuturɨ,k u t u r ɨ,,walker2011,,,^k u t u r ɨ$,default
Avane-13_big-1,,Avane,13_big,ʂutsi,ʂutsi,ʂ u ts i,,walker2011,,,^ʂ u ts i$,default
BaniwaDoIcana-13_big-1,,BaniwaDoIcana,13_big,"hanipa, maka-, manu-",hanipa,h a n i p a,,walker2011,,,^h a n i p a$,default
BaniwaDoIcana-13_big-2,,BaniwaDoIcana,13_big,"hanipa, maka-, manu-",maka-,m a k a,,walker2011,,,^m a k a -$,default
BaniwaDoIcana-13_big-3,,BaniwaDoIcana,13_big,"hanipa, maka-, manu-",manu-,m a n u,,walker2011,,,^m a n u -$,default
Bare-13_big-1,,Bare,13_big,kumarehe,kumarehe,k u m a r e h e,,walker2011,,,^k u m a r e h e$,default
Baure-13_big-1,,Baure,13_big,tʃonok,tʃonok,tʃ o n o k,,walker2011,,,^tʃ o n o k$,default
Cabiyari-13_big-1,,Cabiyari,13_big,"mataka, manuʔu",mataka,m a t a k a,,walker2011,,,^m a t a k a$,default
Cabiyari-13_big-2,,Cabiyari,13_big,"mataka, manuʔu",manuʔu,m a n u ʔ u,,walker2011,,,^m a n u ʔ u$,default
Cariai-13_big-1,,Cariai,13_big,marinawi,marinawi,m a r i n a w i,,walker2011,,,^m a r i n a w i$,default
Chamicuro-13_big-1,,Chamicuro,13_big,ʂohta,ʂohta,ʂ o h t a,,walker2011,,,^ʂ o h t a$,default
EnaweneNawe-13_big-1,,EnaweneNawe,13_big,akotiri,akotiri,a k o t i r i,,walker2011,,,^a k o t i r i$,default
Garifuna-13_big-1,,Garifuna,13_big,"lueirin, wéiriti, wéiritu",lueirin,l u e i r i n,,walker2011,,,^l u e i r i n$,default
Garifuna-13_big-2,,Garifuna,13_big,"lueirin, wéiriti, wéiritu",wéiriti,w é/e i r i t i,,walker2011,,,^w é i r i t i$,default
Garifuna-13_big-3,,Garifuna,13_big,"lueirin, wéiriti, wéiritu",wéiritu,w é/e i r i t u,,walker2011,,,^w é i r i t u$,default
Wayuu-13_big-1,,Wayuu,13_big,mɨľeu,mɨľeu,m ɨ ľ/lʲ e u,,walker2011,,,^m ɨ ľ e u$,default
Guinau-13_big-1,,Guinau,13_big,bahaoko,bahaoko,b a h a o k o,,walker2011,,,^b a h a o k o$,default
Ignaciano-13_big-1,,Ignaciano,13_big,itʃape,itʃape,i tʃ a p e,,walker2011,,,^i tʃ a p e$,default
Inapari-13_big-1,,Inapari,13_big,ɨrɨ́rɨ,ɨrɨ́rɨ,ɨ r ɨ́/ɨ r ɨ,,walker2011,,,^ɨ r ɨ́ r ɨ$,default
IslandCarib-13_big-1,,IslandCarib,13_big,usiri,usiri,u s i r i,,walker2011,,,^u s i r i$,default
Karutana-13_big-1,,Karutana,13_big,mahneri,mahneri,m a h n e r i,,walker2011,,,^m a h n e r i$,default
Kaishana-13_big-1,,Kaishana,13_big,mare-hĩ,mare-hĩ,m a r e + h ĩ,,walker2011,,,^m a r e - h ĩ$,default
Kinikinao-13_big-1,,Kinikinao,13_big,hana’iti,hana’iti,h a n a ʔ i t i,,walker2011,,,^h a n a ’ i t i$,default
Curripaco-13_big-1,,Curripaco,13_big,maniri,maniri,m a n i r i,,walker2011,,,^m a n i r i$,default
Lokono-13_big-1,,Lokono,13_big,ɸiron,ɸiron,ɸ i r o n,,walker2011,,,^ɸ i r o n$,default
Machiguenga-13_big-1,,Machiguenga,13_big,"imarane [m], omarane [f]",imarane_,i m a r a n e,,walker2011,,,^i m a r a n e _$,default
Machiguenga-13_big-2,,Machiguenga,13_big,"imarane [m], omarane [f]",omarane_,o m a r a n e,,walker2011,,,^o m a r a n e _$,default
Maipure-13_big-1,,Maipure,13_big,aubari,aubari,a u b a r i,,walker2011,,,^a u b a r i$,default
Manao-13_big-1,,Manao,13_big,panumala,panumala,p a n u m a l a,,walker2011,,,^p a n u m a l a$,default
Mandahuaca-13_big-1,,Mandahuaca,13_big,a:hẽhã,a:hẽhã,aː h ẽ h ã,,walker2011,,,^a: h ẽ h ã$,default
Machinere-13_big-1,,Machinere,13_big,tʃitsɨ-ri,tʃitsɨ-ri,tʃ i ts ɨ + r i,,walker2011,,,^tʃ i ts ɨ - r i$,default
Marawan-13_big-1,,Marawan,13_big,nafede,nafede,n a f e d e,,walker2011,,,^n a f e d e$,default
Maragua-13_big-1,,Maragua,13_big,wasu-i,wasu-i,w a s u + i,,walker2011,,,^w a s u - i$,default
Mariate-13_big-1,,Mariate,13_big,eku-rɨ,eku-rɨ,e k u + r ɨ,,walker2011,,,^e k u - r ɨ$,default
MapidianMawayana-13_big-1,,MapidianMawayana,13_big,tawere,tawere,t a w e r e,,walker2011,,,^t a w e r e$,default
Mehinaku-13_big-1,,Mehinaku,13_big,weke,weke,w e k e,,walker2011,,,^w e k e$,default
Nomatsiguenga-13_big-1,,Nomatsiguenga,13_big,ikibe,ikibe,i k i b e,,walker2011,,,^i k i b e$,default
Palikur-13_big-1,,Palikur,13_big,nopsad,nopsad,n o p s a d,,walker2011,,,^n o ps a d$,default
Paraujano-13_big-1,,Paraujano,13_big,youghe,youghe,j o u gʰ e,,walker2011,,,^y o u gh e$,default
Parecis-13_big-1,,Parecis,13_big,kalore,kalore,k a l o r e,,walker2011,,,^k a l o r e$,default
Passe-13_big-1,,Passe,13_big,mare,mare,m a r e,,walker2011,,,^m a r e$,default
Piapoco-13_big-1,,Piapoco,13_big,manuíri,manuíri,m a n u í/i r i,,walker2011,,,^m a n u í r i$,default
Yine-13_big-1,,Yine,13_big,tsrɨ,tsrɨ,ts r ɨ,,walker2011,,,^ts r ɨ$,default
Resigaro-13_big-1,,Resigaro,13_big,"-kobu, ",-kobu,k o b u,,walker2011,,,^- k o b u$,default
Saraveca-13_big-1,,Saraveca,13_big,eza-yare,eza-yare,e z a + j a r e,,walker2011,,,^e z a - y a r e$,default
Taino-13_big-1,,Taino,13_big,"ma, wabu, ba-, bana",ma,m a,,walker2011,,,^m a$,default
Taino-13_big-2,,Taino,13_big,"ma, wabu, ba-, bana",wabu,w a b u,,walker2011,,,^w a b u$,default
Taino-13_big-3,,Taino,13_big,"ma, wabu, ba-, bana",ba-,b a,,walker2011,,,^b a -$,default
Taino-13_big-4,,Taino,13_big,"ma, wabu, ba-, bana",bana,b a n a,,walker2011,,,^b a n a$,default
Tariana-13_big-1,,Tariana,13_big,hamite,hamite,h a m i t e,,walker2011,,,^h a m i t e$,default
Terena-13_big-1,,Terena,13_big,hana,hana,h a n a,,walker2011,,,^h a n a$,default
Trinitario-13_big-1,,Trinitario,13_big,ʔtʃoperiʔi,ʔtʃoperiʔi,ʔ tʃ o p e r i ʔ i,,walker2011,,,^ʔ tʃ o p e r i ʔ i$,default
Wainuma-13_big-1,,Wainuma,13_big,"mataka, manu’u",mataka,m a t a k a,,walker2011,,,^m a t a k a$,default
Wainuma-13_big-2,,Wainuma,13_big,"mataka, manu’u",manu’u,m a n u ʔ u,,walker2011,,,^m a n u ’ u$,default
Wapishana-13_big-1,,Wapishana,13_big,tɨbaɽɨʔu,tɨbaɽɨʔu,t ɨ b a ɽ ɨ ʔ u,,walker2011,,,^t ɨ b a ɽ ɨ ʔ u$,default
Araicu-13_big-1,,Araicu,13_big,marepɨe,marepɨe,m a r e p ɨ e,,walker2011,,,^m a r e p ɨ e$,default
Warekena-13_big-1,,Warekena,13_big,manubali,manubali,m a n u b a l i,,walker2011,,,^m a n u b a l i$,default
WarekenaVelha-13_big-1,,WarekenaVelha,13_big,ʃutʃi,ʃutʃi,ʃ u tʃ i,,walker2011,,,^ʃ u tʃ i$,default
Waura-13_big-1,,Waura,13_big,weke,weke,w e k e,,walker2011,,,^w e k e$,default
Yavitero-13_big-1,,Yavitero,13_big,iluwali-hi,iluwali-hi,i l u w a l i + h i,,walker2011,,,^i l u w a l i - h i$,default
Yawalapiti-13_big-1,,Yawalapiti,13_big,utuna,utuna,u t u n a,,walker2011,,,^u t u n a$,default
Yucuna-13_big-1,,Yucuna,13_big,ɲopoʔohlo,ɲopoʔohlo,ɲ o p o ʔ o h l o,,walker2011,,,^ɲ o p o ʔ o h l o$,default
Jumana-13_big-1,,Jumana,13_big,katʃuyuyu,katʃuyuyu,k a tʃ u j u j u,,walker2011,,,^k a tʃ u y u y u$,default
Achagua-14_long-1,,Achagua,14_long,matʃeːni,matʃeːni,m a tʃ eː n i,,walker2011,,,^m a tʃ eː n i$,default
Yanesha-14_long-1,,Yanesha,14_long,aljpotʃaʼpj,aljpotʃaʼpj,a l j p o tʃ aˀ p j,,walker2011,,,^a l j p o tʃ aʼ p j$,default
Apurina-14_long-1,,Apurina,14_long,õtano-,õtano-,õ t a n o,,walker2011,,,^õ t a n o -$,default
Ashaninka-14_long-1,,Ashaninka,14_long,tsantsa,tsantsa,ts a n ts a,,walker2011,,,^ts a n ts a$,default
Xiriana-14_long-1,,Xiriana,14_long,kanabitsarɨ,kanabitsarɨ,k a n a b i ts a r ɨ,,walker2011,,,^k a n a b i ts a r ɨ$,default
Avane-14_long-1,,Avane,14_long,balede,balede,b a l e d e,,walker2011,,,^b a l e d e$,default
BaniwaDoIcana-14_long-1,,BaniwaDoIcana,14_long,"maka-, manu-",maka-,m a k a,,walker2011,,,^m a k a -$,default
BaniwaDoIcana-14_long-2,,BaniwaDoIcana,14_long,"maka-, manu-",manu-,m a n u,,walker2011,,,^m a n u -$,default
Bare-14_long-1,,Bare,14_long,haɻabi,haɻabi,h a ɻ a b i,,walker2011,,,^h a ɻ a b i$,default
Baure-14_long-1,,Baure,14_long,pero,pero,p e r o,,walker2011,,,^p e r o$,default
Cabiyari-14_long-1,,Cabiyari,14_long,wia,wia,w i a,,walker2011,,,^w i a$,default
Caquinte-14_long-1,,Caquinte,14_long,katsaNtsa,katsaNtsa,k a ts a ɴ ts a,,walker2011,,,^k a ts a N ts a$,default
Cariai-14_long-1,,Cariai,14_long,kɨiki,kɨiki,k ɨ i k i,,walker2011,,,^k ɨ i k i$,default
Chamicuro-14_long-1,,Chamicuro,14_long,plawa,plawa,p l a w a,,walker2011,,,^p l a w a$,default
EnaweneNawe-14_long-1,,EnaweneNawe,14_long,waha,waha,w a h a,,walker2011,,,^w a h a$,default
Garifuna-14_long-1,,Garifuna,14_long,"dururutu, migife, migifeti, migifetu, miginaguti, miginagutu",dururutu,d u r u r u t u,,walker2011,,,^d u r u r u t u$,default
Garifuna-14_long-2,,Garifuna,14_long,"dururutu, migife, migifeti, migifetu, miginaguti, miginagutu",migife,m i g i f e,,walker2011,,,^m i g i f e$,default
Garifuna-14_long-3,,Garifuna,14_long,"dururutu, migife, migifeti, migifetu, miginaguti, miginagutu",migifeti,m i g i f e t i,,walker2011,,,^m i g i f e t i$,default
Garifuna-14_long-4,,Garifuna,14_long,"dururutu, migife, migifeti, migifetu, miginaguti, miginagutu",migifetu,m i g i f e t u,,walker2011,,,^m i g i f e t u$,default
Garifuna-14_long-5,,Garifuna,14_long,"dururutu, migife, migifeti, migifetu, miginaguti, miginagutu",miginaguti,m i g i n a g u t i,,walker2011,,,^m i g i n a g u t i$,default
Garifuna-14_long-6,,Garifuna,14_long,"dururutu, migife, migifeti, migifetu, miginaguti, miginagutu",miginagutu,m i g i n a g u t u,,walker2011,,,^m i g i n a g u t u$,default
Wayuu-14_long-1,,Wayuu,14_long,mɨľeu,mɨľeu,m ɨ ľ/lʲ e u,,walker2011,,,^m ɨ ľ e u$,default
Guinau-14_long-1,,Guinau,14_long,apiaoko,apiaoko,a p i a o k o,,walker2011,,,^a p i a o k o$,default
Ignaciano-14_long-1,,Ignaciano,14_long,tiuki,tiuki,t i u k i,,walker2011,,,^t i u k i$,default
Inapari-14_long-1,,Inapari,14_long,tenurí,tenurí,t e n u r í/i,,walker2011,,,^t e n u r í$,default
IslandCarib-14_long-1,,IslandCarib,14_long,mutʃipeti,mutʃipeti,m u tʃ i p e t i,,walker2011,,,^m u tʃ i p e t i$,default
Kaishana-14_long-1,,Kaishana,14_long,"ljema-zi,hitihaɲe,gia auia",ljema-zi,l j e m a + z i,,walker2011,,,^l j e m a - z i$,default
Kaishana-14_long-2,,Kaishana,14_long,"ljema-zi,hitihaɲe,gia auia",hitihaɲe,h i t i h a ɲ e,,walker2011,,,^h i t i h a ɲ e$,default
Kaishana-14_long-3,,Kaishana,14_long,"ljema-zi,hitihaɲe,gia auia",gia_auia,g i a + a u i a,,walker2011,,,^g i a _ a u i a$,default
Kinikinao-14_long-1,,Kinikinao,14_long,eiewɔti,eiewɔti,e i e w ɔ t i,,walker2011,,,^e i e w ɔ t i$,default
Curripaco-14_long-1,,Curripaco,14_long,yaːpi,yaːpi,j aː p i,,walker2011,,,^y aː p i$,default
Lokono-14_long-1,,Lokono,14_long,wadin,wadin,w a d i n,,walker2011,,,^w a d i n$,default
Machiguenga-14_long-1,,Machiguenga,14_long,igatsantsani,igatsantsani,i g a ts a n ts a n i,,walker2011,,,^i g a ts a n ts a n i$,default
Maipure-14_long-1,,Maipure,14_long,-pi,-pi,p i,,walker2011,,,^- p i$,default
Manao-14_long-1,,Manao,14_long,ketɨkoteː,ketɨkoteː,k e t ɨ k o t eː,,walker2011,,,^k e t ɨ k o t eː$,default
Mandahuaca-14_long-1,,Mandahuaca,14_long,amehikali,amehikali,a m e h i k a l i,,walker2011,,,^a m e h i k a l i$,default
Maragua-14_long-1,,Maragua,14_long,witakuru-i,witakuru-i,w i t a k u r u + i,,walker2011,,,^w i t a k u r u - i$,default
Mariate-14_long-1,,Mariate,14_long,pyatʃ-rɨ,pyatʃ-rɨ,p j a tʃ + r ɨ,,walker2011,,,^p y a tʃ - r ɨ$,default
MapidianMawayana-14_long-1,,MapidianMawayana,14_long,kɨ’ure,kɨ’ure,k ɨ ʔ u r e,,walker2011,,,^k ɨ ’ u r e$,default
Mehinaku-14_long-1,,Mehinaku,14_long,awapa,awapa,a w a p a,,walker2011,,,^a w a p a$,default
Nomatsiguenga-14_long-1,,Nomatsiguenga,14_long,igibentsa,igibentsa,i g i b e n ts a,,walker2011,,,^i g i b e n ts a$,default
Palikur-14_long-1,,Palikur,14_long,kiyabwad,kiyabwad,k i j a bʷ a d,,walker2011,,,^k i y a bw a d$,default
Paraujano-14_long-1,,Paraujano,14_long,you,you,j o u,,walker2011,,,^y o u$,default
Parecis-14_long-1,,Parecis,14_long,wahahare,wahahare,w a h a h a r e,,walker2011,,,^w a h a h a r e$,default
Passe-14_long-1,,Passe,14_long,yenayu,yenayu,j e n a j u,,walker2011,,,^y e n a y u$,default
Piapoco-14_long-1,,Piapoco,14_long,káaléeri,káaléeri,k á/a a l é/e e r i,,walker2011,,,^k á a l é e r i$,default
Yine-14_long-1,,Yine,14_long,rowɨknɨ,rowɨknɨ,r o w ɨ k n ɨ,,walker2011,,,^r o w ɨ k n ɨ$,default
Resigaro-14_long-1,,Resigaro,14_long,dʒidʒaʔaːmi,dʒidʒaʔaːmi,dʒ i dʒ a ʔ aː m i,,walker2011,,,^dʒ i dʒ a ʔ aː m i$,default
Saraveca-14_long-1,,Saraveca,14_long,ma-ʃaretʃetoe,ma-ʃaretʃetoe,m a + ʃ a r e tʃ e t o e,,walker2011,,,^m a - ʃ a r e tʃ e t o e$,default
Tariana-14_long-1,,Tariana,14_long,wjakite,wjakite,w j a k i t e,,walker2011,,,^w j a k i t e$,default
Terena-14_long-1,,Terena,14_long,seleléheti,seleléheti,s e l e l é h/e h e t i,,walker2011,,,^s e l e l éh e t i$,default
Trinitario-14_long-1,,Trinitario,14_long,siku,siku,s i k u,,walker2011,,,^s i k u$,default
Wainuma-14_long-1,,Wainuma,14_long,wia,wia,w i a,,walker2011,,,^w i a$,default
Wapishana-14_long-1,,Wapishana,14_long,ɖawɨaʔu,ɖawɨaʔu,ɖ a w ɨ a ʔ u,,walker2011,,,^ɖ a w ɨ a ʔ u$,default
Araicu-14_long-1,,Araicu,14_long,atiepalo,atiepalo,a t i e p a l o,,walker2011,,,^a t i e p a l o$,default
Warekena-14_long-1,,Warekena,14_long,yapisi,yapisi,j a p i s i,,walker2011,,,^y a p i s i$,default
WarekenaVelha-14_long-1,,WarekenaVelha,14_long,balede,balede,b a l e d e,,walker2011,,,^b a l e d e$,default
Waura-14_long-1,,Waura,14_long,awapa,awapa,a w a p a,,walker2011,,,^a w a p a$,default
Yavitero-14_long-1,,Yavitero,14_long,alutuhi,alutuhi,a l u t u h i,,walker2011,,,^a l u t u h i$,default
Yawalapiti-14_long-1,,Yawalapiti,14_long,uhapa,uhapa,u h a p a,,walker2011,,,^u h a p a$,default
Yucuna-14_long-1,,Yucuna,14_long,waphereni,waphereni,w a pʰ e r e n i,,walker2011,,,^w a ph e r e n i$,default
Jumana-14_long-1,,Jumana,14_long,yepiu,yepiu,j e p i u,,walker2011,,,^y e p i u$,default
Achagua-15_small-1,,Achagua,15_small,"piːtu, huːbi",piːtu,p iː t u,,walker2011,,,^p iː t u$,default
Achagua-15_small-2,,Achagua,15_small,"piːtu, huːbi",huːbi,h uː b i,,walker2011,,,^h uː b i$,default
Yanesha-15_small-1,,Yanesha,15_small,anjetolj,anjetolj,a n j e t o l j,,walker2011,,,^a n j e t o l j$,default
Apurina-15_small-1,,Apurina,15_small,ɰaʃe-,ɰaʃe-,ɰ a ʃ e,,walker2011,,,^ɰ a ʃ e -$,default
Aruan-15_small-1,,Aruan,15_small,dey,dey,d e y,,walker2011,,,^d e y$,default
Ashaninka-15_small-1,,Ashaninka,15_small,orihani,orihani,o r i h a n i,,walker2011,,,^o r i h a n i$,default
Xiriana-15_small-1,,Xiriana,15_small,cubi,cubi,c u b i,,walker2011,,,^c u b i$,default
Avane-15_small-1,,Avane,15_small,"tsuite-li,ʂiani",tsuite-li,ts u i t e + l i,,walker2011,,,^ts u i t e - l i$,default
Avane-15_small-2,,Avane,15_small,"tsuite-li,ʂiani",ʂiani,ʂ i a n i,,walker2011,,,^ʂ i a n i$,default
BaniwaDoIcana-15_small-1,,BaniwaDoIcana,15_small,"yapi, haɻipa",yapi,j a p i,,walker2011,,,^y a p i$,default
BaniwaDoIcana-15_small-2,,BaniwaDoIcana,15_small,"yapi, haɻipa",haɻipa,h a ɻ i p a,,walker2011,,,^h a ɻ i p a$,default
Bare-15_small-1,,Bare,15_small,aweheti,aweheti,a w e h e t i,,walker2011,,,^a w e h e t i$,default
Baure-15_small-1,,Baure,15_small, tiʔ,tiʔ,t i ʔ,,walker2011,,,^t i ʔ$,default
Cabiyari-15_small-1,,Cabiyari,15_small,karitʃhũĩ,karitʃhũĩ,k a r i tʃʰ ũ ĩ,,walker2011,,,^k a r i tʃh ũ ĩ$,default
Caquinte-15_small-1,,Caquinte,15_small,tʃaa,tʃaa,tʃ aː,,walker2011,,,^tʃ aa$,default
Cariai-15_small-1,,Cariai,15_small,"nɨkɨkuritʃu, amtʃiani",nɨkɨkuritʃu,n ɨ k ɨ k u r i tʃ u,,walker2011,,,^n ɨ k ɨ k u r i tʃ u$,default
Cariai-15_small-2,,Cariai,15_small,"nɨkɨkuritʃu, amtʃiani",amtʃiani,a m tʃ i a n i,,walker2011,,,^a m tʃ i a n i$,default
Chamicuro-15_small-1,,Chamicuro,15_small,naʔyehtʃoma,naʔyehtʃoma,n a ʔ j e h tʃ o m a,,walker2011,,,^n a ʔ y e h tʃ o m a$,default
EnaweneNawe-15_small-1,,EnaweneNawe,15_small,kiʃiʃi,kiʃiʃi,k i ʃ i ʃ i,,walker2011,,,^k i ʃ i ʃ i$,default
Garifuna-15_small-1,,Garifuna,15_small,"liraɨgua, ɲɨraɨti",liraɨgua,l i r a ɨ g u a,,walker2011,,,^l i r a ɨ g u a$,default
Garifuna-15_small-2,,Garifuna,15_small,"liraɨgua, ɲɨraɨti",ɲɨraɨti,ɲ ɨ r a ɨ t i,,walker2011,,,^ɲ ɨ r a ɨ t i$,default
Wayuu-15_small-1,,Wayuu,15_small,motsa-yɨ-i,motsa-yɨ-i,m o ts a + j ɨ + i,,walker2011,,,^m o ts a - y ɨ - i$,default
Guinau-15_small-1,,Guinau,15_small,"ahedʒidju, aihua",ahedʒidju,a h e dʒ i d j u,,walker2011,,,^a h e dʒ i d j u$,default
Guinau-15_small-2,,Guinau,15_small,"ahedʒidju, aihua",aihua,a i h u a,,walker2011,,,^a i h u a$,default
Ignaciano-15_small-1,,Ignaciano,15_small,ánitʃitʃa,ánitʃitʃa,á/a n i tʃ i tʃ a,,walker2011,,,^á n i tʃ i tʃ a$,default
Inapari-15_small-1,,Inapari,15_small,isísi,isísi,i s í/i s i,,walker2011,,,^i s í s i$,default
IslandCarib-15_small-1,,IslandCarib,15_small,niorao,niorao,n i o r a o,,walker2011,,,^n i o r a o$,default
Karutana-15_small-1,,Karutana,15_small,tiaʃepi,tiaʃepi,t i a ʃ e p i,,walker2011,,,^t i a ʃ e p i$,default
Kaishana-15_small-1,,Kaishana,15_small,"bitu, balɨza",bitu,b i t u,,walker2011,,,^b i t u$,default
Kaishana-15_small-2,,Kaishana,15_small,"bitu, balɨza",balɨza,b a l ɨ z a,,walker2011,,,^b a l ɨ z a$,default
Kinikinao-15_small-1,,Kinikinao,15_small,kali,kali,k a l i,,walker2011,,,^k a l i$,default
Curripaco-15_small-1,,Curripaco,15_small,tsuːdali,tsuːdali,ts uː d a l i,,walker2011,,,^ts uː d a l i$,default
Lokono-15_small-1,,Lokono,15_small,basaban,basaban,b a s a b a n,,walker2011,,,^b a s a b a n$,default
Machiguenga-15_small-1,,Machiguenga,15_small,"itjomiani, tsepekini [an.], tserepekiti [inan.]",itjomiani,i t j o m i a n i,,walker2011,,,^i t j o m i a n i$,default
Machiguenga-15_small-2,,Machiguenga,15_small,"itjomiani, tsepekini [an.], tserepekiti [inan.]",tsepekini_,ts e p e k i n i,,walker2011,,,^ts e p e k i n i _$,default
Machiguenga-15_small-3,,Machiguenga,15_small,"itjomiani, tsepekini [an.], tserepekiti [inan.]",tserepekiti_,ts e r e p e k i t i,,walker2011,,,^ts e r e p e k i t i _$,default
Maipure-15_small-1,,Maipure,15_small,-isi,-isi,i s i,,walker2011,,,^- i s i$,default
Manao-15_small-1,,Manao,15_small,"tayamala, kɨawisiko",tayamala,t a j a m a l a,,walker2011,,,^t a y a m a l a$,default
Manao-15_small-2,,Manao,15_small,"tayamala, kɨawisiko",kɨawisiko,k ɨ a w i s i k o,,walker2011,,,^k ɨ a w i s i k o$,default
Mandahuaca-15_small-1,,Mandahuaca,15_small,a:tʃidiha,a:tʃidiha,aː tʃ i d i h a,,walker2011,,,^a: tʃ i d i h a$,default
Machinere-15_small-1,,Machinere,15_small,itsɨrɨ,itsɨrɨ,i ts ɨ r ɨ,,walker2011,,,^i ts ɨ r ɨ$,default
Marawan-15_small-1,,Marawan,15_small,nekane,nekane,n e k a n e,,walker2011,,,^n e k a n e$,default
Maragua-15_small-1,,Maragua,15_small,"yrebeta jakahe, itubuta",yrebeta_jakahe,j r e b e t a + j a k a h e,,walker2011,,,^y r e b e t a _ j a k a h e$,default
Maragua-15_small-2,,Maragua,15_small,"yrebeta jakahe, itubuta",itubuta,i t u b u t a,,walker2011,,,^i t u b u t a$,default
Mariate-15_small-1,,Mariate,15_small,itʃimai,itʃimai,i tʃ i m a i,,walker2011,,,^i tʃ i m a i$,default
MapidianMawayana-15_small-1,,MapidianMawayana,15_small,ʃidjidjare,ʃidjidjare,ʃ i d j i d j a r e,,walker2011,,,^ʃ i d j i d j a r e$,default
Mehinaku-15_small-1,,Mehinaku,15_small,ahãtãi,ahãtãi,a h ã t ã i,,walker2011,,,^a h ã t ã i$,default
Nomatsiguenga-15_small-1,,Nomatsiguenga,15_small,itiomihani,itiomihani,i t i o m i h a n i,,walker2011,,,^i t i o m i h a n i$,default
Palikur-15_small-1,,Palikur,15_small,nopsesa,nopsesa,n o p s e s a,,walker2011,,,^n o ps e s a$,default
Paraujano-15_small-1,,Paraujano,15_small,yeddiga,yeddiga,j e dː i g a,,walker2011,,,^y e dd i g a$,default
Parecis-15_small-1,,Parecis,15_small,kirane,kirane,k i r a n e,,walker2011,,,^k i r a n e$,default
Piapoco-15_small-1,,Piapoco,15_small,atʃúméeri,atʃúméeri,a tʃ ú/u m é/e e r i,,walker2011,,,^a tʃ ú m é e r i$,default
Yine-15_small-1,,Yine,15_small,mtɨrɨ,mtɨrɨ,m t ɨ r ɨ,,walker2011,,,^m t ɨ r ɨ$,default
Resigaro-15_small-1,,Resigaro,15_small,"oːdʒadʒaʔ, iːvedʒaʔ",oːdʒadʒaʔ,oː dʒ a dʒ a ʔ,,walker2011,,,^oː dʒ a dʒ a ʔ$,default
Resigaro-15_small-2,,Resigaro,15_small,"oːdʒadʒaʔ, iːvedʒaʔ",iːvedʒaʔ,iː v e dʒ a ʔ,,walker2011,,,^iː v e dʒ a ʔ$,default
Saraveca-15_small-1,,Saraveca,15_small,nikare-tʃani,nikare-tʃani,n i k a r e + tʃ a n i,,walker2011,,,^n i k a r e - tʃ a n i$,default
Taino-15_small-1,,Taino,15_small,"nigua, -na, kiri",nigua,n i g u a,,walker2011,,,^n i g u a$,default
Taino-15_small-2,,Taino,15_small,"nigua, -na, kiri",-na,n a,,walker2011,,,^- n a$,default
Taino-15_small-3,,Taino,15_small,"nigua, -na, kiri",kiri,k i r i,,walker2011,,,^k i r i$,default
Tariana-15_small-1,,Tariana,15_small,tsuite,tsuite,ts u i t e,,walker2011,,,^ts u i t e$,default
Terena-15_small-1,,Terena,15_small,kali,kali,k a l i,,walker2011,,,^k a l i$,default
Trinitario-15_small-1,,Trinitario,15_small,ʔtʃiʔtʃu,ʔtʃiʔtʃu,ʔ tʃ i ʔ tʃ u,,walker2011,,,^ʔ tʃ i ʔ tʃ u$,default
Wainuma-15_small-1,,Wainuma,15_small,karitʃhũĩ,karitʃhũĩ,k a r i tʃʰ ũ ĩ,,walker2011,,,^k a r i tʃh ũ ĩ$,default
Wapishana-15_small-1,,Wapishana,15_small,ɖɨsuɖɨʔu,ɖɨsuɖɨʔu,ɖ ɨ s u ɖ ɨ ʔ u,,walker2011,,,^ɖ ɨ s u ɖ ɨ ʔ u$,default
Araicu-15_small-1,,Araicu,15_small,"otoso, rianʒolo, atisa",otoso,o t o s o,,walker2011,,,^o t o s o$,default
Araicu-15_small-2,,Araicu,15_small,"otoso, rianʒolo, atisa",rianʒolo,r i a ʒ̃ o l o,,walker2011,,,^r i a nʒ o l o$,default
Araicu-15_small-3,,Araicu,15_small,"otoso, rianʒolo, atisa",atisa,a t i s a,,walker2011,,,^a t i s a$,default
Warekena-15_small-1,,Warekena,15_small,duhwili,duhwili,d u ʰw i l i,,walker2011,,,^d u hw i l i$,default
WarekenaVelha-15_small-1,,WarekenaVelha,15_small,"aɻrɻu, tsutu",aɻrɻu,a ɻ r ɻ u,,walker2011,,,^a ɻ r ɻ u$,default
WarekenaVelha-15_small-2,,WarekenaVelha,15_small,"aɻrɻu, tsutu",tsutu,ts u t u,,walker2011,,,^ts u t u$,default
Waura-15_small-1,,Waura,15_small,ahãtãĩ,ahãtãĩ,a h ã t ã ĩ,,walker2011,,,^a h ã t ã ĩ$,default
Yavitero-15_small-1,,Yavitero,15_small,witasimahi,witasimahi,w i t a s i m a h i,,walker2011,,,^w i t a s i m a h i$,default
Yawalapiti-15_small-1,,Yawalapiti,15_small,paɾitʃiɾi,paɾitʃiɾi,p a ɾ i tʃ i ɾ i,,walker2011,,,^p a ɾ i tʃ i ɾ i$,default
Yucuna-15_small-1,,Yucuna,15_small,kamuʔuhini,kamuʔuhini,k a m u ʔ u h i n i,,walker2011,,,^k a m u ʔ u h i n i$,default
Jumana-15_small-1,,Jumana,15_small,"mauiyapɨ, tʃuɲɨala,tʃuyula",mauiyapɨ,m a u i j a p ɨ,,walker2011,,,^m a u i y a p ɨ$,default
Jumana-15_small-2,,Jumana,15_small,"mauiyapɨ, tʃuɲɨala,tʃuyula",tʃuɲɨala,tʃ u ɲ ɨ a l a,,walker2011,,,^tʃ u ɲ ɨ a l a$,default
Jumana-15_small-3,,Jumana,15_small,"mauiyapɨ, tʃuɲɨala,tʃuyula",tʃuyula,tʃ u j u l a,,walker2011,,,^tʃ u y u l a$,default
Achagua-16_woman-1,,Achagua,16_woman,iːnetuː,iːnetuː,iː n e t uː,,walker2011,,,^iː n e t uː$,default
Yanesha-16_woman-1,,Yanesha,16_woman,koyaneʃaʼ [fala masc.],koyaneʃaʼ_,k o j a n e ʃ aˀ,,walker2011,,,^k o y a n e ʃ aʼ _$,default
Anauya-16_woman-1,,Anauya,16_woman,inanai,inanai,i n a n a i,,walker2011,,,^i n a n a i$,default
Apurina-16_woman-1,,Apurina,16_woman,sɨto,sɨto,s ɨ t o,,walker2011,,,^s ɨ t o$,default
Aruan-16_woman-1,,Aruan,16_woman,"itunalo, eiʃakal",itunalo,i t u n a l o,,walker2011,,,^i t u n a l o$,default
Aruan-16_woman-2,,Aruan,16_woman,"itunalo, eiʃakal",eiʃakal,e i ʃ a k a l,,walker2011,,,^e i ʃ a k a l$,default
Ashaninka-16_woman-1,,Ashaninka,16_woman,tsinane,tsinane,ts i n a n e,,walker2011,,,^ts i n a n e$,default
Xiriana-16_woman-1,,Xiriana,16_woman,"akinawɨ, -tsɨnawɨ",akinawɨ,a k i n a w ɨ,,walker2011,,,^a k i n a w ɨ$,default
Xiriana-16_woman-2,,Xiriana,16_woman,"akinawɨ, -tsɨnawɨ",-tsɨnawɨ,ts ɨ n a w ɨ,,walker2011,,,^- ts ɨ n a w ɨ$,default
Avane-16_woman-1,,Avane,16_woman,neːyawa,neːyawa,n eː j a w a,,walker2011,,,^n eː y a w a$,default
BaniwaDoIcana-16_woman-1,,BaniwaDoIcana,16_woman,ina(ɻu),ina,i n a,,walker2011,,,^i n a$,default
Bare-16_woman-1,,Bare,16_woman,hiɲatʃati,hiɲatʃati,h i ɲ a tʃ a t i,,walker2011,,,^h i ɲ a tʃ a t i$,default
Baure-16_woman-1,,Baure,16_woman,eton,eton,e t o n,,walker2011,,,^e t o n$,default
Cabiyari-16_woman-1,,Cabiyari,16_woman,nanawi,nanawi,n a n a w i,,walker2011,,,^n a n a w i$,default
Caquinte-16_woman-1,,Caquinte,16_woman,tsinani,tsinani,ts i n a n i,,walker2011,,,^ts i n a n i$,default
Cariai-16_woman-1,,Cariai,16_woman,henitaki,henitaki,h e n i t a k i,,walker2011,,,^h e n i t a k i$,default
Chamicuro-16_woman-1,,Chamicuro,16_woman,molota,molota,m o l o t a,,walker2011,,,^m o l o t a$,default
EnaweneNawe-16_woman-1,,EnaweneNawe,16_woman,uhiɾu,uhiɾu,u h i ɾ u,,walker2011,,,^u h i ɾ u$,default
Garifuna-16_woman-1,,Garifuna,16_woman,"wɨri [M], hiɲaruɲu [F]",wɨri_,w ɨ r i,,walker2011,,,^w ɨ r i _$,default
Garifuna-16_woman-2,,Garifuna,16_woman,"wɨri [M], hiɲaruɲu [F]",hiɲaruɲu_,h i ɲ a r u ɲ u,,walker2011,,,^h i ɲ a r u ɲ u _$,default
Wayuu-16_woman-1,,Wayuu,16_woman,wayuu hieɾi,wayuu_hieɾi,w a j uː + h i e ɾ i,,walker2011,,,^w a y uu _ h i e ɾ i$,default
Guinau-16_woman-1,,Guinau,16_woman,henau. Apahoko,henau._Apahoko,h e n a u + a p a h o k o,,walker2011,,,^h e n a u ._ A p a h o k o$,default
Ignaciano-16_woman-1,,Ignaciano,16_woman,esena,esena,e s e n a,,walker2011,,,^e s e n a$,default
Inapari-16_woman-1,,Inapari,16_woman,awɨtú,awɨtú,a w ɨ t ú/u,,walker2011,,,^a w ɨ t ú$,default
IslandCarib-16_woman-1,,IslandCarib,16_woman,iaru,iaru,i a r u,,walker2011,,,^i a r u$,default
Karutana-16_woman-1,,Karutana,16_woman,inaru,inaru,i n a r u,,walker2011,,,^i n a r u$,default
Kaishana-16_woman-1,,Kaishana,16_woman,picowala,picowala,p i c o w a l a,,walker2011,,,^p i c o w a l a$,default
Kinikinao-16_woman-1,,Kinikinao,16_woman,sɛ̃ɛ̃nɔ,sɛ̃ɛ̃nɔ,s ɛ̃ː n ɔ,,walker2011,,,^s ɛ̃ɛ̃ n ɔ$,default
Curripaco-16_woman-1,,Curripaco,16_woman,inaro,inaro,i n a r o,,walker2011,,,^i n a r o$,default
Lokono-16_woman-1,,Lokono,16_woman,hiaro,hiaro,h i a r o,,walker2011,,,^h i a r o$,default
Machiguenga-16_woman-1,,Machiguenga,16_woman,tsinane,tsinane,ts i n a n e,,walker2011,,,^ts i n a n e$,default
Maipure-16_woman-1,,Maipure,16_woman,"tinioki, -anitu",tinioki,t i n i o k i,,walker2011,,,^t i n i o k i$,default
Maipure-16_woman-2,,Maipure,16_woman,"tinioki, -anitu",-anitu,a n i t u,,walker2011,,,^- a n i t u$,default
Manao-16_woman-1,,Manao,16_woman,itunalo,itunalo,i t u n a l o,,walker2011,,,^i t u n a l o$,default
Mandahuaca-16_woman-1,,Mandahuaca,16_woman,ina:lutʃa,ina:lutʃa,i n aː l u tʃ a,,walker2011,,,^i n a: l u tʃ a$,default
Machinere-16_woman-1,,Machinere,16_woman,sitiu,sitiu,s i t i u,,walker2011,,,^s i t i u$,default
Marawan-16_woman-1,,Marawan,16_woman,tino ,tino,t i n o,,walker2011,,,^t i n o$,default
Maragua-16_woman-1,,Maragua,16_woman,"nu-runo,asiumihu",nu-runo,n u + r u n o,,walker2011,,,^n u - r u n o$,default
Maragua-16_woman-2,,Maragua,16_woman,"nu-runo,asiumihu",asiumihu,a s i u m i h u,,walker2011,,,^a s i u m i h u$,default
Mariate-16_woman-1,,Mariate,16_woman,inana,inana,i n a n a,,walker2011,,,^i n a n a$,default
MapidianMawayana-16_woman-1,,MapidianMawayana,16_woman,rɨnaru,rɨnaru,r ɨ n a r u,,walker2011,,,^r ɨ n a r u$,default
Mehinaku-16_woman-1,,Mehinaku,16_woman,tɨneʂu,tɨneʂu,t ɨ n e ʂ u,,walker2011,,,^t ɨ n e ʂ u$,default
Nomatsiguenga-16_woman-1,,Nomatsiguenga,16_woman,tsinane,tsinane,ts i n a n e,,walker2011,,,^ts i n a n e$,default
Palikur-16_woman-1,,Palikur,16_woman,tino,tino,t i n o,,walker2011,,,^t i n o$,default
Paraujano-16_woman-1,,Paraujano,16_woman,ɲerɨka,ɲerɨka,ɲ e r ɨ k a,,walker2011,,,^ɲ e r ɨ k a$,default
Parecis-16_woman-1,,Parecis,16_woman,ohiro,ohiro,o h i r o,,walker2011,,,^o h i r o$,default
Passe-16_woman-1,,Passe,16_woman,lawenamɨ,lawenamɨ,l a w e n a m ɨ,,walker2011,,,^l a w e n a m ɨ$,default
Piapoco-16_woman-1,,Piapoco,16_woman,inanái,inanái,i n a n á/a i,,walker2011,,,^i n a n á i$,default
Yine-16_woman-1,,Yine,16_woman,sɨtjo,sɨtjo,s ɨ t j o,,walker2011,,,^s ɨ t j o$,default
Resigaro-16_woman-1,,Resigaro,16_woman,inaːdo,inaːdo,i n aː d o,,walker2011,,,^i n aː d o$,default
Saraveca-16_woman-1,,Saraveca,16_woman,akunetʃu,akunetʃu,a k u n e tʃ u,,walker2011,,,^a k u n e tʃ u$,default
Taino-16_woman-1,,Taino,16_woman,"inari, hiáru",inari,i n a r i,,walker2011,,,^i n a r i$,default
Taino-16_woman-2,,Taino,16_woman,"inari, hiáru",hiáru,h i á/a r u,,walker2011,,,^h i á r u$,default
Tariana-16_woman-1,,Tariana,16_woman,inaɾu,inaɾu,i n a ɾ u,,walker2011,,,^i n a ɾ u$,default
Terena-16_woman-1,,Terena,16_woman,sêno,sêno,s ê/e n o,,walker2011,,,^s ê n o$,default
Trinitario-16_woman-1,,Trinitario,16_woman,ʔseno,ʔseno,ˀs e n o,,walker2011,,,^ʔs e n o$,default
Wainuma-16_woman-1,,Wainuma,16_woman,inaru,inaru,i n a r u,,walker2011,,,^i n a r u$,default
Wapishana-16_woman-1,,Wapishana,16_woman,ʐɨn,ʐɨn,ʐ ɨ n,,walker2011,,,^ʐ ɨ n$,default
Warekena-16_woman-1,,Warekena,16_woman,ynaibu,ynaibu,j n a i b u,,walker2011,,,^y n a i b u$,default
WarekenaVelha-16_woman-1,,WarekenaVelha,16_woman,neyawa,neyawa,n e j a w a,,walker2011,,,^n e y a w a$,default
Waura-16_woman-1,,Waura,16_woman,tɨneʐu,tɨneʐu,t ɨ n e ʐ u,,walker2011,,,^t ɨ n e ʐ u$,default
Yavitero-16_woman-1,,Yavitero,16_woman,laľ̥inemi,laľ̥inemi,l a l̥ʲ i n e m i,,walker2011,,,^l a ľ̥ i n e m i$,default
Yawalapiti-16_woman-1,,Yawalapiti,16_woman,inu,inu,i n u,,walker2011,,,^i n u$,default
Yucuna-16_woman-1,,Yucuna,16_woman,inanaru,inanaru,i n a n a r u,,walker2011,,,^i n a n a r u$,default
Jumana-16_woman-1,,Jumana,16_woman,"yabuju, ʃupuyu",yabuju,j a b u j u,,walker2011,,,^y a b u j u$,default
Jumana-16_woman-2,,Jumana,16_woman,"yabuju, ʃupuyu",ʃupuyu,ʃ u p u j u,,walker2011,,,^ʃ u p u y u$,default
Achagua-17_man-1,,Achagua,17_man,waʃialikua-iɻi,waʃialikua-iɻi,w a ʃ i a l i k u a + i ɻ i,,walker2011,,,^w a ʃ i a l i k u a - i ɻ i$,default
Yanesha-17_man-1,,Yanesha,17_man,aʃenjoʐ,aʃenjoʐ,a ʃ e n j o ʐ,,walker2011,,,^a ʃ e n j o ʐ$,default
Anauya-17_man-1,,Anauya,17_man,henari,henari,h e n a r i,,walker2011,,,^h e n a r i$,default
Apurina-17_man-1,,Apurina,17_man,kɨkɨ,kɨkɨ,k ɨ k ɨ,,walker2011,,,^k ɨ k ɨ$,default
Aruan-17_man-1,,Aruan,17_man,ateinai,ateinai,a t e i n a i,,walker2011,,,^a t e i n a i$,default
Ashaninka-17_man-1,,Ashaninka,17_man,ahiranpari,ahiranpari,a h i r a n p a r i,,walker2011,,,^a h i r a n p a r i$,default
Xiriana-17_man-1,,Xiriana,17_man,waituranawɨ,waituranawɨ,w a i t u r a n a w ɨ,,walker2011,,,^w a i t u r a n a w ɨ$,default
Avane-17_man-1,,Avane,17_man,enami,enami,e n a m i,,walker2011,,,^e n a m i$,default
BaniwaDoIcana-17_man-1,,BaniwaDoIcana,17_man,"aːtsia, atsinaɻi",aːtsia,aː ts i a,,walker2011,,,^aː ts i a$,default
BaniwaDoIcana-17_man-2,,BaniwaDoIcana,17_man,"aːtsia, atsinaɻi",atsinaɻi,a ts i n a ɻ i,,walker2011,,,^a ts i n a ɻ i$,default
Bare-17_man-1,,Bare,17_man,heɲaɻi,heɲaɻi,h e ɲ a ɻ i,,walker2011,,,^h e ɲ a ɻ i$,default
Baure-17_man-1,,Baure,17_man,hir,hir,h i r,,walker2011,,,^h i r$,default
Cabiyari-17_man-1,,Cabiyari,17_man,tiyare,tiyare,t i j a r e,,walker2011,,,^t i y a r e$,default
Cariai-17_man-1,,Cariai,17_man,hamati,hamati,h a m a t i,,walker2011,,,^h a m a t i$,default
Chamicuro-17_man-1,,Chamicuro,17_man,yelna,yelna,j e l n a,,walker2011,,,^y e l n a$,default
EnaweneNawe-17_man-1,,EnaweneNawe,17_man,ena,ena,e n a,,walker2011,,,^e n a$,default
Garifuna-17_man-1,,Garifuna,17_man,"wɨgɨri [M], eyeri [F]",wɨgɨri_,w ɨ g ɨ r i,,walker2011,,,^w ɨ g ɨ r i _$,default
Garifuna-17_man-2,,Garifuna,17_man,"wɨgɨri [M], eyeri [F]",eyeri_,e j e r i,,walker2011,,,^e y e r i _$,default
Wayuu-17_man-1,,Wayuu,17_man,wayuu tooľo,wayuu_tooľo,w a j uː + t oː ľ/lʲ o,,walker2011,,,^w a y uu _ t oo ľ o$,default
Guinau-17_man-1,,Guinau,17_man,"heːnale, apaheu",heːnale,h eː n a l e,,walker2011,,,^h eː n a l e$,default
Guinau-17_man-2,,Guinau,17_man,"heːnale, apaheu",apaheu,a p a h e u,,walker2011,,,^a p a h e u$,default
Ignaciano-17_man-1,,Ignaciano,17_man,ahaira,ahaira,a h a i r a,,walker2011,,,^a h a i r a$,default
Inapari-17_man-1,,Inapari,17_man,ehɨ́,ehɨ́,e h ɨ́/ɨ,,walker2011,,,^e h ɨ́$,default
IslandCarib-17_man-1,,IslandCarib,17_man,eieri,eieri,e i e r i,,walker2011,,,^e i e r i$,default
Karutana-17_man-1,,Karutana,17_man,atʃinali,atʃinali,a tʃ i n a l i,,walker2011,,,^a tʃ i n a l i$,default
Kaishana-17_man-1,,Kaishana,17_man,tsina,tsina,ts i n a,,walker2011,,,^ts i n a$,default
Kinikinao-17_man-1,,Kinikinao,17_man,hɔjeno,hɔjeno,h ɔ j e n o,,walker2011,,,^h ɔ j e n o$,default
Curripaco-17_man-1,,Curripaco,17_man,atsinale,atsinale,a ts i n a l e,,walker2011,,,^a ts i n a l e$,default
Lokono-17_man-1,,Lokono,17_man,kakɨthi,kakɨthi,k a k ɨ tʰ i,,walker2011,,,^k a k ɨ th i$,default
Machiguenga-17_man-1,,Machiguenga,17_man,ʃirontentsi,ʃirontentsi,ʃ i r o n t e n ts i,,walker2011,,,^ʃ i r o n t e n ts i$,default
Maipure-17_man-1,,Maipure,17_man,kayarikini,kayarikini,k a j a r i k i n i,,walker2011,,,^k a y a r i k i n i$,default
Manao-17_man-1,,Manao,17_man,"irinali,",irinali,i r i n a l i,,walker2011,,,^i r i n a l i$,default
Mandahuaca-17_man-1,,Mandahuaca,17_man,aʒinahe,aʒinahe,a ʒ i n a h e,,walker2011,,,^a ʒ i n a h e$,default
Machinere-17_man-1,,Machinere,17_man,yeʃi,yeʃi,j e ʃ i,,walker2011,,,^y e ʃ i$,default
Marawan-17_man-1,,Marawan,17_man, awaire,awaire,a w a i r e,,walker2011,,,^a w a i r e$,default
Maragua-17_man-1,,Maragua,17_man,"tewun, adɨjumihu",tewun,t e w u n,,walker2011,,,^t e w u n$,default
Maragua-17_man-2,,Maragua,17_man,"tewun, adɨjumihu",adɨjumihu,a d ɨ j u m i h u,,walker2011,,,^a d ɨ j u m i h u$,default
Mariate-17_man-1,,Mariate,17_man,"puyne,atsitsana",puyne,p u j n e,,walker2011,,,^p u y n e$,default
Mariate-17_man-2,,Mariate,17_man,"puyne,atsitsana",atsitsana,a ts i ts a n a,,walker2011,,,^a ts i ts a n a$,default
MapidianMawayana-17_man-1,,MapidianMawayana,17_man,asɨna,asɨna,a s ɨ n a,,walker2011,,,^a s ɨ n a$,default
Mehinaku-17_man-1,,Mehinaku,17_man,enɨʂa,enɨʂa,e n ɨ ʂ a,,walker2011,,,^e n ɨ ʂ a$,default
Nomatsiguenga-17_man-1,,Nomatsiguenga,17_man,sɨrari,sɨrari,s ɨ r a r i,,walker2011,,,^s ɨ r a r i$,default
Palikur-17_man-1,,Palikur,17_man,awayg,awayg,a w a j g,,walker2011,,,^a w a y g$,default
Paraujano-17_man-1,,Paraujano,17_man,eitʃirn,eitʃirn,e i tʃ i r n,,walker2011,,,^e i tʃ i r n$,default
Parecis-17_man-1,,Parecis,17_man,ena,ena,e n a,,walker2011,,,^e n a$,default
Passe-17_man-1,,Passe,17_man,tʃiwani,tʃiwani,tʃ i w a n i,,walker2011,,,^tʃ i w a n i$,default
Piapoco-17_man-1,,Piapoco,17_man,asìali,asìali,a s ì/i a l i,,walker2011,,,^a s ì a l i$,default
Yine-17_man-1,,Yine,17_man,yinerɨ,yinerɨ,j i n e r ɨ,,walker2011,,,^y i n e r ɨ$,default
Resigaro-17_man-1,,Resigaro,17_man,atsaːgi,atsaːgi,a ts aː g i,,walker2011,,,^a ts aː g i$,default
Saraveca-17_man-1,,Saraveca,17_man,etʃeena,etʃeena,e tʃ eː n a,,walker2011,,,^e tʃ ee n a$,default
Taino-17_man-1,,Taino,17_man,"guaxeri, iro,eieri, -heri, bahari",guaxeri,g u a x e r i,,walker2011,,,^g u a x e r i$,default
Taino-17_man-2,,Taino,17_man,"guaxeri, iro,eieri, -heri, bahari",iro,i r o,,walker2011,,,^i r o$,default
Taino-17_man-3,,Taino,17_man,"guaxeri, iro,eieri, -heri, bahari",eieri,e i e r i,,walker2011,,,^e i e r i$,default
Taino-17_man-4,,Taino,17_man,"guaxeri, iro,eieri, -heri, bahari",-heri,h e r i,,walker2011,,,^- h e r i$,default
Taino-17_man-5,,Taino,17_man,"guaxeri, iro,eieri, -heri, bahari",bahari,b a h a r i,,walker2011,,,^b a h a r i$,default
Tariana-17_man-1,,Tariana,17_man,tʃiãɾi,tʃiãɾi,tʃ i ã ɾ i,,walker2011,,,^tʃ i ã ɾ i$,default
Terena-17_man-1,,Terena,17_man,hójeno,hójeno,h ó/o j e n o,,walker2011,,,^h ó j e n o$,default
Trinitario-17_man-1,,Trinitario,17_man,oʔjono,oʔjono,o ʔ j o n o,,walker2011,,,^o ʔ j o n o$,default
Wainuma-17_man-1,,Wainuma,17_man,"atziitʃari, atʃijari, atʃitʃiri",atziitʃari,a ts iː tʃ a r i,,walker2011,,,^a tz ii tʃ a r i$,default
Wainuma-17_man-2,,Wainuma,17_man,"atziitʃari, atʃijari, atʃitʃiri",atʃijari,a tʃ i j a r i,,walker2011,,,^a tʃ i j a r i$,default
Wainuma-17_man-3,,Wainuma,17_man,"atziitʃari, atʃijari, atʃitʃiri",atʃitʃiri,a tʃ i tʃ i r i,,walker2011,,,^a tʃ i tʃ i r i$,default
Wapishana-17_man-1,,Wapishana,17_man,ɖaunaiuɽ,ɖaunaiuɽ,ɖ a u n a i u ɽ,,walker2011,,,^ɖ a u n a i u ɽ$,default
Araicu-17_man-1,,Araicu,17_man,etialo,etialo,e t i a l o,,walker2011,,,^e t i a l o$,default
Warekena-17_man-1,,Warekena,17_man,asinale,asinale,a s i n a l e,,walker2011,,,^a s i n a l e$,default
WarekenaVelha-17_man-1,,WarekenaVelha,17_man,enami,enami,e n a m i,,walker2011,,,^e n a m i$,default
Waura-17_man-1,,Waura,17_man,enɨʐa,enɨʐa,e n ɨ ʐ a,,walker2011,,,^e n ɨ ʐ a$,default
Yavitero-17_man-1,,Yavitero,17_man,enami,enami,e n a m i,,walker2011,,,^e n a m i$,default
Yawalapiti-17_man-1,,Yawalapiti,17_man,ɨɾina,ɨɾina,ɨ ɾ i n a,,walker2011,,,^ɨ ɾ i n a$,default
Yucuna-17_man-1,,Yucuna,17_man,atʃiɲa,atʃiɲa,a tʃ i ɲ a,,walker2011,,,^a tʃ i ɲ a$,default
Jumana-17_man-1,,Jumana,17_man,"ayɨva, ásia, ayɨɨva",ayɨva,a j ɨ v a,,walker2011,,,^a y ɨ v a$,default
Jumana-17_man-2,,Jumana,17_man,"ayɨva, ásia, ayɨɨva",ásia,á/a s i a,,walker2011,,,^á s i a$,default
Jumana-17_man-3,,Jumana,17_man,"ayɨva, ásia, ayɨɨva",ayɨɨva,a j ɨː v a,,walker2011,,,^a y ɨɨ v a$,default
Achagua-18_child-1,,Achagua,18_child,ʃamalita,ʃamalita,ʃ a m a l i t a,,walker2011,,,^ʃ a m a l i t a$,default
Yanesha-18_child-1,,Yanesha,18_child,tʃeʃaʼ,tʃeʃaʼ,tʃ e ʃ aˀ,,walker2011,,,^tʃ e ʃ aʼ$,default
Anauya-18_child-1,,Anauya,18_child,yanenaui,yanenaui,j a n e n a u i,,walker2011,,,^y a n e n a u i$,default
Apurina-18_child-1,,Apurina,18_child,"ama-, hêke-",ama-,a m a,,walker2011,,,^a m a -$,default
Apurina-18_child-2,,Apurina,18_child,"ama-, hêke-",hêke-,h ê/e k e,,walker2011,,,^h ê k e -$,default
Ashaninka-18_child-1,,Ashaninka,18_child,hananeki,hananeki,h a n a n e k i,,walker2011,,,^h a n a n e k i$,default
Avane-18_child-1,,Avane,18_child,iluber,iluber,i l u b e r,,walker2011,,,^i l u b e r$,default
BaniwaDoIcana-18_child-1,,BaniwaDoIcana,18_child,enipe,enipe,e n i p e,,walker2011,,,^e n i p e$,default
Bare-18_child-1,,Bare,18_child,hantitʃɻe,hantitʃɻe,h a n t i tʃ ɻ e,,walker2011,,,^h a n t i tʃ ɻ e$,default
Baure-18_child-1,,Baure,18_child,montʃi,montʃi,m o n tʃ i,,walker2011,,,^m o n tʃ i$,default
Cabiyari-18_child-1,,Cabiyari,18_child,iritʃuwi,iritʃuwi,i r i tʃ u w i,,walker2011,,,^i r i tʃ u w i$,default
Cariai-18_child-1,,Cariai,18_child,"imuki, emetakɨ",imuki,i m u k i,,walker2011,,,^i m u k i$,default
Cariai-18_child-2,,Cariai,18_child,"imuki, emetakɨ",emetakɨ,e m e t a k ɨ,,walker2011,,,^e m e t a k ɨ$,default
Chamicuro-18_child-1,,Chamicuro,18_child,meploneye,meploneye,m e p l o n e j e,,walker2011,,,^m e p l o n e y e$,default
EnaweneNawe-18_child-1,,EnaweneNawe,18_child,diɲwa,diɲwa,d i ɲ w a,,walker2011,,,^d i ɲw a$,default
Garifuna-18_child-1,,Garifuna,18_child,"feelá, gɨrigia, mutu",feelá,f eː l á/a,,walker2011,,,^f ee l á$,default
Garifuna-18_child-2,,Garifuna,18_child,"feelá, gɨrigia, mutu",gɨrigia,g ɨ r i g i a,,walker2011,,,^g ɨ r i g i a$,default
Garifuna-18_child-3,,Garifuna,18_child,"feelá, gɨrigia, mutu",mutu,m u t u,,walker2011,,,^m u t u$,default
Wayuu-18_child-1,,Wayuu,18_child,hintɨi,hintɨi,h i n t ɨ i,,walker2011,,,^h i n t ɨ i$,default
Guinau-18_child-1,,Guinau,18_child,emi,emi,e m i,,walker2011,,,^e m i$,default
Ignaciano-18_child-1,,Ignaciano,18_child,amuya,amuya,a m u j a,,walker2011,,,^a m u y a$,default
Inapari-18_child-1,,Inapari,18_child,maháwɨ́tʃi,maháwɨ́tʃi,m a h á/a w ɨ́/ɨ tʃ i,,walker2011,,,^m a h á w ɨ́ tʃ i$,default
IslandCarib-18_child-1,,IslandCarib,18_child,niankeili,niankeili,n i a n k e i l i,,walker2011,,,^n i a n k e i l i$,default
Karutana-18_child-1,,Karutana,18_child,mapeni,mapeni,m a p e n i,,walker2011,,,^m a p e n i$,default
Kaishana-18_child-1,,Kaishana,18_child,kaikana,kaikana,k a i k a n a,,walker2011,,,^k a i k a n a$,default
Kinikinao-18_child-1,,Kinikinao,18_child,kaliwɔnɔ,kaliwɔnɔ,k a l i w ɔ n ɔ,,walker2011,,,^k a l i w ɔ n ɔ$,default
Curripaco-18_child-1,,Curripaco,18_child,haːpe,haːpe,h aː p e,,walker2011,,,^h aː p e$,default
Lokono-18_child-1,,Lokono,18_child,ibili,ibili,i b i l i,,walker2011,,,^i b i l i$,default
Machiguenga-18_child-1,,Machiguenga,18_child,ananeki,ananeki,a n a n e k i,,walker2011,,,^a n a n e k i$,default
Maipure-18_child-1,,Maipure,18_child,tumeteki,tumeteki,t u m e t e k i,,walker2011,,,^t u m e t e k i$,default
Manao-18_child-1,,Manao,18_child,koreneka,koreneka,k o r e n e k a,,walker2011,,,^k o r e n e k a$,default
Mandahuaca-18_child-1,,Mandahuaca,18_child,ki:rahe:re,ki:rahe:re,k iː r a h eː r e,,walker2011,,,^k i: r a h e: r e$,default
Machinere-18_child-1,,Machinere,18_child,notereni,notereni,n o t e r e n i,,walker2011,,,^n o t e r e n i$,default
Marawan-18_child-1,,Marawan,18_child,awairi,awairi,a w a i r i,,walker2011,,,^a w a i r i$,default
Maragua-18_child-1,,Maragua,18_child,otai,otai,o t a i,,walker2011,,,^o t a i$,default
Mariate-18_child-1,,Mariate,18_child,keretʃerɨ,keretʃerɨ,k e r e tʃ e r ɨ,,walker2011,,,^k e r e tʃ e r ɨ$,default
Mehinaku-18_child-1,,Mehinaku,18_child,jamukuhĩ,jamukuhĩ,j a m u k u h ĩ,,walker2011,,,^j a m u k u h ĩ$,default
Nomatsiguenga-18_child-1,,Nomatsiguenga,18_child,haneki,haneki,h a n e k i,,walker2011,,,^h a n e k i$,default
Palikur-18_child-1,,Palikur,18_child,bakimni,bakimni,b a k i m n i,,walker2011,,,^b a k i m n i$,default
Parecis-18_child-1,,Parecis,18_child,ʃoima,ʃoima,ʃ o i m a,,walker2011,,,^ʃ o i m a$,default
Passe-18_child-1,,Passe,18_child,ykeakje,ykeakje,j k e a k j e,,walker2011,,,^y k e a k j e$,default
Piapoco-18_child-1,,Piapoco,18_child,sùmài,sùmài,s ù/u m à/a i,,walker2011,,,^s ù m à i$,default
Yine-18_child-1,,Yine,18_child,mtɨrɨ,mtɨrɨ,m t ɨ r ɨ,,walker2011,,,^m t ɨ r ɨ$,default
Resigaro-18_child-1,,Resigaro,18_child,dʒaːnu,dʒaːnu,dʒ aː n u,,walker2011,,,^dʒ aː n u$,default
Saraveca-18_child-1,,Saraveca,18_child,imiaetsani,imiaetsani,i m i a e ts a n i,,walker2011,,,^i m i a e ts a n i$,default
Taino-18_child-1,,Taino,18_child,"guali, rahu [children]",guali,g u a l i,,walker2011,,,^g u a l i$,default
Taino-18_child-2,,Taino,18_child,"guali, rahu [children]",rahu_,r a h u,,walker2011,,,^r a h u _$,default
Tariana-18_child-1,,Tariana,18_child,emite,emite,e m i t e,,walker2011,,,^e m i t e$,default
Terena-18_child-1,,Terena,18_child,kaliwôno,kaliwôno,k a l i w ô/o n o,,walker2011,,,^k a l i w ô n o$,default
Trinitario-18_child-1,,Trinitario,18_child,ʔmoyo,ʔmoyo,ʔ m o j o,,walker2011,,,^ʔ m o y o$,default
Wainuma-18_child-1,,Wainuma,18_child,apairhairy,apairhairy,a p a i ɽʱ a i r y,,walker2011,,,^a p a i rh a i r y$,default
Wapishana-18_child-1,,Wapishana,18_child,kuɽaiɖiaunaː,kuɽaiɖiaunaː,k u ɽ a i ɖ i a u n aː,,walker2011,,,^k u ɽ a i ɖ i a u n aː$,default
Araicu-18_child-1,,Araicu,18_child,"etoboa, enkite",etoboa,e t o b o a,,walker2011,,,^e t o b o a$,default
Araicu-18_child-2,,Araicu,18_child,"etoboa, enkite",enkite,e n k i t e,,walker2011,,,^e n k i t e$,default
Warekena-18_child-1,,Warekena,18_child,kitape,kitape,k i t a p e,,walker2011,,,^k i t a p e$,default
WarekenaVelha-18_child-1,,WarekenaVelha,18_child,ʃiani,ʃiani,ʃ i a n i,,walker2011,,,^ʃ i a n i$,default
Waura-18_child-1,,Waura,18_child,jamukutai,jamukutai,j a m u k u t a i,,walker2011,,,^j a m u k u t a i$,default
Yavitero-18_child-1,,Yavitero,18_child,lihani,lihani,l i h a n i,,walker2011,,,^l i h a n i$,default
Yawalapiti-18_child-1,,Yawalapiti,18_child,jumɨľɨ,jumɨľɨ,j u m ɨ ľ/lʲ ɨ,,walker2011,,,^j u m ɨ ľ ɨ$,default
Yucuna-18_child-1,,Yucuna,18_child,toʔohma,toʔohma,t o ʔ o h m a,,walker2011,,,^t o ʔ o h m a$,default
Jumana-18_child-1,,Jumana,18_child,"mianu, haioha",mianu,m i a n u,,walker2011,,,^m i a n u$,default
Jumana-18_child-2,,Jumana,18_child,"mianu, haioha",haioha,h a i o h a,,walker2011,,,^h a i o h a$,default
Achagua-19_fish-1,,Achagua,19_fish,kubai,kubai,k u b a i,,walker2011,,,^k u b a i$,default
Yanesha-19_fish-1,,Yanesha,19_fish,kak,kak,k a k,,walker2011,,,^k a k$,default
Anauya-19_fish-1,,Anauya,19_fish,undrimani,undrimani,u n d r i m a n i,,walker2011,,,^u n d r i m a n i$,default
Apurina-19_fish-1,,Apurina,19_fish,ʃima-kɨ,ʃima-kɨ,ʃ i m a + k ɨ,,walker2011,,,^ʃ i m a - k ɨ$,default
Ashaninka-19_fish-1,,Ashaninka,19_fish,ahima,ahima,a h i m a,,walker2011,,,^a h i m a$,default
Xiriana-19_fish-1,,Xiriana,19_fish,wɨnɨtsɨ,wɨnɨtsɨ,w ɨ n ɨ ts ɨ,,walker2011,,,^w ɨ n ɨ ts ɨ$,default
Avane-19_fish-1,,Avane,19_fish,ʂime,ʂime,ʂ i m e,,walker2011,,,^ʂ i m e$,default
BaniwaDoIcana-19_fish-1,,BaniwaDoIcana,19_fish,kuphe,kuphe,k u pʰ e,,walker2011,,,^k u ph e$,default
Bare-19_fish-1,,Bare,19_fish,kubati,kubati,k u b a t i,,walker2011,,,^k u b a t i$,default
Baure-19_fish-1,,Baure,19_fish,him,him,h i m,,walker2011,,,^h i m$,default
Cabiyari-19_fish-1,,Cabiyari,19_fish,uleʔe,uleʔe,u l e ʔ e,,walker2011,,,^u l e ʔ e$,default
Cariai-19_fish-1,,Cariai,19_fish,rɨeko,rɨeko,r ɨ e k o,,walker2011,,,^r ɨ e k o$,default
Chamicuro-19_fish-1,,Chamicuro,19_fish,awatʃi,awatʃi,a w a tʃ i,,walker2011,,,^a w a tʃ i$,default
EnaweneNawe-19_fish-1,,EnaweneNawe,19_fish,kohase,kohase,k o h a s e,,walker2011,,,^k o h a s e$,default
Garifuna-19_fish-1,,Garifuna,19_fish,"úduraɨ, aɲuguni, adίaha, asiriwiha, haba",úduraɨ,ú/u d u r a ɨ,,walker2011,,,^ú d u r a ɨ$,default
Garifuna-19_fish-2,,Garifuna,19_fish,"úduraɨ, aɲuguni, adίaha, asiriwiha, haba",aɲuguni,a ɲ u g u n i,,walker2011,,,^a ɲ u g u n i$,default
Garifuna-19_fish-3,,Garifuna,19_fish,"úduraɨ, aɲuguni, adίaha, asiriwiha, haba",adίaha,a d ί/i a h a,,walker2011,,,^a d ί a h a$,default
Garifuna-19_fish-4,,Garifuna,19_fish,"úduraɨ, aɲuguni, adίaha, asiriwiha, haba",asiriwiha,a s i r i w i h a,,walker2011,,,^a s i r i w i h a$,default
Garifuna-19_fish-5,,Garifuna,19_fish,"úduraɨ, aɲuguni, adίaha, asiriwiha, haba",haba,h a b a,,walker2011,,,^h a b a$,default
Wayuu-19_fish-1,,Wayuu,19_fish,hime,hime,h i m e,,walker2011,,,^h i m e$,default
Guinau-19_fish-1,,Guinau,19_fish,"kaːdʒepe, ontsaha",kaːdʒepe,k aː dʒ e p e,,walker2011,,,^k aː dʒ e p e$,default
Guinau-19_fish-2,,Guinau,19_fish,"kaːdʒepe, ontsaha",ontsaha,o n ts a h a,,walker2011,,,^o n ts a h a$,default
Ignaciano-19_fish-1,,Ignaciano,19_fish,hima,hima,h i m a,,walker2011,,,^h i m a$,default
Inapari-19_fish-1,,Inapari,19_fish,himá,himá,h i m á/a,,walker2011,,,^h i m á$,default
IslandCarib-19_fish-1,,IslandCarib,19_fish,aoto,aoto,a o t o,,walker2011,,,^a o t o$,default
Karutana-19_fish-1,,Karutana,19_fish,kuphe,kuphe,k u pʰ e,,walker2011,,,^k u ph e$,default
Kaishana-19_fish-1,,Kaishana,19_fish,ɲakari,ɲakari,ɲ a k a r i,,walker2011,,,^ɲ a k a r i$,default
Kinikinao-19_fish-1,,Kinikinao,19_fish,hɔɔε,hɔɔε,h ɔː ε,,walker2011,,,^h ɔɔ ε$,default
Curripaco-19_fish-1,,Curripaco,19_fish,kuphe,kuphe,k u pʰ e,,walker2011,,,^k u ph e$,default
Lokono-19_fish-1,,Lokono,19_fish,hime,hime,h i m e,,walker2011,,,^h i m e$,default
Machiguenga-19_fish-1,,Machiguenga,19_fish,ʃima,ʃima,ʃ i m a,,walker2011,,,^ʃ i m a$,default
Maipure-19_fish-1,,Maipure,19_fish,timaki,timaki,t i m a k i,,walker2011,,,^t i m a k i$,default
Manao-19_fish-1,,Manao,19_fish,paykisiki,paykisiki,p a j k i s i k i,,walker2011,,,^p a y k i s i k i$,default
Mandahuaca-19_fish-1,,Mandahuaca,19_fish,kuhe,kuhe,k u h e,,walker2011,,,^k u h e$,default
Machinere-19_fish-1,,Machinere,19_fish,ʃima,ʃima,ʃ i m a,,walker2011,,,^ʃ i m a$,default
Marawan-19_fish-1,,Marawan,19_fish,pontar,pontar,p o n t a r,,walker2011,,,^p o n t a r$,default
Maragua-19_fish-1,,Maragua,19_fish,eme,eme,e m e,,walker2011,,,^e m e$,default
Mariate-19_fish-1,,Mariate,19_fish,ytza,ytza,j ts a,,walker2011,,,^y tz a$,default
MapidianMawayana-19_fish-1,,MapidianMawayana,19_fish,kuwɨ,kuwɨ,k u w ɨ,,walker2011,,,^k u w ɨ$,default
Mehinaku-19_fish-1,,Mehinaku,19_fish,kupatɨ,kupatɨ,k u p a t ɨ,,walker2011,,,^k u p a t ɨ$,default
Nomatsiguenga-19_fish-1,,Nomatsiguenga,19_fish,sima,sima,s i m a,,walker2011,,,^s i m a$,default
Palikur-19_fish-1,,Palikur,19_fish,im,im,i m,,walker2011,,,^i m$,default
Paraujano-19_fish-1,,Paraujano,19_fish,cɨr,cɨr,c ɨ r,,walker2011,,,^c ɨ r$,default
Parecis-19_fish-1,,Parecis,19_fish,kohatse,kohatse,k o h a ts e,,walker2011,,,^k o h a ts e$,default
Passe-19_fish-1,,Passe,19_fish,kuhoby,kuhoby,k u h o b y,,walker2011,,,^k u h o b y$,default
Piapoco-19_fish-1,,Piapoco,19_fish,kubái,kubái,k u b á/a i,,walker2011,,,^k u b á i$,default
Yine-19_fish-1,,Yine,19_fish,ʃima,ʃima,ʃ i m a,,walker2011,,,^ʃ i m a$,default
Resigaro-19_fish-1,,Resigaro,19_fish,amoːgi,amoːgi,a m oː g i,,walker2011,,,^a m oː g i$,default
Saraveca-19_fish-1,,Saraveca,19_fish,hoʃahe,hoʃahe,h o ʃ a h e,,walker2011,,,^h o ʃ a h e$,default
Taino-19_fish-1,,Taino,19_fish,"ikan, anana, guaba",ikan,i k a n,,walker2011,,,^i k a n$,default
Taino-19_fish-2,,Taino,19_fish,"ikan, anana, guaba",anana,a n a n a,,walker2011,,,^a n a n a$,default
Taino-19_fish-3,,Taino,19_fish,"ikan, anana, guaba",guaba,g u a b a,,walker2011,,,^g u a b a$,default
Tariana-19_fish-1,,Tariana,19_fish,kupha,kupha,k u pʰ a,,walker2011,,,^k u ph a$,default
Terena-19_fish-1,,Terena,19_fish,hjo,hjo,h j o,,walker2011,,,^h j o$,default
Trinitario-19_fish-1,,Trinitario,19_fish,himo,himo,h i m o,,walker2011,,,^h i m o$,default
Wainuma-19_fish-1,,Wainuma,19_fish,"idʒa,heitʃa",idʒa,i dʒ a,,walker2011,,,^i dʒ a$,default
Wainuma-19_fish-2,,Wainuma,19_fish,"idʒa,heitʃa",heitʃa,h e i tʃ a,,walker2011,,,^h e i tʃ a$,default
Wapishana-19_fish-1,,Wapishana,19_fish,kupaɨn,kupaɨn,k u p a ɨ n,,walker2011,,,^k u p a ɨ n$,default
Araicu-19_fish-1,,Araicu,19_fish,ime,ime,i m e,,walker2011,,,^i m e$,default
Warekena-19_fish-1,,Warekena,19_fish,kupha,kupha,k u pʰ a,,walker2011,,,^k u ph a$,default
WarekenaVelha-19_fish-1,,WarekenaVelha,19_fish,ʃime,ʃime,ʃ i m e,,walker2011,,,^ʃ i m e$,default
Waura-19_fish-1,,Waura,19_fish,kupatɨ,kupatɨ,k u p a t ɨ,,walker2011,,,^k u p a t ɨ$,default
Yavitero-19_fish-1,,Yavitero,19_fish,kuhasi,kuhasi,k u h a s i,,walker2011,,,^k u h a s i$,default
Yawalapiti-19_fish-1,,Yawalapiti,19_fish,kupati,kupati,k u p a t i,,walker2011,,,^k u p a t i$,default
Yucuna-19_fish-1,,Yucuna,19_fish,hiɲa,hiɲa,h i ɲ a,,walker2011,,,^h i ɲ a$,default
Jumana-19_fish-1,,Jumana,19_fish,kupe,kupe,k u p e,,walker2011,,,^k u p e$,default
Achagua-20_bird-1,,Achagua,20_bird,miʃidu,miʃidu,m i ʃ i d u,,walker2011,,,^m i ʃ i d u$,default
Yanesha-20_bird-1,,Yanesha,20_bird,otj,otj,o t j,,walker2011,,,^o t j$,default
Apurina-20_bird-1,,Apurina,20_bird,kotɨperekɨ,kotɨperekɨ,k o t ɨ p e r e k ɨ,,walker2011,,,^k o t ɨ p e r e k ɨ$,default
Aruan-20_bird-1,,Aruan,20_bird,kudeitale,kudeitale,k u d e i t a l e,,walker2011,,,^k u d e i t a l e$,default
Ashaninka-20_bird-1,,Ashaninka,20_bird,tsimeri,tsimeri,ts i m e r i,,walker2011,,,^ts i m e r i$,default
Xiriana-20_bird-1,,Xiriana,20_bird,kutɨɻaɨ,kutɨɻaɨ,k u t ɨ ɻ a ɨ,,walker2011,,,^k u t ɨ ɻ a ɨ$,default
Avane-20_bird-1,,Avane,20_bird,"utsipie, yuːwe",utsipie,u ts i p i e,,walker2011,,,^u ts i p i e$,default
Avane-20_bird-2,,Avane,20_bird,"utsipie, yuːwe",yuːwe,j uː w e,,walker2011,,,^y uː w e$,default
BaniwaDoIcana-20_bird-1,,BaniwaDoIcana,20_bird,"kepiɻa, tsika, wiiphiaɻu, kepireni",kepiɻa,k e p i ɻ a,,walker2011,,,^k e p i ɻ a$,default
BaniwaDoIcana-20_bird-2,,BaniwaDoIcana,20_bird,"kepiɻa, tsika, wiiphiaɻu, kepireni",tsika,ts i k a,,walker2011,,,^ts i k a$,default
BaniwaDoIcana-20_bird-3,,BaniwaDoIcana,20_bird,"kepiɻa, tsika, wiiphiaɻu, kepireni",wiiphiaɻu,w iː pʰ i a ɻ u,,walker2011,,,^w ii ph i a ɻ u$,default
BaniwaDoIcana-20_bird-4,,BaniwaDoIcana,20_bird,"kepiɻa, tsika, wiiphiaɻu, kepireni",kepireni,k e p i r e n i,,walker2011,,,^k e p i r e n i$,default
Bare-20_bird-1,,Bare,20_bird,tʃabati,tʃabati,tʃ a b a t i,,walker2011,,,^tʃ a b a t i$,default
Baure-20_bird-1,,Baure,20_bird,aren,aren,a r e n,,walker2011,,,^a r e n$,default
Cabiyari-20_bird-1,,Cabiyari,20_bird,kuʔpira,kuʔpira,k u ʔ p i r a,,walker2011,,,^k u ʔ p i r a$,default
Caquinte-20_bird-1,,Caquinte,20_bird,tsimerite,tsimerite,ts i m e r i t e,,walker2011,,,^ts i m e r i t e$,default
Chamicuro-20_bird-1,,Chamicuro,20_bird,tʃisti,tʃisti,tʃ i s t i,,walker2011,,,^tʃ i s t i$,default
Garifuna-20_bird-1,,Garifuna,20_bird,dunuru,dunuru,d u n u r u,,walker2011,,,^d u n u r u$,default
Wayuu-20_bird-1,,Wayuu,20_bird,wutʃi,wutʃi,w u tʃ i,,walker2011,,,^w u tʃ i$,default
Guinau-20_bird-1,,Guinau,20_bird,kurupiu,kurupiu,k u r u p i u,,walker2011,,,^k u r u p i u$,default
Ignaciano-20_bird-1,,Ignaciano,20_bird,káyure,káyure,k á/a j u r e,,walker2011,,,^k á y u r e$,default
Inapari-20_bird-1,,Inapari,20_bird,amehɨrɨ́,amehɨrɨ́,a m e h ɨ r ɨ́/ɨ,,walker2011,,,^a m e h ɨ r ɨ́$,default
IslandCarib-20_bird-1,,IslandCarib,20_bird,tonolu,tonolu,t o n o l u,,walker2011,,,^t o n o l u$,default
Karutana-20_bird-1,,Karutana,20_bird,tʃiba,tʃiba,tʃ i b a,,walker2011,,,^tʃ i b a$,default
Kaishana-20_bird-1,,Kaishana,20_bird,parena,parena,p a r e n a,,walker2011,,,^p a r e n a$,default
Kinikinao-20_bird-1,,Kinikinao,20_bird,ʃɔhɔpenɔ,ʃɔhɔpenɔ,ʃ ɔ h ɔ p e n ɔ,,walker2011,,,^ʃ ɔ h ɔ p e n ɔ$,default
Curripaco-20_bird-1,,Curripaco,20_bird,tsiːka,tsiːka,ts iː k a,,walker2011,,,^ts iː k a$,default
Lokono-20_bird-1,,Lokono,20_bird,kodibio,kodibio,k o d i b i o,,walker2011,,,^k o d i b i o$,default
Machiguenga-20_bird-1,,Machiguenga,20_bird,tsimeri,tsimeri,ts i m e r i,,walker2011,,,^ts i m e r i$,default
Maipure-20_bird-1,,Maipure,20_bird,siu,siu,s i u,,walker2011,,,^s i u$,default
Mandahuaca-20_bird-1,,Mandahuaca,20_bird,se:se,se:se,s eː s e,,walker2011,,,^s e: s e$,default
Machinere-20_bird-1,,Machinere,20_bird,kositʃi,kositʃi,k o s i tʃ i,,walker2011,,,^k o s i tʃ i$,default
Marawan-20_bird-1,,Marawan,20_bird,turumne,turumne,t u r u m n e,,walker2011,,,^t u r u m n e$,default
Maragua-20_bird-1,,Maragua,20_bird,"kimpu, iribizi",kimpu,k i m p u,,walker2011,,,^k i m p u$,default
Maragua-20_bird-2,,Maragua,20_bird,"kimpu, iribizi",iribizi,i r i b i z i,,walker2011,,,^i r i b i z i$,default
Mariate-20_bird-1,,Mariate,20_bird,kupiraʔapha,kupiraʔapha,k u p i r a ʔ a pʰ a,,walker2011,,,^k u p i r a ʔ a ph a$,default
MapidianMawayana-20_bird-1,,MapidianMawayana,20_bird,kuɨʃɨas,kuɨʃɨas,k u ɨ ʃ ɨ a s,,walker2011,,,^k u ɨ ʃ ɨ a s$,default
Mehinaku-20_bird-1,,Mehinaku,20_bird,kupɨʂatɨ,kupɨʂatɨ,k u p ɨ ʂ a t ɨ,,walker2011,,,^k u p ɨ ʂ a t ɨ$,default
Nomatsiguenga-20_bird-1,,Nomatsiguenga,20_bird,tsimiri,tsimiri,ts i m i r i,,walker2011,,,^ts i m i r i$,default
Palikur-20_bird-1,,Palikur,20_bird,kuphira,kuphira,k u pʰ i r a,,walker2011,,,^k u ph i r a$,default
Paraujano-20_bird-1,,Paraujano,20_bird,kodibio,kodibio,k o d i b i o,,walker2011,,,^k o d i b i o$,default
Parecis-20_bird-1,,Parecis,20_bird,kotehala,kotehala,k o t e h a l a,,walker2011,,,^k o t e h a l a$,default
Passe-20_bird-1,,Passe,20_bird,sepata,sepata,s e p a t a,,walker2011,,,^s e p a t a$,default
Piapoco-20_bird-1,,Piapoco,20_bird,màsibèe,màsibèe,m à/a s i b è/e e,,walker2011,,,^m às i b è e$,default
Yine-20_bird-1,,Yine,20_bird,koʃitʃi,koʃitʃi,k o ʃ i tʃ i,,walker2011,,,^k o ʃ i tʃ i$,default
Resigaro-20_bird-1,,Resigaro,20_bird,koʔpiːdu,koʔpiːdu,k o ʔ p iː d u,,walker2011,,,^k o ʔ p iː d u$,default
Saraveca-20_bird-1,,Saraveca,20_bird,ahihi,ahihi,a h i h i,,walker2011,,,^a h i h i$,default
Taino-20_bird-1,,Taino,20_bird,bogiael,bogiael,b o g i a e l,,walker2011,,,^b o g i a e l$,default
Tariana-20_bird-1,,Tariana,20_bird,kepi,kepi,k e p i,,walker2011,,,^k e p i$,default
Terena-20_bird-1,,Terena,20_bird,hóʔopeno,hóʔopeno,h ó/o ʔ o p e n o,,walker2011,,,^h ó ʔ o p e n o$,default
Trinitario-20_bird-1,,Trinitario,20_bird,koyre,koyre,k o j r e,,walker2011,,,^k o y r e$,default
Wainuma-20_bird-1,,Wainuma,20_bird,"kupirinany, kupyire, isibeni",kupirinany,k u p i r i n a n y,,walker2011,,,^k u p i r i n a n y$,default
Wainuma-20_bird-2,,Wainuma,20_bird,"kupirinany, kupyire, isibeni",kupyire,k u p j i r e,,walker2011,,,^k u p y i r e$,default
Wainuma-20_bird-3,,Wainuma,20_bird,"kupirinany, kupyire, isibeni",isibeni,i s i b e n i,,walker2011,,,^i s i b e n i$,default
Wapishana-20_bird-1,,Wapishana,20_bird,kutɨʔɨʐɨ,kutɨʔɨʐɨ,k u t ɨ ʔ ɨ ʐ ɨ,,walker2011,,,^k u t ɨ ʔ ɨ ʐ ɨ$,default
Warekena-20_bird-1,,Warekena,20_bird,wiba,wiba,w i b a,,walker2011,,,^w i b a$,default
WarekenaVelha-20_bird-1,,WarekenaVelha,20_bird,utʃipie,utʃipie,u tʃ i p i e,,walker2011,,,^u tʃ i p i e$,default
Waura-20_bird-1,,Waura,20_bird,kuhupɨʐatɨ,kuhupɨʐatɨ,k u h u p ɨ ʐ a t ɨ,,walker2011,,,^k u h u p ɨ ʐ a t ɨ$,default
Yavitero-20_bird-1,,Yavitero,20_bird,nili,nili,n i l i,,walker2011,,,^n i l i$,default
Yawalapiti-20_bird-1,,Yawalapiti,20_bird,puʃiu,puʃiu,p u ʃ i u,,walker2011,,,^p u ʃ i u$,default
Yucuna-20_bird-1,,Yucuna,20_bird,kupiraʔapha,kupiraʔapha,k u p i r a ʔ a pʰ a,,walker2011,,,^k u p i r a ʔ a ph a$,default
Jumana-20_bird-1,,Jumana,20_bird,"yupae, onɨakphɨ",yupae,j u p a e,,walker2011,,,^y u p a e$,default
Jumana-20_bird-2,,Jumana,20_bird,"yupae, onɨakphɨ",onɨakphɨ,o n ɨ a k pʰ ɨ,,walker2011,,,^o n ɨ a k ph ɨ$,default
Achagua-21_dog-1,,Achagua,21_dog,auli,auli,a u l i,,walker2011,,,^a u l i$,default
Yanesha-21_dog-1,,Yanesha,21_dog,otʃek,otʃek,o tʃ e k,,walker2011,,,^o tʃ e k$,default
Anauya-21_dog-1,,Anauya,21_dog,oniminau,oniminau,o n i m i n a u,,walker2011,,,^o n i m i n a u$,default
Apurina-21_dog-1,,Apurina,21_dog,anãpa(narɨ),anãpa,a n ã p a,,walker2011,,,^a n ã p a$,default
Aruan-21_dog-1,,Aruan,21_dog,dini,dini,d i n i,,walker2011,,,^d i n i$,default
Ashaninka-21_dog-1,,Ashaninka,21_dog,otsiti,otsiti,o ts i t i,,walker2011,,,^o ts i t i$,default
Xiriana-21_dog-1,,Xiriana,21_dog,awatsɨ,awatsɨ,a w a ts ɨ,,walker2011,,,^a w a ts ɨ$,default
Avane-21_dog-1,,Avane,21_dog,tsinu,tsinu,ts i n u,,walker2011,,,^ts i n u$,default
BaniwaDoIcana-21_dog-1,,BaniwaDoIcana,21_dog,tsiːnu,tsiːnu,ts iː n u,,walker2011,,,^ts iː n u$,default
Bare-21_dog-1,,Bare,21_dog,tʃinu,tʃinu,tʃ i n u,,walker2011,,,^tʃ i n u$,default
Baure-21_dog-1,,Baure,21_dog,kobeʔ,kobeʔ,k o b e ʔ,,walker2011,,,^k o b e ʔ$,default
Cabiyari-21_dog-1,,Cabiyari,21_dog,tʃaːwi,tʃaːwi,tʃ aː w i,,walker2011,,,^tʃ aː w i$,default
Caquinte-21_dog-1,,Caquinte,21_dog,ʃiːʃi,ʃiːʃi,ʃ iː ʃ i,,walker2011,,,^ʃ iː ʃ i$,default
Cariai-21_dog-1,,Cariai,21_dog,akurana,akurana,a k u r a n a,,walker2011,,,^a k u r a n a$,default
Chamicuro-21_dog-1,,Chamicuro,21_dog,maʔnali,maʔnali,m a ʔ n a l i,,walker2011,,,^m a ʔ n a l i$,default
Garifuna-21_dog-1,,Garifuna,21_dog,ounli,ounli,o u n l i,,walker2011,,,^o u n l i$,default
Wayuu-21_dog-1,,Wayuu,21_dog,eɾɨ,eɾɨ,e ɾ ɨ,,walker2011,,,^e ɾ ɨ$,default
Guinau-21_dog-1,,Guinau,21_dog,"koaːʒi, kwaʃi",koaːʒi,k o aː ʒ i,,walker2011,,,^k o aː ʒ i$,default
Guinau-21_dog-2,,Guinau,21_dog,"koaːʒi, kwaʃi",kwaʃi,kʷ a ʃ i,,walker2011,,,^kw a ʃ i$,default
Ignaciano-21_dog-1,,Ignaciano,21_dog,tamuku,tamuku,t a m u k u,,walker2011,,,^t a m u k u$,default
Inapari-21_dog-1,,Inapari,21_dog,awé,awé,a w é/e,,walker2011,,,^a w é$,default
IslandCarib-21_dog-1,,IslandCarib,21_dog,auli,auli,a u l i,,walker2011,,,^a u l i$,default
Karutana-21_dog-1,,Karutana,21_dog,tʃinu,tʃinu,tʃ i n u,,walker2011,,,^tʃ i n u$,default
Kaishana-21_dog-1,,Kaishana,21_dog,"ei, ɨji, azarae",ei,e i,,walker2011,,,^e i$,default
Kaishana-21_dog-2,,Kaishana,21_dog,"ei, ɨji, azarae",ɨji,ɨ j i,,walker2011,,,^ɨ j i$,default
Kaishana-21_dog-3,,Kaishana,21_dog,"ei, ɨji, azarae",azarae,a z a r a e,,walker2011,,,^a z a r a e$,default
Kinikinao-21_dog-1,,Kinikinao,21_dog,tomiuku,tomiuku,t o m i u k u,,walker2011,,,^t o m i u k u$,default
Curripaco-21_dog-1,,Curripaco,21_dog,tsiːno,tsiːno,ts iː n o,,walker2011,,,^ts iː n o$,default
Lokono-21_dog-1,,Lokono,21_dog,kakiro,kakiro,k a k i r o,,walker2011,,,^k a k i r o$,default
Machiguenga-21_dog-1,,Machiguenga,21_dog,kantankitʃa,kantankitʃa,k a n t a n k i tʃ a,,walker2011,,,^k a n t a n k i tʃ a$,default
Maipure-21_dog-1,,Maipure,21_dog,"auri, yawa",auri,a u r i,,walker2011,,,^a u r i$,default
Maipure-21_dog-2,,Maipure,21_dog,"auri, yawa",yawa,j a w a,,walker2011,,,^y a w a$,default
Manao-21_dog-1,,Manao,21_dog,akurana,akurana,a k u r a n a,,walker2011,,,^a k u r a n a$,default
Mandahuaca-21_dog-1,,Mandahuaca,21_dog,tʃi:nu,tʃi:nu,tʃ iː n u,,walker2011,,,^tʃ i: n u$,default
Machinere-21_dog-1,,Machinere,21_dog,kawe,kawe,k a w e,,walker2011,,,^k a w e$,default
Marawan-21_dog-1,,Marawan,21_dog,peolo,peolo,p e o l o,,walker2011,,,^p e o l o$,default
Maragua-21_dog-1,,Maragua,21_dog,"nunira, itueri",nunira,n u n i r a,,walker2011,,,^n u n i r a$,default
Maragua-21_dog-2,,Maragua,21_dog,"nunira, itueri",itueri,i t u e r i,,walker2011,,,^i t u e r i$,default
Mariate-21_dog-1,,Mariate,21_dog,"tʃubɨ, inari",tʃubɨ,tʃ u b ɨ,,walker2011,,,^tʃ u b ɨ$,default
Mariate-21_dog-2,,Mariate,21_dog,"tʃubɨ, inari",inari,i n a r i,,walker2011,,,^i n a r i$,default
MapidianMawayana-21_dog-1,,MapidianMawayana,21_dog,yimada,yimada,j i m a d a,,walker2011,,,^y i m a d a$,default
Mehinaku-21_dog-1,,Mehinaku,21_dog,awajalukuma,awajalukuma,a w a j a l u k u m a,,walker2011,,,^a w a j a l u k u m a$,default
Nomatsiguenga-21_dog-1,,Nomatsiguenga,21_dog,otsiti,otsiti,o ts i t i,,walker2011,,,^o ts i t i$,default
Palikur-21_dog-1,,Palikur,21_dog,pewru,pewru,p e w r u,,walker2011,,,^p e w r u$,default
Paraujano-21_dog-1,,Paraujano,21_dog,yeri,yeri,j e r i,,walker2011,,,^y e r i$,default
Parecis-21_dog-1,,Parecis,21_dog,katʃolo,katʃolo,k a tʃ o l o,,walker2011,,,^k a tʃ o l o$,default
Piapoco-21_dog-1,,Piapoco,21_dog,áuli,áuli,á/a u l i,,walker2011,,,^á u l i$,default
Yine-21_dog-1,,Yine,21_dog,kewe,kewe,k e w e,,walker2011,,,^k e w e$,default
Resigaro-21_dog-1,,Resigaro,21_dog,iːni,iːni,iː n i,,walker2011,,,^iː n i$,default
Saraveca-21_dog-1,,Saraveca,21_dog,ʃiʃare,ʃiʃare,ʃ i ʃ a r e,,walker2011,,,^ʃ i ʃ a r e$,default
Taino-21_dog-1,,Taino,21_dog,"kuchis, aon",kuchis,k u tʃ i s,,walker2011,,,^k u ch i s$,default
Taino-21_dog-2,,Taino,21_dog,"kuchis, aon",aon,a o n,,walker2011,,,^a o n$,default
Tariana-21_dog-1,,Tariana,21_dog,tʃinu,tʃinu,tʃ i n u,,walker2011,,,^tʃ i n u$,default
Terena-21_dog-1,,Terena,21_dog,sînji,sînji,s î/i n j i,,walker2011,,,^s î n j i$,default
Trinitario-21_dog-1,,Trinitario,21_dog,paku,paku,p a k u,,walker2011,,,^p a k u$,default
Wainuma-21_dog-1,,Wainuma,21_dog,tʃabi,tʃabi,tʃ a b i,,walker2011,,,^tʃ a b i$,default
Wapishana-21_dog-1,,Wapishana,21_dog,aɽimaɽaka,aɽimaɽaka,a ɽ i m a ɽ a k a,,walker2011,,,^a ɽ i m a ɽ a k a$,default
Araicu-21_dog-1,,Araicu,21_dog,itʃino,itʃino,i tʃ i n o,,walker2011,,,^i tʃ i n o$,default
Warekena-21_dog-1,,Warekena,21_dog,tʃinu,tʃinu,tʃ i n u,,walker2011,,,^tʃ i n u$,default
WarekenaVelha-21_dog-1,,WarekenaVelha,21_dog,tʃinu,tʃinu,tʃ i n u,,walker2011,,,^tʃ i n u$,default
Waura-21_dog-1,,Waura,21_dog,awaulukumã,awaulukumã,a w a u l u k u m ã,,walker2011,,,^a w a u l u k u m ã$,default
Yavitero-21_dog-1,,Yavitero,21_dog,kuaili,kuaili,k u a i l i,,walker2011,,,^k u a i l i$,default
Yawalapiti-21_dog-1,,Yawalapiti,21_dog,wajuluku,wajuluku,w a j u l u k u,,walker2011,,,^w a j u l u k u$,default
Yucuna-21_dog-1,,Yucuna,21_dog,yawi,yawi,j a w i,,walker2011,,,^y a w i$,default
Jumana-21_dog-1,,Jumana,21_dog,yama,yama,j a m a,,walker2011,,,^y a m a$,default
Achagua-22_louse-1,,Achagua,22_louse,witeːniʃi,witeːniʃi,w i t eː n i ʃ i,,walker2011,,,^w i t eː n i ʃ i$,default
Yanesha-22_louse-1,,Yanesha,22_louse,olj,olj,o l j,,walker2011,,,^o l j$,default
Anauya-22_louse-1,,Anauya,22_louse,tuida,tuida,t u i d a,,walker2011,,,^t u i d a$,default
Apurina-22_louse-1,,Apurina,22_louse,nipa-,nipa-,n i p a,,walker2011,,,^n i p a -$,default
Ashaninka-22_louse-1,,Ashaninka,22_louse,netsi,netsi,n e ts i,,walker2011,,,^n e ts i$,default
Xiriana-22_louse-1,,Xiriana,22_louse,-nia,-nia,n i a,,walker2011,,,^- n i a$,default
Avane-22_louse-1,,Avane,22_louse,tsuida,tsuida,ts u i d a,,walker2011,,,^ts u i d a$,default
BaniwaDoIcana-22_louse-1,,BaniwaDoIcana,22_louse,t̼uwida,t̼uwida,t̼ u w i d a,,walker2011,,,^t̼ u w i d a$,default
Bare-22_louse-1,,Bare,22_louse,tuid’a,tuid’a,t u i dʲ a,,walker2011,,,^t u i d’ a$,default
Baure-22_louse-1,,Baure,22_louse,inok,inok,i n o k,,walker2011,,,^i n o k$,default
Cabiyari-22_louse-1,,Cabiyari,22_louse,niː,niː,n iː,,walker2011,,,^n iː$,default
Caquinte-22_louse-1,,Caquinte,22_louse,iri,iri,i r i,,walker2011,,,^i r i$,default
Chamicuro-22_louse-1,,Chamicuro,22_louse,nihpa,nihpa,n i h p a,,walker2011,,,^n i h p a$,default
Garifuna-22_louse-1,,Garifuna,22_louse,hiɲein,hiɲein,h i ɲ e i n,,walker2011,,,^h i ɲ e i n$,default
Wayuu-22_louse-1,,Wayuu,22_louse,mapɨi,mapɨi,m a p ɨ i,,walker2011,,,^m a p ɨ i$,default
Guinau-22_louse-1,,Guinau,22_louse,ʒiweːda,ʒiweːda,ʒ i w eː d a,,walker2011,,,^ʒ i w eː d a$,default
Ignaciano-22_louse-1,,Ignaciano,22_louse,iɲeti,iɲeti,i ɲ e t i,,walker2011,,,^i ɲ e t i$,default
Inapari-22_louse-1,,Inapari,22_louse,hapáti,hapáti,h a p á/a t i,,walker2011,,,^h a p á t i$,default
IslandCarib-22_louse-1,,IslandCarib,22_louse,ie,ie,i e,,walker2011,,,^i e$,default
Karutana-22_louse-1,,Karutana,22_louse,tuida,tuida,t u i d a,,walker2011,,,^t u i d a$,default
Kaishana-22_louse-1,,Kaishana,22_louse,napí,napí,n a p í/i,,walker2011,,,^n a p í$,default
Kinikinao-22_louse-1,,Kinikinao,22_louse,ana,ana,a n a,,walker2011,,,^a n a$,default
Curripaco-22_louse-1,,Curripaco,22_louse,tuida,tuida,t u i d a,,walker2011,,,^t u i d a$,default
Lokono-22_louse-1,,Lokono,22_louse,ithi,ithi,i tʰ i,,walker2011,,,^i th i$,default
Machiguenga-22_louse-1,,Machiguenga,22_louse,netsi,netsi,n e ts i,,walker2011,,,^n e ts i$,default
Mandahuaca-22_louse-1,,Mandahuaca,22_louse,tsuida,tsuida,ts u i d a,,walker2011,,,^ts u i d a$,default
Machinere-22_louse-1,,Machinere,22_louse,sepretʃi,sepretʃi,s e p r e tʃ i,,walker2011,,,^s e p r e tʃ i$,default
Maragua-22_louse-1,,Maragua,22_louse,njohɨ,njohɨ,n j o h ɨ,,walker2011,,,^n j o h ɨ$,default
MapidianMawayana-22_louse-1,,MapidianMawayana,22_louse,nni,nni,nː i,,walker2011,,,^nn i$,default
Mehinaku-22_louse-1,,Mehinaku,22_louse,netei,netei,n e t e i,,walker2011,,,^n e t e i$,default
Nomatsiguenga-22_louse-1,,Nomatsiguenga,22_louse,netsi,netsi,n e ts i,,walker2011,,,^n e ts i$,default
Palikur-22_louse-1,,Palikur,22_louse,yet,yet,j e t,,walker2011,,,^y e t$,default
Paraujano-22_louse-1,,Paraujano,22_louse,wabuye,wabuye,w a b u j e,,walker2011,,,^w a b u y e$,default
Parecis-22_louse-1,,Parecis,22_louse,ni,ni,n i,,walker2011,,,^n i$,default
Piapoco-22_louse-1,,Piapoco,22_louse,kùlibàu,kùlibàu,k ù/u l i b à/a u,,walker2011,,,^k ù l i b à u$,default
Yine-22_louse-1,,Yine,22_louse,ʃeptʃi,ʃeptʃi,ʃ e p tʃ i,,walker2011,,,^ʃ e p tʃ i$,default
Resigaro-22_louse-1,,Resigaro,22_louse,netetsihiʔo,netetsihiʔo,n e t e ts i h i ʔ o,,walker2011,,,^n e t e ts i h i ʔ o$,default
Saraveca-22_louse-1,,Saraveca,22_louse,inehe,inehe,i n e h e,,walker2011,,,^i n e h e$,default
Taino-22_louse-1,,Taino,22_louse,"haiaba [pulga], hiriwawo, nagua",haiaba_,h a i a b a,,walker2011,,,^h a i a b a _$,default
Taino-22_louse-2,,Taino,22_louse,"haiaba [pulga], hiriwawo, nagua",hiriwawo,h i r i w a w o,,walker2011,,,^h i r i w a w o$,default
Taino-22_louse-3,,Taino,22_louse,"haiaba [pulga], hiriwawo, nagua",nagua,n a g u a,,walker2011,,,^n a g u a$,default
Tariana-22_louse-1,,Tariana,22_louse,kawhaneɾi,kawhaneɾi,k a wʰ a n e ɾ i,,walker2011,,,^k a wh a n e ɾ i$,default
Terena-22_louse-1,,Terena,22_louse,njâti,njâti,n j â/a t i,,walker2011,,,^n j â t i$,default
Trinitario-22_louse-1,,Trinitario,22_louse,nit,nit,n i t,,walker2011,,,^n i t$,default
Wapishana-22_louse-1,,Wapishana,22_louse,nai,nai,n a i,,walker2011,,,^n a i$,default
Warekena-22_louse-1,,Warekena,22_louse,tʃuida,tʃuida,tʃ u i d a,,walker2011,,,^tʃ u i d a$,default
WarekenaVelha-22_louse-1,,WarekenaVelha,22_louse,tsuida,tsuida,ts u i d a,,walker2011,,,^ts u i d a$,default
Waura-22_louse-1,,Waura,22_louse,-neetse,-neetse,n eː ts e,,walker2011,,,^- n ee ts e$,default
Yavitero-22_louse-1,,Yavitero,22_louse,nit,nit,n i t,,walker2011,,,^n i t$,default
Yawalapiti-22_louse-1,,Yawalapiti,22_louse,ɲɨ,ɲɨ,ɲ ɨ,,walker2011,,,^ɲ ɨ$,default
Yucuna-22_louse-1,,Yucuna,22_louse,inehi,inehi,i n e h i,,walker2011,,,^i n e h i$,default
Achagua-23_tree-1,,Achagua,23_tree,aikuba,aikuba,a i k u b a,,walker2011,,,^a i k u b a$,default
Yanesha-23_tree-1,,Yanesha,23_tree,tsatʃ,tsatʃ,ts a tʃ,,walker2011,,,^ts a tʃ$,default
Anauya-23_tree-1,,Anauya,23_tree,ada,ada,a d a,,walker2011,,,^a d a$,default
Apurina-23_tree-1,,Apurina,23_tree,ãː-mɨna,ãː-mɨna,ãː + m ɨ n a,,walker2011,,,^ãː - m ɨ n a$,default
Aruan-23_tree-1,,Aruan,23_tree,adamana,adamana,a d a m a n a,,walker2011,,,^a d a m a n a$,default
Ashaninka-23_tree-1,,Ashaninka,23_tree,intʃato,intʃato,i n tʃ a t o,,walker2011,,,^i n tʃ a t o$,default
Xiriana-23_tree-1,,Xiriana,23_tree,atamɨna,atamɨna,a t a m ɨ n a,,walker2011,,,^a t a m ɨ n a$,default
Avane-23_tree-1,,Avane,23_tree,aːtapi,aːtapi,aː t a p i,,walker2011,,,^aː t a p i$,default
BaniwaDoIcana-23_tree-1,,BaniwaDoIcana,23_tree,haiku,haiku,h a i k u,,walker2011,,,^h a i k u$,default
Bare-23_tree-1,,Bare,23_tree,ada,ada,a d a,,walker2011,,,^a d a$,default
Baure-23_tree-1,,Baure,23_tree,ewokoeʔ,ewokoeʔ,e w o k o e ʔ,,walker2011,,,^e w o k o e ʔ$,default
Cabiyari-23_tree-1,,Cabiyari,23_tree,ahaʔa,ahaʔa,a h a ʔ a,,walker2011,,,^a h a ʔ a$,default
Caquinte-23_tree-1,,Caquinte,23_tree,tʃaki,tʃaki,tʃ a k i,,walker2011,,,^tʃ a k i$,default
Cariai-23_tree-1,,Cariai,23_tree,atamina,atamina,a t a m i n a,,walker2011,,,^a t a m i n a$,default
Chamicuro-23_tree-1,,Chamicuro,23_tree,tʃenaʔto,tʃenaʔto,tʃ e n a ʔ t o,,walker2011,,,^tʃ e n a ʔ t o$,default
EnaweneNawe-23_tree-1,,EnaweneNawe,23_tree,atajɾa,atajɾa,a t a j ɾ a,,walker2011,,,^a t a j ɾ a$,default
Garifuna-23_tree-1,,Garifuna,23_tree,tίdibu wewe,tίdibu_wewe,t ί/i d i b u + w e w e,,walker2011,,,^t ί d i b u _ w e w e$,default
Wayuu-23_tree-1,,Wayuu,23_tree,wunuʔu-ľia,wunuʔu-ľia,w u n u ʔ u + ľ/lʲ i a,,walker2011,,,^w u n u ʔ u - ľ i a$,default
Guinau-23_tree-1,,Guinau,23_tree,"ndauma, tamon-hiha",ndauma,n d a u m a,,walker2011,,,^n d a u m a$,default
Guinau-23_tree-2,,Guinau,23_tree,"ndauma, tamon-hiha",tamon-hiha,t a m o n + h i h a,,walker2011,,,^t a m o n - h i h a$,default
Ignaciano-23_tree-1,,Ignaciano,23_tree,yukuki,yukuki,j u k u k i,,walker2011,,,^y u k u k i$,default
Inapari-23_tree-1,,Inapari,23_tree,haámɨna,haámɨna,h a á/a m ɨ n a,,walker2011,,,^h a á m ɨ n a$,default
IslandCarib-23_tree-1,,IslandCarib,23_tree,arabu,arabu,a r a b u,,walker2011,,,^a r a b u$,default
Karutana-23_tree-1,,Karutana,23_tree,haiku,haiku,h a i k u,,walker2011,,,^h a i k u$,default
Kaishana-23_tree-1,,Kaishana,23_tree,akusu,akusu,a k u s u,,walker2011,,,^a k u s u$,default
Kinikinao-23_tree-1,,Kinikinao,23_tree,tʃikɔti,tʃikɔti,tʃ i k ɔ t i,,walker2011,,,^tʃ i k ɔ t i$,default
Curripaco-23_tree-1,,Curripaco,23_tree,haiko,haiko,h a i k o,,walker2011,,,^h a i k o$,default
Lokono-23_tree-1,,Lokono,23_tree,ada,ada,a d a,,walker2011,,,^a d a$,default
Machiguenga-23_tree-1,,Machiguenga,23_tree,intʃato,intʃato,i n tʃ a t o,,walker2011,,,^i n tʃ a t o$,default
Maipure-23_tree-1,,Maipure,23_tree,aː,aː,aː,,walker2011,,,^aː$,default
Manao-23_tree-1,,Manao,23_tree,ata,ata,a t a,,walker2011,,,^a t a$,default
Mandahuaca-23_tree-1,,Mandahuaca,23_tree,a:da,a:da,aː d a,,walker2011,,,^a: d a$,default
Machinere-23_tree-1,,Machinere,23_tree,hahãmĩna,hahãmĩna,h a h ã m ĩ n a,,walker2011,,,^h a h ã m ĩ n a$,default
Marawan-23_tree-1,,Marawan,23_tree,"paaktexa, inaipaa",paaktexa,p aː k t e x a,,walker2011,,,^p aa k t e x a$,default
Marawan-23_tree-2,,Marawan,23_tree,"paaktexa, inaipaa",inaipaa,i n a i p aː,,walker2011,,,^i n a i p aa$,default
Maragua-23_tree-1,,Maragua,23_tree,"ugwaʃukuna, ada",ugwaʃukuna,u g w a ʃ u k u n a,,walker2011,,,^u gw a ʃ u k u n a$,default
Maragua-23_tree-2,,Maragua,23_tree,"ugwaʃukuna, ada",ada,a d a,,walker2011,,,^a d a$,default
Mariate-23_tree-1,,Mariate,23_tree,rinike,rinike,r i n i k e,,walker2011,,,^r i n i k e$,default
MapidianMawayana-23_tree-1,,MapidianMawayana,23_tree,atʃamina,atʃamina,a tʃ a m i n a,,walker2011,,,^a tʃ a m i n a$,default
Mehinaku-23_tree-1,,Mehinaku,23_tree,ata,ata,a t a,,walker2011,,,^a t a$,default
Nomatsiguenga-23_tree-1,,Nomatsiguenga,23_tree,antʃato,antʃato,a n tʃ a t o,,walker2011,,,^a n tʃ a t o$,default
Palikur-23_tree-1,,Palikur,23_tree,ah,ah,a h,,walker2011,,,^a h$,default
Paraujano-23_tree-1,,Paraujano,23_tree,hiki,hiki,h i k i,,walker2011,,,^h i k i$,default
Parecis-23_tree-1,,Parecis,23_tree,atja,atja,a t j a,,walker2011,,,^a t j a$,default
Passe-23_tree-1,,Passe,23_tree,kenolega,kenolega,k e n o l e g a,,walker2011,,,^k e n o l e g a$,default
Piapoco-23_tree-1,,Piapoco,23_tree,kawía,kawía,k a w í/i a,,walker2011,,,^k a w í a$,default
Yine-23_tree-1,,Yine,23_tree,gagmɨna,gagmɨna,g a g m ɨ n a,,walker2011,,,^g a g m ɨ n a$,default
Resigaro-23_tree-1,,Resigaro,23_tree,avaːnaʔe,avaːnaʔe,a v aː n a ʔ e,,walker2011,,,^a v aː n a ʔ e$,default
Saraveca-23_tree-1,,Saraveca,23_tree,ata,ata,a t a,,walker2011,,,^a t a$,default
Taino-23_tree-1,,Taino,23_tree,"awa, maca, yabisi, ara",awa,a w a,,walker2011,,,^a w a$,default
Taino-23_tree-2,,Taino,23_tree,"awa, maca, yabisi, ara",maca,m a c a,,walker2011,,,^m a c a$,default
Taino-23_tree-3,,Taino,23_tree,"awa, maca, yabisi, ara",yabisi,j a b i s i,,walker2011,,,^y a b i s i$,default
Taino-23_tree-4,,Taino,23_tree,"awa, maca, yabisi, ara",ara,a r a,,walker2011,,,^a r a$,default
Tariana-23_tree-1,,Tariana,23_tree,haiku,haiku,h a i k u,,walker2011,,,^h a i k u$,default
Terena-23_tree-1,,Terena,23_tree,tikôti,tikôti,t i k ô/o t i,,walker2011,,,^t i k ô t i$,default
Trinitario-23_tree-1,,Trinitario,23_tree,ykuɣi,ykuɣi,j k u ɣ i,,walker2011,,,^y k u ɣ i$,default
Wainuma-23_tree-1,,Wainuma,23_tree,apa(h)na,apana,a p a n a,,walker2011,,,^a p a n a$,default
Wapishana-23_tree-1,,Wapishana,23_tree,atamɨn,atamɨn,a t a m ɨ n,,walker2011,,,^a t a m ɨ n$,default
Araicu-23_tree-1,,Araicu,23_tree,aːta,aːta,aː t a,,walker2011,,,^aː t a$,default
Warekena-23_tree-1,,Warekena,23_tree,heku,heku,h e k u,,walker2011,,,^h e k u$,default
WarekenaVelha-23_tree-1,,WarekenaVelha,23_tree,atapi,atapi,a t a p i,,walker2011,,,^a t a p i$,default
Waura-23_tree-1,,Waura,23_tree,ata,ata,a t a,,walker2011,,,^a t a$,default
Yavitero-23_tree-1,,Yavitero,23_tree,ata,ata,a t a,,walker2011,,,^a t a$,default
Yawalapiti-23_tree-1,,Yawalapiti,23_tree,aata,aata,aː t a,,walker2011,,,^aa t a$,default
Yucuna-23_tree-1,,Yucuna,23_tree,aʔawana,aʔawana,a ʔ a w a n a,,walker2011,,,^a ʔ a w a n a$,default
Jumana-23_tree-1,,Jumana,23_tree,awana,awana,a w a n a,,walker2011,,,^a w a n a$,default
Achagua-24_seed-1,,Achagua,24_seed,-imi,-imi,i m i,,walker2011,,,^- i m i$,default
Yanesha-24_seed-1,,Yanesha,24_seed,pueʼljomeɾ,pueʼljomeɾ,p u eˀ l j o m e ɾ,,walker2011,,,^p u eʼ l j o m e ɾ$,default
Apurina-24_seed-1,,Apurina,24_seed,-kɨ,-kɨ,k ɨ,,walker2011,,,^- k ɨ$,default
Aruan-24_seed-1,,Aruan,24_seed,euko,euko,e u k o,,walker2011,,,^e u k o$,default
Ashaninka-24_seed-1,,Ashaninka,24_seed,oitsoki,oitsoki,o i ts o k i,,walker2011,,,^o i ts o k i$,default
Xiriana-24_seed-1,,Xiriana,24_seed,"-ɨdaɨ, kɨasɨ",-ɨdaɨ,ɨ d a ɨ,,walker2011,,,^- ɨ d a ɨ$,default
Xiriana-24_seed-2,,Xiriana,24_seed,"-ɨdaɨ, kɨasɨ",kɨasɨ,k ɨ a s ɨ,,walker2011,,,^k ɨ a s ɨ$,default
Avane-24_seed-1,,Avane,24_seed,ina,ina,i n a,,walker2011,,,^i n a$,default
BaniwaDoIcana-24_seed-1,,BaniwaDoIcana,24_seed,"-eːkhe, -ihrji",-eːkhe,eː kʰ e,,walker2011,,,^- eː kh e$,default
BaniwaDoIcana-24_seed-2,,BaniwaDoIcana,24_seed,"-eːkhe, -ihrji",-ihrji,i h r j i,,walker2011,,,^- i h r j i$,default
Bare-24_seed-1,,Bare,24_seed,iti,iti,i t i,,walker2011,,,^i t i$,default
Baure-24_seed-1,,Baure,24_seed,soki,soki,s o k i,,walker2011,,,^s o k i$,default
Cabiyari-24_seed-1,,Cabiyari,24_seed,ihi,ihi,i h i,,walker2011,,,^i h i$,default
Caquinte-24_seed-1,,Caquinte,24_seed,oitsoki,oitsoki,o i ts o k i,,walker2011,,,^o i ts o k i$,default
Chamicuro-24_seed-1,,Chamicuro,24_seed,ihki,ihki,i h k i,,walker2011,,,^i h k i$,default
EnaweneNawe-24_seed-1,,EnaweneNawe,24_seed,esse,esse,e sː e,,walker2011,,,^e ss e$,default
Garifuna-24_seed-1,,Garifuna,24_seed,"abu, ilaɨ",abu,a b u,,walker2011,,,^a b u$,default
Garifuna-24_seed-2,,Garifuna,24_seed,"abu, ilaɨ",ilaɨ,i l a ɨ,,walker2011,,,^i l a ɨ$,default
Wayuu-24_seed-1,,Wayuu,24_seed,waye,waye,w a j e,,walker2011,,,^w a y e$,default
Guinau-24_seed-1,,Guinau,24_seed,damunabuku,damunabuku,d a m u n a b u k u,,walker2011,,,^d a m u n a b u k u$,default
Ignaciano-24_seed-1,,Ignaciano,24_seed,taki,taki,t a k i,,walker2011,,,^t a k i$,default
Inapari-24_seed-1,,Inapari,24_seed,anahɨrɨ́,anahɨrɨ́,a n a h ɨ r ɨ́/ɨ,,walker2011,,,^a n a h ɨ r ɨ́$,default
IslandCarib-24_seed-1,,IslandCarib,24_seed,tii,tii,t iː,,walker2011,,,^t ii$,default
Kaishana-24_seed-1,,Kaishana,24_seed,"kymikana, sɨmi",kymikana,k j m i k a n a,,walker2011,,,^k y m i k a n a$,default
Kaishana-24_seed-2,,Kaishana,24_seed,"kymikana, sɨmi",sɨmi,s ɨ m i,,walker2011,,,^s ɨ m i$,default
Kinikinao-24_seed-1,,Kinikinao,24_seed,ake,ake,a k e,,walker2011,,,^a k e$,default
Curripaco-24_seed-1,,Curripaco,24_seed,liːʃi,liːʃi,l iː ʃ i,,walker2011,,,^l iː ʃ i$,default
Lokono-24_seed-1,,Lokono,24_seed,iwi,iwi,i w i,,walker2011,,,^i w i$,default
Machiguenga-24_seed-1,,Machiguenga,24_seed,okitsoki,okitsoki,o k i ts o k i,,walker2011,,,^o k i ts o k i$,default
Maipure-24_seed-1,,Maipure,24_seed,-tinaka,-tinaka,t i n a k a,,walker2011,,,^- t i n a k a$,default
Manao-24_seed-1,,Manao,24_seed,-iko,-iko,i k o,,walker2011,,,^- i k o$,default
Machinere-24_seed-1,,Machinere,24_seed,aso,aso,a s o,,walker2011,,,^a s o$,default
Maragua-24_seed-1,,Maragua,24_seed,usi,usi,u s i,,walker2011,,,^u s i$,default
MapidianMawayana-24_seed-1,,MapidianMawayana,24_seed,r-ɨsu,r-ɨsu,r + ɨ s u,,walker2011,,,^r - ɨ s u$,default
Mehinaku-24_seed-1,,Mehinaku,24_seed,ɨtɨ,ɨtɨ,ɨ t ɨ,,walker2011,,,^ɨ t ɨ$,default
Nomatsiguenga-24_seed-1,,Nomatsiguenga,24_seed,ki,ki,k i,,walker2011,,,^k i$,default
Palikur-24_seed-1,,Palikur,24_seed,ayak,ayak,a j a k,,walker2011,,,^a y a k$,default
Paraujano-24_seed-1,,Paraujano,24_seed,hɨh,hɨh,h ɨ h,,walker2011,,,^h ɨ h$,default
Parecis-24_seed-1,,Parecis,24_seed,etse,etse,e ts e,,walker2011,,,^e ts e$,default
Piapoco-24_seed-1,,Piapoco,24_seed,íimi,íimi,í/i i m i,,walker2011,,,^í i m i$,default
Yine-24_seed-1,,Yine,24_seed,gihi,gihi,g i h i,,walker2011,,,^g i h i$,default
Resigaro-24_seed-1,,Resigaro,24_seed,himiu,himiu,h i m i u,,walker2011,,,^h i m i u$,default
Saraveca-24_seed-1,,Saraveca,24_seed,ese,ese,e s e,,walker2011,,,^e s e$,default
Tariana-24_seed-1,,Tariana,24_seed,dupe,dupe,d u p e,,walker2011,,,^d u p e$,default
Terena-24_seed-1,,Terena,24_seed,áke,áke,á/a k e,,walker2011,,,^á k e$,default
Trinitario-24_seed-1,,Trinitario,24_seed,taɣira,taɣira,t a ɣ i r a,,walker2011,,,^t a ɣ i r a$,default
Wapishana-24_seed-1,,Wapishana,24_seed,ɨːɖaj,ɨːɖaj,ɨː ɖ a j,,walker2011,,,^ɨː ɖ a j$,default
Araicu-24_seed-1,,Araicu,24_seed,atibi,atibi,a t i b i,,walker2011,,,^a t i b i$,default
Warekena-24_seed-1,,Warekena,24_seed,nihina,nihina,n i h i n a,,walker2011,,,^n i h i n a$,default
WarekenaVelha-24_seed-1,,WarekenaVelha,24_seed,sinaha,sinaha,s i n a h a,,walker2011,,,^s i n a h a$,default
Waura-24_seed-1,,Waura,24_seed,ɨtɨ,ɨtɨ,ɨ t ɨ,,walker2011,,,^ɨ t ɨ$,default
Yavitero-24_seed-1,,Yavitero,24_seed,isi-naha,isi-naha,i s i + n a h a,,walker2011,,,^i s i - n a h a$,default
Yawalapiti-24_seed-1,,Yawalapiti,24_seed,itiɾikuti,itiɾikuti,i t i ɾ i k u t i,,walker2011,,,^i t i ɾ i k u t i$,default
Yucuna-24_seed-1,,Yucuna,24_seed,ihihi,ihihi,i h i h i,,walker2011,,,^i h i h i$,default
Achagua-25_leaf-1,,Achagua,25_leaf,bainaː-ʃi,bainaː-ʃi,b a i n aː + ʃ i,,walker2011,,,^b a i n aː - ʃ i$,default
Yanesha-25_leaf-1,,Yanesha,25_leaf,aʃpan,aʃpan,a ʃ p a n,,walker2011,,,^a ʃ p a n$,default
Anauya-25_leaf-1,,Anauya,25_leaf,dabana,dabana,d a b a n a,,walker2011,,,^d a b a n a$,default
Apurina-25_leaf-1,,Apurina,25_leaf,"-tsopa, -ʃike",-tsopa,ts o p a,,walker2011,,,^- ts o p a$,default
Apurina-25_leaf-2,,Apurina,25_leaf,"-tsopa, -ʃike",-ʃike,ʃ i k e,,walker2011,,,^- ʃ i k e$,default
Ashaninka-25_leaf-1,,Ashaninka,25_leaf,oʃi,oʃi,o ʃ i,,walker2011,,,^o ʃ i$,default
Xiriana-25_leaf-1,,Xiriana,25_leaf,-katɨ,-katɨ,k a t ɨ,,walker2011,,,^- k a t ɨ$,default
Avane-25_leaf-1,,Avane,25_leaf,tsape,tsape,ts a p e,,walker2011,,,^ts a p e$,default
BaniwaDoIcana-25_leaf-1,,BaniwaDoIcana,25_leaf,"-phe, panaphe",-phe,pʰ e,,walker2011,,,^- ph e$,default
BaniwaDoIcana-25_leaf-2,,BaniwaDoIcana,25_leaf,"-phe, panaphe",panaphe,p a n a pʰ e,,walker2011,,,^p a n a ph e$,default
Bare-25_leaf-1,,Bare,25_leaf,dabana,dabana,d a b a n a,,walker2011,,,^d a b a n a$,default
Baure-25_leaf-1,,Baure,25_leaf,eponoeʔ,eponoeʔ,e p o n o e ʔ,,walker2011,,,^e p o n o e ʔ$,default
Cabiyari-25_leaf-1,,Cabiyari,25_leaf,apana,apana,a p a n a,,walker2011,,,^a p a n a$,default
Caquinte-25_leaf-1,,Caquinte,25_leaf,oβana,oβana,o β a n a,,walker2011,,,^o β a n a$,default
Cariai-25_leaf-1,,Cariai,25_leaf,atawa,atawa,a t a w a,,walker2011,,,^a t a w a$,default
Chamicuro-25_leaf-1,,Chamicuro,25_leaf,tʃihpana,tʃihpana,tʃ i h p a n a,,walker2011,,,^tʃ i h p a n a$,default
EnaweneNawe-25_leaf-1,,EnaweneNawe,25_leaf,huinana,huinana,h u i n a n a,,walker2011,,,^h u i n a n a$,default
Garifuna-25_leaf-1,,Garifuna,25_leaf,ubanaɨ,ubanaɨ,u b a n a ɨ,,walker2011,,,^u b a n a ɨ$,default
Wayuu-25_leaf-1,,Wayuu,25_leaf,hi-pana,hi-pana,h i + p a n a,,walker2011,,,^h i - p a n a$,default
Guinau-25_leaf-1,,Guinau,25_leaf,dabaːna,dabaːna,d a b aː n a,,walker2011,,,^d a b aː n a$,default
Ignaciano-25_leaf-1,,Ignaciano,25_leaf,tapakahi,tapakahi,t a p a k a h i,,walker2011,,,^t a p a k a h i$,default
Inapari-25_leaf-1,,Inapari,25_leaf,aɨrerí,aɨrerí,a ɨ r e r í/i,,walker2011,,,^a ɨ r e r í$,default
IslandCarib-25_leaf-1,,IslandCarib,25_leaf,bana,bana,b a n a,,walker2011,,,^b a n a$,default
Karutana-25_leaf-1,,Karutana,25_leaf,dzakape,dzakape,dz a k a p e,,walker2011,,,^dz a k a p e$,default
Kaishana-25_leaf-1,,Kaishana,25_leaf,"tsuwala, abana",tsuwala,ts u w a l a,,walker2011,,,^ts u w a l a$,default
Kaishana-25_leaf-2,,Kaishana,25_leaf,"tsuwala, abana",abana,a b a n a,,walker2011,,,^a b a n a$,default
Kinikinao-25_leaf-1,,Kinikinao,25_leaf,tuːti,tuːti,t uː t i,,walker2011,,,^t uː t i$,default
Curripaco-25_leaf-1,,Curripaco,25_leaf,liːphe,liːphe,l iː pʰ e,,walker2011,,,^l iː ph e$,default
Lokono-25_leaf-1,,Lokono,25_leaf,bana,bana,b a n a,,walker2011,,,^b a n a$,default
Machiguenga-25_leaf-1,,Machiguenga,25_leaf,itʃatoʃi,itʃatoʃi,i tʃ a t o ʃ i,,walker2011,,,^i tʃ a t o ʃ i$,default
Manao-25_leaf-1,,Manao,25_leaf,-ana,-ana,a n a,,walker2011,,,^- a n a$,default
Mandahuaca-25_leaf-1,,Mandahuaca,25_leaf,anape,anape,a n a p e,,walker2011,,,^a n a p e$,default
Machinere-25_leaf-1,,Machinere,25_leaf,kasirerɨ,kasirerɨ,k a s i r e r ɨ,,walker2011,,,^k a s i r e r ɨ$,default
Maragua-25_leaf-1,,Maragua,25_leaf,"ata-siby, -ziwi",ata-siby,a t a + s i b y,,walker2011,,,^a t a - s i b y$,default
Maragua-25_leaf-2,,Maragua,25_leaf,"ata-siby, -ziwi",-ziwi,z i w i,,walker2011,,,^- z i w i$,default
Mariate-25_leaf-1,,Mariate,25_leaf,aːpana,aːpana,aː p a n a,,walker2011,,,^aː p a n a$,default
MapidianMawayana-25_leaf-1,,MapidianMawayana,25_leaf,r-anaba,r-anaba,r + a n a b a,,walker2011,,,^r - a n a b a$,default
Mehinaku-25_leaf-1,,Mehinaku,25_leaf,atapana,atapana,a t a p a n a,,walker2011,,,^a t a p a n a$,default
Nomatsiguenga-25_leaf-1,,Nomatsiguenga,25_leaf,tsipana,tsipana,ts i p a n a,,walker2011,,,^ts i p a n a$,default
Palikur-25_leaf-1,,Palikur,25_leaf,apan/ahamna,apan,a p a n,,walker2011,,,^a p a n$,default
Palikur-25_leaf-2,,Palikur,25_leaf,apan/ahamna,ahamna,a h a m n a,,walker2011,,,^a h a m n a$,default
Paraujano-25_leaf-1,,Paraujano,25_leaf,ɨpuantih,ɨpuantih,ɨ p u a n t i h,,walker2011,,,^ɨ p u a n t i h$,default
Parecis-25_leaf-1,,Parecis,25_leaf,ehana,ehana,e h a n a,,walker2011,,,^e h a n a$,default
Passe-25_leaf-1,,Passe,25_leaf,apana,apana,a p a n a,,walker2011,,,^a p a n a$,default
Piapoco-25_leaf-1,,Piapoco,25_leaf,ibáiná,ibáiná,i b á/a i n á/a,,walker2011,,,^i b á i n á$,default
Yine-25_leaf-1,,Yine,25_leaf,kasɨrerɨ,kasɨrerɨ,k a s ɨ r e r ɨ,,walker2011,,,^k a s ɨ r e r ɨ$,default
Resigaro-25_leaf-1,,Resigaro,25_leaf,"apanaʔaːmi, apanu",apanaʔaːmi,a p a n a ʔ aː m i,,walker2011,,,^a p a n a ʔ aː m i$,default
Resigaro-25_leaf-2,,Resigaro,25_leaf,"apanaʔaːmi, apanu",apanu,a p a n u,,walker2011,,,^a p a n u$,default
Saraveca-25_leaf-1,,Saraveca,25_leaf,ataʃana,ataʃana,a t a ʃ a n a,,walker2011,,,^a t a ʃ a n a$,default
Taino-25_leaf-1,,Taino,25_leaf,y,y,j,,walker2011,,,^y$,default
Tariana-25_leaf-1,,Tariana,25_leaf,panaphe,panaphe,p a n a pʰ e,,walker2011,,,^p a n a ph e$,default
Terena-25_leaf-1,,Terena,25_leaf,tuthi,tuthi,t u tʰ i,,walker2011,,,^t u th i$,default
Trinitario-25_leaf-1,,Trinitario,25_leaf,pokohi,pokohi,p o k o h i,,walker2011,,,^p o k o h i$,default
Wainuma-25_leaf-1,,Wainuma,25_leaf,"aapana,apana(i)pahna",aapana,aː p a n a,,walker2011,,,^aa p a n a$,default
Wainuma-25_leaf-2,,Wainuma,25_leaf,"aapana,apana(i)pahna",apanapahna,a p a n a p a h n a,,walker2011,,,^a p a n a p a h n a$,default
Wapishana-25_leaf-1,,Wapishana,25_leaf,anaʔba,anaʔba,a n a ʔ b a,,walker2011,,,^a n a ʔ b a$,default
Araicu-25_leaf-1,,Araicu,25_leaf,pwena,pwena,p w e n a,,walker2011,,,^p w e n a$,default
Warekena-25_leaf-1,,Warekena,25_leaf,apanape,apanape,a p a n a p e,,walker2011,,,^a p a n a p e$,default
WarekenaVelha-25_leaf-1,,WarekenaVelha,25_leaf,tʃape,tʃape,tʃ a p e,,walker2011,,,^tʃ a p e$,default
Waura-25_leaf-1,,Waura,25_leaf,atapana,atapana,a t a p a n a,,walker2011,,,^a t a p a n a$,default
Yavitero-25_leaf-1,,Yavitero,25_leaf,hasi,hasi,h a s i,,walker2011,,,^h a s i$,default
Yawalapiti-25_leaf-1,,Yawalapiti,25_leaf,atapana,atapana,a t a p a n a,,walker2011,,,^a t a p a n a$,default
Yucuna-25_leaf-1,,Yucuna,25_leaf,witʃuʔupe,witʃuʔupe,w i tʃ u ʔ u p e,,walker2011,,,^w i tʃ u ʔ u p e$,default
Jumana-25_leaf-1,,Jumana,25_leaf,apunakpehe,apunakpehe,a p u n a k p e h e,,walker2011,,,^a p u n a k p e h e$,default
Achagua-26_root-1,,Achagua,26_root,"-iɻinaː, -hitʃu",-iɻinaː,i ɻ i n aː,,walker2011,,,^- i ɻ i n aː$,default
Achagua-26_root-2,,Achagua,26_root,"-iɻinaː, -hitʃu",-hitʃu,h i tʃ u,,walker2011,,,^- h i tʃ u$,default
Yanesha-26_root-1,,Yanesha,26_root,pueɾetʂ,pueɾetʂ,p u e ɾ e ʈʂ,,walker2011,,,^p u e ɾ e tʂ$,default
Apurina-26_root-1,,Apurina,26_root,-kotsa,-kotsa,k o ts a,,walker2011,,,^- k o ts a$,default
Ashaninka-26_root-1,,Ashaninka,26_root,oparitsa,oparitsa,o p a r i ts a,,walker2011,,,^o p a r i ts a$,default
Xiriana-26_root-1,,Xiriana,26_root,-tsetseɻe,-tsetseɻe,ts e ts e ɻ e,,walker2011,,,^- ts e ts e ɻ e$,default
Avane-26_root-1,,Avane,26_root,tapali,tapali,t a p a l i,,walker2011,,,^t a p a l i$,default
BaniwaDoIcana-26_root-1,,BaniwaDoIcana,26_root,-paɻi,-paɻi,p a ɻ i,,walker2011,,,^- p a ɻ i$,default
Bare-26_root-1,,Bare,26_root,id’uɻi,id’uɻi,i dʲ u ɻ i,,walker2011,,,^i d’ u ɻ i$,default
Baure-26_root-1,,Baure,26_root,ekiton,ekiton,e k i t o n,,walker2011,,,^e k i t o n$,default
Cabiyari-26_root-1,,Cabiyari,26_root,apare,apare,a p a r e,,walker2011,,,^a p a r e$,default
Cariai-26_root-1,,Cariai,26_root,yiko,yiko,j i k o,,walker2011,,,^y i k o$,default
Chamicuro-26_root-1,,Chamicuro,26_root,ihtiʃi,ihtiʃi,i h t i ʃ i,,walker2011,,,^i h t i ʃ i$,default
Garifuna-26_root-1,,Garifuna,26_root,ίlagɨlaɨ,ίlagɨlaɨ,ί/i l a g ɨ l a ɨ,,walker2011,,,^ί l a g ɨ l a ɨ$,default
Wayuu-26_root-1,,Wayuu,26_root,hu-ɾaľa,hu-ɾaľa,h u + ɾ a ľ/lʲ a,,walker2011,,,^h u - ɾ a ľ a$,default
Guinau-26_root-1,,Guinau,26_root,damunatsebe,damunatsebe,d a m u n a ts e b e,,walker2011,,,^d a m u n a ts e b e$,default
Ignaciano-26_root-1,,Ignaciano,26_root,tapare,tapare,t a p a r e,,walker2011,,,^t a p a r e$,default
Inapari-26_root-1,,Inapari,26_root,atáperi,atáperi,a t á/a p e r i,,walker2011,,,^a t á p e r i$,default
IslandCarib-26_root-1,,IslandCarib,26_root,ilagora,ilagora,i l a g o r a,,walker2011,,,^i l a g o r a$,default
Kaishana-26_root-1,,Kaishana,26_root,"-luaa, -ili, zapory",-luaa,l u aː,,walker2011,,,^- l u aa$,default
Kaishana-26_root-2,,Kaishana,26_root,"-luaa, -ili, zapory",-ili,i l i,,walker2011,,,^- i l i$,default
Kaishana-26_root-3,,Kaishana,26_root,"-luaa, -ili, zapory",zapory,z a p o r y,,walker2011,,,^z a p o r y$,default
Kinikinao-26_root-1,,Kinikinao,26_root,poi koʃe,poi_koʃe,p o i + k o ʃ e,,walker2011,,,^p o i _ k o ʃ e$,default
Curripaco-26_root-1,,Curripaco,26_root,lipali,lipali,l i p a l i,,walker2011,,,^l i p a l i$,default
Lokono-26_root-1,,Lokono,26_root,ɨkɨra,ɨkɨra,ɨ k ɨ r a,,walker2011,,,^ɨ k ɨ r a$,default
Machiguenga-26_root-1,,Machiguenga,26_root,pokintintsi,pokintintsi,p o k i n t i n ts i,,walker2011,,,^p o k i n t i n ts i$,default
Manao-26_root-1,,Manao,26_root,"ɨeti, weti",ɨeti,ɨ e t i,,walker2011,,,^ɨ e t i$,default
Manao-26_root-2,,Manao,26_root,"ɨeti, weti",weti,w e t i,,walker2011,,,^w e t i$,default
Mandahuaca-26_root-1,,Mandahuaca,26_root,iyi,iyi,i j i,,walker2011,,,^i y i$,default
Machinere-26_root-1,,Machinere,26_root,katsɨkiri,katsɨkiri,k a ts ɨ k i r i,,walker2011,,,^k a ts ɨ k i r i$,default
Maragua-26_root-1,,Maragua,26_root,"uteba, udjumã",uteba,u t e b a,,walker2011,,,^u t e b a$,default
Maragua-26_root-2,,Maragua,26_root,"uteba, udjumã",udjumã,u d j u m ã,,walker2011,,,^u d j u m ã$,default
Mariate-26_root-1,,Mariate,26_root,tʃeramɨ,tʃeramɨ,tʃ e r a m ɨ,,walker2011,,,^tʃ e r a m ɨ$,default
MapidianMawayana-26_root-1,,MapidianMawayana,26_root,rɨtʃabada,rɨtʃabada,r ɨ tʃ a b a d a,,walker2011,,,^r ɨ tʃ a b a d a$,default
Mehinaku-26_root-1,,Mehinaku,26_root,atatapa,atatapa,a t a t a p a,,walker2011,,,^a t a t a p a$,default
Nomatsiguenga-26_root-1,,Nomatsiguenga,26_root,opari,opari,o p a r i,,walker2011,,,^o p a r i$,default
Palikur-26_root-1,,Palikur,26_root,adug,adug,a d u g,,walker2011,,,^a d u g$,default
Paraujano-26_root-1,,Paraujano,26_root,haurɨrɨ,haurɨrɨ,h a u r ɨ r ɨ,,walker2011,,,^h a u r ɨ r ɨ$,default
Parecis-26_root-1,,Parecis,26_root,itjahare,itjahare,i t j a h a r e,,walker2011,,,^i t j a h a r e$,default
Passe-26_root-1,,Passe,26_root,egpapa,egpapa,e g p a p a,,walker2011,,,^e g p a p a$,default
Piapoco-26_root-1,,Piapoco,26_root,ipìtʃu,ipìtʃu,i p ì/i tʃ u,,walker2011,,,^i p ì tʃ u$,default
Yine-26_root-1,,Yine,26_root,katskiri,katskiri,k a ts k i r i,,walker2011,,,^k a ts k i r i$,default
Resigaro-26_root-1,,Resigaro,26_root,"tebake, teʔipi",tebake,t e b a k e,,walker2011,,,^t e b a k e$,default
Resigaro-26_root-2,,Resigaro,26_root,"tebake, teʔipi",teʔipi,t e ʔ i p i,,walker2011,,,^t e ʔ i p i$,default
Saraveca-26_root-1,,Saraveca,26_root,hare,hare,h a r e,,walker2011,,,^h a r e$,default
Taino-26_root-1,,Taino,26_root,"calichi, mini",calichi,c a l i tʃ i,,walker2011,,,^c a l i ch i$,default
Taino-26_root-2,,Taino,26_root,"calichi, mini",mini,m i n i,,walker2011,,,^m i n i$,default
Tariana-26_root-1,,Tariana,26_root,sawi,sawi,s a w i,,walker2011,,,^s a w i$,default
Terena-26_root-1,,Terena,26_root,poéhjewe,poéhjewe,p o é h/e h j e w e,,walker2011,,,^p o éh j e w e$,default
Trinitario-26_root-1,,Trinitario,26_root,pore,pore,p o r e,,walker2011,,,^p o r e$,default
Wainuma-26_root-1,,Wainuma,26_root,maaba,maaba,m aː b a,,walker2011,,,^m aa b a$,default
Wapishana-26_root-1,,Wapishana,26_root,itiʐban,itiʐban,i t i ʐ b a n,,walker2011,,,^i t i ʐ b a n$,default
Araicu-26_root-1,,Araicu,26_root,Sali,Sali,s a l i,,walker2011,,,^S a l i$,default
Warekena-26_root-1,,Warekena,26_root,yapali,yapali,j a p a l i,,walker2011,,,^y a p a l i$,default
WarekenaVelha-26_root-1,,WarekenaVelha,26_root,tapaɻi,tapaɻi,t a p a ɻ i,,walker2011,,,^t a p a ɻ i$,default
Waura-26_root-1,,Waura,26_root,-tapa,-tapa,t a p a,,walker2011,,,^- t a p a$,default
Yavitero-26_root-1,,Yavitero,26_root,iwinaha,iwinaha,i w i n a h a,,walker2011,,,^i w i n a h a$,default
Yawalapiti-26_root-1,,Yawalapiti,26_root,atatapa,atatapa,a t a t a p a,,walker2011,,,^a t a t a p a$,default
Yucuna-26_root-1,,Yucuna,26_root,hiʔilahi,hiʔilahi,h i ʔ i l a h i,,walker2011,,,^h i ʔ i l a h i$,default
Jumana-26_root-1,,Jumana,26_root,awinapa,awinapa,a w i n a p a,,walker2011,,,^a w i n a p a$,default
Achagua-27_barkoftree-1,,Achagua,27_barkoftree,-imaʃi,-imaʃi,i m a ʃ i,,walker2011,,,^- i m a ʃ i$,default
Yanesha-27_barkoftree-1,,Yanesha,27_barkoftree,paʼtalj,paʼtalj,p aˀ t a l j,,walker2011,,,^p aʼ t a l j$,default
Apurina-27_barkoftree-1,,Apurina,27_barkoftree,-tãta,-tãta,t ã t a,,walker2011,,,^- t ã t a$,default
Aruan-27_barkoftree-1,,Aruan,27_barkoftree,mada,mada,m a d a,,walker2011,,,^m a d a$,default
Ashaninka-27_barkoftree-1,,Ashaninka,27_barkoftree,otaki,otaki,o t a k i,,walker2011,,,^o t a k i$,default
Xiriana-27_barkoftree-1,,Xiriana,27_barkoftree,-taɨ(da),-taɨ,t a ɨ,,walker2011,,,^- t a ɨ$,default
Avane-27_barkoftree-1,,Avane,27_barkoftree,mata,mata,m a t a,,walker2011,,,^m a t a$,default
BaniwaDoIcana-27_barkoftree-1,,BaniwaDoIcana,27_barkoftree,ipirera,ipirera,i p i r e r a,,walker2011,,,^i p i r e r a$,default
Bare-27_barkoftree-1,,Bare,27_barkoftree,id’a,id’a,i dʲ a,,walker2011,,,^i d’ a$,default
Baure-27_barkoftree-1,,Baure,27_barkoftree,etʃopi,etʃopi,e tʃ o p i,,walker2011,,,^e tʃ o p i$,default
Cabiyari-27_barkoftree-1,,Cabiyari,27_barkoftree,-mami,-mami,m a m i,,walker2011,,,^- m a m i$,default
Caquinte-27_barkoftree-1,,Caquinte,27_barkoftree,naki,naki,n a k i,,walker2011,,,^n a k i$,default
Chamicuro-27_barkoftree-1,,Chamicuro,27_barkoftree,ihʂopa,ihʂopa,i h ʂ o p a,,walker2011,,,^i hʂ o p a$,default
EnaweneNawe-27_barkoftree-1,,EnaweneNawe,27_barkoftree,etata,etata,e t a t a,,walker2011,,,^e t a t a$,default
Garifuna-27_barkoftree-1,,Garifuna,27_barkoftree,áwouha,áwouha,á/a w o u h a,,walker2011,,,^á w o u h a$,default
Wayuu-27_barkoftree-1,,Wayuu,27_barkoftree,hɨ-ta,hɨ-ta,h ɨ + t a,,walker2011,,,^h ɨ - t a$,default
Guinau-27_barkoftree-1,,Guinau,27_barkoftree,damuna-ita,damuna-ita,d a m u n a + i t a,,walker2011,,,^d a m u n a - i t a$,default
Ignaciano-27_barkoftree-1,,Ignaciano,27_barkoftree,táumama,táumama,t á/a u m a m a,,walker2011,,,^t á u m a m a$,default
Inapari-27_barkoftree-1,,Inapari,27_barkoftree,yáwítʃa,yáwítʃa,j á/a w í/i tʃ a,,walker2011,,,^y á w í tʃ a$,default
IslandCarib-27_barkoftree-1,,IslandCarib,27_barkoftree,ula,ula,u l a,,walker2011,,,^u l a$,default
Kaishana-27_barkoftree-1,,Kaishana,27_barkoftree,"arypoa, lalakana",arypoa,a r j p o a,,walker2011,,,^a r y p o a$,default
Kaishana-27_barkoftree-2,,Kaishana,27_barkoftree,"arypoa, lalakana",lalakana,l a l a k a n a,,walker2011,,,^l a l a k a n a$,default
Kinikinao-27_barkoftree-1,,Kinikinao,27_barkoftree,motoke,motoke,m o t o k e,,walker2011,,,^m o t o k e$,default
Curripaco-27_barkoftree-1,,Curripaco,27_barkoftree,liːke,liːke,l iː k e,,walker2011,,,^l iː k e$,default
Lokono-27_barkoftree-1,,Lokono,27_barkoftree,adada,adada,a d a d a,,walker2011,,,^a d a d a$,default
Machiguenga-27_barkoftree-1,,Machiguenga,27_barkoftree,otaki,otaki,o t a k i,,walker2011,,,^o t a k i$,default
Manao-27_barkoftree-1,,Manao,27_barkoftree,iwatiki,iwatiki,i w a t i k i,,walker2011,,,^i w a t i k i$,default
Mandahuaca-27_barkoftree-1,,Mandahuaca,27_barkoftree,nu-ya:baru,nu-ya:baru,n u + j aː b a r u,,walker2011,,,^n u - y a: b a r u$,default
Maragua-27_barkoftree-1,,Maragua,27_barkoftree,n-idia,n-idia,n + i d i a,,walker2011,,,^n - i d i a$,default
MapidianMawayana-27_barkoftree-1,,MapidianMawayana,27_barkoftree,mada,mada,m a d a,,walker2011,,,^m a d a$,default
Mehinaku-27_barkoftree-1,,Mehinaku,27_barkoftree,ɨtata,ɨtata,ɨ t a t a,,walker2011,,,^ɨ t a t a$,default
Nomatsiguenga-27_barkoftree-1,,Nomatsiguenga,27_barkoftree,omasi,omasi,o m a s i,,walker2011,,,^o m a s i$,default
Palikur-27_barkoftree-1,,Palikur,27_barkoftree,amar,amar,a m a r,,walker2011,,,^a m a r$,default
Paraujano-27_barkoftree-1,,Paraujano,27_barkoftree,hundo,hundo,h u n d o,,walker2011,,,^h u n d o$,default
Parecis-27_barkoftree-1,,Parecis,27_barkoftree,tjama,tjama,t j a m a,,walker2011,,,^t j a m a$,default
Piapoco-27_barkoftree-1,,Piapoco,27_barkoftree,mami,mami,m a m i,,walker2011,,,^m a m i$,default
Yine-27_barkoftree-1,,Yine,27_barkoftree,gipata,gipata,g i p a t a,,walker2011,,,^g i p a t a$,default
Resigaro-27_barkoftree-1,,Resigaro,27_barkoftree,daʔmi,daʔmi,d a ʔ m i,,walker2011,,,^d a ʔ m i$,default
Saraveca-27_barkoftree-1,,Saraveca,27_barkoftree,tama,tama,t a m a,,walker2011,,,^t a m a$,default
Taino-27_barkoftree-1,,Taino,27_barkoftree,hehe,hehe,h e h e,,walker2011,,,^h e h e$,default
Tariana-27_barkoftree-1,,Tariana,27_barkoftree,ja,ja,j a,,walker2011,,,^j a$,default
Terena-27_barkoftree-1,,Terena,27_barkoftree,moto,moto,m o t o,,walker2011,,,^m o t o$,default
Trinitario-27_barkoftree-1,,Trinitario,27_barkoftree,totʃohi,totʃohi,t o tʃ o h i,,walker2011,,,^t o tʃ o h i$,default
Wainuma-27_barkoftree-1,,Wainuma,27_barkoftree,reema,reema,r eː m a,,walker2011,,,^r ee m a$,default
Wapishana-27_barkoftree-1,,Wapishana,27_barkoftree,maɖaj,maɖaj,m a ɖ a j,,walker2011,,,^m a ɖ a j$,default
Warekena-27_barkoftree-1,,Warekena,27_barkoftree,yasi,yasi,j a s i,,walker2011,,,^y a s i$,default
WarekenaVelha-27_barkoftree-1,,WarekenaVelha,27_barkoftree,mata,mata,m a t a,,walker2011,,,^m a t a$,default
Waura-27_barkoftree-1,,Waura,27_barkoftree,iʐata,iʐata,i ʐ a t a,,walker2011,,,^i ʐ a t a$,default
Yavitero-27_barkoftree-1,,Yavitero,27_barkoftree,kamulita,kamulita,k a m u l i t a,,walker2011,,,^k a m u l i t a$,default
Yawalapiti-27_barkoftree-1,,Yawalapiti,27_barkoftree,iɾata,iɾata,i ɾ a t a,,walker2011,,,^i ɾ a t a$,default
Yucuna-27_barkoftree-1,,Yucuna,27_barkoftree,aʔaruhi,aʔaruhi,a ʔ a r u h i,,walker2011,,,^a ʔ a r u h i$,default
Achagua-28_skin-1,,Achagua,28_skin,-manaː,-manaː,m a n aː,,walker2011,,,^- m a n aː$,default
Yanesha-28_skin-1,,Yanesha,28_skin,"ʐomats, yeʐom",ʐomats,ʐ o m a ts,,walker2011,,,^ʐ o m a ts$,default
Yanesha-28_skin-2,,Yanesha,28_skin,"ʐomats, yeʐom",yeʐom,j e ʐ o m,,walker2011,,,^y e ʐ o m$,default
Apurina-28_skin-1,,Apurina,28_skin,-mata,-mata,m a t a,,walker2011,,,^- m a t a$,default
Aruan-28_skin-1,,Aruan,28_skin,mata,mata,m a t a,,walker2011,,,^m a t a$,default
Ashaninka-28_skin-1,,Ashaninka,28_skin,meʃina,meʃina,m e ʃ i n a,,walker2011,,,^m e ʃ i n a$,default
Xiriana-28_skin-1,,Xiriana,28_skin,-taɨ(da),-taɨ,t a ɨ,,walker2011,,,^- t a ɨ$,default
Avane-28_skin-1,,Avane,28_skin,-mata,-mata,m a t a,,walker2011,,,^- m a t a$,default
BaniwaDoIcana-28_skin-1,,BaniwaDoIcana,28_skin,-ya,-ya,j a,,walker2011,,,^- y a$,default
Bare-28_skin-1,,Bare,28_skin,id’ahai,id’ahai,i dʲ a h a i,,walker2011,,,^i d’ a h a i$,default
Baure-28_skin-1,,Baure,28_skin,tʃom,tʃom,tʃ o m,,walker2011,,,^tʃ o m$,default
Cabiyari-28_skin-1,,Cabiyari,28_skin,"-iaʔami, imahi",-iaʔami,i a ʔ a m i,,walker2011,,,^- i a ʔ a m i$,default
Cabiyari-28_skin-2,,Cabiyari,28_skin,"-iaʔami, imahi",imahi,i m a h i,,walker2011,,,^i m a h i$,default
Caquinte-28_skin-1,,Caquinte,28_skin,meʃina,meʃina,m e ʃ i n a,,walker2011,,,^m e ʃ i n a$,default
Chamicuro-28_skin-1,,Chamicuro,28_skin,ʂama,ʂama,ʂ a m a,,walker2011,,,^ʂ a m a$,default
EnaweneNawe-28_skin-1,,EnaweneNawe,28_skin,eõli,eõli,e õ l i,,walker2011,,,^e õ l i$,default
Garifuna-28_skin-1,,Garifuna,28_skin,"adɨɲɨgɨda, uraɨ",adɨɲɨgɨda,a d ɨ ɲ ɨ g ɨ d a,,walker2011,,,^a d ɨ ɲ ɨ g ɨ d a$,default
Garifuna-28_skin-2,,Garifuna,28_skin,"adɨɲɨgɨda, uraɨ",uraɨ,u r a ɨ,,walker2011,,,^u r a ɨ$,default
Wayuu-28_skin-1,,Wayuu,28_skin,ta-ta,ta-ta,t a + t a,,walker2011,,,^t a - t a$,default
Guinau-28_skin-1,,Guinau,28_skin,neːda,neːda,n eː d a,,walker2011,,,^n eː d a$,default
Ignaciano-28_skin-1,,Ignaciano,28_skin,úmama,úmama,ú/u m a m a,,walker2011,,,^ú m a m a$,default
Inapari-28_skin-1,,Inapari,28_skin,matʃáti,matʃáti,m a tʃ á/a t i,,walker2011,,,^m a tʃ á t i$,default
IslandCarib-28_skin-1,,IslandCarib,28_skin,ula,ula,u l a,,walker2011,,,^u l a$,default
Karutana-28_skin-1,,Karutana,28_skin,ia,ia,i a,,walker2011,,,^i a$,default
Kaishana-28_skin-1,,Kaishana,28_skin,-ala,-ala,a l a,,walker2011,,,^- a l a$,default
Kinikinao-28_skin-1,,Kinikinao,28_skin,maːdoke,maːdoke,m aː d o k e,,walker2011,,,^m aː d o k e$,default
Curripaco-28_skin-1,,Curripaco,28_skin,likutsi,likutsi,l i k u ts i,,walker2011,,,^l i k u ts i$,default
Lokono-28_skin-1,,Lokono,28_skin,ɨda,ɨda,ɨ d a,,walker2011,,,^ɨ d a$,default
Machiguenga-28_skin-1,,Machiguenga,28_skin,meʃinantsi,meʃinantsi,m e ʃ i n a n ts i,,walker2011,,,^m e ʃ i n a n ts i$,default
Manao-28_skin-1,,Manao,28_skin,ita,ita,i t a,,walker2011,,,^i t a$,default
Mandahuaca-28_skin-1,,Mandahuaca,28_skin,nu-ya:baro,nu-ya:baro,n u + j aː b a r o,,walker2011,,,^n u - y a: b a r o$,default
Machinere-28_skin-1,,Machinere,28_skin,-sapi,-sapi,s a p i,,walker2011,,,^- s a p i$,default
Maragua-28_skin-1,,Maragua,28_skin,n-idia,n-idia,n + i d i a,,walker2011,,,^n - i d i a$,default
MapidianMawayana-28_skin-1,,MapidianMawayana,28_skin,-mada,-mada,m a d a,,walker2011,,,^- m a d a$,default
Mehinaku-28_skin-1,,Mehinaku,28_skin,maĩ,maĩ,m a ĩ,,walker2011,,,^m a ĩ$,default
Nomatsiguenga-28_skin-1,,Nomatsiguenga,28_skin,masitsi,masitsi,m a s i ts i,,walker2011,,,^m a s i ts i$,default
Palikur-28_skin-1,,Palikur,28_skin,-mar,-mar,m a r,,walker2011,,,^- m a r$,default
Paraujano-28_skin-1,,Paraujano,28_skin,"hundo, woto",hundo,h u n d o,,walker2011,,,^h u n d o$,default
Paraujano-28_skin-2,,Paraujano,28_skin,"hundo, woto",woto,w o t o,,walker2011,,,^w o t o$,default
Parecis-28_skin-1,,Parecis,28_skin,militi,militi,m i l i t i,,walker2011,,,^m i l i t i$,default
Piapoco-28_skin-1,,Piapoco,28_skin,íimamisi,íimamisi,í/i i m a m i s i,,walker2011,,,^í i m a m i s i$,default
Yine-28_skin-1,,Yine,28_skin,mtatʃi,mtatʃi,m t a tʃ i,,walker2011,,,^m t a tʃ i$,default
Resigaro-28_skin-1,,Resigaro,28_skin,"eːmu, eːmamiːʔo",eːmu,eː m u,,walker2011,,,^eː m u$,default
Resigaro-28_skin-2,,Resigaro,28_skin,"eːmu, eːmamiːʔo",eːmamiːʔo,eː m a m iː ʔ o,,walker2011,,,^eː m a m iː ʔ o$,default
Saraveca-28_skin-1,,Saraveca,28_skin,i-nihivia,i-nihivia,i + n i h i v i a,,walker2011,,,^i - n i h i v i a$,default
Taino-28_skin-1,,Taino,28_skin,"kara, ura",kara,k a r a,,walker2011,,,^k a r a$,default
Taino-28_skin-2,,Taino,28_skin,"kara, ura",ura,u r a,,walker2011,,,^u r a$,default
Tariana-28_skin-1,,Tariana,28_skin,ja,ja,j a,,walker2011,,,^j a$,default
Terena-28_skin-1,,Terena,28_skin,moto,moto,m o t o,,walker2011,,,^m o t o$,default
Trinitario-28_skin-1,,Trinitario,28_skin,ummo,ummo,u mː o,,walker2011,,,^u mm o$,default
Wainuma-28_skin-1,,Wainuma,28_skin,-(ih)mami,-mami,m a m i,,walker2011,,,^- m a m i$,default
Wapishana-28_skin-1,,Wapishana,28_skin,maɖaj,maɖaj,m a ɖ a j,,walker2011,,,^m a ɖ a j$,default
Warekena-28_skin-1,,Warekena,28_skin,yasi,yasi,j a s i,,walker2011,,,^y a s i$,default
WarekenaVelha-28_skin-1,,WarekenaVelha,28_skin,mata,mata,m a t a,,walker2011,,,^m a t a$,default
Waura-28_skin-1,,Waura,28_skin,mãĩ,mãĩ,m ã ĩ,,walker2011,,,^m ã ĩ$,default
Yavitero-28_skin-1,,Yavitero,28_skin,itamaka,itamaka,i t a m a k a,,walker2011,,,^i t a m a k a$,default
Yawalapiti-28_skin-1,,Yawalapiti,28_skin,maa,maa,m aː,,walker2011,,,^m aa$,default
Yucuna-28_skin-1,,Yucuna,28_skin,imaji,imaji,i m a j i,,walker2011,,,^i m a j i$,default
Achagua-29_fleshmeat-1,,Achagua,29_fleshmeat,-inaː,-inaː,i n aː,,walker2011,,,^- i n aː$,default
Yanesha-29_fleshmeat-1,,Yanesha,29_fleshmeat,"tʃetsots, yetʃets",tʃetsots,tʃ e ts o ts,,walker2011,,,^tʃ e ts o ts$,default
Yanesha-29_fleshmeat-2,,Yanesha,29_fleshmeat,"tʃetsots, yetʃets",yetʃets,j e tʃ e ts,,walker2011,,,^y e tʃ e ts$,default
Apurina-29_fleshmeat-1,,Apurina,29_fleshmeat,ʃeɲi-,ʃeɲi-,ʃ e ɲ i,,walker2011,,,^ʃ e ɲ i -$,default
Aruan-29_fleshmeat-1,,Aruan,29_fleshmeat,soː,soː,s oː,,walker2011,,,^s oː$,default
Ashaninka-29_fleshmeat-1,,Ashaninka,29_fleshmeat,watsa,watsa,w a ts a,,walker2011,,,^w a ts a$,default
Xiriana-29_fleshmeat-1,,Xiriana,29_fleshmeat,"-hɨtɨ, -tɨfɨ",-hɨtɨ,h ɨ t ɨ,,walker2011,,,^- h ɨ t ɨ$,default
Xiriana-29_fleshmeat-2,,Xiriana,29_fleshmeat,"-hɨtɨ, -tɨfɨ",-tɨfɨ,t ɨ f ɨ,,walker2011,,,^- t ɨ f ɨ$,default
Avane-29_fleshmeat-1,,Avane,29_fleshmeat,mitsi,mitsi,m i ts i,,walker2011,,,^m i ts i$,default
BaniwaDoIcana-29_fleshmeat-1,,BaniwaDoIcana,29_fleshmeat,-iːpe,-iːpe,iː p e,,walker2011,,,^- iː p e$,default
Bare-29_fleshmeat-1,,Bare,29_fleshmeat,ditihi,ditihi,d i t i h i,,walker2011,,,^d i t i h i$,default
Baure-29_fleshmeat-1,,Baure,29_fleshmeat,enʃon,enʃon,e n ʃ o n,,walker2011,,,^e nʃ o n$,default
Cabiyari-29_fleshmeat-1,,Cabiyari,29_fleshmeat,-iʔi,-iʔi,i ʔ i,,walker2011,,,^- i ʔ i$,default
Chamicuro-29_fleshmeat-1,,Chamicuro,29_fleshmeat,pekano,pekano,p e k a n o,,walker2011,,,^p e k a n o$,default
EnaweneNawe-29_fleshmeat-1,,EnaweneNawe,29_fleshmeat,nete,nete,n e t e,,walker2011,,,^n e t e$,default
Garifuna-29_fleshmeat-1,,Garifuna,29_fleshmeat,ɨgɨrɨgɨ,ɨgɨrɨgɨ,ɨ g ɨ r ɨ g ɨ,,walker2011,,,^ɨ g ɨ r ɨ g ɨ$,default
Wayuu-29_fleshmeat-1,,Wayuu,29_fleshmeat,te-ʔiɾuku,te-ʔiɾuku,t e + ʔ i ɾ u k u,,walker2011,,,^t e - ʔ i ɾ u k u$,default
Guinau-29_fleshmeat-1,,Guinau,29_fleshmeat,"neːdenaha, netina",neːdenaha,n eː d e n a h a,,walker2011,,,^n eː d e n a h a$,default
Guinau-29_fleshmeat-2,,Guinau,29_fleshmeat,"neːdenaha, netina",netina,n e t i n a,,walker2011,,,^n e t i n a$,default
Ignaciano-29_fleshmeat-1,,Ignaciano,29_fleshmeat,etʃe,etʃe,e tʃ e,,walker2011,,,^e tʃ e$,default
Inapari-29_fleshmeat-1,,Inapari,29_fleshmeat,ɨtʃití,ɨtʃití,ɨ tʃ i t í/i,,walker2011,,,^ɨ tʃ i t í$,default
IslandCarib-29_fleshmeat-1,,IslandCarib,29_fleshmeat,orogoro,orogoro,o r o g o r o,,walker2011,,,^o r o g o r o$,default
Kaishana-29_fleshmeat-1,,Kaishana,29_fleshmeat,-in(h)a,-ina,i n a,,walker2011,,,^- i n a$,default
Kinikinao-29_fleshmeat-1,,Kinikinao,29_fleshmeat,naːum,naːum,n aː u m,,walker2011,,,^n aː u m$,default
Curripaco-29_fleshmeat-1,,Curripaco,29_fleshmeat,liːphe,liːphe,l iː pʰ e,,walker2011,,,^l iː ph e$,default
Lokono-29_fleshmeat-1,,Lokono,29_fleshmeat,airoko,airoko,a i r o k o,,walker2011,,,^a i r o k o$,default
Machiguenga-29_fleshmeat-1,,Machiguenga,29_fleshmeat,poʃiniri,poʃiniri,p o ʃ i n i r i,,walker2011,,,^p o ʃ i n i r i$,default
Machinere-29_fleshmeat-1,,Machinere,29_fleshmeat,hĩhĩte,hĩhĩte,h ĩ h ĩ t e,,walker2011,,,^h ĩ h ĩ t e$,default
Maragua-29_fleshmeat-1,,Maragua,29_fleshmeat,"uɲa, no-kabe",uɲa,u ɲ a,,walker2011,,,^u ɲ a$,default
Maragua-29_fleshmeat-2,,Maragua,29_fleshmeat,"uɲa, no-kabe",no-kabe,n o + k a b e,,walker2011,,,^n o - k a b e$,default
Mariate-29_fleshmeat-1,,Mariate,29_fleshmeat,petuapɨmi,petuapɨmi,p e t u a p ɨ m i,,walker2011,,,^p e t u a p ɨ m i$,default
MapidianMawayana-29_fleshmeat-1,,MapidianMawayana,29_fleshmeat,wĩ,wĩ,w ĩ,,walker2011,,,^w ĩ$,default
Mehinaku-29_fleshmeat-1,,Mehinaku,29_fleshmeat,nĩhiti,nĩhiti,n ĩ h i t i,,walker2011,,,^n ĩ h i t i$,default
Nomatsiguenga-29_fleshmeat-1,,Nomatsiguenga,29_fleshmeat,patsatsi,patsatsi,p a ts a ts i,,walker2011,,,^p a ts a ts i$,default
Palikur-29_fleshmeat-1,,Palikur,29_fleshmeat,inti,inti,i n t i,,walker2011,,,^i n t i$,default
Paraujano-29_fleshmeat-1,,Paraujano,29_fleshmeat,hirukupa,hirukupa,h i r u k u p a,,walker2011,,,^h i r u k u p a$,default
Parecis-29_fleshmeat-1,,Parecis,29_fleshmeat,eteti,eteti,e t e t i,,walker2011,,,^e t e t i$,default
Piapoco-29_fleshmeat-1,,Piapoco,29_fleshmeat,iinasi,iinasi,iː n a s i,,walker2011,,,^ii n a s i$,default
Yine-29_fleshmeat-1,,Yine,29_fleshmeat,giitʃi,giitʃi,g iː tʃ i,,walker2011,,,^g ii tʃ i$,default
Resigaro-29_fleshmeat-1,,Resigaro,29_fleshmeat,"giʔi, piʃaːni [de animal]",giʔi,g i ʔ i,,walker2011,,,^g i ʔ i$,default
Resigaro-29_fleshmeat-2,,Resigaro,29_fleshmeat,"giʔi, piʃaːni [de animal]",piʃaːni_,p i ʃ aː n i,,walker2011,,,^p i ʃ aː n i _$,default
Saraveca-29_fleshmeat-1,,Saraveca,29_fleshmeat,e-teti,e-teti,e + t e t i,,walker2011,,,^e - t e t i$,default
Taino-29_fleshmeat-1,,Taino,29_fleshmeat,kai,kai,k a i,,walker2011,,,^k a i$,default
Tariana-29_fleshmeat-1,,Tariana,29_fleshmeat,pe,pe,p e,,walker2011,,,^p e$,default
Terena-29_fleshmeat-1,,Terena,29_fleshmeat,ijéu/nâum,ijéu,i j é/e u,,walker2011,,,^i j é u$,default
Terena-29_fleshmeat-2,,Terena,29_fleshmeat,ijéu/nâum,nâum,n â/a u m,,walker2011,,,^n â u m$,default
Trinitario-29_fleshmeat-1,,Trinitario,29_fleshmeat,etʃe,etʃe,e tʃ e,,walker2011,,,^e tʃ e$,default
Wainuma-29_fleshmeat-1,,Wainuma,29_fleshmeat,"bimukui, -ahpimi",bimukui,b i m u k u i,,walker2011,,,^b i m u k u i$,default
Wainuma-29_fleshmeat-2,,Wainuma,29_fleshmeat,"bimukui, -ahpimi",-ahpimi,a h p i m i,,walker2011,,,^- a h p i m i$,default
Wapishana-29_fleshmeat-1,,Wapishana,29_fleshmeat,ɖɨnaj,ɖɨnaj,ɖ ɨ n a j,,walker2011,,,^ɖ ɨ n a j$,default
Warekena-29_fleshmeat-1,,Warekena,29_fleshmeat,itasi,itasi,i t a s i,,walker2011,,,^i t a s i$,default
WarekenaVelha-29_fleshmeat-1,,WarekenaVelha,29_fleshmeat,mitʃi,mitʃi,m i tʃ i,,walker2011,,,^m i tʃ i$,default
Waura-29_fleshmeat-1,,Waura,29_fleshmeat,hɨtai,hɨtai,h ɨ t a i,,walker2011,,,^h ɨ t a i$,default
Yavitero-29_fleshmeat-1,,Yavitero,29_fleshmeat,mitsi,mitsi,m i ts i,,walker2011,,,^m i ts i$,default
Yawalapiti-29_fleshmeat-1,,Yawalapiti,29_fleshmeat,iti,iti,i t i,,walker2011,,,^i t i$,default
Yucuna-29_fleshmeat-1,,Yucuna,29_fleshmeat,iʔihi,iʔihi,i ʔ i h i,,walker2011,,,^i ʔ i h i$,default
Jumana-29_fleshmeat-1,,Jumana,29_fleshmeat,n-ina,n-ina,n + i n a,,walker2011,,,^n - i n a$,default
Achagua-30_blood-1,,Achagua,30_blood,-iɻanaː,-iɻanaː,i ɻ a n aː,,walker2011,,,^- i ɻ a n aː$,default
Yanesha-30_blood-1,,Yanesha,30_blood,"eʐaʃats, yeʐaʃ",eʐaʃats,e ʐ a ʃ a ts,,walker2011,,,^e ʐ a ʃ a ts$,default
Yanesha-30_blood-2,,Yanesha,30_blood,"eʐaʃats, yeʐaʃ",yeʐaʃ,j e ʐ a ʃ,,walker2011,,,^y e ʐ a ʃ$,default
Apurina-30_blood-1,,Apurina,30_blood,(h)erẽka,erẽka,e r ẽ k a,,walker2011,,,^e r ẽ k a$,default
Ashaninka-30_blood-1,,Ashaninka,30_blood,raha,raha,r a h a,,walker2011,,,^r a h a$,default
Xiriana-30_blood-1,,Xiriana,30_blood,-hɨɻa(be),-hɨɻa,h ɨ ɻ a,,walker2011,,,^- h ɨ ɻ a$,default
Avane-30_blood-1,,Avane,30_blood,-miya-ʂi,-miya-ʂi,m i j a + ʂ i,,walker2011,,,^- m i y a - ʂ i$,default
BaniwaDoIcana-30_blood-1,,BaniwaDoIcana,30_blood,-iːɻanaː,-iːɻanaː,iː ɻ a n aː,,walker2011,,,^- iː ɻ a n aː$,default
Bare-30_blood-1,,Bare,30_blood,hi,hi,h i,,walker2011,,,^h i$,default
Baure-30_blood-1,,Baure,30_blood,iti,iti,i t i,,walker2011,,,^i t i$,default
Cabiyari-30_blood-1,,Cabiyari,30_blood,-iʔira,-iʔira,i ʔ i r a,,walker2011,,,^- i ʔ i r a$,default
Caquinte-30_blood-1,,Caquinte,30_blood,raha,raha,r a h a,,walker2011,,,^r a h a$,default
Cariai-30_blood-1,,Cariai,30_blood,nu-tsaɲi,nu-tsaɲi,n u + ts a ɲ i,,walker2011,,,^n u - ts a ɲ i$,default
Chamicuro-30_blood-1,,Chamicuro,30_blood,iila,iila,iː l a,,walker2011,,,^ii l a$,default
EnaweneNawe-30_blood-1,,EnaweneNawe,30_blood,tiɲolajti,tiɲolajti,t i ɲ o l a j t i,,walker2011,,,^t i ɲ o l a j t i$,default
Garifuna-30_blood-1,,Garifuna,30_blood,hitaɨ,hitaɨ,h i t a ɨ,,walker2011,,,^h i t a ɨ$,default
Wayuu-30_blood-1,,Wayuu,30_blood,iʃaa,iʃaa,i ʃ aː,,walker2011,,,^i ʃ aa$,default
Guinau-30_blood-1,,Guinau,30_blood,"neːa, nuija",neːa,n eː a,,walker2011,,,^n eː a$,default
Guinau-30_blood-2,,Guinau,30_blood,"neːa, nuija",nuija,n u i j a,,walker2011,,,^n u i j a$,default
Ignaciano-30_blood-1,,Ignaciano,30_blood,iti,iti,i t i,,walker2011,,,^i t i$,default
Inapari-30_blood-1,,Inapari,30_blood,ɨrááti,ɨrááti,ɨ r á/a á/a t i,,walker2011,,,^ɨ r áá t i$,default
IslandCarib-30_blood-1,,IslandCarib,30_blood,bitao,bitao,b i t a o,,walker2011,,,^b i t a o$,default
Kaishana-30_blood-1,,Kaishana,30_blood,"-tsakana, i-tse",-tsakana,ts a k a n a,,walker2011,,,^- ts a k a n a$,default
Kaishana-30_blood-2,,Kaishana,30_blood,"-tsakana, i-tse",i-tse,i + ts e,,walker2011,,,^i - ts e$,default
Kinikinao-30_blood-1,,Kinikinao,30_blood,iti,iti,i t i,,walker2011,,,^i t i$,default
Curripaco-30_blood-1,,Curripaco,30_blood,irana,irana,i r a n a,,walker2011,,,^i r a n a$,default
Lokono-30_blood-1,,Lokono,30_blood,ɨthɨ,ɨthɨ,ɨ tʰ ɨ,,walker2011,,,^ɨ th ɨ$,default
Machiguenga-30_blood-1,,Machiguenga,30_blood,irantisi,irantisi,i r a n t i s i,,walker2011,,,^i r a n t i s i$,default
Manao-30_blood-1,,Manao,30_blood,irati,irati,i r a t i,,walker2011,,,^i r a t i$,default
Mandahuaca-30_blood-1,,Mandahuaca,30_blood,nu-rami,nu-rami,n u + r a m i,,walker2011,,,^n u - r a m i$,default
Machinere-30_blood-1,,Machinere,30_blood,tʃirali,tʃirali,tʃ i r a l i,,walker2011,,,^tʃ i r a l i$,default
Maragua-30_blood-1,,Maragua,30_blood,"n-isa, itahɨ",n-isa,n + i s a,,walker2011,,,^n - i s a$,default
Maragua-30_blood-2,,Maragua,30_blood,"n-isa, itahɨ",itahɨ,i t a h ɨ,,walker2011,,,^i t a h ɨ$,default
Mariate-30_blood-1,,Mariate,30_blood,iraɨ,iraɨ,i r a ɨ,,walker2011,,,^i r a ɨ$,default
MapidianMawayana-30_blood-1,,MapidianMawayana,30_blood,-kɨwɨde,-kɨwɨde,k ɨ w ɨ d e,,walker2011,,,^- k ɨ w ɨ d e$,default
Mehinaku-30_blood-1,,Mehinaku,30_blood,ɨʂai,ɨʂai,ɨ ʂ a i,,walker2011,,,^ɨ ʂ a i$,default
Nomatsiguenga-30_blood-1,,Nomatsiguenga,30_blood,araatsi,araatsi,a r aː ts i,,walker2011,,,^a r aa ts i$,default
Palikur-30_blood-1,,Palikur,30_blood,migat,migat,m i g a t,,walker2011,,,^m i g a t$,default
Paraujano-30_blood-1,,Paraujano,30_blood,taya,taya,t a j a,,walker2011,,,^t a y a$,default
Parecis-30_blood-1,,Parecis,30_blood,itimalaʃa,itimalaʃa,i t i m a l a ʃ a,,walker2011,,,^i t i m a l a ʃ a$,default
Passe-30_blood-1,,Passe,30_blood,tʃita,tʃita,tʃ i t a,,walker2011,,,^tʃ i t a$,default
Piapoco-30_blood-1,,Piapoco,30_blood,irái,irái,i r á/a i,,walker2011,,,^i r á i$,default
Yine-30_blood-1,,Yine,30_blood,grantʃi,grantʃi,g r a n tʃ i,,walker2011,,,^g r a n tʃ i$,default
Resigaro-30_blood-1,,Resigaro,30_blood,"-iːdu, -ido",-iːdu,iː d u,,walker2011,,,^- iː d u$,default
Resigaro-30_blood-2,,Resigaro,30_blood,"-iːdu, -ido",-ido,i d o,,walker2011,,,^- i d o$,default
Saraveca-30_blood-1,,Saraveca,30_blood,ezo-dsane,ezo-dsane,e z o + dz a n e,,walker2011,,,^e z o - ds a n e$,default
Taino-30_blood-1,,Taino,30_blood,"moinlau, moin",moinlau,m o i n l a u,,walker2011,,,^m o i n l a u$,default
Taino-30_blood-2,,Taino,30_blood,"moinlau, moin",moin,m o i n,,walker2011,,,^m o i n$,default
Tariana-30_blood-1,,Tariana,30_blood,ɾi,ɾi,ɾ i,,walker2011,,,^ɾ i$,default
Terena-30_blood-1,,Terena,30_blood,íti,íti,í/i t i,,walker2011,,,^í t i$,default
Trinitario-30_blood-1,,Trinitario,30_blood,itne,itne,i t n e,,walker2011,,,^i t n e$,default
Wainuma-30_blood-1,,Wainuma,30_blood,-ira,-ira,i r a,,walker2011,,,^- i r a$,default
Wapishana-30_blood-1,,Wapishana,30_blood,iʐaj,iʐaj,i ʐ a j,,walker2011,,,^i ʐ a j$,default
Araicu-30_blood-1,,Araicu,30_blood,isso,isso,i sː o,,walker2011,,,^i ss o$,default
Warekena-30_blood-1,,Warekena,30_blood,ile,ile,i l e,,walker2011,,,^i l e$,default
WarekenaVelha-30_blood-1,,WarekenaVelha,30_blood,miaʃi,miaʃi,m i a ʃ i,,walker2011,,,^m i a ʃ i$,default
Waura-30_blood-1,,Waura,30_blood,iʐai,iʐai,i ʐ a i,,walker2011,,,^i ʐ a i$,default
Yavitero-30_blood-1,,Yavitero,30_blood,miya,miya,m i j a,,walker2011,,,^m i y a$,default
Yawalapiti-30_blood-1,,Yawalapiti,30_blood,iʃa,iʃa,i ʃ a,,walker2011,,,^i ʃ a$,default
Yucuna-30_blood-1,,Yucuna,30_blood,rirami,rirami,r i r a m i,,walker2011,,,^r i r a m i$,default
Jumana-30_blood-1,,Jumana,30_blood,"nita, wyta",nita,n i t a,,walker2011,,,^n i t a$,default
Jumana-30_blood-2,,Jumana,30_blood,"nita, wyta",wyta,w j t a,,walker2011,,,^w y t a$,default
Achagua-31_bone-1,,Achagua,31_bone,-yahideː,-yahideː,j a h i d eː,,walker2011,,,^- y a h i d eː$,default
Yanesha-31_bone-1,,Yanesha,31_bone,nopats,nopats,n o p a ts,,walker2011,,,^n o p a ts$,default
Anauya-31_bone-1,,Anauya,31_bone,korokoroni,korokoroni,k o r o k o r o n i,,walker2011,,,^k o r o k o r o n i$,default
Apurina-31_bone-1,,Apurina,31_bone,apɨ,apɨ,a p ɨ,,walker2011,,,^a p ɨ$,default
Ashaninka-31_bone-1,,Ashaninka,31_bone,tonki,tonki,t o n k i,,walker2011,,,^t o n k i$,default
Xiriana-31_bone-1,,Xiriana,31_bone,naːbe,naːbe,n aː b e,,walker2011,,,^n aː b e$,default
Avane-31_bone-1,,Avane,31_bone,-ʂimapiye,-ʂimapiye,ʂ i m a p i j e,,walker2011,,,^- ʂ i m a p i y e$,default
BaniwaDoIcana-31_bone-1,,BaniwaDoIcana,31_bone,"-aːpi, -napi, -inapi",-aːpi,aː p i,,walker2011,,,^- aː p i$,default
BaniwaDoIcana-31_bone-2,,BaniwaDoIcana,31_bone,"-aːpi, -napi, -inapi",-napi,n a p i,,walker2011,,,^- n a p i$,default
BaniwaDoIcana-31_bone-3,,BaniwaDoIcana,31_bone,"-aːpi, -napi, -inapi",-inapi,i n a p i,,walker2011,,,^- i n a p i$,default
Bare-31_bone-1,,Bare,31_bone,abihi,abihi,a b i h i,,walker2011,,,^a b i h i$,default
Baure-31_bone-1,,Baure,31_bone,nop,nop,n o p,,walker2011,,,^n o p$,default
Cabiyari-31_bone-1,,Cabiyari,31_bone,-api,-api,a p i,,walker2011,,,^- a p i$,default
Caquinte-31_bone-1,,Caquinte,31_bone,toNki,toNki,t o ɴ k i,,walker2011,,,^t o N k i$,default
Chamicuro-31_bone-1,,Chamicuro,31_bone,kahpu,kahpu,k a h p u,,walker2011,,,^k a h p u$,default
Garifuna-31_bone-1,,Garifuna,31_bone,"abu, abun",abu,a b u,,walker2011,,,^a b u$,default
Garifuna-31_bone-2,,Garifuna,31_bone,"abu, abun",abun,a b u n,,walker2011,,,^a b u n$,default
Wayuu-31_bone-1,,Wayuu,31_bone,hi-ipɨ,hi-ipɨ,h i + i p ɨ,,walker2011,,,^h i - i p ɨ$,default
Guinau-31_bone-1,,Guinau,31_bone,naːbe,naːbe,n aː b e,,walker2011,,,^n aː b e$,default
Ignaciano-31_bone-1,,Ignaciano,31_bone,yape,yape,j a p e,,walker2011,,,^y a p e$,default
Inapari-31_bone-1,,Inapari,31_bone,apɨtí,apɨtí,a p ɨ t í/i,,walker2011,,,^a p ɨ t í$,default
IslandCarib-31_bone-1,,IslandCarib,31_bone,abu,abu,a b u,,walker2011,,,^a b u$,default
Karutana-31_bone-1,,Karutana,31_bone,napire,napire,n a p i r e,,walker2011,,,^n a p i r e$,default
Kaishana-31_bone-1,,Kaishana,31_bone,-pimi(hi),-pimi,p i m i,,walker2011,,,^- p i m i$,default
Kinikinao-31_bone-1,,Kinikinao,31_bone,hɔpεːti,hɔpεːti,h ɔ p εː t i,,walker2011,,,^h ɔ p εː t i$,default
Curripaco-31_bone-1,,Curripaco,31_bone,inapi,inapi,i n a p i,,walker2011,,,^i n a p i$,default
Lokono-31_bone-1,,Lokono,31_bone,aboraha,aboraha,a b o r a h a,,walker2011,,,^a b o r a h a$,default
Machiguenga-31_bone-1,,Machiguenga,31_bone,tonkitsi,tonkitsi,t o n k i ts i,,walker2011,,,^t o n k i ts i$,default
Mandahuaca-31_bone-1,,Mandahuaca,31_bone,yahi-ʒi,yahi-ʒi,j a h i + ʒ i,,walker2011,,,^y a h i - ʒ i$,default
MapidianMawayana-31_bone-1,,MapidianMawayana,31_bone,-kɨbɨ,-kɨbɨ,k ɨ b ɨ,,walker2011,,,^- k ɨ b ɨ$,default
Mehinaku-31_bone-1,,Mehinaku,31_bone,napi,napi,n a p i,,walker2011,,,^n a p i$,default
Nomatsiguenga-31_bone-1,,Nomatsiguenga,31_bone,notoNi,notoNi,n o t o ɴ i,,walker2011,,,^n o t o N i$,default
Palikur-31_bone-1,,Palikur,31_bone,apit,apit,a p i t,,walker2011,,,^a p i t$,default
Paraujano-31_bone-1,,Paraujano,31_bone,taibia,taibia,t a i b i a,,walker2011,,,^t a i b i a$,default
Parecis-31_bone-1,,Parecis,31_bone,enahe,enahe,e n a h e,,walker2011,,,^e n a h e$,default
Piapoco-31_bone-1,,Piapoco,31_bone,nuapi,nuapi,n u a p i,,walker2011,,,^n u a p i$,default
Yine-31_bone-1,,Yine,31_bone,gaptʃi,gaptʃi,g a p tʃ i,,walker2011,,,^g a p tʃ i$,default
Resigaro-31_bone-1,,Resigaro,31_bone,-aːpi,-aːpi,aː p i,,walker2011,,,^- aː p i$,default
Saraveca-31_bone-1,,Saraveca,31_bone,e-nahaʃe,e-nahaʃe,e + n a h a ʃ e,,walker2011,,,^e - n a h a ʃ e$,default
Taino-31_bone-1,,Taino,31_bone,magu’ey,magu’ey,m a g u ʔ e y,,walker2011,,,^m a g u ’ e y$,default
Tariana-31_bone-1,,Tariana,31_bone,ɲapi,ɲapi,ɲ a p i,,walker2011,,,^ɲ a p i$,default
Terena-31_bone-1,,Terena,31_bone,ôpe,ôpe,ô/o p e,,walker2011,,,^ô p e$,default
Trinitario-31_bone-1,,Trinitario,31_bone,ʔjopeɣe,ʔjopeɣe,ʔ j o p e ɣ e,,walker2011,,,^ʔ j o p e ɣ e$,default
Wainuma-31_bone-1,,Wainuma,31_bone,-pihrɨ,-pihrɨ,p i h r ɨ,,walker2011,,,^- p i h r ɨ$,default
Wapishana-31_bone-1,,Wapishana,31_bone,niwaʔɨ,niwaʔɨ,n i w a ʔ ɨ,,walker2011,,,^n i w a ʔ ɨ$,default
Warekena-31_bone-1,,Warekena,31_bone,yapisi,yapisi,j a p i s i,,walker2011,,,^y a p i s i$,default
WarekenaVelha-31_bone-1,,WarekenaVelha,31_bone,ʃimapie,ʃimapie,ʃ i m a p i e,,walker2011,,,^ʃ i m a p i e$,default
Waura-31_bone-1,,Waura,31_bone,-napɨ,-napɨ,n a p ɨ,,walker2011,,,^- n a p ɨ$,default
Yavitero-31_bone-1,,Yavitero,31_bone,ihiu,ihiu,i h i u,,walker2011,,,^i h i u$,default
Yawalapiti-31_bone-1,,Yawalapiti,31_bone,api,api,a p i,,walker2011,,,^a p i$,default
Yucuna-31_bone-1,,Yucuna,31_bone,aphinahe,aphinahe,a pʰ i n a h e,,walker2011,,,^a ph i n a h e$,default
Jumana-31_bone-1,,Jumana,31_bone,pina,pina,p i n a,,walker2011,,,^p i n a$,default
Achagua-32_egg-1,,Achagua,32_egg,-eːwi,-eːwi,eː w i,,walker2011,,,^- eː w i$,default
Yanesha-32_egg-1,,Yanesha,32_egg,paʼmeʼ,paʼmeʼ,p aˀ m eˀ,,walker2011,,,^p aʼ m eʼ$,default
Apurina-32_egg-1,,Apurina,32_egg,nakɨ,nakɨ,n a k ɨ,,walker2011,,,^n a k ɨ$,default
Ashaninka-32_egg-1,,Ashaninka,32_egg,iitsoki,iitsoki,iː ts o k i,,walker2011,,,^ii ts o k i$,default
Xiriana-32_egg-1,,Xiriana,32_egg,-wina,-wina,w i n a,,walker2011,,,^- w i n a$,default
Avane-32_egg-1,,Avane,32_egg,inena,inena,i n e n a,,walker2011,,,^i n e n a$,default
BaniwaDoIcana-32_egg-1,,BaniwaDoIcana,32_egg,-ehwe,-ehwe,e ʰw e,,walker2011,,,^- e hw e$,default
Bare-32_egg-1,,Bare,32_egg,tiniku,tiniku,t i n i k u,,walker2011,,,^t i n i k u$,default
Baure-32_egg-1,,Baure,32_egg,naʔ,naʔ,n a ʔ,,walker2011,,,^n a ʔ$,default
Cabiyari-32_egg-1,,Cabiyari,32_egg,-e:awhe,-e:awhe,eː a wʰ e,,walker2011,,,^- e: a wh e$,default
Caquinte-32_egg-1,,Caquinte,32_egg,kitsite,kitsite,k i ts i t e,,walker2011,,,^k i ts i t e$,default
Chamicuro-32_egg-1,,Chamicuro,32_egg,welo,welo,w e l o,,walker2011,,,^w e l o$,default
EnaweneNawe-32_egg-1,,EnaweneNawe,32_egg,nesse,nesse,n e sː e,,walker2011,,,^n e ss e$,default
Garifuna-32_egg-1,,Garifuna,32_egg,gaɲen,gaɲen,g a ɲ e n,,walker2011,,,^g a ɲ e n$,default
Wayuu-32_egg-1,,Wayuu,32_egg,kaľina-ʃuku,kaľina-ʃuku,k a ľ/lʲ i n a + ʃ u k u,,walker2011,,,^k a ľ i n a - ʃ u k u$,default
Guinau-32_egg-1,,Guinau,32_egg,-sene,-sene,s e n e,,walker2011,,,^- s e n e$,default
Ignaciano-32_egg-1,,Ignaciano,32_egg,warayuʔa,warayuʔa,w a r a j u ʔ a,,walker2011,,,^w a r a y u ʔ a$,default
Inapari-32_egg-1,,Inapari,32_egg,anahɨrɨ́,anahɨrɨ́,a n a h ɨ r ɨ́/ɨ,,walker2011,,,^a n a h ɨ r ɨ́$,default
IslandCarib-32_egg-1,,IslandCarib,32_egg,tii,tii,t iː,,walker2011,,,^t ii$,default
Kaishana-32_egg-1,,Kaishana,32_egg,"tsupia, ai",tsupia,ts u p i a,,walker2011,,,^ts u p i a$,default
Kaishana-32_egg-2,,Kaishana,32_egg,"tsupia, ai",ai,a i,,walker2011,,,^a i$,default
Kinikinao-32_egg-1,,Kinikinao,32_egg,xe’exa,xe’exa,x e ʔ e x a,,walker2011,,,^x e ’ e x a$,default
Curripaco-32_egg-1,,Curripaco,32_egg,liefe,liefe,l i e f e,,walker2011,,,^l i e f e$,default
Lokono-32_egg-1,,Lokono,32_egg,ɨsa,ɨsa,ɨ s a,,walker2011,,,^ɨ s a$,default
Machiguenga-32_egg-1,,Machiguenga,32_egg,gitsokintsi,gitsokintsi,g i ts o k i n ts i,,walker2011,,,^g i ts o k i n ts i$,default
Mandahuaca-32_egg-1,,Mandahuaca,32_egg,dumalimire,dumalimire,d u m a l i m i r e,,walker2011,,,^d u m a l i m i r e$,default
Machinere-32_egg-1,,Machinere,32_egg,tonaki,tonaki,t o n a k i,,walker2011,,,^t o n a k i$,default
Maragua-32_egg-1,,Maragua,32_egg,ehi,ehi,e h i,,walker2011,,,^e h i$,default
MapidianMawayana-32_egg-1,,MapidianMawayana,32_egg,r-ɨde,r-ɨde,r + ɨ d e,,walker2011,,,^r - ɨ d e$,default
Mehinaku-32_egg-1,,Mehinaku,32_egg,initsai,initsai,i n i ts a i,,walker2011,,,^i n i ts a i$,default
Nomatsiguenga-32_egg-1,,Nomatsiguenga,32_egg,igitso,igitso,i g i ts o,,walker2011,,,^i g i ts o$,default
Palikur-32_egg-1,,Palikur,32_egg,antyan,antyan,a n t j a n,,walker2011,,,^a n t y a n$,default
Paraujano-32_egg-1,,Paraujano,32_egg,hɨyuk,hɨyuk,h ɨ j u k,,walker2011,,,^h ɨ y u k$,default
Parecis-32_egg-1,,Parecis,32_egg,etseti,etseti,e ts e t i,,walker2011,,,^e ts e t i$,default
Piapoco-32_egg-1,,Piapoco,32_egg,yéewési,yéewési,j é/e e w é/e s i,,walker2011,,,^y é e w és i$,default
Yine-32_egg-1,,Yine,32_egg,ginahi,ginahi,g i n a h i,,walker2011,,,^g i n a h i$,default
Resigaro-32_egg-1,,Resigaro,32_egg,"eːveu, eːve, eːvi",eːveu,eː v e u,,walker2011,,,^eː v e u$,default
Resigaro-32_egg-2,,Resigaro,32_egg,"eːveu, eːve, eːvi",eːve,eː v e,,walker2011,,,^eː v e$,default
Resigaro-32_egg-3,,Resigaro,32_egg,"eːveu, eːve, eːvi",eːvi,eː v i,,walker2011,,,^eː v i$,default
Saraveca-32_egg-1,,Saraveca,32_egg,enehe,enehe,e n e h e,,walker2011,,,^e n e h e$,default
Tariana-32_egg-1,,Tariana,32_egg,ewhe,ewhe,e wʰ e,,walker2011,,,^e wh e$,default
Terena-32_egg-1,,Terena,32_egg,koputoe,koputoe,k o p u t o e,,walker2011,,,^k o p u t o e$,default
Trinitario-32_egg-1,,Trinitario,32_egg,wraya,wraya,w r a j a,,walker2011,,,^w r a y a$,default
Wainuma-32_egg-1,,Wainuma,32_egg,"-eepi, -haepe",-eepi,eː p i,,walker2011,,,^- ee p i$,default
Wainuma-32_egg-2,,Wainuma,32_egg,"-eepi, -haepe",-haepe,h a e p e,,walker2011,,,^- h a e p e$,default
Wapishana-32_egg-1,,Wapishana,32_egg,ɖanij,ɖanij,ɖ a n i j,,walker2011,,,^ɖ a n i j$,default
Warekena-32_egg-1,,Warekena,32_egg,yawesi,yawesi,j a w e s i,,walker2011,,,^y a w e s i$,default
WarekenaVelha-32_egg-1,,WarekenaVelha,32_egg,inena,inena,i n e n a,,walker2011,,,^i n e n a$,default
Waura-32_egg-1,,Waura,32_egg,iitsai,iitsai,iː ts a i,,walker2011,,,^ii ts a i$,default
Yavitero-32_egg-1,,Yavitero,32_egg,inesi-naha,inesi-naha,i n e s i + n a h a,,walker2011,,,^i n e s i - n a h a$,default
Yawalapiti-32_egg-1,,Yawalapiti,32_egg,kɨhɨtʃi,kɨhɨtʃi,k ɨ h ɨ tʃ i,,walker2011,,,^k ɨ h ɨ tʃ i$,default
Yucuna-32_egg-1,,Yucuna,32_egg,ehwehi,ehwehi,e ʰw e h i,,walker2011,,,^e hw e h i$,default
Achagua-33_fatgrease-1,,Achagua,33_fatgrease,-uwika,-uwika,u w i k a,,walker2011,,,^- u w i k a$,default
Yanesha-33_fatgrease-1,,Yanesha,33_fatgrease,poʼʃeʼ,poʼʃeʼ,p oˀ ʃ eˀ,,walker2011,,,^p oʼ ʃ eʼ$,default
Apurina-33_fatgrease-1,,Apurina,33_fatgrease,-ĩː,-ĩː,ĩː,,walker2011,,,^- ĩː$,default
Ashaninka-33_fatgrease-1,,Ashaninka,33_fatgrease,yeenka,yeenka,j eː n k a,,walker2011,,,^y ee n k a$,default
Xiriana-33_fatgrease-1,,Xiriana,33_fatgrease,-reke,-reke,r e k e,,walker2011,,,^- r e k e$,default
Avane-33_fatgrease-1,,Avane,33_fatgrease,ʂipa-ʂi,ʂipa-ʂi,ʂ i p a + ʂ i,,walker2011,,,^ʂ i p a - ʂ i$,default
BaniwaDoIcana-33_fatgrease-1,,BaniwaDoIcana,33_fatgrease,"-iːt̼i, kepe",-iːt̼i,iː t̼ i,,walker2011,,,^- iː t̼ i$,default
BaniwaDoIcana-33_fatgrease-2,,BaniwaDoIcana,33_fatgrease,"-iːt̼i, kepe",kepe,k e p e,,walker2011,,,^k e p e$,default
Bare-33_fatgrease-1,,Bare,33_fatgrease,ikuɲehe,ikuɲehe,i k u ɲ e h e,,walker2011,,,^i k u ɲ e h e$,default
Baure-33_fatgrease-1,,Baure,33_fatgrease,eskiap,eskiap,e s k i a p,,walker2011,,,^e s k i a p$,default
Cabiyari-33_fatgrease-1,,Cabiyari,33_fatgrease,-iʔiti,-iʔiti,i ʔ i t i,,walker2011,,,^- i ʔ i t i$,default
Chamicuro-33_fatgrease-1,,Chamicuro,33_fatgrease,wuhsi,wuhsi,w u ʰs i,,walker2011,,,^w u hs i$,default
Garifuna-33_fatgrease-1,,Garifuna,33_fatgrease,"agulei, dibunei",agulei,a g u l e i,,walker2011,,,^a g u l e i$,default
Garifuna-33_fatgrease-2,,Garifuna,33_fatgrease,"agulei, dibunei",dibunei,d i b u n e i,,walker2011,,,^d i b u n e i$,default
Wayuu-33_fatgrease-1,,Wayuu,33_fatgrease,ausiʃia,ausiʃia,a u s i ʃ i a,,walker2011,,,^a u s i ʃ i a$,default
Ignaciano-33_fatgrease-1,,Ignaciano,33_fatgrease,tauhewa,tauhewa,t a u h e w a,,walker2011,,,^t a u h e w a$,default
Inapari-33_fatgrease-1,,Inapari,33_fatgrease,haĩréti,haĩréti,h a ĩ r é/e t i,,walker2011,,,^h a ĩ r é t i$,default
IslandCarib-33_fatgrease-1,,IslandCarib,33_fatgrease,agole,agole,a g o l e,,walker2011,,,^a g o l e$,default
Kaishana-33_fatgrease-1,,Kaishana,33_fatgrease,ka-musekana,ka-musekana,k a + m u s e k a n a,,walker2011,,,^k a - m u s e k a n a$,default
Kinikinao-33_fatgrease-1,,Kinikinao,33_fatgrease,tʃikiʃina,tʃikiʃina,tʃ i k i ʃ i n a,,walker2011,,,^tʃ i k i ʃ i n a$,default
Curripaco-33_fatgrease-1,,Curripaco,33_fatgrease,litavana,litavana,l i t a v a n a,,walker2011,,,^l i t a v a n a$,default
Lokono-33_fatgrease-1,,Lokono,33_fatgrease,khi,khi,kʰ i,,walker2011,,,^kh i$,default
Machiguenga-33_fatgrease-1,,Machiguenga,33_fatgrease,igeika,igeika,i g e i k a,,walker2011,,,^i g e i k a$,default
Mandahuaca-33_fatgrease-1,,Mandahuaca,33_fatgrease,matʃipi,matʃipi,m a tʃ i p i,,walker2011,,,^m a tʃ i p i$,default
Machinere-33_fatgrease-1,,Machinere,33_fatgrease,hĩmhĩ,hĩmhĩ,h ĩ mʰ ĩ,,walker2011,,,^h ĩ mh ĩ$,default
Maragua-33_fatgrease-1,,Maragua,33_fatgrease,iwiri,iwiri,i w i r i,,walker2011,,,^i w i r i$,default
Mariate-33_fatgrease-1,,Mariate,33_fatgrease,kersɨrɨ,kersɨrɨ,k e r s ɨ r ɨ,,walker2011,,,^k e r s ɨ r ɨ$,default
MapidianMawayana-33_fatgrease-1,,MapidianMawayana,33_fatgrease,r-ih,r-ih,r + i h,,walker2011,,,^r - i h$,default
Mehinaku-33_fatgrease-1,,Mehinaku,33_fatgrease,akapaki/umaku,akapaki,a k a p a k i,,walker2011,,,^a k a p a k i$,default
Mehinaku-33_fatgrease-2,,Mehinaku,33_fatgrease,akapaki/umaku,umaku,u m a k u,,walker2011,,,^u m a k u$,default
Nomatsiguenga-33_fatgrease-1,,Nomatsiguenga,33_fatgrease,kihitsi,kihitsi,k i h i ts i,,walker2011,,,^k i h i ts i$,default
Palikur-33_fatgrease-1,,Palikur,33_fatgrease,-iy/iyti,-iy,i y,,walker2011,,,^- i y$,default
Palikur-33_fatgrease-2,,Palikur,33_fatgrease,-iy/iyti,iyti,i j t i,,walker2011,,,^i y t i$,default
Paraujano-33_fatgrease-1,,Paraujano,33_fatgrease,kougdo,kougdo,k o u g d o,,walker2011,,,^k o u g d o$,default
Parecis-33_fatgrease-1,,Parecis,33_fatgrease,ekolotene,ekolotene,e k o l o t e n e,,walker2011,,,^e k o l o t e n e$,default
Piapoco-33_fatgrease-1,,Piapoco,33_fatgrease,iséená,iséená,i s é/e e n á/a,,walker2011,,,^i s é e n á$,default
Yine-33_fatgrease-1,,Yine,33_fatgrease,ringi,ringi,r i n g i,,walker2011,,,^r i n g i$,default
Resigaro-33_fatgrease-1,,Resigaro,33_fatgrease,phedeːʔkatsi,phedeːʔkatsi,pʰ e d eː ʔ k a ts i,,walker2011,,,^ph e d eː ʔ k a ts i$,default
Saraveca-33_fatgrease-1,,Saraveca,33_fatgrease,sohuaetʃe,sohuaetʃe,s o h u a e tʃ e,,walker2011,,,^s o h u a e tʃ e$,default
Taino-33_fatgrease-1,,Taino,33_fatgrease,digo,digo,d i g o,,walker2011,,,^d i g o$,default
Tariana-33_fatgrease-1,,Tariana,33_fatgrease,si,si,s i,,walker2011,,,^s i$,default
Terena-33_fatgrease-1,,Terena,33_fatgrease,ʃikiʃi,ʃikiʃi,ʃ i k i ʃ i,,walker2011,,,^ʃ i k i ʃ i$,default
Trinitario-33_fatgrease-1,,Trinitario,33_fatgrease,sina,sina,s i n a,,walker2011,,,^s i n a$,default
Wainuma-33_fatgrease-1,,Wainuma,33_fatgrease,"kesi, kaesi",kesi,k e s i,,walker2011,,,^k e s i$,default
Wainuma-33_fatgrease-2,,Wainuma,33_fatgrease,"kesi, kaesi",kaesi,k a e s i,,walker2011,,,^k a e s i$,default
Wapishana-33_fatgrease-1,,Wapishana,33_fatgrease,khiwinii,khiwinii,kʰ i w i n iː,,walker2011,,,^kh i w i n ii$,default
Warekena-33_fatgrease-1,,Warekena,33_fatgrease,kaseri,kaseri,k a s e r i,,walker2011,,,^k a s e r i$,default
WarekenaVelha-33_fatgrease-1,,WarekenaVelha,33_fatgrease,tʃita,tʃita,tʃ i t a,,walker2011,,,^tʃ i t a$,default
Waura-33_fatgrease-1,,Waura,33_fatgrease,makui,makui,m a k u i,,walker2011,,,^m a k u i$,default
Yavitero-33_fatgrease-1,,Yavitero,33_fatgrease,mungu,mungu,m u n g u,,walker2011,,,^m u n g u$,default
Yucuna-33_fatgrease-1,,Yucuna,33_fatgrease,hilaji,hilaji,h i l a j i,,walker2011,,,^h i l a j i$,default
Achagua-34_horn-1,,Achagua,34_horn,tʃaɻeʃi,tʃaɻeʃi,tʃ a ɻ e ʃ i,,walker2011,,,^tʃ a ɻ e ʃ i$,default
Yanesha-34_horn-1,,Yanesha,34_horn,wokoɾ,wokoɾ,w o k o ɾ,,walker2011,,,^w o k o ɾ$,default
Apurina-34_horn-1,,Apurina,34_horn,iko,iko,i k o,,walker2011,,,^i k o$,default
Ashaninka-34_horn-1,,Ashaninka,34_horn,tseeki,tseeki,ts eː k i,,walker2011,,,^ts ee k i$,default
Xiriana-34_horn-1,,Xiriana,34_horn,-tiːɲi,-tiːɲi,t iː ɲ i,,walker2011,,,^- t iː ɲ i$,default
Avane-34_horn-1,,Avane,34_horn,"katsu, tʃone",katsu,k a ts u,,walker2011,,,^k a ts u$,default
Avane-34_horn-2,,Avane,34_horn,"katsu, tʃone",tʃone,tʃ o n e,,walker2011,,,^tʃ o n e$,default
BaniwaDoIcana-34_horn-1,,BaniwaDoIcana,34_horn,tsuwi,tsuwi,ts u w i,,walker2011,,,^ts u w i$,default
Bare-34_horn-1,,Bare,34_horn,katsu,katsu,k a ts u,,walker2011,,,^k a ts u$,default
Baure-34_horn-1,,Baure,34_horn,hiʔ,hiʔ,h i ʔ,,walker2011,,,^h i ʔ$,default
Chamicuro-34_horn-1,,Chamicuro,34_horn,tʂepa,tʂepa,ʈʂ e p a,,walker2011,,,^tʂ e p a$,default
Garifuna-34_horn-1,,Garifuna,34_horn,gantʃu,gantʃu,g a n tʃ u,,walker2011,,,^g a n tʃ u$,default
Wayuu-34_horn-1,,Wayuu,34_horn,to-ʔuwa,to-ʔuwa,t o + ʔ u w a,,walker2011,,,^t o - ʔ u w a$,default
Ignaciano-34_horn-1,,Ignaciano,34_horn,tahiʔu,tahiʔu,t a h i ʔ u,,walker2011,,,^t a h i ʔ u$,default
Inapari-34_horn-1,,Inapari,34_horn,iwapáti,iwapáti,i w a p á/a t i,,walker2011,,,^i w a p á t i$,default
IslandCarib-34_horn-1,,IslandCarib,34_horn,arigari,arigari,a r i g a r i,,walker2011,,,^a r i g a r i$,default
Kaishana-34_horn-1,,Kaishana,34_horn,uwauhwy,uwauhwy,u w a u ʰw y,,walker2011,,,^u w a u hw y$,default
Kinikinao-34_horn-1,,Kinikinao,34_horn,sewerenɔ,sewerenɔ,s e w e r e n ɔ,,walker2011,,,^s e w e r e n ɔ$,default
Curripaco-34_horn-1,,Curripaco,34_horn,tsuwi,tsuwi,ts u w i,,walker2011,,,^ts u w i$,default
Lokono-34_horn-1,,Lokono,34_horn,tukua,tukua,t u k u a,,walker2011,,,^t u k u a$,default
Machiguenga-34_horn-1,,Machiguenga,34_horn,itsei,itsei,i ts e i,,walker2011,,,^i ts e i$,default
Mehinaku-34_horn-1,,Mehinaku,34_horn,jutai,jutai,j u t a i,,walker2011,,,^j u t a i$,default
Nomatsiguenga-34_horn-1,,Nomatsiguenga,34_horn,tseitsi,tseitsi,ts e i ts i,,walker2011,,,^ts e i ts i$,default
Palikur-34_horn-1,,Palikur,34_horn,-tuw,-tuw,t u w,,walker2011,,,^- t u w$,default
Parecis-34_horn-1,,Parecis,34_horn,eʃotawa,eʃotawa,e ʃ o t a w a,,walker2011,,,^e ʃ o t a w a$,default
Piapoco-34_horn-1,,Piapoco,34_horn,itʃàle,itʃàle,i tʃ à/a l e,,walker2011,,,^i tʃ à l e$,default
Yine-34_horn-1,,Yine,34_horn,gwatʃi,gwatʃi,gʷ a tʃ i,,walker2011,,,^gw a tʃ i$,default
Resigaro-34_horn-1,,Resigaro,34_horn,"-iːvi, -henako-iːʔo",-iːvi,iː v i,,walker2011,,,^- iː v i$,default
Resigaro-34_horn-2,,Resigaro,34_horn,"-iːvi, -henako-iːʔo",-henako-iːʔo,h e n a k o + iː ʔ o,,walker2011,,,^- h e n a k o - iː ʔ o$,default
Saraveca-34_horn-1,,Saraveca,34_horn,e-doaba,e-doaba,e + d o a b a,,walker2011,,,^e - d o a b a$,default
Taino-34_horn-1,,Taino,34_horn,mucaro,mucaro,m u c a r o,,walker2011,,,^m u c a r o$,default
Tariana-34_horn-1,,Tariana,34_horn,sawi,sawi,s a w i,,walker2011,,,^s a w i$,default
Terena-34_horn-1,,Terena,34_horn,ɨhi,ɨhi,ɨ h i,,walker2011,,,^ɨ h i$,default
Trinitario-34_horn-1,,Trinitario,34_horn,hiʔu,hiʔu,h i ʔ u,,walker2011,,,^h i ʔ u$,default
Wapishana-34_horn-1,,Wapishana,34_horn,uʐuu,uʐuu,u ʐ uː,,walker2011,,,^u ʐ uu$,default
WarekenaVelha-34_horn-1,,WarekenaVelha,34_horn,katsune,katsune,k a ts u n e,,walker2011,,,^k a ts u n e$,default
Waura-34_horn-1,,Waura,34_horn,-uta,-uta,u t a,,walker2011,,,^- u t a$,default
Yavitero-34_horn-1,,Yavitero,34_horn,katsu,katsu,k a ts u,,walker2011,,,^k a ts u$,default
Yawalapiti-34_horn-1,,Yawalapiti,34_horn,jutawaiʂa,jutawaiʂa,j u t a w a i ʂ a,,walker2011,,,^j u t a w a i ʂ a$,default
Yucuna-34_horn-1,,Yucuna,34_horn,iʔiwawihi,iʔiwawihi,i ʔ i w a w i h i,,walker2011,,,^i ʔ i w a w i h i$,default
Achagua-35_tail-1,,Achagua,35_tail,-iʃi,-iʃi,i ʃ i,,walker2011,,,^- i ʃ i$,default
Yanesha-35_tail-1,,Yanesha,35_tail,paʼʃmelʼ,paʼʃmelʼ,p aˀ ʃ m e lʼ/l̥ʲ,,walker2011,,,^p aʼ ʃ m e lʼ$,default
Apurina-35_tail-1,,Apurina,35_tail,-ʃipi,-ʃipi,ʃ i p i,,walker2011,,,^- ʃ i p i$,default
Ashaninka-35_tail-1,,Ashaninka,35_tail,riʃi,riʃi,r i ʃ i,,walker2011,,,^r i ʃ i$,default
Xiriana-35_tail-1,,Xiriana,35_tail,-nibi,-nibi,n i b i,,walker2011,,,^- n i b i$,default
Avane-35_tail-1,,Avane,35_tail,piʂi,piʂi,p i ʂ i,,walker2011,,,^p i ʂ i$,default
BaniwaDoIcana-35_tail-1,,BaniwaDoIcana,35_tail,-iːt̼ipi,-iːt̼ipi,iː t̼ i p i,,walker2011,,,^- iː t̼ i p i$,default
Bare-35_tail-1,,Bare,35_tail,hibihi,hibihi,h i b i h i,,walker2011,,,^h i b i h i$,default
Baure-35_tail-1,,Baure,35_tail,ihos,ihos,i h o s,,walker2011,,,^i h o s$,default
Cabiyari-35_tail-1,,Cabiyari,35_tail,"-tipi, muuku",-tipi,t i p i,,walker2011,,,^- t i p i$,default
Cabiyari-35_tail-2,,Cabiyari,35_tail,"-tipi, muuku",muuku,m uː k u,,walker2011,,,^m uu k u$,default
Chamicuro-35_tail-1,,Chamicuro,35_tail,wiʃi,wiʃi,w i ʃ i,,walker2011,,,^w i ʃ i$,default
EnaweneNawe-35_tail-1,,EnaweneNawe,35_tail,inihu,inihu,i n i h u,,walker2011,,,^i n i h u$,default
Garifuna-35_tail-1,,Garifuna,35_tail,ili,ili,i l i,,walker2011,,,^i l i$,default
Wayuu-35_tail-1,,Wayuu,35_tail,hɨ-si,hɨ-si,h ɨ + s i,,walker2011,,,^h ɨ - s i$,default
Guinau-35_tail-1,,Guinau,35_tail,liːbi,liːbi,l iː b i,,walker2011,,,^l iː b i$,default
Ignaciano-35_tail-1,,Ignaciano,35_tail,táihiki,táihiki,t á/a i h i k i,,walker2011,,,^t á i h i k i$,default
Inapari-35_tail-1,,Inapari,35_tail,ipití,ipití,i p i t í/i,,walker2011,,,^i p i t í$,default
IslandCarib-35_tail-1,,IslandCarib,35_tail,ili,ili,i l i,,walker2011,,,^i l i$,default
Kaishana-35_tail-1,,Kaishana,35_tail,-(e)pɨ,-pɨ,p ɨ,,walker2011,,,^- p ɨ$,default
Kinikinao-35_tail-1,,Kinikinao,35_tail,ɨhi,ɨhi,ɨ h i,,walker2011,,,^ɨ h i$,default
Curripaco-35_tail-1,,Curripaco,35_tail,liːtiphi,liːtiphi,l iː t i pʰ i,,walker2011,,,^l iː t i ph i$,default
Lokono-35_tail-1,,Lokono,35_tail,itoko,itoko,i t o k o,,walker2011,,,^i t o k o$,default
Machiguenga-35_tail-1,,Machiguenga,35_tail,irisʃi,irisʃi,i r i s ʃ i,,walker2011,,,^i r i sʃ i$,default
Mandahuaca-35_tail-1,,Mandahuaca,35_tail,ʃihi-ʃi,ʃihi-ʃi,ʃ i h i + ʃ i,,walker2011,,,^ʃ i h i - ʃ i$,default
Machinere-35_tail-1,,Machinere,35_tail,sabão,sabão,s a b ã o,,walker2011,,,^s a b ã o$,default
Maragua-35_tail-1,,Maragua,35_tail,"uti, urri",uti,u t i,,walker2011,,,^u t i$,default
Maragua-35_tail-2,,Maragua,35_tail,"uti, urri",urri,u rː i,,walker2011,,,^u rr i$,default
MapidianMawayana-35_tail-1,,MapidianMawayana,35_tail,tuna,tuna,t u n a,,walker2011,,,^t u n a$,default
Mehinaku-35_tail-1,,Mehinaku,35_tail,inipiu,inipiu,i n i p i u,,walker2011,,,^i n i p i u$,default
Nomatsiguenga-35_tail-1,,Nomatsiguenga,35_tail,igisi,igisi,i g i s i,,walker2011,,,^i g i s i$,default
Palikur-35_tail-1,,Palikur,35_tail,-ib,-ib,i b,,walker2011,,,^- i b$,default
Paraujano-35_tail-1,,Paraujano,35_tail,wɨyt,wɨyt,w ɨ j t,,walker2011,,,^w ɨ y t$,default
Parecis-35_tail-1,,Parecis,35_tail,iniho,iniho,i n i h o,,walker2011,,,^i n i h o$,default
Piapoco-35_tail-1,,Piapoco,35_tail,yàapusài,yàapusài,j à/a a p u s à/a i,,walker2011,,,^y à a p u s à i$,default
Yine-35_tail-1,,Yine,35_tail,nsitʃi,nsitʃi,n s i tʃ i,,walker2011,,,^ns i tʃ i$,default
Resigaro-35_tail-1,,Resigaro,35_tail,-tshiːpi,-tshiːpi,tsʰ iː p i,,walker2011,,,^- tsh iː p i$,default
Saraveca-35_tail-1,,Saraveca,35_tail,niho,niho,n i h o,,walker2011,,,^n i h o$,default
Taino-35_tail-1,,Taino,35_tail,huibo,huibo,h u i b o,,walker2011,,,^h u i b o$,default
Tariana-35_tail-1,,Tariana,35_tail,sipi,sipi,s i p i,,walker2011,,,^s i p i$,default
Terena-35_tail-1,,Terena,35_tail,ɨhɨ,ɨhɨ,ɨ h ɨ,,walker2011,,,^ɨ h ɨ$,default
Trinitario-35_tail-1,,Trinitario,35_tail,ihɣi,ihɣi,i h ɣ i,,walker2011,,,^i h ɣ i$,default
Wapishana-35_tail-1,,Wapishana,35_tail,ɖiu,ɖiu,ɖ i u,,walker2011,,,^ɖ i u$,default
Warekena-35_tail-1,,Warekena,35_tail,nisipi,nisipi,n i s i p i,,walker2011,,,^n i s i p i$,default
WarekenaVelha-35_tail-1,,WarekenaVelha,35_tail,piʃi,piʃi,p i ʃ i,,walker2011,,,^p i ʃ i$,default
Waura-35_tail-1,,Waura,35_tail,ĩʧu,ĩʧu,ĩ tʃ u,,walker2011,,,^ĩ ʧ u$,default
Yavitero-35_tail-1,,Yavitero,35_tail,hili,hili,h i l i,,walker2011,,,^h i l i$,default
Yawalapiti-35_tail-1,,Yawalapiti,35_tail,ir̥uti,ir̥uti,i r̥ u t i,,walker2011,,,^i r̥ u t i$,default
Yucuna-35_tail-1,,Yucuna,35_tail,hipiji,hipiji,h i p i j i,,walker2011,,,^h i p i j i$,default
Achagua-36_feather-1,,Achagua,36_feather,-bai,-bai,b a i,,walker2011,,,^- b a i$,default
Yanesha-36_feather-1,,Yanesha,36_feather,"etʃets, pueʼtʃ",etʃets,e tʃ e ts,,walker2011,,,^e tʃ e ts$,default
Yanesha-36_feather-2,,Yanesha,36_feather,"etʃets, pueʼtʃ",pueʼtʃ,p u eˀ tʃ,,walker2011,,,^p u eʼ tʃ$,default
Apurina-36_feather-1,,Apurina,36_feather,-piti,-piti,p i t i,,walker2011,,,^- p i t i$,default
Ashaninka-36_feather-1,,Ashaninka,36_feather,viti,viti,v i t i,,walker2011,,,^v i t i$,default
Xiriana-36_feather-1,,Xiriana,36_feather,-kau,-kau,k a u,,walker2011,,,^- k a u$,default
Avane-36_feather-1,,Avane,36_feather,"-pana, wituhi",-pana,p a n a,,walker2011,,,^- p a n a$,default
Avane-36_feather-2,,Avane,36_feather,"-pana, wituhi",wituhi,w i t u h i,,walker2011,,,^w i t u h i$,default
BaniwaDoIcana-36_feather-1,,BaniwaDoIcana,36_feather,iphe,iphe,i pʰ e,,walker2011,,,^i ph e$,default
Bare-36_feather-1,,Bare,36_feather,itʃa,itʃa,i tʃ a,,walker2011,,,^i tʃ a$,default
Baure-36_feather-1,,Baure,36_feather,eʃiʃ,eʃiʃ,e ʃ i ʃ,,walker2011,,,^e ʃ i ʃ$,default
Cabiyari-36_feather-1,,Cabiyari,36_feather,-tʃuma,-tʃuma,tʃ u m a,,walker2011,,,^- tʃ u m a$,default
Chamicuro-36_feather-1,,Chamicuro,36_feather,pwaye,pwaye,p w a j e,,walker2011,,,^p w a y e$,default
Garifuna-36_feather-1,,Garifuna,36_feather,abɨrɨhagɨlei,abɨrɨhagɨlei,a b ɨ r ɨ h a g ɨ l e i,,walker2011,,,^a b ɨ r ɨ h a g ɨ l e i$,default
Wayuu-36_feather-1,,Wayuu,36_feather,ho-i,ho-i,h o + i,,walker2011,,,^h o - i$,default
Ignaciano-36_feather-1,,Ignaciano,36_feather,tahiyaʔa,tahiyaʔa,t a h i j a ʔ a,,walker2011,,,^t a h i y a ʔ a$,default
Inapari-36_feather-1,,Inapari,36_feather,mejɨ́ti,mejɨ́ti,m e j ɨ́/ɨ t i,,walker2011,,,^m e j ɨ́ t i$,default
IslandCarib-36_feather-1,,IslandCarib,36_feather,bana,bana,b a n a,,walker2011,,,^b a n a$,default
Kaishana-36_feather-1,,Kaishana,36_feather,pykana,pykana,p j k a n a,,walker2011,,,^p y k a n a$,default
Kinikinao-36_feather-1,,Kinikinao,36_feather,kipahi,kipahi,k i p a h i,,walker2011,,,^k i p a h i$,default
Curripaco-36_feather-1,,Curripaco,36_feather,liːdzo,liːdzo,l iː dz o,,walker2011,,,^l iː dz o$,default
Lokono-36_feather-1,,Lokono,36_feather,(ɨ)baɽa,baɽa,b a ɽ a,,walker2011,,,^b a ɽ a$,default
Machiguenga-36_feather-1,,Machiguenga,36_feather,iwanki,iwanki,i w a n k i,,walker2011,,,^i w a n k i$,default
Maipure-36_feather-1,,Maipure,36_feather,-ipana,-ipana,i p a n a,,walker2011,,,^- i p a n a$,default
Manao-36_feather-1,,Manao,36_feather,idoʃi,idoʃi,i d o ʃ i,,walker2011,,,^i d o ʃ i$,default
Machinere-36_feather-1,,Machinere,36_feather,kameçiri,kameçiri,k a m e ç i r i,,walker2011,,,^k a m e ç i r i$,default
Marawan-36_feather-1,,Marawan,36_feather,nuti,nuti,n u t i,,walker2011,,,^n u t i$,default
Maragua-36_feather-1,,Maragua,36_feather,hoty,hoty,h o t y,,walker2011,,,^h o t y$,default
Mehinaku-36_feather-1,,Mehinaku,36_feather,ɨmapɨ,ɨmapɨ,ɨ m a p ɨ,,walker2011,,,^ɨ m a p ɨ$,default
Nomatsiguenga-36_feather-1,,Nomatsiguenga,36_feather,paNitisi,paNitisi,p a ɴ i t i s i,,walker2011,,,^p a N i t i s i$,default
Palikur-36_feather-1,,Palikur,36_feather,asipri/isiprit,asipri,a s i p r i,,walker2011,,,^a s i p r i$,default
Palikur-36_feather-2,,Palikur,36_feather,asipri/isiprit,isiprit,i s i p r i t,,walker2011,,,^i s i p r i t$,default
Parecis-36_feather-1,,Parecis,36_feather,taniti,taniti,t a n i t i,,walker2011,,,^t a n i t i$,default
Piapoco-36_feather-1,,Piapoco,36_feather,ibáiná,ibáiná,i b á/a i n á/a,,walker2011,,,^i b á i n á$,default
Yine-36_feather-1,,Yine,36_feather,piitji,piitji,p iː t j i,,walker2011,,,^p ii t j i$,default
Resigaro-36_feather-1,,Resigaro,36_feather,-tsiːnahi,-tsiːnahi,ts iː n a h i,,walker2011,,,^- ts iː n a h i$,default
Saraveca-36_feather-1,,Saraveca,36_feather,i-kanu,i-kanu,i + k a n u,,walker2011,,,^i - k a n u$,default
Tariana-36_feather-1,,Tariana,36_feather,tʃa,tʃa,tʃ a,,walker2011,,,^tʃ a$,default
Terena-36_feather-1,,Terena,36_feather,iʃotapii,iʃotapii,i ʃ o t a p iː,,walker2011,,,^i ʃ o t a p ii$,default
Trinitario-36_feather-1,,Trinitario,36_feather,hiyoʔi,hiyoʔi,h i j o ʔ i,,walker2011,,,^h i y o ʔ i$,default
Wapishana-36_feather-1,,Wapishana,36_feather,iʔɖi,iʔɖi,i ʔ ɖ i,,walker2011,,,^i ʔ ɖ i$,default
Araicu-36_feather-1,,Araicu,36_feather,itʃi,itʃi,i tʃ i,,walker2011,,,^i tʃ i$,default
Warekena-36_feather-1,,Warekena,36_feather,nidu,nidu,n i d u,,walker2011,,,^n i d u$,default
WarekenaVelha-36_feather-1,,WarekenaVelha,36_feather,"wikuhu, itʃipata, tanape",wikuhu,w i k u h u,,walker2011,,,^w i k u h u$,default
WarekenaVelha-36_feather-2,,WarekenaVelha,36_feather,"wikuhu, itʃipata, tanape",itʃipata,i tʃ i p a t a,,walker2011,,,^i tʃ i p a t a$,default
WarekenaVelha-36_feather-3,,WarekenaVelha,36_feather,"wikuhu, itʃipata, tanape",tanape,t a n a p e,,walker2011,,,^t a n a p e$,default
Waura-36_feather-1,,Waura,36_feather,mapi,mapi,m a p i,,walker2011,,,^m a p i$,default
Yavitero-36_feather-1,,Yavitero,36_feather,itsu,itsu,i ts u,,walker2011,,,^i ts u$,default
Yawalapiti-36_feather-1,,Yawalapiti,36_feather,tana,tana,t a n a,,walker2011,,,^t a n a$,default
Yucuna-36_feather-1,,Yucuna,36_feather,tʃihnehi,tʃihnehi,tʃ i h n e h i,,walker2011,,,^tʃ i h n e h i$,default
Jumana-36_feather-1,,Jumana,36_feather,aenuakpɨpuɨ,aenuakpɨpuɨ,a e n u a k p ɨ p u ɨ,,walker2011,,,^a e n u a k p ɨ p u ɨ$,default
Achagua-37_hair-1,,Achagua,37_hair,-wita bainaː,-wita_bainaː,w i t a + b a i n aː,,walker2011,,,^- w i t a _ b a i n aː$,default
Yanesha-37_hair-1,,Yanesha,37_hair,"etʃets, yetʃ",etʃets,e tʃ e ts,,walker2011,,,^e tʃ e ts$,default
Yanesha-37_hair-2,,Yanesha,37_hair,"etʃets, yetʃ",yetʃ,j e tʃ,,walker2011,,,^y e tʃ$,default
Anauya-37_hair-1,,Anauya,37_hair,-huisihin,-huisihin,h u i s i h i n,,walker2011,,,^- h u i s i h i n$,default
Apurina-37_hair-1,,Apurina,37_hair,-ʃike,-ʃike,ʃ i k e,,walker2011,,,^- ʃ i k e$,default
Aruan-37_hair-1,,Aruan,37_hair,-kwey,-kwey,kʷ e y,,walker2011,,,^- kw e y$,default
Ashaninka-37_hair-1,,Ashaninka,37_hair,iʃi,iʃi,i ʃ i,,walker2011,,,^i ʃ i$,default
Xiriana-37_hair-1,,Xiriana,37_hair,-kiwici,-kiwici,k i w i c i,,walker2011,,,^- k i w i c i$,default
Avane-37_hair-1,,Avane,37_hair,-tsipana-ʂi,-tsipana-ʂi,ts i p a n a + ʂ i,,walker2011,,,^- ts i p a n a - ʂ i$,default
BaniwaDoIcana-37_hair-1,,BaniwaDoIcana,37_hair,-tsikule,-tsikule,ts i k u l e,,walker2011,,,^- ts i k u l e$,default
Bare-37_hair-1,,Bare,37_hair,itʃhahai,itʃhahai,i tʃʰ a h a i,,walker2011,,,^i tʃh a h a i$,default
Baure-37_hair-1,,Baure,37_hair,tʃahahi,tʃahahi,tʃ a h a h i,,walker2011,,,^tʃ a h a h i$,default
Cabiyari-37_hair-1,,Cabiyari,37_hair,-tʃuma,-tʃuma,tʃ u m a,,walker2011,,,^- tʃ u m a$,default
Cariai-37_hair-1,,Cariai,37_hair,nu-kɨni,nu-kɨni,n u + k ɨ n i,,walker2011,,,^n u - k ɨ n i$,default
Chamicuro-37_hair-1,,Chamicuro,37_hair,ʃenu,ʃenu,ʃ e n u,,walker2011,,,^ʃ e n u$,default
Garifuna-37_hair-1,,Garifuna,37_hair,ίdiburi,ίdiburi,ί/i d i b u r i,,walker2011,,,^ί d i b u r i$,default
Wayuu-37_hair-1,,Wayuu,37_hair,waľaʃi,waľaʃi,w a ľ/lʲ a ʃ i,,walker2011,,,^w a ľ a ʃ i$,default
Guinau-37_hair-1,,Guinau,37_hair,niːtʃi,niːtʃi,n iː tʃ i,,walker2011,,,^n iː tʃ i$,default
Ignaciano-37_hair-1,,Ignaciano,37_hair,kawayu,kawayu,k a w a j u,,walker2011,,,^k a w a y u$,default
Inapari-37_hair-1,,Inapari,37_hair,pitʃití,pitʃití,p i tʃ i t í/i,,walker2011,,,^p i tʃ i t í$,default
IslandCarib-37_hair-1,,IslandCarib,37_hair,idburi,idburi,i d b u r i,,walker2011,,,^i d b u r i$,default
Karutana-37_hair-1,,Karutana,37_hair,tʃidape,tʃidape,tʃ i d a p e,,walker2011,,,^tʃ i d a p e$,default
Kaishana-37_hair-1,,Kaishana,37_hair,wapela,wapela,w a p e l a,,walker2011,,,^w a p e l a$,default
Kinikinao-37_hair-1,,Kinikinao,37_hair,tuːti,tuːti,t uː t i,,walker2011,,,^t uː t i$,default
Curripaco-37_hair-1,,Curripaco,37_hair,litsikole,litsikole,l i ts i k o l e,,walker2011,,,^l i ts i k o l e$,default
Lokono-37_hair-1,,Lokono,37_hair,(ɨ)baɽa,baɽa,b a ɽ a,,walker2011,,,^b a ɽ a$,default
Machiguenga-37_hair-1,,Machiguenga,37_hair,giʃi-tsi,giʃi-tsi,g i ʃ i + ts i,,walker2011,,,^g i ʃ i - ts i$,default
Maipure-37_hair-1,,Maipure,37_hair,-ipana,-ipana,i p a n a,,walker2011,,,^- i p a n a$,default
Manao-37_hair-1,,Manao,37_hair,itʃi,itʃi,i tʃ i,,walker2011,,,^i tʃ i$,default
Mandahuaca-37_hair-1,,Mandahuaca,37_hair,-iwatiki,-iwatiki,i w a t i k i,,walker2011,,,^- i w a t i k i$,default
Marawan-37_hair-1,,Marawan,37_hair,tser-nuti,tser-nuti,ts e r + n u t i,,walker2011,,,^ts e r - n u t i$,default
Maragua-37_hair-1,,Maragua,37_hair,"hoty,hiti",hoty,h o t y,,walker2011,,,^h o t y$,default
Maragua-37_hair-2,,Maragua,37_hair,"hoty,hiti",hiti,h i t i,,walker2011,,,^h i t i$,default
Mariate-37_hair-1,,Mariate,37_hair,sine,sine,s i n e,,walker2011,,,^s i n e$,default
MapidianMawayana-37_hair-1,,MapidianMawayana,37_hair,-ʃirama,-ʃirama,ʃ i r a m a,,walker2011,,,^- ʃ i r a m a$,default
Mehinaku-37_hair-1,,Mehinaku,37_hair,tiwiʧahi,tiwiʧahi,t i w i tʃ a h i,,walker2011,,,^t i w i ʧ a h i$,default
Nomatsiguenga-37_hair-1,,Nomatsiguenga,37_hair,igisi,igisi,i g i s i,,walker2011,,,^i g i s i$,default
Palikur-37_hair-1,,Palikur,37_hair,-semnu,-semnu,s e m n u,,walker2011,,,^- s e m n u$,default
Paraujano-37_hair-1,,Paraujano,37_hair,ta-wala,ta-wala,t a + w a l a,,walker2011,,,^t a - w a l a$,default
Parecis-37_hair-1,,Parecis,37_hair,etsekase,etsekase,e ts e k a s e,,walker2011,,,^e ts e k a s e$,default
Passe-37_hair-1,,Passe,37_hair,la-isa,la-isa,l a + i s a,,walker2011,,,^l a - i s a$,default
Piapoco-37_hair-1,,Piapoco,37_hair,ibáiná,ibáiná,i b á/a i n á/a,,walker2011,,,^i b á i n á$,default
Yine-37_hair-1,,Yine,37_hair,gihiwɨ-tsa,gihiwɨ-tsa,g i h i w ɨ + ts a,,walker2011,,,^g i h i w ɨ - ts a$,default
Resigaro-37_hair-1,,Resigaro,37_hair,"-hiveʔdʒiːʔo, -tsiːnu, -hive, dʒiʔo",-hiveʔdʒiːʔo,h i v e ʔ dʒ iː ʔ o,,walker2011,,,^- h i v e ʔ dʒ iː ʔ o$,default
Resigaro-37_hair-2,,Resigaro,37_hair,"-hiveʔdʒiːʔo, -tsiːnu, -hive, dʒiʔo",-tsiːnu,ts iː n u,,walker2011,,,^- ts iː n u$,default
Resigaro-37_hair-3,,Resigaro,37_hair,"-hiveʔdʒiːʔo, -tsiːnu, -hive, dʒiʔo",-hive,h i v e,,walker2011,,,^- h i v e$,default
Resigaro-37_hair-4,,Resigaro,37_hair,"-hiveʔdʒiːʔo, -tsiːnu, -hive, dʒiʔo",dʒiʔo,dʒ i ʔ o,,walker2011,,,^dʒ i ʔ o$,default
Saraveca-37_hair-1,,Saraveca,37_hair,i-tihi,i-tihi,i + t i h i,,walker2011,,,^i - t i h i$,default
Taino-37_hair-1,,Taino,37_hair,bari,bari,b a r i,,walker2011,,,^b a r i$,default
Tariana-37_hair-1,,Tariana,37_hair,tʃa,tʃa,tʃ a,,walker2011,,,^tʃ a$,default
Terena-37_hair-1,,Terena,37_hair,iʃeʔo,iʃeʔo,i ʃ e ʔ o,,walker2011,,,^i ʃ e ʔ o$,default
Trinitario-37_hair-1,,Trinitario,37_hair,tʃutmoko,tʃutmoko,tʃ u t m o k o,,walker2011,,,^tʃ u t m o k o$,default
Wainuma-37_hair-1,,Wainuma,37_hair,"itzihi, ygtsy",itzihi,i ts i h i,,walker2011,,,^i tz i h i$,default
Wainuma-37_hair-2,,Wainuma,37_hair,"itzihi, ygtsy",ygtsy,j g ts y,,walker2011,,,^y g ts y$,default
Wapishana-37_hair-1,,Wapishana,37_hair,"ʐuaɨɖɨj  [cabelo de homem], ɖɨʐuj [de mulher]",ʐuaɨɖɨj__,ʐ u a ɨ ɖ ɨ j,,walker2011,,,^ʐ u a ɨ ɖ ɨ j __$,default
Wapishana-37_hair-2,,Wapishana,37_hair,"ʐuaɨɖɨj  [cabelo de homem], ɖɨʐuj [de mulher]",ɖɨʐuj_,ɖ ɨ ʐ u j,,walker2011,,,^ɖ ɨ ʐ u j _$,default
Araicu-37_hair-1,,Araicu,37_hair,nitʃi,nitʃi,n i tʃ i,,walker2011,,,^n i tʃ i$,default
Warekena-37_hair-1,,Warekena,37_hair,hiwesi,hiwesi,h i w e s i,,walker2011,,,^h i w e s i$,default
WarekenaVelha-37_hair-1,,WarekenaVelha,37_hair,tʃipana,tʃipana,tʃ i p a n a,,walker2011,,,^tʃ i p a n a$,default
Waura-37_hair-1,,Waura,37_hair,tɨwɨʧahi,tɨwɨʧahi,t ɨ w ɨ tʃ a h i,,walker2011,,,^t ɨ w ɨ ʧ a h i$,default
Yavitero-37_hair-1,,Yavitero,37_hair,mau,mau,m a u,,walker2011,,,^m a u$,default
Yawalapiti-37_hair-1,,Yawalapiti,37_hair,mapi,mapi,m a p i,,walker2011,,,^m a p i$,default
Yucuna-37_hair-1,,Yucuna,37_hair,wilahi,wilahi,w i l a h i,,walker2011,,,^w i l a h i$,default
Jumana-37_hair-1,,Jumana,37_hair,"-lata, tso-lasa",-lata,l a t a,,walker2011,,,^- l a t a$,default
Jumana-37_hair-2,,Jumana,37_hair,"-lata, tso-lasa",tso-lasa,ts o + l a s a,,walker2011,,,^ts o - l a s a$,default
Achagua-38_head-1,,Achagua,38_head,-wita,-wita,w i t a,,walker2011,,,^- w i t a$,default
Yanesha-38_head-1,,Yanesha,38_head,"onjets, yonj",onjets,o n j e ts,,walker2011,,,^o n j e ts$,default
Yanesha-38_head-2,,Yanesha,38_head,"onjets, yonj",yonj,j o n j,,walker2011,,,^y o n j$,default
Anauya-38_head-1,,Anauya,38_head,-huida,-huida,h u i d a,,walker2011,,,^- h u i d a$,default
Apurina-38_head-1,,Apurina,38_head,kɨwɨ,kɨwɨ,k ɨ w ɨ,,walker2011,,,^k ɨ w ɨ$,default
Aruan-38_head-1,,Aruan,38_head,-kɨwe,-kɨwe,k ɨ w e,,walker2011,,,^- k ɨ w e$,default
Ashaninka-38_head-1,,Ashaninka,38_head,tontsi,tontsi,t o n ts i,,walker2011,,,^t o n ts i$,default
Xiriana-38_head-1,,Xiriana,38_head,-kiwida,-kiwida,k i w i d a,,walker2011,,,^- k i w i d a$,default
Avane-38_head-1,,Avane,38_head,-bu-ʂi,-bu-ʂi,b u + ʂ i,,walker2011,,,^- b u - ʂ i$,default
BaniwaDoIcana-38_head-1,,BaniwaDoIcana,38_head,"-hiwida, -wide",-hiwida,h i w i d a,,walker2011,,,^- h i w i d a$,default
BaniwaDoIcana-38_head-2,,BaniwaDoIcana,38_head,"-hiwida, -wide",-wide,w i d e,,walker2011,,,^- w i d e$,default
Bare-38_head-1,,Bare,38_head,dusia,dusia,d u s i a,,walker2011,,,^d u s i a$,default
Baure-38_head-1,,Baure,38_head,poʔe,poʔe,p o ʔ e,,walker2011,,,^p o ʔ e$,default
Cabiyari-38_head-1,,Cabiyari,38_head,-hiwita,-hiwita,h i w i t a,,walker2011,,,^- h i w i t a$,default
Caquinte-38_head-1,,Caquinte,38_head,ɣita,ɣita,ɣ i t a,,walker2011,,,^ɣ i t a$,default
Cariai-38_head-1,,Cariai,38_head,satã,satã,s a t ã,,walker2011,,,^s a t ã$,default
Chamicuro-38_head-1,,Chamicuro,38_head,kaʃki,kaʃki,k a ʃ k i,,walker2011,,,^k a ʃ k i$,default
Garifuna-38_head-1,,Garifuna,38_head,"ábulugu, itʃɨgɨ, litʃɨgɨ",ábulugu,á/a b u l u g u,,walker2011,,,^á b u l u g u$,default
Garifuna-38_head-2,,Garifuna,38_head,"ábulugu, itʃɨgɨ, litʃɨgɨ",itʃɨgɨ,i tʃ ɨ g ɨ,,walker2011,,,^i tʃ ɨ g ɨ$,default
Garifuna-38_head-3,,Garifuna,38_head,"ábulugu, itʃɨgɨ, litʃɨgɨ",litʃɨgɨ,l i tʃ ɨ g ɨ,,walker2011,,,^l i tʃ ɨ g ɨ$,default
Wayuu-38_head-1,,Wayuu,38_head,te-kii,te-kii,t e + k iː,,walker2011,,,^t e - k ii$,default
Guinau-38_head-1,,Guinau,38_head,"intʃeue, intʃebu",intʃeue,i n tʃ e u e,,walker2011,,,^i n tʃ e u e$,default
Guinau-38_head-2,,Guinau,38_head,"intʃeue, intʃebu",intʃebu,i n tʃ e b u,,walker2011,,,^i n tʃ e b u$,default
Ignaciano-38_head-1,,Ignaciano,38_head,tʃuti,tʃuti,tʃ u t i,,walker2011,,,^tʃ u t i$,default
Inapari-38_head-1,,Inapari,38_head,hɨwɨ́ti,hɨwɨ́ti,h ɨ w ɨ́/ɨ t i,,walker2011,,,^h ɨ w ɨ́ t i$,default
IslandCarib-38_head-1,,IslandCarib,38_head,itsogo,itsogo,i ts o g o,,walker2011,,,^i ts o g o$,default
Karutana-38_head-1,,Karutana,38_head,iwida,iwida,i w i d a,,walker2011,,,^i w i d a$,default
Kaishana-38_head-1,,Kaishana,38_head,-wa,-wa,w a,,walker2011,,,^- w a$,default
Kinikinao-38_head-1,,Kinikinao,38_head,tuːti hiko,tuːti_hiko,t uː t i + h i k o,,walker2011,,,^t uː t i _ h i k o$,default
Curripaco-38_head-1,,Curripaco,38_head,liwida,liwida,l i w i d a,,walker2011,,,^l i w i d a$,default
Lokono-38_head-1,,Lokono,38_head,(i)si,si,s i,,walker2011,,,^s i$,default
Machiguenga-38_head-1,,Machiguenga,38_head,gito-tsi,gito-tsi,g i t o + ts i,,walker2011,,,^g i t o - ts i$,default
Maipure-38_head-1,,Maipure,38_head,-kibuku,-kibuku,k i b u k u,,walker2011,,,^- k i b u k u$,default
Manao-38_head-1,,Manao,38_head,-kɨna,-kɨna,k ɨ n a,,walker2011,,,^- k ɨ n a$,default
Mandahuaca-38_head-1,,Mandahuaca,38_head,i-wa,i-wa,i + w a,,walker2011,,,^i - w a$,default
Machinere-38_head-1,,Machinere,38_head,yiwetʃi,yiwetʃi,j i w e tʃ i,,walker2011,,,^y i w e tʃ i$,default
Marawan-38_head-1,,Marawan,38_head,pi-tiwi,pi-tiwi,p i + t i w i,,walker2011,,,^p i - t i w i$,default
Maragua-38_head-1,,Maragua,38_head,"n-isiwy, oziwi",n-isiwy,n + i s i w y,,walker2011,,,^n - i s i w y$,default
Maragua-38_head-2,,Maragua,38_head,"n-isiwy, oziwi",oziwi,o z i w i,,walker2011,,,^o z i w i$,default
Mariate-38_head-1,,Mariate,38_head,-bida,-bida,b i d a,,walker2011,,,^- b i d a$,default
MapidianMawayana-38_head-1,,MapidianMawayana,38_head,-kɨwɨ,-kɨwɨ,k ɨ w ɨ,,walker2011,,,^- k ɨ w ɨ$,default
Mehinaku-38_head-1,,Mehinaku,38_head,tiwi,tiwi,t i w i,,walker2011,,,^t i w i$,default
Nomatsiguenga-38_head-1,,Nomatsiguenga,38_head,nagito,nagito,n a g i t o,,walker2011,,,^n a g i t o$,default
Palikur-38_head-1,,Palikur,38_head,-tew,-tew,t e w,,walker2011,,,^- t e w$,default
Paraujano-38_head-1,,Paraujano,38_head,-ki,-ki,k i,,walker2011,,,^- k i$,default
Parecis-38_head-1,,Parecis,38_head,ekaijehe,ekaijehe,e k a i j e h e,,walker2011,,,^e k a i j e h e$,default
Passe-38_head-1,,Passe,38_head,la,la,l a,,walker2011,,,^l a$,default
Piapoco-38_head-1,,Piapoco,38_head,nuíwita,nuíwita,n u í/i w i t a,,walker2011,,,^n u í w i t a$,default
Yine-38_head-1,,Yine,38_head,jiwtʃi,jiwtʃi,j i w tʃ i,,walker2011,,,^j i w tʃ i$,default
Resigaro-38_head-1,,Resigaro,38_head,-hiveu,-hiveu,h i v e u,,walker2011,,,^- h i v e u$,default
Saraveca-38_head-1,,Saraveca,38_head,no-heve,no-heve,n o + h e v e,,walker2011,,,^n o - h e v e$,default
Taino-38_head-1,,Taino,38_head,"zumi, mu’, -si-",zumi,z u m i,,walker2011,,,^z u m i$,default
Taino-38_head-2,,Taino,38_head,"zumi, mu’, -si-",mu’,m u ʔ,,walker2011,,,^m u ’$,default
Taino-38_head-3,,Taino,38_head,"zumi, mu’, -si-",-si-,s i,,walker2011,,,^- s i -$,default
Tariana-38_head-1,,Tariana,38_head,dhiwida,dhiwida,dʰ i w i d a,,walker2011,,,^dh i w i d a$,default
Terena-38_head-1,,Terena,38_head,thuti,thuti,tʰ u t i,,walker2011,,,^th u t i$,default
Trinitario-38_head-1,,Trinitario,38_head,tʃuti,tʃuti,tʃ u t i,,walker2011,,,^tʃ u t i$,default
Wainuma-38_head-1,,Wainuma,38_head,"-bita, -bida",-bita,b i t a,,walker2011,,,^- b i t a$,default
Wainuma-38_head-2,,Wainuma,38_head,"-bita, -bida",-bida,b i d a,,walker2011,,,^- b i d a$,default
Wapishana-38_head-1,,Wapishana,38_head,ʐuaɨ,ʐuaɨ,ʐ u a ɨ,,walker2011,,,^ʐ u a ɨ$,default
Araicu-38_head-1,,Araicu,38_head,ki,ki,k i,,walker2011,,,^k i$,default
Warekena-38_head-1,,Warekena,38_head,hiwesisi,hiwesisi,h i w e s i s i,,walker2011,,,^h i w e s i s i$,default
WarekenaVelha-38_head-1,,WarekenaVelha,38_head,ibu,ibu,i b u,,walker2011,,,^i b u$,default
Waura-38_head-1,,Waura,38_head,tiwi,tiwi,t i w i,,walker2011,,,^t i w i$,default
Yavitero-38_head-1,,Yavitero,38_head,sihu,sihu,s i h u,,walker2011,,,^s i h u$,default
Yawalapiti-38_head-1,,Yawalapiti,38_head,kuʃu,kuʃu,k u ʃ u,,walker2011,,,^k u ʃ u$,default
Yucuna-38_head-1,,Yucuna,38_head,wilaʔaruhi,wilaʔaruhi,w i l a ʔ a r u h i,,walker2011,,,^w i l a ʔ a r u h i$,default
Jumana-38_head-1,,Jumana,38_head,"-la, tso-maʃuːmi",-la,l a,,walker2011,,,^- l a$,default
Jumana-38_head-2,,Jumana,38_head,"-la, tso-maʃuːmi",tso-maʃuːmi,ts o + m a ʃ uː m i,,walker2011,,,^ts o - m a ʃ uː m i$,default
Achagua-39_ear-1,,Achagua,39_ear,-wiba,-wiba,w i b a,,walker2011,,,^- w i b a$,default
Yanesha-39_ear-1,,Yanesha,39_ear,"etats, yet",etats,e t a ts,,walker2011,,,^e t a ts$,default
Yanesha-39_ear-2,,Yanesha,39_ear,"etats, yet",yet,j e t,,walker2011,,,^y e t$,default
Anauya-39_ear-1,,Anauya,39_ear,-taʃihin,-taʃihin,t a ʃ i h i n,,walker2011,,,^- t a ʃ i h i n$,default
Apurina-39_ear-1,,Apurina,39_ear,kẽpita,kẽpita,k ẽ p i t a,,walker2011,,,^k ẽ p i t a$,default
Aruan-39_ear-1,,Aruan,39_ear,-ʃiɲaku,-ʃiɲaku,ʃ i ɲ a k u,,walker2011,,,^- ʃ i ɲ a k u$,default
Ashaninka-39_ear-1,,Ashaninka,39_ear,yampita,yampita,j a m p i t a,,walker2011,,,^y a m p i t a$,default
Xiriana-39_ear-1,,Xiriana,39_ear,-cini(bati),-cini,c i n i,,walker2011,,,^- c i n i$,default
Avane-39_ear-1,,Avane,39_ear,-tanipala-ʂi,-tanipala-ʂi,t a n i p a l a + ʂ i,,walker2011,,,^- t a n i p a l a - ʂ i$,default
BaniwaDoIcana-39_ear-1,,BaniwaDoIcana,39_ear,"-heːni, -eni",-heːni,h eː n i,,walker2011,,,^- h eː n i$,default
BaniwaDoIcana-39_ear-2,,BaniwaDoIcana,39_ear,"-heːni, -eni",-eni,e n i,,walker2011,,,^- e n i$,default
Bare-39_ear-1,,Bare,39_ear,idatinihi,idatinihi,i d a t i n i h i,,walker2011,,,^i d a t i n i h i$,default
Baure-39_ear-1,,Baure,39_ear,tʃokon,tʃokon,tʃ o k o n,,walker2011,,,^tʃ o k o n$,default
Cabiyari-39_ear-1,,Cabiyari,39_ear,-uʔuwi,-uʔuwi,u ʔ u w i,,walker2011,,,^- u ʔ u w i$,default
Caquinte-39_ear-1,,Caquinte,39_ear,ɣeNpita,ɣeNpita,ɣ e ɴ p i t a,,walker2011,,,^ɣ e N p i t a$,default
Cariai-39_ear-1,,Cariai,39_ear,-kia,-kia,k i a,,walker2011,,,^- k i a$,default
Chamicuro-39_ear-1,,Chamicuro,39_ear,tʃayi,tʃayi,tʃ a j i,,walker2011,,,^tʃ a y i$,default
Garifuna-39_ear-1,,Garifuna,39_ear,arigei,arigei,a r i g e i,,walker2011,,,^a r i g e i$,default
Wayuu-39_ear-1,,Wayuu,39_ear,ta-tʃeʔe,ta-tʃeʔe,t a + tʃ e ʔ e,,walker2011,,,^t a - tʃ e ʔ e$,default
Guinau-39_ear-1,,Guinau,39_ear,"ndaʃini, taʃini",ndaʃini,n d a ʃ i n i,,walker2011,,,^n d a ʃ i n i$,default
Guinau-39_ear-2,,Guinau,39_ear,"ndaʃini, taʃini",taʃini,t a ʃ i n i,,walker2011,,,^t a ʃ i n i$,default
Ignaciano-39_ear-1,,Ignaciano,39_ear,tʃaka,tʃaka,tʃ a k a,,walker2011,,,^tʃ a k a$,default
Inapari-39_ear-1,,Inapari,39_ear,tarúti,tarúti,t a r ú/u t i,,walker2011,,,^t a r ú t i$,default
IslandCarib-39_ear-1,,IslandCarib,39_ear,arigari,arigari,a r i g a r i,,walker2011,,,^a r i g a r i$,default
Karutana-39_ear-1,,Karutana,39_ear,eni,eni,e n i,,walker2011,,,^e n i$,default
Kaishana-39_ear-1,,Kaishana,39_ear,-(V)ta,-ta,t a,,walker2011,,,^- t a$,default
Kinikinao-39_ear-1,,Kinikinao,39_ear,kεːnɔ,kεːnɔ,k εː n ɔ,,walker2011,,,^k εː n ɔ$,default
Curripaco-39_ear-1,,Curripaco,39_ear,hlieːni,hlieːni,h l i eː n i,,walker2011,,,^h l i eː n i$,default
Lokono-39_ear-1,,Lokono,39_ear,dike,dike,d i k e,,walker2011,,,^d i k e$,default
Machiguenga-39_ear-1,,Machiguenga,39_ear,gempitan-tsi,gempitan-tsi,g e m p i t a n + ts i,,walker2011,,,^g e m p i t a n - ts i$,default
Maipure-39_ear-1,,Maipure,39_ear,-akini,-akini,a k i n i,,walker2011,,,^- a k i n i$,default
Manao-39_ear-1,,Manao,39_ear,-teki,-teki,t e k i,,walker2011,,,^- t e k i$,default
Mandahuaca-39_ear-1,,Mandahuaca,39_ear,-uwi,-uwi,u w i,,walker2011,,,^- u w i$,default
Machinere-39_ear-1,,Machinere,39_ear,hehipi,hehipi,h e h i p i,,walker2011,,,^h e h i p i$,default
Marawan-39_ear-1,,Marawan,39_ear,pi-taibi,pi-taibi,p i + t a i b i,,walker2011,,,^p i - t a i b i$,default
Maragua-39_ear-1,,Maragua,39_ear,"n-etaky,-adekiɲ",n-etaky,n + e t a k y,,walker2011,,,^n - e t a k y$,default
Maragua-39_ear-2,,Maragua,39_ear,"n-etaky,-adekiɲ",-adekiɲ,a d e k i ɲ,,walker2011,,,^- a d e k i ɲ$,default
Mariate-39_ear-1,,Mariate,39_ear,"-(w)ɨ, erikiu",-ɨ,ɨ,,walker2011,,,^- ɨ$,default
Mariate-39_ear-2,,Mariate,39_ear,"-(w)ɨ, erikiu",erikiu,e r i k i u,,walker2011,,,^e r i k i u$,default
MapidianMawayana-39_ear-1,,MapidianMawayana,39_ear,-ʃĩdja,-ʃĩdja,ʃ ĩ d j a,,walker2011,,,^- ʃ ĩ d j a$,default
Mehinaku-39_ear-1,,Mehinaku,39_ear,tuluĩ,tuluĩ,t u l u ĩ,,walker2011,,,^t u l u ĩ$,default
Nomatsiguenga-39_ear-1,,Nomatsiguenga,39_ear,nagemita,nagemita,n a g e m i t a,,walker2011,,,^n a g e m i t a$,default
Palikur-39_ear-1,,Palikur,39_ear,-taybi,-taybi,t a j b i,,walker2011,,,^- t a y b i$,default
Paraujano-39_ear-1,,Paraujano,39_ear,ta-tʃoo,ta-tʃoo,t a + tʃ oː,,walker2011,,,^t a - tʃ oo$,default
Parecis-39_ear-1,,Parecis,39_ear,itinihe,itinihe,i t i n i h e,,walker2011,,,^i t i n i h e$,default
Passe-39_ear-1,,Passe,39_ear,ae,ae,a e,,walker2011,,,^a e$,default
Piapoco-39_ear-1,,Piapoco,39_ear,nuwi,nuwi,n u w i,,walker2011,,,^n u w i$,default
Yine-39_ear-1,,Yine,39_ear,heptʃi,heptʃi,h e p tʃ i,,walker2011,,,^h e p tʃ i$,default
Resigaro-39_ear-1,,Resigaro,39_ear,-henako,-henako,h e n a k o,,walker2011,,,^- h e n a k o$,default
Saraveca-39_ear-1,,Saraveca,39_ear,nol,nol,n o l,,walker2011,,,^n o l$,default
Taino-39_ear-1,,Taino,39_ear,ariken,ariken,a r i k e n,,walker2011,,,^a r i k e n$,default
Tariana-39_ear-1,,Tariana,39_ear,thi,thi,tʰ i,,walker2011,,,^th i$,default
Terena-39_ear-1,,Terena,39_ear,kênjo,kênjo,k ê/e n j o,,walker2011,,,^k ê n j o$,default
Trinitario-39_ear-1,,Trinitario,39_ear,tʃoka,tʃoka,tʃ o k a,,walker2011,,,^tʃ o k a$,default
Wainuma-39_ear-1,,Wainuma,39_ear,"-by,-hui, -inaku, ",-by,b y,,walker2011,,,^- b y$,default
Wainuma-39_ear-2,,Wainuma,39_ear,"-by,-hui, -inaku, ",-hui,h u i,,walker2011,,,^- h u i$,default
Wainuma-39_ear-3,,Wainuma,39_ear,"-by,-hui, -inaku, ",-inaku,i n a k u,,walker2011,,,^- i n a k u$,default
Wapishana-39_ear-1,,Wapishana,39_ear,thaini,thaini,tʰ a i n i,,walker2011,,,^th a i n i$,default
Araicu-39_ear-1,,Araicu,39_ear,"toki, taketu",toki,t o k i,,walker2011,,,^t o k i$,default
Araicu-39_ear-2,,Araicu,39_ear,"toki, taketu",taketu,t a k e t u,,walker2011,,,^t a k e t u$,default
Warekena-39_ear-1,,Warekena,39_ear,uwisi,uwisi,u w i s i,,walker2011,,,^u w i s i$,default
WarekenaVelha-39_ear-1,,WarekenaVelha,39_ear,nutanipaɻa,nutanipaɻa,n u t a n i p a ɻ a,,walker2011,,,^n u t a n i p a ɻ a$,default
Waura-39_ear-1,,Waura,39_ear,-tulũ,-tulũ,t u l ũ,,walker2011,,,^- t u l ũ$,default
Yavitero-39_ear-1,,Yavitero,39_ear,tasine,tasine,t a s i n e,,walker2011,,,^t a s i n e$,default
Yawalapiti-39_ear-1,,Yawalapiti,39_ear,tsɨr̥ɨ,tsɨr̥ɨ,ts ɨ r̥ ɨ,,walker2011,,,^ts ɨ r̥ ɨ$,default
Yucuna-39_ear-1,,Yucuna,39_ear,iʔihwihi,iʔihwihi,i ʔ i ʰw i h i,,walker2011,,,^i ʔ i hw i h i$,default
Jumana-39_ear-1,,Jumana,39_ear,"-uhɨ, -hoe",-uhɨ,u h ɨ,,walker2011,,,^- u h ɨ$,default
Jumana-39_ear-2,,Jumana,39_ear,"-uhɨ, -hoe",-hoe,h o e,,walker2011,,,^- h o e$,default
Achagua-40_eye-1,,Achagua,40_eye,-tui,-tui,t u i,,walker2011,,,^- t u i$,default
Yanesha-40_eye-1,,Yanesha,40_eye,koljoʼyets,koljoʼyets,k o l j oˀ j e ts,,walker2011,,,^k o l j oʼ y e ts$,default
Anauya-40_eye-1,,Anauya,40_eye,-hinihahi,-hinihahi,h i n i h a h i,,walker2011,,,^- h i n i h a h i$,default
Apurina-40_eye-1,,Apurina,40_eye,okɨ,okɨ,o k ɨ,,walker2011,,,^o k ɨ$,default
Aruan-40_eye-1,,Aruan,40_eye,-kɨn,-kɨn,k ɨ n,,walker2011,,,^- k ɨ n$,default
Ashaninka-40_eye-1,,Ashaninka,40_eye,oki,oki,o k i,,walker2011,,,^o k i$,default
Xiriana-40_eye-1,,Xiriana,40_eye,nau(kɨsaɨ),nau,n a u,,walker2011,,,^n a u$,default
Avane-40_eye-1,,Avane,40_eye,-puli-ʂi,-puli-ʂi,p u l i + ʂ i,,walker2011,,,^- p u l i - ʂ i$,default
BaniwaDoIcana-40_eye-1,,BaniwaDoIcana,40_eye,"-thi, - ithiti",-thi,tʰ i,,walker2011,,,^- th i$,default
BaniwaDoIcana-40_eye-2,,BaniwaDoIcana,40_eye,"-thi, - ithiti",-_ithiti,i tʰ i t i,,walker2011,,,^-_ i th i t i$,default
Bare-40_eye-1,,Bare,40_eye,withi,withi,w i tʰ i,,walker2011,,,^w i th i$,default
Baure-40_eye-1,,Baure,40_eye,kis,kis,k i s,,walker2011,,,^k i s$,default
Cabiyari-40_eye-1,,Cabiyari,40_eye,-thu,-thu,tʰ u,,walker2011,,,^- th u$,default
Caquinte-40_eye-1,,Caquinte,40_eye,okiha,okiha,o k i h a,,walker2011,,,^o k i h a$,default
Cariai-40_eye-1,,Cariai,40_eye,-kuniki,-kuniki,k u n i k i,,walker2011,,,^- k u n i k i$,default
Chamicuro-40_eye-1,,Chamicuro,40_eye,ohki,ohki,o h k i,,walker2011,,,^o h k i$,default
EnaweneNawe-40_eye-1,,EnaweneNawe,40_eye,ɾose,ɾose,ɾ o s e,,walker2011,,,^ɾ o s e$,default
Garifuna-40_eye-1,,Garifuna,40_eye,agu,agu,a g u,,walker2011,,,^a g u$,default
Wayuu-40_eye-1,,Wayuu,40_eye,to-ʔu,to-ʔu,t o + ʔ u,,walker2011,,,^t o - ʔ u$,default
Guinau-40_eye-1,,Guinau,40_eye,nawiʃi,nawiʃi,n a w i ʃ i,,walker2011,,,^n a w i ʃ i$,default
Ignaciano-40_eye-1,,Ignaciano,40_eye,úkiʔa,úkiʔa,ú/u k i ʔ a,,walker2011,,,^ú k i ʔ a$,default
Inapari-40_eye-1,,Inapari,40_eye,ohɨ́ti,ohɨ́ti,o h ɨ́/ɨ t i,,walker2011,,,^o h ɨ́ t i$,default
IslandCarib-40_eye-1,,IslandCarib,40_eye,agu,agu,a g u,,walker2011,,,^a g u$,default
Karutana-40_eye-1,,Karutana,40_eye,thi,thi,tʰ i,,walker2011,,,^th i$,default
Kaishana-40_eye-1,,Kaishana,40_eye,-(h)lu,-lu,l u,,walker2011,,,^- l u$,default
Kinikinao-40_eye-1,,Kinikinao,40_eye,ukε,ukε,u k ε,,walker2011,,,^u k ε$,default
Curripaco-40_eye-1,,Curripaco,40_eye,lithi,lithi,l i tʰ i,,walker2011,,,^l i th i$,default
Lokono-40_eye-1,,Lokono,40_eye,kosi,kosi,k o s i,,walker2011,,,^k o s i$,default
Machiguenga-40_eye-1,,Machiguenga,40_eye,okji-tsi,okji-tsi,o k j i + ts i,,walker2011,,,^o k j i - ts i$,default
Maipure-40_eye-1,,Maipure,40_eye,-puriki,-puriki,p u r i k i,,walker2011,,,^- p u r i k i$,default
Manao-40_eye-1,,Manao,40_eye,kurite,kurite,k u r i t e,,walker2011,,,^k u r i t e$,default
Mandahuaca-40_eye-1,,Mandahuaca,40_eye,-di,-di,d i,,walker2011,,,^- d i$,default
Machinere-40_eye-1,,Machinere,40_eye,-wihali,-wihali,w i h a l i,,walker2011,,,^- w i h a l i$,default
Marawan-40_eye-1,,Marawan,40_eye,pi-uti,pi-uti,p i + u t i,,walker2011,,,^p i - u t i$,default
Maragua-40_eye-1,,Maragua,40_eye,n-akosy,n-akosy,n + a k o s y,,walker2011,,,^n - a k o s y$,default
Mariate-40_eye-1,,Mariate,40_eye,-dui,-dui,d u i,,walker2011,,,^- d u i$,default
MapidianMawayana-40_eye-1,,MapidianMawayana,40_eye,r-oso,r-oso,r + o s o,,walker2011,,,^r - o s o$,default
Mehinaku-40_eye-1,,Mehinaku,40_eye,utɨtai,utɨtai,u t ɨ t a i,,walker2011,,,^u t ɨ t a i$,default
Nomatsiguenga-40_eye-1,,Nomatsiguenga,40_eye,iroki,iroki,i r o k i,,walker2011,,,^i r o k i$,default
Palikur-40_eye-1,,Palikur,40_eye,-wtyak,-wtyak,w t j a k,,walker2011,,,^- w t y a k$,default
Paraujano-40_eye-1,,Paraujano,40_eye,t-ou,t-ou,t + o u,,walker2011,,,^t - o u$,default
Parecis-40_eye-1,,Parecis,40_eye,eʃotse,eʃotse,e ʃ o ts e,,walker2011,,,^e ʃ o ts e$,default
Passe-40_eye-1,,Passe,40_eye,tʃilo,tʃilo,tʃ i l o,,walker2011,,,^tʃ i l o$,default
Piapoco-40_eye-1,,Piapoco,40_eye,nutuí,nutuí,n u t u í/i,,walker2011,,,^n u t u í$,default
Yine-40_eye-1,,Yine,40_eye,ygaltʃi,ygaltʃi,j g a l tʃ i,,walker2011,,,^y g a l tʃ i$,default
Resigaro-40_eye-1,,Resigaro,40_eye,-in̥iu,-in̥iu,i n̥ i u,,walker2011,,,^- i n̥ i u$,default
Saraveca-40_eye-1,,Saraveca,40_eye,no-he,no-he,n o + h e,,walker2011,,,^n o - h e$,default
Taino-40_eye-1,,Taino,40_eye,"ako, aku",ako,a k o,,walker2011,,,^a k o$,default
Taino-40_eye-2,,Taino,40_eye,"ako, aku",aku,a k u,,walker2011,,,^a k u$,default
Tariana-40_eye-1,,Tariana,40_eye,wheni,wheni,wʰ e n i,,walker2011,,,^wh e n i$,default
Terena-40_eye-1,,Terena,40_eye,uké,uké,u k é/e,,walker2011,,,^u k é$,default
Trinitario-40_eye-1,,Trinitario,40_eye,uɣʔa,uɣʔa,u ɣ ʔ a,,walker2011,,,^u ɣ ʔ a$,default
Wainuma-40_eye-1,,Wainuma,40_eye,"-tuhi, -due, -tui",-tuhi,t u h i,,walker2011,,,^- t u h i$,default
Wainuma-40_eye-2,,Wainuma,40_eye,"-tuhi, -due, -tui",-due,d u e,,walker2011,,,^- d u e$,default
Wainuma-40_eye-3,,Wainuma,40_eye,"-tuhi, -due, -tui",-tui,t u i,,walker2011,,,^- t u i$,default
Wapishana-40_eye-1,,Wapishana,40_eye,awɨn,awɨn,a w ɨ n,,walker2011,,,^a w ɨ n$,default
Araicu-40_eye-1,,Araicu,40_eye,n-oki,n-oki,n + o k i,,walker2011,,,^n - o k i$,default
Warekena-40_eye-1,,Warekena,40_eye,bhuisi,bhuisi,b h u i s i,,walker2011,,,^b h u i s i$,default
WarekenaVelha-40_eye-1,,WarekenaVelha,40_eye,nupoɻi,nupoɻi,n u p o ɻ i,,walker2011,,,^n u p o ɻ i$,default
Waura-40_eye-1,,Waura,40_eye,-ujutai,-ujutai,u j u t a i,,walker2011,,,^- u j u t a i$,default
Yavitero-40_eye-1,,Yavitero,40_eye,huľ̥isi,huľ̥isi,h u l̥ʲ i s i,,walker2011,,,^h u ľ̥ i s i$,default
Yawalapiti-40_eye-1,,Yawalapiti,40_eye,uɾita,uɾita,u ɾ i t a,,walker2011,,,^u ɾ i t a$,default
Yucuna-40_eye-1,,Yucuna,40_eye,ihluhi,ihluhi,i h l u h i,,walker2011,,,^i h l u h i$,default
Jumana-40_eye-1,,Jumana,40_eye,"uhno, tsepɨna",uhno,u h n o,,walker2011,,,^u h n o$,default
Jumana-40_eye-2,,Jumana,40_eye,"uhno, tsepɨna",tsepɨna,ts e p ɨ n a,,walker2011,,,^ts e p ɨ n a$,default
Achagua-41_nose-1,,Achagua,41_nose,-daku,-daku,d a k u,,walker2011,,,^- d a k u$,default
Yanesha-41_nose-1,,Yanesha,41_nose,maljantats,maljantats,m a l j a n t a ts,,walker2011,,,^m a l j a n t a ts$,default
Anauya-41_nose-1,,Anauya,41_nose,-hiri,-hiri,h i r i,,walker2011,,,^- h i r i$,default
Apurina-41_nose-1,,Apurina,41_nose,kiri,kiri,k i r i,,walker2011,,,^k i r i$,default
Aruan-41_nose-1,,Aruan,41_nose,-kiʃiɲa,-kiʃiɲa,k i ʃ i ɲ a,,walker2011,,,^- k i ʃ i ɲ a$,default
Ashaninka-41_nose-1,,Ashaninka,41_nose,irina,irina,i r i n a,,walker2011,,,^i r i n a$,default
Xiriana-41_nose-1,,Xiriana,41_nose,-kirina,-kirina,k i r i n a,,walker2011,,,^- k i r i n a$,default
Avane-41_nose-1,,Avane,41_nose,-yapa-ʂi,-yapa-ʂi,j a p a + ʂ i,,walker2011,,,^- y a p a - ʂ i$,default
BaniwaDoIcana-41_nose-1,,BaniwaDoIcana,41_nose,"-hitaku, -teka",-hitaku,h i t a k u,,walker2011,,,^- h i t a k u$,default
BaniwaDoIcana-41_nose-2,,BaniwaDoIcana,41_nose,"-hitaku, -teka",-teka,t e k a,,walker2011,,,^- t e k a$,default
Bare-41_nose-1,,Bare,41_nose,ti,ti,t i,,walker2011,,,^t i$,default
Baure-41_nose-1,,Baure,41_nose,pasiri,pasiri,p a s i r i,,walker2011,,,^p a s i r i$,default
Cabiyari-41_nose-1,,Cabiyari,41_nose,-hitaku,-hitaku,h i t a k u,,walker2011,,,^- h i t a k u$,default
Cariai-41_nose-1,,Cariai,41_nose,-kɨti,-kɨti,k ɨ t i,,walker2011,,,^- k ɨ t i$,default
Chamicuro-41_nose-1,,Chamicuro,41_nose,kulu,kulu,k u l u,,walker2011,,,^k u l u$,default
EnaweneNawe-41_nose-1,,EnaweneNawe,41_nose,ekayli,ekayli,e k a j l i,,walker2011,,,^e k a y l i$,default
Garifuna-41_nose-1,,Garifuna,41_nose,ίgiri,ίgiri,ί/i g i r i,,walker2011,,,^ί g i r i$,default
Wayuu-41_nose-1,,Wayuu,41_nose,te-ʔitʃi,te-ʔitʃi,t e + ʔ i tʃ i,,walker2011,,,^t e - ʔ i tʃ i$,default
Guinau-41_nose-1,,Guinau,41_nose,"iʒiːbuna, intʃe",iʒiːbuna,i ʒ iː b u n a,,walker2011,,,^i ʒ iː b u n a$,default
Guinau-41_nose-2,,Guinau,41_nose,"iʒiːbuna, intʃe",intʃe,i n tʃ e,,walker2011,,,^i n tʃ e$,default
Ignaciano-41_nose-1,,Ignaciano,41_nose,siri,siri,s i r i,,walker2011,,,^s i r i$,default
Inapari-41_nose-1,,Inapari,41_nose,hiríti,hiríti,h i r í/i t i,,walker2011,,,^h i r í t i$,default
IslandCarib-41_nose-1,,IslandCarib,41_nose,igiri,igiri,i g i r i,,walker2011,,,^i g i r i$,default
Karutana-41_nose-1,,Karutana,41_nose,ituku,ituku,i t u k u,,walker2011,,,^i t u k u$,default
Kaishana-41_nose-1,,Kaishana,41_nose,-ɨtuku,-ɨtuku,ɨ t u k u,,walker2011,,,^- ɨ t u k u$,default
Kinikinao-41_nose-1,,Kinikinao,41_nose,kiɾi,kiɾi,k i ɾ i,,walker2011,,,^k i ɾ i$,default
Curripaco-41_nose-1,,Curripaco,41_nose,liːtako,liːtako,l iː t a k o,,walker2011,,,^l iː t a k o$,default
Lokono-41_nose-1,,Lokono,41_nose,siri,siri,s i r i,,walker2011,,,^s i r i$,default
Machiguenga-41_nose-1,,Machiguenga,41_nose,girimaʃin-tsi,girimaʃin-tsi,g i r i m a ʃ i n + ts i,,walker2011,,,^g i r i m a ʃ i n - ts i$,default
Maipure-41_nose-1,,Maipure,41_nose,-kiri,-kiri,k i r i,,walker2011,,,^- k i r i$,default
Manao-41_nose-1,,Manao,41_nose,-kirina,-kirina,k i r i n a,,walker2011,,,^- k i r i n a$,default
Mandahuaca-41_nose-1,,Mandahuaca,41_nose,-thaku,-thaku,tʰ a k u,,walker2011,,,^- th a k u$,default
Machinere-41_nose-1,,Machinere,41_nose,-ʃiri,-ʃiri,ʃ i r i,,walker2011,,,^- ʃ i r i$,default
Marawan-41_nose-1,,Marawan,41_nose,pi-kiri,pi-kiri,p i + k i r i,,walker2011,,,^p i - k i r i$,default
Maragua-41_nose-1,,Maragua,41_nose,"n-isiry, -izeri",n-isiry,n + i s i r y,,walker2011,,,^n - i s i r y$,default
Maragua-41_nose-2,,Maragua,41_nose,"n-isiry, -izeri",-izeri,i z e r i,,walker2011,,,^- i z e r i$,default
Mariate-41_nose-1,,Mariate,41_nose,-itaku,-itaku,i t a k u,,walker2011,,,^- i t a k u$,default
MapidianMawayana-41_nose-1,,MapidianMawayana,41_nose,-tiba,-tiba,t i b a,,walker2011,,,^- t i b a$,default
Mehinaku-41_nose-1,,Mehinaku,41_nose,kiɾi,kiɾi,k i ɾ i,,walker2011,,,^k i ɾ i$,default
Nomatsiguenga-41_nose-1,,Nomatsiguenga,41_nose,nagetsi,nagetsi,n a g e ts i,,walker2011,,,^n a g e ts i$,default
Palikur-41_nose-1,,Palikur,41_nose,-kig,-kig,k i g,,walker2011,,,^- k i g$,default
Paraujano-41_nose-1,,Paraujano,41_nose,t-eiyi,t-eiyi,t + e i j i,,walker2011,,,^t - e i y i$,default
Parecis-41_nose-1,,Parecis,41_nose,ikili,ikili,i k i l i,,walker2011,,,^i k i l i$,default
Passe-41_nose-1,,Passe,41_nose,tʃitako,tʃitako,tʃ i t a k o,,walker2011,,,^tʃ i t a k o$,default
Piapoco-41_nose-1,,Piapoco,41_nose,nuídaku,nuídaku,n u í/i d a k u,,walker2011,,,^n u í d a k u$,default
Yine-41_nose-1,,Yine,41_nose,hritʃi,hritʃi,h r i tʃ i,,walker2011,,,^h r i tʃ i$,default
Resigaro-41_nose-1,,Resigaro,41_nose,-hitako,-hitako,h i t a k o,,walker2011,,,^- h i t a k o$,default
Saraveca-41_nose-1,,Saraveca,41_nose,nu-tʃepaku,nu-tʃepaku,n u + tʃ e p a k u,,walker2011,,,^n u - tʃ e p a k u$,default
Tariana-41_nose-1,,Tariana,41_nose,thaku,thaku,tʰ a k u,,walker2011,,,^th a k u$,default
Terena-41_nose-1,,Terena,41_nose,kîri,kîri,k î/i r i,,walker2011,,,^k î r i$,default
Trinitario-41_nose-1,,Trinitario,41_nose,siri,siri,s i r i,,walker2011,,,^s i r i$,default
Wainuma-41_nose-1,,Wainuma,41_nose,-ihtaku,-ihtaku,i h t a k u,,walker2011,,,^- i h t a k u$,default
Wapishana-41_nose-1,,Wapishana,41_nose,iɖibay,iɖibay,i ɖ i b a y,,walker2011,,,^i ɖ i b a y$,default
Araicu-41_nose-1,,Araicu,41_nose,n-iʃit,n-iʃit,n + i ʃ i t,,walker2011,,,^n - i ʃ i t$,default
Warekena-41_nose-1,,Warekena,41_nose,hitsakusi,hitsakusi,h i ts a k u s i,,walker2011,,,^h i ts a k u s i$,default
WarekenaVelha-41_nose-1,,WarekenaVelha,41_nose,yapa,yapa,j a p a,,walker2011,,,^y a p a$,default
Waura-41_nose-1,,Waura,41_nose,-kitsi,-kitsi,k i ts i,,walker2011,,,^- k i ts i$,default
Yavitero-41_nose-1,,Yavitero,41_nose,siwi,siwi,s i w i,,walker2011,,,^s i w i$,default
Yawalapiti-41_nose-1,,Yawalapiti,41_nose,tʃiʃi,tʃiʃi,tʃ i ʃ i,,walker2011,,,^tʃ i ʃ i$,default
Yucuna-41_nose-1,,Yucuna,41_nose,takuhi,takuhi,t a k u h i,,walker2011,,,^t a k u h i$,default
Jumana-41_nose-1,,Jumana,41_nose,"intʃiungeu, intʃoko",intʃiungeu,i n tʃ i u n g e u,,walker2011,,,^i n tʃ i u n g e u$,default
Jumana-41_nose-2,,Jumana,41_nose,"intʃiungeu, intʃoko",intʃoko,i n tʃ o k o,,walker2011,,,^i n tʃ o k o$,default
Achagua-42_mouth-1,,Achagua,42_mouth,-numa,-numa,n u m a,,walker2011,,,^- n u m a$,default
Yanesha-42_mouth-1,,Yanesha,42_mouth,"namats, yenam",namats,n a m a ts,,walker2011,,,^n a m a ts$,default
Yanesha-42_mouth-2,,Yanesha,42_mouth,"namats, yenam",yenam,j e n a m,,walker2011,,,^y e n a m$,default
Anauya-42_mouth-1,,Anauya,42_mouth,-numa,-numa,n u m a,,walker2011,,,^- n u m a$,default
Apurina-42_mouth-1,,Apurina,42_mouth,nama,nama,n a m a,,walker2011,,,^n a m a$,default
Aruan-42_mouth-1,,Aruan,42_mouth,-numa,-numa,n u m a,,walker2011,,,^- n u m a$,default
Ashaninka-42_mouth-1,,Ashaninka,42_mouth,paante,paante,p aː n t e,,walker2011,,,^p aa n t e$,default
Xiriana-42_mouth-1,,Xiriana,42_mouth,-dau(fau),-dau,d a u,,walker2011,,,^- d a u$,default
Avane-42_mouth-1,,Avane,42_mouth,-numa-ʂi,-numa-ʂi,n u m a + ʂ i,,walker2011,,,^- n u m a - ʂ i$,default
BaniwaDoIcana-42_mouth-1,,BaniwaDoIcana,42_mouth,-nuna,-nuna,n u n a,,walker2011,,,^- n u n a$,default
Bare-42_mouth-1,,Bare,42_mouth,numa,numa,n u m a,,walker2011,,,^n u m a$,default
Baure-42_mouth-1,,Baure,42_mouth,noki,noki,n o k i,,walker2011,,,^n o k i$,default
Cabiyari-42_mouth-1,,Cabiyari,42_mouth,-numa,-numa,n u m a,,walker2011,,,^- n u m a$,default
Caquinte-42_mouth-1,,Caquinte,42_mouth,natso,natso,n a ts o,,walker2011,,,^n a ts o$,default
Cariai-42_mouth-1,,Cariai,42_mouth,-numa,-numa,n u m a,,walker2011,,,^- n u m a$,default
Chamicuro-42_mouth-1,,Chamicuro,42_mouth,awana,awana,a w a n a,,walker2011,,,^a w a n a$,default
EnaweneNawe-42_mouth-1,,EnaweneNawe,42_mouth,kana,kana,k a n a,,walker2011,,,^k a n a$,default
Garifuna-42_mouth-1,,Garifuna,42_mouth,iyumaɨ,iyumaɨ,i j u m a ɨ,,walker2011,,,^i y u m a ɨ$,default
Wayuu-42_mouth-1,,Wayuu,42_mouth,te-anɨkɨ,te-anɨkɨ,t e + a n ɨ k ɨ,,walker2011,,,^t e - a n ɨ k ɨ$,default
Guinau-42_mouth-1,,Guinau,42_mouth,"nuːma, noma",nuːma,n uː m a,,walker2011,,,^n uː m a$,default
Guinau-42_mouth-2,,Guinau,42_mouth,"nuːma, noma",noma,n o m a,,walker2011,,,^n o m a$,default
Ignaciano-42_mouth-1,,Ignaciano,42_mouth,haka,haka,h a k a,,walker2011,,,^h a k a$,default
Inapari-42_mouth-1,,Inapari,42_mouth,namáti,namáti,n a m á/a t i,,walker2011,,,^n a m á t i$,default
IslandCarib-42_mouth-1,,IslandCarib,42_mouth,iuma,iuma,i u m a,,walker2011,,,^i u m a$,default
Karutana-42_mouth-1,,Karutana,42_mouth,ma,ma,m a,,walker2011,,,^m a$,default
Kaishana-42_mouth-1,,Kaishana,42_mouth,-numa,-numa,n u m a,,walker2011,,,^- n u m a$,default
Kinikinao-42_mouth-1,,Kinikinao,42_mouth,pɔhɔ,pɔhɔ,p ɔ h ɔ,,walker2011,,,^p ɔ h ɔ$,default
Curripaco-42_mouth-1,,Curripaco,42_mouth,linoma,linoma,l i n o m a,,walker2011,,,^l i n o m a$,default
Lokono-42_mouth-1,,Lokono,42_mouth,ɽeroko,ɽeroko,ɽ e r o k o,,walker2011,,,^ɽ e r o k o$,default
Machiguenga-42_mouth-1,,Machiguenga,42_mouth,waganten-tsi,waganten-tsi,w a g a n t e n + ts i,,walker2011,,,^w a g a n t e n - ts i$,default
Maipure-42_mouth-1,,Maipure,42_mouth,-numaku,-numaku,n u m a k u,,walker2011,,,^- n u m a k u$,default
Manao-42_mouth-1,,Manao,42_mouth,-numa,-numa,n u m a,,walker2011,,,^- n u m a$,default
Mandahuaca-42_mouth-1,,Mandahuaca,42_mouth,-numa,-numa,n u m a,,walker2011,,,^- n u m a$,default
Machinere-42_mouth-1,,Machinere,42_mouth,-hɨmɨ,-hɨmɨ,h ɨ m ɨ,,walker2011,,,^- h ɨ m ɨ$,default
Marawan-42_mouth-1,,Marawan,42_mouth,pi-biu,pi-biu,p i + b i u,,walker2011,,,^p i - b i u$,default
Maragua-42_mouth-1,,Maragua,42_mouth,"n-eomako, -idiumaku",n-eomako,n + e o m a k o,,walker2011,,,^n - e o m a k o$,default
Maragua-42_mouth-2,,Maragua,42_mouth,"n-eomako, -idiumaku",-idiumaku,i d i u m a k u,,walker2011,,,^- i d i u m a k u$,default
Mariate-42_mouth-1,,Mariate,42_mouth,-numa,-numa,n u m a,,walker2011,,,^- n u m a$,default
MapidianMawayana-42_mouth-1,,MapidianMawayana,42_mouth,-umidja,-umidja,u m i d j a,,walker2011,,,^- u m i d j a$,default
Mehinaku-42_mouth-1,,Mehinaku,42_mouth,kanati,kanati,k a n a t i,,walker2011,,,^k a n a t i$,default
Nomatsiguenga-42_mouth-1,,Nomatsiguenga,42_mouth,nobagante,nobagante,n o b a g a n t e,,walker2011,,,^n o b a g a n t e$,default
Palikur-42_mouth-1,,Palikur,42_mouth,-biy,-biy,b i y,,walker2011,,,^- b i y$,default
Paraujano-42_mouth-1,,Paraujano,42_mouth,t-ounaga,t-ounaga,t + o u n a g a,,walker2011,,,^t - o u n a g a$,default
Parecis-42_mouth-1,,Parecis,42_mouth,ekanase,ekanase,e k a n a s e,,walker2011,,,^e k a n a s e$,default
Piapoco-42_mouth-1,,Piapoco,42_mouth,nunùma,nunùma,n u n ù/u m a,,walker2011,,,^n u n ù m a$,default
Yine-42_mouth-1,,Yine,42_mouth,ginama,ginama,g i n a m a,,walker2011,,,^g i n a m a$,default
Resigaro-42_mouth-1,,Resigaro,42_mouth,"-no, pokoʔnoːmu",-no,n o,,walker2011,,,^- n o$,default
Resigaro-42_mouth-2,,Resigaro,42_mouth,"-no, pokoʔnoːmu",pokoʔnoːmu,p o k o ʔ n oː m u,,walker2011,,,^p o k o ʔ n oː m u$,default
Saraveca-42_mouth-1,,Saraveca,42_mouth,no-ʃiɲaku,no-ʃiɲaku,n o + ʃ i ɲ a k u,,walker2011,,,^n o - ʃ i ɲ a k u$,default
Tariana-42_mouth-1,,Tariana,42_mouth,numa,numa,n u m a,,walker2011,,,^n u m a$,default
Terena-42_mouth-1,,Terena,42_mouth,poho,poho,p o h o,,walker2011,,,^p o h o$,default
Trinitario-42_mouth-1,,Trinitario,42_mouth,haka,haka,h a k a,,walker2011,,,^h a k a$,default
Wainuma-42_mouth-1,,Wainuma,42_mouth,-nu(h)ma,-numa,n u m a,,walker2011,,,^- n u m a$,default
Wapishana-42_mouth-1,,Wapishana,42_mouth,ɖakuj,ɖakuj,ɖ a k u j,,walker2011,,,^ɖ a k u j$,default
Araicu-42_mouth-1,,Araicu,42_mouth,nu-rutko,nu-rutko,n u + r u t k o,,walker2011,,,^n u - r u t k o$,default
Warekena-42_mouth-1,,Warekena,42_mouth,numasi,numasi,n u m a s i,,walker2011,,,^n u m a s i$,default
WarekenaVelha-42_mouth-1,,WarekenaVelha,42_mouth,"numa,buapani",numa,n u m a,,walker2011,,,^n u m a$,default
WarekenaVelha-42_mouth-2,,WarekenaVelha,42_mouth,"numa,buapani",buapani,b u a p a n i,,walker2011,,,^b u a p a n i$,default
Waura-42_mouth-1,,Waura,42_mouth,-kana-tɨ,-kana-tɨ,k a n a + t ɨ,,walker2011,,,^- k a n a - t ɨ$,default
Yavitero-42_mouth-1,,Yavitero,42_mouth,numa,numa,n u m a,,walker2011,,,^n u m a$,default
Yawalapiti-42_mouth-1,,Yawalapiti,42_mouth,kaɲatsi,kaɲatsi,k a ɲ a ts i,,walker2011,,,^k a ɲ a ts i$,default
Yucuna-42_mouth-1,,Yucuna,42_mouth,numahi,numahi,n u m a h i,,walker2011,,,^n u m a h i$,default
Jumana-42_mouth-1,,Jumana,42_mouth,"-uma, numa",-uma,u m a,,walker2011,,,^- u m a$,default
Jumana-42_mouth-2,,Jumana,42_mouth,"-uma, numa",numa,n u m a,,walker2011,,,^n u m a$,default
Achagua-43_tooth-1,,Achagua,43_tooth,-e,-e,e,,walker2011,,,^- e$,default
Yanesha-43_tooth-1,,Yanesha,43_tooth,"aʃots, yaʃ",aʃots,a ʃ o ts,,walker2011,,,^a ʃ o ts$,default
Yanesha-43_tooth-2,,Yanesha,43_tooth,"aʃots, yaʃ",yaʃ,j a ʃ,,walker2011,,,^y a ʃ$,default
Anauya-43_tooth-1,,Anauya,43_tooth,-ida,-ida,i d a,,walker2011,,,^- i d a$,default
Apurina-43_tooth-1,,Apurina,43_tooth,-tsirĩ,-tsirĩ,ts i r ĩ,,walker2011,,,^- ts i r ĩ$,default
Ashaninka-43_tooth-1,,Ashaninka,43_tooth,ahi,ahi,a h i,,walker2011,,,^a h i$,default
Xiriana-43_tooth-1,,Xiriana,43_tooth,"-ahɨ , heɨ",-ahɨ,a h ɨ,,walker2011,,,^- a h ɨ$,default
Xiriana-43_tooth-2,,Xiriana,43_tooth,"-ahɨ , heɨ",heɨ,h e ɨ,,walker2011,,,^h e ɨ$,default
Avane-43_tooth-1,,Avane,43_tooth,-aʂi-ʂi,-aʂi-ʂi,a ʂ i + ʂ i,,walker2011,,,^- a ʂ i - ʂ i$,default
BaniwaDoIcana-43_tooth-1,,BaniwaDoIcana,43_tooth,"-eːhtsa, -yai",-eːhtsa,eː h ts a,,walker2011,,,^- eː h ts a$,default
BaniwaDoIcana-43_tooth-2,,BaniwaDoIcana,43_tooth,"-eːhtsa, -yai",-yai,j a i,,walker2011,,,^- y a i$,default
Bare-43_tooth-1,,Bare,43_tooth,ahai,ahai,a h a i,,walker2011,,,^a h a i$,default
Baure-43_tooth-1,,Baure,43_tooth,ser,ser,s e r,,walker2011,,,^s e r$,default
Cabiyari-43_tooth-1,,Cabiyari,43_tooth,-ʔia,-ʔia,ʔ i a,,walker2011,,,^- ʔ i a$,default
Caquinte-43_tooth-1,,Caquinte,43_tooth,tʃaNtʃanahai,tʃaNtʃanahai,tʃ a ɴ tʃ a n a h a i,,walker2011,,,^tʃ a N tʃ a n a h a i$,default
Cariai-43_tooth-1,,Cariai,43_tooth,-aɨ,-aɨ,a ɨ,,walker2011,,,^- a ɨ$,default
Chamicuro-43_tooth-1,,Chamicuro,43_tooth,ahsi,ahsi,a ʰs i,,walker2011,,,^a hs i$,default
EnaweneNawe-43_tooth-1,,EnaweneNawe,43_tooth,ajkuliti,ajkuliti,a j k u l i t i,,walker2011,,,^a j k u l i t i$,default
Garifuna-43_tooth-1,,Garifuna,43_tooth,ari,ari,a r i,,walker2011,,,^a r i$,default
Wayuu-43_tooth-1,,Wayuu,43_tooth,ta-i,ta-i,t a + i,,walker2011,,,^t a - i$,default
Guinau-43_tooth-1,,Guinau,43_tooth,"naːhẽ, nahe",naːhẽ,n aː h ẽ,,walker2011,,,^n aː h ẽ$,default
Guinau-43_tooth-2,,Guinau,43_tooth,"naːhẽ, nahe",nahe,n a h e,,walker2011,,,^n a h e$,default
Ignaciano-43_tooth-1,,Ignaciano,43_tooth,aʔe,aʔe,a ʔ e,,walker2011,,,^a ʔ e$,default
Inapari-43_tooth-1,,Inapari,43_tooth,áĩti,áĩti,á/a ĩ t i,,walker2011,,,^á ĩ t i$,default
IslandCarib-43_tooth-1,,IslandCarib,43_tooth,ari,ari,a r i,,walker2011,,,^a r i$,default
Karutana-43_tooth-1,,Karutana,43_tooth,yai,yai,j a i,,walker2011,,,^y a i$,default
Kaishana-43_tooth-1,,Kaishana,43_tooth,-we,-we,w e,,walker2011,,,^- w e$,default
Kinikinao-43_tooth-1,,Kinikinao,43_tooth,ɔnuε,ɔnuε,ɔ n u ε,,walker2011,,,^ɔ n u ε$,default
Curripaco-43_tooth-1,,Curripaco,43_tooth,liːai,liːai,l iː a i,,walker2011,,,^l iː a i$,default
Lokono-43_tooth-1,,Lokono,43_tooth,ari,ari,a r i,,walker2011,,,^a r i$,default
Machiguenga-43_tooth-1,,Machiguenga,43_tooth,ai-tsi,ai-tsi,a i + ts i,,walker2011,,,^a i - ts i$,default
Maipure-43_tooth-1,,Maipure,43_tooth,-ati,-ati,a t i,,walker2011,,,^- a t i$,default
Manao-43_tooth-1,,Manao,43_tooth,-ai,-ai,a i,,walker2011,,,^- a i$,default
Mandahuaca-43_tooth-1,,Mandahuaca,43_tooth,-e,-e,e,,walker2011,,,^- e$,default
Machinere-43_tooth-1,,Machinere,43_tooth,-hoihĩ,-hoihĩ,h o i h ĩ,,walker2011,,,^- h o i h ĩ$,default
Marawan-43_tooth-1,,Marawan,43_tooth,pa-ibun,pa-ibun,p a + i b u n,,walker2011,,,^p a - i b u n$,default
Maragua-43_tooth-1,,Maragua,43_tooth,"n-atu, -atɨh",n-atu,n + a t u,,walker2011,,,^n - a t u$,default
Maragua-43_tooth-2,,Maragua,43_tooth,"n-atu, -atɨh",-atɨh,a t ɨ h,,walker2011,,,^- a t ɨ h$,default
Mariate-43_tooth-1,,Mariate,43_tooth,ai,ai,a i,,walker2011,,,^a i$,default
Mehinaku-43_tooth-1,,Mehinaku,43_tooth,tewei,tewei,t e w e i,,walker2011,,,^t e w e i$,default
Nomatsiguenga-43_tooth-1,,Nomatsiguenga,43_tooth,irai,irai,i r a i,,walker2011,,,^i r a i$,default
Palikur-43_tooth-1,,Palikur,43_tooth,-aybu,-aybu,a j b u,,walker2011,,,^- a y b u$,default
Paraujano-43_tooth-1,,Paraujano,43_tooth,t-ai,t-ai,t + a i,,walker2011,,,^t - a i$,default
Parecis-43_tooth-1,,Parecis,43_tooth,aikoliti,aikoliti,a i k o l i t i,,walker2011,,,^a i k o l i t i$,default
Passe-43_tooth-1,,Passe,43_tooth,ee,ee,eː,,walker2011,,,^ee$,default
Piapoco-43_tooth-1,,Piapoco,43_tooth,nuyéi,nuyéi,n u j é/e i,,walker2011,,,^n u y é i$,default
Yine-43_tooth-1,,Yine,43_tooth,ygitʃi,ygitʃi,j g i tʃ i,,walker2011,,,^y g i tʃ i$,default
Resigaro-43_tooth-1,,Resigaro,43_tooth,-one,-one,o n e,,walker2011,,,^- o n e$,default
Saraveca-43_tooth-1,,Saraveca,43_tooth,na-ikiri,na-ikiri,n a + i k i r i,,walker2011,,,^n a - i k i r i$,default
Taino-43_tooth-1,,Taino,43_tooth,"ari, ari, ahi",ari,a r i,,walker2011,,,^a r i$,default
Taino-43_tooth-2,,Taino,43_tooth,"ari, ari, ahi",ari,a r i,,walker2011,,,^a r i$,default
Taino-43_tooth-3,,Taino,43_tooth,"ari, ari, ahi",ahi,a h i,,walker2011,,,^a h i$,default
Tariana-43_tooth-1,,Tariana,43_tooth,e,e,e,,walker2011,,,^e$,default
Terena-43_tooth-1,,Terena,43_tooth,ôewe,ôewe,ô/o e w e,,walker2011,,,^ô e w e$,default
Trinitario-43_tooth-1,,Trinitario,43_tooth,oʔe,oʔe,o ʔ e,,walker2011,,,^o ʔ e$,default
Wainuma-43_tooth-1,,Wainuma,43_tooth,"-ahai, -aei",-ahai,a h a i,,walker2011,,,^- a h a i$,default
Wainuma-43_tooth-2,,Wainuma,43_tooth,"-ahai, -aei",-aei,a e i,,walker2011,,,^- a e i$,default
Wapishana-43_tooth-1,,Wapishana,43_tooth,ɨʔɖakhu,ɨʔɖakhu,ɨ ʔ ɖ a kʰ u,,walker2011,,,^ɨ ʔ ɖ a kh u$,default
Araicu-43_tooth-1,,Araicu,43_tooth,"nu-itʃi, nati",nu-itʃi,n u + i tʃ i,,walker2011,,,^n u - i tʃ i$,default
Araicu-43_tooth-2,,Araicu,43_tooth,"nu-itʃi, nati",nati,n a t i,,walker2011,,,^n a t i$,default
Warekena-43_tooth-1,,Warekena,43_tooth,yesi,yesi,j e s i,,walker2011,,,^y e s i$,default
WarekenaVelha-43_tooth-1,,WarekenaVelha,43_tooth,eʃi,eʃi,e ʃ i,,walker2011,,,^e ʃ i$,default
Waura-43_tooth-1,,Waura,43_tooth,-tsewe,-tsewe,ts e w e,,walker2011,,,^- ts e w e$,default
Yavitero-43_tooth-1,,Yavitero,43_tooth,eľ̥i,eľ̥i,e l̥ʲ i,,walker2011,,,^e ľ̥ i$,default
Yawalapiti-43_tooth-1,,Yawalapiti,43_tooth,tsɨwɨ,tsɨwɨ,ts ɨ w ɨ,,walker2011,,,^ts ɨ w ɨ$,default
Yucuna-43_tooth-1,,Yucuna,43_tooth,aihi,aihi,a i h i,,walker2011,,,^a i h i$,default
Jumana-43_tooth-1,,Jumana,43_tooth,"nihi, niy",nihi,n i h i,,walker2011,,,^n i h i$,default
Jumana-43_tooth-2,,Jumana,43_tooth,"nihi, niy",niy,n i y,,walker2011,,,^n i y$,default
Achagua-44_tongue-1,,Achagua,44_tongue,-inaneː,-inaneː,i n a n eː,,walker2011,,,^- i n a n eː$,default
Yanesha-44_tongue-1,,Yanesha,44_tongue,njenjets,njenjets,n j e n j e ts,,walker2011,,,^n j e n j e ts$,default
Anauya-44_tongue-1,,Anauya,44_tongue,-nene,-nene,n e n e,,walker2011,,,^- n e n e$,default
Apurina-44_tongue-1,,Apurina,44_tongue,nɨnɨ,nɨnɨ,n ɨ n ɨ,,walker2011,,,^n ɨ n ɨ$,default
Ashaninka-44_tongue-1,,Ashaninka,44_tongue,nene,nene,n e n e,,walker2011,,,^n e n e$,default
Xiriana-44_tongue-1,,Xiriana,44_tongue,ninimada,ninimada,n i n i m a d a,,walker2011,,,^n i n i m a d a$,default
Avane-44_tongue-1,,Avane,44_tongue,-tale-ʂi,-tale-ʂi,t a l e + ʂ i,,walker2011,,,^- t a l e - ʂ i$,default
BaniwaDoIcana-44_tongue-1,,BaniwaDoIcana,44_tongue,-eːnene,-eːnene,eː n e n e,,walker2011,,,^- eː n e n e$,default
Bare-44_tongue-1,,Bare,44_tongue,neni,neni,n e n i,,walker2011,,,^n e n i$,default
Baure-44_tongue-1,,Baure,44_tongue,pen,pen,p e n,,walker2011,,,^p e n$,default
Cabiyari-44_tongue-1,,Cabiyari,44_tongue,"-nenipa, -naka",-nenipa,n e n i p a,,walker2011,,,^- n e n i p a$,default
Cabiyari-44_tongue-2,,Cabiyari,44_tongue,"-nenipa, -naka",-naka,n a k a,,walker2011,,,^- n a k a$,default
Caquinte-44_tongue-1,,Caquinte,44_tongue,nanene,nanene,n a n e n e,,walker2011,,,^n a n e n e$,default
Cariai-44_tongue-1,,Cariai,44_tongue,-nene,-nene,n e n e,,walker2011,,,^- n e n e$,default
Chamicuro-44_tongue-1,,Chamicuro,44_tongue,menu,menu,m e n u,,walker2011,,,^m e n u$,default
EnaweneNawe-44_tongue-1,,EnaweneNawe,44_tongue,nẽnehe,nẽnehe,n ẽ n e h e,,walker2011,,,^n ẽ n e h e$,default
Garifuna-44_tongue-1,,Garifuna,44_tongue,iɲeɲein,iɲeɲein,i ɲ e ɲ e i n,,walker2011,,,^i ɲ e ɲ e i n$,default
Wayuu-44_tongue-1,,Wayuu,44_tongue,ta-yee,ta-yee,t a + j eː,,walker2011,,,^t a - y ee$,default
Guinau-44_tongue-1,,Guinau,44_tongue,neːni,neːni,n eː n i,,walker2011,,,^n eː n i$,default
Ignaciano-44_tongue-1,,Ignaciano,44_tongue,nene,nene,n e n e,,walker2011,,,^n e n e$,default
Inapari-44_tongue-1,,Inapari,44_tongue,nenípati,nenípati,n e n í/i p a t i,,walker2011,,,^n e n í p a t i$,default
IslandCarib-44_tongue-1,,IslandCarib,44_tongue,yeye,yeye,j e j e,,walker2011,,,^y e y e$,default
Karutana-44_tongue-1,,Karutana,44_tongue,inene,inene,i n e n e,,walker2011,,,^i n e n e$,default
Kaishana-44_tongue-1,,Kaishana,44_tongue,-nene,-nene,n e n e,,walker2011,,,^- n e n e$,default
Kinikinao-44_tongue-1,,Kinikinao,44_tongue,nεːnε,nεːnε,n εː n ε,,walker2011,,,^n εː n ε$,default
Curripaco-44_tongue-1,,Curripaco,44_tongue,lienene,lienene,l i e n e n e,,walker2011,,,^l i e n e n e$,default
Lokono-44_tongue-1,,Lokono,44_tongue,ɨye,ɨye,ɨ j e,,walker2011,,,^ɨ y e$,default
Machiguenga-44_tongue-1,,Machiguenga,44_tongue,nene-tsi,nene-tsi,n e n e + ts i,,walker2011,,,^n e n e - ts i$,default
Maipure-44_tongue-1,,Maipure,44_tongue,-are,-are,a r e,,walker2011,,,^- a r e$,default
Manao-44_tongue-1,,Manao,44_tongue,-neta,-neta,n e t a,,walker2011,,,^- n e t a$,default
Mandahuaca-44_tongue-1,,Mandahuaca,44_tongue,-nene,-nene,n e n e,,walker2011,,,^- n e n e$,default
Machinere-44_tongue-1,,Machinere,44_tongue,-ri,-ri,r i,,walker2011,,,^- r i$,default
Marawan-44_tongue-1,,Marawan,44_tongue,pi-nene,pi-nene,p i + n e n e,,walker2011,,,^p i - n e n e$,default
Maragua-44_tongue-1,,Maragua,44_tongue,"n-iaya, -idjã",n-iaya,n + i a j a,,walker2011,,,^n - i a y a$,default
Maragua-44_tongue-2,,Maragua,44_tongue,"n-iaya, -idjã",-idjã,i d j ã,,walker2011,,,^- i d j ã$,default
Mariate-44_tongue-1,,Mariate,44_tongue,n-enepe,n-enepe,n + e n e p e,,walker2011,,,^n - e n e p e$,default
MapidianMawayana-44_tongue-1,,MapidianMawayana,44_tongue,-yõyõba,-yõyõba,j õ j õ b a,,walker2011,,,^- y õ y õ b a$,default
Mehinaku-44_tongue-1,,Mehinaku,44_tongue,neĩ,neĩ,n e ĩ,,walker2011,,,^n e ĩ$,default
Nomatsiguenga-44_tongue-1,,Nomatsiguenga,44_tongue,nanine,nanine,n a n i n e,,walker2011,,,^n a n i n e$,default
Palikur-44_tongue-1,,Palikur,44_tongue,-nen,-nen,n e n,,walker2011,,,^- n e n$,default
Paraujano-44_tongue-1,,Paraujano,44_tongue,tʃenya,tʃenya,tʃ e n j a,,walker2011,,,^tʃ e n y a$,default
Parecis-44_tongue-1,,Parecis,44_tongue,inini,inini,i n i n i,,walker2011,,,^i n i n i$,default
Passe-44_tongue-1,,Passe,44_tongue,tʃinene,tʃinene,tʃ i n e n e,,walker2011,,,^tʃ i n e n e$,default
Piapoco-44_tongue-1,,Piapoco,44_tongue,nunène,nunène,n u n è/e n e,,walker2011,,,^n u n è n e$,default
Yine-44_tongue-1,,Yine,44_tongue,nnɨtʃi,nnɨtʃi,nː ɨ tʃ i,,walker2011,,,^nn ɨ tʃ i$,default
Resigaro-44_tongue-1,,Resigaro,44_tongue,-eʔhehepe,-eʔhehepe,e ʔʰ e h e p e,,walker2011,,,^- e ʔh e h e p e$,default
Saraveca-44_tongue-1,,Saraveca,44_tongue,no-niɲe,no-niɲe,n o + n i ɲ e,,walker2011,,,^n o - n i ɲ e$,default
Tariana-44_tongue-1,,Tariana,44_tongue,enene,enene,e n e n e,,walker2011,,,^e n e n e$,default
Terena-44_tongue-1,,Terena,44_tongue,nêne,nêne,n ê/e n e,,walker2011,,,^n ê n e$,default
Trinitario-44_tongue-1,,Trinitario,44_tongue,nene,nene,n e n e,,walker2011,,,^n e n e$,default
Wainuma-44_tongue-1,,Wainuma,44_tongue,"-nenepe, -mɨnaepe",-nenepe,n e n e p e,,walker2011,,,^- n e n e p e$,default
Wainuma-44_tongue-2,,Wainuma,44_tongue,"-nenepe, -mɨnaepe",-mɨnaepe,m ɨ n a e p e,,walker2011,,,^- m ɨ n a e p e$,default
Wapishana-44_tongue-1,,Wapishana,44_tongue,ninubaj,ninubaj,n i n u b a j,,walker2011,,,^n i n u b a j$,default
Araicu-44_tongue-1,,Araicu,44_tongue,ne-nepe,ne-nepe,n e + n e p e,,walker2011,,,^n e - n e p e$,default
Warekena-44_tongue-1,,Warekena,44_tongue,nenesi,nenesi,n e n e s i,,walker2011,,,^n e n e s i$,default
WarekenaVelha-44_tongue-1,,WarekenaVelha,44_tongue,talu,talu,t a l u,,walker2011,,,^t a l u$,default
Waura-44_tongue-1,,Waura,44_tongue,-nẽĩ,-nẽĩ,n ẽ ĩ,,walker2011,,,^- n ẽ ĩ$,default
Yavitero-44_tongue-1,,Yavitero,44_tongue,tate,tate,t a t e,,walker2011,,,^t a t e$,default
Yawalapiti-44_tongue-1,,Yawalapiti,44_tongue,ɲɨti,ɲɨti,ɲ ɨ t i,,walker2011,,,^ɲ ɨ t i$,default
Yucuna-44_tongue-1,,Yucuna,44_tongue,lenaji,lenaji,l e n a j i,,walker2011,,,^l e n a j i$,default
Jumana-44_tongue-1,,Jumana,44_tongue,"nehna,nena",nehna,n e h n a,,walker2011,,,^n e h n a$,default
Jumana-44_tongue-2,,Jumana,44_tongue,"nehna,nena",nena,n e n a,,walker2011,,,^n e n a$,default
Achagua-45_nail-1,,Achagua,45_nail,-ubawia,-ubawia,u b a w i a,,walker2011,,,^- u b a w i a$,default
Yanesha-45_nail-1,,Yanesha,45_nail,ʃetʃepats,ʃetʃepats,ʃ e tʃ e p a ts,,walker2011,,,^ʃ e tʃ e p a ts$,default
Anauya-45_nail-1,,Anauya,45_nail,-naba,-naba,n a b a,,walker2011,,,^- n a b a$,default
Apurina-45_nail-1,,Apurina,45_nail,saɰata,saɰata,s a ɰ a t a,,walker2011,,,^s a ɰ a t a$,default
Aruan-45_nail-1,,Aruan,45_nail,-ɨranau,-ɨranau,ɨ r a n a u,,walker2011,,,^- ɨ r a n a u$,default
Ashaninka-45_nail-1,,Ashaninka,45_nail,ʃataki,ʃataki,ʃ a t a k i,,walker2011,,,^ʃ a t a k i$,default
Xiriana-45_nail-1,,Xiriana,45_nail,-batɨ,-batɨ,b a t ɨ,,walker2011,,,^- b a t ɨ$,default
Avane-45_nail-1,,Avane,45_nail,-tsulawi-ʂi,-tsulawi-ʂi,ts u l a w i + ʂ i,,walker2011,,,^- ts u l a w i - ʂ i$,default
BaniwaDoIcana-45_nail-1,,BaniwaDoIcana,45_nail,"-tsuta, -tsula, -tidze",-tsuta,ts u t a,,walker2011,,,^- ts u t a$,default
BaniwaDoIcana-45_nail-2,,BaniwaDoIcana,45_nail,"-tsuta, -tsula, -tidze",-tsula,ts u l a,,walker2011,,,^- ts u l a$,default
BaniwaDoIcana-45_nail-3,,BaniwaDoIcana,45_nail,"-tsuta, -tsula, -tidze",-tidze,t i dz e,,walker2011,,,^- t i dz e$,default
Bare-45_nail-1,,Bare,45_nail,haba,haba,h a b a,,walker2011,,,^h a b a$,default
Baure-45_nail-1,,Baure,45_nail,tip,tip,t i p,,walker2011,,,^t i p$,default
Cabiyari-45_nail-1,,Cabiyari,45_nail,-uʔupa,-uʔupa,u ʔ u p a,,walker2011,,,^- u ʔ u p a$,default
Cariai-45_nail-1,,Cariai,45_nail,-pata,-pata,p a t a,,walker2011,,,^- p a t a$,default
Chamicuro-45_nail-1,,Chamicuro,45_nail,uʃto,uʃto,u ʃ t o,,walker2011,,,^u ʃ t o$,default
EnaweneNawe-45_nail-1,,EnaweneNawe,45_nail,ota,ota,o t a,,walker2011,,,^o t a$,default
Garifuna-45_nail-1,,Garifuna,45_nail,úbaraɨ,úbaraɨ,ú/u b a r a ɨ,,walker2011,,,^ú b a r a ɨ$,default
Wayuu-45_nail-1,,Wayuu,45_nail,ta-patoʔu,ta-patoʔu,t a + p a t o ʔ u,,walker2011,,,^t a - p a t o ʔ u$,default
Guinau-45_nail-1,,Guinau,45_nail,nabaːwidja,nabaːwidja,n a b aː w i d j a,,walker2011,,,^n a b aː w i d j a$,default
Ignaciano-45_nail-1,,Ignaciano,45_nail,hipaɲa,hipaɲa,h i p a ɲ a,,walker2011,,,^h i p a ɲ a$,default
Inapari-45_nail-1,,Inapari,45_nail,atʃáti,atʃáti,a tʃ á/a t i,,walker2011,,,^a tʃ á t i$,default
IslandCarib-45_nail-1,,IslandCarib,45_nail,bara,bara,b a r a,,walker2011,,,^b a r a$,default
Kaishana-45_nail-1,,Kaishana,45_nail,-(u)pa(h)a,-paa,p aː,,walker2011,,,^- p aa$,default
Kinikinao-45_nail-1,,Kinikinao,45_nail,hiːpɔ,hiːpɔ,h iː p ɔ,,walker2011,,,^h iː p ɔ$,default
Curripaco-45_nail-1,,Curripaco,45_nail,tsu,tsu,ts u,,walker2011,,,^ts u$,default
Lokono-45_nail-1,,Lokono,45_nail,bada,bada,b a d a,,walker2011,,,^b a d a$,default
Machiguenga-45_nail-1,,Machiguenga,45_nail,ʃata-tsi,ʃata-tsi,ʃ a t a + ts i,,walker2011,,,^ʃ a t a - ts i$,default
Maipure-45_nail-1,,Maipure,45_nail,-poape,-poape,p o a p e,,walker2011,,,^- p o a p e$,default
Manao-45_nail-1,,Manao,45_nail,-ɲupata,-ɲupata,ɲ u p a t a,,walker2011,,,^- ɲ u p a t a$,default
Mandahuaca-45_nail-1,,Mandahuaca,45_nail,-uhã,-uhã,u h ã,,walker2011,,,^- u h ã$,default
Maragua-45_nail-1,,Maragua,45_nail,no-para ,no-para,n o + p a r a,,walker2011,,,^n o - p a r a$,default
Mariate-45_nail-1,,Mariate,45_nail,ʃutabɨ,ʃutabɨ,ʃ u t a b ɨ,,walker2011,,,^ʃ u t a b ɨ$,default
Mehinaku-45_nail-1,,Mehinaku,45_nail,ɨhupa,ɨhupa,ɨ h u p a,,walker2011,,,^ɨ h u p a$,default
Nomatsiguenga-45_nail-1,,Nomatsiguenga,45_nail,ʃatatsi,ʃatatsi,ʃ a t a ts i,,walker2011,,,^ʃ a t a ts i$,default
Palikur-45_nail-1,,Palikur,45_nail,-kihpuga,-kihpuga,k i h p u g a,,walker2011,,,^- k i h p u g a$,default
Paraujano-45_nail-1,,Paraujano,45_nail,hiyi,hiyi,h i j i,,walker2011,,,^h i y i$,default
Parecis-45_nail-1,,Parecis,45_nail,enotja,enotja,e n o t j a,,walker2011,,,^e n o t j a$,default
Passe-45_nail-1,,Passe,45_nail,pah,pah,p a h,,walker2011,,,^p a h$,default
Piapoco-45_nail-1,,Piapoco,45_nail,núuba,núuba,n ú/u u b a,,walker2011,,,^n ú u b a$,default
Yine-45_nail-1,,Yine,45_nail,sewatʃi,sewatʃi,s e w a tʃ i,,walker2011,,,^s e w a tʃ i$,default
Resigaro-45_nail-1,,Resigaro,45_nail,-hiʔtavi,-hiʔtavi,h i ʔ t a v i,,walker2011,,,^- h i ʔ t a v i$,default
Saraveca-45_nail-1,,Saraveca,45_nail,no-ʃauti,no-ʃauti,n o + ʃ a u t i,,walker2011,,,^n o - ʃ a u t i$,default
Tariana-45_nail-1,,Tariana,45_nail,pada,pada,p a d a,,walker2011,,,^p a d a$,default
Terena-45_nail-1,,Terena,45_nail,hjipo,hjipo,h j i p o,,walker2011,,,^h j i p o$,default
Trinitario-45_nail-1,,Trinitario,45_nail,hipɲo,hipɲo,h i p ɲ o,,walker2011,,,^h i p ɲ o$,default
Wainuma-45_nail-1,,Wainuma,45_nail,-ʃu(h)tabi,-ʃutabi,ʃ u t a b i,,walker2011,,,^- ʃ u t a b i$,default
Wapishana-45_nail-1,,Wapishana,45_nail,ʐiʔi,ʐiʔi,ʐ i ʔ i,,walker2011,,,^ʐ i ʔ i$,default
Araicu-45_nail-1,,Araicu,45_nail,nikpia,nikpia,n i k p i a,,walker2011,,,^n i k p i a$,default
Warekena-45_nail-1,,Warekena,45_nail,peta,peta,p e t a,,walker2011,,,^p e t a$,default
WarekenaVelha-45_nail-1,,WarekenaVelha,45_nail,ʃulawi,ʃulawi,ʃ u l a w i,,walker2011,,,^ʃ u l a w i$,default
Waura-45_nail-1,,Waura,45_nail,-hupa,-hupa,h u p a,,walker2011,,,^- h u p a$,default
Yavitero-45_nail-1,,Yavitero,45_nail,tsuľ̥awi,tsuľ̥awi,ts u l̥ʲ a w i,,walker2011,,,^ts u ľ̥ a w i$,default
Yawalapiti-45_nail-1,,Yawalapiti,45_nail,kapiɾata,kapiɾata,k a p i ɾ a t a,,walker2011,,,^k a p i ɾ a t a$,default
Yucuna-45_nail-1,,Yucuna,45_nail,huʔupahi,huʔupahi,h u ʔ u p a h i,,walker2011,,,^h u ʔ u p a h i$,default
Jumana-45_nail-1,,Jumana,45_nail,-pa,-pa,p a,,walker2011,,,^- p a$,default
Achagua-46_foot-1,,Achagua,46_foot,-iba,-iba,i b a,,walker2011,,,^- i b a$,default
Yanesha-46_foot-1,,Yanesha,46_foot,takats,takats,t a k a ts,,walker2011,,,^t a k a ts$,default
Anauya-46_foot-1,,Anauya,46_foot,-niti,-niti,n i t i,,walker2011,,,^- n i t i$,default
Apurina-46_foot-1,,Apurina,46_foot,-kiti,-kiti,k i t i,,walker2011,,,^- k i t i$,default
Aruan-46_foot-1,,Aruan,46_foot,-kuraidateuko,-kuraidateuko,k u r a i d a t e u k o,,walker2011,,,^- k u r a i d a t e u k o$,default
Ashaninka-46_foot-1,,Ashaninka,46_foot,iti,iti,i t i,,walker2011,,,^i t i$,default
Xiriana-46_foot-1,,Xiriana,46_foot,-kiti-da,-kiti-da,k i t i + d a,,walker2011,,,^- k i t i - d a$,default
Avane-46_foot-1,,Avane,46_foot,-tsipala-ʂi,-tsipala-ʂi,ts i p a l a + ʂ i,,walker2011,,,^- ts i p a l a - ʂ i$,default
BaniwaDoIcana-46_foot-1,,BaniwaDoIcana,46_foot,"-hiːpa, -iːpa",-hiːpa,h iː p a,,walker2011,,,^- h iː p a$,default
BaniwaDoIcana-46_foot-2,,BaniwaDoIcana,46_foot,"-hiːpa, -iːpa",-iːpa,iː p a,,walker2011,,,^- iː p a$,default
Bare-46_foot-1,,Bare,46_foot,isi,isi,i s i,,walker2011,,,^i s i$,default
Baure-46_foot-1,,Baure,46_foot,poih,poih,p o i h,,walker2011,,,^p o i h$,default
Cabiyari-46_foot-1,,Cabiyari,46_foot,"-hiːpa, -abari",-hiːpa,h iː p a,,walker2011,,,^- h iː p a$,default
Cabiyari-46_foot-2,,Cabiyari,46_foot,"-hiːpa, -abari",-abari,a b a r i,,walker2011,,,^- a b a r i$,default
Caquinte-46_foot-1,,Caquinte,46_foot,ɣititsi,ɣititsi,ɣ i t i ts i,,walker2011,,,^ɣ i t i ts i$,default
Cariai-46_foot-1,,Cariai,46_foot,-patina,-patina,p a t i n a,,walker2011,,,^- p a t i n a$,default
Chamicuro-46_foot-1,,Chamicuro,46_foot,kuhtu,kuhtu,k u h t u,,walker2011,,,^k u h t u$,default
Garifuna-46_foot-1,,Garifuna,46_foot,ugudi,ugudi,u g u d i,,walker2011,,,^u g u d i$,default
Wayuu-46_foot-1,,Wayuu,46_foot,to-uui,to-uui,t o + uː i,,walker2011,,,^t o - uu i$,default
Guinau-46_foot-1,,Guinau,46_foot,"nʒiːpe, intʃibe",nʒiːpe,ʒ̃ iː p e,,walker2011,,,^nʒ iː p e$,default
Guinau-46_foot-2,,Guinau,46_foot,"nʒiːpe, intʃibe",intʃibe,i n tʃ i b e,,walker2011,,,^i n tʃ i b e$,default
Ignaciano-46_foot-1,,Ignaciano,46_foot,íwape,íwape,í/i w a p e,,walker2011,,,^í w a p e$,default
Inapari-46_foot-1,,Inapari,46_foot,hitʃípati,hitʃípati,h i tʃ í/i p a t i,,walker2011,,,^h i tʃ í p a t i$,default
IslandCarib-46_foot-1,,IslandCarib,46_foot,gudi,gudi,g u d i,,walker2011,,,^g u d i$,default
Karutana-46_foot-1,,Karutana,46_foot,ipa,ipa,i p a,,walker2011,,,^i p a$,default
Kaishana-46_foot-1,,Kaishana,46_foot,-(a)ɨla,-ɨla,ɨ l a,,walker2011,,,^- ɨ l a$,default
Kinikinao-46_foot-1,,Kinikinao,46_foot,hεːwε,hεːwε,h εː w ε,,walker2011,,,^h εː w ε$,default
Curripaco-46_foot-1,,Curripaco,46_foot,hliːpa,hliːpa,h l iː p a,,walker2011,,,^h l iː p a$,default
Lokono-46_foot-1,,Lokono,46_foot,kothi,kothi,k o tʰ i,,walker2011,,,^k o th i$,default
Machiguenga-46_foot-1,,Machiguenga,46_foot,giti-tsi,giti-tsi,g i t i + ts i,,walker2011,,,^g i t i - ts i$,default
Maipure-46_foot-1,,Maipure,46_foot,-kiː,-kiː,k iː,,walker2011,,,^- k iː$,default
Manao-46_foot-1,,Manao,46_foot,"-taa, -ki",-taa,t aː,,walker2011,,,^- t aa$,default
Manao-46_foot-2,,Manao,46_foot,"-taa, -ki",-ki,k i,,walker2011,,,^- k i$,default
Mandahuaca-46_foot-1,,Mandahuaca,46_foot,-kulũhã,-kulũhã,k u l ũ h ã,,walker2011,,,^- k u l ũ h ã$,default
Machinere-46_foot-1,,Machinere,46_foot,-hiti,-hiti,h i t i,,walker2011,,,^- h i t i$,default
Marawan-46_foot-1,,Marawan,46_foot,i-kurgu-ti,i-kurgu-ti,i + k u r g u + t i,,walker2011,,,^i - k u r g u - t i$,default
Maragua-46_foot-1,,Maragua,46_foot,"n-itaba, -kuti",n-itaba,n + i t a b a,,walker2011,,,^n - i t a b a$,default
Maragua-46_foot-2,,Maragua,46_foot,"n-itaba, -kuti",-kuti,k u t i,,walker2011,,,^- k u t i$,default
Mariate-46_foot-1,,Mariate,46_foot,ipa,ipa,i p a,,walker2011,,,^i p a$,default
MapidianMawayana-46_foot-1,,MapidianMawayana,46_foot,-ruba,-ruba,r u b a,,walker2011,,,^- r u b a$,default
Mehinaku-46_foot-1,,Mehinaku,46_foot,kitsapai,kitsapai,k i ts a p a i,,walker2011,,,^k i ts a p a i$,default
Nomatsiguenga-46_foot-1,,Nomatsiguenga,46_foot,nagiti,nagiti,n a g i t i,,walker2011,,,^n a g i t i$,default
Palikur-46_foot-1,,Palikur,46_foot,-kurku,-kurku,k u r k u,,walker2011,,,^- k u r k u$,default
Paraujano-46_foot-1,,Paraujano,46_foot,ta-pat,ta-pat,t a + p a t,,walker2011,,,^t a - p a t$,default
Parecis-46_foot-1,,Parecis,46_foot,ikitʃi,ikitʃi,i k i tʃ i,,walker2011,,,^i k i tʃ i$,default
Passe-46_foot-1,,Passe,46_foot,epata,epata,e p a t a,,walker2011,,,^e p a t a$,default
Piapoco-46_foot-1,,Piapoco,46_foot,nùabàli,nùabàli,n ù/u a b à/a l i,,walker2011,,,^n ù a b à l i$,default
Yine-46_foot-1,,Yine,46_foot,hiitʃi,hiitʃi,h iː tʃ i,,walker2011,,,^h ii tʃ i$,default
Resigaro-46_foot-1,,Resigaro,46_foot,-hiːʔpu,-hiːʔpu,h iː ʔ p u,,walker2011,,,^- h iː ʔ p u$,default
Saraveca-46_foot-1,,Saraveca,46_foot,huarakabi,huarakabi,h u a r a k a b i,,walker2011,,,^h u a r a k a b i$,default
Tariana-46_foot-1,,Tariana,46_foot,ipama,ipama,i p a m a,,walker2011,,,^i p a m a$,default
Terena-46_foot-1,,Terena,46_foot,hjêve,hjêve,h j ê/e v e,,walker2011,,,^h j ê v e$,default
Trinitario-46_foot-1,,Trinitario,46_foot,iype,iype,i j p e,,walker2011,,,^i y p e$,default
Wainuma-46_foot-1,,Wainuma,46_foot,-ipa-mi,-ipa-mi,i p a + m i,,walker2011,,,^- i p a - m i$,default
Wapishana-46_foot-1,,Wapishana,46_foot,kidibaj,kidibaj,k i d i b a j,,walker2011,,,^k i d i b a j$,default
Araicu-46_foot-1,,Araicu,46_foot,kutʃi,kutʃi,k u tʃ i,,walker2011,,,^k u tʃ i$,default
Warekena-46_foot-1,,Warekena,46_foot,jipasi,jipasi,j i p a s i,,walker2011,,,^j i p a s i$,default
WarekenaVelha-46_foot-1,,WarekenaVelha,46_foot,ulupe,ulupe,u l u p e,,walker2011,,,^u l u p e$,default
Waura-46_foot-1,,Waura,46_foot,kiitsapa-i,kiitsapa-i,k iː ts a p a + i,,walker2011,,,^k ii ts a p a - i$,default
Yavitero-46_foot-1,,Yavitero,46_foot,tsitsi,tsitsi,ts i ts i,,walker2011,,,^ts i ts i$,default
Yawalapiti-46_foot-1,,Yawalapiti,46_foot,tʃiʂa,tʃiʂa,tʃ i ʂ a,,walker2011,,,^tʃ i ʂ a$,default
Yucuna-46_foot-1,,Yucuna,46_foot,hiʔimahi,hiʔimahi,h i ʔ i m a h i,,walker2011,,,^h i ʔ i m a h i$,default
Jumana-46_foot-1,,Jumana,46_foot,neɨ,neɨ,n e ɨ,,walker2011,,,^n e ɨ$,default
Achagua-47_knee-1,,Achagua,47_knee,-urui,-urui,u r u i,,walker2011,,,^- u r u i$,default
Yanesha-47_knee-1,,Yanesha,47_knee,ljokmets,ljokmets,l j o k m e ts,,walker2011,,,^l j o k m e ts$,default
Anauya-47_knee-1,,Anauya,47_knee,-edoro,-edoro,e d o r o,,walker2011,,,^- e d o r o$,default
Apurina-47_knee-1,,Apurina,47_knee,poto,poto,p o t o,,walker2011,,,^p o t o$,default
Aruan-47_knee-1,,Aruan,47_knee,kieure,kieure,k i e u r e,,walker2011,,,^k i e u r e$,default
Ashaninka-47_knee-1,,Ashaninka,47_knee,yerito,yerito,j e r i t o,,walker2011,,,^y e r i t o$,default
Xiriana-47_knee-1,,Xiriana,47_knee,-kicirida,-kicirida,k i c i r i d a,,walker2011,,,^- k i c i r i d a$,default
Avane-47_knee-1,,Avane,47_knee,-karuitale-ʂi,-karuitale-ʂi,k a r u i t a l e + ʂ i,,walker2011,,,^- k a r u i t a l e - ʂ i$,default
BaniwaDoIcana-47_knee-1,,BaniwaDoIcana,47_knee,"-(h)uːɻti, hrji",-uːɻti,uː ɻ t i,,walker2011,,,^- uː ɻ t i$,default
BaniwaDoIcana-47_knee-2,,BaniwaDoIcana,47_knee,"-(h)uːɻti, hrji",hrji,h r j i,,walker2011,,,^h r j i$,default
Bare-47_knee-1,,Bare,47_knee,subukuri,subukuri,s u b u k u r i,,walker2011,,,^s u b u k u r i$,default
Baure-47_knee-1,,Baure,47_knee,tʃoβekos,tʃoβekos,tʃ o β e k o s,,walker2011,,,^tʃ o β e k o s$,default
Cabiyari-47_knee-1,,Cabiyari,47_knee,-huru,-huru,h u r u,,walker2011,,,^- h u r u$,default
Chamicuro-47_knee-1,,Chamicuro,47_knee,meloʔti,meloʔti,m e l o ʔ t i,,walker2011,,,^m e l o ʔ t i$,default
Garifuna-47_knee-1,,Garifuna,47_knee,igatʃɨrɨgɨ,igatʃɨrɨgɨ,i g a tʃ ɨ r ɨ g ɨ,,walker2011,,,^i g a tʃ ɨ r ɨ g ɨ$,default
Wayuu-47_knee-1,,Wayuu,47_knee,ta-sapain,ta-sapain,t a + s a p a i n,,walker2011,,,^t a - s a p a i n$,default
Guinau-47_knee-1,,Guinau,47_knee,"nuːdule, totoli",nuːdule,n uː d u l e,,walker2011,,,^n uː d u l e$,default
Guinau-47_knee-2,,Guinau,47_knee,"nuːdule, totoli",totoli,t o t o l i,,walker2011,,,^t o t o l i$,default
Ignaciano-47_knee-1,,Ignaciano,47_knee,puyu,puyu,p u j u,,walker2011,,,^p u y u$,default
Inapari-47_knee-1,,Inapari,47_knee,uhɨ́tʃati,uhɨ́tʃati,u h ɨ́/ɨ tʃ a t i,,walker2011,,,^u h ɨ́ tʃ a t i$,default
IslandCarib-47_knee-1,,IslandCarib,47_knee,gakorogo,gakorogo,g a k o r o g o,,walker2011,,,^g a k o r o g o$,default
Kaishana-47_knee-1,,Kaishana,47_knee,-ɨsula,-ɨsula,ɨ s u l a,,walker2011,,,^- ɨ s u l a$,default
Kinikinao-47_knee-1,,Kinikinao,47_knee,puːju,puːju,p uː j u,,walker2011,,,^p uː j u$,default
Curripaco-47_knee-1,,Curripaco,47_knee,siʔpade,siʔpade,s i ʔ p a d e,,walker2011,,,^s i ʔ p a d e$,default
Lokono-47_knee-1,,Lokono,47_knee,dakuruhi,dakuruhi,d a k u r u h i,,walker2011,,,^d a k u r u h i$,default
Machiguenga-47_knee-1,,Machiguenga,47_knee,gereton-tsi,gereton-tsi,g e r e t o n + ts i,,walker2011,,,^g e r e t o n - ts i$,default
Maipure-47_knee-1,,Maipure,47_knee,"-kumaraki, -tenipua",-kumaraki,k u m a r a k i,,walker2011,,,^- k u m a r a k i$,default
Maipure-47_knee-2,,Maipure,47_knee,"-kumaraki, -tenipua",-tenipua,t e n i p u a,,walker2011,,,^- t e n i p u a$,default
Manao-47_knee-1,,Manao,47_knee,"-taːu, apetu",-taːu,t aː u,,walker2011,,,^- t aː u$,default
Manao-47_knee-2,,Manao,47_knee,"-taːu, apetu",apetu,a p e t u,,walker2011,,,^a p e t u$,default
Mandahuaca-47_knee-1,,Mandahuaca,47_knee,-ũlũ,-ũlũ,ũ l ũ,,walker2011,,,^- ũ l ũ$,default
Machinere-47_knee-1,,Machinere,47_knee,-suhi,-suhi,s u h i,,walker2011,,,^- s u h i$,default
Maragua-47_knee-1,,Maragua,47_knee,no-buturu,no-buturu,n o + b u t u r u,,walker2011,,,^n o - b u t u r u$,default
Mariate-47_knee-1,,Mariate,47_knee,siuta,siuta,s i u t a,,walker2011,,,^s i u t a$,default
MapidianMawayana-47_knee-1,,MapidianMawayana,47_knee,-uruduru,-uruduru,u r u d u r u,,walker2011,,,^- u r u d u r u$,default
Mehinaku-47_knee-1,,Mehinaku,47_knee,ʧetui,ʧetui,ʧ e t u i,,walker2011,,,^ʧ e t u i$,default
Nomatsiguenga-47_knee-1,,Nomatsiguenga,47_knee,nagerito,nagerito,n a g e r i t o,,walker2011,,,^n a g e r i t o$,default
Palikur-47_knee-1,,Palikur,47_knee,-ubor,-ubor,u b o r,,walker2011,,,^- u b o r$,default
Paraujano-47_knee-1,,Paraujano,47_knee,t-aiyotro:eh,t-aiyotro:eh,t + a i j o t r oː e h,,walker2011,,,^t - a i y o t r o: e h$,default
Parecis-47_knee-1,,Parecis,47_knee,ekaoli,ekaoli,e k a o l i,,walker2011,,,^e k a o l i$,default
Piapoco-47_knee-1,,Piapoco,47_knee,nùului,nùului,n ù/u u l u i,,walker2011,,,^n ù u l u i$,default
Yine-47_knee-1,,Yine,47_knee,soʃitʃi,soʃitʃi,s o ʃ i tʃ i,,walker2011,,,^s o ʃ i tʃ i$,default
Resigaro-47_knee-1,,Resigaro,47_knee,-hoʔdonau,-hoʔdonau,h o ʔ d o n a u,,walker2011,,,^- h o ʔ d o n a u$,default
Saraveca-47_knee-1,,Saraveca,47_knee,e-kahuri,e-kahuri,e + k a h u r i,,walker2011,,,^e - k a h u r i$,default
Taino-47_knee-1,,Taino,47_knee,"a-ukuru, o-koro",a-ukuru,a + u k u r u,,walker2011,,,^a - u k u r u$,default
Taino-47_knee-2,,Taino,47_knee,"a-ukuru, o-koro",o-koro,o + k o r o,,walker2011,,,^o - k o r o$,default
Tariana-47_knee-1,,Tariana,47_knee,si,si,s i,,walker2011,,,^s i$,default
Terena-47_knee-1,,Terena,47_knee,púju,púju,p ú/u j u,,walker2011,,,^p ú j u$,default
Trinitario-47_knee-1,,Trinitario,47_knee,puyusi,puyusi,p u j u s i,,walker2011,,,^p u y u s i$,default
Wainuma-47_knee-1,,Wainuma,47_knee,-tsyuta-tahky,-tsyuta-tahky,ts j u t a + t a h k y,,walker2011,,,^- ts y u t a - t a h k y$,default
Wapishana-47_knee-1,,Wapishana,47_knee,khuʔuɽu,khuʔuɽu,kʰ u ʔ u ɽ u,,walker2011,,,^kh u ʔ u ɽ u$,default
Araicu-47_knee-1,,Araicu,47_knee,n-aiwiu,n-aiwiu,n + a i w i u,,walker2011,,,^n - a i w i u$,default
Warekena-47_knee-1,,Warekena,47_knee,julubasi,julubasi,j u l u b a s i,,walker2011,,,^j u l u b a s i$,default
WarekenaVelha-47_knee-1,,WarekenaVelha,47_knee,nukuwaɻuitaɻe,nukuwaɻuitaɻe,n u k u w a ɻ u i t a ɻ e,,walker2011,,,^n u k u w a ɻ u i t a ɻ e$,default
Waura-47_knee-1,,Waura,47_knee,ʧetu-i,ʧetu-i,ʧ e t u + i,,walker2011,,,^ʧ e t u - i$,default
Yavitero-47_knee-1,,Yavitero,47_knee,situ,situ,s i t u,,walker2011,,,^s i t u$,default
Yawalapiti-47_knee-1,,Yawalapiti,47_knee,kipulu,kipulu,k i p u l u,,walker2011,,,^k i p u l u$,default
Yucuna-47_knee-1,,Yucuna,47_knee,iʔirupatʃihi,iʔirupatʃihi,i ʔ i r u p a tʃ i h i,,walker2011,,,^i ʔ i r u p a tʃ i h i$,default
Achagua-48_hand-1,,Achagua,48_hand,-kaːhi,-kaːhi,k aː h i,,walker2011,,,^- k aː h i$,default
Yanesha-48_hand-1,,Yanesha,48_hand,"otats, yot",otats,o t a ts,,walker2011,,,^o t a ts$,default
Yanesha-48_hand-2,,Yanesha,48_hand,"otats, yot",yot,j o t,,walker2011,,,^y o t$,default
Anauya-48_hand-1,,Anauya,48_hand,-kapi,-kapi,k a p i,,walker2011,,,^- k a p i$,default
Apurina-48_hand-1,,Apurina,48_hand,ɰako,ɰako,ɰ a k o,,walker2011,,,^ɰ a k o$,default
Aruan-48_hand-1,,Aruan,48_hand,-ainau,-ainau,a i n a u,,walker2011,,,^- a i n a u$,default
Ashaninka-48_hand-1,,Ashaninka,48_hand,ako,ako,a k o,,walker2011,,,^a k o$,default
Xiriana-48_hand-1,,Xiriana,48_hand,-kaɨda,-kaɨda,k a ɨ d a,,walker2011,,,^- k a ɨ d a$,default
Avane-48_hand-1,,Avane,48_hand,-api-ʂi,-api-ʂi,a p i + ʂ i,,walker2011,,,^- a p i - ʂ i$,default
BaniwaDoIcana-48_hand-1,,BaniwaDoIcana,48_hand,-kaːpi,-kaːpi,k aː p i,,walker2011,,,^- k aː p i$,default
Bare-48_hand-1,,Bare,48_hand,khabi,khabi,kʰ a b i,,walker2011,,,^kh a b i$,default
Baure-48_hand-1,,Baure,48_hand,wohis,wohis,w o h i s,,walker2011,,,^w o h i s$,default
Cabiyari-48_hand-1,,Cabiyari,48_hand,-kaːpi,-kaːpi,k aː p i,,walker2011,,,^- k aː p i$,default
Caquinte-48_hand-1,,Caquinte,48_hand,natso,natso,n a ts o,,walker2011,,,^n a ts o$,default
Cariai-48_hand-1,,Cariai,48_hand,-kai,-kai,k a i,,walker2011,,,^- k a i$,default
Chamicuro-48_hand-1,,Chamicuro,48_hand,ʃihpa,ʃihpa,ʃ i h p a,,walker2011,,,^ʃ i h p a$,default
EnaweneNawe-48_hand-1,,EnaweneNawe,48_hand,weseko,weseko,w e s e k o,,walker2011,,,^w e s e k o$,default
Garifuna-48_hand-1,,Garifuna,48_hand,úhabu,úhabu,ú/u h a b u,,walker2011,,,^ú h a b u$,default
Wayuu-48_hand-1,,Wayuu,48_hand,ta-hapɨ,ta-hapɨ,t a + h a p ɨ,,walker2011,,,^t a - h a p ɨ$,default
Guinau-48_hand-1,,Guinau,48_hand,nkabi,nkabi,n k a b i,,walker2011,,,^n k a b i$,default
Ignaciano-48_hand-1,,Ignaciano,48_hand,waʔu,waʔu,w a ʔ u,,walker2011,,,^w a ʔ u$,default
Inapari-48_hand-1,,Inapari,48_hand,muyúti,muyúti,m u j ú/u t i,,walker2011,,,^m u y ú t i$,default
IslandCarib-48_hand-1,,IslandCarib,48_hand,habu,habu,h a b u,,walker2011,,,^h a b u$,default
Karutana-48_hand-1,,Karutana,48_hand,kapi,kapi,k a p i,,walker2011,,,^k a p i$,default
Kaishana-48_hand-1,,Kaishana,48_hand,-kapi,-kapi,k a p i,,walker2011,,,^- k a p i$,default
Kinikinao-48_hand-1,,Kinikinao,48_hand,uɔnhun,uɔnhun,u ɔ nʰ u n,,walker2011,,,^u ɔ nh u n$,default
Curripaco-48_hand-1,,Curripaco,48_hand,likaːpi,likaːpi,l i k aː p i,,walker2011,,,^l i k aː p i$,default
Lokono-48_hand-1,,Lokono,48_hand,khabo,khabo,kʰ a b o,,walker2011,,,^kh a b o$,default
Machiguenga-48_hand-1,,Machiguenga,48_hand,ako-tsi,ako-tsi,a k o + ts i,,walker2011,,,^a k o - ts i$,default
Maipure-48_hand-1,,Maipure,48_hand,-kapi,-kapi,k a p i,,walker2011,,,^- k a p i$,default
Manao-48_hand-1,,Manao,48_hand,-kaita,-kaita,k a i t a,,walker2011,,,^- k a i t a$,default
Mandahuaca-48_hand-1,,Mandahuaca,48_hand,-kahi,-kahi,k a h i,,walker2011,,,^- k a h i$,default
Machinere-48_hand-1,,Machinere,48_hand,-miu,-miu,m i u,,walker2011,,,^- m i u$,default
Marawan-48_hand-1,,Marawan,48_hand,pu-aku,pu-aku,p u + a k u,,walker2011,,,^p u - a k u$,default
Maragua-48_hand-1,,Maragua,48_hand,"no-kabe-suy, -kabɨ",no-kabe-suy,n o + k a b e + s u y,,walker2011,,,^n o - k a b e - s u y$,default
Maragua-48_hand-2,,Maragua,48_hand,"no-kabe-suy, -kabɨ",-kabɨ,k a b ɨ,,walker2011,,,^- k a b ɨ$,default
Mariate-48_hand-1,,Mariate,48_hand,kapɨ,kapɨ,k a p ɨ,,walker2011,,,^k a p ɨ$,default
MapidianMawayana-48_hand-1,,MapidianMawayana,48_hand,-kɨba,-kɨba,k ɨ b a,,walker2011,,,^- k ɨ b a$,default
Mehinaku-48_hand-1,,Mehinaku,48_hand,wɨʃɨkui,wɨʃɨkui,w ɨ ʃ ɨ k u i,,walker2011,,,^w ɨ ʃ ɨ k u i$,default
Nomatsiguenga-48_hand-1,,Nomatsiguenga,48_hand,ibako,ibako,i b a k o,,walker2011,,,^i b a k o$,default
Palikur-48_hand-1,,Palikur,48_hand,-wak,-wak,w a k,,walker2011,,,^- w a k$,default
Paraujano-48_hand-1,,Paraujano,48_hand,-aapɨ,-aapɨ,aː p ɨ,,walker2011,,,^- aa p ɨ$,default
Parecis-48_hand-1,,Parecis,48_hand,ekaho,ekaho,e k a h o,,walker2011,,,^e k a h o$,default
Passe-48_hand-1,,Passe,48_hand,kapi,kapi,k a p i,,walker2011,,,^k a p i$,default
Piapoco-48_hand-1,,Piapoco,48_hand,nukáapi,nukáapi,n u k á/a a p i,,walker2011,,,^n u k á a p i$,default
Yine-48_hand-1,,Yine,48_hand,miotʃi,miotʃi,m i o tʃ i,,walker2011,,,^m i o tʃ i$,default
Resigaro-48_hand-1,,Resigaro,48_hand,"-ke, kaphiːdo",-ke,k e,,walker2011,,,^- k e$,default
Resigaro-48_hand-2,,Resigaro,48_hand,"-ke, kaphiːdo",kaphiːdo,k a pʰ iː d o,,walker2011,,,^k a ph iː d o$,default
Saraveca-48_hand-1,,Saraveca,48_hand,no-ʃiɲaku,no-ʃiɲaku,n o + ʃ i ɲ a k u,,walker2011,,,^n o - ʃ i ɲ a k u$,default
Tariana-48_hand-1,,Tariana,48_hand,kapi,kapi,k a p i,,walker2011,,,^k a p i$,default
Terena-48_hand-1,,Terena,48_hand,wóʔu,wóʔu,w ó/o ʔ u,,walker2011,,,^w ó ʔ u$,default
Trinitario-48_hand-1,,Trinitario,48_hand,wupe,wupe,w u p e,,walker2011,,,^w u p e$,default
Wainuma-48_hand-1,,Wainuma,48_hand,-k(j)aapi,-kaapi,k aː p i,,walker2011,,,^- k aa p i$,default
Wapishana-48_hand-1,,Wapishana,48_hand,kaʔɨj,kaʔɨj,k a ʔ ɨ j,,walker2011,,,^k a ʔ ɨ j$,default
Araicu-48_hand-1,,Araicu,48_hand,nikabu,nikabu,n i k a b u,,walker2011,,,^n i k a b u$,default
Warekena-48_hand-1,,Warekena,48_hand,damenisi,damenisi,d a m e n i s i,,walker2011,,,^d a m e n i s i$,default
WarekenaVelha-48_hand-1,,WarekenaVelha,48_hand,apiwe,apiwe,a p i w e,,walker2011,,,^a p i w e$,default
Waura-48_hand-1,,Waura,48_hand,waʐɨku-i,waʐɨku-i,w a ʐ ɨ k u + i,,walker2011,,,^w a ʐ ɨ k u - i$,default
Yavitero-48_hand-1,,Yavitero,48_hand,kahahi,kahahi,k a h a h i,,walker2011,,,^k a h a h i$,default
Yawalapiti-48_hand-1,,Yawalapiti,48_hand,wiɾiku,wiɾiku,w i ɾ i k u,,walker2011,,,^w i ɾ i k u$,default
Yucuna-48_hand-1,,Yucuna,48_hand,yateʔelahi,yateʔelahi,j a t e ʔ e l a h i,,walker2011,,,^y a t e ʔ e l a h i$,default
Jumana-48_hand-1,,Jumana,48_hand,"kabi, kapi",kabi,k a b i,,walker2011,,,^k a b i$,default
Jumana-48_hand-2,,Jumana,48_hand,"kabi, kapi",kapi,k a p i,,walker2011,,,^k a p i$,default
Achagua-49_belly-1,,Achagua,49_belly,-awai,-awai,a w a i,,walker2011,,,^- a w a i$,default
Yanesha-49_belly-1,,Yanesha,49_belly,kotmats,kotmats,k o t m a ts,,walker2011,,,^k o t m a ts$,default
Anauya-49_belly-1,,Anauya,49_belly,-dura,-dura,d u r a,,walker2011,,,^- d u r a$,default
Apurina-49_belly-1,,Apurina,49_belly,tikaka,tikaka,t i k a k a,,walker2011,,,^t i k a k a$,default
Aruan-49_belly-1,,Aruan,49_belly,-kire,-kire,k i r e,,walker2011,,,^- k i r e$,default
Ashaninka-49_belly-1,,Ashaninka,49_belly,tsomonte,tsomonte,ts o m o n t e,,walker2011,,,^ts o m o n t e$,default
Xiriana-49_belly-1,,Xiriana,49_belly,-dudunɨ,-dudunɨ,d u d u n ɨ,,walker2011,,,^- d u d u n ɨ$,default
Avane-49_belly-1,,Avane,49_belly,-tsiabu-ʂi,-tsiabu-ʂi,ts i a b u + ʂ i,,walker2011,,,^- ts i a b u - ʂ i$,default
BaniwaDoIcana-49_belly-1,,BaniwaDoIcana,49_belly,"-wawa, hyada, hrjada",-wawa,w a w a,,walker2011,,,^- w a w a$,default
BaniwaDoIcana-49_belly-2,,BaniwaDoIcana,49_belly,"-wawa, hyada, hrjada",hyada,h j a d a,,walker2011,,,^h y a d a$,default
BaniwaDoIcana-49_belly-3,,BaniwaDoIcana,49_belly,"-wawa, hyada, hrjada",hrjada,h r j a d a,,walker2011,,,^h r j a d a$,default
Bare-49_belly-1,,Bare,49_belly,d’uɻa,d’uɻa,dʲ u ɻ a,,walker2011,,,^d’ u ɻ a$,default
Baure-49_belly-1,,Baure,49_belly,heki,heki,h e k i,,walker2011,,,^h e k i$,default
Cabiyari-49_belly-1,,Cabiyari,49_belly,-tere,-tere,t e r e,,walker2011,,,^- t e r e$,default
Cariai-49_belly-1,,Cariai,49_belly,-itʃaba,-itʃaba,i tʃ a b a,,walker2011,,,^- i tʃ a b a$,default
Chamicuro-49_belly-1,,Chamicuro,49_belly,syeʔki,syeʔki,s j e ʔ k i,,walker2011,,,^s y e ʔ k i$,default
EnaweneNawe-49_belly-1,,EnaweneNawe,49_belly,hitako,hitako,h i t a k o,,walker2011,,,^h i t a k o$,default
Garifuna-49_belly-1,,Garifuna,49_belly,uragei,uragei,u r a g e i,,walker2011,,,^u r a g e i$,default
Wayuu-49_belly-1,,Wayuu,49_belly,ta-ľeʔe,ta-ľeʔe,t a + ľ/lʲ e ʔ e,,walker2011,,,^t a - ľ e ʔ e$,default
Guinau-49_belly-1,,Guinau,49_belly,nduːra,nduːra,n d uː r a,,walker2011,,,^n d uː r a$,default
Ignaciano-49_belly-1,,Ignaciano,49_belly,huʔe,huʔe,h u ʔ e,,walker2011,,,^h u ʔ e$,default
Inapari-49_belly-1,,Inapari,49_belly,mitúti,mitúti,m i t ú/u t i,,walker2011,,,^m i t ú t i$,default
IslandCarib-49_belly-1,,IslandCarib,49_belly,ragai,ragai,r a g a i,,walker2011,,,^r a g a i$,default
Karutana-49_belly-1,,Karutana,49_belly,wawa,wawa,w a w a,,walker2011,,,^w a w a$,default
Kaishana-49_belly-1,,Kaishana,49_belly,-anapɨ,-anapɨ,a n a p ɨ,,walker2011,,,^- a n a p ɨ$,default
Kinikinao-49_belly-1,,Kinikinao,49_belly,tʃuɾa,tʃuɾa,tʃ u ɾ a,,walker2011,,,^tʃ u ɾ a$,default
Curripaco-49_belly-1,,Curripaco,49_belly,lisrada,lisrada,l i s r a d a,,walker2011,,,^l i s r a d a$,default
Lokono-49_belly-1,,Lokono,49_belly,te,te,t e,,walker2011,,,^t e$,default
Machiguenga-49_belly-1,,Machiguenga,49_belly,motian-tsi,motian-tsi,m o t i a n + ts i,,walker2011,,,^m o t i a n - ts i$,default
Maipure-49_belly-1,,Maipure,49_belly,"-ura, -ana,  -ɨba",-ura,u r a,,walker2011,,,^- u r a$,default
Maipure-49_belly-2,,Maipure,49_belly,"-ura, -ana,  -ɨba",-ana,a n a,,walker2011,,,^- a n a$,default
Maipure-49_belly-3,,Maipure,49_belly,"-ura, -ana,  -ɨba",-ɨba,ɨ b a,,walker2011,,,^- ɨ b a$,default
Manao-49_belly-1,,Manao,49_belly,-tula,-tula,t u l a,,walker2011,,,^- t u l a$,default
Mandahuaca-49_belly-1,,Mandahuaca,49_belly,-ehãhĩ,-ehãhĩ,e h ã h ĩ,,walker2011,,,^- e h ã h ĩ$,default
Machinere-49_belly-1,,Machinere,49_belly,-sati,-sati,s a t i,,walker2011,,,^- s a t i$,default
Maragua-49_belly-1,,Maragua,49_belly,"n-aty, -adi",n-aty,n + a t y,,walker2011,,,^n - a t y$,default
Maragua-49_belly-2,,Maragua,49_belly,"n-aty, -adi",-adi,a d i,,walker2011,,,^- a d i$,default
Mariate-49_belly-1,,Mariate,49_belly,kutu,kutu,k u t u,,walker2011,,,^k u t u$,default
MapidianMawayana-49_belly-1,,MapidianMawayana,49_belly,-yika,-yika,j i k a,,walker2011,,,^- y i k a$,default
Mehinaku-49_belly-1,,Mehinaku,49_belly,hapajai,hapajai,h a p a j a i,,walker2011,,,^h a p a j a i$,default
Nomatsiguenga-49_belly-1,,Nomatsiguenga,49_belly,itsonia,itsonia,i ts o n i a,,walker2011,,,^i ts o n i a$,default
Palikur-49_belly-1,,Palikur,49_belly,-tun,-tun,t u n,,walker2011,,,^- t u n$,default
Paraujano-49_belly-1,,Paraujano,49_belly,-hyure,-hyure,h j u r e,,walker2011,,,^- h y u r e$,default
Parecis-49_belly-1,,Parecis,49_belly,itjako,itjako,i t j a k o,,walker2011,,,^i t j a k o$,default
Passe-49_belly-1,,Passe,49_belly,tʃiniutula,tʃiniutula,tʃ i n i u t u l a,,walker2011,,,^tʃ i n i u t u l a$,default
Piapoco-49_belly-1,,Piapoco,49_belly,nudèe,nudèe,n u d è/e e,,walker2011,,,^n u d è e$,default
Yine-49_belly-1,,Yine,49_belly,gisatɨ,gisatɨ,g i s a t ɨ,,walker2011,,,^g i s a t ɨ$,default
Resigaro-49_belly-1,,Resigaro,49_belly,-iːʔʃau,-iːʔʃau,iː ʔ ʃ a u,,walker2011,,,^- iː ʔʃ a u$,default
Saraveca-49_belly-1,,Saraveca,49_belly,e-tahaku,e-tahaku,e + t a h a k u,,walker2011,,,^e - t a h a k u$,default
Tariana-49_belly-1,,Tariana,49_belly,wawa,wawa,w a w a,,walker2011,,,^w a w a$,default
Terena-49_belly-1,,Terena,49_belly,hurâe,hurâe,h u r â/a e,,walker2011,,,^h u r â e$,default
Trinitario-49_belly-1,,Trinitario,49_belly,tʃitʃaraʔi,tʃitʃaraʔi,tʃ i tʃ a r a ʔ i,,walker2011,,,^tʃ i tʃ a r a ʔ i$,default
Wainuma-49_belly-1,,Wainuma,49_belly,"-kuːtu, -katu",-kuːtu,k uː t u,,walker2011,,,^- k uː t u$,default
Wainuma-49_belly-2,,Wainuma,49_belly,"-kuːtu, -katu",-katu,k a t u,,walker2011,,,^- k a t u$,default
Wapishana-49_belly-1,,Wapishana,49_belly,thuʔba,thuʔba,tʰ u ʔ b a,,walker2011,,,^th u ʔ b a$,default
Araicu-49_belly-1,,Araicu,49_belly,motsa,motsa,m o ts a,,walker2011,,,^m o ts a$,default
Warekena-49_belly-1,,Warekena,49_belly,mutulu,mutulu,m u t u l u,,walker2011,,,^m u t u l u$,default
WarekenaVelha-49_belly-1,,WarekenaVelha,49_belly,"tʃiapi, neni",tʃiapi,tʃ i a p i,,walker2011,,,^tʃ i a p i$,default
WarekenaVelha-49_belly-2,,WarekenaVelha,49_belly,"tʃiapi, neni",neni,n e n i,,walker2011,,,^n e n i$,default
Waura-49_belly-1,,Waura,49_belly,-ulatapa,-ulatapa,u l a t a p a,,walker2011,,,^- u l a t a p a$,default
Yavitero-49_belly-1,,Yavitero,49_belly,huwite,huwite,h u w i t e,,walker2011,,,^h u w i t e$,default
Yawalapiti-49_belly-1,,Yawalapiti,49_belly,tʃitʃu,tʃitʃu,tʃ i tʃ u,,walker2011,,,^tʃ i tʃ u$,default
Yucuna-49_belly-1,,Yucuna,49_belly,hulahi,hulahi,h u l a h i,,walker2011,,,^h u l a h i$,default
Jumana-49_belly-1,,Jumana,49_belly,"nuhmutu,nuhmulu",nuhmutu,n u h m u t u,,walker2011,,,^n u h m u t u$,default
Jumana-49_belly-2,,Jumana,49_belly,"nuhmutu,nuhmulu",nuhmulu,n u h m u l u,,walker2011,,,^n u h m u l u$,default
Achagua-50_neck-1,,Achagua,50_neck,-waa,-waa,w aː,,walker2011,,,^- w aa$,default
Yanesha-50_neck-1,,Yanesha,50_neck,tʂenopets,tʂenopets,ʈʂ e n o p e ts,,walker2011,,,^tʂ e n o p e ts$,default
Anauya-50_neck-1,,Anauya,50_neck,-ori,-ori,o r i,,walker2011,,,^- o r i$,default
Apurina-50_neck-1,,Apurina,50_neck,nokɨ,nokɨ,n o k ɨ,,walker2011,,,^n o k ɨ$,default
Aruan-50_neck-1,,Aruan,50_neck,-eiwaru,-eiwaru,e i w a r u,,walker2011,,,^- e i w a r u$,default
Ashaninka-50_neck-1,,Ashaninka,50_neck,tsano,tsano,ts a n o,,walker2011,,,^ts a n o$,default
Xiriana-50_neck-1,,Xiriana,50_neck,-nubi,-nubi,n u b i,,walker2011,,,^- n u b i$,default
Avane-50_neck-1,,Avane,50_neck,-inukuluapi-ʂi,-inukuluapi-ʂi,i n u k u l u a p i + ʂ i,,walker2011,,,^- i n u k u l u a p i - ʂ i$,default
BaniwaDoIcana-50_neck-1,,BaniwaDoIcana,50_neck,"-nuːɻu, -hweda",-nuːɻu,n uː ɻ u,,walker2011,,,^- n uː ɻ u$,default
BaniwaDoIcana-50_neck-2,,BaniwaDoIcana,50_neck,"-nuːɻu, -hweda",-hweda,ʰw e d a,,walker2011,,,^- hw e d a$,default
Bare-50_neck-1,,Bare,50_neck,hnuni,hnuni,h n u n i,,walker2011,,,^h n u n i$,default
Baure-50_neck-1,,Baure,50_neck,pih,pih,p i h,,walker2011,,,^p i h$,default
Cabiyari-50_neck-1,,Cabiyari,50_neck,-kaɲapi,-kaɲapi,k a ɲ a p i,,walker2011,,,^- k a ɲ a p i$,default
Cariai-50_neck-1,,Cariai,50_neck,-pɨayura,-pɨayura,p ɨ a j u r a,,walker2011,,,^- p ɨ a y u r a$,default
Chamicuro-50_neck-1,,Chamicuro,50_neck,ʂano,ʂano,ʂ a n o,,walker2011,,,^ʂ a n o$,default
EnaweneNawe-50_neck-1,,EnaweneNawe,50_neck,hĩɲu,hĩɲu,h ĩ ɲ u,,walker2011,,,^h ĩ ɲ u$,default
Garifuna-50_neck-1,,Garifuna,50_neck,igiinaɨ,igiinaɨ,i g iː n a ɨ,,walker2011,,,^i g ii n a ɨ$,default
Wayuu-50_neck-1,,Wayuu,50_neck,ta-nuľu,ta-nuľu,t a + n u ľ/lʲ u,,walker2011,,,^t a - n u ľ u$,default
Guinau-50_neck-1,,Guinau,50_neck,"numaːdʒi, mabi",numaːdʒi,n u m aː dʒ i,,walker2011,,,^n u m aː dʒ i$,default
Guinau-50_neck-2,,Guinau,50_neck,"numaːdʒi, mabi",mabi,m a b i,,walker2011,,,^m a b i$,default
Ignaciano-50_neck-1,,Ignaciano,50_neck,pikenu,pikenu,p i k e n u,,walker2011,,,^p i k e n u$,default
Inapari-50_neck-1,,Inapari,50_neck,nupiti,nupiti,n u p i t i,,walker2011,,,^n u p i t i$,default
IslandCarib-50_neck-1,,IslandCarib,50_neck,igiina,igiina,i g iː n a,,walker2011,,,^i g ii n a$,default
Kaishana-50_neck-1,,Kaishana,50_neck,-nutsu,-nutsu,n u ts u,,walker2011,,,^- n u ts u$,default
Kinikinao-50_neck-1,,Kinikinao,50_neck,anu,anu,a n u,,walker2011,,,^a n u$,default
Curripaco-50_neck-1,,Curripaco,50_neck,liːnruo,liːnruo,l iː n r u o,,walker2011,,,^l iː n r u o$,default
Lokono-50_neck-1,,Lokono,50_neck,noro,noro,n o r o,,walker2011,,,^n o r o$,default
Machiguenga-50_neck-1,,Machiguenga,50_neck,tsano-tsi,tsano-tsi,ts a n o + ts i,,walker2011,,,^ts a n o - ts i$,default
Maipure-50_neck-1,,Maipure,50_neck,"-ini, -ayu, -atua",-ini,i n i,,walker2011,,,^- i n i$,default
Maipure-50_neck-2,,Maipure,50_neck,"-ini, -ayu, -atua",-ayu,a j u,,walker2011,,,^- a y u$,default
Maipure-50_neck-3,,Maipure,50_neck,"-ini, -ayu, -atua",-atua,a t u a,,walker2011,,,^- a t u a$,default
Manao-50_neck-1,,Manao,50_neck,-nubi,-nubi,n u b i,,walker2011,,,^- n u b i$,default
Mandahuaca-50_neck-1,,Mandahuaca,50_neck,-nuli,-nuli,n u l i,,walker2011,,,^- n u l i$,default
Machinere-50_neck-1,,Machinere,50_neck,-hũhampwi,-hũhampwi,h ũ h a m pʷ i,,walker2011,,,^- h ũ h a m pw i$,default
Maragua-50_neck-1,,Maragua,50_neck,"n-eoto, -ihutu",n-eoto,n + e o t o,,walker2011,,,^n - e o t o$,default
Maragua-50_neck-2,,Maragua,50_neck,"n-eoto, -ihutu",-ihutu,i h u t u,,walker2011,,,^- i h u t u$,default
Mariate-50_neck-1,,Mariate,50_neck,"-nunape, -nuruna",-nunape,n u n a p e,,walker2011,,,^- n u n a p e$,default
Mariate-50_neck-2,,Mariate,50_neck,"-nunape, -nuruna",-nuruna,n u r u n a,,walker2011,,,^- n u r u n a$,default
MapidianMawayana-50_neck-1,,MapidianMawayana,50_neck,-eːarewɨ,-eːarewɨ,eː a r e w ɨ,,walker2011,,,^- eː a r e w ɨ$,default
Mehinaku-50_neck-1,,Mehinaku,50_neck,pijuĩ,pijuĩ,p i j u ĩ,,walker2011,,,^p i j u ĩ$,default
Nomatsiguenga-50_neck-1,,Nomatsiguenga,50_neck,notsono,notsono,n o ts o n o,,walker2011,,,^n o ts o n o$,default
Palikur-50_neck-1,,Palikur,50_neck,-bita,-bita,b i t a,,walker2011,,,^- b i t a$,default
Paraujano-50_neck-1,,Paraujano,50_neck,t-ogoin,t-ogoin,t + o g o i n,,walker2011,,,^t - o g o i n$,default
Parecis-50_neck-1,,Parecis,50_neck,ihino,ihino,i h i n o,,walker2011,,,^i h i n o$,default
Passe-50_neck-1,,Passe,50_neck,tʃinoto,tʃinoto,tʃ i n o t o,,walker2011,,,^tʃ i n o t o$,default
Piapoco-50_neck-1,,Piapoco,50_neck,nukanápi,nukanápi,n u k a n á/a p i,,walker2011,,,^n u k a n á p i$,default
Yine-50_neck-1,,Yine,50_neck,noʃtʃi,noʃtʃi,n o ʃ tʃ i,,walker2011,,,^n o ʃ tʃ i$,default
Resigaro-50_neck-1,,Resigaro,50_neck,-iɲotʃhi,-iɲotʃhi,i ɲ o tʃʰ i,,walker2011,,,^- i ɲ o tʃh i$,default
Saraveca-50_neck-1,,Saraveca,50_neck,nu-ʃiiɲu,nu-ʃiiɲu,n u + ʃ iː ɲ u,,walker2011,,,^n u - ʃ ii ɲ u$,default
Tariana-50_neck-1,,Tariana,50_neck,inuɾu,inuɾu,i n u ɾ u,,walker2011,,,^i n u ɾ u$,default
Terena-50_neck-1,,Terena,50_neck,ânu,ânu,â/a n u,,walker2011,,,^â n u$,default
Trinitario-50_neck-1,,Trinitario,50_neck,piɣenu,piɣenu,p i ɣ e n u,,walker2011,,,^p i ɣ e n u$,default
Wainuma-50_neck-1,,Wainuma,50_neck,"-ruhrupi, -taky",-ruhrupi,r u h r u p i,,walker2011,,,^- r u h r u p i$,default
Wainuma-50_neck-2,,Wainuma,50_neck,"-ruhrupi, -taky",-taky,t a k y,,walker2011,,,^- t a k y$,default
Wapishana-50_neck-1,,Wapishana,50_neck,kanaɨ,kanaɨ,k a n a ɨ,,walker2011,,,^k a n a ɨ$,default
Araicu-50_neck-1,,Araicu,50_neck,nono,nono,n o n o,,walker2011,,,^n o n o$,default
Warekena-50_neck-1,,Warekena,50_neck,bilaka kalusi,bilaka_kalusi,b i l a k a + k a l u s i,,walker2011,,,^b i l a k a _ k a l u s i$,default
WarekenaVelha-50_neck-1,,WarekenaVelha,50_neck,inupi,inupi,i n u p i,,walker2011,,,^i n u p i$,default
Waura-50_neck-1,,Waura,50_neck,-pĩjũ,-pĩjũ,p ĩ j ũ,,walker2011,,,^- p ĩ j ũ$,default
Yavitero-50_neck-1,,Yavitero,50_neck,inu,inu,i n u,,walker2011,,,^i n u$,default
Yawalapiti-50_neck-1,,Yawalapiti,50_neck,r̥iɲu,r̥iɲu,r̥ i ɲ u,,walker2011,,,^r̥ i ɲ u$,default
Yucuna-50_neck-1,,Yucuna,50_neck,nurupihi,nurupihi,n u r u p i h i,,walker2011,,,^n u r u p i h i$,default
Jumana-50_neck-1,,Jumana,50_neck,"larapuu, marpii",larapuu,l a r a p uː,,walker2011,,,^l a r a p uu$,default
Jumana-50_neck-2,,Jumana,50_neck,"larapuu, marpii",marpii,m a r p iː,,walker2011,,,^m a r p ii$,default
Achagua-51_breast-1,,Achagua,51_breast,-ini,-ini,i n i,,walker2011,,,^- i n i$,default
Yanesha-51_breast-1,,Yanesha,51_breast,momoɾets,momoɾets,m o m o ɾ e ts,,walker2011,,,^m o m o ɾ e ts$,default
Anauya-51_breast-1,,Anauya,51_breast,-dene,-dene,d e n e,,walker2011,,,^- d e n e$,default
Apurina-51_breast-1,,Apurina,51_breast,tenɨ,tenɨ,t e n ɨ,,walker2011,,,^t e n ɨ$,default
Ashaninka-51_breast-1,,Ashaninka,51_breast,tsomi,tsomi,ts o m i,,walker2011,,,^ts o m i$,default
Xiriana-51_breast-1,,Xiriana,51_breast,-tɨnɨmada,-tɨnɨmada,t ɨ n ɨ m a d a,,walker2011,,,^- t ɨ n ɨ m a d a$,default
Avane-51_breast-1,,Avane,51_breast,-tsini-ʂi,-tsini-ʂi,ts i n i + ʂ i,,walker2011,,,^- ts i n i - ʂ i$,default
BaniwaDoIcana-51_breast-1,,BaniwaDoIcana,51_breast,"-iːni, -inia",-iːni,iː n i,,walker2011,,,^- iː n i$,default
BaniwaDoIcana-51_breast-2,,BaniwaDoIcana,51_breast,"-iːni, -inia",-inia,i n i a,,walker2011,,,^- i n i a$,default
Bare-51_breast-1,,Bare,51_breast,dini,dini,d i n i,,walker2011,,,^d i n i$,default
Baure-51_breast-1,,Baure,51_breast,ʃokoki,ʃokoki,ʃ o k o k i,,walker2011,,,^ʃ o k o k i$,default
Cabiyari-51_breast-1,,Cabiyari,51_breast,-yi,-yi,j i,,walker2011,,,^- y i$,default
Chamicuro-51_breast-1,,Chamicuro,51_breast,teni,teni,t e n i,,walker2011,,,^t e n i$,default
Garifuna-51_breast-1,,Garifuna,51_breast,aniguagu,aniguagu,a n i g u a g u,,walker2011,,,^a n i g u a g u$,default
Wayuu-51_breast-1,,Wayuu,51_breast,ta-tʃiɾa,ta-tʃiɾa,t a + tʃ i ɾ a,,walker2011,,,^t a - tʃ i ɾ a$,default
Guinau-51_breast-1,,Guinau,51_breast,"ndeːne, untoko",ndeːne,n d eː n e,,walker2011,,,^n d eː n e$,default
Guinau-51_breast-2,,Guinau,51_breast,"ndeːne, untoko",untoko,u n t o k o,,walker2011,,,^u n t o k o$,default
Ignaciano-51_breast-1,,Ignaciano,51_breast,meme,meme,m e m e,,walker2011,,,^m e m e$,default
Inapari-51_breast-1,,Inapari,51_breast,tʃiniáwati,tʃiniáwati,tʃ i n i á/a w a t i,,walker2011,,,^tʃ i n i á w a t i$,default
IslandCarib-51_breast-1,,IslandCarib,51_breast,uri,uri,u r i,,walker2011,,,^u r i$,default
Karutana-51_breast-1,,Karutana,51_breast,kuda,kuda,k u d a,,walker2011,,,^k u d a$,default
Kaishana-51_breast-1,,Kaishana,51_breast,-tsuutuni,-tsuutuni,ts uː t u n i,,walker2011,,,^- ts uu t u n i$,default
Kinikinao-51_breast-1,,Kinikinao,51_breast,iεnε,iεnε,i ε n ε,,walker2011,,,^i ε n ε$,default
Curripaco-51_breast-1,,Curripaco,51_breast,inia,inia,i n i a,,walker2011,,,^i n i a$,default
Lokono-51_breast-1,,Lokono,51_breast,(o)dlo,dlo,d l o,,walker2011,,,^d l o$,default
Machiguenga-51_breast-1,,Machiguenga,51_breast,tsomi-tsi,tsomi-tsi,ts o m i + ts i,,walker2011,,,^ts o m i - ts i$,default
Maipure-51_breast-1,,Maipure,51_breast,-pɨtia,-pɨtia,p ɨ t i a,,walker2011,,,^- p ɨ t i a$,default
Manao-51_breast-1,,Manao,51_breast,"nu-tɨna, nu-tukune",nu-tɨna,n u + t ɨ n a,,walker2011,,,^n u - t ɨ n a$,default
Manao-51_breast-2,,Manao,51_breast,"nu-tɨna, nu-tukune",nu-tukune,n u + t u k u n e,,walker2011,,,^n u - t u k u n e$,default
Mandahuaca-51_breast-1,,Mandahuaca,51_breast,-tʃiʃi,-tʃiʃi,tʃ i ʃ i,,walker2011,,,^- tʃ i ʃ i$,default
Machinere-51_breast-1,,Machinere,51_breast,-tonɨtʃi,-tonɨtʃi,t o n ɨ tʃ i,,walker2011,,,^- t o n ɨ tʃ i$,default
Maragua-51_breast-1,,Maragua,51_breast,no-ty,no-ty,n o + t y,,walker2011,,,^n o - t y$,default
Mariate-51_breast-1,,Mariate,51_breast,niuna,niuna,n i u n a,,walker2011,,,^n i u n a$,default
Mehinaku-51_breast-1,,Mehinaku,51_breast,ɨhɨ̃,ɨhɨ̃,ɨ h ɨ̃/ɨ,,walker2011,,,^ɨ h ɨ̃$,default
Nomatsiguenga-51_breast-1,,Nomatsiguenga,51_breast,otsomi,otsomi,o ts o m i,,walker2011,,,^o ts o m i$,default
Palikur-51_breast-1,,Palikur,51_breast,-hin,-hin,h i n,,walker2011,,,^- h i n$,default
Paraujano-51_breast-1,,Paraujano,51_breast,-yiri,-yiri,j i r i,,walker2011,,,^- y i r i$,default
Parecis-51_breast-1,,Parecis,51_breast,etotone,etotone,e t o t o n e,,walker2011,,,^e t o t o n e$,default
Passe-51_breast-1,,Passe,51_breast,tʃutʃu,tʃutʃu,tʃ u tʃ u,,walker2011,,,^tʃ u tʃ u$,default
Piapoco-51_breast-1,,Piapoco,51_breast,uìni,uìni,u ì/i n i,,walker2011,,,^u ì n i$,default
Yine-51_breast-1,,Yine,51_breast,tnɨtʃi,tnɨtʃi,t n ɨ tʃ i,,walker2011,,,^t n ɨ tʃ i$,default
Resigaro-51_breast-1,,Resigaro,51_breast,"aːme, aːmio, -iʔnimu",aːme,aː m e,,walker2011,,,^aː m e$,default
Resigaro-51_breast-2,,Resigaro,51_breast,"aːme, aːmio, -iʔnimu",aːmio,aː m i o,,walker2011,,,^aː m i o$,default
Resigaro-51_breast-3,,Resigaro,51_breast,"aːme, aːmio, -iʔnimu",-iʔnimu,i ʔ n i m u,,walker2011,,,^- i ʔ n i m u$,default
Saraveca-51_breast-1,,Saraveca,51_breast,e-ʃaratiʃ,e-ʃaratiʃ,e + ʃ a r a t i ʃ,,walker2011,,,^e - ʃ a r a t i ʃ$,default
Taino-51_breast-1,,Taino,51_breast,"too, towa",too,t oː,,walker2011,,,^t oo$,default
Taino-51_breast-2,,Taino,51_breast,"too, towa",towa,t o w a,,walker2011,,,^t o w a$,default
Tariana-51_breast-1,,Tariana,51_breast,eni,eni,e n i,,walker2011,,,^e n i$,default
Terena-51_breast-1,,Terena,51_breast,ʃene,ʃene,ʃ e n e,,walker2011,,,^ʃ e n e$,default
Trinitario-51_breast-1,,Trinitario,51_breast,tʃene,tʃene,tʃ e n e,,walker2011,,,^tʃ e n e$,default
Wainuma-51_breast-1,,Wainuma,51_breast,-ene,-ene,e n e,,walker2011,,,^- e n e$,default
Wapishana-51_breast-1,,Wapishana,51_breast,ɖɨnɨj,ɖɨnɨj,ɖ ɨ n ɨ j,,walker2011,,,^ɖ ɨ n ɨ j$,default
Araicu-51_breast-1,,Araicu,51_breast,niti,niti,n i t i,,walker2011,,,^n i t i$,default
Warekena-51_breast-1,,Warekena,51_breast,tʃitʃinisi,tʃitʃinisi,tʃ i tʃ i n i s i,,walker2011,,,^tʃ i tʃ i n i s i$,default
WarekenaVelha-51_breast-1,,WarekenaVelha,51_breast,tʃini,tʃini,tʃ i n i,,walker2011,,,^tʃ i n i$,default
Waura-51_breast-1,,Waura,51_breast,-hɨ̃,-hɨ̃,h ɨ̃/ɨ,,walker2011,,,^- h ɨ̃$,default
Yavitero-51_breast-1,,Yavitero,51_breast,tsini,tsini,ts i n i,,walker2011,,,^ts i n i$,default
Yawalapiti-51_breast-1,,Yawalapiti,51_breast,tinaw tihi,tinaw_tihi,t i n a w + t i h i,,walker2011,,,^t i n a w _ t i h i$,default
Yucuna-51_breast-1,,Yucuna,51_breast,ritʃuʔutʃure,ritʃuʔutʃure,r i tʃ u ʔ u tʃ u r e,,walker2011,,,^r i tʃ u ʔ u tʃ u r e$,default
Jumana-51_breast-1,,Jumana,51_breast,nihi,nihi,n i h i,,walker2011,,,^n i h i$,default
Achagua-52_heart-1,,Achagua,52_heart,-wowa,-wowa,w o w a,,walker2011,,,^- w o w a$,default
Yanesha-52_heart-1,,Yanesha,52_heart,yotʂɾets,yotʂɾets,j o tʂ ɾ e ts,,walker2011,,,^y o tʂ ɾ e ts$,default
Apurina-52_heart-1,,Apurina,52_heart,(h)ãkɨpe,ãkɨpe,ã k ɨ p e,,walker2011,,,^ã k ɨ p e$,default
Ashaninka-52_heart-1,,Ashaninka,52_heart,sankane,sankane,s a n k a n e,,walker2011,,,^s a n k a n e$,default
Xiriana-52_heart-1,,Xiriana,52_heart,-nikɨsaɨ,-nikɨsaɨ,n i k ɨ s a ɨ,,walker2011,,,^- n i k ɨ s a ɨ$,default
Avane-52_heart-1,,Avane,52_heart,-neni-tuana-ʂi,-neni-tuana-ʂi,n e n i + t u a n a + ʂ i,,walker2011,,,^- n e n i - t u a n a - ʂ i$,default
BaniwaDoIcana-52_heart-1,,BaniwaDoIcana,52_heart,-kaule,-kaule,k a u l e,,walker2011,,,^- k a u l e$,default
Bare-52_heart-1,,Bare,52_heart,kabaɻe,kabaɻe,k a b a ɻ e,,walker2011,,,^k a b a ɻ e$,default
Baure-52_heart-1,,Baure,52_heart,etkoʔin,etkoʔin,e t k o ʔ i n,,walker2011,,,^e t k o ʔ i n$,default
Cabiyari-52_heart-1,,Cabiyari,52_heart,-kareta,-kareta,k a r e t a,,walker2011,,,^- k a r e t a$,default
Cariai-52_heart-1,,Cariai,52_heart,-nekini,-nekini,n e k i n i,,walker2011,,,^- n e k i n i$,default
Chamicuro-52_heart-1,,Chamicuro,52_heart,ahkeloki,ahkeloki,a h k e l o k i,,walker2011,,,^a h k e l o k i$,default
Garifuna-52_heart-1,,Garifuna,52_heart,anigi,anigi,a n i g i,,walker2011,,,^a n i g i$,default
Wayuu-52_heart-1,,Wayuu,52_heart,ta-aʔin,ta-aʔin,t a + a ʔ i n,,walker2011,,,^t a - a ʔ i n$,default
Guinau-52_heart-1,,Guinau,52_heart,iniʒini,iniʒini,i n i ʒ i n i,,walker2011,,,^i n i ʒ i n i$,default
Ignaciano-52_heart-1,,Ignaciano,52_heart,samure,samure,s a m u r e,,walker2011,,,^s a m u r e$,default
Inapari-52_heart-1,,Inapari,52_heart,ahɨ́pati,ahɨ́pati,a h ɨ́/ɨ p a t i,,walker2011,,,^a h ɨ́ p a t i$,default
IslandCarib-52_heart-1,,IslandCarib,52_heart,anigi,anigi,a n i g i,,walker2011,,,^a n i g i$,default
Karutana-52_heart-1,,Karutana,52_heart,kare,kare,k a r e,,walker2011,,,^k a r e$,default
Kaishana-52_heart-1,,Kaishana,52_heart,-(i) ɲahina,-_ɲahina,ɲ a h i n a,,walker2011,,,^-_ ɲ a h i n a$,default
Kinikinao-52_heart-1,,Kinikinao,52_heart,umintʃɔ,umintʃɔ,u m i n tʃ ɔ,,walker2011,,,^u m i n tʃ ɔ$,default
Curripaco-52_heart-1,,Curripaco,52_heart,likaːle,likaːle,l i k aː l e,,walker2011,,,^l i k aː l e$,default
Lokono-52_heart-1,,Lokono,52_heart,loa,loa,l o a,,walker2011,,,^l o a$,default
Machiguenga-52_heart-1,,Machiguenga,52_heart,niga-kin-tsi,niga-kin-tsi,n i g a + k i n + ts i,,walker2011,,,^n i g a - k i n - ts i$,default
Maipure-52_heart-1,,Maipure,52_heart,"-nikini, -bia",-nikini,n i k i n i,,walker2011,,,^- n i k i n i$,default
Maipure-52_heart-2,,Maipure,52_heart,"-nikini, -bia",-bia,b i a,,walker2011,,,^- b i a$,default
Manao-52_heart-1,,Manao,52_heart,-neki,-neki,n e k i,,walker2011,,,^- n e k i$,default
Machinere-52_heart-1,,Machinere,52_heart,-raʃi,-raʃi,r a ʃ i,,walker2011,,,^- r a ʃ i$,default
Maragua-52_heart-1,,Maragua,52_heart,"n-apana, -kawari",n-apana,n + a p a n a,,walker2011,,,^n - a p a n a$,default
Maragua-52_heart-2,,Maragua,52_heart,"n-apana, -kawari",-kawari,k a w a r i,,walker2011,,,^- k a w a r i$,default
Mariate-52_heart-1,,Mariate,52_heart,babada,babada,b a b a d a,,walker2011,,,^b a b a d a$,default
MapidianMawayana-52_heart-1,,MapidianMawayana,52_heart,-kɨɲã,-kɨɲã,k ɨ ɲ ã,,walker2011,,,^- k ɨ ɲ ã$,default
Mehinaku-52_heart-1,,Mehinaku,52_heart,iwĩ,iwĩ,i w ĩ,,walker2011,,,^i w ĩ$,default
Nomatsiguenga-52_heart-1,,Nomatsiguenga,52_heart,inarihine,inarihine,i n a r i h i n e,,walker2011,,,^i n a r i h i n e$,default
Palikur-52_heart-1,,Palikur,52_heart,-yakni,-yakni,j a k n i,,walker2011,,,^- y a k n i$,default
Paraujano-52_heart-1,,Paraujano,52_heart,t-ein,t-ein,t + e i n,,walker2011,,,^t - e i n$,default
Parecis-52_heart-1,,Parecis,52_heart,emahijase,emahijase,e m a h i j a s e,,walker2011,,,^e m a h i j a s e$,default
Passe-52_heart-1,,Passe,52_heart,sawa,sawa,s a w a,,walker2011,,,^s a w a$,default
Piapoco-52_heart-1,,Piapoco,52_heart,nuwàwa,nuwàwa,n u w à/a w a,,walker2011,,,^n u w àw a$,default
Yine-52_heart-1,,Yine,52_heart,rahi,rahi,r a h i,,walker2011,,,^r a h i$,default
Resigaro-52_heart-1,,Resigaro,52_heart,-vafou,-vafou,v a f o u,,walker2011,,,^- v a f o u$,default
Saraveca-52_heart-1,,Saraveca,52_heart,i-vihiɲe,i-vihiɲe,i + v i h i ɲ e,,walker2011,,,^i - v i h i ɲ e$,default
Taino-52_heart-1,,Taino,52_heart,"i’ , nanichi",i’,i ʔ,,walker2011,,,^i ’$,default
Taino-52_heart-2,,Taino,52_heart,"i’ , nanichi",nanichi,n a n i tʃ i,,walker2011,,,^n a n i ch i$,default
Tariana-52_heart-1,,Tariana,52_heart,kale,kale,k a l e,,walker2011,,,^k a l e$,default
Terena-52_heart-1,,Terena,52_heart,omiʃone,omiʃone,o m i ʃ o n e,,walker2011,,,^o m i ʃ o n e$,default
Trinitario-52_heart-1,,Trinitario,52_heart,samre,samre,s a m r e,,walker2011,,,^s a m r e$,default
Wainuma-52_heart-1,,Wainuma,52_heart,-pare,-pare,p a r e,,walker2011,,,^- p a r e$,default
Wapishana-52_heart-1,,Wapishana,52_heart,nyɨkhɨnɨɨ,nyɨkhɨnɨɨ,n j ɨ kʰ ɨ n ɨː,,walker2011,,,^n y ɨ kh ɨ n ɨɨ$,default
Araicu-52_heart-1,,Araicu,52_heart,"yavani, nuvan",yavani,j a v a n i,,walker2011,,,^y a v a n i$,default
Araicu-52_heart-2,,Araicu,52_heart,"yavani, nuvan",nuvan,n u v a n,,walker2011,,,^n u v a n$,default
Warekena-52_heart-1,,Warekena,52_heart,hasehnisi,hasehnisi,h a s e h n i s i,,walker2011,,,^h a s e h n i s i$,default
WarekenaVelha-52_heart-1,,WarekenaVelha,52_heart,nenituana,nenituana,n e n i t u a n a,,walker2011,,,^n e n i t u a n a$,default
Waura-52_heart-1,,Waura,52_heart,-ĩwĩtsi,-ĩwĩtsi,ĩ w ĩ ts i,,walker2011,,,^- ĩ w ĩ ts i$,default
Yavitero-52_heart-1,,Yavitero,52_heart,huwite,huwite,h u w i t e,,walker2011,,,^h u w i t e$,default
Yawalapiti-52_heart-1,,Yawalapiti,52_heart,kaɲɨtsi,kaɲɨtsi,k a ɲ ɨ ts i,,walker2011,,,^k a ɲ ɨ ts i$,default
Yucuna-52_heart-1,,Yucuna,52_heart,wahwehi,wahwehi,w a ʰw e h i,,walker2011,,,^w a hw e h i$,default
Jumana-52_heart-1,,Jumana,52_heart,neika,neika,n e i k a,,walker2011,,,^n e i k a$,default
Achagua-53_liver-1,,Achagua,53_liver,-tʃaːledeː,-tʃaːledeː,tʃ aː l e d eː,,walker2011,,,^- tʃ aː l e d eː$,default
Yanesha-53_liver-1,,Yanesha,53_liver,opanats,opanats,o p a n a ts,,walker2011,,,^o p a n a ts$,default
Apurina-53_liver-1,,Apurina,53_liver,kɨtsɨne,kɨtsɨne,k ɨ ts ɨ n e,,walker2011,,,^k ɨ ts ɨ n e$,default
Ashaninka-53_liver-1,,Ashaninka,53_liver,natare,natare,n a t a r e,,walker2011,,,^n a t a r e$,default
Xiriana-53_liver-1,,Xiriana,53_liver,-ɻauna,-ɻauna,ɻ a u n a,,walker2011,,,^- ɻ a u n a$,default
Avane-53_liver-1,,Avane,53_liver,-pane-ʂi,-pane-ʂi,p a n e + ʂ i,,walker2011,,,^- p a n e - ʂ i$,default
BaniwaDoIcana-53_liver-1,,BaniwaDoIcana,53_liver,"-hyupana, -kabale, hrjutana",-hyupana,h j u p a n a,,walker2011,,,^- h y u p a n a$,default
BaniwaDoIcana-53_liver-2,,BaniwaDoIcana,53_liver,"-hyupana, -kabale, hrjutana",-kabale,k a b a l e,,walker2011,,,^- k a b a l e$,default
BaniwaDoIcana-53_liver-3,,BaniwaDoIcana,53_liver,"-hyupana, -kabale, hrjutana",hrjutana,h r j u t a n a,,walker2011,,,^h r j u t a n a$,default
Bare-53_liver-1,,Bare,53_liver,kabaɻe,kabaɻe,k a b a ɻ e,,walker2011,,,^k a b a ɻ e$,default
Baure-53_liver-1,,Baure,53_liver,eperon,eperon,e p e r o n,,walker2011,,,^e p e r o n$,default
Cabiyari-53_liver-1,,Cabiyari,53_liver,-upana,-upana,u p a n a,,walker2011,,,^- u p a n a$,default
Caquinte-53_liver-1,,Caquinte,53_liver,iraːpana,iraːpana,i r aː p a n a,,walker2011,,,^i r aː p a n a$,default
Chamicuro-53_liver-1,,Chamicuro,53_liver,ohpana,ohpana,o h p a n a,,walker2011,,,^o h p a n a$,default
Garifuna-53_liver-1,,Garifuna,53_liver,ubanaɨ,ubanaɨ,u b a n a ɨ,,walker2011,,,^u b a n a ɨ$,default
Wayuu-53_liver-1,,Wayuu,53_liver,ta-pana,ta-pana,t a + p a n a,,walker2011,,,^t a - p a n a$,default
Guinau-53_liver-1,,Guinau,53_liver,jewaːna,jewaːna,j e w aː n a,,walker2011,,,^j e w aː n a$,default
Ignaciano-53_liver-1,,Ignaciano,53_liver,úpana,úpana,ú/u p a n a,,walker2011,,,^ú p a n a$,default
Inapari-53_liver-1,,Inapari,53_liver,upanáti,upanáti,u p a n á/a t i,,walker2011,,,^u p a n á t i$,default
IslandCarib-53_liver-1,,IslandCarib,53_liver,bana,bana,b a n a,,walker2011,,,^b a n a$,default
Karutana-53_liver-1,,Karutana,53_liver,ʃupana,ʃupana,ʃ u p a n a,,walker2011,,,^ʃ u p a n a$,default
Kaishana-53_liver-1,,Kaishana,53_liver,-pene(he),-pene,p e n e,,walker2011,,,^- p e n e$,default
Kinikinao-53_liver-1,,Kinikinao,53_liver,apakona,apakona,a p a k o n a,,walker2011,,,^a p a k o n a$,default
Curripaco-53_liver-1,,Curripaco,53_liver,likavare,likavare,l i k a v a r e,,walker2011,,,^l i k a v a r e$,default
Lokono-53_liver-1,,Lokono,53_liver,bana,bana,b a n a,,walker2011,,,^b a n a$,default
Machiguenga-53_liver-1,,Machiguenga,53_liver,iraapana-tsi,iraapana-tsi,i r aː p a n a + ts i,,walker2011,,,^i r aa p a n a - ts i$,default
Mandahuaca-53_liver-1,,Mandahuaca,53_liver,aːna,aːna,aː n a,,walker2011,,,^aː n a$,default
Machinere-53_liver-1,,Machinere,53_liver,-ropãnã,-ropãnã,r o p ã n ã,,walker2011,,,^- r o p ã n ã$,default
Maragua-53_liver-1,,Maragua,53_liver,ubana,ubana,u b a n a,,walker2011,,,^u b a n a$,default
MapidianMawayana-53_liver-1,,MapidianMawayana,53_liver,-ʃuba,-ʃuba,ʃ u b a,,walker2011,,,^- ʃ u b a$,default
Mehinaku-53_liver-1,,Mehinaku,53_liver,-panaĩ,-panaĩ,p a n a ĩ,,walker2011,,,^- p a n a ĩ$,default
Nomatsiguenga-53_liver-1,,Nomatsiguenga,53_liver,nompana,nompana,n o m p a n a,,walker2011,,,^n o m p a n a$,default
Palikur-53_liver-1,,Palikur,53_liver,-ban,-ban,b a n,,walker2011,,,^- b a n$,default
Paraujano-53_liver-1,,Paraujano,53_liver,-pana,-pana,p a n a,,walker2011,,,^- p a n a$,default
Parecis-53_liver-1,,Parecis,53_liver,tiacorite,tiacorite,t i a c o r i t e,,walker2011,,,^t i a c o r i t e$,default
Passe-53_liver-1,,Passe,53_liver,opane,opane,o p a n e,,walker2011,,,^o p a n e$,default
Piapoco-53_liver-1,,Piapoco,53_liver,núubana,núubana,n ú/u u b a n a,,walker2011,,,^n ú u b a n a$,default
Yine-53_liver-1,,Yine,53_liver,gopnatʃi,gopnatʃi,g o p n a tʃ i,,walker2011,,,^g o p n a tʃ i$,default
Resigaro-53_liver-1,,Resigaro,53_liver,-opaːnu,-opaːnu,o p aː n u,,walker2011,,,^- o p aː n u$,default
Saraveca-53_liver-1,,Saraveca,53_liver,e-taku-re,e-taku-re,e + t a k u + r e,,walker2011,,,^e - t a k u - r e$,default
Tariana-53_liver-1,,Tariana,53_liver,kaletana,kaletana,k a l e t a n a,,walker2011,,,^k a l e t a n a$,default
Terena-53_liver-1,,Terena,53_liver,apákana,apákana,a p á/a k a n a,,walker2011,,,^a p á k a n a$,default
Trinitario-53_liver-1,,Trinitario,53_liver,topono,topono,t o p o n o,,walker2011,,,^t o p o n o$,default
Wainuma-53_liver-1,,Wainuma,53_liver,"-phna, -ahpa",-phna,pʰ n a,,walker2011,,,^- ph n a$,default
Wainuma-53_liver-2,,Wainuma,53_liver,"-phna, -ahpa",-ahpa,a h p a,,walker2011,,,^- a h p a$,default
Wapishana-53_liver-1,,Wapishana,53_liver,khɨʔbaa,khɨʔbaa,kʰ ɨ ʔ b aː,,walker2011,,,^kh ɨ ʔ b aa$,default
Araicu-53_liver-1,,Araicu,53_liver,bouhla,bouhla,b o u h l a,,walker2011,,,^b o u h l a$,default
Warekena-53_liver-1,,Warekena,53_liver,tuapanisi,tuapanisi,t u a p a n i s i,,walker2011,,,^t u a p a n i s i$,default
WarekenaVelha-53_liver-1,,WarekenaVelha,53_liver,"nenituana, pane",nenituana,n e n i t u a n a,,walker2011,,,^n e n i t u a n a$,default
WarekenaVelha-53_liver-2,,WarekenaVelha,53_liver,"nenituana, pane",pane,p a n e,,walker2011,,,^p a n e$,default
Waura-53_liver-1,,Waura,53_liver,nupanã,nupanã,n u p a n ã,,walker2011,,,^n u p a n ã$,default
Yavitero-53_liver-1,,Yavitero,53_liver,hane,hane,h a n e,,walker2011,,,^h a n e$,default
Yawalapiti-53_liver-1,,Yawalapiti,53_liver,nupana,nupana,n u p a n a,,walker2011,,,^n u p a n a$,default
Yucuna-53_liver-1,,Yucuna,53_liver,panahi,panahi,p a n a h i,,walker2011,,,^p a n a h i$,default
Achagua-54_todrink-1,,Achagua,54_todrink,-iɻa,-iɻa,i ɻ a,,walker2011,,,^- i ɻ a$,default
Yanesha-54_todrink-1,,Yanesha,54_todrink,oʐenjets,oʐenjets,o ʐ e n j e ts,,walker2011,,,^o ʐ e n j e ts$,default
Anauya-54_todrink-1,,Anauya,54_todrink,-ki,-ki,k i,,walker2011,,,^- k i$,default
Apurina-54_todrink-1,,Apurina,54_todrink,ãta,ãta,ã t a,,walker2011,,,^ã t a$,default
Aruan-54_todrink-1,,Aruan,54_todrink,eita,eita,e i t a,,walker2011,,,^e i t a$,default
Ashaninka-54_todrink-1,,Ashaninka,54_todrink,ninero,ninero,n i n e r o,,walker2011,,,^n i n e r o$,default
Xiriana-54_todrink-1,,Xiriana,54_todrink,kureta,kureta,k u r e t a,,walker2011,,,^k u r e t a$,default
Avane-54_todrink-1,,Avane,54_todrink,-kulua-ʂi,-kulua-ʂi,k u l u a + ʂ i,,walker2011,,,^- k u l u a - ʂ i$,default
BaniwaDoIcana-54_todrink-1,,BaniwaDoIcana,54_todrink,"-iːɻa, -zaka",-iːɻa,iː ɻ a,,walker2011,,,^- iː ɻ a$,default
BaniwaDoIcana-54_todrink-2,,BaniwaDoIcana,54_todrink,"-iːɻa, -zaka",-zaka,z a k a,,walker2011,,,^- z a k a$,default
Bare-54_todrink-1,,Bare,54_todrink,iɻa,iɻa,i ɻ a,,walker2011,,,^i ɻ a$,default
Baure-54_todrink-1,,Baure,54_todrink,eri,eri,e r i,,walker2011,,,^e r i$,default
Cabiyari-54_todrink-1,,Cabiyari,54_todrink,"-ira, kaila",-ira,i r a,,walker2011,,,^- i r a$,default
Cabiyari-54_todrink-2,,Cabiyari,54_todrink,"-ira, kaila",kaila,k a i l a,,walker2011,,,^k a i l a$,default
Caquinte-54_todrink-1,,Caquinte,54_todrink,miraga,miraga,m i r a g a,,walker2011,,,^m i r a g a$,default
Cariai-54_todrink-1,,Cariai,54_todrink,nu-rukua,nu-rukua,n u + r u k u a,,walker2011,,,^n u - r u k u a$,default
Chamicuro-54_todrink-1,,Chamicuro,54_todrink,ilahpi,ilahpi,i l a h p i,,walker2011,,,^i l a h p i$,default
EnaweneNawe-54_todrink-1,,EnaweneNawe,54_todrink,terá,terá,t e r á/a,,walker2011,,,^t e r á$,default
Garifuna-54_todrink-1,,Garifuna,54_todrink,"ata, gurá, uninein",ata,a t a,,walker2011,,,^a t a$,default
Garifuna-54_todrink-2,,Garifuna,54_todrink,"ata, gurá, uninein",gurá,g u r á/a,,walker2011,,,^g u r á$,default
Garifuna-54_todrink-3,,Garifuna,54_todrink,"ata, gurá, uninein",uninein,u n i n e i n,,walker2011,,,^u n i n e i n$,default
Wayuu-54_todrink-1,,Wayuu,54_todrink,asa,asa,a s a,,walker2011,,,^a s a$,default
Guinau-54_todrink-1,,Guinau,54_todrink,leweta,leweta,l e w e t a,,walker2011,,,^l e w e t a$,default
Ignaciano-54_todrink-1,,Ignaciano,54_todrink,era,era,e r a,,walker2011,,,^e r a$,default
Inapari-54_todrink-1,,Inapari,54_todrink,rĩʔama,rĩʔama,r ĩ ʔ a m a,,walker2011,,,^r ĩ ʔ a m a$,default
IslandCarib-54_todrink-1,,IslandCarib,54_todrink,ata,ata,a t a,,walker2011,,,^a t a$,default
Karutana-54_todrink-1,,Karutana,54_todrink,iraka,iraka,i r a k a,,walker2011,,,^i r a k a$,default
Kaishana-54_todrink-1,,Kaishana,54_todrink,-tsi,-tsi,ts i,,walker2011,,,^- ts i$,default
Kinikinao-54_todrink-1,,Kinikinao,54_todrink,niNeti,niNeti,n i ɴ e t i,,walker2011,,,^n i N e t i$,default
Curripaco-54_todrink-1,,Curripaco,54_todrink,irakheti,irakheti,i r a kʰ e t i,,walker2011,,,^i r a kh e t i$,default
Lokono-54_todrink-1,,Lokono,54_todrink,ɨthan,ɨthan,ɨ tʰ a n,,walker2011,,,^ɨ th a n$,default
Machiguenga-54_todrink-1,,Machiguenga,54_todrink,βiikan-gatsi,βiikan-gatsi,β iː k a n + g a ts i,,walker2011,,,^β ii k a n - g a ts i$,default
Manao-54_todrink-1,,Manao,54_todrink,nu-tɨira,nu-tɨira,n u + t ɨ i r a,,walker2011,,,^n u - t ɨ i r a$,default
Mandahuaca-54_todrink-1,,Mandahuaca,54_todrink,-ra,-ra,r a,,walker2011,,,^- r a$,default
Machinere-54_todrink-1,,Machinere,54_todrink,hɨre-rɨ,hɨre-rɨ,h ɨ r e + r ɨ,,walker2011,,,^h ɨ r e - r ɨ$,default
Marawan-54_todrink-1,,Marawan,54_todrink,"ilapa, irebene",ilapa,i l a p a,,walker2011,,,^i l a p a$,default
Marawan-54_todrink-2,,Marawan,54_todrink,"ilapa, irebene",irebene,i r e b e n e,,walker2011,,,^i r e b e n e$,default
Maragua-54_todrink-1,,Maragua,54_todrink,"pi-to, n-ita",pi-to,p i + t o,,walker2011,,,^p i - t o$,default
Maragua-54_todrink-2,,Maragua,54_todrink,"pi-to, n-ita",n-ita,n + i t a,,walker2011,,,^n - i t a$,default
Mariate-54_todrink-1,,Mariate,54_todrink,ipitaka,ipitaka,i p i t a k a,,walker2011,,,^i p i t a k a$,default
MapidianMawayana-54_todrink-1,,MapidianMawayana,54_todrink,ĩ-ukure-,ĩ-ukure-,ĩ + u k u r e,,walker2011,,,^ĩ - u k u r e -$,default
Mehinaku-54_todrink-1,,Mehinaku,54_todrink,nu-tuka-la,nu-tuka-la,n u + t u k a + l a,,walker2011,,,^n u - t u k a - l a$,default
Nomatsiguenga-54_todrink-1,,Nomatsiguenga,54_todrink,yogakaro,yogakaro,j o g a k a r o,,walker2011,,,^y o g a k a r o$,default
Palikur-54_todrink-1,,Palikur,54_todrink,higap,higap,h i g a p,,walker2011,,,^h i g a p$,default
Paraujano-54_todrink-1,,Paraujano,54_todrink,hnooti,hnooti,h n oː t i,,walker2011,,,^h n oo t i$,default
Parecis-54_todrink-1,,Parecis,54_todrink,tera,tera,t e r a,,walker2011,,,^t e r a$,default
Passe-54_todrink-1,,Passe,54_todrink,nikte,nikte,n i k t e,,walker2011,,,^n i k t e$,default
Piapoco-54_todrink-1,,Piapoco,54_todrink,nuiraka,nuiraka,n u i r a k a,,walker2011,,,^n u i r a k a$,default
Yine-54_todrink-1,,Yine,54_todrink,gii-rɨ,gii-rɨ,g iː + r ɨ,,walker2011,,,^g ii - r ɨ$,default
Resigaro-54_todrink-1,,Resigaro,54_todrink,-iʔdu,-iʔdu,i ʔ d u,,walker2011,,,^- i ʔ d u$,default
Tariana-54_todrink-1,,Tariana,54_todrink,diɾa,diɾa,d i ɾ a,,walker2011,,,^d i ɾ a$,default
Terena-54_todrink-1,,Terena,54_todrink,orekati,orekati,o r e k a t i,,walker2011,,,^o r e k a t i$,default
Trinitario-54_todrink-1,,Trinitario,54_todrink,ero,ero,e r o,,walker2011,,,^e r o$,default
Wainuma-54_todrink-1,,Wainuma,54_todrink,-ira,-ira,i r a,,walker2011,,,^- i r a$,default
Wapishana-54_todrink-1,,Wapishana,54_todrink,tɨʐan,tɨʐan,t ɨ ʐ a n,,walker2011,,,^t ɨ ʐ a n$,default
Araicu-54_todrink-1,,Araicu,54_todrink,neiratʃi,neiratʃi,n e i r a tʃ i,,walker2011,,,^n e i r a tʃ i$,default
Warekena-54_todrink-1,,Warekena,54_todrink,ilakasi,ilakasi,i l a k a s i,,walker2011,,,^i l a k a s i$,default
WarekenaVelha-54_todrink-1,,WarekenaVelha,54_todrink,kulua,kulua,k u l u a,,walker2011,,,^k u l u a$,default
Waura-54_todrink-1,,Waura,54_todrink,tuuka,tuuka,t uː k a,,walker2011,,,^t uu k a$,default
Yavitero-54_todrink-1,,Yavitero,54_todrink,liya,liya,l i j a,,walker2011,,,^l i y a$,default
Yawalapiti-54_todrink-1,,Yawalapiti,54_todrink,tuka,tuka,t u k a,,walker2011,,,^t u k a$,default
Yucuna-54_todrink-1,,Yucuna,54_todrink,iʔirakahe,iʔirakahe,i ʔ i r a k a h e,,walker2011,,,^i ʔ i r a k a h e$,default
Jumana-54_todrink-1,,Jumana,54_todrink,"nita, oyta, uny",nita,n i t a,,walker2011,,,^n i t a$,default
Jumana-54_todrink-2,,Jumana,54_todrink,"nita, oyta, uny",oyta,o j t a,,walker2011,,,^o y t a$,default
Jumana-54_todrink-3,,Jumana,54_todrink,"nita, oyta, uny",uny,u n y,,walker2011,,,^u n y$,default
Achagua-55_toeat-1,,Achagua,55_toeat,-yá,-yá,j á/a,,walker2011,,,^- y á$,default
Yanesha-55_toeat-1,,Yanesha,55_toeat,ʐenjets,ʐenjets,ʐ e n j e ts,,walker2011,,,^ʐ e n j e ts$,default
Anauya-55_toeat-1,,Anauya,55_toeat,-wakari,-wakari,w a k a r i,,walker2011,,,^- w a k a r i$,default
Apurina-55_toeat-1,,Apurina,55_toeat,ɲika,ɲika,ɲ i k a,,walker2011,,,^ɲ i k a$,default
Aruan-55_toeat-1,,Aruan,55_toeat,sapana,sapana,s a p a n a,,walker2011,,,^s a p a n a$,default
Ashaninka-55_toeat-1,,Ashaninka,55_toeat,ayea,ayea,a j e a,,walker2011,,,^a y e a$,default
Xiriana-55_toeat-1,,Xiriana,55_toeat,-nia,-nia,n i a,,walker2011,,,^- n i a$,default
Avane-55_toeat-1,,Avane,55_toeat,"-e, na",-e,e,,walker2011,,,^- e$,default
Avane-55_toeat-2,,Avane,55_toeat,"-e, na",na,n a,,walker2011,,,^n a$,default
BaniwaDoIcana-55_toeat-1,,BaniwaDoIcana,55_toeat,"-iːnhɲá, -iːhɲa",-iːnhɲá,iː nʰ ɲ á/a,,walker2011,,,^- iː nh ɲ á$,default
BaniwaDoIcana-55_toeat-2,,BaniwaDoIcana,55_toeat,"-iːnhɲá, -iːhɲa",-iːhɲa,iː h ɲ a,,walker2011,,,^- iː h ɲ a$,default
Bare-55_toeat-1,,Bare,55_toeat,nika,nika,n i k a,,walker2011,,,^n i k a$,default
Baure-55_toeat-1,,Baure,55_toeat,nik,nik,n i k,,walker2011,,,^n i k$,default
Cabiyari-55_toeat-1,,Cabiyari,55_toeat,-tʃhá,-tʃhá,tʃʰ á/a,,walker2011,,,^- tʃh á$,default
Caquinte-55_toeat-1,,Caquinte,55_toeat,ʃekah,ʃekah,ʃ e k a h,,walker2011,,,^ʃ e k a h$,default
Cariai-55_toeat-1,,Cariai,55_toeat,nu-yakata,nu-yakata,n u + j a k a t a,,walker2011,,,^n u - y a k a t a$,default
Chamicuro-55_toeat-1,,Chamicuro,55_toeat,unukne,unukne,u n u k n e,,walker2011,,,^u n u k n e$,default
EnaweneNawe-55_toeat-1,,EnaweneNawe,55_toeat,aniːni,aniːni,a n iː n i,,walker2011,,,^a n iː n i$,default
Garifuna-55_toeat-1,,Garifuna,55_toeat,"amaduduha, eiga, hou",amaduduha,a m a d u d u h a,,walker2011,,,^a m a d u d u h a$,default
Garifuna-55_toeat-2,,Garifuna,55_toeat,"amaduduha, eiga, hou",eiga,e i g a,,walker2011,,,^e i g a$,default
Garifuna-55_toeat-3,,Garifuna,55_toeat,"amaduduha, eiga, hou",hou,h o u,,walker2011,,,^h o u$,default
Wayuu-55_toeat-1,,Wayuu,55_toeat,ekaa,ekaa,e k aː,,walker2011,,,^e k aa$,default
Guinau-55_toeat-1,,Guinau,55_toeat,mbetsetsa,mbetsetsa,m b e ts e ts a,,walker2011,,,^m b e ts e ts a$,default
Ignaciano-55_toeat-1,,Ignaciano,55_toeat,nika,nika,n i k a,,walker2011,,,^n i k a$,default
Inapari-55_toeat-1,,Inapari,55_toeat,iniʔama,iniʔama,i n i ʔ a m a,,walker2011,,,^i n i ʔ a m a$,default
IslandCarib-55_toeat-1,,IslandCarib,55_toeat,aige,aige,a i g e,,walker2011,,,^a i g e$,default
Kaishana-55_toeat-1,,Kaishana,55_toeat,"hili,jahimu,hĩa, ɲa",hili,h i l i,,walker2011,,,^h i l i$,default
Kaishana-55_toeat-2,,Kaishana,55_toeat,"hili,jahimu,hĩa, ɲa",jahimu,j a h i m u,,walker2011,,,^j a h i m u$,default
Kaishana-55_toeat-3,,Kaishana,55_toeat,"hili,jahimu,hĩa, ɲa",hĩa,h ĩ a,,walker2011,,,^h ĩ a$,default
Kaishana-55_toeat-4,,Kaishana,55_toeat,"hili,jahimu,hĩa, ɲa",ɲa,ɲ a,,walker2011,,,^ɲ a$,default
Kinikinao-55_toeat-1,,Kinikinao,55_toeat,nikɔti,nikɔti,n i k ɔ t i,,walker2011,,,^n i k ɔ t i$,default
Curripaco-55_toeat-1,,Curripaco,55_toeat,ihniakheti,ihniakheti,i h n i a kʰ e t i,,walker2011,,,^i h n i a kh e t i$,default
Lokono-55_toeat-1,,Lokono,55_toeat,khoton,khoton,kʰ o t o n,,walker2011,,,^kh o t o n$,default
Machiguenga-55_toeat-1,,Machiguenga,55_toeat,ga-gantsi,ga-gantsi,g a + g a n ts i,,walker2011,,,^g a - g a n ts i$,default
Maipure-55_toeat-1,,Maipure,55_toeat,-eka-,-eka-,e k a,,walker2011,,,^- e k a -$,default
Manao-55_toeat-1,,Manao,55_toeat,wena aitʃa,wena_aitʃa,w e n a + a i tʃ a,,walker2011,,,^w e n a _ a i tʃ a$,default
Mandahuaca-55_toeat-1,,Mandahuaca,55_toeat,-naha,-naha,n a h a,,walker2011,,,^- n a h a$,default
Machinere-55_toeat-1,,Machinere,55_toeat,niki-li,niki-li,n i k i + l i,,walker2011,,,^n i k i - l i$,default
Marawan-55_toeat-1,,Marawan,55_toeat,"aisa, aiskar",aisa,a i s a,,walker2011,,,^a i s a$,default
Marawan-55_toeat-2,,Marawan,55_toeat,"aisa, aiskar",aiskar,a i s k a r,,walker2011,,,^a i s k a r$,default
Maragua-55_toeat-1,,Maragua,55_toeat,"p-eziuia, isiu, hemena, n-ituka",p-eziuia,p + e z i u i a,,walker2011,,,^p - e z i u i a$,default
Maragua-55_toeat-2,,Maragua,55_toeat,"p-eziuia, isiu, hemena, n-ituka",isiu,i s i u,,walker2011,,,^i s i u$,default
Maragua-55_toeat-3,,Maragua,55_toeat,"p-eziuia, isiu, hemena, n-ituka",hemena,h e m e n a,,walker2011,,,^h e m e n a$,default
Maragua-55_toeat-4,,Maragua,55_toeat,"p-eziuia, isiu, hemena, n-ituka",n-ituka,n + i t u k a,,walker2011,,,^n - i t u k a$,default
Mariate-55_toeat-1,,Mariate,55_toeat,-ana-ka,-ana-ka,a n a + k a,,walker2011,,,^- a n a - k a$,default
MapidianMawayana-55_toeat-1,,MapidianMawayana,55_toeat,ĩka,ĩka,ĩ k a,,walker2011,,,^ĩ k a$,default
Mehinaku-55_toeat-1,,Mehinaku,55_toeat,aĩʧa-pai,aĩʧa-pai,a ĩ tʃ a + p a i,,walker2011,,,^a ĩ ʧ a - p a i$,default
Nomatsiguenga-55_toeat-1,,Nomatsiguenga,55_toeat,yapɨ,yapɨ,j a p ɨ,,walker2011,,,^y a p ɨ$,default
Palikur-55_toeat-1,,Palikur,55_toeat,ax,ax,a x,,walker2011,,,^a x$,default
Paraujano-55_toeat-1,,Paraujano,55_toeat,a-ka,a-ka,a + k a,,walker2011,,,^a - k a$,default
Parecis-55_toeat-1,,Parecis,55_toeat,kanakaira,kanakaira,k a n a k a i r a,,walker2011,,,^k a n a k a i r a$,default
Passe-55_toeat-1,,Passe,55_toeat,zunau,zunau,z u n a u,,walker2011,,,^z u n a u$,default
Piapoco-55_toeat-1,,Piapoco,55_toeat,nuyáaka,nuyáaka,n u j á/a a k a,,walker2011,,,^n u y á a k a$,default
Yine-55_toeat-1,,Yine,55_toeat,naʃnew-lɨ,naʃnew-lɨ,n a ʃ n e w + l ɨ,,walker2011,,,^n a ʃ n e w - l ɨ$,default
Resigaro-55_toeat-1,,Resigaro,55_toeat,"-aʔmitu, -ʃu [carne], -khu [fruta e coisas doces]",-aʔmitu,a ʔ m i t u,,walker2011,,,^- a ʔ m i t u$,default
Resigaro-55_toeat-2,,Resigaro,55_toeat,"-aʔmitu, -ʃu [carne], -khu [fruta e coisas doces]",-ʃu_,ʃ u,,walker2011,,,^- ʃ u _$,default
Resigaro-55_toeat-3,,Resigaro,55_toeat,"-aʔmitu, -ʃu [carne], -khu [fruta e coisas doces]",-khu_,kʰ u,,walker2011,,,^- kh u _$,default
Saraveca-55_toeat-1,,Saraveca,55_toeat,i-nihitʃa,i-nihitʃa,i + n i h i tʃ a,,walker2011,,,^i - n i h i tʃ a$,default
Taino-55_toeat-1,,Taino,55_toeat,"imas, yamuy",imas,i m a s,,walker2011,,,^i m a s$,default
Taino-55_toeat-2,,Taino,55_toeat,"imas, yamuy",yamuy,j a m u y,,walker2011,,,^y a m u y$,default
Tariana-55_toeat-1,,Tariana,55_toeat,ɲha,ɲha,ɲʰ a,,walker2011,,,^ɲh a$,default
Terena-55_toeat-1,,Terena,55_toeat,níko,níko,n í/i k o,,walker2011,,,^n í k o$,default
Trinitario-55_toeat-1,,Trinitario,55_toeat,niko,niko,n i k o,,walker2011,,,^n i k o$,default
Wainuma-55_toeat-1,,Wainuma,55_toeat,"-tʃauu,tʃaba",-tʃauu,tʃ a uː,,walker2011,,,^- tʃ a uu$,default
Wainuma-55_toeat-2,,Wainuma,55_toeat,"-tʃauu,tʃaba",tʃaba,tʃ a b a,,walker2011,,,^tʃ a b a$,default
Wapishana-55_toeat-1,,Wapishana,55_toeat,"aɽuap, nikan",aɽuap,a ɽ u a p,,walker2011,,,^a ɽ u a p$,default
Wapishana-55_toeat-2,,Wapishana,55_toeat,"aɽuap, nikan",nikan,n i k a n,,walker2011,,,^n i k a n$,default
Araicu-55_toeat-1,,Araicu,55_toeat,penke,penke,p e n k e,,walker2011,,,^p e n k e$,default
Warekena-55_toeat-1,,Warekena,55_toeat,hyakasi,hyakasi,h j a k a s i,,walker2011,,,^h y a k a s i$,default
WarekenaVelha-55_toeat-1,,WarekenaVelha,55_toeat,e,e,e,,walker2011,,,^e$,default
Waura-55_toeat-1,,Waura,55_toeat,ãĩtya-,ãĩtya-,ã ĩ t j a,,walker2011,,,^ã ĩ t y a -$,default
Yavitero-55_toeat-1,,Yavitero,55_toeat,eɲa,eɲa,e ɲ a,,walker2011,,,^e ɲ a$,default
Yawalapiti-55_toeat-1,,Yawalapiti,55_toeat,tʃa,tʃa,tʃ a,,walker2011,,,^tʃ a$,default
Yucuna-55_toeat-1,,Yucuna,55_toeat,ahɲakahe,ahɲakahe,a h ɲ a k a h e,,walker2011,,,^a h ɲ a k a h e$,default
Jumana-55_toeat-1,,Jumana,55_toeat,"isaanawa, nyssawaha",isaanawa,i s aː n a w a,,walker2011,,,^i s aa n a w a$,default
Jumana-55_toeat-2,,Jumana,55_toeat,"isaanawa, nyssawaha",nyssawaha,n j sː a w a h a,,walker2011,,,^n y ss a w a h a$,default
Achagua-56_tobite-1,,Achagua,56_tobite,-amua,-amua,a m u a,,walker2011,,,^- a m u a$,default
Yanesha-56_tobite-1,,Yanesha,56_tobite,atʃenjets,atʃenjets,a tʃ e n j e ts,,walker2011,,,^a tʃ e n j e ts$,default
Apurina-56_tobite-1,,Apurina,56_tobite,katsata,katsata,k a ts a t a,,walker2011,,,^k a ts a t a$,default
Ashaninka-56_tobite-1,,Ashaninka,56_tobite,natsikiri,natsikiri,n a ts i k i r i,,walker2011,,,^n a ts i k i r i$,default
Xiriana-56_tobite-1,,Xiriana,56_tobite,-karuta,-karuta,k a r u t a,,walker2011,,,^- k a r u t a$,default
Avane-56_tobite-1,,Avane,56_tobite,-mutsi-tata-ʂi,-mutsi-tata-ʂi,m u ts i + t a t a + ʂ i,,walker2011,,,^- m u ts i - t a t a - ʂ i$,default
BaniwaDoIcana-56_tobite-1,,BaniwaDoIcana,56_tobite,"-hmua, -hwãã, -ihnua",-hmua,h m u a,,walker2011,,,^- h m u a$,default
BaniwaDoIcana-56_tobite-2,,BaniwaDoIcana,56_tobite,"-hmua, -hwãã, -ihnua",-hwãã,ʰw ãː,,walker2011,,,^- hw ãã$,default
BaniwaDoIcana-56_tobite-3,,BaniwaDoIcana,56_tobite,"-hmua, -hwãã, -ihnua",-ihnua,i h n u a,,walker2011,,,^- i h n u a$,default
Bare-56_tobite-1,,Bare,56_tobite,kharuka,kharuka,kʰ a r u k a,,walker2011,,,^kh a r u k a$,default
Baure-56_tobite-1,,Baure,56_tobite,komorok,komorok,k o m o r o k,,walker2011,,,^k o m o r o k$,default
Cabiyari-56_tobite-1,,Cabiyari,56_tobite,-amhe,-amhe,a mʰ e,,walker2011,,,^- a mh e$,default
Caquinte-56_tobite-1,,Caquinte,56_tobite,atsikaga,atsikaga,a ts i k a g a,,walker2011,,,^a ts i k a g a$,default
Chamicuro-56_tobite-1,,Chamicuro,56_tobite,ikeʃi,ikeʃi,i k e ʃ i,,walker2011,,,^i k e ʃ i$,default
EnaweneNawe-56_tobite-1,,EnaweneNawe,56_tobite,talokwene,talokwene,t a l o kʷ e n e,,walker2011,,,^t a l o kw e n e$,default
Garifuna-56_tobite-1,,Garifuna,56_tobite,ágɨragua,ágɨragua,á/a g ɨ r a g u a,,walker2011,,,^á g ɨ r a g u a$,default
Wayuu-56_tobite-1,,Wayuu,56_tobite,o-hot-ta-a,o-hot-ta-a,o + h o t + t a + a,,walker2011,,,^o - h o t - t a - a$,default
Ignaciano-56_tobite-1,,Ignaciano,56_tobite,nihuraka,nihuraka,n i h u r a k a,,walker2011,,,^n i h u r a k a$,default
Inapari-56_tobite-1,,Inapari,56_tobite,rapɨ́mári,rapɨ́mári,r a p ɨ́/ɨ m á/a r i,,walker2011,,,^r a p ɨ́ m á r i$,default
IslandCarib-56_tobite-1,,IslandCarib,56_tobite,ariga,ariga,a r i g a,,walker2011,,,^a r i g a$,default
Kaishana-56_tobite-1,,Kaishana,56_tobite,"ahimimhu, ama(kaa)",ahimimhu,a h i m i mʰ u,,walker2011,,,^a h i m i mh u$,default
Kaishana-56_tobite-2,,Kaishana,56_tobite,"ahimimhu, ama(kaa)",ama,a m a,,walker2011,,,^a m a$,default
Kinikinao-56_tobite-1,,Kinikinao,56_tobite,aranʒukua,aranʒukua,a r a ʒ̃ u k u a,,walker2011,,,^a r a nʒ u k u a$,default
Curripaco-56_tobite-1,,Curripaco,56_tobite,ihnuakheti,ihnuakheti,i h n u a kʰ e t i,,walker2011,,,^i h n u a kh e t i$,default
Lokono-56_tobite-1,,Lokono,56_tobite,rɨdɨn,rɨdɨn,r ɨ d ɨ n,,walker2011,,,^r ɨ d ɨ n$,default
Machiguenga-56_tobite-1,,Machiguenga,56_tobite,tsika-gantsi,tsika-gantsi,ts i k a + g a n ts i,,walker2011,,,^ts i k a - g a n ts i$,default
Machinere-56_tobite-1,,Machinere,56_tobite,reskatuskaiwi,reskatuskaiwi,r e s k a t u s k a i w i,,walker2011,,,^r e s k a t u s k a i w i$,default
Maragua-56_tobite-1,,Maragua,56_tobite,usabia,usabia,u s a b i a,,walker2011,,,^u s a b i a$,default
MapidianMawayana-56_tobite-1,,MapidianMawayana,56_tobite,-awɨʃa,-awɨʃa,a w ɨ ʃ a,,walker2011,,,^- a w ɨ ʃ a$,default
Mehinaku-56_tobite-1,,Mehinaku,56_tobite,pahitsɨ,pahitsɨ,p a h i ts ɨ,,walker2011,,,^p a h i ts ɨ$,default
Nomatsiguenga-56_tobite-1,,Nomatsiguenga,56_tobite,itsiakeri,itsiakeri,i ts i a k e r i,,walker2011,,,^i ts i a k e r i$,default
Palikur-56_tobite-1,,Palikur,56_tobite,kagah,kagah,k a g a h,,walker2011,,,^k a g a h$,default
Paraujano-56_tobite-1,,Paraujano,56_tobite,orodi,orodi,o r o d i,,walker2011,,,^o r o d i$,default
Parecis-56_tobite-1,,Parecis,56_tobite,tjaoloka,tjaoloka,t j a o l o k a,,walker2011,,,^t j a o l o k a$,default
Piapoco-56_tobite-1,,Piapoco,56_tobite,itʃikuádaka,itʃikuádaka,i tʃ i k u á/a d a k a,,walker2011,,,^i tʃ i k u á d a k a$,default
Yine-56_tobite-1,,Yine,56_tobite,gaka-lɨ,gaka-lɨ,g a k a + l ɨ,,walker2011,,,^g a k a - l ɨ$,default
Resigaro-56_tobite-1,,Resigaro,56_tobite,-em̥u,-em̥u,e m̥ u,,walker2011,,,^- e m̥ u$,default
Taino-56_tobite-1,,Taino,56_tobite,agorogua,agorogua,a g o r o g u a,,walker2011,,,^a g o r o g u a$,default
Tariana-56_tobite-1,,Tariana,56_tobite,whã,whã,wʰ ã,,walker2011,,,^wh ã$,default
Terena-56_tobite-1,,Terena,56_tobite,arúʃuko,arúʃuko,a r ú/u ʃ u k o,,walker2011,,,^a r ú ʃ u k o$,default
Trinitario-56_tobite-1,,Trinitario,56_tobite,niko,niko,n i k o,,walker2011,,,^n i k o$,default
Wapishana-56_tobite-1,,Wapishana,56_tobite,aru,aru,a r u,,walker2011,,,^a r u$,default
Warekena-56_tobite-1,,Warekena,56_tobite,hamukasi,hamukasi,h a m u k a s i,,walker2011,,,^h a m u k a s i$,default
WarekenaVelha-56_tobite-1,,WarekenaVelha,56_tobite,mutʃita,mutʃita,m u tʃ i t a,,walker2011,,,^m u tʃ i t a$,default
Waura-56_tobite-1,,Waura,56_tobite,taluka,taluka,t a l u k a,,walker2011,,,^t a l u k a$,default
Yavitero-56_tobite-1,,Yavitero,56_tobite,tata,tata,t a t a,,walker2011,,,^t a t a$,default
Yawalapiti-56_tobite-1,,Yawalapiti,56_tobite,atʃa,atʃa,a tʃ a,,walker2011,,,^a tʃ a$,default
Yucuna-56_tobite-1,,Yucuna,56_tobite,ahmaʔakahe,ahmaʔakahe,a h m a ʔ a k a h e,,walker2011,,,^a h m a ʔ a k a h e$,default
Achagua-57_tosee-1,,Achagua,57_tosee,-kaba,-kaba,k a b a,,walker2011,,,^- k a b a$,default
Yanesha-57_tosee-1,,Yanesha,57_tosee,entenjets,entenjets,e n t e n j e ts,,walker2011,,,^e n t e n j e ts$,default
Apurina-57_tosee-1,,Apurina,57_tosee,atama,atama,a t a m a,,walker2011,,,^a t a m a$,default
Ashaninka-57_tosee-1,,Ashaninka,57_tosee,inei,inei,i n e i,,walker2011,,,^i n e i$,default
Xiriana-57_tosee-1,,Xiriana,57_tosee,-haɸuta,-haɸuta,h a ɸ u t a,,walker2011,,,^- h a ɸ u t a$,default
Avane-57_tosee-1,,Avane,57_tosee,-eːda-ʂi,-eːda-ʂi,eː d a + ʂ i,,walker2011,,,^- eː d a - ʂ i$,default
BaniwaDoIcana-57_tosee-1,,BaniwaDoIcana,57_tosee,-kapa,-kapa,k a p a,,walker2011,,,^- k a p a$,default
Bare-57_tosee-1,,Bare,57_tosee,yada,yada,j a d a,,walker2011,,,^y a d a$,default
Baure-57_tosee-1,,Baure,57_tosee,hinok,hinok,h i n o k,,walker2011,,,^h i n o k$,default
Cabiyari-57_tosee-1,,Cabiyari,57_tosee,-kha,-kha,kʰ a,,walker2011,,,^- kh a$,default
Caquinte-57_tosee-1,,Caquinte,57_tosee,neh,neh,n e h,,walker2011,,,^n e h$,default
Chamicuro-57_tosee-1,,Chamicuro,57_tosee,unisi,unisi,u n i s i,,walker2011,,,^u n i s i$,default
Garifuna-57_tosee-1,,Garifuna,57_tosee,ariha,ariha,a r i h a,,walker2011,,,^a r i h a$,default
Wayuu-57_tosee-1,,Wayuu,57_tosee,eɾa,eɾa,e ɾ a,,walker2011,,,^e ɾ a$,default
Ignaciano-57_tosee-1,,Ignaciano,57_tosee,ímaʔa,ímaʔa,í/i m a ʔ a,,walker2011,,,^í m a ʔ a$,default
Inapari-57_tosee-1,,Inapari,57_tosee,runáʔama,runáʔama,r u n á/a ʔ a m a,,walker2011,,,^r u n á ʔ a m a$,default
IslandCarib-57_tosee-1,,IslandCarib,57_tosee,agoragua,agoragua,a g o r a g u a,,walker2011,,,^a g o r a g u a$,default
Kaishana-57_tosee-1,,Kaishana,57_tosee,"-k(i)e-la, -(i)ka",-ke-la,k e + l a,,walker2011,,,^- k e - l a$,default
Kaishana-57_tosee-2,,Kaishana,57_tosee,"-k(i)e-la, -(i)ka",-ka,k a,,walker2011,,,^- k a$,default
Kinikinao-57_tosee-1,,Kinikinao,57_tosee,nõ,nõ,n õ,,walker2011,,,^n õ$,default
Curripaco-57_tosee-1,,Curripaco,57_tosee,ikapaketi,ikapaketi,i k a p a k e t i,,walker2011,,,^i k a p a k e t i$,default
Lokono-57_tosee-1,,Lokono,57_tosee,dɨkhɨn,dɨkhɨn,d ɨ kʰ ɨ n,,walker2011,,,^d ɨ kh ɨ n$,default
Machiguenga-57_tosee-1,,Machiguenga,57_tosee,nea-gantsi,nea-gantsi,n e a + g a n ts i,,walker2011,,,^n e a - g a n ts i$,default
Maipure-57_tosee-1,,Maipure,57_tosee,-awa,-awa,a w a,,walker2011,,,^- a w a$,default
Manao-57_tosee-1,,Manao,57_tosee,"pikimɨtapa, nukala",pikimɨtapa,p i k i m ɨ t a p a,,walker2011,,,^p i k i m ɨ t a p a$,default
Manao-57_tosee-2,,Manao,57_tosee,"pikimɨtapa, nukala",nukala,n u k a l a,,walker2011,,,^n u k a l a$,default
Mandahuaca-57_tosee-1,,Mandahuaca,57_tosee,-kahana,-kahana,k a h a n a,,walker2011,,,^- k a h a n a$,default
Maragua-57_tosee-1,,Maragua,57_tosee,"kaunia, -eura",kaunia,k a u n i a,,walker2011,,,^k a u n i a$,default
Maragua-57_tosee-2,,Maragua,57_tosee,"kaunia, -eura",-eura,e u r a,,walker2011,,,^- e u r a$,default
Mariate-57_tosee-1,,Mariate,57_tosee,"owamemu,-nuyke",owamemu,o w a m e m u,,walker2011,,,^o w a m e m u$,default
Mariate-57_tosee-2,,Mariate,57_tosee,"owamemu,-nuyke",-nuyke,n u j k e,,walker2011,,,^- n u y k e$,default
MapidianMawayana-57_tosee-1,,MapidianMawayana,57_tosee,ri-tʃika,ri-tʃika,r i + tʃ i k a,,walker2011,,,^r i - tʃ i k a$,default
Mehinaku-57_tosee-1,,Mehinaku,57_tosee,ɨnupawɨ,ɨnupawɨ,ɨ n u p a w ɨ,,walker2011,,,^ɨ n u p a w ɨ$,default
Nomatsiguenga-57_tosee-1,,Nomatsiguenga,57_tosee,iniakeri,iniakeri,i n i a k e r i,,walker2011,,,^i n i a k e r i$,default
Palikur-57_tosee-1,,Palikur,57_tosee,hiya,hiya,h i j a,,walker2011,,,^h i y a$,default
Paraujano-57_tosee-1,,Paraujano,57_tosee,teri,teri,t e r i,,walker2011,,,^t e r i$,default
Parecis-57_tosee-1,,Parecis,57_tosee,waija,waija,w a i j a,,walker2011,,,^w a i j a$,default
Passe-57_tosee-1,,Passe,57_tosee,-lo-pala,-lo-pala,l o + p a l a,,walker2011,,,^- l o - p a l a$,default
Piapoco-57_tosee-1,,Piapoco,57_tosee,nuikáka,nuikáka,n u i k á/a k a,,walker2011,,,^n u i k á k a$,default
Yine-57_tosee-1,,Yine,57_tosee,get-lɨ,get-lɨ,g e t + l ɨ,,walker2011,,,^g e t - l ɨ$,default
Resigaro-57_tosee-1,,Resigaro,57_tosee,-tsheni,-tsheni,tsʰ e n i,,walker2011,,,^- tsh e n i$,default
Taino-57_tosee-1,,Taino,57_tosee,-rikẽ,-rikẽ,r i k ẽ,,walker2011,,,^- r i k ẽ$,default
Tariana-57_tosee-1,,Tariana,57_tosee,ka,ka,k a,,walker2011,,,^k a$,default
Terena-57_tosee-1,,Terena,57_tosee,noíʃo,noíʃo,n o í/i ʃ o,,walker2011,,,^n o í ʃ o$,default
Trinitario-57_tosee-1,,Trinitario,57_tosee,imʔo,imʔo,i m ʔ o,,walker2011,,,^i m ʔ o$,default
Wainuma-57_tosee-1,,Wainuma,57_tosee,baruhakaga,baruhakaga,b a r u h a k a g a,,walker2011,,,^b a r u h a k a g a$,default
Wapishana-57_tosee-1,,Wapishana,57_tosee,tɨkpan,tɨkpan,t ɨ k p a n,,walker2011,,,^t ɨ k p a n$,default
Araicu-57_tosee-1,,Araicu,57_tosee,natka,natka,n a t k a,,walker2011,,,^n a t k a$,default
Warekena-57_tosee-1,,Warekena,57_tosee,ikakasi,ikakasi,i k a k a s i,,walker2011,,,^i k a k a s i$,default
WarekenaVelha-57_tosee-1,,WarekenaVelha,57_tosee,"pia, eda",pia,p i a,,walker2011,,,^p i a$,default
WarekenaVelha-57_tosee-2,,WarekenaVelha,57_tosee,"pia, eda",eda,e d a,,walker2011,,,^e d a$,default
Waura-57_tosee-1,,Waura,57_tosee,epete,epete,e p e t e,,walker2011,,,^e p e t e$,default
Yavitero-57_tosee-1,,Yavitero,57_tosee,mita,mita,m i t a,,walker2011,,,^m i t a$,default
Yucuna-57_tosee-1,,Yucuna,57_tosee,amakahe,amakahe,a m a k a h e,,walker2011,,,^a m a k a h e$,default
Jumana-57_tosee-1,,Jumana,57_tosee,imkeaku,imkeaku,i m k e a k u,,walker2011,,,^i m k e a k u$,default
Achagua-58_tohear-1,,Achagua,58_tohear,-emi,-emi,e m i,,walker2011,,,^- e m i$,default
Yanesha-58_tohear-1,,Yanesha,58_tohear,wenjets,wenjets,w e n j e ts,,walker2011,,,^w e n j e ts$,default
Apurina-58_tohear-1,,Apurina,58_tohear,kemako-,kemako-,k e m a k o,,walker2011,,,^k e m a k o -$,default
Ashaninka-58_tohear-1,,Ashaninka,58_tohear,noninatakeri,noninatakeri,n o n i n a t a k e r i,,walker2011,,,^n o n i n a t a k e r i$,default
Xiriana-58_tohear-1,,Xiriana,58_tohear,-kimita,-kimita,k i m i t a,,walker2011,,,^- k i m i t a$,default
Avane-58_tohear-1,,Avane,58_tohear,-eda-yuʂana-ʂi,-eda-yuʂana-ʂi,e d a + j u ʂ a n a + ʂ i,,walker2011,,,^- e d a - y u ʂ a n a - ʂ i$,default
BaniwaDoIcana-58_tohear-1,,BaniwaDoIcana,58_tohear,"-hima, -himi",-hima,h i m a,,walker2011,,,^- h i m a$,default
BaniwaDoIcana-58_tohear-2,,BaniwaDoIcana,58_tohear,"-hima, -himi",-himi,h i m i,,walker2011,,,^- h i m i$,default
Bare-58_tohear-1,,Bare,58_tohear,temuda,temuda,t e m u d a,,walker2011,,,^t e m u d a$,default
Baure-58_tohear-1,,Baure,58_tohear,sompo,sompo,s o m p o,,walker2011,,,^s o m p o$,default
Cabiyari-58_tohear-1,,Cabiyari,58_tohear,-heme,-heme,h e m e,,walker2011,,,^- h e m e$,default
Caquinte-58_tohear-1,,Caquinte,58_tohear,kemisa,kemisa,k e m i s a,,walker2011,,,^k e m i s a$,default
Chamicuro-58_tohear-1,,Chamicuro,58_tohear,ukeʔmi,ukeʔmi,u k e ʔ m i,,walker2011,,,^u k e ʔ m i$,default
Garifuna-58_tohear-1,,Garifuna,58_tohear,aganba,aganba,a g a n b a,,walker2011,,,^a g a n b a$,default
Wayuu-58_tohear-1,,Wayuu,58_tohear,apa,apa,a p a,,walker2011,,,^a p a$,default
Ignaciano-58_tohear-1,,Ignaciano,58_tohear,sama,sama,s a m a,,walker2011,,,^s a m a$,default
Inapari-58_tohear-1,,Inapari,58_tohear,ihamamá,ihamamá,i h a m a m á/a,,walker2011,,,^i h a m a m á$,default
IslandCarib-58_tohear-1,,IslandCarib,58_tohear,agaba,agaba,a g a b a,,walker2011,,,^a g a b a$,default
Kaishana-58_tohear-1,,Kaishana,58_tohear,"-ima, kuti",-ima,i m a,,walker2011,,,^- i m a$,default
Kaishana-58_tohear-2,,Kaishana,58_tohear,"-ima, kuti",kuti,k u t i,,walker2011,,,^k u t i$,default
Kinikinao-58_tohear-1,,Kinikinao,58_tohear,goma,goma,g o m a,,walker2011,,,^g o m a$,default
Curripaco-58_tohear-1,,Curripaco,58_tohear,himaketi,himaketi,h i m a k e t i,,walker2011,,,^h i m a k e t i$,default
Lokono-58_tohear-1,,Lokono,58_tohear,kanaban,kanaban,k a n a b a n,,walker2011,,,^k a n a b a n$,default
Machiguenga-58_tohear-1,,Machiguenga,58_tohear,kema-gantsi,kema-gantsi,k e m a + g a n ts i,,walker2011,,,^k e m a - g a n ts i$,default
Maipure-58_tohear-1,,Maipure,58_tohear,kaka,kaka,k a k a,,walker2011,,,^k a k a$,default
Mandahuaca-58_tohear-1,,Mandahuaca,58_tohear,-hema,-hema,h e m a,,walker2011,,,^- h e m a$,default
Machinere-58_tohear-1,,Machinere,58_tohear,hinakopɨnɨ,hinakopɨnɨ,h i n a k o p ɨ n ɨ,,walker2011,,,^h i n a k o p ɨ n ɨ$,default
Maragua-58_tohear-1,,Maragua,58_tohear,"n-ekemisahe, ukimiza",n-ekemisahe,n + e k e m i s a h e,,walker2011,,,^n - e k e m i s a h e$,default
Maragua-58_tohear-2,,Maragua,58_tohear,"n-ekemisahe, ukimiza",ukimiza,u k i m i z a,,walker2011,,,^u k i m i z a$,default
Mariate-58_tohear-1,,Mariate,58_tohear,-rikiu,-rikiu,r i k i u,,walker2011,,,^- r i k i u$,default
MapidianMawayana-58_tohear-1,,MapidianMawayana,58_tohear,-rɨ-kɨnɨde,-rɨ-kɨnɨde,r ɨ + k ɨ n ɨ d e,,walker2011,,,^- r ɨ - k ɨ n ɨ d e$,default
Mehinaku-58_tohear-1,,Mehinaku,58_tohear,etemewɨ,etemewɨ,e t e m e w ɨ,,walker2011,,,^e t e m e w ɨ$,default
Nomatsiguenga-58_tohear-1,,Nomatsiguenga,58_tohear,ikemakeri,ikemakeri,i k e m a k e r i,,walker2011,,,^i k e m a k e r i$,default
Palikur-58_tohear-1,,Palikur,58_tohear,timap,timap,t i m a p,,walker2011,,,^t i m a p$,default
Parecis-58_tohear-1,,Parecis,58_tohear,tsema,tsema,ts e m a,,walker2011,,,^ts e m a$,default
Passe-58_tohear-1,,Passe,58_tohear,soe,soe,s o e,,walker2011,,,^s o e$,default
Piapoco-58_tohear-1,,Piapoco,58_tohear,nuémìaka,nuémìaka,n u é/e m ì/i a k a,,walker2011,,,^n u é m ì a k a$,default
Yine-58_tohear-1,,Yine,58_tohear,hem-lɨ,hem-lɨ,h e m + l ɨ,,walker2011,,,^h e m - l ɨ$,default
Resigaro-58_tohear-1,,Resigaro,58_tohear,-heʔum,-heʔum,h e ʔ u m,,walker2011,,,^- h e ʔ u m$,default
Taino-58_tohear-1,,Taino,58_tohear,"-ã, -am-, kama, acondabo",-ã,ã,,walker2011,,,^- ã$,default
Taino-58_tohear-2,,Taino,58_tohear,"-ã, -am-, kama, acondabo",-am-,a m,,walker2011,,,^- a m -$,default
Taino-58_tohear-3,,Taino,58_tohear,"-ã, -am-, kama, acondabo",kama,k a m a,,walker2011,,,^k a m a$,default
Taino-58_tohear-4,,Taino,58_tohear,"-ã, -am-, kama, acondabo",acondabo,a c o n d a b o,,walker2011,,,^a c o n d a b o$,default
Tariana-58_tohear-1,,Tariana,58_tohear,dhima,dhima,dʰ i m a,,walker2011,,,^dh i m a$,default
Terena-58_tohear-1,,Terena,58_tohear,kâmo,kâmo,k â/a m o,,walker2011,,,^k â m o$,default
Trinitario-58_tohear-1,,Trinitario,58_tohear,atsamo,atsamo,a ts a m o,,walker2011,,,^a ts a m o$,default
Wainuma-58_tohear-1,,Wainuma,58_tohear,-ɨhmapa,-ɨhmapa,ɨ h m a p a,,walker2011,,,^- ɨ h m a p a$,default
Wapishana-58_tohear-1,,Wapishana,58_tohear,abatan,abatan,a b a t a n,,walker2011,,,^a b a t a n$,default
Araicu-58_tohear-1,,Araicu,58_tohear,neyeka,neyeka,n e j e k a,,walker2011,,,^n e y e k a$,default
Warekena-58_tohear-1,,Warekena,58_tohear,hemakasi,hemakasi,h e m a k a s i,,walker2011,,,^h e m a k a s i$,default
WarekenaVelha-58_tohear-1,,WarekenaVelha,58_tohear,neda,neda,n e d a,,walker2011,,,^n e d a$,default
Waura-58_tohear-1,,Waura,58_tohear,eteme,eteme,e t e m e,,walker2011,,,^e t e m e$,default
Yavitero-58_tohear-1,,Yavitero,58_tohear,keheta,keheta,k e h e t a,,walker2011,,,^k e h e t a$,default
Yawalapiti-58_tohear-1,,Yawalapiti,58_tohear,pɨtsɨmɨ,pɨtsɨmɨ,p ɨ ts ɨ m ɨ,,walker2011,,,^p ɨ ts ɨ m ɨ$,default
Yucuna-58_tohear-1,,Yucuna,58_tohear,hemaʔakahe,hemaʔakahe,h e m a ʔ a k a h e,,walker2011,,,^h e m a ʔ a k a h e$,default
Jumana-58_tohear-1,,Jumana,58_tohear,muatʃa,muatʃa,m u a tʃ a,,walker2011,,,^m u a tʃ a$,default
Achagua-59_toknow-1,,Achagua,59_toknow,-aleːna,-aleːna,a l eː n a,,walker2011,,,^- a l eː n a$,default
Yanesha-59_toknow-1,,Yanesha,59_toknow,enjotenjets,enjotenjets,e n j o t e n j e ts,,walker2011,,,^e n j o t e n j e ts$,default
Apurina-59_toknow-1,,Apurina,59_toknow,ɨmata,ɨmata,ɨ m a t a,,walker2011,,,^ɨ m a t a$,default
Ashaninka-59_toknow-1,,Ashaninka,59_toknow,noite,noite,n o i t e,,walker2011,,,^n o i t e$,default
Xiriana-59_toknow-1,,Xiriana,59_toknow,-hafuta,-hafuta,h a f u t a,,walker2011,,,^- h a f u t a$,default
Avane-59_toknow-1,,Avane,59_toknow,-edatse-ʂi,-edatse-ʂi,e d a ts e + ʂ i,,walker2011,,,^- e d a ts e - ʂ i$,default
BaniwaDoIcana-59_toknow-1,,BaniwaDoIcana,59_toknow,-aːhnːe(iː),-aːhnːe,aː h ɲ e,,walker2011,,,^- aː h nː e$,default
Bare-59_toknow-1,,Bare,59_toknow,kathehesa,kathehesa,k a tʰ e h e s a,,walker2011,,,^k a th e h e s a$,default
Baure-59_toknow-1,,Baure,59_toknow,tiri,tiri,t i r i,,walker2011,,,^t i r i$,default
Cabiyari-59_toknow-1,,Cabiyari,59_toknow,-araɲu,-araɲu,a r a ɲ u,,walker2011,,,^- a r a ɲ u$,default
Caquinte-59_toknow-1,,Caquinte,59_toknow,tsa,tsa,ts a,,walker2011,,,^ts a$,default
Chamicuro-59_toknow-1,,Chamicuro,59_toknow,uʔtale,uʔtale,u ʔ t a l e,,walker2011,,,^u ʔ t a l e$,default
EnaweneNawe-59_toknow-1,,EnaweneNawe,59_toknow,sotene,sotene,s o t e n e,,walker2011,,,^s o t e n e$,default
Garifuna-59_toknow-1,,Garifuna,59_toknow,"asubudira, asubusira, subudi, subudihabu",asubudira,a s u b u d i r a,,walker2011,,,^a s u b u d i r a$,default
Garifuna-59_toknow-2,,Garifuna,59_toknow,"asubudira, asubusira, subudi, subudihabu",asubusira,a s u b u s i r a,,walker2011,,,^a s u b u s i r a$,default
Garifuna-59_toknow-3,,Garifuna,59_toknow,"asubudira, asubusira, subudi, subudihabu",subudi,s u b u d i,,walker2011,,,^s u b u d i$,default
Garifuna-59_toknow-4,,Garifuna,59_toknow,"asubudira, asubusira, subudi, subudihabu",subudihabu,s u b u d i h a b u,,walker2011,,,^s u b u d i h a b u$,default
Wayuu-59_toknow-1,,Wayuu,59_toknow,atɨhaa,atɨhaa,a t ɨ h aː,,walker2011,,,^a t ɨ h aa$,default
Ignaciano-59_toknow-1,,Ignaciano,59_toknow,etʃa,etʃa,e tʃ a,,walker2011,,,^e tʃ a$,default
IslandCarib-59_toknow-1,,IslandCarib,59_toknow,akambaka,akambaka,a k a m b a k a,,walker2011,,,^a k a m b a k a$,default
Kaishana-59_toknow-1,,Kaishana,59_toknow,ekuoni,ekuoni,e k u o n i,,walker2011,,,^e k u o n i$,default
Kinikinao-59_toknow-1,,Kinikinao,59_toknow,intʃa,intʃa,i n tʃ a,,walker2011,,,^i n tʃ a$,default
Curripaco-59_toknow-1,,Curripaco,59_toknow,aːhneketi,aːhneketi,aː h n e k e t i,,walker2011,,,^aː h n e k e t i$,default
Lokono-59_toknow-1,,Lokono,59_toknow,eithin,eithin,e i tʰ i n,,walker2011,,,^e i th i n$,default
Machiguenga-59_toknow-1,,Machiguenga,59_toknow,gota-gantsi,gota-gantsi,g o t a + g a n ts i,,walker2011,,,^g o t a - g a n ts i$,default
Maipure-59_toknow-1,,Maipure,59_toknow,"wia, sekakuni",wia,w i a,,walker2011,,,^w i a$,default
Maipure-59_toknow-2,,Maipure,59_toknow,"wia, sekakuni",sekakuni,s e k a k u n i,,walker2011,,,^s e k a k u n i$,default
Mandahuaca-59_toknow-1,,Mandahuaca,59_toknow,-kenketa,-kenketa,k e n k e t a,,walker2011,,,^- k e n k e t a$,default
Machinere-59_toknow-1,,Machinere,59_toknow,rimɨtɨ,rimɨtɨ,r i m ɨ t ɨ,,walker2011,,,^r i m ɨ t ɨ$,default
Maragua-59_toknow-1,,Maragua,59_toknow,ni-kidia-hi,ni-kidia-hi,n i + k i d i a + h i,,walker2011,,,^n i - k i d i a - h i$,default
MapidianMawayana-59_toknow-1,,MapidianMawayana,59_toknow,rɨ-rude,rɨ-rude,r ɨ + r u d e,,walker2011,,,^r ɨ - r u d e$,default
Mehinaku-59_toknow-1,,Mehinaku,59_toknow,utatapɨ,utatapɨ,u t a t a p ɨ,,walker2011,,,^u t a t a p ɨ$,default
Nomatsiguenga-59_toknow-1,,Nomatsiguenga,59_toknow,igokeri,igokeri,i g o k e r i,,walker2011,,,^i g o k e r i$,default
Palikur-59_toknow-1,,Palikur,59_toknow,hiyak,hiyak,h i j a k,,walker2011,,,^h i y a k$,default
Parecis-59_toknow-1,,Parecis,59_toknow,waijore,waijore,w a i j o r e,,walker2011,,,^w a i j o r e$,default
Piapoco-59_toknow-1,,Piapoco,59_toknow,núalíakawa,núalíakawa,n ú/u a l í/i a k a w a,,walker2011,,,^n ú a l í a k a w a$,default
Yine-59_toknow-1,,Yine,59_toknow,rumat-lɨ,rumat-lɨ,r u m a t + l ɨ,,walker2011,,,^r u m a t - l ɨ$,default
Resigaro-59_toknow-1,,Resigaro,59_toknow,-manaː-toʔ,-manaː-toʔ,m a n aː + t o ʔ,,walker2011,,,^- m a n aː - t o ʔ$,default
Taino-59_toknow-1,,Taino,59_toknow,"guaroco, roco",guaroco,g u a r o c o,,walker2011,,,^g u a r o c o$,default
Taino-59_toknow-2,,Taino,59_toknow,"guaroco, roco",roco,r o c o,,walker2011,,,^r o c o$,default
Tariana-59_toknow-1,,Tariana,59_toknow,jeka,jeka,j e k a,,walker2011,,,^j e k a$,default
Terena-59_toknow-1,,Terena,59_toknow,eʃo,eʃo,e ʃ o,,walker2011,,,^e ʃ o$,default
Trinitario-59_toknow-1,,Trinitario,59_toknow,imoti,imoti,i m o t i,,walker2011,,,^i m o t i$,default
Wapishana-59_toknow-1,,Wapishana,59_toknow,aitʃapan,aitʃapan,a i tʃ a p a n,,walker2011,,,^a i tʃ a p a n$,default
Warekena-59_toknow-1,,Warekena,59_toknow,konanikasi,konanikasi,k o n a n i k a s i,,walker2011,,,^k o n a n i k a s i$,default
WarekenaVelha-59_toknow-1,,WarekenaVelha,59_toknow,tse,tse,ts e,,walker2011,,,^ts e$,default
Waura-59_toknow-1,,Waura,59_toknow,kieʒe,kieʒe,k i e ʒ e,,walker2011,,,^k i e ʒ e$,default
Yavitero-59_toknow-1,,Yavitero,59_toknow,wita,wita,w i t a,,walker2011,,,^w i t a$,default
Yucuna-59_toknow-1,,Yucuna,59_toknow,weʔepikahe,weʔepikahe,w e ʔ e p i k a h e,,walker2011,,,^w e ʔ e p i k a h e$,default
Achagua-60_tosleep-1,,Achagua,60_tosleep,-maː,-maː,m aː,,walker2011,,,^- m aː$,default
Yanesha-60_tosleep-1,,Yanesha,60_tosleep,muenjets,muenjets,m u e n j e ts,,walker2011,,,^m u e n j e ts$,default
Apurina-60_tosleep-1,,Apurina,60_tosleep,ɨmaka,ɨmaka,ɨ m a k a,,walker2011,,,^ɨ m a k a$,default
Aruan-60_tosleep-1,,Aruan,60_tosleep,demaka,demaka,d e m a k a,,walker2011,,,^d e m a k a$,default
Ashaninka-60_tosleep-1,,Ashaninka,60_tosleep,nomai,nomai,n o m a i,,walker2011,,,^n o m a i$,default
Xiriana-60_tosleep-1,,Xiriana,60_tosleep,-tɨmaha,-tɨmaha,t ɨ m a h a,,walker2011,,,^- t ɨ m a h a$,default
Avane-60_tosleep-1,,Avane,60_tosleep,-tsima-ʂi,-tsima-ʂi,ts i m a + ʂ i,,walker2011,,,^- ts i m a - ʂ i$,default
BaniwaDoIcana-60_tosleep-1,,BaniwaDoIcana,60_tosleep,"-maa, hrjumaː",-maa,m aː,,walker2011,,,^- m aa$,default
BaniwaDoIcana-60_tosleep-2,,BaniwaDoIcana,60_tosleep,"-maa, hrjumaː",hrjumaː,h r j u m aː,,walker2011,,,^h r j u m aː$,default
Bare-60_tosleep-1,,Bare,60_tosleep,dumaka,dumaka,d u m a k a,,walker2011,,,^d u m a k a$,default
Baure-60_tosleep-1,,Baure,60_tosleep,imok,imok,i m o k,,walker2011,,,^i m o k$,default
Cabiyari-60_tosleep-1,,Cabiyari,60_tosleep,-maː,-maː,m aː,,walker2011,,,^- m aː$,default
Caquinte-60_tosleep-1,,Caquinte,60_tosleep,-ma-,-ma-,m a,,walker2011,,,^- m a -$,default
Cariai-60_tosleep-1,,Cariai,60_tosleep,nu-tinaː,nu-tinaː,n u + t i n aː,,walker2011,,,^n u - t i n aː$,default
Chamicuro-60_tosleep-1,,Chamicuro,60_tosleep,umaki,umaki,u m a k i,,walker2011,,,^u m a k i$,default
EnaweneNawe-60_tosleep-1,,EnaweneNawe,60_tosleep,teokwa,teokwa,t e o kʷ a,,walker2011,,,^t e o kw a$,default
Garifuna-60_tosleep-1,,Garifuna,60_tosleep,arumuga,arumuga,a r u m u g a,,walker2011,,,^a r u m u g a$,default
Wayuu-60_tosleep-1,,Wayuu,60_tosleep,a-tunka-a,a-tunka-a,a + t u n k a + a,,walker2011,,,^a - t u n k a - a$,default
Guinau-60_tosleep-1,,Guinau,60_tosleep,helekali,helekali,h e l e k a l i,,walker2011,,,^h e l e k a l i$,default
Ignaciano-60_tosleep-1,,Ignaciano,60_tosleep,ímaka,ímaka,í/i m a k a,,walker2011,,,^í m a k a$,default
Inapari-60_tosleep-1,,Inapari,60_tosleep,rɨmɨʔáma,rɨmɨʔáma,r ɨ m ɨ ʔ á/a m a,,walker2011,,,^r ɨ m ɨ ʔ á m a$,default
IslandCarib-60_tosleep-1,,IslandCarib,60_tosleep,arumuga,arumuga,a r u m u g a,,walker2011,,,^a r u m u g a$,default
Karutana-60_tosleep-1,,Karutana,60_tosleep,maka,maka,m a k a,,walker2011,,,^m a k a$,default
Kaishana-60_tosleep-1,,Kaishana,60_tosleep,imakɨ(a),imakɨ,i m a k ɨ,,walker2011,,,^i m a k ɨ$,default
Kinikinao-60_tosleep-1,,Kinikinao,60_tosleep,mɔkɔti,mɔkɔti,m ɔ k ɔ t i,,walker2011,,,^m ɔ k ɔ t i$,default
Curripaco-60_tosleep-1,,Curripaco,60_tosleep,maketi,maketi,m a k e t i,,walker2011,,,^m a k e t i$,default
Lokono-60_tosleep-1,,Lokono,60_tosleep,donkon,donkon,d o n k o n,,walker2011,,,^d o n k o n$,default
Machiguenga-60_tosleep-1,,Machiguenga,60_tosleep,maga-gantsi,maga-gantsi,m a g a + g a n ts i,,walker2011,,,^m a g a - g a n ts i$,default
Maipure-60_tosleep-1,,Maipure,60_tosleep,-ima,-ima,i m a,,walker2011,,,^- i m a$,default
Manao-60_tosleep-1,,Manao,60_tosleep,watɨmaka,watɨmaka,w a t ɨ m a k a,,walker2011,,,^w a t ɨ m a k a$,default
Mandahuaca-60_tosleep-1,,Mandahuaca,60_tosleep,-imake,-imake,i m a k e,,walker2011,,,^- i m a k e$,default
Marawan-60_tosleep-1,,Marawan,60_tosleep,himekui,himekui,h i m e k u i,,walker2011,,,^h i m e k u i$,default
Maragua-60_tosleep-1,,Maragua,60_tosleep,n-etemeka,n-etemeka,n + e t e m e k a,,walker2011,,,^n - e t e m e k a$,default
Mariate-60_tosleep-1,,Mariate,60_tosleep,maka,maka,m a k a,,walker2011,,,^m a k a$,default
MapidianMawayana-60_tosleep-1,,MapidianMawayana,60_tosleep,tõwe,tõwe,t õ w e,,walker2011,,,^t õ w e$,default
Mehinaku-60_tosleep-1,,Mehinaku,60_tosleep,humaka-pai,humaka-pai,h u m a k a + p a i,,walker2011,,,^h u m a k a - p a i$,default
Nomatsiguenga-60_tosleep-1,,Nomatsiguenga,60_tosleep,isamɨ,isamɨ,i s a m ɨ,,walker2011,,,^i s a m ɨ$,default
Palikur-60_tosleep-1,,Palikur,60_tosleep,himak,himak,h i m a k,,walker2011,,,^h i m a k$,default
Paraujano-60_tosleep-1,,Paraujano,60_tosleep,ata-mite,ata-mite,a t a + m i t e,,walker2011,,,^a t a - m i t e$,default
Parecis-60_tosleep-1,,Parecis,60_tosleep,nemaka,nemaka,n e m a k a,,walker2011,,,^n e m a k a$,default
Passe-60_tosleep-1,,Passe,60_tosleep,-imata,-imata,i m a t a,,walker2011,,,^- i m a t a$,default
Piapoco-60_tosleep-1,,Piapoco,60_tosleep,nuimáka,nuimáka,n u i m á/a k a,,walker2011,,,^n u i m á k a$,default
Yine-60_tosleep-1,,Yine,60_tosleep,gimka-lɨ,gimka-lɨ,g i m k a + l ɨ,,walker2011,,,^g i m k a - l ɨ$,default
Resigaro-60_tosleep-1,,Resigaro,60_tosleep,-imu,-imu,i m u,,walker2011,,,^- i m u$,default
Saraveca-60_tosleep-1,,Saraveca,60_tosleep,i-tiemeka,i-tiemeka,i + t i e m e k a,,walker2011,,,^i - t i e m e k a$,default
Taino-60_tosleep-1,,Taino,60_tosleep,arumuga,arumuga,a r u m u g a,,walker2011,,,^a r u m u g a$,default
Tariana-60_tosleep-1,,Tariana,60_tosleep,ma,ma,m a,,walker2011,,,^m a$,default
Terena-60_tosleep-1,,Terena,60_tosleep,imóko,imóko,i m ó/o k o,,walker2011,,,^i m ó k o$,default
Trinitario-60_tosleep-1,,Trinitario,60_tosleep,imko,imko,i m k o,,walker2011,,,^i m k o$,default
Wainuma-60_tosleep-1,,Wainuma,60_tosleep,-makaha,-makaha,m a k a h a,,walker2011,,,^- m a k a h a$,default
Wapishana-60_tosleep-1,,Wapishana,60_tosleep,ɖaʔawɨn,ɖaʔawɨn,ɖ a ʔ a w ɨ n,,walker2011,,,^ɖ a ʔ a w ɨ n$,default
Araicu-60_tosleep-1,,Araicu,60_tosleep,tinka,tinka,t i n k a,,walker2011,,,^t i n k a$,default
Warekena-60_tosleep-1,,Warekena,60_tosleep,inakasi,inakasi,i n a k a s i,,walker2011,,,^i n a k a s i$,default
WarekenaVelha-60_tosleep-1,,WarekenaVelha,60_tosleep,tsima,tsima,ts i m a,,walker2011,,,^ts i m a$,default
Waura-60_tosleep-1,,Waura,60_tosleep,hɨmaka,hɨmaka,h ɨ m a k a,,walker2011,,,^h ɨ m a k a$,default
Yavitero-60_tosleep-1,,Yavitero,60_tosleep,tsima,tsima,ts i m a,,walker2011,,,^ts i m a$,default
Yawalapiti-60_tosleep-1,,Yawalapiti,60_tosleep,makuia,makuia,m a k u i a,,walker2011,,,^m a k u i a$,default
Yucuna-60_tosleep-1,,Yucuna,60_tosleep,kamatakaho,kamatakaho,k a m a t a k a h o,,walker2011,,,^k a m a t a k a h o$,default
Jumana-60_tosleep-1,,Jumana,60_tosleep,"nimaca, uymaca",nimaca,n i m a c a,,walker2011,,,^n i m a c a$,default
Jumana-60_tosleep-2,,Jumana,60_tosleep,"nimaca, uymaca",uymaca,u j m a c a,,walker2011,,,^u y m a c a$,default
Achagua-61_todie-1,,Achagua,61_todie,maːnali,maːnali,m aː n a l i,,walker2011,,,^m aː n a l i$,default
Yanesha-61_todie-1,,Yanesha,61_todie,ʐomuenjets,ʐomuenjets,ʐ o m u e n j e ts,,walker2011,,,^ʐ o m u e n j e ts$,default
Apurina-61_todie-1,,Apurina,61_todie,ɨkɨ̃pe,ɨkɨ̃pe,ɨ k ĩ p e,,walker2011,,,^ɨ k ɨ̃ p e$,default
Ashaninka-61_todie-1,,Ashaninka,61_todie,kam,kam,k a m,,walker2011,,,^k a m$,default
Xiriana-61_todie-1,,Xiriana,61_todie,"kaɻubetawa, maiwandarɨ",kaɻubetawa,k a ɻ u b e t a w a,,walker2011,,,^k a ɻ u b e t a w a$,default
Xiriana-61_todie-2,,Xiriana,61_todie,"kaɻubetawa, maiwandarɨ",maiwandarɨ,m a i w a n d a r ɨ,,walker2011,,,^m a i w a n d a r ɨ$,default
Avane-61_todie-1,,Avane,61_todie,-wiyua-ʂi,-wiyua-ʂi,w i j u a + ʂ i,,walker2011,,,^- w i y u a - ʂ i$,default
BaniwaDoIcana-61_todie-1,,BaniwaDoIcana,61_todie,"maliume, mayami, dzaːmi",maliume,m a l i u m e,,walker2011,,,^m a l i u m e$,default
BaniwaDoIcana-61_todie-2,,BaniwaDoIcana,61_todie,"maliume, mayami, dzaːmi",mayami,m a j a m i,,walker2011,,,^m a y a m i$,default
BaniwaDoIcana-61_todie-3,,BaniwaDoIcana,61_todie,"maliume, mayami, dzaːmi",dzaːmi,dz aː m i,,walker2011,,,^dz aː m i$,default
Bare-61_todie-1,,Bare,61_todie,d’awika,d’awika,dʲ a w i k a,,walker2011,,,^d’ a w i k a$,default
Baure-61_todie-1,,Baure,61_todie,epen,epen,e p e n,,walker2011,,,^e p e n$,default
Cabiyari-61_todie-1,,Cabiyari,61_todie,mikuː,mikuː,m i k uː,,walker2011,,,^m i k uː$,default
Caquinte-61_todie-1,,Caquinte,61_todie,metoh,metoh,m e t o h,,walker2011,,,^m e t o h$,default
Cariai-61_todie-1,,Cariai,61_todie,nu-maiakata,nu-maiakata,n u + m a i a k a t a,,walker2011,,,^n u - m a i a k a t a$,default
Chamicuro-61_todie-1,,Chamicuro,61_todie,wuʃeleʔti,wuʃeleʔti,w u ʃ e l e ʔ t i,,walker2011,,,^w u ʃ e l e ʔ t i$,default
EnaweneNawe-61_todie-1,,EnaweneNawe,61_todie,wayni,wayni,w a j n i,,walker2011,,,^w a y n i$,default
Garifuna-61_todie-1,,Garifuna,61_todie,"hilá, ounwe",hilá,h i l á/a,,walker2011,,,^h i l á$,default
Garifuna-61_todie-2,,Garifuna,61_todie,"hilá, ounwe",ounwe,o u n w e,,walker2011,,,^o u nw e$,default
Wayuu-61_todie-1,,Wayuu,61_todie,ou-ta-a,ou-ta-a,o u + t a + a,,walker2011,,,^o u - t a - a$,default
Guinau-61_todie-1,,Guinau,61_todie,djaːmakase,djaːmakase,d j aː m a k a s e,,walker2011,,,^d j aː m a k a s e$,default
Ignaciano-61_todie-1,,Ignaciano,61_todie,épena,épena,é/e p e n a,,walker2011,,,^é p e n a$,default
Inapari-61_todie-1,,Inapari,61_todie,rɨpɨnáma,rɨpɨnáma,r ɨ p ɨ n á/a m a,,walker2011,,,^r ɨ p ɨ n á m a$,default
IslandCarib-61_todie-1,,IslandCarib,61_todie,sue,sue,s u e,,walker2011,,,^s u e$,default
Kaishana-61_todie-1,,Kaishana,61_todie,t(a)ume,tume,t u m e,,walker2011,,,^t u m e$,default
Kinikinao-61_todie-1,,Kinikinao,61_todie,wa,wa,w a,,walker2011,,,^w a$,default
Curripaco-61_todie-1,,Curripaco,61_todie,dzaːmikhethi,dzaːmikhethi,dz aː m i kʰ e tʰ i,,walker2011,,,^dz aː m i kh e th i$,default
Lokono-61_todie-1,,Lokono,61_todie,odon,odon,o d o n,,walker2011,,,^o d o n$,default
Machiguenga-61_todie-1,,Machiguenga,61_todie,kama-gantsi,kama-gantsi,k a m a + g a n ts i,,walker2011,,,^k a m a - g a n ts i$,default
Maipure-61_todie-1,,Maipure,61_todie,-mawa,-mawa,m a w a,,walker2011,,,^- m a w a$,default
Manao-61_todie-1,,Manao,61_todie,wamatɨka,wamatɨka,w a m a t ɨ k a,,walker2011,,,^w a m a t ɨ k a$,default
Mandahuaca-61_todie-1,,Mandahuaca,61_todie,ikamakaʒi,ikamakaʒi,i k a m a k a ʒ i,,walker2011,,,^i k a m a k a ʒ i$,default
Machinere-61_todie-1,,Machinere,61_todie,hĩpãna-li,hĩpãna-li,h ĩ p ã n a + l i,,walker2011,,,^h ĩ p ã n a - l i$,default
Maragua-61_todie-1,,Maragua,61_todie,"jukuna, -ʃuʃaniana",jukuna,j u k u n a,,walker2011,,,^j u k u n a$,default
Maragua-61_todie-2,,Maragua,61_todie,"jukuna, -ʃuʃaniana",-ʃuʃaniana,ʃ u ʃ a n i a n a,,walker2011,,,^- ʃ u ʃ a n i a n a$,default
Mariate-61_todie-1,,Mariate,61_todie,"kitseːrɨ-baba,eitsɨarɨ-baba",kitseːrɨ-baba,k i ts eː r ɨ + b a b a,,walker2011,,,^k i ts eː r ɨ - b a b a$,default
Mariate-61_todie-2,,Mariate,61_todie,"kitseːrɨ-baba,eitsɨarɨ-baba",eitsɨarɨ-baba,e i ts ɨ a r ɨ + b a b a,,walker2011,,,^e i ts ɨ a r ɨ - b a b a$,default
MapidianMawayana-61_todie-1,,MapidianMawayana,61_todie,mawd-ete,mawd-ete,m a w d + e t e,,walker2011,,,^m a w d - e t e$,default
Mehinaku-61_todie-1,,Mehinaku,61_todie,pahamaitsa,pahamaitsa,p a h a m a i ts a,,walker2011,,,^p a h a m a i ts a$,default
Nomatsiguenga-61_todie-1,,Nomatsiguenga,61_todie,ikamake,ikamake,i k a m a k e,,walker2011,,,^i k a m a k e$,default
Palikur-61_todie-1,,Palikur,61_todie,miya,miya,m i j a,,walker2011,,,^m i y a$,default
Paraujano-61_todie-1,,Paraujano,61_todie,aɨkta-,aɨkta-,a ɨ k t a,,walker2011,,,^a ɨ k t a -$,default
Parecis-61_todie-1,,Parecis,61_todie,waini,waini,w a i n i,,walker2011,,,^w a i n i$,default
Piapoco-61_todie-1,,Piapoco,61_todie,nuétákawa,nuétákawa,n u é/e t á/a k a w a,,walker2011,,,^n u é t á k a w a$,default
Yine-61_todie-1,,Yine,61_todie,gipna-lɨ,gipna-lɨ,g i p n a + l ɨ,,walker2011,,,^g i p n a - l ɨ$,default
Resigaro-61_todie-1,,Resigaro,61_todie,-kaineː-dʒu,-kaineː-dʒu,k a i n eː + dʒ u,,walker2011,,,^- k a i n eː - dʒ u$,default
Taino-61_todie-1,,Taino,61_todie,[Dead=]operi’to,operi’to,o p e r i ʔ t o,,walker2011,,,^o p e r i ’ t o$,default
Tariana-61_todie-1,,Tariana,61_todie,jami,jami,j a m i,,walker2011,,,^j a m i$,default
Terena-61_todie-1,,Terena,61_todie,vokovoti,vokovoti,v o k o v o t i,,walker2011,,,^v o k o v o t i$,default
Trinitario-61_todie-1,,Trinitario,61_todie,epeno,epeno,e p e n o,,walker2011,,,^e p e n o$,default
Wainuma-61_todie-1,,Wainuma,61_todie,"katabe-ke, tziaba",katabe-ke,k a t a b e + k e,,walker2011,,,^k a t a b e - k e$,default
Wainuma-61_todie-2,,Wainuma,61_todie,"katabe-ke, tziaba",tziaba,ts i a b a,,walker2011,,,^tz i a b a$,default
Wapishana-61_todie-1,,Wapishana,61_todie,maukan,maukan,m a u k a n,,walker2011,,,^m a u k a n$,default
Araicu-61_todie-1,,Araicu,61_todie,maka,maka,m a k a,,walker2011,,,^m a k a$,default
Warekena-61_todie-1,,Warekena,61_todie,wiyukakasi,wiyukakasi,w i j u k a k a s i,,walker2011,,,^w i y u k a k a s i$,default
WarekenaVelha-61_todie-1,,WarekenaVelha,61_todie,wiyuã,wiyuã,w i j u ã,,walker2011,,,^w i y u ã$,default
Waura-61_todie-1,,Waura,61_todie,akama-,akama-,a k a m a,,walker2011,,,^a k a m a -$,default
Yavitero-61_todie-1,,Yavitero,61_todie,wiyua,wiyua,w i j u a,,walker2011,,,^w i y u a$,default
Yawalapiti-61_todie-1,,Yawalapiti,61_todie,kama,kama,k a m a,,walker2011,,,^k a m a$,default
Yucuna-61_todie-1,,Yucuna,61_todie,takaʔakahe,takaʔakahe,t a k a ʔ a k a h e,,walker2011,,,^t a k a ʔ a k a h e$,default
Jumana-61_todie-1,,Jumana,61_todie,"yepumi, syavakami",yepumi,j e p u m i,,walker2011,,,^y e p u m i$,default
Jumana-61_todie-2,,Jumana,61_todie,"yepumi, syavakami",syavakami,s j a v a k a m i,,walker2011,,,^s y a v a k a m i$,default
Achagua-62_tokill-1,,Achagua,62_tokill,-inua,-inua,i n u a,,walker2011,,,^- i n u a$,default
Yanesha-62_tokill-1,,Yanesha,62_tokill,mutsenjets,mutsenjets,m u ts e n j e ts,,walker2011,,,^m u ts e n j e ts$,default
Apurina-62_tokill-1,,Apurina,62_tokill,oka,oka,o k a,,walker2011,,,^o k a$,default
Aruan-62_tokill-1,,Aruan,62_tokill,naitai,naitai,n a i t a i,,walker2011,,,^n a i t a i$,default
Ashaninka-62_tokill-1,,Ashaninka,62_tokill,noiri,noiri,n o i r i,,walker2011,,,^n o i r i$,default
Xiriana-62_tokill-1,,Xiriana,62_tokill,-sɨmɨta,-sɨmɨta,s ɨ m ɨ t a,,walker2011,,,^- s ɨ m ɨ t a$,default
Avane-62_tokill-1,,Avane,62_tokill,-ma-ʂi,-ma-ʂi,m a + ʂ i,,walker2011,,,^- m a - ʂ i$,default
BaniwaDoIcana-62_tokill-1,,BaniwaDoIcana,62_tokill,-iːnu(a),-iːnu,iː n u,,walker2011,,,^- iː n u$,default
Bare-62_tokill-1,,Bare,62_tokill,muduka,muduka,m u d u k a,,walker2011,,,^m u d u k a$,default
Baure-62_tokill-1,,Baure,62_tokill,ikomorik,ikomorik,i k o m o r i k,,walker2011,,,^i k o m o r i k$,default
Cabiyari-62_tokill-1,,Cabiyari,62_tokill,-nua,-nua,n u a,,walker2011,,,^- n u a$,default
Caquinte-62_tokill-1,,Caquinte,62_tokill,aɣa,aɣa,a ɣ a,,walker2011,,,^a ɣ a$,default
Chamicuro-62_tokill-1,,Chamicuro,62_tokill,waʂkalaʔti,waʂkalaʔti,w a ʂ k a l a ʔ t i,,walker2011,,,^w a ʂ k a l a ʔ t i$,default
EnaweneNawe-62_tokill-1,,EnaweneNawe,62_tokill,iyyaka,iyyaka,i jː a k a,,walker2011,,,^i yy a k a$,default
Garifuna-62_tokill-1,,Garifuna,62_tokill,"áfara, áfaragua, áfaraha",áfara,á/a f a r a,,walker2011,,,^á f a r a$,default
Garifuna-62_tokill-2,,Garifuna,62_tokill,"áfara, áfaragua, áfaraha",áfaragua,á/a f a r a g u a,,walker2011,,,^á f a r a g u a$,default
Garifuna-62_tokill-3,,Garifuna,62_tokill,"áfara, áfaragua, áfaraha",áfaraha,á/a f a r a h a,,walker2011,,,^á f a r a h a$,default
Wayuu-62_tokill-1,,Wayuu,62_tokill,outa ain-i,outa_ain-i,o u t a + a i n + i,,walker2011,,,^o u t a _ a i n - i$,default
Guinau-62_tokill-1,,Guinau,62_tokill,ndʒiːmalata,ndʒiːmalata,n dʒ iː m a l a t a,,walker2011,,,^n dʒ iː m a l a t a$,default
Ignaciano-62_tokill-1,,Ignaciano,62_tokill,kapa,kapa,k a p a,,walker2011,,,^k a p a$,default
Inapari-62_tokill-1,,Inapari,62_tokill,rɨnoʔámari,rɨnoʔámari,r ɨ n o ʔ á/a m a r i,,walker2011,,,^r ɨ n o ʔ á m a r i$,default
IslandCarib-62_tokill-1,,IslandCarib,62_tokill,afara,afara,a f a r a,,walker2011,,,^a f a r a$,default
Kaishana-62_tokill-1,,Kaishana,62_tokill,(ɲ)aba(na)wei,abawei,a b a w e i,,walker2011,,,^a b a w e i$,default
Kinikinao-62_tokill-1,,Kinikinao,62_tokill,isɔkɔti,isɔkɔti,i s ɔ k ɔ t i,,walker2011,,,^i s ɔ k ɔ t i$,default
Curripaco-62_tokill-1,,Curripaco,62_tokill,inuaketi,inuaketi,i n u a k e t i,,walker2011,,,^i n u a k e t i$,default
Lokono-62_tokill-1,,Lokono,62_tokill,ɸarin,ɸarin,ɸ a r i n,,walker2011,,,^ɸ a r i n$,default
Machiguenga-62_tokill-1,,Machiguenga,62_tokill,ga-gantsi,ga-gantsi,g a + g a n ts i,,walker2011,,,^g a - g a n ts i$,default
Maipure-62_tokill-1,,Maipure,62_tokill,(mia)kani,kani,k a n i,,walker2011,,,^k a n i$,default
Mandahuaca-62_tokill-1,,Mandahuaca,62_tokill,-wala,-wala,w a l a,,walker2011,,,^- w a l a$,default
Maragua-62_tokill-1,,Maragua,62_tokill,nidjuwaka,nidjuwaka,n i d j u w a k a,,walker2011,,,^n i d j u w a k a$,default
MapidianMawayana-62_tokill-1,,MapidianMawayana,62_tokill,ukːduda,ukːduda,u kː d u d a,,walker2011,,,^u kː d u d a$,default
Mehinaku-62_tokill-1,,Mehinaku,62_tokill,enuka-wa,enuka-wa,e n u k a + w a,,walker2011,,,^e n u k a - w a$,default
Nomatsiguenga-62_tokill-1,,Nomatsiguenga,62_tokill,yogɨri,yogɨri,j o g ɨ r i,,walker2011,,,^y o g ɨ r i$,default
Palikur-62_tokill-1,,Palikur,62_tokill,umah,umah,u m a h,,walker2011,,,^u m a h$,default
Paraujano-62_tokill-1,,Paraujano,62_tokill,audidada,audidada,a u d i d a d a,,walker2011,,,^a u d i d a d a$,default
Parecis-62_tokill-1,,Parecis,62_tokill,aitsa,aitsa,a i ts a,,walker2011,,,^a i ts a$,default
Piapoco-62_tokill-1,,Piapoco,62_tokill,nuétáidaka,nuétáidaka,n u é/e t á/a i d a k a,,walker2011,,,^n u é t á i d a k a$,default
Yine-62_tokill-1,,Yine,62_tokill,giyla-lɨ,giyla-lɨ,g i j l a + l ɨ,,walker2011,,,^g i y l a - l ɨ$,default
Resigaro-62_tokill-1,,Resigaro,62_tokill,"-kaineː-khu, ",-kaineː-khu,k a i n eː + kʰ u,,walker2011,,,^- k a i n eː - kh u$,default
Saraveca-62_tokill-1,,Saraveca,62_tokill,i-vianikitene,i-vianikitene,i + v i a n i k i t e n e,,walker2011,,,^i - v i a n i k i t e n e$,default
Taino-62_tokill-1,,Taino,62_tokill,"bara, -kana",bara,b a r a,,walker2011,,,^b a r a$,default
Taino-62_tokill-2,,Taino,62_tokill,"bara, -kana",-kana,k a n a,,walker2011,,,^- k a n a$,default
Tariana-62_tokill-1,,Tariana,62_tokill,dinu,dinu,d i n u,,walker2011,,,^d i n u$,default
Terena-62_tokill-1,,Terena,62_tokill,isu,isu,i s u,,walker2011,,,^i s u$,default
Trinitario-62_tokill-1,,Trinitario,62_tokill,kopako,kopako,k o p a k o,,walker2011,,,^k o p a k o$,default
Wainuma-62_tokill-1,,Wainuma,62_tokill,-nua-ba,-nua-ba,n u a + b a,,walker2011,,,^- n u a - b a$,default
Wapishana-62_tokill-1,,Wapishana,62_tokill,ʐuia,ʐuia,ʐ u i a,,walker2011,,,^ʐ u i a$,default
Warekena-62_tokill-1,,Warekena,62_tokill,walakasi,walakasi,w a l a k a s i,,walker2011,,,^w a l a k a s i$,default
WarekenaVelha-62_tokill-1,,WarekenaVelha,62_tokill,yutʃia,yutʃia,j u tʃ i a,,walker2011,,,^y u tʃ i a$,default
Waura-62_tokill-1,,Waura,62_tokill,akunuteʐɨta,akunuteʐɨta,a k u n u t e ʐ ɨ t a,,walker2011,,,^a k u n u t e ʐ ɨ t a$,default
Yavitero-62_tokill-1,,Yavitero,62_tokill,ma,ma,m a,,walker2011,,,^m a$,default
Yawalapiti-62_tokill-1,,Yawalapiti,62_tokill,nu,nu,n u,,walker2011,,,^n u$,default
Yucuna-62_tokill-1,,Yucuna,62_tokill,nokaje,nokaje,n o k a j e,,walker2011,,,^n o k a j e$,default
Achagua-63_toswim-1,,Achagua,63_toswim,-amaɻa,-amaɻa,a m a ɻ a,,walker2011,,,^- a m a ɻ a$,default
Yanesha-63_toswim-1,,Yanesha,63_toswim,patjenjets,patjenjets,p a t j e n j e ts,,walker2011,,,^p a t j e n j e ts$,default
Apurina-63_toswim-1,,Apurina,63_toswim,noãte,noãte,n o ã t e,,walker2011,,,^n o ã t e$,default
Ashaninka-63_toswim-1,,Ashaninka,63_toswim,namati,namati,n a m a t i,,walker2011,,,^n a m a t i$,default
Xiriana-63_toswim-1,,Xiriana,63_toswim,-tubuta,-tubuta,t u b u t a,,walker2011,,,^- t u b u t a$,default
Avane-63_toswim-1,,Avane,63_toswim,-nita-ʂi,-nita-ʂi,n i t a + ʂ i,,walker2011,,,^- n i t a - ʂ i$,default
BaniwaDoIcana-63_toswim-1,,BaniwaDoIcana,63_toswim,"-aːhyaː, -aːhna, -hiːɲaː, ahrjaː",-aːhyaː,aː h j aː,,walker2011,,,^- aː h y aː$,default
BaniwaDoIcana-63_toswim-2,,BaniwaDoIcana,63_toswim,"-aːhyaː, -aːhna, -hiːɲaː, ahrjaː",-aːhna,aː h n a,,walker2011,,,^- aː h n a$,default
BaniwaDoIcana-63_toswim-3,,BaniwaDoIcana,63_toswim,"-aːhyaː, -aːhna, -hiːɲaː, ahrjaː",-hiːɲaː,h iː ɲ aː,,walker2011,,,^- h iː ɲ aː$,default
BaniwaDoIcana-63_toswim-4,,BaniwaDoIcana,63_toswim,"-aːhyaː, -aːhna, -hiːɲaː, ahrjaː",ahrjaː,a h r j aː,,walker2011,,,^a h r j aː$,default
Bare-63_toswim-1,,Bare,63_toswim,ikhumid’a,ikhumid’a,i kʰ u m i dʲ a,,walker2011,,,^i kh u m i d’ a$,default
Baure-63_toswim-1,,Baure,63_toswim,haviak,haviak,h a v i a k,,walker2011,,,^h a v i a k$,default
Cabiyari-63_toswim-1,,Cabiyari,63_toswim,-awapa,-awapa,a w a p a,,walker2011,,,^- a w a p a$,default
Chamicuro-63_toswim-1,,Chamicuro,63_toswim,wasaʔti,wasaʔti,w a s a ʔ t i,,walker2011,,,^w a s a ʔ t i$,default
Garifuna-63_toswim-1,,Garifuna,63_toswim,áfuiha,áfuiha,á/a f u i h a,,walker2011,,,^á f u i h a$,default
Wayuu-63_toswim-1,,Wayuu,63_toswim,ka-tɨna,ka-tɨna,k a + t ɨ n a,,walker2011,,,^k a - t ɨ n a$,default
Ignaciano-63_toswim-1,,Ignaciano,63_toswim,awareka,awareka,a w a r e k a,,walker2011,,,^a w a r e k a$,default
Inapari-63_toswim-1,,Inapari,63_toswim,ranoʔamá,ranoʔamá,r a n o ʔ a m á/a,,walker2011,,,^r a n o ʔ a m á$,default
IslandCarib-63_toswim-1,,IslandCarib,63_toswim,afuiha,afuiha,a f u i h a,,walker2011,,,^a f u i h a$,default
Kaishana-63_toswim-1,,Kaishana,63_toswim,uikenuu,uikenuu,u i k e n uː,,walker2011,,,^u i k e n uu$,default
Kinikinao-63_toswim-1,,Kinikinao,63_toswim,alaɔnkɔti,alaɔnkɔti,a l a ɔ n k ɔ t i,,walker2011,,,^a l a ɔ n k ɔ t i$,default
Curripaco-63_toswim-1,,Curripaco,63_toswim,ahnaketi,ahnaketi,a h n a k e t i,,walker2011,,,^a h n a k e t i$,default
Lokono-63_toswim-1,,Lokono,63_toswim,thimin,thimin,tʰ i m i n,,walker2011,,,^th i m i n$,default
Machiguenga-63_toswim-1,,Machiguenga,63_toswim,maata-gantsi,maata-gantsi,m aː t a + g a n ts i,,walker2011,,,^m aa t a - g a n ts i$,default
Mandahuaca-63_toswim-1,,Mandahuaca,63_toswim,-kuuntakewa,-kuuntakewa,k uː n t a k e w a,,walker2011,,,^- k uu n t a k e w a$,default
Maragua-63_toswim-1,,Maragua,63_toswim,uruaka,uruaka,u r u a k a,,walker2011,,,^u r u a k a$,default
MapidianMawayana-63_toswim-1,,MapidianMawayana,63_toswim,tʃokwa,tʃokwa,tʃ o kʷ a,,walker2011,,,^tʃ o kw a$,default
Mehinaku-63_toswim-1,,Mehinaku,63_toswim,pɨtɨ̃ka,pɨtɨ̃ka,p ɨ t ĩ k a,,walker2011,,,^p ɨ t ɨ̃ k a$,default
Nomatsiguenga-63_toswim-1,,Nomatsiguenga,63_toswim,imaatanɨ,imaatanɨ,i m aː t a n ɨ,,walker2011,,,^i m aa t a n ɨ$,default
Palikur-63_toswim-1,,Palikur,63_toswim,tarara,tarara,t a r a r a,,walker2011,,,^t a r a r a$,default
Paraujano-63_toswim-1,,Paraujano,63_toswim,ougda,ougda,o u g d a,,walker2011,,,^o u g d a$,default
Parecis-63_toswim-1,,Parecis,63_toswim,namazakue-one,namazakue-one,n a m a z a k u e + o n e,,walker2011,,,^n a m a z a k u e - o n e$,default
Piapoco-63_toswim-1,,Piapoco,63_toswim,numàlakawa,numàlakawa,n u m à/a l a k a w a,,walker2011,,,^n u m à l a k a w a$,default
Yine-63_toswim-1,,Yine,63_toswim,ganog-lɨ,ganog-lɨ,g a n o g + l ɨ,,walker2011,,,^g a n o g - l ɨ$,default
Resigaro-63_toswim-1,,Resigaro,63_toswim,-oʔvapu,-oʔvapu,o ʔ v a p u,,walker2011,,,^- o ʔ v a p u$,default
Tariana-63_toswim-1,,Tariana,63_toswim,ãhja,ãhja,ã h j a,,walker2011,,,^ã h j a$,default
Terena-63_toswim-1,,Terena,63_toswim,apakana,apakana,a p a k a n a,,walker2011,,,^a p a k a n a$,default
Trinitario-63_toswim-1,,Trinitario,63_toswim,owreko,owreko,o w r e k o,,walker2011,,,^o w r e k o$,default
Wapishana-63_toswim-1,,Wapishana,63_toswim,niuthan,niuthan,n i u tʰ a n,,walker2011,,,^n i u th a n$,default
Warekena-63_toswim-1,,Warekena,63_toswim,kwintakasi,kwintakasi,kʷ i n t a k a s i,,walker2011,,,^kw i n t a k a s i$,default
WarekenaVelha-63_toswim-1,,WarekenaVelha,63_toswim,unita,unita,u n i t a,,walker2011,,,^u n i t a$,default
Waura-63_toswim-1,,Waura,63_toswim,etsuna,etsuna,e ts u n a,,walker2011,,,^e ts u n a$,default
Yavitero-63_toswim-1,,Yavitero,63_toswim,kuinta,kuinta,k u i n t a,,walker2011,,,^k u i n t a$,default
Yucuna-63_toswim-1,,Yucuna,63_toswim,iʔiwapakaje,iʔiwapakaje,i ʔ i w a p a k a j e,,walker2011,,,^i ʔ i w a p a k a j e$,default
Achagua-64_tofly-1,,Achagua,64_tofly,-aɻa,-aɻa,a ɻ a,,walker2011,,,^- a ɻ a$,default
Yanesha-64_tofly-1,,Yanesha,64_tofly,anenjets,anenjets,a n e n j e ts,,walker2011,,,^a n e n j e ts$,default
Apurina-64_tofly-1,,Apurina,64_tofly,arã,arã,a r ã,,walker2011,,,^a r ã$,default
Ashaninka-64_tofly-1,,Ashaninka,64_tofly,yari,yari,j a r i,,walker2011,,,^y a r i$,default
Xiriana-64_tofly-1,,Xiriana,64_tofly,-haruta,-haruta,h a r u t a,,walker2011,,,^- h a r u t a$,default
Avane-64_tofly-1,,Avane,64_tofly,-mitawa,-mitawa,m i t a w a,,walker2011,,,^- m i t a w a$,default
BaniwaDoIcana-64_tofly-1,,BaniwaDoIcana,64_tofly,"-aːɻa, arja",-aːɻa,aː ɻ a,,walker2011,,,^- aː ɻ a$,default
BaniwaDoIcana-64_tofly-2,,BaniwaDoIcana,64_tofly,"-aːɻa, arja",arja,a r j a,,walker2011,,,^a r j a$,default
Bare-64_tofly-1,,Bare,64_tofly,haya,haya,h a j a,,walker2011,,,^h a y a$,default
Baure-64_tofly-1,,Baure,64_tofly,ar,ar,a r,,walker2011,,,^a r$,default
Cabiyari-64_tofly-1,,Cabiyari,64_tofly,-ara,-ara,a r a,,walker2011,,,^- a r a$,default
Caquinte-64_tofly-1,,Caquinte,64_tofly,ar,ar,a r,,walker2011,,,^a r$,default
Chamicuro-64_tofly-1,,Chamicuro,64_tofly,wasiski,wasiski,w a s i s k i,,walker2011,,,^w a s i s k i$,default
Garifuna-64_tofly-1,,Garifuna,64_tofly,áhamatʃa,áhamatʃa,á/a h a m a tʃ a,,walker2011,,,^á h a m a tʃ a$,default
Wayuu-64_tofly-1,,Wayuu,64_tofly,awata,awata,a w a t a,,walker2011,,,^a w a t a$,default
Ignaciano-64_tofly-1,,Ignaciano,64_tofly,ara,ara,a r a,,walker2011,,,^a r a$,default
Inapari-64_tofly-1,,Inapari,64_tofly,rɨpɨruruʔama,rɨpɨruruʔama,r ɨ p ɨ r u r u ʔ a m a,,walker2011,,,^r ɨ p ɨ r u r u ʔ a m a$,default
IslandCarib-64_tofly-1,,IslandCarib,64_tofly,ahamara,ahamara,a h a m a r a,,walker2011,,,^a h a m a r a$,default
Kaishana-64_tofly-1,,Kaishana,64_tofly,asɨa,asɨa,a s ɨ a,,walker2011,,,^a s ɨ a$,default
Kinikinao-64_tofly-1,,Kinikinao,64_tofly,ɔːti,ɔːti,ɔː t i,,walker2011,,,^ɔː t i$,default
Curripaco-64_tofly-1,,Curripaco,64_tofly,aːraketi,aːraketi,aː r a k e t i,,walker2011,,,^aː r a k e t i$,default
Lokono-64_tofly-1,,Lokono,64_tofly,morodon,morodon,m o r o d o n,,walker2011,,,^m o r o d o n$,default
Machiguenga-64_tofly-1,,Machiguenga,64_tofly,ara-gantsi,ara-gantsi,a r a + g a n ts i,,walker2011,,,^a r a - g a n ts i$,default
Machinere-64_tofly-1,,Machinere,64_tofly,hapalɨnɨ,hapalɨnɨ,h a p a l ɨ n ɨ,,walker2011,,,^h a p a l ɨ n ɨ$,default
Maragua-64_tofly-1,,Maragua,64_tofly,umiruna,umiruna,u m i r u n a,,walker2011,,,^u m i r u n a$,default
MapidianMawayana-64_tofly-1,,MapidianMawayana,64_tofly,maré,maré,m a r é/e,,walker2011,,,^m a r é$,default
Mehinaku-64_tofly-1,,Mehinaku,64_tofly,alene,alene,a l e n e,,walker2011,,,^a l e n e$,default
Nomatsiguenga-64_tofly-1,,Nomatsiguenga,64_tofly,yarini,yarini,j a r i n i,,walker2011,,,^y a r i n i$,default
Palikur-64_tofly-1,,Palikur,64_tofly,amara,amara,a m a r a,,walker2011,,,^a m a r a$,default
Parecis-64_tofly-1,,Parecis,64_tofly,ainakoa,ainakoa,a i n a k o a,,walker2011,,,^a i n a k o a$,default
Piapoco-64_tofly-1,,Piapoco,64_tofly,yáalakawa,yáalakawa,j á/a a l a k a w a,,walker2011,,,^y á a l a k a w a$,default
Yine-64_tofly-1,,Yine,64_tofly,galna-lɨ,galna-lɨ,g a l n a + l ɨ,,walker2011,,,^g a l n a - l ɨ$,default
Resigaro-64_tofly-1,,Resigaro,64_tofly,-adu,-adu,a d u,,walker2011,,,^- a d u$,default
Tariana-64_tofly-1,,Tariana,64_tofly,aɾa,aɾa,a ɾ a,,walker2011,,,^a ɾ a$,default
Terena-64_tofly-1,,Terena,64_tofly,ôo,ôo,ô/o o,,walker2011,,,^ô o$,default
Trinitario-64_tofly-1,,Trinitario,64_tofly,oro,oro,o r o,,walker2011,,,^o r o$,default
Wapishana-64_tofly-1,,Wapishana,64_tofly,ʐɨʔɨ,ʐɨʔɨ,ʐ ɨ ʔ ɨ,,walker2011,,,^ʐ ɨ ʔ ɨ$,default
Warekena-64_tofly-1,,Warekena,64_tofly,yelakasi,yelakasi,j e l a k a s i,,walker2011,,,^y e l a k a s i$,default
WarekenaVelha-64_tofly-1,,WarekenaVelha,64_tofly,mita,mita,m i t a,,walker2011,,,^m i t a$,default
Waura-64_tofly-1,,Waura,64_tofly,"ala, ãitya",ala,a l a,,walker2011,,,^a l a$,default
Waura-64_tofly-2,,Waura,64_tofly,"ala, ãitya",ãitya,ã i t j a,,walker2011,,,^ã i t y a$,default
Yavitero-64_tofly-1,,Yavitero,64_tofly,mita,mita,m i t a,,walker2011,,,^m i t a$,default
Yucuna-64_tofly-1,,Yucuna,64_tofly,ahakahe,ahakahe,a h a k a h e,,walker2011,,,^a h a k a h e$,default
Achagua-65_towalk-1,,Achagua,65_towalk,"-a, -hina",-a,a,,walker2011,,,^- a$,default
Achagua-65_towalk-2,,Achagua,65_towalk,"-a, -hina",-hina,h i n a,,walker2011,,,^- h i n a$,default
Yanesha-65_towalk-1,,Yanesha,65_towalk,tʃopeʼtʃenjets,tʃopeʼtʃenjets,tʃ o p eˀ tʃ e n j e ts,,walker2011,,,^tʃ o p eʼ tʃ e n j e ts$,default
Apurina-65_towalk-1,,Apurina,65_towalk,ajana,ajana,a j a n a,,walker2011,,,^a j a n a$,default
Aruan-65_towalk-1,,Aruan,65_towalk,da anaul,da_anaul,d a + a n a u l,,walker2011,,,^d a _ a n a u l$,default
Ashaninka-65_towalk-1,,Ashaninka,65_towalk,nohate,nohate,n o h a t e,,walker2011,,,^n o h a t e$,default
Xiriana-65_towalk-1,,Xiriana,65_towalk,"-kua, -kuf",-kua,k u a,,walker2011,,,^- k u a$,default
Xiriana-65_towalk-2,,Xiriana,65_towalk,"-kua, -kuf",-kuf,k u f,,walker2011,,,^- k u f$,default
Avane-65_towalk-1,,Avane,65_towalk,"atsitsiwa-ʂi, -ʂawa",atsitsiwa-ʂi,a ts i ts i w a + ʂ i,,walker2011,,,^a ts i ts i w a - ʂ i$,default
Avane-65_towalk-2,,Avane,65_towalk,"atsitsiwa-ʂi, -ʂawa",-ʂawa,ʂ a w a,,walker2011,,,^- ʂ a w a$,default
BaniwaDoIcana-65_towalk-1,,BaniwaDoIcana,65_towalk,"-aa, -(p)itu, -akawa",-aa,aː,,walker2011,,,^- aa$,default
BaniwaDoIcana-65_towalk-2,,BaniwaDoIcana,65_towalk,"-aa, -(p)itu, -akawa",-itu,i t u,,walker2011,,,^- i t u$,default
BaniwaDoIcana-65_towalk-3,,BaniwaDoIcana,65_towalk,"-aa, -(p)itu, -akawa",-akawa,a k a w a,,walker2011,,,^- a k a w a$,default
Bare-65_towalk-1,,Bare,65_towalk,nuyuhadã,nuyuhadã,n u j u h a d ã,,walker2011,,,^n u y u h a d ã$,default
Baure-65_towalk-1,,Baure,65_towalk,yon,yon,j o n,,walker2011,,,^y o n$,default
Cabiyari-65_towalk-1,,Cabiyari,65_towalk,-aː,-aː,aː,,walker2011,,,^- aː$,default
Caquinte-65_towalk-1,,Caquinte,65_towalk,kena,kena,k e n a,,walker2011,,,^k e n a$,default
Chamicuro-65_towalk-1,,Chamicuro,65_towalk,uʔyeʔti,uʔyeʔti,u ʔ j e ʔ t i,,walker2011,,,^u ʔ y e ʔ t i$,default
Garifuna-65_towalk-1,,Garifuna,65_towalk,"apasuhani, ebeluhani",apasuhani,a p a s u h a n i,,walker2011,,,^a p a s u h a n i$,default
Garifuna-65_towalk-2,,Garifuna,65_towalk,"apasuhani, ebeluhani",ebeluhani,e b e l u h a n i,,walker2011,,,^e b e l u h a n i$,default
Wayuu-65_towalk-1,,Wayuu,65_towalk,ouna,ouna,o u n a,,walker2011,,,^o u n a$,default
Ignaciano-65_towalk-1,,Ignaciano,65_towalk,yana,yana,j a n a,,walker2011,,,^y a n a$,default
Inapari-65_towalk-1,,Inapari,65_towalk,yiapiráma,yiapiráma,j i a p i r á/a m a,,walker2011,,,^y i a p i r á m a$,default
IslandCarib-65_towalk-1,,IslandCarib,65_towalk,abuga,abuga,a b u g a,,walker2011,,,^a b u g a$,default
Kaishana-65_towalk-1,,Kaishana,65_towalk,"na-, mika, illa, pɨpɨaipe",na-,n a,,walker2011,,,^n a -$,default
Kaishana-65_towalk-2,,Kaishana,65_towalk,"na-, mika, illa, pɨpɨaipe",mika,m i k a,,walker2011,,,^m i k a$,default
Kaishana-65_towalk-3,,Kaishana,65_towalk,"na-, mika, illa, pɨpɨaipe",illa,i j a,,walker2011,,,^i ll a$,default
Kaishana-65_towalk-4,,Kaishana,65_towalk,"na-, mika, illa, pɨpɨaipe",pɨpɨaipe,p ɨ p ɨ a i p e,,walker2011,,,^p ɨ p ɨ a i p e$,default
Kinikinao-65_towalk-1,,Kinikinao,65_towalk,ʃɔʔɔpεti,ʃɔʔɔpεti,ʃ ɔ ʔ ɔ p ε t i,,walker2011,,,^ʃ ɔ ʔ ɔ p ε t i$,default
Curripaco-65_towalk-1,,Curripaco,65_towalk,iːtoketi,iːtoketi,iː t o k e t i,,walker2011,,,^iː t o k e t i$,default
Lokono-65_towalk-1,,Lokono,65_towalk,osɨn,osɨn,o s ɨ n,,walker2011,,,^o s ɨ n$,default
Machiguenga-65_towalk-1,,Machiguenga,65_towalk,ata-gantsi,ata-gantsi,a t a + g a n ts i,,walker2011,,,^a t a - g a n ts i$,default
Maipure-65_towalk-1,,Maipure,65_towalk,-takau,-takau,t a k a u,,walker2011,,,^- t a k a u$,default
Manao-65_towalk-1,,Manao,65_towalk,wena,wena,w e n a,,walker2011,,,^w e n a$,default
Mandahuaca-65_towalk-1,,Mandahuaca,65_towalk,-a,-a,a,,walker2011,,,^- a$,default
Machinere-65_towalk-1,,Machinere,65_towalk,yaːn-ri,yaːn-ri,j aː n + r i,,walker2011,,,^y aː n - r i$,default
Maragua-65_towalk-1,,Maragua,65_towalk,"nu-kunanɨ, munaunɨ",nu-kunanɨ,n u + k u n a n ɨ,,walker2011,,,^n u - k u n a n ɨ$,default
Maragua-65_towalk-2,,Maragua,65_towalk,"nu-kunanɨ, munaunɨ",munaunɨ,m u n a u n ɨ,,walker2011,,,^m u n a u n ɨ$,default
MapidianMawayana-65_towalk-1,,MapidianMawayana,65_towalk,suke,suke,s u k e,,walker2011,,,^s u k e$,default
Mehinaku-65_towalk-1,,Mehinaku,65_towalk,ewetunɨ,ewetunɨ,e w e t u n ɨ,,walker2011,,,^e w e t u n ɨ$,default
Nomatsiguenga-65_towalk-1,,Nomatsiguenga,65_towalk,iake,iake,i a k e,,walker2011,,,^i a k e$,default
Palikur-65_towalk-1,,Palikur,65_towalk,wew,wew,w e w,,walker2011,,,^w e w$,default
Paraujano-65_towalk-1,,Paraujano,65_towalk,a-uma-,a-uma-,a + u m a,,walker2011,,,^a - u m a -$,default
Parecis-65_towalk-1,,Parecis,65_towalk,batʃijatja,batʃijatja,b a tʃ i j a t j a,,walker2011,,,^b a tʃ i j a t j a$,default
Piapoco-65_towalk-1,,Piapoco,65_towalk,nùakawa,nùakawa,n ù/u a k a w a,,walker2011,,,^n ù a k a w a$,default
Yine-65_towalk-1,,Yine,65_towalk,ya-lɨ,ya-lɨ,j a + l ɨ,,walker2011,,,^y a - l ɨ$,default
Resigaro-65_towalk-1,,Resigaro,65_towalk,-hiʔvu,-hiʔvu,h i ʔ v u,,walker2011,,,^- h i ʔ v u$,default
Saraveca-65_towalk-1,,Saraveca,65_towalk,iuna,iuna,i u n a,,walker2011,,,^i u n a$,default
Taino-65_towalk-1,,Taino,65_towalk,há,há,h á/a,,walker2011,,,^h á$,default
Tariana-65_towalk-1,,Tariana,65_towalk,emhani,emhani,e mʰ a n i,,walker2011,,,^e mh a n i$,default
Terena-65_towalk-1,,Terena,65_towalk,jôno,jôno,j ô/o n o,,walker2011,,,^j ô n o$,default
Trinitario-65_towalk-1,,Trinitario,65_towalk,yono,yono,j o n o,,walker2011,,,^y o n o$,default
Wainuma-65_towalk-1,,Wainuma,65_towalk,"-a, -pina",-a,a,,walker2011,,,^- a$,default
Wainuma-65_towalk-2,,Wainuma,65_towalk,"-a, -pina",-pina,p i n a,,walker2011,,,^- p i n a$,default
Wapishana-65_towalk-1,,Wapishana,65_towalk,makhun,makhun,m a kʰ u n,,walker2011,,,^m a kh u n$,default
Warekena-65_towalk-1,,Warekena,65_towalk,ipinakasi,ipinakasi,i p i n a k a s i,,walker2011,,,^i p i n a k a s i$,default
WarekenaVelha-65_towalk-1,,WarekenaVelha,65_towalk,tapata,tapata,t a p a t a,,walker2011,,,^t a p a t a$,default
Waura-65_towalk-1,,Waura,65_towalk,etsuna,etsuna,e ts u n a,,walker2011,,,^e ts u n a$,default
Yavitero-65_towalk-1,,Yavitero,65_towalk,heha,heha,h e h a,,walker2011,,,^h e h a$,default
Yawalapiti-65_towalk-1,,Yawalapiti,65_towalk,tsuka,tsuka,ts u k a,,walker2011,,,^ts u k a$,default
Yucuna-65_towalk-1,,Yucuna,65_towalk,iʔihnakahe,iʔihnakahe,i ʔ i h n a k a h e,,walker2011,,,^i ʔ i h n a k a h e$,default
Achagua-66_tocome-1,,Achagua,66_tocome,-inu,-inu,i n u,,walker2011,,,^- i n u$,default
Yanesha-66_tocome-1,,Yanesha,66_tocome,wenjets,wenjets,w e n j e ts,,walker2011,,,^w e n j e ts$,default
Apurina-66_tocome-1,,Apurina,66_tocome,ɨna,ɨna,ɨ n a,,walker2011,,,^ɨ n a$,default
Aruan-66_tocome-1,,Aruan,66_tocome,figiai,figiai,f i g i a i,,walker2011,,,^f i g i a i$,default
Ashaninka-66_tocome-1,,Ashaninka,66_tocome,nopokake,nopokake,n o p o k a k e,,walker2011,,,^n o p o k a k e$,default
Xiriana-66_tocome-1,,Xiriana,66_tocome,"karaɸɨna, dɨta",karaɸɨna,k a r a ɸ ɨ n a,,walker2011,,,^k a r a ɸ ɨ n a$,default
Xiriana-66_tocome-2,,Xiriana,66_tocome,"karaɸɨna, dɨta",dɨta,d ɨ t a,,walker2011,,,^d ɨ t a$,default
Avane-66_tocome-1,,Avane,66_tocome,-nu-pa-ʂi,-nu-pa-ʂi,n u + p a + ʂ i,,walker2011,,,^- n u - p a - ʂ i$,default
BaniwaDoIcana-66_tocome-1,,BaniwaDoIcana,66_tocome,-nu,-nu,n u,,walker2011,,,^- n u$,default
Bare-66_tocome-1,,Bare,66_tocome,kasa,kasa,k a s a,,walker2011,,,^k a s a$,default
Baure-66_tocome-1,,Baure,66_tocome,pik,pik,p i k,,walker2011,,,^p i k$,default
Cabiyari-66_tocome-1,,Cabiyari,66_tocome,niraːni,niraːni,n i r aː n i,,walker2011,,,^n i r aː n i$,default
Caquinte-66_tocome-1,,Caquinte,66_tocome,korake,korake,k o r a k e,,walker2011,,,^k o r a k e$,default
Cariai-66_tocome-1,,Cariai,66_tocome,heika,heika,h e i k a,,walker2011,,,^h e i k a$,default
Chamicuro-66_tocome-1,,Chamicuro,66_tocome,uneni,uneni,u n e n i,,walker2011,,,^u n e n i$,default
Garifuna-66_tocome-1,,Garifuna,66_tocome,"dagá, higougu",dagá,d a g á/a,,walker2011,,,^d a g á$,default
Garifuna-66_tocome-2,,Garifuna,66_tocome,"dagá, higougu",higougu,h i g o u g u,,walker2011,,,^h i g o u g u$,default
Wayuu-66_tocome-1,,Wayuu,66_tocome,anta,anta,a n t a,,walker2011,,,^a n t a$,default
Guinau-66_tocome-1,,Guinau,66_tocome,ʒikebi,ʒikebi,ʒ i k e b i,,walker2011,,,^ʒ i k e b i$,default
Ignaciano-66_tocome-1,,Ignaciano,66_tocome,kaʔepaipa,kaʔepaipa,k a ʔ e p a i p a,,walker2011,,,^k a ʔ e p a i p a$,default
Inapari-66_tocome-1,,Inapari,66_tocome,rɨ́nama,rɨ́nama,r ɨ́/ɨ n a m a,,walker2011,,,^r ɨ́ n a m a$,default
IslandCarib-66_tocome-1,,IslandCarib,66_tocome,daga,daga,d a g a,,walker2011,,,^d a g a$,default
Karutana-66_tocome-1,,Karutana,66_tocome,nuka,nuka,n u k a,,walker2011,,,^n u k a$,default
Kaishana-66_tocome-1,,Kaishana,66_tocome,"napɨca, olla",napɨca,n a p ɨ c a,,walker2011,,,^n a p ɨ c a$,default
Kaishana-66_tocome-2,,Kaishana,66_tocome,"napɨca, olla",olla,o j a,,walker2011,,,^o ll a$,default
Kinikinao-66_tocome-1,,Kinikinao,66_tocome,kenɔʔɔkɔ,kenɔʔɔkɔ,k e n ɔ ʔ ɔ k ɔ,,walker2011,,,^k e n ɔ ʔ ɔ k ɔ$,default
Curripaco-66_tocome-1,,Curripaco,66_tocome,inokheti,inokheti,i n o kʰ e t i,,walker2011,,,^i n o kh e t i$,default
Lokono-66_tocome-1,,Lokono,66_tocome,andin,andin,a n d i n,,walker2011,,,^a n d i n$,default
Machiguenga-66_tocome-1,,Machiguenga,66_tocome,poka-gantsi,poka-gantsi,p o k a + g a n ts i,,walker2011,,,^p o k a - g a n ts i$,default
Maipure-66_tocome-1,,Maipure,66_tocome,-nua,-nua,n u a,,walker2011,,,^- n u a$,default
Manao-66_tocome-1,,Manao,66_tocome,natsi kayititʃi,natsi_kayititʃi,n a ts i + k a j i t i tʃ i,,walker2011,,,^n a ts i _ k a y i t i tʃ i$,default
Mandahuaca-66_tocome-1,,Mandahuaca,66_tocome,-winawa,-winawa,w i n a w a,,walker2011,,,^- w i n a w a$,default
Machinere-66_tocome-1,,Machinere,66_tocome,tirpatɨ,tirpatɨ,t i r p a t ɨ,,walker2011,,,^t i r p a t ɨ$,default
Maragua-66_tocome-1,,Maragua,66_tocome,waku nihã,waku_nihã,w a k u + n i h ã,,walker2011,,,^w a k u _ n i h ã$,default
MapidianMawayana-66_tocome-1,,MapidianMawayana,66_tocome,yade-nu,yade-nu,j a d e + n u,,walker2011,,,^y a d e - n u$,default
Mehinaku-66_tocome-1,,Mehinaku,66_tocome,putukene,putukene,p u t u k e n e,,walker2011,,,^p u t u k e n e$,default
Nomatsiguenga-66_tocome-1,,Nomatsiguenga,66_tocome,ipoke,ipoke,i p o k e,,walker2011,,,^i p o k e$,default
Palikur-66_tocome-1,,Palikur,66_tocome,ayta,ayta,a j t a,,walker2011,,,^a y t a$,default
Paraujano-66_tocome-1,,Paraujano,66_tocome,a-inta,a-inta,a + i n t a,,walker2011,,,^a - i n t a$,default
Parecis-66_tocome-1,,Parecis,66_tocome,tjwoa,tjwoa,tʲʷ o a,,walker2011,,,^tjw o a$,default
Piapoco-66_tocome-1,,Piapoco,66_tocome,nùakawa néese,nùakawa_néese,n ù/u a k a w a + n é/e e s e,,walker2011,,,^n ù a k a w a _ n é e s e$,default
Yine-66_tocome-1,,Yine,66_tocome,gin-rɨ,gin-rɨ,g i n + r ɨ,,walker2011,,,^g i n - r ɨ$,default
Resigaro-66_tocome-1,,Resigaro,66_tocome,-tsaʔnu,-tsaʔnu,ts a ʔ n u,,walker2011,,,^- ts a ʔ n u$,default
Saraveca-66_tocome-1,,Saraveca,66_tocome,aʃena,aʃena,a ʃ e n a,,walker2011,,,^a ʃ e n a$,default
Taino-66_tocome-1,,Taino,66_tocome,guariko,guariko,g u a r i k o,,walker2011,,,^g u a r i k o$,default
Tariana-66_tocome-1,,Tariana,66_tocome,nu,nu,n u,,walker2011,,,^n u$,default
Terena-66_tocome-1,,Terena,66_tocome,puhi,puhi,p u h i,,walker2011,,,^p u h i$,default
Trinitario-66_tocome-1,,Trinitario,66_tocome,uteko,uteko,u t e k o,,walker2011,,,^u t e k o$,default
Wainuma-66_tocome-1,,Wainuma,66_tocome,-tsa’(nu),-tsa’,ts a ʔ,,walker2011,,,^- ts a ’$,default
Wapishana-66_tocome-1,,Wapishana,66_tocome,waʔatin,waʔatin,w a ʔ a t i n,,walker2011,,,^w a ʔ a t i n$,default
Warekena-66_tocome-1,,Warekena,66_tocome,winakasi,winakasi,w i n a k a s i,,walker2011,,,^w i n a k a s i$,default
WarekenaVelha-66_tocome-1,,WarekenaVelha,66_tocome,"yeleta, nupa",yeleta,j e l e t a,,walker2011,,,^y e l e t a$,default
WarekenaVelha-66_tocome-2,,WarekenaVelha,66_tocome,"yeleta, nupa",nupa,n u p a,,walker2011,,,^n u p a$,default
Waura-66_tocome-1,,Waura,66_tocome,"tua,pei",tua,t u a,,walker2011,,,^t u a$,default
Waura-66_tocome-2,,Waura,66_tocome,"tua,pei",pei,p e i,,walker2011,,,^p e i$,default
Yavitero-66_tocome-1,,Yavitero,66_tocome,nuha,nuha,n u h a,,walker2011,,,^n u h a$,default
Yawalapiti-66_tocome-1,,Yawalapiti,66_tocome,itinuapa,itinuapa,i t i n u a p a,,walker2011,,,^i t i n u a p a$,default
Yucuna-66_tocome-1,,Yucuna,66_tocome,iphakahe,iphakahe,i pʰ a k a h e,,walker2011,,,^i ph a k a h e$,default
Jumana-66_tocome-1,,Jumana,66_tocome,auoɨ,auoɨ,a u o ɨ,,walker2011,,,^a u o ɨ$,default
Achagua-67_toliedown-1,,Achagua,67_toliedown,"-kua, -ɻuwa",-kua,k u a,,walker2011,,,^- k u a$,default
Achagua-67_toliedown-2,,Achagua,67_toliedown,"-kua, -ɻuwa",-ɻuwa,ɻ u w a,,walker2011,,,^- ɻ u w a$,default
Yanesha-67_toliedown-1,,Yanesha,67_toliedown,pjanenjets,pjanenjets,p j a n e n j e ts,,walker2011,,,^p j a n e n j e ts$,default
Apurina-67_toliedown-1,,Apurina,67_toliedown,ʃiri,ʃiri,ʃ i r i,,walker2011,,,^ʃ i r i$,default
Ashaninka-67_toliedown-1,,Ashaninka,67_toliedown,noponai,noponai,n o p o n a i,,walker2011,,,^n o p o n a i$,default
Xiriana-67_toliedown-1,,Xiriana,67_toliedown,"-watawa, -tsabicawa",-watawa,w a t a w a,,walker2011,,,^- w a t a w a$,default
Xiriana-67_toliedown-2,,Xiriana,67_toliedown,"-watawa, -tsabicawa",-tsabicawa,ts a b i c a w a,,walker2011,,,^- ts a b i c a w a$,default
Avane-67_toliedown-1,,Avane,67_toliedown,-tua,-tua,t u a,,walker2011,,,^- t u a$,default
BaniwaDoIcana-67_toliedown-1,,BaniwaDoIcana,67_toliedown,"-kua, -ɻua, hrjua",-kua,k u a,,walker2011,,,^- k u a$,default
BaniwaDoIcana-67_toliedown-2,,BaniwaDoIcana,67_toliedown,"-kua, -ɻua, hrjua",-ɻua,ɻ u a,,walker2011,,,^- ɻ u a$,default
BaniwaDoIcana-67_toliedown-3,,BaniwaDoIcana,67_toliedown,"-kua, -ɻua, hrjua",hrjua,h r j u a,,walker2011,,,^h r j u a$,default
Bare-67_toliedown-1,,Bare,67_toliedown,tikuwa,tikuwa,t i k u w a,,walker2011,,,^t i k u w a$,default
Baure-67_toliedown-1,,Baure,67_toliedown,hoʃpoe,hoʃpoe,h o ʃ p o e,,walker2011,,,^h o ʃ p o e$,default
Cabiyari-67_toliedown-1,,Cabiyari,67_toliedown,-kuʔapu,-kuʔapu,k u ʔ a p u,,walker2011,,,^- k u ʔ a p u$,default
Caquinte-67_toliedown-1,,Caquinte,67_toliedown,ohoki,ohoki,o h o k i,,walker2011,,,^o h o k i$,default
Chamicuro-67_toliedown-1,,Chamicuro,67_toliedown,uʂolti,uʂolti,u ʂ o l t i,,walker2011,,,^u ʂ o l t i$,default
Garifuna-67_toliedown-1,,Garifuna,67_toliedown,"arounra, roun",arounra,a r o u n r a,,walker2011,,,^a r o u n r a$,default
Garifuna-67_toliedown-2,,Garifuna,67_toliedown,"arounra, roun",roun,r o u n,,walker2011,,,^r o u n$,default
Wayuu-67_toliedown-1,,Wayuu,67_toliedown,otoľiɾa-waa,otoľiɾa-waa,o t o ľ/lʲ i ɾ a + w aː,,walker2011,,,^o t o ľ i ɾ a - w aa$,default
Ignaciano-67_toliedown-1,,Ignaciano,67_toliedown,iβeka,iβeka,i β e k a,,walker2011,,,^i β e k a$,default
Inapari-67_toliedown-1,,Inapari,67_toliedown,rihuriapiráma,rihuriapiráma,r i h u r i a p i r á/a m a,,walker2011,,,^r i h u r i a p i r á m a$,default
IslandCarib-67_toliedown-1,,IslandCarib,67_toliedown,rav,rav,r a w,,walker2011,,,^r a v$,default
Kaishana-67_toliedown-1,,Kaishana,67_toliedown,saa,saa,s aː,,walker2011,,,^s aa$,default
Kinikinao-67_toliedown-1,,Kinikinao,67_toliedown,tunukuʃɔwɔti,tunukuʃɔwɔti,t u n u k u ʃ ɔ w ɔ t i,,walker2011,,,^t u n u k u ʃ ɔ w ɔ t i$,default
Curripaco-67_toliedown-1,,Curripaco,67_toliedown,isruaːkti,isruaːkti,i s r u aː k t i,,walker2011,,,^i s r u aː k t i$,default
Lokono-67_toliedown-1,,Lokono,67_toliedown,thoɽodon,thoɽodon,tʰ o ɽ o d o n,,walker2011,,,^th o ɽ o d o n$,default
Machiguenga-67_toliedown-1,,Machiguenga,67_toliedown,soka-gantsi,soka-gantsi,s o k a + g a n ts i,,walker2011,,,^s o k a - g a n ts i$,default
Maragua-67_toliedown-1,,Maragua,67_toliedown,-kɨbɨzumahi,-kɨbɨzumahi,k ɨ b ɨ z u m a h i,,walker2011,,,^- k ɨ b ɨ z u m a h i$,default
MapidianMawayana-67_toliedown-1,,MapidianMawayana,67_toliedown,tʃukude,tʃukude,tʃ u k u d e,,walker2011,,,^tʃ u k u d e$,default
Mehinaku-67_toliedown-1,,Mehinaku,67_toliedown,halalakua,halalakua,h a l a l a k u a,,walker2011,,,^h a l a l a k u a$,default
Nomatsiguenga-67_toliedown-1,,Nomatsiguenga,67_toliedown,inariaka,inariaka,i n a r i a k a,,walker2011,,,^i n a r i a k a$,default
Palikur-67_toliedown-1,,Palikur,67_toliedown,dukugis,dukugis,d u k u g i s,,walker2011,,,^d u k u g i s$,default
Paraujano-67_toliedown-1,,Paraujano,67_toliedown,auleide,auleide,a u l e i d e,,walker2011,,,^a u l e i d e$,default
Parecis-67_toliedown-1,,Parecis,67_toliedown,etolitsa,etolitsa,e t o l i ts a,,walker2011,,,^e t o l i ts a$,default
Piapoco-67_toliedown-1,,Piapoco,67_toliedown,nukùakawa,nukùakawa,n u k ù/u a k a w a,,walker2011,,,^n u k ù a k a w a$,default
Yine-67_toliedown-1,,Yine,67_toliedown,rɨkɨg-la,rɨkɨg-la,r ɨ k ɨ g + l a,,walker2011,,,^r ɨ k ɨ g - l a$,default
Resigaro-67_toliedown-1,,Resigaro,67_toliedown,"-hepitakaː, -toʔmaːkaː ",-hepitakaː,h e p i t a k aː,,walker2011,,,^- h e p i t a k aː$,default
Resigaro-67_toliedown-2,,Resigaro,67_toliedown,"-hepitakaː, -toʔmaːkaː ",-toʔmaːkaː,t o ʔ m aː k aː,,walker2011,,,^- t o ʔ m aː k aː$,default
Taino-67_toliedown-1,,Taino,67_toliedown,guato,guato,g u a t o,,walker2011,,,^g u a t o$,default
Tariana-67_toliedown-1,,Tariana,67_toliedown,swa,swa,s w a,,walker2011,,,^sw a$,default
Terena-67_toliedown-1,,Terena,67_toliedown,tunukuʃovo,tunukuʃovo,t u n u k u ʃ o v o,,walker2011,,,^t u n u k u ʃ o v o$,default
Trinitario-67_toliedown-1,,Trinitario,67_toliedown,epahi,epahi,e p a h i,,walker2011,,,^e p a h i$,default
Wainuma-67_toliedown-1,,Wainuma,67_toliedown,-hepitakaa(nu),-hepitakaa,h e p i t a k aː,,walker2011,,,^- h e p i t a k aa$,default
Wapishana-67_toliedown-1,,Wapishana,67_toliedown,waʐti,waʐti,w a ʐ t i,,walker2011,,,^w a ʐ t i$,default
Warekena-67_toliedown-1,,Warekena,67_toliedown,kwasataka,kwasataka,kʷ a s a t a k a,,walker2011,,,^kw a s a t a k a$,default
WarekenaVelha-67_toliedown-1,,WarekenaVelha,67_toliedown,yuluta,yuluta,j u l u t a,,walker2011,,,^y u l u t a$,default
Waura-67_toliedown-1,,Waura,67_toliedown,halalak-,halalak-,h a l a l a k,,walker2011,,,^h a l a l a k -$,default
Yavitero-67_toliedown-1,,Yavitero,67_toliedown,hahita,hahita,h a h i t a,,walker2011,,,^h a h i t a$,default
Yawalapiti-67_toliedown-1,,Yawalapiti,67_toliedown,pujukuta,pujukuta,p u j u k u t a,,walker2011,,,^p u j u k u t a$,default
Yucuna-67_toliedown-1,,Yucuna,67_toliedown,toʔotakahe,toʔotakahe,t o ʔ o t a k a h e,,walker2011,,,^t o ʔ o t a k a h e$,default
Achagua-68_tositdown-1,,Achagua,68_tositdown,-wa,-wa,w a,,walker2011,,,^- w a$,default
Yanesha-68_tositdown-1,,Yanesha,68_tositdown,anenjets,anenjets,a n e n j e ts,,walker2011,,,^a n e n j e ts$,default
Apurina-68_tositdown-1,,Apurina,68_tositdown,jotapaka,jotapaka,j o t a p a k a,,walker2011,,,^j o t a p a k a$,default
Ashaninka-68_tositdown-1,,Ashaninka,68_tositdown,nosaiki,nosaiki,n o s a i k i,,walker2011,,,^n o s a i k i$,default
Xiriana-68_tositdown-1,,Xiriana,68_tositdown,ciba,ciba,c i b a,,walker2011,,,^c i b a$,default
Avane-68_tositdown-1,,Avane,68_tositdown,ʂiwa-ʂi,ʂiwa-ʂi,ʂ i w a + ʂ i,,walker2011,,,^ʂ i w a - ʂ i$,default
BaniwaDoIcana-68_tositdown-1,,BaniwaDoIcana,68_tositdown,-uːhwaː,-uːhwaː,uː ʰw aː,,walker2011,,,^- uː hw aː$,default
Bare-68_tositdown-1,,Bare,68_tositdown,yanuma,yanuma,j a n u m a,,walker2011,,,^y a n u m a$,default
Baure-68_tositdown-1,,Baure,68_tositdown,hirik,hirik,h i r i k,,walker2011,,,^h i r i k$,default
Cabiyari-68_tositdown-1,,Cabiyari,68_tositdown,-tuʔna,-tuʔna,t u ʔ n a,,walker2011,,,^- t u ʔ n a$,default
Caquinte-68_tositdown-1,,Caquinte,68_tositdown,saβi,saβi,s a β i,,walker2011,,,^s a β i$,default
Chamicuro-68_tositdown-1,,Chamicuro,68_tositdown,ukoʔtʂomati,ukoʔtʂomati,u k o ʔ tʂ o m a t i,,walker2011,,,^u k o ʔ tʂ o m a t i$,default
EnaweneNawe-68_tositdown-1,,EnaweneNawe,68_tositdown,tokwa,tokwa,t o kʷ a,,walker2011,,,^t o kw a$,default
Garifuna-68_tositdown-1,,Garifuna,68_tositdown,aɲuura,aɲuura,a ɲ uː r a,,walker2011,,,^a ɲ uu r a$,default
Wayuu-68_tositdown-1,,Wayuu,68_tositdown,aikaľa-waa,aikaľa-waa,a i k a ľ/lʲ a + w aː,,walker2011,,,^a i k a ľ a - w aa$,default
Ignaciano-68_tositdown-1,,Ignaciano,68_tositdown,éhaka,éhaka,é/e h a k a,,walker2011,,,^éh a k a$,default
Inapari-68_tositdown-1,,Inapari,68_tositdown,tʃiparahári,tʃiparahári,tʃ i p a r a h á/a r i,,walker2011,,,^tʃ i p a r a h á r i$,default
IslandCarib-68_tositdown-1,,IslandCarib,68_tositdown,niuru,niuru,n i u r u,,walker2011,,,^n i u r u$,default
Kaishana-68_tositdown-1,,Kaishana,68_tositdown,"-tauwi, tawia",-tauwi,t a u w i,,walker2011,,,^- t a u w i$,default
Kaishana-68_tositdown-2,,Kaishana,68_tositdown,"-tauwi, tawia",tawia,t a w i a,,walker2011,,,^t a w i a$,default
Kinikinao-68_tositdown-1,,Kinikinao,68_tositdown,iwatakoti,iwatakoti,i w a t a k o t i,,walker2011,,,^i w a t a k o t i$,default
Curripaco-68_tositdown-1,,Curripaco,68_tositdown,ofaketi,ofaketi,o f a k e t i,,walker2011,,,^o f a k e t i$,default
Lokono-68_tositdown-1,,Lokono,68_tositdown,balɨtɨn,balɨtɨn,b a l ɨ t ɨ n,,walker2011,,,^b a l ɨ t ɨ n$,default
Machiguenga-68_tositdown-1,,Machiguenga,68_tositdown,pirinita-gantsi,pirinita-gantsi,p i r i n i t a + g a n ts i,,walker2011,,,^p i r i n i t a - g a n ts i$,default
Maipure-68_tositdown-1,,Maipure,68_tositdown,-sunua,-sunua,s u n u a,,walker2011,,,^- s u n u a$,default
Mandahuaca-68_tositdown-1,,Mandahuaca,68_tositdown,hẽhũka,hẽhũka,h ẽ h ũ k a,,walker2011,,,^h ẽ h ũ k a$,default
Maragua-68_tositdown-1,,Maragua,68_tositdown,-kɨna-mainjhu,-kɨna-mainjhu,k ɨ n a + m a i n hʲ u,,walker2011,,,^- k ɨ n a - m a i n jh u$,default
MapidianMawayana-68_tositdown-1,,MapidianMawayana,68_tositdown,itade,itade,i t a d e,,walker2011,,,^i t a d e$,default
Mehinaku-68_tositdown-1,,Mehinaku,68_tositdown,pataka-pai,pataka-pai,p a t a k a + p a i,,walker2011,,,^p a t a k a - p a i$,default
Nomatsiguenga-68_tositdown-1,,Nomatsiguenga,68_tositdown,isobiake,isobiake,i s o b i a k e,,walker2011,,,^i s o b i a k e$,default
Palikur-68_tositdown-1,,Palikur,68_tositdown,bat,bat,b a t,,walker2011,,,^b a t$,default
Paraujano-68_tositdown-1,,Paraujano,68_tositdown,djododide,djododide,d j o d o d i d e,,walker2011,,,^d j o d o d i d e$,default
Parecis-68_tositdown-1,,Parecis,68_tositdown,aokanikitsa,aokanikitsa,a o k a n i k i ts a,,walker2011,,,^a o k a n i k i ts a$,default
Piapoco-68_tositdown-1,,Piapoco,68_tositdown,núawinakawa,núawinakawa,n ú/u a w i n a k a w a,,walker2011,,,^n ú a w i n a k a w a$,default
Yine-68_tositdown-1,,Yine,68_tositdown,tɨpla-lɨ,tɨpla-lɨ,t ɨ p l a + l ɨ,,walker2011,,,^t ɨ p l a - l ɨ$,default
Resigaro-68_tositdown-1,,Resigaro,68_tositdown,"-itshu, -itʃhaka",-itshu,i tsʰ u,,walker2011,,,^- i tsh u$,default
Resigaro-68_tositdown-2,,Resigaro,68_tositdown,"-itshu, -itʃhaka",-itʃhaka,i tʃʰ a k a,,walker2011,,,^- i tʃh a k a$,default
Tariana-68_tositdown-1,,Tariana,68_tositdown,wha,wha,wʰ a,,walker2011,,,^wh a$,default
Terena-68_tositdown-1,,Terena,68_tositdown,wata,wata,w a t a,,walker2011,,,^w a t a$,default
Trinitario-68_tositdown-1,,Trinitario,68_tositdown,ehako,ehako,e h a k o,,walker2011,,,^e h a k o$,default
Wainuma-68_tositdown-1,,Wainuma,68_tositdown,-i’tshaka(nu),-i’tshaka,i ʔ tsʰ a k a,,walker2011,,,^- i ’ tsh a k a$,default
Wapishana-68_tositdown-1,,Wapishana,68_tositdown,sakantan,sakantan,s a k a n t a n,,walker2011,,,^s a k a n t a n$,default
Warekena-68_tositdown-1,,Warekena,68_tositdown,dajmitukasi,dajmitukasi,d a j m i t u k a s i,,walker2011,,,^d a j m i t u k a s i$,default
WarekenaVelha-68_tositdown-1,,WarekenaVelha,68_tositdown,ʃia,ʃia,ʃ i a,,walker2011,,,^ʃ i a$,default
Waura-68_tositdown-1,,Waura,68_tositdown,pataka,pataka,p a t a k a,,walker2011,,,^p a t a k a$,default
Yavitero-68_tositdown-1,,Yavitero,68_tositdown,hatsika,hatsika,h a ts i k a,,walker2011,,,^h a ts i k a$,default
Yawalapiti-68_tositdown-1,,Yawalapiti,68_tositdown,nuka,nuka,n u k a,,walker2011,,,^n u k a$,default
Yucuna-68_tositdown-1,,Yucuna,68_tositdown,yaʔatakahe,yaʔatakahe,j a ʔ a t a k a h e,,walker2011,,,^y a ʔ a t a k a h e$,default
Achagua-69_tostandup-1,,Achagua,69_tostandup,-baɻua,-baɻua,b a ɻ u a,,walker2011,,,^- b a ɻ u a$,default
Yanesha-69_tostandup-1,,Yanesha,69_tostandup,tjenjets,tjenjets,t j e n j e ts,,walker2011,,,^t j e n j e ts$,default
Apurina-69_tostandup-1,,Apurina,69_tostandup,-tɨma,-tɨma,t ɨ m a,,walker2011,,,^- t ɨ m a$,default
Ashaninka-69_tostandup-1,,Ashaninka,69_tostandup,nokatia,nokatia,n o k a t i a,,walker2011,,,^n o k a t i a$,default
Xiriana-69_tostandup-1,,Xiriana,69_tostandup,-katɨma,-katɨma,k a t ɨ m a,,walker2011,,,^- k a t ɨ m a$,default
Avane-69_tostandup-1,,Avane,69_tostandup,-atsiawa-ʂi,-atsiawa-ʂi,a ts i a w a + ʂ i,,walker2011,,,^- a ts i a w a - ʂ i$,default
BaniwaDoIcana-69_tostandup-1,,BaniwaDoIcana,69_tostandup,"-eːma, hiniku",-eːma,eː m a,,walker2011,,,^- eː m a$,default
BaniwaDoIcana-69_tostandup-2,,BaniwaDoIcana,69_tostandup,"-eːma, hiniku",hiniku,h i n i k u,,walker2011,,,^h i n i k u$,default
Bare-69_tostandup-1,,Bare,69_tostandup,kaduma,kaduma,k a d u m a,,walker2011,,,^k a d u m a$,default
Baure-69_tostandup-1,,Baure,69_tostandup,iʃom,iʃom,i ʃ o m,,walker2011,,,^i ʃ o m$,default
Cabiyari-69_tostandup-1,,Cabiyari,69_tostandup,-patʃhá,-patʃhá,p a tʃʰ á/a,,walker2011,,,^- p a tʃh á$,default
Chamicuro-69_tostandup-1,,Chamicuro,69_tostandup,aʃti,aʃti,a ʃ t i,,walker2011,,,^a ʃ t i$,default
Garifuna-69_tostandup-1,,Garifuna,69_tostandup,ararama,ararama,a r a r a m a,,walker2011,,,^a r a r a m a$,default
Wayuu-69_tostandup-1,,Wayuu,69_tostandup,aʃaʔwaľa-waa,aʃaʔwaľa-waa,a ʃ a ʔ w a ľ/lʲ a + w aː,,walker2011,,,^a ʃ a ʔw a ľ a - w aa$,default
Ignaciano-69_tostandup-1,,Ignaciano,69_tostandup,étʃepuka,étʃepuka,é/e tʃ e p u k a,,walker2011,,,^é tʃ e p u k a$,default
Inapari-69_tostandup-1,,Inapari,69_tostandup,itʃimáma,itʃimáma,i tʃ i m á/a m a,,walker2011,,,^i tʃ i m á m a$,default
IslandCarib-69_tostandup-1,,IslandCarib,69_tostandup,rarama,rarama,r a r a m a,,walker2011,,,^r a r a m a$,default
Kaishana-69_tostandup-1,,Kaishana,69_tostandup,tawanɨmɨ,tawanɨmɨ,t a w a n ɨ m ɨ,,walker2011,,,^t a w a n ɨ m ɨ$,default
Kinikinao-69_tostandup-1,,Kinikinao,69_tostandup,kexepu,kexepu,k e x e p u,,walker2011,,,^k e x e p u$,default
Curripaco-69_tostandup-1,,Curripaco,69_tostandup,eːmaketi,eːmaketi,eː m a k e t i,,walker2011,,,^eː m a k e t i$,default
Lokono-69_tostandup-1,,Lokono,69_tostandup,dimanɨn,dimanɨn,d i m a n ɨ n,,walker2011,,,^d i m a n ɨ n$,default
Machiguenga-69_tostandup-1,,Machiguenga,69_tostandup,katig,katig,k a t i g,,walker2011,,,^k a t i g$,default
Maipure-69_tostandup-1,,Maipure,69_tostandup,-ʃieka,-ʃieka,ʃ i e k a,,walker2011,,,^- ʃ i e k a$,default
Mandahuaca-69_tostandup-1,,Mandahuaca,69_tostandup,-ema,-ema,e m a,,walker2011,,,^- e m a$,default
Maragua-69_tostandup-1,,Maragua,69_tostandup,"-muru-mainju, alubɨ",-muru-mainju,m u r u + m a i n j u,,walker2011,,,^- m u r u - m a i n j u$,default
Maragua-69_tostandup-2,,Maragua,69_tostandup,"-muru-mainju, alubɨ",alubɨ,a l u b ɨ,,walker2011,,,^a l u b ɨ$,default
MapidianMawayana-69_tostandup-1,,MapidianMawayana,69_tostandup,katʃɨmɨtʃe,katʃɨmɨtʃe,k a tʃ ɨ m ɨ tʃ e,,walker2011,,,^k a tʃ ɨ m ɨ tʃ e$,default
Mehinaku-69_tostandup-1,,Mehinaku,69_tostandup,hɨʂɨʂɨkata-pai,hɨʂɨʂɨkata-pai,h ɨ ʂ ɨ ʂ ɨ k a t a + p a i,,walker2011,,,^h ɨ ʂ ɨ ʂ ɨ k a t a - p a i$,default
Nomatsiguenga-69_tostandup-1,,Nomatsiguenga,69_tostandup,yarantiaki,yarantiaki,j a r a n t i a k i,,walker2011,,,^y a r a n t i a k i$,default
Palikur-69_tostandup-1,,Palikur,69_tostandup,tabira,tabira,t a b i r a,,walker2011,,,^t a b i r a$,default
Paraujano-69_tostandup-1,,Paraujano,69_tostandup,todeide,todeide,t o d e i d e,,walker2011,,,^t o d e i d e$,default
Parecis-69_tostandup-1,,Parecis,69_tostandup,titjoa,titjoa,t i t j o a,,walker2011,,,^t i t j o a$,default
Piapoco-69_tostandup-1,,Piapoco,69_tostandup,nukawàakawa,nukawàakawa,n u k a w à/a a k a w a,,walker2011,,,^n u k a w à a k a w a$,default
Yine-69_tostandup-1,,Yine,69_tostandup,tɨnwata,tɨnwata,t ɨ n w a t a,,walker2011,,,^t ɨ nw a t a$,default
Resigaro-69_tostandup-1,,Resigaro,69_tostandup,-iʔtoɲ̥u,-iʔtoɲ̥u,i ʔ t o ɲ̥ u,,walker2011,,,^- i ʔ t o ɲ̥ u$,default
Tariana-69_tostandup-1,,Tariana,69_tostandup,ĩta,ĩta,ĩ t a,,walker2011,,,^ĩ t a$,default
Terena-69_tostandup-1,,Terena,69_tostandup,ʃepuʔkoe,ʃepuʔkoe,ʃ e p u ʔ k o e,,walker2011,,,^ʃ e p u ʔ k o e$,default
Trinitario-69_tostandup-1,,Trinitario,69_tostandup,kotipiʔeko,kotipiʔeko,k o t i p i ʔ e k o,,walker2011,,,^k o t i p i ʔ e k o$,default
Wainuma-69_tostandup-1,,Wainuma,69_tostandup,-i’tonhu,-i’tonhu,i ʔ t o nʰ u,,walker2011,,,^- i ’ t o nh u$,default
Wapishana-69_tostandup-1,,Wapishana,69_tostandup,sawatan,sawatan,s a w a t a n,,walker2011,,,^s a w a t a n$,default
Warekena-69_tostandup-1,,Warekena,69_tostandup,emakasi,emakasi,e m a k a s i,,walker2011,,,^e m a k a s i$,default
WarekenaVelha-69_tostandup-1,,WarekenaVelha,69_tostandup,atʃia,atʃia,a tʃ i a,,walker2011,,,^a tʃ i a$,default
Waura-69_tostandup-1,,Waura,69_tostandup,akãitsa,akãitsa,a k ã i ts a,,walker2011,,,^a k ã i ts a$,default
Yavitero-69_tostandup-1,,Yavitero,69_tostandup,katsia,katsia,k a ts i a,,walker2011,,,^k a ts i a$,default
Yawalapiti-69_tostandup-1,,Yawalapiti,69_tostandup,tutima,tutima,t u t i m a,,walker2011,,,^t u t i m a$,default
Achagua-70_togive-1,,Achagua,70_togive,-a,-a,a,,walker2011,,,^- a$,default
Yanesha-70_togive-1,,Yanesha,70_togive,apuenjets,apuenjets,a p u e n j e ts,,walker2011,,,^a p u e n j e ts$,default
Anauya-70_togive-1,,Anauya,70_togive,daka,daka,d a k a,,walker2011,,,^d a k a$,default
Apurina-70_togive-1,,Apurina,70_togive,sɨka,sɨka,s ɨ k a,,walker2011,,,^s ɨ k a$,default
Ashaninka-70_togive-1,,Ashaninka,70_togive,noperi,noperi,n o p e r i,,walker2011,,,^n o p e r i$,default
Xiriana-70_togive-1,,Xiriana,70_togive,"-daka, -taʔa",-daka,d a k a,,walker2011,,,^- d a k a$,default
Xiriana-70_togive-2,,Xiriana,70_togive,"-daka, -taʔa",-taʔa,t a ʔ a,,walker2011,,,^- t a ʔ a$,default
Avane-70_togive-1,,Avane,70_togive, nu-ta-ʂi,nu-ta-ʂi,n u + t a + ʂ i,,walker2011,,,^n u - t a - ʂ i$,default
BaniwaDoIcana-70_togive-1,,BaniwaDoIcana,70_togive,-aː,-aː,aː,,walker2011,,,^- aː$,default
Bare-70_togive-1,,Bare,70_togive,daka,daka,d a k a,,walker2011,,,^d a k a$,default
Baure-70_togive-1,,Baure,70_togive,po,po,p o,,walker2011,,,^p o$,default
Cabiyari-70_togive-1,,Cabiyari,70_togive,-aː,-aː,aː,,walker2011,,,^- aː$,default
Caquinte-70_togive-1,,Caquinte,70_togive,okoh,okoh,o k o h,,walker2011,,,^o k o h$,default
Chamicuro-70_togive-1,,Chamicuro,70_togive,woʔti,woʔti,w o ʔ t i,,walker2011,,,^w o ʔ t i$,default
EnaweneNawe-70_togive-1,,EnaweneNawe,70_togive,hani,hani,h a n i,,walker2011,,,^h a n i$,default
Garifuna-70_togive-1,,Garifuna,70_togive,"ίtʃaagua, ίtʃaaha, ίtʃiga, ru",ίtʃaagua,ί/i tʃ aː g u a,,walker2011,,,^ί tʃ aa g u a$,default
Garifuna-70_togive-2,,Garifuna,70_togive,"ίtʃaagua, ίtʃaaha, ίtʃiga, ru",ίtʃaaha,ί/i tʃ aː h a,,walker2011,,,^ί tʃ aa h a$,default
Garifuna-70_togive-3,,Garifuna,70_togive,"ίtʃaagua, ίtʃaaha, ίtʃiga, ru",ίtʃiga,ί/i tʃ i g a,,walker2011,,,^ί tʃ i g a$,default
Garifuna-70_togive-4,,Garifuna,70_togive,"ίtʃaagua, ίtʃaaha, ίtʃiga, ru",ru,r u,,walker2011,,,^r u$,default
Wayuu-70_togive-1,,Wayuu,70_togive,apa,apa,a p a,,walker2011,,,^a p a$,default
Guinau-70_togive-1,,Guinau,70_togive,-daka,-daka,d a k a,,walker2011,,,^- d a k a$,default
Ignaciano-70_togive-1,,Ignaciano,70_togive,íharaka,íharaka,í/i h a r a k a,,walker2011,,,^í h a r a k a$,default
Inapari-70_togive-1,,Inapari,70_togive,ipámari,ipámari,i p á/a m a r i,,walker2011,,,^i p á m a r i$,default
IslandCarib-70_togive-1,,IslandCarib,70_togive,itsiga,itsiga,i ts i g a,,walker2011,,,^i ts i g a$,default
Karutana-70_togive-1,,Karutana,70_togive,aka,aka,a k a,,walker2011,,,^a k a$,default
Kaishana-70_togive-1,,Kaishana,70_togive,"-aa, -jemɨ",-aa,aː,,walker2011,,,^- aa$,default
Kaishana-70_togive-2,,Kaishana,70_togive,"-aa, -jemɨ",-jemɨ,j e m ɨ,,walker2011,,,^- j e m ɨ$,default
Kinikinao-70_togive-1,,Kinikinao,70_togive,pɔɾεʃwa,pɔɾεʃwa,p ɔ ɾ ε ʃ w a,,walker2011,,,^p ɔ ɾ ε ʃw a$,default
Curripaco-70_togive-1,,Curripaco,70_togive,aːketi,aːketi,aː k e t i,,walker2011,,,^aː k e t i$,default
Lokono-70_togive-1,,Lokono,70_togive,sikin,sikin,s i k i n,,walker2011,,,^s i k i n$,default
Machiguenga-70_togive-1,,Machiguenga,70_togive,pa-gantsi,pa-gantsi,p a + g a n ts i,,walker2011,,,^p a - g a n ts i$,default
Maipure-70_togive-1,,Maipure,70_togive,-taː,-taː,t aː,,walker2011,,,^- t aː$,default
Manao-70_togive-1,,Manao,70_togive,-taː,-taː,t aː,,walker2011,,,^- t aː$,default
Mandahuaca-70_togive-1,,Mandahuaca,70_togive,-wa,-wa,w a,,walker2011,,,^- w a$,default
Machinere-70_togive-1,,Machinere,70_togive,penek ,penek,p e n e k,,walker2011,,,^p e n e k$,default
Maragua-70_togive-1,,Maragua,70_togive,n-amba-hi,n-amba-hi,n + a m b a + h i,,walker2011,,,^n - a m b a - h i$,default
MapidianMawayana-70_togive-1,,MapidianMawayana,70_togive,rɨ-tʃe-,rɨ-tʃe-,r ɨ + tʃ e,,walker2011,,,^r ɨ - tʃ e -$,default
Mehinaku-70_togive-1,,Mehinaku,70_togive,nu-mukɨpiu,nu-mukɨpiu,n u + m u k ɨ p i u,,walker2011,,,^n u - m u k ɨ p i u$,default
Nomatsiguenga-70_togive-1,,Nomatsiguenga,70_togive,ipɨre,ipɨre,i p ɨ r e,,walker2011,,,^i p ɨ r e$,default
Palikur-70_togive-1,,Palikur,70_togive,ik,ik,i k,,walker2011,,,^i k$,default
Paraujano-70_togive-1,,Paraujano,70_togive,dabih,dabih,d a b i h,,walker2011,,,^d a b i h$,default
Parecis-70_togive-1,,Parecis,70_togive,itsa,itsa,i ts a,,walker2011,,,^i ts a$,default
Piapoco-70_togive-1,,Piapoco,70_togive,nùaka,nùaka,n ù/u a k a,,walker2011,,,^n ù a k a$,default
Yine-70_togive-1,,Yine,70_togive,genek-lɨ,genek-lɨ,g e n e k + l ɨ,,walker2011,,,^g e n e k - l ɨ$,default
Resigaro-70_togive-1,,Resigaro,70_togive,-aːʔni,-aːʔni,aː ʔ n i,,walker2011,,,^- aː ʔ n i$,default
Saraveca-70_togive-1,,Saraveca,70_togive,no-ze-tahani,no-ze-tahani,n o + z e + t a h a n i,,walker2011,,,^n o - z e - t a h a n i$,default
Taino-70_togive-1,,Taino,70_togive,busika,busika,b u s i k a,,walker2011,,,^b u s i k a$,default
Tariana-70_togive-1,,Tariana,70_togive,pia,pia,p i a,,walker2011,,,^p i a$,default
Terena-70_togive-1,,Terena,70_togive,poré,poré,p o r é/e,,walker2011,,,^p o r é$,default
Trinitario-70_togive-1,,Trinitario,70_togive,ihroko,ihroko,i h r o k o,,walker2011,,,^i h r o k o$,default
Wainuma-70_togive-1,,Wainuma,70_togive,-ei,-ei,e i,,walker2011,,,^- e i$,default
Wapishana-70_togive-1,,Wapishana,70_togive,tan,tan,t a n,,walker2011,,,^t a n$,default
Warekena-70_togive-1,,Warekena,70_togive,hwakasi,hwakasi,ʰw a k a s i,,walker2011,,,^hw a k a s i$,default
WarekenaVelha-70_togive-1,,WarekenaVelha,70_togive,ta,ta,t a,,walker2011,,,^t a$,default
Waura-70_togive-1,,Waura,70_togive,"iʧeke, putamalu",iʧeke,i tʃ e k e,,walker2011,,,^i ʧ e k e$,default
Waura-70_togive-2,,Waura,70_togive,"iʧeke, putamalu",putamalu,p u t a m a l u,,walker2011,,,^p u t a m a l u$,default
Yavitero-70_togive-1,,Yavitero,70_togive,ta,ta,t a,,walker2011,,,^t a$,default
Yawalapiti-70_togive-1,,Yawalapiti,70_togive,tiputi,tiputi,t i p u t i,,walker2011,,,^t i p u t i$,default
Yucuna-70_togive-1,,Yucuna,70_togive,aʔakaje,aʔakaje,a ʔ a k a j e,,walker2011,,,^a ʔ a k a j e$,default
Achagua-71_tosay-1,,Achagua,71_tosay,"-ma,-taːnia, -iwa,-ara, -aniwiteː",-ma,m a,,walker2011,,,^- m a$,default
Achagua-71_tosay-2,,Achagua,71_tosay,"-ma,-taːnia, -iwa,-ara, -aniwiteː",-taːnia,t aː n i a,,walker2011,,,^- t aː n i a$,default
Achagua-71_tosay-3,,Achagua,71_tosay,"-ma,-taːnia, -iwa,-ara, -aniwiteː",-iwa,i w a,,walker2011,,,^- i w a$,default
Achagua-71_tosay-4,,Achagua,71_tosay,"-ma,-taːnia, -iwa,-ara, -aniwiteː",-ara,a r a,,walker2011,,,^- a r a$,default
Achagua-71_tosay-5,,Achagua,71_tosay,"-ma,-taːnia, -iwa,-ara, -aniwiteː",-aniwiteː,a n i w i t eː,,walker2011,,,^- a n i w i t eː$,default
Yanesha-71_tosay-1,,Yanesha,71_tosay,otenjets,otenjets,o t e n j e ts,,walker2011,,,^o t e n j e ts$,default
Apurina-71_tosay-1,,Apurina,71_tosay,tʃa,tʃa,tʃ a,,walker2011,,,^tʃ a$,default
Aruan-71_tosay-1,,Aruan,71_tosay,daka,daka,d a k a,,walker2011,,,^d a k a$,default
Ashaninka-71_tosay-1,,Ashaninka,71_tosay,nokanti,nokanti,n o k a n t i,,walker2011,,,^n o k a n t i$,default
Xiriana-71_tosay-1,,Xiriana,71_tosay,-tɨna,-tɨna,t ɨ n a,,walker2011,,,^- t ɨ n a$,default
Avane-71_tosay-1,,Avane,71_tosay,"mana-ʂi, wayata",mana-ʂi,m a n a + ʂ i,,walker2011,,,^m a n a - ʂ i$,default
Avane-71_tosay-2,,Avane,71_tosay,"mana-ʂi, wayata",wayata,w a j a t a,,walker2011,,,^w a y a t a$,default
BaniwaDoIcana-71_tosay-1,,BaniwaDoIcana,71_tosay,"-kaite, aːku",-kaite,k a i t e,,walker2011,,,^- k a i t e$,default
BaniwaDoIcana-71_tosay-2,,BaniwaDoIcana,71_tosay,"-kaite, aːku",aːku,aː k u,,walker2011,,,^aː k u$,default
Bare-71_tosay-1,,Bare,71_tosay,tʃereka,tʃereka,tʃ e r e k a,,walker2011,,,^tʃ e r e k a$,default
Baure-71_tosay-1,,Baure,71_tosay,kitʃ,kitʃ,k i tʃ,,walker2011,,,^k i tʃ$,default
Cabiyari-71_tosay-1,,Cabiyari,71_tosay,-tʃarha,-tʃarha,tʃ a ɽʱ a,,walker2011,,,^- tʃ a rh a$,default
Caquinte-71_tosay-1,,Caquinte,71_tosay,kaNt,kaNt,k a ɴ t,,walker2011,,,^k a N t$,default
Chamicuro-71_tosay-1,,Chamicuro,71_tosay,uhtoki,uhtoki,u h t o k i,,walker2011,,,^u h t o k i$,default
EnaweneNawe-71_tosay-1,,EnaweneNawe,71_tosay,hokwa,hokwa,h o kʷ a,,walker2011,,,^h o kw a$,default
Garifuna-71_tosay-1,,Garifuna,71_tosay,"ariɲaga, ereNa, nege",ariɲaga,a r i ɲ a g a,,walker2011,,,^a r i ɲ a g a$,default
Garifuna-71_tosay-2,,Garifuna,71_tosay,"ariɲaga, ereNa, nege",ereNa,e r e ɴ a,,walker2011,,,^e r e N a$,default
Garifuna-71_tosay-3,,Garifuna,71_tosay,"ariɲaga, ereNa, nege",nege,n e g e,,walker2011,,,^n e g e$,default
Wayuu-71_tosay-1,,Wayuu,71_tosay,maa,maa,m aː,,walker2011,,,^m aa$,default
Ignaciano-71_tosay-1,,Ignaciano,71_tosay,kaʔe,kaʔe,k a ʔ e,,walker2011,,,^k a ʔ e$,default
Inapari-71_tosay-1,,Inapari,71_tosay,itináma,itináma,i t i n á/a m a,,walker2011,,,^i t i n á m a$,default
IslandCarib-71_tosay-1,,IslandCarib,71_tosay,arega,arega,a r e g a,,walker2011,,,^a r e g a$,default
Kaishana-71_tosay-1,,Kaishana,71_tosay,"wejwejt, neweta(ka)",wejwejt,w e j w e j t,,walker2011,,,^w e jw e j t$,default
Kaishana-71_tosay-2,,Kaishana,71_tosay,"wejwejt, neweta(ka)",neweta,n e w e t a,,walker2011,,,^n e w e t a$,default
Kinikinao-71_tosay-1,,Kinikinao,71_tosay,tonoiti,tonoiti,t o n o i t i,,walker2011,,,^t o n o i t i$,default
Curripaco-71_tosay-1,,Curripaco,71_tosay,kei,kei,k e i,,walker2011,,,^k e i$,default
Lokono-71_tosay-1,,Lokono,71_tosay,akan,akan,a k a n,,walker2011,,,^a k a n$,default
Machiguenga-71_tosay-1,,Machiguenga,71_tosay,kanta-gantsi,kanta-gantsi,k a n t a + g a n ts i,,walker2011,,,^k a n t a - g a n ts i$,default
Maipure-71_tosay-1,,Maipure,71_tosay,"-ma, mayuke, -akɨhá",-ma,m a,,walker2011,,,^- m a$,default
Maipure-71_tosay-2,,Maipure,71_tosay,"-ma, mayuke, -akɨhá",mayuke,m a j u k e,,walker2011,,,^m a y u k e$,default
Maipure-71_tosay-3,,Maipure,71_tosay,"-ma, mayuke, -akɨhá",-akɨhá,a k ɨ h á/a,,walker2011,,,^- a k ɨ h á$,default
Manao-71_tosay-1,,Manao,71_tosay,tinika,tinika,t i n i k a,,walker2011,,,^t i n i k a$,default
Machinere-71_tosay-1,,Machinere,71_tosay,hipina,hipina,h i p i n a,,walker2011,,,^h i p i n a$,default
Maragua-71_tosay-1,,Maragua,71_tosay,neteuriu,neteuriu,n e t e u r i u,,walker2011,,,^n e t e u r i u$,default
MapidianMawayana-71_tosay-1,,MapidianMawayana,71_tosay,kara’utʃe,kara’utʃe,k a r a ʔ u tʃ e,,walker2011,,,^k a r a ’ u tʃ e$,default
Mehinaku-71_tosay-1,,Mehinaku,71_tosay,numa-wa,numa-wa,n u m a + w a,,walker2011,,,^n u m a - w a$,default
Nomatsiguenga-71_tosay-1,,Nomatsiguenga,71_tosay,ikankeri,ikankeri,i k a n k e r i,,walker2011,,,^i k a n k e r i$,default
Palikur-71_tosay-1,,Palikur,71_tosay,awna,awna,a w n a,,walker2011,,,^a w n a$,default
Paraujano-71_tosay-1,,Paraujano,71_tosay,oreide,oreide,o r e i d e,,walker2011,,,^o r e i d e$,default
Parecis-71_tosay-1,,Parecis,71_tosay,neʃa,neʃa,n e ʃ a,,walker2011,,,^n e ʃ a$,default
Piapoco-71_tosay-1,,Piapoco,71_tosay,núumaka,núumaka,n ú/u u m a k a,,walker2011,,,^n ú u m a k a$,default
Yine-71_tosay-1,,Yine,71_tosay,tʃin-rɨ,tʃin-rɨ,tʃ i n + r ɨ,,walker2011,,,^tʃ i n - r ɨ$,default
Resigaro-71_tosay-1,,Resigaro,71_tosay,-kemu,-kemu,k e m u,,walker2011,,,^- k e m u$,default
Saraveca-71_tosay-1,,Saraveca,71_tosay,i-mema,i-mema,i + m e m a,,walker2011,,,^i - m e m a$,default
Taino-71_tosay-1,,Taino,71_tosay,"áiem, ahiyaka, -hiya [to speak]",áiem,á/a i e m,,walker2011,,,^á i e m$,default
Taino-71_tosay-2,,Taino,71_tosay,"áiem, ahiyaka, -hiya [to speak]",ahiyaka,a h i j a k a,,walker2011,,,^a h i y a k a$,default
Taino-71_tosay-3,,Taino,71_tosay,"áiem, ahiyaka, -hiya [to speak]",-hiya_,h i j a,,walker2011,,,^- h i y a _$,default
Tariana-71_tosay-1,,Tariana,71_tosay,a,a,a,,walker2011,,,^a$,default
Terena-71_tosay-1,,Terena,71_tosay,kôe,kôe,k ô/o e,,walker2011,,,^k ô e$,default
Trinitario-71_tosay-1,,Trinitario,71_tosay,koʔe,koʔe,k o ʔ e,,walker2011,,,^k o ʔ e$,default
Wainuma-71_tosay-1,,Wainuma,71_tosay,-daʃa,-daʃa,d a ʃ a,,walker2011,,,^- d a ʃ a$,default
Wapishana-71_tosay-1,,Wapishana,71_tosay,khian,khian,kʰ i a n,,walker2011,,,^kh i a n$,default
Warekena-71_tosay-1,,Warekena,71_tosay,hyuwasi,hyuwasi,h j u w a s i,,walker2011,,,^h y u w a s i$,default
WarekenaVelha-71_tosay-1,,WarekenaVelha,71_tosay,"ma, waya",ma,m a,,walker2011,,,^m a$,default
WarekenaVelha-71_tosay-2,,WarekenaVelha,71_tosay,"ma, waya",waya,w a j a,,walker2011,,,^w a y a$,default
Waura-71_tosay-1,,Waura,71_tosay,ima,ima,i m a,,walker2011,,,^i m a$,default
Yavitero-71_tosay-1,,Yavitero,71_tosay,ma,ma,m a,,walker2011,,,^m a$,default
Yucuna-71_tosay-1,,Yucuna,71_tosay,kemakahe,kemakahe,k e m a k a h e,,walker2011,,,^k e m a k a h e$,default
Achagua-72_sun-1,,Achagua,72_sun,kaiwia,kaiwia,k a i w i a,,walker2011,,,^k a i w i a$,default
Yanesha-72_sun-1,,Yanesha,72_sun,atsnje,atsnje,a ts n j e,,walker2011,,,^a ts n j e$,default
Anauya-72_sun-1,,Anauya,72_sun,kamuhu,kamuhu,k a m u h u,,walker2011,,,^k a m u h u$,default
Apurina-72_sun-1,,Apurina,72_sun,atokatʃi,atokatʃi,a t o k a tʃ i,,walker2011,,,^a t o k a tʃ i$,default
Aruan-72_sun-1,,Aruan,72_sun,hamo,hamo,h a m o,,walker2011,,,^h a m o$,default
Ashaninka-72_sun-1,,Ashaninka,72_sun,katsirinkaiteri,katsirinkaiteri,k a ts i r i n k a i t e r i,,walker2011,,,^k a ts i r i n k a i t e r i$,default
Xiriana-72_sun-1,,Xiriana,72_sun,ketɨ,ketɨ,k e t ɨ,,walker2011,,,^k e t ɨ$,default
Avane-72_sun-1,,Avane,72_sun,amuʂi,amuʂi,a m u ʂ i,,walker2011,,,^a m u ʂ i$,default
BaniwaDoIcana-72_sun-1,,BaniwaDoIcana,72_sun,"kamui, heeɻi",kamui,k a m u i,,walker2011,,,^k a m u i$,default
BaniwaDoIcana-72_sun-2,,BaniwaDoIcana,72_sun,"kamui, heeɻi",heeɻi,h eː ɻ i,,walker2011,,,^h ee ɻ i$,default
Bare-72_sun-1,,Bare,72_sun,kamuhu,kamuhu,k a m u h u,,walker2011,,,^k a m u h u$,default
Baure-72_sun-1,,Baure,72_sun,ses,ses,s e s,,walker2011,,,^s e s$,default
Cabiyari-72_sun-1,,Cabiyari,72_sun,eri,eri,e r i,,walker2011,,,^e r i$,default
Caquinte-72_sun-1,,Caquinte,72_sun,katsiri,katsiri,k a ts i r i,,walker2011,,,^k a ts i r i$,default
Cariai-72_sun-1,,Cariai,72_sun,kamui,kamui,k a m u i,,walker2011,,,^k a m u i$,default
Chamicuro-72_sun-1,,Chamicuro,72_sun,moʔsohko,moʔsohko,m o ʔ s o h k o,,walker2011,,,^m o ʔs o h k o$,default
EnaweneNawe-72_sun-1,,EnaweneNawe,72_sun,kame,kame,k a m e,,walker2011,,,^k a m e$,default
Garifuna-72_sun-1,,Garifuna,72_sun,weyu,weyu,w e j u,,walker2011,,,^w e y u$,default
Wayuu-72_sun-1,,Wayuu,72_sun,kaʔi,kaʔi,k a ʔ i,,walker2011,,,^k a ʔ i$,default
Guinau-72_sun-1,,Guinau,72_sun,gamuhu,gamuhu,g a m u h u,,walker2011,,,^g a m u h u$,default
Ignaciano-72_sun-1,,Ignaciano,72_sun,satʃe,satʃe,s a tʃ e,,walker2011,,,^s a tʃ e$,default
Inapari-72_sun-1,,Inapari,72_sun,tuʔatí,tuʔatí,t u ʔ a t í/i,,walker2011,,,^t u ʔ a t í$,default
IslandCarib-72_sun-1,,IslandCarib,72_sun,weyeyu,weyeyu,w e j e j u,,walker2011,,,^w e y e y u$,default
Karutana-72_sun-1,,Karutana,72_sun,kamui,kamui,k a m u i,,walker2011,,,^k a m u i$,default
Kaishana-72_sun-1,,Kaishana,72_sun,ma(e)ri,mari,m a r i,,walker2011,,,^m a r i$,default
Kinikinao-72_sun-1,,Kinikinao,72_sun,kaʃε,kaʃε,k a ʃ ε,,walker2011,,,^k a ʃ ε$,default
Curripaco-72_sun-1,,Curripaco,72_sun,kamui,kamui,k a m u i,,walker2011,,,^k a m u i$,default
Lokono-72_sun-1,,Lokono,72_sun,hadali,hadali,h a d a l i,,walker2011,,,^h a d a l i$,default
Machiguenga-72_sun-1,,Machiguenga,72_sun,poreatsiri,poreatsiri,p o r e a ts i r i,,walker2011,,,^p o r e a ts i r i$,default
Maipure-72_sun-1,,Maipure,72_sun,"kie, kiepurig",kie,k i e,,walker2011,,,^k i e$,default
Maipure-72_sun-2,,Maipure,72_sun,"kie, kiepurig",kiepurig,k i e p u r i g,,walker2011,,,^k i e p u r i g$,default
Manao-72_sun-1,,Manao,72_sun,kamui,kamui,k a m u i,,walker2011,,,^k a m u i$,default
Mandahuaca-72_sun-1,,Mandahuaca,72_sun,gamu:wi,gamu:wi,g a m uː w i,,walker2011,,,^g a m u: w i$,default
Machinere-72_sun-1,,Machinere,72_sun,tɨkatʃi,tɨkatʃi,t ɨ k a tʃ i,,walker2011,,,^t ɨ k a tʃ i$,default
Marawan-72_sun-1,,Marawan,72_sun,kamui,kamui,k a m u i,,walker2011,,,^k a m u i$,default
Maragua-72_sun-1,,Maragua,72_sun,"kumetu, kumɨtɨ",kumetu,k u m e t u,,walker2011,,,^k u m e t u$,default
Maragua-72_sun-2,,Maragua,72_sun,"kumetu, kumɨtɨ",kumɨtɨ,k u m ɨ t ɨ,,walker2011,,,^k u m ɨ t ɨ$,default
Mariate-72_sun-1,,Mariate,72_sun,kamui,kamui,k a m u i,,walker2011,,,^k a m u i$,default
MapidianMawayana-72_sun-1,,MapidianMawayana,72_sun,kamu,kamu,k a m u,,walker2011,,,^k a m u$,default
Mehinaku-72_sun-1,,Mehinaku,72_sun,kamɨ,kamɨ,k a m ɨ,,walker2011,,,^k a m ɨ$,default
Nomatsiguenga-72_sun-1,,Nomatsiguenga,72_sun,paba,paba,p a b a,,walker2011,,,^p a b a$,default
Palikur-72_sun-1,,Palikur,72_sun,kamuw,kamuw,k a m u w,,walker2011,,,^k a m u w$,default
Paraujano-72_sun-1,,Paraujano,72_sun,"kai, kei",kai,k a i,,walker2011,,,^k a i$,default
Paraujano-72_sun-2,,Paraujano,72_sun,"kai, kei",kei,k e i,,walker2011,,,^k e i$,default
Parecis-72_sun-1,,Parecis,72_sun,kamai,kamai,k a m a i,,walker2011,,,^k a m a i$,default
Passe-72_sun-1,,Passe,72_sun,ayuma,ayuma,a j u m a,,walker2011,,,^a y u m a$,default
Piapoco-72_sun-1,,Piapoco,72_sun,éeri,éeri,é/e e r i,,walker2011,,,^é e r i$,default
Yine-72_sun-1,,Yine,72_sun,tkatʃi,tkatʃi,t k a tʃ i,,walker2011,,,^t k a tʃ i$,default
Resigaro-72_sun-1,,Resigaro,72_sun,"haʔi, kami [verão]",haʔi,h a ʔ i,,walker2011,,,^h a ʔ i$,default
Resigaro-72_sun-2,,Resigaro,72_sun,"haʔi, kami [verão]",kami_,k a m i,,walker2011,,,^k a m i _$,default
Saraveca-72_sun-1,,Saraveca,72_sun,kaame,kaame,k aː m e,,walker2011,,,^k aa m e$,default
Taino-72_sun-1,,Taino,72_sun,guey,guey,g u e y,,walker2011,,,^g u e y$,default
Tariana-72_sun-1,,Tariana,72_sun,ehkwapite keɾi,ehkwapite_keɾi,e h kʷ a p i t e + k e ɾ i,,walker2011,,,^e h kw a p i t e _ k e ɾ i$,default
Terena-72_sun-1,,Terena,72_sun,káʃe,káʃe,k á/a ʃ e,,walker2011,,,^k á ʃ e$,default
Trinitario-72_sun-1,,Trinitario,72_sun,satʃe,satʃe,s a tʃ e,,walker2011,,,^s a tʃ e$,default
Wainuma-72_sun-1,,Wainuma,72_sun,kamu(h)i,kamui,k a m u i,,walker2011,,,^k a m u i$,default
Wapishana-72_sun-1,,Wapishana,72_sun,kamuː,kamuː,k a m uː,,walker2011,,,^k a m uː$,default
Araicu-72_sun-1,,Araicu,72_sun,kuma,kuma,k u m a,,walker2011,,,^k u m a$,default
Warekena-72_sun-1,,Warekena,72_sun,kamui,kamui,k a m u i,,walker2011,,,^k a m u i$,default
WarekenaVelha-72_sun-1,,WarekenaVelha,72_sun,amuʃi,amuʃi,a m u ʃ i,,walker2011,,,^a m u ʃ i$,default
Waura-72_sun-1,,Waura,72_sun,kamɨ,kamɨ,k a m ɨ,,walker2011,,,^k a m ɨ$,default
Yavitero-72_sun-1,,Yavitero,72_sun,kamuľ̥i,kamuľ̥i,k a m u l̥ʲ i,,walker2011,,,^k a m u ľ̥ i$,default
Yawalapiti-72_sun-1,,Yawalapiti,72_sun,kami,kami,k a m i,,walker2011,,,^k a m i$,default
Yucuna-72_sun-1,,Yucuna,72_sun,kamu,kamu,k a m u,,walker2011,,,^k a m u$,default
Jumana-72_sun-1,,Jumana,72_sun,"sima, semalu, tsimalo",sima,s i m a,,walker2011,,,^s i m a$,default
Jumana-72_sun-2,,Jumana,72_sun,"sima, semalu, tsimalo",semalu,s e m a l u,,walker2011,,,^s e m a l u$,default
Jumana-72_sun-3,,Jumana,72_sun,"sima, semalu, tsimalo",tsimalo,ts i m a l o,,walker2011,,,^ts i m a l o$,default
Achagua-73_moon-1,,Achagua,73_moon,keːɻi,keːɻi,k eː ɻ i,,walker2011,,,^k eː ɻ i$,default
Yanesha-73_moon-1,,Yanesha,73_moon,aʐoɾ,aʐoɾ,a ʐ o ɾ,,walker2011,,,^a ʐ o ɾ$,default
Anauya-73_moon-1,,Anauya,73_moon,ki,ki,k i,,walker2011,,,^k i$,default
Apurina-73_moon-1,,Apurina,73_moon,kasɨrɨ,kasɨrɨ,k a s ɨ r ɨ,,walker2011,,,^k a s ɨ r ɨ$,default
Aruan-73_moon-1,,Aruan,73_moon,hoes,hoes,h o e s,,walker2011,,,^h o e s$,default
Ashaninka-73_moon-1,,Ashaninka,73_moon,kaʃiri,kaʃiri,k a ʃ i r i,,walker2011,,,^k a ʃ i r i$,default
Xiriana-73_moon-1,,Xiriana,73_moon,kɨɻɨ,kɨɻɨ,k ɨ ɻ ɨ,,walker2011,,,^k ɨ ɻ ɨ$,default
Avane-73_moon-1,,Avane,73_moon,aʂita,aʂita,a ʂ i t a,,walker2011,,,^a ʂ i t a$,default
BaniwaDoIcana-73_moon-1,,BaniwaDoIcana,73_moon,keːɻi,keːɻi,k eː ɻ i,,walker2011,,,^k eː ɻ i$,default
Bare-73_moon-1,,Bare,73_moon,khi,khi,kʰ i,,walker2011,,,^kh i$,default
Baure-73_moon-1,,Baure,73_moon,kiher,kiher,k i h e r,,walker2011,,,^k i h e r$,default
Cabiyari-73_moon-1,,Cabiyari,73_moon,keːri,keːri,k eː r i,,walker2011,,,^k eː r i$,default
Cariai-73_moon-1,,Cariai,73_moon,kaisi,kaisi,k a i s i,,walker2011,,,^k a i s i$,default
Chamicuro-73_moon-1,,Chamicuro,73_moon,sokoli,sokoli,s o k o l i,,walker2011,,,^s o k o l i$,default
Garifuna-73_moon-1,,Garifuna,73_moon,hati,hati,h a t i,,walker2011,,,^h a t i$,default
Wayuu-73_moon-1,,Wayuu,73_moon,kaʃi,kaʃi,k a ʃ i,,walker2011,,,^k a ʃ i$,default
Guinau-73_moon-1,,Guinau,73_moon,kewaːli,kewaːli,k e w aː l i,,walker2011,,,^k e w aː l i$,default
Ignaciano-73_moon-1,,Ignaciano,73_moon,kahe,kahe,k a h e,,walker2011,,,^k a h e$,default
Inapari-73_moon-1,,Inapari,73_moon,airɨ́,airɨ́,a i r ɨ́/ɨ,,walker2011,,,^a i r ɨ́$,default
IslandCarib-73_moon-1,,IslandCarib,73_moon,hati,hati,h a t i,,walker2011,,,^h a t i$,default
Karutana-73_moon-1,,Karutana,73_moon,keri,keri,k e r i,,walker2011,,,^k e r i$,default
Kaishana-73_moon-1,,Kaishana,73_moon,kesi,kesi,k e s i,,walker2011,,,^k e s i$,default
Kinikinao-73_moon-1,,Kinikinao,73_moon,koheʔe,koheʔe,k o h e ʔ e,,walker2011,,,^k o h e ʔ e$,default
Curripaco-73_moon-1,,Curripaco,73_moon,keːli,keːli,k eː l i,,walker2011,,,^k eː l i$,default
Lokono-73_moon-1,,Lokono,73_moon,kathi,kathi,k a tʰ i,,walker2011,,,^k a th i$,default
Machiguenga-73_moon-1,,Machiguenga,73_moon,kaʃiri,kaʃiri,k a ʃ i r i,,walker2011,,,^k a ʃ i r i$,default
Maipure-73_moon-1,,Maipure,73_moon,keyapi,keyapi,k e j a p i,,walker2011,,,^k e y a p i$,default
Manao-73_moon-1,,Manao,73_moon,kairi,kairi,k a i r i,,walker2011,,,^k a i r i$,default
Mandahuaca-73_moon-1,,Mandahuaca,73_moon,ke:ri,ke:ri,k eː r i,,walker2011,,,^k e: r i$,default
Machinere-73_moon-1,,Machinere,73_moon,ksiri,ksiri,k s i r i,,walker2011,,,^ks i r i$,default
Marawan-73_moon-1,,Marawan,73_moon,kairi,kairi,k a i r i,,walker2011,,,^k a i r i$,default
Maragua-73_moon-1,,Maragua,73_moon,"waliawan, watːnjawi",waliawan,w a l i a w a n,,walker2011,,,^w a l i a w a n$,default
Maragua-73_moon-2,,Maragua,73_moon,"waliawan, watːnjawi",watːnjawi,w a ʔ n j a w i,,walker2011,,,^w a tː n j a w i$,default
Mariate-73_moon-1,,Mariate,73_moon,keri,keri,k e r i,,walker2011,,,^k e r i$,default
MapidianMawayana-73_moon-1,,MapidianMawayana,73_moon,kɨsɨ,kɨsɨ,k ɨ s ɨ,,walker2011,,,^k ɨ s ɨ$,default
Mehinaku-73_moon-1,,Mehinaku,73_moon,keʂɨ,keʂɨ,k e ʂ ɨ,,walker2011,,,^k e ʂ ɨ$,default
Nomatsiguenga-73_moon-1,,Nomatsiguenga,73_moon,mantʃakori,mantʃakori,m a n tʃ a k o r i,,walker2011,,,^m a n tʃ a k o r i$,default
Palikur-73_moon-1,,Palikur,73_moon,kayg,kayg,k a j g,,walker2011,,,^k a y g$,default
Paraujano-73_moon-1,,Paraujano,73_moon,keitʃare,keitʃare,k e i tʃ a r e,,walker2011,,,^k e i tʃ a r e$,default
Parecis-73_moon-1,,Parecis,73_moon,kaimare,kaimare,k a i m a r e,,walker2011,,,^k a i m a r e$,default
Passe-73_moon-1,,Passe,73_moon,kiʃi,kiʃi,k i ʃ i,,walker2011,,,^k i ʃ i$,default
Piapoco-73_moon-1,,Piapoco,73_moon,kéeri,kéeri,k é/e e r i,,walker2011,,,^k é e r i$,default
Yine-73_moon-1,,Yine,73_moon,ksɨrɨ,ksɨrɨ,k s ɨ r ɨ,,walker2011,,,^ks ɨ r ɨ$,default
Resigaro-73_moon-1,,Resigaro,73_moon,keːgi,keːgi,k eː g i,,walker2011,,,^k eː g i$,default
Saraveca-73_moon-1,,Saraveca,73_moon,katʃe,katʃe,k a tʃ e,,walker2011,,,^k a tʃ e$,default
Taino-73_moon-1,,Taino,73_moon,karaya,karaya,k a r a j a,,walker2011,,,^k a r a y a$,default
Tariana-73_moon-1,,Tariana,73_moon,depite keɾi,depite_keɾi,d e p i t e + k e ɾ i,,walker2011,,,^d e p i t e _ k e ɾ i$,default
Terena-73_moon-1,,Terena,73_moon,kohjêe,kohjêe,k o h j ê/e e,,walker2011,,,^k o h j ê e$,default
Trinitario-73_moon-1,,Trinitario,73_moon,kohe,kohe,k o h e,,walker2011,,,^k o h e$,default
Wainuma-73_moon-1,,Wainuma,73_moon,kaːɨ(h)ri,kaːɨri,k aː ɨ r i,,walker2011,,,^k aː ɨ r i$,default
Wapishana-73_moon-1,,Wapishana,73_moon,kaɨʐ,kaɨʐ,k a ɨ ʐ,,walker2011,,,^k a ɨ ʐ$,default
Araicu-73_moon-1,,Araicu,73_moon,kairi,kairi,k a i r i,,walker2011,,,^k a i r i$,default
Warekena-73_moon-1,,Warekena,73_moon,keli,keli,k e l i,,walker2011,,,^k e l i$,default
WarekenaVelha-73_moon-1,,WarekenaVelha,73_moon,asita,asita,a s i t a,,walker2011,,,^a s i t a$,default
Waura-73_moon-1,,Waura,73_moon,keʐɨ,keʐɨ,k e ʐ ɨ,,walker2011,,,^k e ʐ ɨ$,default
Yavitero-73_moon-1,,Yavitero,73_moon,keľ̥i,keľ̥i,k e l̥ʲ i,,walker2011,,,^k e ľ̥ i$,default
Yawalapiti-73_moon-1,,Yawalapiti,73_moon,kɨɾi,kɨɾi,k ɨ ɾ i,,walker2011,,,^k ɨ ɾ i$,default
Yucuna-73_moon-1,,Yucuna,73_moon,keri,keri,k e r i,,walker2011,,,^k e r i$,default
Jumana-73_moon-1,,Jumana,73_moon,"uaniu, uanyu",uaniu,u a n i u,,walker2011,,,^u a n i u$,default
Jumana-73_moon-2,,Jumana,73_moon,"uaniu, uanyu",uanyu,u a n j u,,walker2011,,,^u a n y u$,default
Achagua-74_star-1,,Achagua,74_star,ʃaːli,ʃaːli,ʃ aː l i,,walker2011,,,^ʃ aː l i$,default
Yanesha-74_star-1,,Yanesha,74_star,ɾanto,ɾanto,ɾ a n t o,,walker2011,,,^ɾ a n t o$,default
Apurina-74_star-1,,Apurina,74_star,jõrɨkɨ,jõrɨkɨ,j õ r ɨ k ɨ,,walker2011,,,^j õ r ɨ k ɨ$,default
Ashaninka-74_star-1,,Ashaninka,74_star,impokiro,impokiro,i m p o k i r o,,walker2011,,,^i m p o k i r o$,default
Xiriana-74_star-1,,Xiriana,74_star,hiwicw,hiwicw,h i w i c w,,walker2011,,,^h i w i cw$,default
Avane-74_star-1,,Avane,74_star,wiminali,wiminali,w i m i n a l i,,walker2011,,,^w i m i n a l i$,default
BaniwaDoIcana-74_star-1,,BaniwaDoIcana,74_star,hiwihɻi,hiwihɻi,h i w i h ɻ i,,walker2011,,,^h i w i h ɻ i$,default
Bare-74_star-1,,Bare,74_star,hwinadi,hwinadi,ʰw i n a d i,,walker2011,,,^hw i n a d i$,default
Baure-74_star-1,,Baure,74_star,wakis,wakis,w a k i s,,walker2011,,,^w a k i s$,default
Cabiyari-74_star-1,,Cabiyari,74_star,wiriɲu,wiriɲu,w i r i ɲ u,,walker2011,,,^w i r i ɲ u$,default
Chamicuro-74_star-1,,Chamicuro,74_star,katepulu,katepulu,k a t e p u l u,,walker2011,,,^k a t e p u l u$,default
EnaweneNawe-74_star-1,,EnaweneNawe,74_star,dorise,dorise,d o r i s e,,walker2011,,,^d o r i s e$,default
Garifuna-74_star-1,,Garifuna,74_star,waruguma,waruguma,w a r u g u m a,,walker2011,,,^w a r u g u m a$,default
Wayuu-74_star-1,,Wayuu,74_star,ʃɨľiwaľa,ʃɨľiwaľa,ʃ ɨ ľ/lʲ i w a ľ/lʲ a,,walker2011,,,^ʃ ɨ ľ i w a ľ a$,default
Guinau-74_star-1,,Guinau,74_star,juwinte,juwinte,j u w i n t e,,walker2011,,,^j u w i n t e$,default
Ignaciano-74_star-1,,Ignaciano,74_star,harairiki,harairiki,h a r a i r i k i,,walker2011,,,^h a r a i r i k i$,default
Inapari-74_star-1,,Inapari,74_star,atuhɨrɨ́,atuhɨrɨ́,a t u h ɨ r ɨ́/ɨ,,walker2011,,,^a t u h ɨ r ɨ́$,default
IslandCarib-74_star-1,,IslandCarib,74_star,uaruauma,uaruauma,u a r u a u m a,,walker2011,,,^u a r u a u m a$,default
Karutana-74_star-1,,Karutana,74_star,hiwiri,hiwiri,h i w i r i,,walker2011,,,^h i w i r i$,default
Kaishana-74_star-1,,Kaishana,74_star,piritu,piritu,p i r i t u,,walker2011,,,^p i r i t u$,default
Kinikinao-74_star-1,,Kinikinao,74_star,hεkεɾe,hεkεɾe,h ε k ε ɾ e,,walker2011,,,^h ε k ε ɾ e$,default
Curripaco-74_star-1,,Curripaco,74_star,hiviʃi,hiviʃi,h i v i ʃ i,,walker2011,,,^h i v i ʃ i$,default
Lokono-74_star-1,,Lokono,74_star,wiwa,wiwa,w i w a,,walker2011,,,^w i w a$,default
Machiguenga-74_star-1,,Machiguenga,74_star,impokjiro,impokjiro,i m p o k j i r o,,walker2011,,,^i m p o k j i r o$,default
Maipure-74_star-1,,Maipure,74_star,urupu,urupu,u r u p u,,walker2011,,,^u r u p u$,default
Manao-74_star-1,,Manao,74_star,boibali,boibali,b o i b a l i,,walker2011,,,^b o i b a l i$,default
Mandahuaca-74_star-1,,Mandahuaca,74_star,ewi:ne,ewi:ne,e w iː n e,,walker2011,,,^e w i: n e$,default
Machinere-74_star-1,,Machinere,74_star,katahĩːu,katahĩːu,k a t a h ĩː u,,walker2011,,,^k a t a h ĩː u$,default
Marawan-74_star-1,,Marawan,74_star,warukuman,warukuman,w a r u k u m a n,,walker2011,,,^w a r u k u m a n$,default
Maragua-74_star-1,,Maragua,74_star,"ybiru, iwiru",ybiru,j b i r u,,walker2011,,,^y b i r u$,default
Maragua-74_star-2,,Maragua,74_star,"ybiru, iwiru",iwiru,i w i r u,,walker2011,,,^i w i r u$,default
Mariate-74_star-1,,Mariate,74_star,ipitse,ipitse,i p i ts e,,walker2011,,,^i p i ts e$,default
MapidianMawayana-74_star-1,,MapidianMawayana,74_star,siwaru,siwaru,s i w a r u,,walker2011,,,^s i w a r u$,default
Mehinaku-74_star-1,,Mehinaku,74_star,kalũtɨ,kalũtɨ,k a l ũ t ɨ,,walker2011,,,^k a l ũ t ɨ$,default
Nomatsiguenga-74_star-1,,Nomatsiguenga,74_star,honogasati,honogasati,h o n o g a s a t i,,walker2011,,,^h o n o g a s a t i$,default
Palikur-74_star-1,,Palikur,74_star,warukma,warukma,w a r u k m a,,walker2011,,,^w a r u k m a$,default
Paraujano-74_star-1,,Paraujano,74_star,"hatuge, hardua",hatuge,h a t u g e,,walker2011,,,^h a t u g e$,default
Paraujano-74_star-2,,Paraujano,74_star,"hatuge, hardua",hardua,h a r d u a,,walker2011,,,^h a r d u a$,default
Parecis-74_star-1,,Parecis,74_star,ʃorese,ʃorese,ʃ o r e s e,,walker2011,,,^ʃ o r e s e$,default
Passe-74_star-1,,Passe,74_star,kjetye,kjetye,k j e t j e,,walker2011,,,^k j e t y e$,default
Piapoco-74_star-1,,Piapoco,74_star,dùlupùta,dùlupùta,d ù/u l u p ù/u t a,,walker2011,,,^d ù l u p ù t a$,default
Yine-74_star-1,,Yine,74_star,katagiri,katagiri,k a t a g i r i,,walker2011,,,^k a t a g i r i$,default
Resigaro-74_star-1,,Resigaro,74_star,hiviːgi,hiviːgi,h i v iː g i,,walker2011,,,^h i v iː g i$,default
Saraveca-74_star-1,,Saraveca,74_star,eno-etʃe,eno-etʃe,e n o + e tʃ e,,walker2011,,,^e n o - e tʃ e$,default
Taino-74_star-1,,Taino,74_star,uaruguma,uaruguma,u a r u g u m a,,walker2011,,,^u a r u g u m a$,default
Tariana-74_star-1,,Tariana,74_star,walipeɾa,walipeɾa,w a l i p e ɾ a,,walker2011,,,^w a l i p e ɾ a$,default
Terena-74_star-1,,Terena,74_star,hjekere,hjekere,h j e k e r e,,walker2011,,,^h j e k e r e$,default
Trinitario-74_star-1,,Trinitario,74_star,hreeɣi,hreeɣi,h r eː ɣ i,,walker2011,,,^h r ee ɣ i$,default
Wainuma-74_star-1,,Wainuma,74_star,"ibihitʃi, hipiitʃi",ibihitʃi,i b i h i tʃ i,,walker2011,,,^i b i h i tʃ i$,default
Wainuma-74_star-2,,Wainuma,74_star,"ibihitʃi, hipiitʃi",hipiitʃi,h i p iː tʃ i,,walker2011,,,^h i p ii tʃ i$,default
Wapishana-74_star-1,,Wapishana,74_star,wiʐ,wiʐ,w i ʐ,,walker2011,,,^w i ʐ$,default
Araicu-74_star-1,,Araicu,74_star,imiru,imiru,i m i r u,,walker2011,,,^i m i r u$,default
Warekena-74_star-1,,Warekena,74_star,wili,wili,w i l i,,walker2011,,,^w i l i$,default
WarekenaVelha-74_star-1,,WarekenaVelha,74_star,wiminaɻi,wiminaɻi,w i m i n a ɻ i,,walker2011,,,^w i m i n a ɻ i$,default
Waura-74_star-1,,Waura,74_star,kalũtɨ,kalũtɨ,k a l ũ t ɨ,,walker2011,,,^k a l ũ t ɨ$,default
Yavitero-74_star-1,,Yavitero,74_star,wiwinaľ̥i,wiwinaľ̥i,w i w i n a l̥ʲ i,,walker2011,,,^w i w i n a ľ̥ i$,default
Yawalapiti-74_star-1,,Yawalapiti,74_star,witʃitʃi,witʃitʃi,w i tʃ i tʃ i,,walker2011,,,^w i tʃ i tʃ i$,default
Yucuna-74_star-1,,Yucuna,74_star,iwihri,iwihri,i w i h r i,,walker2011,,,^i w i h r i$,default
Jumana-74_star-1,,Jumana,74_star,oite,oite,o i t e,,walker2011,,,^o i t e$,default
Achagua-75_water-1,,Achagua,75_water,ʃiatai,ʃiatai,ʃ i a t a i,,walker2011,,,^ʃ i a t a i$,default
Yanesha-75_water-1,,Yanesha,75_water,onj,onj,o n j,,walker2011,,,^o n j$,default
Anauya-75_water-1,,Anauya,75_water,uni,uni,u n i,,walker2011,,,^u n i$,default
Apurina-75_water-1,,Apurina,75_water,ĩporã,ĩporã,ĩ p o r ã,,walker2011,,,^ĩ p o r ã$,default
Aruan-75_water-1,,Aruan,75_water,uni,uni,u n i,,walker2011,,,^u n i$,default
Ashaninka-75_water-1,,Ashaninka,75_water,niha,niha,n i h a,,walker2011,,,^n i h a$,default
Xiriana-75_water-1,,Xiriana,75_water,uːne,uːne,uː n e,,walker2011,,,^uː n e$,default
Avane-75_water-1,,Avane,75_water,weːni,weːni,w eː n i,,walker2011,,,^w eː n i$,default
BaniwaDoIcana-75_water-1,,BaniwaDoIcana,75_water,uːni,uːni,uː n i,,walker2011,,,^uː n i$,default
Bare-75_water-1,,Bare,75_water,uni,uni,u n i,,walker2011,,,^u n i$,default
Baure-75_water-1,,Baure,75_water,in,in,i n,,walker2011,,,^i n$,default
Cabiyari-75_water-1,,Cabiyari,75_water,uːni,uːni,uː n i,,walker2011,,,^uː n i$,default
Caquinte-75_water-1,,Caquinte,75_water,niya,niya,n i j a,,walker2011,,,^n i y a$,default
Chamicuro-75_water-1,,Chamicuro,75_water,unihsa,unihsa,u n i ʰs a,,walker2011,,,^u n i hs a$,default
EnaweneNawe-75_water-1,,EnaweneNawe,75_water,oni,oni,o n i,,walker2011,,,^o n i$,default
Garifuna-75_water-1,,Garifuna,75_water,"áturaguni, duna",áturaguni,á/a t u r a g u n i,,walker2011,,,^á t u r a g u n i$,default
Garifuna-75_water-2,,Garifuna,75_water,"áturaguni, duna",duna,d u n a,,walker2011,,,^d u n a$,default
Wayuu-75_water-1,,Wayuu,75_water,wɨin,wɨin,w ɨ i n,,walker2011,,,^w ɨ i n$,default
Guinau-75_water-1,,Guinau,75_water,uːne,uːne,uː n e,,walker2011,,,^uː n e$,default
Ignaciano-75_water-1,,Ignaciano,75_water,une,une,u n e,,walker2011,,,^u n e$,default
Inapari-75_water-1,,Inapari,75_water,huní,huní,h u n í/i,,walker2011,,,^h u n í$,default
IslandCarib-75_water-1,,IslandCarib,75_water,tuna,tuna,t u n a,,walker2011,,,^t u n a$,default
Karutana-75_water-1,,Karutana,75_water,uni,uni,u n i,,walker2011,,,^u n i$,default
Kaishana-75_water-1,,Kaishana,75_water,uwi,uwi,u w i,,walker2011,,,^u w i$,default
Kinikinao-75_water-1,,Kinikinao,75_water,unε,unε,u n ε,,walker2011,,,^u n ε$,default
Curripaco-75_water-1,,Curripaco,75_water,oni,oni,o n i,,walker2011,,,^o n i$,default
Lokono-75_water-1,,Lokono,75_water,iniabo,iniabo,i n i a b o,,walker2011,,,^i n i a b o$,default
Machiguenga-75_water-1,,Machiguenga,75_water,nia,nia,n i a,,walker2011,,,^n i a$,default
Maipure-75_water-1,,Maipure,75_water,weni,weni,w e n i,,walker2011,,,^w e n i$,default
Manao-75_water-1,,Manao,75_water,unɨa,unɨa,u n ɨ a,,walker2011,,,^u n ɨ a$,default
Mandahuaca-75_water-1,,Mandahuaca,75_water,u:ni,u:ni,uː n i,,walker2011,,,^u: n i$,default
Machinere-75_water-1,,Machinere,75_water,hõnɨ,hõnɨ,h õ n ɨ,,walker2011,,,^h õ n ɨ$,default
Marawan-75_water-1,,Marawan,75_water,"uni, oñe",uni,u n i,,walker2011,,,^u n i$,default
Marawan-75_water-2,,Marawan,75_water,"uni, oñe",oñe,o ɲ e,,walker2011,,,^o ñ e$,default
Maragua-75_water-1,,Maragua,75_water,"uny, uni",uny,u n y,,walker2011,,,^u n y$,default
Maragua-75_water-2,,Maragua,75_water,"uny, uni",uni,u n i,,walker2011,,,^u n i$,default
Mariate-75_water-1,,Mariate,75_water,uni,uni,u n i,,walker2011,,,^u n i$,default
MapidianMawayana-75_water-1,,MapidianMawayana,75_water,unɨ,unɨ,u n ɨ,,walker2011,,,^u n ɨ$,default
Mehinaku-75_water-1,,Mehinaku,75_water,unɨ,unɨ,u n ɨ,,walker2011,,,^u n ɨ$,default
Nomatsiguenga-75_water-1,,Nomatsiguenga,75_water,niha,niha,n i h a,,walker2011,,,^n i h a$,default
Palikur-75_water-1,,Palikur,75_water,un,un,u n,,walker2011,,,^u n$,default
Paraujano-75_water-1,,Paraujano,75_water,win,win,w i n,,walker2011,,,^w i n$,default
Parecis-75_water-1,,Parecis,75_water,one,one,o n e,,walker2011,,,^o n e$,default
Passe-75_water-1,,Passe,75_water,owi,owi,o w i,,walker2011,,,^o w i$,default
Piapoco-75_water-1,,Piapoco,75_water,úni,úni,ú/u n i,,walker2011,,,^ú n i$,default
Yine-75_water-1,,Yine,75_water,giga,giga,g i g a,,walker2011,,,^g i g a$,default
Resigaro-75_water-1,,Resigaro,75_water,hoːni,hoːni,h oː n i,,walker2011,,,^h oː n i$,default
Saraveca-75_water-1,,Saraveca,75_water,une,une,u n e,,walker2011,,,^u n e$,default
Taino-75_water-1,,Taino,75_water,"ni, duna, -ne, -ni, xa-, guazabara",ni,n i,,walker2011,,,^n i$,default
Taino-75_water-2,,Taino,75_water,"ni, duna, -ne, -ni, xa-, guazabara",duna,d u n a,,walker2011,,,^d u n a$,default
Taino-75_water-3,,Taino,75_water,"ni, duna, -ne, -ni, xa-, guazabara",-ne,n e,,walker2011,,,^- n e$,default
Taino-75_water-4,,Taino,75_water,"ni, duna, -ne, -ni, xa-, guazabara",-ni,n i,,walker2011,,,^- n i$,default
Taino-75_water-5,,Taino,75_water,"ni, duna, -ne, -ni, xa-, guazabara",xa-,x a,,walker2011,,,^x a -$,default
Taino-75_water-6,,Taino,75_water,"ni, duna, -ne, -ni, xa-, guazabara",guazabara,g u a z a b a r a,,walker2011,,,^g u a z a b a r a$,default
Tariana-75_water-1,,Tariana,75_water,uːni,uːni,uː n i,,walker2011,,,^uː n i$,default
Terena-75_water-1,,Terena,75_water,úne,úne,ú/u n e,,walker2011,,,^ú n e$,default
Trinitario-75_water-1,,Trinitario,75_water,une,une,u n e,,walker2011,,,^u n e$,default
Wainuma-75_water-1,,Wainuma,75_water,"une,uuhni, auny",une,u n e,,walker2011,,,^u n e$,default
Wainuma-75_water-2,,Wainuma,75_water,"une,uuhni, auny",uuhni,uː h n i,,walker2011,,,^uu h n i$,default
Wainuma-75_water-3,,Wainuma,75_water,"une,uuhni, auny",auny,a u n y,,walker2011,,,^a u n y$,default
Wapishana-75_water-1,,Wapishana,75_water,wɨn,wɨn,w ɨ n,,walker2011,,,^w ɨ n$,default
Araicu-75_water-1,,Araicu,75_water,uni,uni,u n i,,walker2011,,,^u n i$,default
Warekena-75_water-1,,Warekena,75_water,uni,uni,u n i,,walker2011,,,^u n i$,default
WarekenaVelha-75_water-1,,WarekenaVelha,75_water,weni,weni,w e n i,,walker2011,,,^w e n i$,default
Waura-75_water-1,,Waura,75_water,unɨ,unɨ,u n ɨ,,walker2011,,,^u n ɨ$,default
Yavitero-75_water-1,,Yavitero,75_water,weni,weni,w e n i,,walker2011,,,^w e n i$,default
Yawalapiti-75_water-1,,Yawalapiti,75_water,u,u,uː,,walker2011,,,^u$,default
Yucuna-75_water-1,,Yucuna,75_water,huni,huni,h u n i,,walker2011,,,^h u n i$,default
Jumana-75_water-1,,Jumana,75_water,uhɨ,uhɨ,u h ɨ,,walker2011,,,^u h ɨ$,default
Achagua-76_rain-1,,Achagua,76_rain,uːnia,uːnia,uː n i a,,walker2011,,,^uː n i a$,default
Yanesha-76_rain-1,,Yanesha,76_rain,oʼ,oʼ,oˀ,,walker2011,,,^oʼ$,default
Anauya-76_rain-1,,Anauya,76_rain,ianaui,ianaui,i a n a u i,,walker2011,,,^i a n a u i$,default
Apurina-76_rain-1,,Apurina,76_rain,ĩporã,ĩporã,ĩ p o r ã,,walker2011,,,^ĩ p o r ã$,default
Aruan-76_rain-1,,Aruan,76_rain,une,une,u n e,,walker2011,,,^u n e$,default
Ashaninka-76_rain-1,,Ashaninka,76_rain,inkani,inkani,i n k a n i,,walker2011,,,^i n k a n i$,default
Xiriana-76_rain-1,,Xiriana,76_rain,hiːya,hiːya,h iː j a,,walker2011,,,^h iː y a$,default
Avane-76_rain-1,,Avane,76_rain,weːni,weːni,w eː n i,,walker2011,,,^w eː n i$,default
BaniwaDoIcana-76_rain-1,,BaniwaDoIcana,76_rain,"iːdza, iːya",iːdza,iː dz a,,walker2011,,,^iː dz a$,default
BaniwaDoIcana-76_rain-2,,BaniwaDoIcana,76_rain,"iːdza, iːya",iːya,iː j a,,walker2011,,,^iː y a$,default
Bare-76_rain-1,,Bare,76_rain,hiya,hiya,h i j a,,walker2011,,,^h i y a$,default
Baure-76_rain-1,,Baure,76_rain,sowon,sowon,s o w o n,,walker2011,,,^s o w o n$,default
Cabiyari-76_rain-1,,Cabiyari,76_rain,uːni,uːni,uː n i,,walker2011,,,^uː n i$,default
Caquinte-76_rain-1,,Caquinte,76_rain,mahani,mahani,m a h a n i,,walker2011,,,^m a h a n i$,default
Chamicuro-76_rain-1,,Chamicuro,76_rain,keeni,keeni,k eː n i,,walker2011,,,^k ee n i$,default
Garifuna-76_rain-1,,Garifuna,76_rain,áhuya,áhuya,á/a h u j a,,walker2011,,,^á h u y a$,default
Wayuu-76_rain-1,,Wayuu,76_rain,wɨnɨ,wɨnɨ,w ɨ n ɨ,,walker2011,,,^w ɨ n ɨ$,default
Guinau-76_rain-1,,Guinau,76_rain,hiːjá,hiːjá,h iː j á/a,,walker2011,,,^h iː j á$,default
Inapari-76_rain-1,,Inapari,76_rain,hiná,hiná,h i n á/a,,walker2011,,,^h i n á$,default
IslandCarib-76_rain-1,,IslandCarib,76_rain,huia,huia,h u i a,,walker2011,,,^h u i a$,default
Karutana-76_rain-1,,Karutana,76_rain,idza,idza,i dz a,,walker2011,,,^i dz a$,default
Kaishana-76_rain-1,,Kaishana,76_rain,uwi,uwi,u w i,,walker2011,,,^u w i$,default
Kinikinao-76_rain-1,,Kinikinao,76_rain,ukɔ,ukɔ,u k ɔ,,walker2011,,,^u k ɔ$,default
Curripaco-76_rain-1,,Curripaco,76_rain,iːdza,iːdza,iː dz a,,walker2011,,,^iː dz a$,default
Lokono-76_rain-1,,Lokono,76_rain,oni,oni,o n i,,walker2011,,,^o n i$,default
Machiguenga-76_rain-1,,Machiguenga,76_rain,inkani,inkani,i n k a n i,,walker2011,,,^i n k a n i$,default
Maipure-76_rain-1,,Maipure,76_rain,tia,tia,t i a,,walker2011,,,^t i a$,default
Mandahuaca-76_rain-1,,Mandahuaca,76_rain,u:ni,u:ni,uː n i,,walker2011,,,^u: n i$,default
Machinere-76_rain-1,,Machinere,76_rain,hina,hina,h i n a,,walker2011,,,^h i n a$,default
Marawan-76_rain-1,,Marawan,76_rain,uni,uni,u n i,,walker2011,,,^u n i$,default
Maragua-76_rain-1,,Maragua,76_rain,"uny, uni",uny,u n y,,walker2011,,,^u n y$,default
Maragua-76_rain-2,,Maragua,76_rain,"uny, uni",uni,u n i,,walker2011,,,^u n i$,default
MapidianMawayana-76_rain-1,,MapidianMawayana,76_rain,unɨ,unɨ,u n ɨ,,walker2011,,,^u n ɨ$,default
Mehinaku-76_rain-1,,Mehinaku,76_rain,unɨ,unɨ,u n ɨ,,walker2011,,,^u n ɨ$,default
Nomatsiguenga-76_rain-1,,Nomatsiguenga,76_rain,aNani,aNani,a ɴ a n i,,walker2011,,,^a N a n i$,default
Palikur-76_rain-1,,Palikur,76_rain,muwok,muwok,m u w o k,,walker2011,,,^m u w o k$,default
Paraujano-76_rain-1,,Paraujano,76_rain,"wiagha, haitɨ",wiagha,w i a gʰ a,,walker2011,,,^w i a gh a$,default
Paraujano-76_rain-2,,Paraujano,76_rain,"wiagha, haitɨ",haitɨ,h a i t ɨ,,walker2011,,,^h a i t ɨ$,default
Parecis-76_rain-1,,Parecis,76_rain,enudati,enudati,e n u d a t i,,walker2011,,,^e n u d a t i$,default
Piapoco-76_rain-1,,Piapoco,76_rain,unía,unía,u n í/i a,,walker2011,,,^u n í a$,default
Yine-76_rain-1,,Yine,76_rain,gina,gina,g i n a,,walker2011,,,^g i n a$,default
Resigaro-76_rain-1,,Resigaro,76_rain,faʔvoːtsi,faʔvoːtsi,f a ʔ v oː ts i,,walker2011,,,^f a ʔ v oː ts i$,default
Taino-76_rain-1,,Taino,76_rain,áhuia [to rain],áhuia_,á/a h u i a,,walker2011,,,^á h u i a _$,default
Tariana-76_rain-1,,Tariana,76_rain,ija,ija,i j a,,walker2011,,,^i j a$,default
Terena-76_rain-1,,Terena,76_rain,uko,uko,u k o,,walker2011,,,^u k o$,default
Trinitario-76_rain-1,,Trinitario,76_rain,tɣiwo,tɣiwo,t ɣ i w o,,walker2011,,,^t ɣ i w o$,default
Wapishana-76_rain-1,,Wapishana,76_rain,wɨnɨ,wɨnɨ,w ɨ n ɨ,,walker2011,,,^w ɨ n ɨ$,default
Warekena-76_rain-1,,Warekena,76_rain,ida,ida,i d a,,walker2011,,,^i d a$,default
WarekenaVelha-76_rain-1,,WarekenaVelha,76_rain,weni,weni,w e n i,,walker2011,,,^w e n i$,default
Waura-76_rain-1,,Waura,76_rain,ija-ɣa,ija-ɣa,i j a + ɣ a,,walker2011,,,^i j a - ɣ a$,default
Yavitero-76_rain-1,,Yavitero,76_rain,hawa,hawa,h a w a,,walker2011,,,^h a w a$,default
Yawalapiti-76_rain-1,,Yawalapiti,76_rain,jatsu,jatsu,j a ts u,,walker2011,,,^j a ts u$,default
Yucuna-76_rain-1,,Yucuna,76_rain,kahruni,kahruni,k a h r u n i,,walker2011,,,^k a h r u n i$,default
Achagua-77_stone-1,,Achagua,77_stone,iːba,iːba,iː b a,,walker2011,,,^iː b a$,default
Yanesha-77_stone-1,,Yanesha,77_stone,mapueʼ,mapueʼ,m a p u eˀ,,walker2011,,,^m a p u eʼ$,default
Anauya-77_stone-1,,Anauya,77_stone,yaroko,yaroko,j a r o k o,,walker2011,,,^y a r o k o$,default
Apurina-77_stone-1,,Apurina,77_stone,kai,kai,k a i,,walker2011,,,^k a i$,default
Aruan-77_stone-1,,Aruan,77_stone,ohakau,ohakau,o h a k a u,,walker2011,,,^o h a k a u$,default
Ashaninka-77_stone-1,,Ashaninka,77_stone,mapi,mapi,m a p i,,walker2011,,,^m a p i$,default
Xiriana-77_stone-1,,Xiriana,77_stone,"ʒiːba, kibada",ʒiːba,ʒ iː b a,,walker2011,,,^ʒ iː b a$,default
Xiriana-77_stone-2,,Xiriana,77_stone,"ʒiːba, kibada",kibada,k i b a d a,,walker2011,,,^k i b a d a$,default
Avane-77_stone-1,,Avane,77_stone,iːpa,iːpa,iː p a,,walker2011,,,^iː p a$,default
BaniwaDoIcana-77_stone-1,,BaniwaDoIcana,77_stone,hiːpada,hiːpada,h iː p a d a,,walker2011,,,^h iː p a d a$,default
Bare-77_stone-1,,Bare,77_stone,tiba,tiba,t i b a,,walker2011,,,^t i b a$,default
Baure-77_stone-1,,Baure,77_stone,kohiʔ,kohiʔ,k o h i ʔ,,walker2011,,,^k o h i ʔ$,default
Cabiyari-77_stone-1,,Cabiyari,77_stone,ʔiːpa,ʔiːpa,ʔ iː p a,,walker2011,,,^ʔ iː p a$,default
Caquinte-77_stone-1,,Caquinte,77_stone,mapi,mapi,m a p i,,walker2011,,,^m a p i$,default
Cariai-77_stone-1,,Cariai,77_stone,kɨpai,kɨpai,k ɨ p a i,,walker2011,,,^k ɨ p a i$,default
Chamicuro-77_stone-1,,Chamicuro,77_stone,tʃena,tʃena,tʃ e n a,,walker2011,,,^tʃ e n a$,default
EnaweneNawe-77_stone-1,,EnaweneNawe,77_stone,sajɾi,sajɾi,s a j ɾ i,,walker2011,,,^s a j ɾ i$,default
Garifuna-77_stone-1,,Garifuna,77_stone,atʃamuragua dɨbɨ,atʃamuragua_dɨbɨ,a tʃ a m u r a g u a + d ɨ b ɨ,,walker2011,,,^a tʃ a m u r a g u a _ d ɨ b ɨ$,default
Wayuu-77_stone-1,,Wayuu,77_stone,ipa,ipa,i p a,,walker2011,,,^i p a$,default
Guinau-77_stone-1,,Guinau,77_stone,ʒiːba,ʒiːba,ʒ iː b a,,walker2011,,,^ʒ iː b a$,default
Ignaciano-77_stone-1,,Ignaciano,77_stone,mari,mari,m a r i,,walker2011,,,^m a r i$,default
Inapari-77_stone-1,,Inapari,77_stone,hutʃárĩãĩ,hutʃárĩãĩ,h u tʃ á/a r ĩ ã ĩ,,walker2011,,,^h u tʃ á r ĩ ã ĩ$,default
IslandCarib-77_stone-1,,IslandCarib,77_stone,tebu,tebu,t e b u,,walker2011,,,^t e b u$,default
Karutana-77_stone-1,,Karutana,77_stone,hipa,hipa,h i p a,,walker2011,,,^h i p a$,default
Kaishana-77_stone-1,,Kaishana,77_stone,pala,pala,p a l a,,walker2011,,,^p a l a$,default
Kinikinao-77_stone-1,,Kinikinao,77_stone,maʔfoiʔe,maʔfoiʔe,m a ʔ f o i ʔ e,,walker2011,,,^m a ʔ f o i ʔ e$,default
Curripaco-77_stone-1,,Curripaco,77_stone,hiːpada,hiːpada,h iː p a d a,,walker2011,,,^h iː p a d a$,default
Lokono-77_stone-1,,Lokono,77_stone,siba,siba,s i b a,,walker2011,,,^s i b a$,default
Machiguenga-77_stone-1,,Machiguenga,77_stone,mapɨi,mapɨi,m a p ɨ i,,walker2011,,,^m a p ɨ i$,default
Maipure-77_stone-1,,Maipure,77_stone,kipa,kipa,k i p a,,walker2011,,,^k i p a$,default
Manao-77_stone-1,,Manao,77_stone,kɨa,kɨa,k ɨ a,,walker2011,,,^k ɨ a$,default
Mandahuaca-77_stone-1,,Mandahuaca,77_stone,ĩ:hã,ĩ:hã,ĩː h ã,,walker2011,,,^ĩ: h ã$,default
Machinere-77_stone-1,,Machinere,77_stone,sutili,sutili,s u t i l i,,walker2011,,,^s u t i l i$,default
Marawan-77_stone-1,,Marawan,77_stone,kipa,kipa,k i p a,,walker2011,,,^k i p a$,default
Maragua-77_stone-1,,Maragua,77_stone,"koeba, kɨba",koeba,k o e b a,,walker2011,,,^k o e b a$,default
Maragua-77_stone-2,,Maragua,77_stone,"koeba, kɨba",kɨba,k ɨ b a,,walker2011,,,^k ɨ b a$,default
Mariate-77_stone-1,,Mariate,77_stone,pisɨ,pisɨ,p i s ɨ,,walker2011,,,^p i s ɨ$,default
MapidianMawayana-77_stone-1,,MapidianMawayana,77_stone,kɨba,kɨba,k ɨ b a,,walker2011,,,^k ɨ b a$,default
Mehinaku-77_stone-1,,Mehinaku,77_stone,tɨpa,tɨpa,t ɨ p a,,walker2011,,,^t ɨ p a$,default
Nomatsiguenga-77_stone-1,,Nomatsiguenga,77_stone,mope,mope,m o p e,,walker2011,,,^m o p e$,default
Palikur-77_stone-1,,Palikur,77_stone,tip,tip,t i p,,walker2011,,,^t i p$,default
Paraujano-77_stone-1,,Paraujano,77_stone,ipah,ipah,i p a h,,walker2011,,,^i p a h$,default
Parecis-77_stone-1,,Parecis,77_stone,tsehali,tsehali,ts e h a l i,,walker2011,,,^ts e h a l i$,default
Passe-77_stone-1,,Passe,77_stone,wary,wary,w a r y,,walker2011,,,^w a r y$,default
Piapoco-77_stone-1,,Piapoco,77_stone,íba,íba,í/i b a,,walker2011,,,^í b a$,default
Yine-77_stone-1,,Yine,77_stone,sotlɨ,sotlɨ,s o t l ɨ,,walker2011,,,^s o t l ɨ$,default
Resigaro-77_stone-1,,Resigaro,77_stone,viːʔʃiʔou,viːʔʃiʔou,v iː ʔ ʃ i ʔ o u,,walker2011,,,^v iː ʔʃ i ʔ o u$,default
Saraveca-77_stone-1,,Saraveca,77_stone,eheʃa,eheʃa,e h e ʃ a,,walker2011,,,^e h e ʃ a$,default
Taino-77_stone-1,,Taino,77_stone,"siba, siba",siba,s i b a,,walker2011,,,^s i b a$,default
Taino-77_stone-2,,Taino,77_stone,"siba, siba",siba,s i b a,,walker2011,,,^s i b a$,default
Tariana-77_stone-1,,Tariana,77_stone,hipada,hipada,h i p a d a,,walker2011,,,^h i p a d a$,default
Terena-77_stone-1,,Terena,77_stone,mopôi,mopôi,m o p ô/o i,,walker2011,,,^m o p ô i$,default
Trinitario-77_stone-1,,Trinitario,77_stone,mari,mari,m a r i,,walker2011,,,^m a r i$,default
Wainuma-77_stone-1,,Wainuma,77_stone,"pisihae, pisiy",pisihae,p i s i h a e,,walker2011,,,^p i s i h a e$,default
Wainuma-77_stone-2,,Wainuma,77_stone,"pisihae, pisiy",pisiy,p i s i y,,walker2011,,,^p i s i y$,default
Wapishana-77_stone-1,,Wapishana,77_stone,kɨba,kɨba,k ɨ b a,,walker2011,,,^k ɨ b a$,default
Araicu-77_stone-1,,Araicu,77_stone,itaki,itaki,i t a k i,,walker2011,,,^i t a k i$,default
Warekena-77_stone-1,,Warekena,77_stone,ipa,ipa,i p a,,walker2011,,,^i p a$,default
WarekenaVelha-77_stone-1,,WarekenaVelha,77_stone,ipa,ipa,i p a,,walker2011,,,^i p a$,default
Waura-77_stone-1,,Waura,77_stone,tɨpa,tɨpa,t ɨ p a,,walker2011,,,^t ɨ p a$,default
Yavitero-77_stone-1,,Yavitero,77_stone,siha,siha,s i h a,,walker2011,,,^s i h a$,default
Yawalapiti-77_stone-1,,Yawalapiti,77_stone,tiipa,tiipa,t iː p a,,walker2011,,,^t ii p a$,default
Yucuna-77_stone-1,,Yucuna,77_stone,hipa,hipa,h i p a,,walker2011,,,^h i p a$,default
Jumana-77_stone-1,,Jumana,77_stone,tsepa,tsepa,ts e p a,,walker2011,,,^ts e p a$,default
Achagua-78_sand-1,,Achagua,78_sand,kaina,kaina,k a i n a,,walker2011,,,^k a i n a$,default
Yanesha-78_sand-1,,Yanesha,78_sand,muenj,muenj,m u e n j,,walker2011,,,^m u e n j$,default
Apurina-78_sand-1,,Apurina,78_sand,kɨpatʃi,kɨpatʃi,k ɨ p a tʃ i,,walker2011,,,^k ɨ p a tʃ i$,default
Aruan-78_sand-1,,Aruan,78_sand,hɨwa,hɨwa,h ɨ w a,,walker2011,,,^h ɨ w a$,default
Ashaninka-78_sand-1,,Ashaninka,78_sand,impaneki,impaneki,i m p a n e k i,,walker2011,,,^i m p a n e k i$,default
Xiriana-78_sand-1,,Xiriana,78_sand,-biuna,-biuna,b i u n a,,walker2011,,,^- b i u n a$,default
Avane-78_sand-1,,Avane,78_sand,yaːtsina,yaːtsina,j aː ts i n a,,walker2011,,,^y aː ts i n a$,default
BaniwaDoIcana-78_sand-1,,BaniwaDoIcana,78_sand,kaida,kaida,k a i d a,,walker2011,,,^k a i d a$,default
Bare-78_sand-1,,Bare,78_sand,playa,playa,p l a j a,,walker2011,,,^p l a y a$,default
Baure-78_sand-1,,Baure,78_sand,kahap,kahap,k a h a p,,walker2011,,,^k a h a p$,default
Cabiyari-78_sand-1,,Cabiyari,78_sand,kaʔa,kaʔa,k a ʔ a,,walker2011,,,^k a ʔ a$,default
Chamicuro-78_sand-1,,Chamicuro,78_sand,maʂkohpe,maʂkohpe,m a ʂ k o h p e,,walker2011,,,^m a ʂ k o h p e$,default
Garifuna-78_sand-1,,Garifuna,78_sand,"aguyedagɨda, sagoun",aguyedagɨda,a g u j e d a g ɨ d a,,walker2011,,,^a g u y e d a g ɨ d a$,default
Garifuna-78_sand-2,,Garifuna,78_sand,"aguyedagɨda, sagoun",sagoun,s a g o u n,,walker2011,,,^s a g o u n$,default
Wayuu-78_sand-1,,Wayuu,78_sand,hasai,hasai,h a s a i,,walker2011,,,^h a s a i$,default
Guinau-78_sand-1,,Guinau,78_sand,kadiːʒi,kadiːʒi,k a d iː ʒ i,,walker2011,,,^k a d iː ʒ i$,default
Ignaciano-78_sand-1,,Ignaciano,78_sand,tawaparu,tawaparu,t a w a p a r u,,walker2011,,,^t a w a p a r u$,default
Inapari-78_sand-1,,Inapari,78_sand,hipɨ́tʃi,hipɨ́tʃi,h i p ɨ́/ɨ tʃ i,,walker2011,,,^h i p ɨ́ tʃ i$,default
IslandCarib-78_sand-1,,IslandCarib,78_sand,sakao,sakao,s a k a o,,walker2011,,,^s a k a o$,default
Kaishana-78_sand-1,,Kaishana,78_sand,ka(h)i,kai,k a i,,walker2011,,,^k a i$,default
Kinikinao-78_sand-1,,Kinikinao,78_sand,maɾiːpa,maɾiːpa,m a ɾ iː p a,,walker2011,,,^m a ɾ iː p a$,default
Curripaco-78_sand-1,,Curripaco,78_sand,kaidakua,kaidakua,k a i d a k u a,,walker2011,,,^k a i d a k u a$,default
Lokono-78_sand-1,,Lokono,78_sand,mothoko,mothoko,m o tʰ o k o,,walker2011,,,^m o th o k o$,default
Machiguenga-78_sand-1,,Machiguenga,78_sand,impanekji,impanekji,i m p a n e k j i,,walker2011,,,^i m p a n e k j i$,default
Maipure-78_sand-1,,Maipure,78_sand,kaina,kaina,k a i n a,,walker2011,,,^k a i n a$,default
Mandahuaca-78_sand-1,,Mandahuaca,78_sand,kãhe,kãhe,k ã h e,,walker2011,,,^k ã h e$,default
Machinere-78_sand-1,,Machinere,78_sand,sati,sati,s a t i,,walker2011,,,^s a t i$,default
Maragua-78_sand-1,,Maragua,78_sand,kadɨbiãw,kadɨbiãw,k a d ɨ b i ã w,,walker2011,,,^k a d ɨ b i ã w$,default
MapidianMawayana-78_sand-1,,MapidianMawayana,78_sand,katʃi,katʃi,k a tʃ i,,walker2011,,,^k a tʃ i$,default
Mehinaku-78_sand-1,,Mehinaku,78_sand,kehɨpenu,kehɨpenu,k e h ɨ p e n u,,walker2011,,,^k e h ɨ p e n u$,default
Nomatsiguenga-78_sand-1,,Nomatsiguenga,78_sand,omaniki,omaniki,o m a n i k i,,walker2011,,,^o m a n i k i$,default
Palikur-78_sand-1,,Palikur,78_sand,kayh,kayh,k a j h,,walker2011,,,^k a y h$,default
Paraujano-78_sand-1,,Paraujano,78_sand,mo,mo,m o,,walker2011,,,^m o$,default
Parecis-78_sand-1,,Parecis,78_sand,kaiholo,kaiholo,k a i h o l o,,walker2011,,,^k a i h o l o$,default
Piapoco-78_sand-1,,Piapoco,78_sand,kàina,kàina,k à/a i n a,,walker2011,,,^k à i n a$,default
Yine-78_sand-1,,Yine,78_sand,ksatɨ pagi,ksatɨ_pagi,k s a t ɨ + p a g i,,walker2011,,,^ks a t ɨ _ p a g i$,default
Resigaro-78_sand-1,,Resigaro,78_sand,koveːʔkoveʔdʐihu,koveːʔkoveʔdʐihu,k o v eː ʔ k o v e ʔ d ʐ i h u,,walker2011,,,^k o v eː ʔ k o v e ʔ d ʐ i h u$,default
Saraveca-78_sand-1,,Saraveca,78_sand,hateʃe,hateʃe,h a t e ʃ e,,walker2011,,,^h a t e ʃ e$,default
Taino-78_sand-1,,Taino,78_sand,si-,si-,s i,,walker2011,,,^s i -$,default
Tariana-78_sand-1,,Tariana,78_sand,kaido,kaido,k a i d o,,walker2011,,,^k a i d o$,default
Terena-78_sand-1,,Terena,78_sand,harîrine,harîrine,h a r î/i r i n e,,walker2011,,,^h a r î r i n e$,default
Trinitario-78_sand-1,,Trinitario,78_sand,tawoparu,tawoparu,t a w o p a r u,,walker2011,,,^t a w o p a r u$,default
Wapishana-78_sand-1,,Wapishana,78_sand,khathɨ,khathɨ,kʰ a tʰ ɨ,,walker2011,,,^kh a th ɨ$,default
Warekena-78_sand-1,,Warekena,78_sand,kepe,kepe,k e p e,,walker2011,,,^k e p e$,default
WarekenaVelha-78_sand-1,,WarekenaVelha,78_sand,yatʃina,yatʃina,j a tʃ i n a,,walker2011,,,^y a tʃ i n a$,default
Waura-78_sand-1,,Waura,78_sand,kehɨpenu,kehɨpenu,k e h ɨ p e n u,,walker2011,,,^k e h ɨ p e n u$,default
Yavitero-78_sand-1,,Yavitero,78_sand,kahatsina,kahatsina,k a h a ts i n a,,walker2011,,,^k a h a ts i n a$,default
Yawalapiti-78_sand-1,,Yawalapiti,78_sand,kɨtsɨkɨ,kɨtsɨkɨ,k ɨ ts ɨ k ɨ,,walker2011,,,^k ɨ ts ɨ k ɨ$,default
Yucuna-78_sand-1,,Yucuna,78_sand,keʔepe,keʔepe,k e ʔ e p e,,walker2011,,,^k e ʔ e p e$,default
Achagua-79_groundearth-1,,Achagua,79_groundearth,kainabi,kainabi,k a i n a b i,,walker2011,,,^k a i n a b i$,default
Yanesha-79_groundearth-1,,Yanesha,79_groundearth,pats,pats,p a ts,,walker2011,,,^p a ts$,default
Anauya-79_groundearth-1,,Anauya,79_groundearth,kadi,kadi,k a d i,,walker2011,,,^k a d i$,default
Apurina-79_groundearth-1,,Apurina,79_groundearth,ʃiti,ʃiti,ʃ i t i,,walker2011,,,^ʃ i t i$,default
Aruan-79_groundearth-1,,Aruan,79_groundearth,poro,poro,p o r o,,walker2011,,,^p o r o$,default
Ashaninka-79_groundearth-1,,Ashaninka,79_groundearth,kipatsi,kipatsi,k i p a ts i,,walker2011,,,^k i p a ts i$,default
Xiriana-79_groundearth-1,,Xiriana,79_groundearth,kacebe,kacebe,k a c e b e,,walker2011,,,^k a c e b e$,default
Avane-79_groundearth-1,,Avane,79_groundearth,yaːtsipe,yaːtsipe,j aː ts i p e,,walker2011,,,^y aː ts i p e$,default
BaniwaDoIcana-79_groundearth-1,,BaniwaDoIcana,79_groundearth,hiːpai,hiːpai,h iː p a i,,walker2011,,,^h iː p a i$,default
Bare-79_groundearth-1,,Bare,79_groundearth,khadi,khadi,kʰ a d i,,walker2011,,,^kh a d i$,default
Baure-79_groundearth-1,,Baure,79_groundearth,poewok,poewok,p o e w o k,,walker2011,,,^p o e w o k$,default
Cabiyari-79_groundearth-1,,Cabiyari,79_groundearth,taʔakari,taʔakari,t a ʔ a k a r i,,walker2011,,,^t a ʔ a k a r i$,default
Caquinte-79_groundearth-1,,Caquinte,79_groundearth,kepatsi,kepatsi,k e p a ts i,,walker2011,,,^k e p a ts i$,default
Chamicuro-79_groundearth-1,,Chamicuro,79_groundearth,tʂihta,tʂihta,ʈʂ i h t a,,walker2011,,,^tʂ i h t a$,default
Garifuna-79_groundearth-1,,Garifuna,79_groundearth,"barúa, múa",barúa,b a r ú/u a,,walker2011,,,^b a r ú a$,default
Garifuna-79_groundearth-2,,Garifuna,79_groundearth,"barúa, múa",múa,m ú/u a,,walker2011,,,^m ú a$,default
Wayuu-79_groundearth-1,,Wayuu,79_groundearth,mmoo-ľuʔu,mmoo-ľuʔu,mː oː + ľ/lʲ u ʔ u,,walker2011,,,^mm oo - ľ u ʔ u$,default
Guinau-79_groundearth-1,,Guinau,79_groundearth,kaːde,kaːde,k aː d e,,walker2011,,,^k aː d e$,default
Ignaciano-79_groundearth-1,,Ignaciano,79_groundearth,mátehi,mátehi,m á/a t e h i,,walker2011,,,^m á t e h i$,default
Inapari-79_groundearth-1,,Inapari,79_groundearth,tʃií,tʃií,tʃ i í/i,,walker2011,,,^tʃ i í$,default
IslandCarib-79_groundearth-1,,IslandCarib,79_groundearth,mua,mua,m u a,,walker2011,,,^m u a$,default
Karutana-79_groundearth-1,,Karutana,79_groundearth,hipai,hipai,h i p a i,,walker2011,,,^h i p a i$,default
Kaishana-79_groundearth-1,,Kaishana,79_groundearth,ipɨ,ipɨ,i p ɨ,,walker2011,,,^i p ɨ$,default
Kinikinao-79_groundearth-1,,Kinikinao,79_groundearth,"maɾiːpa, pɔkε",maɾiːpa,m a ɾ iː p a,,walker2011,,,^m a ɾ iː p a$,default
Kinikinao-79_groundearth-2,,Kinikinao,79_groundearth,"maɾiːpa, pɔkε",pɔkε,p ɔ k ε,,walker2011,,,^p ɔ k ε$,default
Curripaco-79_groundearth-1,,Curripaco,79_groundearth,hiːpai,hiːpai,h iː p a i,,walker2011,,,^h iː p a i$,default
Lokono-79_groundearth-1,,Lokono,79_groundearth,hoɽoɽo,hoɽoɽo,h o ɽ o ɽ o,,walker2011,,,^h o ɽ o ɽ o$,default
Machiguenga-79_groundearth-1,,Machiguenga,79_groundearth,kjipatsi,kjipatsi,k j i p a ts i,,walker2011,,,^k j i p a ts i$,default
Maipure-79_groundearth-1,,Maipure,79_groundearth,peni,peni,p e n i,,walker2011,,,^p e n i$,default
Manao-79_groundearth-1,,Manao,79_groundearth,eteː,eteː,e t eː,,walker2011,,,^e t eː$,default
Mandahuaca-79_groundearth-1,,Mandahuaca,79_groundearth,kãhe,kãhe,k ã h e,,walker2011,,,^k ã h e$,default
Machinere-79_groundearth-1,,Machinere,79_groundearth,tʃihi,tʃihi,tʃ i h i,,walker2011,,,^tʃ i h i$,default
Marawan-79_groundearth-1,,Marawan,79_groundearth,uaisali,uaisali,u a i s a l i,,walker2011,,,^u a i s a l i$,default
Maragua-79_groundearth-1,,Maragua,79_groundearth,"katoe, kadɨ",katoe,k a t o e,,walker2011,,,^k a t o e$,default
Maragua-79_groundearth-2,,Maragua,79_groundearth,"katoe, kadɨ",kadɨ,k a d ɨ,,walker2011,,,^k a d ɨ$,default
Mariate-79_groundearth-1,,Mariate,79_groundearth,ipai,ipai,i p a i,,walker2011,,,^i p a i$,default
MapidianMawayana-79_groundearth-1,,MapidianMawayana,79_groundearth,ʃimari,ʃimari,ʃ i m a r i,,walker2011,,,^ʃ i m a r i$,default
Mehinaku-79_groundearth-1,,Mehinaku,79_groundearth,kehɨ,kehɨ,k e h ɨ,,walker2011,,,^k e h ɨ$,default
Nomatsiguenga-79_groundearth-1,,Nomatsiguenga,79_groundearth,kibatsi,kibatsi,k i b a ts i,,walker2011,,,^k i b a ts i$,default
Palikur-79_groundearth-1,,Palikur,79_groundearth,anap,anap,a n a p,,walker2011,,,^a n a p$,default
Paraujano-79_groundearth-1,,Paraujano,79_groundearth,"mmo, mogho",mmo,mː o,,walker2011,,,^mm o$,default
Paraujano-79_groundearth-2,,Paraujano,79_groundearth,"mmo, mogho",mogho,m o gʰ o,,walker2011,,,^m o gh o$,default
Parecis-79_groundearth-1,,Parecis,79_groundearth,waikohe,waikohe,w a i k o h e,,walker2011,,,^w a i k o h e$,default
Passe-79_groundearth-1,,Passe,79_groundearth,pawaka,pawaka,p a w a k a,,walker2011,,,^p a w a k a$,default
Piapoco-79_groundearth-1,,Piapoco,79_groundearth,káli,káli,k á/a l i,,walker2011,,,^k á l i$,default
Yine-79_groundearth-1,,Yine,79_groundearth,tʃihi,tʃihi,tʃ i h i,,walker2011,,,^tʃ i h i$,default
Resigaro-79_groundearth-1,,Resigaro,79_groundearth,hipohi. hihi,hipohi._hihi,h i p o h i + h i h i,,walker2011,,,^h i p o h i ._ h i h i$,default
Saraveca-79_groundearth-1,,Saraveca,79_groundearth,iʃihi,iʃihi,i ʃ i h i,,walker2011,,,^i ʃ i h i$,default
Taino-79_groundearth-1,,Taino,79_groundearth,uku,uku,u k u,,walker2011,,,^u k u$,default
Tariana-79_groundearth-1,,Tariana,79_groundearth,ejawa,ejawa,e j a w a,,walker2011,,,^e j a w a$,default
Terena-79_groundearth-1,,Terena,79_groundearth,pokéʔe,pokéʔe,p o k é/e ʔ e,,walker2011,,,^p o k é ʔ e$,default
Trinitario-79_groundearth-1,,Trinitario,79_groundearth,motehi,motehi,m o t e h i,,walker2011,,,^m o t e h i$,default
Wainuma-79_groundearth-1,,Wainuma,79_groundearth,"ipai, gahau",ipai,i p a i,,walker2011,,,^i p a i$,default
Wainuma-79_groundearth-2,,Wainuma,79_groundearth,"ipai, gahau",gahau,g a h a u,,walker2011,,,^g a h a u$,default
Wapishana-79_groundearth-1,,Wapishana,79_groundearth,imiʔi,imiʔi,i m i ʔ i,,walker2011,,,^i m i ʔ i$,default
Araicu-79_groundearth-1,,Araicu,79_groundearth,kari,kari,k a r i,,walker2011,,,^k a r i$,default
Warekena-79_groundearth-1,,Warekena,79_groundearth,kepe,kepe,k e p e,,walker2011,,,^k e p e$,default
WarekenaVelha-79_groundearth-1,,WarekenaVelha,79_groundearth,yatʃipe,yatʃipe,j a tʃ i p e,,walker2011,,,^y a tʃ i p e$,default
Waura-79_groundearth-1,,Waura,79_groundearth,kehɨtɨ,kehɨtɨ,k e h ɨ t ɨ,,walker2011,,,^k e h ɨ t ɨ$,default
Yavitero-79_groundearth-1,,Yavitero,79_groundearth,kahatsi,kahatsi,k a h a ts i,,walker2011,,,^k a h a ts i$,default
Yawalapiti-79_groundearth-1,,Yawalapiti,79_groundearth,wɨpɨti,wɨpɨti,w ɨ p ɨ t i,,walker2011,,,^w ɨ p ɨ t i$,default
Yucuna-79_groundearth-1,,Yucuna,79_groundearth,teʔeri,teʔeri,t e ʔ e r i,,walker2011,,,^t e ʔ e r i$,default
Jumana-79_groundearth-1,,Jumana,79_groundearth,"teke,leke",teke,t e k e,,walker2011,,,^t e k e$,default
Jumana-79_groundearth-2,,Jumana,79_groundearth,"teke,leke",leke,l e k e,,walker2011,,,^l e k e$,default
Achagua-80_cloud-1,,Achagua,80_cloud,ʃaːnai,ʃaːnai,ʃ aː n a i,,walker2011,,,^ʃ aː n a i$,default
Yanesha-80_cloud-1,,Yanesha,80_cloud,oʃ,oʃ,o ʃ,,walker2011,,,^o ʃ$,default
Apurina-80_cloud-1,,Apurina,80_cloud,jaɲĩː,jaɲĩː,j a ɲ ĩː,,walker2011,,,^j a ɲ ĩː$,default
Aruan-80_cloud-1,,Aruan,80_cloud,kakenau,kakenau,k a k e n a u,,walker2011,,,^k a k e n a u$,default
Ashaninka-80_cloud-1,,Ashaninka,80_cloud,menkori,menkori,m e n k o r i,,walker2011,,,^m e n k o r i$,default
Xiriana-80_cloud-1,,Xiriana,80_cloud,maɻuma,maɻuma,m a ɻ u m a,,walker2011,,,^m a ɻ u m a$,default
Avane-80_cloud-1,,Avane,80_cloud,enu,enu,e n u,,walker2011,,,^e n u$,default
BaniwaDoIcana-80_cloud-1,,BaniwaDoIcana,80_cloud,it̼amana,it̼amana,i t̼ a m a n a,,walker2011,,,^i t̼ a m a n a$,default
Bare-80_cloud-1,,Bare,80_cloud,aeɻena,aeɻena,a e ɻ e n a,,walker2011,,,^a e ɻ e n a$,default
Baure-80_cloud-1,,Baure,80_cloud,roeamokonoeʔ,roeamokonoeʔ,r o e a m o k o n o e ʔ,,walker2011,,,^r o e a m o k o n o e ʔ$,default
Cabiyari-80_cloud-1,,Cabiyari,80_cloud,"taːmana, kewereakhe",taːmana,t aː m a n a,,walker2011,,,^t aː m a n a$,default
Cabiyari-80_cloud-2,,Cabiyari,80_cloud,"taːmana, kewereakhe",kewereakhe,k e w e r e a kʰ e,,walker2011,,,^k e w e r e a kh e$,default
Caquinte-80_cloud-1,,Caquinte,80_cloud,mararo,mararo,m a r a r o,,walker2011,,,^m a r a r o$,default
Chamicuro-80_cloud-1,,Chamicuro,80_cloud,polawaʔti,polawaʔti,p o l a w a ʔ t i,,walker2011,,,^p o l a w a ʔ t i$,default
Garifuna-80_cloud-1,,Garifuna,80_cloud,"dúeri, kuloudu",dúeri,d ú/u e r i,,walker2011,,,^d ú e r i$,default
Garifuna-80_cloud-2,,Garifuna,80_cloud,"dúeri, kuloudu",kuloudu,k u l o u d u,,walker2011,,,^k u l o u d u$,default
Wayuu-80_cloud-1,,Wayuu,80_cloud,siruma,siruma,s i r u m a,,walker2011,,,^s i r u m a$,default
Guinau-80_cloud-1,,Guinau,80_cloud,"kewahi, kaburiti",kewahi,k e w a h i,,walker2011,,,^k e w a h i$,default
Guinau-80_cloud-2,,Guinau,80_cloud,"kewahi, kaburiti",kaburiti,k a b u r i t i,,walker2011,,,^k a b u r i t i$,default
Ignaciano-80_cloud-1,,Ignaciano,80_cloud,ukahi,ukahi,u k a h i,,walker2011,,,^u k a h i$,default
Inapari-80_cloud-1,,Inapari,80_cloud,tuẽ́,tuẽ́,t u ẽ́/ẽ,,walker2011,,,^t u ẽ́$,default
IslandCarib-80_cloud-1,,IslandCarib,80_cloud,huariu,huariu,h u a r i u,,walker2011,,,^h u a r i u$,default
Kaishana-80_cloud-1,,Kaishana,80_cloud,keparilapiima,keparilapiima,k e p a r i l a p iː m a,,walker2011,,,^k e p a r i l a p ii m a$,default
Kinikinao-80_cloud-1,,Kinikinao,80_cloud,kapasi,kapasi,k a p a s i,,walker2011,,,^k a p a s i$,default
Curripaco-80_cloud-1,,Curripaco,80_cloud,itamana,itamana,i t a m a n a,,walker2011,,,^i t a m a n a$,default
Lokono-80_cloud-1,,Lokono,80_cloud,oɽaɽo,oɽaɽo,o ɽ a ɽ o,,walker2011,,,^o ɽ a ɽ o$,default
Machiguenga-80_cloud-1,,Machiguenga,80_cloud,menkori,menkori,m e n k o r i,,walker2011,,,^m e n k o r i$,default
Maipure-80_cloud-1,,Maipure,80_cloud,tamana,tamana,t a m a n a,,walker2011,,,^t a m a n a$,default
Mandahuaca-80_cloud-1,,Mandahuaca,80_cloud,dokamari,dokamari,d o k a m a r i,,walker2011,,,^d o k a m a r i$,default
Machinere-80_cloud-1,,Machinere,80_cloud,kyatʃapekɨpɨ,kyatʃapekɨpɨ,k j a tʃ a p e k ɨ p ɨ,,walker2011,,,^k y a tʃ a p e k ɨ p ɨ$,default
Maragua-80_cloud-1,,Maragua,80_cloud,melenɨuni,melenɨuni,m e l e n ɨ u n i,,walker2011,,,^m e l e n ɨ u n i$,default
MapidianMawayana-80_cloud-1,,MapidianMawayana,80_cloud,"ekariritare, katire",ekariritare,e k a r i r i t a r e,,walker2011,,,^e k a r i r i t a r e$,default
MapidianMawayana-80_cloud-2,,MapidianMawayana,80_cloud,"ekariritare, katire",katire,k a t i r e,,walker2011,,,^k a t i r e$,default
Mehinaku-80_cloud-1,,Mehinaku,80_cloud,unɨpe,unɨpe,u n ɨ p e,,walker2011,,,^u n ɨ p e$,default
Nomatsiguenga-80_cloud-1,,Nomatsiguenga,80_cloud,miNori,miNori,m i ɴ o r i,,walker2011,,,^m i N o r i$,default
Palikur-80_cloud-1,,Palikur,80_cloud,ukuhne,ukuhne,u k u h n e,,walker2011,,,^u k u h n e$,default
Paraujano-80_cloud-1,,Paraujano,80_cloud,hiramaga,hiramaga,h i r a m a g a,,walker2011,,,^h i r a m a g a$,default
Parecis-80_cloud-1,,Parecis,80_cloud,kaiminiti,kaiminiti,k a i m i n i t i,,walker2011,,,^k a i m i n i t i$,default
Piapoco-80_cloud-1,,Piapoco,80_cloud,akalèe,akalèe,a k a l è/e e,,walker2011,,,^a k a l è e$,default
Yine-80_cloud-1,,Yine,80_cloud,kyatʃgapererɨ,kyatʃgapererɨ,k j a tʃ g a p e r e r ɨ,,walker2011,,,^k y a tʃ g a p e r e r ɨ$,default
Resigaro-80_cloud-1,,Resigaro,80_cloud,iːtshu,iːtshu,iː tsʰ u,,walker2011,,,^iː tsh u$,default
Taino-80_cloud-1,,Taino,80_cloud,"furudi, aro",furudi,f u r u d i,,walker2011,,,^f u r u d i$,default
Taino-80_cloud-2,,Taino,80_cloud,"furudi, aro",aro,a r o,,walker2011,,,^a r o$,default
Tariana-80_cloud-1,,Tariana,80_cloud,ijakuma,ijakuma,i j a k u m a,,walker2011,,,^i j a k u m a$,default
Terena-80_cloud-1,,Terena,80_cloud,kapaʃi,kapaʃi,k a p a ʃ i,,walker2011,,,^k a p a ʃ i$,default
Trinitario-80_cloud-1,,Trinitario,80_cloud,ukohi,ukohi,u k o h i,,walker2011,,,^u k o h i$,default
Wapishana-80_cloud-1,,Wapishana,80_cloud,iʃaʔiʐi,iʃaʔiʐi,i ʃ a ʔ i ʐ i,,walker2011,,,^i ʃ a ʔ i ʐ i$,default
Araicu-80_cloud-1,,Araicu,80_cloud,melenɨuni,melenɨuni,m e l e n ɨ u n i,,walker2011,,,^m e l e n ɨ u n i$,default
Warekena-80_cloud-1,,Warekena,80_cloud,enu-pisa,enu-pisa,e n u + p i s a,,walker2011,,,^e n u - p i s a$,default
WarekenaVelha-80_cloud-1,,WarekenaVelha,80_cloud,"seɻeɻi, witsi ",seɻeɻi,s e ɻ e ɻ i,,walker2011,,,^s e ɻ e ɻ i$,default
WarekenaVelha-80_cloud-2,,WarekenaVelha,80_cloud,"seɻeɻi, witsi ",witsi,w i ts i,,walker2011,,,^w i ts i$,default
Waura-80_cloud-1,,Waura,80_cloud,ijepe,ijepe,i j e p e,,walker2011,,,^i j e p e$,default
Yavitero-80_cloud-1,,Yavitero,80_cloud,liaľ̥i-lľ̥i enu,liaľ̥i-lľ̥i_enu,l i a l̥ʲ i + l l̥ʲ i + e n u,,walker2011,,,^l i a ľ̥ i - l ľ̥ i _ e n u$,default
Yawalapiti-80_cloud-1,,Yawalapiti,80_cloud,ijɨpɨ,ijɨpɨ,i j ɨ p ɨ,,walker2011,,,^i j ɨ p ɨ$,default
Yucuna-80_cloud-1,,Yucuna,80_cloud,huni huwakaʔala,huni_huwakaʔala,h u n i + h u w a k a ʔ a l a,,walker2011,,,^h u n i _ h u w a k a ʔ a l a$,default
Achagua-81_smoke-1,,Achagua,81_smoke,iːʃa,iːʃa,iː ʃ a,,walker2011,,,^iː ʃ a$,default
Yanesha-81_smoke-1,,Yanesha,81_smoke,amoʃ,amoʃ,a m o ʃ,,walker2011,,,^a m o ʃ$,default
Apurina-81_smoke-1,,Apurina,81_smoke,-tʃĩjã,-tʃĩjã,tʃ ĩ j ã,,walker2011,,,^- tʃ ĩ j ã$,default
Ashaninka-81_smoke-1,,Ashaninka,81_smoke,katʃaːri,katʃaːri,k a tʃ aː r i,,walker2011,,,^k a tʃ aː r i$,default
Xiriana-81_smoke-1,,Xiriana,81_smoke,-risa,-risa,r i s a,,walker2011,,,^- r i s a$,default
Avane-81_smoke-1,,Avane,81_smoke,ʂialili,ʂialili,ʂ i a l i l i,,walker2011,,,^ʂ i a l i l i$,default
BaniwaDoIcana-81_smoke-1,,BaniwaDoIcana,81_smoke,iːt̼a,iːt̼a,iː t̼ a,,walker2011,,,^iː t̼ a$,default
Bare-81_smoke-1,,Bare,81_smoke,phuruku,phuruku,pʰ u r u k u,,walker2011,,,^ph u r u k u$,default
Baure-81_smoke-1,,Baure,81_smoke,kotiskon,kotiskon,k o t i s k o n,,walker2011,,,^k o t i s k o n$,default
Cabiyari-81_smoke-1,,Cabiyari,81_smoke,ʔiːtari,ʔiːtari,ʔ iː t a r i,,walker2011,,,^ʔ iː t a r i$,default
Caquinte-81_smoke-1,,Caquinte,81_smoke,poaː,poaː,p o aː,,walker2011,,,^p o aː$,default
Chamicuro-81_smoke-1,,Chamicuro,81_smoke,kawsa,kawsa,k a w s a,,walker2011,,,^k a ws a$,default
EnaweneNawe-81_smoke-1,,EnaweneNawe,81_smoke,iʃima,iʃima,i ʃ i m a,,walker2011,,,^i ʃ i m a$,default
Garifuna-81_smoke-1,,Garifuna,81_smoke,"seiri, sielu [SPANISH?], ubehu",seiri,s e i r i,,walker2011,,,^s e i r i$,default
Garifuna-81_smoke-2,,Garifuna,81_smoke,"seiri, sielu [SPANISH?], ubehu",sielu_,s i e l u,,walker2011,,,^s i e l u _$,default
Garifuna-81_smoke-3,,Garifuna,81_smoke,"seiri, sielu [SPANISH?], ubehu",ubehu,u b e h u,,walker2011,,,^u b e h u$,default
Wayuu-81_smoke-1,,Wayuu,81_smoke,sik-amɨsaľa,sik-amɨsaľa,s i k + a m ɨ s a ľ/lʲ a,,walker2011,,,^s i k - a m ɨ s a ľ a$,default
Guinau-81_smoke-1,,Guinau,81_smoke,kebokowahi,kebokowahi,k e b o k o w a h i,,walker2011,,,^k e b o k o w a h i$,default
Ignaciano-81_smoke-1,,Ignaciano,81_smoke,kihare,kihare,k i h a r e,,walker2011,,,^k i h a r e$,default
Inapari-81_smoke-1,,Inapari,81_smoke,tuẽ́,tuẽ́,t u ẽ́/ẽ,,walker2011,,,^t u ẽ́$,default
IslandCarib-81_smoke-1,,IslandCarib,81_smoke,gumulali,gumulali,g u m u l a l i,,walker2011,,,^g u m u l a l i$,default
Kaishana-81_smoke-1,,Kaishana,81_smoke,kepari,kepari,k e p a r i,,walker2011,,,^k e p a r i$,default
Kinikinao-81_smoke-1,,Kinikinao,81_smoke,kuruhoi,kuruhoi,k u r u h o i,,walker2011,,,^k u r u h o i$,default
Curripaco-81_smoke-1,,Curripaco,81_smoke,itamana,itamana,i t a m a n a,,walker2011,,,^i t a m a n a$,default
Lokono-81_smoke-1,,Lokono,81_smoke,koɽeli,koɽeli,k o ɽ e l i,,walker2011,,,^k o ɽ e l i$,default
Machiguenga-81_smoke-1,,Machiguenga,81_smoke,tsitsienka,tsitsienka,ts i ts i e n k a,,walker2011,,,^ts i ts i e n k a$,default
Manao-81_smoke-1,,Manao,81_smoke,siali,siali,s i a l i,,walker2011,,,^s i a l i$,default
Mandahuaca-81_smoke-1,,Mandahuaca,81_smoke,siali,siali,s i a l i,,walker2011,,,^s i a l i$,default
Machinere-81_smoke-1,,Machinere,81_smoke,tʃitʃipihɨ,tʃitʃipihɨ,tʃ i tʃ i p i h ɨ,,walker2011,,,^tʃ i tʃ i p i h ɨ$,default
Maragua-81_smoke-1,,Maragua,81_smoke,kamidjahi,kamidjahi,k a m i d j a h i,,walker2011,,,^k a m i d j a h i$,default
MapidianMawayana-81_smoke-1,,MapidianMawayana,81_smoke,isesɨ,isesɨ,i s e s ɨ,,walker2011,,,^i s e s ɨ$,default
Mehinaku-81_smoke-1,,Mehinaku,81_smoke,hɨka,hɨka,h ɨ k a,,walker2011,,,^h ɨ k a$,default
Nomatsiguenga-81_smoke-1,,Nomatsiguenga,81_smoke,katsiari,katsiari,k a ts i a r i,,walker2011,,,^k a ts i a r i$,default
Palikur-81_smoke-1,,Palikur,81_smoke,ayg,ayg,a j g,,walker2011,,,^a y g$,default
Paraujano-81_smoke-1,,Paraujano,81_smoke,kamɨye,kamɨye,k a m ɨ j e,,walker2011,,,^k a m ɨ y e$,default
Parecis-81_smoke-1,,Parecis,81_smoke,tʃimere,tʃimere,tʃ i m e r e,,walker2011,,,^tʃ i m e r e$,default
Piapoco-81_smoke-1,,Piapoco,81_smoke,ísa,ísa,í/i s a,,walker2011,,,^í s a$,default
Yine-81_smoke-1,,Yine,81_smoke,gipgya,gipgya,g i p g j a,,walker2011,,,^g i p g y a$,default
Resigaro-81_smoke-1,,Resigaro,81_smoke,iːtshu,iːtshu,iː tsʰ u,,walker2011,,,^iː tsh u$,default
Tariana-81_smoke-1,,Tariana,81_smoke,isa,isa,i s a,,walker2011,,,^i s a$,default
Terena-81_smoke-1,,Terena,81_smoke,hurihoe,hurihoe,h u r i h o e,,walker2011,,,^h u r i h o e$,default
Trinitario-81_smoke-1,,Trinitario,81_smoke,ɣhorepa,ɣhorepa,ɣʰ o r e p a,,walker2011,,,^ɣh o r e p a$,default
Wapishana-81_smoke-1,,Wapishana,81_smoke,ʃa,ʃa,ʃ a,,walker2011,,,^ʃ a$,default
Warekena-81_smoke-1,,Warekena,81_smoke,alisi,alisi,a l i s i,,walker2011,,,^a l i s i$,default
WarekenaVelha-81_smoke-1,,WarekenaVelha,81_smoke,"kawyu, piwa",kawyu,k a w j u,,walker2011,,,^k a w y u$,default
WarekenaVelha-81_smoke-2,,WarekenaVelha,81_smoke,"kawyu, piwa",piwa,p i w a,,walker2011,,,^p i w a$,default
Waura-81_smoke-1,,Waura,81_smoke,sĩjãlakĩ,sĩjãlakĩ,s ĩ j ã l a k ĩ,,walker2011,,,^s ĩ j ã l a k ĩ$,default
Yavitero-81_smoke-1,,Yavitero,81_smoke,liaľ̥i,liaľ̥i,l i a l̥ʲ i,,walker2011,,,^l i a ľ̥ i$,default
Yawalapiti-81_smoke-1,,Yawalapiti,81_smoke,ʃɨniɲa,ʃɨniɲa,ʃ ɨ n i ɲ a,,walker2011,,,^ʃ ɨ n i ɲ a$,default
Yucuna-81_smoke-1,,Yucuna,81_smoke,iha,iha,i h a,,walker2011,,,^i h a$,default
Achagua-82_fire-1,,Achagua,82_fire,tʃitsai,tʃitsai,tʃ i ts a i,,walker2011,,,^tʃ i ts a i$,default
Yanesha-82_fire-1,,Yanesha,82_fire,tsoʼ,tsoʼ,ts oˀ,,walker2011,,,^ts oʼ$,default
Anauya-82_fire-1,,Anauya,82_fire,rikari,rikari,r i k a r i,,walker2011,,,^r i k a r i$,default
Apurina-82_fire-1,,Apurina,82_fire,ʃamɨ-na,ʃamɨ-na,ʃ a m ɨ + n a,,walker2011,,,^ʃ a m ɨ - n a$,default
Aruan-82_fire-1,,Aruan,82_fire,disi,disi,d i s i,,walker2011,,,^d i s i$,default
Ashaninka-82_fire-1,,Ashaninka,82_fire,paːmari,paːmari,p aː m a r i,,walker2011,,,^p aː m a r i$,default
Xiriana-82_fire-1,,Xiriana,82_fire,tsatsɨ,tsatsɨ,ts a ts ɨ,,walker2011,,,^ts a ts ɨ$,default
Avane-82_fire-1,,Avane,82_fire,aʂi,aʂi,a ʂ i,,walker2011,,,^a ʂ i$,default
BaniwaDoIcana-82_fire-1,,BaniwaDoIcana,82_fire,"t̼idzeː, t̼iyeː",t̼idzeː,t̼ i dz eː,,walker2011,,,^t̼ i dz eː$,default
BaniwaDoIcana-82_fire-2,,BaniwaDoIcana,82_fire,"t̼idzeː, t̼iyeː",t̼iyeː,t̼ i j eː,,walker2011,,,^t̼ i y eː$,default
Bare-82_fire-1,,Bare,82_fire,kameni,kameni,k a m e n i,,walker2011,,,^k a m e n i$,default
Baure-82_fire-1,,Baure,82_fire,yaki,yaki,j a k i,,walker2011,,,^y a k i$,default
Cabiyari-82_fire-1,,Cabiyari,82_fire,kira,kira,k i r a,,walker2011,,,^k i r a$,default
Caquinte-82_fire-1,,Caquinte,82_fire,noamarito,noamarito,n o a m a r i t o,,walker2011,,,^n o a m a r i t o$,default
Chamicuro-82_fire-1,,Chamicuro,82_fire,kahtʃi,kahtʃi,k a h tʃ i,,walker2011,,,^k a h tʃ i$,default
EnaweneNawe-82_fire-1,,EnaweneNawe,82_fire,erikeyti,erikeyti,e r i k e j t i,,walker2011,,,^e r i k e y t i$,default
Garifuna-82_fire-1,,Garifuna,82_fire,agumulaha,agumulaha,a g u m u l a h a,,walker2011,,,^a g u m u l a h a$,default
Wayuu-82_fire-1,,Wayuu,82_fire,siki,siki,s i k i,,walker2011,,,^s i k i$,default
Guinau-82_fire-1,,Guinau,82_fire,tʃeːke,tʃeːke,tʃ eː k e,,walker2011,,,^tʃ eː k e$,default
Ignaciano-82_fire-1,,Ignaciano,82_fire,yuka,yuka,j u k a,,walker2011,,,^y u k a$,default
Inapari-82_fire-1,,Inapari,82_fire,tití,tití,t i t í/i,,walker2011,,,^t i t í$,default
IslandCarib-82_fire-1,,IslandCarib,82_fire,ilemo,ilemo,i l e m o,,walker2011,,,^i l e m o$,default
Karutana-82_fire-1,,Karutana,82_fire,tidze,tidze,t i dz e,,walker2011,,,^t i dz e$,default
Kaishana-82_fire-1,,Kaishana,82_fire,icɨ,icɨ,i c ɨ,,walker2011,,,^i c ɨ$,default
Kinikinao-82_fire-1,,Kinikinao,82_fire,juku,juku,j u k u,,walker2011,,,^j u k u$,default
Curripaco-82_fire-1,,Curripaco,82_fire,tidze,tidze,t i dz e,,walker2011,,,^t i dz e$,default
Lokono-82_fire-1,,Lokono,82_fire,ikhi,ikhi,i kʰ i,,walker2011,,,^i kh i$,default
Machiguenga-82_fire-1,,Machiguenga,82_fire,tsitsi,tsitsi,ts i ts i,,walker2011,,,^ts i ts i$,default
Maipure-82_fire-1,,Maipure,82_fire,"kati, katiriti",kati,k a t i,,walker2011,,,^k a t i$,default
Maipure-82_fire-2,,Maipure,82_fire,"kati, katiriti",katiriti,k a t i r i t i,,walker2011,,,^k a t i r i t i$,default
Manao-82_fire-1,,Manao,82_fire,kɨkati,kɨkati,k ɨ k a t i,,walker2011,,,^k ɨ k a t i$,default
Mandahuaca-82_fire-1,,Mandahuaca,82_fire,iʒiːde,iʒiːde,i ʒ iː d e,,walker2011,,,^i ʒ iː d e$,default
Machinere-82_fire-1,,Machinere,82_fire,tʃitʃi,tʃitʃi,tʃ i tʃ i,,walker2011,,,^tʃ i tʃ i$,default
Marawan-82_fire-1,,Marawan,82_fire,tiketi,tiketi,t i k e t i,,walker2011,,,^t i k e t i$,default
Maragua-82_fire-1,,Maragua,82_fire,yrisy,yrisy,j r i s y,,walker2011,,,^y r i s y$,default
Mariate-82_fire-1,,Mariate,82_fire,itʃepa,itʃepa,i tʃ e p a,,walker2011,,,^i tʃ e p a$,default
MapidianMawayana-82_fire-1,,MapidianMawayana,82_fire,ʃinari,ʃinari,ʃ i n a r i,,walker2011,,,^ʃ i n a r i$,default
Mehinaku-82_fire-1,,Mehinaku,82_fire,itsei,itsei,i ts e i,,walker2011,,,^i ts e i$,default
Nomatsiguenga-82_fire-1,,Nomatsiguenga,82_fire,pamari,pamari,p a m a r i,,walker2011,,,^p a m a r i$,default
Palikur-82_fire-1,,Palikur,82_fire,tiket,tiket,t i k e t,,walker2011,,,^t i k e t$,default
Paraujano-82_fire-1,,Paraujano,82_fire,tʃighe,tʃighe,tʃ i gʰ e,,walker2011,,,^tʃ i gh e$,default
Parecis-82_fire-1,,Parecis,82_fire,initima,initima,i n i t i m a,,walker2011,,,^i n i t i m a$,default
Passe-82_fire-1,,Passe,82_fire,hekje,hekje,h e k j e,,walker2011,,,^h e k j e$,default
Piapoco-82_fire-1,,Piapoco,82_fire,kitʃái,kitʃái,k i tʃ á/a i,,walker2011,,,^k i tʃ á i$,default
Yine-82_fire-1,,Yine,82_fire,pawtʃi,pawtʃi,p a w tʃ i,,walker2011,,,^p a w tʃ i$,default
Resigaro-82_fire-1,,Resigaro,82_fire,"okoniːgi, itsitso [lenha?]",okoniːgi,o k o n iː g i,,walker2011,,,^o k o n iː g i$,default
Resigaro-82_fire-2,,Resigaro,82_fire,"okoniːgi, itsitso [lenha?]",itsitso_,i ts i ts o,,walker2011,,,^i ts i ts o _$,default
Saraveca-82_fire-1,,Saraveca,82_fire,tikai,tikai,t i k a i,,walker2011,,,^t i k a i$,default
Taino-82_fire-1,,Taino,82_fire,"kuyo, uato, guatu’",kuyo,k u j o,,walker2011,,,^k u y o$,default
Taino-82_fire-2,,Taino,82_fire,"kuyo, uato, guatu’",uato,u a t o,,walker2011,,,^u a t o$,default
Taino-82_fire-3,,Taino,82_fire,"kuyo, uato, guatu’",guatu’,g u a t u ʔ,,walker2011,,,^g u a t u ’$,default
Tariana-82_fire-1,,Tariana,82_fire,sjawa,sjawa,s j a w a,,walker2011,,,^s j a w a$,default
Terena-82_fire-1,,Terena,82_fire,júku,júku,j ú/u k u,,walker2011,,,^j ú k u$,default
Trinitario-82_fire-1,,Trinitario,82_fire,yuku,yuku,j u k u,,walker2011,,,^y u k u$,default
Wainuma-82_fire-1,,Wainuma,82_fire,itiːepa,itiːepa,i t iː e p a,,walker2011,,,^i t iː e p a$,default
Wapishana-82_fire-1,,Wapishana,82_fire,tikaʐ,tikaʐ,t i k a ʐ,,walker2011,,,^t i k a ʐ$,default
Araicu-82_fire-1,,Araicu,82_fire,ike,ike,i k e,,walker2011,,,^i k e$,default
Warekena-82_fire-1,,Warekena,82_fire,iside,iside,i s i d e,,walker2011,,,^i s i d e$,default
WarekenaVelha-82_fire-1,,WarekenaVelha,82_fire,aʃi,aʃi,a ʃ i,,walker2011,,,^a ʃ i$,default
Waura-82_fire-1,,Waura,82_fire,itsei,itsei,i ts e i,,walker2011,,,^i ts e i$,default
Yavitero-82_fire-1,,Yavitero,82_fire,kaľ̥i,kaľ̥i,k a l̥ʲ i,,walker2011,,,^k a ľ̥ i$,default
Yawalapiti-82_fire-1,,Yawalapiti,82_fire,ʃɨ,ʃɨ,ʃ ɨ,,walker2011,,,^ʃ ɨ$,default
Yucuna-82_fire-1,,Yucuna,82_fire,hiya,hiya,h i j a,,walker2011,,,^h i y a$,default
Jumana-82_fire-1,,Jumana,82_fire,"oeye, oyeu",oeye,o e j e,,walker2011,,,^o e y e$,default
Jumana-82_fire-2,,Jumana,82_fire,"oeye, oyeu",oyeu,o j e u,,walker2011,,,^o y e u$,default
Achagua-83_ash-1,,Achagua,83_ash,baːli,baːli,b aː l i,,walker2011,,,^b aː l i$,default
Yanesha-83_ash-1,,Yanesha,83_ash,tsapuenj,tsapuenj,ts a p u e n j,,walker2011,,,^ts a p u e n j$,default
Anauya-83_ash-1,,Anauya,83_ash,baridi,baridi,b a r i d i,,walker2011,,,^b a r i d i$,default
Apurina-83_ash-1,,Apurina,83_ash,serepi,serepi,s e r e p i,,walker2011,,,^s e r e p i$,default
Ashaninka-83_ash-1,,Ashaninka,83_ash,samampo,samampo,s a m a m p o,,walker2011,,,^s a m a m p o$,default
Xiriana-83_ash-1,,Xiriana,83_ash,maçida,maçida,m a ç i d a,,walker2011,,,^m a ç i d a$,default
Avane-83_ash-1,,Avane,83_ash,palitsi,palitsi,p a l i ts i,,walker2011,,,^p a l i ts i$,default
BaniwaDoIcana-83_ash-1,,BaniwaDoIcana,83_ash,"-wadzule, -paːli, -male, tidzepeni",-wadzule,w a dz u l e,,walker2011,,,^- w a dz u l e$,default
BaniwaDoIcana-83_ash-2,,BaniwaDoIcana,83_ash,"-wadzule, -paːli, -male, tidzepeni",-paːli,p aː l i,,walker2011,,,^- p aː l i$,default
BaniwaDoIcana-83_ash-3,,BaniwaDoIcana,83_ash,"-wadzule, -paːli, -male, tidzepeni",-male,m a l e,,walker2011,,,^- m a l e$,default
BaniwaDoIcana-83_ash-4,,BaniwaDoIcana,83_ash,"-wadzule, -paːli, -male, tidzepeni",tidzepeni,t i dz e p e n i,,walker2011,,,^t i dz e p e n i$,default
Bare-83_ash-1,,Bare,83_ash,baɻid’i,baɻid’i,b a ɻ i dʲ i,,walker2011,,,^b a ɻ i d’ i$,default
Baure-83_ash-1,,Baure,83_ash,poʔip,poʔip,p o ʔ i p,,walker2011,,,^p o ʔ i p$,default
Cabiyari-83_ash-1,,Cabiyari,83_ash,paʔari,paʔari,p a ʔ a r i,,walker2011,,,^p a ʔ a r i$,default
Chamicuro-83_ash-1,,Chamicuro,83_ash,kahtʃihpe,kahtʃihpe,k a h tʃ i h p e,,walker2011,,,^k a h tʃ i h p e$,default
EnaweneNawe-83_ash-1,,EnaweneNawe,83_ash,õnihĩ,õnihĩ,õ n i h ĩ,,walker2011,,,^õ n i h ĩ$,default
Garifuna-83_ash-1,,Garifuna,83_ash,"águduni, gudáɨ, watu, gemeti",águduni,á/a g u d u n i,,walker2011,,,^á g u d u n i$,default
Garifuna-83_ash-2,,Garifuna,83_ash,"águduni, gudáɨ, watu, gemeti",gudáɨ,g u d á/a ɨ,,walker2011,,,^g u d á ɨ$,default
Garifuna-83_ash-3,,Garifuna,83_ash,"águduni, gudáɨ, watu, gemeti",watu,w a t u,,walker2011,,,^w a t u$,default
Garifuna-83_ash-4,,Garifuna,83_ash,"águduni, gudáɨ, watu, gemeti",gemeti,g e m e t i,,walker2011,,,^g e m e t i$,default
Wayuu-83_ash-1,,Wayuu,83_ash,paľiiʔi,paľiiʔi,p a ľ/lʲ iː ʔ i,,walker2011,,,^p a ľ ii ʔ i$,default
Guinau-83_ash-1,,Guinau,83_ash,mbaliːdi,mbaliːdi,m b a l iː d i,,walker2011,,,^m b a l iː d i$,default
Ignaciano-83_ash-1,,Ignaciano,83_ash,tsimapa,tsimapa,ts i m a p a,,walker2011,,,^ts i m a p a$,default
Inapari-83_ash-1,,Inapari,83_ash,ipúhúri,ipúhúri,i p ú/u h ú/u r i,,walker2011,,,^i p ú h ú r i$,default
IslandCarib-83_ash-1,,IslandCarib,83_ash,baligi,baligi,b a l i g i,,walker2011,,,^b a l i g i$,default
Karutana-83_ash-1,,Karutana,83_ash,pati,pati,p a t i,,walker2011,,,^p a t i$,default
Kaishana-83_ash-1,,Kaishana,83_ash,puku,puku,p u k u,,walker2011,,,^p u k u$,default
Kinikinao-83_ash-1,,Kinikinao,83_ash,pou,pou,p o u,,walker2011,,,^p o u$,default
Curripaco-83_ash-1,,Curripaco,83_ash,limale,limale,l i m a l e,,walker2011,,,^l i m a l e$,default
Lokono-83_ash-1,,Lokono,83_ash,balisi,balisi,b a l i s i,,walker2011,,,^b a l i s i$,default
Machiguenga-83_ash-1,,Machiguenga,83_ash,samanpo,samanpo,s a m a n p o,,walker2011,,,^s a m a n p o$,default
Maipure-83_ash-1,,Maipure,83_ash,mbalide,mbalide,m b a l i d e,,walker2011,,,^m b a l i d e$,default
Mandahuaca-83_ash-1,,Mandahuaca,83_ash,hali,hali,h a l i,,walker2011,,,^h a l i$,default
Machinere-83_ash-1,,Machinere,83_ash,tiʃipeni,tiʃipeni,t i ʃ i p e n i,,walker2011,,,^t i ʃ i p e n i$,default
Maragua-83_ash-1,,Maragua,83_ash,buizi,buizi,b u i z i,,walker2011,,,^b u i z i$,default
MapidianMawayana-83_ash-1,,MapidianMawayana,83_ash,ʃikaruba,ʃikaruba,ʃ i k a r u b a,,walker2011,,,^ʃ i k a r u b a$,default
Mehinaku-83_ash-1,,Mehinaku,83_ash,hewe,hewe,h e w e,,walker2011,,,^h e w e$,default
Nomatsiguenga-83_ash-1,,Nomatsiguenga,83_ash,somano,somano,s o m a n o,,walker2011,,,^s o m a n o$,default
Palikur-83_ash-1,,Palikur,83_ash,hew-ahewra,hew-ahewra,h e w + a h e w r a,,walker2011,,,^h e w - a h e w r a$,default
Paraujano-83_ash-1,,Paraujano,83_ash,paiʔire,paiʔire,p a i ʔ i r e,,walker2011,,,^p a i ʔ i r e$,default
Parecis-83_ash-1,,Parecis,83_ash,nehe,nehe,n e h e,,walker2011,,,^n e h e$,default
Piapoco-83_ash-1,,Piapoco,83_ash,balìi,balìi,b a l ì/i i,,walker2011,,,^b a l ì i$,default
Yine-83_ash-1,,Yine,83_ash,tʃitʃi pagi,tʃitʃi_pagi,tʃ i tʃ i + p a g i,,walker2011,,,^tʃ i tʃ i _ p a g i$,default
Resigaro-83_ash-1,,Resigaro,83_ash,okoniːgidʐihu,okoniːgidʐihu,o k o n iː g i d ʐ i h u,,walker2011,,,^o k o n iː g i d ʐ i h u$,default
Tariana-83_ash-1,,Tariana,83_ash,pali,pali,p a l i,,walker2011,,,^p a l i$,default
Terena-83_ash-1,,Terena,83_ash,pou,pou,p o u,,walker2011,,,^p o u$,default
Trinitario-83_ash-1,,Trinitario,83_ash,tsmapa,tsmapa,ts m a p a,,walker2011,,,^ts m a p a$,default
Wapishana-83_ash-1,,Wapishana,83_ash,paɽitiʔi,paɽitiʔi,p a ɽ i t i ʔ i,,walker2011,,,^p a ɽ i t i ʔ i$,default
Warekena-83_ash-1,,Warekena,83_ash,isidesine,isidesine,i s i d e s i n e,,walker2011,,,^i s i d e s i n e$,default
WarekenaVelha-83_ash-1,,WarekenaVelha,83_ash,matimi,matimi,m a t i m i,,walker2011,,,^m a t i m i$,default
Waura-83_ash-1,,Waura,83_ash,wehepe,wehepe,w e h e p e,,walker2011,,,^w e h e p e$,default
Yavitero-83_ash-1,,Yavitero,83_ash,haľ̥itsi,haľ̥itsi,h a l̥ʲ i ts i,,walker2011,,,^h a ľ̥ i ts i$,default
Yawalapiti-83_ash-1,,Yawalapiti,83_ash,ʃɨwɨpɨ,ʃɨwɨpɨ,ʃ ɨ w ɨ p ɨ,,walker2011,,,^ʃ ɨ w ɨ p ɨ$,default
Yucuna-83_ash-1,,Yucuna,83_ash,paiʔila,paiʔila,p a i ʔ i l a,,walker2011,,,^p a i ʔ i l a$,default
Achagua-84_toburn-1,,Achagua,84_toburn,-ema,-ema,e m a,,walker2011,,,^- e m a$,default
Yanesha-84_toburn-1,,Yanesha,84_toburn,aʼpoyenjets,aʼpoyenjets,aˀ p o j e n j e ts,,walker2011,,,^aʼ p o y e n j e ts$,default
Apurina-84_toburn-1,,Apurina,84_toburn,ari(ka),ari,a r i,,walker2011,,,^a r i$,default
Ashaninka-84_toburn-1,,Ashaninka,84_toburn,notakero,notakero,n o t a k e r o,,walker2011,,,^n o t a k e r o$,default
Xiriana-84_toburn-1,,Xiriana,84_toburn,"-waɻata, duhuhuta",-waɻata,w a ɻ a t a,,walker2011,,,^- w a ɻ a t a$,default
Xiriana-84_toburn-2,,Xiriana,84_toburn,"-waɻata, duhuhuta",duhuhuta,d u h u h u t a,,walker2011,,,^d u h u h u t a$,default
Avane-84_toburn-1,,Avane,84_toburn,-etawa,-etawa,e t a w a,,walker2011,,,^- e t a w a$,default
BaniwaDoIcana-84_toburn-1,,BaniwaDoIcana,84_toburn,"-ma, -hmaita, -himaita",-ma,m a,,walker2011,,,^- m a$,default
BaniwaDoIcana-84_toburn-2,,BaniwaDoIcana,84_toburn,"-ma, -hmaita, -himaita",-hmaita,h m a i t a,,walker2011,,,^- h m a i t a$,default
BaniwaDoIcana-84_toburn-3,,BaniwaDoIcana,84_toburn,"-ma, -hmaita, -himaita",-himaita,h i m a i t a,,walker2011,,,^- h i m a i t a$,default
Bare-84_toburn-1,,Bare,84_toburn,ikhã,ikhã,i kʰ ã,,walker2011,,,^i kh ã$,default
Baure-84_toburn-1,,Baure,84_toburn,haro,haro,h a r o,,walker2011,,,^h a r o$,default
Cabiyari-84_toburn-1,,Cabiyari,84_toburn,-heːma,-heːma,h eː m a,,walker2011,,,^- h eː m a$,default
Caquinte-84_toburn-1,,Caquinte,84_toburn,aNt,aNt,a ɴ t,,walker2011,,,^a N t$,default
Chamicuro-84_toburn-1,,Chamicuro,84_toburn,itʃehki,itʃehki,i tʃ e h k i,,walker2011,,,^i tʃ e h k i$,default
Garifuna-84_toburn-1,,Garifuna,84_toburn,atʃurara,atʃurara,a tʃ u r a r a,,walker2011,,,^a tʃ u r a r a$,default
Wayuu-84_toburn-1,,Wayuu,84_toburn,a-ʔa-ha-a,a-ʔa-ha-a,a + ʔ a + h a + a,,walker2011,,,^a - ʔ a - h a - a$,default
Ignaciano-84_toburn-1,,Ignaciano,84_toburn,ihu,ihu,i h u,,walker2011,,,^i h u$,default
Inapari-84_toburn-1,,Inapari,84_toburn,rɨmeáma,rɨmeáma,r ɨ m e á/a m a,,walker2011,,,^r ɨ m e á m a$,default
IslandCarib-84_toburn-1,,IslandCarib,84_toburn,aguda,aguda,a g u d a,,walker2011,,,^a g u d a$,default
Kaishana-84_toburn-1,,Kaishana,84_toburn,"amɨmhãu, hamɨa",amɨmhãu,a m ɨ mʰ ã u,,walker2011,,,^a m ɨ mh ã u$,default
Kaishana-84_toburn-2,,Kaishana,84_toburn,"amɨmhãu, hamɨa",hamɨa,h a m ɨ a,,walker2011,,,^h a m ɨ a$,default
Kinikinao-84_toburn-1,,Kinikinao,84_toburn,oropeʃati,oropeʃati,o r o p e ʃ a t i,,walker2011,,,^o r o p e ʃ a t i$,default
Curripaco-84_toburn-1,,Curripaco,84_toburn,imaitaːkheti,imaitaːkheti,i m a i t aː kʰ e t i,,walker2011,,,^i m a i t aː kh e t i$,default
Lokono-84_toburn-1,,Lokono,84_toburn,bitoan,bitoan,b i t o a n,,walker2011,,,^b i t o a n$,default
Machiguenga-84_toburn-1,,Machiguenga,84_toburn,taga,taga,t a g a,,walker2011,,,^t a g a$,default
Manao-84_toburn-1,,Manao,84_toburn,ipata,ipata,i p a t a,,walker2011,,,^i p a t a$,default
Machinere-84_toburn-1,,Machinere,84_toburn,yotʃika,yotʃika,j o tʃ i k a,,walker2011,,,^y o tʃ i k a$,default
MapidianMawayana-84_toburn-1,,MapidianMawayana,84_toburn,-wawada,-wawada,w a w a d a,,walker2011,,,^- w a w a d a$,default
Mehinaku-84_toburn-1,,Mehinaku,84_toburn,nu-iʧata-la,nu-iʧata-la,n u + i tʃ a t a + l a,,walker2011,,,^n u - i ʧ a t a - l a$,default
Nomatsiguenga-84_toburn-1,,Nomatsiguenga,84_toburn,ipokero,ipokero,i p o k e r o,,walker2011,,,^i p o k e r o$,default
Palikur-84_toburn-1,,Palikur,84_toburn,bukah,bukah,b u k a h,,walker2011,,,^b u k a h$,default
Paraujano-84_toburn-1,,Paraujano,84_toburn,orotetse,orotetse,o r o t e ts e,,walker2011,,,^o r o t e ts e$,default
Parecis-84_toburn-1,,Parecis,84_toburn,kera,kera,k e r a,,walker2011,,,^k e r a$,default
Piapoco-84_toburn-1,,Piapoco,84_toburn,nuemáka,nuemáka,n u e m á/a k a,,walker2011,,,^n u e m á k a$,default
Yine-84_toburn-1,,Yine,84_toburn,yotʃpik-lɨ,yotʃpik-lɨ,j o tʃ p i k + l ɨ,,walker2011,,,^y o tʃ p i k - l ɨ$,default
Resigaro-84_toburn-1,,Resigaro,84_toburn,-aʔmu [intr.],-aʔmu_,a ʔ m u,,walker2011,,,^- a ʔ m u _$,default
Tariana-84_toburn-1,,Tariana,84_toburn,ha,ha,h a,,walker2011,,,^h a$,default
Terena-84_toburn-1,,Terena,84_toburn,mure,mure,m u r e,,walker2011,,,^m u r e$,default
Trinitario-84_toburn-1,,Trinitario,84_toburn,yustako,yustako,j u s t a k o,,walker2011,,,^y u s t a k o$,default
Wapishana-84_toburn-1,,Wapishana,84_toburn,khaʔauʔɖan,khaʔauʔɖan,kʰ a ʔ a u ʔ ɖ a n,,walker2011,,,^kh a ʔ a u ʔ ɖ a n$,default
Warekena-84_toburn-1,,Warekena,84_toburn,menikakasi,menikakasi,m e n i k a k a s i,,walker2011,,,^m e n i k a k a s i$,default
WarekenaVelha-84_toburn-1,,WarekenaVelha,84_toburn,etawa,etawa,e t a w a,,walker2011,,,^e t a w a$,default
Waura-84_toburn-1,,Waura,84_toburn,usiʧa,usiʧa,u s i tʃ a,,walker2011,,,^u s i ʧ a$,default
Yavitero-84_toburn-1,,Yavitero,84_toburn,hukua,hukua,h u k u a,,walker2011,,,^h u k u a$,default
Yawalapiti-84_toburn-1,,Yawalapiti,84_toburn,puikat,puikat,p u i k a t,,walker2011,,,^p u i k a t$,default
Yucuna-84_toburn-1,,Yucuna,84_toburn,karaʔakahe,karaʔakahe,k a r a ʔ a k a h e,,walker2011,,,^k a r a ʔ a k a h e$,default
Achagua-85_pathroad-1,,Achagua,85_pathroad,inihiba,inihiba,i n i h i b a,,walker2011,,,^i n i h i b a$,default
Yanesha-85_pathroad-1,,Yanesha,85_pathroad,tjonj,tjonj,t j o n j,,walker2011,,,^t j o n j$,default
Anauya-85_pathroad-1,,Anauya,85_pathroad,tinabu,tinabu,t i n a b u,,walker2011,,,^t i n a b u$,default
Apurina-85_pathroad-1,,Apurina,85_pathroad,kimaporɨ,kimaporɨ,k i m a p o r ɨ,,walker2011,,,^k i m a p o r ɨ$,default
Ashaninka-85_pathroad-1,,Ashaninka,85_pathroad,aotsi,aotsi,a o ts i,,walker2011,,,^a o ts i$,default
Xiriana-85_pathroad-1,,Xiriana,85_pathroad,-waɸu,-waɸu,w a ɸ u,,walker2011,,,^- w a ɸ u$,default
Avane-85_pathroad-1,,Avane,85_pathroad,tenepu,tenepu,t e n e p u,,walker2011,,,^t e n e p u$,default
BaniwaDoIcana-85_pathroad-1,,BaniwaDoIcana,85_pathroad,"inipu, aːpuwa",inipu,i n i p u,,walker2011,,,^i n i p u$,default
BaniwaDoIcana-85_pathroad-2,,BaniwaDoIcana,85_pathroad,"inipu, aːpuwa",aːpuwa,aː p u w a,,walker2011,,,^aː p u w a$,default
Bare-85_pathroad-1,,Bare,85_pathroad,dinabu,dinabu,d i n a b u,,walker2011,,,^d i n a b u$,default
Baure-85_pathroad-1,,Baure,85_pathroad,kaye,kaye,k a j e,,walker2011,,,^k a y e$,default
Cabiyari-85_pathroad-1,,Cabiyari,85_pathroad,ayapu,ayapu,a j a p u,,walker2011,,,^a y a p u$,default
Caquinte-85_pathroad-1,,Caquinte,85_pathroad,kenaβokiro,kenaβokiro,k e n a β o k i r o,,walker2011,,,^k e n a β o k i r o$,default
Chamicuro-85_pathroad-1,,Chamicuro,85_pathroad,ahtini,ahtini,a h t i n i,,walker2011,,,^a h t i n i$,default
EnaweneNawe-85_pathroad-1,,EnaweneNawe,85_pathroad,awwiti,awwiti,a w w i t i,,walker2011,,,^a ww i t i$,default
Garifuna-85_pathroad-1,,Garifuna,85_pathroad,émeri,émeri,é/e m e r i,,walker2011,,,^é m e r i$,default
Wayuu-85_pathroad-1,,Wayuu,85_pathroad,wopu,wopu,w o p u,,walker2011,,,^w o p u$,default
Guinau-85_pathroad-1,,Guinau,85_pathroad,tenaːbo,tenaːbo,t e n aː b o,,walker2011,,,^t e n aː b o$,default
Ignaciano-85_pathroad-1,,Ignaciano,85_pathroad,atʃene,atʃene,a tʃ e n e,,walker2011,,,^a tʃ e n e$,default
Inapari-85_pathroad-1,,Inapari,85_pathroad,hatʃiní,hatʃiní,h a tʃ i n í/i,,walker2011,,,^h a tʃ i n í$,default
IslandCarib-85_pathroad-1,,IslandCarib,85_pathroad,ema,ema,e m a,,walker2011,,,^e m a$,default
Kaishana-85_pathroad-1,,Kaishana,85_pathroad,eɲe(n)pu,eɲepu,e ɲ e p u,,walker2011,,,^e ɲ e p u$,default
Kinikinao-85_pathroad-1,,Kinikinao,85_pathroad,ʃɛ̃ːnε,ʃɛ̃ːnε,ʃ ɛ̃ː n ε,,walker2011,,,^ʃ ɛ̃ː n ε$,default
Curripaco-85_pathroad-1,,Curripaco,85_pathroad,inipu,inipu,i n i p u,,walker2011,,,^i n i p u$,default
Lokono-85_pathroad-1,,Lokono,85_pathroad,byna,byna,b j n a,,walker2011,,,^b y n a$,default
Machiguenga-85_pathroad-1,,Machiguenga,85_pathroad,aβotsi,aβotsi,a β o ts i,,walker2011,,,^a β o ts i$,default
Maipure-85_pathroad-1,,Maipure,85_pathroad,anepu,anepu,a n e p u,,walker2011,,,^a n e p u$,default
Mandahuaca-85_pathroad-1,,Mandahuaca,85_pathroad,e:nuhu,e:nuhu,eː n u h u,,walker2011,,,^e: n u h u$,default
Machinere-85_pathroad-1,,Machinere,85_pathroad,hatɨnɨ,hatɨnɨ,h a t ɨ n ɨ,,walker2011,,,^h a t ɨ n ɨ$,default
Maragua-85_pathroad-1,,Maragua,85_pathroad,diubu,diubu,d i u b u,,walker2011,,,^d i u b u$,default
MapidianMawayana-85_pathroad-1,,MapidianMawayana,85_pathroad,dinu,dinu,d i n u,,walker2011,,,^d i n u$,default
Mehinaku-85_pathroad-1,,Mehinaku,85_pathroad,apuwi,apuwi,a p u w i,,walker2011,,,^a p u w i$,default
Nomatsiguenga-85_pathroad-1,,Nomatsiguenga,85_pathroad,abatsi,abatsi,a b a ts i,,walker2011,,,^a b a ts i$,default
Palikur-85_pathroad-1,,Palikur,85_pathroad,ahin,ahin,a h i n,,walker2011,,,^a h i n$,default
Paraujano-85_pathroad-1,,Paraujano,85_pathroad,wobuh,wobuh,w o b u h,,walker2011,,,^w o b u h$,default
Parecis-85_pathroad-1,,Parecis,85_pathroad,ahotita,ahotita,a h o t i t a,,walker2011,,,^a h o t i t a$,default
Piapoco-85_pathroad-1,,Piapoco,85_pathroad,àyapi,àyapi,à/a j a p i,,walker2011,,,^à y a p i$,default
Yine-85_pathroad-1,,Yine,85_pathroad,gatnɨ gapo,gatnɨ_gapo,g a t n ɨ + g a p o,,walker2011,,,^g a t n ɨ _ g a p o$,default
Resigaro-85_pathroad-1,,Resigaro,85_pathroad,"adʒapo, ehuːhi, adʒapu",adʒapo,a dʒ a p o,,walker2011,,,^a dʒ a p o$,default
Resigaro-85_pathroad-2,,Resigaro,85_pathroad,"adʒapo, ehuːhi, adʒapu",ehuːhi,e h uː h i,,walker2011,,,^e h uː h i$,default
Resigaro-85_pathroad-3,,Resigaro,85_pathroad,"adʒapo, ehuːhi, adʒapu",adʒapu,a dʒ a p u,,walker2011,,,^a dʒ a p u$,default
Saraveca-85_pathroad-1,,Saraveca,85_pathroad,ahuti,ahuti,a h u t i,,walker2011,,,^a h u t i$,default
Tariana-85_pathroad-1,,Tariana,85_pathroad,hinipu,hinipu,h i n i p u,,walker2011,,,^h i n i p u$,default
Terena-85_pathroad-1,,Terena,85_pathroad,ʃêene,ʃêene,ʃ ê/e e n e,,walker2011,,,^ʃ ê e n e$,default
Trinitario-85_pathroad-1,,Trinitario,85_pathroad,ʔtʃene,ʔtʃene,ʔ tʃ e n e,,walker2011,,,^ʔ tʃ e n e$,default
Wainuma-85_pathroad-1,,Wainuma,85_pathroad,idʒapu,idʒapu,i dʒ a p u,,walker2011,,,^i dʒ a p u$,default
Wapishana-85_pathroad-1,,Wapishana,85_pathroad,ɖɨnap,ɖɨnap,ɖ ɨ n a p,,walker2011,,,^ɖ ɨ n a p$,default
Warekena-85_pathroad-1,,Warekena,85_pathroad,anipu,anipu,a n i p u,,walker2011,,,^a n i p u$,default
WarekenaVelha-85_pathroad-1,,WarekenaVelha,85_pathroad,epuna,epuna,e p u n a,,walker2011,,,^e p u n a$,default
Waura-85_pathroad-1,,Waura,85_pathroad,ahɨnapu,ahɨnapu,a h ɨ n a p u,,walker2011,,,^a h ɨ n a p u$,default
Yavitero-85_pathroad-1,,Yavitero,85_pathroad,tanehu,tanehu,t a n e h u,,walker2011,,,^t a n e h u$,default
Yawalapiti-85_pathroad-1,,Yawalapiti,85_pathroad,aʂiɲapu,aʂiɲapu,a ʂ i ɲ a p u,,walker2011,,,^a ʂ i ɲ a p u$,default
Yucuna-85_pathroad-1,,Yucuna,85_pathroad,iɲeʔepu,iɲeʔepu,i ɲ e ʔ e p u,,walker2011,,,^i ɲ e ʔ e p u$,default
Achagua-86_mountain-1,,Achagua,86_mountain,duːli,duːli,d uː l i,,walker2011,,,^d uː l i$,default
Yanesha-86_mountain-1,,Yanesha,86_mountain,aʃpenetj,aʃpenetj,a ʃ p e n e t j,,walker2011,,,^a ʃ p e n e t j$,default
Anauya-86_mountain-1,,Anauya,86_mountain,hadasi,hadasi,h a d a s i,,walker2011,,,^h a d a s i$,default
Apurina-86_mountain-1,,Apurina,86_mountain,sona,sona,s o n a,,walker2011,,,^s o n a$,default
Ashaninka-86_mountain-1,,Ashaninka,86_mountain,otisi,otisi,o t i s i,,walker2011,,,^o t i s i$,default
Xiriana-86_mountain-1,,Xiriana,86_mountain,kiba,kiba,k i b a,,walker2011,,,^k i b a$,default
Avane-86_mountain-1,,Avane,86_mountain,"tawape, yapa",tawape,t a w a p e,,walker2011,,,^t a w a p e$,default
Avane-86_mountain-2,,Avane,86_mountain,"tawape, yapa",yapa,j a p a,,walker2011,,,^y a p a$,default
BaniwaDoIcana-86_mountain-1,,BaniwaDoIcana,86_mountain,"hidzapa, hiːpana",hidzapa,h i dz a p a,,walker2011,,,^h i dz a p a$,default
BaniwaDoIcana-86_mountain-2,,BaniwaDoIcana,86_mountain,"hidzapa, hiːpana",hiːpana,h iː p a n a,,walker2011,,,^h iː p a n a$,default
Bare-86_mountain-1,,Bare,86_mountain,siyaba,siyaba,s i j a b a,,walker2011,,,^s i y a b a$,default
Cabiyari-86_mountain-1,,Cabiyari,86_mountain,"marena,takari",marena,m a r e n a,,walker2011,,,^m a r e n a$,default
Cabiyari-86_mountain-2,,Cabiyari,86_mountain,"marena,takari",takari,t a k a r i,,walker2011,,,^t a k a r i$,default
Caquinte-86_mountain-1,,Caquinte,86_mountain,otseNpi,otseNpi,o ts e ɴ p i,,walker2011,,,^o ts e N p i$,default
Cariai-86_mountain-1,,Cariai,86_mountain,kɨukinaitsi,kɨukinaitsi,k ɨ u k i n a i ts i,,walker2011,,,^k ɨ u k i n a i ts i$,default
Chamicuro-86_mountain-1,,Chamicuro,86_mountain,iʂuhkulu,iʂuhkulu,i ʂ u h k u l u,,walker2011,,,^i ʂ u h k u l u$,default
EnaweneNawe-86_mountain-1,,EnaweneNawe,86_mountain,otay,otay,o t a y,,walker2011,,,^o t a y$,default
Garifuna-86_mountain-1,,Garifuna,86_mountain,webo,webo,w e b o,,walker2011,,,^w e b o$,default
Wayuu-86_mountain-1,,Wayuu,86_mountain,uutʃi,uutʃi,uː tʃ i,,walker2011,,,^uu tʃ i$,default
Guinau-86_mountain-1,,Guinau,86_mountain,tsaːpa,tsaːpa,ts aː p a,,walker2011,,,^ts aː p a$,default
Ignaciano-86_mountain-1,,Ignaciano,86_mountain,simena,simena,s i m e n a,,walker2011,,,^s i m e n a$,default
Inapari-86_mountain-1,,Inapari,86_mountain,imapáha,imapáha,i m a p á/a h a,,walker2011,,,^i m a p á h a$,default
IslandCarib-86_mountain-1,,IslandCarib,86_mountain,webo,webo,w e b o,,walker2011,,,^w e b o$,default
Kaishana-86_mountain-1,,Kaishana,86_mountain,"pine, cenuwasi",pine,p i n e,,walker2011,,,^p i n e$,default
Kaishana-86_mountain-2,,Kaishana,86_mountain,"pine, cenuwasi",cenuwasi,c e n u w a s i,,walker2011,,,^c e n u w a s i$,default
Kinikinao-86_mountain-1,,Kinikinao,86_mountain,mopoe,mopoe,m o p o e,,walker2011,,,^m o p o e$,default
Curripaco-86_mountain-1,,Curripaco,86_mountain,awakada,awakada,a w a k a d a,,walker2011,,,^a w a k a d a$,default
Lokono-86_mountain-1,,Lokono,86_mountain,hoɽoɽo,hoɽoɽo,h o ɽ o ɽ o,,walker2011,,,^h o ɽ o ɽ o$,default
Machiguenga-86_mountain-1,,Machiguenga,86_mountain,intʃatoʃi,intʃatoʃi,i n tʃ a t o ʃ i,,walker2011,,,^i n tʃ a t o ʃ i$,default
Maipure-86_mountain-1,,Maipure,86_mountain,yapa,yapa,j a p a,,walker2011,,,^y a p a$,default
Manao-86_mountain-1,,Manao,86_mountain,mapapana,mapapana,m a p a p a n a,,walker2011,,,^m a p a p a n a$,default
Mandahuaca-86_mountain-1,,Mandahuaca,86_mountain,idãhã,idãhã,i d ã h ã,,walker2011,,,^i d ã h ã$,default
Maragua-86_mountain-1,,Maragua,86_mountain,atuku,atuku,a t u k u,,walker2011,,,^a t u k u$,default
Mariate-86_mountain-1,,Mariate,86_mountain,ekutɨ,ekutɨ,e k u t ɨ,,walker2011,,,^e k u t ɨ$,default
MapidianMawayana-86_mountain-1,,MapidianMawayana,86_mountain,rɨnɨ,rɨnɨ,r ɨ n ɨ,,walker2011,,,^r ɨ n ɨ$,default
Mehinaku-86_mountain-1,,Mehinaku,86_mountain,kehɨtɨkumã,kehɨtɨkumã,k e h ɨ t ɨ k u m ã,,walker2011,,,^k e h ɨ t ɨ k u m ã$,default
Nomatsiguenga-86_mountain-1,,Nomatsiguenga,86_mountain,ogitoha,ogitoha,o g i t o h a,,walker2011,,,^o g i t o h a$,default
Palikur-86_mountain-1,,Palikur,86_mountain,waxi imuwad,waxi_imuwad,w a x i + i m u w a d,,walker2011,,,^w a x i _ i m u w a d$,default
Paraujano-86_mountain-1,,Paraujano,86_mountain,utatʃi,utatʃi,u t a tʃ i,,walker2011,,,^u t a tʃ i$,default
Parecis-86_mountain-1,,Parecis,86_mountain,tjairi,tjairi,t j a i r i,,walker2011,,,^t j a i r i$,default
Passe-86_mountain-1,,Passe,86_mountain,papuaka,papuaka,p a p u a k a,,walker2011,,,^p a p u a k a$,default
Piapoco-86_mountain-1,,Piapoco,86_mountain,manuíri dúli,manuíri_dúli,m a n u í/i r i + d ú/u l i,,walker2011,,,^m a n u í r i _ d ú l i$,default
Yine-86_mountain-1,,Yine,86_mountain,magka,magka,m a g k a,,walker2011,,,^m a g k a$,default
Resigaro-86_mountain-1,,Resigaro,86_mountain,tebahu,tebahu,t e b a h u,,walker2011,,,^t e b a h u$,default
Saraveca-86_mountain-1,,Saraveca,86_mountain,uti,uti,u t i,,walker2011,,,^u t i$,default
Taino-86_mountain-1,,Taino,86_mountain,"o, wito, huibo, oconuco, baino",o,o,,walker2011,,,^o$,default
Taino-86_mountain-2,,Taino,86_mountain,"o, wito, huibo, oconuco, baino",wito,w i t o,,walker2011,,,^w i t o$,default
Taino-86_mountain-3,,Taino,86_mountain,"o, wito, huibo, oconuco, baino",huibo,h u i b o,,walker2011,,,^h u i b o$,default
Taino-86_mountain-4,,Taino,86_mountain,"o, wito, huibo, oconuco, baino",oconuco,o c o n u c o,,walker2011,,,^o c o n u c o$,default
Taino-86_mountain-5,,Taino,86_mountain,"o, wito, huibo, oconuco, baino",baino,b a i n o,,walker2011,,,^b a i n o$,default
Tariana-86_mountain-1,,Tariana,86_mountain,hjapa,hjapa,h j a p a,,walker2011,,,^h j a p a$,default
Terena-86_mountain-1,,Terena,86_mountain,mapôi,mapôi,m a p ô/o i,,walker2011,,,^m a p ô i$,default
Trinitario-86_mountain-1,,Trinitario,86_mountain,ʔnuɣʔe mari,ʔnuɣʔe_mari,ʔ n u ɣ ʔ e + m a r i,,walker2011,,,^ʔ n u ɣ ʔ e _ m a r i$,default
Wainuma-86_mountain-1,,Wainuma,86_mountain,banangbiba,banangbiba,b a n a n g b i b a,,walker2011,,,^b a n a n g b i b a$,default
Wapishana-86_mountain-1,,Wapishana,86_mountain,ɖɨkɨu,ɖɨkɨu,ɖ ɨ k ɨ u,,walker2011,,,^ɖ ɨ k ɨ u$,default
Araicu-86_mountain-1,,Araicu,86_mountain,mabɨeti,mabɨeti,m a b ɨ e t i,,walker2011,,,^m a b ɨ e t i$,default
Warekena-86_mountain-1,,Warekena,86_mountain,idapa,idapa,i d a p a,,walker2011,,,^i d a p a$,default
WarekenaVelha-86_mountain-1,,WarekenaVelha,86_mountain,yapa,yapa,j a p a,,walker2011,,,^y a p a$,default
Waura-86_mountain-1,,Waura,86_mountain,kehɨtɨkuma,kehɨtɨkuma,k e h ɨ t ɨ k u m a,,walker2011,,,^k e h ɨ t ɨ k u m a$,default
Yavitero-86_mountain-1,,Yavitero,86_mountain,yaha,yaha,j a h a,,walker2011,,,^y a h a$,default
Yawalapiti-86_mountain-1,,Yawalapiti,86_mountain,taputaputako,taputaputako,t a p u t a p u t a k o,,walker2011,,,^t a p u t a p u t a k o$,default
Yucuna-86_mountain-1,,Yucuna,86_mountain,ehaʔawa,ehaʔawa,e h a ʔ a w a,,walker2011,,,^e h a ʔ a w a$,default
Achagua-87_red-1,,Achagua,87_red,kiːɻa,kiːɻa,k iː ɻ a,,walker2011,,,^k iː ɻ a$,default
Yanesha-87_red-1,,Yanesha,87_red,tsamatj,tsamatj,ts a m a t j,,walker2011,,,^ts a m a t j$,default
Anauya-87_red-1,,Anauya,87_red,mitsai,mitsai,m i ts a i,,walker2011,,,^m i ts a i$,default
Apurina-87_red-1,,Apurina,87_red,põkamare,põkamare,p õ k a m a r e,,walker2011,,,^p õ k a m a r e$,default
Aruan-87_red-1,,Aruan,87_red,oitatara,oitatara,o i t a t a r a,,walker2011,,,^o i t a t a r a$,default
Ashaninka-87_red-1,,Ashaninka,87_red,potsonaitaki,potsonaitaki,p o ts o n a i t a k i,,walker2011,,,^p o ts o n a i t a k i$,default
Xiriana-87_red-1,,Xiriana,87_red,açu,açu,a ç u,,walker2011,,,^a ç u$,default
Avane-87_red-1,,Avane,87_red,iiːa-li,iiːa-li,iː a + l i,,walker2011,,,^iiː a - l i$,default
BaniwaDoIcana-87_red-1,,BaniwaDoIcana,87_red,"iːɻai, ihrjai",iːɻai,iː ɻ a i,,walker2011,,,^iː ɻ a i$,default
BaniwaDoIcana-87_red-2,,BaniwaDoIcana,87_red,"iːɻai, ihrjai",ihrjai,i h r j a i,,walker2011,,,^i h r j a i$,default
Bare-87_red-1,,Bare,87_red,kiya-ni,kiya-ni,k i j a + n i,,walker2011,,,^k i y a - n i$,default
Baure-87_red-1,,Baure,87_red,moserokon,moserokon,m o s e r o k o n,,walker2011,,,^m o s e r o k o n$,default
Cabiyari-87_red-1,,Cabiyari,87_red,kiːra-ri,kiːra-ri,k iː r a + r i,,walker2011,,,^k iː r a - r i$,default
Caquinte-87_red-1,,Caquinte,87_red,komatʃo,komatʃo,k o m a tʃ o,,walker2011,,,^k o m a tʃ o$,default
Cariai-87_red-1,,Cariai,87_red,urutsi,urutsi,u r u ts i,,walker2011,,,^u r u ts i$,default
Chamicuro-87_red-1,,Chamicuro,87_red,tʃeewa,tʃeewa,tʃ eː w a,,walker2011,,,^tʃ ee w a$,default
EnaweneNawe-87_red-1,,EnaweneNawe,87_red,doːta,doːta,d oː t a,,walker2011,,,^d oː t a$,default
Garifuna-87_red-1,,Garifuna,87_red,funati,funati,f u n a t i,,walker2011,,,^f u n a t i$,default
Wayuu-87_red-1,,Wayuu,87_red,iʃosɨ,iʃosɨ,i ʃ o s ɨ,,walker2011,,,^i ʃ o s ɨ$,default
Guinau-87_red-1,,Guinau,87_red,kaːneoko,kaːneoko,k aː n e o k o,,walker2011,,,^k aː n e o k o$,default
Ignaciano-87_red-1,,Ignaciano,87_red,titsi,titsi,t i ts i,,walker2011,,,^t i ts i$,default
Inapari-87_red-1,,Inapari,87_red,pomehári,pomehári,p o m e h á/a r i,,walker2011,,,^p o m e h á r i$,default
IslandCarib-87_red-1,,IslandCarib,87_red,funa,funa,f u n a,,walker2011,,,^f u n a$,default
Karutana-87_red-1,,Karutana,87_red,irai,irai,i r a i,,walker2011,,,^i r a i$,default
Kaishana-87_red-1,,Kaishana,87_red,tsaa-tsi,tsaa-tsi,ts aː + ts i,,walker2011,,,^ts aa - ts i$,default
Kinikinao-87_red-1,,Kinikinao,87_red,haɾaɾaʔiti,haɾaɾaʔiti,h a ɾ a ɾ a ʔ i t i,,walker2011,,,^h a ɾ a ɾ a ʔ i t i$,default
Curripaco-87_red-1,,Curripaco,87_red,iːrai,iːrai,iː r a i,,walker2011,,,^iː r a i$,default
Lokono-87_red-1,,Lokono,87_red,koɽen,koɽen,k o ɽ e n,,walker2011,,,^k o ɽ e n$,default
Machiguenga-87_red-1,,Machiguenga,87_red,kjiraari,kjiraari,k j i r aː r i,,walker2011,,,^k j i r aa r i$,default
Maipure-87_red-1,,Maipure,87_red,"kayumeni, pita",kayumeni,k a j u m e n i,,walker2011,,,^k a y u m e n i$,default
Maipure-87_red-2,,Maipure,87_red,"kayumeni, pita",pita,p i t a,,walker2011,,,^p i t a$,default
Manao-87_red-1,,Manao,87_red,poti,poti,p o t i,,walker2011,,,^p o t i$,default
Mandahuaca-87_red-1,,Mandahuaca,87_red,kiraːʒe,kiraːʒe,k i r aː ʒ e,,walker2011,,,^k i r aː ʒ e$,default
Machinere-87_red-1,,Machinere,87_red,serolɨ,serolɨ,s e r o l ɨ,,walker2011,,,^s e r o l ɨ$,default
Marawan-87_red-1,,Marawan,87_red,dorome,dorome,d o r o m e,,walker2011,,,^d o r o m e$,default
Maragua-87_red-1,,Maragua,87_red,"atokana, aluana",atokana,a t o k a n a,,walker2011,,,^a t o k a n a$,default
Maragua-87_red-2,,Maragua,87_red,"atokana, aluana",aluana,a l u a n a,,walker2011,,,^a l u a n a$,default
Mariate-87_red-1,,Mariate,87_red,kera-karɨ,kera-karɨ,k e r a + k a r ɨ,,walker2011,,,^k e r a - k a r ɨ$,default
MapidianMawayana-87_red-1,,MapidianMawayana,87_red,usare,usare,u s a r e,,walker2011,,,^u s a r e$,default
Mehinaku-87_red-1,,Mehinaku,87_red,mɨhɨ̃ʂa,mɨhɨ̃ʂa,m ɨ h ĩ ʂ a,,walker2011,,,^m ɨ h ɨ̃ ʂ a$,default
Nomatsiguenga-87_red-1,,Nomatsiguenga,87_red,kiraari,kiraari,k i r aː r i,,walker2011,,,^k i r aa r i$,default
Palikur-87_red-1,,Palikur,87_red,duwwe,duwwe,d u w w e,,walker2011,,,^d u ww e$,default
Paraujano-87_red-1,,Paraujano,87_red,jabagar,jabagar,j a b a g a r,,walker2011,,,^j a b a g a r$,default
Parecis-87_red-1,,Parecis,87_red,ʃotja,ʃotja,ʃ o t j a,,walker2011,,,^ʃ o t j a$,default
Passe-87_red-1,,Passe,87_red,kityu,kityu,k i t j u,,walker2011,,,^k i t y u$,default
Piapoco-87_red-1,,Piapoco,87_red,kíiraka,kíiraka,k í/i i r a k a,,walker2011,,,^k í i r a k a$,default
Yine-87_red-1,,Yine,87_red,serolɨ,serolɨ,s e r o l ɨ,,walker2011,,,^s e r o l ɨ$,default
Resigaro-87_red-1,,Resigaro,87_red,kedaviːʔ,kedaviːʔ,k e d a v iː ʔ,,walker2011,,,^k e d a v iː ʔ$,default
Saraveca-87_red-1,,Saraveca,87_red,nota-etʃe,nota-etʃe,n o t a + e tʃ e,,walker2011,,,^n o t a - e tʃ e$,default
Taino-87_red-1,,Taino,87_red,"riz, ita",riz,r i z,,walker2011,,,^r i z$,default
Taino-87_red-2,,Taino,87_red,"riz, ita",ita,i t a,,walker2011,,,^i t a$,default
Tariana-87_red-1,,Tariana,87_red,iɾite,iɾite,i ɾ i t e,,walker2011,,,^i ɾ i t e$,default
Terena-87_red-1,,Terena,87_red,harara,harara,h a r a r a,,walker2011,,,^h a r a r a$,default
Trinitario-87_red-1,,Trinitario,87_red,titsi,titsi,t i ts i,,walker2011,,,^t i ts i$,default
Wainuma-87_red-1,,Wainuma,87_red,"kera-, kan-, ɨpuri",kera-,k e r a,,walker2011,,,^k e r a -$,default
Wainuma-87_red-2,,Wainuma,87_red,"kera-, kan-, ɨpuri",kan-,k a n,,walker2011,,,^k a n -$,default
Wainuma-87_red-3,,Wainuma,87_red,"kera-, kan-, ɨpuri",ɨpuri,ɨ p u r i,,walker2011,,,^ɨ p u r i$,default
Wapishana-87_red-1,,Wapishana,87_red,wɨʐaʔu,wɨʐaʔu,w ɨ ʐ a ʔ u,,walker2011,,,^w ɨ ʐ a ʔ u$,default
Araicu-87_red-1,,Araicu,87_red,wulikata,wulikata,w u l i k a t a,,walker2011,,,^w u l i k a t a$,default
Warekena-87_red-1,,Warekena,87_red,kilali,kilali,k i l a l i,,walker2011,,,^k i l a l i$,default
WarekenaVelha-87_red-1,,WarekenaVelha,87_red,ila,ila,i l a,,walker2011,,,^i l a$,default
Waura-87_red-1,,Waura,87_red,mɨhɨʐa,mɨhɨʐa,m ɨ h ɨ ʐ a,,walker2011,,,^m ɨ h ɨ ʐ a$,default
Yavitero-87_red-1,,Yavitero,87_red,sitami,sitami,s i t a m i,,walker2011,,,^s i t a m i$,default
Yawalapiti-87_red-1,,Yawalapiti,87_red,tiwiɾa,tiwiɾa,t i w i ɾ a,,walker2011,,,^t i w i ɾ a$,default
Yucuna-87_red-1,,Yucuna,87_red,kerani,kerani,k e r a n i,,walker2011,,,^k e r a n i$,default
Jumana-87_red-1,,Jumana,87_red,makola,makola,m a k o l a,,walker2011,,,^m a k o l a$,default
Achagua-88_green-1,,Achagua,88_green,uleː,uleː,u l eː,,walker2011,,,^u l eː$,default
Yanesha-88_green-1,,Yanesha,88_green,emmoʼɾateʼ,emmoʼɾateʼ,e mː oˀ ɾ a t eˀ,,walker2011,,,^e mm oʼ ɾ a t eʼ$,default
Apurina-88_green-1,,Apurina,88_green,posẽtaka,posẽtaka,p o s ẽ t a k a,,walker2011,,,^p o s ẽ t a k a$,default
Aruan-88_green-1,,Aruan,88_green,ronole,ronole,r o n o l e,,walker2011,,,^r o n o l e$,default
Ashaninka-88_green-1,,Ashaninka,88_green,kenaʃi,kenaʃi,k e n a ʃ i,,walker2011,,,^k e n a ʃ i$,default
Avane-88_green-1,,Avane,88_green,pure-li,pure-li,p u r e + l i,,walker2011,,,^p u r e - l i$,default
BaniwaDoIcana-88_green-1,,BaniwaDoIcana,88_green,hipule,hipule,h i p u l e,,walker2011,,,^h i p u l e$,default
Bare-88_green-1,,Bare,88_green,kuri-ni,kuri-ni,k u r i + n i,,walker2011,,,^k u r i - n i$,default
Baure-88_green-1,,Baure,88_green,kotiskon,kotiskon,k o t i s k o n,,walker2011,,,^k o t i s k o n$,default
Cabiyari-88_green-1,,Cabiyari,88_green,purê,purê,p u r ê/e,,walker2011,,,^p u r ê$,default
Caquinte-88_green-1,,Caquinte,88_green,eere,eere,eː r e,,walker2011,,,^ee r e$,default
Cariai-88_green-1,,Cariai,88_green,kikɨlereani,kikɨlereani,k i k ɨ l e r e a n i,,walker2011,,,^k i k ɨ l e r e a n i$,default
Chamicuro-88_green-1,,Chamicuro,88_green,ihsuʔpa,ihsuʔpa,i ʰs u ʔ p a,,walker2011,,,^i hs u ʔ p a$,default
EnaweneNawe-88_green-1,,EnaweneNawe,88_green,huyra,huyra,h u j r a,,walker2011,,,^h u y r a$,default
Garifuna-88_green-1,,Garifuna,88_green,bérɨde,bérɨde,b é/e r ɨ d e,,walker2011,,,^b é r ɨ d e$,default
Wayuu-88_green-1,,Wayuu,88_green,wɨitɨ-sɨ,wɨitɨ-sɨ,w ɨ i t ɨ + s ɨ,,walker2011,,,^w ɨ i t ɨ - s ɨ$,default
Guinau-88_green-1,,Guinau,88_green,"seboːleoko, tseworioko",seboːleoko,s e b oː l e o k o,,walker2011,,,^s e b oː l e o k o$,default
Guinau-88_green-2,,Guinau,88_green,"seboːleoko, tseworioko",tseworioko,ts e w o r i o k o,,walker2011,,,^ts e w o r i o k o$,default
Ignaciano-88_green-1,,Ignaciano,88_green,βere,βere,β e r e,,walker2011,,,^β e r e$,default
Inapari-88_green-1,,Inapari,88_green,atutʃarí,atutʃarí,a t u tʃ a r í/i,,walker2011,,,^a t u tʃ a r í$,default
IslandCarib-88_green-1,,IslandCarib,88_green,uri-gi,uri-gi,u r i + g i,,walker2011,,,^u r i - g i$,default
Karutana-88_green-1,,Karutana,88_green,hipule,hipule,h i p u l e,,walker2011,,,^h i p u l e$,default
Kaishana-88_green-1,,Kaishana,88_green,"pure-tsi, sipure",pure-tsi,p u r e + ts i,,walker2011,,,^p u r e - ts i$,default
Kaishana-88_green-2,,Kaishana,88_green,"pure-tsi, sipure",sipure,s i p u r e,,walker2011,,,^s i p u r e$,default
Kinikinao-88_green-1,,Kinikinao,88_green,aɔitapu,aɔitapu,a ɔ i t a p u,,walker2011,,,^a ɔ i t a p u$,default
Curripaco-88_green-1,,Curripaco,88_green,hipule,hipule,h i p u l e,,walker2011,,,^h i p u l e$,default
Lokono-88_green-1,,Lokono,88_green,kaɽao,kaɽao,k a ɽ a o,,walker2011,,,^k a ɽ a o$,default
Machiguenga-88_green-1,,Machiguenga,88_green,saari,saari,s aː r i,,walker2011,,,^s aa r i$,default
Maipure-88_green-1,,Maipure,88_green,kirikini,kirikini,k i r i k i n i,,walker2011,,,^k i r i k i n i$,default
Mandahuaca-88_green-1,,Mandahuaca,88_green,boreʃo,boreʃo,b o r e ʃ o,,walker2011,,,^b o r e ʃ o$,default
Machinere-88_green-1,,Machinere,88_green,polero,polero,p o l e r o,,walker2011,,,^p o l e r o$,default
Maragua-88_green-1,,Maragua,88_green,pura-y,pura-y,p u r a + y,,walker2011,,,^p u r a - y$,default
Mariate-88_green-1,,Mariate,88_green,"ipune-rɨ, tʃaː-rɨ",ipune-rɨ,i p u n e + r ɨ,,walker2011,,,^i p u n e - r ɨ$,default
Mariate-88_green-2,,Mariate,88_green,"ipune-rɨ, tʃaː-rɨ",tʃaː-rɨ,tʃ aː + r ɨ,,walker2011,,,^tʃ aː - r ɨ$,default
MapidianMawayana-88_green-1,,MapidianMawayana,88_green,tʃɨsare ,tʃɨsare,tʃ ɨ s a r e,,walker2011,,,^tʃ ɨ s a r e$,default
Mehinaku-88_green-1,,Mehinaku,88_green,ipiula,ipiula,i p i u l a,,walker2011,,,^i p i u l a$,default
Nomatsiguenga-88_green-1,,Nomatsiguenga,88_green,kaniari,kaniari,k a n i a r i,,walker2011,,,^k a n i a r i$,default
Palikur-88_green-1,,Palikur,88_green,ayeweye,ayeweye,a j e w e j e,,walker2011,,,^a y e w e y e$,default
Parecis-88_green-1,,Parecis,88_green,tihola,tihola,t i h o l a,,walker2011,,,^t i h o l a$,default
Passe-88_green-1,,Passe,88_green,ʃiʃe,ʃiʃe,ʃ i ʃ e,,walker2011,,,^ʃ i ʃ e$,default
Piapoco-88_green-1,,Piapoco,88_green,ipùléeri,ipùléeri,i p ù/u l é/e e r i,,walker2011,,,^i p ù l é e r i$,default
Yine-88_green-1,,Yine,88_green,polerɨ,polerɨ,p o l e r ɨ,,walker2011,,,^p o l e r ɨ$,default
Resigaro-88_green-1,,Resigaro,88_green,ipogiʔ,ipogiʔ,i p o g i ʔ,,walker2011,,,^i p o g i ʔ$,default
Taino-88_green-1,,Taino,88_green,warawa,warawa,w a r a w a,,walker2011,,,^w a r a w a$,default
Tariana-88_green-1,,Tariana,88_green,hipolite,hipolite,h i p o l i t e,,walker2011,,,^h i p o l i t e$,default
Terena-88_green-1,,Terena,88_green,tono,tono,t o n o,,walker2011,,,^t o n o$,default
Trinitario-88_green-1,,Trinitario,88_green,heʔtʃu,heʔtʃu,h e ʔ tʃ u,,walker2011,,,^h e ʔ tʃ u$,default
Wainuma-88_green-1,,Wainuma,88_green,"makahai, hik-pule, rinabi",makahai,m a k a h a i,,walker2011,,,^m a k a h a i$,default
Wainuma-88_green-2,,Wainuma,88_green,"makahai, hik-pule, rinabi",hik-pule,h i k + p u l e,,walker2011,,,^h i k - p u l e$,default
Wainuma-88_green-3,,Wainuma,88_green,"makahai, hik-pule, rinabi",rinabi,r i n a b i,,walker2011,,,^r i n a b i$,default
Wapishana-88_green-1,,Wapishana,88_green,kuʔuɽiʔu,kuʔuɽiʔu,k u ʔ u ɽ i ʔ u,,walker2011,,,^k u ʔ u ɽ i ʔ u$,default
Araicu-88_green-1,,Araicu,88_green,polimatsoʃo,polimatsoʃo,p o l i m a ts o ʃ o,,walker2011,,,^p o l i m a ts o ʃ o$,default
Warekena-88_green-1,,Warekena,88_green,opuleli,opuleli,o p u l e l i,,walker2011,,,^o p u l e l i$,default
WarekenaVelha-88_green-1,,WarekenaVelha,88_green,pule,pule,p u l e,,walker2011,,,^p u l e$,default
Waura-88_green-1,,Waura,88_green,atapana,atapana,a t a p a n a,,walker2011,,,^a t a p a n a$,default
Yavitero-88_green-1,,Yavitero,88_green,sihutemi,sihutemi,s i h u t e m i,,walker2011,,,^s i h u t e m i$,default
Yawalapiti-88_green-1,,Yawalapiti,88_green,ʃir̥ula,ʃir̥ula,ʃ i r̥ u l a,,walker2011,,,^ʃ i r̥ u l a$,default
Yucuna-88_green-1,,Yucuna,88_green,ipureni,ipureni,i p u r e n i,,walker2011,,,^i p u r e n i$,default
Jumana-88_green-1,,Jumana,88_green,sabureni,sabureni,s a b u r e n i,,walker2011,,,^s a b u r e n i$,default
Achagua-89_yellow-1,,Achagua,89_yellow,"meɻeki, miɻeki",meɻeki,m e ɻ e k i,,walker2011,,,^m e ɻ e k i$,default
Achagua-89_yellow-2,,Achagua,89_yellow,"meɻeki, miɻeki",miɻeki,m i ɻ e k i,,walker2011,,,^m i ɻ e k i$,default
Yanesha-89_yellow-1,,Yanesha,89_yellow,ʃomaʃeɾ,ʃomaʃeɾ,ʃ o m a ʃ e ɾ,,walker2011,,,^ʃ o m a ʃ e ɾ$,default
Apurina-89_yellow-1,,Apurina,89_yellow,posẽtaka,posẽtaka,p o s ẽ t a k a,,walker2011,,,^p o s ẽ t a k a$,default
Ashaninka-89_yellow-1,,Ashaninka,89_yellow,kiteriri,kiteriri,k i t e r i r i,,walker2011,,,^k i t e r i r i$,default
Xiriana-89_yellow-1,,Xiriana,89_yellow,dawa,dawa,d a w a,,walker2011,,,^d a w a$,default
Avane-89_yellow-1,,Avane,89_yellow,tewa-li,tewa-li,t e w a + l i,,walker2011,,,^t e w a - l i$,default
BaniwaDoIcana-89_yellow-1,,BaniwaDoIcana,89_yellow,eːwa(dari),eːwa,eː w a,,walker2011,,,^eː w a$,default
Bare-89_yellow-1,,Bare,89_yellow,witi-ni,witi-ni,w i t i + n i,,walker2011,,,^w i t i - n i$,default
Baure-89_yellow-1,,Baure,89_yellow,yaskon,yaskon,j a s k o n,,walker2011,,,^y a s k o n$,default
Cabiyari-89_yellow-1,,Cabiyari,89_yellow,karawa-ri,karawa-ri,k a r a w a + r i,,walker2011,,,^k a r a w a - r i$,default
Caquinte-89_yellow-1,,Caquinte,89_yellow,kite,kite,k i t e,,walker2011,,,^k i t e$,default
Cariai-89_yellow-1,,Cariai,89_yellow,kɨtiani,kɨtiani,k ɨ t i a n i,,walker2011,,,^k ɨ t i a n i$,default
Chamicuro-89_yellow-1,,Chamicuro,89_yellow,kaʔtʃakamawa,kaʔtʃakamawa,k a ʔ tʃ a k a m a w a,,walker2011,,,^k a ʔ tʃ a k a m a w a$,default
Garifuna-89_yellow-1,,Garifuna,89_yellow,amarίyu,amarίyu,a m a r ί/i j u,,walker2011,,,^a m a r ί y u$,default
Wayuu-89_yellow-1,,Wayuu,89_yellow,maľoukatiɨ-sɨ,maľoukatiɨ-sɨ,m a ľ/lʲ o u k a t i ɨ + s ɨ,,walker2011,,,^m a ľ o u k a t i ɨ - s ɨ$,default
Guinau-89_yellow-1,,Guinau,89_yellow,"paledʒekewoko, kritoko",paledʒekewoko,p a l e dʒ e k e w o k o,,walker2011,,,^p a l e dʒ e k e w o k o$,default
Guinau-89_yellow-2,,Guinau,89_yellow,"paledʒekewoko, kritoko",kritoko,k r i t o k o,,walker2011,,,^k r i t o k o$,default
Ignaciano-89_yellow-1,,Ignaciano,89_yellow,tyakaka,tyakaka,t j a k a k a,,walker2011,,,^t y a k a k a$,default
Inapari-89_yellow-1,,Inapari,89_yellow,yuerurí,yuerurí,j u e r u r í/i,,walker2011,,,^y u e r u r í$,default
IslandCarib-89_yellow-1,,IslandCarib,89_yellow,dimari,dimari,d i m a r i,,walker2011,,,^d i m a r i$,default
Karutana-89_yellow-1,,Karutana,89_yellow,ewa,ewa,e w a,,walker2011,,,^e w a$,default
Kaishana-89_yellow-1,,Kaishana,89_yellow,purua-tsi,purua-tsi,p u r u a + ts i,,walker2011,,,^p u r u a - ts i$,default
Kinikinao-89_yellow-1,,Kinikinao,89_yellow,kiteriri,kiteriri,k i t e r i r i,,walker2011,,,^k i t e r i r i$,default
Curripaco-89_yellow-1,,Curripaco,89_yellow,eːwa,eːwa,eː w a,,walker2011,,,^eː w a$,default
Lokono-89_yellow-1,,Lokono,89_yellow,hehen,hehen,h e h e n,,walker2011,,,^h e h e n$,default
Machiguenga-89_yellow-1,,Machiguenga,89_yellow,kjiteri,kjiteri,k j i t e r i,,walker2011,,,^k j i t e r i$,default
Maipure-89_yellow-1,,Maipure,89_yellow,ewakini,ewakini,e w a k i n i,,walker2011,,,^e w a k i n i$,default
Manao-89_yellow-1,,Manao,89_yellow,tawa-ti,tawa-ti,t a w a + t i,,walker2011,,,^t a w a - t i$,default
Mandahuaca-89_yellow-1,,Mandahuaca,89_yellow,kira:ʒe,kira:ʒe,k i r aː ʒ e,,walker2011,,,^k i r a: ʒ e$,default
Machinere-89_yellow-1,,Machinere,89_yellow,kureritʃë,kureritʃë,k u r e r i tʃ ẽ,,walker2011,,,^k u r e r i tʃ ë$,default
Maragua-89_yellow-1,,Maragua,89_yellow,alo-hy,alo-hy,a l o + h y,,walker2011,,,^a l o - h y$,default
Mariate-89_yellow-1,,Mariate,89_yellow,aparye-rɨ,aparye-rɨ,a p a r j e + r ɨ,,walker2011,,,^a p a r y e - r ɨ$,default
MapidianMawayana-89_yellow-1,,MapidianMawayana,89_yellow,tʃɨsare ,tʃɨsare,tʃ ɨ s a r e,,walker2011,,,^tʃ ɨ s a r e$,default
Mehinaku-89_yellow-1,,Mehinaku,89_yellow,weɾuja,weɾuja,w e ɾ u j a,,walker2011,,,^w e ɾ u j a$,default
Nomatsiguenga-89_yellow-1,,Nomatsiguenga,89_yellow,kateriri,kateriri,k a t e r i r i,,walker2011,,,^k a t e r i r i$,default
Palikur-89_yellow-1,,Palikur,89_yellow,kuwikwiye,kuwikwiye,k u w i kʷ i j e,,walker2011,,,^k u w i kw i y e$,default
Parecis-89_yellow-1,,Parecis,89_yellow,tʃikere,tʃikere,tʃ i k e r e,,walker2011,,,^tʃ i k e r e$,default
Piapoco-89_yellow-1,,Piapoco,89_yellow,éewéeri,éewéeri,é/e e w é/e e r i,,walker2011,,,^é e w é e r i$,default
Yine-89_yellow-1,,Yine,89_yellow,pwalolɨ,pwalolɨ,p w a l o l ɨ,,walker2011,,,^p w a l o l ɨ$,default
Resigaro-89_yellow-1,,Resigaro,89_yellow,dogiːgaʔeʔ,dogiːgaʔeʔ,d o g iː g a ʔ e ʔ,,walker2011,,,^d o g iː g a ʔ e ʔ$,default
Taino-89_yellow-1,,Taino,89_yellow,caona,caona,c a o n a,,walker2011,,,^c a o n a$,default
Tariana-89_yellow-1,,Tariana,89_yellow,ewite,ewite,e w i t e,,walker2011,,,^e w i t e$,default
Terena-89_yellow-1,,Terena,89_yellow,pasoka,pasoka,p a s o k a,,walker2011,,,^p a s o k a$,default
Trinitario-89_yellow-1,,Trinitario,89_yellow,yokko,yokko,j o k k o,,walker2011,,,^y o kk o$,default
Wainuma-89_yellow-1,,Wainuma,89_yellow,"epa-, -eba",epa-,e p a,,walker2011,,,^e p a -$,default
Wainuma-89_yellow-2,,Wainuma,89_yellow,"epa-, -eba",-eba,e b a,,walker2011,,,^- e b a$,default
Wapishana-89_yellow-1,,Wapishana,89_yellow,khiɖaiʔu,khiɖaiʔu,kʰ i ɖ a i ʔ u,,walker2011,,,^kh i ɖ a i ʔ u$,default
Araicu-89_yellow-1,,Araicu,89_yellow,tawkara,tawkara,t a w k a r a,,walker2011,,,^t a w k a r a$,default
Warekena-89_yellow-1,,Warekena,89_yellow,wisuli,wisuli,w i s u l i,,walker2011,,,^w i s u l i$,default
WarekenaVelha-89_yellow-1,,WarekenaVelha,89_yellow,tewaɻi,tewaɻi,t e w a ɻ i,,walker2011,,,^t e w a ɻ i$,default
Waura-89_yellow-1,,Waura,89_yellow,weɾuja,weɾuja,w e ɾ u j a,,walker2011,,,^w e ɾ u j a$,default
Yavitero-89_yellow-1,,Yavitero,89_yellow,tewami,tewami,t e w a m i,,walker2011,,,^t e w a m i$,default
Yucuna-89_yellow-1,,Yucuna,89_yellow,hewani,hewani,h e w a n i,,walker2011,,,^h e w a n i$,default
Jumana-89_yellow-1,,Jumana,89_yellow,kiteia,kiteia,k i t e i a,,walker2011,,,^k i t e i a$,default
Achagua-90_white-1,,Achagua,90_white,kabaːla,kabaːla,k a b aː l a,,walker2011,,,^k a b aː l a$,default
Yanesha-90_white-1,,Yanesha,90_white,waljamatj,waljamatj,w a l j a m a t j,,walker2011,,,^w a l j a m a t j$,default
Apurina-90_white-1,,Apurina,90_white,kasero-,kasero-,k a s e r o,,walker2011,,,^k a s e r o -$,default
Aruan-90_white-1,,Aruan,90_white,torole,torole,t o r o l e,,walker2011,,,^t o r o l e$,default
Ashaninka-90_white-1,,Ashaninka,90_white,kitamarori,kitamarori,k i t a m a r o r i,,walker2011,,,^k i t a m a r o r i$,default
Xiriana-90_white-1,,Xiriana,90_white,yuwa,yuwa,j u w a,,walker2011,,,^y u w a$,default
Avane-90_white-1,,Avane,90_white,ali-li,ali-li,a l i + l i,,walker2011,,,^a l i - l i$,default
BaniwaDoIcana-90_white-1,,BaniwaDoIcana,90_white,háːle,háːle,h áː/aː l e,,walker2011,,,^h áː l e$,default
Bare-90_white-1,,Bare,90_white,baɻi-ni,baɻi-ni,b a ɻ i + n i,,walker2011,,,^b a ɻ i - n i$,default
Baure-90_white-1,,Baure,90_white,kotiʔkon,kotiʔkon,k o t i ʔ k o n,,walker2011,,,^k o t i ʔ k o n$,default
Cabiyari-90_white-1,,Cabiyari,90_white,katare:i-ri,katare:i-ri,k a t a r eː i + r i,,walker2011,,,^k a t a r e: i - r i$,default
Cariai-90_white-1,,Cariai,90_white,kɨputuri,kɨputuri,k ɨ p u t u r i,,walker2011,,,^k ɨ p u t u r i$,default
Chamicuro-90_white-1,,Chamicuro,90_white,kamalawa,kamalawa,k a m a l a w a,,walker2011,,,^k a m a l a w a$,default
EnaweneNawe-90_white-1,,EnaweneNawe,90_white,ijjoma,ijjoma,i j o m a,,walker2011,,,^i jj o m a$,default
Garifuna-90_white-1,,Garifuna,90_white,haruti,haruti,h a r u t i,,walker2011,,,^h a r u t i$,default
Wayuu-90_white-1,,Wayuu,90_white,kasu-to-ľu,kasu-to-ľu,k a s u + t o + ľ/lʲ u,,walker2011,,,^k a s u - t o - ľ u$,default
Guinau-90_white-1,,Guinau,90_white,paːleoko,paːleoko,p aː l e o k o,,walker2011,,,^p aː l e o k o$,default
Ignaciano-90_white-1,,Ignaciano,90_white,tihapu,tihapu,t i h a p u,,walker2011,,,^t i h a p u$,default
Inapari-90_white-1,,Inapari,90_white,aapemári,aapemári,aː p e m á/a r i,,walker2011,,,^aa p e m á r i$,default
IslandCarib-90_white-1,,IslandCarib,90_white,haru,haru,h a r u,,walker2011,,,^h a r u$,default
Karutana-90_white-1,,Karutana,90_white,hale,hale,h a l e,,walker2011,,,^h a l e$,default
Kaishana-90_white-1,,Kaishana,90_white,kati-tsi,kati-tsi,k a t i + ts i,,walker2011,,,^k a t i - ts i$,default
Kinikinao-90_white-1,,Kinikinao,90_white,hapuʔiti,hapuʔiti,h a p u ʔ i t i,,walker2011,,,^h a p u ʔ i t i$,default
Curripaco-90_white-1,,Curripaco,90_white,haːle,haːle,h aː l e,,walker2011,,,^h aː l e$,default
Lokono-90_white-1,,Lokono,90_white,haɽiran,haɽiran,h a ɽ i r a n,,walker2011,,,^h a ɽ i r a n$,default
Machiguenga-90_white-1,,Machiguenga,90_white,kɨtari,kɨtari,k ɨ t a r i,,walker2011,,,^k ɨ t a r i$,default
Maipure-90_white-1,,Maipure,90_white,marikini,marikini,m a r i k i n i,,walker2011,,,^m a r i k i n i$,default
Manao-90_white-1,,Manao,90_white,paliha-ti,paliha-ti,p a l i h a + t i,,walker2011,,,^p a l i h a - t i$,default
Mandahuaca-90_white-1,,Mandahuaca,90_white,ewa:ʒu,ewa:ʒu,e w aː ʒ u,,walker2011,,,^e w a: ʒ u$,default
Machinere-90_white-1,,Machinere,90_white,tɨlɨtɨritʃi,tɨlɨtɨritʃi,t ɨ l ɨ t ɨ r i tʃ i,,walker2011,,,^t ɨ l ɨ t ɨ r i tʃ i$,default
Marawan-90_white-1,,Marawan,90_white,seine,seine,s e i n e,,walker2011,,,^s e i n e$,default
Maragua-90_white-1,,Maragua,90_white,"wawy, wawɨka",wawy,w a w y,,walker2011,,,^w a w y$,default
Maragua-90_white-2,,Maragua,90_white,"wawy, wawɨka",wawɨka,w a w ɨ k a,,walker2011,,,^w a w ɨ k a$,default
Mariate-90_white-1,,Mariate,90_white,aːre,aːre,aː r e,,walker2011,,,^aː r e$,default
MapidianMawayana-90_white-1,,MapidianMawayana,90_white,kisere,kisere,k i s e r e,,walker2011,,,^k i s e r e$,default
Mehinaku-90_white-1,,Mehinaku,90_white,hemi,hemi,h e m i,,walker2011,,,^h e m i$,default
Nomatsiguenga-90_white-1,,Nomatsiguenga,90_white,katari,katari,k a t a r i,,walker2011,,,^k a t a r i$,default
Palikur-90_white-1,,Palikur,90_white,seyne,seyne,s e j n e,,walker2011,,,^s e y n e$,default
Parecis-90_white-1,,Parecis,90_white,kamalo,kamalo,k a m a l o,,walker2011,,,^k a m a l o$,default
Passe-90_white-1,,Passe,90_white,sare,sare,s a r e,,walker2011,,,^s a r e$,default
Piapoco-90_white-1,,Piapoco,90_white,kabalèeri,kabalèeri,k a b a l è/e e r i,,walker2011,,,^k a b a l è e r i$,default
Yine-90_white-1,,Yine,90_white,klatalɨ,klatalɨ,k l a t a l ɨ,,walker2011,,,^k l a t a l ɨ$,default
Resigaro-90_white-1,,Resigaro,90_white,hefiːʔ,hefiːʔ,h e f iː ʔ,,walker2011,,,^h e f iː ʔ$,default
Saraveca-90_white-1,,Saraveca,90_white,ocaraetʃe,ocaraetʃe,o c a r a e tʃ e,,walker2011,,,^o c a r a e tʃ e$,default
Taino-90_white-1,,Taino,90_white,"yaka, yu’, guaco",yaka,j a k a,,walker2011,,,^y a k a$,default
Taino-90_white-2,,Taino,90_white,"yaka, yu’, guaco",yu’,j u ʔ,,walker2011,,,^y u ’$,default
Taino-90_white-3,,Taino,90_white,"yaka, yu’, guaco",guaco,g u a c o,,walker2011,,,^g u a c o$,default
Tariana-90_white-1,,Tariana,90_white,halite,halite,h a l i t e,,walker2011,,,^h a l i t e$,default
Terena-90_white-1,,Terena,90_white,hjopuʔi,hjopuʔi,h j o p u ʔ i,,walker2011,,,^h j o p u ʔ i$,default
Trinitario-90_white-1,,Trinitario,90_white,hopu,hopu,h o p u,,walker2011,,,^h o p u$,default
Wainuma-90_white-1,,Wainuma,90_white,"ariri, halery, itɨbi",ariri,a r i r i,,walker2011,,,^a r i r i$,default
Wainuma-90_white-2,,Wainuma,90_white,"ariri, halery, itɨbi",halery,h a l e r y,,walker2011,,,^h a l e r y$,default
Wainuma-90_white-3,,Wainuma,90_white,"ariri, halery, itɨbi",itɨbi,i t ɨ b i,,walker2011,,,^i t ɨ b i$,default
Wapishana-90_white-1,,Wapishana,90_white,baɽakaʔu,baɽakaʔu,b a ɽ a k a ʔ u,,walker2011,,,^b a ɽ a k a ʔ u$,default
Araicu-90_white-1,,Araicu,90_white,kalikata,kalikata,k a l i k a t a,,walker2011,,,^k a l i k a t a$,default
Warekena-90_white-1,,Warekena,90_white,aleli,aleli,a l e l i,,walker2011,,,^a l e l i$,default
WarekenaVelha-90_white-1,,WarekenaVelha,90_white,ali,ali,a l i,,walker2011,,,^a l i$,default
Waura-90_white-1,,Waura,90_white,kisuwa,kisuwa,k i s u w a,,walker2011,,,^k i s u w a$,default
Yavitero-90_white-1,,Yavitero,90_white,kahalihi,kahalihi,k a h a l i h i,,walker2011,,,^k a h a l i h i$,default
Yawalapiti-90_white-1,,Yawalapiti,90_white,hipulula,hipulula,h i p u l u l a,,walker2011,,,^h i p u l u l a$,default
Yucuna-90_white-1,,Yucuna,90_white,hareni,hareni,h a r e n i,,walker2011,,,^h a r e n i$,default
Jumana-90_white-1,,Jumana,90_white,saleiu,saleiu,s a l e i u,,walker2011,,,^s a l e i u$,default
Achagua-91_black-1,,Achagua,91_black,"katʃahula, kataːwakaʔbeː",katʃahula,k a tʃ a h u l a,,walker2011,,,^k a tʃ a h u l a$,default
Achagua-91_black-2,,Achagua,91_black,"katʃahula, kataːwakaʔbeː",kataːwakaʔbeː,k a t aː w a k a ʔ b eː,,walker2011,,,^k a t aː w a k a ʔ b eː$,default
Yanesha-91_black-1,,Yanesha,91_black,keljue,keljue,k e l j u e,,walker2011,,,^k e l j u e$,default
Apurina-91_black-1,,Apurina,91_black,pomama-,pomama-,p o m a m a,,walker2011,,,^p o m a m a -$,default
Aruan-91_black-1,,Aruan,91_black,miku,miku,m i k u,,walker2011,,,^m i k u$,default
Ashaninka-91_black-1,,Ashaninka,91_black,potsitari,potsitari,p o ts i t a r i,,walker2011,,,^p o ts i t a r i$,default
Xiriana-91_black-1,,Xiriana,91_black,"cai, cima",cai,c a i,,walker2011,,,^c a i$,default
Xiriana-91_black-2,,Xiriana,91_black,"cai, cima",cima,c i m a,,walker2011,,,^c i m a$,default
Avane-91_black-1,,Avane,91_black,ʂere-li,ʂere-li,ʂ e r e + l i,,walker2011,,,^ʂ e r e - l i$,default
BaniwaDoIcana-91_black-1,,BaniwaDoIcana,91_black,iːt̼a,iːt̼a,iː t̼ a,,walker2011,,,^iː t̼ a$,default
Bare-91_black-1,,Bare,91_black,t’ai-ni,t’ai-ni,tʲ a i + n i,,walker2011,,,^t’ a i - n i$,default
Baure-91_black-1,,Baure,91_black,hamkon,hamkon,h a m k o n,,walker2011,,,^h a m k o n$,default
Cabiyari-91_black-1,,Cabiyari,91_black,kewere-ri,kewere-ri,k e w e r e + r i,,walker2011,,,^k e w e r e - r i$,default
Cariai-91_black-1,,Cariai,91_black,hamuti,hamuti,h a m u t i,,walker2011,,,^h a m u t i$,default
Chamicuro-91_black-1,,Chamicuro,91_black,kosewa,kosewa,k o s e w a,,walker2011,,,^k o s e w a$,default
EnaweneNawe-91_black-1,,EnaweneNawe,91_black,kia,kia,k i a,,walker2011,,,^k i a$,default
Garifuna-91_black-1,,Garifuna,91_black,wuriti,wuriti,w u r i t i,,walker2011,,,^w u r i t i$,default
Wayuu-91_black-1,,Wayuu,91_black,mɨtsia,mɨtsia,m ɨ ts i a,,walker2011,,,^m ɨ ts i a$,default
Guinau-91_black-1,,Guinau,91_black,kaweaheoko,kaweaheoko,k a w e a h e o k o,,walker2011,,,^k a w e a h e o k o$,default
Ignaciano-91_black-1,,Ignaciano,91_black,tikisa,tikisa,t i k i s a,,walker2011,,,^t i k i s a$,default
Inapari-91_black-1,,Inapari,91_black,ahɨrɨ́,ahɨrɨ́,a h ɨ r ɨ́/ɨ,,walker2011,,,^a h ɨ r ɨ́$,default
IslandCarib-91_black-1,,IslandCarib,91_black,uri,uri,u r i,,walker2011,,,^u r i$,default
Karutana-91_black-1,,Karutana,91_black,hada,hada,h a d a,,walker2011,,,^h a d a$,default
Kaishana-91_black-1,,Kaishana,91_black,"puwi-tsi, (a)pawi-",puwi-tsi,p u w i + ts i,,walker2011,,,^p u w i - ts i$,default
Kaishana-91_black-2,,Kaishana,91_black,"puwi-tsi, (a)pawi-",pawi-,p a w i,,walker2011,,,^p a w i -$,default
Kinikinao-91_black-1,,Kinikinao,91_black,hehaʔiti,hehaʔiti,h e h a ʔ i t i,,walker2011,,,^h e h a ʔ i t i$,default
Curripaco-91_black-1,,Curripaco,91_black,itaːdali,itaːdali,i t aː d a l i,,walker2011,,,^i t aː d a l i$,default
Lokono-91_black-1,,Lokono,91_black,kharemen,kharemen,kʰ a r e m e n,,walker2011,,,^kh a r e m e n$,default
Machiguenga-91_black-1,,Machiguenga,91_black,potsitari,potsitari,p o ts i t a r i,,walker2011,,,^p o ts i t a r i$,default
Maipure-91_black-1,,Maipure,91_black,kurikini,kurikini,k u r i k i n i,,walker2011,,,^k u r i k i n i$,default
Manao-91_black-1,,Manao,91_black,pɨkɨli,pɨkɨli,p ɨ k ɨ l i,,walker2011,,,^p ɨ k ɨ l i$,default
Mandahuaca-91_black-1,,Mandahuaca,91_black,daitʃu,daitʃu,d a i tʃ u,,walker2011,,,^d a i tʃ u$,default
Machinere-91_black-1,,Machinere,91_black,saihira,saihira,s a i h i r a,,walker2011,,,^s a i h i r a$,default
Marawan-91_black-1,,Marawan,91_black,pohiye,pohiye,p o h i j e,,walker2011,,,^p o h i y e$,default
Maragua-91_black-1,,Maragua,91_black,"kury-hy, uriberu",kury-hy,k u r j + h y,,walker2011,,,^k u r y - h y$,default
Maragua-91_black-2,,Maragua,91_black,"kury-hy, uriberu",uriberu,u r i b e r u,,walker2011,,,^u r i b e r u$,default
Mariate-91_black-1,,Mariate,91_black,tʃari-rɨ,tʃari-rɨ,tʃ a r i + r ɨ,,walker2011,,,^tʃ a r i - r ɨ$,default
MapidianMawayana-91_black-1,,MapidianMawayana,91_black,udɨre,udɨre,u d ɨ r e,,walker2011,,,^u d ɨ r e$,default
Mehinaku-91_black-1,,Mehinaku,91_black,jalaki,jalaki,j a l a k i,,walker2011,,,^j a l a k i$,default
Nomatsiguenga-91_black-1,,Nomatsiguenga,91_black,tsitari,tsitari,ts i t a r i,,walker2011,,,^ts i t a r i$,default
Palikur-91_black-1,,Palikur,91_black,puhiye,puhiye,p u h i j e,,walker2011,,,^p u h i y e$,default
Parecis-91_black-1,,Parecis,91_black,kere,kere,k e r e,,walker2011,,,^k e r e$,default
Passe-91_black-1,,Passe,91_black,kesju,kesju,k e s j u,,walker2011,,,^k e s j u$,default
Piapoco-91_black-1,,Piapoco,91_black,kúulíiri,kúulíiri,k ú/u u l í/i i r i,,walker2011,,,^k ú u l í i r i$,default
Yine-91_black-1,,Yine,91_black,ksahirɨ,ksahirɨ,k s a h i r ɨ,,walker2011,,,^ks a h i r ɨ$,default
Resigaro-91_black-1,,Resigaro,91_black,tsaphoʔ,tsaphoʔ,ts a pʰ o ʔ,,walker2011,,,^ts a ph o ʔ$,default
Taino-91_black-1,,Taino,91_black,"heiti, xey",heiti,h e i t i,,walker2011,,,^h e i t i$,default
Taino-91_black-2,,Taino,91_black,"heiti, xey",xey,x e y,,walker2011,,,^x e y$,default
Tariana-91_black-1,,Tariana,91_black,kadite,kadite,k a d i t e,,walker2011,,,^k a d i t e$,default
Terena-91_black-1,,Terena,91_black,hajʔ,hajʔ,h a j ʔ,,walker2011,,,^h a j ʔ$,default
Trinitario-91_black-1,,Trinitario,91_black,siso,siso,s i s o,,walker2011,,,^s i s o$,default
Wainuma-91_black-1,,Wainuma,91_black,tʃaliry,tʃaliry,tʃ a l i r y,,walker2011,,,^tʃ a l i r y$,default
Wapishana-91_black-1,,Wapishana,91_black,puɖiɖi,puɖiɖi,p u ɖ i ɖ i,,walker2011,,,^p u ɖ i ɖ i$,default
Araicu-91_black-1,,Araicu,91_black,kulikata,kulikata,k u l i k a t a,,walker2011,,,^k u l i k a t a$,default
Warekena-91_black-1,,Warekena,91_black,kabali,kabali,k a b a l i,,walker2011,,,^k a b a l i$,default
WarekenaVelha-91_black-1,,WarekenaVelha,91_black,ʃele,ʃele,ʃ e l e,,walker2011,,,^ʃ e l e$,default
Waura-91_black-1,,Waura,91_black,jalaki,jalaki,j a l a k i,,walker2011,,,^j a l a k i$,default
Yavitero-91_black-1,,Yavitero,91_black,mumuhi,mumuhi,m u m u h i,,walker2011,,,^m u m u h i$,default
Yawalapiti-91_black-1,,Yawalapiti,91_black,ʃialatʃi,ʃialatʃi,ʃ i a l a tʃ i,,walker2011,,,^ʃ i a l a tʃ i$,default
Yucuna-91_black-1,,Yucuna,91_black,kameni,kameni,k a m e n i,,walker2011,,,^k a m e n i$,default
Jumana-91_black-1,,Jumana,91_black,tʃikaiu,tʃikaiu,tʃ i k a i u,,walker2011,,,^tʃ i k a i u$,default
Achagua-92_night-1,,Achagua,92_night,taːyebe,taːyebe,t aː j e b e,,walker2011,,,^t aː y e b e$,default
Yanesha-92_night-1,,Yanesha,92_night,tsap,tsap,ts a p,,walker2011,,,^ts a p$,default
Anauya-92_night-1,,Anauya,92_night,maːbale,maːbale,m aː b a l e,,walker2011,,,^m aː b a l e$,default
Apurina-92_night-1,,Apurina,92_night,ĩkanõka,ĩkanõka,ĩ k a n õ k a,,walker2011,,,^ĩ k a n õ k a$,default
Aruan-92_night-1,,Aruan,92_night,yuaka,yuaka,j u a k a,,walker2011,,,^y u a k a$,default
Ashaninka-92_night-1,,Ashaninka,92_night,tsitenero,tsitenero,ts i t e n e r o,,walker2011,,,^ts i t e n e r o$,default
Xiriana-92_night-1,,Xiriana,92_night,"-kicaf, cima",-kicaf,k i c a f,,walker2011,,,^- k i c a f$,default
Xiriana-92_night-2,,Xiriana,92_night,"-kicaf, cima",cima,c i m a,,walker2011,,,^c i m a$,default
Avane-92_night-1,,Avane,92_night,yaʂapua,yaʂapua,j a ʂ a p u a,,walker2011,,,^y a ʂ a p u a$,default
BaniwaDoIcana-92_night-1,,BaniwaDoIcana,92_night,deːpi,deːpi,d eː p i,,walker2011,,,^d eː p i$,default
Bare-92_night-1,,Bare,92_night,hebiɲa,hebiɲa,h e b i ɲ a,,walker2011,,,^h e b i ɲ a$,default
Baure-92_night-1,,Baure,92_night,yotoer,yotoer,j o t o e r,,walker2011,,,^y o t o e r$,default
Cabiyari-92_night-1,,Cabiyari,92_night,niapi,niapi,n i a p i,,walker2011,,,^n i a p i$,default
Caquinte-92_night-1,,Caquinte,92_night,tsitenin,tsitenin,ts i t e n i n,,walker2011,,,^ts i t e n i n$,default
Cariai-92_night-1,,Cariai,92_night,pɨkɨtawi,pɨkɨtawi,p ɨ k ɨ t a w i,,walker2011,,,^p ɨ k ɨ t a w i$,default
Chamicuro-92_night-1,,Chamicuro,92_night,tʃpolyaye,tʃpolyaye,tʃ p o l j a j e,,walker2011,,,^tʃ p o l y a y e$,default
EnaweneNawe-92_night-1,,EnaweneNawe,92_night,mikia,mikia,m i k i a,,walker2011,,,^m i k i a$,default
Garifuna-92_night-1,,Garifuna,92_night,áriebu,áriebu,á/a r i e b u,,walker2011,,,^á r i e b u$,default
Wayuu-92_night-1,,Wayuu,92_night,hawai,hawai,h a w a i,,walker2011,,,^h a w a i$,default
Guinau-92_night-1,,Guinau,92_night,heːbanamegalhi,heːbanamegalhi,h eː b a n a m e g a l̥ i,,walker2011,,,^h eː b a n a m e g a lh i$,default
Ignaciano-92_night-1,,Ignaciano,92_night,yati,yati,j a t i,,walker2011,,,^y a t i$,default
Inapari-92_night-1,,Inapari,92_night,yáti,yáti,j á/a t i,,walker2011,,,^y á t i$,default
IslandCarib-92_night-1,,IslandCarib,92_night,ariabu,ariabu,a r i a b u,,walker2011,,,^a r i a b u$,default
Karutana-92_night-1,,Karutana,92_night,deepi,deepi,d eː p i,,walker2011,,,^d ee p i$,default
Kaishana-92_night-1,,Kaishana,92_night,lapi,lapi,l a p i,,walker2011,,,^l a p i$,default
Kinikinao-92_night-1,,Kinikinao,92_night,ihɔti,ihɔti,i h ɔ t i,,walker2011,,,^i h ɔ t i$,default
Curripaco-92_night-1,,Curripaco,92_night,deːpiriku,deːpiriku,d eː p i r i k u,,walker2011,,,^d eː p i r i k u$,default
Lokono-92_night-1,,Lokono,92_night,oɽika,oɽika,o ɽ i k a,,walker2011,,,^o ɽ i k a$,default
Machiguenga-92_night-1,,Machiguenga,92_night,tʃapiari,tʃapiari,tʃ a p i a r i,,walker2011,,,^tʃ a p i a r i$,default
Maipure-92_night-1,,Maipure,92_night,yati,yati,j a t i,,walker2011,,,^y a t i$,default
Manao-92_night-1,,Manao,92_night,yetila,yetila,j e t i l a,,walker2011,,,^y e t i l a$,default
Mandahuaca-92_night-1,,Mandahuaca,92_night,damiawi,damiawi,d a m i a w i,,walker2011,,,^d a m i a w i$,default
Machinere-92_night-1,,Machinere,92_night,wetsiau,wetsiau,w e ts i a u,,walker2011,,,^w e ts i a u$,default
Maragua-92_night-1,,Maragua,92_night,aty,aty,a t y,,walker2011,,,^a t y$,default
Mariate-92_night-1,,Mariate,92_night,izibakere,izibakere,i z i b a k e r e,,walker2011,,,^i z i b a k e r e$,default
MapidianMawayana-92_night-1,,MapidianMawayana,92_night,tɨboko’a,tɨboko’a,t ɨ b o k o ʔ a,,walker2011,,,^t ɨ b o k o ’ a$,default
Mehinaku-92_night-1,,Mehinaku,92_night,jejawa,jejawa,j e j a w a,,walker2011,,,^j e j a w a$,default
Nomatsiguenga-92_night-1,,Nomatsiguenga,92_night,tsitiniri,tsitiniri,ts i t i n i r i,,walker2011,,,^ts i t i n i r i$,default
Palikur-92_night-1,,Palikur,92_night,mtipka,mtipka,m t i p k a,,walker2011,,,^m t i p k a$,default
Paraujano-92_night-1,,Paraujano,92_night,ayip,ayip,a j i p,,walker2011,,,^a y i p$,default
Parecis-92_night-1,,Parecis,92_night,ʃatini,ʃatini,ʃ a t i n i,,walker2011,,,^ʃ a t i n i$,default
Passe-92_night-1,,Passe,92_night,keseyu,keseyu,k e s e j u,,walker2011,,,^k e s e y u$,default
Piapoco-92_night-1,,Piapoco,92_night,katá,katá,k a t á/a,,walker2011,,,^k a t á$,default
Yine-92_night-1,,Yine,92_night,goyetʃno,goyetʃno,g o j e tʃ n o,,walker2011,,,^g o y e tʃ n o$,default
Resigaro-92_night-1,,Resigaro,92_night,"naːpi, tsaphoʔ",naːpi,n aː p i,,walker2011,,,^n aː p i$,default
Resigaro-92_night-2,,Resigaro,92_night,"naːpi, tsaphoʔ",tsaphoʔ,ts a pʰ o ʔ,,walker2011,,,^ts a ph o ʔ$,default
Saraveca-92_night-1,,Saraveca,92_night,zahahi,zahahi,z a h a h i,,walker2011,,,^z a h a h i$,default
Taino-92_night-1,,Taino,92_night,ariabu,ariabu,a r i a b u,,walker2011,,,^a r i a b u$,default
Tariana-92_night-1,,Tariana,92_night,deːpi,deːpi,d eː p i,,walker2011,,,^d eː p i$,default
Terena-92_night-1,,Terena,92_night,joti,joti,j o t i,,walker2011,,,^j o t i$,default
Trinitario-92_night-1,,Trinitario,92_night,yoti,yoti,j o t i,,walker2011,,,^y o t i$,default
Wainuma-92_night-1,,Wainuma,92_night,"dapi(abe, zibakari, tai(j)a(h)abe)",dapi,d a p i,,walker2011,,,^d a p i$,default
Wapishana-92_night-1,,Wapishana,92_night,aiwakaʔan,aiwakaʔan,a i w a k a ʔ a n,,walker2011,,,^a i w a k a ʔ a n$,default
Araicu-92_night-1,,Araicu,92_night,kulekaiku,kulekaiku,k u l e k a i k u,,walker2011,,,^k u l e k a i k u$,default
Warekena-92_night-1,,Warekena,92_night,kabama,kabama,k a b a m a,,walker2011,,,^k a b a m a$,default
WarekenaVelha-92_night-1,,WarekenaVelha,92_night,yaʃapua,yaʃapua,j a ʃ a p u a,,walker2011,,,^y a ʃ a p u a$,default
Waura-92_night-1,,Waura,92_night,jijawa,jijawa,j i j a w a,,walker2011,,,^j i j a w a$,default
Yavitero-92_night-1,,Yavitero,92_night,yalina,yalina,j a l i n a,,walker2011,,,^y a l i n a$,default
Yawalapiti-92_night-1,,Yawalapiti,92_night,ikunuakatʃi,ikunuakatʃi,i k u n u a k a tʃ i,,walker2011,,,^i k u n u a k a tʃ i$,default
Yucuna-92_night-1,,Yucuna,92_night,lapi,lapi,l a p i,,walker2011,,,^l a p i$,default
Jumana-92_night-1,,Jumana,92_night,"ketseka, ualayekah",ketseka,k e ts e k a,,walker2011,,,^k e ts e k a$,default
Jumana-92_night-2,,Jumana,92_night,"ketseka, ualayekah",ualayekah,u a l a j e k a h,,walker2011,,,^u a l a y e k a h$,default
Achagua-93_warmhot-1,,Achagua,93_warmhot,amua,amua,a m u a,,walker2011,,,^a m u a$,default
Yanesha-93_warmhot-1,,Yanesha,93_warmhot,atseʐ,atseʐ,a ts e ʐ,,walker2011,,,^a ts e ʐ$,default
Apurina-93_warmhot-1,,Apurina,93_warmhot,poːma,poːma,p oː m a,,walker2011,,,^p oː m a$,default
Aruan-93_warmhot-1,,Aruan,93_warmhot,arikau,arikau,a r i k a u,,walker2011,,,^a r i k a u$,default
Ashaninka-93_warmhot-1,,Ashaninka,93_warmhot,katsirinkaiteri,katsirinkaiteri,k a ts i r i n k a i t e r i,,walker2011,,,^k a ts i r i n k a i t e r i$,default
Xiriana-93_warmhot-1,,Xiriana,93_warmhot,"hayatari, -kamaɨtawa",hayatari,h a j a t a r i,,walker2011,,,^h a y a t a r i$,default
Xiriana-93_warmhot-2,,Xiriana,93_warmhot,"hayatari, -kamaɨtawa",-kamaɨtawa,k a m a ɨ t a w a,,walker2011,,,^- k a m a ɨ t a w a$,default
Avane-93_warmhot-1,,Avane,93_warmhot,"ata, atehi",ata,a t a,,walker2011,,,^a t a$,default
Avane-93_warmhot-2,,Avane,93_warmhot,"ata, atehi",atehi,a t e h i,,walker2011,,,^a t e h i$,default
BaniwaDoIcana-93_warmhot-1,,BaniwaDoIcana,93_warmhot,hamu,hamu,h a m u,,walker2011,,,^h a m u$,default
Bare-93_warmhot-1,,Bare,93_warmhot,hamu,hamu,h a m u,,walker2011,,,^h a m u$,default
Baure-93_warmhot-1,,Baure,93_warmhot,koipirokon,koipirokon,k o i p i r o k o n,,walker2011,,,^k o i p i r o k o n$,default
Cabiyari-93_warmhot-1,,Cabiyari,93_warmhot,umʔu,umʔu,u m ʔ u,,walker2011,,,^u m ʔ u$,default
Chamicuro-93_warmhot-1,,Chamicuro,93_warmhot,tʃpelo,tʃpelo,tʃ p e l o,,walker2011,,,^tʃ p e l o$,default
EnaweneNawe-93_warmhot-1,,EnaweneNawe,93_warmhot,wata,wata,w a t a,,walker2011,,,^w a t a$,default
Garifuna-93_warmhot-1,,Garifuna,93_warmhot,"hárati, háratu",hárati,h á/a r a t i,,walker2011,,,^h á r a t i$,default
Garifuna-93_warmhot-2,,Garifuna,93_warmhot,"hárati, háratu",háratu,h á/a r a t u,,walker2011,,,^h á r a t u$,default
Wayuu-93_warmhot-1,,Wayuu,93_warmhot,haisɨ,haisɨ,h a i s ɨ,,walker2011,,,^h a i s ɨ$,default
Guinau-93_warmhot-1,,Guinau,93_warmhot,kedaedaoko,kedaedaoko,k e d a e d a o k o,,walker2011,,,^k e d a e d a o k o$,default
Ignaciano-93_warmhot-1,,Ignaciano,93_warmhot,tíhure,tíhure,t í/i h u r e,,walker2011,,,^t í h u r e$,default
Inapari-93_warmhot-1,,Inapari,93_warmhot,hamemári,hamemári,h a m e m á/a r i,,walker2011,,,^h a m e m á r i$,default
IslandCarib-93_warmhot-1,,IslandCarib,93_warmhot,hara,hara,h a r a,,walker2011,,,^h a r a$,default
Karutana-93_warmhot-1,,Karutana,93_warmhot,hamu,hamu,h a m u,,walker2011,,,^h a m u$,default
Kaishana-93_warmhot-1,,Kaishana,93_warmhot,"mahni, maɲɨ",mahni,m a h n i,,walker2011,,,^m a h n i$,default
Kaishana-93_warmhot-2,,Kaishana,93_warmhot,"mahni, maɲɨ",maɲɨ,m a ɲ ɨ,,walker2011,,,^m a ɲ ɨ$,default
Kinikinao-93_warmhot-1,,Kinikinao,93_warmhot,kɔtuti,kɔtuti,k ɔ t u t i,,walker2011,,,^k ɔ t u t i$,default
Curripaco-93_warmhot-1,,Curripaco,93_warmhot,haːmu,haːmu,h aː m u,,walker2011,,,^h aː m u$,default
Lokono-93_warmhot-1,,Lokono,93_warmhot,wereben,wereben,w e r e b e n,,walker2011,,,^w e r e b e n$,default
Machiguenga-93_warmhot-1,,Machiguenga,93_warmhot,katsirinkari,katsirinkari,k a ts i r i n k a r i,,walker2011,,,^k a ts i r i n k a r i$,default
Mandahuaca-93_warmhot-1,,Mandahuaca,93_warmhot,hatamida he:ri,hatamida_he:ri,h a t a m i d a + h eː r i,,walker2011,,,^h a t a m i d a _ h e: r i$,default
Maragua-93_warmhot-1,,Maragua,93_warmhot,"hadamiha, adahi",hadamiha,h a d a m i h a,,walker2011,,,^h a d a m i h a$,default
Maragua-93_warmhot-2,,Maragua,93_warmhot,"hadamiha, adahi",adahi,a d a h i,,walker2011,,,^a d a h i$,default
MapidianMawayana-93_warmhot-1,,MapidianMawayana,93_warmhot,ritʃa,ritʃa,r i tʃ a,,walker2011,,,^r i tʃ a$,default
Mehinaku-93_warmhot-1,,Mehinaku,93_warmhot,kulata,kulata,k u l a t a,,walker2011,,,^k u l a t a$,default
Nomatsiguenga-93_warmhot-1,,Nomatsiguenga,93_warmhot,katsiriNari,katsiriNari,k a ts i r i ɴ a r i,,walker2011,,,^k a ts i r i N a r i$,default
Palikur-93_warmhot-1,,Palikur,93_warmhot,awahni,awahni,a w a h n i,,walker2011,,,^a w a h n i$,default
Paraujano-93_warmhot-1,,Paraujano,93_warmhot,hoyu,hoyu,h o j u,,walker2011,,,^h o y u$,default
Parecis-93_warmhot-1,,Parecis,93_warmhot,watja,watja,w a t j a,,walker2011,,,^w a t j a$,default
Piapoco-93_warmhot-1,,Piapoco,93_warmhot,ùuléeri,ùuléeri,ù/u u l é/e e r i,,walker2011,,,^ù u l é e r i$,default
Yine-93_warmhot-1,,Yine,93_warmhot,gemerɨ,gemerɨ,g e m e r ɨ,,walker2011,,,^g e m e r ɨ$,default
Resigaro-93_warmhot-1,,Resigaro,93_warmhot,haʔmoʔ,haʔmoʔ,h a ʔ m o ʔ,,walker2011,,,^h a ʔ m o ʔ$,default
Taino-93_warmhot-1,,Taino,93_warmhot,zechom,zechom,z e tʃ o m,,walker2011,,,^z e ch o m$,default
Tariana-93_warmhot-1,,Tariana,93_warmhot,hamu-peɾi,hamu-peɾi,h a m u + p e ɾ i,,walker2011,,,^h a m u - p e ɾ i$,default
Terena-93_warmhot-1,,Terena,93_warmhot,out,out,o u t,,walker2011,,,^o u t$,default
Trinitario-93_warmhot-1,,Trinitario,93_warmhot,ihruromo,ihruromo,i h r u r o m o,,walker2011,,,^i h r u r o m o$,default
Wainuma-93_warmhot-1,,Wainuma,93_warmhot,amu-iri,amu-iri,a m u + i r i,,walker2011,,,^a m u - i r i$,default
Wapishana-93_warmhot-1,,Wapishana,93_warmhot,witʃaʐaʔu,witʃaʐaʔu,w i tʃ a ʐ a ʔ u,,walker2011,,,^w i tʃ a ʐ a ʔ u$,default
Warekena-93_warmhot-1,,Warekena,93_warmhot,manaku,manaku,m a n a k u,,walker2011,,,^m a n a k u$,default
WarekenaVelha-93_warmhot-1,,WarekenaVelha,93_warmhot,"anta, atehi",anta,a n t a,,walker2011,,,^a n t a$,default
WarekenaVelha-93_warmhot-2,,WarekenaVelha,93_warmhot,"anta, atehi",atehi,a t e h i,,walker2011,,,^a t e h i$,default
Waura-93_warmhot-1,,Waura,93_warmhot,jãtaɣa,jãtaɣa,j ã t a ɣ a,,walker2011,,,^j ã t a ɣ a$,default
Yavitero-93_warmhot-1,,Yavitero,93_warmhot,alahi,alahi,a l a h i,,walker2011,,,^a l a h i$,default
Yawalapiti-93_warmhot-1,,Yawalapiti,93_warmhot,kulata,kulata,k u l a t a,,walker2011,,,^k u l a t a$,default
Yucuna-93_warmhot-1,,Yucuna,93_warmhot,imaʔani,imaʔani,i m a ʔ a n i,,walker2011,,,^i m a ʔ a n i$,default
Achagua-94_cold-1,,Achagua,94_cold,kaʃali-ni,kaʃali-ni,k a ʃ a l i + n i,,walker2011,,,^k a ʃ a l i - n i$,default
Yanesha-94_cold-1,,Yanesha,94_cold,aʃoʃaɾetj,aʃoʃaɾetj,a ʃ o ʃ a ɾ e t j,,walker2011,,,^a ʃ o ʃ a ɾ e t j$,default
Apurina-94_cold-1,,Apurina,94_cold,potsaja,potsaja,p o ts a j a,,walker2011,,,^p o ts a j a$,default
Aruan-94_cold-1,,Aruan,94_cold,ayualisu,ayualisu,a j u a l i s u,,walker2011,,,^a y u a l i s u$,default
Ashaninka-94_cold-1,,Ashaninka,94_cold,katsi:nkatake,katsi:nkatake,k a ts iː n k a t a k e,,walker2011,,,^k a ts i: n k a t a k e$,default
Xiriana-94_cold-1,,Xiriana,94_cold,"tsaɨ, betawa",tsaɨ,ts a ɨ,,walker2011,,,^ts a ɨ$,default
Xiriana-94_cold-2,,Xiriana,94_cold,"tsaɨ, betawa",betawa,b e t a w a,,walker2011,,,^b e t a w a$,default
Avane-94_cold-1,,Avane,94_cold,"awine, apatewali",awine,a w i n e,,walker2011,,,^a w i n e$,default
Avane-94_cold-2,,Avane,94_cold,"awine, apatewali",apatewali,a p a t e w a l i,,walker2011,,,^a p a t e w a l i$,default
BaniwaDoIcana-94_cold-1,,BaniwaDoIcana,94_cold,hape,hape,h a p e,,walker2011,,,^h a p e$,default
Bare-94_cold-1,,Bare,94_cold,hamenia,hamenia,h a m e n i a,,walker2011,,,^h a m e n i a$,default
Baure-94_cold-1,,Baure,94_cold,tonokon,tonokon,t o n o k o n,,walker2011,,,^t o n o k o n$,default
Cabiyari-94_cold-1,,Cabiyari,94_cold,peʔe,peʔe,p e ʔ e,,walker2011,,,^p e ʔ e$,default
Chamicuro-94_cold-1,,Chamicuro,94_cold,meʔsawa,meʔsawa,m e ʔ s a w a,,walker2011,,,^m e ʔs a w a$,default
EnaweneNawe-94_cold-1,,EnaweneNawe,94_cold,maka,maka,m a k a,,walker2011,,,^m a k a$,default
Garifuna-94_cold-1,,Garifuna,94_cold,gɨripe,gɨripe,g ɨ r i p e,,walker2011,,,^g ɨ r i p e$,default
Wayuu-94_cold-1,,Wayuu,94_cold,samatɨ-sɨ,samatɨ-sɨ,s a m a t ɨ + s ɨ,,walker2011,,,^s a m a t ɨ - s ɨ$,default
Guinau-94_cold-1,,Guinau,94_cold,kabetseoku,kabetseoku,k a b e ts e o k u,,walker2011,,,^k a b e ts e o k u$,default
Ignaciano-94_cold-1,,Ignaciano,94_cold,tilasaraʔi,tilasaraʔi,t i l a s a r a ʔ i,,walker2011,,,^t i l a s a r a ʔ i$,default
Inapari-94_cold-1,,Inapari,94_cold,rɨyarénama,rɨyarénama,r ɨ j a r é/e n a m a,,walker2011,,,^r ɨ y a r é n a m a$,default
IslandCarib-94_cold-1,,IslandCarib,94_cold,dili,dili,d i l i,,walker2011,,,^d i l i$,default
Karutana-94_cold-1,,Karutana,94_cold,hape,hape,h a p e,,walker2011,,,^h a p e$,default
Kaishana-94_cold-1,,Kaishana,94_cold,"pe-hĩ, peɲɨ",pe-hĩ,p e + h ĩ,,walker2011,,,^p e - h ĩ$,default
Kaishana-94_cold-2,,Kaishana,94_cold,"pe-hĩ, peɲɨ",peɲɨ,p e ɲ ɨ,,walker2011,,,^p e ɲ ɨ$,default
Kinikinao-94_cold-1,,Kinikinao,94_cold,kasati,kasati,k a s a t i,,walker2011,,,^k a s a t i$,default
Curripaco-94_cold-1,,Curripaco,94_cold,hape,hape,h a p e,,walker2011,,,^h a p e$,default
Lokono-94_cold-1,,Lokono,94_cold,mimin,mimin,m i m i n,,walker2011,,,^m i m i n$,default
Machiguenga-94_cold-1,,Machiguenga,94_cold,katsinkari,katsinkari,k a ts i n k a r i,,walker2011,,,^k a ts i n k a r i$,default
Mandahuaca-94_cold-1,,Mandahuaca,94_cold,ĩhẽːrihe:ri,ĩhẽːrihe:ri,ĩ h ẽː r i h eː r i,,walker2011,,,^ĩ h ẽː r i h e: r i$,default
Machinere-94_cold-1,,Machinere,94_cold,katsikili,katsikili,k a ts i k i l i,,walker2011,,,^k a ts i k i l i$,default
Maragua-94_cold-1,,Maragua,94_cold,amianu,amianu,a m i a n u,,walker2011,,,^a m i a n u$,default
MapidianMawayana-94_cold-1,,MapidianMawayana,94_cold,rikaba,rikaba,r i k a b a,,walker2011,,,^r i k a b a$,default
Mehinaku-94_cold-1,,Mehinaku,94_cold,katɨka,katɨka,k a t ɨ k a,,walker2011,,,^k a t ɨ k a$,default
Nomatsiguenga-94_cold-1,,Nomatsiguenga,94_cold,katsiNari,katsiNari,k a ts i ɴ a r i,,walker2011,,,^k a ts i N a r i$,default
Palikur-94_cold-1,,Palikur,94_cold,kisepehe,kisepehe,k i s e p e h e,,walker2011,,,^k i s e p e h e$,default
Parecis-94_cold-1,,Parecis,94_cold,tiha,tiha,t i h a,,walker2011,,,^t i h a$,default
Piapoco-94_cold-1,,Piapoco,94_cold,kasalíníire,kasalíníire,k a s a l í/i n í/i i r e,,walker2011,,,^k a s a l í n í i r e$,default
Yine-94_cold-1,,Yine,94_cold,katʃiklerɨ,katʃiklerɨ,k a tʃ i k l e r ɨ,,walker2011,,,^k a tʃ i k l e r ɨ$,default
Resigaro-94_cold-1,,Resigaro,94_cold,"hiʔpiːʔ, taː",hiʔpiːʔ,h i ʔ p iː ʔ,,walker2011,,,^h i ʔ p iː ʔ$,default
Resigaro-94_cold-2,,Resigaro,94_cold,"hiʔpiːʔ, taː",taː,t aː,,walker2011,,,^t aː$,default
Saraveca-94_cold-1,,Saraveca,94_cold,katʃingari,katʃingari,k a tʃ i n g a r i,,walker2011,,,^k a tʃ i n g a r i$,default
Taino-94_cold-1,,Taino,94_cold,"imizui, dili",imizui,i m i z u i,,walker2011,,,^i m i z u i$,default
Taino-94_cold-2,,Taino,94_cold,"imizui, dili",dili,d i l i,,walker2011,,,^d i l i$,default
Tariana-94_cold-1,,Tariana,94_cold,hape-peɾi,hape-peɾi,h a p e + p e ɾ i,,walker2011,,,^h a p e - p e ɾ i$,default
Terena-94_cold-1,,Terena,94_cold,asa,asa,a s a,,walker2011,,,^a s a$,default
Trinitario-94_cold-1,,Trinitario,94_cold,tummaʔoko,tummaʔoko,t u mː a ʔ o k o,,walker2011,,,^t u mm a ʔ o k o$,default
Wainuma-94_cold-1,,Wainuma,94_cold,ipiri-ri,ipiri-ri,i p i r i + r i,,walker2011,,,^i p i r i - r i$,default
Wapishana-94_cold-1,,Wapishana,94_cold,waɖiɖiʔu,waɖiɖiʔu,w a ɖ i ɖ i ʔ u,,walker2011,,,^w a ɖ i ɖ i ʔ u$,default
Warekena-94_cold-1,,Warekena,94_cold,kawini,kawini,k a w i n i,,walker2011,,,^k a w i n i$,default
WarekenaVelha-94_cold-1,,WarekenaVelha,94_cold,"awini, apate",awini,a w i n i,,walker2011,,,^a w i n i$,default
WarekenaVelha-94_cold-2,,WarekenaVelha,94_cold,"awini, apate",apate,a p a t e,,walker2011,,,^a p a t e$,default
Waura-94_cold-1,,Waura,94_cold,katɨka,katɨka,k a t ɨ k a,,walker2011,,,^k a t ɨ k a$,default
Yavitero-94_cold-1,,Yavitero,94_cold,kawamini,kawamini,k a w a m i n i,,walker2011,,,^k a w a m i n i$,default
Yawalapiti-94_cold-1,,Yawalapiti,94_cold,katika,katika,k a t i k a,,walker2011,,,^k a t i k a$,default
Yucuna-94_cold-1,,Yucuna,94_cold,ipeʔeni,ipeʔeni,i p e ʔ e n i,,walker2011,,,^i p e ʔ e n i$,default
Achagua-95_full-1,,Achagua,95_full,kaʃiamu,kaʃiamu,k a ʃ i a m u,,walker2011,,,^k a ʃ i a m u$,default
Yanesha-95_full-1,,Yanesha,95_full,tʃoʐeʼ,tʃoʐeʼ,tʃ o ʐ eˀ,,walker2011,,,^tʃ o ʐ eʼ$,default
Apurina-95_full-1,,Apurina,95_full,katuma,katuma,k a t u m a,,walker2011,,,^k a t u m a$,default
Ashaninka-95_full-1,,Ashaninka,95_full,haːka,haːka,h aː k a,,walker2011,,,^h aː k a$,default
Xiriana-95_full-1,,Xiriana,95_full,ɸuri,ɸuri,ɸ u r i,,walker2011,,,^ɸ u r i$,default
Avane-95_full-1,,Avane,95_full,"pelu, wapeta",pelu,p e l u,,walker2011,,,^p e l u$,default
Avane-95_full-2,,Avane,95_full,"pelu, wapeta",wapeta,w a p e t a,,walker2011,,,^w a p e t a$,default
BaniwaDoIcana-95_full-1,,BaniwaDoIcana,95_full,pakhame(i),pakhame,p a kʰ a m e,,walker2011,,,^p a kh a m e$,default
Bare-95_full-1,,Bare,95_full,biũ,biũ,b i ũ,,walker2011,,,^b i ũ$,default
Baure-95_full-1,,Baure,95_full,atʃkon,atʃkon,a tʃ k o n,,walker2011,,,^a tʃ k o n$,default
Cabiyari-95_full-1,,Cabiyari,95_full,"manuʔ, miyana",manuʔ,m a n u ʔ,,walker2011,,,^m a n u ʔ$,default
Cabiyari-95_full-2,,Cabiyari,95_full,"manuʔ, miyana",miyana,m i j a n a,,walker2011,,,^m i y a n a$,default
Chamicuro-95_full-1,,Chamicuro,95_full,siila,siila,s iː l a,,walker2011,,,^s ii l a$,default
EnaweneNawe-95_full-1,,EnaweneNawe,95_full,kasewe,kasewe,k a s e w e,,walker2011,,,^k a s e w e$,default
Garifuna-95_full-1,,Garifuna,95_full,"buinti, gálati, gálatu",buinti,b u i n t i,,walker2011,,,^b u i n t i$,default
Garifuna-95_full-2,,Garifuna,95_full,"buinti, gálati, gálatu",gálati,g á/a l a t i,,walker2011,,,^g á l a t i$,default
Garifuna-95_full-3,,Garifuna,95_full,"buinti, gálati, gálatu",gálatu,g á/a l a t u,,walker2011,,,^g á l a t u$,default
Wayuu-95_full-1,,Wayuu,95_full,wotu-ʃɨ,wotu-ʃɨ,w o t u + ʃ ɨ,,walker2011,,,^w o t u - ʃ ɨ$,default
Ignaciano-95_full-1,,Ignaciano,95_full,ínika,ínika,í/i n i k a,,walker2011,,,^í n i k a$,default
Inapari-95_full-1,,Inapari,95_full,rayuʔáma,rayuʔáma,r a j u ʔ á/a m a,,walker2011,,,^r a y u ʔ á m a$,default
IslandCarib-95_full-1,,IslandCarib,95_full,bui,bui,b u i,,walker2011,,,^b u i$,default
Kaishana-95_full-1,,Kaishana,95_full,lepĩĩmẽ,lepĩĩmẽ,l e p ĩː m ẽ,,walker2011,,,^l e p ĩĩ m ẽ$,default
Kinikinao-95_full-1,,Kinikinao,95_full,mataxowoti,mataxowoti,m a t a x o w o t i,,walker2011,,,^m a t a x o w o t i$,default
Curripaco-95_full-1,,Curripaco,95_full,pakanika,pakanika,p a k a n i k a,,walker2011,,,^p a k a n i k a$,default
Lokono-95_full-1,,Lokono,95_full,heben,heben,h e b e n,,walker2011,,,^h e b e n$,default
Machiguenga-95_full-1,,Machiguenga,95_full,ʃatekagantsi,ʃatekagantsi,ʃ a t e k a g a n ts i,,walker2011,,,^ʃ a t e k a g a n ts i$,default
Machinere-95_full-1,,Machinere,95_full,ʃihanu,ʃihanu,ʃ i h a n u,,walker2011,,,^ʃ i h a n u$,default
Mehinaku-95_full-1,,Mehinaku,95_full,puɾitʃa-pai,puɾitʃa-pai,p u ɾ i tʃ a + p a i,,walker2011,,,^p u ɾ i tʃ a - p a i$,default
Nomatsiguenga-95_full-1,,Nomatsiguenga,95_full,ohaga,ohaga,o h a g a,,walker2011,,,^o h a g a$,default
Palikur-95_full-1,,Palikur,95_full,kivun,kivun,k i v u n,,walker2011,,,^k i v u n$,default
Paraujano-95_full-1,,Paraujano,95_full,hadɨ,hadɨ,h a d ɨ,,walker2011,,,^h a d ɨ$,default
Parecis-95_full-1,,Parecis,95_full,kaise,kaise,k a i s e,,walker2011,,,^k a i s e$,default
Piapoco-95_full-1,,Piapoco,95_full,punínamáiri,punínamáiri,p u n í/i n a m á/a i r i,,walker2011,,,^p u n í n a m á i r i$,default
Yine-95_full-1,,Yine,95_full,katsepolɨ,katsepolɨ,k a ts e p o l ɨ,,walker2011,,,^k a ts e p o l ɨ$,default
Resigaro-95_full-1,,Resigaro,95_full,potshiʔmo,potshiʔmo,p o tsʰ i ʔ m o,,walker2011,,,^p o tsh i ʔ m o$,default
Tariana-95_full-1,,Tariana,95_full,kesama,kesama,k e s a m a,,walker2011,,,^k e s a m a$,default
Terena-95_full-1,,Terena,95_full,ipúhiko,ipúhiko,i p ú/u h i k o,,walker2011,,,^i p ú h i k o$,default
Trinitario-95_full-1,,Trinitario,95_full,inko,inko,i n k o,,walker2011,,,^i n k o$,default
Wapishana-95_full-1,,Wapishana,95_full,phaiɖa,phaiɖa,pʰ a i ɖ a,,walker2011,,,^ph a i ɖ a$,default
Warekena-95_full-1,,Warekena,95_full,palima,palima,p a l i m a,,walker2011,,,^p a l i m a$,default
WarekenaVelha-95_full-1,,WarekenaVelha,95_full,atulapi,atulapi,a t u l a p i,,walker2011,,,^a t u l a p i$,default
Waura-95_full-1,,Waura,95_full,puritya,puritya,p u r i t j a,,walker2011,,,^p u r i t y a$,default
Yavitero-95_full-1,,Yavitero,95_full,hukahi,hukahi,h u k a h i,,walker2011,,,^h u k a h i$,default
Yawalapiti-95_full-1,,Yawalapiti,95_full,utupa,utupa,u t u p a,,walker2011,,,^u t u p a$,default
Yucuna-95_full-1,,Yucuna,95_full,puʔute,puʔute,p u ʔ u t e,,walker2011,,,^p u ʔ u t e$,default
Achagua-96_good-1,,Achagua,96_good,"ʃaik, tʃunidai",ʃaik,ʃ a i k,,walker2011,,,^ʃ a i k$,default
Achagua-96_good-2,,Achagua,96_good,"ʃaik, tʃunidai",tʃunidai,tʃ u n i d a i,,walker2011,,,^tʃ u n i d a i$,default
Yanesha-96_good-1,,Yanesha,96_good,kowenj,kowenj,k o w e n j,,walker2011,,,^k o w e n j$,default
Apurina-96_good-1,,Apurina,96_good,hareka,hareka,h a r e k a,,walker2011,,,^h a r e k a$,default
Ashaninka-96_good-1,,Ashaninka,96_good,komeːtsa,komeːtsa,k o m eː ts a,,walker2011,,,^k o m eː ts a$,default
Xiriana-96_good-1,,Xiriana,96_good,"djan(ɨ)da, hutu-",djanda,d j a n d a,,walker2011,,,^d j a n d a$,default
Xiriana-96_good-2,,Xiriana,96_good,"djan(ɨ)da, hutu-",hutu-,h u t u,,walker2011,,,^h u t u -$,default
Avane-96_good-1,,Avane,96_good,anetua,anetua,a n e t u a,,walker2011,,,^a n e t u a$,default
BaniwaDoIcana-96_good-1,,BaniwaDoIcana,96_good,matsia,matsia,m a ts i a,,walker2011,,,^m a ts i a$,default
Bare-96_good-1,,Bare,96_good,id’ua-ɻi,id’ua-ɻi,i dʲ u a + ɻ i,,walker2011,,,^i d’ u a - ɻ i$,default
Baure-96_good-1,,Baure,96_good,heno,heno,h e n o,,walker2011,,,^h e n o$,default
Cabiyari-96_good-1,,Cabiyari,96_good,tʃuni-ka,tʃuni-ka,tʃ u n i + k a,,walker2011,,,^tʃ u n i - k a$,default
Caquinte-96_good-1,,Caquinte,96_good,iNtsi,iNtsi,i ɴ ts i,,walker2011,,,^i N ts i$,default
Chamicuro-96_good-1,,Chamicuro,96_good,pewa,pewa,p e w a,,walker2011,,,^p e w a$,default
EnaweneNawe-96_good-1,,EnaweneNawe,96_good,awwe,awwe,a w w e,,walker2011,,,^a ww e$,default
Garifuna-96_good-1,,Garifuna,96_good,buiti,buiti,b u i t i,,walker2011,,,^b u i t i$,default
Wayuu-96_good-1,,Wayuu,96_good,anasɨ,anasɨ,a n a s ɨ,,walker2011,,,^a n a s ɨ$,default
Guinau-96_good-1,,Guinau,96_good,"kazaːhaoko, karaha",kazaːhaoko,k a z aː h a o k o,,walker2011,,,^k a z aː h a o k o$,default
Guinau-96_good-2,,Guinau,96_good,"kazaːhaoko, karaha",karaha,k a r a h a,,walker2011,,,^k a r a h a$,default
Ignaciano-96_good-1,,Ignaciano,96_good,tiuri,tiuri,t i u r i,,walker2011,,,^t i u r i$,default
Inapari-96_good-1,,Inapari,96_good,hawareharí,hawareharí,h a w a r e h a r í/i,,walker2011,,,^h a w a r e h a r í$,default
IslandCarib-96_good-1,,IslandCarib,96_good,iroponti,iroponti,i r o p o n t i,,walker2011,,,^i r o p o n t i$,default
Karutana-96_good-1,,Karutana,96_good,matʃia,matʃia,m a tʃ i a,,walker2011,,,^m a tʃ i a$,default
Kaishana-96_good-1,,Kaishana,96_good,"pume-hĩ, pupi-hĩ",pume-hĩ,p u m e + h ĩ,,walker2011,,,^p u m e - h ĩ$,default
Kaishana-96_good-2,,Kaishana,96_good,"pume-hĩ, pupi-hĩ",pupi-hĩ,p u p i + h ĩ,,walker2011,,,^p u p i - h ĩ$,default
Kinikinao-96_good-1,,Kinikinao,96_good,unati,unati,u n a t i,,walker2011,,,^u n a t i$,default
Curripaco-96_good-1,,Curripaco,96_good,matsia,matsia,m a ts i a,,walker2011,,,^m a ts i a$,default
Lokono-96_good-1,,Lokono,96_good,san,san,s a n,,walker2011,,,^s a n$,default
Machiguenga-96_good-1,,Machiguenga,96_good,kameti,kameti,k a m e t i,,walker2011,,,^k a m e t i$,default
Maipure-96_good-1,,Maipure,96_good,sonikaperi,sonikaperi,s o n i k a p e r i,,walker2011,,,^s o n i k a p e r i$,default
Manao-96_good-1,,Manao,96_good,sabi,sabi,s a b i,,walker2011,,,^s a b i$,default
Mandahuaca-96_good-1,,Mandahuaca,96_good,wewakanaha nama:li,wewakanaha_nama:li,w e w a k a n a h a + n a m aː l i,,walker2011,,,^w e w a k a n a h a _ n a m a: l i$,default
Machinere-96_good-1,,Machinere,96_good,kihilɨrɨ,kihilɨrɨ,k i h i l ɨ r ɨ,,walker2011,,,^k i h i l ɨ r ɨ$,default
Maragua-96_good-1,,Maragua,96_good,ila(-kuru-i),ila,i l a,,walker2011,,,^i l a$,default
MapidianMawayana-96_good-1,,MapidianMawayana,96_good,wĩɲa,wĩɲa,w ĩ ɲ a,,walker2011,,,^w ĩ ɲ a$,default
Mehinaku-96_good-1,,Mehinaku,96_good,awɨʂɨ-pai,awɨʂɨ-pai,a w ɨ ʂ ɨ + p a i,,walker2011,,,^a w ɨ ʂ ɨ - p a i$,default
Nomatsiguenga-96_good-1,,Nomatsiguenga,96_good,kaninari,kaninari,k a n i n a r i,,walker2011,,,^k a n i n a r i$,default
Palikur-96_good-1,,Palikur,96_good,kabay,kabay,k a b a y,,walker2011,,,^k a b a y$,default
Paraujano-96_good-1,,Paraujano,96_good,hanaɨ,hanaɨ,h a n a ɨ,,walker2011,,,^h a n a ɨ$,default
Parecis-96_good-1,,Parecis,96_good,waije,waije,w a i j e,,walker2011,,,^w a i j e$,default
Piapoco-96_good-1,,Piapoco,96_good,kayábéeri,kayábéeri,k a j á/a b é/e e r i,,walker2011,,,^k a y á b é e r i$,default
Yine-96_good-1,,Yine,96_good,kiglerɨ,kiglerɨ,k i g l e r ɨ,,walker2011,,,^k i g l e r ɨ$,default
Resigaro-96_good-1,,Resigaro,96_good,"kaʃoʔ, hameːʔn̥aʔoː",kaʃoʔ,k a ʃ o ʔ,,walker2011,,,^k a ʃ o ʔ$,default
Resigaro-96_good-2,,Resigaro,96_good,"kaʃoʔ, hameːʔn̥aʔoː",hameːʔn̥aʔoː,h a m eː ʔ n̥ a ʔ oː,,walker2011,,,^h a m eː ʔ n̥ a ʔ oː$,default
Saraveca-96_good-1,,Saraveca,96_good,uri,uri,u r i,,walker2011,,,^u r i$,default
Taino-96_good-1,,Taino,96_good,"taino, car",taino,t a i n o,,walker2011,,,^t a i n o$,default
Taino-96_good-2,,Taino,96_good,"taino, car",car,c a r,,walker2011,,,^c a r$,default
Tariana-96_good-1,,Tariana,96_good,matʃiːte,matʃiːte,m a tʃ iː t e,,walker2011,,,^m a tʃ iː t e$,default
Terena-96_good-1,,Terena,96_good,mbuka,mbuka,m b u k a,,walker2011,,,^m b u k a$,default
Trinitario-96_good-1,,Trinitario,96_good,tjuri,tjuri,t j u r i,,walker2011,,,^t j u r i$,default
Wainuma-96_good-1,,Wainuma,96_good,"misa-re, ketaka, pahna",misa-re,m i s a + r e,,walker2011,,,^m i s a - r e$,default
Wainuma-96_good-2,,Wainuma,96_good,"misa-re, ketaka, pahna",ketaka,k e t a k a,,walker2011,,,^k e t a k a$,default
Wainuma-96_good-3,,Wainuma,96_good,"misa-re, ketaka, pahna",pahna,p a h n a,,walker2011,,,^p a h n a$,default
Wapishana-96_good-1,,Wapishana,96_good,kaimanaʔu,kaimanaʔu,k a i m a n a ʔ u,,walker2011,,,^k a i m a n a ʔ u$,default
Warekena-96_good-1,,Warekena,96_good,yaleikuli,yaleikuli,j a l e i k u l i,,walker2011,,,^y a l e i k u l i$,default
WarekenaVelha-96_good-1,,WarekenaVelha,96_good,anetua,anetua,a n e t u a,,walker2011,,,^a n e t u a$,default
Waura-96_good-1,,Waura,96_good,awɨʒɨ,awɨʒɨ,a w ɨ ʒ ɨ,,walker2011,,,^a w ɨ ʒ ɨ$,default
Yavitero-96_good-1,,Yavitero,96_good,yunihina,yunihina,j u n i h i n a,,walker2011,,,^y u n i h i n a$,default
Yawalapiti-96_good-1,,Yawalapiti,96_good,awiɾi,awiɾi,a w i ɾ i,,walker2011,,,^a w i ɾ i$,default
Yucuna-96_good-1,,Yucuna,96_good,palani,palani,p a l a n i,,walker2011,,,^p a l a n i$,default
Achagua-97_new-1,,Achagua,97_new,waːli,waːli,w aː l i,,walker2011,,,^w aː l i$,default
Yanesha-97_new-1,,Yanesha,97_new,etseʐa,etseʐa,e ts e ʐ a,,walker2011,,,^e ts e ʐ a$,default
Apurina-97_new-1,,Apurina,97_new,ẽːito,ẽːito,ẽː i t o,,walker2011,,,^ẽː i t o$,default
Ashaninka-97_new-1,,Ashaninka,97_new,iroakera,iroakera,i r o a k e r a,,walker2011,,,^i r o a k e r a$,default
Xiriana-97_new-1,,Xiriana,97_new,kimiɲarɨ,kimiɲarɨ,k i m i ɲ a r ɨ,,walker2011,,,^k i m i ɲ a r ɨ$,default
Avane-97_new-1,,Avane,97_new,weniapa-li,weniapa-li,w e n i a p a + l i,,walker2011,,,^w e n i a p a - l i$,default
BaniwaDoIcana-97_new-1,,BaniwaDoIcana,97_new,wa(a)li,wali,w a l i,,walker2011,,,^w a l i$,default
Bare-97_new-1,,Bare,97_new,awiba,awiba,a w i b a,,walker2011,,,^a w i b a$,default
Baure-97_new-1,,Baure,97_new,koton,koton,k o t o n,,walker2011,,,^k o t o n$,default
Cabiyari-97_new-1,,Cabiyari,97_new,wari,wari,w a r i,,walker2011,,,^w a r i$,default
Chamicuro-97_new-1,,Chamicuro,97_new,peswatalo,peswatalo,p e s w a t a l o,,walker2011,,,^p e sw a t a l o$,default
Garifuna-97_new-1,,Garifuna,97_new,"iseri, iseriti, iseretu",iseri,i s e r i,,walker2011,,,^i s e r i$,default
Garifuna-97_new-2,,Garifuna,97_new,"iseri, iseriti, iseretu",iseriti,i s e r i t i,,walker2011,,,^i s e r i t i$,default
Garifuna-97_new-3,,Garifuna,97_new,"iseri, iseriti, iseretu",iseretu,i s e r e t u,,walker2011,,,^i s e r e t u$,default
Wayuu-97_new-1,,Wayuu,97_new,heke-tʃi,heke-tʃi,h e k e + tʃ i,,walker2011,,,^h e k e - tʃ i$,default
Ignaciano-97_new-1,,Ignaciano,97_new,arairu,arairu,a r a i r u,,walker2011,,,^a r a i r u$,default
Inapari-97_new-1,,Inapari,97_new,herutʃí,herutʃí,h e r u tʃ í/i,,walker2011,,,^h e r u tʃ í$,default
IslandCarib-97_new-1,,IslandCarib,97_new,itʃerikeili,itʃerikeili,i tʃ e r i k e i l i,,walker2011,,,^i tʃ e r i k e i l i$,default
Kaishana-97_new-1,,Kaishana,97_new,wokory,wokory,w o k o r y,,walker2011,,,^w o k o r y$,default
Kinikinao-97_new-1,,Kinikinao,97_new,inamati,inamati,i n a m a t i,,walker2011,,,^i n a m a t i$,default
Curripaco-97_new-1,,Curripaco,97_new,walidali,walidali,w a l i d a l i,,walker2011,,,^w a l i d a l i$,default
Lokono-97_new-1,,Lokono,97_new,emelian,emelian,e m e l i a n,,walker2011,,,^e m e l i a n$,default
Machiguenga-97_new-1,,Machiguenga,97_new,okjarira,okjarira,o k j a r i r a,,walker2011,,,^o k j a r i r a$,default
Manao-97_new-1,,Manao,97_new,nu-kuriba,nu-kuriba,n u + k u r i b a,,walker2011,,,^n u - k u r i b a$,default
Machinere-97_new-1,,Machinere,97_new,makalihi,makalihi,m a k a l i h i,,walker2011,,,^m a k a l i h i$,default
MapidianMawayana-97_new-1,,MapidianMawayana,97_new,witʃakari,witʃakari,w i tʃ a k a r i,,walker2011,,,^w i tʃ a k a r i$,default
Mehinaku-97_new-1,,Mehinaku,97_new,autsapaɾi,autsapaɾi,a u ts a p a ɾ i,,walker2011,,,^a u ts a p a ɾ i$,default
Nomatsiguenga-97_new-1,,Nomatsiguenga,97_new,irirai,irirai,i r i r a i,,walker2011,,,^i r i r a i$,default
Palikur-97_new-1,,Palikur,97_new,nukune,nukune,n u k u n e,,walker2011,,,^n u k u n e$,default
Paraujano-97_new-1,,Paraujano,97_new,yirogho,yirogho,j i r o gʰ o,,walker2011,,,^y i r o gh o$,default
Parecis-97_new-1,,Parecis,97_new,waitare,waitare,w a i t a r e,,walker2011,,,^w a i t a r e$,default
Piapoco-97_new-1,,Piapoco,97_new,wàlisàiri,wàlisàiri,w à/a l i s à/a i r i,,walker2011,,,^w à l i s à i r i$,default
Yine-97_new-1,,Yine,97_new,mtɨrɨhi,mtɨrɨhi,m t ɨ r ɨ h i,,walker2011,,,^m t ɨ r ɨ h i$,default
Resigaro-97_new-1,,Resigaro,97_new,beʔe,beʔe,b e ʔ e,,walker2011,,,^b e ʔ e$,default
Tariana-97_new-1,,Tariana,97_new,walite,walite,w a l i t e,,walker2011,,,^w a l i t e$,default
Terena-97_new-1,,Terena,97_new,inamati,inamati,i n a m a t i,,walker2011,,,^i n a m a t i$,default
Trinitario-97_new-1,,Trinitario,97_new,ʔrahru,ʔrahru,ʔ r a h r u,,walker2011,,,^ʔ r a h r u$,default
Wapishana-97_new-1,,Wapishana,97_new,paʔiɲaʔu,paʔiɲaʔu,p a ʔ i ɲ a ʔ u,,walker2011,,,^p a ʔ i ɲ a ʔ u$,default
Warekena-97_new-1,,Warekena,97_new,walibe,walibe,w a l i b e,,walker2011,,,^w a l i b e$,default
WarekenaVelha-97_new-1,,WarekenaVelha,97_new,weɲapaɻi,weɲapaɻi,w e ɲ a p a ɻ i,,walker2011,,,^w e ɲ a p a ɻ i$,default
Waura-97_new-1,,Waura,97_new,autsa,autsa,a u ts a,,walker2011,,,^a u ts a$,default
Yavitero-97_new-1,,Yavitero,97_new,awemaľ̥i,awemaľ̥i,a w e m a l̥ʲ i,,walker2011,,,^a w e m a ľ̥ i$,default
Yawalapiti-97_new-1,,Yawalapiti,97_new,autsa,autsa,a u ts a,,walker2011,,,^a u ts a$,default
Yucuna-97_new-1,,Yucuna,97_new,wahe,wahe,w a h e,,walker2011,,,^w a h e$,default
Achagua-98_round-1,,Achagua,98_round,makahku,makahku,m a k a h k u,,walker2011,,,^m a k a h k u$,default
Yanesha-98_round-1,,Yanesha,98_round,apkometj,apkometj,a p k o m e t j,,walker2011,,,^a p k o m e t j$,default
Apurina-98_round-1,,Apurina,98_round,kapoko,kapoko,k a p o k o,,walker2011,,,^k a p o k o$,default
Ashaninka-98_round-1,,Ashaninka,98_round,montseina,montseina,m o n ts e i n a,,walker2011,,,^m o n ts e i n a$,default
Xiriana-98_round-1,,Xiriana,98_round,ɸeɻuda,ɸeɻuda,ɸ e ɻ u d a,,walker2011,,,^ɸ e ɻ u d a$,default
Avane-98_round-1,,Avane,98_round,tsirui-hi,tsirui-hi,ts i r u i + h i,,walker2011,,,^ts i r u i - h i$,default
BaniwaDoIcana-98_round-1,,BaniwaDoIcana,98_round,"madzakahni, yaubuhle, matukheda",madzakahni,m a dz a k a h n i,,walker2011,,,^m a dz a k a h n i$,default
BaniwaDoIcana-98_round-2,,BaniwaDoIcana,98_round,"madzakahni, yaubuhle, matukheda",yaubuhle,j a u b u h l e,,walker2011,,,^y a u b u h l e$,default
BaniwaDoIcana-98_round-3,,BaniwaDoIcana,98_round,"madzakahni, yaubuhle, matukheda",matukheda,m a t u kʰ e d a,,walker2011,,,^m a t u kh e d a$,default
Bare-98_round-1,,Bare,98_round,yawaburete,yawaburete,j a w a b u r e t e,,walker2011,,,^y a w a b u r e t e$,default
Baure-98_round-1,,Baure,98_round,kotʃoporikon,kotʃoporikon,k o tʃ o p o r i k o n,,walker2011,,,^k o tʃ o p o r i k o n$,default
Cabiyari-98_round-1,,Cabiyari,98_round,kaːtha,kaːtha,k aː tʰ a,,walker2011,,,^k aː th a$,default
Chamicuro-98_round-1,,Chamicuro,98_round,naʔtepelehka,naʔtepelehka,n a ʔ t e p e l e h k a,,walker2011,,,^n a ʔ t e p e l e h k a$,default
EnaweneNawe-98_round-1,,EnaweneNawe,98_round,oko,oko,o k o,,walker2011,,,^o k o$,default
Garifuna-98_round-1,,Garifuna,98_round,gararati,gararati,g a r a r a t i,,walker2011,,,^g a r a r a t i$,default
Wayuu-98_round-1,,Wayuu,98_round,ľakaya-ʃi,ľakaya-ʃi,ľ/j a k a j a + ʃ i,,walker2011,,,^ľ a k a y a - ʃ i$,default
Ignaciano-98_round-1,,Ignaciano,98_round,amairiki,amairiki,a m a i r i k i,,walker2011,,,^a m a i r i k i$,default
Inapari-98_round-1,,Inapari,98_round,apɨrorí,apɨrorí,a p ɨ r o r í/i,,walker2011,,,^a p ɨ r o r í$,default
IslandCarib-98_round-1,,IslandCarib,98_round,giriri,giriri,g i r i r i,,walker2011,,,^g i r i r i$,default
Kaishana-98_round-1,,Kaishana,98_round,"-terepukula, polosiensi",-terepukula,t e r e p u k u l a,,walker2011,,,^- t e r e p u k u l a$,default
Kaishana-98_round-2,,Kaishana,98_round,"-terepukula, polosiensi",polosiensi,p o l o s i e n s i,,walker2011,,,^p o l o s i e ns i$,default
Kinikinao-98_round-1,,Kinikinao,98_round,purabuika,purabuika,p u r a b u i k a,,walker2011,,,^p u r a b u i k a$,default
Curripaco-98_round-1,,Curripaco,98_round,iabuhle,iabuhle,i a b u h l e,,walker2011,,,^i a b u h l e$,default
Lokono-98_round-1,,Lokono,98_round,balalan,balalan,b a l a l a n,,walker2011,,,^b a l a l a n$,default
Machiguenga-98_round-1,,Machiguenga,98_round,kanurori,kanurori,k a n u r o r i,,walker2011,,,^k a n u r o r i$,default
Maipure-98_round-1,,Maipure,98_round,"-iti, -iri, -ta",-iti,i t i,,walker2011,,,^- i t i$,default
Maipure-98_round-2,,Maipure,98_round,"-iti, -iri, -ta",-iri,i r i,,walker2011,,,^- i r i$,default
Maipure-98_round-3,,Maipure,98_round,"-iti, -iri, -ta",-ta,t a,,walker2011,,,^- t a$,default
Maragua-98_round-1,,Maragua,98_round,kamuruma-hi,kamuruma-hi,k a m u r u m a + h i,,walker2011,,,^k a m u r u m a - h i$,default
MapidianMawayana-98_round-1,,MapidianMawayana,98_round,aybɨbɨre,aybɨbɨre,a j b ɨ b ɨ r e,,walker2011,,,^a y b ɨ b ɨ r e$,default
Mehinaku-98_round-1,,Mehinaku,98_round,hejeteɾi,hejeteɾi,h e j e t e ɾ i,,walker2011,,,^h e j e t e ɾ i$,default
Nomatsiguenga-98_round-1,,Nomatsiguenga,98_round,aromantarei,aromantarei,a r o m a n t a r e i,,walker2011,,,^a r o m a n t a r e i$,default
Palikur-98_round-1,,Palikur,98_round,huwipatip,huwipatip,h u w i p a t i p,,walker2011,,,^h u w i p a t i p$,default
Parecis-98_round-1,,Parecis,98_round,ehoko,ehoko,e h o k o,,walker2011,,,^e h o k o$,default
Piapoco-98_round-1,,Piapoco,98_round,màkapukuíre,màkapukuíre,m à/a k a p u k u í/i r e,,walker2011,,,^m à k a p u k u í r e$,default
Yine-98_round-1,,Yine,98_round,poprololɨ,poprololɨ,p o p r o l o l ɨ,,walker2011,,,^p o p r o l o l ɨ$,default
Resigaro-98_round-1,,Resigaro,98_round,"pavuːdu [como um tronco de madeira], papasi [como rodas, aros], pau [como uma bola]",pavuːdu_,p a v uː d u,,walker2011,,,^p a v uː d u _$,default
Resigaro-98_round-2,,Resigaro,98_round,"pavuːdu [como um tronco de madeira], papasi [como rodas, aros], pau [como uma bola]",papasi_,p a p a s i,,walker2011,,,^p a p a s i _$,default
Resigaro-98_round-3,,Resigaro,98_round,"pavuːdu [como um tronco de madeira], papasi [como rodas, aros], pau [como uma bola]",pau_,p a u,,walker2011,,,^p a u _$,default
Taino-98_round-1,,Taino,98_round,bo,bo,b o,,walker2011,,,^b o$,default
Tariana-98_round-1,,Tariana,98_round,makaiobona,makaiobona,m a k a i o b o n a,,walker2011,,,^m a k a i o b o n a$,default
Terena-98_round-1,,Terena,98_round,puiti,puiti,p u i t i,,walker2011,,,^p u i t i$,default
Trinitario-98_round-1,,Trinitario,98_round,tʃioro,tʃioro,tʃ i o r o,,walker2011,,,^tʃ i o r o$,default
Wapishana-98_round-1,,Wapishana,98_round,kaɖaʐɖaɨʔu,kaɖaʐɖaɨʔu,k a ɖ a ʐ ɖ a ɨ ʔ u,,walker2011,,,^k a ɖ a ʐ ɖ a ɨ ʔ u$,default
Warekena-98_round-1,,Warekena,98_round,makapu kuli,makapu_kuli,m a k a p u + k u l i,,walker2011,,,^m a k a p u _ k u l i$,default
WarekenaVelha-98_round-1,,WarekenaVelha,98_round,tʃiɻueɻi,tʃiɻueɻi,tʃ i ɻ u e ɻ i,,walker2011,,,^tʃ i ɻ u e ɻ i$,default
Waura-98_round-1,,Waura,98_round,tari,tari,t a r i,,walker2011,,,^t a r i$,default
Yucuna-98_round-1,,Yucuna,98_round,makapukutʃini,makapukutʃini,m a k a p u k u tʃ i n i,,walker2011,,,^m a k a p u k u tʃ i n i$,default
Achagua-99_dry-1,,Achagua,99_dry,maːkara,maːkara,m aː k a r a,,walker2011,,,^m aː k a r a$,default
Yanesha-99_dry-1,,Yanesha,99_dry,poʐaʐeʼ,poʐaʐeʼ,p o ʐ a ʐ eˀ,,walker2011,,,^p o ʐ a ʐ eʼ$,default
Apurina-99_dry-1,,Apurina,99_dry,sonãka,sonãka,s o n ã k a,,walker2011,,,^s o n ã k a$,default
Ashaninka-99_dry-1,,Ashaninka,99_dry,pirihatahi,pirihatahi,p i r i h a t a h i,,walker2011,,,^p i r i h a t a h i$,default
Xiriana-99_dry-1,,Xiriana,99_dry,maha-da,maha-da,m a h a + d a,,walker2011,,,^m a h a - d a$,default
Avane-99_dry-1,,Avane,99_dry,"ʂeʂe-li, amuʂiami",ʂeʂe-li,ʂ e ʂ e + l i,,walker2011,,,^ʂ e ʂ e - l i$,default
Avane-99_dry-2,,Avane,99_dry,"ʂeʂe-li, amuʂiami",amuʂiami,a m u ʂ i a m i,,walker2011,,,^a m u ʂ i a m i$,default
BaniwaDoIcana-99_dry-1,,BaniwaDoIcana,99_dry,meːta,meːta,m eː t a,,walker2011,,,^m eː t a$,default
Bare-99_dry-1,,Bare,99_dry,herumi,herumi,h e r u m i,,walker2011,,,^h e r u m i$,default
Baure-99_dry-1,,Baure,99_dry,morokon,morokon,m o r o k o n,,walker2011,,,^m o r o k o n$,default
Cabiyari-99_dry-1,,Cabiyari,99_dry,"kaʔu, iwaa",kaʔu,k a ʔ u,,walker2011,,,^k a ʔ u$,default
Cabiyari-99_dry-2,,Cabiyari,99_dry,"kaʔu, iwaa",iwaa,i w aː,,walker2011,,,^i w aa$,default
Chamicuro-99_dry-1,,Chamicuro,99_dry,poʃewa,poʃewa,p o ʃ e w a,,walker2011,,,^p o ʃ e w a$,default
EnaweneNawe-99_dry-1,,EnaweneNawe,99_dry,ijju,ijju,i j u,,walker2011,,,^i jj u$,default
Garifuna-99_dry-1,,Garifuna,99_dry,amabeida,amabeida,a m a b e i d a,,walker2011,,,^a m a b e i d a$,default
Wayuu-99_dry-1,,Wayuu,99_dry,hososɨ,hososɨ,h o s o s ɨ,,walker2011,,,^h o s o s ɨ$,default
Guinau-99_dry-1,,Guinau,99_dry,hazaːbeoko,hazaːbeoko,h a z aː b e o k o,,walker2011,,,^h a z aː b e o k o$,default
Ignaciano-99_dry-1,,Ignaciano,99_dry,áhi,áhi,á/a h i,,walker2011,,,^á h i$,default
Inapari-99_dry-1,,Inapari,99_dry,puperímári,puperímári,p u p e r í/i m á/a r i,,walker2011,,,^p u p e r í m á r i$,default
IslandCarib-99_dry-1,,IslandCarib,99_dry,mabai,mabai,m a b a i,,walker2011,,,^m a b a i$,default
Karutana-99_dry-1,,Karutana,99_dry,meta-,meta-,m e t a,,walker2011,,,^m e t a -$,default
Kaishana-99_dry-1,,Kaishana,99_dry,"hwatsala, ewia-",hwatsala,ʰw a ts a l a,,walker2011,,,^hw a ts a l a$,default
Kaishana-99_dry-2,,Kaishana,99_dry,"hwatsala, ewia-",ewia-,e w i a,,walker2011,,,^e w i a -$,default
Kinikinao-99_dry-1,,Kinikinao,99_dry,mowoʔiti,mowoʔiti,m o w o ʔ i t i,,walker2011,,,^m o w o ʔ i t i$,default
Curripaco-99_dry-1,,Curripaco,99_dry,metaːdali,metaːdali,m e t aː d a l i,,walker2011,,,^m e t aː d a l i$,default
Lokono-99_dry-1,,Lokono,99_dry,wan,wan,w a n,,walker2011,,,^w a n$,default
Machiguenga-99_dry-1,,Machiguenga,99_dry,piriata,piriata,p i r i a t a,,walker2011,,,^p i r i a t a$,default
Mandahuaca-99_dry-1,,Mandahuaca,99_dry,mayamaya wakali,mayamaya_wakali,m a j a m a j a + w a k a l i,,walker2011,,,^m a y a m a y a _ w a k a l i$,default
Machinere-99_dry-1,,Machinere,99_dry,pupiri,pupiri,p u p i r i,,walker2011,,,^p u p i r i$,default
Maragua-99_dry-1,,Maragua,99_dry,djana-hi,djana-hi,d j a n a + h i,,walker2011,,,^d j a n a - h i$,default
MapidianMawayana-99_dry-1,,MapidianMawayana,99_dry,marbasɨ,marbasɨ,m a r b a s ɨ,,walker2011,,,^m a r b a s ɨ$,default
Mehinaku-99_dry-1,,Mehinaku,99_dry,uluhɨ,uluhɨ,u l u h ɨ,,walker2011,,,^u l u h ɨ$,default
Nomatsiguenga-99_dry-1,,Nomatsiguenga,99_dry,piriari,piriari,p i r i a r i,,walker2011,,,^p i r i a r i$,default
Palikur-99_dry-1,,Palikur,99_dry,arapwiye,arapwiye,a r a pʷ i j e,,walker2011,,,^a r a pw i y e$,default
Paraujano-99_dry-1,,Paraujano,99_dry,haradu:ɨ,haradu:ɨ,h a r a d uː ɨ,,walker2011,,,^h a r a d u: ɨ$,default
Parecis-99_dry-1,,Parecis,99_dry,ijo,ijo,i j o,,walker2011,,,^i j o$,default
Piapoco-99_dry-1,,Piapoco,99_dry,tʃuíre,tʃuíre,tʃ u í/i r e,,walker2011,,,^tʃ u í r e$,default
Yine-99_dry-1,,Yine,99_dry,popriri,popriri,p o p r i r i,,walker2011,,,^p o p r i r i$,default
Resigaro-99_dry-1,,Resigaro,99_dry,makadu,makadu,m a k a d u,,walker2011,,,^m a k a d u$,default
Tariana-99_dry-1,,Tariana,99_dry,makaɾa,makaɾa,m a k a ɾ a,,walker2011,,,^m a k a ɾ a$,default
Terena-99_dry-1,,Terena,99_dry,mowo,mowo,m o w o,,walker2011,,,^m o w o$,default
Trinitario-99_dry-1,,Trinitario,99_dry,oohi,oohi,oː h i,,walker2011,,,^oo h i$,default
Wainuma-99_dry-1,,Wainuma,99_dry,makararai,makararai,m a k a r a r a i,,walker2011,,,^m a k a r a r a i$,default
Wapishana-99_dry-1,,Wapishana,99_dry,aɽaɖan,aɽaɖan,a ɽ a ɖ a n,,walker2011,,,^a ɽ a ɖ a n$,default
Warekena-99_dry-1,,Warekena,99_dry,emuleli,emuleli,e m u l e l i,,walker2011,,,^e m u l e l i$,default
WarekenaVelha-99_dry-1,,WarekenaVelha,99_dry,ʃeʃe,ʃeʃe,ʃ e ʃ e,,walker2011,,,^ʃ e ʃ e$,default
Waura-99_dry-1,,Waura,99_dry,uluhɨ,uluhɨ,u l u h ɨ,,walker2011,,,^u l u h ɨ$,default
Yavitero-99_dry-1,,Yavitero,99_dry,tsuheta,tsuheta,ts u h e t a,,walker2011,,,^ts u h e t a$,default
Yawalapiti-99_dry-1,,Yawalapiti,99_dry,ahkamataku,ahkamataku,a h k a m a t a k u,,walker2011,,,^a h k a m a t a k u$,default
Yucuna-99_dry-1,,Yucuna,99_dry,makahreni,makahreni,m a k a h r e n i,,walker2011,,,^m a k a h r e n i$,default
Achagua-100_name-1,,Achagua,100_name,-hiʔina,-hiʔina,h i ʔ i n a,,walker2011,,,^- h i ʔ i n a$,default
Yanesha-100_name-1,,Yanesha,100_name,ʃotʃnjets,ʃotʃnjets,ʃ o tʃ n j e ts,,walker2011,,,^ʃ o tʃ n j e ts$,default
Apurina-100_name-1,,Apurina,100_name,(h)iɰãka,iɰãka,i ɰ ã k a,,walker2011,,,^i ɰ ã k a$,default
Ashaninka-100_name-1,,Ashaninka,100_name,noahiro,noahiro,n o a h i r o,,walker2011,,,^n o a h i r o$,default
Xiriana-100_name-1,,Xiriana,100_name,-hɨ,-hɨ,h ɨ,,walker2011,,,^- h ɨ$,default
Avane-100_name-1,,Avane,100_name,iʂinali,iʂinali,i ʂ i n a l i,,walker2011,,,^i ʂ i n a l i$,default
BaniwaDoIcana-100_name-1,,BaniwaDoIcana,100_name,-iːpitana,-iːpitana,iː p i t a n a,,walker2011,,,^- iː p i t a n a$,default
Bare-100_name-1,,Bare,100_name,nahã,nahã,n a h ã,,walker2011,,,^n a h ã$,default
Baure-100_name-1,,Baure,100_name,woiy,woiy,w o i y,,walker2011,,,^w o i y$,default
Cabiyari-100_name-1,,Cabiyari,100_name,-iː,-iː,iː,,walker2011,,,^- iː$,default
Caquinte-100_name-1,,Caquinte,100_name,βairo,βairo,β a i r o,,walker2011,,,^β a i r o$,default
Chamicuro-100_name-1,,Chamicuro,100_name,uhsi,uhsi,u ʰs i,,walker2011,,,^u hs i$,default
Garifuna-100_name-1,,Garifuna,100_name,"iri, ίrida, wa",iri,i r i,,walker2011,,,^i r i$,default
Garifuna-100_name-2,,Garifuna,100_name,"iri, ίrida, wa",ίrida,ί/i r i d a,,walker2011,,,^ί r i d a$,default
Garifuna-100_name-3,,Garifuna,100_name,"iri, ίrida, wa",wa,w a,,walker2011,,,^w a$,default
Wayuu-100_name-1,,Wayuu,100_name,anɨľia,anɨľia,a n ɨ ľ/lʲ i a,,walker2011,,,^a n ɨ ľ i a$,default
Guinau-100_name-1,,Guinau,100_name,mbeːhe,mbeːhe,m b eː h e,,walker2011,,,^m b eː h e$,default
Ignaciano-100_name-1,,Ignaciano,100_name,íjare,íjare,í/i j a r e,,walker2011,,,^í j a r e$,default
Inapari-100_name-1,,Inapari,100_name,ɨwáhatʃi,ɨwáhatʃi,ɨ w á/a h a tʃ i,,walker2011,,,^ɨ w á h a tʃ i$,default
IslandCarib-100_name-1,,IslandCarib,100_name,iri,iri,i r i,,walker2011,,,^i r i$,default
Karutana-100_name-1,,Karutana,100_name,ripitana,ripitana,r i p i t a n a,,walker2011,,,^r i p i t a n a$,default
Kaishana-100_name-1,,Kaishana,100_name,mana,mana,m a n a,,walker2011,,,^m a n a$,default
Kinikinao-100_name-1,,Kinikinao,100_name,ihae,ihae,i h a e,,walker2011,,,^i h a e$,default
Curripaco-100_name-1,,Curripaco,100_name,lipitana,lipitana,l i p i t a n a,,walker2011,,,^l i p i t a n a$,default
Lokono-100_name-1,,Lokono,100_name,iri,iri,i r i,,walker2011,,,^i r i$,default
Machiguenga-100_name-1,,Machiguenga,100_name,wairontisi,wairontisi,w a i r o n t i s i,,walker2011,,,^w a i r o n t i s i$,default
Maipure-100_name-1,,Maipure,100_name,"-iti, -iri",-iti,i t i,,walker2011,,,^- i t i$,default
Maipure-100_name-2,,Maipure,100_name,"-iti, -iri",-iri,i r i,,walker2011,,,^- i r i$,default
Maragua-100_name-1,,Maragua,100_name,"-hina, -itina, -hikina",-hina,h i n a,,walker2011,,,^- h i n a$,default
Maragua-100_name-2,,Maragua,100_name,"-hina, -itina, -hikina",-itina,i t i n a,,walker2011,,,^- i t i n a$,default
Maragua-100_name-3,,Maragua,100_name,"-hina, -itina, -hikina",-hikina,h i k i n a,,walker2011,,,^- h i k i n a$,default
MapidianMawayana-100_name-1,,MapidianMawayana,100_name,r-ɨrenka,r-ɨrenka,r + ɨ r e n k a,,walker2011,,,^r - ɨ r e n k a$,default
Mehinaku-100_name-1,,Mehinaku,100_name,-nupɨ-na,-nupɨ-na,n u p ɨ + n a,,walker2011,,,^- n u p ɨ - n a$,default
Nomatsiguenga-100_name-1,,Nomatsiguenga,100_name,ihipahiro,ihipahiro,i h i p a h i r o,,walker2011,,,^i h i p a h i r o$,default
Palikur-100_name-1,,Palikur,100_name,-w,-w,w,,walker2011,,,^- w$,default
Parecis-100_name-1,,Parecis,100_name,eneʃare,eneʃare,e n e ʃ a r e,,walker2011,,,^e n e ʃ a r e$,default
Piapoco-100_name-1,,Piapoco,100_name,nuípidená,nuípidená,n u í/i p i d e n á/a,,walker2011,,,^n u í p i d e n á$,default
Yine-100_name-1,,Yine,100_name,giwaktʃi,giwaktʃi,g i w a k tʃ i,,walker2011,,,^g i w a k tʃ i$,default
Resigaro-100_name-1,,Resigaro,100_name,iːvu,iːvu,iː v u,,walker2011,,,^iː v u$,default
Tariana-100_name-1,,Tariana,100_name,pitana,pitana,p i t a n a,,walker2011,,,^p i t a n a$,default
Terena-100_name-1,,Terena,100_name,ihe,ihe,i h e,,walker2011,,,^i h e$,default
Trinitario-100_name-1,,Trinitario,100_name,ihare,ihare,i h a r e,,walker2011,,,^i h a r e$,default
Wapishana-100_name-1,,Wapishana,100_name,ɨː,ɨː,ɨː,,walker2011,,,^ɨː$,default
Warekena-100_name-1,,Warekena,100_name,ipitahnasi,ipitahnasi,i p i t a h n a s i,,walker2011,,,^i p i t a h n a s i$,default
WarekenaVelha-100_name-1,,WarekenaVelha,100_name,ʃina,ʃina,ʃ i n a,,walker2011,,,^ʃ i n a$,default
Waura-100_name-1,,Waura,100_name,-kupɨna,-kupɨna,k u p ɨ n a,,walker2011,,,^- k u p ɨ n a$,default
Yavitero-100_name-1,,Yavitero,100_name,iliwanaha,iliwanaha,i l i w a n a h a,,walker2011,,,^i l i w a n a h a$,default
Yawalapiti-100_name-1,,Yawalapiti,100_name,kipina,kipina,k i p i n a,,walker2011,,,^k i p i n a$,default
Yucuna-100_name-1,,Yucuna,100_name,iihi,iihi,iː h i,,walker2011,,,^ii h i$,default
