ID,Local_ID,Language_ID,Parameter_ID,Value,Form,Segments,Comment,Source,Cognacy,Loan,Graphemes,Profile
Desano-1_tongue-1,,Desano,1_tongue,nḗ̠riru,nḗ̠riru,n ɛ ɛ ɾ i ɾ u,,Koch1914[812],,,^ nḗ̠riru $,default
Yupua-1_tongue-1,,Yupua,1_tongue,dṓlo,dṓlo,d ɔ ɔ ɺ ɔ,,Koch1914[812],,,^ dṓlo $,default
Yahuna-1_tongue-1,,Yahuna,1_tongue,nē̠nóke̠ka,nē̠nóke̠ka,n ɛ ɛ n ɔ k ɛ k a,,Koch1914[812],,,^ nē̠nóke̠ka $,default
Koretu-1_tongue-1,,Koretu,1_tongue,siáme̠lako,siáme̠lako,s i a m ɛ ɺ a k ɔ,,Koch1914[812],,,^ siáme̠lako $,default
Yupua-1_tongue-2,,Yupua,1_tongue,(n)dṓlo,dṓlo,d ɔ ɔ ɺ ɔ,,Koch1914[812],,,^ dṓlo $,default
Desano-2_mouth-1,,Desano,2_mouth,dix̯sī́ro,dix̯sī́ro,d i h s i i ɾ ɔ,,Koch1914[812],,,^ dix̯sī́ro $,default
Yupua-2_mouth-1,,Yupua,2_mouth,dix̯(t)si,dix̯si,d i h s i,,Koch1914[812],,,^ dix̯si $,default
Yahuna-2_mouth-1,,Yahuna,2_mouth,dihokópe̠,dihokópe̠,d i h ɔ k ɔ p ɛ,,Koch1914[812],,,^ dihokópe̠ $,default
Koretu-2_mouth-1,,Koretu,2_mouth,sírise̠pu̠,sírise̠pu̠,s i ɾ i s ɛ p ʊ,,Koch1914[812],,,^ sírise̠pu̠ $,default
Yahuna-2_mouth-2,,Yahuna,2_mouth,lihokópe̠,lihokópe̠,ɺ i h ɔ k ɔ p ɛ,,Koch1914[812],,,^ lihokópe̠ $,default
Desano-3_lip-1,,Desano,3_lip,dix̯síbero,dix̯síbero,d i h s i b e ɾ ɔ,,Koch1914[812],,,^ dix̯síbero $,default
Yupua-3_lip-1,,Yupua,3_lip,dix̯(t)sigat(š)i,dix̯sigati,d i h s i g a t i,,Koch1914[812],,,^ dix̯sigati $,default
Yahuna-3_lip-1,,Yahuna,3_lip,dihé̠a,dihé̠a,d i h ɛ a,,Koch1914[812],,,^ dihé̠a $,default
Koretu-3_lip-1,,Koretu,3_lip,sírise̠pu̠,sírise̠pu̠,s i ɾ i s ɛ p ʊ,,Koch1914[812],,,^ sírise̠pu̠ $,default
Yahuna-3_lip-2,,Yahuna,3_lip,lihé̠a,lihé̠a,ɺ i h ɛ a,,Koch1914[812],,,^ lihé̠a $,default
Desano-4_tooth-1,,Desano,4_tooth,guhī́kuli,guhī́kuli,g u h i i k u ɺ i,,Koch1914[812],,,^ guhī́kuli $,default
Yupua-4_tooth-1,,Yupua,4_tooth,goxpé̠ga,goxpé̠ga,g ɔ h p ɛ g a,,Koch1914[812],,,^ goxpé̠ga $,default
Yahuna-4_tooth-1,,Yahuna,4_tooth,ōpía,ōpía,ɔ ɔ p i a,,Koch1914[812],,,^ ōpía $,default
Koretu-4_tooth-1,,Koretu,4_tooth,síkoḥiri,síkoḥiri,s i k ɔ h i ɾ i,,Koch1914[812],,,^ síkoḥiri $,default
Yupua-4_tooth-2,,Yupua,4_tooth,góxpe̠ga,góxpe̠ga,g ɔ h p ɛ g a,,Koch1914[812],,,^ góxpe̠ga $,default
Desano-5_nose-1,,Desano,5_nose,ī́ṅinu,ī́ṅinu,i i ŋ i n u,,Koch1914[812],,,^ ī́ṅinu $,default
Yupua-5_nose-1,,Yupua,5_nose,ḗge̥le,ḗge̥le,e e g ɨ ɺ e,,Koch1914[812],,,^ ḗge̥le $,default
Yahuna-5_nose-1,,Yahuna,5_nose,ṓme̠,ṓme̠,ɔ ɔ m ɛ,,Koch1914[812],,,^ ṓme̠ $,default
Koretu-5_nose-1,,Koretu,5_nose,sikomé̠o,sikomé̠o,s i k ɔ m ɛ ɔ,,Koch1914[812],,,^ sikomé̠o $,default
Desano-6_nostril-1,,Desano,6_nostril,íṅigobe̠ri,íṅigobe̠ri,i ŋ i g ɔ b ɛ ɾ i,,Koch1914[812],,,^ íṅigobe̠ri $,default
Yahuna-6_nostril-1,,Yahuna,6_nostril,ṓme̠kope̠a,ṓme̠kope̠a,ɔ ɔ m ɛ k ɔ p ɛ a,,Koch1914[812],,,^ ṓme̠kope̠a $,default
Desano-7_eye-1,,Desano,7_eye,kuī́ri,kuī́ri,k u i i ɾ i,,Koch1914[812],,,^ kuī́ri $,default
Yupua-7_eye-1,,Yupua,7_eye,yḗle̥,yḗle̥,j e e ɺ ɨ,,Koch1914[812],,,^ yḗle̥ $,default
Yahuna-7_eye-1,,Yahuna,7_eye,ya'koá,ya'koá,j a ʔ k ɔ a,,Koch1914[812],,,^ ya'koá $,default
Koretu-7_eye-1,,Koretu,7_eye,siakṓkia,siakṓkia,s i a k ɔ ɔ k i a,,Koch1914[812],,,^ siakṓkia $,default
Desano-8_ear-1,,Desano,8_ear,gā'mī́no,gā'mī́no,g a a ʔ m i i n ɔ,,Koch1914[812],,,^ gā'mī́no $,default
Yupua-8_ear-1,,Yupua,8_ear,(ṅ)gámu,gámu,g a m u,,Koch1914[812],,,^ gámu $,default
Yahuna-8_ear-1,,Yahuna,8_ear,āmó,āmó,a a m ɔ,,Koch1914[812],,,^ āmó $,default
Koretu-8_ear-1,,Koretu,8_ear,sikiaū́lo,sikiaū́lo,s i k i a u u ɺ ɔ,,Koch1914[812],,,^ sikiaū́lo $,default
Yupua-8_ear-2,,Yupua,8_ear,(g)ámu,ámu,a m u,,Koch1914[812],,,^ ámu $,default
Yahuna-8_ear-2,,Yahuna,8_ear,ā'mé̥,ā'mé̥,a a ʔ m ɨ,,Koch1914[812],,,^ ā'mé̥ $,default
Yupua-8_ear-3,,Yupua,8_ear,(n)g(n)ámu,gámu,g a m u,,Koch1914[812],,,^ gámu $,default
Desano-9_earhole-1,,Desano,9_earhole,gā́migobe̠,gā́migobe̠,g a a m i g ɔ b ɛ,,Koch1914[812],,,^ gā́migobe̠ $,default
Yahuna-9_earhole-1,,Yahuna,9_earhole,āmokópe̠a,āmokópe̠a,a a m ɔ k ɔ p ɛ a,,Koch1914[812],,,^ āmokópe̠a $,default
Desano-10_holeintheearlobe-1,,Desano,10_holeintheearlobe,ga'minógobe̠,ga'minógobe̠,g a ʔ m i n ɔ g ɔ b ɛ,,Koch1914[812],,,^ ga'minógobe̠ $,default
Yahuna-10_holeintheearlobe-1,,Yahuna,10_holeintheearlobe,āmóakakope̠a,āmóakakope̠a,a a m ɔ a k a k ɔ p ɛ a,,Koch1914[812],,,^ āmóakakope̠a $,default
Desano-11_pinintheearlobe-1,,Desano,11_pinintheearlobe,ga'minotsā́lioxka,ga'minotsā́lioxka,g a ʔ m i n ɔ ts a a ɺ i ɔ h k a,,Koch1914[812],,,^ ga'minotsā́lioxka $,default
Yahuna-11_pinintheearlobe-1,,Yahuna,11_pinintheearlobe,amukótoa,amukótoa,a m u k ɔ t ɔ a,,Koch1914[812],,,^ amukótoa $,default
Yahuna-11_pinintheearlobe-2,,Yahuna,11_pinintheearlobe,amokótoa,amokótoa,a m ɔ k ɔ t ɔ a,,Koch1914[812],,,^ amokótoa $,default
Desano-12_holeinthelowerlip-1,,Desano,12_holeinthelowerlip,dix̯sipuligobe̠,dix̯sipuligobe̠,d i h s i p u ɺ i g ɔ b ɛ,,Koch1914[812],,,^ dix̯sipuligobe̠ $,default
Yahuna-12_holeinthelowerlip-1,,Yahuna,12_holeinthelowerlip,hāt(s)íkope̠a,hātíkope̠a,h a a t i k ɔ p ɛ a,,Koch1914[812],,,^ hātíkope̠a $,default
Desano-13_longandthincylinderinthelowerlip-1,,Desano,13_longandthincylinderinthelowerlip,disx̯sípulitsai̯ánidex̯ka,disx̯sípulitsai̯ánidex̯ka,d i s h s i p u ɺ i ts a j a n i d e h k a,,Koch1914[812],,,^ disx̯sípulitsai̯ánidex̯ka $,default
Yahuna-13_longandthincylinderinthelowerlip-1,,Yahuna,13_longandthincylinderinthelowerlip,hāt(s)ia,hātia,h a a t i a,,Koch1914[812],,,^ hātia $,default
Yahuna-14_holeinthenasalseptum-1,,Yahuna,14_holeinthenasalseptum,ṓme̠kenikope̠a,ṓme̠kenikope̠a,ɔ ɔ m ɛ k e n i k ɔ p ɛ a,,Koch1914[812],,,^ ṓme̠kenikope̠a $,default
Yahuna-15_pininthenasalseptum-1,,Yahuna,15_pininthenasalseptum,ṓme̠tḗ̠ni(e),ṓme̠tḗ̠ni,ɔ ɔ m ɛ t ɛ ɛ n i,,Koch1914[812],,,^ ṓme̠tḗ̠ni $,default
Desano-16_forehead-1,,Desano,16_forehead,diapu,diapu,d i a p u,,Koch1914[812],,,^ diapu $,default
Yupua-16_forehead-1,,Yupua,16_forehead,de̥xpé̥li,de̥xpé̥li,d ɨ h p ɨ ɺ i,,Koch1914[812],,,^ de̥xpé̥li $,default
Yahuna-16_forehead-1,,Yahuna,16_forehead,kóa,kóa,k ɔ a,,Koch1914[812],,,^ kóa $,default
Koretu-16_forehead-1,,Koretu,16_forehead,sikoayéke̥,sikoayéke̥,s i k ɔ a j e k ɨ,,Koch1914[812],,,^ sikoayéke̥ $,default
Desano-17_head-1,,Desano,17_head,dex̯pū́ru,dex̯pū́ru,d e h p u u ɾ u,,Koch1914[812],,,^ dex̯pū́ru $,default
Yupua-17_head-1,,Yupua,17_head,kúe̥le̥,kúe̥le̥,k u ɨ ɺ ɨ,,Koch1914[812],,,^ kúe̥le̥ $,default
Yahuna-17_head-1,,Yahuna,17_head,lu̠pu̠kóa,lu̠pu̠kóa,ɺ ʊ p ʊ k ɔ a,,Koch1914[812],,,^ lu̠pu̠kóa $,default
Koretu-17_head-1,,Koretu,17_head,sī́roḥo,sī́roḥo,s i i ɾ ɔ h ɔ,,Koch1914[812],,,^ sī́roḥo $,default
Yahuna-17_head-2,,Yahuna,17_head,le̥pokóa,le̥pokóa,ɺ ɨ p ɔ k ɔ a,,Koch1914[812],,,^ le̥pokóa $,default
Yahuna-17_head-3,,Yahuna,17_head,de̥pokóa,de̥pokóa,d ɨ p ɔ k ɔ a,,Koch1914[812],,,^ de̥pokóa $,default
Desano-18_hairhead-1,,Desano,18_hairhead,póali,póali,p ɔ a ɺ i,,Koch1914[812],,,^ póali $,default
Yupua-18_hairhead-1,,Yupua,18_hairhead,póa,póa,p ɔ a,,Koch1914[812],,,^ póa $,default
Yahuna-18_hairhead-1,,Yahuna,18_hairhead,lu̠pú̠komihia,lu̠pú̠komihia,ɺ ʊ p ʊ k ɔ m i h i a,,Koch1914[812],,,^ lu̠pú̠komihia $,default
Koretu-18_hairhead-1,,Koretu,18_hairhead,sī́roḥōre,sī́roḥōre,s i i ɾ ɔ h ɔ ɔ ɾ e,,Koch1914[812],,,^ sī́roḥōre $,default
Yahuna-18_hairhead-2,,Yahuna,18_hairhead,de̥pókomihia,de̥pókomihia,d ɨ p ɔ k ɔ m i h i a,,Koch1914[812],,,^ de̥pókomihia $,default
Desano-19_eyebrow-1,,Desano,19_eyebrow,kuísipóali,kuísipóali,k u i s i p ɔ a ɺ i,,Koch1914[812],,,^ kuísipóali $,default
Yupua-19_eyebrow-1,,Yupua,19_eyebrow,yímogat(š)i,yímogati,j i m ɔ g a t i,,Koch1914[812],,,^ yímogati $,default
Yahuna-19_eyebrow-1,,Yahuna,19_eyebrow,yakólipite̠koa,yakólipite̠koa,j a k ɔ ɺ i p i t ɛ k ɔ a,,Koch1914[812],,,^ yakólipite̠koa $,default
Koretu-19_eyebrow-1,,Koretu,19_eyebrow,siagóne̥keri,siagóne̥keri,s i a g ɔ n ɨ k e ɾ i,,Koch1914[812],,,^ siagóne̥keri $,default
Desano-20_eyelash-1,,Desano,20_eyelash,kuísipóali,kuísipóali,k u i s i p ɔ a ɺ i,,Koch1914[812],,,^ kuísipóali $,default
Yupua-20_eyelash-1,,Yupua,20_eyelash,yímogat(š)i,yímogati,j i m ɔ g a t i,,Koch1914[812],,,^ yímogati $,default
Yahuna-20_eyelash-1,,Yahuna,20_eyelash,yakotáya,yakotáya,j a k ɔ t a j a,,Koch1914[812],,,^ yakotáya $,default
Koretu-20_eyelash-1,,Koretu,20_eyelash,siakorasé̠ḥoiri,siakorasé̠ḥoiri,s i a k ɔ ɾ a s ɛ h ɔ i ɾ i,,Koch1914[812],,,^ siakorasé̠ḥoiri $,default
Yahuna-20_eyelash-2,,Yahuna,20_eyelash,yakotá(d)ya,yakotáya,j a k ɔ t a j a,,Koch1914[812],,,^ yakotáya $,default
Desano-21_beard-1,,Desano,21_beard,dix̯sípoali,dix̯sípoali,d i h s i p ɔ a ɺ i,,Koch1914[812],,,^ dix̯sípoali $,default
Yupua-21_beard-1,,Yupua,21_beard,dix̯sipoa,dix̯sipoa,d i h s i p ɔ a,,Koch1914[812],,,^ dix̯sipoa $,default
Yahuna-21_beard-1,,Yahuna,21_beard,dihe̠táya,dihe̠táya,d i h ɛ t a j a,,Koch1914[812],,,^ dihe̠táya $,default
Koretu-21_beard-1,,Koretu,21_beard,sigoi̯tagiáḥoiri,sigoi̯tagiáḥoiri,s i g ɔ i t a g i a h ɔ i ɾ i,,Koch1914[812],,,^ sigoi̯tagiáḥoiri $,default
Yahuna-21_beard-2,,Yahuna,21_beard,lihe̠táya,lihe̠táya,ɺ i h ɛ t a j a,,Koch1914[812],,,^ lihe̠táya $,default
Koretu-21_beard-2,,Koretu,21_beard,goi̯takiáḥoiri,goi̯takiáḥoiri,g ɔ i t a k i a h ɔ i ɾ i,,Koch1914[812],,,^ goi̯takiáḥoiri $,default
Desano-22_pubichair-1,,Desano,22_pubichair,gé̥lapoali,gé̥lapoali,g ɨ ɺ a p ɔ a ɺ i,,Koch1914[812],,,^ gé̥lapoali $,default
Yupua-22_pubichair-1,,Yupua,22_pubichair,nūlipóa,nūlipóa,n u u ɺ i p ɔ a,,Koch1914[812],,,^ nūlipóa $,default
Yahuna-22_pubichair-1,,Yahuna,22_pubichair,pūluitá,pūluitá,p u u ɺ u i t a,,Koch1914[812],,,^ pūluitá $,default
Desano-23_armpithair-1,,Desano,23_armpithair,kādoxkápoali,kādoxkápoali,k a a d ɔ h k a p ɔ a ɺ i,,Koch1914[812],,,^ kādoxkápoali $,default
Desano-24_cheek-1,,Desano,24_cheek,uayúpona,uayúpona,w a j u p ɔ n a,,Koch1914[812],,,^ uayúpona $,default
Yahuna-24_cheek-1,,Yahuna,24_cheek,ye̠té̠a,ye̠té̠a,j ɛ t ɛ a,,Koch1914[812],,,^ ye̠té̠a $,default
Desano-25_chin-1,,Desano,25_chin,dix̯sípuliru,dix̯sípuliru,d i h s i p u ɺ i ɾ u,,Koch1914[812],,,^ dix̯sípuliru $,default
Yahuna-25_chin-1,,Yahuna,25_chin,dihe̠kóa,dihe̠kóa,d i h ɛ k ɔ a,,Koch1914[812],,,^ dihe̠kóa $,default
Desano-26_shoulder-1,,Desano,26_shoulder,komẽ́pero,komẽ́pero,k ɔ m ẽ p e ɾ ɔ,,Koch1914[812],,,^ komẽ́pero $,default
Yupua-26_shoulder-1,,Yupua,26_shoulder,di(x̯)kagúu,dikagúu,d i k a g u u,,Koch1914[812],,,^ dikagúu $,default
Yahuna-26_shoulder-1,,Yahuna,26_shoulder,hihóa,hihóa,h i h ɔ a,,Koch1914[812],,,^ hihóa $,default
Koretu-26_shoulder-1,,Koretu,26_shoulder,sikiakóme̠no,sikiakóme̠no,s i k i a k ɔ m ɛ n ɔ,,Koch1914[812],,,^ sikiakóme̠no $,default
Desano-27_arm-1,,Desano,27_arm,de̥xká,de̥xká,d ɨ h k a,,Koch1914[812],,,^ de̥xká $,default
Yupua-27_arm-1,,Yupua,27_arm,di(x̯)ka,dika,d i k a,,Koch1914[812],,,^ dika $,default
Yahuna-27_arm-1,,Yahuna,27_arm,nikapé̠pe̠,nikapé̠pe̠,n i k a p ɛ p ɛ,,Koch1914[812],,,^ nikapé̠pe̠ $,default
Koretu-27_arm-1,,Koretu,27_arm,silikíape̥,silikíape̥,s i ɺ i k i a p ɨ,,Koch1914[812],,,^ silikíape̥ $,default
Desano-28_elbow-1,,Desano,28_elbow,de̥xkápuliru,de̥xkápuliru,d ɨ h k a p u ɺ i ɾ u,,Koch1914[812],,,^ de̥xkápuliru $,default
Yahuna-28_elbow-1,,Yahuna,28_elbow,nikapé̠pe̠tū́liaka,nikapé̠pe̠tū́liaka,n i k a p ɛ p ɛ t u u ɺ i a k a,,Koch1914[812],,,^ nikapé̠pe̠tū́liaka $,default
Desano-29_hand-1,,Desano,29_hand,mohṓpama,mohṓpama,m ɔ h ɔ ɔ p a m a,,Koch1914[812],,,^ mohṓpama $,default
Yupua-29_hand-1,,Yupua,29_hand,múhu,múhu,m u h u,,Koch1914[812],,,^ múhu $,default
Yahuna-29_hand-1,,Yahuna,29_hand,pí'taka,pí'taka,p i ʔ t a k a,,Koch1914[812],,,^ pí'taka $,default
Koretu-29_hand-1,,Koretu,29_hand,símaḥumpu,símaḥumpu,s i m a h u m p u,,Koch1914[812],,,^ símaḥumpu $,default
Desano-30_backofthehand-1,,Desano,30_backofthehand,mohṓpama,mohṓpama,m ɔ h ɔ ɔ p a m a,,Koch1914[812],,,^ mohṓpama $,default
Yahuna-30_backofthehand-1,,Yahuna,30_backofthehand,pitapé̠ta,pitapé̠ta,p i t a p ɛ t a,,Koch1914[812],,,^ pitapé̠ta $,default
Desano-31_palmofhand-1,,Desano,31_palmofhand,mohóliru,mohóliru,m ɔ h ɔ ɺ i ɾ u,,Koch1914[812],,,^ mohóliru $,default
Yahuna-31_palmofhand-1,,Yahuna,31_palmofhand,pitatót(š)i(e),pitatóti,p i t a t ɔ t i,,Koch1914[812],,,^ pitatóti $,default
Desano-32_finger-1,,Desano,32_finger,mohṓtseri dix̯pelu,mohṓtseri_dix̯pelu,m ɔ h ɔ ɔ ts e ɾ i + d i h p e ɺ u,,Koch1914[812],,,^ mohṓtseri _ dix̯pelu $,default
Yupua-32_finger-1,,Yupua,32_finger,muhúatx̯u,muhúatx̯u,m u h u a tʃ u,,Koch1914[812],,,^ muhúatx̯u $,default
Yahuna-32_finger-1,,Yahuna,32_finger,pitauaḥoa,pitauaḥoa,p i t a w a h ɔ a,,Koch1914[812],,,^ pitauaḥoa $,default
Koretu-32_finger-1,,Koretu,32_finger,simaoi̯e,simaoi̯e,s i m a ɔ j e,,Koch1914[812],,,^ simaoi̯e $,default
Yupua-32_finger-2,,Yupua,32_finger,muhúua(t)su,muhúuasu,m u h u u a s u,,Koch1914[812],,,^ muhúuasu $,default
Yupua-32_finger-3,,Yupua,32_finger,muhúuatse̠ru,muhúuatse̠ru,m u h u u a ts ɛ ɾ u,,Koch1914[812],,,^ muhúuatse̠ru $,default
Desano-33_thumb-1,,Desano,33_thumb,ūé̥(a)liru,ūé̥liru,u u ɨ ɺ i ɾ u,,Koch1914[812],,,^ ūé̥liru $,default
Yahuna-33_thumb-1,,Yahuna,33_thumb,pitapákoaka,pitapákoaka,p i t a p a k ɔ a k a,,Koch1914[812],,,^ pitapákoaka $,default
Desano-34_forefinger-1,,Desano,34_forefinger,tsiupū́liru,tsiupū́liru,ts i u p u u ɺ i ɾ u,,Koch1914[813],,,^ tsiupū́liru $,default
Yahuna-34_forefinger-1,,Yahuna,34_forefinger,hóatanikipi(a),hóatanikipi,h ɔ a t a n i k i p i,,Koch1914[813],,,^ hóatanikipi $,default
Yahuna-35_middlefinger-1,,Yahuna,35_middlefinger,hóatanikerokaíkaka,hóatanikerokaíkaka,h ɔ a t a n i k e ɾ ɔ k a i k a k a,,Koch1914[813],,,^ hóatanikerokaíkaka $,default
Yahuna-36_ringfinger-1,,Yahuna,36_ringfinger,pitóahoa,pitóahoa,p i t ɔ a h ɔ a,,Koch1914[813],,,^ pitóahoa $,default
Desano-37_smallfinger-1,,Desano,37_smallfinger,kāmhálu,kāmhálu,k a a m h a ɺ u,,Koch1914[813],,,^ kāmhálu $,default
Yupua-37_smallfinger-1,,Yupua,37_smallfinger,muhúua̯tsutsī́ge̥le̥,muhúua̯tsutsī́ge̥le̥,m u h u u a ts u ts i i g ɨ ɺ ɨ,,Koch1914[813],,,^ muhúua̯tsutsī́ge̥le̥ $,default
Yahuna-37_smallfinger-1,,Yahuna,37_smallfinger,pitatī́tiaka,pitatī́tiaka,p i t a t i i t i a k a,,Koch1914[813],,,^ pitatī́tiaka $,default
Koretu-37_smallfinger-1,,Koretu,37_smallfinger,simáu̠kiakio̯,simáu̠kiakio̯,s i m a ʊ k i a k i ɔ,,Koch1914[813],,,^ simáu̠kiakio̯ $,default
Desano-38_fingernail-1,,Desano,38_fingernail,mohṓtsirupē̠ru,mohṓtsirupē̠ru,m ɔ h ɔ ɔ ts i ɾ u p ɛ ɛ ɾ u,,Koch1914[813],,,^ mohṓtsirupē̠ru $,default
Yupua-38_fingernail-1,,Yupua,38_fingernail,muhúgat(š)i,muhúgati,m u h u g a t i,,Koch1914[813],,,^ muhúgati $,default
Yahuna-38_fingernail-1,,Yahuna,38_fingernail,mamálaḥe̠,mamálaḥe̠,m a m a ɺ a h ɛ,,Koch1914[813],,,^ mamálaḥe̠ $,default
Koretu-38_fingernail-1,,Koretu,38_fingernail,simaoráso,simaoráso,s i m a ɔ ɾ a s ɔ,,Koch1914[813],,,^ simaoráso $,default
Desano-39_thigh-1,,Desano,39_thigh,goxsó,goxsó,g ɔ h s ɔ,,Koch1914[813],,,^ goxsó $,default
Yupua-39_thigh-1,,Yupua,39_thigh,ge̥tx̯á,ge̥tx̯á,g ɨ tʃ a,,Koch1914[813],,,^ ge̥tx̯á $,default
Yahuna-39_thigh-1,,Yahuna,39_thigh,dihóa,dihóa,d i h ɔ a,,Koch1914[813],,,^ dihóa $,default
Koretu-39_thigh-1,,Koretu,39_thigh,siritu̠,siritu̠,s i ɾ i t ʊ,,Koch1914[813],,,^ siritu̠ $,default
Yahuna-39_thigh-2,,Yahuna,39_thigh,lihóa,lihóa,ɺ i h ɔ a,,Koch1914[813],,,^ lihóa $,default
Desano-40_lowerleg-1,,Desano,40_lowerleg,nyĩ(g)ā́(ẽ),nyĩā́,ɲ ĩ a a,,Koch1914[813],,,^ nyĩā́ $,default
Yupua-40_lowerleg-1,,Yupua,40_lowerleg,(g)ṹẽ,ṹẽ,ũ ẽ,,Koch1914[813],,,^ ṹẽ $,default
Yahuna-40_lowerleg-1,,Yahuna,40_lowerleg,nyīká,nyīká,ɲ i i k a,,Koch1914[813],,,^ nyīká $,default
Koretu-40_lowerleg-1,,Koretu,40_lowerleg,síneke̥be̥,síneke̥be̥,s i n e k ɨ b ɨ,,Koch1914[813],,,^ síneke̥be̥ $,default
Yupua-40_lowerleg-2,,Yupua,40_lowerleg,(ṅ)g(a)ṹẽ,gṹẽ,g ũ ẽ,,Koch1914[813],,,^ gṹẽ $,default
Yahuna-41_shin-1,,Yahuna,41_shin,nyīkáome̠,nyīkáome̠,ɲ i i k a ɔ m ɛ,,Koch1914[813],,,^ nyīkáome̠ $,default
Desano-42_calfofleg-1,,Desano,42_calfofleg,nyĩṅ(g)áliru,nyĩṅáliru,ɲ ĩ ŋ a ɺ i ɾ u,,Koch1914[813],,,^ nyĩṅáliru $,default
Yupua-42_calfofleg-1,,Yupua,42_calfofleg,(g)(n)õãdiíle̥,õãdiíle̥,ɔ̃ ã d i i ɺ ɨ,,Koch1914[813],,,^ õãdiíle̥ $,default
Yahuna-42_calfofleg-1,,Yahuna,42_calfofleg,nyikalíye̠,nyikalíye̠,ɲ i k a ɺ i j ɛ,,Koch1914[813],,,^ nyikalíye̠ $,default
Yupua-42_calfofleg-2,,Yupua,42_calfofleg,(g)(n)ṹẽdiíle̥,ṹẽdiíle̥,w̃ ẽ d i i ɺ ɨ,,Koch1914[813],,,^ ṹẽdiíle̥ $,default
Yahuna-42_calfofleg-2,,Yahuna,42_calfofleg,nyikalíiye̠,nyikalíiye̠,ɲ i k a ɺ i i j ɛ,,Koch1914[813],,,^ nyikalíiye̠ $,default
Desano-43_knee-1,,Desano,43_knee,yālix̯kapu,yālix̯kapu,j a a ɺ i h k a p u,,Koch1914[813],,,^ yālix̯kapu $,default
Yupua-43_knee-1,,Yupua,43_knee,ge̥tx̯agúu,ge̥tx̯agúu,g ɨ tʃ a g u u,,Koch1914[813],,,^ ge̥tx̯agúu $,default
Yahuna-43_knee-1,,Yahuna,43_knee,nyikalupúa,nyikalupúa,ɲ i k a ɺ u p u a,,Koch1914[813],,,^ nyikalupúa $,default
Koretu-43_knee-1,,Koretu,43_knee,siukúye̠hu,siukúye̠hu,s i u k u j ɛ h u,,Koch1914[813],,,^ siukúye̠hu $,default
Yupua-43_knee-2,,Yupua,43_knee,(n)yikadí(x̯)pu,yikadípu,j i k a d i p u,,Koch1914[813],,,^ yikadípu $,default
Desano-44_backoftheknee-1,,Desano,44_backoftheknee,nyĩ(g)ã́(ṅ)(g)ẽdoxka,nyĩã́ẽdoxka,ɲ ĩ ã ẽ d ɔ h k a,,Koch1914[813],,,^ nyĩã́ẽdoxka $,default
Desano-44_backoftheknee-2,,Desano,44_backoftheknee,nyẽ(g)ã́(ṅ)(g)ẽdoxka,nyẽã́ẽdoxka,ɲ ẽ ã ẽ d ɔ h k a,,Koch1914[813],,,^ nyẽã́ẽdoxka $,default
Desano-45_foot-1,,Desano,45_foot,gubū́pama,gubū́pama,g u b u u p a m a,,Koch1914[813],,,^ gubū́pama $,default
Yupua-45_foot-1,,Yupua,45_foot,gé̥apa,gé̥apa,g ɨ a p a,,Koch1914[813],,,^ gé̥apa $,default
Yahuna-45_foot-1,,Yahuna,45_foot,ūpúa,ūpúa,u u p u a,,Koch1914[813],,,^ ūpúa $,default
Koretu-45_foot-1,,Koretu,45_foot,sikoxú̠la,sikoxú̠la,s i k ɔ h ʊ ɺ a,,Koch1914[813],,,^ sikoxú̠la $,default
Yahuna-45_foot-2,,Yahuna,45_foot,ōpúa,ōpúa,ɔ ɔ p u a,,Koch1914[813],,,^ ōpúa $,default
Desano-46_instep-1,,Desano,46_instep,gubū́pama,gubū́pama,g u b u u p a m a,,Koch1914[813],,,^ gubū́pama $,default
Yahuna-46_instep-1,,Yahuna,46_instep,ūpupé̠ta,ūpupé̠ta,u u p u p ɛ t a,,Koch1914[813],,,^ ūpupé̠ta $,default
Desano-47_solefoot-1,,Desano,47_solefoot,gubū́kore̠,gubū́kore̠,g u b u u k ɔ ɾ ɛ,,Koch1914[813],,,^ gubū́kore̠ $,default
Yahuna-47_solefoot-1,,Yahuna,47_solefoot,ūputót(s)ia,ūputótia,u u p u t ɔ t i a,,Koch1914[813],,,^ ūputótia $,default
Desano-48_heel-1,,Desano,48_heel,gubū́liru,gubū́liru,g u b u u ɺ i ɾ u,,Koch1914[813],,,^ gubū́liru $,default
Yahuna-48_heel-1,,Yahuna,48_heel,ūput(s)ī́ka,ūputī́ka,u u p u t i i k a,,Koch1914[813],,,^ ūputī́ka $,default
Desano-49_ankle-1,,Desano,49_ankle,ā̃nyã́nyaru,ā̃nyã́nyaru,ã ã ɲ ã ɲ a ɾ u,,Koch1914[813],,,^ ā̃nyã́nyaru $,default
Yahuna-49_ankle-1,,Yahuna,49_ankle,ūpuálikaka,ūpuálikaka,u u p u a ɺ i k a k a,,Koch1914[813],,,^ ūpuálikaka $,default
Desano-50_foottendon-1,,Desano,50_foottendon,nyī̃(g)ã́(ṅ)(g)ẽ(g)õã,nyī̃ã́ẽõã,ɲ ĩ ĩ ã ẽ ɔ̃ ã,,Koch1914[813],,,^ nyī̃ã́ẽõã $,default
Desano-50_foottendon-2,,Desano,50_foottendon,uyī̃ṅ(g)ã́(ṅ)(g)ẽ(g)õã,uyī̃ṅã́ẽõã,u j ĩ ĩ ŋ ã ẽ ɔ̃ ã,,Koch1914[813],,,^ uyī̃ṅã́ẽõã $,default
Desano-51_toe-1,,Desano,51_toe,gubū́tsinidix̯pelu,gubū́tsinidix̯pelu,g u b u u ts i n i d i h p e ɺ u,,Koch1914[813],,,^ gubū́tsinidix̯pelu $,default
Yupua-51_toe-1,,Yupua,51_toe,gé̥apauatx̯u,gé̥apauatx̯u,g ɨ a p a w a tʃ u,,Koch1914[813],,,^ gé̥apauatx̯u $,default
Yahuna-51_toe-1,,Yahuna,51_toe,ūpúahoa,ūpúahoa,u u p u a h ɔ a,,Koch1914[813],,,^ ūpúahoa $,default
Koretu-51_toe-1,,Koretu,51_toe,sikoxúio,sikoxúio,s i k ɔ h u j ɔ,,Koch1914[813],,,^ sikoxúio $,default
Desano-51_toe-2,,Desano,51_toe,gubū́tsinidix̯peru,gubū́tsinidix̯peru,g u b u u ts i n i d i h p e ɾ u,,Koch1914[813],,,^ gubū́tsinidix̯peru $,default
Yupua-51_toe-2,,Yupua,51_toe,ge̥apáua(t)su,ge̥apáuasu,g ɨ a p a w a s u,,Koch1914[813],,,^ ge̥apáuasu $,default
Yahuna-51_toe-2,,Yahuna,51_toe,ōpúaḥoa,ōpúaḥoa,ɔ ɔ p u a h ɔ a,,Koch1914[813],,,^ ōpúaḥoa $,default
Yupua-51_toe-3,,Yupua,51_toe,gé̥apauat(š)u,gé̥apauatu,g ɨ a p a w a t u,,Koch1914[813],,,^ gé̥apauatu $,default
Desano-52_toenail-1,,Desano,52_toenail,gubū́tsepē̠roli,gubū́tsepē̠roli,g u b u u ts e p ɛ ɛ ɾ ɔ ɺ i,,Koch1914[813],,,^ gubū́tsepē̠roli $,default
Yupua-52_toenail-1,,Yupua,52_toenail,gé̥apagat(š)i,gé̥apagati,g ɨ a p a g a t i,,Koch1914[813],,,^ gé̥apagati $,default
Yahuna-52_toenail-1,,Yahuna,52_toenail,mamálaḥe̠,mamálaḥe̠,m a m a ɺ a h ɛ,,Koch1914[813],,,^ mamálaḥe̠ $,default
Desano-53_body-1,,Desano,53_body,dexpé̥,dexpé̥,d e h p ɨ,,Koch1914[813],,,^ dexpé̥ $,default
Yupua-53_body-1,,Yupua,53_body,yadúḥe̥,yadúḥe̥,j a d u h ɨ,,Koch1914[813],,,^ yadúḥe̥ $,default
Yahuna-53_body-1,,Yahuna,53_body,dipau̯íya,dipau̯íya,d i p a w i j a,,Koch1914[813],,,^ dipau̯íya $,default
Koretu-53_body-1,,Koretu,53_body,siḥī́re,siḥī́re,s i h i i ɾ e,,Koch1914[813],,,^ siḥī́re $,default
Yahuna-53_body-2,,Yahuna,53_body,dipau̯ía,dipau̯ía,d i p a w i a,,Koch1914[813],,,^ dipau̯ía $,default
Desano-54_neck-1,,Desano,54_neck,ue̥nṹ(g)õ,ue̥nṹõ,w ɨ n ũ ɔ̃,,Koch1914[813],,,^ ue̥nṹõ $,default
Yupua-54_neck-1,,Yupua,54_neck,yaué̥,yaué̥,j a w ɨ,,Koch1914[813],,,^ yaué̥ $,default
Yahuna-54_neck-1,,Yahuna,54_neck,uáme̥a,uáme̥a,w a m ɨ a,,Koch1914[813],,,^ uáme̥a $,default
Koretu-54_neck-1,,Koretu,54_neck,siuaḥíkie̯,siuaḥíkie̯,s i w a h i k i e,,Koch1914[813],,,^ siuaḥíkie̯ $,default
Desano-55_napeofneck-1,,Desano,55_napeofneck,kā́te̥,kā́te̥,k a a t ɨ,,Koch1914[813],,,^ kā́te̥ $,default
Yahuna-55_napeofneck-1,,Yahuna,55_napeofneck,uáme̥a,uáme̥a,w a m ɨ a,,Koch1914[813],,,^ uáme̥a $,default
Desano-56_throat-1,,Desano,56_throat,uērériru,uērériru,w e e ɾ e ɾ i ɾ u,,Koch1914[813],,,^ uērériru $,default
Yupua-56_throat-1,,Yupua,56_throat,yagókokoa,yagókokoa,j a g ɔ k ɔ k ɔ a,,Koch1914[813],,,^ yagókokoa $,default
Yahuna-56_throat-1,,Yahuna,56_throat,uame̥tósia,uame̥tósia,w a m ɨ t ɔ s i a,,Koch1914[813],,,^ uame̥tósia $,default
Koretu-56_throat-1,,Koretu,56_throat,siuaḥé̥toro,siuaḥé̥toro,s i w a h ɨ t ɔ ɾ ɔ,,Koch1914[813],,,^ siuaḥé̥toro $,default
Desano-57_armpit-1,,Desano,57_armpit,kā́doxka,kā́doxka,k a a d ɔ h k a,,Koch1914[813],,,^ kā́doxka $,default
Yahuna-57_armpit-1,,Yahuna,57_armpit,kākope̠roka,kākope̠roka,k a a k ɔ p ɛ ɾ ɔ k a,,Koch1914[813],,,^ kākope̠roka $,default
Desano-58_shoulderblade-1,,Desano,58_shoulderblade,komeẽ́pero,komeẽ́pero,k ɔ m e ẽ p e ɾ ɔ,,Koch1914[813],,,^ komeẽ́pero $,default
Yahuna-58_shoulderblade-1,,Yahuna,58_shoulderblade,ua(d)yume̠ká,uayume̠ká,w a j u m ɛ k a,,Koch1914[813],,,^ uayume̠ká $,default
Desano-59_rib-1,,Desano,59_rib,mẽ(g)ápatole,mẽápatole,m ẽ a p a t ɔ ɺ e,,Koch1914[813],,,^ mẽápatole $,default
Yahuna-59_rib-1,,Yahuna,59_rib,yatau̯iía,yatau̯iía,j a t a w i i a,,Koch1914[813],,,^ yatau̯iía $,default
Desano-59_rib-2,,Desano,59_rib,mẽ(g)ápatore,mẽápatore,m ẽ a p a t ɔ ɾ e,,Koch1914[813],,,^ mẽápatore $,default
Desano-60_chest-1,,Desano,60_chest,kolétipi,kolétipi,k ɔ ɺ e t i p i,,Koch1914[813],,,^ kolétipi $,default
Yupua-60_chest-1,,Yupua,60_chest,kolé̠me̠te̠,kolé̠me̠te̠,k ɔ ɺ ɛ m ɛ t ɛ,,Koch1914[813],,,^ kolé̠me̠te̠ $,default
Yahuna-60_chest-1,,Yahuna,60_chest,kālimakíya,kālimakíya,k a a ɺ i m a k i j a,,Koch1914[813],,,^ kālimakíya $,default
Koretu-60_chest-1,,Koretu,60_chest,sikotitile̥,sikotitile̥,s i k ɔ t i t i ɺ ɨ,,Koch1914[813],,,^ sikotitile̥ $,default
Desano-60_chest-2,,Desano,60_chest,korétipi,korétipi,k ɔ ɾ e t i p i,,Koch1914[813],,,^ korétipi $,default
Yahuna-60_chest-2,,Yahuna,60_chest,kālimakía,kālimakía,k a a ɺ i m a k i a,,Koch1914[813],,,^ kālimakía $,default
Desano-61_nipple-1,,Desano,61_nipple,axpī́ro,axpī́ro,a h p i i ɾ ɔ,,Koch1914[813],,,^ axpī́ro $,default
Yupua-61_nipple-1,,Yupua,61_nipple,óxpe̥le̥,óxpe̥le̥,ɔ h p ɨ ɺ ɨ,,Koch1914[813],,,^ óxpe̥le̥ $,default
Yahuna-61_nipple-1,,Yahuna,61_nipple,ṓpe̠a,ṓpe̠a,ɔ ɔ p ɛ a,,Koch1914[813],,,^ ṓpe̠a $,default
Koretu-61_nipple-1,,Koretu,61_nipple,síḥuḥē̠re̥,síḥuḥē̠re̥,s i h u h ɛ ɛ ɾ ɨ,,Koch1914[813],,,^ síḥuḥē̠re̥ $,default
Desano-62_breast-1,,Desano,62_breast,axpī́ro,axpī́ro,a h p i i ɾ ɔ,,Koch1914[813],,,^ axpī́ro $,default
Yupua-62_breast-1,,Yupua,62_breast,óxpe̥le̥,óxpe̥le̥,ɔ h p ɨ ɺ ɨ,,Koch1914[813],,,^ óxpe̥le̥ $,default
Yahuna-62_breast-1,,Yahuna,62_breast,ṓpe̠a,ṓpe̠a,ɔ ɔ p ɛ a,,Koch1914[813],,,^ ṓpe̠a $,default
Koretu-62_breast-1,,Koretu,62_breast,síḥuḥē̠re̥,síḥuḥē̠re̥,s i h u h ɛ ɛ ɾ ɨ,,Koch1914[813],,,^ síḥuḥē̠re̥ $,default
Desano-63_belly-1,,Desano,63_belly,pā́ru,pā́ru,p a a ɾ u,,Koch1914[813],,,^ pā́ru $,default
Yupua-63_belly-1,,Yupua,63_belly,tuxtúlu,tuxtúlu,t u h t u ɺ u,,Koch1914[813],,,^ tuxtúlu $,default
Yahuna-63_belly-1,,Yahuna,63_belly,ye̠me̠á,ye̠me̠á,j ɛ m ɛ a,,Koch1914[813],,,^ ye̠me̠á $,default
Koretu-63_belly-1,,Koretu,63_belly,síhake̠ke̥,síhake̠ke̥,s i h a k ɛ k ɨ,,Koch1914[813],,,^ síhake̠ke̥ $,default
Yupua-63_belly-2,,Yupua,63_belly,yatuxtúlu,yatuxtúlu,j a t u h t u ɺ u,,Koch1914[813],,,^ yatuxtúlu $,default
Yupua-63_belly-3,,Yupua,63_belly,yadu(x)túru,yadutúru,j a d u t u ɾ u,,Koch1914[813],,,^ yadutúru $,default
Desano-64_navel-1,,Desano,64_navel,tsomóno,tsomóno,ts ɔ m ɔ n ɔ,,Koch1914[813],,,^ tsomóno $,default
Yupua-64_navel-1,,Yupua,64_navel,t(š)umúnu,tumúnu,t u m u n u,,Koch1914[813],,,^ tumúnu $,default
Yahuna-64_navel-1,,Yahuna,64_navel,homokópe̠,homokópe̠,h ɔ m ɔ k ɔ p ɛ,,Koch1914[813],,,^ homokópe̠ $,default
Koretu-64_navel-1,,Koretu,64_navel,sítoūkia,sítoūkia,s i t ɔ u u k i a,,Koch1914[813],,,^ sítoūkia $,default
Yupua-64_navel-2,,Yupua,64_navel,yat(š)umúnu,yatumúnu,j a t u m u n u,,Koch1914[813],,,^ yatumúnu $,default
Yupua-64_navel-3,,Yupua,64_navel,yasómono,yasómono,j a s ɔ m ɔ n ɔ,,Koch1914[813],,,^ yasómono $,default
Desano-65_back-1,,Desano,65_back,tsũ(g)ũpínũ(g)õã,tsũũpínũõã,ts ũ ũ p i n ũ ɔ̃ ã,,Koch1914[813],,,^ tsũũpínũõã $,default
Yupua-65_back-1,,Yupua,65_back,pe̥(e̥)lá,pe̥lá,p ɨ ɺ a,,Koch1914[813],,,^ pe̥lá $,default
Yahuna-65_back-1,,Yahuna,65_back,uaḥé̠a,uaḥé̠a,w a h ɛ a,,Koch1914[813],,,^ uaḥé̠a $,default
Koretu-65_back-1,,Koretu,65_back,siḥe̠te̠hī́re̥,siḥe̠te̠hī́re̥,s i h ɛ t ɛ h i i ɾ ɨ,,Koch1914[813],,,^ siḥe̠te̠hī́re̥ $,default
Yupua-65_back-2,,Yupua,65_back,pe̥lág(e),pe̥lág,p ɨ ɺ a g e,,Koch1914[813],,,^ pe̥lág $,default
Yupua-65_back-3,,Yupua,65_back,yape̥lág(e),yape̥lág,j a p ɨ ɺ a g e,,Koch1914[813],,,^ yape̥lág $,default
Desano-66_buttocks-1,,Desano,66_buttocks,gōrópe̠ru,gōrópe̠ru,g ɔ ɔ ɾ ɔ p ɛ ɾ u,,Koch1914[813],,,^ gōrópe̠ru $,default
Yupua-66_buttocks-1,,Yupua,66_buttocks,ge̥rápe̠,ge̥rápe̠,g ɨ ɾ a p ɛ,,Koch1914[813],,,^ ge̥rápe̠ $,default
Yahuna-66_buttocks-1,,Yahuna,66_buttocks,yopé̠a,yopé̠a,j ɔ p ɛ a,,Koch1914[813],,,^ yopé̠a $,default
Koretu-66_buttocks-1,,Koretu,66_buttocks,síaḥu̠,síaḥu̠,s i a h ʊ,,Koch1914[813],,,^ síaḥu̠ $,default
Desano-66_buttocks-2,,Desano,66_buttocks,gōlópe̠ru,gōlópe̠ru,g ɔ ɔ ɺ ɔ p ɛ ɾ u,,Koch1914[813],,,^ gōlópe̠ru $,default
Desano-67_penis-1,,Desano,67_penis,yḗ̠ru,yḗ̠ru,j ɛ ɛ ɾ u,,Koch1914[813],,,^ yḗ̠ru $,default
Yupua-67_penis-1,,Yupua,67_penis,nūli,nūli,n u u ɺ i,,Koch1914[813],,,^ nūli $,default
Yahuna-67_penis-1,,Yahuna,67_penis,nulía,nulía,n u ɺ i a,,Koch1914[813],,,^ nulía $,default
Koretu-67_penis-1,,Koretu,67_penis,sínoni,sínoni,s i n ɔ n i,,Koch1914[813],,,^ sínoni $,default
Desano-68_scrotum-1,,Desano,68_scrotum,axpinóto,axpinóto,a h p i n ɔ t ɔ,,Koch1914[813],,,^ axpinóto $,default
Yupua-68_scrotum-1,,Yupua,68_scrotum,uaxpĩ́(g)ȭpe̠,uaxpĩ́ȭpe̠,w a h p ĩ ɔ̃ ɔ̃ p ɛ,,Koch1914[813],,,^ uaxpĩ́ȭpe̠ $,default
Yahuna-68_scrotum-1,,Yahuna,68_scrotum,uaxpíniakoa,uaxpíniakoa,w a h p i n i a k ɔ a,,Koch1914[813],,,^ uaxpíniakoa $,default
Koretu-68_scrotum-1,,Koretu,68_scrotum,símaḥē̠re̥,símaḥē̠re̥,s i m a h ɛ ɛ ɾ ɨ,,Koch1914[813],,,^ símaḥē̠re̥ $,default
Desano-69_testicle-1,,Desano,69_testicle,axpinotóyeri,axpinotóyeri,a h p i n ɔ t ɔ j e ɾ i,,Koch1914[813],,,^ axpinotóyeri $,default
Yupua-69_testicle-1,,Yupua,69_testicle,ua(x)pítie̥le̥,uapítie̥le̥,w a p i t i ɨ ɺ ɨ,,Koch1914[813],,,^ uapítie̥le̥ $,default
Yahuna-69_testicle-1,,Yahuna,69_testicle,uaxpiniakoliá,uaxpiniakoliá,w a h p i n i a k ɔ ɺ i a,,Koch1914[813],,,^ uaxpiniakoliá $,default
Koretu-69_testicle-1,,Koretu,69_testicle,simaḥā́liāre̥,simaḥā́liāre̥,s i m a h a a ɺ i a a ɾ ɨ,,Koch1914[813],,,^ simaḥā́liāre̥ $,default
Desano-70_membrummuliebre-1,,Desano,70_membrummuliebre,ye̠,ye̠,j ɛ,,Koch1914[813],,,^ ye̠ $,default
Yupua-70_membrummuliebre-1,,Yupua,70_membrummuliebre,bū́lu,bū́lu,b u u ɺ u,,Koch1914[813],,,^ bū́lu $,default
Yahuna-70_membrummuliebre-1,,Yahuna,70_membrummuliebre,ya'ná,ya'ná,j a ʔ n a,,Koch1914[813],,,^ ya'ná $,default
Koretu-70_membrummuliebre-1,,Koretu,70_membrummuliebre,yanā́re̥,yanā́re̥,j a n a a ɾ ɨ,,Koch1914[813],,,^ yanā́re̥ $,default
Desano-71_vagina-1,,Desano,71_vagina,yḗrigobe̠,yḗrigobe̠,j e e ɾ i g ɔ b ɛ,,Koch1914[813],,,^ yḗrigobe̠ $,default
Yupua-71_vagina-1,,Yupua,71_vagina,bū́lugō,bū́lugō,b u u ɺ u g ɔ ɔ,,Koch1914[813],,,^ bū́lugō $,default
Yahuna-71_vagina-1,,Yahuna,71_vagina,ya'nákope̠,ya'nákope̠,j a ʔ n a k ɔ p ɛ,,Koch1914[813],,,^ ya'nákope̠ $,default
Koretu-71_vagina-1,,Koretu,71_vagina,yanágoḥe̠,yanágoḥe̠,j a n a g ɔ h ɛ,,Koch1914[813],,,^ yanágoḥe̠ $,default
Desano-72_clitoris-1,,Desano,72_clitoris,kōré̠,kōré̠,k ɔ ɔ ɾ ɛ,,Koch1914[813],,,^ kōré̠ $,default
Yupua-72_clitoris-1,,Yupua,72_clitoris,bíitu,bíitu,b i i t u,,Koch1914[813],,,^ bíitu $,default
Yahuna-72_clitoris-1,,Yahuna,72_clitoris,kṓpahike̠,kṓpahike̠,k ɔ ɔ p a h i k ɛ,,Koch1914[813],,,^ kṓpahike̠ $,default
Koretu-72_clitoris-1,,Koretu,72_clitoris,yé̠hē̠re̥,yé̠hē̠re̥,j ɛ h ɛ ɛ ɾ ɨ,,Koch1914[813],,,^ yé̠hē̠re̥ $,default
Desano-72_clitoris-2,,Desano,72_clitoris,kōlé̠,kōlé̠,k ɔ ɔ ɺ ɛ,,Koch1914[813],,,^ kōlé̠ $,default
Desano-73_anus-1,,Desano,73_anus,gé̥labe̠,gé̥labe̠,g ɨ ɺ a b ɛ,,Koch1914[813],,,^ gé̥labe̠ $,default
Yupua-73_anus-1,,Yupua,73_anus,gé̥tago,gé̥tago,g ɨ t a g ɔ,,Koch1914[813],,,^ gé̥tago $,default
Yahuna-73_anus-1,,Yahuna,73_anus,itopé̠a,itopé̠a,i t ɔ p ɛ a,,Koch1914[813],,,^ itopé̠a $,default
Koretu-73_anus-1,,Koretu,73_anus,sike̥tágoḥe̠,sike̥tágoḥe̠,s i k ɨ t a g ɔ h ɛ,,Koch1914[813],,,^ sike̥tágoḥe̠ $,default
Yupua-73_anus-2,,Yupua,73_anus,yagé̥tago,yagé̥tago,j a g ɨ t a g ɔ,,Koch1914[813],,,^ yagé̥tago $,default
Desano-74_skin-1,,Desano,74_skin,gaxtsī́ro,gaxtsī́ro,g a h ts i i ɾ ɔ,,Koch1914[813],,,^ gaxtsī́ro $,default
Yupua-74_skin-1,,Yupua,74_skin,yagā́t(š)i,yagā́ti,j a g a a t i,,Koch1914[813],,,^ yagā́ti $,default
Yahuna-74_skin-1,,Yahuna,74_skin,áḥe̠a,áḥe̠a,a h ɛ a,,Koch1914[813],,,^ áḥe̠a $,default
Koretu-74_skin-1,,Koretu,74_skin,siráso,siráso,s i ɾ a s ɔ,,Koch1914[813],,,^ siráso $,default
Desano-75_fur-1,,Desano,75_fur,gaxtsī́ro,gaxtsī́ro,g a h ts i i ɾ ɔ,,Koch1914[813],,,^ gaxtsī́ro $,default
Desano-76_bone-1,,Desano,76_bone,goá,goá,g ɔ a,,Koch1914[813],,,^ goá $,default
Yupua-76_bone-1,,Yupua,76_bone,ya(g)(n)úe,yaúe,j a w e,,Koch1914[813],,,^ yaúe $,default
Yahuna-76_bone-1,,Yahuna,76_bone,ōá,ōá,ɔ ɔ a,,Koch1914[813],,,^ ōá $,default
Koretu-76_bone-1,,Koretu,76_bone,sikoā́ri,sikoā́ri,s i k ɔ a a ɾ i,,Koch1914[813],,,^ sikoā́ri $,default
Desano-77_blood-1,,Desano,77_blood,di,di,d i,,Koch1914[814],,,^ di $,default
Yupua-77_blood-1,,Yupua,77_blood,yadí,yadí,j a d i,,Koch1914[814],,,^ yadí $,default
Yahuna-77_blood-1,,Yahuna,77_blood,diué̠a,diué̠a,d i w ɛ a,,Koch1914[814],,,^ diué̠a $,default
Koretu-77_blood-1,,Koretu,77_blood,líē̠ri,líē̠ri,ɺ i ɛ ɛ ɾ i,,Koch1914[814],,,^ líē̠ri $,default
Desano-78_vein-1,,Desano,78_vein,wā́dali,wā́dali,w a a d a ɺ i,,Koch1914[814],,,^ wā́dali $,default
Yahuna-78_vein-1,,Yahuna,78_vein,yē̠niyá,yē̠niyá,j ɛ ɛ n i j a,,Koch1914[814],,,^ yē̠niyá $,default
Desano-79_pulse-1,,Desano,79_pulse,tsiúpona,tsiúpona,ts i u p ɔ n a,,Koch1914[814],,,^ tsiúpona $,default
Yahuna-79_pulse-1,,Yahuna,79_pulse,liuḗ̠(d)yie̠ká,liuḗ̠yie̠ká,ɺ i w ɛ ɛ j i ɛ k a,,Koch1914[814],,,^ liuḗ̠yie̠ká $,default
Yahuna-79_pulse-2,,Yahuna,79_pulse,diuḗ̠(d)diia,diuḗ̠diia,d i w ɛ ɛ d i i a d i i a,,Koch1914[814],,,^ diuḗ̠diia $,default
Desano-80_flesh-1,,Desano,80_flesh,dī́ro,dī́ro,d i i ɾ ɔ,,Koch1914[814],,,^ dī́ro $,default
Yupua-80_flesh-1,,Yupua,80_flesh,yadíi,yadíi,j a d i i,,Koch1914[814],,,^ yadíi $,default
Yahuna-80_flesh-1,,Yahuna,80_flesh,diia,diia,d i i a,,Koch1914[814],,,^ diia $,default
Koretu-80_flesh-1,,Koretu,80_flesh,sikiaī́re̥,sikiaī́re̥,s i k i a i i ɾ ɨ,,Koch1914[814],,,^ sikiaī́re̥ $,default
Desano-81_tendon-1,,Desano,81_tendon,wā́dali,wā́dali,w a a d a ɺ i,,Koch1914[814],,,^ wā́dali $,default
Yahuna-81_tendon-1,,Yahuna,81_tendon,yē̠nyía,yē̠nyía,j ɛ ɛ ɲ i a,,Koch1914[814],,,^ yē̠nyía $,default
Desano-492_heartofbird-1,,Desano,492_heartofbird,tsiúpona,tsiúpona,ts i u p ɔ n a,,Koch1914[814],,,^ tsiúpona $,default
Yupua-492_heartofbird-1,,Yupua,492_heartofbird,yáoama,yáoama,j a ɔ a m a,,Koch1914[814],,,^ yáoama $,default
Yahuna-492_heartofbird-1,,Yahuna,492_heartofbird,ṓnimakia,ṓnimakia,ɔ ɔ n i m a k i a,,Koch1914[814],,,^ ṓnimakia $,default
Koretu-492_heartofbird-1,,Koretu,492_heartofbird,siamé̠kia,siamé̠kia,s i a m ɛ k i a,,Koch1914[814],,,^ siamé̠kia $,default
Desano-83_guts-1,,Desano,83_guts,ye(e)métuli,yemétuli,j e m e t u ɺ i,,Koch1914[814],,,^ yemétuli $,default
Yahuna-493_stomachofbird-1,,Yahuna,493_stomachofbird,yau̯ālaká,yau̯ālaká,j a w a a ɺ a k a,,Koch1914[814],,,^ yau̯ālaká $,default
Yahuna-85_intestine-1,,Yahuna,85_intestine,ītapit(š)ia,ītapitia,i i t a p i t i a,,Koch1914[814],,,^ ītapitia $,default
Desano-674_fatobese-1,,Desano,674_fatobese,é̥ye̠,é̥ye̠,ɨ j ɛ,,Koch1914[814],,,^ é̥ye̠ $,default
Yupua-674_fatobese-1,,Yupua,674_fatobese,yáui(x̯)ke̥tsi,yáuike̥tsi,j a w i k ɨ ts i,,Koch1914[814],,,^ yáuike̥tsi $,default
Desano-87_saliva-1,,Desano,87_saliva,dix̯siku,dix̯siku,d i h s i k u,,Koch1914[814],,,^ dix̯siku $,default
Yahuna-87_saliva-1,,Yahuna,87_saliva,liókaka,liókaka,ɺ i ɔ k a k a,,Koch1914[814],,,^ liókaka $,default
Yahuna-87_saliva-2,,Yahuna,87_saliva,diókaka,diókaka,d i ɔ k a k a,,Koch1914[814],,,^ diókaka $,default
Desano-88_urine-1,,Desano,88_urine,kōlé̠,kōlé̠,k ɔ ɔ ɺ ɛ,,Koch1914[814],,,^ kōlé̠ $,default
Yupua-88_urine-1,,Yupua,88_urine,ya(g)núuli,yanúuli,j a n u u ɺ i,,Koch1914[814],,,^ yanúuli $,default
Yahuna-88_urine-1,,Yahuna,88_urine,ōlé̠a,ōlé̠a,ɔ ɔ ɺ ɛ a,,Koch1914[814],,,^ ōlé̠a $,default
Koretu-88_urine-1,,Koretu,88_urine,sikonḗ̠ri,sikonḗ̠ri,s i k ɔ n ɛ ɛ ɾ i,,Koch1914[814],,,^ sikonḗ̠ri $,default
Desano-88_urine-2,,Desano,88_urine,kōré̠,kōré̠,k ɔ ɔ ɾ ɛ,,Koch1914[814],,,^ kōré̠ $,default
Yupua-88_urine-2,,Yupua,88_urine,(g)nú(u)li,núli,n u ɺ i,,Koch1914[814],,,^ núli $,default
Yahuna-88_urine-2,,Yahuna,88_urine,ṓ'lé̠a,ṓ'lé̠a,ɔ ɔ ʔ ɺ ɛ a,,Koch1914[814],,,^ ṓ'lé̠a $,default
Desano-89_sweatsubstance-1,,Desano,89_sweatsubstance,yehátsirigoali,yehátsirigoali,j e h a ts i ɾ i g ɔ a ɺ i,,Koch1914[814],,,^ yehátsirigoali $,default
Yahuna-89_sweatsubstance-1,,Yahuna,89_sweatsubstance,ihíui̯tsia,ihíui̯tsia,i h i w i ts i a,,Koch1914[814],,,^ ihíui̯tsia $,default
Desano-90_tearofeye-1,,Desano,90_tearofeye,kṓlex̯ko,kṓlex̯ko,k ɔ ɔ ɺ e h k ɔ,,Koch1914[814],,,^ kṓlex̯ko $,default
Yahuna-90_tearofeye-1,,Yahuna,90_tearofeye,yakókaka,yakókaka,j a k ɔ k a k a,,Koch1914[814],,,^ yakókaka $,default
Desano-90_tearofeye-2,,Desano,90_tearofeye,kṓrex̯ko,kṓrex̯ko,k ɔ ɔ ɾ e h k ɔ,,Koch1914[814],,,^ kṓrex̯ko $,default
Desano-91_faecesexcrement-1,,Desano,91_faecesexcrement,ge̥lá,ge̥lá,g ɨ ɺ a,,Koch1914[814],,,^ ge̥lá $,default
Yupua-91_faecesexcrement-1,,Yupua,91_faecesexcrement,yagé̥la,yagé̥la,j a g ɨ ɺ a,,Koch1914[814],,,^ yagé̥la $,default
Yahuna-91_faecesexcrement-1,,Yahuna,91_faecesexcrement,itá,itá,i t a,,Koch1914[814],,,^ itá $,default
Koretu-91_faecesexcrement-1,,Koretu,91_faecesexcrement,ge̥tā́ri,ge̥tā́ri,g ɨ t a a ɾ i,,Koch1914[814],,,^ ge̥tā́ri $,default
Desano-92_fartnoun-1,,Desano,92_fartnoun,tā́bole,tā́bole,t a a b ɔ ɺ e,,Koch1914[814],,,^ tā́bole $,default
Yahuna-92_fartnoun-1,,Yahuna,92_fartnoun,itope̠ḥálika,itope̠ḥálika,i t ɔ p ɛ h a ɺ i k a,,Koch1914[814],,,^ itope̠ḥálika $,default
Desano-92_fartnoun-2,,Desano,92_fartnoun,tā́bore,tā́bore,t a a b ɔ ɾ e,,Koch1914[814],,,^ tā́bore $,default
Desano-93_breath-1,,Desano,93_breath,tsīunduxhā́ko,tsīunduxhā́ko,ts i i u n d u h a a k ɔ,,Koch1914[814],,,^ tsīunduxhā́ko $,default
Yahuna-93_breath-1,,Yahuna,93_breath,(n)dyiaká,dyiaká,dʒ i a k a,,Koch1914[814],,,^ dyiaká $,default
Desano-94_wound-1,,Desano,94_wound,kāmíno,kāmíno,k a a m i n ɔ,,Koch1914[814],,,^ kāmíno $,default
Desano-95_purupuruskindisease-1,,Desano,95_purupuruskindisease,purúpuru,purúpuru,p u ɾ u p u ɾ u,,Koch1914[814],,,^ purúpuru $,default
Desano-96_beak-1,,Desano,96_beak,uex̯kóiṅinu,uex̯kóiṅinu,w e h k ɔ i ŋ i n u,,Koch1914[814],,,^ uex̯kóiṅinu $,default
Yahuna-96_beak-1,,Yahuna,96_beak,nahe̠ṓme̠a,nahe̠ṓme̠a,n a h ɛ ɔ ɔ m ɛ a,,Koch1914[814],,,^ nahe̠ṓme̠a $,default
Desano-97_tail-1,,Desano,97_tail,diḗy(i)pōleru,diḗypōleru,d i e e j i p ɔ ɔ ɺ e ɾ u,,Koch1914[814],,,^ diḗypōleru $,default
Yupua-97_tail-1,,Yupua,97_tail,bī́(g)e̥le̥,bī́e̥le̥,b i i ɨ ɺ ɨ,,Koch1914[814],,,^ bī́e̥le̥ $,default
Yahuna-97_tail-1,,Yahuna,97_tail,uaipikóa,uaipikóa,w a i p i k ɔ a,,Koch1914[814],,,^ uaipikóa $,default
Desano-97_tail-2,,Desano,97_tail,uex̯kópōleru,uex̯kópōleru,w e h k ɔ p ɔ ɔ ɺ e ɾ u,,Koch1914[814],,,^ uex̯kópōleru $,default
Yupua-97_tail-2,,Yupua,97_tail,bíṅe̥le,bíṅe̥le,b i ŋ ɨ ɺ e,,Koch1914[814],,,^ bíṅe̥le $,default
Desano-98_wing-1,,Desano,98_wing,uex̯kowe̥lī́(g)e,uex̯kowe̥lī́e,w e h k ɔ w ɨ ɺ i i e,,Koch1914[814],,,^ uex̯kowe̥lī́e $,default
Yahuna-98_wing-1,,Yahuna,98_wing,kahe̠pitía,kahe̠pitía,k a h ɛ p i t i a,,Koch1914[814],,,^ kahe̠pitía $,default
Desano-99_feather-1,,Desano,99_feather,uex̯kopoáli,uex̯kopoáli,w e h k ɔ p ɔ a ɺ i,,Koch1914[814],,,^ uex̯kopoáli $,default
Yupua-99_feather-1,,Yupua,99_feather,póa,póa,p ɔ a,,Koch1914[814],,,^ póa $,default
Yahuna-99_feather-1,,Yahuna,99_feather,kipōtiá,kipōtiá,k i p ɔ ɔ t i a,,Koch1914[814],,,^ kipōtiá $,default
Koretu-99_feather-1,,Koretu,99_feather,té̠ḥau̯īri,té̠ḥau̯īri,t ɛ h a w i i ɾ i,,Koch1914[814],,,^ té̠ḥau̯īri $,default
Yahuna-100_fin-1,,Yahuna,100_fin,uaihī́ro,uaihī́ro,w a i h i i ɾ ɔ,,Koch1914[814],,,^ uaihī́ro $,default
Yahuna-100_fin-2,,Yahuna,100_fin,kihī́roa,kihī́roa,k i h i i ɾ ɔ a,,Koch1914[814],,,^ kihī́roa $,default
Desano-101_water-1,,Desano,101_water,dex̯kó,dex̯kó,d e h k ɔ,,Koch1914[814],,,^ dex̯kó $,default
Yupua-101_water-1,,Yupua,101_water,dé̠(x̯)ko,dé̠ko,d ɛ k ɔ,,Koch1914[814],,,^ dé̠ko $,default
Yahuna-101_water-1,,Yahuna,101_water,ókoa,ókoa,ɔ k ɔ a,,Koch1914[814],,,^ ókoa $,default
Koretu-101_water-1,,Koretu,101_water,kótapu,kótapu,k ɔ t a p u,,Koch1914[814],,,^ kótapu $,default
Yahuna-101_water-2,,Yahuna,101_water,hókoa,hókoa,h ɔ k ɔ a,,Koch1914[814],,,^ hókoa $,default
Desano-102_river-1,,Desano,102_river,diá,diá,d i a,,Koch1914[814],,,^ diá $,default
Yupua-102_river-1,,Yupua,102_river,diaya,diaya,d i a j a,,Koch1914[814],,,^ diaya $,default
Yahuna-102_river-1,,Yahuna,102_river,diáka,diáka,d i a k a,,Koch1914[814],,,^ diáka $,default
Koretu-102_river-1,,Koretu,102_river,lā́ya,lā́ya,ɺ a a j a,,Koch1914[814],,,^ lā́ya $,default
Yahuna-102_river-2,,Yahuna,102_river,liáka,liáka,ɺ i a k a,,Koch1914[814],,,^ liáka $,default
Desano-103_brook-1,,Desano,103_brook,pē̠ráma,pē̠ráma,p ɛ ɛ ɾ a m a,,Koch1914[814],,,^ pē̠ráma $,default
Yahuna-103_brook-1,,Yahuna,103_brook,diámaka,diámaka,d i a m a k a,,Koch1914[814],,,^ diámaka $,default
Yahuna-103_brook-2,,Yahuna,103_brook,liámaka,liámaka,ɺ i a m a k a,,Koch1914[814],,,^ liámaka $,default
Desano-104_lagoon-1,,Desano,104_lagoon,dix̯tálu,dix̯tálu,d i h t a ɺ u,,Koch1914[814],,,^ dix̯tálu $,default
Yupua-104_lagoon-1,,Yupua,104_lagoon,titāla,titāla,t i t a a ɺ a,,Koch1914[814],,,^ titāla $,default
Koretu-104_lagoon-1,,Koretu,104_lagoon,ritāre̥,ritāre̥,ɾ i t a a ɾ ɨ,,Koch1914[814],,,^ ritāre̥ $,default
Desano-105_waterfall-1,,Desano,105_waterfall,e̥xtámu,e̥xtámu,ɨ h t a m u,,Koch1914[814],,,^ e̥xtámu $,default
Yahuna-105_waterfall-1,,Yahuna,105_waterfall,ātá,ātá,a a t a,,Koch1914[814],,,^ ātá $,default
Desano-106_narrowriverarmparanamiri-1,,Desano,106_narrowriverarmparanamiri,yūli,yūli,j u u ɺ i,,Koch1914[814],,,^ yūli $,default
Desano-107_fire-1,,Desano,107_fire,pē̠ā́me,pē̠ā́me,p ɛ ɛ a a m e,,Koch1914[814],,,^ pē̠ā́me $,default
Yupua-107_fire-1,,Yupua,107_fire,pie̥le̥,pie̥le̥,p i ɨ ɺ ɨ,,Koch1914[814],,,^ pie̥le̥ $,default
Yahuna-107_fire-1,,Yahuna,107_fire,pē̠ká,pē̠ká,p ɛ ɛ k a,,Koch1914[814],,,^ pē̠ká $,default
Koretu-107_fire-1,,Koretu,107_fire,hḗ̠hie̠kie̥,hḗ̠hie̠kie̥,h ɛ ɛ h i ɛ k i ɨ,,Koch1914[814],,,^ hḗ̠hie̠kie̥ $,default
Desano-108_smokeexhaust-1,,Desano,108_smokeexhaust,ōmú,ōmú,ɔ ɔ m u,,Koch1914[814],,,^ ōmú $,default
Yupua-108_smokeexhaust-1,,Yupua,108_smokeexhaust,bū́(d)yi,bū́yi,b u u j i,,Koch1914[814],,,^ bū́yi $,default
Yahuna-108_smokeexhaust-1,,Yahuna,108_smokeexhaust,ōmákaka,ōmákaka,ɔ ɔ m a k a k a,,Koch1914[814],,,^ ōmákaka $,default
Koretu-108_smokeexhaust-1,,Koretu,108_smokeexhaust,ē̠ke̠ápiāri,ē̠ke̠ápiāri,ɛ ɛ k ɛ a p i a a ɾ i,,Koch1914[814],,,^ ē̠ke̠ápiāri $,default
Desano-109_ash-1,,Desano,109_ash,nuxhoá,nuxhoá,n u h ɔ a,,Koch1914[814],,,^ nuxhoá $,default
Yahuna-109_ash-1,,Yahuna,109_ash,ū́a,ū́a,u u a,,Koch1914[814],,,^ ū́a $,default
Desano-110_coal-1,,Desano,110_coal,nix̯ti,nix̯ti,n i h t i,,Koch1914[814],,,^ nix̯ti $,default
Yahuna-110_coal-1,,Yahuna,110_coal,pē̠kapulúa,pē̠kapulúa,p ɛ ɛ k a p u ɺ u a,,Koch1914[814],,,^ pē̠kapulúa $,default
Koretu-110_coal-1,,Koretu,110_coal,yakotitī́ri,yakotitī́ri,j a k ɔ t i t i i ɾ i,,Koch1914[814],,,^ yakotitī́ri $,default
Desano-110_coal-2,,Desano,110_coal,(pē̠áme)nix̯ti,nix̯ti,n i h t i,,Koch1914[814],,,^ nix̯ti $,default
Desano-111_firewood-1,,Desano,111_firewood,pē̠á,pē̠á,p ɛ ɛ a,,Koch1914[814],,,^ pē̠á $,default
Yupua-111_firewood-1,,Yupua,111_firewood,pé̠a,pé̠a,p ɛ a,,Koch1914[814],,,^ pé̠a $,default
Yahuna-111_firewood-1,,Yahuna,111_firewood,pē̠ká,pē̠ká,p ɛ ɛ k a,,Koch1914[814],,,^ pē̠ká $,default
Koretu-111_firewood-1,,Koretu,111_firewood,hḗ̠(e̠)kie̠ri,hḗ̠kie̠ri,h ɛ ɛ k i ɛ ɾ i,,Koch1914[814],,,^ hḗ̠kie̠ri $,default
Desano-112_sky-1,,Desano,112_sky,ēme̥tsi,ēme̥tsi,e e m ɨ ts i,,Koch1914[814],,,^ ēme̥tsi $,default
Yupua-112_sky-1,,Yupua,112_sky,ue̠(x̯)sé̠,ue̠sé̠,w ɛ s ɛ,,Koch1914[814],,,^ ue̠sé̠ $,default
Yahuna-112_sky-1,,Yahuna,112_sky,īmía,īmía,i i m i a,,Koch1914[814],,,^ īmía $,default
Koretu-112_sky-1,,Koretu,112_sky,ne̥(e)mé̥lokē̠ri,ne̥mé̥lokē̠ri,n ɨ m ɨ ɺ ɔ k ɛ ɛ ɾ i,,Koch1914[814],,,^ ne̥mé̥lokē̠ri $,default
Koretu-112_sky-2,,Koretu,112_sky,ne̥'mé̥lokē̠ri,ne̥'mé̥lokē̠ri,n ɨ ʔ m ɨ ɺ ɔ k ɛ ɛ ɾ i,,Koch1914[814],,,^ ne̥'mé̥lokē̠ri $,default
Desano-113_cloud-1,,Desano,113_cloud,imī́kakuruli,imī́kakuruli,i m i i k a k u ɾ u ɺ i,,Koch1914[814],,,^ imī́kakuruli $,default
Yahuna-113_cloud-1,,Yahuna,113_cloud,uhḗ̠pe̠ma,uhḗ̠pe̠ma,u h ɛ ɛ p ɛ m a,,Koch1914[814],,,^ uhḗ̠pe̠ma $,default
Desano-114_rainprecipitation-1,,Desano,114_rainprecipitation,dex̯kó,dex̯kó,d e h k ɔ,,Koch1914[814],,,^ dex̯kó $,default
Yupua-114_rainprecipitation-1,,Yupua,114_rainprecipitation,dé̠(x̯)ko,dé̠ko,d ɛ k ɔ,,Koch1914[814],,,^ dé̠ko $,default
Yahuna-114_rainprecipitation-1,,Yahuna,114_rainprecipitation,ókoa,ókoa,ɔ k ɔ a,,Koch1914[814],,,^ ókoa $,default
Koretu-114_rainprecipitation-1,,Koretu,114_rainprecipitation,kṓtari,kṓtari,k ɔ ɔ t a ɾ i,,Koch1914[814],,,^ kṓtari $,default
Yahuna-115_fog-1,,Yahuna,115_fog,namátsika,namátsika,n a m a ts i k a,,Koch1914[814],,,^ namátsika $,default
Yahuna-115_fog-2,,Yahuna,115_fog,namásiga,namásiga,n a m a s i g a,,Koch1914[814],,,^ namásiga $,default
Desano-116_dew-1,,Desano,116_dew,buī́ribu,buī́ribu,b u i i ɾ i b u,,Koch1914[814],,,^ buī́ribu $,default
Yahuna-116_dew-1,,Yahuna,116_dew,namásiga,namásiga,n a m a s i g a,,Koch1914[814],,,^ namásiga $,default
Yahuna-117_drizzle-1,,Yahuna,117_drizzle,ṓ(o)diáka,ṓdiáka,ɔ ɔ d i a k a,,Koch1914[814],,,^ ṓdiáka $,default
Desano-118_wind-1,,Desano,118_wind,mī́nu,mī́nu,m i i n u,,Koch1914[814],,,^ mī́nu $,default
Yupua-118_wind-1,,Yupua,118_wind,uī́ne̥,uī́ne̥,w i i n ɨ,,Koch1914[814],,,^ uī́ne̥ $,default
Yahuna-118_wind-1,,Yahuna,118_wind,uī́noa,uī́noa,w i i n ɔ a,,Koch1914[814],,,^ uī́noa $,default
Koretu-118_wind-1,,Koretu,118_wind,iā́re̥,iā́re̥,j a a ɾ ɨ,,Koch1914[814],,,^ iā́re̥ $,default
Desano-119_lightning-1,,Desano,119_lightning,buxpú,buxpú,b u h p u,,Koch1914[814],,,^ buxpú $,default
Yupua-119_lightning-1,,Yupua,119_lightning,ué̥(x)pa,ué̥pa,w ɨ p a,,Koch1914[814],,,^ ué̥pa $,default
Yahuna-119_lightning-1,,Yahuna,119_lightning,uipóa,uipóa,w i p ɔ a,,Koch1914[814],,,^ uipóa $,default
Koretu-119_lightning-1,,Koretu,119_lightning,me̥ḥolaláḥani,me̥ḥolaláḥani,m ɨ h ɔ ɺ a ɺ a h a n i,,Koch1914[814],,,^ me̥ḥolaláḥani $,default
Yahuna-119_lightning-2,,Yahuna,119_lightning,ui̯póa,ui̯póa,w i p ɔ a,,Koch1914[814],,,^ ui̯póa $,default
Yahuna-119_lightning-3,,Yahuna,119_lightning,ui(x̯)póa,uipóa,w i p ɔ a,,Koch1914[814],,,^ uipóa $,default
Yahuna-119_lightning-4,,Yahuna,119_lightning,ui̯podyā́e̠ga,ui̯podyā́e̠ga,w i p ɔ dʒ a a ɛ g a,,Koch1914[814],,,^ ui̯podyā́e̠ga $,default
Desano-120_thunder-1,,Desano,120_thunder,buxpúpāgumī́na,buxpúpāgumī́na,b u h p u p a a g u m i i n a,,Koch1914[814],,,^ buxpúpāgumī́na $,default
Yupua-120_thunder-1,,Yupua,120_thunder,ue̥(x)papabíke̥,ue̥papabíke̥,w ɨ p a p a b i k ɨ,,Koch1914[814],,,^ ue̥papabíke̥ $,default
Yahuna-120_thunder-1,,Yahuna,120_thunder,ui̯póhaiga,ui̯póhaiga,w i p ɔ h a i g a,,Koch1914[814],,,^ ui̯póhaiga $,default
Koretu-120_thunder-1,,Koretu,120_thunder,mé̥(e)ḥo,mé̥ḥo,m ɨ h ɔ,,Koch1914[814],,,^ mé̥ḥo $,default
Koretu-120_thunder-2,,Koretu,120_thunder,mé̥'ḥo,mé̥'ḥo,m ɨ ʔ h ɔ,,Koch1914[814],,,^ mé̥'ḥo $,default
Desano-121_rainbow-1,,Desano,121_rainbow,buida,buida,b u i d a,,Koch1914[815],,,^ buida $,default
Yupua-121_rainbow-1,,Yupua,121_rainbow,patua(d)yá,patuayá,p a t u a j a,,Koch1914[815],,,^ patuayá $,default
Yahuna-121_rainbow-1,,Yahuna,121_rainbow,omau̯alía,omau̯alía,ɔ m a w a ɺ i a,,Koch1914[815],,,^ omau̯alía $,default
Koretu-121_rainbow-1,,Koretu,121_rainbow,pué̥mokiape̥,pué̥mokiape̥,p u ɨ m ɔ k i a p ɨ,,Koch1914[815],,,^ pué̥mokiape̥ $,default
Desano-122_sun-1,,Desano,122_sun,ābé̠,ābé̠,a a b ɛ,,Koch1914[815],,,^ ābé̠ $,default
Yupua-122_sun-1,,Yupua,122_sun,aué̠,aué̠,a w ɛ,,Koch1914[815],,,^ aué̠ $,default
Yahuna-122_sun-1,,Yahuna,122_sun,ihía,ihía,i h i a,,Koch1914[815],,,^ ihía $,default
Koretu-122_sun-1,,Koretu,122_sun,hā́'ia,hā́'ia,h a a ʔ j a,,Koch1914[815],,,^ hā́'ia $,default
Yupua-122_sun-2,,Yupua,122_sun,awé̠,awé̠,a w ɛ,,Koch1914[815],,,^ awé̠ $,default
Yahuna-122_sun-2,,Yahuna,122_sun,aiyagá,aiyagá,a i j a g a,,Koch1914[815],,,^ aiyagá $,default
Desano-123_shade-1,,Desano,123_shade,yex̯sébe̠ré̠no,yex̯sébe̠ré̠no,j e h s e b ɛ ɾ ɛ n ɔ,,Koch1914[815],,,^ yex̯sébe̠ré̠no $,default
Yupua-123_shade-1,,Yupua,123_shade,se̥sáma,se̥sáma,s ɨ s a m a,,Koch1914[815],,,^ se̥sáma $,default
Yahuna-123_shade-1,,Yahuna,123_shade,pítánanalika,pítánanalika,p i t a n a n a ɺ i k a,,Koch1914[815],,,^ pítánanalika $,default
Koretu-123_shade-1,,Koretu,123_shade,sihā́tiri,sihā́tiri,s i h a a t i ɾ i,,Koch1914[815],,,^ sihā́tiri $,default
Yupua-123_shade-2,,Yupua,123_shade,(t)six̯(t)sí,six̯sí,s i h s i,,Koch1914[815],,,^ six̯sí $,default
Yahuna-123_shade-2,,Yahuna,123_shade,tsapé̠ualalalika,tsapé̠ualalalika,ts a p ɛ w a ɺ a ɺ a ɺ i k a,,Koch1914[815],,,^ tsapé̠ualalalika $,default
Yupua-123_shade-3,,Yupua,123_shade,(t)se̥x(t)sé̥,se̥xsé̥,s ɨ h s ɨ,,Koch1914[815],,,^ se̥xsé̥ $,default
Yahuna-123_shade-3,,Yahuna,123_shade,tsapé̠ualalanika,tsapé̠ualalanika,ts a p ɛ w a ɺ a ɺ a n i k a,,Koch1914[815],,,^ tsapé̠ualalanika $,default
Yahuna-123_shade-4,,Yahuna,123_shade,pitálalalika,pitálalalika,p i t a ɺ a ɺ a ɺ i k a,,Koch1914[815],,,^ pitálalalika $,default
Yahuna-124_year-1,,Yahuna,124_year,īnakuliuḗ̠he̠naka,īnakuliuḗ̠he̠naka,i i n a k u ɺ i w ɛ ɛ h ɛ n a k a,,Koch1914[815],,,^ īnakuliuḗ̠he̠naka $,default
Yahuna-125_rainyseason-1,,Yahuna,125_rainyseason,okónimi,okónimi,ɔ k ɔ n i m i,,Koch1914[815],,,^ okónimi $,default
Yahuna-126_dryseason-1,,Yahuna,126_dryseason,ihíayeā́ika,ihíayeā́ika,i h i a j e a a i k a,,Koch1914[815],,,^ ihíayeā́ika $,default
Desano-127_day-1,,Desano,127_day,e̥mé̥,e̥mé̥,ɨ m ɨ,,Koch1914[815],,,^ e̥mé̥ $,default
Yupua-127_day-1,,Yupua,127_day,é̥me̥de̠(x̯)ka,é̥me̥de̠ka,ɨ m ɨ d ɛ k a,,Koch1914[815],,,^ é̥me̥de̠ka $,default
Yahuna-127_day-1,,Yahuna,127_day,imía,imía,i m i a,,Koch1914[815],,,^ imía $,default
Koretu-127_day-1,,Koretu,127_day,tapoī́híasi,tapoī́híasi,t a p ɔ i i h i a s i,,Koch1914[815],,,^ tapoī́híasi $,default
Yupua-127_day-2,,Yupua,127_day,uaḥuá,uaḥuá,w a h u a,,Koch1914[815],,,^ uaḥuá $,default
Desano-128_night-1,,Desano,128_night,yamika,yamika,j a m i k a,,Koch1914[815],,,^ yamika $,default
Yupua-128_night-1,,Yupua,128_night,yami,yami,j a m i,,Koch1914[815],,,^ yami $,default
Yahuna-128_night-1,,Yahuna,128_night,yamía,yamía,j a m i a,,Koch1914[815],,,^ yamía $,default
Koretu-128_night-1,,Koretu,128_night,yá'miri,yá'miri,j a ʔ m i ɾ i,,Koch1914[815],,,^ yá'miri $,default
Desano-129_morning-1,,Desano,129_morning,yamĩ́(g)ã,yamĩ́ã,j a m ĩ ã,,Koch1914[815],,,^ yamĩ́ã $,default
Yupua-129_morning-1,,Yupua,129_morning,uasúaa,uasúaa,w a s u a a,,Koch1914[815],,,^ uasúaa $,default
Yahuna-129_morning-1,,Yahuna,129_morning,uahḗ̠roga,uahḗ̠roga,w a h ɛ ɛ ɾ ɔ g a,,Koch1914[815],,,^ uahḗ̠roga $,default
Koretu-129_morning-1,,Koretu,129_morning,tapoiḥia,tapoiḥia,t a p ɔ i h i a,,Koch1914[815],,,^ tapoiḥia $,default
Yupua-129_morning-2,,Yupua,129_morning,uahoágamai̯,uahoágamai̯,w a h ɔ a g a m a i,,Koch1914[815],,,^ uahoágamai̯ $,default
Yahuna-129_morning-2,,Yahuna,129_morning,uḗ̠roga,uḗ̠roga,w ɛ ɛ ɾ ɔ g a,,Koch1914[815],,,^ uḗ̠roga $,default
Desano-130_noon-1,,Desano,130_noon,góe̠ripoe̠,góe̠ripoe̠,g ɔ ɛ ɾ i p ɔ ɛ,,Koch1914[815],,,^ góe̠ripoe̠ $,default
Yupua-130_noon-1,,Yupua,130_noon,áue̠pé̥lage̠,áue̠pé̥lage̠,a w ɛ p ɨ ɺ a g ɛ,,Koch1914[815],,,^ áue̠pé̥lage̠ $,default
Yahuna-130_noon-1,,Yahuna,130_noon,ayaté̠uahirikádyu,ayaté̠uahirikádyu,a j a t ɛ w a h i ɾ i k a dʒ u,,Koch1914[815],,,^ ayaté̠uahirikádyu $,default
Koretu-130_noon-1,,Koretu,130_noon,aianámati,aianámati,a j a n a m a t i,,Koch1914[815],,,^ aianámati $,default
Yahuna-130_noon-2,,Yahuna,130_noon,uahirikádyu,uahirikádyu,w a h i ɾ i k a dʒ u,,Koch1914[815],,,^ uahirikádyu $,default
Desano-131_evening-1,,Desano,131_evening,yamika,yamika,j a m i k a,,Koch1914[815],,,^ yamika $,default
Yupua-131_evening-1,,Yupua,131_evening,náige̠,náige̠,n a i g ɛ,,Koch1914[815],,,^ náige̠ $,default
Yahuna-131_evening-1,,Yahuna,131_evening,málaai̯dyu,málaai̯dyu,m a ɺ a a i dʒ u,,Koch1914[815],,,^ málaai̯dyu $,default
Koretu-131_evening-1,,Koretu,131_evening,le̠rū́re̥,le̠rū́re̥,ɺ ɛ ɾ u u ɾ ɨ,,Koch1914[815],,,^ le̠rū́re̥ $,default
Yahuna-132_dawn-1,,Yahuna,132_dawn,oā́liliga,oā́liliga,ɔ a a ɺ i ɺ i g a,,Koch1914[815],,,^ oā́liliga $,default
Desano-133_moon-1,,Desano,133_moon,ābé̠,ābé̠,a a b ɛ,,Koch1914[815],,,^ ābé̠ $,default
Yupua-133_moon-1,,Yupua,133_moon,yamimage̠áue̠,yamimage̠áue̠,j a m i m a g ɛ a w ɛ,,Koch1914[815],,,^ yamimage̠áue̠ $,default
Yahuna-133_moon-1,,Yahuna,133_moon,yámigakiai̯dyá,yámigakiai̯dyá,j a m i g a k i a i dʒ a,,Koch1914[815],,,^ yámigakiai̯dyá $,default
Koretu-133_moon-1,,Koretu,133_moon,hā́ia,hā́ia,h a a j a,,Koch1914[815],,,^ hā́ia $,default
Yahuna-133_moon-2,,Yahuna,133_moon,yámigakaiyagá,yámigakaiyagá,j a m i g a k a i j a g a,,Koch1914[815],,,^ yámigakaiyagá $,default
Desano-134_newmoon-1,,Desano,134_newmoon,mamadai̯y(o)áge̥,mamadai̯yáge̥,m a m a d a i j a g ɨ,,Koch1914[815],,,^ mamadai̯yáge̥ $,default
Yupua-134_newmoon-1,,Yupua,134_newmoon,áue̠mame̥,áue̠mame̥,a w ɛ m a m ɨ,,Koch1914[815],,,^ áue̠mame̥ $,default
Yahuna-134_newmoon-1,,Yahuna,134_newmoon,mā́makiai̯dyá,mā́makiai̯dyá,m a a m a k i a i dʒ a,,Koch1914[815],,,^ mā́makiai̯dyá $,default
Koretu-134_newmoon-1,,Koretu,134_newmoon,haiámamāke̥,haiámamāke̥,h a j a m a m a a k ɨ,,Koch1914[815],,,^ haiámamāke̥ $,default
Desano-135_fullmoon-1,,Desano,135_fullmoon,buhī́bāge̥,buhī́bāge̥,b u h i i b a a g ɨ,,Koch1914[815],,,^ buhī́bāge̥ $,default
Yupua-135_fullmoon-1,,Yupua,135_fullmoon,áue̠túua,áue̠túua,a w ɛ t u u a,,Koch1914[815],,,^ áue̠túua $,default
Yahuna-135_fullmoon-1,,Yahuna,135_fullmoon,ayaká hiadyaāníke̠ka,ayaká_hiadyaāníke̠ka,a j a k a + h i a dʒ a a a n i k ɛ k a,,Koch1914[815],,,^ ayaká _ hiadyaāníke̠ka $,default
Koretu-135_fullmoon-1,,Koretu,135_fullmoon,haiakulísi,haiakulísi,h a j a k u ɺ i s i,,Koch1914[815],,,^ haiakulísi $,default
Yahuna-136_moonhalo-1,,Yahuna,136_moonhalo,áḥe̠a,áḥe̠a,a h ɛ a,,Koch1914[815],,,^ áḥe̠a $,default
Desano-137_lunareclipse-1,,Desano,137_lunareclipse,ābé̠ tsīnĩ(g)e,ābé̠_tsīnĩe,a a b ɛ + ts i i n ĩ e,,Koch1914[815],,,^ ābé̠ _ tsīnĩe $,default
Desano-138_solareclipse-1,,Desano,138_solareclipse,ābé̠ tsīnĩ(g)e,ābé̠_tsīnĩe,a a b ɛ + ts i i n ĩ e,,Koch1914[815],,,^ ābé̠ _ tsīnĩe $,default
Desano-139_star-1,,Desano,139_star,nḗ̠yaxka,nḗ̠yaxka,n ɛ ɛ j a h k a,,Koch1914[815],,,^ nḗ̠yaxka $,default
Yupua-139_star-1,,Yupua,139_star,yoḳóro,yoḳóro,j ɔ k ɔ ɾ ɔ,,Koch1914[815],,,^ yoḳóro $,default
Yahuna-139_star-1,,Yahuna,139_star,tāpía,tāpía,t a a p i a,,Koch1914[815],,,^ tāpía $,default
Koretu-139_star-1,,Koretu,139_star,yákoḥe̠,yákoḥe̠,j a k ɔ h ɛ,,Koch1914[815],,,^ yákoḥe̠ $,default
Yupua-139_star-2,,Yupua,139_star,yokólo,yokólo,j ɔ k ɔ ɺ ɔ,,Koch1914[815],,,^ yokólo $,default
Yahuna-139_star-2,,Yahuna,139_star,tā'pía,tā'pía,t a a ʔ p i a,,Koch1914[815],,,^ tā'pía $,default
Yupua-139_star-3,,Yupua,139_star,yoxkólo,yoxkólo,j ɔ h k ɔ ɺ ɔ,,Koch1914[815],,,^ yoxkólo $,default
Desano-140_pleiades-1,,Desano,140_pleiades,nḗ̠katuru,nḗ̠katuru,n ɛ ɛ k a t u ɾ u,,Koch1914[815],,,^ nḗ̠katuru $,default
Yupua-140_pleiades-1,,Yupua,140_pleiades,yoxkólo,yoxkólo,j ɔ h k ɔ ɺ ɔ,,Koch1914[815],,,^ yoxkólo $,default
Yahuna-140_pleiades-1,,Yahuna,140_pleiades,tāpía,tāpía,t a a p i a,,Koch1914[815],,,^ tāpía $,default
Koretu-140_pleiades-1,,Koretu,140_pleiades,kuḥúlo,kuḥúlo,k u h u ɺ ɔ,,Koch1914[815],,,^ kuḥúlo $,default
Desano-141_milkyway-1,,Desano,141_milkyway,nḗ̠kama,nḗ̠kama,n ɛ ɛ k a m a,,Koch1914[815],,,^ nḗ̠kama $,default
Desano-142_earthsoilground-1,,Desano,142_earthsoilground,nix̯kú,nix̯kú,n i h k u,,Koch1914[815],,,^ nix̯kú $,default
Yupua-142_earthsoilground-1,,Yupua,142_earthsoilground,ti(x̯)tá,titá,t i t a,,Koch1914[815],,,^ titá $,default
Yahuna-142_earthsoilground-1,,Yahuna,142_earthsoilground,ka(a)ía,kaía,k a i a,,Koch1914[815],,,^ kaía $,default
Koretu-142_earthsoilground-1,,Koretu,142_earthsoilground,kiáire̥,kiáire̥,k i a i ɾ ɨ,,Koch1914[815],,,^ kiáire̥ $,default
Yahuna-142_earthsoilground-2,,Yahuna,142_earthsoilground,ka'ía,ka'ía,k a ʔ i a,,Koch1914[815],,,^ ka'ía $,default
Desano-143_field-1,,Desano,143_field,tā́bolero,tā́bolero,t a a b ɔ ɺ e ɾ ɔ,,Koch1914[815],,,^ tā́bolero $,default
Desano-144_path-1,,Desano,144_path,maá,maá,m a a,,Koch1914[815],,,^ maá $,default
Yupua-144_path-1,,Yupua,144_path,máa,máa,m a a,,Koch1914[815],,,^ máa $,default
Yahuna-144_path-1,,Yahuna,144_path,maá,maá,m a a,,Koch1914[815],,,^ maá $,default
Koretu-144_path-1,,Koretu,144_path,mā́re̥,mā́re̥,m a a ɾ ɨ,,Koch1914[815],,,^ mā́re̥ $,default
Desano-145_mountain-1,,Desano,145_mountain,e̥lé̥,e̥lé̥,ɨ ɺ ɨ,,Koch1914[815],,,^ e̥lé̥ $,default
Yupua-145_mountain-1,,Yupua,145_mountain,ti(x̯)te̠e̥mé̥ma,tite̠e̥mé̥ma,t i t ɛ ɨ m ɨ m a,,Koch1914[815],,,^ tite̠e̥mé̥ma $,default
Yahuna-145_mountain-1,,Yahuna,145_mountain,makánikia,makánikia,m a k a n i k i a,,Koch1914[815],,,^ makánikia $,default
Koretu-145_mountain-1,,Koretu,145_mountain,puī́re̥,puī́re̥,p u i i ɾ ɨ,,Koch1914[815],,,^ puī́re̥ $,default
Desano-146_forest-1,,Desano,146_forest,nē̃(g)ē̃́,nē̃ē̃́,n ẽ ẽ ẽ ẽ,,Koch1914[815],,,^ nē̃ē̃́ $,default
Yupua-146_forest-1,,Yupua,146_forest,makáge̥,makáge̥,m a k a g ɨ,,Koch1914[815],,,^ makáge̥ $,default
Yahuna-146_forest-1,,Yahuna,146_forest,makáka,makáka,m a k a k a,,Koch1914[815],,,^ makáka $,default
Koretu-146_forest-1,,Koretu,146_forest,mākiálokē̠re̥,mākiálokē̠re̥,m a a k i a ɺ ɔ k ɛ ɛ ɾ ɨ,,Koch1914[815],,,^ mākiálokē̠re̥ $,default
Yupua-146_forest-2,,Yupua,146_forest,ma(x)káge̥,makáge̥,m a k a g ɨ,,Koch1914[815],,,^ makáge̥ $,default
Desano-147_island-1,,Desano,147_island,nē̃(g)ē̃no,nē̃ē̃no,n ẽ ẽ ẽ ẽ n ɔ,,Koch1914[815],,,^ nē̃ē̃no $,default
Yupua-147_island-1,,Yupua,147_island,ti(x̯)tapurú,titapurú,t i t a p u ɾ u,,Koch1914[815],,,^ titapurú $,default
Yahuna-147_island-1,,Yahuna,147_island,hṓmulika,hṓmulika,h ɔ ɔ m u ɺ i k a,,Koch1914[815],,,^ hṓmulika $,default
Koretu-147_island-1,,Koretu,147_island,kíaito,kíaito,k i a i t ɔ,,Koch1914[815],,,^ kíaito $,default
Yupua-147_island-2,,Yupua,147_island,ti(x̯)tapulú,titapulú,t i t a p u ɺ u,,Koch1914[815],,,^ titapulú $,default
Desano-148_beach-1,,Desano,148_beach,ēmíparo,ēmíparo,e e m i p a ɾ ɔ,,Koch1914[815],,,^ ēmíparo $,default
Yupua-148_beach-1,,Yupua,148_beach,pu̠(o)lé̥,pu̠lé̥,p ʊ ɺ ɨ,,Koch1914[815],,,^ pu̠lé̥ $,default
Yahuna-148_beach-1,,Yahuna,148_beach,pōtía,pōtía,p ɔ ɔ t i a,,Koch1914[815],,,^ pōtía $,default
Koretu-148_beach-1,,Koretu,148_beach,hṓnto,hṓnto,h ɔ ɔ n t ɔ,,Koch1914[815],,,^ hṓnto $,default
Yahuna-148_beach-2,,Yahuna,148_beach,pōt(s)ía,pōtía,p ɔ ɔ t i a,,Koch1914[815],,,^ pōtía $,default
Desano-149_stone-1,,Desano,149_stone,e̥xtá,e̥xtá,ɨ h t a,,Koch1914[815],,,^ e̥xtá $,default
Yupua-149_stone-1,,Yupua,149_stone,(ṅ)(g)é̥le̥,é̥le̥,ɨ ɺ ɨ,,Koch1914[815],,,^ é̥le̥ $,default
Yahuna-149_stone-1,,Yahuna,149_stone,ā́ta,ā́ta,a a t a,,Koch1914[815],,,^ ā́ta $,default
Koretu-149_stone-1,,Koretu,149_stone,sí(i)ḥu,síḥu,s i h u,,Koch1914[815],,,^ síḥu $,default
Yahuna-150_pumice-1,,Yahuna,150_pumice,hopóa,hopóa,h ɔ p ɔ a,,Koch1914[815],,,^ hopóa $,default
Yahuna-151_whiterclay-1,,Yahuna,151_whiterclay,é̠oa,é̠oa,ɛ ɔ a,,Koch1914[815],,,^ é̠oa $,default
Yahuna-152_yellowclay-1,,Yahuna,152_yellowclay,hōt(s)ípoa,hōtípoa,h ɔ ɔ t i p ɔ a,,Koch1914[815],,,^ hōtípoa $,default
Desano-153_hole-1,,Desano,153_hole,gōbé̠,gōbé̠,g ɔ ɔ b ɛ,,Koch1914[815],,,^ gōbé̠ $,default
Desano-154_grave-1,,Desano,154_grave,maxsā́gobe̠,maxsā́gobe̠,m a h s a a g ɔ b ɛ,,Koch1914[815],,,^ maxsā́gobe̠ $,default
Yahuna-155_sea-1,,Yahuna,155_sea,kirī́kapunyuto,kirī́kapunyuto,k i ɾ i i k a p u ɲ u t ɔ,,Koch1914[815],,,^ kirī́kapunyuto $,default
Yahuna-156_riosolimoes-1,,Yahuna,156_riosolimoes,u'kádyali,u'kádyali,u ʔ k a dʒ a ɺ i,,Koch1914[815],,,^ u'kádyali $,default
Yahuna-157_riojapura-1,,Yahuna,157_riojapura,gamauḗni,gamauḗni,g a m a w e e n i,,Koch1914[815],,,^ gamauḗni $,default
Yahuna-157_riojapura-2,,Yahuna,157_riojapura,gamawḗni,gamawḗni,g a m a w e e n i,,Koch1914[815],,,^ gamawḗni $,default
Yahuna-158_rioapaporis-1,,Yahuna,158_rioapaporis,apapulí,apapulí,a p a p u ɺ i,,Koch1914[815],,,^ apapulí $,default
Desano-159_townorvillage-1,,Desano,159_townorvillage,maxká,maxká,m a h k a,,Koch1914[815],,,^ maxká $,default
Yupua-159_townorvillage-1,,Yupua,159_townorvillage,yaue̠sé̠,yaue̠sé̠,j a w ɛ s ɛ,,Koch1914[815],,,^ yaue̠sé̠ $,default
Yahuna-159_townorvillage-1,,Yahuna,159_townorvillage,māká,māká,m a a k a,,Koch1914[815],,,^ māká $,default
Yupua-160_home-1,,Yupua,160_home,yaue̠(x̯)(t)sé̠,yaue̠sé̠,j a w ɛ s ɛ,,Koch1914[815],,,^ yaue̠sé̠ $,default
Koretu-161_yourhome-1,,Koretu,161_yourhome,me̠ríue̠sḗ̠re̥,me̠ríue̠sḗ̠re̥,m ɛ ɾ i w ɛ s ɛ ɛ ɾ ɨ,,Koch1914[815],,,^ me̠ríue̠sḗ̠re̥ $,default
Koretu-161_yourhome-2,,Koretu,161_yourhome,me̠líue̠sḗ̠re̥,me̠líue̠sḗ̠re̥,m ɛ ɺ i w ɛ s ɛ ɛ ɾ ɨ,,Koch1914[815],,,^ me̠líue̠sḗ̠re̥ $,default
Desano-162_house-1,,Desano,162_house,wií,wií,w i i,,Koch1914[815],,,^ wií $,default
Yupua-162_house-1,,Yupua,162_house,ue̥é̥,ue̥é̥,w ɨ ɨ,,Koch1914[815],,,^ ue̥é̥ $,default
Yahuna-162_house-1,,Yahuna,162_house,uiíya,uiíya,w i i j a,,Koch1914[815],,,^ uiíya $,default
Koretu-162_house-1,,Koretu,162_house,ué̥ri,ué̥ri,w ɨ ɾ i,,Koch1914[815],,,^ ué̥ri $,default
Yupua-162_house-2,,Yupua,162_house,ué̥le̥,ué̥le̥,w ɨ ɺ ɨ,,Koch1914[815],,,^ ué̥le̥ $,default
Yupua-162_house-3,,Yupua,162_house,ue̥é̥le̥,ue̥é̥le̥,w ɨ ɨ ɺ ɨ,,Koch1914[815],,,^ ue̥é̥le̥ $,default
Yahuna-162_house-2,,Yahuna,162_house,uiía,uiía,w i i a,,Koch1914[815],,,^ uiía $,default
Desano-163_entrance-1,,Desano,163_entrance,dix̯síporo,dix̯síporo,d i h s i p ɔ ɾ ɔ,,Koch1914[815],,,^ dix̯síporo $,default
Yahuna-163_entrance-1,,Yahuna,163_entrance,kope̠re̠ká,kope̠re̠ká,k ɔ p ɛ ɾ ɛ k a,,Koch1914[815],,,^ kope̠re̠ká $,default
Desano-164_exit-1,,Desano,164_exit,wīgólotx̯(e)amu,wīgólotx̯amu,w i i g ɔ ɺ ɔ tʃ a m u,,Koch1914[816],,,^ wīgólotx̯amu $,default
Yahuna-164_exit-1,,Yahuna,164_exit,uā́pakopé̠a,uā́pakopé̠a,w a a p a k ɔ p ɛ a,,Koch1914[816],,,^ uā́pakopé̠a $,default
Desano-165_trapdoor-1,,Desano,165_trapdoor,dix̯sipialítse̠,dix̯sipialítse̠,d i h s i p i a ɺ i ts ɛ,,Koch1914[816],,,^ dix̯sipialítse̠ $,default
Yahuna-165_trapdoor-1,,Yahuna,165_trapdoor,hāapālóa,hāapālóa,h a a a p a a ɺ ɔ a,,Koch1914[816],,,^ hāapālóa $,default
Desano-166_buttressposts-1,,Desano,166_buttressposts,bōrá,bōrá,b ɔ ɔ ɾ a,,Koch1914[816],,,^ bōrá $,default
Yahuna-166_buttressposts-1,,Yahuna,166_buttressposts,bo(x)tá,botá,b ɔ t a,,Koch1914[816],,,^ botá $,default
Desano-166_buttressposts-2,,Desano,166_buttressposts,bōlá,bōlá,b ɔ ɔ ɺ a,,Koch1914[816],,,^ bōlá $,default
Yahuna-167_wallofhouse-1,,Yahuna,167_wallofhouse,koapái(a),koapái,k ɔ a p a i,,Koch1914[816],,,^ koapái $,default
Yahuna-167_wallofhouse-2,,Yahuna,167_wallofhouse,koapái(e),koapái,k ɔ a p a i,,Koch1914[816],,,^ koapái $,default
Yahuna-168_horizontalbattensthatholdthepaxiubabattensofthewalltogetherinthemiddle-1,,Yahuna,168_horizontalbattensthatholdthepaxiubabattensofthewalltogetherinthemiddle,bū́tumaa,bū́tumaa,b u u t u m a a,,Koch1914[816],,,^ bū́tumaa $,default
Yahuna-169_beamsthatsitonthepaxiubabattensonthewallandsupporttheroof-1,,Yahuna,169_beamsthatsitonthepaxiubabattensonthewallandsupporttheroof,koālapái(a),koālapái,k ɔ a a ɺ a p a i,,Koch1914[816],,,^ koālapái $,default
Yahuna-169_beamsthatsitonthepaxiubabattensonthewallandsupporttheroof-2,,Yahuna,169_beamsthatsitonthepaxiubabattensonthewallandsupporttheroof,kóālapái(e),kóālapái,k ɔ a a ɺ a p a i,,Koch1914[816],,,^ kóālapái $,default
Yahuna-170_slopingrafters-1,,Yahuna,170_slopingrafters,uiuahoa,uiuahoa,u j u a h ɔ a,,Koch1914[816],,,^ uiuahoa $,default
Yahuna-171_roofcladdingmadefromleavesofthecaranapalmtree-1,,Yahuna,171_roofcladdingmadefromleavesofthecaranapalmtree,muía,muía,m u i a,,Koch1914[816],,,^ muía $,default
Yahuna-171_roofcladdingmadefromleavesofthecaranapalmtree-2,,Yahuna,171_roofcladdingmadefromleavesofthecaranapalmtree,muī́ya,muī́ya,m u i i j a,,Koch1914[816],,,^ muī́ya $,default
Yahuna-172_horizontalbarrierstowhichthesecaranaleavesareattached-1,,Yahuna,172_horizontalbarrierstowhichthesecaranaleavesareattached,muipái(a),muipái,m u i p a i,,Koch1914[816],,,^ muipái $,default
Yahuna-173_chimney-1,,Yahuna,173_chimney,pā́sikope̠a,pā́sikope̠a,p a a s i k ɔ p ɛ a,,Koch1914[816],,,^ pā́sikope̠a $,default
Yahuna-173_chimney-2,,Yahuna,173_chimney,pā(t)sikope̠a,pāsikope̠a,p a a s i k ɔ p ɛ a,,Koch1914[816],,,^ pāsikope̠a $,default
Desano-174_planting-1,,Desano,174_planting,poé̠,poé̠,p ɔ ɛ,,Koch1914[816],,,^ poé̠ $,default
Yupua-174_planting-1,,Yupua,174_planting,é̥ba,é̥ba,ɨ b a,,Koch1914[816],,,^ é̥ba $,default
Yahuna-174_planting-1,,Yahuna,174_planting,diyóa,diyóa,d i j ɔ a,,Koch1914[816],,,^ diyóa $,default
Koretu-174_planting-1,,Koretu,174_planting,yakotaḥī́re̥,yakotaḥī́re̥,j a k ɔ t a h i i ɾ ɨ,,Koch1914[816],,,^ yakotaḥī́re̥ $,default
Yupua-174_planting-2,,Yupua,174_planting,é̥(x)ba,é̥ba,ɨ b a,,Koch1914[816],,,^ é̥ba $,default
Desano-175_torch-1,,Desano,175_torch,me̥pe̥lí,me̥pe̥lí,m ɨ p ɨ ɺ i,,Koch1914[816],,,^ me̥pe̥lí $,default
Yahuna-176_yeast-1,,Yahuna,176_yeast,pā́pitaka,pā́pitaka,p a a p i t a k a,,Koch1914[816],,,^ pā́pitaka $,default
Yahuna-177_storageplaceinforestlgmitasaua-1,,Yahuna,177_storageplaceinforestlgmitasaua,kōlimatá,kōlimatá,k ɔ ɔ ɺ i m a t a,,Koch1914[816],,,^ kōlimatá $,default
Desano-178_scaffoldinginthehousetoputthingsonorhangon-1,,Desano,178_scaffoldinginthehousetoputthingsonorhangon,kāyá,kāyá,k a a j a,,Koch1914[816],,,^ kāyá $,default
Desano-179_stool-1,,Desano,179_stool,tsē̠ró,tsē̠ró,ts ɛ ɛ ɾ ɔ,,Koch1914[816],,,^ tsē̠ró $,default
Yupua-179_stool-1,,Yupua,179_stool,dóama,dóama,d ɔ a m a,,Koch1914[816],,,^ dóama $,default
Yahuna-179_stool-1,,Yahuna,179_stool,dúpalikumúa,dúpalikumúa,d u p a ɺ i k u m u a,,Koch1914[816],,,^ dúpalikumúa $,default
Koretu-179_stool-1,,Koretu,179_stool,ká̠u,ká̠u,k ɑ u,,Koch1914[816],,,^ ká̠u $,default
Yahuna-179_stool-2,,Yahuna,179_stool,lúpalikumúa,lúpalikumúa,ɺ u p a ɺ i k u m u a,,Koch1914[816],,,^ lúpalikumúa $,default
Desano-180_curauafiber-1,,Desano,180_curauafiber,yohó,yohó,j ɔ h ɔ,,Koch1914[816],,,^ yohó $,default
Desano-181_hammock-1,,Desano,181_hammock,pṹ(g)ẽ,pṹẽ,p ũ ẽ,,Koch1914[816],,,^ pṹẽ $,default
Yupua-181_hammock-1,,Yupua,181_hammock,púe,púe,p u e,,Koch1914[816],,,^ púe $,default
Yahuna-181_hammock-1,,Yahuna,181_hammock,páua,páua,p a w a,,Koch1914[816],,,^ páua $,default
Koretu-181_hammock-1,,Koretu,181_hammock,ḥā́e,ḥā́e,h a a e,,Koch1914[816],,,^ ḥā́e $,default
Desano-181_hammock-2,,Desano,181_hammock,pũ(g)ẽ́,pũẽ́,p ũ ẽ,,Koch1914[816],,,^ pũẽ́ $,default
Koretu-182_cottonhammock-1,,Koretu,182_cottonhammock,i(i)otáḥae,iotáḥae,j ɔ t a h a e,,Koch1914[816],,,^ iotáḥae $,default
Yupua-183_hammockropes-1,,Yupua,183_hammockropes,pue(x)kā́lu,puekā́lu,p u e k a a ɺ u,,Koch1914[816],,,^ puekā́lu $,default
Yahuna-183_hammockropes-1,,Yahuna,183_hammockropes,paukáno,paukáno,p a u k a n ɔ,,Koch1914[816],,,^ paukáno $,default
Desano-184_cotton-1,,Desano,184_cotton,yulá,yulá,j u ɺ a,,Koch1914[816],,,^ yulá $,default
Yupua-184_cotton-1,,Yupua,184_cotton,yuláme̠,yuláme̠,j u ɺ a m ɛ,,Koch1914[816],,,^ yuláme̠ $,default
Yahuna-184_cotton-1,,Yahuna,184_cotton,yutáka,yutáka,j u t a k a,,Koch1914[816],,,^ yutáka $,default
Koretu-184_cotton-1,,Koretu,184_cotton,i'(i)ótāre̥,i'ótāre̥,i ʔ ɔ t a a ɾ ɨ,,Koch1914[816],,,^ i'ótāre̥ $,default
Desano-184_cotton-2,,Desano,184_cotton,yurá,yurá,j u ɾ a,,Koch1914[816],,,^ yurá $,default
Yahuna-184_cotton-2,,Yahuna,184_cotton,yu(x)táka,yutáka,j u t a k a,,Koch1914[816],,,^ yutáka $,default
Desano-185_cloth-1,,Desano,185_cloth,tsū́līro,tsū́līro,ts u u ɺ i i ɾ ɔ,,Koch1914[816],,,^ tsū́līro $,default
Yahuna-185_cloth-1,,Yahuna,185_cloth,sā́ya,sā́ya,s a a j a,,Koch1914[816],,,^ sā́ya $,default
Desano-186_carryingbasketofwomen-1,,Desano,186_carryingbasketofwomen,púibu,púibu,p u i b u,,Koch1914[816],,,^ púibu $,default
Yupua-186_carryingbasketofwomen-1,,Yupua,186_carryingbasketofwomen,pé̥i,pé̥i,p ɨ i,,Koch1914[816],,,^ pé̥i $,default
Yahuna-186_carryingbasketofwomen-1,,Yahuna,186_carryingbasketofwomen,piía,piía,p i i a,,Koch1914[816],,,^ piía $,default
Koretu-186_carryingbasketofwomen-1,,Koretu,186_carryingbasketofwomen,ó(o)atu,óatu,ɔ a t u,,Koch1914[816],,,^ óatu $,default
Yahuna-187_menscarryingbaskettogetcocaleaves-1,,Yahuna,187_menscarryingbaskettogetcocaleaves,uarū́rapiia,uarū́rapiia,w a ɾ u u ɾ a p i i a,,Koch1914[816],,,^ uarū́rapiia $,default
Desano-188_hangingbasket-1,,Desano,188_hangingbasket,puítsamu,puítsamu,p u i ts a m u,,Koch1914[816],,,^ puítsamu $,default
Desano-189_flatbasketformaniocbreadetc-1,,Desano,189_flatbasketformaniocbreadetc,u(e)hḗ̠ku̠ru̠,uhḗ̠ku̠ru̠,u h ɛ ɛ k ʊ ɾ ʊ,,Koch1914[816],,,^ uhḗ̠ku̠ru̠ $,default
Yupua-189_flatbasketformaniocbreadetc-1,,Yupua,189_flatbasketformaniocbreadetc,náxkala,náxkala,n a h k a ɺ a,,Koch1914[816],,,^ náxkala $,default
Yahuna-189_flatbasketformaniocbreadetc-1,,Yahuna,189_flatbasketformaniocbreadetc,popóloka,popóloka,p ɔ p ɔ ɺ ɔ k a,,Koch1914[816],,,^ popóloka $,default
Koretu-189_flatbasketformaniocbreadetc-1,,Koretu,189_flatbasketformaniocbreadetc,te̥lolípuku,te̥lolípuku,t ɨ ɺ ɔ ɺ i p u k u,,Koch1914[816],,,^ te̥lolípuku $,default
Desano-190_largeflatfinemaniocstrainer-1,,Desano,190_largeflatfinemaniocstrainer,tsīrúli,tsīrúli,ts i i ɾ u ɺ i,,Koch1914[816],,,^ tsīrúli $,default
Yupua-190_largeflatfinemaniocstrainer-1,,Yupua,190_largeflatfinemaniocstrainer,yáegé̥le̥,yáegé̥le̥,j a e g ɨ ɺ ɨ,,Koch1914[816],,,^ yáegé̥le̥ $,default
Yahuna-190_largeflatfinemaniocstrainer-1,,Yahuna,190_largeflatfinemaniocstrainer,bīkaripe̠pe̠,bīkaripe̠pe̠,b i i k a ɾ i p ɛ p ɛ,,Koch1914[816],,,^ bīkaripe̠pe̠ $,default
Koretu-190_largeflatfinemaniocstrainer-1,,Koretu,190_largeflatfinemaniocstrainer,tī́lōri,tī́lōri,t i i ɺ ɔ ɔ ɾ i,,Koch1914[816],,,^ tī́lōri $,default
Yahuna-190_largeflatfinemaniocstrainer-2,,Yahuna,190_largeflatfinemaniocstrainer,mikalípe̠pe̠,mikalípe̠pe̠,m i k a ɺ i p ɛ p ɛ,,Koch1914[816],,,^ mikalípe̠pe̠ $,default
Desano-191_largeflatcoarsermaniocstrainer-1,,Desano,191_largeflatcoarsermaniocstrainer,tsī́bulu,tsī́bulu,ts i i b u ɺ u,,Koch1914[816],,,^ tsī́bulu $,default
Yahuna-191_largeflatcoarsermaniocstrainer-1,,Yahuna,191_largeflatcoarsermaniocstrainer,pe̠pé̠a,pe̠pé̠a,p ɛ p ɛ a,,Koch1914[816],,,^ pe̠pé̠a $,default
Desano-191_largeflatcoarsermaniocstrainer-2,,Desano,191_largeflatcoarsermaniocstrainer,tsī́buru,tsī́buru,ts i i b u ɾ u,,Koch1914[816],,,^ tsī́buru $,default
Desano-192_flatcoarserbasketforstoringfruitsbulbsetc-1,,Desano,192_flatcoarserbasketforstoringfruitsbulbsetc,ōé̠,ōé̠,ɔ ɔ ɛ,,Koch1914[816],,,^ ōé̠ $,default
Desano-193_deepbasketforstoringfarinhamaniocflour-1,,Desano,193_deepbasketforstoringfarinhamaniocflour,dē̠ne̠mú,dē̠ne̠mú,d ɛ ɛ n ɛ m u,,Koch1914[816],,,^ dē̠ne̠mú $,default
Desano-194_cylindermadeoftreebarkforstoringmaniocdough-1,,Desano,194_cylindermadeoftreebarkforstoringmaniocdough,ṓsetsalino,ṓsetsalino,ɔ ɔ s e ts a ɺ i n ɔ,,Koch1914[816],,,^ ṓsetsalino $,default
Yahuna-195_smallroundveryfinesievetosievecocapowder-1,,Yahuna,195_smallroundveryfinesievetosievecocapowder,bikalípe̠pe̠makanaka,bikalípe̠pe̠makanaka,b i k a ɺ i p ɛ p ɛ m a k a n a k a,,Koch1914[816],,,^ bikalípe̠pe̠makanaka $,default
Desano-196_matforcoveringvessels-1,,Desano,196_matforcoveringvessels,be̠hē̠ró,be̠hē̠ró,b ɛ h ɛ ɛ ɾ ɔ,,Koch1914[816],,,^ be̠hē̠ró $,default
Desano-197_braidedtubetipitiforsqueezingthemaniocdough-1,,Desano,197_braidedtubetipitiforsqueezingthemaniocdough,uaxtíke̠ru,uaxtíke̠ru,w a h t i k ɛ ɾ u,,Koch1914[816],,,^ uaxtíke̠ru $,default
Yupua-197_braidedtubetipitiforsqueezingthemaniocdough-1,,Yupua,197_braidedtubetipitiforsqueezingthemaniocdough,pī́nu,pī́nu,p i i n u,,Koch1914[816],,,^ pī́nu $,default
Yahuna-197_braidedtubetipitiforsqueezingthemaniocdough-1,,Yahuna,197_braidedtubetipitiforsqueezingthemaniocdough,ã̄nyã́pakeaka,ã̄nyã́pakeaka,ã ã ɲ ã p a k e a k a,,Koch1914[816],,,^ ã̄nyã́pakeaka $,default
Koretu-197_braidedtubetipitiforsqueezingthemaniocdough-1,,Koretu,197_braidedtubetipitiforsqueezingthemaniocdough,ãyã́ḥāke̥,ãyã́ḥāke̥,ã j ã h a a k ɨ,,Koch1914[816],,,^ ãyã́ḥāke̥ $,default
Yahuna-198_squaremenstucumcordbagforsmallitems-1,,Yahuna,198_squaremenstucumcordbagforsmallitems,uahúa,uahúa,w a h u a,,Koch1914[816],,,^ uahúa $,default
Yahuna-198_squaremenstucumcordbagforsmallitems-2,,Yahuna,198_squaremenstucumcordbagforsmallitems,uahupíy(e),uahupíy,w a h u p i j e,,Koch1914[816],,,^ uahupíy $,default
Yahuna-199_knittingframetomanufacturethesebags-1,,Yahuna,199_knittingframetomanufacturethesebags,uahutakóa,uahutakóa,w a h u t a k ɔ a,,Koch1914[816],,,^ uahutakóa $,default
Desano-200_firefans-1,,Desano,200_firefans,uē̠ré̠no,uē̠ré̠no,w ɛ ɛ ɾ ɛ n ɔ,,Koch1914[816],,,^ uē̠ré̠no $,default
Yahuna-200_firefans-1,,Yahuna,200_firefans,ue̠nia,ue̠nia,w ɛ n i a,,Koch1914[816],,,^ ue̠nia $,default
Desano-200_firefans-2,,Desano,200_firefans,uē̠lé̠no,uē̠lé̠no,w ɛ ɛ ɺ ɛ n ɔ,,Koch1914[816],,,^ uē̠lé̠no $,default
Desano-202_bigcalabash-1,,Desano,202_bigcalabash,kóatsuru,kóatsuru,k ɔ a ts u ɾ u,,Koch1914[816],,,^ kóatsuru $,default
Yupua-202_bigcalabash-1,,Yupua,202_bigcalabash,kóa,kóa,k ɔ a,,Koch1914[816],,,^ kóa $,default
Yahuna-202_bigcalabash-1,,Yahuna,202_bigcalabash,pé̠takoa,pé̠takoa,p ɛ t a k ɔ a,,Koch1914[816],,,^ pé̠takoa $,default
Koretu-202_bigcalabash-1,,Koretu,202_bigcalabash,kṓrokia,kṓrokia,k ɔ ɔ ɾ ɔ k i a,,Koch1914[816],,,^ kṓrokia $,default
Desano-203_smallcalabashforscooping-1,,Desano,203_smallcalabashforscooping,kóalu,kóalu,k ɔ a ɺ u,,Koch1914[816],,,^ kóalu $,default
Yupua-203_smallcalabashforscooping-1,,Yupua,203_smallcalabashforscooping,kóamã(g)ẽ,kóamãẽ,k ɔ a m ã ẽ,,Koch1914[816],,,^ kóamãẽ $,default
Yahuna-203_smallcalabashforscooping-1,,Yahuna,203_smallcalabashforscooping,pé̠takomakanaka,pé̠takomakanaka,p ɛ t a k ɔ m a k a n a k a,,Koch1914[816],,,^ pé̠takomakanaka $,default
Koretu-203_smallcalabashforscooping-1,,Koretu,203_smallcalabashforscooping,kṓrokolei̯kia,kṓrokolei̯kia,k ɔ ɔ ɾ ɔ k ɔ ɺ e i k i a,,Koch1914[816],,,^ kṓrokolei̯kia $,default
Desano-203_smallcalabashforscooping-2,,Desano,203_smallcalabashforscooping,kóāru,kóāru,k ɔ a a ɾ u,,Koch1914[816],,,^ kóāru $,default
Desano-204_cookingpot-1,,Desano,204_cookingpot,kīpútsu̠ru̠,kīpútsu̠ru̠,k i i p u ts ʊ ɾ ʊ,,Koch1914[817],,,^ kīpútsu̠ru̠ $,default
Yupua-204_cookingpot-1,,Yupua,204_cookingpot,tx̯ó(o)lo,tx̯ólo,tʃ ɔ ɺ ɔ,,Koch1914[817],,,^ tx̯ólo $,default
Yahuna-204_cookingpot-1,,Yahuna,204_cookingpot,hotoitahá,hotoitahá,h ɔ t ɔ i t a h a,,Koch1914[817],,,^ hotoitahá $,default
Koretu-204_cookingpot-1,,Koretu,204_cookingpot,hḗ̠ne̠ke̠alo,hḗ̠ne̠ke̠alo,h ɛ ɛ n ɛ k ɛ a ɺ ɔ,,Koch1914[817],,,^ hḗ̠ne̠ke̠alo $,default
Yupua-204_cookingpot-2,,Yupua,204_cookingpot,t(š)ó(o)lo,tólo,t ɔ ɺ ɔ,,Koch1914[817],,,^ tólo $,default
Yupua-204_cookingpot-3,,Yupua,204_cookingpot,sṓro,sṓro,s ɔ ɔ ɾ ɔ,,Koch1914[817],,,^ sṓro $,default
Yupua-204_cookingpot-4,,Yupua,204_cookingpot,sṓlo,sṓlo,s ɔ ɔ ɺ ɔ,,Koch1914[817],,,^ sṓlo $,default
Desano-205_ironsaucepan-1,,Desano,205_ironsaucepan,kōme̠tsoró,kōme̠tsoró,k ɔ ɔ m ɛ ts ɔ ɾ ɔ,,Koch1914[817],,,^ kōme̠tsoró $,default
Yahuna-206_largekashiripot-1,,Yahuna,206_largekashiripot,hotopakie̠ká,hotopakie̠ká,h ɔ t ɔ p a k i ɛ k a,,Koch1914[817],,,^ hotopakie̠ká $,default
Desano-207_deepbowlinwhichyoucanfermentthemanioc-1,,Desano,207_deepbowlinwhichyoucanfermentthemanioc,tsōlópa,tsōlópa,ts ɔ ɔ ɺ ɔ p a,,Koch1914[817],,,^ tsōlópa $,default
Desano-207_deepbowlinwhichyoucanfermentthemanioc-2,,Desano,207_deepbowlinwhichyoucanfermentthemanioc,tsōrópa,tsōrópa,ts ɔ ɔ ɾ ɔ p a,,Koch1914[817],,,^ tsōrópa $,default
Desano-208_largeflattersaucepanformanicueraboiledmaniocjuice-1,,Desano,208_largeflattersaucepanformanicueraboiledmaniocjuice,yoxkátsolo,yoxkátsolo,j ɔ h k a ts ɔ ɺ ɔ,,Koch1914[817],,,^ yoxkátsolo $,default
Desano-208_largeflattersaucepanformanicueraboiledmaniocjuice-2,,Desano,208_largeflattersaucepanformanicueraboiledmaniocjuice,yoxkátsoro,yoxkátsoro,j ɔ h k a ts ɔ ɾ ɔ,,Koch1914[817],,,^ yoxkátsoro $,default
Desano-209_clayvesselforthedrink-1,,Desano,209_clayvesselforthedrink,gaxbī́tsolo,gaxbī́tsolo,g a h b i i ts ɔ ɺ ɔ,,Koch1914[817],,,^ gaxbī́tsolo $,default
Desano-209_clayvesselforthedrink-2,,Desano,209_clayvesselforthedrink,gaxbī́tsoro,gaxbī́tsoro,g a h b i i ts ɔ ɾ ɔ,,Koch1914[817],,,^ gaxbī́tsoro $,default
Desano-210_waterpotwithtwohandles-1,,Desano,210_waterpotwithtwohandles,tsōróbu,tsōróbu,ts ɔ ɔ ɾ ɔ b u,,Koch1914[817],,,^ tsōróbu $,default
Yahuna-210_waterpotwithtwohandles-1,,Yahuna,210_waterpotwithtwohandles,ókolihotó,ókolihotó,ɔ k ɔ ɺ i h ɔ t ɔ,,Koch1914[817],,,^ ókolihotó $,default
Yahuna-210_waterpotwithtwohandles-2,,Yahuna,210_waterpotwithtwohandles,hokólihoto,hokólihoto,h ɔ k ɔ ɺ i h ɔ t ɔ,,Koch1914[817],,,^ hokólihoto $,default
Yahuna-211_claybowl-1,,Yahuna,211_claybowl,tsē̠róa,tsē̠róa,ts ɛ ɛ ɾ ɔ a,,Koch1914[817],,,^ tsē̠róa $,default
Yahuna-211_claybowl-2,,Yahuna,211_claybowl,tā́pioto,tā́pioto,t a a p i ɔ t ɔ,,Koch1914[817],,,^ tā́pioto $,default
Yupua-212_bowlforcoca-1,,Yupua,212_bowlforcoca,gaxpipáxtsula,gaxpipáxtsula,g a h p i p a h ts u ɺ a,,Koch1914[817],,,^ gaxpipáxtsula $,default
Yahuna-213_claybowlwithlegashandle-1,,Yahuna,213_claybowlwithlegashandle,muákahe̠,muákahe̠,m u a k a h ɛ,,Koch1914[817],,,^ muákahe̠ $,default
Desano-214_clay-1,,Desano,214_clay,mā́ta,mā́ta,m a a t a,,Koch1914[817],,,^ mā́ta $,default
Desano-215_hourglassshapedframemadeofsticksforvessels-1,,Desano,215_hourglassshapedframemadeofsticksforvessels,yuiró,yuiró,j u i ɾ ɔ,,Koch1914[817],,,^ yuiró $,default
Desano-216_mortar-1,,Desano,216_mortar,pāmṓno,pāmṓno,p a a m ɔ ɔ n ɔ,,Koch1914[817],,,^ pāmṓno $,default
Yahuna-216_mortar-1,,Yahuna,216_mortar,taāpitúalike,taāpitúalike,t a a a p i t u a ɺ i k e,,Koch1914[817],,,^ taāpitúalike $,default
Desano-217_pestle-1,,Desano,217_pestle,yuxké̥ke̥,yuxké̥ke̥,j u h k ɨ k ɨ,,Koch1914[817],,,^ yuxké̥ke̥ $,default
Yahuna-217_pestle-1,,Yahuna,217_pestle,taāpitualikeyapúa,taāpitualikeyapúa,t a a a p i t u a ɺ i k e j a p u a,,Koch1914[817],,,^ taāpitualikeyapúa $,default
Desano-218_stovetop-1,,Desano,218_stovetop,"gālálu,",gālálu,g a a ɺ a ɺ u,,Koch1914[817],,,^ gālálu $,default
Yupua-218_stovetop-1,,Yupua,218_stovetop,(n)gā́la,gā́la,g a a ɺ a,,Koch1914[817],,,^ gā́la $,default
Yahuna-218_stovetop-1,,Yahuna,218_stovetop,hōtía,hōtía,h ɔ ɔ t i a,,Koch1914[817],,,^ hōtía $,default
Desano-218_stovetop-2,,Desano,218_stovetop,gāráru,gāráru,g a a ɾ a ɾ u,,Koch1914[817],,,^ gāráru $,default
Desano-219_earthenware-1,,Desano,219_earthenware,pe̠áme̠ye̠,pe̠áme̠ye̠,p ɛ a m ɛ j ɛ,,Koch1914[817],,,^ pe̠áme̠ye̠ $,default
Desano-220_gridiron-1,,Desano,220_gridiron,uaikaya,uaikaya,w a i k a j a,,Koch1914[817],,,^ uaikaya $,default
Yupua-220_gridiron-1,,Yupua,220_gridiron,neā(d)yá,neāyá,n e a a j a,,Koch1914[817],,,^ neāyá $,default
Yahuna-220_gridiron-1,,Yahuna,220_gridiron,ā́hia,ā́hia,a a h i a,,Koch1914[817],,,^ ā́hia $,default
Koretu-220_gridiron-1,,Koretu,220_gridiron,há(a)te̥ri,háte̥ri,h a t ɨ ɾ i,,Koch1914[817],,,^ háte̥ri $,default
Desano-221_maniocgrater-1,,Desano,221_maniocgrater,tsṹ(g)ũrũ,tsṹũrũ,ts ũ ũ ɾ ũ,,Koch1914[817],,,^ tsṹũrũ $,default
Yahuna-221_maniocgrater-1,,Yahuna,221_maniocgrater,ā́tahokoa,ā́tahokoa,a a t a h ɔ k ɔ a,,Koch1914[817],,,^ ā́tahokoa $,default
Yahuna-222_woodencylinderinwhichcocaistapped-1,,Yahuna,222_woodencylinderinwhichcocaistapped,taā́pipalikía,taā́pipalikía,t a a a p i p a ɺ i k i a,,Koch1914[817],,,^ taā́pipalikía $,default
Yahuna-222_woodencylinderinwhichcocaistapped-2,,Yahuna,222_woodencylinderinwhichcocaistapped,taā́pipanikía,taā́pipanikía,t a a a p i p a n i k i a,,Koch1914[817],,,^ taā́pipanikía $,default
Yahuna-223_cocahammer-1,,Yahuna,223_cocahammer,(t)sopálikiuahóa,sopálikiuahóa,s ɔ p a ɺ i k i w a h ɔ a,,Koch1914[817],,,^ sopálikiuahóa $,default
Yahuna-224_raffiabagsforcoca-1,,Yahuna,224_raffiabagsforcoca,taā́piuaho,taā́piuaho,t a a a p i w a h ɔ,,Koch1914[817],,,^ taā́piuaho $,default
Yahuna-225_hollowbirdbonesforsuckingcoca-1,,Yahuna,225_hollowbirdbonesforsuckingcoca,taā́piūlikukia,taā́piūlikukia,t a a a p i u u ɺ i k u k i a,,Koch1914[817],,,^ taā́piūlikukia $,default
Yahuna-226_calabashwithlidasacocacontainer-1,,Yahuna,226_calabashwithlidasacocacontainer,ulé̠raka,ulé̠raka,u ɺ ɛ ɾ a k a,,Koch1914[817],,,^ ulé̠raka $,default
Yahuna-227_woodenlidforthiscalabash-1,,Yahuna,227_woodenlidforthiscalabash,takū́li(e),takū́li,t a k u u ɺ i,,Koch1914[817],,,^ takū́li $,default
Yahuna-228_bonespoonusedtotakecoca-1,,Yahuna,228_bonespoonusedtotakecoca,taā́pipái(e),taā́pipái,t a a a p i p a i,,Koch1914[817],,,^ taā́pipái $,default
Desano-229_axe-1,,Desano,229_axe,kumé,kumé,k u m e,,Koch1914[817],,,^ kumé $,default
Yupua-229_axe-1,,Yupua,229_axe,kū́mi,kū́mi,k u u m i,,Koch1914[817],,,^ kū́mi $,default
Yahuna-229_axe-1,,Yahuna,229_axe,kōmé̠a,kōmé̠a,k ɔ ɔ m ɛ a,,Koch1914[817],,,^ kōmé̠a $,default
Koretu-229_axe-1,,Koretu,229_axe,komé̠tako,komé̠tako,k ɔ m ɛ t a k ɔ,,Koch1914[817],,,^ komé̠tako $,default
Desano-230_stoneaxe-1,,Desano,230_stoneaxe,yēlékume,yēlékume,j e e ɺ e k u m e,,Koch1914[817],,,^ yēlékume $,default
Yahuna-230_stoneaxe-1,,Yahuna,230_stoneaxe,ā́takome̠a,ā́takome̠a,a a t a k ɔ m ɛ a,,Koch1914[817],,,^ ā́takome̠a $,default
Desano-231_knife-1,,Desano,231_knife,mā́du̠mhi,mā́du̠mhi,m a a d ʊ m h i,,Koch1914[817],,,^ mā́du̠mhi $,default
Yupua-231_knife-1,,Yupua,231_knife,yé̥ipai,yé̥ipai,j ɨ i p a i,,Koch1914[817],,,^ yé̥ipai $,default
Yahuna-231_knife-1,,Yahuna,231_knife,uīropái,uīropái,w i i ɾ ɔ p a i,,Koch1914[817],,,^ uīropái $,default
Koretu-231_knife-1,,Koretu,231_knife,ué̥ta,ué̥ta,w ɨ t a,,Koch1914[817],,,^ ué̥ta $,default
Yupua-231_knife-2,,Yupua,231_knife,yé̥ipa(h)i,yé̥ipai,j ɨ i p a i,,Koch1914[817],,,^ yé̥ipai $,default
Desano-232_forestknife-1,,Desano,232_forestknife,yoā́limhi,yoā́limhi,j ɔ a a ɺ i m h i,,Koch1914[817],,,^ yoā́limhi $,default
Yahuna-232_forestknife-1,,Yahuna,232_forestknife,sarasára,sarasára,s a ɾ a s a ɾ a,,Koch1914[817],,,^ sarasára $,default
Desano-233_canoe-1,,Desano,233_canoe,yuxké̥tsiru,yuxké̥tsiru,j u h k ɨ ts i ɾ u,,Koch1914[817],,,^ yuxké̥tsiru $,default
Yupua-233_canoe-1,,Yupua,233_canoe,kumú,kumú,k u m u,,Koch1914[817],,,^ kumú $,default
Yahuna-233_canoe-1,,Yahuna,233_canoe,kumóa,kumóa,k u m ɔ a,,Koch1914[817],,,^ kumóa $,default
Koretu-233_canoe-1,,Koretu,233_canoe,kóōre̥,kóōre̥,k ɔ ɔ ɔ ɾ ɨ,,Koch1914[817],,,^ kóōre̥ $,default
Yahuna-233_canoe-2,,Yahuna,233_canoe,ūbá,ūbá,u u b a,,Koch1914[817],,,^ ūbá $,default
Koretu-233_canoe-2,,Koretu,233_canoe,ubá,ubá,u b a,,Koch1914[817],,,^ ubá $,default
Desano-234_rudder-1,,Desano,234_rudder,uḥ(e)abú,uḥabú,u h a b u,,Koch1914[817],,,^ uḥabú $,default
Yupua-234_rudder-1,,Yupua,234_rudder,ue̠ai̯pá(h)i,ue̠ai̯pái,w ɛ a i p a i,,Koch1914[817],,,^ ue̠ai̯pái $,default
Yahuna-234_rudder-1,,Yahuna,234_rudder,uē̠lopáy(e),uē̠lopáy,w ɛ ɛ ɺ ɔ p a j e,,Koch1914[817],,,^ uē̠lopáy $,default
Koretu-234_rudder-1,,Koretu,234_rudder,kṓlike̠alo,kṓlike̠alo,k ɔ ɔ ɺ i k ɛ a ɺ ɔ,,Koch1914[817],,,^ kṓlike̠alo $,default
Desano-235_gridontheboatforprotectionagainstbackflow-1,,Desano,235_gridontheboatforprotectionagainstbackflow,yuxké̥kāya,yuxké̥kāya,j u h k ɨ k a a j a,,Koch1914[817],,,^ yuxké̥kāya $,default
Desano-236_suncanopytoldaovertheboat-1,,Desano,236_suncanopytoldaovertheboat,yuxke̥tsíruii,yuxke̥tsíruii,j u h k ɨ ts i ɾ u i i,,Koch1914[817],,,^ yuxke̥tsíruii $,default
Desano-237_bow-1,,Desano,237_bow,buiríbe̠ro,buiríbe̠ro,b u i ɾ i b ɛ ɾ ɔ,,Koch1914[817],,,^ buiríbe̠ro $,default
Yupua-237_bow-1,,Yupua,237_bow,patupá(h)i,patupái,p a t u p a i,,Koch1914[817],,,^ patupái $,default
Yahuna-237_bow-1,,Yahuna,237_bow,te̠mupái(a),te̠mupái,t ɛ m u p a i,,Koch1914[817],,,^ te̠mupái $,default
Koretu-237_bow-1,,Koretu,237_bow,pā́tola,pā́tola,p a a t ɔ ɺ a,,Koch1914[817],,,^ pā́tola $,default
Yahuna-237_bow-2,,Yahuna,237_bow,te̠mupáy(e),te̠mupáy,t ɛ m u p a j e,,Koch1914[817],,,^ te̠mupáy $,default
Desano-238_bowstring-1,,Desano,238_bowstring,buirikano,buirikano,b u i ɾ i k a n ɔ,,Koch1914[817],,,^ buirikano $,default
Desano-239_arrow-1,,Desano,239_arrow,ā́noi̯ye,ā́noi̯ye,a a n ɔ i j e,,Koch1914[817],,,^ ā́noi̯ye $,default
Yupua-239_arrow-1,,Yupua,239_arrow,gā́le̥e,gā́le̥e,g a a ɺ ɨ e,,Koch1914[817],,,^ gā́le̥e $,default
Yahuna-239_arrow-1,,Yahuna,239_arrow,ālía,ālía,a a ɺ i a,,Koch1914[817],,,^ ālía $,default
Koretu-239_arrow-1,,Koretu,239_arrow,kiánekia,kiánekia,k i a n e k i a,,Koch1914[817],,,^ kiánekia $,default
Desano-239_arrow-2,,Desano,239_arrow,ā́noye,ā́noye,a a n ɔ j e,,Koch1914[817],,,^ ā́noye $,default
Yupua-239_arrow-2,,Yupua,239_arrow,(ṅ)gā́le̥e,gā́le̥e,g a a ɺ ɨ e,,Koch1914[817],,,^ gā́le̥e $,default
Yahuna-239_arrow-2,,Yahuna,239_arrow,ālí(e),ālí,a a ɺ i,,Koch1914[817],,,^ ālí $,default
Yahuna-240_largepoisonedarrowsforhighhunting-1,,Yahuna,240_largepoisonedarrowsforhighhunting,te̠ube̠hó,te̠ube̠hó,t ɛ u b ɛ h ɔ,,Koch1914[817],,,^ te̠ube̠hó $,default
Yahuna-241_caseforthetipsofthesepoisonarrows-1,,Yahuna,241_caseforthetipsofthesepoisonarrows,te̠ube̠uíya,te̠ube̠uíya,t ɛ u b ɛ w i j a,,Koch1914[817],,,^ te̠ube̠uíya $,default
Yahuna-242_fisharrowwithdoubleironpoint-1,,Yahuna,242_fisharrowwithdoubleironpoint,ālitsé̠tse̠a,ālitsé̠tse̠a,a a ɺ i ts ɛ ts ɛ a,,Koch1914[817],,,^ ālitsé̠tse̠a $,default
Yahuna-243_harpoonarrow-1,,Yahuna,243_harpoonarrow,ālía,ālía,a a ɺ i a,,Koch1914[817],,,^ ālía $,default
Yahuna-244_ironharpoonofthisarrow-1,,Yahuna,244_ironharpoonofthisarrow,se̠mokoloaígabi,se̠mokoloaígabi,s ɛ m ɔ k ɔ ɺ ɔ a i g a b i,,Koch1914[818],,,^ se̠mokoloaígabi $,default
Yahuna-245_tipoftheharpoon-1,,Yahuna,245_tipoftheharpoon,kau̯hanikía,kau̯hanikía,k a u h a n i k i a,,Koch1914[818],,,^ kau̯hanikía $,default
Yahuna-246_barbofthetip-1,,Yahuna,246_barbofthetip,soāgá,soāgá,s ɔ a a g a,,Koch1914[818],,,^ soāgá $,default
Yahuna-247_wraparoundthetop-1,,Yahuna,247_wraparoundthetop,sapī(i)pḗ̠(e̠)ga,sapīpḗ̠ga,s a p i i p ɛ ɛ g a,,Koch1914[818],,,^ sapīpḗ̠ga $,default
Yahuna-248_woodenstickintowhichtheharpoonisinserted-1,,Yahuna,248_woodenstickintowhichtheharpoonisinserted,se̠nyix̯ká,se̠nyix̯ká,s ɛ ɲ i h k a,,Koch1914[818],,,^ se̠nyix̯ká $,default
Yahuna-249_pipeshaftoftheharpoonarrow-1,,Yahuna,249_pipeshaftoftheharpoonarrow,sālía,sālía,s a a ɺ i a,,Koch1914[818],,,^ sālía $,default
Yahuna-250_handendofthetubularshaft-1,,Yahuna,250_handendofthetubularshaft,sālítae̠ga,sālítae̠ga,s a a ɺ i t a ɛ g a,,Koch1914[818],,,^ sālítae̠ga $,default
Yahuna-251_harpoonstring-1,,Yahuna,251_harpoonstring,se̠kā́noa,se̠kā́noa,s ɛ k a a n ɔ a,,Koch1914[818],,,^ se̠kā́noa $,default
Desano-252_pitchresin-1,,Desano,252_pitchresin,komḗ̠pi,komḗ̠pi,k ɔ m ɛ ɛ p i,,Koch1914[818],,,^ komḗ̠pi $,default
Yahuna-252_pitchresin-1,,Yahuna,252_pitchresin,mānyé̠,mānyé̠,m a a ɲ ɛ,,Koch1914[818],,,^ mānyé̠ $,default
Yupua-253_club-1,,Yupua,253_club,toatíe̥,toatíe̥,t ɔ a t i ɨ,,Koch1914[818],,,^ toatíe̥ $,default
Yahuna-253_club-1,,Yahuna,253_club,kuhía,kuhía,k u h i a,,Koch1914[818],,,^ kuhía $,default
Koretu-253_club-1,,Koretu,253_club,pṓnape̥,pṓnape̥,p ɔ ɔ n a p ɨ,,Koch1914[818],,,^ pṓnape̥ $,default
Yahuna-253_club-2,,Yahuna,253_club,kuía,kuía,k u j a,,Koch1914[818],,,^ kuía $,default
Yahuna-254_stringoftheclub-1,,Yahuna,254_stringoftheclub,kuikánoa,kuikánoa,k u i k a n ɔ a,,Koch1914[818],,,^ kuikánoa $,default
Desano-255_blowgun-1,,Desano,255_blowgun,buxhū́lu,buxhū́lu,b u h u u ɺ u,,Koch1914[818],,,^ buxhū́lu $,default
Yupua-255_blowgun-1,,Yupua,255_blowgun,puhúlu,puhúlu,p u h u ɺ u,,Koch1914[818],,,^ puhúlu $,default
Yahuna-255_blowgun-1,,Yahuna,255_blowgun,pū́puaga,pū́puaga,p u u p u a g a,,Koch1914[818],,,^ pū́puaga $,default
Koretu-255_blowgun-1,,Koretu,255_blowgun,ḥé̥ḥoio,ḥé̥ḥoio,h ɨ h ɔ j ɔ,,Koch1914[818],,,^ ḥé̥ḥoio $,default
Desano-255_blowgun-2,,Desano,255_blowgun,buxhū́ru,buxhū́ru,b u h u u ɾ u,,Koch1914[818],,,^ buxhū́ru $,default
Yahuna-255_blowgun-2,,Yahuna,255_blowgun,pū́puoga,pū́puoga,p u u p u ɔ g a,,Koch1914[818],,,^ pū́puoga $,default
Desano-255_blowgun-3,,Desano,255_blowgun,buḥū́ru,buḥū́ru,b u h u u ɾ u,,Koch1914[818],,,^ buḥū́ru $,default
Desano-256_blowgunarrow-1,,Desano,256_blowgunarrow,uáxkali,uáxkali,w a h k a ɺ i,,Koch1914[818],,,^ uáxkali $,default
Yupua-256_blowgunarrow-1,,Yupua,256_blowgunarrow,ua(x)ká,uaká,w a k a,,Koch1914[818],,,^ uaká $,default
Yahuna-256_blowgunarrow-1,,Yahuna,256_blowgunarrow,póakaga,póakaga,p ɔ a k a g a,,Koch1914[818],,,^ póakaga $,default
Koretu-256_blowgunarrow-1,,Koretu,256_blowgunarrow,he̥ḥóākia,he̥ḥóākia,h ɨ h ɔ a a k i a,,Koch1914[818],,,^ he̥ḥóākia $,default
Yahuna-257_mouthpieceoftheblowgun-1,,Yahuna,257_mouthpieceoftheblowgun,pū́poitobe̠,pū́poitobe̠,p u u p ɔ i t ɔ b ɛ,,Koch1914[818],,,^ pū́poitobe̠ $,default
Desano-258_quiverforthepoisonarrows-1,,Desano,258_quiverforthepoisonarrows,bū́yapoka,bū́yapoka,b u u j a p ɔ k a,,Koch1914[818],,,^ bū́yapoka $,default
Yupua-258_quiverforthepoisonarrows-1,,Yupua,258_quiverforthepoisonarrows,puhúue̥é̥li,puhúue̥é̥li,p u h u u ɨ ɨ ɺ i,,Koch1914[818],,,^ puhúue̥é̥li $,default
Yahuna-258_quiverforthepoisonarrows-1,,Yahuna,258_quiverforthepoisonarrows,poakau̯ía,poakau̯ía,p ɔ a k a w i a,,Koch1914[818],,,^ poakau̯ía $,default
Koretu-258_quiverforthepoisonarrows-1,,Koretu,258_quiverforthepoisonarrows,ḥeḥópato,ḥeḥópato,h e h ɔ p a t ɔ,,Koch1914[818],,,^ ḥeḥópato $,default
Desano-259_poisonfordart-1,,Desano,259_poisonfordart,nīmá,nīmá,n i i m a,,Koch1914[818],,,^ nīmá $,default
Yupua-259_poisonfordart-1,,Yupua,259_poisonfordart,nimá,nimá,n i m a,,Koch1914[818],,,^ nimá $,default
Yahuna-259_poisonfordart-1,,Yahuna,259_poisonfordart,namitagá,namitagá,n a m i t a g a,,Koch1914[818],,,^ namitagá $,default
Koretu-259_poisonfordart-1,,Koretu,259_poisonfordart,pé̠tōre̥,pé̠tōre̥,p ɛ t ɔ ɔ ɾ ɨ,,Koch1914[818],,,^ pé̠tōre̥ $,default
Koretu-259_poisonfordart-2,,Koretu,259_poisonfordart,pé̠'tōre̥,pé̠'tōre̥,p ɛ ʔ t ɔ ɔ ɾ ɨ,,Koch1914[818],,,^ pé̠'tōre̥ $,default
Desano-260_treesilksamaumatowraparroundtheblowgundarts-1,,Desano,260_treesilksamaumatowraparroundtheblowgundarts,buyá,buyá,b u j a,,Koch1914[818],,,^ buyá $,default
Yupua-260_treesilksamaumatowraparroundtheblowgundarts-1,,Yupua,260_treesilksamaumatowraparroundtheblowgundarts,pohá,pohá,p ɔ h a,,Koch1914[818],,,^ pohá $,default
Yahuna-260_treesilksamaumatowraparroundtheblowgundarts-1,,Yahuna,260_treesilksamaumatowraparroundtheblowgundarts,uitóa,uitóa,w i t ɔ a,,Koch1914[818],,,^ uitóa $,default
Koretu-260_treesilksamaumatowraparroundtheblowgundarts-1,,Koretu,260_treesilksamaumatowraparroundtheblowgundarts,ḥe̥ḥóḥoire̥,ḥe̥ḥóḥoire̥,h ɨ h ɔ h ɔ i ɾ ɨ,,Koch1914[818],,,^ ḥe̥ḥóḥoire̥ $,default
Yahuna-260_treesilksamaumatowraparroundtheblowgundarts-2,,Yahuna,260_treesilksamaumatowraparroundtheblowgundarts,ui(x̯)tóa,uitóa,w i t ɔ a,,Koch1914[818],,,^ uitóa $,default
Yahuna-261_poisonlancespear-1,,Yahuna,261_poisonlancespear,be̠hóa,be̠hóa,b ɛ h ɔ a,,Koch1914[818],,,^ be̠hóa $,default
Yahuna-262_caseforthetipsofthepoisonlancesspears-1,,Yahuna,262_caseforthetipsofthepoisonlancesspears,be̠hóia,be̠hóia,b ɛ h ɔ j a,,Koch1914[818],,,^ be̠hóia $,default
Yahuna-263_pointofthepoisonlancespear-1,,Yahuna,263_pointofthepoisonlancespear,be̠holéa,be̠holéa,b ɛ h ɔ ɺ e a,,Koch1914[818],,,^ be̠holéa $,default
Desano-264_shield-1,,Desano,264_shield,uabḗ̠ro,uabḗ̠ro,w a b ɛ ɛ ɾ ɔ,,Koch1914[818],,,^ uabḗ̠ro $,default
Yahuna-265_warshield-1,,Yahuna,265_warshield,áḥe̠a,áḥe̠a,a h ɛ a,,Koch1914[818],,,^ áḥe̠a $,default
Desano-266_fishnet-1,,Desano,266_fishnet,uhḗrike,uhḗrike,u h e e ɾ i k e,,Koch1914[818],,,^ uhḗrike $,default
Yupua-266_fishnet-1,,Yupua,266_fishnet,uáikóa(d)ya,uáikóaya,w a i k ɔ a j a,,Koch1914[818],,,^ uáikóaya $,default
Yahuna-266_fishnet-1,,Yahuna,266_fishnet,uapúa,uapúa,w a p u a,,Koch1914[818],,,^ uapúa $,default
Koretu-266_fishnet-1,,Koretu,266_fishnet,má(a)hāpu,máhāpu,m a h a a p u,,Koch1914[818],,,^ máhāpu $,default
Yahuna-266_fishnet-2,,Yahuna,266_fishnet,ua(x)púa,uapúa,w a p u a,,Koch1914[818],,,^ uapúa $,default
Desano-267_bigtrap-1,,Desano,267_bigtrap,ā́lubu,ā́lubu,a a ɺ u b u,,Koch1914[818],,,^ ā́lubu $,default
Yahuna-267_bigtrap-1,,Yahuna,267_bigtrap,nikópika,nikópika,n i k ɔ p i k a,,Koch1914[818],,,^ nikópika $,default
Desano-268_smalltrap-1,,Desano,268_smalltrap,de̥li,de̥li,d ɨ ɺ i,,Koch1914[818],,,^ de̥li $,default
Desano-269_fishtrap-1,,Desano,269_fishtrap,úai̯ru,úai̯ru,w a i ɾ u,,Koch1914[818],,,^ úai̯ru $,default
Desano-270_fishingrod-1,,Desano,270_fishingrod,u(e)hḗ̠riru,uhḗ̠riru,u h ɛ ɛ ɾ i ɾ u,,Koch1914[818],,,^ uhḗ̠riru $,default
Yupua-270_fishingrod-1,,Yupua,270_fishingrod,bitai̯góp̌e̠ka,bitai̯góp̌e̠ka,b i t a i g ɔ ɸ ɛ k a,,Koch1914[818],,,^ bitai̯góp̌e̠ka $,default
Yahuna-270_fishingrod-1,,Yahuna,270_fishingrod,potá,potá,p ɔ t a,,Koch1914[818],,,^ potá $,default
Koretu-270_fishingrod-1,,Koretu,270_fishingrod,koḥé̠liri,koḥé̠liri,k ɔ h ɛ ɺ i ɾ i,,Koch1914[818],,,^ koḥé̠liri $,default
Yahuna-271_fishingline-1,,Yahuna,271_fishingline,potákano,potákano,p ɔ t a k a n ɔ,,Koch1914[818],,,^ potákano $,default
Desano-272_gun-1,,Desano,272_gun,pé̠age̥,pé̠age̥,p ɛ a g ɨ,,Koch1914[818],,,^ pé̠age̥ $,default
Yupua-272_gun-1,,Yupua,272_gun,pé̠a,pé̠a,p ɛ a,,Koch1914[818],,,^ pé̠a $,default
Yahuna-272_gun-1,,Yahuna,272_gun,pe̠ká,pe̠ká,p ɛ k a,,Koch1914[818],,,^ pe̠ká $,default
Koretu-272_gun-1,,Koretu,272_gun,hé̠(e̠)kiakia,hé̠kiakia,h ɛ k i a k i a,,Koch1914[818],,,^ hé̠kiakia $,default
Desano-273_gunpowder-1,,Desano,273_gunpowder,pe̠ánhua,pe̠ánhua,p ɛ a n h u a,,Koch1914[818],,,^ pe̠ánhua $,default
Yupua-273_gunpowder-1,,Yupua,273_gunpowder,pé̠anuku,pé̠anuku,p ɛ a n u k u,,Koch1914[818],,,^ pé̠anuku $,default
Yahuna-273_gunpowder-1,,Yahuna,273_gunpowder,pe̠káua,pe̠káua,p ɛ k a w a,,Koch1914[818],,,^ pe̠káua $,default
Koretu-273_gunpowder-1,,Koretu,273_gunpowder,he̠kiakiáḥuāliri,he̠kiakiáḥuāliri,h ɛ k i a k i a h u a a ɺ i ɾ i,,Koch1914[818],,,^ he̠kiakiáḥuāliri $,default
Yahuna-273_gunpowder-2,,Yahuna,273_gunpowder,pe̠káue̯,pe̠káue̯,p ɛ k a w ɛ,,Koch1914[818],,,^ pe̠káue̯ $,default
Desano-274_shot-1,,Desano,274_shot,pe̠áyeri,pe̠áyeri,p ɛ a j e ɾ i,,Koch1914[818],,,^ pe̠áyeri $,default
Yupua-274_shot-1,,Yupua,274_shot,pe̠agóp̌eka,pe̠agóp̌eka,p ɛ a g ɔ ɸ e k a,,Koch1914[818],,,^ pe̠agóp̌eka $,default
Yahuna-274_shot-1,,Yahuna,274_shot,pé̠kayape̠,pé̠kayape̠,p ɛ k a j a p ɛ,,Koch1914[818],,,^ pé̠kayape̠ $,default
Koretu-274_shot-1,,Koretu,274_shot,he̠kiaiē̠re̥,he̠kiaiē̠re̥,h ɛ k i a j ɛ ɛ ɾ ɨ,,Koch1914[818],,,^ he̠kiaiē̠re̥ $,default
Desano-275_hipcord-1,,Desano,275_hipcord,uáyalidā,uáyalidā,w a j a ɺ i d a a,,Koch1914[818],,,^ uáyalidā $,default
Yupua-275_hipcord-1,,Yupua,275_hipcord,yapḗ̠romisi,yapḗ̠romisi,j a p ɛ ɛ ɾ ɔ m i s i,,Koch1914[818],,,^ yapḗ̠romisi $,default
Yahuna-275_hipcord-1,,Yahuna,275_hipcord,oahokálo,oahokálo,ɔ a h ɔ k a ɺ ɔ,,Koch1914[818],,,^ oahokálo $,default
Koretu-275_hipcord-1,,Koretu,275_hipcord,u̠atóua(a),u̠atóua,w a t ɔ w a,,Koch1914[818],,,^ u̠atóua $,default
Desano-276_mansloincloth-1,,Desano,276_mansloincloth,uaxsúru,uaxsúru,w a h s u ɾ u,,Koch1914[818],,,^ uaxsúru $,default
Yupua-276_mansloincloth-1,,Yupua,276_mansloincloth,yapḗ̠ro,yapḗ̠ro,j a p ɛ ɛ ɾ ɔ,,Koch1914[818],,,^ yapḗ̠ro $,default
Koretu-276_mansloincloth-1,,Koretu,276_mansloincloth,u̠atóḥuru,u̠atóḥuru,w a t ɔ h u ɾ u,,Koch1914[818],,,^ u̠atóḥuru $,default
Yahuna-276_mansloincloth-1,,Yahuna,276_mansloincloth,uahóa,uahóa,w a h ɔ a,,Koch1914[818],,,^ uahóa $,default
Yahuna-276_mansloincloth-2,,Yahuna,276_mansloincloth,oahóa,oahóa,w a h ɔ a,,Koch1914[818],,,^ oahóa $,default
Desano-277_womansloincloth-1,,Desano,277_womansloincloth,yai̯iuáxsuru,yai̯iuáxsuru,j a i i w a h s u ɾ u,,Koch1914[818],,,^ yai̯iuáxsuru $,default
Desano-277_womansloincloth-2,,Desano,277_womansloincloth,yai̯iuáxsulu,yai̯iuáxsulu,j a i i w a h s u ɺ u,,Koch1914[818],,,^ yai̯iuáxsulu $,default
Yahuna-278_wideraffiabeltmenscostume-1,,Yahuna,278_wideraffiabeltmenscostume,oaḗ̠(d)yoka,oaḗ̠yoka,ɔ a ɛ ɛ j ɔ k a,,Koch1914[818],,,^ oaḗ̠yoka $,default
Yahuna-279_braceletsmadeofraffiamenscostume-1,,Yahuna,279_braceletsmadeofraffiamenscostume,hu'tšía,hu'tšía,h u ʔ tʃ i a,,Koch1914[818],,,^ hu'tšía $,default
Yahuna-279_braceletsmadeofraffiamenscostume-2,,Yahuna,279_braceletsmadeofraffiamenscostume,hihohut(š)ía,hihohutía,h i h ɔ h u t i a,,Koch1914[818],,,^ hihohutía $,default
Yahuna-280_softerstripsofraffiatotiebeltsandbracelets-1,,Yahuna,280_softerstripsofraffiatotiebeltsandbracelets,pṓnaka,pṓnaka,p ɔ ɔ n a k a,,Koch1914[818],,,^ pṓnaka $,default
Yahuna-281_malebraid-1,,Yahuna,281_malebraid,lu̠pu̠koá,lu̠pu̠koá,ɺ ʊ p ʊ k ɔ a,,Koch1914[818],,,^ lu̠pu̠koá $,default
Yahuna-281_malebraid-2,,Yahuna,281_malebraid,de̥pūkoá,de̥pūkoá,d ɨ p u u k ɔ a,,Koch1914[818],,,^ de̥pūkoá $,default
Yahuna-282_raffiawraparoundthebraid-1,,Yahuna,282_raffiawraparoundthebraid,lu̠pu̠é̠meoka,lu̠pu̠é̠meoka,ɺ ʊ p ʊ ɛ m e ɔ k a,,Koch1914[818],,,^ lu̠pu̠é̠meoka $,default
Yahuna-282_raffiawraparoundthebraid-2,,Yahuna,282_raffiawraparoundthebraid,de̥pu̠é̠meoka,de̥pu̠é̠meoka,d ɨ p ʊ ɛ m e ɔ k a,,Koch1914[818],,,^ de̥pu̠é̠meoka $,default
Desano-283_mirror-1,,Desano,283_mirror,díuru,díuru,d i u ɾ u,,Koch1914[818],,,^ díuru $,default
Yahuna-283_mirror-1,,Yahuna,283_mirror,ōpé̠li(e),ōpé̠li,ɔ ɔ p ɛ ɺ i,,Koch1914[818],,,^ ōpé̠li $,default
Desano-283_mirror-2,,Desano,283_mirror,díulu,díulu,d i u ɺ u,,Koch1914[818],,,^ díulu $,default
Yahuna-284_needleforsewing-1,,Yahuna,284_needleforsewing,pḗ̠repota,pḗ̠repota,p ɛ ɛ ɾ e p ɔ t a,,Koch1914[818],,,^ pḗ̠repota $,default
Desano-285_earring-1,,Desano,285_earring,tsíāli,tsíāli,ts i a a ɺ i,,Koch1914[818],,,^ tsíāli $,default
Yahuna-286_pearl-1,,Yahuna,286_pearl,yake̠tukúa,yake̠tukúa,j a k ɛ t u k u a,,Koch1914[818],,,^ yake̠tukúa $,default
Desano-287_boxorchest-1,,Desano,287_boxorchest,ohókomono,ohókomono,ɔ h ɔ k ɔ m ɔ n ɔ,,Koch1914[818],,,^ ohókomono $,default
Desano-288_comb-1,,Desano,288_comb,pē̠yóue(a)ro,pē̠yóuero,p ɛ ɛ j ɔ w e ɾ ɔ,,Koch1914[818],,,^ pē̠yóuero $,default
Yupua-288_comb-1,,Yupua,288_comb,(ṅ)gé̥ege̥le̥,gé̥ege̥le̥,g ɨ e g ɨ ɺ ɨ,,Koch1914[818],,,^ gé̥ege̥le̥ $,default
Yahuna-288_comb-1,,Yahuna,288_comb,iipáya,iipáya,i i p a j a,,Koch1914[818],,,^iipáya $,default
Koretu-288_comb-1,,Koretu,288_comb,ké̥(i)la̠,ké̥la̠,k ɨ ɺ ɑ,,Koch1914[818],,,^ ké̥la̠ $,default
Yahuna-288_comb-2,,Yahuna,288_comb,iipáy(e),iipáy,i i p a j e,,Koch1914[818],,,^iipáy $,default
Desano-289_fineheadfeathersgalajewelerylinguageralkangataramahapoalimacawfeathers-1,,Desano,289_fineheadfeathersgalajewelerylinguageralkangataramahapoalimacawfeathers,mahā́poali,mahā́poali,m a h a a p ɔ a ɺ i,,Koch1914[818],,,^ mahā́poali $,default
Yupua-289_fineheadfeathersgalajewelerylinguageralkangataramahapoalimacawfeathers-1,,Yupua,289_fineheadfeathersgalajewelerylinguageralkangataramahapoalimacawfeathers,yamáhapoa,yamáhapoa,j a m a h a p ɔ a,,Koch1914[818],,,^ yamáhapoa $,default
Yahuna-289_fineheadfeathersgalajewelerylinguageralkangataramahapoalimacawfeathers-1,,Yahuna,289_fineheadfeathersgalajewelerylinguageralkangataramahapoalimacawfeathers,ui(i)báy(e),uibáy,w i b a j e,,Koch1914[818],,,^ uibáy $,default
Koretu-289_fineheadfeathersgalajewelerylinguageralkangataramahapoalimacawfeathers-1,,Koretu,289_fineheadfeathersgalajewelerylinguageralkangataramahapoalimacawfeathers,mā́hoi̯re̥,mā́hoi̯re̥,m a a h ɔ i ɾ ɨ,,Koch1914[818],,,^ mā́hoi̯re̥ $,default
Desano-290_headdressmadeoftoucanfeathersinstrawheadband-1,,Desano,290_headdressmadeoftoucanfeathersinstrawheadband,n(d)axsiṅgurútsuame̠,naxsiṅgurútsuame̠,n a h s i ŋ g u ɾ u ts u a m ɛ,,Koch1914[819],,,^ naxsiṅgurútsuame̠ $,default
Desano-291_strawheadbandforthisjewelry-1,,Desano,291_strawheadbandforthisjewelry,pḗ̠yalĩ(g)e,pḗ̠yalĩe,p ɛ ɛ j a ɺ ĩ e,,Koch1914[819],,,^ pḗ̠yalĩe $,default
Yahuna-292_dancedevicethatrepresentsafishtrapandiswornonthebraid-1,,Yahuna,292_dancedevicethatrepresentsafishtrapandiswornonthebraid,nikópika,nikópika,n i k ɔ p i k a,,Koch1914[819],,,^ nikópika $,default
Yahuna-293_macawtailfeatherthatiswornonthisdancedevice-1,,Yahuna,293_macawtailfeatherthatiswornonthisdancedevice,haúlapikoa,haúlapikoa,h a u ɺ a p i k ɔ a,,Koch1914[819],,,^ haúlapikoa $,default
Yahuna-294_longnosepiercingmadeofsmoothedpalmwood-1,,Yahuna,294_longnosepiercingmadeofsmoothedpalmwood,ōme̠té̠ni(e),ōme̠té̠ni,ɔ ɔ m ɛ t ɛ n i,,Koch1914[819],,,^ ōme̠té̠ni $,default
Yahuna-295_carvedtucumafruitpeelbracelet-1,,Yahuna,295_carvedtucumafruitpeelbracelet,pī́re̠a,pī́re̠a,p i i ɾ ɛ a,,Koch1914[819],,,^ pī́re̠a $,default
Desano-296_kneebandwovenfromcurauafibers-1,,Desano,296_kneebandwovenfromcurauafibers,yuláseri,yuláseri,j u ɺ a s e ɾ i,,Koch1914[819],,,^ yuláseri $,default
Desano-297_quartzcylindermensbreastjewelry-1,,Desano,297_quartzcylindermensbreastjewelry,e̥xtā́puru,e̥xtā́puru,ɨ h t a a p u ɾ u,,Koch1914[819],,,^ e̥xtā́puru $,default
Desano-297_quartzcylindermensbreastjewelry-2,,Desano,297_quartzcylindermensbreastjewelry,e̥xtā́pulu,e̥xtā́pulu,ɨ h t a a p u ɺ u,,Koch1914[819],,,^ e̥xtā́pulu $,default
Desano-298_blackseedsthatarealwaysassociatedwiththisquartzjewelry-1,,Desano,298_blackseedsthatarealwaysassociatedwiththisquartzjewelry,bī́ka,bī́ka,b i i k a,,Koch1914[819],,,^ bī́ka $,default
Yahuna-298_blackseedsthatarealwaysassociatedwiththisquartzjewelry-1,,Yahuna,298_blackseedsthatarealwaysassociatedwiththisquartzjewelry,kanyíríka,kanyíríka,k a ɲ i ɾ i k a,,Koch1914[819],,,^ kanyíríka $,default
Yahuna-299_necklacemadefromblackcocoons-1,,Yahuna,299_necklacemadefromblackcocoons,tupúlakoa,tupúlakoa,t u p u ɺ a k ɔ a,,Koch1914[819],,,^ tupúlakoa $,default
Yahuna-300_necklacemadefromgraygrassseedsstamariacapim-1,,Yahuna,300_necklacemadefromgraygrassseedsstamariacapim,óaka,óaka,ɔ a k a,,Koch1914[819],,,^ óaka $,default
Yupua-301_cerimonialmasksuit-1,,Yupua,301_cerimonialmasksuit,uá(x)so,uáso,w a s ɔ,,Koch1914[819],,,^ uáso $,default
Yahuna-301_cerimonialmasksuit-1,,Yahuna,301_cerimonialmasksuit,ōpire̠kóa,ōpire̠kóa,ɔ ɔ p i ɾ ɛ k ɔ a,,Koch1914[819],,,^ ōpire̠kóa $,default
Yupua-301_cerimonialmasksuit-2,,Yupua,301_cerimonialmasksuit,uá(x)(t)sagát(š)i,uásagáti,w a s a g a t i,,Koch1914[819],,,^ uásagáti $,default
Yupua-302_raffiajacketofthemasksuit-1,,Yupua,302_raffiajacketofthemasksuit,uax(t)sagá(t)(š)i,uaxsagái,w a h s a g a i,,Koch1914[819],,,^ uaxsagái $,default
Yahuna-302_raffiajacketofthemasksuit-1,,Yahuna,302_raffiajacketofthemasksuit,uaḥolítamaka,uaḥolítamaka,w a h ɔ ɺ i t a m a k a,,Koch1914[819],,,^ uaḥolítamaka $,default
Yupua-303_raffiahangingofthemasksuit-1,,Yupua,303_raffiahangingofthemasksuit,yágaha,yágaha,j a g a h a,,Koch1914[819],,,^ yágaha $,default
Yahuna-303_raffiahangingofthemasksuit-1,,Yahuna,303_raffiahangingofthemasksuit,(n)yapúa,yapúa,j a p u a,,Koch1914[819],,,^ yapúa $,default
Yahuna-304_facecovermadeofraffia-1,,Yahuna,304_facecovermadeofraffia,uaḥóa,uaḥóa,w a h ɔ a,,Koch1914[819],,,^ uaḥóa $,default
Yahuna-305_woodenheadpieceofthemasksuit-1,,Yahuna,305_woodenheadpieceofthemasksuit,salupukóa,salupukóa,s a ɺ u p u k ɔ a,,Koch1914[819],,,^ salupukóa $,default
Yahuna-305_woodenheadpieceofthemasksuit-2,,Yahuna,305_woodenheadpieceofthemasksuit,sadupukóa,sadupukóa,s a d u p u k ɔ a,,Koch1914[819],,,^ sadupukóa $,default
Yahuna-305_woodenheadpieceofthemasksuit-3,,Yahuna,305_woodenheadpieceofthemasksuit,uā́kilupukoa,uā́kilupukoa,w a a k i ɺ u p u k ɔ a,,Koch1914[819],,,^ uā́kilupukoa $,default
Yahuna-305_woodenheadpieceofthemasksuit-4,,Yahuna,305_woodenheadpieceofthemasksuit,uā́kidupukoa,uā́kidupukoa,w a a k i d u p u k ɔ a,,Koch1914[819],,,^ uā́kidupukoa $,default
Yahuna-306_earsonthisheadpiece-1,,Yahuna,306_earsonthisheadpiece,a(a)múa,amúa,a m u a,,Koch1914[819],,,^ amúa $,default
Yahuna-307_whitedownfeathersonthoseears-1,,Yahuna,307_whitedownfeathersonthoseears,amuuítoa,amuuítoa,a m u u i t ɔ a,,Koch1914[819],,,^ amuuítoa $,default
Yahuna-308_edgepaintingoftheheadpiece-1,,Yahuna,308_edgepaintingoftheheadpiece,mé̠ne̠pikai,mé̠ne̠pikai,m ɛ n ɛ p i k a i,,Koch1914[819],,,^ mé̠ne̠pikai $,default
Yahuna-308_edgepaintingoftheheadpiece-2,,Yahuna,308_edgepaintingoftheheadpiece,só(o)lika,sólika,s ɔ ɺ i k a,,Koch1914[819],,,^ sólika $,default
Yahuna-308_edgepaintingoftheheadpiece-3,,Yahuna,308_edgepaintingoftheheadpiece,uá(a)lē̠ka,uálē̠ka,w a ɺ ɛ ɛ k a,,Koch1914[819],,,^ uálē̠ka $,default
Yahuna-309_braidofthemasksuit-1,,Yahuna,309_braidofthemasksuit,lupué̠me̥oka,lupué̠me̥oka,ɺ u p u ɛ m ɨ ɔ k a,,Koch1914[819],,,^ lupué̠me̥oka $,default
Yahuna-309_braidofthemasksuit-2,,Yahuna,309_braidofthemasksuit,dupué̠me̥oka,dupué̠me̥oka,d u p u ɛ m ɨ ɔ k a,,Koch1914[819],,,^ dupué̠me̥oka $,default
Desano-310_dancerattlepumpkinrattle-1,,Desano,310_dancerattlepumpkinrattle,yaxsá,yaxsá,j a h s a,,Koch1914[819],,,^ yaxsá $,default
Yupua-310_dancerattlepumpkinrattle-1,,Yupua,310_dancerattlepumpkinrattle,(t)saxtsée̥le̥,saxtsée̥le̥,s a h ts e ɨ ɺ ɨ,,Koch1914[819],,,^ saxtsée̥le̥ $,default
Yahuna-310_dancerattlepumpkinrattle-1,,Yahuna,310_dancerattlepumpkinrattle,yapube̠hó,yapube̠hó,j a p u b ɛ h ɔ,,Koch1914[819],,,^ yapube̠hó $,default
Koretu-310_dancerattlepumpkinrattle-1,,Koretu,310_dancerattlepumpkinrattle,kṓ(o)kiare̥,kṓkiare̥,k ɔ ɔ k i a ɾ ɨ,,Koch1914[819],,,^ kṓkiare̥ $,default
Yupua-310_dancerattlepumpkinrattle-2,,Yupua,310_dancerattlepumpkinrattle,sasá,sasá,s a s a,,Koch1914[819],,,^ sasá $,default
Desano-311_dancerattlesfromhalvedfruitpodswhicharewornaroundtheankle-1,,Desano,311_dancerattlesfromhalvedfruitpodswhicharewornaroundtheankle,oḗ̠du,oḗ̠du,ɔ ɛ ɛ d u,,Koch1914[819],,,^ oḗ̠du $,default
Yupua-311_dancerattlesfromhalvedfruitpodswhicharewornaroundtheankle-1,,Yupua,311_dancerattlesfromhalvedfruitpodswhicharewornaroundtheankle,tsē̠oá,tsē̠oá,ts ɛ ɛ ɔ a,,Koch1914[819],,,^ tsē̠oá $,default
Yahuna-311_dancerattlesfromhalvedfruitpodswhicharewornaroundtheankle-1,,Yahuna,311_dancerattlesfromhalvedfruitpodswhicharewornaroundtheankle,uā(d)yá,uāyá,w a a j a,,Koch1914[819],,,^ uāyá $,default
Koretu-311_dancerattlesfromhalvedfruitpodswhicharewornaroundtheankle-1,,Koretu,311_dancerattlesfromhalvedfruitpodswhicharewornaroundtheankle,kúikoīre̥,kúikoīre̥,k u i k ɔ i i ɾ ɨ,,Koch1914[819],,,^ kúikoīre̥ $,default
Desano-312_dancepolemadeofhollowedambauvawood-1,,Desano,312_dancepolemadeofhollowedambauvawood,ṓyuxku,ṓyuxku,ɔ ɔ j u h k u,,Koch1914[819],,,^ ṓyuxku $,default
Yahuna-312_dancepolemadeofhollowedambauvawood-1,,Yahuna,312_dancepolemadeofhollowedambauvawood,uālá,uālá,w a a ɺ a,,Koch1914[819],,,^ uālá $,default
Yahuna-313_handleofthedancerattle-1,,Yahuna,313_handleofthedancerattle,hahaniká,hahaniká,h a h a n i k a,,Koch1914[819],,,^ hahaniká $,default
Yahuna-314_slotofthedancerattle-1,,Yahuna,314_slotofthedancerattle,tsamaapiáe̠ka,tsamaapiáe̠ka,ts a m a a p i a ɛ k a,,Koch1914[819],,,^ tsamaapiáe̠ka $,default
Yahuna-315_incisedpatternonthedancerattle-1,,Yahuna,315_incisedpatternonthedancerattle,oóe̠ka,oóe̠ka,ɔ ɔ ɛ k a,,Koch1914[819],,,^ oóe̠ka $,default
Yahuna-315_incisedpatternonthedancerattle-2,,Yahuna,315_incisedpatternonthedancerattle,tsabe̠óe̠ka,tsabe̠óe̠ka,ts a b ɛ ɔ ɛ k a,,Koch1914[819],,,^ tsabe̠óe̠ka $,default
Yahuna-315_incisedpatternonthedancerattle-3,,Yahuna,315_incisedpatternonthedancerattle,mé̠ne̠pikahe̠a,mé̠ne̠pikahe̠a,m ɛ n ɛ p i k a h ɛ a,,Koch1914[819],,,^ mé̠ne̠pikahe̠a $,default
Desano-316_ordinaryflutemadeofpipe-1,,Desano,316_ordinaryflutemadeofpipe,tā́lusulu,tā́lusulu,t a a ɺ u s u ɺ u,,Koch1914[819],,,^ tā́lusulu $,default
Yupua-316_ordinaryflutemadeofpipe-1,,Yupua,316_ordinaryflutemadeofpipe,tx̯ḗ̠bola,tx̯ḗ̠bola,tʃ ɛ ɛ b ɔ ɺ a,,Koch1914[819],,,^ tx̯ḗ̠bola $,default
Yahuna-316_ordinaryflutemadeofpipe-1,,Yahuna,316_ordinaryflutemadeofpipe,pū́puliki,pū́puliki,p u u p u ɺ i k i,,Koch1914[819],,,^ pū́puliki $,default
Yupua-316_ordinaryflutemadeofpipe-2,,Yupua,316_ordinaryflutemadeofpipe,tx̯ḗ̠bo,tx̯ḗ̠bo,tʃ ɛ ɛ b ɔ,,Koch1914[819],,,^ tx̯ḗ̠bo $,default
Yahuna-316_ordinaryflutemadeofpipe-2,,Yahuna,316_ordinaryflutemadeofpipe,uālá,uālá,w a a ɺ a,,Koch1914[819],,,^ uālá $,default
Yupua-316_ordinaryflutemadeofpipe-3,,Yupua,316_ordinaryflutemadeofpipe,yasḗ̠bo,yasḗ̠bo,j a s ɛ ɛ b ɔ,,Koch1914[819],,,^ yasḗ̠bo $,default
Desano-317_panpipe-1,,Desano,317_panpipe,tā́lusuba,tā́lusuba,t a a ɺ u s u b a,,Koch1914[819],,,^ tā́lusuba $,default
Yupua-317_panpipe-1,,Yupua,317_panpipe,tx̯ḗ̠bo(d)ya,tx̯ḗ̠boya,tʃ ɛ ɛ b ɔ j a,,Koch1914[819],,,^ tx̯ḗ̠boya $,default
Yahuna-317_panpipe-1,,Yahuna,317_panpipe,he̠hḗ̠roka,he̠hḗ̠roka,h ɛ h ɛ ɛ ɾ ɔ k a,,Koch1914[819],,,^ he̠hḗ̠roka $,default
Koretu-317_panpipe-1,,Koretu,317_panpipe,se̠sé̠ri,se̠sé̠ri,s ɛ s ɛ ɾ i,,Koch1914[819],,,^ se̠sé̠ri $,default
Yupua-317_panpipe-2,,Yupua,317_panpipe,(t)sḗ̠bo(d)ya,sḗ̠boya,s ɛ ɛ b ɔ j a,,Koch1914[819],,,^ sḗ̠boya $,default
Yupua-317_panpipe-3,,Yupua,317_panpipe,sḗ̠bo,sḗ̠bo,s ɛ ɛ b ɔ,,Koch1914[819],,,^ sḗ̠bo $,default
Yahuna-318_woodenhorn-1,,Yahuna,318_woodenhorn,ūlía,ūlía,u u ɺ i a,,Koch1914[819],,,^ ūlía $,default
Yahuna-319_signalhornmadeoutofclay-1,,Yahuna,319_signalhornmadeoutofclay,ūlía,ūlía,u u ɺ i a,,Koch1914[819],,,^ ūlía $,default
Desano-320_bigsignaldrum-1,,Desano,320_bigsignaldrum,tóatole,tóatole,t ɔ a t ɔ ɺ e,,Koch1914[819],,,^ tóatole $,default
Yahuna-320_bigsignaldrum-1,,Yahuna,320_bigsignaldrum,yapu(u)tásie,yaputásie,j a p u t a s i e,,Koch1914[819],,,^ yaputásie $,default
Desano-321_danceincirclessinging-1,,Desano,321_danceincirclessinging,bāyála,bāyála,b a a j a ɺ a,,Koch1914[819],,,^ bāyála $,default
Yahuna-321_danceincirclessinging-1,,Yahuna,321_danceincirclessinging,bā(d)yá,bāyá,b a a j a,,Koch1914[819],,,^ bāyá $,default
Koretu-321_danceincirclessinging-1,,Koretu,321_danceincirclessinging,ópaie̥,ópaie̥,ɔ p a j ɨ,,Koch1914[819],,,^ ópaie̥ $,default
Yahuna-322_yuruparydancefestival-1,,Yahuna,322_yuruparydancefestival,ué̠koa malā́bē̠na,ué̠koa_malā́bē̠na,w ɛ k ɔ a + m a ɺ a a b ɛ ɛ n a,,Koch1914[819],,,^ ué̠koa _ malā́bē̠na $,default
Yahuna-323_letsdance-1,,Yahuna,323_letsdance,ué̠koa malā́bē̠na,ué̠koa_malā́bē̠na,w ɛ k ɔ a + m a ɺ a a b ɛ ɛ n a,,Koch1914[819],,,^ ué̠koa _ malā́bē̠na $,default
Yahuna-324_yuruparywhip-1,,Yahuna,324_yuruparywhip,úaḥoa,úaḥoa,u a h ɔ a,,Koch1914[819],,,^ úaḥoa $,default
Yahuna-325_smallflutepipe-1,,Yahuna,325_smallflutepipe,óaka,óaka,ɔ a k a,,Koch1914[820],,,^ óaka $,default
Yahuna-326_largerflutepipe-1,,Yahuna,326_largerflutepipe,uahu(m)bolituga,uahubolituga,w a h u b ɔ ɺ i t u g a,,Koch1914[820],,,^ uahubolituga $,default
Yahuna-327_bigflutepipe-1,,Yahuna,327_bigflutepipe,kahíoaka,kahíoaka,k a h i ɔ a k a,,Koch1914[820],,,^ kahíoaka $,default
Yahuna-328_verylargeflutepipe-1,,Yahuna,328_verylargeflutepipe,yátai̯ga,yátai̯ga,j a t a i g a,,Koch1914[820],,,^ yátai̯ga $,default
Yahuna-329_coneshapedinstrumentthatisquottootedquotlikeahorn-1,,Yahuna,329_coneshapedinstrumentthatisquottootedquotlikeahorn,te̠alíue̠koa,te̠alíue̠koa,t ɛ a ɺ i w ɛ k ɔ a,,Koch1914[820],,,^ te̠alíue̠koa $,default
Yahuna-330_bigconeshapedinstrumentthatisquottootedquotlikeahorn-1,,Yahuna,330_bigconeshapedinstrumentthatisquottootedquotlikeahorn,mamiyimí,mamiyimí,m a m i j i m i,,Koch1914[820],,,^ mamiyimí $,default
Desano-331_kasiri-1,,Desano,331_kasiri,pé̠(a)ru,pé̠ru,p ɛ ɾ u,,Koch1914[820],,,^ pé̠ru $,default
Yupua-331_kasiri-1,,Yupua,331_kasiri,báapa(d)yau̯alu,báapayau̯alu,b a a p a j a w a ɺ u,,Koch1914[820],,,^ báapayau̯alu $,default
Yahuna-331_kasiri-1,,Yahuna,331_kasiri,hīsínoko,hīsínoko,h i i s i n ɔ k ɔ,,Koch1914[820],,,^ hīsínoko $,default
Koretu-331_kasiri-1,,Koretu,331_kasiri,kíasiri,kíasiri,k i a s i ɾ i,,Koch1914[820],,,^ kíasiri $,default
Desano-331_kasiri-2,,Desano,331_kasiri,pē̠yáru,pē̠yáru,p ɛ ɛ j a ɾ u,,Koch1914[820],,,^ pē̠yáru $,default
Yupua-331_kasiri-2,,Yupua,331_kasiri,báapa(d)yau̯aru,báapayau̯aru,b a a p a j a w a ɾ u,,Koch1914[820],,,^ báapayau̯aru $,default
Desano-331_kasiri-3,,Desano,331_kasiri,pē̠yálu,pē̠yálu,p ɛ ɛ j a ɺ u,,Koch1914[820],,,^ pē̠yálu $,default
Desano-332_manicuerasweetboiledmandiocajuice-1,,Desano,332_manicuerasweetboiledmandiocajuice,yoxká,yoxká,j ɔ h k a,,Koch1914[820],,,^ yoxká $,default
Yahuna-332_manicuerasweetboiledmandiocajuice-1,,Yahuna,332_manicuerasweetboiledmandiocajuice,nóḳoa,nóḳoa,n ɔ k ɔ a,,Koch1914[820],,,^ nóḳoa $,default
Desano-333_cachacarum-1,,Desano,333_cachacarum,tsī́puli,tsī́puli,ts i i p u ɺ i,,Koch1914[820],,,^ tsī́puli $,default
Desano-334_coca-1,,Desano,334_coca,axpí,axpí,a h p i,,Koch1914[820],,,^ axpí $,default
Yupua-334_coca-1,,Yupua,334_coca,gā́(x)pi,gā́pi,g a a p i,,Koch1914[820],,,^ gā́pi $,default
Yahuna-334_coca-1,,Yahuna,334_coca,taā́biku,taā́biku,t a a a b i k u,,Koch1914[820],,,^ taā́biku $,default
Koretu-334_coca-1,,Koretu,334_coca,tā́ḥire̥,tā́ḥire̥,t a a h i ɾ ɨ,,Koch1914[820],,,^ tā́ḥire̥ $,default
Desano-334_coca-2,,Desano,334_coca,axbí,axbí,a h b i,,Koch1914[820],,,^ axbí $,default
Yupua-334_coca-2,,Yupua,334_coca,gā́pi,gā́pi,g a a p i,,Koch1914[820],,,^ gā́pi $,default
Yahuna-335_ashfromambauvaleavesasanadditivetococa-1,,Yahuna,335_ashfromambauvaleavesasanadditivetococa,gaā́pimóa,gaā́pimóa,g a a a p i m ɔ a,,Koch1914[820],,,^ gaā́pimóa $,default
Desano-336_roundpolishedcalabashforcocaonlywornduringfestivities-1,,Desano,336_roundpolishedcalabashforcocaonlywornduringfestivities,axpíndi(y)eriru,axpíndieriru,a h p i n d i e ɾ i ɾ u,,Koch1914[820],,,^ axpíndieriru $,default
Desano-337_hollowheronbonestothisdevice-1,,Desano,337_hollowheronbonestothisdevice,yaxhigoa,yaxhigoa,j a h i g ɔ a,,Koch1914[820],,,^ yaxhigoa $,default
Yahuna-338_waxsticksmadefrominambufeathersthataredippedinbeeswaxandthenbenttogether-1,,Yahuna,338_waxsticksmadefrominambufeathersthataredippedinbeeswaxandthenbenttogether,mumiákakoa,mumiákakoa,m u m i a k a k ɔ a,,Koch1914[820],,,^ mumiákakoa $,default
Desano-339_human-1,,Desano,339_human,e̥me̥(g)é̥,e̥me̥é̥,ɨ m ɨ ɨ,,Koch1914[820],,,^ e̥me̥é̥ $,default
Yupua-339_human-1,,Yupua,339_human,é̥me̥,é̥me̥,ɨ m ɨ,,Koch1914[820],,,^ é̥me̥ $,default
Yahuna-339_human-1,,Yahuna,339_human,imíliha,imíliha,i m i ɺ i h a,,Koch1914[820],,,^ imíliha $,default
Koretu-339_human-1,,Koretu,339_human,láe̥,láe̥,ɺ a ɨ,,Koch1914[820],,,^ láe̥ $,default
Desano-340_people-1,,Desano,340_people,maxsá,maxsá,m a h s a,,Koch1914[820],,,^ maxsá $,default
Yupua-340_people-1,,Yupua,340_people,mā́(x)sa,mā́sa,m a a s a,,Koch1914[820],,,^ mā́sa $,default
Yahuna-340_people-1,,Yahuna,340_people,poe̠mahá,poe̠mahá,p ɔ ɛ m a h a,,Koch1914[820],,,^ poe̠mahá $,default
Koretu-340_people-1,,Koretu,340_people,mā́(a)tare̥,mā́tare̥,m a a t a ɾ ɨ,,Koch1914[820],,,^ mā́tare̥ $,default
Yupua-340_people-2,,Yupua,340_people,má(x)(t)sa,mása,m a s a,,Koch1914[820],,,^ mása $,default
Desano-341_man-1,,Desano,341_man,e̥me̥(g)é̥,e̥me̥é̥,ɨ m ɨ ɨ,,Koch1914[820],,,^ e̥me̥é̥ $,default
Yupua-341_man-1,,Yupua,341_man,é̥me̥,é̥me̥,ɨ m ɨ,,Koch1914[820],,,^ é̥me̥ $,default
Yahuna-341_man-1,,Yahuna,341_man,imíliha,imíliha,i m i ɺ i h a,,Koch1914[820],,,^ imíliha $,default
Koretu-341_man-1,,Koretu,341_man,láe̥,láe̥,ɺ a ɨ,,Koch1914[820],,,^ láe̥ $,default
Desano-342_husband-1,,Desano,342_husband,yégolope̥,yégolope̥,j e g ɔ ɺ ɔ p ɨ,,Koch1914[820],,,^ yégolope̥ $,default
Yahuna-342_husband-1,,Yahuna,342_husband,yinū́mu,yinū́mu,j i n u u m u,,Koch1914[820],,,^ yinū́mu $,default
Desano-342_husband-2,,Desano,342_husband,yégorope̥,yégorope̥,j e g ɔ ɾ ɔ p ɨ,,Koch1914[820],,,^ yégorope̥ $,default
Desano-343_father-1,,Desano,343_father,yée̥pe̥,yée̥pe̥,j e ɨ p ɨ,,Koch1914[820],,,^ yée̥pe̥ $,default
Yupua-343_father-1,,Yupua,343_father,yé(e̥)pé,yépé,j e p e,,Koch1914[820],,,^ yépé $,default
Yahuna-343_father-1,,Yahuna,343_father,yipā́ki,yipā́ki,j i p a a k i,,Koch1914[820],,,^ yipā́ki $,default
Koretu-343_father-1,,Koretu,343_father,hā́ke̥,hā́ke̥,h a a k ɨ,,Koch1914[820],,,^ hā́ke̥ $,default
Desano-343_father-2,,Desano,343_father,yépe̥,yépe̥,j e p ɨ,,Koch1914[820],,,^ yépe̥ $,default
Desano-344_daddy-1,,Desano,344_daddy,aé̥,aé̥,a ɨ,,Koch1914[820],,,^ aé̥ $,default
Yupua-344_daddy-1,,Yupua,344_daddy,āí,āí,a a i,,Koch1914[820],,,^ āí $,default
Yahuna-344_daddy-1,,Yahuna,344_daddy,ābí,ābí,a a b i,,Koch1914[820],,,^ ābí $,default
Yupua-344_daddy-2,,Yupua,344_daddy,āé̥,āé̥,a a ɨ,,Koch1914[820],,,^ āé̥ $,default
Desano-345_mother-1,,Desano,345_mother,yée̥po,yée̥po,j e ɨ p ɔ,,Koch1914[820],,,^ yée̥po $,default
Yupua-345_mother-1,,Yupua,345_mother,yé(e̥)pó,yépó,j e p ɔ,,Koch1914[820],,,^ yépó $,default
Yahuna-345_mother-1,,Yahuna,345_mother,yipā́ko,yipā́ko,j i p a a k ɔ,,Koch1914[820],,,^ yipā́ko $,default
Koretu-345_mother-1,,Koretu,345_mother,hā́ko,hā́ko,h a a k ɔ,,Koch1914[820],,,^ hā́ko $,default
Desano-345_mother-2,,Desano,345_mother,yépo,yépo,j e p ɔ,,Koch1914[820],,,^ yépo $,default
Desano-346_mummy-1,,Desano,346_mummy,mē̠ó,mē̠ó,m ɛ ɛ ɔ,,Koch1914[820],,,^ mē̠ó $,default
Yupua-346_mummy-1,,Yupua,346_mummy,mai,mai,m a i,,Koch1914[820],,,^ mai $,default
Yahuna-346_mummy-1,,Yahuna,346_mummy,mai,mai,m a i,,Koch1914[820],,,^ mai $,default
Desano-347_fatherinlaw-1,,Desano,347_fatherinlaw,ne̥má,ne̥má,n ɨ m a,,Koch1914[820],,,^ ne̥má $,default
Koretu-347_fatherinlaw-1,,Koretu,347_fatherinlaw,lē̠kíake̥,lē̠kíake̥,ɺ ɛ ɛ k i a k ɨ,,Koch1914[820],,,^ lē̠kíake̥ $,default
Desano-348_motherinlaw-1,,Desano,348_motherinlaw,uānió,uānió,w a a n i ɔ,,Koch1914[820],,,^ uānió $,default
Koretu-348_motherinlaw-1,,Koretu,348_motherinlaw,lē̠kíako,lē̠kíako,ɺ ɛ ɛ k i a k ɔ,,Koch1914[820],,,^ lē̠kíako $,default
Desano-349_child-1,,Desano,349_child,maxĩ(g)ẽ́,maxĩẽ́,m a h ĩ ẽ,,Koch1914[820],,,^ maxĩẽ́ $,default
Yupua-349_child-1,,Yupua,349_child,siī́ṅgee̥,siī́ṅgee̥,s i i i ŋ g e ɨ,,Koch1914[820],,,^ siī́ṅgee̥ $,default
Yahuna-349_child-1,,Yahuna,349_child,mē̠ní,mē̠ní,m ɛ ɛ n i,,Koch1914[820],,,^ mē̠ní $,default
Koretu-349_child-1,,Koretu,349_child,nī́ya,nī́ya,n i i j a,,Koch1914[820],,,^ nī́ya $,default
Yupua-349_child-2,,Yupua,349_child,(t)siī́ṅgee̥,siī́ṅgee̥,s i i i ŋ g e ɨ,,Koch1914[820],,,^ siī́ṅgee̥ $,default
Yahuna-349_child-2,,Yahuna,349_child,mē̠'ní,mē̠'ní,m ɛ ɛ ʔ n i,,Koch1914[820],,,^ mē̠'ní $,default
Desano-350_infant-1,,Desano,350_infant,díalu,díalu,d i a ɺ u,,Koch1914[820],,,^ díalu $,default
Desano-351_myson-1,,Desano,351_myson,yémã(g)ẽ,yémãẽ,j e m ã ẽ,,Koch1914[820],,,^ yémãẽ $,default
Yupua-351_myson-1,,Yupua,351_myson,yee̥mã́(g)e̥,yee̥mã́e̥,j e ɨ m ã ɨ,,Koch1914[820],,,^ yee̥mã́e̥ $,default
Yahuna-351_myson-1,,Yahuna,351_myson,yimā́ki,yimā́ki,j i m a a k i,,Koch1914[820],,,^ yimā́ki $,default
Koretu-351_myson-1,,Koretu,351_myson,nī́ya,nī́ya,n i i j a,,Koch1914[820],,,^ nī́ya $,default
Yupua-351_myson-2,,Yupua,351_myson,yée̥mã̄(g)e̥,yée̥mã̄e̥,j e ɨ m ã ã ɨ,,Koch1914[820],,,^ yée̥mã̄e̥ $,default
Koretu-351_myson-2,,Koretu,351_myson,símāke̥,símāke̥,s i m a a k ɨ,,Koch1914[820],,,^ símāke̥ $,default
Desano-352_grandson-1,,Desano,352_grandson,yépanami,yépanami,j e p a n a m i,,Koch1914[820],,,^ yépanami $,default
Desano-353_boy-1,,Desano,353_boy,mámala,mámala,m a m a ɺ a,,Koch1914[820],,,^ mámala $,default
Yupua-353_boy-1,,Yupua,353_boy,siī́ṅgee̥,siī́ṅgee̥,s i i i ŋ g e ɨ,,Koch1914[820],,,^ siī́ṅgee̥ $,default
Yahuna-353_boy-1,,Yahuna,353_boy,mē̠ní,mē̠ní,m ɛ ɛ n i,,Koch1914[820],,,^ mē̠ní $,default
Yupua-353_boy-2,,Yupua,353_boy,(t)siī́ṅgee̥,siī́ṅgee̥,s i i i ŋ g e ɨ,,Koch1914[820],,,^ siī́ṅgee̥ $,default
Yupua-354_youngman-1,,Yupua,354_youngman,be̥gé̥masi,be̥gé̥masi,b ɨ g ɨ m a s i,,Koch1914[820],,,^ be̥gé̥masi $,default
Koretu-354_youngman-1,,Koretu,354_youngman,mā́nuḥāke̥,mā́nuḥāke̥,m a a n u h a a k ɨ,,Koch1914[820],,,^ mā́nuḥāke̥ $,default
Yupua-355_brother-1,,Yupua,355_brother,nihá,nihá,n i h a,,Koch1914[820],,,^ nihá $,default
Yahuna-355_brother-1,,Yahuna,355_brother,yimā́'mi,yimā́'mi,j i m a a ʔ m i,,Koch1914[820],,,^ yimā́'mi $,default
Koretu-355_brother-1,,Koretu,355_brother,sínehine̠,sínehine̠,s i n e h i n ɛ,,Koch1914[820],,,^ sínehine̠ $,default
Desano-356_olderbrother-1,,Desano,356_olderbrother,gamú,gamú,g a m u,,Koch1914[820],,,^ gamú $,default
Desano-357_youngerbrother-1,,Desano,357_youngerbrother,kamĩ́(g)ã,kamĩ́ã,k a m ĩ ã,,Koch1914[820],,,^ kamĩ́ã $,default
Desano-358_brotherinlaw-1,,Desano,358_brotherinlaw,yébaxsulina,yébaxsulina,j e b a h s u ɺ i n a,,Koch1914[820],,,^ yébaxsulina $,default
Yahuna-358_brotherinlaw-1,,Yahuna,358_brotherinlaw,yuamahí,yuamahí,j u a m a h i,,Koch1914[820],,,^ yuamahí $,default
Yupua-359_sister-1,,Yupua,359_sister,niháma,niháma,n i h a m a,,Koch1914[820],,,^ niháma $,default
Yahuna-359_sister-1,,Yahuna,359_sister,áo,áo,a ɔ,,Koch1914[820],,,^ áo $,default
Koretu-359_sister-1,,Koretu,359_sister,síkoako,síkoako,s i k ɔ a k ɔ,,Koch1914[820],,,^ síkoako $,default
Desano-360_oldersister-1,,Desano,360_oldersister,dió,dió,d i ɔ,,Koch1914[820],,,^ dió $,default
Desano-361_youngersister-1,,Desano,361_youngersister,kamĩ́(g)ã,kamĩ́ã,k a m ĩ ã,,Koch1914[820],,,^ kamĩ́ã $,default
Desano-362_sisterinlaw-1,,Desano,362_sisterinlaw,yépuibo,yépuibo,j e p u i b ɔ,,Koch1914[820],,,^ yépuibo $,default
Desano-363_woman-1,,Desano,363_woman,nomé̠,nomé̠,n ɔ m ɛ,,Koch1914[820],,,^ nomé̠ $,default
Yupua-363_woman-1,,Yupua,363_woman,númi,númi,n u m i,,Koch1914[820],,,^ númi $,default
Yahuna-363_woman-1,,Yahuna,363_woman,nomó,nomó,n ɔ m ɔ,,Koch1914[820],,,^ nomó $,default
Koretu-363_woman-1,,Koretu,363_woman,lā́(a)ko,lā́ko,ɺ a a k ɔ,,Koch1914[820],,,^ lā́ko $,default
Koretu-363_woman-2,,Koretu,363_woman,lā́ko,lā́ko,ɺ a a k ɔ,,Koch1914[820],,,^ lā́ko $,default
Desano-364_wife-1,,Desano,364_wife,yémanape̥,yémanape̥,j e m a n a p ɨ,,Koch1914[821],,,^ yémanape̥ $,default
Yahuna-365_hiswife-1,,Yahuna,365_hiswife,kinumu,kinumu,k i n u m u,,Koch1914[821],,,^ kinumu $,default
Yupua-366_girl-1,,Yupua,366_girl,mā́be̥ga,mā́be̥ga,m a a b ɨ g a,,Koch1914[821],,,^ mā́be̥ga $,default
Yahuna-366_girl-1,,Yahuna,366_girl,bi(x̯)kinínomo,bikinínomo,b i k i n i n ɔ m ɔ,,Koch1914[821],,,^ bikinínomo $,default
Desano-367_daughter-1,,Desano,367_daughter,yémã(g)õ,yémãõ,j e m ã ɔ̃,,Koch1914[821],,,^ yémãõ $,default
Yupua-367_daughter-1,,Yupua,367_daughter,yee̥mã́(g)ã,yee̥mã́ã,j e ɨ m ã ã,,Koch1914[821],,,^ yee̥mã́ã $,default
Yahuna-367_daughter-1,,Yahuna,367_daughter,yimákipako,yimákipako,j i m a k i p a k ɔ,,Koch1914[821],,,^ yimákipako $,default
Koretu-367_daughter-1,,Koretu,367_daughter,símako,símako,s i m a k ɔ,,Koch1914[821],,,^ símako $,default
Desano-368_granddaughter-1,,Desano,368_granddaughter,yépanameo̯,yépanameo̯,j e p a n a m e ɔ,,Koch1914[821],,,^ yépanameo̯ $,default
Desano-369_widow-1,,Desano,369_widow,uaxpéweyo,uaxpéweyo,w a h p e w e j ɔ,,Koch1914[821],,,^ uaxpéweyo $,default
Desano-370_uncle-1,,Desano,370_uncle,uai,uai,w a i,,Koch1914[821],,,^ uai $,default
Yupua-370_uncle-1,,Yupua,370_uncle,me̥āmé̥,me̥āmé̥,m ɨ a a m ɨ,,Koch1914[821],,,^ me̥āmé̥ $,default
Yahuna-370_uncle-1,,Yahuna,370_uncle,aá,aá,a a,,Koch1914[821],,,^ aá $,default
Koretu-370_uncle-1,,Koretu,370_uncle,aké̥lame̥,aké̥lame̥,a k ɨ ɺ a m ɨ,,Koch1914[821],,,^ aké̥lame̥ $,default
Desano-371_aunt-1,,Desano,371_aunt,be̥ámo,be̥ámo,b ɨ a m ɔ,,Koch1914[821],,,^ be̥ámo $,default
Yahuna-371_aunt-1,,Yahuna,371_aunt,kā́ko,kā́ko,k a a k ɔ,,Koch1914[821],,,^ kā́ko $,default
Koretu-371_aunt-1,,Koretu,371_aunt,pā́ko,pā́ko,p a a k ɔ,,Koch1914[821],,,^ pā́ko $,default
Desano-372_malecousin-1,,Desano,372_malecousin,mé̠oke,mé̠oke,m ɛ ɔ k e,,Koch1914[821],,,^ mé̠oke $,default
Desano-373_femalecousin-1,,Desano,373_femalecousin,mé̠oko,mé̠oko,m ɛ ɔ k ɔ,,Koch1914[821],,,^ mé̠oko $,default
Desano-374_oldman-1,,Desano,374_oldman,bē̥gé̥,bē̥gé̥,b ɨ ɨ g ɨ,,Koch1914[821],,,^ bē̥gé̥ $,default
Yupua-374_oldman-1,,Yupua,374_oldman,bé̥ge̥,bé̥ge̥,b ɨ g ɨ,,Koch1914[821],,,^ bé̥ge̥ $,default
Koretu-374_oldman-1,,Koretu,374_oldman,bé̥ike̥,bé̥ike̥,b ɨ i k ɨ,,Koch1914[821],,,^ bé̥ike̥ $,default
Desano-375_oldwoman-1,,Desano,375_oldwoman,bē̥ló,bē̥ló,b ɨ ɨ ɺ ɔ,,Koch1914[821],,,^ bē̥ló $,default
Yupua-375_oldwoman-1,,Yupua,375_oldwoman,bé̥ga,bé̥ga,b ɨ g a,,Koch1914[821],,,^ bé̥ga $,default
Koretu-375_oldwoman-1,,Koretu,375_oldwoman,bé̥iko,bé̥iko,b ɨ i k ɔ,,Koch1914[821],,,^ bé̥iko $,default
Desano-376_grandfather-1,,Desano,376_grandfather,yēyex̯ké̥pe̥xkero,yēyex̯ké̥pe̥xkero,j e e j e h k ɨ p ɨ h k e ɾ ɔ,,Koch1914[821],,,^ yēyex̯ké̥pe̥xkero $,default
Yupua-376_grandfather-1,,Yupua,376_grandfather,guú,guú,g u u,,Koch1914[821],,,^ guú $,default
Yahuna-376_grandfather-1,,Yahuna,376_grandfather,pā́kie̠ki,pā́kie̠ki,p a a k i ɛ k i,,Koch1914[821],,,^ pā́kie̠ki $,default
Koretu-376_grandfather-1,,Koretu,376_grandfather,sī́ke̥,sī́ke̥,s i i k ɨ,,Koch1914[821],,,^ sī́ke̥ $,default
Desano-377_grandmother-1,,Desano,377_grandmother,mé̠abe̥lo,mé̠abe̥lo,m ɛ a b ɨ ɺ ɔ,,Koch1914[821],,,^ mé̠abe̥lo $,default
Yupua-377_grandmother-1,,Yupua,377_grandmother,(t)soi,soi,s ɔ i,,Koch1914[821],,,^ soi $,default
Yahuna-377_grandmother-1,,Yahuna,377_grandmother,pā́kiako,pā́kiako,p a a k i a k ɔ,,Koch1914[821],,,^ pā́kiako $,default
Koretu-377_grandmother-1,,Koretu,377_grandmother,sī́ko,sī́ko,s i i k ɔ,,Koch1914[821],,,^ sī́ko $,default
Desano-377_grandmother-2,,Desano,377_grandmother,mé̠abe̥ro,mé̠abe̥ro,m ɛ a b ɨ ɾ ɔ,,Koch1914[821],,,^ mé̠abe̥ro $,default
Desano-378_chief-1,,Desano,378_chief,oxpé̥,oxpé̥,ɔ h p ɨ,,Koch1914[821],,,^ oxpé̥ $,default
Yupua-378_chief-1,,Yupua,378_chief,máhi,máhi,m a h i,,Koch1914[821],,,^ máhi $,default
Yahuna-378_chief-1,,Yahuna,378_chief,īpí,īpí,i i p i,,Koch1914[821],,,^ īpí $,default
Koretu-378_chief-1,,Koretu,378_chief,ḥé̥(e)he̥,ḥé̥he̥,h ɨ h ɨ,,Koch1914[821],,,^ ḥé̥he̥ $,default
Desano-379_whiteman-1,,Desano,379_whiteman,pe̠ā́maxsa,pe̠ā́maxsa,p ɛ a a m a h s a,,Koch1914[821],,,^ pe̠ā́maxsa $,default
Yupua-379_whiteman-1,,Yupua,379_whiteman,kalíua,kalíua,k a ɺ i w a,,Koch1914[821],,,^ kalíua $,default
Yahuna-379_whiteman-1,,Yahuna,379_whiteman,kaliuāna,kaliuāna,k a ɺ i w a a n a,,Koch1914[821],,,^ kaliuāna $,default
Koretu-379_whiteman-1,,Koretu,379_whiteman,karíua,karíua,k a ɾ i w a,,Koch1914[821],,,^ karíua $,default
Yupua-379_whiteman-2,,Yupua,379_whiteman,karíua,karíua,k a ɾ i w a,,Koch1914[821],,,^ karíua $,default
Yupua-379_whiteman-3,,Yupua,379_whiteman,yé̠ua,yé̠ua,j ɛ w a,,Koch1914[821],,,^ yé̠ua $,default
Desano-380_magician-1,,Desano,380_magician,yé̠a,yé̠a,j ɛ a,,Koch1914[821],,,^ yé̠a $,default
Yupua-380_magician-1,,Yupua,380_magician,yī́(i),yī́,j i i,,Koch1914[821],,,^ yī́ $,default
Yahuna-380_magician-1,,Yahuna,380_magician,yaiká,yaiká,j a i k a,,Koch1914[821],,,^ yaiká $,default
Koretu-380_magician-1,,Koretu,380_magician,kū́'me̥,kū́'me̥,k u u ʔ m ɨ,,Koch1914[821],,,^ kū́'me̥ $,default
Yupua-380_magician-2,,Yupua,380_magician,(d)yī́(i),yī́,j i i,,Koch1914[821],,,^ yī́ $,default
Desano-381_drug-1,,Desano,381_drug,bālá,bālá,b a a ɺ a,,Koch1914[821],,,^ bālá $,default
Desano-382_poisonusedtotreatillnesses-1,,Desano,382_poisonusedtotreatillnesses,nīmá,nīmá,n i i m a,,Koch1914[821],,,^ nīmá $,default
Desano-383_fever-1,,Desano,383_fever,nīmáke̥li,nīmáke̥li,n i i m a k ɨ ɺ i,,Koch1914[821],,,^ nīmáke̥li $,default
Desano-384_diarrhea-1,,Desano,384_diarrhea,dī́(y)oho,dī́oho,d i i ɔ h ɔ,,Koch1914[821],,,^ dī́oho $,default
Desano-385_tobacco-1,,Desano,385_tobacco,mū̠nú̠,mū̠nú̠,m ʊ ʊ n ʊ,,Koch1914[821],,,^ mū̠nú̠ $,default
Yupua-385_tobacco-1,,Yupua,385_tobacco,mé̥la,mé̥la,m ɨ ɺ a,,Koch1914[821],,,^ mé̥la $,default
Yahuna-385_tobacco-1,,Yahuna,385_tobacco,mi'nóa,mi'nóa,m i ʔ n ɔ a,,Koch1914[821],,,^ mi'nóa $,default
Koretu-385_tobacco-1,,Koretu,385_tobacco,me̥nṓre̥,me̥nṓre̥,m ɨ n ɔ ɔ ɾ ɨ,,Koch1914[821],,,^ me̥nṓre̥ $,default
Yahuna-385_tobacco-2,,Yahuna,385_tobacco,minó,minó,m i n ɔ,,Koch1914[821],,,^ minó $,default
Yupua-386_tobaccoleaf-1,,Yupua,386_tobaccoleaf,mé̥lapu,mé̥lapu,m ɨ ɺ a p u,,Koch1914[821],,,^ mé̥lapu $,default
Desano-387_bigcigar-1,,Desano,387_bigcigar,ōlēró,ōlēró,ɔ ɔ ɺ e e ɾ ɔ,,Koch1914[821],,,^ ōlēró $,default
Desano-387_bigcigar-2,,Desano,387_bigcigar,ōlēló,ōlēló,ɔ ɔ ɺ e e ɺ ɔ,,Koch1914[821],,,^ ōlēló $,default
Desano-388_cigarfork-1,,Desano,388_cigarfork,ōlērótsualide̥xpe̥,ōlērótsualide̥xpe̥,ɔ ɔ ɺ e e ɾ ɔ ts u a ɺ i d ɨ h p ɨ,,Koch1914[821],,,^ ōlērótsualide̥xpe̥ $,default
Desano-388_cigarfork-2,,Desano,388_cigarfork,ōlēlótsualide̥xpe̥,ōlēlótsualide̥xpe̥,ɔ ɔ ɺ e e ɺ ɔ ts u a ɺ i d ɨ h p ɨ,,Koch1914[821],,,^ ōlēlótsualide̥xpe̥ $,default
Desano-389_snufftobacco-1,,Desano,389_snufftobacco,mū̠nu̠ui̯hīnimúka,mū̠nu̠ui̯hīnimúka,m ʊ ʊ n ʊ w i h i i n i m u k a,,Koch1914[821],,,^ mū̠nu̠ui̯hīnimúka $,default
Yahuna-389_snufftobacco-1,,Yahuna,389_snufftobacco,mi'nóa,mi'nóa,m i ʔ n ɔ a,,Koch1914[821],,,^ mi'nóa $,default
Koretu-389_snufftobacco-1,,Koretu,389_snufftobacco,me̥nṓre̥,me̥nṓre̥,m ɨ n ɔ ɔ ɾ ɨ,,Koch1914[821],,,^ me̥nṓre̥ $,default
Yahuna-389_snufftobacco-2,,Yahuna,389_snufftobacco,minó,minó,m i n ɔ,,Koch1914[821],,,^ minó $,default
Desano-390_devicetosnifftobacco-1,,Desano,390_devicetosnifftobacco,ui̯híniseneno,ui̯híniseneno,w i h i n i s e n e n ɔ,,Koch1914[821],,,^ ui̯híniseneno $,default
Yupua-390_devicetosnifftobacco-1,,Yupua,390_devicetosnifftobacco,mé̥la,mé̥la,m ɨ ɺ a,,Koch1914[821],,,^ mé̥la $,default
Yahuna-390_devicetosnifftobacco-1,,Yahuna,390_devicetosnifftobacco,mī́nouīnukia,mī́nouīnukia,m i i n ɔ w i i n u k i a,,Koch1914[821],,,^ mī́nouīnukia $,default
Koretu-390_devicetosnifftobacco-1,,Koretu,390_devicetosnifftobacco,me̥nosé̠(i)kia,me̥nosé̠kia,m ɨ n ɔ s ɛ k i a,,Koch1914[821],,,^ me̥nosé̠kia $,default
Yupua-391_boxforsnufftobacco-1,,Yupua,391_boxforsnufftobacco,me̥lapuhúa(d)ye̥,me̥lapuhúaye̥,m ɨ ɺ a p u h u a j ɨ,,Koch1914[821],,,^ me̥lapuhúaye̥ $,default
Yahuna-391_boxforsnufftobacco-1,,Yahuna,391_boxforsnufftobacco,mīnokóa,mīnokóa,m i i n ɔ k ɔ a,,Koch1914[821],,,^ mīnokóa $,default
Yahuna-392_largesnailshellthatisusedasaboxforsnufftobacco-1,,Yahuna,392_largesnailshellthatisusedasaboxforsnufftobacco,kobé̠rokoa,kobé̠rokoa,k ɔ b ɛ ɾ ɔ k ɔ a,,Koch1914[821],,,^ kobé̠rokoa $,default
Yahuna-393_woundscratchestriangularcalabashshardstuddedwithteethofthetrahirafish-1,,Yahuna,393_woundscratchestriangularcalabashshardstuddedwithteethofthetrahirafish,yé̠'yoa,yé̠'yoa,j ɛ ʔ j ɔ a,,Koch1914[821],,,^ yé̠'yoa $,default
Yahuna-393_woundscratchestriangularcalabashshardstuddedwithteethofthetrahirafish-2,,Yahuna,393_woundscratchestriangularcalabashshardstuddedwithteethofthetrahirafish,yé̠yoa,yé̠yoa,j ɛ j ɔ a,,Koch1914[821],,,^ yé̠yoa $,default
Desano-394_deity-1,,Desano,394_deity,góamã(g)ẽ,góamãẽ,g ɔ a m ã ẽ,,Koch1914[821],,,^ góamãẽ $,default
Yupua-394_deity-1,,Yupua,394_deity,kṓ(n)yau̯i,kṓyau̯i,k ɔ ɔ j a w i,,Koch1914[821],,,^ kṓyau̯i $,default
Yahuna-394_deity-1,,Yahuna,394_deity,ué̠xkoa,ué̠xkoa,w ɛ h k ɔ a,,Koch1914[821],,,^ ué̠xkoa $,default
Koretu-394_deity-1,,Koretu,394_deity,tu̠pána,tu̠pána,t ʊ p a n a,,Koch1914[821],,,^ tu̠pána $,default
Yahuna-394_deity-2,,Yahuna,394_deity,wé̠xkoa,wé̠xkoa,w ɛ h k ɔ a,,Koch1914[821],,,^ wé̠xkoa $,default
Yahuna-394_deity-3,,Yahuna,394_deity,tupā́na,tupā́na,t u p a a n a,,Koch1914[821],,,^ tupā́na $,default
Desano-396_forestspiritlinguageralkurupira-1,,Desano,396_forestspiritlinguageralkurupira,bōlēró,bōlēró,b ɔ ɔ ɺ e e ɾ ɔ,,Koch1914[821],,,^ bōlēró $,default
Yupua-396_forestspiritlinguageralkurupira-1,,Yupua,396_forestspiritlinguageralkurupira,bulḗ̠ro,bulḗ̠ro,b u ɺ ɛ ɛ ɾ ɔ,,Koch1914[821],,,^ bulḗ̠ro $,default
Yahuna-396_forestspiritlinguageralkurupira-1,,Yahuna,396_forestspiritlinguageralkurupira,bulé̠ru,bulé̠ru,b u ɺ ɛ ɾ u,,Koch1914[821],,,^ bulé̠ru $,default
Yahuna-396_forestspiritlinguageralkurupira-2,,Yahuna,396_forestspiritlinguageralkurupira,ua(d)yáule̠ru,uayáule̠ru,w a j a u ɺ ɛ ɾ u,,Koch1914[821],,,^ uayáule̠ru $,default
Yahuna-396_forestspiritlinguageralkurupira-3,,Yahuna,396_forestspiritlinguageralkurupira,ua(d)yáule̠ruka,uayáule̠ruka,w a j a u ɺ ɛ ɾ u k a,,Koch1914[821],,,^ uayáule̠ruka $,default
Yahuna-396_forestspiritlinguageralkurupira-4,,Yahuna,396_forestspiritlinguageralkurupira,nokolī́(d)yau̯a,nokolī́yau̯a,n ɔ k ɔ ɺ i i j a w a,,Koch1914[821],,,^ nokolī́yau̯a $,default
Yupua-397_soul-1,,Yupua,397_soul,uá(x)tiuáage̥,uátiuáage̥,w a t i w a a g ɨ,,Koch1914[821],,,^ uátiuáage̥ $,default
Yahuna-397_soul-1,,Yahuna,397_soul,pōpaká,pōpaká,p ɔ ɔ p a k a,,Koch1914[821],,,^ pōpaká $,default
Desano-398_language-1,,Desano,398_language,uē̠ré̠nĩ(g)īnĩ̄,uē̠ré̠nĩīnĩ̄,w ɛ ɛ ɾ ɛ n ĩ i i n ĩ ĩ,,Koch1914[821],,,^ uē̠ré̠nĩīnĩ̄ $,default
Yupua-398_language-1,,Yupua,398_language,ma(x)(t)agóxko,maagóxko,m a a g ɔ h k ɔ,,Koch1914[821],,,^ maagóxko $,default
Yahuna-398_language-1,,Yahuna,398_language,oká,oká,ɔ k a,,Koch1914[821],,,^ oká $,default
Desano-399_capuchinmonkey-1,,Desano,399_capuchinmonkey,gaxkí,gaxkí,g a h k i,,Koch1914[821],,,^ gaxkí $,default
Yupua-399_capuchinmonkey-1,,Yupua,399_capuchinmonkey,kākí,kākí,k a a k i,,Koch1914[821],,,^ kākí $,default
Yahuna-399_capuchinmonkey-1,,Yahuna,399_capuchinmonkey,take̠á,take̠á,t a k ɛ a,,Koch1914[821],,,^ take̠á $,default
Koretu-399_capuchinmonkey-1,,Koretu,399_capuchinmonkey,tá(a)ki,táki,t a k i,,Koch1914[821],,,^ táki $,default
Desano-400_howlermonkey-1,,Desano,400_howlermonkey,ōrá,ōrá,ɔ ɔ ɾ a,,Koch1914[821],,,^ ōrá $,default
Yupua-400_howlermonkey-1,,Yupua,400_howlermonkey,ī(x̯)sí,īsí,i i s i,,Koch1914[821],,,^ īsí $,default
Yahuna-400_howlermonkey-1,,Yahuna,400_howlermonkey,ihía,ihía,i h i a,,Koch1914[821],,,^ ihía $,default
Koretu-400_howlermonkey-1,,Koretu,400_howlermonkey,ḗsi,ḗsi,e e s i,,Koch1914[821],,,^ ḗsi $,default
Yupua-400_howlermonkey-2,,Yupua,400_howlermonkey,ī(x̯)(t)sí,īsí,i i s i,,Koch1914[821],,,^ īsí $,default
Desano-401_uacarimonkey-1,,Desano,401_uacarimonkey,pōlétulu,pōlétulu,p ɔ ɔ ɺ e t u ɺ u,,Koch1914[821],,,^ pōlétulu $,default
Desano-401_uacarimonkey-2,,Desano,401_uacarimonkey,pōréturu,pōréturu,p ɔ ɔ ɾ e t u ɾ u,,Koch1914[821],,,^ pōréturu $,default
Desano-402_oayapisamonkey-1,,Desano,402_oayapisamonkey,uau,uau,w a u,,Koch1914[821],,,^ uau $,default
Yahuna-402_oayapisamonkey-1,,Yahuna,402_oayapisamonkey,uaúa,uaúa,w a u a,,Koch1914[821],,,^ uaúa $,default
Desano-403_yuruparymonkey-1,,Desano,403_yuruparymonkey,ūkúame,ūkúame,u u k u a m e,,Koch1914[822],,,^ ūkúame $,default
Desano-404_caiararamonkey-1,,Desano,404_caiararamonkey,mexságaxki,mexságaxki,m e h s a g a h k i,,Koch1914[822],,,^ mexságaxki $,default
Yahuna-404_caiararamonkey-1,,Yahuna,404_caiararamonkey,take̠bóe̠a,take̠bóe̠a,t a k ɛ b ɔ ɛ a,,Koch1914[822],,,^ take̠bóe̠a $,default
Desano-405_barrigudomonkey-1,,Desano,405_barrigudomonkey,tsé(i)ge,tsége,ts e g e,,Koch1914[822],,,^ tsége $,default
Yupua-405_barrigudomonkey-1,,Yupua,405_barrigudomonkey,sḗ̠na,sḗ̠na,s ɛ ɛ n a,,Koch1914[822],,,^ sḗ̠na $,default
Koretu-405_barrigudomonkey-1,,Koretu,405_barrigudomonkey,sḗ̠ra,sḗ̠ra,s ɛ ɛ ɾ a,,Koch1914[822],,,^ sḗ̠ra $,default
Desano-406_macaquinho-1,,Desano,406_macaquinho,mē̠né̠tsino,mē̠né̠tsino,m ɛ ɛ n ɛ ts i n ɔ,,Koch1914[822],,,^ mē̠né̠tsino $,default
Yahuna-406_macaquinho-1,,Yahuna,406_macaquinho,hihía,hihía,h i h i a,,Koch1914[822],,,^ hihía $,default
Desano-407_bat-1,,Desano,407_bat,ōyó,ōyó,ɔ ɔ j ɔ,,Koch1914[822],,,^ ōyó $,default
Yupua-407_bat-1,,Yupua,407_bat,ṓdye̥,ṓdye̥,ɔ ɔ dʒ ɨ,,Koch1914[822],,,^ ṓdye̥ $,default
Yahuna-407_bat-1,,Yahuna,407_bat,ṓdyo,ṓdyo,ɔ ɔ dʒ ɔ,,Koch1914[822],,,^ ṓdyo $,default
Koretu-407_bat-1,,Koretu,407_bat,hóio̯,hóio̯,h ɔ j ɔ,,Koch1914[822],,,^ hóio̯ $,default
Koretu-407_bat-2,,Koretu,407_bat,hóiyo,hóiyo,h ɔ i j ɔ,,Koch1914[822],,,^ hóiyo $,default
Desano-408_smallbat-1,,Desano,408_smallbat,oyobe̥gé̥,oyobe̥gé̥,ɔ j ɔ b ɨ g ɨ,,Koch1914[822],,,^ oyobe̥gé̥ $,default
Desano-409_opossum-1,,Desano,409_opossum,hoá,hoá,h ɔ a,,Koch1914[822],,,^ hoá $,default
Desano-410_colorfuljaguar-1,,Desano,410_colorfuljaguar,yē̠dóloge̥,yē̠dóloge̥,j ɛ ɛ d ɔ ɺ ɔ g ɨ,,Koch1914[822],,,^ yē̠dóloge̥ $,default
Yupua-410_colorfuljaguar-1,,Yupua,410_colorfuljaguar,(d)yī́,yī́,j i i,,Koch1914[822],,,^ yī́ $,default
Yahuna-410_colorfuljaguar-1,,Yahuna,410_colorfuljaguar,yaía,yaía,j a i a,,Koch1914[822],,,^ yaía $,default
Koretu-410_colorfuljaguar-1,,Koretu,410_colorfuljaguar,híai,híai,h i a i,,Koch1914[822],,,^ híai $,default
Desano-410_colorfuljaguar-2,,Desano,410_colorfuljaguar,yē̠dṓroge̥,yē̠dṓroge̥,j ɛ ɛ d ɔ ɔ ɾ ɔ g ɨ,,Koch1914[822],,,^ yē̠dṓroge̥ $,default
Yupua-410_colorfuljaguar-2,,Yupua,410_colorfuljaguar,yī́,yī́,j i i,,Koch1914[822],,,^ yī́ $,default
Koretu-410_colorfuljaguar-2,,Koretu,410_colorfuljaguar,hiyai,hiyai,h i j a i,,Koch1914[822],,,^ hiyai $,default
Yupua-410_colorfuljaguar-3,,Yupua,410_colorfuljaguar,yí,yí,j i,,Koch1914[822],,,^ yí $,default
Desano-411_blackjaguar-1,,Desano,411_blackjaguar,yē̠yéā(g)ē,yē̠yéāē,j ɛ ɛ j e a a e e,,Koch1914[822],,,^ yē̠yéāē $,default
Yupua-411_blackjaguar-1,,Yupua,411_blackjaguar,(d)yī́(n)yī,yī́yī,j i i j i i,,Koch1914[822],,,^ yī́yī $,default
Yahuna-411_blackjaguar-1,,Yahuna,411_blackjaguar,yainé̠iye,yainé̠iye,j a i n ɛ i j e,,Koch1914[822],,,^ yainé̠iye $,default
Koretu-411_blackjaguar-1,,Koretu,411_blackjaguar,yáitopike̥,yáitopike̥,j a i t ɔ p i k ɨ,,Koch1914[822],,,^ yáitopike̥ $,default
Yahuna-411_blackjaguar-2,,Yahuna,411_blackjaguar,yainé̠iya,yainé̠iya,j a i n ɛ i j a,,Koch1914[822],,,^ yainé̠iya $,default
Desano-412_puma-1,,Desano,412_puma,yē̠diage̥,yē̠diage̥,j ɛ ɛ d i a g ɨ,,Koch1914[822],,,^ yē̠diage̥ $,default
Yupua-412_puma-1,,Yupua,412_puma,(d)yīdiaúe̥,yīdiaúe̥,j i i d i a w ɨ,,Koch1914[822],,,^ yīdiaúe̥ $,default
Yahuna-412_puma-1,,Yahuna,412_puma,yaihóaga,yaihóaga,j a i h ɔ a g a,,Koch1914[822],,,^ yaihóaga $,default
Koretu-412_puma-1,,Koretu,412_puma,uai̯yumalie̠i,uai̯yumalie̠i,w a i j u m a ɺ i ɛ i,,Koch1914[822],,,^ uai̯yumalie̠i $,default
Yupua-412_puma-2,,Yupua,412_puma,(d)yī́diau̯e̥,yī́diau̯e̥,j i i d i a w ɨ,,Koch1914[822],,,^ yī́diau̯e̥ $,default
Desano-413_maracaja-1,,Desano,413_maracaja,uaxsohí,uaxsohí,w a h s ɔ h i,,Koch1914[822],,,^ uaxsohí $,default
Desano-414_deer-1,,Desano,414_deer,yamá,yamá,j a m a,,Koch1914[822],,,^ yamá $,default
Yupua-414_deer-1,,Yupua,414_deer,yámabṓle̠,yámabṓle̠,j a m a b ɔ ɔ ɺ ɛ,,Koch1914[822],,,^ yámabṓle̠ $,default
Yahuna-414_deer-1,,Yahuna,414_deer,yamága,yamága,j a m a g a,,Koch1914[822],,,^ yamága $,default
Koretu-414_deer-1,,Koretu,414_deer,yā́ma,yā́ma,j a a m a,,Koch1914[822],,,^ yā́ma $,default
Yupua-414_deer-2,,Yupua,414_deer,yámabṓre̠,yámabṓre̠,j a m a b ɔ ɔ ɾ ɛ,,Koch1914[822],,,^ yámabṓre̠ $,default
Koretu-414_deer-2,,Koretu,414_deer,yá'ma,yá'ma,j a ʔ m a,,Koch1914[822],,,^ yá'ma $,default
Desano-415_reddeer-1,,Desano,415_reddeer,yamadiage̥,yamadiage̥,j a m a d i a g ɨ,,Koch1914[822],,,^ yamadiage̥ $,default
Yupua-415_reddeer-1,,Yupua,415_reddeer,be̠tániama,be̠tániama,b ɛ t a n i a m a,,Koch1914[822],,,^ be̠tániama $,default
Koretu-415_reddeer-1,,Koretu,415_reddeer,ya'másio,ya'másio,j a ʔ m a s i ɔ,,Koch1914[822],,,^ ya'másio $,default
Desano-416_otter-1,,Desano,416_otter,diai̯yoa,diai̯yoa,d i a i j ɔ a,,Koch1914[822],,,^ diai̯yoa $,default
Yupua-416_otter-1,,Yupua,416_otter,kaúala,kaúala,k a u a ɺ a,,Koch1914[822],,,^ kaúala $,default
Yahuna-416_otter-1,,Yahuna,416_otter,diayáu,diayáu,d i a j a u,,Koch1914[822],,,^ diayáu $,default
Koretu-416_otter-1,,Koretu,416_otter,liayau̯,liayau̯,ɺ i a j a u,,Koch1914[822],,,^ liayau̯ $,default
Desano-417_tapir-1,,Desano,417_tapir,uex̯ké̥,uex̯ké̥,w e h k ɨ,,Koch1914[822],,,^ uex̯ké̥ $,default
Yupua-417_tapir-1,,Yupua,417_tapir,uike̥,uike̥,w i k ɨ,,Koch1914[822],,,^ uike̥ $,default
Yahuna-417_tapir-1,,Yahuna,417_tapir,uai̯bikínaga,uai̯bikínaga,w a i b i k i n a g a,,Koch1914[822],,,^ uai̯bikínaga $,default
Koretu-417_tapir-1,,Koretu,417_tapir,ué̠(e̠)ke̥,ué̠ke̥,w ɛ k ɨ,,Koch1914[822],,,^ ué̠ke̥ $,default
Desano-418_capybara-1,,Desano,418_capybara,diaúex̯ke̥,diaúex̯ke̥,d i a w e h k ɨ,,Koch1914[822],,,^ diaúex̯ke̥ $,default
Yupua-418_capybara-1,,Yupua,418_capybara,diau̯ike̥,diau̯ike̥,d i a w i k ɨ,,Koch1914[822],,,^ diau̯ike̥ $,default
Yahuna-418_capybara-1,,Yahuna,418_capybara,ke̠húa,ke̠húa,k ɛ h u a,,Koch1914[822],,,^ ke̠húa $,default
Koretu-418_capybara-1,,Koretu,418_capybara,ké̠tu,ké̠tu,k ɛ t u,,Koch1914[822],,,^ ké̠tu $,default
Yahuna-418_capybara-2,,Yahuna,418_capybara,ke̠húe,ke̠húe,k ɛ h u e,,Koch1914[822],,,^ ke̠húe $,default
Koretu-418_capybara-2,,Koretu,418_capybara,ké̠'tu,ké̠'tu,k ɛ ʔ t u,,Koch1914[822],,,^ ké̠'tu $,default
Desano-419_paca-1,,Desano,419_paca,tsēmé,tsēmé,ts e e m e,,Koch1914[822],,,^ tsēmé $,default
Yupua-419_paca-1,,Yupua,419_paca,tsimi,tsimi,ts i m i,,Koch1914[822],,,^ tsimi $,default
Yahuna-419_paca-1,,Yahuna,419_paca,hē̠mé̠a,hē̠mé̠a,h ɛ ɛ m ɛ a,,Koch1914[822],,,^ hē̠mé̠a $,default
Koretu-419_paca-1,,Koretu,419_paca,sé̠me̠,sé̠me̠,s ɛ m ɛ,,Koch1914[822],,,^ sé̠me̠ $,default
Koretu-419_paca-2,,Koretu,419_paca,sé̠'me̠,sé̠'me̠,s ɛ ʔ m ɛ,,Koch1914[822],,,^ sé̠'me̠ $,default
Desano-420_aguti-1,,Desano,420_aguti,bui,bui,b u i,,Koch1914[822],,,^ bui $,default
Yupua-420_aguti-1,,Yupua,420_aguti,búi,búi,b u i,,Koch1914[822],,,^ búi $,default
Yahuna-420_aguti-1,,Yahuna,420_aguti,būía,būía,b u u i a,,Koch1914[822],,,^ būía $,default
Koretu-420_aguti-1,,Koretu,420_aguti,b(o)óto,bóto,b ɔ t ɔ,,Koch1914[822],,,^ bóto $,default
Yupua-421_agutiuaya-1,,Yupua,421_agutiuaya,bó(x)so,bóso,b ɔ s ɔ,,Koch1914[822],,,^ bóso $,default
Yahuna-421_agutiuaya-1,,Yahuna,421_agutiuaya,bohó,bohó,b ɔ h ɔ,,Koch1914[822],,,^ bohó $,default
Desano-422_coaticoatimundi-1,,Desano,422_coaticoatimundi,mix̯pi,mix̯pi,m i h p i,,Koch1914[822],,,^ mix̯pi $,default
Yupua-422_coaticoatimundi-1,,Yupua,422_coaticoatimundi,ui(x̯)pí,uipí,w i p i,,Koch1914[822],,,^ uipí $,default
Yahuna-422_coaticoatimundi-1,,Yahuna,422_coaticoatimundi,uipía,uipía,w i p i a,,Koch1914[822],,,^ uipía $,default
Koretu-422_coaticoatimundi-1,,Koretu,422_coaticoatimundi,míhi,míhi,m i h i,,Koch1914[822],,,^ míhi $,default
Koretu-422_coaticoatimundi-2,,Koretu,422_coaticoatimundi,mí'hi,mí'hi,m i ʔ h i,,Koch1914[822],,,^ mí'hi $,default
Desano-423_cuatipuru-1,,Desano,423_cuatipuru,mix̯tsóka,mix̯tsóka,m i h ts ɔ k a,,Koch1914[822],,,^ mix̯tsóka $,default
Yupua-423_cuatipuru-1,,Yupua,423_cuatipuru,póe̠ro,póe̠ro,p ɔ ɛ ɾ ɔ,,Koch1914[822],,,^ póe̠ro $,default
Yahuna-423_cuatipuru-1,,Yahuna,423_cuatipuru,mé̠ne̠lika,mé̠ne̠lika,m ɛ n ɛ ɺ i k a,,Koch1914[822],,,^ mé̠ne̠lika $,default
Koretu-423_cuatipuru-1,,Koretu,423_cuatipuru,ualipoké̠ase̥,ualipoké̠ase̥,w a ɺ i p ɔ k ɛ a s ɨ,,Koch1914[822],,,^ ualipoké̠ase̥ $,default
Desano-424_smallcuatipuru-1,,Desano,424_smallcuatipuru,de̥té̥,de̥té̥,d ɨ t ɨ,,Koch1914[822],,,^ de̥té̥ $,default
Desano-425_muroidmouseorrat-1,,Desano,425_muroidmouseorrat,(m)bii,bii,b i i,,Koch1914[822],,,^ bii $,default
Yupua-425_muroidmouseorrat-1,,Yupua,425_muroidmouseorrat,bī́i,bī́i,b i i i,,Koch1914[822],,,^ bī́i $,default
Yahuna-425_muroidmouseorrat-1,,Yahuna,425_muroidmouseorrat,be̠ía,be̠ía,b ɛ i a,,Koch1914[822],,,^ be̠ía $,default
Koretu-425_muroidmouseorrat-1,,Koretu,425_muroidmouseorrat,pā́i,pā́i,p a a i,,Koch1914[822],,,^ pā́i $,default
Yahuna-426_mouse-1,,Yahuna,426_mouse,be̠imakíika,be̠imakíika,b ɛ i m a k i i k a,,Koch1914[822],,,^ be̠imakíika $,default
Desano-427_armadillo-1,,Desano,427_armadillo,pāmú,pāmú,p a a m u,,Koch1914[822],,,^ pāmú $,default
Yupua-427_armadillo-1,,Yupua,427_armadillo,pamólo,pamólo,p a m ɔ ɺ ɔ,,Koch1914[822],,,^ pamólo $,default
Yahuna-427_armadillo-1,,Yahuna,427_armadillo,pamúa,pamúa,p a m u a,,Koch1914[822],,,^ pamúa $,default
Koretu-427_armadillo-1,,Koretu,427_armadillo,hāmu,hāmu,h a a m u,,Koch1914[822],,,^ hāmu $,default
Desano-428_giantarmadillo-1,,Desano,428_giantarmadillo,uex̯képamu,uex̯képamu,w e h k e p a m u,,Koch1914[822],,,^ uex̯képamu $,default
Yupua-428_giantarmadillo-1,,Yupua,428_giantarmadillo,ui̯ke̥pamólo,ui̯ke̥pamólo,w i k ɨ p a m ɔ ɺ ɔ,,Koch1914[822],,,^ ui̯ke̥pamólo $,default
Yahuna-428_giantarmadillo-1,,Yahuna,428_giantarmadillo,kapilíyaka,kapilíyaka,k a p i ɺ i j a k a,,Koch1914[822],,,^ kapilíyaka $,default
Koretu-428_giantarmadillo-1,,Koretu,428_giantarmadillo,he̠tókie̥,he̠tókie̥,h ɛ t ɔ k i ɨ,,Koch1914[822],,,^ he̠tókie̥ $,default
Desano-429_armadilloshell-1,,Desano,429_armadilloshell,pāmúgax(t)siro,pāmúgaxsiro,p a a m u g a h s i ɾ ɔ,,Koch1914[822],,,^ pāmúgaxsiro $,default
Desano-430_sloth-1,,Desano,430_sloth,kē̠rá,kē̠rá,k ɛ ɛ ɾ a,,Koch1914[822],,,^ kē̠rá $,default
Yupua-430_sloth-1,,Yupua,430_sloth,kē̠rá,kē̠rá,k ɛ ɛ ɾ a,,Koch1914[822],,,^ kē̠rá $,default
Yahuna-430_sloth-1,,Yahuna,430_sloth,puúa,puúa,p u u a,,Koch1914[822],,,^ puúa $,default
Koretu-430_sloth-1,,Koretu,430_sloth,hṓta,hṓta,h ɔ ɔ t a,,Koch1914[822],,,^ hṓta $,default
Desano-431_giantanteater-1,,Desano,431_giantanteater,būgú,būgú,b u u g u,,Koch1914[822],,,^ būgú $,default
Yupua-431_giantanteater-1,,Yupua,431_giantanteater,yapú,yapú,j a p u,,Koch1914[822],,,^ yapú $,default
Yahuna-431_giantanteater-1,,Yahuna,431_giantanteater,ue̠ága,ue̠ága,w ɛ a g a,,Koch1914[822],,,^ ue̠ága $,default
Koretu-431_giantanteater-1,,Koretu,431_giantanteater,hū́niupu̠,hū́niupu̠,h u u n i u p ʊ,,Koch1914[822],,,^ hū́niupu̠ $,default
Desano-432_smallanteater-1,,Desano,432_smallanteater,mohótolipagage̥,mohótolipagage̥,m ɔ h ɔ t ɔ ɺ i p a g a g ɨ,,Koch1914[822],,,^ mohótolipagage̥ $,default
Yupua-432_smallanteater-1,,Yupua,432_smallanteater,būlutx̯í,būlutx̯í,b u u ɺ u tʃ i,,Koch1914[822],,,^ būlutx̯í $,default
Yahuna-432_smallanteater-1,,Yahuna,432_smallanteater,burúa,burúa,b u ɾ u a,,Koch1914[822],,,^ burúa $,default
Koretu-432_smallanteater-1,,Koretu,432_smallanteater,pṓrokiasi,pṓrokiasi,p ɔ ɔ ɾ ɔ k i a s i,,Koch1914[822],,,^ pṓrokiasi $,default
Yupua-432_smallanteater-2,,Yupua,432_smallanteater,būlut(š)i,būluti,b u u ɺ u t i,,Koch1914[822],,,^ būluti $,default
Desano-433_taitetupig-1,,Desano,433_taitetupig,ye̠x̯sé̠puru,ye̠x̯sé̠puru,j ɛ h s ɛ p u ɾ u,,Koch1914[822],,,^ ye̠x̯sé̠puru $,default
Yupua-433_taitetupig-1,,Yupua,433_taitetupig,sé̠se̠buti,sé̠se̠buti,s ɛ s ɛ b u t i,,Koch1914[822],,,^ sé̠se̠buti $,default
Yahuna-433_taitetupig-1,,Yahuna,433_taitetupig,hē̠kápe̠raga,hē̠kápe̠raga,h ɛ ɛ k a p ɛ ɾ a g a,,Koch1914[822],,,^ hē̠kápe̠raga $,default
Koretu-433_taitetupig-1,,Koretu,433_taitetupig,liáme̥kiatu,liáme̥kiatu,ɺ i a m ɨ k i a t u,,Koch1914[822],,,^ liáme̥kiatu $,default
Desano-433_taitetupig-2,,Desano,433_taitetupig,ye̠x̯sé̠pulu,ye̠x̯sé̠pulu,j ɛ h s ɛ p u ɺ u,,Koch1914[822],,,^ ye̠x̯sé̠pulu $,default
Yupua-433_taitetupig-2,,Yupua,433_taitetupig,(t)sé̠(t)se̠buti,sé̠se̠buti,s ɛ s ɛ b u t i,,Koch1914[822],,,^ sé̠se̠buti $,default
Desano-434_taiasupig-1,,Desano,434_taiasupig,ye̠x̯sé̠,ye̠x̯sé̠,j ɛ h s ɛ,,Koch1914[822],,,^ ye̠x̯sé̠ $,default
Yupua-434_taiasupig-1,,Yupua,434_taiasupig,sé̠se̠talage̥,sé̠se̠talage̥,s ɛ s ɛ t a ɺ a g ɨ,,Koch1914[822],,,^ sé̠se̠talage̥ $,default
Yahuna-434_taiasupig-1,,Yahuna,434_taiasupig,he̠hé̠a,he̠hé̠a,h ɛ h ɛ a,,Koch1914[822],,,^ he̠hé̠a $,default
Koretu-434_taiasupig-1,,Koretu,434_taiasupig,sḗ̠se̠,sḗ̠se̠,s ɛ ɛ s ɛ,,Koch1914[822],,,^ sḗ̠se̠ $,default
Yupua-434_taiasupig-2,,Yupua,434_taiasupig,(t)sé̠(l)se̠talage̥,sé̠se̠talage̥,s ɛ s ɛ t a ɺ a g ɨ,,Koch1914[822],,,^ sé̠se̠talage̥ $,default
Desano-435_pigteeth-1,,Desano,435_pigteeth,ye̠x̯sé̠guikiri,ye̠x̯sé̠guikiri,j ɛ h s ɛ g u i k i ɾ i,,Koch1914[822],,,^ ye̠x̯sé̠guikiri $,default
Desano-436_europeanpig-1,,Desano,436_europeanpig,ye̠x̯sé̠,ye̠x̯sé̠,j ɛ h s ɛ,,Koch1914[822],,,^ ye̠x̯sé̠ $,default
Desano-437_dog-1,,Desano,437_dog,díai̯yi,díai̯yi,d i a i j i,,Koch1914[822],,,^ díai̯yi $,default
Yupua-437_dog-1,,Yupua,437_dog,dyī́ma(x)sa,dyī́masa,dʒ i i m a s a,,Koch1914[822],,,^ dyī́masa $,default
Yahuna-437_dog-1,,Yahuna,437_dog,ye̠ué̠koa,ye̠ué̠koa,j ɛ w ɛ k ɔ a,,Koch1914[822],,,^ ye̠ué̠koa $,default
Koretu-437_dog-1,,Koretu,437_dog,yaime̠ko,yaime̠ko,j a i m ɛ k ɔ,,Koch1914[822],,,^ yaime̠ko $,default
Desano-438_cat-1,,Desano,438_cat,pitsána,pitsána,p i ts a n a,,Koch1914[822],,,^ pitsána $,default
Yahuna-439_manatee-1,,Yahuna,439_manatee,diau̯e̠kía,diau̯e̠kía,d i a w ɛ k i a,,Koch1914[822],,,^ diau̯e̠kía $,default
Yahuna-439_manatee-2,,Yahuna,439_manatee,yoaláua,yoaláua,j ɔ a ɺ a w a,,Koch1914[822],,,^ yoaláua $,default
Desano-440_dolphin-1,,Desano,440_dolphin,dex̯kópolesiriro,dex̯kópolesiriro,d e h k ɔ p ɔ ɺ e s i ɾ i ɾ ɔ,,Koch1914[822],,,^ dex̯kópolesiriro $,default
Yahuna-440_dolphin-1,,Yahuna,440_dolphin,amálaka,amálaka,a m a ɺ a k a,,Koch1914[822],,,^ amálaka $,default
Desano-441_smallbirdpassarinho-1,,Desano,441_smallbirdpassarinho,minimã(g)ẽ,minimãẽ,m i n i m ã ẽ,,Koch1914[822],,,^ minimãẽ $,default
Yupua-441_smallbirdpassarinho-1,,Yupua,441_smallbirdpassarinho,mīrá,mīrá,m i i ɾ a,,Koch1914[822],,,^ mīrá $,default
Yahuna-441_smallbirdpassarinho-1,,Yahuna,441_smallbirdpassarinho,ui(d)yága,uiyága,w i j a g a,,Koch1914[822],,,^ uiyága $,default
Koretu-441_smallbirdpassarinho-1,,Koretu,441_smallbirdpassarinho,uaíhia,uaíhia,w a i h i a,,Koch1914[822],,,^ uaíhia $,default
Desano-442_egg-1,,Desano,442_egg,minimã́(g)ẽndiuli,minimã́ẽndiuli,m i n i m ã ẽ n d i u ɺ i,,Koch1914[822],,,^ minimã́ẽndiuli $,default
Yupua-442_egg-1,,Yupua,442_egg,mīrándia,mīrándia,m i i ɾ a n d i a,,Koch1914[822],,,^ mīrándia $,default
Koretu-442_egg-1,,Koretu,442_egg,uai̯híaliāre̥,uai̯híaliāre̥,w a i h i a ɺ i a a ɾ ɨ,,Koch1914[822],,,^ uai̯híaliāre̥ $,default
Desano-443_redmacaw-1,,Desano,443_redmacaw,mahá,mahá,m a h a,,Koch1914[822],,,^ mahá $,default
Yupua-443_redmacaw-1,,Yupua,443_redmacaw,mahá,mahá,m a h a,,Koch1914[822],,,^ mahá $,default
Yahuna-443_redmacaw-1,,Yahuna,443_redmacaw,háulaka,háulaka,h a u ɺ a k a,,Koch1914[822],,,^ háulaka $,default
Koretu-443_redmacaw-1,,Koretu,443_redmacaw,hā́ru,hā́ru,h a a ɾ u,,Koch1914[822],,,^ hā́ru $,default
Yupua-444_bluemacaw-1,,Yupua,444_bluemacaw,mahapṓ(g)ua,mahapṓua,m a h a p ɔ ɔ w a,,Koch1914[822],,,^ mahapṓua $,default
Koretu-444_bluemacaw-1,,Koretu,444_bluemacaw,makiátāre̥,makiátāre̥,m a k i a t a a ɾ ɨ,,Koch1914[822],,,^ makiátāre̥ $,default
Desano-445_periquito-1,,Desano,445_periquito,gex̯kéru,gex̯kéru,g e h k e ɾ u,,Koch1914[822],,,^ gex̯kéru $,default
Yupua-445_periquito-1,,Yupua,445_periquito,bulu(g)ái,buluái,b u ɺ u a i,,Koch1914[822],,,^ buluái $,default
Yahuna-445_periquito-1,,Yahuna,445_periquito,tuia,tuia,t u j a,,Koch1914[822],,,^ tuia $,default
Koretu-445_periquito-1,,Koretu,445_periquito,tsḗri,tsḗri,ts e e ɾ i,,Koch1914[822],,,^ tsḗri $,default
Yahuna-445_periquito-2,,Yahuna,445_periquito,tsī́ria,tsī́ria,ts i i ɾ i a,,Koch1914[822],,,^ tsī́ria $,default
Desano-446_parrot-1,,Desano,446_parrot,uex̯gó,uex̯gó,w e h g ɔ,,Koch1914[822],,,^ uex̯gó $,default
Yupua-446_parrot-1,,Yupua,446_parrot,bṓgo,bṓgo,b ɔ ɔ g ɔ,,Koch1914[822],,,^ bṓgo $,default
Yahuna-446_parrot-1,,Yahuna,446_parrot,pakóloka,pakóloka,p a k ɔ ɺ ɔ k a,,Koch1914[822],,,^ pakóloka $,default
Koretu-446_parrot-1,,Koretu,446_parrot,soráko,soráko,s ɔ ɾ a k ɔ,,Koch1914[822],,,^ soráko $,default
Desano-446_parrot-2,,Desano,446_parrot,uex̯kó,uex̯kó,w e h k ɔ,,Koch1914[822],,,^ uex̯kó $,default
Koretu-446_parrot-2,,Koretu,446_parrot,(t)soráko,soráko,s ɔ ɾ a k ɔ,,Koch1914[822],,,^ soráko $,default
Desano-447_anaca-1,,Desano,447_anaca,doé,doé,d ɔ e,,Koch1914[822],,,^ doé $,default
Yahuna-447_anaca-1,,Yahuna,447_anaca,oalákaka,oalákaka,ɔ a ɺ a k a k a,,Koch1914[822],,,^ oalákaka $,default
Koretu-447_anaca-1,,Koretu,447_anaca,uarákie̥,uarákie̥,w a ɾ a k i ɨ,,Koch1914[822],,,^ uarákie̥ $,default
Desano-448_curassow-1,,Desano,448_curassow,nuxpí,nuxpí,n u h p i,,Koch1914[823],,,^ nuxpí $,default
Yupua-448_curassow-1,,Yupua,448_curassow,diakútsi,diakútsi,d i a k u ts i,,Koch1914[823],,,^ diakútsi $,default
Yahuna-448_curassow-1,,Yahuna,448_curassow,kutía,kutía,k u t i a,,Koch1914[823],,,^ kutía $,default
Koretu-448_curassow-1,,Koretu,448_curassow,kúisi,kúisi,k u i s i,,Koch1914[823],,,^ kúisi $,default
Yupua-448_curassow-2,,Yupua,448_curassow,diakút(š)i,diakúti,d i a k u t i,,Koch1914[823],,,^ diakúti $,default
Yahuna-448_curassow-2,,Yahuna,448_curassow,kut(š)ía,kutía,k u t i a,,Koch1914[823],,,^ kutía $,default
Desano-449_nocturnalcurassow-1,,Desano,449_nocturnalcurassow,e̠hḗ̠be̥ge̥,e̠hḗ̠be̥ge̥,ɛ h ɛ ɛ b ɨ g ɨ,,Koch1914[823],,,^ e̠hḗ̠be̥ge̥ $,default
Yupua-449_nocturnalcurassow-1,,Yupua,449_nocturnalcurassow,me̥siī́ṅge̥,me̥siī́ṅge̥,m ɨ s i i i ŋ g ɨ,,Koch1914[823],,,^ me̥siī́ṅge̥ $,default
Yahuna-449_nocturnalcurassow-1,,Yahuna,449_nocturnalcurassow,lukía,lukía,ɺ u k i a,,Koch1914[823],,,^ lukía $,default
Koretu-449_nocturnalcurassow-1,,Koretu,449_nocturnalcurassow,hā́sikia̠li,hā́sikia̠li,h a a s i k i ɑ ɺ i,,Koch1914[823],,,^ hā́sikia̠li $,default
Desano-450_guan-1,,Desano,450_guan,kālamhé,kālamhé,k a a ɺ a m h e,,Koch1914[823],,,^ kālamhé $,default
Yupua-450_guan-1,,Yupua,450_guan,makaúe̠dya,makaúe̠dya,m a k a u ɛ dʒ a,,Koch1914[823],,,^ makaúe̠dya $,default
Yahuna-450_guan-1,,Yahuna,450_guan,mālé̠a,mālé̠a,m a a ɺ ɛ a,,Koch1914[823],,,^ mālé̠a $,default
Koretu-450_guan-1,,Koretu,450_guan,mā́lai̯e̥,mā́lai̯e̥,m a a ɺ a j ɨ,,Koch1914[823],,,^ mā́lai̯e̥ $,default
Desano-451_redthroatedpipingguan-1,,Desano,451_redthroatedpipingguan,kalá,kalá,k a ɺ a,,Koch1914[823],,,^ kalá $,default
Yupua-451_redthroatedpipingguan-1,,Yupua,451_redthroatedpipingguan,kā́la,kā́la,k a a ɺ a,,Koch1914[823],,,^ kā́la $,default
Yahuna-451_redthroatedpipingguan-1,,Yahuna,451_redthroatedpipingguan,kúdyuiga,kúdyuiga,k u dʒ u i g a,,Koch1914[823],,,^ kúdyuiga $,default
Koretu-451_redthroatedpipingguan-1,,Koretu,451_redthroatedpipingguan,kúyui̯,kúyui̯,k u j u i,,Koch1914[823],,,^ kúyui̯ $,default
Desano-452_darkwingedtrumpeter-1,,Desano,452_darkwingedtrumpeter,moá(m)bulebu,moábulebu,m ɔ a b u ɺ e b u,,Koch1914[823],,,^ moábulebu $,default
Yupua-452_darkwingedtrumpeter-1,,Yupua,452_darkwingedtrumpeter,móāsi,móāsi,m ɔ a a s i,,Koch1914[823],,,^ móāsi $,default
Yahuna-452_darkwingedtrumpeter-1,,Yahuna,452_darkwingedtrumpeter,moákahe̠a,moákahe̠a,m ɔ a k a h ɛ a,,Koch1914[823],,,^ moákahe̠a $,default
Koretu-452_darkwingedtrumpeter-1,,Koretu,452_darkwingedtrumpeter,mṓai̯e̥,mṓai̯e̥,m ɔ ɔ a j ɨ,,Koch1914[823],,,^ mṓai̯e̥ $,default
Desano-453_greenibis-1,,Desano,453_greenibis,kōlólu,kōlólu,k ɔ ɔ ɺ ɔ ɺ u,,Koch1914[823],,,^ kōlólu $,default
Yupua-453_greenibis-1,,Yupua,453_greenibis,koló,koló,k ɔ ɺ ɔ,,Koch1914[823],,,^ koló $,default
Yahuna-453_greenibis-1,,Yahuna,453_greenibis,ḳoákuru,ḳoákuru,k ɔ a k u ɾ u,,Koch1914[823],,,^ ḳoákuru $,default
Koretu-453_greenibis-1,,Koretu,453_greenibis,likókoto,likókoto,ɺ i k ɔ k ɔ t ɔ,,Koch1914[823],,,^ likókoto $,default
Desano-453_greenibis-2,,Desano,453_greenibis,kōróru,kōróru,k ɔ ɔ ɾ ɔ ɾ u,,Koch1914[823],,,^ kōróru $,default
Yupua-453_greenibis-2,,Yupua,453_greenibis,koró,koró,k ɔ ɾ ɔ,,Koch1914[823],,,^ koró $,default
Desano-454_bigtinamou-1,,Desano,454_bigtinamou,ã̄(g)ã̄́,ã̄ã̄́,ã ã ã ã,,Koch1914[823],,,^ ã̄ã̄́ $,default
Yupua-454_bigtinamou-1,,Yupua,454_bigtinamou,ā́(g)ēlē,ā́ēlē,a a e e ɺ e e,,Koch1914[823],,,^ ā́ēlē $,default
Yahuna-454_bigtinamou-1,,Yahuna,454_bigtinamou,ā́kaka,ā́kaka,a a k a k a,,Koch1914[823],,,^ ā́kaka $,default
Koretu-454_bigtinamou-1,,Koretu,454_bigtinamou,hā́kia,hā́kia,h a a k i a,,Koch1914[823],,,^ hā́kia $,default
Desano-455_smalltinamou-1,,Desano,455_smalltinamou,yairó,yairó,j a i ɾ ɔ,,Koch1914[823],,,^ yairó $,default
Desano-456_dove-1,,Desano,456_dove,buxhuá,buxhuá,b u h u a,,Koch1914[823],,,^ buxhuá $,default
Yupua-456_dove-1,,Yupua,456_dove,bútu,bútu,b u t u,,Koch1914[823],,,^ bútu $,default
Yahuna-456_dove-1,,Yahuna,456_dove,ókoe̠pakoa,ókoe̠pakoa,ɔ k ɔ ɛ p a k ɔ a,,Koch1914[823],,,^ ókoe̠pakoa $,default
Koretu-456_dove-1,,Koretu,456_dove,okókuli,okókuli,ɔ k ɔ k u ɺ i,,Koch1914[823],,,^ okókuli $,default
Yupua-456_dove-2,,Yupua,456_dove,(b)útu,útu,u t u,,Koch1914[823],,,^ útu $,default
Desano-457_toucan-1,,Desano,457_toucan,naxtsí,naxtsí,n a h ts i,,Koch1914[823],,,^ naxtsí $,default
Yupua-457_toucan-1,,Yupua,457_toucan,(n)yā́si,yā́si,j a a s i,,Koch1914[823],,,^ yā́si $,default
Yahuna-457_toucan-1,,Yahuna,457_toucan,naḥé̠a,naḥé̠a,n a h ɛ a,,Koch1914[823],,,^ naḥé̠a $,default
Koretu-457_toucan-1,,Koretu,457_toucan,dṓki,dṓki,d ɔ ɔ k i,,Koch1914[823],,,^ dṓki $,default
Desano-458_oropendola-1,,Desano,458_oropendola,umú,umú,u m u,,Koch1914[823],,,^ umú $,default
Yupua-458_oropendola-1,,Yupua,458_oropendola,ómu,ómu,ɔ m u,,Koch1914[823],,,^ ómu $,default
Yahuna-458_oropendola-1,,Yahuna,458_oropendola,ū́mua,ū́mua,u u m u a,,Koch1914[823],,,^ ū́mua $,default
Koretu-458_oropendola-1,,Koretu,458_oropendola,hū́mu,hū́mu,h u u m u,,Koch1914[823],,,^ hū́mu $,default
Desano-459_yellowrumpedcacique-1,,Desano,459_yellowrumpedcacique,yoxsó,yoxsó,j ɔ h s ɔ,,Koch1914[823],,,^ yoxsó $,default
Yahuna-459_yellowrumpedcacique-1,,Yahuna,459_yellowrumpedcacique,hī(i)rúa,hīrúa,h i i ɾ u a,,Koch1914[823],,,^ hīrúa $,default
Desano-460_woodpeckerarapaso-1,,Desano,460_woodpeckerarapaso,kōlé̠,kōlé̠,k ɔ ɔ ɺ ɛ,,Koch1914[823],,,^ kōlé̠ $,default
Yahuna-460_woodpeckerarapaso-1,,Yahuna,460_woodpeckerarapaso,kuayḗ̠rie,kuayḗ̠rie,k u a j ɛ ɛ ɾ i e,,Koch1914[823],,,^ kuayḗ̠rie $,default
Yahuna-460_woodpeckerarapaso-2,,Yahuna,460_woodpeckerarapaso,kuayḗ̠ri(e),kuayḗ̠ri,k u a j ɛ ɛ ɾ i,,Koch1914[823],,,^ kuayḗ̠ri $,default
Yahuna-461_thunderbirdsp-1,,Yahuna,461_thunderbirdsp,paíuaga,paíuaga,p a i w a g a,,Koch1914[823],,,^ paíuaga $,default
Yahuna-462_taiasuira-1,,Yahuna,462_taiasuira,uauáka,uauáka,w a w a k a,,Koch1914[823],,,^ uauáka $,default
Desano-463_aracua-1,,Desano,463_aracua,uā́galo,uā́galo,w a a g a ɺ ɔ,,Koch1914[823],,,^ uā́galo $,default
Desano-463_aracua-2,,Desano,463_aracua,uā́gāro,uā́gāro,w a a g a a ɾ ɔ,,Koch1914[823],,,^ uā́gāro $,default
Yahuna-464_anacoro-1,,Yahuna,464_anacoro,kolópagá,kolópagá,k ɔ ɺ ɔ p a g a,,Koch1914[823],,,^ kolópagá $,default
Desano-465_swallowbird-1,,Desano,465_swallowbird,mīnóa,mīnóa,m i i n ɔ a,,Koch1914[823],,,^ mīnóa $,default
Yahuna-466_smallwhiteswallow-1,,Yahuna,466_smallwhiteswallow,pulítsio̯ka,pulítsio̯ka,p u ɺ i ts i ɔ k a,,Koch1914[823],,,^ pulítsio̯ka $,default
Yupua-467_nightjar-1,,Yupua,467_nightjar,bóē̠dyu,bóē̠dyu,b ɔ ɛ ɛ dʒ u,,Koch1914[823],,,^ bóē̠dyu $,default
Yahuna-468_urataui-1,,Yahuna,468_urataui,báua,báua,b a w a,,Koch1914[823],,,^ báua $,default
Yahuna-468_urataui-2,,Yahuna,468_urataui,báue,báue,b a w e,,Koch1914[823],,,^ báue $,default
Desano-469_hummingbird-1,,Desano,469_hummingbird,mīmí,mīmí,m i i m i,,Koch1914[823],,,^ mīmí $,default
Yupua-469_hummingbird-1,,Yupua,469_hummingbird,mimi,mimi,m i m i,,Koch1914[823],,,^ mimi $,default
Yahuna-469_hummingbird-1,,Yahuna,469_hummingbird,oálala,oálala,ɔ a ɺ a ɺ a,,Koch1914[823],,,^ oálala $,default
Yahuna-470_birdsp-1,,Yahuna,470_birdsp,uānataí(a),uānataí,w a a n a t a i,,Koch1914[823],,,^ uānataí $,default
Desano-471_roosterorchicken-1,,Desano,471_roosterorchicken,kālanyá,kālanyá,k a a ɺ a ɲ a,,Koch1914[823],,,^ kālanyá $,default
Yupua-471_roosterorchicken-1,,Yupua,471_roosterorchicken,kálaka,kálaka,k a ɺ a k a,,Koch1914[823],,,^ kálaka $,default
Yahuna-471_roosterorchicken-1,,Yahuna,471_roosterorchicken,kálaka,kálaka,k a ɺ a k a,,Koch1914[823],,,^ kálaka $,default
Koretu-471_roosterorchicken-1,,Koretu,471_roosterorchicken,kiárakia,kiárakia,k i a ɾ a k i a,,Koch1914[823],,,^ kiárakia $,default
Desano-472_duck-1,,Desano,472_duck,diákala,diákala,d i a k a ɺ a,,Koch1914[823],,,^ diákala $,default
Yupua-472_duck-1,,Yupua,472_duck,kómāna,kómāna,k ɔ m a a n a,,Koch1914[823],,,^ kómāna $,default
Yahuna-472_duck-1,,Yahuna,472_duck,kumálaka,kumálaka,k u m a ɺ a k a,,Koch1914[823],,,^ kumálaka $,default
Koretu-472_duck-1,,Koretu,472_duck,kúmālo,kúmālo,k u m a a ɺ ɔ,,Koch1914[823],,,^ kúmālo $,default
Yahuna-473_smallcolorfulduck-1,,Yahuna,473_smallcolorfulduck,ókopuk(u)luaua,ókopukluaua,ɔ k ɔ p u k u ɺ u a w a,,Koch1914[823],,,^ ókopukluaua $,default
Desano-474_martimpescadortypeofkingfisher-1,,Desano,474_martimpescadortypeofkingfisher,tsālá,tsālá,ts a a ɺ a,,Koch1914[823],,,^ tsālá $,default
Yupua-474_martimpescadortypeofkingfisher-1,,Yupua,474_martimpescadortypeofkingfisher,sása,sása,s a s a,,Koch1914[823],,,^ sása $,default
Yahuna-474_martimpescadortypeofkingfisher-1,,Yahuna,474_martimpescadortypeofkingfisher,haháka,haháka,h a h a k a,,Koch1914[823],,,^ haháka $,default
Desano-474_martimpescadortypeofkingfisher-2,,Desano,474_martimpescadortypeofkingfisher,tsārá,tsārá,ts a a ɾ a,,Koch1914[823],,,^ tsārá $,default
Desano-475_carara-1,,Desano,475_carara,dex̯kónax(t)si,dex̯kónaxsi,d e h k ɔ n a h s i,,Koch1914[823],,,^ dex̯kónaxsi $,default
Yupua-475_carara-1,,Yupua,475_carara,día(n)yasi,díayasi,d i a j a s i,,Koch1914[823],,,^ díayasi $,default
Yahuna-475_carara-1,,Yahuna,475_carara,kā́dyue̠ka,kā́dyue̠ka,k a a dʒ u ɛ k a,,Koch1914[823],,,^ kā́dyue̠ka $,default
Koretu-475_carara-1,,Koretu,475_carara,kíai̯ua,kíai̯ua,k i a j u a,,Koch1914[823],,,^ kíai̯ua $,default
Desano-476_mergulhao-1,,Desano,476_mergulhao,ya'kátsana,ya'kátsana,j a ʔ k a ts a n a,,Koch1914[823],,,^ ya'kátsana $,default
Yahuna-477_smallgull-1,,Yahuna,477_smallgull,pé̠uaga,pé̠uaga,p ɛ w a g a,,Koch1914[823],,,^ pé̠uaga $,default
Yahuna-478_saracuratypeofcoot-1,,Yahuna,478_saracuratypeofcoot,to(o)kálaga,tokálaga,t ɔ k a ɺ a g a,,Koch1914[823],,,^ tokálaga $,default
Desano-479_soco-1,,Desano,479_soco,ṓ(m)be̥ge̥,ṓbe̥ge̥,ɔ ɔ b ɨ g ɨ,,Koch1914[823],,,^ ṓbe̥ge̥ $,default
Yahuna-479_soco-1,,Yahuna,479_soco,dūlía,dūlía,d u u ɺ i a,,Koch1914[823],,,^ dūlía $,default
Desano-480_whiteheron-1,,Desano,480_whiteheron,yaxhí,yaxhí,j a h i,,Koch1914[823],,,^ yaxhí $,default
Yupua-480_whiteheron-1,,Yupua,480_whiteheron,boḥó,boḥó,b ɔ h ɔ,,Koch1914[823],,,^ boḥó $,default
Yahuna-480_whiteheron-1,,Yahuna,480_whiteheron,būdyaboía,būdyaboía,b u u dʒ a b ɔ j a,,Koch1914[823],,,^ būdyaboía $,default
Koretu-480_whiteheron-1,,Koretu,480_whiteheron,háupu,háupu,h a u p u,,Koch1914[823],,,^ háupu $,default
Desano-480_whiteheron-2,,Desano,480_whiteheron,yaḥí,yaḥí,j a h i,,Koch1914[823],,,^ yaḥí $,default
Desano-481_yaburu-1,,Desano,481_yaburu,ḗ̠olo,ḗ̠olo,ɛ ɛ ɔ ɺ ɔ,,Koch1914[823],,,^ ḗ̠olo $,default
Yahuna-481_yaburu-1,,Yahuna,481_yaburu,e̠ólaka,e̠ólaka,ɛ ɔ ɺ a k a,,Koch1914[823],,,^ e̠ólaka $,default
Yahuna-482_maguary-1,,Yahuna,482_maguary,mālié̠ya,mālié̠ya,m a a ɺ i ɛ j a,,Koch1914[823],,,^ mālié̠ya $,default
Yahuna-482_maguary-2,,Yahuna,482_maguary,mālié̠ye,mālié̠ye,m a a ɺ i ɛ j e,,Koch1914[823],,,^ mālié̠ye $,default
Yahuna-483_tuyuyu-1,,Yahuna,483_tuyuyu,kālomalí(e),kālomalí,k a a ɺ ɔ m a ɺ i,,Koch1914[823],,,^ kālomalí $,default
Yahuna-483_tuyuyu-2,,Yahuna,483_tuyuyu,áualiga,áualiga,a w a ɺ i g a,,Koch1914[823],,,^ áualiga $,default
Desano-484_vulture-1,,Desano,484_vulture,gōlóphūna,gōlóphūna,g ɔ ɔ ɺ ɔ p h u u n a,,Koch1914[823],,,^ gōlóphūna $,default
Yupua-484_vulture-1,,Yupua,484_vulture,miūla,miūla,m i u u ɺ a,,Koch1914[823],,,^ miūla $,default
Yahuna-484_vulture-1,,Yahuna,484_vulture,uadyúlika,uadyúlika,w a dʒ u ɺ i k a,,Koch1914[823],,,^ uadyúlika $,default
Koretu-484_vulture-1,,Koretu,484_vulture,ṓropu,ṓropu,ɔ ɔ ɾ ɔ p u,,Koch1914[823],,,^ ṓropu $,default
Desano-484_vulture-2,,Desano,484_vulture,gōróphūna,gōróphūna,g ɔ ɔ ɾ ɔ p h u u n a,,Koch1914[823],,,^ gōróphūna $,default
Desano-485_bighawk-1,,Desano,485_bighawk,gā́be̥ge̥,gā́be̥ge̥,g a a b ɨ g ɨ,,Koch1914[823],,,^ gā́be̥ge̥ $,default
Yupua-485_bighawk-1,,Yupua,485_bighawk,gā́,gā́,g a a,,Koch1914[823],,,^ gā́ $,default
Yahuna-485_bighawk-1,,Yahuna,485_bighawk,au̯apákie̠ka,au̯apákie̠ka,a w a p a k i ɛ k a,,Koch1914[823],,,^ au̯apákie̠ka $,default
Yahuna-486_hawk-1,,Yahuna,486_hawk,lé̠(e)lé̠a,lé̠lé̠a,ɺ ɛ ɺ ɛ a,,Koch1914[823],,,^ lé̠lé̠a $,default
Yahuna-487_cancao-1,,Yahuna,487_cancao,kāgakáue̯,kāgakáue̯,k a a g a k a w ɛ,,Koch1914[823],,,^ kāgakáue̯ $,default
Desano-488_bigowl-1,,Desano,488_bigowl,gá,gá,g a,,Koch1914[823],,,^ gá $,default
Yahuna-488_bigowl-1,,Yahuna,488_bigowl,pukupúkuliga,pukupúkuliga,p u k u p u k u ɺ i g a,,Koch1914[823],,,^ pukupúkuliga $,default
Desano-489_smallowl-1,,Desano,489_smallowl,(m)be̥xbé̥bogabu,be̥xbé̥bogabu,b ɨ h b ɨ b ɔ g a b u,,Koch1914[823],,,^ be̥xbé̥bogabu $,default
Yahuna-490_lungofbird-1,,Yahuna,490_lungofbird,tsaī́(e),tsaī́,ts a i i,,Koch1914[823],,,^ tsaī́ $,default
Yahuna-491_liverofbird-1,,Yahuna,491_liverofbird,tsaká(a)tsia,tsakátsia,ts a k a ts i a,,Koch1914[823],,,^ tsakátsia $,default
Yahuna-492_heartofbird-2,,Yahuna,492_heartofbird,tsōnyimakía,tsōnyimakía,ts ɔ ɔ ɲ i m a k i a,,Koch1914[823],,,^ tsōnyimakía $,default
Yahuna-493_stomachofbird-2,,Yahuna,493_stomachofbird,tsa(d)yauā́naga,tsayauā́naga,ts a j a w a a n a g a,,Koch1914[823],,,^ tsayauā́naga $,default
Yahuna-493_stomachofbird-3,,Yahuna,493_stomachofbird,tsa(d)yauā́laga,tsayauā́laga,ts a j a w a a ɺ a g a,,Koch1914[823],,,^ tsayauā́laga $,default
Yahuna-494_wattle-1,,Yahuna,494_wattle,dikánapiroa,dikánapiroa,d i k a n a p i ɾ ɔ a,,Koch1914[823],,,^ dikánapiroa $,default
Desano-495_fish-1,,Desano,495_fish,uai,uai,w a i,,Koch1914[824],,,^ uai $,default
Yupua-495_fish-1,,Yupua,495_fish,uái,uái,w a i,,Koch1914[824],,,^ uái $,default
Yahuna-495_fish-1,,Yahuna,495_fish,uaie,uaie,w a j e,,Koch1914[824],,,^ uaie $,default
Koretu-495_fish-1,,Koretu,495_fish,uaire̥,uaire̥,w a i ɾ ɨ,,Koch1914[824],,,^ uaire̥ $,default
Desano-496_scale-1,,Desano,496_scale,uaitsipulu,uaitsipulu,w a i ts i p u ɺ u,,Koch1914[824],,,^ uaitsipulu $,default
Yupua-496_scale-1,,Yupua,496_scale,uáíté̥te̥,uáíté̥te̥,w a i t ɨ t ɨ,,Koch1914[824],,,^ uáíté̥te̥ $,default
Yahuna-496_scale-1,,Yahuna,496_scale,uaititía,uaititía,w a i t i t i a,,Koch1914[824],,,^ uaititía $,default
Koretu-496_scale-1,,Koretu,496_scale,uairasḗ̠re̥,uairasḗ̠re̥,w a i ɾ a s ɛ ɛ ɾ ɨ,,Koch1914[824],,,^ uairasḗ̠re̥ $,default
Desano-497_fishbone-1,,Desano,497_fishbone,uai(g)ōā,uaiōā,w a j ɔ ɔ a a,,Koch1914[824],,,^ uaiōā $,default
Yupua-497_fishbone-1,,Yupua,497_fishbone,uáig(n)ṓā,uáigṓā,w a i g ɔ ɔ a a,,Koch1914[824],,,^ uáigṓā $,default
Yahuna-497_fishbone-1,,Yahuna,497_fishbone,uaiuaká,uaiuaká,w a i w a k a,,Koch1914[824],,,^ uaiuaká $,default
Koretu-497_fishbone-1,,Koretu,497_fishbone,uaikuā́re̥,uaikuā́re̥,w a i k u a a ɾ ɨ,,Koch1914[824],,,^ uaikuā́re̥ $,default
Desano-498_stingray-1,,Desano,498_stingray,ānyá,ānyá,a a ɲ a,,Koch1914[824],,,^ ānyá $,default
Yupua-498_stingray-1,,Yupua,498_stingray,é̥nya,é̥nya,ɨ ɲ a,,Koch1914[824],,,^ é̥nya $,default
Yahuna-498_stingray-1,,Yahuna,498_stingray,ākisiká,ākisiká,a a k i s i k a,,Koch1914[824],,,^ ākisiká $,default
Koretu-498_stingray-1,,Koretu,498_stingray,híatoli,híatoli,h i a t ɔ ɺ i,,Koch1914[824],,,^ híatoli $,default
Desano-499_sorubim-1,,Desano,499_sorubim,uaipe̥,uaipe̥,w a i p ɨ,,Koch1914[824],,,^ uaipe̥ $,default
Yupua-499_sorubim-1,,Yupua,499_sorubim,kúlidi,kúlidi,k u ɺ i d i,,Koch1914[824],,,^ kúlidi $,default
Yahuna-499_sorubim-1,,Yahuna,499_sorubim,ku̠liriká,ku̠liriká,k ʊ ɺ i ɾ i k a,,Koch1914[824],,,^ ku̠liriká $,default
Koretu-499_sorubim-1,,Koretu,499_sorubim,kúai̯,kúai̯,k u a i,,Koch1914[824],,,^ kúai̯ $,default
Desano-500_piranha-1,,Desano,500_piranha,mūnyú,mūnyú,m u u ɲ u,,Koch1914[824],,,^ mūnyú $,default
Yupua-500_piranha-1,,Yupua,500_piranha,múnyu,múnyu,m u ɲ u,,Koch1914[824],,,^ múnyu $,default
Yahuna-500_piranha-1,,Yahuna,500_piranha,miopiká,miopiká,m i ɔ p i k a,,Koch1914[824],,,^ miopiká $,default
Koretu-500_piranha-1,,Koretu,500_piranha,mā́i,mā́i,m a a i,,Koch1914[824],,,^ mā́i $,default
Desano-501_electriceel-1,,Desano,501_electriceel,tsaá,tsaá,ts a a,,Koch1914[824],,,^ tsaá $,default
Yupua-501_electriceel-1,,Yupua,501_electriceel,né̠(x̯)ko,né̠ko,n ɛ k ɔ,,Koch1914[824],,,^ né̠ko $,default
Yahuna-501_electriceel-1,,Yahuna,501_electriceel,ne̠(x)kóa,ne̠kóa,n ɛ k ɔ a,,Koch1914[824],,,^ ne̠kóa $,default
Koretu-501_electriceel-1,,Koretu,501_electriceel,mé̠(e̠)ko,mé̠ko,m ɛ k ɔ,,Koch1914[824],,,^ mé̠ko $,default
Yupua-501_electriceel-2,,Yupua,501_electriceel,ne̠(x̯)kó,ne̠kó,n ɛ k ɔ,,Koch1914[824],,,^ ne̠kó $,default
Desano-502_pirarara-1,,Desano,502_pirarara,moháuai,moháuai,m ɔ h a w a i,,Koch1914[824],,,^ moháuai $,default
Desano-503_pirahiba-1,,Desano,503_pirahiba,moó,moó,m ɔ ɔ,,Koch1914[824],,,^ moó $,default
Yupua-503_pirahiba-1,,Yupua,503_pirahiba,uáibe̥ge̥,uáibe̥ge̥,w a i b ɨ g ɨ,,Koch1914[824],,,^ uáibe̥ge̥ $,default
Yahuna-503_pirahiba-1,,Yahuna,503_pirahiba,piraíuaka,piraíuaka,p i ɾ a i w a k a,,Koch1914[824],,,^ piraíuaka $,default
Koretu-503_pirahiba-1,,Koretu,503_pirahiba,uaíhāke̥,uaíhāke̥,w a i h a a k ɨ,,Koch1914[824],,,^ uaíhāke̥ $,default
Yupua-504_tucunare-1,,Yupua,504_tucunare,púuai,púuai,p u u a i,,Koch1914[824],,,^ púuai $,default
Yahuna-504_tucunare-1,,Yahuna,504_tucunare,yukunanía,yukunanía,j u k u n a n i a,,Koch1914[824],,,^ yukunanía $,default
Koretu-504_tucunare-1,,Koretu,504_tucunare,poḥṓuai̯,poḥṓuai̯,p ɔ h ɔ ɔ w a i,,Koch1914[824],,,^ poḥṓuai̯ $,default
Desano-505_pacu-1,,Desano,505_pacu,uhú,uhú,u h u,,Koch1914[824],,,^ uhú $,default
Yupua-505_pacu-1,,Yupua,505_pacu,úḥu,úḥu,u h u,,Koch1914[824],,,^ úḥu $,default
Yahuna-505_pacu-1,,Yahuna,505_pacu,ū́a,ū́a,u u a,,Koch1914[824],,,^ ū́a $,default
Koretu-505_pacu-1,,Koretu,505_pacu,hṓḥu,hṓḥu,h ɔ ɔ h u,,Koch1914[824],,,^ hṓḥu $,default
Desano-506_aracu-1,,Desano,506_aracu,bóleka,bóleka,b ɔ ɺ e k a,,Koch1914[824],,,^ bóleka $,default
Yupua-506_aracu-1,,Yupua,506_aracu,bṓle̠ka,bṓle̠ka,b ɔ ɔ ɺ ɛ k a,,Koch1914[824],,,^ bṓle̠ka $,default
Yahuna-506_aracu-1,,Yahuna,506_aracu,botáka,botáka,b ɔ t a k a,,Koch1914[824],,,^ botáka $,default
Koretu-506_aracu-1,,Koretu,506_aracu,pṓle̠kia,pṓle̠kia,p ɔ ɔ ɺ ɛ k i a,,Koch1914[824],,,^ pṓle̠kia $,default
Desano-507_acara-1,,Desano,507_acara,uali,uali,w a ɺ i,,Koch1914[824],,,^ uali $,default
Yupua-507_acara-1,,Yupua,507_acara,uā́li,uā́li,w a a ɺ i,,Koch1914[824],,,^ uā́li $,default
Desano-508_trahira-1,,Desano,508_trahira,doé̠,doé̠,d ɔ ɛ,,Koch1914[824],,,^ doé̠ $,default
Yahuna-509_yataiuarana-1,,Yahuna,509_yataiuarana,uámulika,uámulika,w a m u ɺ i k a,,Koch1914[824],,,^ uámulika $,default
Yupua-510_jacunda-1,,Yupua,510_jacunda,méha,méha,m e h a,,Koch1914[824],,,^ méha $,default
Yahuna-511_mandube-1,,Yahuna,511_mandube,uairé̠taka,uairé̠taka,w a i ɾ ɛ t a k a,,Koch1914[824],,,^ uairé̠taka $,default
Yahuna-512_pirarucu-1,,Yahuna,512_pirarucu,nyumálika,nyumálika,ɲ u m a ɺ i k a,,Koch1914[824],,,^ nyumálika $,default
Yahuna-513_peixecachorro-1,,Yahuna,513_peixecachorro,yé̠(d)yo,yé̠yo,j ɛ j ɔ,,Koch1914[824],,,^ yé̠yo $,default
Yahuna-514_candiru-1,,Yahuna,514_candiru,kanirú,kanirú,k a n i ɾ u,,Koch1914[824],,,^ kanirú $,default
Desano-515_alligator-1,,Desano,515_alligator,diákea,diákea,d i a k e a,,Koch1914[824],,,^ diákea $,default
Yupua-515_alligator-1,,Yupua,515_alligator,áūli,áūli,a u u ɺ i,,Koch1914[824],,,^ áūli $,default
Yahuna-515_alligator-1,,Yahuna,515_alligator,gáhua,gáhua,g a h u a,,Koch1914[824],,,^ gáhua $,default
Koretu-515_alligator-1,,Koretu,515_alligator,ualíase̥,ualíase̥,w a ɺ i a s ɨ,,Koch1914[824],,,^ ualíase̥ $,default
Yahuna-515_alligator-2,,Yahuna,515_alligator,gáhue,gáhue,g a h u e,,Koch1914[824],,,^ gáhue $,default
Desano-516_iguana-1,,Desano,516_iguana,diákea,diákea,d i a k e a,,Koch1914[824],,,^ diákea $,default
Desano-517_lizard-1,,Desano,517_lizard,onoíyagoxso,onoíyagoxso,ɔ n ɔ i j a g ɔ h s ɔ,,Koch1914[824],,,^ onoíyagoxso $,default
Yupua-517_lizard-1,,Yupua,517_lizard,é̥mi(x̯)ki,é̥miki,ɨ m i k i,,Koch1914[824],,,^ é̥miki $,default
Yahuna-517_lizard-1,,Yahuna,517_lizard,mā́kake̠táka,mā́kake̠táka,m a a k a k ɛ t a k a,,Koch1914[824],,,^ mā́kake̠táka $,default
Koretu-517_lizard-1,,Koretu,517_lizard,uḗ̠puli,uḗ̠puli,w ɛ ɛ p u ɺ i,,Koch1914[824],,,^ uḗ̠puli $,default
Desano-517_lizard-2,,Desano,517_lizard,ōnoíagoxso,ōnoíagoxso,ɔ ɔ n ɔ i a g ɔ h s ɔ,,Koch1914[824],,,^ ōnoíagoxso $,default
Desano-518_frog-1,,Desano,518_frog,ōmá,ōmá,ɔ ɔ m a,,Koch1914[824],,,^ ōmá $,default
Yupua-518_frog-1,,Yupua,518_frog,úma,úma,u m a,,Koch1914[824],,,^ úma $,default
Yahuna-518_frog-1,,Yahuna,518_frog,ūmáka,ūmáka,u u m a k a,,Koch1914[824],,,^ ūmáka $,default
Koretu-518_frog-1,,Koretu,518_frog,tṓnyako,tṓnyako,t ɔ ɔ ɲ a k ɔ,,Koch1914[824],,,^ tṓnyako $,default
Yahuna-518_frog-2,,Yahuna,518_frog,tṓniaka,tṓniaka,t ɔ ɔ n i a k a,,Koch1914[824],,,^ tṓniaka $,default
Desano-519_toad-1,,Desano,519_toad,tā́lobe̥ge̥,tā́lobe̥ge̥,t a a ɺ ɔ b ɨ g ɨ,,Koch1914[824],,,^ tā́lobe̥ge̥ $,default
Yupua-519_toad-1,,Yupua,519_toad,ue̠uálu,ue̠uálu,w ɛ w a ɺ u,,Koch1914[824],,,^ ue̠uálu $,default
Yahuna-519_toad-1,,Yahuna,519_toad,ululū́líka,ululū́líka,u ɺ u ɺ u u ɺ i k a,,Koch1914[824],,,^ ululū́líka $,default
Koretu-519_toad-1,,Koretu,519_toad,kṓroro,kṓroro,k ɔ ɔ ɾ ɔ ɾ ɔ,,Koch1914[824],,,^ kṓroro $,default
Yahuna-519_toad-2,,Yahuna,519_toad,ululū́rika,ululū́rika,u ɺ u ɺ u u ɾ i k a,,Koch1914[824],,,^ ululū́rika $,default
Yahuna-520_frogortoad-1,,Yahuna,520_frogortoad,pā(d)yamóalika,pāyamóalika,p a a j a m ɔ a ɺ i k a,,Koch1914[824],,,^ pāyamóalika $,default
Yupua-521_turtle-1,,Yupua,521_turtle,(ṅ)gúi,gúi,g u i,,Koch1914[824],,,^ gúi $,default
Yahuna-521_turtle-1,,Yahuna,521_turtle,ṓia,ṓia,ɔ ɔ j a,,Koch1914[824],,,^ ṓia $,default
Koretu-521_turtle-1,,Koretu,521_turtle,kā̠́e̥,kā̠́e̥,k ɑ ɑ ɨ,,Koch1914[824],,,^ kā̠́e̥ $,default
Yahuna-521_turtle-2,,Yahuna,521_turtle,ṓie,ṓie,ɔ ɔ j e,,Koch1914[824],,,^ ṓie $,default
Desano-522_bigheadedamazonriverturtle-1,,Desano,522_bigheadedamazonriverturtle,pē̠yó,pē̠yó,p ɛ ɛ j ɔ,,Koch1914[824],,,^ pē̠yó $,default
Desano-523_tortoise-1,,Desano,523_tortoise,bē̠yó,bē̠yó,b ɛ ɛ j ɔ,,Koch1914[824],,,^ bē̠yó $,default
Yupua-523_tortoise-1,,Yupua,523_tortoise,pā́li,pā́li,p a a ɺ i,,Koch1914[824],,,^ pā́li $,default
Yahuna-523_tortoise-1,,Yahuna,523_tortoise,pále̠kika,pále̠kika,p a ɺ ɛ k i k a,,Koch1914[824],,,^ pále̠kika $,default
Koretu-523_tortoise-1,,Koretu,523_tortoise,ḥā́re̥,ḥā́re̥,h a a ɾ ɨ,,Koch1914[824],,,^ ḥā́re̥ $,default
Desano-524_shellofthebigheadedamazonriverturtle-1,,Desano,524_shellofthebigheadedamazonriverturtle,pē̠yúpe̠ru̠,pē̠yúpe̠ru̠,p ɛ ɛ j u p ɛ ɾ ʊ,,Koch1914[824],,,^ pē̠yúpe̠ru̠ $,default
Desano-525_snake-1,,Desano,525_snake,bīnú,bīnú,b i i n u,,Koch1914[824],,,^ bīnú $,default
Yupua-525_snake-1,,Yupua,525_snake,diadyúi,diadyúi,d i a dʒ u i,,Koch1914[824],,,^ diadyúi $,default
Yahuna-525_snake-1,,Yahuna,525_snake,ānyáka,ānyáka,a a ɲ a k a,,Koch1914[824],,,^ ānyáka $,default
Koretu-525_snake-1,,Koretu,525_snake,háya,háya,h a j a,,Koch1914[824],,,^ háya $,default
Desano-525_snake-2,,Desano,525_snake,pīnú,pīnú,p i i n u,,Koch1914[824],,,^ pīnú $,default
Desano-526_bigwatersnake-1,,Desano,526_bigwatersnake,díaōlero,díaōlero,d i a ɔ ɔ ɺ e ɾ ɔ,,Koch1914[824],,,^ díaōlero $,default
Yupua-526_bigwatersnake-1,,Yupua,526_bigwatersnake,pī́nu,pī́nu,p i i n u,,Koch1914[824],,,^ pī́nu $,default
Yahuna-526_bigwatersnake-1,,Yahuna,526_bigwatersnake,ã̄nyã́pakeaka,ã̄nyã́pakeaka,ã ã ɲ ã p a k e a k a,,Koch1914[824],,,^ ã̄nyã́pakeaka $,default
Koretu-526_bigwatersnake-1,,Koretu,526_bigwatersnake,ãyẽ́hāke̥,ãyẽ́hāke̥,ã j ẽ h a a k ɨ,,Koch1914[824],,,^ ãyẽ́hāke̥ $,default
Desano-527_boa-1,,Desano,527_boa,maxkápinu,maxkápinu,m a h k a p i n u,,Koch1914[824],,,^ maxkápinu $,default
Desano-528_jararaca-1,,Desano,528_jararaca,ānyá,ānyá,a a ɲ a,,Koch1914[824],,,^ ānyá $,default
Yupua-528_jararaca-1,,Yupua,528_jararaca,diadyúi,diadyúi,d i a dʒ u i,,Koch1914[824],,,^ diadyúi $,default
Yahuna-528_jararaca-1,,Yahuna,528_jararaca,ānyáka,ānyáka,a a ɲ a k a,,Koch1914[824],,,^ ānyáka $,default
Koretu-528_jararaca-1,,Koretu,528_jararaca,hā́ya,hā́ya,h a a j a,,Koch1914[824],,,^ hā́ya $,default
Koretu-528_jararaca-2,,Koretu,528_jararaca,háya,háya,h a j a,,Koch1914[824],,,^ háya $,default
Desano-529_surucucu-1,,Desano,529_surucucu,tsumúsero,tsumúsero,ts u m u s e ɾ ɔ,,Koch1914[824],,,^ tsumúsero $,default
Yahuna-530_earthworm-1,,Yahuna,530_earthworm,uaḥúa,uaḥúa,w a h u a,,Koch1914[824],,,^ uaḥúa $,default
Yahuna-531_treeearthwormlarva-1,,Yahuna,531_treeearthwormlarva,butsíuahua,butsíuahua,b u ts i w a h u a,,Koch1914[824],,,^ butsíuahua $,default
Desano-532_ant-1,,Desano,532_ant,ē̠má,ē̠má,ɛ ɛ m a,,Koch1914[824],,,^ ē̠má $,default
Yupua-532_ant-1,,Yupua,532_ant,ī́mu,ī́mu,i i m u,,Koch1914[824],,,^ ī́mu $,default
Yahuna-532_ant-1,,Yahuna,532_ant,ē̠múa,ē̠múa,ɛ ɛ m u a,,Koch1914[824],,,^ ē̠múa $,default
Koretu-532_ant-1,,Koretu,532_ant,aútone̠ne̥,aútone̠ne̥,a u t ɔ n ɛ n ɨ,,Koch1914[824],,,^ aútone̠ne̥ $,default
Koretu-532_ant-2,,Koretu,532_ant,aú(n)tone̠ne̥,aútone̠ne̥,a u t ɔ n ɛ n ɨ,,Koch1914[824],,,^ aútone̠ne̥ $,default
Desano-533_saubaant-1,,Desano,533_saubaant,yã(g)ĩmẽ(g)ã,yãĩmẽã,j ã ĩ m ẽ ã,,Koch1914[824],,,^ yãĩmẽã $,default
Yupua-533_saubaant-1,,Yupua,533_saubaant,mẽ́(g)ã,mẽ́ã,m ẽ ã,,Koch1914[824],,,^ mẽ́ã $,default
Yahuna-533_saubaant-1,,Yahuna,533_saubaant,me̠(x̯)káka,me̠káka,m ɛ k a k a,,Koch1914[824],,,^ me̠káka $,default
Koretu-533_saubaant-1,,Koretu,533_saubaant,mḗ̠'kiari,mḗ̠'kiari,m ɛ ɛ ʔ k i a ɾ i,,Koch1914[824],,,^ mḗ̠'kiari $,default
Desano-534_maniuaraant-1,,Desano,534_maniuaraant,mẽ̄(g)ã́,mẽ̄ã́,m ẽ ẽ ã,,Koch1914[824],,,^ mẽ̄ã́ $,default
Yupua-534_maniuaraant-1,,Yupua,534_maniuaraant,kāgá,kāgá,k a a g a,,Koch1914[824],,,^ kāgá $,default
Yahuna-534_maniuaraant-1,,Yahuna,534_maniuaraant,kā́ga,kā́ga,k a a g a,,Koch1914[824],,,^ kā́ga $,default
Yahuna-534_maniuaraant-2,,Yahuna,534_maniuaraant,gā́ka,gā́ka,g a a k a,,Koch1914[824],,,^ gā́ka $,default
Desano-535_tocandiraant-1,,Desano,535_tocandiraant,kā́de̥xka,kā́de̥xka,k a a d ɨ h k a,,Koch1914[824],,,^ kā́de̥xka $,default
Yupua-535_tocandiraant-1,,Yupua,535_tocandiraant,pé̠(e̠)la,pé̠la,p ɛ ɺ a,,Koch1914[824],,,^ pé̠la $,default
Yahuna-535_tocandiraant-1,,Yahuna,535_tocandiraant,patáka,patáka,p a t a k a,,Koch1914[824],,,^ patáka $,default
Koretu-535_tocandiraant-1,,Koretu,535_tocandiraant,hā́ta,hā́ta,h a a t a,,Koch1914[824],,,^ hā́ta $,default
Yupua-535_tocandiraant-2,,Yupua,535_tocandiraant,pé̠(e̠)ra,pé̠ra,p ɛ ɾ a,,Koch1914[824],,,^ pé̠ra $,default
Desano-536_termite-1,,Desano,536_termite,būluá,būluá,b u u ɺ u a,,Koch1914[824],,,^ būluá $,default
Yupua-536_termite-1,,Yupua,536_termite,bū́lu,bū́lu,b u u ɺ u,,Koch1914[824],,,^ bū́lu $,default
Yahuna-536_termite-1,,Yahuna,536_termite,butúa,butúa,b u t u a,,Koch1914[824],,,^ butúa $,default
Koretu-536_termite-1,,Koretu,536_termite,pṓru,pṓru,p ɔ ɔ ɾ u,,Koch1914[824],,,^ pṓru $,default
Yahuna-537_taracua-1,,Yahuna,537_taracua,malákaka,malákaka,m a ɺ a k a k a,,Koch1914[824],,,^ malákaka $,default
Desano-538_flyinsect-1,,Desano,538_flyinsect,moámala,moámala,m ɔ a m a ɺ a,,Koch1914[824],,,^ moámala $,default
Desano-539_mosquito-1,,Desano,539_mosquito,me̥leá,me̥leá,m ɨ ɺ e a,,Koch1914[824],,,^ me̥leá $,default
Yupua-539_mosquito-1,,Yupua,539_mosquito,mé̥li,mé̥li,m ɨ ɺ i,,Koch1914[824],,,^ mé̥li $,default
Yahuna-539_mosquito-1,,Yahuna,539_mosquito,minía,minía,m i n i a,,Koch1914[824],,,^ minía $,default
Koretu-539_mosquito-1,,Koretu,539_mosquito,mé̥ne̠,mé̥ne̠,m ɨ n ɛ,,Koch1914[824],,,^ mé̥ne̠ $,default
Desano-540_smallmosquito-1,,Desano,540_smallmosquito,pāmúpoka,pāmúpoka,p a a m u p ɔ k a,,Koch1914[824],,,^ pāmúpoka $,default
Desano-541_pium-1,,Desano,541_pium,nū́lina,nū́lina,n u u ɺ i n a,,Koch1914[825],,,^ nū́lina $,default
Yupua-541_pium-1,,Yupua,541_pium,tsú(x)tsi,tsútsi,ts u ts i,,Koch1914[825],,,^ tsútsi $,default
Yahuna-541_pium-1,,Yahuna,541_pium,huhía,huhía,h u h i a,,Koch1914[825],,,^ huhía $,default
Koretu-541_pium-1,,Koretu,541_pium,tó(o)si,tósi,t ɔ s i,,Koch1914[825],,,^ tósi $,default
Yupua-541_pium-2,,Yupua,541_pium,(t)sú(x)(t)siga,súsiga,s u s i g a,,Koch1914[825],,,^ súsiga $,default
Yupua-541_pium-3,,Yupua,541_pium,(t)sú(t)si,súsi,s u s i,,Koch1914[825],,,^ súsi $,default
Desano-542_mutuca-1,,Desano,542_mutuca,nu̠láme,nu̠láme,n ʊ ɺ a m e,,Koch1914[825],,,^ nu̠láme $,default
Yupua-542_mutuca-1,,Yupua,542_mutuca,nṓluge̥,nṓluge̥,n ɔ ɔ ɺ u g ɨ,,Koch1914[825],,,^ nṓluge̥ $,default
Yahuna-542_mutuca-1,,Yahuna,542_mutuca,ā́logaga,ā́logaga,a a ɺ ɔ g a g a,,Koch1914[825],,,^ ā́logaga $,default
Koretu-542_mutuca-1,,Koretu,542_mutuca,yokóloko,yokóloko,j ɔ k ɔ ɺ ɔ k ɔ,,Koch1914[825],,,^ yokóloko $,default
Yahuna-542_mutuca-2,,Yahuna,542_mutuca,ā́lokaka,ā́lokaka,a a ɺ ɔ k a k a,,Koch1914[825],,,^ ā́lokaka $,default
Desano-543_bee-1,,Desano,543_bee,momḗ̠me̥la,momḗ̠me̥la,m ɔ m ɛ ɛ m ɨ ɺ a,,Koch1914[825],,,^ momḗ̠me̥la $,default
Yupua-543_bee-1,,Yupua,543_bee,uáimúmi,uáimúmi,w a i m u m i,,Koch1914[825],,,^ uáimúmi $,default
Yahuna-543_bee-1,,Yahuna,543_bee,mapáka,mapáka,m a p a k a,,Koch1914[825],,,^ mapáka $,default
Koretu-543_bee-1,,Koretu,543_bee,mū́mire̥,mū́mire̥,m u u m i ɾ ɨ,,Koch1914[825],,,^ mū́mire̥ $,default
Desano-544_honey-1,,Desano,544_honey,mōmé̠,mōmé̠,m ɔ ɔ m ɛ,,Koch1914[825],,,^ mōmé̠ $,default
Yupua-544_honey-1,,Yupua,544_honey,múmi,múmi,m u m i,,Koch1914[825],,,^ múmi $,default
Yahuna-544_honey-1,,Yahuna,544_honey,mimía,mimía,m i m i a,,Koch1914[825],,,^ mimía $,default
Koretu-544_honey-1,,Koretu,544_honey,kianáḥe̠le̠ke̠re̥,kianáḥe̠le̠ke̠re̥,k i a n a h ɛ ɺ ɛ k ɛ ɾ ɨ,,Koch1914[825],,,^ kianáḥe̠le̠ke̠re̥ $,default
Desano-545_wasp-1,,Desano,545_wasp,uxtí,uxtí,u h t i,,Koch1914[825],,,^ uxtí $,default
Yupua-545_wasp-1,,Yupua,545_wasp,ú(x)ti,úti,u t i,,Koch1914[825],,,^ úti $,default
Yahuna-545_wasp-1,,Yahuna,545_wasp,ū́(x)tia,ū́tia,u u t i a,,Koch1914[825],,,^ ū́tia $,default
Koretu-545_wasp-1,,Koretu,545_wasp,hū́ti,hū́ti,h u u t i,,Koch1914[825],,,^ hū́ti $,default
Desano-546_grasshopper-1,,Desano,546_grasshopper,pōlē̠ró,pōlē̠ró,p ɔ ɔ ɺ ɛ ɛ ɾ ɔ,,Koch1914[825],,,^ pōlē̠ró $,default
Yupua-546_grasshopper-1,,Yupua,546_grasshopper,nyémi,nyémi,ɲ e m i,,Koch1914[825],,,^ nyémi $,default
Yahuna-546_grasshopper-1,,Yahuna,546_grasshopper,nyimía,nyimía,ɲ i m i a,,Koch1914[825],,,^ nyimía $,default
Koretu-546_grasshopper-1,,Koretu,546_grasshopper,yé̥(e̥)mi,yé̥mi,j ɨ m i,,Koch1914[825],,,^ yé̥mi $,default
Yahuna-547_cricket-1,,Yahuna,547_cricket,múḥua,múḥua,m u h u a,,Koch1914[825],,,^ múḥua $,default
Desano-548_dragonfly-1,,Desano,548_dragonfly,mē(g)ā́galu,mēā́galu,m e e a a g a ɺ u,,Koch1914[825],,,^ mēā́galu $,default
Yahuna-548_dragonfly-1,,Yahuna,548_dragonfly,uaī́a,uaī́a,w a i i a,,Koch1914[825],,,^ uaī́a $,default
Yahuna-548_dragonfly-2,,Yahuna,548_dragonfly,uaī́ye,uaī́ye,w a i i j e,,Koch1914[825],,,^ uaī́ye $,default
Desano-549_butterfly-1,,Desano,549_butterfly,pṓgolu,pṓgolu,p ɔ ɔ g ɔ ɺ u,,Koch1914[825],,,^ pṓgolu $,default
Yupua-549_butterfly-1,,Yupua,549_butterfly,pó(o)golo,pógolo,p ɔ g ɔ ɺ ɔ,,Koch1914[825],,,^ pógolo $,default
Yahuna-549_butterfly-1,,Yahuna,549_butterfly,pī́naka,pī́naka,p i i n a k a,,Koch1914[825],,,^ pī́naka $,default
Koretu-549_butterfly-1,,Koretu,549_butterfly,laúariko,laúariko,ɺ a u a ɾ i k ɔ,,Koch1914[825],,,^ laúariko $,default
Desano-549_butterfly-2,,Desano,549_butterfly,pṓgoru,pṓgoru,p ɔ ɔ g ɔ ɾ u,,Koch1914[825],,,^ pṓgoru $,default
Desano-550_bigbluebutterfly-1,,Desano,550_bigbluebutterfly,uatópōro,uatópōro,w a t ɔ p ɔ ɔ ɾ ɔ,,Koch1914[825],,,^ uatópōro $,default
Yahuna-550_bigbluebutterfly-1,,Yahuna,550_bigbluebutterfly,pālopigá,pālopigá,p a a ɺ ɔ p i g a,,Koch1914[825],,,^ pālopigá $,default
Desano-551_caterpillar-1,,Desano,551_caterpillar,bex̯gá,bex̯gá,b e h g a,,Koch1914[825],,,^ bex̯gá $,default
Desano-552_dungbeetle-1,,Desano,552_dungbeetle,ge̥lán(h)unu,ge̥lánunu,g ɨ ɺ a n u n u,,Koch1914[825],,,^ ge̥lánunu $,default
Yahuna-552_dungbeetle-1,,Yahuna,552_dungbeetle,itálonyaka,itálonyaka,i t a ɺ ɔ ɲ a k a,,Koch1914[825],,,^ itálonyaka $,default
Desano-553_firefly-1,,Desano,553_firefly,gaxbitū̠ge̥,gaxbitū̠ge̥,g a h b i t ʊ ʊ g ɨ,,Koch1914[825],,,^ gaxbitū̠ge̥ $,default
Yahuna-553_firefly-1,,Yahuna,553_firefly,tā(a)pía,tāpía,t a a p i a,,Koch1914[825],,,^ tāpía $,default
Desano-554_cockroach-1,,Desano,554_cockroach,tse̥liname,tse̥liname,ts ɨ ɺ i n a m e,,Koch1914[825],,,^ tse̥liname $,default
Yupua-554_cockroach-1,,Yupua,554_cockroach,ā́lau̯a,ā́lau̯a,a a ɺ a w a,,Koch1914[825],,,^ ā́lau̯a $,default
Yahuna-554_cockroach-1,,Yahuna,554_cockroach,ā́logaga,ā́logaga,a a ɺ ɔ g a g a,,Koch1914[825],,,^ ā́logaga $,default
Koretu-554_cockroach-1,,Koretu,554_cockroach,hā́raua,hā́raua,h a a ɾ a w a,,Koch1914[825],,,^ hā́raua $,default
Desano-555_tick-1,,Desano,555_tick,de̠hé̠,de̠hé̠,d ɛ h ɛ,,Koch1914[825],,,^ de̠hé̠ $,default
Yahuna-555_tick-1,,Yahuna,555_tick,uai̯bikinṓliaka,uai̯bikinṓliaka,w a i b i k i n ɔ ɔ ɺ i a k a,,Koch1914[825],,,^ uai̯bikinṓliaka $,default
Koretu-555_tick-1,,Koretu,555_tick,mākiáse̠he̥,mākiáse̠he̥,m a a k i a s ɛ h ɨ,,Koch1914[825],,,^ mākiáse̠he̥ $,default
Yupua-556_verysmalltick-1,,Yupua,556_verysmalltick,díanōpi,díanōpi,d i a n ɔ ɔ p i,,Koch1914[825],,,^ díanōpi $,default
Yahuna-556_verysmalltick-1,,Yahuna,556_verysmalltick,ṓliaka,ṓliaka,ɔ ɔ ɺ i a k a,,Koch1914[825],,,^ ṓliaka $,default
Desano-557_louse-1,,Desano,557_louse,dix̯púmelame̥,dix̯púmelame̥,d i h p u m e ɺ a m ɨ,,Koch1914[825],,,^ dix̯púmelame̥ $,default
Yupua-557_louse-1,,Yupua,557_louse,ṅ(g)ḗē,ṅḗē,ŋ e e e e,,Koch1914[825],,,^ ṅḗē $,default
Yahuna-557_louse-1,,Yahuna,557_louse,iía,iía,i i a,,Koch1914[825],,,^ iía $,default
Koretu-557_louse-1,,Koretu,557_louse,ké̥(i)re̥,ké̥re̥,k ɨ ɾ ɨ,,Koch1914[825],,,^ ké̥re̥ $,default
Koretu-557_louse-2,,Koretu,557_louse,ké̥re̥,ké̥re̥,k ɨ ɾ ɨ,,Koch1914[825],,,^ ké̥re̥ $,default
Desano-558_flea-1,,Desano,558_flea,dix̯(t)sī́nome̠,dix̯sī́nome̠,d i h s i i n ɔ m ɛ,,Koch1914[825],,,^ dix̯sī́nome̠ $,default
Yupua-558_flea-1,,Yupua,558_flea,(d)yīma(x)saṅ(g)ẽ́ẽ,yīmasaṅẽ́ẽ,j i i m a s a ŋ ẽ ẽ,,Koch1914[825],,,^ yīmasaṅẽ́ẽ $,default
Yahuna-558_flea-1,,Yahuna,558_flea,kṓle̠nika,kṓle̠nika,k ɔ ɔ ɺ ɛ n i k a,,Koch1914[825],,,^ kṓle̠nika $,default
Koretu-558_flea-1,,Koretu,558_flea,hohṓkia,hohṓkia,h ɔ h ɔ ɔ k i a,,Koch1914[825],,,^ hohṓkia $,default
Desano-559_sandflea-1,,Desano,559_sandflea,gúbutsu,gúbutsu,g u b u ts u,,Koch1914[825],,,^ gúbutsu $,default
Yupua-559_sandflea-1,,Yupua,559_sandflea,sóhu,sóhu,s ɔ h u,,Koch1914[825],,,^ sóhu $,default
Yahuna-559_sandflea-1,,Yahuna,559_sandflea,huúa,huúa,h u u a,,Koch1914[825],,,^ huúa $,default
Koretu-559_sandflea-1,,Koretu,559_sandflea,kuhútohu,kuhútohu,k u h u t ɔ h u,,Koch1914[825],,,^ kuhútohu $,default
Desano-560_micuim-1,,Desano,560_micuim,yaxpádiana,yaxpádiana,j a h p a d i a n a,,Koch1914[825],,,^ yaxpádiana $,default
Yahuna-560_micuim-1,,Yahuna,560_micuim,ṓ(d)yahuaka,ṓyahuaka,ɔ ɔ j a h u a k a,,Koch1914[825],,,^ ṓyahuaka $,default
Desano-561_spider-1,,Desano,561_spider,be̥xpé̥,be̥xpé̥,b ɨ h p ɨ,,Koch1914[825],,,^ be̥xpé̥ $,default
Yupua-561_spider-1,,Yupua,561_spider,bé̥be̥,bé̥be̥,b ɨ b ɨ,,Koch1914[825],,,^ bé̥be̥ $,default
Yahuna-561_spider-1,,Yahuna,561_spider,pipía,pipía,p i p i a,,Koch1914[825],,,^ pipía $,default
Koretu-561_spider-1,,Koretu,561_spider,héhe,héhe,h e h e,,Koch1914[825],,,^ héhe $,default
Desano-562_crab-1,,Desano,562_crab,ṅ(g)āmí,ṅāmí,ŋ a a m i,,Koch1914[825],,,^ ṅāmí $,default
Yahuna-562_crab-1,,Yahuna,562_crab,āmía,āmía,a a m i a,,Koch1914[825],,,^ āmía $,default
Koretu-562_crab-1,,Koretu,562_crab,kiá(a)mi,kiámi,k i a m i,,Koch1914[825],,,^ kiámi $,default
Desano-563_shrimp-1,,Desano,563_shrimp,naxtsíkame,naxtsíkame,n a h ts i k a m e,,Koch1914[825],,,^ naxtsíkame $,default
Yupua-563_shrimp-1,,Yupua,563_shrimp,nasíga,nasíga,n a s i g a,,Koch1914[825],,,^ nasíga $,default
Yahuna-563_shrimp-1,,Yahuna,563_shrimp,náhokaga,náhokaga,n a h ɔ k a g a,,Koch1914[825],,,^ náhokaga $,default
Koretu-563_shrimp-1,,Koretu,563_shrimp,nā́sikiali,nā́sikiali,n a a s i k i a ɺ i,,Koch1914[825],,,^ nā́sikiali $,default
Yupua-564_scorpion-1,,Yupua,564_scorpion,kóle̠oabu,kóle̠oabu,k ɔ ɺ ɛ ɔ a b u,,Koch1914[825],,,^ kóle̠oabu $,default
Yahuna-564_scorpion-1,,Yahuna,564_scorpion,koápalaka,koápalaka,k ɔ a p a ɺ a k a,,Koch1914[825],,,^ koápalaka $,default
Koretu-564_scorpion-1,,Koretu,564_scorpion,mū́ni,mū́ni,m u u n i,,Koch1914[825],,,^ mū́ni $,default
Koretu-564_scorpion-2,,Koretu,564_scorpion,mú(u)ni,múni,m u n i,,Koch1914[825],,,^ múni $,default
Yahuna-565_waterspider-1,,Yahuna,565_waterspider,lianyamága,lianyamága,ɺ i a ɲ a m a g a,,Koch1914[825],,,^ lianyamága $,default
Yahuna-565_waterspider-2,,Yahuna,565_waterspider,dianyamága,dianyamága,d i a ɲ a m a g a,,Koch1914[825],,,^ dianyamága $,default
Desano-566_centipede-1,,Desano,566_centipede,āki,āki,a a k i,,Koch1914[825],,,^ āki $,default
Yahuna-566_centipede-1,,Yahuna,566_centipede,mūlía,mūlía,m u u ɺ i a,,Koch1914[825],,,^ mūlía $,default
Yahuna-567_maruim-1,,Yahuna,567_maruim,maliuí,maliuí,m a ɺ i w i,,Koch1914[825],,,^ maliuí $,default
Yahuna-568_paca-1,,Yahuna,568_paca,pamúkurumaka,pamúkurumaka,p a m u k u ɾ u m a k a,,Koch1914[825],,,^ pamúkurumaka $,default
Yahuna-569_shell-1,,Yahuna,569_shell,āróa,āróa,a a ɾ ɔ a,,Koch1914[825],,,^ āróa $,default
Desano-570_snail-1,,Desano,570_snail,tsei,tsei,ts e i,,Koch1914[825],,,^ tsei $,default
Yahuna-570_snail-1,,Yahuna,570_snail,kobé̠raka,kobé̠raka,k ɔ b ɛ ɾ a k a,,Koch1914[825],,,^ kobé̠raka $,default
Desano-571_tree-1,,Desano,571_tree,yuxké̥ge̥,yuxké̥ge̥,j u h k ɨ g ɨ,,Koch1914[825],,,^ yuxké̥ge̥ $,default
Yupua-571_tree-1,,Yupua,571_tree,yábu,yábu,j a b u,,Koch1914[825],,,^ yábu $,default
Yahuna-571_tree-1,,Yahuna,571_tree,yapúa,yapúa,j a p u a,,Koch1914[825],,,^ yapúa $,default
Koretu-571_tree-1,,Koretu,571_tree,tṓke̥,tṓke̥,t ɔ ɔ k ɨ,,Koch1914[825],,,^ tṓke̥ $,default
Desano-572_leaf-1,,Desano,572_leaf,pū́,pū́,p u u,,Koch1914[825],,,^ pū́ $,default
Yupua-572_leaf-1,,Yupua,572_leaf,pū́,pū́,p u u,,Koch1914[825],,,^ pū́ $,default
Yahuna-572_leaf-1,,Yahuna,572_leaf,pūnyúa,pūnyúa,p u u ɲ u a,,Koch1914[825],,,^ pūnyúa $,default
Koretu-572_leaf-1,,Koretu,572_leaf,yṓkiare̥,yṓkiare̥,j ɔ ɔ k i a ɾ ɨ,,Koch1914[825],,,^ yṓkiare̥ $,default
Desano-573_branch-1,,Desano,573_branch,yuxké̥de̥xpé̥,yuxké̥de̥xpé̥,j u h k ɨ d ɨ h p ɨ,,Koch1914[825],,,^ yuxké̥de̥xpé̥ $,default
Yahuna-573_branch-1,,Yahuna,573_branch,yapuhḗ̠rika,yapuhḗ̠rika,j a p u h ɛ ɛ ɾ i k a,,Koch1914[825],,,^ yapuhḗ̠rika $,default
Desano-574_bark-1,,Desano,574_bark,yuxké̥gaxtsīro,yuxké̥gaxtsīro,j u h k ɨ g a h ts i i ɾ ɔ,,Koch1914[825],,,^ yuxké̥gaxtsīro $,default
Yupua-574_bark-1,,Yupua,574_bark,yābugát(š)i,yābugáti,j a a b u g a t i,,Koch1914[825],,,^ yābugáti $,default
Yahuna-574_bark-1,,Yahuna,574_bark,yapuáḥe̠a,yapuáḥe̠a,j a p u a h ɛ a,,Koch1914[825],,,^ yapuáḥe̠a $,default
Koretu-574_bark-1,,Koretu,574_bark,tōke̥rasḗ̠re̥,tōke̥rasḗ̠re̥,t ɔ ɔ k ɨ ɾ a s ɛ ɛ ɾ ɨ,,Koch1914[825],,,^ tōke̥rasḗ̠re̥ $,default
Desano-575_root-1,,Desano,575_root,nũ(g)(e)ṹ,nũṹ,n ũ ũ,,Koch1914[825],,,^ nũṹ $,default
Yupua-575_root-1,,Yupua,575_root,náge̠,náge̠,n a g ɛ,,Koch1914[825],,,^ náge̠ $,default
Yahuna-575_root-1,,Yahuna,575_root,yapunikóa,yapunikóa,j a p u n i k ɔ a,,Koch1914[825],,,^ yapunikóa $,default
Koretu-575_root-1,,Koretu,575_root,te̠tā́re̥,te̠tā́re̥,t ɛ t a a ɾ ɨ,,Koch1914[825],,,^ te̠tā́re̥ $,default
Yupua-575_root-2,,Yupua,575_root,ná'ge̠,ná'ge̠,n a ʔ g ɛ,,Koch1914[825],,,^ ná'ge̠ $,default
Desano-576_thron-1,,Desano,576_thron,bōlá,bōlá,b ɔ ɔ ɺ a,,Koch1914[825],,,^ bōlá $,default
Yahuna-576_thron-1,,Yahuna,576_thron,po(x)tá,potá,p ɔ t a,,Koch1914[825],,,^ potá $,default
Desano-577_seed-1,,Desano,577_seed,yuxke̥de̥xká,yuxke̥de̥xká,j u h k ɨ d ɨ h k a,,Koch1914[825],,,^ yuxke̥de̥xká $,default
Yahuna-577_seed-1,,Yahuna,577_seed,yapuliká,yapuliká,j a p u ɺ i k a,,Koch1914[825],,,^ yapuliká $,default
Desano-578_resin-1,,Desano,578_resin,gṓge̥,gṓge̥,g ɔ ɔ g ɨ,,Koch1914[825],,,^ gṓge̥ $,default
Yahuna-578_resin-1,,Yahuna,578_resin,yaputé̠koa,yaputé̠koa,j a p u t ɛ k ɔ a,,Koch1914[825],,,^ yaputé̠koa $,default
Desano-579_peelpod-1,,Desano,579_peelpod,yuxké̥de̥xkagaxtsī́ro,yuxké̥de̥xkagaxtsī́ro,j u h k ɨ d ɨ h k a g a h ts i i ɾ ɔ,,Koch1914[825],,,^ yuxké̥de̥xkagaxtsī́ro $,default
Yahuna-579_peelpod-1,,Yahuna,579_peelpod,salikakoá,salikakoá,s a ɺ i k a k ɔ a,,Koch1914[825],,,^ salikakoá $,default
Desano-580_blossom-1,,Desano,580_blossom,gṓli,gṓli,g ɔ ɔ ɺ i,,Koch1914[825],,,^ gṓli $,default
Yupua-580_blossom-1,,Yupua,580_blossom,góo,góo,g ɔ ɔ,,Koch1914[825],,,^ góo $,default
Yahuna-580_blossom-1,,Yahuna,580_blossom,yapuōliká,yapuōliká,j a p u ɔ ɔ ɺ i k a,,Koch1914[825],,,^ yapuōliká $,default
Koretu-580_blossom-1,,Koretu,580_blossom,te̠tā́re̥,te̠tā́re̥,t ɛ t a a ɾ ɨ,,Koch1914[825],,,^ te̠tā́re̥ $,default
Desano-581_fruit-1,,Desano,581_fruit,yuxke̥de̥xká,yuxke̥de̥xká,j u h k ɨ d ɨ h k a,,Koch1914[825],,,^ yuxke̥de̥xká $,default
Yupua-581_fruit-1,,Yupua,581_fruit,yabúdiga,yabúdiga,j a b u d i g a,,Koch1914[825],,,^ yabúdiga $,default
Yahuna-581_fruit-1,,Yahuna,581_fruit,yapuliká,yapuliká,j a p u ɺ i k a,,Koch1914[825],,,^ yapuliká $,default
Koretu-581_fruit-1,,Koretu,581_fruit,toké̥likē̠re̥,toké̥likē̠re̥,t ɔ k ɨ ɺ i k ɛ ɛ ɾ ɨ,,Koch1914[825],,,^ toké̥likē̠re̥ $,default
Yupua-581_fruit-2,,Yupua,581_fruit,yabúdigá,yabúdigá,j a b u d i g a,,Koch1914[825],,,^ yabúdigá $,default
Desano-582_shrub-1,,Desano,582_shrub,yuxké̥puli,yuxké̥puli,j u h k ɨ p u ɺ i,,Koch1914[825],,,^ yuxké̥puli $,default
Yahuna-582_shrub-1,,Yahuna,582_shrub,yapumaxkanaká,yapumaxkanaká,j a p u m a h k a n a k a,,Koch1914[825],,,^ yapumaxkanaká $,default
Desano-583_grass-1,,Desano,583_grass,dā́,dā́,d a a,,Koch1914[825],,,^ dā́ $,default
Yupua-583_grass-1,,Yupua,583_grass,tā́,tā́,t a a,,Koch1914[825],,,^ tā́ $,default
Yahuna-583_grass-1,,Yahuna,583_grass,tāyá,tāyá,t a a j a,,Koch1914[825],,,^ tāyá $,default
Koretu-583_grass-1,,Koretu,583_grass,táyare̥,táyare̥,t a j a ɾ ɨ,,Koch1914[825],,,^ táyare̥ $,default
Koretu-583_grass-2,,Koretu,583_grass,táiāre̥,táiāre̥,t a j a a ɾ ɨ,,Koch1914[825],,,^ táiāre̥ $,default
Desano-584_maize-1,,Desano,584_maize,ohṓle̥xka,ohṓle̥xka,ɔ h ɔ ɔ ɺ ɨ h k a,,Koch1914[826],,,^ ohṓle̥xka $,default
Yupua-584_maize-1,,Yupua,584_maize,óo,óo,ɔ ɔ,,Koch1914[826],,,^ óo $,default
Yahuna-584_maize-1,,Yahuna,584_maize,óaka,óaka,ɔ a k a,,Koch1914[826],,,^ óaka $,default
Koretu-584_maize-1,,Koretu,584_maize,mitólike̠re̥,mitólike̠re̥,m i t ɔ ɺ i k ɛ ɾ ɨ,,Koch1914[826],,,^ mitólike̠re̥ $,default
Desano-585_manioc-1,,Desano,585_manioc,kīrú,kīrú,k i i ɾ u,,Koch1914[826],,,^ kīrú $,default
Yupua-585_manioc-1,,Yupua,585_manioc,kī́(i),kī́,k i i,,Koch1914[826],,,^ kī́ $,default
Yahuna-585_manioc-1,,Yahuna,585_manioc,kía,kía,k i a,,Koch1914[826],,,^ kía $,default
Koretu-585_manioc-1,,Koretu,585_manioc,ké̥re̥,ké̥re̥,k ɨ ɾ ɨ,,Koch1914[826],,,^ ké̥re̥ $,default
Desano-585_manioc-2,,Desano,585_manioc,kīlú,kīlú,k i i ɺ u,,Koch1914[826],,,^ kīlú $,default
Desano-585_manioc-3,,Desano,585_manioc,kī́nu,kī́nu,k i i n u,,Koch1914[826],,,^ kī́nu $,default
Desano-586_maniocflour-1,,Desano,586_maniocflour,pō(o)gá,pōgá,p ɔ ɔ g a,,Koch1914[826],,,^ pōgá $,default
Yupua-586_maniocflour-1,,Yupua,586_maniocflour,baagáli,baagáli,b a a g a ɺ i,,Koch1914[826],,,^ baagáli $,default
Yahuna-586_maniocflour-1,,Yahuna,586_maniocflour,ā(m)bulúa,ābulúa,a a b u ɺ u a,,Koch1914[826],,,^ ābulúa $,default
Koretu-586_maniocflour-1,,Koretu,586_maniocflour,au̯itíre̥,au̯itíre̥,a w i t i ɾ ɨ,,Koch1914[826],,,^ au̯itíre̥ $,default
Desano-587_maniocbread-1,,Desano,587_maniocbread,ānoi̯ye̠,ānoi̯ye̠,a a n ɔ i j ɛ,,Koch1914[826],,,^ ānoi̯ye̠ $,default
Yupua-587_maniocbread-1,,Yupua,587_maniocbread,baadyá,baadyá,b a a dʒ a,,Koch1914[826],,,^ baadyá $,default
Yahuna-587_maniocbread-1,,Yahuna,587_maniocbread,áue,áue,a w e,,Koch1914[826],,,^ áue $,default
Koretu-587_maniocbread-1,,Koretu,587_maniocbread,haúku,haúku,h a u k u,,Koch1914[826],,,^ haúku $,default
Desano-588_curata-1,,Desano,588_curata,tsīrālī́(g)e̠,tsīrālī́e̠,ts i i ɾ a a ɺ i i ɛ,,Koch1914[826],,,^ tsīrālī́e̠ $,default
Desano-589_tapioca-1,,Desano,589_tapioca,uē̠rá,uē̠rá,w ɛ ɛ ɾ a,,Koch1914[826],,,^ uē̠rá $,default
Desano-589_tapioca-2,,Desano,589_tapioca,uē̠lá,uē̠lá,w ɛ ɛ ɺ a,,Koch1914[826],,,^ uē̠lá $,default
Desano-590_banana-1,,Desano,590_banana,ohó,ohó,ɔ h ɔ,,Koch1914[826],,,^ ohó $,default
Yupua-590_banana-1,,Yupua,590_banana,abótiga,abótiga,a b ɔ t i g a,,Koch1914[826],,,^ abótiga $,default
Yahuna-590_banana-1,,Yahuna,590_banana,óyagaga,óyagaga,ɔ j a g a g a,,Koch1914[826],,,^ óyagaga $,default
Koretu-590_banana-1,,Koretu,590_banana,haúioake̠re̥,haúioake̠re̥,h a u j ɔ a k ɛ ɾ ɨ,,Koch1914[826],,,^ haúioake̠re̥ $,default
Desano-591_potato-1,,Desano,591_potato,yaxbi,yaxbi,j a h b i,,Koch1914[826],,,^ yaxbi $,default
Yupua-591_potato-1,,Yupua,591_potato,yá(x)pi,yápi,j a p i,,Koch1914[826],,,^ yápi $,default
Yahuna-591_potato-1,,Yahuna,591_potato,ya'pía,ya'pía,j a ʔ p i a,,Koch1914[826],,,^ ya'pía $,default
Koretu-591_potato-1,,Koretu,591_potato,yahĩ́re̥,yahĩ́re̥,j a h ĩ ɾ ɨ,,Koch1914[826],,,^ yahĩ́re̥ $,default
Yahuna-591_potato-2,,Yahuna,591_potato,ya(a)pía,yapía,j a p i a,,Koch1914[826],,,^ yapía $,default
Desano-592_yam-1,,Desano,592_yam,ya(e)mú,yamú,j a m u,,Koch1914[826],,,^ yamú $,default
Yupua-592_yam-1,,Yupua,592_yam,yámu,yámu,j a m u,,Koch1914[826],,,^ yámu $,default
Yahuna-592_yam-1,,Yahuna,592_yam,ya'múa,ya'múa,j a ʔ m u a,,Koch1914[826],,,^ ya'múa $,default
Koretu-592_yam-1,,Koretu,592_yam,yaúre̥,yaúre̥,j a u ɾ ɨ,,Koch1914[826],,,^ yaúre̥ $,default
Yahuna-592_yam-2,,Yahuna,592_yam,ya(a)múa,yamúa,j a m u a,,Koch1914[826],,,^ yamúa $,default
Desano-593_pepper-1,,Desano,593_pepper,biá,biá,b i a,,Koch1914[826],,,^ biá $,default
Yupua-593_pepper-1,,Yupua,593_pepper,bía,bía,b i a,,Koch1914[826],,,^ bía $,default
Koretu-593_pepper-1,,Koretu,593_pepper,bíare̥,bíare̥,b i a ɾ ɨ,,Koch1914[826],,,^ bíare̥ $,default
Desano-594_peppersauce-1,,Desano,594_peppersauce,biátsuru,biátsuru,b i a ts u ɾ u,,Koch1914[826],,,^ biátsuru $,default
Yahuna-595_tucupi-1,,Yahuna,595_tucupi,gā́lie,gā́lie,g a a ɺ i e,,Koch1914[826],,,^ gā́lie $,default
Yahuna-595_tucupi-2,,Yahuna,595_tucupi,gā́li(e),gā́li,g a a ɺ i,,Koch1914[826],,,^ gā́li $,default
Desano-596_pineapple-1,,Desano,596_pineapple,tsē̠ná,tsē̠ná,ts ɛ ɛ n a,,Koch1914[826],,,^ tsē̠ná $,default
Yupua-596_pineapple-1,,Yupua,596_pineapple,(t)sī́ne,sī́ne,s i i n e,,Koch1914[826],,,^ sī́ne $,default
Yahuna-596_pineapple-1,,Yahuna,596_pineapple,māruká,māruká,m a a ɾ u k a,,Koch1914[826],,,^ māruká $,default
Koretu-596_pineapple-1,,Koretu,596_pineapple,máiroke̥,máiroke̥,m a i ɾ ɔ k ɨ,,Koch1914[826],,,^ máiroke̥ $,default
Yupua-596_pineapple-2,,Yupua,596_pineapple,sī́ne,sī́ne,s i i n e,,Koch1914[826],,,^ sī́ne $,default
Desano-597_tame-1,,Desano,597_tame,mē̠né̠,mē̠né̠,m ɛ ɛ n ɛ,,Koch1914[826],,,^ mē̠né̠ $,default
Yupua-597_tame-1,,Yupua,597_tame,mīni,mīni,m i i n i,,Koch1914[826],,,^ mīni $,default
Yahuna-597_tame-1,,Yahuna,597_tame,mē̠né̠,mē̠né̠,m ɛ ɛ n ɛ,,Koch1914[826],,,^ mē̠né̠ $,default
Koretu-597_tame-1,,Koretu,597_tame,mé̠'ne̠re̥,mé̠'ne̠re̥,m ɛ ʔ n ɛ ɾ ɨ,,Koch1914[826],,,^ mé̠'ne̠re̥ $,default
Desano-598_savage-1,,Desano,598_savage,bī́kali,bī́kali,b i i k a ɺ i,,Koch1914[826],,,^ bī́kali $,default
Yupua-599_cocoa-1,,Yupua,599_cocoa,kakáu,kakáu,k a k a u,,Koch1914[826],,,^ kakáu $,default
Yahuna-599_cocoa-1,,Yahuna,599_cocoa,kakáu,kakáu,k a k a u,,Koch1914[826],,,^ kakáu $,default
Yahuna-599_cocoa-2,,Yahuna,599_cocoa,kakáua,kakáua,k a k a w a,,Koch1914[826],,,^ kakáua $,default
Yahuna-599_cocoa-3,,Yahuna,599_cocoa,iyotū́li,iyotū́li,i j ɔ t u u ɺ i,,Koch1914[826],,,^ iyotū́li $,default
Desano-600_japura-1,,Desano,600_japura,diábāli,diábāli,d i a b a a ɺ i,,Koch1914[826],,,^ diábāli $,default
Yahuna-601_cucura-1,,Yahuna,601_cucura,ī(d)yáka,īyáka,i i j a k a,,Koch1914[826],,,^ īyáka $,default
Desano-602_umari-1,,Desano,602_umari,mé̥,mé̥,m ɨ,,Koch1914[826],,,^ mé̥ $,default
Yupua-602_umari-1,,Yupua,602_umari,mḗ,mḗ,m e e,,Koch1914[826],,,^ mḗ $,default
Yahuna-602_umari-1,,Yahuna,602_umari,māmía,māmía,m a a m i a,,Koch1914[826],,,^ māmía $,default
Koretu-602_umari-1,,Koretu,602_umari,mā́'me̥re̥,mā́'me̥re̥,m a a ʔ m ɨ ɾ ɨ,,Koch1914[826],,,^ mā́'me̥re̥ $,default
Desano-603_abiu-1,,Desano,603_abiu,ex̯tóga,ex̯tóga,e h t ɔ g a,,Koch1914[826],,,^ ex̯tóga $,default
Yahuna-603_abiu-1,,Yahuna,603_abiu,kā́laga,kā́laga,k a a ɺ a g a,,Koch1914[826],,,^ kā́laga $,default
Yahuna-604_iua-1,,Yahuna,604_iua,tóaka,tóaka,t ɔ a k a,,Koch1914[826],,,^ tóaka $,default
Yahuna-605_cupuacu-1,,Yahuna,605_cupuacu,mānyayapúa,mānyayapúa,m a a ɲ a j a p u a,,Koch1914[826],,,^ mānyayapúa $,default
Yahuna-605_cupuacu-2,,Yahuna,605_cupuacu,ī́oa,ī́oa,i i ɔ a,,Koch1914[826],,,^ ī́oa $,default
Yahuna-606_cupui-1,,Yahuna,606_cupui,yātúlika,yātúlika,j a a t u ɺ i k a,,Koch1914[826],,,^ yātúlika $,default
Yahuna-606_cupui-2,,Yahuna,606_cupui,yātúlike,yātúlike,j a a t u ɺ i k e,,Koch1914[826],,,^ yātúlike $,default
Yahuna-607_cumaru-1,,Yahuna,607_cumaru,kumarú,kumarú,k u m a ɾ u,,Koch1914[826],,,^ kumarú $,default
Yahuna-607_cumaru-2,,Yahuna,607_cumaru,kumalú,kumalú,k u m a ɺ u,,Koch1914[826],,,^ kumalú $,default
Yahuna-608_cubiu-1,,Yahuna,608_cubiu,bārá,bārá,b a a ɾ a,,Koch1914[826],,,^ bārá $,default
Yahuna-609_pinupinumedicinalplant-1,,Yahuna,609_pinupinumedicinalplant,huhía,huhía,h u h i a,,Koch1914[826],,,^ huhía $,default
Yahuna-610_pokeanut-1,,Yahuna,610_pokeanut,úle̠tsika,úle̠tsika,u ɺ ɛ ts i k a,,Koch1914[826],,,^ úle̠tsika $,default
Yahuna-611_ucuqui-1,,Yahuna,611_ucuqui,pupáka,pupáka,p u p a k a,,Koch1914[826],,,^ pupáka $,default
Desano-612_pumpkin-1,,Desano,612_pumpkin,wādá,wādá,w a a d a,,Koch1914[826],,,^ wādá $,default
Desano-613_timbo-1,,Desano,613_timbo,mīá,mīá,m i i a,,Koch1914[826],,,^ mīá $,default
Yupua-613_timbo-1,,Yupua,613_timbo,e̠omix̯(t)sí,e̠omix̯sí,ɛ ɔ m i h s i,,Koch1914[826],,,^ e̠omix̯sí $,default
Yahuna-613_timbo-1,,Yahuna,613_timbo,ē̠nyamihia,ē̠nyamihia,ɛ ɛ ɲ a m i h i a,,Koch1914[826],,,^ ē̠nyamihia $,default
Koretu-613_timbo-1,,Koretu,613_timbo,saítakurse̥,saítakurse̥,s a i t a k u ɾ s ɨ,,Koch1914[826],,,^ saítakurse̥ $,default
Desano-614_liana-1,,Desano,614_liana,tse̥(g)ā́,tse̥ā́,ts ɨ a a,,Koch1914[826],,,^ tse̥ā́ $,default
Yupua-614_liana-1,,Yupua,614_liana,mí(x̯)si,mísi,m i s i,,Koch1914[826],,,^ mísi $,default
Yahuna-614_liana-1,,Yahuna,614_liana,mihía,mihía,m i h i a,,Koch1914[826],,,^ mihía $,default
Koretu-614_liana-1,,Koretu,614_liana,mix̯sire̥,mix̯sire̥,m i h s i ɾ ɨ,,Koch1914[826],,,^ mix̯sire̥ $,default
Yupua-614_liana-2,,Yupua,614_liana,míx̯(t)si,míx̯si,m i h s i,,Koch1914[826],,,^ míx̯si $,default
Yupua-615_rawrubber-1,,Yupua,615_rawrubber,kaut(š)u,kautu,k a u t u,,Koch1914[826],,,^ kautu $,default
Yahuna-615_rawrubber-1,,Yahuna,615_rawrubber,kukúlate̠kua,kukúlate̠kua,k u k u ɺ a t ɛ k u a,,Koch1914[826],,,^ kukúlate̠kua $,default
Koretu-615_rawrubber-1,,Koretu,615_rawrubber,kause̥,kause̥,k a u s ɨ,,Koch1914[826],,,^ kause̥ $,default
Desano-616_rubber-1,,Desano,616_rubber,gṓde̥xka,gṓde̥xka,g ɔ ɔ d ɨ h k a,,Koch1914[826],,,^ gṓde̥xka $,default
Yupua-616_rubber-1,,Yupua,616_rubber,uaxtx̯ú,uaxtx̯ú,w a h tʃ u,,Koch1914[826],,,^ uaxtx̯ú $,default
Yahuna-616_rubber-1,,Yahuna,616_rubber,oahoaté̠kua,oahoaté̠kua,ɔ a h ɔ a t ɛ k u a,,Koch1914[826],,,^ oahoaté̠kua $,default
Yupua-616_rubber-2,,Yupua,616_rubber,uaxt(š)ú,uaxtú,w a h t u,,Koch1914[826],,,^ uaxtú $,default
Yupua-617_rubbermilk-1,,Yupua,617_rubbermilk,uaxtx̯udi,uaxtx̯udi,w a h tʃ u d i,,Koch1914[826],,,^ uaxtx̯udi $,default
Desano-618_bamboo-1,,Desano,618_bamboo,uaá,uaá,w a a,,Koch1914[826],,,^ uaá $,default
Yahuna-618_bamboo-1,,Yahuna,618_bamboo,uālá,uālá,w a a ɺ a,,Koch1914[826],,,^ uālá $,default
Yahuna-618_bamboo-2,,Yahuna,618_bamboo,iúa,iúa,j u a,,Koch1914[826],,,^ iúa $,default
Desano-619_giantreed-1,,Desano,619_giantreed,gālé̥,gālé̥,g a a ɺ ɨ,,Koch1914[826],,,^ gālé̥ $,default
Yahuna-619_giantreed-1,,Yahuna,619_giantreed,anía,anía,a n i a,,Koch1914[826],,,^ anía $,default
Yahuna-619_giantreed-2,,Yahuna,619_giantreed,āníe,āníe,a a n i e,,Koch1914[826],,,^ āníe $,default
Yahuna-620_sugarcane-1,,Yahuna,620_sugarcane,kā́la,kā́la,k a a ɺ a,,Koch1914[826],,,^ kā́la $,default
Desano-621_achiote-1,,Desano,621_achiote,moxtsá,moxtsá,m ɔ h ts a,,Koch1914[826],,,^ moxtsá $,default
Yupua-621_achiote-1,,Yupua,621_achiote,mó(x)sa,mósa,m ɔ s a,,Koch1914[826],,,^ mósa $,default
Yahuna-621_achiote-1,,Yahuna,621_achiote,muhá,muhá,m u h a,,Koch1914[826],,,^ muhá $,default
Koretu-621_achiote-1,,Koretu,621_achiote,muxtā́re̥,muxtā́re̥,m u h t a a ɾ ɨ,,Koch1914[826],,,^ muxtā́re̥ $,default
Desano-622_carajuru-1,,Desano,622_carajuru,gōnoi̯yá,gōnoi̯yá,g ɔ ɔ n ɔ i j a,,Koch1914[826],,,^ gōnoi̯yá $,default
Yupua-622_carajuru-1,,Yupua,622_carajuru,(ṅ)ge̥lā(d)yí,ge̥lāyí,g ɨ ɺ a a j i,,Koch1914[826],,,^ ge̥lāyí $,default
Yahuna-622_carajuru-1,,Yahuna,622_carajuru,kḗ̠naka,kḗ̠naka,k ɛ ɛ n a k a,,Koch1914[826],,,^ kḗ̠naka $,default
Koretu-622_carajuru-1,,Koretu,622_carajuru,kiámikolire̥,kiámikolire̥,k i a m i k ɔ ɺ i ɾ ɨ,,Koch1914[826],,,^ kiámikolire̥ $,default
Desano-623_genipap-1,,Desano,623_genipap,kōlá,kōlá,k ɔ ɔ ɺ a,,Koch1914[826],,,^ kōlá $,default
Desano-623_genipap-2,,Desano,623_genipap,kōrá,kōrá,k ɔ ɔ ɾ a,,Koch1914[826],,,^ kōrá $,default
Yahuna-624_moldonmanioccake-1,,Yahuna,624_moldonmanioccake,t(s)au̯ā́nipatunie̯,tau̯ā́nipatunie̯,t a w a a n i p a t u n i e,,Koch1914[826],,,^ tau̯ā́nipatunie̯ $,default
Desano-625_morichepalm-1,,Desano,625_morichepalm,ne̠é̠,ne̠é̠,n ɛ ɛ,,Koch1914[826],,,^ ne̠é̠ $,default
Yupua-625_morichepalm-1,,Yupua,625_morichepalm,níi,níi,n i i,,Koch1914[826],,,^ níi $,default
Yahuna-625_morichepalm-1,,Yahuna,625_morichepalm,ne̠é̠,ne̠é̠,n ɛ ɛ,,Koch1914[826],,,^ ne̠é̠ $,default
Koretu-625_morichepalm-1,,Koretu,625_morichepalm,nḗ̠re̥,nḗ̠re̥,n ɛ ɛ ɾ ɨ,,Koch1914[826],,,^ nḗ̠re̥ $,default
Desano-626_tucum-1,,Desano,626_tucum,yoxkápolani,yoxkápolani,j ɔ h k a p ɔ ɺ a n i,,Koch1914[826],,,^ yoxkápolani $,default
Yupua-626_tucum-1,,Yupua,626_tucum,yó(x)ka,yóka,j ɔ k a,,Koch1914[826],,,^ yóka $,default
Yahuna-626_tucum-1,,Yahuna,626_tucum,yu(x)ká,yuká,j u k a,,Koch1914[826],,,^ yuká $,default
Koretu-626_tucum-1,,Koretu,626_tucum,aúlikiare̥,aúlikiare̥,a u ɺ i k i a ɾ ɨ,,Koch1914[826],,,^ aúlikiare̥ $,default
Desano-626_tucum-2,,Desano,626_tucum,yoxkáponani,yoxkáponani,j ɔ h k a p ɔ n a n i,,Koch1914[826],,,^ yoxkáponani $,default
Desano-627_tucuma-1,,Desano,627_tucuma,pē̠rá,pē̠rá,p ɛ ɛ ɾ a,,Koch1914[826],,,^ pē̠rá $,default
Desano-628_carana-1,,Desano,628_carana,muhí,muhí,m u h i,,Koch1914[826],,,^ muhí $,default
Yahuna-628_carana-1,,Yahuna,628_carana,muía,muía,m u i a,,Koch1914[826],,,^ muía $,default
Desano-629_puxiuba-1,,Desano,629_puxiuba,yōmóloyū̠li,yōmóloyū̠li,j ɔ ɔ m ɔ ɺ ɔ j ʊ ʊ ɺ i,,Koch1914[827],,,^ yōmóloyū̠li $,default
Yahuna-629_puxiuba-1,,Yahuna,629_puxiuba,yaé̠a,yaé̠a,j a ɛ a,,Koch1914[827],,,^ yaé̠a $,default
Desano-630_piassava-1,,Desano,630_piassava,piasá,piasá,p i a s a,,Koch1914[827],,,^ piasá $,default
Yahuna-631_jauari-1,,Yahuna,631_jauari,tūpía,tūpía,t u u p i a,,Koch1914[827],,,^ tūpía $,default
Yahuna-632_ubucu-1,,Yahuna,632_ubucu,uahía,uahía,w a h i a,,Koch1914[827],,,^ uahía $,default
Desano-633_acai-1,,Desano,633_acai,mihí,mihí,m i h i,,Koch1914[827],,,^ mihí $,default
Yupua-633_acai-1,,Yupua,633_acai,píidika,píidika,p i i d i k a,,Koch1914[827],,,^ píidika $,default
Yahuna-633_acai-1,,Yahuna,633_acai,pipirika,pipirika,p i p i ɾ i k a,,Koch1914[827],,,^ pipirika $,default
Koretu-633_acai-1,,Koretu,633_acai,hihī́re̥,hihī́re̥,h i h i i ɾ ɨ,,Koch1914[827],,,^ hihī́re̥ $,default
Desano-634_pupunha-1,,Desano,634_pupunha,e̥lí,e̥lí,ɨ ɺ i,,Koch1914[827],,,^ e̥lí $,default
Yupua-634_pupunha-1,,Yupua,634_pupunha,é̥li,é̥li,ɨ ɺ i,,Koch1914[827],,,^ é̥li $,default
Yahuna-634_pupunha-1,,Yahuna,634_pupunha,īné̠,īné̠,i i n ɛ,,Koch1914[827],,,^ īné̠ $,default
Koretu-634_pupunha-1,,Koretu,634_pupunha,é̥'ne̠re̥,é̥'ne̠re̥,ɨ ʔ n ɛ ɾ ɨ,,Koch1914[827],,,^ é̥'ne̠re̥ $,default
Desano-635_pataua-1,,Desano,635_pataua,yūmú,yūmú,j u u m u,,Koch1914[827],,,^ yūmú $,default
Yahuna-635_pataua-1,,Yahuna,635_pataua,yau̯mía,yau̯mía,j a u m i a,,Koch1914[827],,,^ yau̯mía $,default
Yahuna-636_bacaba-1,,Yahuna,636_bacaba,yomimákalaka,yomimákalaka,j ɔ m i m a k a ɺ a k a,,Koch1914[827],,,^ yomimákalaka $,default
Desano-647_alittle-1,,Desano,647_alittle,āminiḗ̠ga,āminiḗ̠ga,a a m i n i ɛ ɛ g a,,Koch1914[827],,,^ āminiḗ̠ga $,default
Yupua-647_alittle-1,,Yupua,647_alittle,(t)si(i)áa(d)ya,siáaya,s i a a j a,,Koch1914[827],,,^ siáaya $,default
Yahuna-647_alittle-1,,Yahuna,647_alittle,kōpahe̠ká,kōpahe̠ká,k ɔ ɔ p a h ɛ k a,,Koch1914[827],,,^ kōpahe̠ká $,default
Koretu-647_alittle-1,,Koretu,647_alittle,yóḥe̠,yóḥe̠,j ɔ h ɛ,,Koch1914[827],,,^ yóḥe̠ $,default
Desano-648_many-1,,Desano,648_many,ue̥liniḗ̠ro,ue̥liniḗ̠ro,w ɨ ɺ i n i ɛ ɛ ɾ ɔ,,Koch1914[827],,,^ ue̥liniḗ̠ro $,default
Yupua-648_many-1,,Yupua,648_many,paxhá,paxhá,p a h a,,Koch1914[827],,,^ paxhá $,default
Yahuna-648_many-1,,Yahuna,648_many,ni'kimaká,ni'kimaká,n i ʔ k i m a k a,,Koch1914[827],,,^ ni'kimaká $,default
Koretu-648_many-1,,Koretu,648_many,hā́ne̠,hā́ne̠,h a a n ɛ,,Koch1914[827],,,^ hā́ne̠ $,default
Desano-649_half-1,,Desano,649_half,dex̯kó,dex̯kó,d e h k ɔ,,Koch1914[827],,,^ dex̯kó $,default
Yupua-649_half-1,,Yupua,649_half,de̠kapá(a),de̠kapá,d ɛ k a p a,,Koch1914[827],,,^ de̠kapá $,default
Koretu-649_half-1,,Koretu,649_half,tokíaḥu,tokíaḥu,t ɔ k i a h u,,Koch1914[827],,,^ tokíaḥu $,default
Desano-650_full-1,,Desano,650_full,ohóte̥liri,ohóte̥liri,ɔ h ɔ t ɨ ɺ i ɾ i,,Koch1914[827],,,^ ohóte̥liri $,default
Yupua-650_full-1,,Yupua,650_full,mó(n)ya,móya,m ɔ j a,,Koch1914[827],,,^ móya $,default
Koretu-650_full-1,,Koretu,650_full,pusíḥae̠,pusíḥae̠,p u s i h a ɛ,,Koch1914[827],,,^ pusíḥae̠ $,default
Desano-651_all-1,,Desano,651_all,pahā́nika,pahā́nika,p a h a a n i k a,,Koch1914[827],,,^ pahā́nika $,default
Yupua-651_all-1,,Yupua,651_all,du(x)hā(d)yá,duhāyá,d u h a a j a,,Koch1914[827],,,^ duhāyá $,default
Yahuna-651_all-1,,Yahuna,651_all,lí(x̯)taha,lítaha,ɺ i t a h a,,Koch1914[827],,,^ lítaha $,default
Koretu-651_all-1,,Koretu,651_all,tirítote̠,tirítote̠,t i ɾ i t ɔ t ɛ,,Koch1914[827],,,^ tirítote̠ $,default
Desano-652_i-1,,Desano,652_i,yeé̥,yeé̥,j e ɨ,,Koch1914[828],,,^ yeé̥ $,default
Yupua-652_i-1,,Yupua,652_i,yée̥,yée̥,j e ɨ,,Koch1914[828],,,^ yée̥ $,default
Yahuna-652_i-1,,Yahuna,652_i,yií,yií,j i i,,Koch1914[828],,,^ yií $,default
Koretu-652_i-1,,Koretu,652_i,yéhe̥,yéhe̥,j e h ɨ,,Koch1914[828],,,^ yéhe̥ $,default
Desano-653_you-1,,Desano,653_you,me̥é,me̥é,m ɨ e,,Koch1914[828],,,^ me̥é $,default
Yupua-653_you-1,,Yupua,653_you,mé̥e̥,mé̥e̥,m ɨ ɨ,,Koch1914[828],,,^ mé̥e̥ $,default
Yahuna-653_you-1,,Yahuna,653_you,mií,mií,m i i,,Koch1914[828],,,^ mií $,default
Koretu-653_you-1,,Koretu,653_you,mé̥he̥,mé̥he̥,m ɨ h ɨ,,Koch1914[828],,,^ mé̥he̥ $,default
Desano-653_you-2,,Desano,653_you,meé,meé,m e e,,Koch1914[828],,,^ meé $,default
Desano-654_he-1,,Desano,654_he,iṅ(g)é̥,iṅé̥,i ŋ ɨ,,Koch1914[828],,,^ iṅé̥ $,default
Yupua-654_he-1,,Yupua,654_he,íge̥,íge̥,i g ɨ,,Koch1914[828],,,^ íge̥ $,default
Yahuna-654_he-1,,Yahuna,654_he,āpiká,āpiká,a a p i k a,,Koch1914[828],,,^ āpiká $,default
Koretu-654_he-1,,Koretu,654_he,aháke̥,aháke̥,a h a k ɨ,,Koch1914[828],,,^ aháke̥ $,default
Yahuna-655_otheranother-1,,Yahuna,655_otheranother,āpiká,āpiká,a a p i k a,,Koch1914[828],,,^ āpiká $,default
Koretu-655_otheranother-1,,Koretu,655_otheranother,aháke̥,aháke̥,a h a k ɨ,,Koch1914[828],,,^ aháke̥ $,default
Desano-656_we-1,,Desano,656_we,māli,māli,m a a ɺ i,,Koch1914[828],,,^ māli $,default
Yupua-656_we-1,,Yupua,656_we,ge̥á,ge̥á,g ɨ a,,Koch1914[828],,,^ ge̥á $,default
Yahuna-656_we-1,,Yahuna,656_we,dyihá,dyihá,dʒ i h a,,Koch1914[828],,,^ dyihá $,default
Koretu-656_we-1,,Koretu,656_we,yéta,yéta,j e t a,,Koch1914[828],,,^ yéta $,default
Koretu-656_we-2,,Koretu,656_we,yé'ta,yé'ta,j e ʔ t a,,Koch1914[828],,,^ yé'ta $,default
Koretu-656_we-3,,Koretu,656_we,yé(e)ta,yéta,j e t a,,Koch1914[828],,,^ yéta $,default
Desano-657_yourplural-1,,Desano,657_yourplural,me̥á,me̥á,m ɨ a,,Koch1914[828],,,^ me̥á $,default
Yupua-657_yourplural-1,,Yupua,657_yourplural,mé̥a,mé̥a,m ɨ a,,Koch1914[828],,,^ mé̥a $,default
Yahuna-657_yourplural-1,,Yahuna,657_yourplural,mihá,mihá,m i h a,,Koch1914[828],,,^ mihá $,default
Koretu-657_yourplural-1,,Koretu,657_yourplural,mé̥ta,mé̥ta,m ɨ t a,,Koch1914[828],,,^ mé̥ta $,default
Desano-657_yourplural-2,,Desano,657_yourplural,meá,meá,m e a,,Koch1914[828],,,^ meá $,default
Desano-658_they-1,,Desano,658_they,īná,īná,i i n a,,Koch1914[828],,,^ īná $,default
Yupua-658_they-1,,Yupua,658_they,e̥dyé̥,e̥dyé̥,ɨ dʒ ɨ,,Koch1914[828],,,^ e̥dyé̥ $,default
Yahuna-658_they-1,,Yahuna,658_they,ī'ná,ī'ná,i i ʔ n a,,Koch1914[828],,,^ ī'ná $,default
Koretu-658_they-1,,Koretu,658_they,yáhaāre̥,yáhaāre̥,j a h a a a ɾ ɨ,,Koch1914[828],,,^ yáhaāre̥ $,default
Desano-659_others-1,,Desano,659_others,gaxī́na,gaxī́na,g a h i i n a,,Koch1914[828],,,^ gaxī́na $,default
Yupua-659_others-1,,Yupua,659_others,gaéi,gaéi,g a e i,,Koch1914[828],,,^ gaéi $,default
Desano-660_mybow-1,,Desano,660_mybow,yā́be̠ro buiríbe̠ro,yā́be̠ro_buiríbe̠ro,j a a b ɛ ɾ ɔ + b u i ɾ i b ɛ ɾ ɔ,,Koch1914[828],,,^ yā́be̠ro _ buiríbe̠ro $,default
Yupua-660_mybow-1,,Yupua,660_mybow,yapātua(d)yá,yapātuayá,j a p a a t u a j a,,Koch1914[828],,,^ yapātuayá $,default
Yahuna-660_mybow-1,,Yahuna,660_mybow,yite̠mupáí(e),yite̠mupáí,j i t ɛ m u p a i,,Koch1914[828],,,^ yite̠mupáí $,default
Koretu-660_mybow-1,,Koretu,660_mybow,sípatolo,sípatolo,s i p a t ɔ ɺ ɔ,,Koch1914[828],,,^ sípatolo $,default
Yupua-660_mybow-2,,Yupua,660_mybow,yapātupáhi,yapātupáhi,j a p a a t u p a h i,,Koch1914[828],,,^ yapātupáhi $,default
Desano-661_yourbow-1,,Desano,661_yourbow,mé̥yabe̠ro buiríbe̠ro,mé̥yabe̠ro_buiríbe̠ro,m ɨ j a b ɛ ɾ ɔ + b u i ɾ i b ɛ ɾ ɔ,,Koch1914[828],,,^ mé̥yabe̠ro _ buiríbe̠ro $,default
Yupua-661_yourbow-1,,Yupua,661_yourbow,mé̥e̥(d)yapātupáhi,mé̥e̥yapātupáhi,m ɨ ɨ j a p a a t u p a h i,,Koch1914[828],,,^ mé̥e̥yapātupáhi $,default
Yahuna-661_yourbow-1,,Yahuna,661_yourbow,mínikate̠mupái(e),mínikate̠mupái,m i n i k a t ɛ m u p a i,,Koch1914[828],,,^ mínikate̠mupái $,default
Koretu-661_yourbow-1,,Koretu,661_yourbow,mé̠patolo,mé̠patolo,m ɛ p a t ɔ ɺ ɔ,,Koch1914[828],,,^ mé̠patolo $,default
Yahuna-662_yourcoca-1,,Yahuna,662_yourcoca,mitaā́bika,mitaā́bika,m i t a a a b i k a,,Koch1914[828],,,^ mitaā́bika $,default
Desano-663_hisbow-1,,Desano,663_hisbow,ĩ̄ṅẽyábe̠ro buiríbe̠ro,ĩ̄ṅẽyábe̠ro_buiríbe̠ro,ĩ ĩ ŋ ẽ j a b ɛ ɾ ɔ + b u i ɾ i b ɛ ɾ ɔ,,Koch1914[828],,,^ ĩ̄ṅẽyábe̠ro _ buiríbe̠ro $,default
Yupua-663_hisbow-1,,Yupua,663_hisbow,ige̥(d)yapātupáhi,ige̥yapātupáhi,i g ɨ j a p a a t u p a h i,,Koch1914[828],,,^ ige̥yapātupáhi $,default
Yahuna-663_hisbow-1,,Yahuna,663_hisbow,apikaliká te̠muyī́liuiia,apikaliká_te̠muyī́liuiia,a p i k a ɺ i k a + t ɛ m u j i i ɺ i w i i a,,Koch1914[828],,,^ apikaliká _ te̠muyī́liuiia $,default
Koretu-663_hisbow-1,,Koretu,663_hisbow,ahaké̥patolo,ahaké̥patolo,a h a k ɨ p a t ɔ ɺ ɔ,,Koch1914[828],,,^ ahaké̥patolo $,default
Desano-664_ourhouse-1,,Desano,664_ourhouse,mālíyawii,mālíyawii,m a a ɺ i j a w i i,,Koch1914[828],,,^ mālíyawii $,default
Yupua-664_ourhouse-1,,Yupua,664_ourhouse,maí(d)yau̯e̠é̠,maíyau̯e̠é̠,m a i j a w ɛ ɛ,,Koch1914[828],,,^ maíyau̯e̠é̠ $,default
Yahuna-664_ourhouse-1,,Yahuna,664_ourhouse,yī́liuiia,yī́liuiia,j i i ɺ i w i i a,,Koch1914[828],,,^ yī́liuiia $,default
Koretu-664_ourhouse-1,,Koretu,664_ourhouse,siuī́re̥,siuī́re̥,s i w i i ɾ ɨ,,Koch1914[828],,,^ siuī́re̥ $,default
Desano-665_yourhouse-1,,Desano,665_yourhouse,me̥ā́yawii,me̥ā́yawii,m ɨ a a j a w i i,,Koch1914[828],,,^ me̥ā́yawii $,default
Yupua-665_yourhouse-1,,Yupua,665_yourhouse,mé̥ā(d)yau̯e̠é̠,mé̥āyau̯e̠é̠,m ɨ a a j a w ɛ ɛ,,Koch1914[828],,,^ mé̥āyau̯e̠é̠ $,default
Yahuna-665_yourhouse-1,,Yahuna,665_yourhouse,miháliuiia,miháliuiia,m i h a ɺ i w i i a,,Koch1914[828],,,^ miháliuiia $,default
Koretu-665_yourhouse-1,,Koretu,665_yourhouse,me̠sauī́re̥,me̠sauī́re̥,m ɛ s a w i i ɾ ɨ,,Koch1914[828],,,^ me̠sauī́re̥ $,default
Desano-666_yourhousepoliteform-1,,Desano,666_yourhousepoliteform,īnayáwii,īnayáwii,i i n a j a w i i,,Koch1914[828],,,^ īnayáwii $,default
Yupua-666_yourhousepoliteform-1,,Yupua,666_yourhousepoliteform,e̥(d)yé̥(d)yau̯e̠é̠,e̥yé̥yau̯e̠é̠,ɨ j ɨ j a w ɛ ɛ,,Koch1914[828],,,^ e̥yé̥yau̯e̠é̠ $,default
Yahuna-666_yourhousepoliteform-1,,Yahuna,666_yourhousepoliteform,nāliuiía,nāliuiía,n a a ɺ i w i i a,,Koch1914[828],,,^ nāliuiía $,default
Koretu-666_yourhousepoliteform-1,,Koretu,666_yourhousepoliteform,ne̠uī́re̥,ne̠uī́re̥,n ɛ w i i ɾ ɨ,,Koch1914[828],,,^ ne̠uī́re̥ $,default
Desano-667_large-1,,Desano,667_large,ue̥alṓgelo,ue̥alṓgelo,w ɨ a ɺ ɔ ɔ g e ɺ ɔ,,Koch1914[828],,,^ ue̥alṓgelo $,default
Yupua-667_large-1,,Yupua,667_large,paḥá(d)ya,paḥáya,p a h a j a,,Koch1914[828],,,^ paḥáya $,default
Yahuna-667_large-1,,Yahuna,667_large,ho'baká,ho'baká,h ɔ ʔ b a k a,,Koch1914[828],,,^ ho'baká $,default
Koretu-667_large-1,,Koretu,667_large,háne̠,háne̠,h a n ɛ,,Koch1914[828],,,^ háne̠ $,default
Desano-668_small-1,,Desano,668_small,ãmĩ(g)ĩ́(g)ã,ãmĩĩ́ã,ã m ĩ ĩ ã,,Koch1914[828],,,^ ãmĩĩ́ã $,default
Yupua-668_small-1,,Yupua,668_small,(t)siā́(d)ya,siā́ya,s i a a j a,,Koch1914[828],,,^ siā́ya $,default
Yahuna-668_small-1,,Yahuna,668_small,kúpai̯ka,kúpai̯ka,k u p a i k a,,Koch1914[828],,,^ kúpai̯ka $,default
Koretu-668_small-1,,Koretu,668_small,yṓhe̠,yṓhe̠,j ɔ ɔ h ɛ,,Koch1914[828],,,^ yṓhe̠ $,default
Yupua-668_small-2,,Yupua,668_small,siā́(d)ya,siā́ya,s i a a j a,,Koch1914[828],,,^ siā́ya $,default
Desano-669_high-1,,Desano,669_high,e̥mã(g)ẽ́gero,e̥mãẽ́gero,ɨ m ã ẽ g e ɾ ɔ,,Koch1914[828],,,^ e̥mãẽ́gero $,default
Desano-670_deep-1,,Desano,670_deep,ekā́noke̠,ekā́noke̠,e k a a n ɔ k ɛ,,Koch1914[828],,,^ ekā́noke̠ $,default
Desano-671_long-1,,Desano,671_long,yuā́loge̠,yuā́loge̠,j u a a ɺ ɔ g ɛ,,Koch1914[828],,,^ yuā́loge̠ $,default
Yupua-671_long-1,,Yupua,671_long,yoā(d)yá,yoāyá,j ɔ a a j a,,Koch1914[828],,,^ yoāyá $,default
Yahuna-671_long-1,,Yahuna,671_long,yóaka,yóaka,j ɔ a k a,,Koch1914[828],,,^ yóaka $,default
Koretu-671_long-1,,Koretu,671_long,yó(o)e̠,yóe̠,j ɔ ɛ,,Koch1914[828],,,^ yóe̠ $,default
Desano-672_short-1,,Desano,672_short,yoā́be̠a,yoā́be̠a,j ɔ a a b ɛ a,,Koch1914[828],,,^ yoā́be̠a $,default
Yupua-672_short-1,,Yupua,672_short,ye̠é̠ua,ye̠é̠ua,j ɛ ɛ w a,,Koch1914[828],,,^ ye̠é̠ua $,default
Koretu-672_short-1,,Koretu,672_short,kū́ne̠,kū́ne̠,k u u n ɛ,,Koch1914[828],,,^ kū́ne̠ $,default
Desano-673_wide-1,,Desano,673_wide,ē̠(e)yā́lo,ē̠yā́lo,ɛ ɛ j a a ɺ ɔ,,Koch1914[828],,,^ ē̠yā́lo $,default
Yupua-673_wide-1,,Yupua,673_wide,paḥá(d)ya,paḥáya,p a h a j a,,Koch1914[828],,,^ paḥáya $,default
Koretu-673_wide-1,,Koretu,673_wide,hā́naia,hā́naia,h a a n a j a,,Koch1914[828],,,^ hā́naia $,default
Koretu-673_wide-2,,Koretu,673_wide,hā́naya,hā́naya,h a a n a j a,,Koch1914[828],,,^ hā́naya $,default
Desano-674_fatobese-2,,Desano,674_fatobese,ue̥agé̥gero,ue̥agé̥gero,w ɨ a g ɨ g e ɾ ɔ,,Koch1914[828],,,^ ue̥agé̥gero $,default
Yupua-674_fatobese-2,,Yupua,674_fatobese,yauí,yauí,j a w i,,Koch1914[828],,,^ yauí $,default
Yahuna-674_fatobese-1,,Yahuna,674_fatobese,úkirika,úkirika,u k i ɾ i k a,,Koch1914[828],,,^ úkirika $,default
Koretu-674_fatobese-1,,Koretu,674_fatobese,he̥yḗ̠ke̥ke̥,he̥yḗ̠ke̥ke̥,h ɨ j ɛ ɛ k ɨ k ɨ,,Koch1914[828],,,^ he̥yḗ̠ke̥ke̥ $,default
Koretu-674_fatobese-2,,Koretu,674_fatobese,he̥iḗ̠ke̥ke̥,he̥iḗ̠ke̥ke̥,h ɨ j ɛ ɛ k ɨ k ɨ,,Koch1914[828],,,^ he̥iḗ̠ke̥ke̥ $,default
Desano-675_thinslim-1,,Desano,675_thinslim,gāgúāmi,gāgúāmi,g a a g u a a m i,,Koch1914[828],,,^ gāgúāmi $,default
Yupua-675_thinslim-1,,Yupua,675_thinslim,diimé̥,diimé̥,d i i m ɨ,,Koch1914[828],,,^ diimé̥ $,default
Desano-676_heavy-1,,Desano,676_heavy,ne̥xké̥lika,ne̥xké̥lika,n ɨ h k ɨ ɺ i k a,,Koch1914[828],,,^ ne̥xké̥lika $,default
Yahuna-676_heavy-1,,Yahuna,676_heavy,ni'kía,ni'kía,n i ʔ k i a,,Koch1914[828],,,^ ni'kía $,default
Desano-677_lightweight-1,,Desano,677_lightweight,kālaue̯lī́na,kālaue̯lī́na,k a a ɺ a w e ɺ i i n a,,Koch1914[828],,,^ kālaue̯lī́na $,default
Yahuna-677_lightweight-1,,Yahuna,677_lightweight,kóalime̠e̠be̠,kóalime̠e̠be̠,k ɔ a ɺ i m ɛ ɛ b ɛ,,Koch1914[828],,,^ kóalime̠e̠be̠ $,default
Desano-677_lightweight-2,,Desano,677_lightweight,kānaue̯lī́na,kānaue̯lī́na,k a a n a w e ɺ i i n a,,Koch1914[828],,,^ kānaue̯lī́na $,default
Desano-678_cold-1,,Desano,678_cold,yex̯sā́nika,yex̯sā́nika,j e h s a a n i k a,,Koch1914[828],,,^ yex̯sā́nika $,default
Yupua-678_cold-1,,Yupua,678_cold,(t)se̥x̯(t)sé̥,se̥x̯sé̥,s ɨ h s ɨ,,Koch1914[828],,,^ se̥x̯sé̥ $,default
Yahuna-678_cold-1,,Yahuna,678_cold,híhia,híhia,h i h i a,,Koch1914[828],,,^ híhia $,default
Koretu-678_cold-1,,Koretu,678_cold,táe̥ne̠,táe̥ne̠,t a ɨ n ɛ,,Koch1914[828],,,^ táe̥ne̠ $,default
Yupua-678_cold-2,,Yupua,678_cold,se̥x̯sé̥,se̥x̯sé̥,s ɨ h s ɨ,,Koch1914[828],,,^ se̥x̯sé̥ $,default
Yupua-678_cold-3,,Yupua,678_cold,(t)six̯(t)sí,six̯sí,s i h s i,,Koch1914[828],,,^ six̯sí $,default
Yupua-679_verycold-1,,Yupua,679_verycold,(t)six̯(t)síama,six̯síama,s i h s i a m a,,Koch1914[828],,,^ six̯síama $,default
Yupua-679_verycold-2,,Yupua,679_verycold,(t)se̥x̯(t)sé̥ama,se̥x̯sé̥ama,s ɨ h s ɨ a m a,,Koch1914[828],,,^ se̥x̯sé̥ama $,default
Desano-680_warm-1,,Desano,680_warm,axtsī́nika,axtsī́nika,a h ts i i n i k a,,Koch1914[828],,,^ axtsī́nika $,default
Yupua-680_warm-1,,Yupua,680_warm,ax(t)síama,axsíama,a h s i a m a,,Koch1914[828],,,^ axsíama $,default
Yahuna-680_warm-1,,Yahuna,680_warm,ihía,ihía,i h i a,,Koch1914[828],,,^ ihía $,default
Koretu-680_warm-1,,Koretu,680_warm,hḗ̠kiaki,hḗ̠kiaki,h ɛ ɛ k i a k i,,Koch1914[828],,,^ hḗ̠kiaki $,default
Desano-681_dry-1,,Desano,681_dry,boxhoáa,boxhoáa,b ɔ h ɔ a a,,Koch1914[828],,,^ boxhoáa $,default
Yupua-681_dry-1,,Yupua,681_dry,póoma,póoma,p ɔ ɔ m a,,Koch1914[828],,,^ póoma $,default
Yahuna-681_dry-1,,Yahuna,681_dry,pōpóa,pōpóa,p ɔ ɔ p ɔ a,,Koch1914[828],,,^ pōpóa $,default
Koretu-681_dry-1,,Koretu,681_dry,oálōre̠,oálōre̠,ɔ a ɺ ɔ ɔ ɾ ɛ,,Koch1914[828],,,^ oálōre̠ $,default
Desano-682_wet-1,,Desano,682_wet,dexkópakana,dexkópakana,d e h k ɔ p a k a n a,,Koch1914[828],,,^ dexkópakana $,default
Yahuna-682_wet-1,,Yahuna,682_wet,uiíaka,uiíaka,w i i a k a,,Koch1914[828],,,^ uiíaka $,default
Desano-683_rotten-1,,Desano,683_rotten,boā́ya,boā́ya,b ɔ a a j a,,Koch1914[828],,,^ boā́ya $,default
Yahuna-683_rotten-1,,Yahuna,683_rotten,lā́baika,lā́baika,ɺ a a b a i k a,,Koch1914[828],,,^ lā́baika $,default
Desano-683_rotten-2,,Desano,683_rotten,pīrī́na,pīrī́na,p i i ɾ i i n a,,Koch1914[828],,,^ pīrī́na $,default
Yahuna-683_rotten-2,,Yahuna,683_rotten,dā́baika,dā́baika,d a a b a i k a,,Koch1914[828],,,^ dā́baika $,default
Desano-684_sick-1,,Desano,684_sick,dōlekéyanima,dōlekéyanima,d ɔ ɔ ɺ e k e j a n i m a,,Koch1914[828],,,^ dōlekéyanima $,default
Yupua-684_sick-1,,Yupua,684_sick,tū́dye̥,tū́dye̥,t u u dʒ ɨ,,Koch1914[828],,,^ tū́dye̥ $,default
Yahuna-684_sick-1,,Yahuna,684_sick,hī́niu̯,hī́niu̯,h i i n i u,,Koch1914[828],,,^ hī́niu̯ $,default
Koretu-684_sick-1,,Koretu,684_sick,ikū́lii,ikū́lii,i k u u ɺ i i,,Koch1914[828],,,^ ikū́lii $,default
Yupua-684_sick-2,,Yupua,684_sick,be̥katū́dye̥,be̥katū́dye̥,b ɨ k a t u u dʒ ɨ,,Koch1914[828],,,^ be̥katū́dye̥ $,default
Yupua-684_sick-3,,Yupua,684_sick,be̥(x)katū́dy(i),be̥katū́dy,b ɨ k a t u u dʒ i,,Koch1914[828],,,^ be̥katū́dy $,default
Desano-685_dead-1,,Desano,685_dead,tsīniā́mi,tsīniā́mi,ts i i n i a a m i,,Koch1914[828],,,^ tsīniā́mi $,default
Yupua-685_dead-1,,Yupua,685_dead,ne̥mé̥dīka,ne̥mé̥dīka,n ɨ m ɨ d i i k a,,Koch1914[828],,,^ ne̥mé̥dīka $,default
Yahuna-685_dead-1,,Yahuna,685_dead,kirḗ̠(d)ya(d)yi,kirḗ̠yayi,k i ɾ ɛ ɛ j a j i,,Koch1914[828],,,^ kirḗ̠yayi $,default
Koretu-685_dead-1,,Koretu,685_dead,ké̥lisi,ké̥lisi,k ɨ ɺ i s i,,Koch1914[828],,,^ ké̥lisi $,default
Desano-686_hard-1,,Desano,686_hard,be̥lípu̠nīka,be̥lípu̠nīka,b ɨ ɺ i p ʊ n i i k a,,Koch1914[828],,,^ be̥lípu̠nīka $,default
Yupua-686_hard-1,,Yupua,686_hard,bé̥(x)ka,bé̥ka,b ɨ k a,,Koch1914[828],,,^ bé̥ka $,default
Desano-687_soft-1,,Desano,687_soft,nīnī́na,nīnī́na,n i i n i i n a,,Koch1914[828],,,^ nīnī́na $,default
Yupua-687_soft-1,,Yupua,687_soft,pīliá,pīliá,p i i ɺ i a,,Koch1914[828],,,^ pīliá $,default
Desano-688_pregnant-1,,Desano,688_pregnant,n(e)hī́po,nhī́po,n h i i p ɔ,,Koch1914[828],,,^ nhī́po $,default
Desano-689_good-1,,Desano,689_good,oā́pu̠nīka,oā́pu̠nīka,ɔ a a p ʊ n i i k a,,Koch1914[828],,,^ oā́pu̠nīka $,default
Yupua-689_good-1,,Yupua,689_good,ṓa,ṓa,ɔ ɔ a,,Koch1914[828],,,^ ṓa $,default
Yahuna-689_good-1,,Yahuna,689_good,hiá,hiá,h i a,,Koch1914[828],,,^ hiá $,default
Koretu-689_good-1,,Koretu,689_good,híāḥe̠,híāḥe̠,h i a a h ɛ,,Koch1914[828],,,^ híāḥe̠ $,default
Desano-689_good-2,,Desano,689_good,oā́pu̠līka,oā́pu̠līka,ɔ a a p ʊ ɺ i i k a,,Koch1914[828],,,^ oā́pu̠līka $,default
Yupua-690_beautiful-1,,Yupua,690_beautiful,ṓa,ṓa,ɔ ɔ a,,Koch1914[828],,,^ ṓa $,default
Koretu-690_beautiful-1,,Koretu,690_beautiful,yā́he̠,yā́he̠,j a a h ɛ,,Koch1914[828],,,^ yā́he̠ $,default
Desano-691_bad-1,,Desano,691_bad,yē̠pu̠nī́ka,yē̠pu̠nī́ka,j ɛ ɛ p ʊ n i i k a,,Koch1914[828],,,^ yē̠pu̠nī́ka $,default
Yupua-691_bad-1,,Yupua,691_bad,ue̥(e̥)lí,ue̥lí,w ɨ ɺ i,,Koch1914[828],,,^ ue̥lí $,default
Yahuna-691_bad-1,,Yahuna,691_bad,ī́nehīt(š)ia,ī́nehītia,i i n e h i i t i a,,Koch1914[828],,,^ ī́nehītia $,default
Koretu-691_bad-1,,Koretu,691_bad,lā́roe̠,lā́roe̠,ɺ a a ɾ ɔ ɛ,,Koch1914[828],,,^ lā́roe̠ $,default
Desano-691_bad-2,,Desano,691_bad,yē̠pu̠lī́ka,yē̠pu̠lī́ka,j ɛ ɛ p ʊ ɺ i i k a,,Koch1914[828],,,^ yē̠pu̠lī́ka $,default
Desano-692_brave-1,,Desano,692_brave,tulapu̠nī́ka,tulapu̠nī́ka,t u ɺ a p ʊ n i i k a,,Koch1914[828],,,^ tulapu̠nī́ka $,default
Desano-692_brave-2,,Desano,692_brave,tulapu̠lī́ka,tulapu̠lī́ka,t u ɺ a p ʊ ɺ i i k a,,Koch1914[828],,,^ tulapu̠lī́ka $,default
Desano-693_cowardly-1,,Desano,693_cowardly,buxtā́nima,buxtā́nima,b u h t a a n i m a,,Koch1914[828],,,^ buxtā́nima $,default
Yahuna-693_cowardly-1,,Yahuna,693_cowardly,oā́malimakíaka,oā́malimakíaka,w a a a ɺ i m a k i a k a,,Koch1914[828],,,^ oā́malimakíaka $,default
Desano-693_cowardly-2,,Desano,693_cowardly,buxtā́lima,buxtā́lima,b u h t a a ɺ i m a,,Koch1914[828],,,^ buxtā́lima $,default
Desano-694_white-1,,Desano,694_white,bōlé̠riye̠,bōlé̠riye̠,b ɔ ɔ ɺ ɛ ɾ i j ɛ,,Koch1914[829],,,^ bōlé̠riye̠ $,default
Yupua-694_white-1,,Yupua,694_white,bṓle̠,bṓle̠,b ɔ ɔ ɺ ɛ,,Koch1914[829],,,^ bṓle̠ $,default
Yahuna-694_white-1,,Yahuna,694_white,bóya,bóya,b ɔ j a,,Koch1914[829],,,^ bóya $,default
Koretu-694_white-1,,Koretu,694_white,pṓle̠,pṓle̠,p ɔ ɔ ɺ ɛ,,Koch1914[829],,,^ pṓle̠ $,default
Yahuna-694_white-2,,Yahuna,694_white,bóiya,bóiya,b ɔ i j a,,Koch1914[829],,,^ bóiya $,default
Koretu-694_white-2,,Koretu,694_white,pó(o)le̠,póle̠,p ɔ ɺ ɛ,,Koch1914[829],,,^ póle̠ $,default
Desano-695_black-1,,Desano,695_black,nyī́nimi,nyī́nimi,ɲ i i n i m i,,Koch1914[829],,,^ nyī́nimi $,default
Yupua-695_black-1,,Yupua,695_black,(n)yī́(d)ya,yī́ya,j i i j a,,Koch1914[829],,,^ yī́ya $,default
Yahuna-695_black-1,,Yahuna,695_black,né̠ya,né̠ya,n ɛ j a,,Koch1914[829],,,^ né̠ya $,default
Koretu-695_black-1,,Koretu,695_black,tó(o)pile̠,tópile̠,t ɔ p i ɺ ɛ,,Koch1914[829],,,^ tópile̠ $,default
Yupua-695_black-2,,Yupua,695_black,(n)yī́,yī́,j i i,,Koch1914[829],,,^ yī́ $,default
Yahuna-695_black-2,,Yahuna,695_black,né̠iya,né̠iya,n ɛ i j a,,Koch1914[829],,,^ né̠iya $,default
Desano-696_dirty-1,,Desano,696_dirty,ge̥láli,ge̥láli,g ɨ ɺ a ɺ i,,Koch1914[829],,,^ ge̥láli $,default
Yupua-696_dirty-1,,Yupua,696_dirty,u(e)hḗ̠ge̥(d)yée̥,uhḗ̠ge̥yée̥,u h ɛ ɛ g ɨ j e ɨ,,Koch1914[829],,,^ uhḗ̠ge̥yée̥ $,default
Yahuna-696_dirty-1,,Yahuna,696_dirty,tā́lie̠ka,tā́lie̠ka,t a a ɺ i ɛ k a,,Koch1914[829],,,^ tā́lie̠ka $,default
Koretu-696_dirty-1,,Koretu,696_dirty,loké̥kie̥,loké̥kie̥,ɺ ɔ k ɨ k i ɨ,,Koch1914[829],,,^ loké̥kie̥ $,default
Yupua-696_dirty-2,,Yupua,696_dirty,u(e)hḗ̠ge̥dye̥,uhḗ̠ge̥dye̥,u h ɛ ɛ g ɨ dʒ ɨ,,Koch1914[829],,,^ uhḗ̠ge̥dye̥ $,default
Yupua-697_dark-1,,Yupua,697_dark,be̥xkániama,be̥xkániama,b ɨ h k a n i a m a,,Koch1914[829],,,^ be̥xkániama $,default
Desano-698_red-1,,Desano,698_red,dialiye̠,dialiye̠,d i a ɺ i j ɛ,,Koch1914[829],,,^ dialiye̠ $,default
Yupua-698_red-1,,Yupua,698_red,díau̯a,díau̯a,d i a w a,,Koch1914[829],,,^ díau̯a $,default
Yahuna-698_red-1,,Yahuna,698_red,hoāká,hoāká,h ɔ a a k a,,Koch1914[829],,,^ hoāká $,default
Koretu-698_red-1,,Koretu,698_red,síōle̠,síōle̠,s i ɔ ɔ ɺ ɛ,,Koch1914[829],,,^ síōle̠ $,default
Yahuna-698_red-2,,Yahuna,698_red,hoagá,hoagá,h ɔ a g a,,Koch1914[829],,,^ hoagá $,default
Desano-699_blue-1,,Desano,699_blue,ya(a)tsā́li,yatsā́li,j a ts a a ɺ i,,Koch1914[829],,,^ yatsā́li $,default
Yupua-699_blue-1,,Yupua,699_blue,tsé̥me̥oa,tsé̥me̥oa,ts ɨ m ɨ ɔ a,,Koch1914[829],,,^ tsé̥me̥oa $,default
Yahuna-699_blue-1,,Yahuna,699_blue,hi(i)míane̠í,himíane̠í,h i m i a n ɛ i,,Koch1914[829],,,^ himíane̠í $,default
Koretu-699_blue-1,,Koretu,699_blue,te̥mé̥ne̠,te̥mé̥ne̠,t ɨ m ɨ n ɛ,,Koch1914[829],,,^ te̥mé̥ne̠ $,default
Desano-699_blue-2,,Desano,699_blue,ya(a)tsā́liye̠,yatsā́liye̠,j a ts a a ɺ i j ɛ,,Koch1914[829],,,^ yatsā́liye̠ $,default
Yahuna-699_blue-2,,Yahuna,699_blue,hī'mía,hī'mía,h i i ʔ m i a,,Koch1914[829],,,^ hī'mía $,default
Desano-700_green-1,,Desano,700_green,ya(a)tsā́liye̠,yatsā́liye̠,j a ts a a ɺ i j ɛ,,Koch1914[829],,,^ yatsā́liye̠ $,default
Yupua-700_green-1,,Yupua,700_green,tsé̥me̥oa,tsé̥me̥oa,ts ɨ m ɨ ɔ a,,Koch1914[829],,,^ tsé̥me̥oa $,default
Yahuna-700_green-1,,Yahuna,700_green,hīmitáka,hīmitáka,h i i m i t a k a,,Koch1914[829],,,^ hīmitáka $,default
Koretu-700_green-1,,Koretu,700_green,te̥me̥né̠la,te̥me̥né̠la,t ɨ m ɨ n ɛ ɺ a,,Koch1914[829],,,^ te̥me̥né̠la $,default
Yahuna-700_green-2,,Yahuna,700_green,hādyúa,hādyúa,h a a dʒ u a,,Koch1914[829],,,^ hādyúa $,default
Desano-701_yellow-1,,Desano,701_yellow,bōlé̠,bōlé̠,b ɔ ɔ ɺ ɛ,,Koch1914[829],,,^ bōlé̠ $,default
Yupua-701_yellow-1,,Yupua,701_yellow,ḗ̠bo,ḗ̠bo,ɛ ɛ b ɔ,,Koch1914[829],,,^ ḗ̠bo $,default
Yahuna-701_yellow-1,,Yahuna,701_yellow,hūt(š)ipo(o)báka,hūtipobáka,h u u t i p ɔ b a k a,,Koch1914[829],,,^ hūtipobáka $,default
Koretu-701_yellow-1,,Koretu,701_yellow,hé̠oaki,hé̠oaki,h ɛ ɔ a k i,,Koch1914[829],,,^ hé̠oaki $,default
Yahuna-701_yellow-2,,Yahuna,701_yellow,bóya,bóya,b ɔ j a,,Koch1914[829],,,^ bóya $,default
Desano-702_yesterday-1,,Desano,702_yesterday,dahābé̥loge̠,dahābé̥loge̠,d a h a a b ɨ ɺ ɔ g ɛ,,Koch1914[829],,,^ dahābé̥loge̠ $,default
Yupua-702_yesterday-1,,Yupua,702_yesterday,kálu,kálu,k a ɺ u,,Koch1914[829],,,^ kálu $,default
Yahuna-702_yesterday-1,,Yahuna,702_yesterday,naṓka,naṓka,n a ɔ ɔ k a,,Koch1914[829],,,^ naṓka $,default
Koretu-702_yesterday-1,,Koretu,702_yesterday,le̠líkoḥe̠,le̠líkoḥe̠,ɺ ɛ ɺ i k ɔ h ɛ,,Koch1914[829],,,^ le̠líkoḥe̠ $,default
Yupua-702_yesterday-2,,Yupua,702_yesterday,káru,káru,k a ɾ u,,Koch1914[829],,,^ káru $,default
Desano-129_morning-2,,Desano,129_morning,(n)yamĩ́(g)ã,yamĩ́ã,j a m ĩ ã,,Koch1914[829],,,^ yamĩ́ã $,default
Yupua-129_morning-3,,Yupua,129_morning,yā́la,yā́la,j a a ɺ a,,Koch1914[829],,,^ yā́la $,default
Yahuna-129_morning-3,,Yahuna,129_morning,uáiroka,uáiroka,w a i ɾ ɔ k a,,Koch1914[829],,,^ uáiroka $,default
Koretu-129_morning-2,,Koretu,129_morning,yā́mikia,yā́mikia,j a a m i k i a,,Koch1914[829],,,^ yā́mikia $,default
Yupua-129_morning-4,,Yupua,129_morning,ya(a)lá,yalá,j a ɺ a,,Koch1914[829],,,^ yalá $,default
Desano-703_today-1,,Desano,703_today,do(e)pã́(g)ã,dopã́ã,d ɔ p ã ã,,Koch1914[829],,,^ dopã́ã $,default
Yupua-703_today-1,,Yupua,703_today,ī́ne̥,ī́ne̥,i i n ɨ,,Koch1914[829],,,^ ī́ne̥ $,default
Yahuna-703_today-1,,Yahuna,703_today,īnimí,īnimí,i i n i m i,,Koch1914[829],,,^ īnimí $,default
Koretu-703_today-1,,Koretu,703_today,íne̥me̥,íne̥me̥,i n ɨ m ɨ,,Koch1914[829],,,^ íne̥me̥ $,default
Desano-703_today-2,,Desano,703_today,do'pã́(g)ã,do'pã́ã,d ɔ ʔ p ã ã,,Koch1914[829],,,^ do'pã́ã $,default
Desano-704_now-1,,Desano,704_now,dopakēyã́(g)ã,dopakēyã́ã,d ɔ p a k e e j ã ã,,Koch1914[829],,,^ dopakēyã́ã $,default
Desano-705_immediately-1,,Desano,705_immediately,dopágola,dopágola,d ɔ p a g ɔ ɺ a,,Koch1914[829],,,^ dopágola $,default
Desano-706_day24hours-1,,Desano,706_day24hours,dahābé̥lokole̠ge̠,dahābé̥lokole̠ge̠,d a h a a b ɨ ɺ ɔ k ɔ ɺ ɛ g ɛ,,Koch1914[829],,,^ dahābé̥lokole̠ge̠ $,default
Desano-707_right-1,,Desano,707_right,diáye̠,diáye̠,d i a j ɛ,,Koch1914[829],,,^ diáye̠ $,default
Yupua-707_right-1,,Yupua,707_right,oe̠ní,oe̠ní,ɔ ɛ n i,,Koch1914[829],,,^ oe̠ní $,default
Yahuna-707_right-1,,Yahuna,707_right,lí(x̯)tape̠nata,lítape̠nata,ɺ i t a p ɛ n a t a,,Koch1914[829],,,^ lítape̠nata $,default
Koretu-707_right-1,,Koretu,707_right,heḥā́re̥āre̥,heḥā́re̥āre̥,h e h a a ɾ ɨ a a ɾ ɨ,,Koch1914[829],,,^ heḥā́re̥āre̥ $,default
Desano-707_right-2,,Desano,707_right,díaye̠,díaye̠,d i a j ɛ,,Koch1914[829],,,^ díaye̠ $,default
Yahuna-707_right-2,,Yahuna,707_right,dí(x̯)tape̠nata,dítape̠nata,d i t a p ɛ n a t a,,Koch1914[829],,,^ dítape̠nata $,default
Koretu-707_right-2,,Koretu,707_right,ḥe̥ḥā́r(e̥)āre̥,ḥe̥ḥā́rāre̥,h ɨ h a a ɾ a a ɾ ɨ,,Koch1914[829],,,^ ḥe̥ḥā́rāre̥ $,default
Desano-708_left-1,,Desano,708_left,kopé̥,kopé̥,k ɔ p ɨ,,Koch1914[829],,,^ kopé̥ $,default
Yupua-708_left-1,,Yupua,708_left,gaxkoaní,gaxkoaní,g a h k ɔ a n i,,Koch1914[829],,,^ gaxkoaní $,default
Yahuna-708_left-1,,Yahuna,708_left,kā́kope̠na,kā́kope̠na,k a a k ɔ p ɛ n a,,Koch1914[829],,,^ kā́kope̠na $,default
Koretu-708_left-1,,Koretu,708_left,kiakṓre̥āre̥,kiakṓre̥āre̥,k i a k ɔ ɔ ɾ ɨ a a ɾ ɨ,,Koch1914[829],,,^ kiakṓre̥āre̥ $,default
Koretu-708_left-2,,Koretu,708_left,kiakṓr(e̥)āre̥,kiakṓrāre̥,k i a k ɔ ɔ ɾ a a ɾ ɨ,,Koch1914[829],,,^ kiakṓrāre̥ $,default
Desano-709_here-1,,Desano,709_here,íye̠,íye̠,i j ɛ,,Koch1914[829],,,^ íye̠ $,default
Yupua-709_here-1,,Yupua,709_here,ā́ge̥,ā́ge̥,a a g ɨ,,Koch1914[829],,,^ ā́ge̥ $,default
Yahuna-709_here-1,,Yahuna,709_here,oó,oó,ɔ ɔ,,Koch1914[829],,,^ oó $,default
Koretu-709_here-1,,Koretu,709_here,hóhona,hóhona,h ɔ h ɔ n a,,Koch1914[829],,,^ hóhona $,default
Desano-710_near-1,,Desano,710_near,yḗpolo,yḗpolo,j e e p ɔ ɺ ɔ,,Koch1914[829],,,^ yḗpolo $,default
Yupua-710_near-1,,Yupua,710_near,yoamaí,yoamaí,j ɔ a m a i,,Koch1914[829],,,^ yoamaí $,default
Yahuna-710_near-1,,Yahuna,710_near,yoé̠mata̠óihi,yoé̠mata̠óihi,j ɔ ɛ m a t ɑ ɔ i h i,,Koch1914[829],,,^ yoé̠mata̠óihi $,default
Koretu-710_near-1,,Koretu,710_near,tṓkie̥āne̥,tṓkie̥āne̥,t ɔ ɔ k i ɨ a a n ɨ,,Koch1914[829],,,^ tṓkie̥āne̥ $,default
Desano-710_near-2,,Desano,710_near,yḗporo,yḗporo,j e e p ɔ ɾ ɔ,,Koch1914[829],,,^ yḗporo $,default
Koretu-710_near-2,,Koretu,710_near,tṓki(e̥)āne̥,tṓkiāne̥,t ɔ ɔ k i a a n ɨ,,Koch1914[829],,,^ tṓkiāne̥ $,default
Desano-711_there-1,,Desano,711_there,tsōgé̠,tsōgé̠,ts ɔ ɔ g ɛ,,Koch1914[829],,,^ tsōgé̠ $,default
Yupua-711_there-1,,Yupua,711_there,lá(a),lá,ɺ a,,Koch1914[829],,,^ lá $,default
Yahuna-711_there-1,,Yahuna,711_there,itóna,itóna,i t ɔ n a,,Koch1914[829],,,^ itóna $,default
Koretu-711_there-1,,Koretu,711_there,tṓhone̠,tṓhone̠,t ɔ ɔ h ɔ n ɛ,,Koch1914[829],,,^ tṓhone̠ $,default
Desano-712_far-1,,Desano,712_far,yō'ā́loge̠,yō'ā́loge̠,j ɔ ɔ ʔ a a ɺ ɔ g ɛ,,Koch1914[829],,,^ yō'ā́loge̠ $,default
Yupua-712_far-1,,Yupua,712_far,yoa'má,yoa'má,j ɔ a ʔ m a,,Koch1914[829],,,^ yoa'má $,default
Yahuna-712_far-1,,Yahuna,712_far,yṓ'e̠,yṓ'e̠,j ɔ ɔ ʔ ɛ,,Koch1914[829],,,^ yṓ'e̠ $,default
Koretu-712_far-1,,Koretu,712_far,yóe̠na,yóe̠na,j ɔ ɛ n a,,Koch1914[829],,,^ yóe̠na $,default
Desano-713_thereoverthere-1,,Desano,713_thereoverthere,ṓge,ṓge,ɔ ɔ g e,,Koch1914[829],,,^ ṓge $,default
Desano-714_infrontofthehouse-1,,Desano,714_infrontofthehouse,mā́kela hógoro,mā́kela_hógoro,m a a k e ɺ a + h ɔ g ɔ ɾ ɔ,,Koch1914[829],,,^ mā́kela _ hógoro $,default
Desano-714_infrontofthehouse-2,,Desano,714_infrontofthehouse,mā́kena hógoro,mā́kena_hógoro,m a a k e n a + h ɔ g ɔ ɾ ɔ,,Koch1914[829],,,^ mā́kena _ hógoro $,default
Desano-715_behindthehouse-1,,Desano,715_behindthehouse,wiipé̥le̥pe̥,wiipé̥le̥pe̥,w i i p ɨ ɺ ɨ p ɨ,,Koch1914[829],,,^ wiipé̥le̥pe̥ $,default
Desano-716_overonthehouse-1,,Desano,716_overonthehouse,wiī́ue̯x̯ka,wiī́ue̯x̯ka,w i i i w e h k a,,Koch1914[829],,,^ wiī́ue̯x̯ka $,default
Desano-717_onthetree-1,,Desano,717_onthetree,yuxké̥ue̯x̯ka,yuxké̥ue̯x̯ka,j u h k ɨ w e h k a,,Koch1914[829],,,^ yuxké̥ue̯x̯ka $,default
Desano-718_underthehouse-1,,Desano,718_underthehouse,wiipoe̠káke̠,wiipoe̠káke̠,w i i p ɔ ɛ k a k ɛ,,Koch1914[829],,,^ wiipoe̠káke̠ $,default
Desano-719_inthehouseinsidethehouse-1,,Desano,719_inthehouseinsidethehouse,wiikaluxkáke̠,wiikaluxkáke̠,w i i k a ɺ u h k a k ɛ,,Koch1914[829],,,^ wiikaluxkáke̠ $,default
Yupua-720_yes-1,,Yupua,720_yes,háe̥,háe̥,h a ɨ,,Koch1914[829],,,^ háe̥ $,default
Yahuna-720_yes-1,,Yahuna,720_yes,hḗ,hḗ,h e e,,Koch1914[829],,,^ hḗ $,default
Koretu-720_yes-1,,Koretu,720_yes,hehḗ,hehḗ,h e h e e,,Koch1914[829],,,^ hehḗ $,default
Desano-720_yes-1,,Desano,720_yes,ā́e̥,ā́e̥,a a ɨ,,Koch1914[829],,,^ ā́e̥ $,default
Yahuna-720_yes-2,,Yahuna,720_yes,háu,háu,h a u,,Koch1914[829],,,^ háu $,default
Desano-721_no-1,,Desano,721_no,mā́la(a),mā́la,m a a ɺ a,,Koch1914[829],,,^ mā́la $,default
Yupua-721_no-1,,Yupua,721_no,iamaí,iamaí,j a m a i,,Koch1914[829],,,^ iamaí $,default
Yahuna-721_no-1,,Yahuna,721_no,he̠noó hé̠no,he̠noó_hé̠no,h ɛ n ɔ ɔ + h ɛ n ɔ,,Koch1914[829],,,^ he̠noó _ hé̠no $,default
Koretu-721_no-1,,Koretu,721_no,nī́re̥,nī́re̥,n i i ɾ ɨ,,Koch1914[829],,,^ nī́re̥ $,default
Desano-721_no-2,,Desano,721_no,mā́ra(a),mā́ra,m a a ɾ a,,Koch1914[829],,,^ mā́ra $,default
Desano-721_no-3,,Desano,721_no,mālianáa,mālianáa,m a a ɺ i a n a a,,Koch1914[829],,,^ mālianáa $,default
Desano-722_breathe-1,,Desano,722_breathe,tsioaíni,tsioaíni,ts i ɔ a i n i,,Koch1914[829],,,^ tsioaíni $,default
Yupua-722_breathe-1,,Yupua,722_breathe,yee̥t(š)ī́niyo,yee̥tī́niyo,j e ɨ t i i n i j ɔ,,Koch1914[829],,,^ yee̥tī́niyo $,default
Yahuna-722_breathe-1,,Yahuna,722_breathe,(d)yidiatá(d)yu,yidiatáyu,j i d i a t a j u,,Koch1914[829],,,^ yidiatáyu $,default
Koretu-722_breathe-1,,Koretu,722_breathe,iateanié̠l,iateanié̠l,j a t e a n i ɛ ɺ,,Koch1914[829],,,^ iateanié̠l $,default
Yahuna-722_breathe-2,,Yahuna,722_breathe,(d)yidiatá(d)ye̥,yidiatáye̥,j i d i a t a j ɨ,,Koch1914[829],,,^ yidiatáye̥ $,default
Desano-723_standup-1,,Desano,723_standup,nī(g)iní,nīiní,n i i i n i,,Koch1914[829],,,^ nīiní $,default
Desano-724_bathe-1,,Desano,724_bathe,īnaguanā́ni,īnaguanā́ni,i i n a g u a n a a n i,,Koch1914[829],,,^ īnaguanā́ni $,default
Yupua-724_bathe-1,,Yupua,724_bathe,guá(t)(š)iu̯,guáiu̯,g u a j u,,Koch1914[829],,,^ guáiu̯ $,default
Yahuna-724_bathe-1,,Yahuna,724_bathe,mū́(d)yāli,mū́yāli,m u u j a a ɺ i,,Koch1914[829],,,^ mū́yāli $,default
Koretu-724_bathe-1,,Koretu,724_bathe,okiá,okiá,ɔ k i a,,Koch1914[829],,,^ okiá $,default
Desano-724_bathe-2,,Desano,724_bathe,uanā́ni,uanā́ni,w a n a a n i,,Koch1914[829],,,^ uanā́ni $,default
Desano-725_havesex-1,,Desano,725_havesex,ina(d)yḗ̠ná,inayḗ̠ná,i n a j ɛ ɛ n a,,Koch1914[830],,,^ inayḗ̠ná $,default
Yupua-725_havesex-1,,Yupua,725_havesex,yee̥tsíe̠i̯,yee̥tsíe̠i̯,j e ɨ ts i ɛ i,,Koch1914[830],,,^ yee̥tsíe̠i̯ $,default
Yahuna-725_havesex-1,,Yahuna,725_havesex,mambuālí,mambuālí,m a m b u a a ɺ i,,Koch1914[830],,,^ mambuālí $,default
Koretu-725_havesex-1,,Koretu,725_havesex,tā'há,tā'há,t a a ʔ h a,,Koch1914[830],,,^ tā'há $,default
Desano-726_tie-1,,Desano,726_tie,dī́riri,dī́riri,d i i ɾ i ɾ i,,Koch1914[830],,,^ dī́riri $,default
Yupua-727_bury-1,,Yupua,727_bury,goxtx̯e̠ātx̯é̥,goxtx̯e̠ātx̯é̥,g ɔ h tʃ ɛ a a tʃ ɨ,,Koch1914[830],,,^ goxtx̯e̠ātx̯é̥ $,default
Desano-728_stay-1,,Desano,728_stay,dūhame̠né̠,dūhame̠né̠,d u u h a m ɛ n ɛ,,Koch1914[830],,,^ dūhame̠né̠ $,default
Desano-729_fry-1,,Desano,729_fry,tsoe̠bā́li,tsoe̠bā́li,ts ɔ ɛ b a a ɺ i,,Koch1914[830],,,^ tsoe̠bā́li $,default
Yupua-729_fry-1,,Yupua,729_fry,tx̯óe̠i̯,tx̯óe̠i̯,tʃ ɔ ɛ i,,Koch1914[830],,,^ tx̯óe̠i̯ $,default
Yahuna-729_fry-1,,Yahuna,729_fry,mix̯hoe̠be̠,mix̯hoe̠be̠,m i h ɔ ɛ b ɛ,,Koch1914[830],,,^ mix̯hoe̠be̠ $,default
Koretu-729_fry-1,,Koretu,729_fry,u̠hé̠kialó,u̠hé̠kialó,ʊ h ɛ k i a ɺ ɔ,,Koch1914[830],,,^ u̠hé̠kialó $,default
Desano-730_burn-1,,Desano,730_burn,ehéai̯yā(ni),ehéai̯yā,e h e a i j a a,,Koch1914[830],,,^ ehéai̯yā $,default
Yahuna-730_burn-1,,Yahuna,730_burn,móhóe̠li,móhóe̠li,m ɔ h ɔ ɛ ɺ i,,Koch1914[830],,,^ móhóe̠li $,default
Koretu-730_burn-1,,Koretu,730_burn,houo̯úo,houo̯úo,h ɔ w ɔ u ɔ,,Koch1914[830],,,^ houo̯úo $,default
Yupua-731_aburnthouse-1,,Yupua,731_aburnthouse,ue̥é̥ uhúā(d)ya,ue̥é̥_uhúāya,w ɨ ɨ + u h u a a j a,,Koch1914[830],,,^ ue̥é̥ _ uhúāya $,default
Desano-732_bring-1,,Desano,732_bring,airike̠,airike̠,a i ɾ i k ɛ,,Koch1914[830],,,^ airike̠ $,default
Desano-733_bringwater-1,,Desano,733_bringwater,dex̯kó ai̯riké,dex̯kó_ai̯riké,d e h k ɔ + a i ɾ i k e,,Koch1914[830],,,^ dex̯kó _ ai̯riké $,default
Yupua-733_bringwater-1,,Yupua,733_bringwater,de̠ko ai̯uálisu,de̠ko_ai̯uálisu,d ɛ k ɔ + a j u a ɺ i s u,,Koch1914[830],,,^ de̠ko _ ai̯uálisu $,default
Yupua-733_bringwater-2,,Yupua,733_bringwater,de̠(x̯)ko ai̯uáli(t)x̯u,de̠ko_ai̯uálix̯u,d ɛ k ɔ + a j u a ɺ i tʃ u,,Koch1914[830],,,^ de̠ko _ ai̯uálix̯u $,default
Yupua-734_bringhere-1,,Yupua,734_bringhere,ā́ge̥ ai̯uáli(t)sú,ā́ge̥_ai̯uálisú,a a g ɨ + a j u a ɺ i s u,,Koch1914[830],,,^ ā́ge̥ _ ai̯uálisú $,default
Yupua-735_blowtheflute-1,,Yupua,735_blowtheflute,yasḗ̠bo puhúai̯e̥,yasḗ̠bo_puhúai̯e̥,j a s ɛ ɛ b ɔ + p u h u a j ɨ,,Koch1914[830],,,^ yasḗ̠bo _ puhúai̯e̥ $,default
Desano-736_think-1,,Desano,736_think,gūnyabirikā́(ni),gūnyabirikā́,g u u ɲ a b i ɾ i k a a,,Koch1914[830],,,^ gūnyabirikā́ $,default
Desano-737_drown-1,,Desano,737_drown,e̥kā́lani(nipe),e̥kā́lani,ɨ k a a ɺ a n i,,Koch1914[830],,,^ e̥kā́lani $,default
Desano-738_eat-1,,Desano,738_eat,bā́li,bā́li,b a a ɺ i,,Koch1914[830],,,^ bā́li $,default
Yupua-738_eat-1,,Yupua,738_eat,báai̯,báai̯,b a a i,,Koch1914[830],,,^ báai̯ $,default
Yahuna-738_eat-1,,Yahuna,738_eat,mambaā́(d)ye̠é̠,mambaā́ye̠é̠,m a m b a a a j ɛ ɛ,,Koch1914[830],,,^ mambaā́ye̠é̠ $,default
Koretu-738_eat-1,,Koretu,738_eat,opãkiá,opãkiá,ɔ p ã k i a,,Koch1914[830],,,^ opãkiá $,default
Desano-738_eat-2,,Desano,738_eat,bā́ri,bā́ri,b a a ɾ i,,Koch1914[830],,,^ bā́ri $,default
Desano-739_fall-1,,Desano,739_fall,yūlikā(ni),yūlikā,j u u ɺ i k a a,,Koch1914[830],,,^ yūlikā $,default
Yupua-739_fall-1,,Yupua,739_fall,ue̠lé̠i̯,ue̠lé̠i̯,w ɛ ɺ ɛ i,,Koch1914[830],,,^ ue̠lé̠i̯ $,default
Yahuna-739_fall-1,,Yahuna,739_fall,yiyā́nye̥,yiyā́nye̥,j i j a a ɲ ɨ,,Koch1914[830],,,^ yiyā́nye̥ $,default
Koretu-739_fall-1,,Koretu,739_fall,óḥoasisi,óḥoasisi,ɔ h ɔ a s i s i,,Koch1914[830],,,^ óḥoasisi $,default
Yupua-739_fall-2,,Yupua,739_fall,ue̠ré̠i̯,ue̠ré̠i̯,w ɛ ɾ ɛ i,,Koch1914[830],,,^ ue̠ré̠i̯ $,default
Yahuna-739_fall-2,,Yahuna,739_fall,yiyā́nyu,yiyā́nyu,j i j a a ɲ u,,Koch1914[830],,,^ yiyā́nyu $,default
Yupua-741_letscatchawoman-1,,Yupua,741_letscatchawoman,tsaháme̥ nomi be̥(x)kákui,tsaháme̥_nomi_be̥kákui,ts a h a m ɨ + n ɔ m i + b ɨ k a k u i,,Koch1914[830],,,^ tsaháme̥ _ nomi _ be̥kákui $,default
Desano-742_fly-1,,Desano,742_fly,ue̥li,ue̥li,w ɨ ɺ i,,Koch1914[830],,,^ ue̥li $,default
Yupua-742_fly-1,,Yupua,742_fly,ué̥li,ué̥li,w ɨ ɺ i,,Koch1914[830],,,^ ué̥li $,default
Yahuna-742_fly-1,,Yahuna,742_fly,tsauī́dye̥,tsauī́dye̥,ts a w i i dʒ ɨ,,Koch1914[830],,,^ tsauī́dye̥ $,default
Koretu-742_fly-1,,Koretu,742_fly,ké̥ue̠i,ké̥ue̠i,k ɨ w ɛ i,,Koch1914[830],,,^ ké̥ue̠i $,default
Yahuna-742_fly-2,,Yahuna,742_fly,tsauī́dyu,tsauī́dyu,ts a w i i dʒ u,,Koch1914[830],,,^ tsauī́dyu $,default
Desano-743_flow-1,,Desano,743_flow,oxhoamī́(ni),oxhoamī́,ɔ h ɔ a m i i,,Koch1914[830],,,^ oxhoamī́ $,default
Yupua-743_flow-1,,Yupua,743_flow,be̥xkádyi huamá,be̥xkádyi_huamá,b ɨ h k a dʒ i + h u a m a,,Koch1914[830],,,^ be̥xkádyi _ huamá $,default
Koretu-743_flow-1,,Koretu,743_flow,kotáte̠te̠a,kotáte̠te̠a,k ɔ t a t ɛ t ɛ a,,Koch1914[830],,,^ kotáte̠te̠a $,default
Yahuna-744_theriverflows-1,,Yahuna,744_theriverflows,hahía liákahulū́(d)ye̥,hahía_liákahulū́ye̥,h a h i a + ɺ i a k a h u ɺ u u j ɨ,,Koch1914[830],,,^ hahía _ liákahulū́ye̥ $,default
Yahuna-744_theriverflows-2,,Yahuna,744_theriverflows,hahía diákahulū́(d)yu,hahía_diákahulū́yu,h a h i a + d i a k a h u ɺ u u j u,,Koch1914[830],,,^ hahía _ diákahulū́yu $,default
Desano-745_fishing-1,,Desano,745_fishing,u(e)hē̠rí,uhē̠rí,u h ɛ ɛ ɾ i,,Koch1914[830],,,^ uhē̠rí $,default
Yupua-745_fishing-1,,Yupua,745_fishing,bix̯tá(t)x̯e̥,bix̯táx̯e̥,b i h t a tʃ ɨ,,Koch1914[830],,,^ bix̯táx̯e̥ $,default
Yahuna-745_fishing-1,,Yahuna,745_fishing,mipotabā́be̠,mipotabā́be̠,m i p ɔ t a b a a b ɛ,,Koch1914[830],,,^ mipotabā́be̠ $,default
Koretu-745_fishing-1,,Koretu,745_fishing,okohé̠,okohé̠,ɔ k ɔ h ɛ,,Koch1914[830],,,^ okohé̠ $,default
Desano-746_fearbeafraid-1,,Desano,746_fearbeafraid,tālabé̠olé,tālabé̠olé,t a a ɺ a b ɛ ɔ ɺ e,,Koch1914[830],,,^ tālabé̠olé $,default
Desano-747_yawn-1,,Desano,747_yawn,yaṓlipuli,yaṓlipuli,j a ɔ ɔ ɺ i p u ɺ i,,Koch1914[830],,,^ yaṓlipuli $,default
Desano-748_givebirth-1,,Desano,748_givebirth,pṓnakeli,pṓnakeli,p ɔ ɔ n a k e ɺ i,,Koch1914[830],,,^ pṓnakeli $,default
Yupua-750_iwantwater-1,,Yupua,750_iwantwater,de̠(x̯)kó i(t)x̯é̥,de̠kó_ix̯é̥,d ɛ k ɔ + i tʃ ɨ,,Koch1914[830],,,^ de̠kó_ix̯é̥ $,default
Yahuna-751_fart-1,,Yahuna,751_fart,itape̠hā́lige̥,itape̠hā́lige̥,i t a p ɛ h a a ɺ i g ɨ,,Koch1914[830],,,^ itape̠hā́lige̥ $,default
Koretu-751_fart-1,,Koretu,751_fart,hotōnié,hotōnié,h ɔ t ɔ ɔ n i e,,Koch1914[830],,,^ hotōnié $,default
Koretu-751_fart-2,,Koretu,751_fart,houá,houá,h ɔ w a,,Koch1914[830],,,^ houá $,default
Desano-752_go-1,,Desano,752_go,oā́li,oā́li,ɔ a a ɺ i,,Koch1914[830],,,^ oā́li $,default
Yupua-752_go-1,,Yupua,752_go,kū́li,kū́li,k u u ɺ i,,Koch1914[830],,,^ kū́li $,default
Yahuna-752_go-1,,Yahuna,752_go,uanúame̠pe̠,uanúame̠pe̠,w a n u a m ɛ p ɛ,,Koch1914[830],,,^ uanúame̠pe̠ $,default
Yupua-752_go-2,,Yupua,752_go,kū́(u)li,kū́li,k u u ɺ i,,Koch1914[830],,,^ kū́li $,default
Yahuna-752_go-2,,Yahuna,752_go,uanúame̠be̠,uanúame̠be̠,w a n u a m ɛ b ɛ,,Koch1914[830],,,^ uanúame̠be̠ $,default
Desano-753_dig-1,,Desano,753_dig,tsé̠āli,tsé̠āli,ts ɛ a a ɺ i,,Koch1914[830],,,^ tsé̠āli $,default
Desano-754_seize-1,,Desano,754_seize,yéāli,yéāli,j e a a ɺ i,,Koch1914[830],,,^ yéāli $,default
Yupua-755_doyouhavewater-1,,Yupua,755_doyouhavewater,dé̠(x̯)ko ī́ātx̯i,dé̠ko_ī́ātx̯i,d ɛ k ɔ + i i a a tʃ i,,Koch1914[830],,,^ dé̠ko _ ī́ātx̯i $,default
Yupua-755_doyouhavewater-2,,Yupua,755_doyouhavewater,dé̠(x̯)ko ī́ā(t)x̯i,dé̠ko_ī́āx̯i,d ɛ k ɔ + i i a a tʃ i,,Koch1914[830],,,^ dé̠ko _ ī́āx̯i $,default
Yupua-756_doyouhavefarinha-1,,Yupua,756_doyouhavefarinha,bagáli ía(t)x̯i,bagáli_íax̯i,b a g a ɺ i + j a tʃ i,,Koch1914[830],,,^ bagáli _ íax̯i $,default
Yupua-757_strikesomeone-1,,Yupua,757_strikesomeone,pā́i,pā́i,p a a i,,Koch1914[830],,,^ pā́i $,default
Yahuna-757_strikesomeone-1,,Yahuna,757_strikesomeone,mihipáhe̠ kope̠ki,mihipáhe̠_kope̠ki,m i h i p a h ɛ + k ɔ p ɛ k i,,Koch1914[830],,,^ mihipáhe̠ _ kope̠ki $,default
Koretu-757_strikesomeone-1,,Koretu,757_strikesomeone,ho(x)tá,hotá,h ɔ t a,,Koch1914[830],,,^ hotá $,default
Desano-758_listen-1,,Desano,758_listen,pē̠rí,pē̠rí,p ɛ ɛ ɾ i,,Koch1914[830],,,^ pē̠rí $,default
Yupua-758_listen-1,,Yupua,758_listen,pī(d)yée̥,pīyée̥,p i i j e ɨ,,Koch1914[830],,,^ pīyée̥ $,default
Yahuna-758_listen-1,,Yahuna,758_listen,meamítiyu,meamítiyu,m e a m i t i j u,,Koch1914[830],,,^ meamítiyu $,default
Koretu-758_listen-1,,Koretu,758_listen,okiónte̠si,okiónte̠si,ɔ k i ɔ n t ɛ s i,,Koch1914[830],,,^ okiónte̠si $,default
Yupua-758_listen-2,,Yupua,758_listen,pī(t)x̯ú,pīx̯ú,p i i tʃ u,,Koch1914[830],,,^ pīx̯ú $,default
Yahuna-758_listen-2,,Yahuna,758_listen,meamítiye̥,meamítiye̥,m e a m i t i j ɨ,,Koch1914[830],,,^ meamítiye̥ $,default
Desano-759_starve-1,,Desano,759_starve,oáme̠naga,oáme̠naga,w a m ɛ n a g a,,Koch1914[830],,,^ oáme̠naga $,default
Yupua-760_iamhungry-1,,Yupua,760_iamhungry,yee̥bóodyée̥,yee̥bóodyée̥,j e ɨ b ɔ ɔ dʒ e ɨ,,Koch1914[830],,,^ yee̥bóodyée̥ $,default
Desano-761_cough-1,,Desano,761_cough,tsā́liri,tsā́liri,ts a a ɺ i ɾ i,,Koch1914[830],,,^ tsā́liri $,default
Yupua-761_cough-1,,Yupua,761_cough,te̠x̯té̠i̯,te̠x̯té̠i̯,t ɛ h t ɛ i,,Koch1914[830],,,^ te̠x̯té̠i̯ $,default
Yahuna-761_cough-1,,Yahuna,761_cough,te̠té̠lika,te̠té̠lika,t ɛ t ɛ ɺ i k a,,Koch1914[830],,,^ te̠té̠lika $,default
Koretu-761_cough-1,,Koretu,761_cough,otantá,otantá,ɔ t a n t a,,Koch1914[830],,,^ otantá $,default
Desano-762_hunt-1,,Desano,762_hunt,u(e)hē̠ráhoali,uhē̠ráhoali,u h ɛ ɛ ɾ a h ɔ a ɺ i,,Koch1914[830],,,^ uhē̠ráhoali $,default
Yupua-762_hunt-1,,Yupua,762_hunt,tx̯akáuiī(t)x̯u,tx̯akáuiīx̯u,tʃ a k a w i i i tʃ u,,Koch1914[830],,,^ tx̯akáuiīx̯u $,default
Koretu-762_hunt-1,,Koretu,762_hunt,ke̥tōniáse̥,ke̥tōniáse̥,k ɨ t ɔ ɔ n i a s ɨ,,Koch1914[830],,,^ ke̥tōniáse̥ $,default
Desano-763_shitdefecate-1,,Desano,763_shitdefecate,ge̥láui̯ri,ge̥láui̯ri,g ɨ ɺ a w i ɾ i,,Koch1914[830],,,^ ge̥láui̯ri $,default
Yupua-763_shitdefecate-1,,Yupua,763_shitdefecate,yāmúi,yāmúi,j a a m u i,,Koch1914[830],,,^ yāmúi $,default
Yahuna-763_shitdefecate-1,,Yahuna,763_shitdefecate,ītá,ītá,i i t a,,Koch1914[830],,,^ ītá $,default
Koretu-763_shitdefecate-1,,Koretu,763_shitdefecate,oké̥ta,oké̥ta,ɔ k ɨ t a,,Koch1914[830],,,^ oké̥ta $,default
Desano-764_fight-1,,Desano,764_fight,gāme̠káni,gāme̠káni,g a a m ɛ k a n i,,Koch1914[830],,,^ gāme̠káni $,default
Yupua-764_fight-1,,Yupua,764_fight,ueī́dihi,ueī́dihi,w e i i d i h i,,Koch1914[830],,,^ ueī́dihi $,default
Yahuna-764_fight-1,,Yahuna,764_fight,yihínyu,yihínyu,j i h i ɲ u,,Koch1914[830],,,^ yihínyu $,default
Koretu-764_fight-1,,Koretu,764_fight,tá(x)poni,táponi,t a p ɔ n i,,Koch1914[830],,,^ táponi $,default
Yahuna-764_fight-2,,Yahuna,764_fight,yihínye̥,yihínye̥,j i h i ɲ ɨ,,Koch1914[830],,,^ yihínye̥ $,default
Desano-765_chew-1,,Desano,765_chew,bagalí,bagalí,b a g a ɺ i,,Koch1914[830],,,^ bagalí $,default
Yupua-765_chew-1,,Yupua,765_chew,kú(u)li,kúli,k u ɺ i,,Koch1914[830],,,^ kúli $,default
Koretu-765_chew-1,,Koretu,765_chew,únaku,únaku,u n a k u,,Koch1914[830],,,^ únaku $,default
Desano-766_climb-1,,Desano,766_climb,me̥líni,me̥líni,m ɨ ɺ i n i,,Koch1914[830],,,^ me̥líni $,default
Yupua-766_climb-1,,Yupua,766_climb,me̥hā́(t)x̯u,me̥hā́x̯u,m ɨ h a a tʃ u,,Koch1914[830],,,^ me̥hā́x̯u $,default
Yahuna-766_climb-1,,Yahuna,766_climb,yimī́nyu,yimī́nyu,j i m i i ɲ u,,Koch1914[830],,,^ yimī́nyu $,default
Koretu-766_climb-1,,Koretu,766_climb,húmaa,húmaa,h u m a a,,Koch1914[830],,,^ húmaa $,default
Yahuna-766_climb-2,,Yahuna,766_climb,yimī́nye̥,yimī́nye̥,j i m i i ɲ ɨ,,Koch1914[830],,,^ yimī́nye̥ $,default
Desano-767_cook-1,,Desano,767_cook,tsõláli,tsõláli,ts ɔ̃ ɺ a ɺ i,,Koch1914[831],,,^ tsõláli $,default
Yupua-767_cook-1,,Yupua,767_cook,tx̯ó(o)le̠i̯,tx̯óle̠i̯,tʃ ɔ ɺ ɛ i,,Koch1914[831],,,^ tx̯óle̠i̯ $,default
Yahuna-767_cook-1,,Yahuna,767_cook,mīdyóabe̠,mīdyóabe̠,m i i dʒ ɔ a b ɛ,,Koch1914[831],,,^ mīdyóabe̠ $,default
Koretu-767_cook-1,,Koretu,767_cook,ḥuḥé̠a,ḥuḥé̠a,h u h ɛ a,,Koch1914[831],,,^ ḥuḥé̠a $,default
Desano-768_come-1,,Desano,768_come,āliamā́ni(nipe),āliamā́ni,a a ɺ i a m a a n i,,Koch1914[831],,,^ āliamā́ni $,default
Yupua-768_come-1,,Yupua,768_come,uá(a)li,uáli,w a ɺ i,,Koch1914[831],,,^ uáli $,default
Yahuna-768_come-1,,Yahuna,768_come,kē̠tayú,kē̠tayú,k ɛ ɛ t a j u,,Koch1914[831],,,^ kē̠tayú $,default
Koretu-768_come-1,,Koretu,768_come,hé̠āse̥,hé̠āse̥,h ɛ a a s ɨ,,Koch1914[831],,,^ hé̠āse̥ $,default
Yupua-768_come-2,,Yupua,768_come,yeuáge̥,yeuáge̥,j e w a g ɨ,,Koch1914[831],,,^ yeuáge̥ $,default
Yahuna-768_come-2,,Yahuna,768_come,kē̠tayé̥,kē̠tayé̥,k ɛ ɛ t a j ɨ,,Koch1914[831],,,^ kē̠tayé̥ $,default
Yupua-769_comehere-1,,Yupua,769_comehere,u(a)ā́li(t)x̯ú,uā́lix̯ú,w a a ɺ i tʃ u,,Koch1914[831],,,^ uā́lix̯ú $,default
Koretu-769_comehere-1,,Koretu,769_comehere,oatá,oatá,ɔ a t a,,Koch1914[831],,,^ oatá $,default
Yupua-769_comehere-2,,Yupua,769_comehere,uā́li(t)x̯ú,uā́lix̯ú,w a a ɺ i tʃ u,,Koch1914[831],,,^ uā́lix̯ú $,default
Yupua-770_itcomesrain-1,,Yupua,770_itcomesrain,dé̠ko oā́lioaa,dé̠ko_oā́lioaa,d ɛ k ɔ + ɔ a a ɺ i ɔ a a,,Koch1914[831],,,^ dé̠ko _ oā́lioaa $,default
Yupua-770_itcomesrain-2,,Yupua,770_itcomesrain,dé̠(x̯)ko uālioaa,dé̠ko_uālioaa,d ɛ k ɔ + w a a ɺ i ɔ a a,,Koch1914[831],,,^ dé̠ko _ uālioaa $,default
Yupua-771_igotoyou-1,,Yupua,771_igotoyou,mé̥e̥pe̠e̠ yee̥uaatoho,mé̥e̥pe̠e̠_yee̥uaatoho,m ɨ ɨ p ɛ ɛ + j e ɨ w a a t ɔ h ɔ,,Koch1914[831],,,^ mé̥e̥pe̠e̠ _ yee̥uaatoho $,default
Yupua-771_igotoyou-2,,Yupua,771_igotoyou,yée̥ uá(a)ge̥ apé̠na,yée̥_uáge̥_apé̠na,j e ɨ + w a g ɨ + a p ɛ n a,,Koch1914[831],,,^ yée̥ _ uáge̥ _ apé̠na $,default
Koretu-772_withyou-1,,Koretu,772_withyou,mé̥ni,mé̥ni,m ɨ n i,,Koch1914[831],,,^ mé̥ni $,default
Koretu-772_withyou-2,,Koretu,772_withyou,mé̥'ni,mé̥'ni,m ɨ ʔ n i,,Koch1914[831],,,^ mé̥'ni $,default
Desano-773_crawl-1,,Desano,773_crawl,tsiuā́li,tsiuā́li,ts i w a a ɺ i,,Koch1914[831],,,^ tsiuā́li $,default
Yupua-774_imsick-1,,Yupua,774_imsick,tū(d)yadīyee̥,tūyadīyee̥,t u u j a d i i j e ɨ,,Koch1914[831],,,^ tūyadīyee̥ $,default
Desano-775_laugh-1,,Desano,775_laugh,iádyiri,iádyiri,j a dʒ i ɾ i,,Koch1914[831],,,^ iádyiri $,default
Yupua-775_laugh-1,,Yupua,775_laugh,yiípi,yiípi,j i i p i,,Koch1914[831],,,^ yiípi $,default
Yahuna-775_laugh-1,,Yahuna,775_laugh,yḗ̠yu,yḗ̠yu,j ɛ ɛ j u,,Koch1914[831],,,^ yḗ̠yu $,default
Koretu-775_laugh-1,,Koretu,775_laugh,hóhihi,hóhihi,h ɔ h i h i,,Koch1914[831],,,^ hóhihi $,default
Yahuna-775_laugh-2,,Yahuna,775_laugh,yḗ̠ye̥,yḗ̠ye̥,j ɛ ɛ j ɨ,,Koch1914[831],,,^ yḗ̠ye̥ $,default
Desano-776_do-1,,Desano,776_do,mo'mḗ̠ni,mo'mḗ̠ni,m ɔ ʔ m ɛ ɛ n i,,Koch1914[831],,,^ mo'mḗ̠ni $,default
Desano-777_paintsomethingorpainting-1,,Desano,777_paintsomethingorpainting,goxháli,goxháli,g ɔ h a ɺ i,,Koch1914[831],,,^ goxháli $,default
Yupua-777_paintsomethingorpainting-1,,Yupua,777_paintsomethingorpainting,ge̥latx̯ibe̥ai̯,ge̥latx̯ibe̥ai̯,g ɨ ɺ a tʃ i b ɨ a i,,Koch1914[831],,,^ ge̥latx̯ibe̥ai̯ $,default
Koretu-777_paintsomethingorpainting-1,,Koretu,777_paintsomethingorpainting,uyakóta,uyakóta,u j a k ɔ t a,,Koch1914[831],,,^ uyakóta $,default
Koretu-777_paintsomethingorpainting-2,,Koretu,777_paintsomethingorpainting,uiakóta,uiakóta,u j a k ɔ t a,,Koch1914[831],,,^ uiakóta $,default
Desano-778_sew-1,,Desano,778_sew,e̠ālí,e̠ālí,ɛ a a ɺ i,,Koch1914[831],,,^ e̠ālí $,default
Desano-779_sneeze-1,,Desano,779_sneeze,hātsíali,hātsíali,h a a ts i a ɺ i,,Koch1914[831],,,^ hātsíali $,default
Yupua-779_sneeze-1,,Yupua,779_sneeze,axtí,axtí,a h t i,,Koch1914[831],,,^ axtí $,default
Yahuna-779_sneeze-1,,Yahuna,779_sneeze,yihā(a)tsī́yu,yihātsī́yu,j i h a a ts i i j u,,Koch1914[831],,,^ yihātsī́yu $,default
Koretu-779_sneeze-1,,Koretu,779_sneeze,huhasí,huhasí,h u h a s i,,Koch1914[831],,,^ huhasí $,default
Yahuna-779_sneeze-2,,Yahuna,779_sneeze,yihā(a)tsī́ye̥,yihātsī́ye̥,j i h a a ts i i j ɨ,,Koch1914[831],,,^ yihātsī́ye̥ $,default
Desano-780_whistle-1,,Desano,780_whistle,uīrí,uīrí,w i i ɾ i,,Koch1914[831],,,^ uīrí $,default
Desano-781_piss-1,,Desano,781_piss,gōlḗ̠ni,gōlḗ̠ni,g ɔ ɔ ɺ ɛ ɛ n i,,Koch1914[831],,,^ gōlḗ̠ni $,default
Yupua-781_piss-1,,Yupua,781_piss,g(n)uulí,guulí,g u u ɺ i,,Koch1914[831],,,^ guulí $,default
Yahuna-781_piss-1,,Yahuna,781_piss,keolḗ̠(d)ye̥,keolḗ̠ye̥,k e ɔ ɺ ɛ ɛ j ɨ,,Koch1914[831],,,^ keolḗ̠ye̥ $,default
Koretu-781_piss-1,,Koretu,781_piss,okóne̠,okóne̠,ɔ k ɔ n ɛ,,Koch1914[831],,,^ okóne̠ $,default
Yupua-781_piss-2,,Yupua,781_piss,(g)noolí,noolí,n ɔ ɔ ɺ i,,Koch1914[831],,,^ noolí $,default
Yahuna-781_piss-2,,Yahuna,781_piss,ḳeolḗ̠(d)yu,ḳeolḗ̠yu,k e ɔ ɺ ɛ ɛ j u,,Koch1914[831],,,^ ḳeolḗ̠yu $,default
Desano-782_smokeinhale-1,,Desano,782_smokeinhale,mūnuhū́li,mūnuhū́li,m u u n u h u u ɺ i,,Koch1914[831],,,^ mūnuhū́li $,default
Yahuna-782_smokeinhale-1,,Yahuna,782_smokeinhale,midy(i)ī́be̠,midyī́be̠,m i dʒ i i b ɛ,,Koch1914[831],,,^ midyī́be̠ $,default
Desano-783_talk-1,,Desano,783_talk,ue̠ré̠nĩ(g)ĩni,ue̠ré̠nĩĩni,w ɛ ɾ ɛ n ĩ ĩ n i,,Koch1914[831],,,^ ue̠ré̠nĩĩni $,default
Desano-784_smellperceive-1,,Desano,784_smellperceive,uihíāli,uihíāli,w i h i a a ɺ i,,Koch1914[831],,,^ uihíāli $,default
Desano-785_row-1,,Desano,785_row,ué̠hāli,ué̠hāli,w ɛ h a a ɺ i,,Koch1914[831],,,^ ué̠hāli $,default
Yupua-785_row-1,,Yupua,785_row,ue̠āx(t)x̯ú,ue̠āxx̯ú,w ɛ a a h tʃ u,,Koch1914[831],,,^ ue̠āxx̯ú $,default
Yahuna-785_row-1,,Yahuna,785_row,miué̠abe̠,miué̠abe̠,m i w ɛ a b ɛ,,Koch1914[831],,,^ miué̠abe̠ $,default
Koretu-785_row-1,,Koretu,785_row,hue̠uá,hue̠uá,h u ɛ w a,,Koch1914[831],,,^ hue̠uá $,default
Desano-786_call-1,,Desano,786_call,pīyū́li,pīyū́li,p i i j u u ɺ i,,Koch1914[831],,,^ pīyū́li $,default
Yahuna-787_iswinginthehammock-1,,Yahuna,787_iswinginthehammock,yibáukuni,yibáukuni,j i b a u k u n i,,Koch1914[831],,,^ yibáukuni $,default
Yahuna-787_iswinginthehammock-2,,Yahuna,787_iswinginthehammock,yibáu(i)kuni,yibáukuni,j i b a u k u n i,,Koch1914[831],,,^ yibáukuni $,default
Yahuna-788_youswinginthehammock-1,,Yahuna,788_youswinginthehammock,mibáubadyube̠,mibáubadyube̠,m i b a u b a dʒ u b ɛ,,Koch1914[831],,,^ mibáubadyube̠ $,default
Desano-789_shoot-1,,Desano,789_shoot,pe̠áyēri,pe̠áyēri,p ɛ a j e e ɾ i,,Koch1914[831],,,^ pe̠áyēri $,default
Desano-790_sleep-1,,Desano,790_sleep,kāníni,kāníni,k a a n i n i,,Koch1914[831],,,^ kāníni $,default
Desano-790_sleep-2,,Desano,790_sleep,kālíni,kālíni,k a a ɺ i n i,,Koch1914[831],,,^ kālíni $,default
Desano-791_iwanttosleep-1,,Desano,791_iwanttosleep,kalī́(t)x̯e̥ kānioi̯y(e)ā́ni,kalī́x̯e̥_kānioi̯yā́ni,k a ɺ i i tʃ ɨ + k a a n i ɔ i j a a n i,,Koch1914[831],,,^ kalī́x̯e̥ _ kānioi̯yā́ni $,default
Yahuna-791_iwanttosleep-1,,Yahuna,791_iwanttosleep,mikā́be̠,mikā́be̠,m i k a a b ɛ,,Koch1914[831],,,^ mikā́be̠ $,default
Koretu-791_iwanttosleep-1,,Koretu,791_iwanttosleep,hõkiahá,hõkiahá,h ɔ̃ k i a h a,,Koch1914[831],,,^ hõkiahá $,default
Desano-792_strikeorbeat-1,,Desano,792_strikeorbeat,pā́li,pā́li,p a a ɺ i,,Koch1914[831],,,^ pā́li $,default
Desano-793_grind-1,,Desano,793_grind,uxsípūli,uxsípūli,u h s i p u u ɺ i,,Koch1914[831],,,^ uxsípūli $,default
Yahuna-794_swallow-1,,Yahuna,794_swallow,síkoliga,síkoliga,s i k ɔ ɺ i g a,,Koch1914[831],,,^ síkoliga $,default
Desano-795_snoring-1,,Desano,795_snoring,ṓle̠ni,ṓle̠ni,ɔ ɔ ɺ ɛ n i,,Koch1914[831],,,^ ṓle̠ni $,default
Desano-796_cut-1,,Desano,796_cut,tápe̠ri,tápe̠ri,t a p ɛ ɾ i,,Koch1914[831],,,^ tápe̠ri $,default
Yupua-796_cut-1,,Yupua,796_cut,yee̥látaā(t)x̯e̥,yee̥látaāx̯e̥,j e ɨ ɺ a t a a a tʃ ɨ,,Koch1914[831],,,^ yee̥látaāx̯e̥ $,default
Yahuna-796_cut-1,,Yahuna,796_cut,mi(d)yi(ī)tatábe̠,miyitatábe̠,m i j i t a t a b ɛ,,Koch1914[831],,,^ miyitatábe̠ $,default
Koretu-796_cut-1,,Koretu,796_cut,hu̠rú̠a,hu̠rú̠a,h ʊ ɾ ʊ a,,Koch1914[831],,,^ hu̠rú̠a $,default
Yupua-797_icutwithmyknife-1,,Yupua,797_icutwithmyknife,ya(d)yé̥ipahi nii yé̥isu,yayé̥ipahi_nii_yé̥isu,j a j ɨ i p a h i + n i i + j ɨ i s u,,Koch1914[831],,,^ yayé̥ipahi _ nii _ yé̥isu $,default
Desano-798_swim-1,,Desano,798_swim,bā́li,bā́li,b a a ɺ i,,Koch1914[831],,,^ bā́li $,default
Desano-799_see-1,,Desano,799_see,ī́yāli,ī́yāli,i i j a a ɺ i,,Koch1914[831],,,^ ī́yāli $,default
Yupua-799_see-1,,Yupua,799_see,pē̠mātx̯é̥,pē̠mātx̯é̥,p ɛ ɛ m a a tʃ ɨ,,Koch1914[831],,,^ pē̠mātx̯é̥ $,default
Koretu-799_see-1,,Koretu,799_see,hṓkiaa,hṓkiaa,h ɔ ɔ k i a a,,Koch1914[831],,,^ hṓkiaa $,default
Yupua-799_see-2,,Yupua,799_see,pē̠mā(t)x̯ú,pē̠māx̯ú,p ɛ ɛ m a a tʃ u,,Koch1914[831],,,^ pē̠māx̯ú $,default
Desano-800_sing-1,,Desano,800_sing,bāyā́li,bāyā́li,b a a j a a ɺ i,,Koch1914[831],,,^ bāyā́li $,default
Desano-801_sit-1,,Desano,801_sit,doā́li,doā́li,d ɔ a a ɺ i,,Koch1914[831],,,^ doā́li $,default
Yupua-801_sit-1,,Yupua,801_sit,dóā(t)x̯u,dóāx̯u,d ɔ a a tʃ u,,Koch1914[831],,,^ dóāx̯u $,default
Yahuna-801_sit-1,,Yahuna,801_sit,mi(d)yú(u)abe̠,miyúabe̠,m i j u a b ɛ,,Koch1914[831],,,^ miyúabe̠ $,default
Koretu-801_sit-1,,Koretu,801_sit,ú̠ru̠ha,ú̠ru̠ha,ʊ ɾ ʊ h a,,Koch1914[831],,,^ ú̠ru̠ha $,default
Desano-802_speak-1,,Desano,802_speak,ue̠ré̠niṅini,ue̠ré̠niṅini,w ɛ ɾ ɛ n i ŋ i n i,,Koch1914[831],,,^ ue̠ré̠niṅini $,default
Desano-803_jump-1,,Desano,803_jump,būlirí,būlirí,b u u ɺ i ɾ i,,Koch1914[831],,,^ būlirí $,default
Yupua-803_jump-1,,Yupua,803_jump,bu(u)lī́(t)x̯u,bulī́x̯u,b u ɺ i i tʃ u,,Koch1914[831],,,^ bulī́x̯u $,default
Yahuna-803_jump-1,,Yahuna,803_jump,mihomita̠úabe̠,mihomita̠úabe̠,m i h ɔ m i t ɑ u a b ɛ,,Koch1914[831],,,^ mihomita̠úabe̠ $,default
Koretu-803_jump-1,,Koretu,803_jump,húhea,húhea,h u h e a,,Koch1914[831],,,^ húhea $,default
Yupua-803_jump-2,,Yupua,803_jump,bu(u)lī́(t)x̯e̥,bulī́x̯e̥,b u ɺ i i tʃ ɨ,,Koch1914[831],,,^ bulī́x̯e̥ $,default
Desano-804_sting-1,,Desano,804_sting,yuxtsé̠ni,yuxtsé̠ni,j u h ts ɛ n i,,Koch1914[831],,,^ yuxtsé̠ni $,default
Desano-805_stand-1,,Desano,805_stand,nĩ(g)ĩní,nĩĩní,n ĩ ĩ n i,,Koch1914[831],,,^ nĩĩní $,default
Desano-806_die-1,,Desano,806_die,tsīniní,tsīniní,ts i i n i n i,,Koch1914[831],,,^ tsīniní $,default
Yupua-806_die-1,,Yupua,806_die,tú(u)dyai,túdyai,t u dʒ a i,,Koch1914[831],,,^ túdyai $,default
Yahuna-806_die-1,,Yahuna,806_die,mirē̠yádyu,mirē̠yádyu,m i ɾ ɛ ɛ j a dʒ u,,Koch1914[831],,,^ mirē̠yádyu $,default
Koretu-806_die-1,,Koretu,806_die,ké̥lisi,ké̥lisi,k ɨ ɺ i s i,,Koch1914[831],,,^ ké̥lisi $,default
Yahuna-806_die-2,,Yahuna,806_die,mirē̠yádye̥,mirē̠yádye̥,m i ɾ ɛ ɛ j a dʒ ɨ,,Koch1914[831],,,^ mirē̠yádye̥ $,default
Desano-807_dive-1,,Desano,807_dive,ohomeníni,ohomeníni,ɔ h ɔ m e n i n i,,Koch1914[832],,,^ ohomeníni $,default
Desano-808_kill-1,,Desano,808_kill,uhē̠ní,uhē̠ní,u h ɛ ɛ n i,,Koch1914[832],,,^ uhē̠ní $,default
Yupua-808_kill-1,,Yupua,808_kill,bṓlē̠(t)x̯u,bṓlē̠x̯u,b ɔ ɔ ɺ ɛ ɛ tʃ u,,Koch1914[832],,,^ bṓlē̠x̯u $,default
Yahuna-808_kill-1,,Yahuna,808_kill,mihábe̠,mihábe̠,m i h a b ɛ,,Koch1914[832],,,^ mihábe̠ $,default
Koretu-808_kill-1,,Koretu,808_kill,ké̥liase̥,ké̥liase̥,k ɨ ɺ i a s ɨ,,Koch1914[832],,,^ ké̥liase̥ $,default
Yupua-808_kill-2,,Yupua,808_kill,bṓlē̠(t)x̯e̥,bṓlē̠x̯e̥,b ɔ ɔ ɺ ɛ ɛ tʃ ɨ,,Koch1914[832],,,^ bṓlē̠x̯e̥ $,default
Desano-809_drink-1,,Desano,809_drink,īrirí,īrirí,i i ɾ i ɾ i,,Koch1914[832],,,^ īrirí $,default
Yupua-809_drink-1,,Yupua,809_drink,i(i)lí(t)x̯u,ilíx̯u,i ɺ i tʃ u,,Koch1914[832],,,^ ilíx̯u $,default
Yahuna-809_drink-1,,Yahuna,809_drink,miókube̠,miókube̠,m i ɔ k u b ɛ,,Koch1914[832],,,^ miókube̠ $,default
Koretu-809_drink-1,,Koretu,809_drink,móuku,móuku,m ɔ u k u,,Koch1914[832],,,^ móuku $,default
Desano-809_drink-2,,Desano,809_drink,ī(e)rirí,īrirí,i i ɾ i ɾ i,,Koch1914[832],,,^ īrirí $,default
Desano-810_turningback-1,,Desano,810_turningback,gālitsiali,gālitsiali,g a a ɺ i ts i a ɺ i,,Koch1914[832],,,^ gālitsiali $,default
Desano-811_grow-1,,Desano,811_grow,pūlīrí,pūlīrí,p u u ɺ i i ɾ i,,Koch1914[832],,,^ pūlīrí $,default
Desano-811_grow-2,,Desano,811_grow,be̥gáli,be̥gáli,b ɨ g a ɺ i,,Koch1914[832],,,^ be̥gáli $,default
Desano-811_grow-3,,Desano,811_grow,guāli,guāli,g u a a ɺ i,,Koch1914[832],,,^ guāli $,default
Yupua-811_grow-1,,Yupua,811_grow,yé̥ulaga(t)(š)i kóe̠(t)x̯u,yé̥ulagai_kóe̠x̯u,j ɨ u ɺ a g a i + k ɔ ɛ tʃ u,,Koch1914[832],,,^ yé̥ulagai _ kóe̠x̯u $,default
Koretu-811_grow-1,,Koretu,811_grow,otolatosé,otolatosé,ɔ t ɔ ɺ a t ɔ s e,,Koch1914[832],,,^ otolatosé $,default
Desano-812_beinginfluctuatingmotion-1,,Desano,812_beinginfluctuatingmotion,pũ(g)ẽ́ be̥ā́li,pũẽ́_be̥ā́li,p ũ ẽ + b ɨ a a ɺ i,,Koch1914[832],,,^ pũẽ́ _ be̥ā́li $,default
Desano-813_cry-1,,Desano,813_cry,ōlḗ̠ri,ōlḗ̠ri,ɔ ɔ ɺ ɛ ɛ ɾ i,,Koch1914[832],,,^ ōlḗ̠ri $,default
Yupua-813_cry-1,,Yupua,813_cry,ṓle̠i̯,ṓle̠i̯,ɔ ɔ ɺ ɛ i,,Koch1914[832],,,^ ṓle̠i̯ $,default
Yahuna-813_cry-1,,Yahuna,813_cry,keaudyé̥,keaudyé̥,k e a u dʒ ɨ,,Koch1914[832],,,^ keaudyé̥ $,default
Koretu-813_cry-1,,Koretu,813_cry,koiní,koiní,k ɔ i n i,,Koch1914[832],,,^ koiní $,default
Yahuna-813_cry-2,,Yahuna,813_cry,keaudyú,keaudyú,k e a u dʒ u,,Koch1914[832],,,^ keaudyú $,default
Desano-814_throw-1,,Desano,814_throw,be̠ṓli,be̠ṓli,b ɛ ɔ ɔ ɺ i,,Koch1914[832],,,^ be̠ṓli $,default
Yupua-814_throw-1,,Yupua,814_throw,koa(x)tx̯ā́etx̯e̥,koatx̯ā́etx̯e̥,k ɔ a tʃ a a e tʃ ɨ,,Koch1914[832],,,^ koatx̯ā́etx̯e̥ $,default
Yahuna-814_throw-1,,Yahuna,814_throw,miuayatábe̠,miuayatábe̠,m i w a j a t a b ɛ,,Koch1914[832],,,^ miuayatábe̠ $,default
Koretu-814_throw-1,,Koretu,814_throw,okū́lia,okū́lia,ɔ k u u ɺ i a,,Koch1914[832],,,^ okū́lia $,default
Desano-815_want-1,,Desano,815_want,gā́mē̠ri,gā́mē̠ri,g a a m ɛ ɛ ɾ i,,Koch1914[832],,,^ gā́mē̠ri $,default
Yupua-815_want-1,,Yupua,815_want,tx̯e̥(e)dyé̥,tx̯e̥dyé̥,tʃ ɨ dʒ ɨ,,Koch1914[832],,,^ tx̯e̥dyé̥ $,default
Koretu-815_want-1,,Koretu,815_want,i(x̯)kiákoini,ikiákoini,i k i a k ɔ i n i,,Koch1914[832],,,^ ikiákoini $,default
Desano-816_count-1,,Desano,816_count,uaxpī́kioli,uaxpī́kioli,w a h p i i k i ɔ ɺ i,,Koch1914[832],,,^ uaxpī́kioli $,default
Desano-817_show-1,,Desano,817_show,tsiū́(m)puli,tsiū́puli,ts i u u p u ɺ i,,Koch1914[832],,,^ tsiū́puli $,default
Desano-818_pull-1,,Desano,818_pull,tāláuo̯li,tāláuo̯li,t a a ɺ a w ɔ ɺ i,,Koch1914[832],,,^ tāláuo̯li $,default
Yupua-818_pull-1,,Yupua,818_pull,te̥xtáaitx̯é̥,te̥xtáaitx̯é̥,t ɨ h t a a i tʃ ɨ,,Koch1914[832],,,^ te̥xtáaitx̯é̥ $,default
Koretu-818_pull-1,,Koretu,818_pull,unúi,unúi,u n u i,,Koch1914[832],,,^ unúi $,default
Desano-819_shiver-1,,Desano,819_shiver,yex̯sálipe̥ali,yex̯sálipe̥ali,j e h s a ɺ i p ɨ a ɺ i,,Koch1914[832],,,^ yex̯sálipe̥ali $,default
Desano-820_forwardletsgo-1,,Desano,820_forwardletsgo,íná,íná,i n a,,Koch1914[832],,,^ íná $,default
Yupua-820_forwardletsgo-1,,Yupua,820_forwardletsgo,tsahá,tsahá,ts a h a,,Koch1914[832],,,^ tsahá $,default
Yahuna-820_forwardletsgo-1,,Yahuna,820_forwardletsgo,láho,láho,ɺ a h ɔ,,Koch1914[832],,,^ láho $,default
Koretu-820_forwardletsgo-1,,Koretu,820_forwardletsgo,téa,téa,t e a,,Koch1914[832],,,^ téa $,default
Yahuna-820_forwardletsgo-2,,Yahuna,820_forwardletsgo,dáho,dáho,d a h ɔ,,Koch1914[832],,,^ dáho $,default
Desano-821_wellinvitationtoeatetc-1,,Desano,821_wellinvitationtoeatetc,balalikḗ̠,balalikḗ̠,b a ɺ a ɺ i k ɛ ɛ,,Koch1914[832],,,^ balalikḗ̠ $,default
