ID,Local_ID,Language_ID,Parameter_ID,Value,Form,Segments,Comment,Source,Cognacy,Loan,Graphemes,Profile
Tariana-Chacon-2019-220-85_four-1,,Tariana,Chacon-2019-220-85_four,~kehkunĩpɛ,kehkunĩpɛ,k e h k u n ĩ p ɛ,,Silva1961,,,,
Moliwene-Chacon-2019-220-85_four-1,,Moliwene,Chacon-2019-220-85_four,koadaka,koadaka,k o a d a k a,,Silva1961,,,,
Mauliene-Chacon-2019-220-85_four-1,,Mauliene,Chacon-2019-220-85_four,koadáka,koadáka,k o a d a k a,,Silva1961,,,,
Kumadene1-Chacon-2019-220-85_four-1,,Kumadene1,Chacon-2019-220-85_four,koehponĩpɛ,koehponĩpɛ,k o e h p o n ĩ p ɛ,,,,,,
Name-Chacon-2019-220-85_four-1,,Name,Chacon-2019-220-85_four,kuatroda,kuatroda,k u a t ɾ o d a,,Granadillo2006,,,,
Oho-Chacon-2019-220-85_four-1,,Oho,Chacon-2019-220-85_four,kuatroda,kuatroda,k u a t ɾ o d a,,Granadillo2006,,,,
Kumadene2-Chacon-2019-220-85_four-1,,Kumadene2,Chacon-2019-220-85_four,kwadakawda,kwadakawda,kʷ a d a k a w d a,,Silva1961,,,,
Werekena-Chacon-2019-220-85_four-1,,Werekena,Chacon-2019-220-85_four,kwatɾʊ,kwatɾʊ,kʷ a t ɾ ʊ,,Silva1961,,,,
Aha-Chacon-2019-220-85_four-1,,Aha,Chacon-2019-220-85_four,likuadaːka,likuadaːka,l i k u a d aː k a,,Granadillo2006,,,,
Ehe-Chacon-2019-220-85_four-1,,Ehe,Chacon-2019-220-85_four,likuadaːka,likuadaːka,l i k u a d aː k a,,Granadillo2006,,,,
Waliperi-Chacon-2019-220-85_four-1,,Waliperi,Chacon-2019-220-85_four,ɽikoadaka,ɽikoadaka,ɽ i k o a d a k a,,Silva1961,,,,
Hohoodene-Chacon-2019-220-85_four-1,,Hohoodene,Chacon-2019-220-85_four,ɽikoɛpaka,ɽikoɛpaka,ɽ i k o ɛ p a k a,,Silva1961,,,,
Name-Chacon-2019-220-151_people-1,,Name,Chacon-2019-220-151_people,a’pada,a’pada,a p a d a,,Granadillo2006,,,,
Werekena-Chacon-2019-220-151_people-1,,Werekena,Chacon-2019-220-151_people,j̃amaɾi,j̃amaɾi,j̃ a m a ɾ i,,Silva1961,,,,
Tariana-Chacon-2019-220-151_people-1,,Tariana,Chacon-2019-220-151_people,maɾikɪ,maɾikɪ,m a ɾ i k ɪ,,Silva1961,,,,
Waliperi-Chacon-2019-220-151_people-1,,Waliperi,Chacon-2019-220-151_people,naːwiki,naːwiki,n aː w i k i,,Silva1961,,,,
Ehe-Chacon-2019-220-151_people-1,,Ehe,Chacon-2019-220-151_people,naike,naike,n a i k e,,Granadillo2006,,,,
Kowaidakenai-Chacon-2019-220-151_people-1,,Kowaidakenai,Chacon-2019-220-151_people,naike,naike,n a i k e,,Silva1961,,,,
Aha-Chacon-2019-220-151_people-1,,Aha,Chacon-2019-220-151_people,naiki,naiki,n a i k i,,Granadillo2006,,,,
Kumadene2-Chacon-2019-220-151_people-1,,Kumadene2,Chacon-2019-220-151_people,naiki,naiki,n a i k i,,Silva1961,,,,
Mauliene-Chacon-2019-220-151_people-1,,Mauliene,Chacon-2019-220-151_people,naiki,naiki,n a i k i,,Silva1961,,,,
Oho-Chacon-2019-220-151_people-1,,Oho,Chacon-2019-220-151_people,naiki,naiki,n a i k i,,Granadillo2006,,,,
Moliwene-Chacon-2019-220-151_people-1,,Moliwene,Chacon-2019-220-151_people,najki,najki,n a j k i,,Silva1961,,,,
Hohoodene-Chacon-2019-220-151_people-1,,Hohoodene,Chacon-2019-220-151_people,newiki,newiki,n e w i k i,,Silva1961,,,,
Dzawinai-Chacon-2019-220-151_people-1,,Dzawinai,Chacon-2019-220-151_people,newiki,newiki,n e w i k i,,Silva1961,,,,
Ehe-Chacon-2019-220-104_here-1,,Ehe,Chacon-2019-220-104_here,aːha,aːha,aː h a,,Granadillo2006,,,,
Kumadene2-Chacon-2019-220-104_here-1,,Kumadene2,Chacon-2019-220-104_here,aːhi,aːhi,aː h i,,Silva1961,,,,
Aha-Chacon-2019-220-104_here-1,,Aha,Chacon-2019-220-104_here,ahaite,ahaite,a h a i t e,,Granadillo2006,,,,
Hohoodene-Chacon-2019-220-104_here-1,,Hohoodene,Chacon-2019-220-104_here,aijahã,aijahã,a i j a h ã,,Silva1961,,,,
Mauliene-Chacon-2019-220-104_here-1,,Mauliene,Chacon-2019-220-104_here,ajahã,ajahã,a j a h ã,,Silva1961,,,,
Moliwene-Chacon-2019-220-104_here-1,,Moliwene,Chacon-2019-220-104_here,ajahɐ̃,ajahɐ̃,a j a h ɐ̃,,Silva1961,,,,
Waliperi-Chacon-2019-220-104_here-1,,Waliperi,Chacon-2019-220-104_here,ajahɐ̃,ajahɐ̃,a j a h ɐ̃,,Silva1961,,,,
Name-Chacon-2019-220-104_here-1,,Name,Chacon-2019-220-104_here,ajahe,ajahe,a j a h e,,Granadillo2006,,,,
Tariana-Chacon-2019-220-104_here-1,,Tariana,Chacon-2019-220-104_here,haĩm̥adenukiuhakəni,haĩm̥adenukiuhakəni,h a ĩ mʰ a d e n u k i u h a k ə n i,,Silva1961,,,,
Oho-Chacon-2019-220-104_here-1,,Oho,Chacon-2019-220-104_here,lipedza,lipedza,l i p e dz a,,Granadillo2006,,,,
Werekena-Chacon-2019-220-104_here-1,,Werekena,Chacon-2019-220-104_here,wɐnihi,wɐnihi,w ɐ n i h i,,Silva1961,,,,
Ehe-Chacon-2019-220-119_know-1,,Ehe,Chacon-2019-220-119_know,aːnʰeketi,aːnʰeketi,aː nʰ e k e t i,,Granadillo2006,,,,
Waliperi-Chacon-2019-220-119_know-1,,Waliperi,Chacon-2019-220-119_know,nuahemi,nuaheni,n u a h e n i,,Silva1961,,,,
Dzawinai-Chacon-2019-220-119_know-1,,Dzawinai,Chacon-2019-220-119_know,nuanʰeka,nuanʰeka,n u a nʰ e k a,,Silva1961,,,,
Kowaidakenai-Chacon-2019-220-119_know-1,,Kowaidakenai,Chacon-2019-220-119_know,nuanʰe,nuanʰe,n u a nʰ e,,Silva1961,,,,
Werekena-Chacon-2019-220-119_know-1,,Werekena,Chacon-2019-220-119_know,nutsɛmi,nutsɛmi,n u ts ɛ m i,,Silva1961,,,,
Mauliene-Chacon-2019-220-119_know-1,,Mauliene,Chacon-2019-220-119_know,nuwanʰeni,nuwanʰeni,n u w a nʰ e n i,,Silva1961,,,,
Kumadene2-Chacon-2019-220-119_know-1,,Kumadene2,Chacon-2019-220-119_know,nuwanʰẽoka,nuwanʰẽoka,n u w a nʰ ẽ o k a,,Silva1961,,,,
Tariana-Chacon-2019-220-119_know-1,,Tariana,Chacon-2019-220-119_know,paekanipɛ,paekanipɛ,p a e k a n i p ɛ,,Silva1961,,,,
Hohoodene-Chacon-2019-220-119_know-1,,Hohoodene,Chacon-2019-220-119_know,waːhẽki̥,waːhẽki̥,w aː h ẽ k i̥/i,,Silva1961,,,,
Moliwene-Chacon-2019-220-119_know-1,,Moliwene,Chacon-2019-220-119_know,waʰljẽtsa,waʰljẽtsa,w a h l j ẽ ts a,,Silva1961,,,,
Name-Chacon-2019-220-119_know-1,,Name,Chacon-2019-220-119_know,janʰeːki,janʰeːki,j a nʰ eː k i,,Granadillo2006,,,,
Oho-Chacon-2019-220-119_know-1,,Oho,Chacon-2019-220-119_know,janʰekheti,janʰekheti,j a nʰ e kʰ e t i,,Granadillo2006,,,,
Aha-Chacon-2019-220-119_know-1,,Aha,Chacon-2019-220-119_know,janʰikada,janʰikada,j a nʰ i k a d a,,Granadillo2006,,,,
Waliperi-Chacon-2019-220-121_tapuru-1,,Waliperi,Chacon-2019-220-121_tapuru,aːkoɽo,aːkoɽo,aː k o ɽ o,,Silva1961,,,,
Hohoodene-Chacon-2019-220-121_tapuru-1,,Hohoodene,Chacon-2019-220-121_tapuru,aːkoʐo,aːkoʐo,aː k o ʐ o,,Silva1961,,,,
Moliwene-Chacon-2019-220-121_tapuru-1,,Moliwene,Chacon-2019-220-121_tapuru,akoʐo,akoʐo,a k o ʐ o,,Silva1961,,,,
Mauliene-Chacon-2019-220-121_tapuru-1,,Mauliene,Chacon-2019-220-121_tapuru,akoʐo,akoʐo,a k o ʐ o,,Silva1961,,,,
Tariana-Chacon-2019-220-121_tapuru-1,,Tariana,Chacon-2019-220-121_tapuru,hinĩsi,hinĩsi,h i n ĩ s i,,Silva1961,,,,
Kumadene2-Chacon-2019-220-121_tapuru-1,,Kumadene2,Chacon-2019-220-121_tapuru,iuʐi,iuʐi,i u ʐ i,,Silva1961,,,,
Aha-Chacon-2019-220-97_hammock-1,,Aha,Chacon-2019-220-97_hammock,aːmako,aːmako,aː m a k o,,Granadillo2006,,,,
Name-Chacon-2019-220-97_hammock-1,,Name,Chacon-2019-220-97_hammock,aːmako,aːmako,aː m a k o,,Granadillo2006,,,,
Ehe-Chacon-2019-220-97_hammock-1,,Ehe,Chacon-2019-220-97_hammock,makaithepa,makaithepa,m a k a i tʰ e p a,,Granadillo2006,,,,
Oho-Chacon-2019-220-97_hammock-1,,Oho,Chacon-2019-220-97_hammock,pieta,pieta,p i e t a,,Granadillo2006,,,,
Kumadene2-Chacon-2019-220-149_other-1,,Kumadene2,Chacon-2019-220-149_other,aːpe,aːpe,aː p e,,Silva1961,,,,
Ehe-Chacon-2019-220-149_other-1,,Ehe,Chacon-2019-220-149_other,apada,apada,a p a d a,,Granadillo2006,,,,
Name-Chacon-2019-220-149_other-1,,Name,Chacon-2019-220-149_other,apada,apada,a p a d a,,Granadillo2006,,,,
Moliwene-Chacon-2019-220-149_other-1,,Moliwene,Chacon-2019-220-149_other,apadawa,apadawa,a p a d a w a,,Silva1961,,,,
Hohoodene-Chacon-2019-220-149_other-1,,Hohoodene,Chacon-2019-220-149_other,apajta,apajta,a p a j t a,,Silva1961,,,,
Waliperi-Chacon-2019-220-149_other-1,,Waliperi,Chacon-2019-220-149_other,apajta,apajta,a p a j t a,,Silva1961,,,,
Tariana-Chacon-2019-220-149_other-1,,Tariana,Chacon-2019-220-149_other,paːsi,paːsi,p aː s i,,Silva1961,,,,
Aha-Chacon-2019-220-149_other-1,,Aha,Chacon-2019-220-149_other,pada,pada,p a d a,,Granadillo2006,,,,
Oho-Chacon-2019-220-149_other-1,,Oho,Chacon-2019-220-149_other,pada,pada,p a d a,,Granadillo2006,,,,
Werekena-Chacon-2019-220-149_other-1,,Werekena,Chacon-2019-220-149_other,pejahɐ̃,pejahɐ̃,p e j a h ɐ̃,,Silva1961,,,,
Mauliene-Chacon-2019-220-149_other-1,,Mauliene,Chacon-2019-220-149_other,phepa,phepa,pʰ e p a,,Silva1961,,,,
Aha-Chacon-2019-220-189_snake-1,,Aha,Chacon-2019-220-189_snake,aːpi,aːpi,aː p i,,Granadillo2006,,,,
Moliwene-Chacon-2019-220-189_snake-1,,Moliwene,Chacon-2019-220-189_snake,aːpi,aːpi,aː p i,,Silva1961,,,,
Hohoodene-Chacon-2019-220-189_snake-1,,Hohoodene,Chacon-2019-220-189_snake,aːpi,aːpi,aː p i,,Silva1961,,,,
Kumadene2-Chacon-2019-220-189_snake-1,,Kumadene2,Chacon-2019-220-189_snake,aːpi,aːpi,aː p i,,Silva1961,,,,
Mauliene-Chacon-2019-220-189_snake-1,,Mauliene,Chacon-2019-220-189_snake,aːpi,aːpi,aː p i,,Silva1961,,,,
Name-Chacon-2019-220-189_snake-1,,Name,Chacon-2019-220-189_snake,aːpi,aːpi,aː p i,,Granadillo2006,,,,
Oho-Chacon-2019-220-189_snake-1,,Oho,Chacon-2019-220-189_snake,aːpi,aːpi,aː p i,,Granadillo2006,,,,
Ehe-Chacon-2019-220-189_snake-1,,Ehe,Chacon-2019-220-189_snake,eːpitsi,eːpitsi,eː p i ts i,,Granadillo2006,,,,
Tariana-Chacon-2019-220-189_snake-1,,Tariana,Chacon-2019-220-189_snake,mawaɾi,mawaɾi,m a w a ɾ i,,Silva1961,,,,
Waliperi-Chacon-2019-220-189_snake-1,,Waliperi,Chacon-2019-220-189_snake,umawaɽi,umawaɽi,u m a w a ɽ i,,Silva1961,,,,
Werekena-Chacon-2019-220-189_snake-1,,Werekena,Chacon-2019-220-189_snake,umeni,umeni,u m e n i,,Silva1961,,,,
Ehe-Chacon-2019-220-208_think-1,,Ehe,Chacon-2019-220-208_think,aːpinetaːketi,aːpinetaːketi,aː p i n e t aː k e t i,,Granadillo2006,,,,
Dzawinai-Chacon-2019-220-208_think-1,,Dzawinai,Chacon-2019-220-208_think,iapjẽta,iapjẽta,i a p j ẽ t a,,Silva1961,,,,
Aha-Chacon-2019-220-208_think-1,,Aha,Chacon-2019-220-208_think,iwaopiakada,iwaopiakada,i w a o p i a k a d a,,Granadillo2006,,,,
Moliwene-Chacon-2019-220-208_think-1,,Moliwene,Chacon-2019-220-208_think,liapiːtɐ̃da,liapiːtɐ̃da,l i a p iː t ɐ̃ d a,,Silva1961,,,,
Hohoodene-Chacon-2019-220-208_think-1,,Hohoodene,Chacon-2019-220-208_think,nuawaːdaka,nuawaːdaka,n u a w aː d a k a,,Silva1961,,,,
Mauliene-Chacon-2019-220-208_think-1,,Mauliene,Chacon-2019-220-208_think,nuawadakani,nuawadakani,n u a w a d a k a n i,,Silva1961,,,,
Tariana-Chacon-2019-220-208_think-1,,Tariana,Chacon-2019-220-208_think,pawadawani,pawadawani,p a w a d a w a n i,,Silva1961,,,,
Werekena-Chacon-2019-220-208_think-1,,Werekena,Chacon-2019-220-208_think,puɽiuta,puɽiuta,p u ɽ i u t a,,Silva1961,,,,
Kowaidakenai-Chacon-2019-220-208_think-1,,Kowaidakenai,Chacon-2019-220-208_think,ɽinamanikawa,ɽinamanikawa,ɽ i n a m a n i k a w a,,Silva1961,,,,
Kumadene2-Chacon-2019-220-208_think-1,,Kumadene2,Chacon-2019-220-208_think,ɽiwaupiaka,ɽiwaupiaka,ɽ i w a u p i a k a,,Silva1961,,,,
Name-Chacon-2019-220-208_think-1,,Name,Chacon-2019-220-208_think,wawaopiaketi,wawaopiaketi,w a w a o p i a k e t i,,Granadillo2006,,,,
Oho-Chacon-2019-220-208_think-1,,Oho,Chacon-2019-220-208_think,japiñetaketi,japiñetaketi,j a p i ɲ e t a k e t i,,Granadillo2006,,,,
Ehe-Chacon-2019-220-81_fly-1,,Ehe,Chacon-2019-220-81_fly,aːraketi,aːraketi,aː ɾ a k e t i,,Granadillo2006,,,,
Name-Chacon-2019-220-81_fly-1,,Name,Chacon-2019-220-81_fly,liarakao,liarakao,l i a ɾ a k a o,,Granadillo2006,,,,
Tariana-Chacon-2019-220-81_fly-1,,Tariana,Chacon-2019-220-81_fly,naɾahinãka,naɾahinãka,n a ɾ a h i n ã k a,,Silva1961,,,,
Mauliene-Chacon-2019-220-81_fly-1,,Mauliene,Chacon-2019-220-81_fly,nuaʐakawa,nuaʐakawa,n u a ʐ a k a w a,,Silva1961,,,,
Dzawinai-Chacon-2019-220-81_fly-1,,Dzawinai,Chacon-2019-220-81_fly,nuaʐakawa,nuaʐakawa,n u a ʐ a k a w a,,Silva1961,,,,
Werekena-Chacon-2019-220-81_fly-1,,Werekena,Chacon-2019-220-81_fly,numita,numita,n u m i t a,,Silva1961,,,,
Kumadene2-Chacon-2019-220-81_fly-1,,Kumadene2,Chacon-2019-220-81_fly,ɽiawʐakao,ɽiawʐakao,ɽ i a w ʐ a k a o,,Silva1961,,,,
Moliwene-Chacon-2019-220-81_fly-1,,Moliwene,Chacon-2019-220-81_fly,ɽiaʐakawa,ɽiaʐakawa,ɽ i a ʐ a k a w a,,Silva1961,,,,
Hohoodene-Chacon-2019-220-81_fly-1,,Hohoodene,Chacon-2019-220-81_fly,waːlakawa,waːlakawa,w aː l a k a w a,,Silva1961,,,,
Kowaidakenai-Chacon-2019-220-81_fly-1,,Kowaidakenai,Chacon-2019-220-81_fly,wiaka,wiaka,w i a k a,,Silva1961,,,,
Aha-Chacon-2019-220-81_fly-1,,Aha,Chacon-2019-220-81_fly,jaːraketi,jaːraketi,j aː ɾ a k e t i,,Granadillo2006,,,,
Oho-Chacon-2019-220-81_fly-1,,Oho,Chacon-2019-220-81_fly,jarakape,jarakape,j a ɾ a k a p e,,Granadillo2006,,,,
Hohoodene-Chacon-2019-220-203_there-1,,Hohoodene,Chacon-2019-220-203_there,aːtahã,aːtahã,aː t a h ã,,Silva1961,,,,
Kumadene2-Chacon-2019-220-203_there-1,,Kumadene2,Chacon-2019-220-203_there,aːteahi,aːteahi,aː t e a h i,,Silva1961,,,,
Ehe-Chacon-2019-220-203_there-1,,Ehe,Chacon-2019-220-203_there,aːthe,aːthe,aː tʰ e,,Granadillo2006,,,,
Waliperi-Chacon-2019-220-203_there-1,,Waliperi,Chacon-2019-220-203_there,adisiɐnahɐ̃,adisiɐnahɐ̃,a d i s i ɐ n a h ɐ̃,,Silva1961,,,,
Aha-Chacon-2019-220-203_there-1,,Aha,Chacon-2019-220-203_there,ahareka,ahareka,a h a ɾ e k a,,Granadillo2006,,,,
Mauliene-Chacon-2019-220-203_there-1,,Mauliene,Chacon-2019-220-203_there,anahã,anahã,a n a h ã,,Silva1961,,,,
Moliwene-Chacon-2019-220-203_there-1,,Moliwene,Chacon-2019-220-203_there,atahɐ̃,atahɐ̃,a t a h ɐ̃,,Silva1961,,,,
Name-Chacon-2019-220-203_there-1,,Name,Chacon-2019-220-203_there,ajakathe,ajakathe,a j a k a tʰ e,,Granadillo2006,,,,
Tariana-Chacon-2019-220-203_there-1,,Tariana,Chacon-2019-220-203_there,hanɛsɛ̃m̥adenawa,hanɛsɛ̃m̥adenawa,h a n ɛ s ɛ̃ mʰ a d e n a w a,,Silva1961,,,,
Werekena-Chacon-2019-220-203_there-1,,Werekena,Chacon-2019-220-203_there,witahɐ̃,witahɐ̃,w i t a h ɐ̃,,Silva1961,,,,
Oho-Chacon-2019-220-203_there-1,,Oho,Chacon-2019-220-203_there,jakaːle,jakaːle,j a k aː l e,,Granadillo2006,,,,
Kumadene2-Chacon-2019-220-130_man-1,,Kumadene2,Chacon-2019-220-130_man,aːtia,aːtia,aː t i a,,Silva1961,,,,
Aha-Chacon-2019-220-130_man-1,,Aha,Chacon-2019-220-130_man,aːtsia,aːtsia,aː ts i a,,Granadillo2006,,,,
Name-Chacon-2019-220-130_man-1,,Name,Chacon-2019-220-130_man,aːtsia,aːtsia,aː ts i a,,Granadillo2006,,,,
Oho-Chacon-2019-220-130_man-1,,Oho,Chacon-2019-220-130_man,aːtsia,aːtsia,aː ts i a,,Granadillo2006,,,,
Ehe-Chacon-2019-220-130_man-1,,Ehe,Chacon-2019-220-130_man,atsinali,atsinali,a ts i n a l i,,Granadillo2006,,,,
Waliperi-Chacon-2019-220-130_man-1,,Waliperi,Chacon-2019-220-130_man,atʃiã.ɽi,atʃiã.ɽi,a tʃ i ã ɽ i,,Silva1961,,,,
Moliwene-Chacon-2019-220-130_man-1,,Moliwene,Chacon-2019-220-130_man,atʃiaɽi,atʃiaɽi,a tʃ i a ɽ i,,Silva1961,,,,
Hohoodene-Chacon-2019-220-130_man-1,,Hohoodene,Chacon-2019-220-130_man,atʃiaɽi,atʃiaɽi,a tʃ i a ɽ i,,Silva1961,,,,
Dzawinai-Chacon-2019-220-130_man-1,,Dzawinai,Chacon-2019-220-130_man,ãtʃiaɽi,ãtʃiaɽi,ã tʃ i a ɽ i,,Silva1961,,,,
Kumadene1-Chacon-2019-220-130_man-1,,Kumadene1,Chacon-2019-220-130_man,atʃĩãɾi,atʃĩãɾi,a tʃ ĩ ã ɾ i,,,,,,
Tariana-Chacon-2019-220-130_man-1,,Tariana,Chacon-2019-220-130_man,ãtʃiaɾi,ãtʃiaɾi,ã tʃ i a ɾ i,,Silva1961,,,,
Kowaidakenai-Chacon-2019-220-130_man-1,,Kowaidakenai,Chacon-2019-220-130_man,atʃinaɽi,atʃinaɽi,a tʃ i n a ɽ i,,Silva1961,,,,
Werekena-Chacon-2019-220-130_man-1,,Werekena,Chacon-2019-220-130_man,enami,enami,e n a m i,,Silva1961,,,,
Mauliene-Chacon-2019-220-130_man-1,,Mauliene,Chacon-2019-220-130_man,tʃiaɽi,tʃiaɽi,tʃ i a ɽ i,,Silva1961,,,,
Aha-Chacon-2019-220-219_vine-1,,Aha,Chacon-2019-220-219_vine,adapi,adapi,a d a p i,,Granadillo2006,,,,
Ehe-Chacon-2019-220-219_vine-1,,Ehe,Chacon-2019-220-219_vine,adapi,adapi,a d a p i,,Granadillo2006,,,,
Name-Chacon-2019-220-219_vine-1,,Name,Chacon-2019-220-219_vine,adapi,adapi,a d a p i,,Granadillo2006,,,,
Oho-Chacon-2019-220-219_vine-1,,Oho,Chacon-2019-220-219_vine,adapi,adapi,a d a p i,,Granadillo2006,,,,
Werekena-Chacon-2019-220-3_he-1,,Werekena,Chacon-2019-220-3_he,aɛpaɾo,aɛpaɾo,a ɛ p a ɾ o,,Silva1961,,,,
Dzawinai-Chacon-2019-220-3_he-1,,Dzawinai,Chacon-2019-220-3_he,hã,hã,h ã,,Silva1961,,,,
Moliwene-Chacon-2019-220-3_he-1,,Moliwene,Chacon-2019-220-3_he,haːtahɐ̃,haːtahɐ̃,h aː t a h ɐ̃,,Silva1961,,,,
Mauliene-Chacon-2019-220-3_he-1,,Mauliene,Chacon-2019-220-3_he,hienahã,hienahã,h i e n a h ã,,Silva1961,,,,
Aha-Chacon-2019-220-3_he-1,,Aha,Chacon-2019-220-3_he,hlia,hlia,lʰ i a,,Granadillo2006,,,,
Ehe-Chacon-2019-220-3_he-1,,Ehe,Chacon-2019-220-3_he,hlia,hlia,lʰ i a,,Granadillo2006,,,,
Name-Chacon-2019-220-3_he-1,,Name,Chacon-2019-220-3_he,hlia,hlia,lʰ i a,,Granadillo2006,,,,
Oho-Chacon-2019-220-3_he-1,,Oho,Chacon-2019-220-3_he,hlia,hlia,lʰ i a,,Granadillo2006,,,,
Tariana-Chacon-2019-220-3_he-1,,Tariana,Chacon-2019-220-3_he,n̥ãhanaɾianʊka,n̥ãhanaɾianʊka,nʰ ã h a n a ɾ i a n ʊ k a,,Silva1961,,,,
Kumadene2-Chacon-2019-220-3_he-1,,Kumadene2,Chacon-2019-220-3_he,ɽhia,ɽhia,ɽʰ i a,,Silva1961,,,,
Waliperi-Chacon-2019-220-3_he-1,,Waliperi,Chacon-2019-220-3_he,ɽʰienahɐ̃,ɽʰienahɐ̃,ɽʰ i e n a h ɐ̃,,Silva1961,,,,
Kowaidakenai-Chacon-2019-220-3_he-1,,Kowaidakenai,Chacon-2019-220-3_he,ɽia,ɽia,ɽ i a,,Silva1961,,,,
Hohoodene-Chacon-2019-220-3_he-1,,Hohoodene,Chacon-2019-220-3_he,ɽia ~ ɽʰia,ɽia,ɽ i a,,Silva1961,,,,
Ehe-Chacon-2019-220-199_swim-1,,Ehe,Chacon-2019-220-199_swim,anʰaketi,anʰaketi,a nʰ a k e t i,,Granadillo2006,,,,
Aha-Chacon-2019-220-199_swim-1,,Aha,Chacon-2019-220-199_swim,hiñakada,hiñakada,h i ɲ a k a d a,,Granadillo2006,,,,
Werekena-Chacon-2019-220-199_swim-1,,Werekena,Chacon-2019-220-199_swim,jabɛdapi,jabɛdapi,j a b ɛ d a p i,,Silva1961,,,,
Name-Chacon-2019-220-199_swim-1,,Name,Chacon-2019-220-199_swim,liaisraːko,liaisraːko,l i a i s ɾ aː k o,,Granadillo2006,,,,
Dzawinai-Chacon-2019-220-199_swim-1,,Dzawinai,Chacon-2019-220-199_swim,maaʃakawa,maaʃakawa,m aː ʃ a k a w a,,Silva1961,,,,
Tariana-Chacon-2019-220-199_swim-1,,Tariana,Chacon-2019-220-199_swim,naihanã,naihanã,n a i h a n ã,,Silva1961,,,,
Kowaidakenai-Chacon-2019-220-199_swim-1,,Kowaidakenai,Chacon-2019-220-199_swim,nuahãkawa,nuahãkawa,n u a h ã k a w a,,Silva1961,,,,
Mauliene-Chacon-2019-220-199_swim-1,,Mauliene,Chacon-2019-220-199_swim,nuaʂaka,nuaʂaka,n u a ʂ a k a,,Silva1961,,,,
Waliperi-Chacon-2019-220-199_swim-1,,Waliperi,Chacon-2019-220-199_swim,ɽiaʂakawa,ɽiaʂakawa,ɽ i a ʂ a k a w a,,Silva1961,,,,
Moliwene-Chacon-2019-220-199_swim-1,,Moliwene,Chacon-2019-220-199_swim,wáʂiaka,wáʂiaka,w a ʂ i a k a,,Silva1961,,,,
Hohoodene-Chacon-2019-220-199_swim-1,,Hohoodene,Chacon-2019-220-199_swim,waʂiakawa,waʂiakawa,w a ʂ i a k a w a,,Silva1961,,,,
Oho-Chacon-2019-220-199_swim-1,,Oho,Chacon-2019-220-199_swim,jasraːketi,jasraːketi,j a s ɾ aː k e t i,,Granadillo2006,,,,
Aha-Chacon-2019-220-204_they-1,,Aha,Chacon-2019-220-204_they,anʰana,anʰana,a nʰ a n a,,Granadillo2006,,,,
Werekena-Chacon-2019-220-204_they-1,,Werekena,Chacon-2019-220-204_they,ɐniparo,ɐniparo,ɐ n i p a ɾ o,,Silva1961,,,,
Dzawinai-Chacon-2019-220-204_they-1,,Dzawinai,Chacon-2019-220-204_they,hã,hã,h ã,,Silva1961,,,,
Hohoodene-Chacon-2019-220-204_they-1,,Hohoodene,Chacon-2019-220-204_they,hâː,hâː,h âː/aː,,Silva1961,,,,
Mauliene-Chacon-2019-220-204_they-1,,Mauliene,Chacon-2019-220-204_they,háːtahɐ̃,háːtahɐ̃,h áː/aː t a h ɐ̃,,Silva1961,,,,
Waliperi-Chacon-2019-220-204_they-1,,Waliperi,Chacon-2019-220-204_they,hamahɐ̃,hamahɐ̃,h a m a h ɐ̃,,Silva1961,,,,
Oho-Chacon-2019-220-204_they-1,,Oho,Chacon-2019-220-204_they,hlienaha,hlienaha,h l i e n a h a,,Granadillo2006,,,,
Ehe-Chacon-2019-220-204_they-1,,Ehe,Chacon-2019-220-204_they,nʰaː,nʰaː,nʰ aː,,Granadillo2006,,,,
Name-Chacon-2019-220-204_they-1,,Name,Chacon-2019-220-204_they,nʰaː,nʰaː,nʰ aː,,Granadillo2006,,,,
Tariana-Chacon-2019-220-204_they-1,,Tariana,Chacon-2019-220-204_they,n̥ãhapã nawikihanũpɛ,n̥ãhapã nawikihanũpɛ,nʰ ã h a p ã + n a w i k i h a n ũ p ɛ,,Silva1961,,,,
Kowaidakenai-Chacon-2019-220-204_they-1,,Kowaidakenai,Chacon-2019-220-204_they,nʰaː,nʰaː,nʰ aː,,Silva1961,,,,
Werekena-Chacon-2019-220-75_fish-1,,Werekena,Chacon-2019-220-75_fish,ahsimɛhe,ahsimɛhe,a h s i m ɛ h e,,Silva1961,,,,
Name-Chacon-2019-220-75_fish-1,,Name,Chacon-2019-220-75_fish,kophe,kophe,k o pʰ e,,Granadillo2006,,,,
Oho-Chacon-2019-220-75_fish-1,,Oho,Chacon-2019-220-75_fish,kophe,kophe,k o pʰ e,,Granadillo2006,,,,
Aha-Chacon-2019-220-75_fish-1,,Aha,Chacon-2019-220-75_fish,kuphe,kuphe,k u pʰ e,,Granadillo2006,,,,
Ehe-Chacon-2019-220-75_fish-1,,Ehe,Chacon-2019-220-75_fish,kuphe,kuphe,k u pʰ e,,Granadillo2006,,,,
Kowaidakenai-Chacon-2019-220-75_fish-1,,Kowaidakenai,Chacon-2019-220-75_fish,kuphe,kuphe,k u pʰ e,,Silva1961,,,,
Kumadene2-Chacon-2019-220-75_fish-1,,Kumadene2,Chacon-2019-220-75_fish,kuphe,kuphe,k u pʰ e,,Silva1961,,,,
Dzawinai-Chacon-2019-220-75_fish-1,,Dzawinai,Chacon-2019-220-75_fish,kuphe,kuphe,k u pʰ e,,Silva1961,,,,
Moliwene-Chacon-2019-220-75_fish-1,,Moliwene,Chacon-2019-220-75_fish,kupʰɛ,kupʰɛ,k u pʰ ɛ,,Silva1961,,,,
Hohoodene-Chacon-2019-220-75_fish-1,,Hohoodene,Chacon-2019-220-75_fish,kupʰɛ,kupʰɛ,k u pʰ ɛ,,Silva1961,,,,
Kumadene1-Chacon-2019-220-75_fish-1,,Kumadene1,Chacon-2019-220-75_fish,kuphɛ,kuphɛ,k u pʰ ɛ,,,,,,
Mauliene-Chacon-2019-220-75_fish-1,,Mauliene,Chacon-2019-220-75_fish,kupʰɛ,kupʰɛ,k u pʰ ɛ,,Silva1961,,,,
Waliperi-Chacon-2019-220-75_fish-1,,Waliperi,Chacon-2019-220-75_fish,kupʰɛ,kupʰɛ,k u pʰ ɛ,,Silva1961,,,,
Tariana-Chacon-2019-220-75_fish-1,,Tariana,Chacon-2019-220-75_fish,kuphɛ,kuphɛ,k u pʰ ɛ,,Silva1961,,,,
Aha-Chacon-2019-220-70_few-1,,Aha,Chacon-2019-220-70_few,aima,aima,a i m a,,Granadillo2006,,,,
Werekena-Chacon-2019-220-70_few-1,,Werekena,Chacon-2019-220-70_few,ɐnipaɾu,ɐnipaɾu,ɐ n i p a ɾ u,,Silva1961,,,,
Kumadene2-Chacon-2019-220-70_few-1,,Kumadene2,Chacon-2019-220-70_few,eːp a,eːp a,eː p a,,Silva1961,,,,
Tariana-Chacon-2019-220-70_few-1,,Tariana,Chacon-2019-220-70_few,hĩdatupɛ,hĩdatupɛ,h ĩ d a t u p ɛ,,Silva1961,,,,
Waliperi-Chacon-2019-220-70_few-1,,Waliperi,Chacon-2019-220-70_few,taj̃ʰĩeka,taj̃ʰĩeka,t a j̃ʰ ĩ e k a,,Silva1961,,,,
Hohoodene-Chacon-2019-220-70_few-1,,Hohoodene,Chacon-2019-220-70_few,tsoːdaɽi,tsoːdaɽi,ts oː d a ɽ i,,Silva1961,,,,
Moliwene-Chacon-2019-220-70_few-1,,Moliwene,Chacon-2019-220-70_few,tsoːtsa,tsoːtsa,ts oː ts a,,Silva1961,,,,
Name-Chacon-2019-220-70_few-1,,Name,Chacon-2019-220-70_few,tsoːtsa,tsoːtsa,ts oː ts a,,Granadillo2006,,,,
Ehe-Chacon-2019-220-70_few-1,,Ehe,Chacon-2019-220-70_few,tsuːtsa,tsuːtsa,ts uː ts a,,Granadillo2006,,,,
Mauliene-Chacon-2019-220-70_few-1,,Mauliene,Chacon-2019-220-70_few,tsuːtsa,tsuːtsa,ts uː ts a,,Silva1961,,,,
Oho-Chacon-2019-220-70_few-1,,Oho,Chacon-2019-220-70_few,tsuːtsa,tsuːtsa,ts uː ts a,,Granadillo2006,,,,
Ehe-Chacon-2019-220-90_give-1,,Ehe,Chacon-2019-220-90_give,akaita ~ aːketi,akaita,a k a i t a,,Granadillo2006,,,,
Mauliene-Chacon-2019-220-90_give-1,,Mauliene,Chacon-2019-220-90_give,nuaka,nuaka,n u a k a,,Silva1961,,,,
Moliwene-Chacon-2019-220-90_give-1,,Moliwene,Chacon-2019-220-90_give,nũákani,nũákani,n ũ a k a n i,,Silva1961,,,,
Werekena-Chacon-2019-220-90_give-1,,Werekena,Chacon-2019-220-90_give,nutɐmiha,nutɐmiha,n u t ɐ m i h a,,Silva1961,,,,
Waliperi-Chacon-2019-220-90_give-1,,Waliperi,Chacon-2019-220-90_give,pianũhiume,pianũhiume,p i a n ũ h i u m e,,Silva1961,,,,
Dzawinai-Chacon-2019-220-90_give-1,,Dzawinai,Chacon-2019-220-90_give,ɽia,ɽia,ɽ i a,,Silva1961,,,,
Kowaidakenai-Chacon-2019-220-90_give-1,,Kowaidakenai,Chacon-2019-220-90_give,ɽiaka,ɽiaka,ɽ i a k a,,Silva1961,,,,
Kumadene2-Chacon-2019-220-90_give-1,,Kumadene2,Chacon-2019-220-90_give,ɽiakao,ɽiakao,ɽ i a k a o,,Silva1961,,,,
Tariana-Chacon-2019-220-90_give-1,,Tariana,Chacon-2019-220-90_give,ɾianʊka,ɾianʊka,ɾ i a n ʊ k a,,Silva1961,,,,
Aha-Chacon-2019-220-90_give-1,,Aha,Chacon-2019-220-90_give,jaːkada,jaːkada,j aː k a d a,,Granadillo2006,,,,
Oho-Chacon-2019-220-90_give-1,,Oho,Chacon-2019-220-90_give,jaːketi,jaːketi,j aː k e t i,,Granadillo2006,,,,
Name-Chacon-2019-220-90_give-1,,Name,Chacon-2019-220-90_give,jandaketi,jandaketi,j a n d a k e t i,,Granadillo2006,,,,
Werekena-Chacon-2019-220-68_afraid-1,,Werekena,Chacon-2019-220-68_afraid,akunɛti,akunɛti,a k u n ɛ t i,,Silva1961,,,,
Kowaidakenai-Chacon-2019-220-68_afraid-1,,Kowaidakenai,Chacon-2019-220-68_afraid,kajwaka,kajwaka,k a j w a k a,,Silva1961,,,,
Tariana-Chacon-2019-220-68_afraid-1,,Tariana,Chacon-2019-220-68_afraid,kaɾumanuka,kaɾumanuka,k a ɾ u m a n u k a,,Silva1961,,,,
Dzawinai-Chacon-2019-220-68_afraid-1,,Dzawinai,Chacon-2019-220-68_afraid,kaʐukani,kaʐukani,k a ʐ u k a n i,,Silva1961,,,,
Moliwene-Chacon-2019-220-68_afraid-1,,Moliwene,Chacon-2019-220-68_afraid,nuhioka,nuhioka,n u h i o k a,,Silva1961,,,,
Hohoodene-Chacon-2019-220-68_afraid-1,,Hohoodene,Chacon-2019-220-68_afraid,nuhiokawa,nuhiokawa,n u h i o k a w a,,Silva1961,,,,
Mauliene-Chacon-2019-220-68_afraid-1,,Mauliene,Chacon-2019-220-68_afraid,nuhiowa,nuhiowa,n u h i o w a,,Silva1961,,,,
Kumadene2-Chacon-2019-220-68_afraid-1,,Kumadene2,Chacon-2019-220-68_afraid,nutape,nutape,n u t a p e,,Silva1961,,,,
Werekena-Chacon-2019-220-239_year-1,,Werekena,Chacon-2019-220-239_year,amusiɐ̃,amusiɐ̃,a m u s i ɐ̃,,Silva1961,,,,
Hohoodene-Chacon-2019-220-239_year-1,,Hohoodene,Chacon-2019-220-239_year,hamoɽi,hamoɽi,h a m o ɽ i,,Silva1961,,,,
Waliperi-Chacon-2019-220-239_year-1,,Waliperi,Chacon-2019-220-239_year,hamoɽi,hamoɽi,h a m o ɽ i,,Silva1961,,,,
Dzawinai-Chacon-2019-220-239_year-1,,Dzawinai,Chacon-2019-220-239_year,hamuɽi,hamuɽi,h a m u ɽ i,,Silva1961,,,,
Kumadene2-Chacon-2019-220-239_year-1,,Kumadene2,Chacon-2019-220-239_year,ihamuɽi,ihamuɽi,i h a m u ɽ i,,Silva1961,,,,
Tariana-Chacon-2019-220-239_year-1,,Tariana,Chacon-2019-220-239_year,kãmũĩ,kãmũĩ,k ã m ũ ĩ,,Silva1961,,,,
Ehe-Chacon-2019-220-239_year-1,,Ehe,Chacon-2019-220-239_year,paːda año,paːda año,p aː d a + a ɲ o,,Granadillo2006,,,,
Oho-Chacon-2019-220-239_year-1,,Oho,Chacon-2019-220-239_year,pada aːño,pada aːño,p a d a + aː ɲ o,,Granadillo2006,,,,
Name-Chacon-2019-220-239_year-1,,Name,Chacon-2019-220-239_year,pada año,pada año,p a d a + a ɲ o,,Granadillo2006,,,,
Aha-Chacon-2019-220-239_year-1,,Aha,Chacon-2019-220-239_year,pada hamoli,pada hamoli,p a d a + h a m o l i,,Granadillo2006,,,,
Mauliene-Chacon-2019-220-239_year-1,,Mauliene,Chacon-2019-220-239_year,pawaɽia,pawaɽia,p a w a ɽ i a,,Silva1961,,,,
Kowaidakenai-Chacon-2019-220-239_year-1,,Kowaidakenai,Chacon-2019-220-239_year,waɽipeɽi,waɽipeɽi,w a ɽ i p e ɽ i,,Silva1961,,,,
Werekena-Chacon-2019-220-28_bird-1,,Werekena,Chacon-2019-220-28_bird,amutʃitihɐ̃,amutʃitihɐ̃,a m u tʃ i t i h ɐ̃,,Silva1961,,,,
Kumadene1-Chacon-2019-220-28_bird-1,,Kumadene1,Chacon-2019-220-28_bird,keːpiʐɐ,keːpiʐɐ,k eː p i ʐ ɐ,,,,,,
Tariana-Chacon-2019-220-28_bird-1,,Tariana,Chacon-2019-220-28_bird,kepiɾiahʲa,kepiɾiahʲa,k e p i ɾ i a hʲ a,,Silva1961,,,,
Waliperi-Chacon-2019-220-28_bird-1,,Waliperi,Chacon-2019-220-28_bird,kepiʐeːni,kepiʐeːni,k e p i ʐ eː n i,,Silva1961,,,,
Moliwene-Chacon-2019-220-28_bird-1,,Moliwene,Chacon-2019-220-28_bird,kepiʐeni,kepiʐeni,k e p i ʐ e n i,,Silva1961,,,,
Hohoodene-Chacon-2019-220-28_bird-1,,Hohoodene,Chacon-2019-220-28_bird,kepiʐeni,kepiʐeni,k e p i ʐ e n i,,Silva1961,,,,
Mauliene-Chacon-2019-220-28_bird-1,,Mauliene,Chacon-2019-220-28_bird,kepiʐeni,kepiʐeni,k e p i ʐ e n i,,Silva1961,,,,
Dzawinai-Chacon-2019-220-28_bird-1,,Dzawinai,Chacon-2019-220-28_bird,kepiʐeni,kepiʐeni,k e p i ʐ e n i,,Silva1961,,,,
Kumadene2-Chacon-2019-220-28_bird-1,,Kumadene2,Chacon-2019-220-28_bird,kuiphiaʐu,kuiphiaʐu,k u i pʰ i a ʐ u,,Silva1961,,,,
Kowaidakenai-Chacon-2019-220-28_bird-1,,Kowaidakenai,Chacon-2019-220-28_bird,tike,tike,t i k e,,Silva1961,,,,
Ehe-Chacon-2019-220-28_bird-1,,Ehe,Chacon-2019-220-28_bird,tsiːka,tsiːka,ts iː k a,,Granadillo2006,,,,
Name-Chacon-2019-220-28_bird-1,,Name,Chacon-2019-220-28_bird,wiːpiaro,wiːpiaro,w iː p i a ɾ o,,Granadillo2006,,,,
Aha-Chacon-2019-220-28_bird-1,,Aha,Chacon-2019-220-28_bird,wiphiaro,wiphiaro,w i pʰ i a ɾ o,,Granadillo2006,,,,
Oho-Chacon-2019-220-28_bird-1,,Oho,Chacon-2019-220-28_bird,jaːrakape,jaːrakape,j aː ɾ a k a p e,,Granadillo2006,,,,
Werekena-Chacon-2019-220-54_dirty-1,,Werekena,Chacon-2019-220-54_dirty,anajboda,anajboda,a n a j b o d a,,Silva1961,,,,
Oho-Chacon-2019-220-54_dirty-1,,Oho,Chacon-2019-220-54_dirty,dohenaːdale,dohenaːdale,d o h e n aː d a l e,,Granadillo2006,,,,
Ehe-Chacon-2019-220-54_dirty-1,,Ehe,Chacon-2019-220-54_dirty,duenʰa,duenʰa,d u e nʰ a,,Granadillo2006,,,,
Hohoodene-Chacon-2019-220-54_dirty-1,,Hohoodene,Chacon-2019-220-54_dirty,duhɛnaːdɛ,duhɛnaːdɛ,d u h ɛ n aː d ɛ,,Silva1961,,,,
Waliperi-Chacon-2019-220-54_dirty-1,,Waliperi,Chacon-2019-220-54_dirty,kaːpitadaɽi,kaːpitadaɽi,k aː p i t a d a ɽ i,,Silva1961,,,,
Name-Chacon-2019-220-54_dirty-1,,Name,Chacon-2019-220-54_dirty,koapithadai,koapithadai,k o a p i tʰ a d a i,,Granadillo2006,,,,
Aha-Chacon-2019-220-54_dirty-1,,Aha,Chacon-2019-220-54_dirty,maːtsidali ~ kaopithadali,maːtsidali,m aː ts i d a l i,,Granadillo2006,,,,
Mauliene-Chacon-2019-220-54_dirty-1,,Mauliene,Chacon-2019-220-54_dirty,nuhenakani,nuhenakani,n u h e n a k a n i,,Silva1961,,,,
Tariana-Chacon-2019-220-54_dirty-1,,Tariana,Chacon-2019-220-54_dirty,ɲupisɛhanupiteãma,ɲupisɛhanupiteãma,ɲ u p i s ɛ h a n u p i t e ã m a,,Silva1961,,,,
Kumadene2-Chacon-2019-220-54_dirty-1,,Kumadene2,Chacon-2019-220-54_dirty,phia,phia,pʰ i a,,Silva1961,,,,
Werekena-Chacon-2019-220-160_right-1,,Werekena,Chacon-2019-220-160_right,anɛpiɽi,anɛpiɽi,a n ɛ p i ɽ i,,Silva1961,,,,
Oho-Chacon-2019-220-160_right-1,,Oho,Chacon-2019-220-160_right,hapeːdale,hapeːdale,h a p eː d a l e,,Granadillo2006,,,,
Kumadene2-Chacon-2019-220-160_right-1,,Kumadene2,Chacon-2019-220-160_right,maiaka,maiaka,m a i a k a,,Silva1961,,,,
Tariana-Chacon-2019-220-160_right-1,,Tariana,Chacon-2019-220-160_right,masiakani,masiakani,m a s i a k a n i,,Silva1961,,,,
Name-Chacon-2019-220-160_right-1,,Name,Chacon-2019-220-160_right,matsia,matsia,m a ts i a,,Granadillo2006,,,,
Ehe-Chacon-2019-220-160_right-1,,Ehe,Chacon-2019-220-160_right,matsiakhai ~ matsankhai,matsiakhai,m a ts i a kʰ a i,,Granadillo2006,,,,
Aha-Chacon-2019-220-160_right-1,,Aha,Chacon-2019-220-160_right,matsiani,matsiani,m a ts i a n i,,Granadillo2006,,,,
Mauliene-Chacon-2019-220-160_right-1,,Mauliene,Chacon-2019-220-160_right,nudzekema,nudzekema,n u dz e k e m a,,Silva1961,,,,
Hohoodene-Chacon-2019-220-160_right-1,,Hohoodene,Chacon-2019-220-160_right,padzɛkema,padzɛkema,p a dz ɛ k e m a,,Silva1961,,,,
Werekena-Chacon-2019-220-195_straight-1,,Werekena,Chacon-2019-220-195_straight,anɛpiɽi,anɛpiɽi,a n ɛ p i ɽ i,,Silva1961,,,,
Ehe-Chacon-2019-220-195_straight-1,,Ehe,Chacon-2019-220-195_straight,dzekeːma,dzekeːma,dz e k eː m a,,Granadillo2006,,,,
Oho-Chacon-2019-220-195_straight-1,,Oho,Chacon-2019-220-195_straight,madzakandale,madzakandale,m a dz a k a n d a l e,,Granadillo2006,,,,
Hohoodene-Chacon-2019-220-195_straight-1,,Hohoodene,Chacon-2019-220-195_straight,madzakanʰĩdaɽi,madzakanʰĩdaɽi,m a dz a k a nʰ ĩ d a ɽ i,,Silva1961,,,,
Mauliene-Chacon-2019-220-195_straight-1,,Mauliene,Chacon-2019-220-195_straight,madzakani,madzakani,m a dz a k a n i,,Silva1961,,,,
Kumadene2-Chacon-2019-220-195_straight-1,,Kumadene2,Chacon-2019-220-195_straight,mahiaka,mahiaka,m a h i a k a,,Silva1961,,,,
Tariana-Chacon-2019-220-195_straight-1,,Tariana,Chacon-2019-220-195_straight,majakaniː,majakaniː,m a j a k a n iː,,Silva1961,,,,
Name-Chacon-2019-220-195_straight-1,,Name,Chacon-2019-220-195_straight,majakan~dali,majakan,m a j a k a n,,Granadillo2006,,,,
Aha-Chacon-2019-220-195_straight-1,,Aha,Chacon-2019-220-195_straight,majakani,majakani,m a j a k a n i,,Granadillo2006,,,,
Kowaidakenai-Chacon-2019-220-195_straight-1,,Kowaidakenai,Chacon-2019-220-195_straight,ɽiemaka,ɽiemaka,ɽ i e m a k a,,Silva1961,,,,
Dzawinai-Chacon-2019-220-195_straight-1,,Dzawinai,Chacon-2019-220-195_straight,ɽiemaka,ɽiemaka,ɽ i e m a k a,,Silva1961,,,,
Kumadene1-Chacon-2019-220-67_father-1,,Kumadene1,Chacon-2019-220-67_father,aniːɾi,aniːɾi,a n iː ɾ i,,,,,,
Moliwene-Chacon-2019-220-67_father-1,,Moliwene,Chacon-2019-220-67_father,haniʐi,haniʐi,h a n i ʐ i,,Silva1961,,,,
Kumadene2-Chacon-2019-220-67_father-1,,Kumadene2,Chacon-2019-220-67_father,haniʐi,haniʐi,h a n i ʐ i,,Silva1961,,,,
Waliperi-Chacon-2019-220-67_father-1,,Waliperi,Chacon-2019-220-67_father,huniɽi,huniɽi,h u n i ɽ i,,Silva1961,,,,
Hohoodene-Chacon-2019-220-67_father-1,,Hohoodene,Chacon-2019-220-67_father,nʰuniʐi,nʰuniʐi,nʰ u n i ʐ i,,Silva1961,,,,
Mauliene-Chacon-2019-220-67_father-1,,Mauliene,Chacon-2019-220-67_father,nuniʐi,nuniʐi,n u n i ʐ i,,Silva1961,,,,
Werekena-Chacon-2019-220-67_father-1,,Werekena,Chacon-2019-220-67_father,nuɾoɐmi,nuɾoɐmi,n u ɾ o ɐ m i,,Silva1961,,,,
Tariana-Chacon-2019-220-67_father-1,,Tariana,Chacon-2019-220-67_father,pajka,pajka,p a j k a,,Silva1961,,,,
Waliperi-Chacon-2019-220-148_one-1,,Waliperi,Chacon-2019-220-148_one,apada,apada,a p a d a,,Silva1961,,,,
Ehe-Chacon-2019-220-148_one-1,,Ehe,Chacon-2019-220-148_one,apadanali,apadanali,a p a d a n a l i,,Granadillo2006,,,,
Moliwene-Chacon-2019-220-148_one-1,,Moliwene,Chacon-2019-220-148_one,apadata,apadata,a p a d a t a,,Silva1961,,,,
Hohoodene-Chacon-2019-220-148_one-1,,Hohoodene,Chacon-2019-220-148_one,apaita,apaita,a p a i t a,,Silva1961,,,,
Kumadene2-Chacon-2019-220-148_one-1,,Kumadene2,Chacon-2019-220-148_one,hapada,hapada,h a p a d a,,Silva1961,,,,
Dzawinai-Chacon-2019-220-148_one-1,,Dzawinai,Chacon-2019-220-148_one,hapajta,hapajta,h a p a j t a,,Silva1961,,,,
Kowaidakenai-Chacon-2019-220-148_one-1,,Kowaidakenai,Chacon-2019-220-148_one,hapeːpa,hapeːpa,h a p eː p a,,Silva1961,,,,
Mauliene-Chacon-2019-220-148_one-1,,Mauliene,Chacon-2019-220-148_one,padata,padata,p a d a t a,,Silva1961,,,,
Aha-Chacon-2019-220-148_one-1,,Aha,Chacon-2019-220-148_one,padatsa,padatsa,p a d a ts a,,Granadillo2006,,,,
Name-Chacon-2019-220-148_one-1,,Name,Chacon-2019-220-148_one,padatsa,padatsa,p a d a ts a,,Granadillo2006,,,,
Oho-Chacon-2019-220-148_one-1,,Oho,Chacon-2019-220-148_one,padatsa,padatsa,p a d a ts a,,Granadillo2006,,,,
Werekena-Chacon-2019-220-148_one-1,,Werekena,Chacon-2019-220-148_one,patʃɛɾo,patʃɛɾo,p a tʃ ɛ ɾ o,,Silva1961,,,,
Tariana-Chacon-2019-220-148_one-1,,Tariana,Chacon-2019-220-148_one,pəitetuki,pəitetuki,p ə i t e t u k i,,Silva1961,,,,
Kumadene1-Chacon-2019-220-148_one-1,,Kumadene1,Chacon-2019-220-148_one,phɛpɐ,phɛpɐ,pʰ ɛ p ɐ,,,,,,
Werekena-Chacon-2019-220-188_smooth-1,,Werekena,Chacon-2019-220-188_smooth,apitsili,apitsili,a p i ts i l i,,Silva1961,,,,
Tariana-Chacon-2019-220-188_smooth-1,,Tariana,Chacon-2019-220-188_smooth,ĩkesipeɾɪ,ĩkesipeɾɪ,ĩ k e s i p e ɾ ɪ,,Silva1961,,,,
Kumadene2-Chacon-2019-220-188_smooth-1,,Kumadene2,Chacon-2019-220-188_smooth,kahaimeka,kahaimeka,k a h a i m e k a,,Silva1961,,,,
Ehe-Chacon-2019-220-188_smooth-1,,Ehe,Chacon-2019-220-188_smooth,keːti,keːti,k eː t i,,Granadillo2006,,,,
Name-Chacon-2019-220-188_smooth-1,,Name,Chacon-2019-220-188_smooth,keːti,keːti,k eː t i,,Granadillo2006,,,,
Oho-Chacon-2019-220-188_smooth-1,,Oho,Chacon-2019-220-188_smooth,keːtidale,keːtidale,k eː t i d a l e,,Granadillo2006,,,,
Aha-Chacon-2019-220-188_smooth-1,,Aha,Chacon-2019-220-188_smooth,keːtidali,keːtidali,k eː t i d a l i,,Granadillo2006,,,,
Mauliene-Chacon-2019-220-188_smooth-1,,Mauliene,Chacon-2019-220-188_smooth,ketikani,ketikani,k e t i k a n i,,Silva1961,,,,
Hohoodene-Chacon-2019-220-188_smooth-1,,Hohoodene,Chacon-2019-220-188_smooth,kɛːpidɛ,kɛːpidɛ,k ɛː p i d ɛ,,Silva1961,,,,
Werekena-Chacon-2019-220-179_short-1,,Werekena,Chacon-2019-220-179_short,aɽɛtili,aɽɛtili,a ɽ ɛ t i l i,,Silva1961,,,,
Oho-Chacon-2019-220-179_short-1,,Oho,Chacon-2019-220-179_short,madoadale,madoadale,m a d o a d a l e,,Granadillo2006,,,,
Hohoodene-Chacon-2019-220-179_short-1,,Hohoodene,Chacon-2019-220-179_short,madoadaɽi,madoadaɽi,m a d o a d a ɽ i,,Silva1961,,,,
Waliperi-Chacon-2019-220-179_short-1,,Waliperi,Chacon-2019-220-179_short,madoadaɽi,madoadaɽi,m a d o a d a ɽ i,,Silva1961,,,,
Kumadene2-Chacon-2019-220-179_short-1,,Kumadene2,Chacon-2019-220-179_short,madoatsa,madoatsa,m a d o a ts a,,Silva1961,,,,
Mauliene-Chacon-2019-220-179_short-1,,Mauliene,Chacon-2019-220-179_short,madoatsa,madoatsa,m a d o a ts a,,Silva1961,,,,
Tariana-Chacon-2019-220-179_short-1,,Tariana,Chacon-2019-220-179_short,mãdɔkadeuanipɛtupɛ,mãdɔkadeuanipɛtupɛ,m ã d ɔ k a d e u a n i p ɛ t u p ɛ,,Silva1961,,,,
Ehe-Chacon-2019-220-179_short-1,,Ehe,Chacon-2019-220-179_short,madua,madua,m a d u a,,Granadillo2006,,,,
Aha-Chacon-2019-220-179_short-1,,Aha,Chacon-2019-220-179_short,medadali,medadali,m e d a d a l i,,Granadillo2006,,,,
Name-Chacon-2019-220-179_short-1,,Name,Chacon-2019-220-179_short,medadali,medadali,m e d a d a l i,,Granadillo2006,,,,
Werekena-Chacon-2019-220-139_narrow-1,,Werekena,Chacon-2019-220-139_narrow,aɾɛpili,aɾɛpili,a ɾ ɛ p i l i,,Silva1961,,,,
Tariana-Chacon-2019-220-139_narrow-1,,Tariana,Chacon-2019-220-139_narrow,hesakadewanʊtuki,hesakadewanʊtuki,h e s a k a d e w a n ʊ t u k i,,Silva1961,,,,
Aha-Chacon-2019-220-139_narrow-1,,Aha,Chacon-2019-220-139_narrow,medadali,medadali,m e d a d a l i,,Granadillo2006,,,,
Hohoodene-Chacon-2019-220-139_narrow-1,,Hohoodene,Chacon-2019-220-139_narrow,tsoːdaɽi,tsoːdaɽi,ts oː d a ɽ i,,Silva1961,,,,
Name-Chacon-2019-220-139_narrow-1,,Name,Chacon-2019-220-139_narrow,tsoːkai,tsoːkai,ts oː k a i,,Granadillo2006,,,,
Oho-Chacon-2019-220-139_narrow-1,,Oho,Chacon-2019-220-139_narrow,tsoːpeki,tsoːpeki,ts oː p e k i,,Granadillo2006,,,,
Waliperi-Chacon-2019-220-139_narrow-1,,Waliperi,Chacon-2019-220-139_narrow,tsoːpɛki,tsoːpɛki,ts oː p ɛ k i,,Silva1961,,,,
Mauliene-Chacon-2019-220-139_narrow-1,,Mauliene,Chacon-2019-220-139_narrow,tsuːkatsani,tsuːkatsani,ts uː k a ts a n i,,Silva1961,,,,
Kumadene2-Chacon-2019-220-139_narrow-1,,Kumadene2,Chacon-2019-220-139_narrow,tsuapo,tsuapo,ts u a p o,,Silva1961,,,,
Ehe-Chacon-2019-220-139_narrow-1,,Ehe,Chacon-2019-220-139_narrow,tsuite,tsuite,ts u i t e,,Granadillo2006,,,,
Werekena-Chacon-2019-220-93_herbgrass-1,,Werekena,Chacon-2019-220-93_herbgrass,aɾipɛɾi,aɾipɛɾi,a ɾ i p ɛ ɾ i,,Silva1961,,,,
Tariana-Chacon-2019-220-93_herbgrass-1,,Tariana,Chacon-2019-220-93_herbgrass,kanapiɾi,kanapiɾi,k a n a p i ɾ i,,Silva1961,,,,
Mauliene-Chacon-2019-220-93_herbgrass-1,,Mauliene,Chacon-2019-220-93_herbgrass,kanapiʐi,kanapiʐi,k a n a p i ʐ i,,Silva1961,,,,
Waliperi-Chacon-2019-220-93_herbgrass-1,,Waliperi,Chacon-2019-220-93_herbgrass,maɽiːti,maɽiːti,m a ɽ iː t i,,Silva1961,,,,
Moliwene-Chacon-2019-220-93_herbgrass-1,,Moliwene,Chacon-2019-220-93_herbgrass,matʃidaɽi,matʃidaɽi,m a tʃ i d a ɽ i,,Silva1961,,,,
Hohoodene-Chacon-2019-220-93_herbgrass-1,,Hohoodene,Chacon-2019-220-93_herbgrass,matʃidaɽi,matʃidaɽi,m a tʃ i d a ɽ i,,Silva1961,,,,
Kumadene2-Chacon-2019-220-93_herbgrass-1,,Kumadene2,Chacon-2019-220-93_herbgrass,paɽiːti,paɽiːti,p a ɽ iː t i,,Silva1961,,,,
Werekena-Chacon-2019-220-229_white-1,,Werekena,Chacon-2019-220-229_white,aɾiɾi,aɾiɾi,a ɾ i ɾ i,,Silva1961,,,,
Ehe-Chacon-2019-220-229_white-1,,Ehe,Chacon-2019-220-229_white,haːle,haːle,h aː l e,,Granadillo2006,,,,
Aha-Chacon-2019-220-229_white-1,,Aha,Chacon-2019-220-229_white,haːledali,haːledali,h aː l e d a l i,,Granadillo2006,,,,
Name-Chacon-2019-220-229_white-1,,Name,Chacon-2019-220-229_white,haːledali,haːledali,h aː l e d a l i,,Granadillo2006,,,,
Oho-Chacon-2019-220-229_white-1,,Oho,Chacon-2019-220-229_white,haːledare,haːledare,h aː l e d a ɾ e,,Granadillo2006,,,,
Dzawinai-Chacon-2019-220-229_white-1,,Dzawinai,Chacon-2019-220-229_white,haːɽe,haːɽe,h aː ɽ e,,Silva1961,,,,
Kowaidakenai-Chacon-2019-220-229_white-1,,Kowaidakenai,Chacon-2019-220-229_white,haːɽikani,haːɽikani,h aː ɽ i k a n i,,Silva1961,,,,
Kumadene2-Chacon-2019-220-229_white-1,,Kumadene2,Chacon-2019-220-229_white,haɽedaɽi,haɽedaɽi,h a ɽ e d a ɽ i,,Silva1961,,,,
Mauliene-Chacon-2019-220-229_white-1,,Mauliene,Chacon-2019-220-229_white,haɽekani,haɽekani,h a ɽ e k a n i,,Silva1961,,,,
Moliwene-Chacon-2019-220-229_white-1,,Moliwene,Chacon-2019-220-229_white,haɽɛdaɽi,haɽɛdaɽi,h a ɽ ɛ d a ɽ i,,Silva1961,,,,
Hohoodene-Chacon-2019-220-229_white-1,,Hohoodene,Chacon-2019-220-229_white,haɽɛdaɽi,haɽɛdaɽi,h a ɽ ɛ d a ɽ i,,Silva1961,,,,
Waliperi-Chacon-2019-220-229_white-1,,Waliperi,Chacon-2019-220-229_white,haɽɛdaɽi,haɽɛdaɽi,h a ɽ ɛ d a ɽ i,,Silva1961,,,,
Kumadene1-Chacon-2019-220-229_white-1,,Kumadene1,Chacon-2019-220-229_white,haɾenĩpɛ,haɾenĩpɛ,h a ɾ e n ĩ p ɛ,,,,,,
Tariana-Chacon-2019-220-229_white-1,,Tariana,Chacon-2019-220-229_white,haɾɛmanʊ̃ka,haɾɛmanʊ̃ka,h a ɾ ɛ m a n ʊ̃ k a,,Silva1961,,,,
Werekena-Chacon-2019-220-66_grease-1,,Werekena,Chacon-2019-220-66_grease,asiːpa,asiːpa,a s iː p a,,Silva1961,,,,
Moliwene-Chacon-2019-220-66_grease-1,,Moliwene,Chacon-2019-220-66_grease,keːpɛdaɽi,keːpɛdaɽi,k eː p ɛ d a ɽ i,,Silva1961,,,,
Tariana-Chacon-2019-220-66_grease-1,,Tariana,Chacon-2019-220-66_grease,ketsiː~iːtsi,ketsiː,k e ts iː,,Silva1961,,,,
Aha-Chacon-2019-220-66_grease-1,,Aha,Chacon-2019-220-66_grease,liːti,liːti,l iː t i,,Granadillo2006,,,,
Name-Chacon-2019-220-66_grease-1,,Name,Chacon-2019-220-66_grease,liːti,liːti,l iː t i,,Granadillo2006,,,,
Oho-Chacon-2019-220-66_grease-1,,Oho,Chacon-2019-220-66_grease,liːti,liːti,l iː t i,,Granadillo2006,,,,
Ehe-Chacon-2019-220-66_grease-1,,Ehe,Chacon-2019-220-66_grease,litavana,litavana,l i t a v a n a,,Granadillo2006,,,,
Kumadene1-Chacon-2019-220-66_grease-1,,Kumadene1,Chacon-2019-220-66_grease,pɛmekapidapɛ,pɛmekapidapɛ,p ɛ m e k a p i d a p ɛ,,,,,,
Waliperi-Chacon-2019-220-66_grease-1,,Waliperi,Chacon-2019-220-66_grease,ɽiːpi,ɽiːpi,ɽ iː p i,,Silva1961,,,,
Hohoodene-Chacon-2019-220-66_grease-1,,Hohoodene,Chacon-2019-220-66_grease,ɽiːti,ɽiːti,ɽ iː t i,,Silva1961,,,,
Kumadene2-Chacon-2019-220-66_grease-1,,Kumadene2,Chacon-2019-220-66_grease,ɽiːti,ɽiːti,ɽ iː t i,,Silva1961,,,,
Mauliene-Chacon-2019-220-66_grease-1,,Mauliene,Chacon-2019-220-66_grease,ɽiːti,ɽiːti,ɽ iː t i,,Silva1961,,,,
Dzawinai-Chacon-2019-220-66_grease-1,,Dzawinai,Chacon-2019-220-66_grease,ɽiːti,ɽiːti,ɽ iː t i,,Silva1961,,,,
Kowaidakenai-Chacon-2019-220-66_grease-1,,Kowaidakenai,Chacon-2019-220-66_grease,ʐuika,ʐuika,ʐ u i k a,,Silva1961,,,,
Werekena-Chacon-2019-220-133_moon-1,,Werekena,Chacon-2019-220-133_moon,asita,asita,a s i t a,,Silva1961,,,,
Moliwene-Chacon-2019-220-133_moon-1,,Moliwene,Chacon-2019-220-133_moon,keːɽi,keːɽi,k eː ɽ i,,Silva1961,,,,
Hohoodene-Chacon-2019-220-133_moon-1,,Hohoodene,Chacon-2019-220-133_moon,keːɽi,keːɽi,k eː ɽ i,,Silva1961,,,,
Kowaidakenai-Chacon-2019-220-133_moon-1,,Kowaidakenai,Chacon-2019-220-133_moon,keːɽi,keːɽi,k eː ɽ i,,Silva1961,,,,
Tariana-Chacon-2019-220-133_moon-1,,Tariana,Chacon-2019-220-133_moon,keːɾi,keːɾi,k eː ɾ i,,Silva1961,,,,
Kumadene2-Chacon-2019-220-133_moon-1,,Kumadene2,Chacon-2019-220-133_moon,keːʐi,keːʐi,k eː ʐ i,,Silva1961,,,,
Mauliene-Chacon-2019-220-133_moon-1,,Mauliene,Chacon-2019-220-133_moon,keːʐi,keːʐi,k eː ʐ i,,Silva1961,,,,
Dzawinai-Chacon-2019-220-133_moon-1,,Dzawinai,Chacon-2019-220-133_moon,keːʐi,keːʐi,k eː ʐ i,,Silva1961,,,,
Waliperi-Chacon-2019-220-133_moon-1,,Waliperi,Chacon-2019-220-133_moon,tʃɛːɾi,tʃɛːɾi,tʃ ɛː ɾ i,,Silva1961,,,,
Werekena-Chacon-2019-220-74_fire-1,,Werekena,Chacon-2019-220-74_fire,asti,asti,a s t i,,Silva1961,,,,
Tariana-Chacon-2019-220-74_fire-1,,Tariana,Chacon-2019-220-74_fire,itʃaua,itʃaua,i tʃ a u a,,Silva1961,,,,
Kumadene1-Chacon-2019-220-74_fire-1,,Kumadene1,Chacon-2019-220-74_fire,ʃjawɐ,ʃjawɐ,ʃ j a w ɐ,,,,,,
Ehe-Chacon-2019-220-74_fire-1,,Ehe,Chacon-2019-220-74_fire,tidze,tidze,t i dz e,,Granadillo2006,,,,
Oho-Chacon-2019-220-74_fire-1,,Oho,Chacon-2019-220-74_fire,tidze,tidze,t i dz e,,Granadillo2006,,,,
Dzawinai-Chacon-2019-220-74_fire-1,,Dzawinai,Chacon-2019-220-74_fire,tidze,tidze,t i dz e,,Silva1961,,,,
Moliwene-Chacon-2019-220-74_fire-1,,Moliwene,Chacon-2019-220-74_fire,tidzɛ,tidzɛ,t i dz ɛ,,Silva1961,,,,
Mauliene-Chacon-2019-220-74_fire-1,,Mauliene,Chacon-2019-220-74_fire,tidzɛ,tidzɛ,t i dz ɛ,,Silva1961,,,,
Kowaidakenai-Chacon-2019-220-74_fire-1,,Kowaidakenai,Chacon-2019-220-74_fire,tidʒe,tidʒe,t i dʒ e,,Silva1961,,,,
Kumadene2-Chacon-2019-220-74_fire-1,,Kumadene2,Chacon-2019-220-74_fire,tije,tije,t i j e,,Silva1961,,,,
Name-Chacon-2019-220-74_fire-1,,Name,Chacon-2019-220-74_fire,tije,tije,t i j e,,Granadillo2006,,,,
Hohoodene-Chacon-2019-220-74_fire-1,,Hohoodene,Chacon-2019-220-74_fire,ʈidzɛ,ʈidzɛ,t i dz ɛ,,Silva1961,,,,
Waliperi-Chacon-2019-220-74_fire-1,,Waliperi,Chacon-2019-220-74_fire,ʈidzɛ,ʈidzɛ,t i dz ɛ,,Silva1961,,,,
Aha-Chacon-2019-220-74_fire-1,,Aha,Chacon-2019-220-74_fire,watopita,watopita,w a t o p i t a,,Granadillo2006,,,,
Werekena-Chacon-2019-220-131_many-1,,Werekena,Chacon-2019-220-131_many,asupɛɾi,asupɛɾi,a s u p ɛ ɾ i,,Silva1961,,,,
Kumadene2-Chacon-2019-220-131_many-1,,Kumadene2,Chacon-2019-220-131_many,eːpa,eːpa,eː p a,,Silva1961,,,,
Tariana-Chacon-2019-220-131_many-1,,Tariana,Chacon-2019-220-131_many,hanʊ̃pɛ,hanʊ̃pɛ,h a n ʊ̃ p ɛ,,Silva1961,,,,
Name-Chacon-2019-220-131_many-1,,Name,Chacon-2019-220-131_many,hore,hore,h o ɾ e,,Granadillo2006,,,,
Aha-Chacon-2019-220-131_many-1,,Aha,Chacon-2019-220-131_many,hure,hure,h u ɾ e,,Granadillo2006,,,,
Ehe-Chacon-2019-220-131_many-1,,Ehe,Chacon-2019-220-131_many,hure,hure,h u ɾ e,,Granadillo2006,,,,
Oho-Chacon-2019-220-131_many-1,,Oho,Chacon-2019-220-131_many,hure,hure,h u ɾ e,,Granadillo2006,,,,
Dzawinai-Chacon-2019-220-131_many-1,,Dzawinai,Chacon-2019-220-131_many,manupe,manupe,m a n u p e,,Silva1961,,,,
Kowaidakenai-Chacon-2019-220-131_many-1,,Kowaidakenai,Chacon-2019-220-131_many,manupeka,manupeka,m a n u p e k a,,Silva1961,,,,
Moliwene-Chacon-2019-220-131_many-1,,Moliwene,Chacon-2019-220-131_many,manupɛ,manupɛ,m a n u p ɛ,,Silva1961,,,,
Hohoodene-Chacon-2019-220-131_many-1,,Hohoodene,Chacon-2019-220-131_many,manupɛ,manupɛ,m a n u p ɛ,,Silva1961,,,,
Mauliene-Chacon-2019-220-131_many-1,,Mauliene,Chacon-2019-220-131_many,manúpɛ,manúpɛ,m a n u/u p ɛ,,Silva1961,,,,
Waliperi-Chacon-2019-220-131_many-1,,Waliperi,Chacon-2019-220-131_many,mɐnupɛ,mɐnupɛ,m ɐ n u p ɛ,,Silva1961,,,,
Werekena-Chacon-2019-220-108_hot-1,,Werekena,Chacon-2019-220-108_hot,atali,atali,a t a l i,,Silva1961,,,,
Ehe-Chacon-2019-220-108_hot-1,,Ehe,Chacon-2019-220-108_hot,haːmu,haːmu,h aː m u,,Granadillo2006,,,,
Dzawinai-Chacon-2019-220-108_hot-1,,Dzawinai,Chacon-2019-220-108_hot,hamo,hamo,h a m o,,Silva1961,,,,
Waliperi-Chacon-2019-220-108_hot-1,,Waliperi,Chacon-2019-220-108_hot,hamõ,hamõ,h a m õ,,Silva1961,,,,
Oho-Chacon-2019-220-108_hot-1,,Oho,Chacon-2019-220-108_hot,hamodale,hamodale,h a m o d a l e,,Granadillo2006,,,,
Aha-Chacon-2019-220-108_hot-1,,Aha,Chacon-2019-220-108_hot,hamodali,hamodali,h a m o d a l i,,Granadillo2006,,,,
Name-Chacon-2019-220-108_hot-1,,Name,Chacon-2019-220-108_hot,hamodali,hamodali,h a m o d a l i,,Granadillo2006,,,,
Moliwene-Chacon-2019-220-108_hot-1,,Moliwene,Chacon-2019-220-108_hot,hamũdaɽi,hamũdaɽi,h a m ũ d a ɽ i,,Silva1961,,,,
Kumadene2-Chacon-2019-220-108_hot-1,,Kumadene2,Chacon-2019-220-108_hot,hamuka,hamuka,h a m u k a,,Silva1961,,,,
Kowaidakenai-Chacon-2019-220-108_hot-1,,Kowaidakenai,Chacon-2019-220-108_hot,hamukani,hamukani,h a m u k a n i,,Silva1961,,,,
Mauliene-Chacon-2019-220-108_hot-1,,Mauliene,Chacon-2019-220-108_hot,hamukani,hamukani,h a m u k a n i,,Silva1961,,,,
Tariana-Chacon-2019-220-108_hot-1,,Tariana,Chacon-2019-220-108_hot,hamũmãwhã,hamũmãwhã,h a m ũ m ã wʰ ã,,Silva1961,,,,
Hohoodene-Chacon-2019-220-108_hot-1,,Hohoodene,Chacon-2019-220-108_hot,hɐ̃mukani,hɐ̃mukani,h ɐ̃ m u k a n i,,Silva1961,,,,
Waliperi-Chacon-2019-220-138_name-1,,Waliperi,Chacon-2019-220-138_name,atʃiãɽi,atʃiãɽi,a tʃ i ã ɽ i,,Silva1961,,,,
Werekena-Chacon-2019-220-138_name-1,,Werekena,Chacon-2019-220-138_name,isina,isina,i s i n a,,Silva1961,,,,
Aha-Chacon-2019-220-138_name-1,,Aha,Chacon-2019-220-138_name,liːpitana,liːpitana,l iː p i t a n a,,Granadillo2006,,,,
Name-Chacon-2019-220-138_name-1,,Name,Chacon-2019-220-138_name,liːpitana,liːpitana,l iː p i t a n a,,Granadillo2006,,,,
Ehe-Chacon-2019-220-138_name-1,,Ehe,Chacon-2019-220-138_name,lipitana,lipitana,l i p i t a n a,,Granadillo2006,,,,
Kumadene2-Chacon-2019-220-138_name-1,,Kumadene2,Chacon-2019-220-138_name,nuipithiani,nuipithiani,n u i p i tʰ i a n i,,Silva1961,,,,
Mauliene-Chacon-2019-220-138_name-1,,Mauliene,Chacon-2019-220-138_name,pepitana,pepitana,p e p i t a n a,,Silva1961,,,,
Oho-Chacon-2019-220-138_name-1,,Oho,Chacon-2019-220-138_name,piːpitana,piːpitana,p iː p i t a n a,,Granadillo2006,,,,
Kowaidakenai-Chacon-2019-220-138_name-1,,Kowaidakenai,Chacon-2019-220-138_name,ɽiːpitana,ɽiːpitana,ɽ iː p i t a n a,,Silva1961,,,,
Dzawinai-Chacon-2019-220-138_name-1,,Dzawinai,Chacon-2019-220-138_name,ɽiːpitana,ɽiːpitana,ɽ iː p i t a n a,,Silva1961,,,,
Moliwene-Chacon-2019-220-138_name-1,,Moliwene,Chacon-2019-220-138_name,ɽiːpitɐna,ɽiːpitɐna,ɽ iː p i t ɐ n a,,Silva1961,,,,
Hohoodene-Chacon-2019-220-138_name-1,,Hohoodene,Chacon-2019-220-138_name,ɽiːpitɐna,ɽiːpitɐna,ɽ iː p i t ɐ n a,,Silva1961,,,,
Tariana-Chacon-2019-220-138_name-1,,Tariana,Chacon-2019-220-138_name,ɾipitanaianʊka,ɾipitanaianʊka,ɾ i p i t a n a i a n ʊ k a,,Silva1961,,,,
Tariana-Chacon-2019-220-101_hear-1,,Tariana,Chacon-2019-220-101_hear,ãũhemãnipɛ,ãũhemãnipɛ,ã ũ h e m ã n i p ɛ,,Silva1961,,,,
Kumadene2-Chacon-2019-220-101_hear-1,,Kumadene2,Chacon-2019-220-101_hear,hima,hima,h i m a,,Silva1961,,,,
Dzawinai-Chacon-2019-220-101_hear-1,,Dzawinai,Chacon-2019-220-101_hear,hima,hima,h i m a,,Silva1961,,,,
Kowaidakenai-Chacon-2019-220-101_hear-1,,Kowaidakenai,Chacon-2019-220-101_hear,himaka,himaka,h i m a k a,,Silva1961,,,,
Ehe-Chacon-2019-220-101_hear-1,,Ehe,Chacon-2019-220-101_hear,himaketi,himaketi,h i m a k e t i,,Granadillo2006,,,,
Oho-Chacon-2019-220-101_hear-1,,Oho,Chacon-2019-220-101_hear,himaketi,himaketi,h i m a k e t i,,Granadillo2006,,,,
Aha-Chacon-2019-220-101_hear-1,,Aha,Chacon-2019-220-101_hear,himikada,himikada,h i m i k a d a,,Granadillo2006,,,,
Name-Chacon-2019-220-101_hear-1,,Name,Chacon-2019-220-101_hear,himiketi,himiketi,h i m i k e t i,,Granadillo2006,,,,
Waliperi-Chacon-2019-220-101_hear-1,,Waliperi,Chacon-2019-220-101_hear,hjũmaka,hjũmaka,h j ũ m a k a,,Silva1961,,,,
Moliwene-Chacon-2019-220-101_hear-1,,Moliwene,Chacon-2019-220-101_hear,iʰmɛ̃tsɯ,iʰmɛ̃tsɯ,i h m ɛ̃ ts ɯ,,Silva1961,,,,
Hohoodene-Chacon-2019-220-101_hear-1,,Hohoodene,Chacon-2019-220-101_hear,wʰeːma,wʰeːma,wʰ eː m a,,Silva1961,,,,
Mauliene-Chacon-2019-220-101_hear-1,,Mauliene,Chacon-2019-220-101_hear,whiːmaka,whiːmaka,wʰ iː m a k a,,Silva1961,,,,
Name-Chacon-2019-220-84_jungle-1,,Name,Chacon-2019-220-84_jungle,awakada,awakada,a w a k a d a,,Granadillo2006,,,,
Aha-Chacon-2019-220-84_jungle-1,,Aha,Chacon-2019-220-84_jungle,awakada ~ awakadariko,awakada,a w a k a d a,,Granadillo2006,,,,
Oho-Chacon-2019-220-84_jungle-1,,Oho,Chacon-2019-220-84_jungle,nawakada,nawakada,n a w a k a d a,,Granadillo2006,,,,
Aha-Chacon-2019-220-136_mountain-1,,Aha,Chacon-2019-220-136_mountain,awakada,awakada,a w a k a d a,,Granadillo2006,,,,
Ehe-Chacon-2019-220-136_mountain-1,,Ehe,Chacon-2019-220-136_mountain,awakada,awakada,a w a k a d a,,Granadillo2006,,,,
Kumadene2-Chacon-2019-220-136_mountain-1,,Kumadene2,Chacon-2019-220-136_mountain,hiːpana,hiːpana,h iː p a n a,,Silva1961,,,,
Name-Chacon-2019-220-136_mountain-1,,Name,Chacon-2019-220-136_mountain,hiːpana,hiːpana,h iː p a n a,,Granadillo2006,,,,
Tariana-Chacon-2019-220-136_mountain-1,,Tariana,Chacon-2019-220-136_mountain,hiapa,hiapa,h i a p a,,Silva1961,,,,
Moliwene-Chacon-2019-220-136_mountain-1,,Moliwene,Chacon-2019-220-136_mountain,hidzapa,hidzapa,h i dz a p a,,Silva1961,,,,
Hohoodene-Chacon-2019-220-136_mountain-1,,Hohoodene,Chacon-2019-220-136_mountain,hidzapa,hidzapa,h i dz a p a,,Silva1961,,,,
Kowaidakenai-Chacon-2019-220-136_mountain-1,,Kowaidakenai,Chacon-2019-220-136_mountain,hidzapa,hidzapa,h i dz a p a,,Silva1961,,,,
Oho-Chacon-2019-220-136_mountain-1,,Oho,Chacon-2019-220-136_mountain,hidzapa,hidzapa,h i dz a p a,,Granadillo2006,,,,
Waliperi-Chacon-2019-220-136_mountain-1,,Waliperi,Chacon-2019-220-136_mountain,hidzapa,hidzapa,h i dz a p a,,Silva1961,,,,
Dzawinai-Chacon-2019-220-136_mountain-1,,Dzawinai,Chacon-2019-220-136_mountain,hidzapa,hidzapa,h i dz a p a,,Silva1961,,,,
Mauliene-Chacon-2019-220-136_mountain-1,,Mauliene,Chacon-2019-220-136_mountain,hidzápa,hidzápa,h i dz a p a,,Silva1961,,,,
Werekena-Chacon-2019-220-136_mountain-1,,Werekena,Chacon-2019-220-136_mountain,j̃apa,j̃apa,j̃ a p a,,Silva1961,,,,
Werekena-Chacon-2019-220-42_cold-1,,Werekena,Chacon-2019-220-42_cold,awinimi,awinimi,a w i n i m i,,Silva1961,,,,
Dzawinai-Chacon-2019-220-42_cold-1,,Dzawinai,Chacon-2019-220-42_cold,haːpc,haːpc,h aː p e,,Silva1961,,,,
Aha-Chacon-2019-220-42_cold-1,,Aha,Chacon-2019-220-42_cold,hape,hape,h a p e,,Granadillo2006,,,,
Ehe-Chacon-2019-220-42_cold-1,,Ehe,Chacon-2019-220-42_cold,hape,hape,h a p e,,Granadillo2006,,,,
Oho-Chacon-2019-220-42_cold-1,,Oho,Chacon-2019-220-42_cold,hapedale,hapedale,h a p e d a l e,,Granadillo2006,,,,
Kumadene2-Chacon-2019-220-42_cold-1,,Kumadene2,Chacon-2019-220-42_cold,hapeka,hapeka,h a p e k a,,Silva1961,,,,
Name-Chacon-2019-220-42_cold-1,,Name,Chacon-2019-220-42_cold,haperrji,haperrji,h a p e r j i,,Granadillo2006,,,,
Waliperi-Chacon-2019-220-42_cold-1,,Waliperi,Chacon-2019-220-42_cold,hapɛ,hapɛ,h a p ɛ,,Silva1961,,,,
Moliwene-Chacon-2019-220-42_cold-1,,Moliwene,Chacon-2019-220-42_cold,hapɛdɛ,hapɛdɛ,h a p ɛ d ɛ,,Silva1961,,,,
Mauliene-Chacon-2019-220-42_cold-1,,Mauliene,Chacon-2019-220-42_cold,hapɛkani,hapɛkani,h a p ɛ k a n i,,Silva1961,,,,
Hohoodene-Chacon-2019-220-42_cold-1,,Hohoodene,Chacon-2019-220-42_cold,hapɛkɐni,hapɛkɐni,h a p ɛ k ɐ n i,,Silva1961,,,,
Tariana-Chacon-2019-220-42_cold-1,,Tariana,Chacon-2019-220-42_cold,hapɛmanʊka,hapɛmanʊka,h a p ɛ m a n ʊ k a,,Silva1961,,,,
Kowaidakenai-Chacon-2019-220-42_cold-1,,Kowaidakenai,Chacon-2019-220-42_cold,iːniʐikani,iːniʐikani,iː n i ʐ i k a n i,,Silva1961,,,,
Kumadene1-Chacon-2019-220-197_sun-1,,Kumadene1,Chacon-2019-220-197_sun,ɐhkoapejtɛ,ɐhkoapejtɛ,ɐ h k o a p e j t ɛ,,,,,,
Name-Chacon-2019-220-197_sun-1,,Name,Chacon-2019-220-197_sun,heːri,heːri,h eː ɾ i,,Granadillo2006,,,,
Aha-Chacon-2019-220-197_sun-1,,Aha,Chacon-2019-220-197_sun,heri,heri,h e ɾ i,,Granadillo2006,,,,
Kowaidakenai-Chacon-2019-220-197_sun-1,,Kowaidakenai,Chacon-2019-220-197_sun,kamoi,kamoi,k a m o i,,Silva1961,,,,
Mauliene-Chacon-2019-220-197_sun-1,,Mauliene,Chacon-2019-220-197_sun,kamoi,kamoi,k a m o i,,Silva1961,,,,
Oho-Chacon-2019-220-197_sun-1,,Oho,Chacon-2019-220-197_sun,kamoi,kamoi,k a m o i,,Granadillo2006,,,,
Waliperi-Chacon-2019-220-197_sun-1,,Waliperi,Chacon-2019-220-197_sun,kamoi,kamoi,k a m o i,,Silva1961,,,,
Dzawinai-Chacon-2019-220-197_sun-1,,Dzawinai,Chacon-2019-220-197_sun,kamoi,kamoi,k a m o i,,Silva1961,,,,
Moliwene-Chacon-2019-220-197_sun-1,,Moliwene,Chacon-2019-220-197_sun,kamoĩ,kamoĩ,k a m o ĩ,,Silva1961,,,,
Hohoodene-Chacon-2019-220-197_sun-1,,Hohoodene,Chacon-2019-220-197_sun,kamoĩ,kamoĩ,k a m o ĩ,,Silva1961,,,,
Ehe-Chacon-2019-220-197_sun-1,,Ehe,Chacon-2019-220-197_sun,kamui,kamui,k a m u i,,Granadillo2006,,,,
Tariana-Chacon-2019-220-197_sun-1,,Tariana,Chacon-2019-220-197_sun,keːɾi,keːɾi,k eː ɾ i,,Silva1961,,,,
Werekena-Chacon-2019-220-197_sun-1,,Werekena,Chacon-2019-220-197_sun,patʃiaɽɔ,patʃiaɽɔ,p a tʃ i a ɽ ɔ,,Silva1961,,,,
Kumadene1-Chacon-2019-220-50_day-1,,Kumadene1,Chacon-2019-220-50_day,ɐhkoapɪ,ɐhkoapɪ,ɐ h k o a p ɪ,,,,,,
Tariana-Chacon-2019-220-50_day-1,,Tariana,Chacon-2019-220-50_day,ehkwapi,ehkwapi,e h kʷ a p i,,Silva1961,,,,
Aha-Chacon-2019-220-50_day-1,,Aha,Chacon-2019-220-50_day,haːlewiriko,haːlewiriko,h aː l e w i ɾ i k o,,Granadillo2006,,,,
Name-Chacon-2019-220-50_day-1,,Name,Chacon-2019-220-50_day,haledaoka,haledaoka,h a l e d a o k a,,Granadillo2006,,,,
Kumadene2-Chacon-2019-220-50_day-1,,Kumadene2,Chacon-2019-220-50_day,hekoapi,hekoapi,h e k o a p i,,Silva1961,,,,
Mauliene-Chacon-2019-220-50_day-1,,Mauliene,Chacon-2019-220-50_day,hekoapi,hekoapi,h e k o a p i,,Silva1961,,,,
Ehe-Chacon-2019-220-50_day-1,,Ehe,Chacon-2019-220-50_day,hekuapi,hekuapi,h e k u a p i,,Granadillo2006,,,,
Oho-Chacon-2019-220-50_day-1,,Oho,Chacon-2019-220-50_day,hekuapi,hekuapi,h e k u a p i,,Granadillo2006,,,,
Moliwene-Chacon-2019-220-50_day-1,,Moliwene,Chacon-2019-220-50_day,hɛkoapi,hɛkoapi,h ɛ k o a p i,,Silva1961,,,,
Hohoodene-Chacon-2019-220-50_day-1,,Hohoodene,Chacon-2019-220-50_day,hɛkoapi,hɛkoapi,h ɛ k o a p i,,Silva1961,,,,
Waliperi-Chacon-2019-220-50_day-1,,Waliperi,Chacon-2019-220-50_day,hɛkoapi,hɛkoapi,h ɛ k o a p i,,Silva1961,,,,
Werekena-Chacon-2019-220-50_day-1,,Werekena,Chacon-2019-220-50_day,pɛpusi,pɛpusi,p ɛ p u s i,,Silva1961,,,,
Kumadene1-Chacon-2019-220-183_sky-1,,Kumadene1,Chacon-2019-220-183_sky,ɐhkoapɪ,ɐhkoapɪ,ɐ h k o a p ɪ,,,,,,
Aha-Chacon-2019-220-183_sky-1,,Aha,Chacon-2019-220-183_sky,eːno,eːno,eː n o,,Granadillo2006,,,,
Name-Chacon-2019-220-183_sky-1,,Name,Chacon-2019-220-183_sky,eːno,eːno,eː n o,,Granadillo2006,,,,
Oho-Chacon-2019-220-183_sky-1,,Oho,Chacon-2019-220-183_sky,eːno,eːno,eː n o,,Granadillo2006,,,,
Waliperi-Chacon-2019-220-183_sky-1,,Waliperi,Chacon-2019-220-183_sky,eːno,eːno,eː n o,,Silva1961,,,,
Werekena-Chacon-2019-220-183_sky-1,,Werekena,Chacon-2019-220-183_sky,eːno,eːno,eː n o,,Silva1961,,,,
Ehe-Chacon-2019-220-183_sky-1,,Ehe,Chacon-2019-220-183_sky,eːnoliku,eːnoliku,eː n o l i k u,,Granadillo2006,,,,
Moliwene-Chacon-2019-220-183_sky-1,,Moliwene,Chacon-2019-220-183_sky,eːnoɽikɔɽ̥ʰɛ,eːnoɽikɔɽ̥ʰɛ,eː n o ɽ i k ɔ ɽʰ ɛ,,Silva1961,,,,
Kumadene2-Chacon-2019-220-183_sky-1,,Kumadene2,Chacon-2019-220-183_sky,ejnu,ejnu,e j n u,,Silva1961,,,,
Mauliene-Chacon-2019-220-183_sky-1,,Mauliene,Chacon-2019-220-183_sky,enoɽiko,enoɽiko,e n o ɽ i k o,,Silva1961,,,,
Hohoodene-Chacon-2019-220-183_sky-1,,Hohoodene,Chacon-2019-220-183_sky,ɛːɳo,ɛːɳo,ɛː ɲ o,,Silva1961,,,,
Tariana-Chacon-2019-220-183_sky-1,,Tariana,Chacon-2019-220-183_sky,jenunĩ ~ eːnukʷa,jenunĩ,j e n u n ĩ,,Silva1961,,,,
Werekena-Chacon-2019-220-129_long-1,,Werekena,Chacon-2019-220-129_long,baɾɛderi,baɾɛderi,b a ɾ ɛ d e ɾ i,,Silva1961,,,,
Name-Chacon-2019-220-129_long-1,,Name,Chacon-2019-220-129_long,halipadali,halipadali,h a l i p a d a l i,,Granadillo2006,,,,
Aha-Chacon-2019-220-129_long-1,,Aha,Chacon-2019-220-129_long,halipanipha,halipanipha,h a l i p a n i pʰ a,,Granadillo2006,,,,
Hohoodene-Chacon-2019-220-129_long-1,,Hohoodene,Chacon-2019-220-129_long,hanipadaɽi,hanipadaɽi,h a n i p a d a ɽ i,,Silva1961,,,,
Kumadene2-Chacon-2019-220-129_long-1,,Kumadene2,Chacon-2019-220-129_long,haɽipa,haɽipa,h a ɽ i p a,,Silva1961,,,,
Ehe-Chacon-2019-220-129_long-1,,Ehe,Chacon-2019-220-129_long,jaːpi,jaːpi,j aː p i,,Granadillo2006,,,,
Kowaidakenai-Chacon-2019-220-129_long-1,,Kowaidakenai,Chacon-2019-220-129_long,japeapaɽi,japeapaɽi,j a p e a p a ɽ i,,Silva1961,,,,
Dzawinai-Chacon-2019-220-129_long-1,,Dzawinai,Chacon-2019-220-129_long,japi,japi,j a p i,,Silva1961,,,,
Waliperi-Chacon-2019-220-129_long-1,,Waliperi,Chacon-2019-220-129_long,japikʰaj,japikʰaj,j a p i kʰ a j,,Silva1961,,,,
Tariana-Chacon-2019-220-129_long-1,,Tariana,Chacon-2019-220-129_long,liakawanĩpasi,liakawanĩpasi,l i a k a w a n ĩ p a s i,,Silva1961,,,,
Mauliene-Chacon-2019-220-129_long-1,,Mauliene,Chacon-2019-220-129_long,toɽoɽipukani,toɽoɽipukani,t o ɽ o ɽ i p u k a n i,,Silva1961,,,,
Oho-Chacon-2019-220-129_long-1,,Oho,Chacon-2019-220-129_long,japidale,japidale,j a p i d a l e,,Granadillo2006,,,,
Oho-Chacon-2019-220-58_dust-1,,Oho,Chacon-2019-220-58_dust,bitimepedale,bitimepedale,b i t i m e p e d a l e,,Granadillo2006,,,,
Hohoodene-Chacon-2019-220-58_dust-1,,Hohoodene,Chacon-2019-220-58_dust,hiːpai,hiːpai,h iː p a i,,Silva1961,,,,
Mauliene-Chacon-2019-220-58_dust-1,,Mauliene,Chacon-2019-220-58_dust,híːpai,híːpai,h íː/iː p a i,,Silva1961,,,,
Tariana-Chacon-2019-220-58_dust-1,,Tariana,Chacon-2019-220-58_dust,hiːpedupɛ,hiːpedupɛ,h iː p e d u p ɛ,,Silva1961,,,,
Aha-Chacon-2019-220-58_dust-1,,Aha,Chacon-2019-220-58_dust,kaida ~ kaidakoa,kaida,k a i d a,,Granadillo2006,,,,
Ehe-Chacon-2019-220-58_dust-1,,Ehe,Chacon-2019-220-58_dust,kaidakua,kaidakua,k a i d a k u a,,Granadillo2006,,,,
Kowaidakenai-Chacon-2019-220-58_dust-1,,Kowaidakenai,Chacon-2019-220-58_dust,kaidukoa,kaidukoa,k a i d u k o a,,Silva1961,,,,
Dzawinai-Chacon-2019-220-58_dust-1,,Dzawinai,Chacon-2019-220-58_dust,kapitadaɽi,kapitadaɽi,k a p i t a d a ɽ i,,Silva1961,,,,
Name-Chacon-2019-220-58_dust-1,,Name,Chacon-2019-220-58_dust,limoko,limoko,l i m o k o,,Granadillo2006,,,,
Kumadene2-Chacon-2019-220-58_dust-1,,Kumadene2,Chacon-2019-220-58_dust,ɽimuku,ɽimuku,ɽ i m u k u,,Silva1961,,,,
Werekena-Chacon-2019-220-58_dust-1,,Werekena,Chacon-2019-220-58_dust,ɽipɛtseko,ɽipɛtseko,ɽ i p ɛ ts e k o,,Silva1961,,,,
Kowaidakenai-Chacon-2019-220-87_full-1,,Kowaidakenai,Chacon-2019-220-87_full,biukani,biukani,b i u k a n i,,Silva1961,,,,
Hohoodene-Chacon-2019-220-87_full-1,,Hohoodene,Chacon-2019-220-87_full,paːkʰɐmɛ,paːkʰɐmɛ,p aː kʰ ɐ m ɛ,,Silva1961,,,,
Kumadene2-Chacon-2019-220-87_full-1,,Kumadene2,Chacon-2019-220-87_full,pakhame,pakhame,p a kʰ a m e,,Silva1961,,,,
Dzawinai-Chacon-2019-220-87_full-1,,Dzawinai,Chacon-2019-220-87_full,pakhameka,pakhameka,p a kʰ a m e k a,,Silva1961,,,,
Waliperi-Chacon-2019-220-87_full-1,,Waliperi,Chacon-2019-220-87_full,pakʰamɛ,pakʰamɛ,p a kʰ a m ɛ,,Silva1961,,,,
Mauliene-Chacon-2019-220-87_full-1,,Mauliene,Chacon-2019-220-87_full,pakʰɐmɛkani,pakʰɐmɛkani,p a kʰ ɐ m ɛ k a n i,,Silva1961,,,,
Moliwene-Chacon-2019-220-87_full-1,,Moliwene,Chacon-2019-220-87_full,pakʰɐmɛkɛ,pakʰɐmɛkɛ,p a kʰ ɐ m ɛ k ɛ,,Silva1961,,,,
Werekena-Chacon-2019-220-87_full-1,,Werekena,Chacon-2019-220-87_full,pɛɾumiaɾi,pɛɾumiaɾi,p ɛ ɾ u m i a ɾ i,,Silva1961,,,,
Tariana-Chacon-2019-220-87_full-1,,Tariana,Chacon-2019-220-87_full,setsamanukaɾia,setsamanukaɾia,s e ts a m a n u k a ɾ i a,,Silva1961,,,,
Werekena-Chacon-2019-220-141_near-1,,Werekena,Chacon-2019-220-141_near,buɛhə,buɛhə,b u ɛ h ə,,Silva1961,,,,
Tariana-Chacon-2019-220-141_near-1,,Tariana,Chacon-2019-220-141_near,kidalipatuki,kidalipatuki,k i d a l i p a t u k i,,Silva1961,,,,
Oho-Chacon-2019-220-141_near-1,,Oho,Chacon-2019-220-141_near,tsoːmetsa,tsoːmetsa,ts oː m e ts a,,Granadillo2006,,,,
Name-Chacon-2019-220-141_near-1,,Name,Chacon-2019-220-141_near,tsoːmi,tsoːmi,ts oː m i,,Granadillo2006,,,,
Aha-Chacon-2019-220-141_near-1,,Aha,Chacon-2019-220-141_near,tsoːmitsa,tsoːmitsa,ts oː m i ts a,,Granadillo2006,,,,
Ehe-Chacon-2019-220-141_near-1,,Ehe,Chacon-2019-220-141_near,tsuːmetsa,tsuːmetsa,ts uː m e ts a,,Granadillo2006,,,,
Mauliene-Chacon-2019-220-141_near-1,,Mauliene,Chacon-2019-220-141_near,tsuːmetsa,tsuːmetsa,ts uː m e ts a,,Silva1961,,,,
Hohoodene-Chacon-2019-220-141_near-1,,Hohoodene,Chacon-2019-220-141_near,tsuːmɛtsa,tsuːmɛtsa,ts uː m ɛ ts a,,Silva1961,,,,
Waliperi-Chacon-2019-220-141_near-1,,Waliperi,Chacon-2019-220-141_near,tsuːnɛtsoa,tsuːnɛtsoa,ts uː n ɛ ts o a,,Silva1961,,,,
Kumadene2-Chacon-2019-220-141_near-1,,Kumadene2,Chacon-2019-220-141_near,tsumaitia,tsumaitia,ts u m a i t i a,,Silva1961,,,,
Werekena-Chacon-2019-220-228_where-1,,Werekena,Chacon-2019-220-228_where,daːti,daːti,d aː t i,,Silva1961,,,,
Waliperi-Chacon-2019-220-228_where-1,,Waliperi,Chacon-2019-220-228_where,kahɛ,kahɛ,k a h ɛ,,Silva1961,,,,
Moliwene-Chacon-2019-220-228_where-1,,Moliwene,Chacon-2019-220-228_where,kahɛgɐ,kahɛgɐ,k a h ɛ g ɐ,,Silva1961,,,,
Mauliene-Chacon-2019-220-228_where-1,,Mauliene,Chacon-2019-220-228_where,kahia,kahia,k a h i a,,Silva1961,,,,
Tariana-Chacon-2019-220-228_where-1,,Tariana,Chacon-2019-220-228_where,kanisɛm̥adewauha,kanisɛm̥adewauha,k a n i s ɛ mʰ a d e w a u h a,,Silva1961,,,,
Hohoodene-Chacon-2019-220-228_where-1,,Hohoodene,Chacon-2019-220-228_where,kaɽɛaha,kaɽɛaha,k a ɽ ɛ a h a,,Silva1961,,,,
Kowaidakenai-Chacon-2019-220-228_where-1,,Kowaidakenai,Chacon-2019-220-228_where,kaɽie,kaɽie,k a ɽ i e,,Silva1961,,,,
Mauliene-Chacon-2019-220-167_round-1,,Mauliene,Chacon-2019-220-167_round,dabuhekani,dabuhekani,d a b u h e k a n i,,Silva1961,,,,
Dzawinai-Chacon-2019-220-167_round-1,,Dzawinai,Chacon-2019-220-167_round,jabuɽhedaɽi,jabuɽhedaɽi,j a b u ɽʰ e d a ɽ i,,Silva1961,,,,
Hohoodene-Chacon-2019-220-167_round-1,,Hohoodene,Chacon-2019-220-167_round,madzakanʰĩdaɽi,madzakanʰĩdaɽi,m a dz a k a nʰ ĩ d a ɽ i,,Silva1961,,,,
Waliperi-Chacon-2019-220-167_round-1,,Waliperi,Chacon-2019-220-167_round,madzakanʰĩdaɽi,madzakanʰĩdaɽi,m a dz a k a nʰ ĩ d a ɽ i,,Silva1961,,,,
Kumadene2-Chacon-2019-220-167_round-1,,Kumadene2,Chacon-2019-220-167_round,maiakaŋgaɽi,maiakaŋgaɽi,m a i a k a ŋ g a ɽ i,,Silva1961,,,,
Tariana-Chacon-2019-220-167_round-1,,Tariana,Chacon-2019-220-167_round,mãkadatukinʊka,mãkadatukinʊka,m ã k a d a t u k i n ʊ k a,,Silva1961,,,,
Moliwene-Chacon-2019-220-167_round-1,,Moliwene,Chacon-2019-220-167_round,tʃikɛʐɐnɛ,tʃikɛʐɐnɛ,tʃ i k ɛ ʐ ɐ n ɛ,,Silva1961,,,,
Werekena-Chacon-2019-220-167_round-1,,Werekena,Chacon-2019-220-167_round,tʃiɾeɽi,tʃiɾeɽi,tʃ i ɾ e ɽ i,,Silva1961,,,,
Kowaidakenai-Chacon-2019-220-167_round-1,,Kowaidakenai,Chacon-2019-220-167_round,weːmaka,weːmaka,w eː m a k a,,Silva1961,,,,
Aha-Chacon-2019-220-24_behind-1,,Aha,Chacon-2019-220-24_behind,danʰite,danʰite,d a nʰ i t e,,Granadillo2006,,,,
Oho-Chacon-2019-220-24_behind-1,,Oho,Chacon-2019-220-24_behind,litamale,litamale,l i t a m a l e,,Granadillo2006,,,,
Name-Chacon-2019-220-24_behind-1,,Name,Chacon-2019-220-24_behind,noapodanse,noapodanse,n o a p o d a n s e,,Granadillo2006,,,,
Ehe-Chacon-2019-220-24_behind-1,,Ehe,Chacon-2019-220-24_behind,nuapuante (me,nuapuante,n u a p u a n t e,,Granadillo2006,,,,
Name-Chacon-2019-220-12_afternoon-1,,Name,Chacon-2019-220-12_afternoon,dainoma,dainoma,d a i n o m a,,Granadillo2006,,,,
Aha-Chacon-2019-220-12_afternoon-1,,Aha,Chacon-2019-220-12_afternoon,deːpina,deːpina,d eː p i n a,,Granadillo2006,,,,
Ehe-Chacon-2019-220-12_afternoon-1,,Ehe,Chacon-2019-220-12_afternoon,deːpina,deːpina,d eː p i n a,,Granadillo2006,,,,
Oho-Chacon-2019-220-12_afternoon-1,,Oho,Chacon-2019-220-12_afternoon,deːpina,deːpina,d eː p i n a,,Granadillo2006,,,,
Ehe-Chacon-2019-220-1_grate-1,,Ehe,Chacon-2019-220-1_grate,daitaketi,daitaketi,d a i t a k e t i,,Granadillo2006,,,,
Name-Chacon-2019-220-1_grate-1,,Name,Chacon-2019-220-1_grate,feritaka,feritaka,f e ɾ i t a k a,,Granadillo2006,,,,
Kumadene2-Chacon-2019-220-1_grate-1,,Kumadene2,Chacon-2019-220-1_grate,hiʐitakã,hiʐitakã,h i ʐ i t a k ã,,Silva1961,,,,
Aha-Chacon-2019-220-1_grate-1,,Aha,Chacon-2019-220-1_grate,idaitakada,idaitakada,i d a i t a k a d a,,Granadillo2006,,,,
Oho-Chacon-2019-220-1_grate-1,,Oho,Chacon-2019-220-1_grate,idaitaketi,idaitaketi,i d a i t a k e t i,,Granadillo2006,,,,
Tariana-Chacon-2019-220-1_grate-1,,Tariana,Chacon-2019-220-1_grate,pakʰakənĩpɛ,pakʰakənĩpɛ,p a kʰ a k ə n ĩ p ɛ,,Silva1961,,,,
Dzawinai-Chacon-2019-220-1_grate-1,,Dzawinai,Chacon-2019-220-1_grate,phieʐita,phieʐita,pʰ i e ʐ i t a,,Silva1961,,,,
Kowaidakenai-Chacon-2019-220-1_grate-1,,Kowaidakenai,Chacon-2019-220-1_grate,phiɽike,phiɽike,pʰ i ɽ i k e,,Silva1961,,,,
Werekena-Chacon-2019-220-1_grate-1,,Werekena,Chacon-2019-220-1_grate,piakaɾa,piakaɾa,p i a k a ɾ a,,Silva1961,,,,
Kumadene2-Chacon-2019-220-49_dark-1,,Kumadene2,Chacon-2019-220-49_dark,deːpi,deːpi,d eː p i,,Silva1961,,,,
Moliwene-Chacon-2019-220-49_dark-1,,Moliwene,Chacon-2019-220-49_dark,dɛːpiti,dɛːpiti,d ɛː p i t i,,Silva1961,,,,
Tariana-Chacon-2019-220-49_dark-1,,Tariana,Chacon-2019-220-49_dark,kadaːwani,kadaːwani,k a d aː w a n i,,Silva1961,,,,
Hohoodene-Chacon-2019-220-49_dark-1,,Hohoodene,Chacon-2019-220-49_dark,kadawakadaɽi,kadawakadaɽi,k a d a w a k a d a ɽ i,,Silva1961,,,,
Waliperi-Chacon-2019-220-49_dark-1,,Waliperi,Chacon-2019-220-49_dark,kadawakadaɽi,kadawakadaɽi,k a d a w a k a d a ɽ i,,Silva1961,,,,
Mauliene-Chacon-2019-220-49_dark-1,,Mauliene,Chacon-2019-220-49_dark,kadawakani,kadawakani,k a d a w a k a n i,,Silva1961,,,,
Werekena-Chacon-2019-220-49_dark-1,,Werekena,Chacon-2019-220-49_dark,sibumãha,sibumãha,s i b u m ã h a,,Silva1961,,,,
Aha-Chacon-2019-220-144_night-1,,Aha,Chacon-2019-220-144_night,deːpi,deːpi,d eː p i,,Granadillo2006,,,,
Hohoodene-Chacon-2019-220-144_night-1,,Hohoodene,Chacon-2019-220-144_night,deːpi,deːpi,d eː p i,,Silva1961,,,,
Kowaidakenai-Chacon-2019-220-144_night-1,,Kowaidakenai,Chacon-2019-220-144_night,deːpi,deːpi,d eː p i,,Silva1961,,,,
Kumadene2-Chacon-2019-220-144_night-1,,Kumadene2,Chacon-2019-220-144_night,deːpi,deːpi,d eː p i,,Silva1961,,,,
Name-Chacon-2019-220-144_night-1,,Name,Chacon-2019-220-144_night,deːpi,deːpi,d eː p i,,Granadillo2006,,,,
Tariana-Chacon-2019-220-144_night-1,,Tariana,Chacon-2019-220-144_night,deːpi,deːpi,d eː p i,,Silva1961,,,,
Dzawinai-Chacon-2019-220-144_night-1,,Dzawinai,Chacon-2019-220-144_night,deːpi,deːpi,d eː p i,,Silva1961,,,,
Oho-Chacon-2019-220-144_night-1,,Oho,Chacon-2019-220-144_night,deːpina,deːpina,d eː p i n a,,Granadillo2006,,,,
Ehe-Chacon-2019-220-144_night-1,,Ehe,Chacon-2019-220-144_night,deːpiriku,deːpiriku,d eː p i ɾ i k u,,Granadillo2006,,,,
Moliwene-Chacon-2019-220-144_night-1,,Moliwene,Chacon-2019-220-144_night,dɛːpi,dɛːpi,d ɛː p i,,Silva1961,,,,
Mauliene-Chacon-2019-220-144_night-1,,Mauliene,Chacon-2019-220-144_night,dɛːpi,dɛːpi,d ɛː p i,,Silva1961,,,,
Waliperi-Chacon-2019-220-144_night-1,,Waliperi,Chacon-2019-220-144_night,dɛːpi,dɛːpi,d ɛː p i,,Silva1961,,,,
Kumadene1-Chacon-2019-220-144_night-1,,Kumadene1,Chacon-2019-220-144_night,dɛːpɪ,dɛːpɪ,d ɛː p ɪ,,,,,,
Werekena-Chacon-2019-220-144_night-1,,Werekena,Chacon-2019-220-144_night,sibuma,sibuma,s i b u m a,,Silva1961,,,,
Oho-Chacon-2019-220-134_morning-1,,Oho,Chacon-2019-220-134_morning,deːpitoa,deːpitoa,d eː p i t o a,,Granadillo2006,,,,
Oho-Chacon-2019-220-134_morning-2,,Oho,Chacon-2019-220-134_morning,teːwadzole,teːwadzole,t eː w a d z o l e,,Granadillo2006,,,,
Ehe-Chacon-2019-220-134_morning-1,,Ehe,Chacon-2019-220-134_morning,deːpitua,deːpitua,d eː p i t u a,,Granadillo2006,,,,
Aha-Chacon-2019-220-134_morning-1,,Aha,Chacon-2019-220-134_morning,depitoa,depito,d e p i t o,,Granadillo2006,,,,
Name-Chacon-2019-220-134_morning-1,,Name,Chacon-2019-220-134_morning,pio pinako,pio pinako,p i o + p i n a k o,,Granadillo2006,,,,
Tariana-Chacon-2019-220-198_swellup-1,,Tariana,Chacon-2019-220-198_swellup,dihanipɛ,dihanipɛ,d i h a n i p ɛ,,Silva1961,,,,
Aha-Chacon-2019-220-198_swellup-1,,Aha,Chacon-2019-220-198_swellup,iːsrakaida,iːsrakaida,iː s ɾ a k a i d a,,Granadillo2006,,,,
Ehe-Chacon-2019-220-198_swellup-1,,Ehe,Chacon-2019-220-198_swellup,iːsrakethi,iːsrakethi,iː s ɾ a k e tʰ i,,Granadillo2006,,,,
Name-Chacon-2019-220-198_swellup-1,,Name,Chacon-2019-220-198_swellup,iːsraketi,iːsraketi,iː s ɾ a k e t i,,Granadillo2006,,,,
Oho-Chacon-2019-220-198_swellup-1,,Oho,Chacon-2019-220-198_swellup,israketi,israketi,i s ɾ a k e t i,,Granadillo2006,,,,
Werekena-Chacon-2019-220-198_swellup-1,,Werekena,Chacon-2019-220-198_swellup,jaɽhə̃,jaɽhə̃,j a ɽʰ ə̃,,Silva1961,,,,
Hohoodene-Chacon-2019-220-198_swellup-1,,Hohoodene,Chacon-2019-220-198_swellup,nuiʂakawa,nuiʂakawa,n u i ʂ a k a w a,,Silva1961,,,,
Mauliene-Chacon-2019-220-198_swellup-1,,Mauliene,Chacon-2019-220-198_swellup,ɽiːʂakawa,ɽiːʂakawa,ɽ iː ʂ a k a w a,,Silva1961,,,,
Moliwene-Chacon-2019-220-198_swellup-1,,Moliwene,Chacon-2019-220-198_swellup,ɽiʃakadapɛ,ɽiʃakadapɛ,ɽ i ʃ a k a d a p ɛ,,Silva1961,,,,
Kowaidakenai-Chacon-2019-220-198_swellup-1,,Kowaidakenai,Chacon-2019-220-198_swellup,ɽiʃakawa,ɽiʃakawa,ɽ i ʃ a k a w a,,Silva1961,,,,
Dzawinai-Chacon-2019-220-198_swellup-1,,Dzawinai,Chacon-2019-220-198_swellup,ɽiʃakawa,ɽiʃakawa,ɽ i ʃ a k a w a,,Silva1961,,,,
Tariana-Chacon-2019-220-122_leaf-1,,Tariana,Chacon-2019-220-122_leaf,dihʲapʰɛpɛ,dihʲapʰɛpɛ,d i hʲ a pʰ ɛ p ɛ,,Silva1961,,,,
Ehe-Chacon-2019-220-122_leaf-1,,Ehe,Chacon-2019-220-122_leaf,liːphe,liːphe,l iː pʰ e,,Granadillo2006,,,,
Aha-Chacon-2019-220-122_leaf-1,,Aha,Chacon-2019-220-122_leaf,liphe,liphe,l i pʰ e,,Granadillo2006,,,,
Name-Chacon-2019-220-122_leaf-1,,Name,Chacon-2019-220-122_leaf,liphe,liphe,l i pʰ e,,Granadillo2006,,,,
Oho-Chacon-2019-220-122_leaf-1,,Oho,Chacon-2019-220-122_leaf,liphe,liphe,l i pʰ e,,Granadillo2006,,,,
Kumadene2-Chacon-2019-220-122_leaf-1,,Kumadene2,Chacon-2019-220-122_leaf,panaphe,panaphe,p a n a pʰ e,,Silva1961,,,,
Kowaidakenai-Chacon-2019-220-122_leaf-1,,Kowaidakenai,Chacon-2019-220-122_leaf,ɽiːphe,ɽiːphe,ɽ iː pʰ e,,Silva1961,,,,
Dzawinai-Chacon-2019-220-122_leaf-1,,Dzawinai,Chacon-2019-220-122_leaf,ɽiːphe,ɽiːphe,ɽ iː pʰ e,,Silva1961,,,,
Moliwene-Chacon-2019-220-122_leaf-1,,Moliwene,Chacon-2019-220-122_leaf,ɽipʰɛ,ɽipʰɛ,ɽ i pʰ ɛ,,Silva1961,,,,
Hohoodene-Chacon-2019-220-122_leaf-1,,Hohoodene,Chacon-2019-220-122_leaf,ɽipʰɛ,ɽipʰɛ,ɽ i pʰ ɛ,,Silva1961,,,,
Waliperi-Chacon-2019-220-122_leaf-1,,Waliperi,Chacon-2019-220-122_leaf,ɽipʰɛ,ɽipʰɛ,ɽ i pʰ ɛ,,Silva1961,,,,
Mauliene-Chacon-2019-220-122_leaf-1,,Mauliene,Chacon-2019-220-122_leaf,ɽípʰɛ,ɽípʰɛ,ɽ í/i pʰ ɛ,,Silva1961,,,,
Werekena-Chacon-2019-220-122_leaf-1,,Werekena,Chacon-2019-220-122_leaf,tsaːpɛ,tsaːpɛ,ts aː p ɛ,,Silva1961,,,,
Tariana-Chacon-2019-220-111_husband-1,,Tariana,Chacon-2019-220-111_husband,dutsaniɾi,dutsaniɾi,d u ts a n i ɾ i,,Silva1961,,,,
Kumadene1-Chacon-2019-220-111_husband-1,,Kumadene1,Chacon-2019-220-111_husband,josaniɾi,josaniɾi,j o s a n i ɾ i,,,,,,
Waliperi-Chacon-2019-220-111_husband-1,,Waliperi,Chacon-2019-220-111_husband,nuiniɽi,nuiniɽi,n u i n i ɽ i,,Silva1961,,,,
Hohoodene-Chacon-2019-220-111_husband-1,,Hohoodene,Chacon-2019-220-111_husband,nuiniʐi,nuiniʐi,n u i n i ʐ i,,Silva1961,,,,
Mauliene-Chacon-2019-220-111_husband-1,,Mauliene,Chacon-2019-220-111_husband,nuiniʐi,nuiniʐi,n u i n i ʐ i,,Silva1961,,,,
Werekena-Chacon-2019-220-111_husband-1,,Werekena,Chacon-2019-220-111_husband,nũmĩhĩ,nũmĩhĩ,n ũ m ĩ h ĩ,,Silva1961,,,,
Aha-Chacon-2019-220-111_husband-1,,Aha,Chacon-2019-220-111_husband,roiniri,roiniri,ɾ o i n i ɾ i,,Granadillo2006,,,,
Ehe-Chacon-2019-220-111_husband-1,,Ehe,Chacon-2019-220-111_husband,ruiniri,ruiniri,ɾ u i n i ɾ i,,Granadillo2006,,,,
Name-Chacon-2019-220-111_husband-1,,Name,Chacon-2019-220-111_husband,ruiniri,ruiniri,ɾ u i n i ɾ i,,Granadillo2006,,,,
Oho-Chacon-2019-220-111_husband-1,,Oho,Chacon-2019-220-111_husband,ruiniri,ruiniri,ɾ u i n i ɾ i,,Granadillo2006,,,,
Kumadene2-Chacon-2019-220-111_husband-1,,Kumadene2,Chacon-2019-220-111_husband,ɽuiniʐi,ɽuiniʐi,ɽ u i n i ʐ i,,Silva1961,,,,
Moliwene-Chacon-2019-220-111_husband-1,,Moliwene,Chacon-2019-220-111_husband,ʐuiniʐi,ʐuiniʐi,ʐ u i n i ʐ i,,Silva1961,,,,
Ehe-Chacon-2019-220-52_die-1,,Ehe,Chacon-2019-220-52_die,dzaːmikhethi,dzaːmikhethi,dz aː m i kʰ e tʰ i,,Granadillo2006,,,,
Aha-Chacon-2019-220-52_die-1,,Aha,Chacon-2019-220-52_die,iːjamikada ~ majandali,iːjamikada,iː j a m i k a d a,,Granadillo2006,,,,
Oho-Chacon-2019-220-52_die-1,,Oho,Chacon-2019-220-52_die,idzaːmiketi,idzaːmiketi,i dz aː m i k e t i,,Granadillo2006,,,,
Tariana-Chacon-2019-220-52_die-1,,Tariana,Chacon-2019-220-52_die,lijamĩnʊkalia,lijamĩnʊkalia,l i j a m ĩ n ʊ k a l i a,,Silva1961,,,,
Mauliene-Chacon-2019-220-52_die-1,,Mauliene,Chacon-2019-220-52_die,maɽiomakanɛ,maɽiomakanɛ,m a ɽ i o m a k a n ɛ,,Silva1961,,,,
Name-Chacon-2019-220-52_die-1,,Name,Chacon-2019-220-52_die,majaonka,majaonka,m a j a o n k a,,Granadillo2006,,,,
Kumadene2-Chacon-2019-220-52_die-1,,Kumadene2,Chacon-2019-220-52_die,majemeka,majemeka,m a j e m e k a,,Silva1961,,,,
Dzawinai-Chacon-2019-220-52_die-1,,Dzawinai,Chacon-2019-220-52_die,nudzaːmika,nudzaːmika,n u dz aː m i k a,,Silva1961,,,,
Werekena-Chacon-2019-220-52_die-1,,Werekena,Chacon-2019-220-52_die,nuiwa,nuiwa,n u i w a,,Silva1961,,,,
Kowaidakenai-Chacon-2019-220-52_die-1,,Kowaidakenai,Chacon-2019-220-52_die,nuthẽːtaka,nuthẽːtaka,n u tʰ ẽː t a k a,,Silva1961,,,,
Hohoodene-Chacon-2019-220-52_die-1,,Hohoodene,Chacon-2019-220-52_die,padzaːmika,padzaːmika,p a dz aː m i k a,,Silva1961,,,,
Moliwene-Chacon-2019-220-52_die-1,,Moliwene,Chacon-2019-220-52_die,ɽidzɐːmika,ɽidzɐːmika,ɽ i dz ɐː m i k a,,Silva1961,,,,
Waliperi-Chacon-2019-220-52_die-1,,Waliperi,Chacon-2019-220-52_die,ɽidzɛːkʰi,ɽidzɛːkʰi,ɽ i dz ɛː kʰ i,,Silva1961,,,,
Kumadene1-Chacon-2019-220-52_die-1,,Kumadene1,Chacon-2019-220-52_die,wajamenĩpɛ,wajamenĩpɛ,w a j a m e n ĩ p ɛ,,,,,,
Oho-Chacon-2019-220-116_jaguar-1,,Oho,Chacon-2019-220-116_jaguar,dzaːwi,dzaːwi,dz aː w i,,Granadillo2006,,,,
Ehe-Chacon-2019-220-116_jaguar-1,,Ehe,Chacon-2019-220-116_jaguar,dzawi,dzawi,dz a w i,,Granadillo2006,,,,
Name-Chacon-2019-220-116_jaguar-1,,Name,Chacon-2019-220-116_jaguar,jawi,jaːwi,j aː w i,,Granadillo2006,,,,
Aha-Chacon-2019-220-116_jaguar-1,,Aha,Chacon-2019-220-116_jaguar,jaːwi,jaːwi,j aː w i,,Granadillo2006,,,,
Moliwene-Chacon-2019-220-41_cloud-1,,Moliwene,Chacon-2019-220-41_cloud,dzadawaka,dzadawaka,dz a d a w a k a,,Silva1961,,,,
Kumadene2-Chacon-2019-220-41_cloud-1,,Kumadene2,Chacon-2019-220-41_cloud,einu,einu,e i n u,,Silva1961,,,,
Waliperi-Chacon-2019-220-41_cloud-1,,Waliperi,Chacon-2019-220-41_cloud,enutenɐ̃,enutenɐ̃,e n u t e n ɐ̃,,Silva1961,,,,
Hohoodene-Chacon-2019-220-41_cloud-1,,Hohoodene,Chacon-2019-220-41_cloud,ɛnutona,ɛnutona,ɛ n u t o n a,,Silva1961,,,,
Aha-Chacon-2019-220-41_cloud-1,,Aha,Chacon-2019-220-41_cloud,iːja ~ ijadaoka,iːja,iː j a,,Granadillo2006,,,,
Dzawinai-Chacon-2019-220-41_cloud-1,,Dzawinai,Chacon-2019-220-41_cloud,idzadaaka,idzadaaka,i dz a d aː k a,,Silva1961,,,,
Oho-Chacon-2019-220-41_cloud-1,,Oho,Chacon-2019-220-41_cloud,idzadaoka,idzadaoka,i dz a d a o k a,,Granadillo2006,,,,
Ehe-Chacon-2019-220-41_cloud-1,,Ehe,Chacon-2019-220-41_cloud,itamana,itamana,i t a m a n a,,Granadillo2006,,,,
Name-Chacon-2019-220-41_cloud-1,,Name,Chacon-2019-220-41_cloud,itamana,itamana,i t a m a n a,,Granadillo2006,,,,
Kumadene1-Chacon-2019-220-41_cloud-1,,Kumadene1,Chacon-2019-220-41_cloud,ithɐpɛdapɛ,ithɐpɛdapɛ,i tʰ ɐ p ɛ d a p ɛ,,,,,,
Tariana-Chacon-2019-220-41_cloud-1,,Tariana,Chacon-2019-220-41_cloud,jenʰuniːsakumã,jenʰuniːsakumã,j e nʰ u n iː s a k u m ã,,Silva1961,,,,
Kowaidakenai-Chacon-2019-220-41_cloud-1,,Kowaidakenai,Chacon-2019-220-41_cloud,novi,novi,n o v i,,Silva1961,,,,
Werekena-Chacon-2019-220-41_cloud-1,,Werekena,Chacon-2019-220-41_cloud,sjaɾiɾi,sjaɾiɾi,s j a ɾ i ɾ i,,Silva1961,,,,
Mauliene-Chacon-2019-220-41_cloud-1,,Mauliene,Chacon-2019-220-41_cloud,tamana,tamana,t a m a n a,,Silva1961,,,,
Dzawinai-Chacon-2019-220-218_two-1,,Dzawinai,Chacon-2019-220-218_two,dzahẽpa,dzahẽpa,dz a h ẽ p a,,Silva1961,,,,
Ehe-Chacon-2019-220-218_two-1,,Ehe,Chacon-2019-220-218_two,dzahme,dzahme,dz a h m e,,Granadillo2006,,,,
Kowaidakenai-Chacon-2019-220-218_two-1,,Kowaidakenai,Chacon-2019-220-218_two,dzahmepa,dzahmepa,dz a h m e p a,,Silva1961,,,,
Hohoodene-Chacon-2019-220-218_two-1,,Hohoodene,Chacon-2019-220-218_two,dzamada,dzamada,dz a m a d a,,Silva1961,,,,
Oho-Chacon-2019-220-218_two-1,,Oho,Chacon-2019-220-218_two,dzamada,dzamada,dz a m a d a,,Granadillo2006,,,,
Waliperi-Chacon-2019-220-218_two-1,,Waliperi,Chacon-2019-220-218_two,dzamada,dzamada,dz a m a d a,,Silva1961,,,,
Moliwene-Chacon-2019-220-218_two-1,,Moliwene,Chacon-2019-220-218_two,dzɐmáda,dzɐmáda,dz ɐ m a d a,,Silva1961,,,,
Mauliene-Chacon-2019-220-218_two-1,,Mauliene,Chacon-2019-220-218_two,dzɐmáda,dzɐmáda,dz ɐ m a d a,,Silva1961,,,,
Kumadene2-Chacon-2019-220-218_two-1,,Kumadene2,Chacon-2019-220-218_two,jamada,jamada,j a m a d a,,Silva1961,,,,
Tariana-Chacon-2019-220-218_two-1,,Tariana,Chacon-2019-220-218_two,ɲamãitɛ,ɲamãitɛ,ɲ a m ã i t ɛ,,Silva1961,,,,
Kumadene1-Chacon-2019-220-218_two-1,,Kumadene1,Chacon-2019-220-218_two,ɲɐmɛpɐ,ɲɐmɛpɐ,ɲ ɐ m ɛ p ɐ,,,,,,
Werekena-Chacon-2019-220-218_two-1,,Werekena,Chacon-2019-220-218_two,tonaba,tonaba,t o n a b a,,Silva1961,,,,
Aha-Chacon-2019-220-218_two-1,,Aha,Chacon-2019-220-218_two,jamada,jamada,j a m a d a,,Granadillo2006,,,,
Name-Chacon-2019-220-218_two-1,,Name,Chacon-2019-220-218_two,jamada,jamada,j a m a d a,,Granadillo2006,,,,
Kowaidakenai-Chacon-2019-220-46_correct-1,,Kowaidakenai,Chacon-2019-220-46_correct,dzekemati,dzekemati,dz e k e m a t i,,Silva1961,,,,
Oho-Chacon-2019-220-46_correct-1,,Oho,Chacon-2019-220-46_correct,hapeːdale,hapeːdale,h a p eː d a l e,,Granadillo2006,,,,
Kumadene2-Chacon-2019-220-46_correct-1,,Kumadene2,Chacon-2019-220-46_correct,hiːkuka,hiːkuka,h iː k u k a,,Silva1961,,,,
Mauliene-Chacon-2019-220-46_correct-1,,Mauliene,Chacon-2019-220-46_correct,madzakani,madzakani,m a dz a k a n i,,Silva1961,,,,
Hohoodene-Chacon-2019-220-46_correct-1,,Hohoodene,Chacon-2019-220-46_correct,madzakɐni,madzakɐni,m a dz a k ɐ n i,,Silva1961,,,,
Tariana-Chacon-2019-220-46_correct-1,,Tariana,Chacon-2019-220-46_correct,masiakani,masiakani,m a s i a k a n i,,Silva1961,,,,
Name-Chacon-2019-220-46_correct-1,,Name,Chacon-2019-220-46_correct,matsia,matsia,m a ts i a,,Granadillo2006,,,,
Ehe-Chacon-2019-220-46_correct-1,,Ehe,Chacon-2019-220-46_correct,matsiakhai ~ matsankhai,matsiakhai,m a ts i a kʰ a i,,Granadillo2006,,,,
Aha-Chacon-2019-220-46_correct-1,,Aha,Chacon-2019-220-46_correct,matsiani,matsiani,m a ts i a n i,,Granadillo2006,,,,
Dzawinai-Chacon-2019-220-46_correct-1,,Dzawinai,Chacon-2019-220-46_correct,ɽudzekema,ɽudzekema,ɽ u dz e k e m a,,Silva1961,,,,
Mauliene-Chacon-2019-220-11_above-1,,Mauliene,Chacon-2019-220-11_above,dzenoʐe,dzenoʐe,dz e n o ʐ e,,Silva1961,,,,
Tariana-Chacon-2019-220-11_above-1,,Tariana,Chacon-2019-220-11_above,ĩhienunisɛ,ĩhienunisɛ,ĩ h i e n u n i s ɛ,,Silva1961,,,,
Name-Chacon-2019-220-11_above-1,,Name,Chacon-2019-220-11_above,lieːkuana,lieːkuana,l i eː k u a n a,,Granadillo2006,,,,
Aha-Chacon-2019-220-11_above-1,,Aha,Chacon-2019-220-11_above,lieːkuete,lieːkuete,l i eː k u e t e,,Granadillo2006,,,,
Oho-Chacon-2019-220-11_above-1,,Oho,Chacon-2019-220-11_above,liekoana,liekoana,l i e k o a n a,,Granadillo2006,,,,
Ehe-Chacon-2019-220-11_above-1,,Ehe,Chacon-2019-220-11_above,linako ~ nako,linako,l i n a k o,,Granadillo2006,,,,
Werekena-Chacon-2019-220-11_above-1,,Werekena,Chacon-2019-220-11_above,niwaba,niwaba,n i w a b a,,Silva1961,,,,
Dzawinai-Chacon-2019-220-11_above-1,,Dzawinai,Chacon-2019-220-11_above,ɽiːka,ɽiːka,ɽ iː k a,,Silva1961,,,,
Kowaidakenai-Chacon-2019-220-11_above-1,,Kowaidakenai,Chacon-2019-220-11_above,ɽiːkahe,ɽiːkahe,ɽ iː k a h e,,Silva1961,,,,
Kumadene2-Chacon-2019-220-11_above-1,,Kumadene2,Chacon-2019-220-11_above,ɽianihonipe,ɽianihonipe,ɽ i a n i h o n i p e,,Silva1961,,,,
Hohoodene-Chacon-2019-220-11_above-1,,Hohoodene,Chacon-2019-220-11_above,tsɛnonisɛ,tsɛnonisɛ,ts ɛ n o n i s ɛ,,Silva1961,,,,
Ehe-Chacon-2019-220-193_standing-1,,Ehe,Chacon-2019-220-193_standing,eːmaketi,eːmaketi,eː m a k e t i,,Granadillo2006,,,,
Aha-Chacon-2019-220-193_standing-1,,Aha,Chacon-2019-220-193_standing,jeːmakaita ~ jemakada,jeːmakaita,j eː m a k a i t a,,Granadillo2006,,,,
Oho-Chacon-2019-220-193_standing-1,,Oho,Chacon-2019-220-193_standing,jeːmakete,jeːmakete,j eː m a k e t e,,Granadillo2006,,,,
Moliwene-Chacon-2019-220-193_standing-1,,Moliwene,Chacon-2019-220-193_standing,nuémaka,nuémaka,n u e m a k a,,Silva1961,,,,
Mauliene-Chacon-2019-220-193_standing-1,,Mauliene,Chacon-2019-220-193_standing,nuémakawa,nuémakawa,n u e m a k a w a,,Silva1961,,,,
Hohoodene-Chacon-2019-220-193_standing-1,,Hohoodene,Chacon-2019-220-193_standing,pueːma,pueːma,p u eː m a,,Silva1961,,,,
Waliperi-Chacon-2019-220-193_standing-1,,Waliperi,Chacon-2019-220-193_standing,ɽiemaka,ɽiemaka,ɽ i e m a k a,,Silva1961,,,,
Kumadene2-Chacon-2019-220-193_standing-1,,Kumadene2,Chacon-2019-220-193_standing,ɽiumakawa,ɽiumakawa,ɽ i u m a k a w a,,Silva1961,,,,
Werekena-Chacon-2019-220-193_standing-1,,Werekena,Chacon-2019-220-193_standing,teatʃia,teatʃia,t e a tʃ i a,,Silva1961,,,,
Name-Chacon-2019-220-193_standing-1,,Name,Chacon-2019-220-193_standing,weːmaka,weːmaka,w eː m a k a,,Granadillo2006,,,,
Dzawinai-Chacon-2019-220-94_green-1,,Dzawinai,Chacon-2019-220-94_green,eːmidaɽika,eːmidaɽika,eː m i d a ɽ i k a,,Silva1961,,,,
Moliwene-Chacon-2019-220-94_green-1,,Moliwene,Chacon-2019-220-94_green,emĩdaɽi,emĩdaɽi,e m ĩ d a ɽ i,,Silva1961,,,,
Mauliene-Chacon-2019-220-94_green-1,,Mauliene,Chacon-2019-220-94_green,emikatoani,emikatoani,e m i k a t o a n i,,Silva1961,,,,
Oho-Chacon-2019-220-94_green-1,,Oho,Chacon-2019-220-94_green,hipoledale,hipoledale,h i p o l e d a l e,,Granadillo2006,,,,
Name-Chacon-2019-220-94_green-1,,Name,Chacon-2019-220-94_green,hipoledali,hipoledali,h i p o l e d a l i,,Granadillo2006,,,,
Aha-Chacon-2019-220-94_green-1,,Aha,Chacon-2019-220-94_green,hipoliadali,hipoliadali,h i p o l i a d a l i,,Granadillo2006,,,,
Hohoodene-Chacon-2019-220-94_green-1,,Hohoodene,Chacon-2019-220-94_green,hipoɽɛdaɽi,hipoɽɛdaɽi,h i p o ɽ ɛ d a ɽ i,,Silva1961,,,,
Waliperi-Chacon-2019-220-94_green-1,,Waliperi,Chacon-2019-220-94_green,hipoɽɛdaɽi,hipoɽɛdaɽi,h i p o ɽ ɛ d a ɽ i,,Silva1961,,,,
Tariana-Chacon-2019-220-94_green-1,,Tariana,Chacon-2019-220-94_green,hipoɾɛmanʊka,hipoɾɛmanʊka,h i p o ɾ ɛ m a n ʊ k a,,Silva1961,,,,
Kumadene1-Chacon-2019-220-94_green-1,,Kumadene1,Chacon-2019-220-94_green,hipɔɾenĩpɛ,hipɔɾenĩpɛ,h i p ɔ ɾ e n ĩ p ɛ,,,,,,
Ehe-Chacon-2019-220-94_green-1,,Ehe,Chacon-2019-220-94_green,hipule,hipule,h i p u l e,,Granadillo2006,,,,
Kumadene2-Chacon-2019-220-94_green-1,,Kumadene2,Chacon-2019-220-94_green,ĩdaripoa,ĩdaripoa,ĩ d a ɾ i p o a,,Silva1961,,,,
Kowaidakenai-Chacon-2019-220-94_green-1,,Kowaidakenai,Chacon-2019-220-94_green,konenaɽikani,konenaɽikani,k o n e n a ɽ i k a n i,,Silva1961,,,,
Werekena-Chacon-2019-220-94_green-1,,Werekena,Chacon-2019-220-94_green,puɾɛɾi,puɾɛɾi,p u ɾ ɛ ɾ i,,Silva1961,,,,
Ehe-Chacon-2019-220-240_yellow-1,,Ehe,Chacon-2019-220-240_yellow,eːwa,eːwa,eː w a,,Granadillo2006,,,,
Oho-Chacon-2019-220-240_yellow-1,,Oho,Chacon-2019-220-240_yellow,eːwadale,eːwadale,eː w a d a l e,,Granadillo2006,,,,
Aha-Chacon-2019-220-240_yellow-1,,Aha,Chacon-2019-220-240_yellow,eːwadali,eːwadali,eː w a d a l i,,Granadillo2006,,,,
Name-Chacon-2019-220-240_yellow-1,,Name,Chacon-2019-220-240_yellow,eːwadali,eːwadali,eː w a d a l i,,Granadillo2006,,,,
Kumadene2-Chacon-2019-220-240_yellow-1,,Kumadene2,Chacon-2019-220-240_yellow,ewadaɽi,ewadaɽi,e w a d a ɽ i,,Silva1961,,,,
Moliwene-Chacon-2019-220-240_yellow-1,,Moliwene,Chacon-2019-220-240_yellow,ewádaɽi,ewádaɽi,e w a d a ɽ i,,Silva1961,,,,
Mauliene-Chacon-2019-220-240_yellow-1,,Mauliene,Chacon-2019-220-240_yellow,ewakani,ewakani,e w a k a n i,,Silva1961,,,,
Hohoodene-Chacon-2019-220-240_yellow-1,,Hohoodene,Chacon-2019-220-240_yellow,ɛwadali,ɛwadali,ɛ w a d a l i,,Silva1961,,,,
Waliperi-Chacon-2019-220-240_yellow-1,,Waliperi,Chacon-2019-220-240_yellow,ɛwadaɽi,ɛwadaɽi,ɛ w a d a ɽ i,,Silva1961,,,,
Tariana-Chacon-2019-220-240_yellow-1,,Tariana,Chacon-2019-220-240_yellow,iɾipeɾi,iɾipeɾi,i ɾ i p e ɾ i,,Silva1961,,,,
Dzawinai-Chacon-2019-220-240_yellow-1,,Dzawinai,Chacon-2019-220-240_yellow,iʐaika,iʐaika,i ʐ a i k a,,Silva1961,,,,
Kowaidakenai-Chacon-2019-220-240_yellow-1,,Kowaidakenai,Chacon-2019-220-240_yellow,iʐaikani,iʐaikani,i ʐ a i k a n i,,Silva1961,,,,
Werekena-Chacon-2019-220-240_yellow-1,,Werekena,Chacon-2019-220-240_yellow,tɛwaɽi,tɛwaɽi,t ɛ w a ɽ i,,Silva1961,,,,
Ehe-Chacon-2019-220-241_yes-1,,Ehe,Chacon-2019-220-241_yes,ehe,ehe,e h e,,Granadillo2006,,,,
Aha-Chacon-2019-220-241_yes-1,,Aha,Chacon-2019-220-241_yes,hoː ~ aha,hoː,h oː,,Granadillo2006,,,,
Name-Chacon-2019-220-241_yes-1,,Name,Chacon-2019-220-241_yes,oho,oho,o h o,,Granadillo2006,,,,
Oho-Chacon-2019-220-241_yes-1,,Oho,Chacon-2019-220-241_yes,oho,oho,o h o,,Granadillo2006,,,,
Ehe-Chacon-2019-220-186_smell-1,,Ehe,Chacon-2019-220-186_smell,emiaketi,emiaketi,e m i a k e t i,,Granadillo2006,,,,
Aha-Chacon-2019-220-186_smell-1,,Aha,Chacon-2019-220-186_smell,imiakada,imiakada,i m i a k a d a,,Granadillo2006,,,,
Name-Chacon-2019-220-186_smell-1,,Name,Chacon-2019-220-186_smell,jeːmiaketi,jeːmiaketi,j eː m i a k e t i,,Granadillo2006,,,,
Oho-Chacon-2019-220-186_smell-1,,Oho,Chacon-2019-220-186_smell,jeniaketi,jeniaketi,j e n i a k e t i,,Granadillo2006,,,,
Tariana-Chacon-2019-220-186_smell-1,,Tariana,Chacon-2019-220-186_smell,neimiãnʊka,neimiãnʊka,n e i m i ã n ʊ k a,,Silva1961,,,,
Mauliene-Chacon-2019-220-186_smell-1,,Mauliene,Chacon-2019-220-186_smell,nuemiaka,nuemiaka,n u e m i a k a,,Silva1961,,,,
Hohoodene-Chacon-2019-220-186_smell-1,,Hohoodene,Chacon-2019-220-186_smell,nũemĩaka,nũemĩaka,n ũ e m ĩ a k a,,Silva1961,,,,
Moliwene-Chacon-2019-220-186_smell-1,,Moliwene,Chacon-2019-220-186_smell,nuniaka,nuniaka,n u n i a k a,,Silva1961,,,,
Werekena-Chacon-2019-220-186_smell-1,,Werekena,Chacon-2019-220-186_smell,pisimɛta,pisimɛta,p i s i m ɛ t a,,Silva1961,,,,
Dzawinai-Chacon-2019-220-186_smell-1,,Dzawinai,Chacon-2019-220-186_smell,ɽiemjaka,ɽiemjaka,ɽ i e m j a k a,,Silva1961,,,,
Kowaidakenai-Chacon-2019-220-186_smell-1,,Kowaidakenai,Chacon-2019-220-186_smell,ɽiemjakawa,ɽiemjakawa,ɽ i e m j a k a w a,,Silva1961,,,,
Kowaidakenai-Chacon-2019-220-150_path-1,,Kowaidakenai,Chacon-2019-220-150_path,enipu,enipu,e n i p u,,Silva1961,,,,
Tariana-Chacon-2019-220-150_path-1,,Tariana,Chacon-2019-220-150_path,hinipu,hinipu,h i n i p u,,Silva1961,,,,
Hohoodene-Chacon-2019-220-150_path-1,,Hohoodene,Chacon-2019-220-150_path,iːnipo,iːnipo,iː n i p o,,Silva1961,,,,
Kumadene2-Chacon-2019-220-150_path-1,,Kumadene2,Chacon-2019-220-150_path,inipo,inipo,i n i p o,,Silva1961,,,,
Mauliene-Chacon-2019-220-150_path-1,,Mauliene,Chacon-2019-220-150_path,inipo,inipo,i n i p o,,Silva1961,,,,
Name-Chacon-2019-220-150_path-1,,Name,Chacon-2019-220-150_path,inipo,inipo,i n i p o,,Granadillo2006,,,,
Oho-Chacon-2019-220-150_path-1,,Oho,Chacon-2019-220-150_path,inipo,inipo,i n i p o,,Granadillo2006,,,,
Waliperi-Chacon-2019-220-150_path-1,,Waliperi,Chacon-2019-220-150_path,inipo,inipo,i n i p o,,Silva1961,,,,
Moliwene-Chacon-2019-220-150_path-1,,Moliwene,Chacon-2019-220-150_path,inípò,inípò,i n í/i p o,,Silva1961,,,,
Ehe-Chacon-2019-220-150_path-1,,Ehe,Chacon-2019-220-150_path,inipu,inipu,i n i p u,,Granadillo2006,,,,
Dzawinai-Chacon-2019-220-150_path-1,,Dzawinai,Chacon-2019-220-150_path,inipu,inipu,i n i p u,,Silva1961,,,,
Werekena-Chacon-2019-220-150_path-1,,Werekena,Chacon-2019-220-150_path,tɛnɛpu,tɛnɛpu,t ɛ n ɛ p u,,Silva1961,,,,
Aha-Chacon-2019-220-150_path-1,,Aha,Chacon-2019-220-150_path,wawa ~ wao,wawa,w a w a,,Granadillo2006,,,,
Werekena-Chacon-2019-220-230_who-1,,Werekena,Chacon-2019-220-230_who,ɛstahɐ̃,ɛstahɐ̃,ɛ s t a h ɐ̃,,Silva1961,,,,
Tariana-Chacon-2019-220-230_who-1,,Tariana,Chacon-2019-220-230_who,hĩː,hĩː,h ĩː,,Silva1961,,,,
Moliwene-Chacon-2019-220-230_who-1,,Moliwene,Chacon-2019-220-230_who,koaka,koaka,k o a k a,,Silva1961,,,,
Mauliene-Chacon-2019-220-230_who-1,,Mauliene,Chacon-2019-220-230_who,koaka,koaka,k o a k a,,Silva1961,,,,
Oho-Chacon-2019-220-230_who-1,,Oho,Chacon-2019-220-230_who,koaka,koaka,k o a k a,,Granadillo2006,,,,
Waliperi-Chacon-2019-220-230_who-1,,Waliperi,Chacon-2019-220-230_who,koakeːna,koakeːna,k o a k eː n a,,Silva1961,,,,
Kumadene2-Chacon-2019-220-230_who-1,,Kumadene2,Chacon-2019-220-230_who,koamehewi,koamehewi,k o a m e h e w i,,Silva1961,,,,
Hohoodene-Chacon-2019-220-230_who-1,,Hohoodene,Chacon-2019-220-230_who,koamɛɽita,koamɛɽita,k o a m ɛ ɽ i t a,,Silva1961,,,,
Name-Chacon-2019-220-230_who-1,,Name,Chacon-2019-220-230_who,koka,koka,k o k a,,Granadillo2006,,,,
Ehe-Chacon-2019-220-230_who-1,,Ehe,Chacon-2019-220-230_who,kuakahlia,kuakahlia,k u a k a h l i a,,Granadillo2006,,,,
Aha-Chacon-2019-220-230_who-1,,Aha,Chacon-2019-220-230_who,kuka,kuka,k u k a,,Granadillo2006,,,,
Kowaidakenai-Chacon-2019-220-230_who-1,,Kowaidakenai,Chacon-2019-220-230_who,kwaẽ,kwaẽ,kʷ a ẽ,,Silva1961,,,,
Dzawinai-Chacon-2019-220-230_who-1,,Dzawinai,Chacon-2019-220-230_who,kwamelita,kwamelita,kʷ a m e l i t a,,Silva1961,,,,
Werekena-Chacon-2019-220-202_that-1,,Werekena,Chacon-2019-220-202_that,ɛtahɐ̃,ɛtahɐ̃,ɛ t a h ɐ̃,,Silva1961,,,,
Tariana-Chacon-2019-220-202_that-1,,Tariana,Chacon-2019-220-202_that,hãɸitɛ,hãɸitɛ,h ã ɸ i t ɛ,,Silva1961,,,,
Hohoodene-Chacon-2019-220-202_that-1,,Hohoodene,Chacon-2019-220-202_that,hia,hia,h i a,,Silva1961,,,,
Moliwene-Chacon-2019-220-202_that-1,,Moliwene,Chacon-2019-220-202_that,hietahɐ̃,hietahɐ̃,h i e t a h ɐ̃,,Silva1961,,,,
Kumadene2-Chacon-2019-220-202_that-1,,Kumadene2,Chacon-2019-220-202_that,hietehi,hietehi,h i e t e h i,,Silva1961,,,,
Kowaidakenai-Chacon-2019-220-202_that-1,,Kowaidakenai,Chacon-2019-220-202_that,hjeti,hjeti,h j e t i,,Silva1961,,,,
Dzawinai-Chacon-2019-220-202_that-1,,Dzawinai,Chacon-2019-220-202_that,hjɛtahã,hjɛtahã,h j ɛ t a h ã,,Silva1961,,,,
Waliperi-Chacon-2019-220-202_that-1,,Waliperi,Chacon-2019-220-202_that,ʰɾiẽnahã,ʰɾiẽnahã,ɾʰ i ẽ n a h ã,,Silva1961,,,,
Oho-Chacon-2019-220-202_that-1,,Oho,Chacon-2019-220-202_that,kuakalienaha,kuakalienaha,k u a k a l i e n a h a,,Granadillo2006,,,,
Aha-Chacon-2019-220-202_that-1,,Aha,Chacon-2019-220-202_that,liara,liara,l i a ɾ a,,Granadillo2006,,,,
Ehe-Chacon-2019-220-202_that-1,,Ehe,Chacon-2019-220-202_that,naːthe,naːthe,n aː tʰ e,,Granadillo2006,,,,
Name-Chacon-2019-220-202_that-1,,Name,Chacon-2019-220-202_that,tiːa,tiːa,t iː a,,Granadillo2006,,,,
Werekena-Chacon-2019-220-147_old-1,,Werekena,Chacon-2019-220-147_old,ɛtenɛlo,ɛtenɛlo,ɛ t e n ɛ l o,,Silva1961,,,,
Kowaidakenai-Chacon-2019-220-147_old-1,,Kowaidakenai,Chacon-2019-220-147_old,komoɽikei,komoɽikei,k o m o ɽ i k e i,,Silva1961,,,,
Oho-Chacon-2019-220-147_old-1,,Oho,Chacon-2019-220-147_old,oːpidale,oːpidale,oː p i d a l e,,Granadillo2006,,,,
Aha-Chacon-2019-220-147_old-1,,Aha,Chacon-2019-220-147_old,opidali,opidali,o p i d a l i,,Granadillo2006,,,,
Name-Chacon-2019-220-147_old-1,,Name,Chacon-2019-220-147_old,opidali,opidali,o p i d a l i,,Granadillo2006,,,,
Hohoodene-Chacon-2019-220-147_old-1,,Hohoodene,Chacon-2019-220-147_old,pedaːɽia,pedaːɽia,p e d aː ɽ i a,,Silva1961,,,,
Mauliene-Chacon-2019-220-147_old-1,,Mauliene,Chacon-2019-220-147_old,pedáːɽia,pedáːɽia,p e d áː/aː ɽ i a,,Silva1961,,,,
Ehe-Chacon-2019-220-147_old-1,,Ehe,Chacon-2019-220-147_old,pedalia,pedalia,p e d a l i a,,Granadillo2006,,,,
Tariana-Chacon-2019-220-147_old-1,,Tariana,Chacon-2019-220-147_old,pẽdalia,pẽdalia,p ẽ d a l i a,,Silva1961,,,,
Dzawinai-Chacon-2019-220-147_old-1,,Dzawinai,Chacon-2019-220-147_old,pedaɽja,pedaɽja,p e d a ɽ j a,,Silva1961,,,,
Kumadene2-Chacon-2019-220-147_old-1,,Kumadene2,Chacon-2019-220-147_old,pekiʐi,pekiʐi,p e k i ʐ i,,Silva1961,,,,
Ehe-Chacon-2019-220-224_we-1,,Ehe,Chacon-2019-220-224_we,faː,faː,f aː,,Granadillo2006,,,,
Name-Chacon-2019-220-224_we-1,,Name,Chacon-2019-220-224_we,faː,faː,f aː,,Granadillo2006,,,,
Kowaidakenai-Chacon-2019-220-224_we-1,,Kowaidakenai,Chacon-2019-220-224_we,hwa,hwa,wʰ a,,Silva1961,,,,
Oho-Chacon-2019-220-224_we-1,,Oho,Chacon-2019-220-224_we,paːna,paːna,p aː n a,,Granadillo2006,,,,
Dzawinai-Chacon-2019-220-224_we-1,,Dzawinai,Chacon-2019-220-224_we,ɸaa,ɸaa,ɸ aː,,Silva1961,,,,
Aha-Chacon-2019-220-224_we-1,,Aha,Chacon-2019-220-224_we,waː,waː,w aː,,Granadillo2006,,,,
Moliwene-Chacon-2019-220-224_we-1,,Moliwene,Chacon-2019-220-224_we,wahio,wahio,w a h i o,,Silva1961,,,,
Kumadene2-Chacon-2019-220-224_we-1,,Kumadene2,Chacon-2019-220-224_we,wha,wha,wʰ a,,Silva1961,,,,
Hohoodene-Chacon-2019-220-224_we-1,,Hohoodene,Chacon-2019-220-224_we,wʰaː,wʰaː,wʰ aː,,Silva1961,,,,
Waliperi-Chacon-2019-220-224_we-1,,Waliperi,Chacon-2019-220-224_we,whaː,whaː,wʰ aː,,Silva1961,,,,
Tariana-Chacon-2019-220-224_we-1,,Tariana,Chacon-2019-220-224_we,wuha,wuha,w u h a,,Silva1961,,,,
Oho-Chacon-2019-220-80_flower-1,,Oho,Chacon-2019-220-80_flower,floːre~tsa,floːre,f l oː ɾ e,,Granadillo2006,,,,
Mauliene-Chacon-2019-220-80_flower-1,,Mauliene,Chacon-2019-220-80_flower,haikui,haikui,h a i k u i,,Silva1961,,,,
Aha-Chacon-2019-220-80_flower-1,,Aha,Chacon-2019-220-80_flower,liːwi,liːwi,l iː w i,,Granadillo2006,,,,
Ehe-Chacon-2019-220-80_flower-1,,Ehe,Chacon-2019-220-80_flower,liːwi,liːwi,l iː w i,,Granadillo2006,,,,
Name-Chacon-2019-220-80_flower-1,,Name,Chacon-2019-220-80_flower,liːwi,liːwi,l iː w i,,Granadillo2006,,,,
Werekena-Chacon-2019-220-80_flower-1,,Werekena,Chacon-2019-220-80_flower,potʃiɾa,potʃiɾa,p o tʃ i ɾ a,,Silva1961,,,,
Moliwene-Chacon-2019-220-80_flower-1,,Moliwene,Chacon-2019-220-80_flower,ɽiːwi,ɽiːwi,ɽ iː w i,,Silva1961,,,,
Hohoodene-Chacon-2019-220-80_flower-1,,Hohoodene,Chacon-2019-220-80_flower,ɽiːwi,ɽiːwi,ɽ iː w i,,Silva1961,,,,
Waliperi-Chacon-2019-220-80_flower-1,,Waliperi,Chacon-2019-220-80_flower,ɽiːwi,ɽiːwi,ɽ iː w i,,Silva1961,,,,
Kumadene2-Chacon-2019-220-80_flower-1,,Kumadene2,Chacon-2019-220-80_flower,ɽinaka,ɽinaka,ɽ i n a k a,,Silva1961,,,,
Tariana-Chacon-2019-220-80_flower-1,,Tariana,Chacon-2019-220-80_flower,ɾihi,ɾihi,ɾ i h i,,Silva1961,,,,
Ehe-Chacon-2019-220-35_boychild-1,,Ehe,Chacon-2019-220-35_boychild,haːpe,haːpe,h aː p e,,Granadillo2006,,,,
Hohoodene-Chacon-2019-220-35_boychild-1,,Hohoodene,Chacon-2019-220-35_boychild,ieːnipɛʈi,ieːnipɛʈi,i eː n i p ɛ t i,,Silva1961,,,,
Waliperi-Chacon-2019-220-35_boychild-1,,Waliperi,Chacon-2019-220-35_boychild,jenipɛʈi,jenipɛʈi,j e n i p ɛ t i,,Silva1961,,,,
Moliwene-Chacon-2019-220-35_boychild-1,,Moliwene,Chacon-2019-220-35_boychild,kɛːpɛʈi,kɛːpɛʈi,k ɛː p ɛ t i,,Silva1961,,,,
Werekena-Chacon-2019-220-35_boychild-1,,Werekena,Chacon-2019-220-35_boychild,wiɾubɛɽo,wiɾubɛɽo,w i ɾ u b ɛ ɽ o,,Silva1961,,,,
Aha-Chacon-2019-220-35_boychild-1,,Aha,Chacon-2019-220-35_boychild,jempeti,jempeti,j e m p e t i,,Granadillo2006,,,,
Mauliene-Chacon-2019-220-35_boychild-1,,Mauliene,Chacon-2019-220-35_boychild,jempeti,jempeti,j e m p e t i,,Silva1961,,,,
Name-Chacon-2019-220-35_boychild-1,,Name,Chacon-2019-220-35_boychild,jempeti,jempeti,j e m p e t i,,Granadillo2006,,,,
Oho-Chacon-2019-220-35_boychild-1,,Oho,Chacon-2019-220-35_boychild,jempeti,jempeti,j e m p e t i,,Granadillo2006,,,,
Ehe-Chacon-2019-220-89_girl-1,,Ehe,Chacon-2019-220-89_girl,haːpeni,haːpeni,h aː p e n i,,Granadillo2006,,,,
Oho-Chacon-2019-220-89_girl-1,,Oho,Chacon-2019-220-89_girl,iːnaroeni,iːnaroeni,iː n a ɾ o e n i,,Granadillo2006,,,,
Name-Chacon-2019-220-89_girl-1,,Name,Chacon-2019-220-89_girl,iːnaruda,iːnaruda,iː n a ɾ u d a,,Granadillo2006,,,,
Kumadene1-Chacon-2019-220-89_girl-1,,Kumadene1,Chacon-2019-220-89_girl,janɐ̃pɛma,janɐ̃pɛma,j a n ɐ̃ p ɛ m a,,,,,,
Aha-Chacon-2019-220-89_girl-1,,Aha,Chacon-2019-220-89_girl,jempeti,jempeti,j e m p e t i,,Granadillo2006,,,,
Hohoodene-Chacon-2019-220-118_knee-1,,Hohoodene,Chacon-2019-220-118_knee,haːʃi,haːʃi,h aː ʃ i,,Silva1961,,,,
Dzawinai-Chacon-2019-220-118_knee-1,,Dzawinai,Chacon-2019-220-118_knee,hiuʃi,hiuʃi,h i u ʃ i,,Silva1961,,,,
Kowaidakenai-Chacon-2019-220-118_knee-1,,Kowaidakenai,Chacon-2019-220-118_knee,nuːʃi,nuːʃi,n uː ʃ i,,Silva1961,,,,
Werekena-Chacon-2019-220-118_knee-1,,Werekena,Chacon-2019-220-118_knee,nukwaɾitaɽe,nukwaɾitaɽe,n u kʷ a ɾ i t a ɽ e,,Silva1961,,,,
Mauliene-Chacon-2019-220-118_knee-1,,Mauliene,Chacon-2019-220-118_knee,nusi,nusi,n u s i,,Silva1961,,,,
Kumadene2-Chacon-2019-220-118_knee-1,,Kumadene2,Chacon-2019-220-118_knee,nuʐipada,nuʐipada,n u ʐ i p a d a,,Silva1961,,,,
Moliwene-Chacon-2019-220-118_knee-1,,Moliwene,Chacon-2019-220-118_knee,ɽ̥ʰioʐi,ɽ̥ʰioʐi,ɽʰ i o ʐ i,,Silva1961,,,,
Waliperi-Chacon-2019-220-118_knee-1,,Waliperi,Chacon-2019-220-118_knee,ɽiuʃuatʰe,ɽiuʃuatʰe,ɽ i u ʃ u a tʰ e,,Silva1961,,,,
Tariana-Chacon-2019-220-118_knee-1,,Tariana,Chacon-2019-220-118_knee,thusisida,thusisida,tʰ u s i s i d a,,Silva1961,,,,
Kumadene1-Chacon-2019-220-135_mother-1,,Kumadene1,Chacon-2019-220-135_mother,hadwa,hadwa,h a d w a,,,,,,
Moliwene-Chacon-2019-220-135_mother-1,,Moliwene,Chacon-2019-220-135_mother,haɖoa,haɖoa,h a d o a,,Silva1961,,,,
Waliperi-Chacon-2019-220-135_mother-1,,Waliperi,Chacon-2019-220-135_mother,hɐ̃doa,hɐ̃doa,h ɐ̃ d o a,,Silva1961,,,,
Tariana-Chacon-2019-220-135_mother-1,,Tariana,Chacon-2019-220-135_mother,nãːkã,nãːkã,n ãː k ã,,Silva1961,,,,
Mauliene-Chacon-2019-220-135_mother-1,,Mauliene,Chacon-2019-220-135_mother,nʰudoa,nʰudoa,nʰ u d o a,,Silva1961,,,,
Kumadene2-Chacon-2019-220-135_mother-1,,Kumadene2,Chacon-2019-220-135_mother,nʰudwa,nʰudwa,nʰ u d w a,,Silva1961,,,,
Hohoodene-Chacon-2019-220-135_mother-1,,Hohoodene,Chacon-2019-220-135_mother,nʰuɖoa,nʰuɖoa,nʰ u d o a,,Silva1961,,,,
Oho-Chacon-2019-220-135_mother-1,,Oho,Chacon-2019-220-135_mother,nodoa,nodoa,n o d o a,,Granadillo2006,,,,
Name-Chacon-2019-220-135_mother-1,,Name,Chacon-2019-220-135_mother,nodua,nodua,n o d u a,,Granadillo2006,,,,
Aha-Chacon-2019-220-135_mother-1,,Aha,Chacon-2019-220-135_mother,nodua doati,nodua doati,n o d u a + d o a t i,,Granadillo2006,,,,
Ehe-Chacon-2019-220-135_mother-1,,Ehe,Chacon-2019-220-135_mother,nuːdua,nuːdua,n uː d u a,,Granadillo2006,,,,
Werekena-Chacon-2019-220-135_mother-1,,Werekena,Chacon-2019-220-135_mother,nusoɾowami,nusoɾowami,n u s o ɾ o w a m i,,Silva1961,,,,
Kumadene2-Chacon-2019-220-59_ear-1,,Kumadene2,Chacon-2019-220-59_ear,haeni,haeni,h a e n i,,Silva1961,,,,
Hohoodene-Chacon-2019-220-59_ear-1,,Hohoodene,Chacon-2019-220-59_ear,hieːni,hieːni,h i eː n i,,Silva1961,,,,
Ehe-Chacon-2019-220-59_ear-1,,Ehe,Chacon-2019-220-59_ear,hlieːni,hlieːni,lʰ i eː n i,,Granadillo2006,,,,
Aha-Chacon-2019-220-59_ear-1,,Aha,Chacon-2019-220-59_ear,lieni,lieni,l i e n i,,Granadillo2006,,,,
Oho-Chacon-2019-220-59_ear-1,,Oho,Chacon-2019-220-59_ear,lieni,lieni,l i e n i,,Granadillo2006,,,,
Tariana-Chacon-2019-220-59_ear-1,,Tariana,Chacon-2019-220-59_ear,lihenĩ,lihenĩ,l i h e n ĩ,,Silva1961,,,,
Name-Chacon-2019-220-59_ear-1,,Name,Chacon-2019-220-59_ear,linakoliko,linakoliko,l i n a k o l i k o,,Granadillo2006,,,,
Werekena-Chacon-2019-220-59_ear-1,,Werekena,Chacon-2019-220-59_ear,nutɐnipaɽa,nutɐnipaɽa,n u t ɐ n i p a ɽ a,,Silva1961,,,,
Waliperi-Chacon-2019-220-59_ear-1,,Waliperi,Chacon-2019-220-59_ear,pʰieːni,pʰieːni,pʰ i eː n i,,Silva1961,,,,
Kowaidakenai-Chacon-2019-220-59_ear-1,,Kowaidakenai,Chacon-2019-220-59_ear,ɸieni,ɸieni,ɸ i e n i,,Silva1961,,,,
Dzawinai-Chacon-2019-220-59_ear-1,,Dzawinai,Chacon-2019-220-59_ear,ɸieni,ɸieni,ɸ i e n i,,Silva1961,,,,
Moliwene-Chacon-2019-220-59_ear-1,,Moliwene,Chacon-2019-220-59_ear,ɽ̥ʰieni,ɽ̥ʰieni,ɽʰ i e n i,,Silva1961,,,,
Mauliene-Chacon-2019-220-59_ear-1,,Mauliene,Chacon-2019-220-59_ear,weːni,weːni,w eː n i,,Silva1961,,,,
Kumadene1-Chacon-2019-220-59_ear-1,,Kumadene1,Chacon-2019-220-59_ear,wɛ hɛnĩ,wɛ hɛnĩ,wʰ ɛ n ĩ,,,,,,
Aha-Chacon-2019-220-216_tree-1,,Aha,Chacon-2019-220-216_tree,haiko,haiko,h a i k o,,Granadillo2006,,,,
Ehe-Chacon-2019-220-216_tree-1,,Ehe,Chacon-2019-220-216_tree,haiko,haiko,h a i k o,,Granadillo2006,,,,
Oho-Chacon-2019-220-216_tree-1,,Oho,Chacon-2019-220-216_tree,haiko,haiko,h a i k o,,Granadillo2006,,,,
Waliperi-Chacon-2019-220-216_tree-1,,Waliperi,Chacon-2019-220-216_tree,haiko,haiko,h a i k o,,Silva1961,,,,
Kowaidakenai-Chacon-2019-220-216_tree-1,,Kowaidakenai,Chacon-2019-220-216_tree,haiku,haiku,h a i k u,,Silva1961,,,,
Kumadene2-Chacon-2019-220-216_tree-1,,Kumadene2,Chacon-2019-220-216_tree,haiku,haiku,h a i k u,,Silva1961,,,,
Name-Chacon-2019-220-216_tree-1,,Name,Chacon-2019-220-216_tree,haiku,haiku,h a i k u,,Granadillo2006,,,,
Dzawinai-Chacon-2019-220-216_tree-1,,Dzawinai,Chacon-2019-220-216_tree,haiku,haiku,h a i k u,,Silva1961,,,,
Moliwene-Chacon-2019-220-216_tree-1,,Moliwene,Chacon-2019-220-216_tree,hajko,hajko,h a j k o,,Silva1961,,,,
Mauliene-Chacon-2019-220-216_tree-1,,Mauliene,Chacon-2019-220-216_tree,hajko,hajko,h a j k o,,Silva1961,,,,
Kumadene1-Chacon-2019-220-216_tree-1,,Kumadene1,Chacon-2019-220-216_tree,hajku,hajku,h a j k u,,,,,,
Tariana-Chacon-2019-220-216_tree-1,,Tariana,Chacon-2019-220-216_tree,hajpunã,hajpunã,h a j p u n ã,,Silva1961,,,,
Werekena-Chacon-2019-220-216_tree-1,,Werekena,Chacon-2019-220-216_tree,tsaːpɛ,tsaːpɛ,ts aː p ɛ,,Silva1961,,,,
Hohoodene-Chacon-2019-220-83_foot-1,,Hohoodene,Chacon-2019-220-83_foot,hajpa,hajpa,h a j p a,,Silva1961,,,,
Dzawinai-Chacon-2019-220-83_foot-1,,Dzawinai,Chacon-2019-220-83_foot,hiːpa,hiːpa,h iː p a,,Silva1961,,,,
Tariana-Chacon-2019-220-83_foot-1,,Tariana,Chacon-2019-220-83_foot,hipamã,hipamã,h i p a m ã,,Silva1961,,,,
Ehe-Chacon-2019-220-83_foot-1,,Ehe,Chacon-2019-220-83_foot,hliːpa,hliːpa,lʰ iː p a,,Granadillo2006,,,,
Aha-Chacon-2019-220-83_foot-1,,Aha,Chacon-2019-220-83_foot,liːpa,liːpa,l iː p a,,Granadillo2006,,,,
Name-Chacon-2019-220-83_foot-1,,Name,Chacon-2019-220-83_foot,liːpa,liːpa,l iː p a,,Granadillo2006,,,,
Oho-Chacon-2019-220-83_foot-1,,Oho,Chacon-2019-220-83_foot,liːpa,liːpa,l iː p a,,Granadillo2006,,,,
Kumadene2-Chacon-2019-220-83_foot-1,,Kumadene2,Chacon-2019-220-83_foot,nuipa,nuipa,n u i p a,,Silva1961,,,,
Mauliene-Chacon-2019-220-83_foot-1,,Mauliene,Chacon-2019-220-83_foot,nuipa,nuipa,n u i p a,,Silva1961,,,,
Werekena-Chacon-2019-220-83_foot-1,,Werekena,Chacon-2019-220-83_foot,nutʃipaɽa,nutʃipaɽa,n u tʃ i p a ɽ a,,Silva1961,,,,
Moliwene-Chacon-2019-220-83_foot-1,,Moliwene,Chacon-2019-220-83_foot,ɽ̥ʰiːpa,ɽ̥ʰiːpa,ɽʰ iː p a,,Silva1961,,,,
Kowaidakenai-Chacon-2019-220-83_foot-1,,Kowaidakenai,Chacon-2019-220-83_foot,ɽiːpa,ɽiːpa,ɽ iː p a,,Silva1961,,,,
Waliperi-Chacon-2019-220-83_foot-1,,Waliperi,Chacon-2019-220-83_foot,ɽikawa,ɽikawa,ɽ i k a w a,,Silva1961,,,,
Kumadene1-Chacon-2019-220-83_foot-1,,Kumadene1,Chacon-2019-220-83_foot,wajmapɛ,wajmapɛ,w a j m a p ɛ,,,,,,
Aha-Chacon-2019-220-7_goodmorning-1,,Aha,Chacon-2019-220-7_goodmorning,hale waikao,hale waikao,h a l e + w a i k a o,,Granadillo2006,,,,
Name-Chacon-2019-220-7_goodmorning-1,,Name,Chacon-2019-220-7_goodmorning,hale waiko,hale waiko,h a l e + w a i k o,,Granadillo2006,,,,
Oho-Chacon-2019-220-7_goodmorning-1,,Oho,Chacon-2019-220-7_goodmorning,haleka waika,haleka waika,h a l e k a + w a i k a,,Granadillo2006,,,,
Ehe-Chacon-2019-220-7_goodmorning-1,,Ehe,Chacon-2019-220-7_goodmorning,heːkuapi waːwika,heːkuapi waːwika,h eː k u a p i + w aː w i k a,,Granadillo2006,,,,
Ehe-Chacon-2019-220-206_thin-1,,Ehe,Chacon-2019-220-206_thin,halitaːdali,halitaːdali,h a l i t aː d a l i,,Granadillo2006,,,,
Hohoodene-Chacon-2019-220-206_thin-1,,Hohoodene,Chacon-2019-220-206_thin,haɽɛpapɛdaɽi,haɽɛpapɛdaɽi,h a ɽ ɛ p a p ɛ d a ɽ i,,Silva1961,,,,
Tariana-Chacon-2019-220-206_thin-1,,Tariana,Chacon-2019-220-206_thin,mãdeilinãtuki,mãdeilinãtuki,m ã d e i l i n ã t u k i,,Silva1961,,,,
Aha-Chacon-2019-220-206_thin-1,,Aha,Chacon-2019-220-206_thin,mmatsiadali,mmatsiadali,m a ts i a d a l i,,Granadillo2006,,,,
Name-Chacon-2019-220-206_thin-1,,Name,Chacon-2019-220-206_thin,tsoːdali,tsoːdali,ts oː d a l i,,Granadillo2006,,,,
Oho-Chacon-2019-220-206_thin-1,,Oho,Chacon-2019-220-206_thin,tsoːkaidale,tsoːkaidale,ts oː k a i d a l e,,Granadillo2006,,,,
Waliperi-Chacon-2019-220-206_thin-1,,Waliperi,Chacon-2019-220-206_thin,tsoːnẽ,tsoːnẽ,ts oː n ẽ,,Silva1961,,,,
Mauliene-Chacon-2019-220-206_thin-1,,Mauliene,Chacon-2019-220-206_thin,tsuːkatsani,tsuːkatsani,ts uː k a ts a n i,,Silva1961,,,,
Kumadene2-Chacon-2019-220-206_thin-1,,Kumadene2,Chacon-2019-220-206_thin,tsuaputse,tsuaputse,ts u a p u ts e,,Silva1961,,,,
Ehe-Chacon-2019-220-103_heavy-1,,Ehe,Chacon-2019-220-103_heavy,hameru,hameru,h a m e ɾ u,,Granadillo2006,,,,
Kumadene2-Chacon-2019-220-103_heavy-1,,Kumadene2,Chacon-2019-220-103_heavy,hamia,hamia,h a m i a,,Silva1961,,,,
Tariana-Chacon-2019-220-103_heavy-1,,Tariana,Chacon-2019-220-103_heavy,hamiapeɾi,hamiapeɾi,h a m i a p e ɾ i,,Silva1961,,,,
Waliperi-Chacon-2019-220-103_heavy-1,,Waliperi,Chacon-2019-220-103_heavy,hamij̃adaɽi,hamij̃adaɽi,h a m i j̃ a d a ɽ i,,Silva1961,,,,
Oho-Chacon-2019-220-103_heavy-1,,Oho,Chacon-2019-220-103_heavy,hamijadale,hamijadale,h a m i j a d a l e,,Granadillo2006,,,,
Aha-Chacon-2019-220-103_heavy-1,,Aha,Chacon-2019-220-103_heavy,hamijadali,hamijadali,h a m i j a d a l i,,Granadillo2006,,,,
Name-Chacon-2019-220-103_heavy-1,,Name,Chacon-2019-220-103_heavy,hamijadali,hamijadali,h a m i j a d a l i,,Granadillo2006,,,,
Mauliene-Chacon-2019-220-103_heavy-1,,Mauliene,Chacon-2019-220-103_heavy,hamnaʐo,hamnaʐo,h a m n a ʐ o,,Silva1961,,,,
Hohoodene-Chacon-2019-220-103_heavy-1,,Hohoodene,Chacon-2019-220-103_heavy,hawij̃adaɽi,hawij̃adaɽi,h a w i j̃ a d a ɽ i,,Silva1961,,,,
Werekena-Chacon-2019-220-103_heavy-1,,Werekena,Chacon-2019-220-103_heavy,jabɛmaɽi,jabɛmaɽi,j a b ɛ m a ɽ i,,Silva1961,,,,
Tariana-Chacon-2019-220-226_what-1,,Tariana,Chacon-2019-220-226_what,hãnekwakãnʰã,hãnekwakãnʰã,h ã n e kʷ a k ã nʰ ã,,Silva1961,,,,
Kowaidakenai-Chacon-2019-220-226_what-1,,Kowaidakenai,Chacon-2019-220-226_what,koahia,koahia,k o a h i a,,Silva1961,,,,
Oho-Chacon-2019-220-226_what-1,,Oho,Chacon-2019-220-226_what,koaka,koaka,k o a k a,,Granadillo2006,,,,
Waliperi-Chacon-2019-220-226_what-1,,Waliperi,Chacon-2019-220-226_what,koaka páːhĩa,koaka páːhĩa,k o a k a + p áː/aː h ĩ a,,Silva1961,,,,
Hohoodene-Chacon-2019-220-226_what-1,,Hohoodene,Chacon-2019-220-226_what,koakɐni,koakɐni,k o a k ɐ n i,,Silva1961,,,,
Mauliene-Chacon-2019-220-226_what-1,,Mauliene,Chacon-2019-220-226_what,koakena,koakena,k o a k e n a,,Silva1961,,,,
Moliwene-Chacon-2019-220-226_what-1,,Moliwene,Chacon-2019-220-226_what,koakɛhe,koakɛhe,k o a k ɛ h e,,Silva1961,,,,
Kumadene2-Chacon-2019-220-226_what-1,,Kumadene2,Chacon-2019-220-226_what,koapiwame,koapiwame,k o a p i w a m e,,Silva1961,,,,
Aha-Chacon-2019-220-226_what-1,,Aha,Chacon-2019-220-226_what,koka,koka,k o k a,,Granadillo2006,,,,
Name-Chacon-2019-220-226_what-1,,Name,Chacon-2019-220-226_what,koka,koka,k o k a,,Granadillo2006,,,,
Ehe-Chacon-2019-220-226_what-1,,Ehe,Chacon-2019-220-226_what,kuakapha ~ kuadzupha,kuakapha,k u a k a pʰ a,,Granadillo2006,,,,
Dzawinai-Chacon-2019-220-226_what-1,,Dzawinai,Chacon-2019-220-226_what,kwamedaɽika,kwamedaɽika,kʷ a m e d a ɽ i k a,,Silva1961,,,,
Werekena-Chacon-2019-220-226_what-1,,Werekena,Chacon-2019-220-226_what,tamaɾiteta,tamaɾiteta,t a m a ɾ i t e t a,,Silva1961,,,,
Dzawinai-Chacon-2019-220-27_big-1,,Dzawinai,Chacon-2019-220-27_big,hanipa,hanipa,h a n i p a,,Silva1961,,,,
Tariana-Chacon-2019-220-27_big-1,,Tariana,Chacon-2019-220-27_big,hanʊ̃ĩtɛ,hanʊ̃ĩtɛ,h a n ʊ̃ ĩ t ɛ,,Silva1961,,,,
Kowaidakenai-Chacon-2019-220-27_big-1,,Kowaidakenai,Chacon-2019-220-27_big,mahmiɽi,mahmiɽi,m a mʰ i ɽ i,,Silva1961,,,,
Oho-Chacon-2019-220-27_big-1,,Oho,Chacon-2019-220-27_big,makadale,makadale,m a k a d a l e,,Granadillo2006,,,,
Aha-Chacon-2019-220-27_big-1,,Aha,Chacon-2019-220-27_big,makadali,makadali,m a k a d a l i,,Granadillo2006,,,,
Name-Chacon-2019-220-27_big-1,,Name,Chacon-2019-220-27_big,makadali,makadali,m a k a d a l i,,Granadillo2006,,,,
Moliwene-Chacon-2019-220-27_big-1,,Moliwene,Chacon-2019-220-27_big,makadaɽi,makadaɽi,m a k a d a ɽ i,,Silva1961,,,,
Hohoodene-Chacon-2019-220-27_big-1,,Hohoodene,Chacon-2019-220-27_big,makadaɽi,makadaɽi,m a k a d a ɽ i,,Silva1961,,,,
Kumadene2-Chacon-2019-220-27_big-1,,Kumadene2,Chacon-2019-220-27_big,makadaɽi,makadaɽi,m a k a d a ɽ i,,Silva1961,,,,
Mauliene-Chacon-2019-220-27_big-1,,Mauliene,Chacon-2019-220-27_big,makádaɽi,makádaɽi,m a k a d a ɽ i,,Silva1961,,,,
Ehe-Chacon-2019-220-27_big-1,,Ehe,Chacon-2019-220-27_big,maniri,maniri,m a n i ɾ i,,Granadillo2006,,,,
Werekena-Chacon-2019-220-27_big-1,,Werekena,Chacon-2019-220-27_big,tsuteɾi,tsuteɾi,ts u t e ɾ i,,Silva1961,,,,
Tariana-Chacon-2019-220-205_thick-1,,Tariana,Chacon-2019-220-205_thick,hanuːnã,hanuːnã,h a n uː n ã,,Silva1961,,,,
Ehe-Chacon-2019-220-205_thick-1,,Ehe,Chacon-2019-220-205_thick,hipanadali ~ hipandadali,hipanadali,h i p a n a d a l i,,Granadillo2006,,,,
Name-Chacon-2019-220-205_thick-1,,Name,Chacon-2019-220-205_thick,hipanda,hipanda,h i p a n d a,,Granadillo2006,,,,
Hohoodene-Chacon-2019-220-205_thick-1,,Hohoodene,Chacon-2019-220-205_thick,makadaɽi,makadaɽi,m a k a d a ɽ i,,Silva1961,,,,
Mauliene-Chacon-2019-220-205_thick-1,,Mauliene,Chacon-2019-220-205_thick,makadaɽi,makadaɽi,m a k a d a ɽ i,,Silva1961,,,,
Oho-Chacon-2019-220-205_thick-1,,Oho,Chacon-2019-220-205_thick,makane,makane,m a k a n e,,Granadillo2006,,,,
Waliperi-Chacon-2019-220-205_thick-1,,Waliperi,Chacon-2019-220-205_thick,makanɛ,makanɛ,m a k a n ɛ,,Silva1961,,,,
Aha-Chacon-2019-220-205_thick-1,,Aha,Chacon-2019-220-205_thick,matoledali,matoledali,m a t o l e d a l i,,Granadillo2006,,,,
Werekena-Chacon-2019-220-205_thick-1,,Werekena,Chacon-2019-220-205_thick,pɐniɾi,pɐniɾi,p ɐ n i ɾ i,,Silva1961,,,,
Ehe-Chacon-2019-220-234_wind-1,,Ehe,Chacon-2019-220-234_wind,haperi,haperi,h a p e ɾ i,,Granadillo2006,,,,
Aha-Chacon-2019-220-234_wind-1,,Aha,Chacon-2019-220-234_wind,kaoli,kaoli,k a o l i,,Granadillo2006,,,,
Tariana-Chacon-2019-220-234_wind-1,,Tariana,Chacon-2019-220-234_wind,kaɾia,kaɾia,k a ɾ i a,,Silva1961,,,,
Name-Chacon-2019-220-234_wind-1,,Name,Chacon-2019-220-234_wind,kauli,kauli,k a u l i,,Granadillo2006,,,,
Oho-Chacon-2019-220-234_wind-1,,Oho,Chacon-2019-220-234_wind,kawaːle,kawaːle,k a w aː l e,,Granadillo2006,,,,
Kumadene2-Chacon-2019-220-234_wind-1,,Kumadene2,Chacon-2019-220-234_wind,kawaːɽe,kawaːɽe,k a w aː ɽ e,,Silva1961,,,,
Mauliene-Chacon-2019-220-234_wind-1,,Mauliene,Chacon-2019-220-234_wind,kawaɽɛka,kawaɽɛka,k a w a ɽ ɛ k a,,Silva1961,,,,
Hohoodene-Chacon-2019-220-234_wind-1,,Hohoodene,Chacon-2019-220-234_wind,kawaɽɛɽi,kawaɽɛɽi,k a w a ɽ ɛ ɽ i,,Silva1961,,,,
Waliperi-Chacon-2019-220-234_wind-1,,Waliperi,Chacon-2019-220-234_wind,kawaɽɛɽi,kawaɽɛɽi,k a w a ɽ ɛ ɽ i,,Silva1961,,,,
Moliwene-Chacon-2019-220-234_wind-1,,Moliwene,Chacon-2019-220-234_wind,kawaɽɛʐi,kawaɽɛʐi,k a w a ɽ ɛ ʐ i,,Silva1961,,,,
Kumadene1-Chacon-2019-220-234_wind-1,,Kumadene1,Chacon-2019-220-234_wind,kɐɾeɾu,kɐɾeɾu,k ɐ ɾ e ɾ u,,,,,,
Werekena-Chacon-2019-220-234_wind-1,,Werekena,Chacon-2019-220-234_wind,ɽitʃi,ɽitʃi,ɽ i tʃ i,,Silva1961,,,,
Tariana-Chacon-2019-220-161_ripe-1,,Tariana,Chacon-2019-220-161_ripe,haɾepeɾi,haɾepeɾi,h a ɾ e p e ɾ i,,Silva1961,,,,
Werekena-Chacon-2019-220-161_ripe-1,,Werekena,Chacon-2019-220-161_ripe,iɾaɽi,iɾaɽi,i ɾ a ɽ i,,Silva1961,,,,
Kumadene2-Chacon-2019-220-161_ripe-1,,Kumadene2,Chacon-2019-220-161_ripe,patʃĩda,patʃĩda,p a tʃ ĩ d a,,Silva1961,,,,
Mauliene-Chacon-2019-220-161_ripe-1,,Mauliene,Chacon-2019-220-161_ripe,pedaɽiakani,pedaɽiakani,p e d a ɽ i a k a n i,,Silva1961,,,,
Hohoodene-Chacon-2019-220-161_ripe-1,,Hohoodene,Chacon-2019-220-161_ripe,pɛdaɽia,pɛdaɽia,p ɛ d a ɽ i a,,Silva1961,,,,
Moliwene-Chacon-2019-220-169_saliva-1,,Moliwene,Chacon-2019-220-169_saliva,hawípaka,hawípaka,h a w í/i p a k a,,Silva1961,,,,
Name-Chacon-2019-220-169_saliva-1,,Name,Chacon-2019-220-169_saliva,hivitaka,hivitaka,h i v i t a k a,,Granadillo2006,,,,
Ehe-Chacon-2019-220-169_saliva-1,,Ehe,Chacon-2019-220-169_saliva,hivitaketi,hivitaketi,h i v i t a k e t i,,Granadillo2006,,,,
Oho-Chacon-2019-220-169_saliva-1,,Oho,Chacon-2019-220-169_saliva,hivitaketi,hivitaketi,h i v i t a k e t i,,Granadillo2006,,,,
Aha-Chacon-2019-220-169_saliva-1,,Aha,Chacon-2019-220-169_saliva,hiwitakada,hiwitakada,h i w i t a k a d a,,Granadillo2006,,,,
Mauliene-Chacon-2019-220-169_saliva-1,,Mauliene,Chacon-2019-220-169_saliva,hiwithaka,hiwithaka,h i w i tʰ a k a,,Silva1961,,,,
Waliperi-Chacon-2019-220-169_saliva-1,,Waliperi,Chacon-2019-220-169_saliva,noanũhɐ,noanũhɐ,n o a n ũ h ɐ,,Silva1961,,,,
Kumadene2-Chacon-2019-220-169_saliva-1,,Kumadene2,Chacon-2019-220-169_saliva,nunumaia,nunumaia,n u n u m a i a,,Silva1961,,,,
Tariana-Chacon-2019-220-169_saliva-1,,Tariana,Chacon-2019-220-169_saliva,paihi,paihi,p a i h i,,Silva1961,,,,
Hohoodene-Chacon-2019-220-169_saliva-1,,Hohoodene,Chacon-2019-220-169_saliva,pʰewipaka,pʰewipaka,pʰ e w i p a k a,,Silva1961,,,,
Werekena-Chacon-2019-220-169_saliva-1,,Werekena,Chacon-2019-220-169_saliva,pisowɛta,pisowɛta,p i s o w ɛ t a,,Silva1961,,,,
Kumadene2-Chacon-2019-220-196_suck-1,,Kumadene2,Chacon-2019-220-196_suck,heːʐi,nupeʐuka,n u p e ʐ u k a,,Silva1961,,,,
Oho-Chacon-2019-220-196_suck-1,,Oho,Chacon-2019-220-196_suck,iːtsotsoketi,iːtsotsoketi,iː ts o ts o k e t i,,Granadillo2006,,,,
Ehe-Chacon-2019-220-196_suck-1,,Ehe,Chacon-2019-220-196_suck,iperoketi,iperoketi,i p e ɾ o k e t i,,Granadillo2006,,,,
Aha-Chacon-2019-220-196_suck-1,,Aha,Chacon-2019-220-196_suck,iperukada,iperukada,i p e ɾ u k a d a,,Granadillo2006,,,,
Name-Chacon-2019-220-196_suck-1,,Name,Chacon-2019-220-196_suck,liːraka,liːraka,l iː ɾ a k a,,Granadillo2006,,,,
Tariana-Chacon-2019-220-196_suck-1,,Tariana,Chacon-2019-220-196_suck,nãtsutsuka,nãtsutsuka,n ã ts u ts u k a,,Silva1961,,,,
Hohoodene-Chacon-2019-220-196_suck-1,,Hohoodene,Chacon-2019-220-196_suck,nupatuitaka,nupatuitaka,n u p a t u i t a k a,,Silva1961,,,,
Moliwene-Chacon-2019-220-196_suck-1,,Moliwene,Chacon-2019-220-196_suck,nuputsʰoaka,nuputsʰoaka,n u p u tsʰ o a k a,,Silva1961,,,,
Mauliene-Chacon-2019-220-196_suck-1,,Mauliene,Chacon-2019-220-196_suck,nuputsoaka,nuputsoaka,n u p u ts o a k a,,Silva1961,,,,
Werekena-Chacon-2019-220-196_suck-1,,Werekena,Chacon-2019-220-196_suck,pijuɾuɛhə,pijuɾuɛhə,p i j u ɾ u ɛ h ə,,Silva1961,,,,
Dzawinai-Chacon-2019-220-196_suck-1,,Dzawinai,Chacon-2019-220-196_suck,pitsuːtsuka,pitsuːtsuka,p i ts uː ts u k a,,Silva1961,,,,
Kowaidakenai-Chacon-2019-220-196_suck-1,,Kowaidakenai,Chacon-2019-220-196_suck,ɽiputswakawa,ɽiputswakawa,ɽ i p u ts w a k a w a,,Silva1961,,,,
Kumadene1-Chacon-2019-220-23_born-1,,Kumadene1,Chacon-2019-220-23_born,heajnĩpejtɛ,heajnĩpejtɛ,h e a j n ĩ p e j t ɛ,,,,,,
Tariana-Chacon-2019-220-86_fruit-1,,Tariana,Chacon-2019-220-86_fruit,hekunã ~hajkuɾuda,hekunã,h e k u n ã,,Silva1961,,,,
Aha-Chacon-2019-220-86_fruit-1,,Aha,Chacon-2019-220-86_fruit,liːnaka,liːnaka,l iː n a k a,,Granadillo2006,,,,
Ehe-Chacon-2019-220-86_fruit-1,,Ehe,Chacon-2019-220-86_fruit,liːnaka,liːnaka,l iː n a k a,,Granadillo2006,,,,
Name-Chacon-2019-220-86_fruit-1,,Name,Chacon-2019-220-86_fruit,liːnaka,liːnaka,l iː n a k a,,Granadillo2006,,,,
Oho-Chacon-2019-220-86_fruit-1,,Oho,Chacon-2019-220-86_fruit,liːnaka,liːnaka,l iː n a k a,,Granadillo2006,,,,
Mauliene-Chacon-2019-220-86_fruit-1,,Mauliene,Chacon-2019-220-86_fruit,paniati,paniati,p a n i a t i,,Silva1961,,,,
Hohoodene-Chacon-2019-220-86_fruit-1,,Hohoodene,Chacon-2019-220-86_fruit,ɽiːnaka,ɽiːnaka,ɽ iː n a k a,,Silva1961,,,,
Waliperi-Chacon-2019-220-86_fruit-1,,Waliperi,Chacon-2019-220-86_fruit,ɽiːnaka,ɽiːnaka,ɽ iː n a k a,,Silva1961,,,,
Kumadene2-Chacon-2019-220-86_fruit-1,,Kumadene2,Chacon-2019-220-86_fruit,ɽiːwi,ɽiːwi,ɽ iː w i,,Silva1961,,,,
Moliwene-Chacon-2019-220-86_fruit-1,,Moliwene,Chacon-2019-220-86_fruit,ɽĩhaj,ɽĩhaj,ɽ ĩ h a j,,Silva1961,,,,
Werekena-Chacon-2019-220-86_fruit-1,,Werekena,Chacon-2019-220-86_fruit,sinahɐ,sinahɐ,s i n a h ɐ,,Silva1961,,,,
Tariana-Chacon-2019-220-213_tongue-1,,Tariana,Chacon-2019-220-213_tongue,henenẽ,henenẽ,h e n e n ẽ,,Silva1961,,,,
Name-Chacon-2019-220-213_tongue-1,,Name,Chacon-2019-220-213_tongue,liako,liako,l i a k o,,Granadillo2006,,,,
Oho-Chacon-2019-220-213_tongue-1,,Oho,Chacon-2019-220-213_tongue,lieːnene,lieːnene,l i eː n e n e,,Granadillo2006,,,,
Aha-Chacon-2019-220-213_tongue-1,,Aha,Chacon-2019-220-213_tongue,lienene,lienene,l i e n e n e,,Granadillo2006,,,,
Ehe-Chacon-2019-220-213_tongue-1,,Ehe,Chacon-2019-220-213_tongue,lienene,lienene,l i e n e n e,,Granadillo2006,,,,
Mauliene-Chacon-2019-220-213_tongue-1,,Mauliene,Chacon-2019-220-213_tongue,nuenene,nuenene,n u e n e n e,,Silva1961,,,,
Werekena-Chacon-2019-220-213_tongue-1,,Werekena,Chacon-2019-220-213_tongue,nutaɽa,nutaɽa,n u t a ɽ a,,Silva1961,,,,
Hohoodene-Chacon-2019-220-213_tongue-1,,Hohoodene,Chacon-2019-220-213_tongue,pɛːnɛnɛ,pɛːnɛnɛ,p ɛː n ɛ n ɛ,,Silva1961,,,,
Waliperi-Chacon-2019-220-213_tongue-1,,Waliperi,Chacon-2019-220-213_tongue,ɽienene,ɽienene,ɽ i e n e n e,,Silva1961,,,,
Dzawinai-Chacon-2019-220-213_tongue-1,,Dzawinai,Chacon-2019-220-213_tongue,ɽienene,ɽienene,ɽ i e n e n e,,Silva1961,,,,
Moliwene-Chacon-2019-220-213_tongue-1,,Moliwene,Chacon-2019-220-213_tongue,ɽiɛnenɛ,ɽiɛnenɛ,ɽ i ɛ n e n ɛ,,Silva1961,,,,
Kowaidakenai-Chacon-2019-220-213_tongue-1,,Kowaidakenai,Chacon-2019-220-213_tongue,ɽinene,ɽinene,ɽ i n e n e,,Silva1961,,,,
Kumadene2-Chacon-2019-220-140_navel-1,,Kumadene2,Chacon-2019-220-140_navel,hẽpuhe,hẽpuhe,h ẽ p u h e,,Silva1961,,,,
Moliwene-Chacon-2019-220-140_navel-1,,Moliwene,Chacon-2019-220-140_navel,nʰuɛpoɽɛ,nʰuɛpoɽɛ,nʰ u ɛ p o ɽ ɛ,,Silva1961,,,,
Waliperi-Chacon-2019-220-140_navel-1,,Waliperi,Chacon-2019-220-140_navel,nʰuɛpoɽɛ,nʰuɛpoɽɛ,nʰ u ɛ p o ɽ ɛ,,Silva1961,,,,
Werekena-Chacon-2019-220-140_navel-1,,Werekena,Chacon-2019-220-140_navel,numudɛ,numudɛ,n u m u d ɛ,,Silva1961,,,,
Mauliene-Chacon-2019-220-140_navel-1,,Mauliene,Chacon-2019-220-140_navel,numutʃi,numutʃi,n u m u tʃ i,,Silva1961,,,,
Tariana-Chacon-2019-220-140_navel-1,,Tariana,Chacon-2019-220-140_navel,phepuɾeda,phepuɾeda,pʰ e p u ɾ e d a,,Silva1961,,,,
Hohoodene-Chacon-2019-220-140_navel-1,,Hohoodene,Chacon-2019-220-140_navel,tseːpoɽɛ,tseːpoɽɛ,ts eː p o ɽ ɛ,,Silva1961,,,,
Hohoodene-Chacon-2019-220-146_nose-1,,Hohoodene,Chacon-2019-220-146_nose,hɛtako,hɛtako,h ɛ t a k o,,Silva1961,,,,
Kumadene2-Chacon-2019-220-146_nose-1,,Kumadene2,Chacon-2019-220-146_nose,hitako,hitako,h i t a k o,,Silva1961,,,,
Name-Chacon-2019-220-146_nose-1,,Name,Chacon-2019-220-146_nose,itako,itako,i t a k o,,Granadillo2006,,,,
Aha-Chacon-2019-220-146_nose-1,,Aha,Chacon-2019-220-146_nose,liːtako,liːtako,l iː t a k o,,Granadillo2006,,,,
Oho-Chacon-2019-220-146_nose-1,,Oho,Chacon-2019-220-146_nose,litako,litako,l i t a k o,,Granadillo2006,,,,
Werekena-Chacon-2019-220-146_nose-1,,Werekena,Chacon-2019-220-146_nose,nujapa,nujapa,n u j a p a,,Silva1961,,,,
Waliperi-Chacon-2019-220-146_nose-1,,Waliperi,Chacon-2019-220-146_nose,ɽʰitako,ɽʰitako,ɽʰ i t a k o,,Silva1961,,,,
Moliwene-Chacon-2019-220-146_nose-1,,Moliwene,Chacon-2019-220-146_nose,ɽ̥ʰitako,ɽ̥ʰitako,ɽʰ i t a k o,,Silva1961,,,,
Dzawinai-Chacon-2019-220-146_nose-1,,Dzawinai,Chacon-2019-220-146_nose,ɽhitaku,ɽhitaku,ɽʰ i t a k u,,Silva1961,,,,
Mauliene-Chacon-2019-220-146_nose-1,,Mauliene,Chacon-2019-220-146_nose,ɽitako,ɽitako,ɽ i t a k o,,Silva1961,,,,
Kowaidakenai-Chacon-2019-220-146_nose-1,,Kowaidakenai,Chacon-2019-220-146_nose,ɽitaku,ɽitaku,ɽ i t a k u,,Silva1961,,,,
Tariana-Chacon-2019-220-146_nose-1,,Tariana,Chacon-2019-220-146_nose,ɾihtaku,ɾihtaku,ɾ i h t a k u,,Silva1961,,,,
Kumadene1-Chacon-2019-220-146_nose-1,,Kumadene1,Chacon-2019-220-146_nose,wahtaku,wahtaku,w a h t a k u,,,,,,
Kowaidakenai-Chacon-2019-220-163_stone-1,,Kowaidakenai,Chacon-2019-220-163_stone,hiːpa,hiːpa,h iː p a,,Silva1961,,,,
Aha-Chacon-2019-220-163_stone-1,,Aha,Chacon-2019-220-163_stone,hiːpada,hiːpada,h iː p a d a,,Granadillo2006,,,,
Ehe-Chacon-2019-220-163_stone-1,,Ehe,Chacon-2019-220-163_stone,hiːpada,hiːpada,h iː p a d a,,Granadillo2006,,,,
Hohoodene-Chacon-2019-220-163_stone-1,,Hohoodene,Chacon-2019-220-163_stone,hiːpada,hiːpada,h iː p a d a,,Silva1961,,,,
Kumadene2-Chacon-2019-220-163_stone-1,,Kumadene2,Chacon-2019-220-163_stone,hiːpada,hiːpada,h iː p a d a,,Silva1961,,,,
Name-Chacon-2019-220-163_stone-1,,Name,Chacon-2019-220-163_stone,hiːpada,hiːpada,h iː p a d a,,Granadillo2006,,,,
Oho-Chacon-2019-220-163_stone-1,,Oho,Chacon-2019-220-163_stone,hiːpada,hiːpada,h iː p a d a,,Granadillo2006,,,,
Moliwene-Chacon-2019-220-163_stone-1,,Moliwene,Chacon-2019-220-163_stone,hipada,hipada,h i p a d a,,Silva1961,,,,
Mauliene-Chacon-2019-220-163_stone-1,,Mauliene,Chacon-2019-220-163_stone,hipada,hipada,h i p a d a,,Silva1961,,,,
Waliperi-Chacon-2019-220-163_stone-1,,Waliperi,Chacon-2019-220-163_stone,hipada,hipada,h i p a d a,,Silva1961,,,,
Dzawinai-Chacon-2019-220-163_stone-1,,Dzawinai,Chacon-2019-220-163_stone,hipada,hipada,h i p a d a,,Silva1961,,,,
Kumadene1-Chacon-2019-220-163_stone-1,,Kumadene1,Chacon-2019-220-163_stone,hipaɾɐ,hipaɾɐ,h i p a ɾ ɐ,,,,,,
Tariana-Chacon-2019-220-163_stone-1,,Tariana,Chacon-2019-220-163_stone,hɪpãdaː,hɪpãdaː,h i p ã d aː,,Silva1961,,,,
Werekena-Chacon-2019-220-163_stone-1,,Werekena,Chacon-2019-220-163_stone,iːpa,iːpa,iː p a,,Silva1961,,,,
Aha-Chacon-2019-220-60_earth-1,,Aha,Chacon-2019-220-60_earth,hiːpai,hiːpai,h iː p a i,,Granadillo2006,,,,
Ehe-Chacon-2019-220-60_earth-1,,Ehe,Chacon-2019-220-60_earth,hiːpai,hiːpai,h iː p a i,,Granadillo2006,,,,
Kumadene2-Chacon-2019-220-60_earth-1,,Kumadene2,Chacon-2019-220-60_earth,hiːpai,hiːpai,h iː p a i,,Silva1961,,,,
Name-Chacon-2019-220-60_earth-1,,Name,Chacon-2019-220-60_earth,hiːpai,hiːpai,h iː p a i,,Granadillo2006,,,,
Oho-Chacon-2019-220-60_earth-1,,Oho,Chacon-2019-220-60_earth,hiːpai,hiːpai,h iː p a i,,Granadillo2006,,,,
Moliwene-Chacon-2019-220-60_earth-1,,Moliwene,Chacon-2019-220-60_earth,hiːpaj,hiːpaj,h iː p a j,,Silva1961,,,,
Hohoodene-Chacon-2019-220-60_earth-1,,Hohoodene,Chacon-2019-220-60_earth,hiːpaj,hiːpaj,h iː p a j,,Silva1961,,,,
Kowaidakenai-Chacon-2019-220-60_earth-1,,Kowaidakenai,Chacon-2019-220-60_earth,hiːpaj,hiːpaj,h iː p a j,,Silva1961,,,,
Mauliene-Chacon-2019-220-60_earth-1,,Mauliene,Chacon-2019-220-60_earth,hiːpaj,hiːpaj,h iː p a j,,Silva1961,,,,
Dzawinai-Chacon-2019-220-60_earth-1,,Dzawinai,Chacon-2019-220-60_earth,hiːpaj,hiːpaj,h iː p a j,,Silva1961,,,,
Tariana-Chacon-2019-220-60_earth-1,,Tariana,Chacon-2019-220-60_earth,hipai,hipai,h i p a i,,Silva1961,,,,
Waliperi-Chacon-2019-220-60_earth-1,,Waliperi,Chacon-2019-220-60_earth,hipaj,hipaj,h i p a j,,Silva1961,,,,
Werekena-Chacon-2019-220-60_earth-1,,Werekena,Chacon-2019-220-60_earth,jatʃipɛ,jatʃipɛ,j a tʃ i p ɛ,,Silva1961,,,,
Kumadene2-Chacon-2019-220-222_wash-1,,Kumadene2,Chacon-2019-220-222_wash,hiːpaka,hiːpaka,h iː p a k a,,Silva1961,,,,
Aha-Chacon-2019-220-222_wash-1,,Aha,Chacon-2019-220-222_wash,ikotsokada,ikotsokada,i k o ts o k a d a,,Granadillo2006,,,,
Ehe-Chacon-2019-220-222_wash-1,,Ehe,Chacon-2019-220-222_wash,ikotsoketi,ikotsoketi,i k o ts o k e t i,,Granadillo2006,,,,
Oho-Chacon-2019-220-222_wash-1,,Oho,Chacon-2019-220-222_wash,ikotsoketi,ikotsoketi,i k o ts o k e t i,,Granadillo2006,,,,
Name-Chacon-2019-220-222_wash-1,,Name,Chacon-2019-220-222_wash,ikotsonda,ikotsonda,i k o ts o n d a,,Granadillo2006,,,,
Tariana-Chacon-2019-220-222_wash-1,,Tariana,Chacon-2019-220-222_wash,nʰɛpanapeku,nʰɛpanapeku,nʰ ɛ p a n a p e k u,,Silva1961,,,,
Mauliene-Chacon-2019-220-222_wash-1,,Mauliene,Chacon-2019-220-222_wash,nukutshukani,nukutshukani,n u k u tsʰ u k a n i,,Silva1961,,,,
Waliperi-Chacon-2019-220-222_wash-1,,Waliperi,Chacon-2019-220-222_wash,pikotsʰoni,pikotsʰoni,p i k o tsʰ o n i,,Silva1961,,,,
Hohoodene-Chacon-2019-220-222_wash-1,,Hohoodene,Chacon-2019-220-222_wash,pikotsʰonĩ,pikotsʰonĩ,p i k o tsʰ o n ĩ,,Silva1961,,,,
Moliwene-Chacon-2019-220-222_wash-1,,Moliwene,Chacon-2019-220-222_wash,pikutsʰonĩ,pikutsʰonĩ,p i k u tsʰ o n ĩ,,Silva1961,,,,
Werekena-Chacon-2019-220-222_wash-1,,Werekena,Chacon-2019-220-222_wash,pipa,pipa,p i p a,,Silva1961,,,,
Kumadene2-Chacon-2019-220-164_root-1,,Kumadene2,Chacon-2019-220-164_root,hiːpaʐu,hiːpaʐu,h iː p a ʐ u,,Silva1961,,,,
Moliwene-Chacon-2019-220-164_root-1,,Moliwene,Chacon-2019-220-164_root,hipaʐo,hipaʐo,h i p a ʐ o,,Silva1961,,,,
Oho-Chacon-2019-220-164_root-1,,Oho,Chacon-2019-220-164_root,lipale,lipale,l i p a l e,,Granadillo2006,,,,
Aha-Chacon-2019-220-164_root-1,,Aha,Chacon-2019-220-164_root,lipali,lipali,l i p a l i,,Granadillo2006,,,,
Ehe-Chacon-2019-220-164_root-1,,Ehe,Chacon-2019-220-164_root,lipali,lipali,l i p a l i,,Granadillo2006,,,,
Name-Chacon-2019-220-164_root-1,,Name,Chacon-2019-220-164_root,lipali,lipali,l i p a l i,,Granadillo2006,,,,
Werekena-Chacon-2019-220-164_root-1,,Werekena,Chacon-2019-220-164_root,maheː,maheː,m a h eː,,Silva1961,,,,
Mauliene-Chacon-2019-220-164_root-1,,Mauliene,Chacon-2019-220-164_root,ɽiːɽi,ɽiːɽi,ɽ iː ɽ i,,Silva1961,,,,
Waliperi-Chacon-2019-220-164_root-1,,Waliperi,Chacon-2019-220-164_root,ɽiːɽi,ɽiːɽi,ɽ iː ɽ i,,Silva1961,,,,
Hohoodene-Chacon-2019-220-164_root-1,,Hohoodene,Chacon-2019-220-164_root,ɽiːʐi,ɽiːʐi,ɽ iː ʐ i,,Silva1961,,,,
Kowaidakenai-Chacon-2019-220-164_root-1,,Kowaidakenai,Chacon-2019-220-164_root,ɽipaɽi,ɽipaɽi,ɽ i p a ɽ i,,Silva1961,,,,
Dzawinai-Chacon-2019-220-164_root-1,,Dzawinai,Chacon-2019-220-164_root,ɽipaɽi,ɽipaɽi,ɽ i p a ɽ i,,Silva1961,,,,
Tariana-Chacon-2019-220-164_root-1,,Tariana,Chacon-2019-220-164_root,ɾipaɾi,ɾipaɾi,ɾ i p a ɾ i,,Silva1961,,,,
Aha-Chacon-2019-220-156_pull-1,,Aha,Chacon-2019-220-156_pull,hiːrakada,hiːrakada,h iː ɾ a k a d a,,Granadillo2006,,,,
Name-Chacon-2019-220-156_pull-1,,Name,Chacon-2019-220-156_pull,hiraːketi,hiraːketi,h i ɾ aː k e t i,,Granadillo2006,,,,
Ehe-Chacon-2019-220-156_pull-1,,Ehe,Chacon-2019-220-156_pull,hirakaita ~ hiraketi,hirakaita,h i ɾ a k a i t a,,Granadillo2006,,,,
Oho-Chacon-2019-220-156_pull-1,,Oho,Chacon-2019-220-156_pull,hiraketi,hiraketi,h i ɾ a k e t i,,Granadillo2006,,,,
Mauliene-Chacon-2019-220-156_pull-1,,Mauliene,Chacon-2019-220-156_pull,hiʐakani,hiʐakani,h i ʐ a k a n i,,Silva1961,,,,
Moliwene-Chacon-2019-220-156_pull-1,,Moliwene,Chacon-2019-220-156_pull,kaʐakɐni,kaʐakɐni,k a ʐ a k ɐ n i,,Silva1961,,,,
Tariana-Chacon-2019-220-156_pull-1,,Tariana,Chacon-2019-220-156_pull,papitafapɛmeta,papitafapɛmeta,p a p i t a f a p ɛ m e t a,,Silva1961,,,,
Hohoodene-Chacon-2019-220-156_pull-1,,Hohoodene,Chacon-2019-220-156_pull,pʱeʐaːkɐni,pʱeʐaːkɐni,pʰ e ʐ aː k ɐ n i,,Silva1961,,,,
Werekena-Chacon-2019-220-156_pull-1,,Werekena,Chacon-2019-220-156_pull,pitsopɐ̃ha,pitsopɐ̃ha,p i ts o p ɐ̃ h a,,Silva1961,,,,
Kumadene2-Chacon-2019-220-156_pull-1,,Kumadene2,Chacon-2019-220-156_pull,piʐaakã,piʐaakã,p i ʐ aː k ã,,Silva1961,,,,
Ehe-Chacon-2019-220-6_maniocsqueezer-1,,Ehe,Chacon-2019-220-6_maniocsqueezer,hiːrina,hiːrina,h iː ɾ i n a,,Granadillo2006,,,,
Aha-Chacon-2019-220-6_maniocsqueezer-1,,Aha,Chacon-2019-220-6_maniocsqueezer,tirolipi,tirolipi,t i ɾ o l i p i,,Granadillo2006,,,,
Name-Chacon-2019-220-6_maniocsqueezer-1,,Name,Chacon-2019-220-6_maniocsqueezer,tirolipi,tirolipi,t i ɾ o l i p i,,Granadillo2006,,,,
Oho-Chacon-2019-220-6_maniocsqueezer-1,,Oho,Chacon-2019-220-6_maniocsqueezer,tirolipi,tirolipi,t i ɾ o l i p i,,Granadillo2006,,,,
Dzawinai-Chacon-2019-220-210_you-1,,Dzawinai,Chacon-2019-220-210_you,hia,hia,h i a,,Silva1961,,,,
Kowaidakenai-Chacon-2019-220-210_you-1,,Kowaidakenai,Chacon-2019-220-210_you,ja,ja,j a,,Silva1961,,,,
Kumadene2-Chacon-2019-220-210_you-1,,Kumadene2,Chacon-2019-220-210_you,kia,kia,k i a,,Silva1961,,,,
Werekena-Chacon-2019-220-210_you-1,,Werekena,Chacon-2019-220-210_you,nijahɐ̃,nijahɐ̃,n i j a h ɐ̃,,Silva1961,,,,
Aha-Chacon-2019-220-210_you-1,,Aha,Chacon-2019-220-210_you,phia,phia,pʰ i a,,Granadillo2006,,,,
Moliwene-Chacon-2019-220-210_you-1,,Moliwene,Chacon-2019-220-210_you,pʰia,pʰia,pʰ i a,,Silva1961,,,,
Ehe-Chacon-2019-220-210_you-1,,Ehe,Chacon-2019-220-210_you,phia,phia,pʰ i a,,Granadillo2006,,,,
Name-Chacon-2019-220-210_you-1,,Name,Chacon-2019-220-210_you,phia,phia,pʰ i a,,Granadillo2006,,,,
Oho-Chacon-2019-220-210_you-1,,Oho,Chacon-2019-220-210_you,phia,phia,pʰ i a,,Granadillo2006,,,,
Waliperi-Chacon-2019-220-210_you-1,,Waliperi,Chacon-2019-220-210_you,pʰia,pʰia,pʰ i a,,Silva1961,,,,
Mauliene-Chacon-2019-220-210_you-1,,Mauliene,Chacon-2019-220-210_you,phina,phina,pʰ i n a,,Silva1961,,,,
Tariana-Chacon-2019-220-210_you-1,,Tariana,Chacon-2019-220-210_you,piɾiha,piɾiha,p i ɾ i h a,,Silva1961,,,,
Kowaidakenai-Chacon-2019-220-209_this-1,,Kowaidakenai,Chacon-2019-220-209_this,hiehẽ,hiehẽ,h i e h ẽ,,Silva1961,,,,
Moliwene-Chacon-2019-220-209_this-1,,Moliwene,Chacon-2019-220-209_this,hiẽhẽ,hiẽhẽ,h i ẽ h ẽ,,Silva1961,,,,
Kumadene2-Chacon-2019-220-209_this-1,,Kumadene2,Chacon-2019-220-209_this,hiehi,hiehi,h i e h i,,Silva1961,,,,
Dzawinai-Chacon-2019-220-209_this-1,,Dzawinai,Chacon-2019-220-209_this,hjɛhẽ,hjɛhẽ,h j ɛ h ẽ,,Silva1961,,,,
Waliperi-Chacon-2019-220-209_this-1,,Waliperi,Chacon-2019-220-209_this,ʰɾiẽhẽ,ʰɾiẽhẽ,ɾʰ i ẽ h ẽ,,Silva1961,,,,
Oho-Chacon-2019-220-209_this-1,,Oho,Chacon-2019-220-209_this,kuakalihe,kuakalihe,k u a k a l i h e,,Granadillo2006,,,,
Aha-Chacon-2019-220-209_this-1,,Aha,Chacon-2019-220-209_this,liahi,liahi,l i a h i,,Granadillo2006,,,,
Tariana-Chacon-2019-220-209_this-1,,Tariana,Chacon-2019-220-209_this,nɾia,nɾia,n ɾ i a,,Silva1961,,,,
Ehe-Chacon-2019-220-209_this-1,,Ehe,Chacon-2019-220-209_this,thiaha,thiaha,tʰ i a h a,,Granadillo2006,,,,
Name-Chacon-2019-220-209_this-1,,Name,Chacon-2019-220-209_this,tiːra,tiːra,t iː ɾ a,,Granadillo2006,,,,
Mauliene-Chacon-2019-220-53_dig-1,,Mauliene,Chacon-2019-220-53_dig,hika,hika,h i k a,,Silva1961,,,,
Kumadene2-Chacon-2019-220-53_dig-1,,Kumadene2,Chacon-2019-220-53_dig,hĩkaakaŋ,hĩkaakaŋ,h ĩ k aː k a ŋ,,Silva1961,,,,
Aha-Chacon-2019-220-53_dig-1,,Aha,Chacon-2019-220-53_dig,imeːkokada,imeːkokada,i m eː k o k a d a,,Granadillo2006,,,,
Name-Chacon-2019-220-53_dig-1,,Name,Chacon-2019-220-53_dig,likaketi,likaketi,l i k a k e t i,,Granadillo2006,,,,
Tariana-Chacon-2019-220-53_dig-1,,Tariana,Chacon-2019-220-53_dig,niheikanapeku,niheikanapeku,n i h e i k a n a p e k u,,Silva1961,,,,
Oho-Chacon-2019-220-53_dig-1,,Oho,Chacon-2019-220-53_dig,pekaka,pekaka,p e k a k a,,Granadillo2006,,,,
Hohoodene-Chacon-2019-220-53_dig-1,,Hohoodene,Chacon-2019-220-53_dig,pʰekakɐni,pʰekakɐni,pʰ e k a k ɐ n i,,Silva1961,,,,
Moliwene-Chacon-2019-220-53_dig-1,,Moliwene,Chacon-2019-220-53_dig,pʰekɐ̃ga,pʰekɐ̃ga,pʰ e k ɐ̃ g a,,Silva1961,,,,
Werekena-Chacon-2019-220-53_dig-1,,Werekena,Chacon-2019-220-53_dig,piubwɛhə,piubwɛhə,p i u b w ɛ h ə,,Silva1961,,,,
Ehe-Chacon-2019-220-53_dig-1,,Ehe,Chacon-2019-220-53_dig,tewakheti ~,tewakheti,t e w a kʰ e t i,,Granadillo2006,,,,
Kumadene2-Chacon-2019-220-168_run-1,,Kumadene2,Chacon-2019-220-168_run,hĩkukawa,hĩkukawa,h ĩ k u k a w a,,Silva1961,,,,
Tariana-Chacon-2019-220-168_run-1,,Tariana,Chacon-2019-220-168_run,namaɾekanã,namaɾekanã,n a m a ɾ e k a n ã,,Silva1961,,,,
Waliperi-Chacon-2019-220-168_run-1,,Waliperi,Chacon-2019-220-168_run,ɽimaʐakawa,ɽimaʐakawa,ɽ i m a ʐ a k a w a,,Silva1961,,,,
Moliwene-Chacon-2019-220-168_run-1,,Moliwene,Chacon-2019-220-168_run,tawakadaɽi,tawakadaɽi,t a w a k a d a ɽ i,,Silva1961,,,,
Mauliene-Chacon-2019-220-168_run-1,,Mauliene,Chacon-2019-220-168_run,tawakakani,tawakakani,t a w a k a k a n i,,Silva1961,,,,
Hohoodene-Chacon-2019-220-168_run-1,,Hohoodene,Chacon-2019-220-168_run,taʐakaˀakɐni,taʐakaˀakɐni,t a ʐ a k aˀ a k ɐ n i,,Silva1961,,,,
Werekena-Chacon-2019-220-168_run-1,,Werekena,Chacon-2019-220-168_run,tipaɾahũ,tipaɾahũ,t i p a ɾ a h ũ,,Silva1961,,,,
Name-Chacon-2019-220-37_burn-1,,Name,Chacon-2019-220-37_burn,himaidaketi,himaidaketi,h i m a i d a k e t i,,Granadillo2006,,,,
Aha-Chacon-2019-220-37_burn-1,,Aha,Chacon-2019-220-37_burn,imaitakada,imaitakada,i m a i t a k a d a,,Granadillo2006,,,,
Ehe-Chacon-2019-220-37_burn-1,,Ehe,Chacon-2019-220-37_burn,imaitakaita ~ imaitaːkheti,imaitakaita,i m a i t a k a i t a,,Granadillo2006,,,,
Oho-Chacon-2019-220-37_burn-1,,Oho,Chacon-2019-220-37_burn,imaketi,imaketi,i m a k e t i,,Granadillo2006,,,,
Werekena-Chacon-2019-220-37_burn-1,,Werekena,Chacon-2019-220-37_burn,maːtahɐ̃,maːtahɐ̃,m aː t a h ɐ̃,,Silva1961,,,,
Tariana-Chacon-2019-220-37_burn-1,,Tariana,Chacon-2019-220-37_burn,nohmaitakanuka,nohmaitakanuka,n o mʰ a i t a k a n u k a,,Silva1961,,,,
Mauliene-Chacon-2019-220-37_burn-1,,Mauliene,Chacon-2019-220-37_burn,numaitaka,numaitaka,n u m a i t a k a,,Silva1961,,,,
Dzawinai-Chacon-2019-220-37_burn-1,,Dzawinai,Chacon-2019-220-37_burn,queimar,ɽimakawa,ɽ i m a k a w a,,Silva1961,,,,
Kumadene1-Chacon-2019-220-37_burn-1,,Kumadene1,Chacon-2019-220-37_burn,ɽamaka,ɽamaka,ɽ a m a k a,,,,,,
Moliwene-Chacon-2019-220-37_burn-1,,Moliwene,Chacon-2019-220-37_burn,ɽimakawa,ɽimakawa,ɽ i m a k a w a,,Silva1961,,,,
Kowaidakenai-Chacon-2019-220-37_burn-1,,Kowaidakenai,Chacon-2019-220-37_burn,ɽimakawa,ɽimakawa,ɽ i m a k a w a,,Silva1961,,,,
Kumadene2-Chacon-2019-220-37_burn-1,,Kumadene2,Chacon-2019-220-37_burn,ɽimakawa,ɽimakawa,ɽ i m a k a w a,,Silva1961,,,,
Waliperi-Chacon-2019-220-37_burn-1,,Waliperi,Chacon-2019-220-37_burn,ɽimakawa,ɽimakawa,ɽ i m a k a w a,,Silva1961,,,,
Hohoodene-Chacon-2019-220-37_burn-1,,Hohoodene,Chacon-2019-220-37_burn,wamhɐ̃jtakɐni,wamhɐ̃jtakɐni,w a mʰ ɐ̃ j t a k ɐ n i,,Silva1961,,,,
Waliperi-Chacon-2019-220-132_milk-1,,Waliperi,Chacon-2019-220-132_milk,hiniaːʈi,hiniaːʈi,h i n i aː t i,,Silva1961,,,,
Tariana-Chacon-2019-220-132_milk-1,,Tariana,Chacon-2019-220-132_milk,hinitsia,hinitsia,h i n i ts i a,,Silva1961,,,,
Werekena-Chacon-2019-220-132_milk-1,,Werekena,Chacon-2019-220-132_milk,ijapɐnɐ,ijapɐnɐ,i j a p ɐ n ɐ,,Silva1961,,,,
Hohoodene-Chacon-2019-220-132_milk-1,,Hohoodene,Chacon-2019-220-132_milk,nuinia,nuinia,n u i n i a,,Silva1961,,,,
Mauliene-Chacon-2019-220-132_milk-1,,Mauliene,Chacon-2019-220-132_milk,nuinia,nuinia,n u i n i a,,Silva1961,,,,
Kumadene2-Chacon-2019-220-132_milk-1,,Kumadene2,Chacon-2019-220-132_milk,ɽiːnia,ɽiːnia,ɽ iː n i a,,Silva1961,,,,
Hohoodene-Chacon-2019-220-165_rope-1,,Hohoodene,Chacon-2019-220-165_rope,hinoɽoʈi,hinoɽoʈi,h i n o ɽ o t i,,Silva1961,,,,
Mauliene-Chacon-2019-220-165_rope-1,,Mauliene,Chacon-2019-220-165_rope,hinoɽóʈi,hinoɽóʈi,h i n o ɽ o t i,,Silva1961,,,,
Kowaidakenai-Chacon-2019-220-165_rope-1,,Kowaidakenai,Chacon-2019-220-165_rope,hinuɽuti,hinuɽuti,h i n u ɽ u t i,,Silva1961,,,,
Dzawinai-Chacon-2019-220-165_rope-1,,Dzawinai,Chacon-2019-220-165_rope,hinuʐuti,hinuʐuti,h i n u ʐ u t i,,Silva1961,,,,
Tariana-Chacon-2019-220-165_rope-1,,Tariana,Chacon-2019-220-165_rope,ĩhinuɾutsi,ĩhinuɾutsi,ĩ h i n u ɾ u ts i,,Silva1961,,,,
Name-Chacon-2019-220-165_rope-1,,Name,Chacon-2019-220-165_rope,lipaːpi,lipaːpi,l i p aː p i,,Granadillo2006,,,,
Aha-Chacon-2019-220-165_rope-1,,Aha,Chacon-2019-220-165_rope,lipapi,lipapi,l i p a p i,,Granadillo2006,,,,
Ehe-Chacon-2019-220-165_rope-1,,Ehe,Chacon-2019-220-165_rope,lipapi,lipapi,l i p a p i,,Granadillo2006,,,,
Oho-Chacon-2019-220-165_rope-1,,Oho,Chacon-2019-220-165_rope,lipapi,lipapi,l i p a p i,,Granadillo2006,,,,
Werekena-Chacon-2019-220-165_rope-1,,Werekena,Chacon-2019-220-165_rope,nunasi,nunasi,n u n a s i,,Silva1961,,,,
Kumadene2-Chacon-2019-220-165_rope-1,,Kumadene2,Chacon-2019-220-165_rope,nuʐuti,nuʐuti,n u ʐ u t i,,Silva1961,,,,
Ehe-Chacon-2019-220-106_hold-1,,Ehe,Chacon-2019-220-106_hold,hipaːkhethi,hipaːkhethi,h i p aː kʰ e tʰ i,,Granadillo2006,,,,
Aha-Chacon-2019-220-106_hold-1,,Aha,Chacon-2019-220-106_hold,hipakadakaida,hipakadakaida,h i p a k a d a k a i d a,,Granadillo2006,,,,
Kumadene2-Chacon-2019-220-106_hold-1,,Kumadene2,Chacon-2019-220-106_hold,hĩpakãŋ,hĩpakãŋ,h ĩ p a k ã ŋ,,Silva1961,,,,
Name-Chacon-2019-220-106_hold-1,,Name,Chacon-2019-220-106_hold,hipaketi,hipaketi,h i p a k e t i,,Granadillo2006,,,,
Oho-Chacon-2019-220-106_hold-1,,Oho,Chacon-2019-220-106_hold,hipaketi,hipaketi,h i p a k e t i,,Granadillo2006,,,,
Tariana-Chacon-2019-220-106_hold-1,,Tariana,Chacon-2019-220-106_hold,ihetanapeiku,ihetanapeiku,i h e t a n a p e i k u,,Silva1961,,,,
Moliwene-Chacon-2019-220-106_hold-1,,Moliwene,Chacon-2019-220-106_hold,kipɐni,kipɐni,k i p ɐ n i,,Silva1961,,,,
Mauliene-Chacon-2019-220-106_hold-1,,Mauliene,Chacon-2019-220-106_hold,nuapoaɽhiopani,nuapoaɽhiopani,n u a p o a ɽʰ i o p a n i,,Silva1961,,,,
Hohoodene-Chacon-2019-220-106_hold-1,,Hohoodene,Chacon-2019-220-106_hold,nutaʐawatakɐni,nutaʐawatakɐni,n u t a ʐ a w a t a k ɐ n i,,Silva1961,,,,
Dzawinai-Chacon-2019-220-106_hold-1,,Dzawinai,Chacon-2019-220-106_hold,phipaːni,phipaːni,pʰ i p aː n i,,Silva1961,,,,
Werekena-Chacon-2019-220-106_hold-1,,Werekena,Chacon-2019-220-106_hold,pidakuitahə,pidakuitahə,p i d a k u i t a h ə,,Silva1961,,,,
Kowaidakenai-Chacon-2019-220-106_hold-1,,Kowaidakenai,Chacon-2019-220-106_hold,pipitasukani,pipitasukani,p i p i t a s u k a n i,,Silva1961,,,,
Aha-Chacon-2019-220-10_sand-1,,Aha,Chacon-2019-220-10_sand,hipaipe,hipaipe,h i p a i p e,,Granadillo2006,,,,
Werekena-Chacon-2019-220-10_sand-1,,Werekena,Chacon-2019-220-10_sand,jatʃinaha,jatʃinaha,j a tʃ i n a h a,,Silva1961,,,,
Kumadene2-Chacon-2019-220-10_sand-1,,Kumadene2,Chacon-2019-220-10_sand,kaida,kaida,k a i d a,,Silva1961,,,,
Name-Chacon-2019-220-10_sand-1,,Name,Chacon-2019-220-10_sand,kaida,kaida,k a i d a,,Granadillo2006,,,,
Oho-Chacon-2019-220-10_sand-1,,Oho,Chacon-2019-220-10_sand,kaida,kaida,k a i d a,,Granadillo2006,,,,
Dzawinai-Chacon-2019-220-10_sand-1,,Dzawinai,Chacon-2019-220-10_sand,kaida,kaida,k a i d a,,Silva1961,,,,
Ehe-Chacon-2019-220-10_sand-1,,Ehe,Chacon-2019-220-10_sand,kaidakua,kaidakua,k a i d a k u a,,Granadillo2006,,,,
Kumadene1-Chacon-2019-220-10_sand-1,,Kumadene1,Chacon-2019-220-10_sand,kaidakwa,kaidakwa,k a i d a kʷ a,,,,,,
Tariana-Chacon-2019-220-10_sand-1,,Tariana,Chacon-2019-220-10_sand,kaidakwa,kaidakwa,k a i d a kʷ a,,Silva1961,,,,
Kowaidakenai-Chacon-2019-220-10_sand-1,,Kowaidakenai,Chacon-2019-220-10_sand,kaidukoa,kaidukoa,k a i d u k o a,,Silva1961,,,,
Moliwene-Chacon-2019-220-10_sand-1,,Moliwene,Chacon-2019-220-10_sand,kajda,kajda,k a j d a,,Silva1961,,,,
Hohoodene-Chacon-2019-220-10_sand-1,,Hohoodene,Chacon-2019-220-10_sand,kajda,kajda,k a j d a,,Silva1961,,,,
Mauliene-Chacon-2019-220-10_sand-1,,Mauliene,Chacon-2019-220-10_sand,kajda,kajda,k a j d a,,Silva1961,,,,
Kumadene1-Chacon-2019-220-10_sand-2,,Kumadene1,Chacon-2019-220-10_sand,kajdakʷɐ,kajdakʷɐ,k a j d a kʷ ɐ,,,,,,
Waliperi-Chacon-2019-220-10_sand-1,,Waliperi,Chacon-2019-220-10_sand,kajɖa,kajɖa,k a j d a,,Silva1961,,,,
Aha-Chacon-2019-220-192_squeeze-1,,Aha,Chacon-2019-220-192_squeeze,hipakadakaida,hipakadakaida,h i p a k a d a k a i d a,,Granadillo2006,,,,
Name-Chacon-2019-220-192_squeeze-1,,Name,Chacon-2019-220-192_squeeze,hitaketti,hitaketti,h i t a k e t i,,Granadillo2006,,,,
Ehe-Chacon-2019-220-192_squeeze-1,,Ehe,Chacon-2019-220-192_squeeze,ipatuitakaita ~ ipatuitaːkheti,ipatuitakaita,i p a t u i t a k a i t a,,Granadillo2006,,,,
Tariana-Chacon-2019-220-192_squeeze-1,,Tariana,Chacon-2019-220-192_squeeze,nãninapisanipɛ,nãninapisanipɛ,n ã n i n a p i s a n i p ɛ,,Silva1961,,,,
Hohoodene-Chacon-2019-220-192_squeeze-1,,Hohoodene,Chacon-2019-220-192_squeeze,nupatuitakɐni,nupatuitakɐni,n u p a t u i t a k ɐ n i,,Silva1961,,,,
Kumadene2-Chacon-2019-220-192_squeeze-1,,Kumadene2,Chacon-2019-220-192_squeeze,nupatwaitaka,nupatwaitaka,n u p a t w a i t a k a,,Silva1961,,,,
Werekena-Chacon-2019-220-192_squeeze-1,,Werekena,Chacon-2019-220-192_squeeze,pepɛhə,pepɛhə,p e p ɛ h ə,,Silva1961,,,,
Mauliene-Chacon-2019-220-192_squeeze-1,,Mauliene,Chacon-2019-220-192_squeeze,ɽiãka,ɽiãka,ɽ i ã k a,,Silva1961,,,,
Dzawinai-Chacon-2019-220-192_squeeze-1,,Dzawinai,Chacon-2019-220-192_squeeze,taʐe,taʐe,t a ʐ e,,Silva1961,,,,
Kowaidakenai-Chacon-2019-220-192_squeeze-1,,Kowaidakenai,Chacon-2019-220-192_squeeze,teaʐe,teaʐe,t e a ʐ e,,Silva1961,,,,
Ehe-Chacon-2019-220-172_scratch-1,,Ehe,Chacon-2019-220-172_scratch,hiriaketi,hiriaketi,h i ɾ i a k e t i,,Granadillo2006,,,,
Aha-Chacon-2019-220-172_scratch-1,,Aha,Chacon-2019-220-172_scratch,joːpataːkakadao,joːpataːkakadao,j oː p a t aː k a k a d a o,,Granadillo2006,,,,
Oho-Chacon-2019-220-172_scratch-1,,Oho,Chacon-2019-220-172_scratch,jopatakaketi,jopatakaketi,j o p a t a k a k e t i,,Granadillo2006,,,,
Name-Chacon-2019-220-172_scratch-1,,Name,Chacon-2019-220-172_scratch,piwetaketi,piwetaketi,p i w e t a k e t i,,Granadillo2006,,,,
Kowaidakenai-Chacon-2019-220-221_walk-1,,Kowaidakenai,Chacon-2019-220-221_walk,hitʃiaːka,hitʃiaːka,h i tʃ i aː k a,,Silva1961,,,,
Ehe-Chacon-2019-220-221_walk-1,,Ehe,Chacon-2019-220-221_walk,iːtoketi,iːtoketi,iː t o k e t i,,Granadillo2006,,,,
Tariana-Chacon-2019-220-221_walk-1,,Tariana,Chacon-2019-220-221_walk,nahikanʰi,nahikanʰi,n a h i k a nʰ i,,Silva1961,,,,
Moliwene-Chacon-2019-220-221_walk-1,,Moliwene,Chacon-2019-220-221_walk,nuáhĩkawa,nuáhĩkawa,n u a h ĩ k a w a,,Silva1961,,,,
Dzawinai-Chacon-2019-220-221_walk-1,,Dzawinai,Chacon-2019-220-221_walk,nuanʰika,nuanʰika,n u a nʰ i k a,,Silva1961,,,,
Mauliene-Chacon-2019-220-221_walk-1,,Mauliene,Chacon-2019-220-221_walk,nuakawa,nuakawa,n u a k a w a,,Silva1961,,,,
Werekena-Chacon-2019-220-221_walk-1,,Werekena,Chacon-2019-220-221_walk,nutapa,nutapa,n u t a p a,,Silva1961,,,,
Name-Chacon-2019-220-221_walk-1,,Name,Chacon-2019-220-221_walk,riakao,riakao,ɾ i a k a o,,Granadillo2006,,,,
Kumadene2-Chacon-2019-220-221_walk-1,,Kumadene2,Chacon-2019-220-221_walk,ɽiakawa,ɽiakawa,ɽ i a k a w a,,Silva1961,,,,
Waliperi-Chacon-2019-220-221_walk-1,,Waliperi,Chacon-2019-220-221_walk,ɽiɐ̃hikawa,ɽiɐ̃hikawa,ɽ i ɐ̃ h i k a w a,,Silva1961,,,,
Hohoodene-Chacon-2019-220-221_walk-1,,Hohoodene,Chacon-2019-220-221_walk,waːhĩkawa,waːhĩkawa,w aː h ĩ k a w a,,Silva1961,,,,
Oho-Chacon-2019-220-221_walk-1,,Oho,Chacon-2019-220-221_walk,jaːkape ~,jaːkape,j aː k a p e,,Granadillo2006,,,,
Aha-Chacon-2019-220-221_walk-1,,Aha,Chacon-2019-220-221_walk,jaːkape ~ jeːmanikada,jaːkape,j aː k a p e,,Granadillo2006,,,,
Ehe-Chacon-2019-220-194_star-1,,Ehe,Chacon-2019-220-194_star,hivishi,hivishi,h i v i ʃ i,,Granadillo2006,,,,
Aha-Chacon-2019-220-194_star-1,,Aha,Chacon-2019-220-194_star,hivisrida,hivisrida,h i v i s ɾ i d a,,Granadillo2006,,,,
Name-Chacon-2019-220-194_star-1,,Name,Chacon-2019-220-194_star,hivisrida,hivisrida,h i v i s ɾ i d a,,Granadillo2006,,,,
Oho-Chacon-2019-220-194_star-1,,Oho,Chacon-2019-220-194_star,hivisrida,hivisrida,h i v i s ɾ i d a,,Granadillo2006,,,,
Dzawinai-Chacon-2019-220-194_star-1,,Dzawinai,Chacon-2019-220-194_star,hiwisi,hiwisi,h i w i s i,,Silva1961,,,,
Hohoodene-Chacon-2019-220-194_star-1,,Hohoodene,Chacon-2019-220-194_star,hiwiʃi,hiwiʃi,h i w i ʃ i,,Silva1961,,,,
Kowaidakenai-Chacon-2019-220-194_star-1,,Kowaidakenai,Chacon-2019-220-194_star,hiwiʃi,hiwiʃi,h i w i ʃ i,,Silva1961,,,,
Waliperi-Chacon-2019-220-194_star-1,,Waliperi,Chacon-2019-220-194_star,hiwiʃi,hiwiʃi,h i w i ʃ i,,Silva1961,,,,
Moliwene-Chacon-2019-220-194_star-1,,Moliwene,Chacon-2019-220-194_star,hiwiʃída,hiwiʃída,h i w i ʃ í/i d a,,Silva1961,,,,
Mauliene-Chacon-2019-220-194_star-1,,Mauliene,Chacon-2019-220-194_star,hiwiʃída,hiwiʃída,h i w i ʃ í/i d a,,Silva1961,,,,
Kumadene2-Chacon-2019-220-194_star-1,,Kumadene2,Chacon-2019-220-194_star,hiwiʐide,hiwiʐide,h i w i ʐ i d e,,Silva1961,,,,
Tariana-Chacon-2019-220-194_star-1,,Tariana,Chacon-2019-220-194_star,waɾipɛɾa,waɾipɛɾa,w a ɾ i p ɛ ɾ a,,Silva1961,,,,
Kumadene1-Chacon-2019-220-194_star-1,,Kumadene1,Chacon-2019-220-194_star,waɾiwaðɐpɛ,waɾiwaðɐpɛ,w a ɾ i w a ð ɐ p ɛ,,,,,,
Werekena-Chacon-2019-220-194_star-1,,Werekena,Chacon-2019-220-194_star,wiminaɽi,wiminaɽi,w i m i n a ɽ i,,Silva1961,,,,
Ehe-Chacon-2019-220-64_fall-1,,Ehe,Chacon-2019-220-64_fall,hiwakaita ~,hiwakaita,h i w a k a i t a,,Granadillo2006,,,,
Name-Chacon-2019-220-64_fall-1,,Name,Chacon-2019-220-64_fall,hiwaketi,hiwaketi,h i w a k e t i,,Granadillo2006,,,,
Oho-Chacon-2019-220-64_fall-1,,Oho,Chacon-2019-220-64_fall,hiwaketi,hiwaketi,h i w a k e t i,,Granadillo2006,,,,
Aha-Chacon-2019-220-64_fall-1,,Aha,Chacon-2019-220-64_fall,iwakada,iwakada,i w a k a d a,,Granadillo2006,,,,
Werekena-Chacon-2019-220-64_fall-1,,Werekena,Chacon-2019-220-64_fall,juɽuahɐ̃,juɽuahɐ̃,j u ɽ u a h ɐ̃,,Silva1961,,,,
Hohoodene-Chacon-2019-220-64_fall-1,,Hohoodene,Chacon-2019-220-64_fall,kʰewakawa,kʰewakawa,kʰ e w a k a w a,,Silva1961,,,,
Mauliene-Chacon-2019-220-64_fall-1,,Mauliene,Chacon-2019-220-64_fall,kiwakawa,kiwakawa,k i w a k a w a,,Silva1961,,,,
Tariana-Chacon-2019-220-64_fall-1,,Tariana,Chacon-2019-220-64_fall,mehuanãtsinaɾukunãnipɛ,mehuanãtsinaɾukunãnipɛ,m e h u a n ã ts i n a ɾ u k u n ã n i p ɛ,,Silva1961,,,,
Moliwene-Chacon-2019-220-64_fall-1,,Moliwene,Chacon-2019-220-64_fall,ɽ̥ʰiwakawa,ɽ̥ʰiwakawa,ɽʰ i w a k a w a,,Silva1961,,,,
Kumadene2-Chacon-2019-220-64_fall-1,,Kumadene2,Chacon-2019-220-64_fall,ʂiwakawa,ʂiwakawa,ʂ i w a k a w a,,Silva1961,,,,
Moliwene-Chacon-2019-220-99_head-1,,Moliwene,Chacon-2019-220-99_head,hiwida,hiwida,h i w i d a,,Silva1961,,,,
Hohoodene-Chacon-2019-220-99_head-1,,Hohoodene,Chacon-2019-220-99_head,hiwida,hiwida,h i w i d a,,Silva1961,,,,
Kowaidakenai-Chacon-2019-220-99_head-1,,Kowaidakenai,Chacon-2019-220-99_head,hiwida,hiwida,h i w i d a,,Silva1961,,,,
Kumadene2-Chacon-2019-220-99_head-1,,Kumadene2,Chacon-2019-220-99_head,hiwida,hiwida,h i w i d a,,Silva1961,,,,
Waliperi-Chacon-2019-220-99_head-1,,Waliperi,Chacon-2019-220-99_head,hiwida,hiwida,h i w i d a,,Silva1961,,,,
Dzawinai-Chacon-2019-220-99_head-1,,Dzawinai,Chacon-2019-220-99_head,hiwida,hiwida,h i w i d a,,Silva1961,,,,
Mauliene-Chacon-2019-220-99_head-1,,Mauliene,Chacon-2019-220-99_head,hiwída,hiwída,h i w í/i d a,,Silva1961,,,,
Aha-Chacon-2019-220-99_head-1,,Aha,Chacon-2019-220-99_head,liwida,liwida,l i w i d a,,Granadillo2006,,,,
Ehe-Chacon-2019-220-99_head-1,,Ehe,Chacon-2019-220-99_head,liwida,liwida,l i w i d a,,Granadillo2006,,,,
Name-Chacon-2019-220-99_head-1,,Name,Chacon-2019-220-99_head,liwida,liwida,l i w i d a,,Granadillo2006,,,,
Oho-Chacon-2019-220-99_head-1,,Oho,Chacon-2019-220-99_head,liwida,liwida,l i w i d a,,Granadillo2006,,,,
Werekena-Chacon-2019-220-99_head-1,,Werekena,Chacon-2019-220-99_head,nubuhɐ̃,nubuhɐ̃,n u b u h ɐ̃,,Silva1961,,,,
Tariana-Chacon-2019-220-99_head-1,,Tariana,Chacon-2019-220-99_head,ɾihw̥ida,ɾihw̥ida,ɾ i wʰ i d a,,Silva1961,,,,
Kumadene1-Chacon-2019-220-99_head-1,,Kumadene1,Chacon-2019-220-99_head,wahujda,wahujda,w a h u j d a,,,,,,
Aha-Chacon-2019-220-112_i-1,,Aha,Chacon-2019-220-112_i,nʰoa,nʰoa,nʰ o a,,Granadillo2006,,,,
Name-Chacon-2019-220-112_i-1,,Name,Chacon-2019-220-112_i,nʰoa,nʰoa,nʰ o a,,Granadillo2006,,,,
Ehe-Chacon-2019-220-112_i-1,,Ehe,Chacon-2019-220-112_i,nʰua,nʰua,nʰ u a,,Granadillo2006,,,,
Oho-Chacon-2019-220-112_i-1,,Oho,Chacon-2019-220-112_i,nʰua,nʰua,nʰ u a,,Granadillo2006,,,,
Kumadene2-Chacon-2019-220-112_i-1,,Kumadene2,Chacon-2019-220-112_i,nʰoa,nʰoa,nʰ o a,,Silva1961,,,,
Moliwene-Chacon-2019-220-112_i-1,,Moliwene,Chacon-2019-220-112_i,nʰoa,nʰoa,nʰ o a,,Silva1961,,,,
Mauliene-Chacon-2019-220-112_i-1,,Mauliene,Chacon-2019-220-112_i,nʰoa,nʰoa,nʰ o a,,Silva1961,,,,
Waliperi-Chacon-2019-220-112_i-1,,Waliperi,Chacon-2019-220-112_i,nʰuɐ̃,nʰuɐ̃,nʰ u ɐ̃,,Silva1961,,,,
Tariana-Chacon-2019-220-112_i-1,,Tariana,Chacon-2019-220-112_i,nuhã,nuhã,n u h ã,,Silva1961,,,,
Kumadene1-Chacon-2019-220-31_blood-1,,Kumadene1,Chacon-2019-220-31_blood,iːðɐ,iːðɐ,iː ð ɐ,,,,,,
Ehe-Chacon-2019-220-31_blood-1,,Ehe,Chacon-2019-220-31_blood,iranaːti ~ irana,iranaːti,i ɾ a n aː t i,,Granadillo2006,,,,
Tariana-Chacon-2019-220-31_blood-1,,Tariana,Chacon-2019-220-31_blood,iɽi,iɽi,i ɽ i,,Silva1961,,,,
Aha-Chacon-2019-220-31_blood-1,,Aha,Chacon-2019-220-31_blood,liːrana,liːrana,l iː ɾ a n a,,Granadillo2006,,,,
Oho-Chacon-2019-220-31_blood-1,,Oho,Chacon-2019-220-31_blood,liːrana,liːrana,l iː ɾ a n a,,Granadillo2006,,,,
Name-Chacon-2019-220-31_blood-1,,Name,Chacon-2019-220-31_blood,lirana,lirana,l i ɾ a n a,,Granadillo2006,,,,
Werekena-Chacon-2019-220-31_blood-1,,Werekena,Chacon-2019-220-31_blood,niasti,niasti,n i a s t i,,Silva1961,,,,
Hohoodene-Chacon-2019-220-31_blood-1,,Hohoodene,Chacon-2019-220-31_blood,ɽiːɽɐna,ɽiːɽɐna,ɽ iː ɽ ɐ n a,,Silva1961,,,,
Waliperi-Chacon-2019-220-31_blood-1,,Waliperi,Chacon-2019-220-31_blood,ɽiɽɐnɐ,ɽiɽɐnɐ,ɽ i ɽ ɐ n ɐ,,Silva1961,,,,
Kumadene2-Chacon-2019-220-31_blood-1,,Kumadene2,Chacon-2019-220-31_blood,ɽiʐana,ɽiʐana,ɽ i ʐ a n a,,Silva1961,,,,
Moliwene-Chacon-2019-220-31_blood-1,,Moliwene,Chacon-2019-220-31_blood,ɽiʐɐna,ɽiʐɐna,ɽ i ʐ ɐ n a,,Silva1961,,,,
Mauliene-Chacon-2019-220-31_blood-1,,Mauliene,Chacon-2019-220-31_blood,ɽiʐɐna,ɽiʐɐna,ɽ i ʐ ɐ n a,,Silva1961,,,,
Moliwene-Chacon-2019-220-158_rain-1,,Moliwene,Chacon-2019-220-158_rain,iːdza,iːdza,iː dz a,,Silva1961,,,,
Ehe-Chacon-2019-220-158_rain-1,,Ehe,Chacon-2019-220-158_rain,iːdza,iːdza,iː dz a,,Granadillo2006,,,,
Hohoodene-Chacon-2019-220-158_rain-1,,Hohoodene,Chacon-2019-220-158_rain,iːdza,iːdza,iː dz a,,Silva1961,,,,
Oho-Chacon-2019-220-158_rain-1,,Oho,Chacon-2019-220-158_rain,iːdza,iːdza,iː dz a,,Granadillo2006,,,,
Waliperi-Chacon-2019-220-158_rain-1,,Waliperi,Chacon-2019-220-158_rain,iːdza,iːdza,iː dz a,,Silva1961,,,,
Dzawinai-Chacon-2019-220-158_rain-1,,Dzawinai,Chacon-2019-220-158_rain,iːdza,iːdza,iː dz a,,Silva1961,,,,
Mauliene-Chacon-2019-220-158_rain-1,,Mauliene,Chacon-2019-220-158_rain,íːdzà,íːdzà,iː dz a,,Silva1961,,,,
Kowaidakenai-Chacon-2019-220-158_rain-1,,Kowaidakenai,Chacon-2019-220-158_rain,iːdʒa,iːdʒa,iː dʒ a,,Silva1961,,,,
Kumadene1-Chacon-2019-220-158_rain-1,,Kumadene1,Chacon-2019-220-158_rain,iːja,iːja,iː j a,,,,,,
Tariana-Chacon-2019-220-158_rain-1,,Tariana,Chacon-2019-220-158_rain,iːja,iːja,iː j a,,Silva1961,,,,
Aha-Chacon-2019-220-158_rain-1,,Aha,Chacon-2019-220-158_rain,iːja,iːja,iː j a,,Granadillo2006,,,,
Name-Chacon-2019-220-158_rain-1,,Name,Chacon-2019-220-158_rain,iːja,iːja,iː j a,,Granadillo2006,,,,
Kumadene2-Chacon-2019-220-158_rain-1,,Kumadene2,Chacon-2019-220-158_rain,ɽiːaw,ɽiːaw,ɽ iː a w,,Silva1961,,,,
Werekena-Chacon-2019-220-158_rain-1,,Werekena,Chacon-2019-220-158_rain,weni,weni,w e n i,,Silva1961,,,,
Aha-Chacon-2019-220-237_woman-1,,Aha,Chacon-2019-220-237_woman,iːnaro,iːnaro,iː n a ɾ o,,Granadillo2006,,,,
Moliwene-Chacon-2019-220-237_woman-1,,Moliwene,Chacon-2019-220-237_woman,iːnaʐo,iːnaʐo,iː n a ʐ o,,Silva1961,,,,
Mauliene-Chacon-2019-220-237_woman-1,,Mauliene,Chacon-2019-220-237_woman,iːnaʐo,iːnaʐo,iː n a ʐ o,,Silva1961,,,,
Waliperi-Chacon-2019-220-237_woman-1,,Waliperi,Chacon-2019-220-237_woman,iːnaʐo,iːnaʐo,iː n a ʐ o,,Silva1961,,,,
Ehe-Chacon-2019-220-237_woman-1,,Ehe,Chacon-2019-220-237_woman,inaro,inaro,i n a ɾ o,,Granadillo2006,,,,
Oho-Chacon-2019-220-237_woman-1,,Oho,Chacon-2019-220-237_woman,inaro,inaro,i n a ɾ o,,Granadillo2006,,,,
Kowaidakenai-Chacon-2019-220-237_woman-1,,Kowaidakenai,Chacon-2019-220-237_woman,inaɽu,inaɽu,i n a ɽ u,,Silva1961,,,,
Tariana-Chacon-2019-220-237_woman-1,,Tariana,Chacon-2019-220-237_woman,inaɾu,inaɾu,i n a ɾ u,,Silva1961,,,,
Hohoodene-Chacon-2019-220-237_woman-1,,Hohoodene,Chacon-2019-220-237_woman,inaʐo,inaʐo,i n a ʐ o,,Silva1961,,,,
Dzawinai-Chacon-2019-220-237_woman-1,,Dzawinai,Chacon-2019-220-237_woman,inaʐo,inaʐo,i n a ʐ o,,Silva1961,,,,
Kumadene2-Chacon-2019-220-237_woman-1,,Kumadene2,Chacon-2019-220-237_woman,inaʐu,inaʐu,i n a ʐ u,,Silva1961,,,,
Name-Chacon-2019-220-237_woman-1,,Name,Chacon-2019-220-237_woman,liːno ~ iːnaro,liːno,l iː n o,,Granadillo2006,,,,
Werekena-Chacon-2019-220-237_woman-1,,Werekena,Chacon-2019-220-237_woman,nejawa,nejawa,n e j a w a,,Silva1961,,,,
Name-Chacon-2019-220-123_left-1,,Name,Chacon-2019-220-123_left,iːnaroeːma,iːnaroeːma,iː n a ɾ o eː m a,,Granadillo2006,,,,
Mauliene-Chacon-2019-220-123_left-1,,Mauliene,Chacon-2019-220-123_left,inaʐema,inaʐema,i n a ʐ e m a,,Silva1961,,,,
Aha-Chacon-2019-220-123_left-1,,Aha,Chacon-2019-220-123_left,ipatoliemete,ipatoliemete,i p a t o l i e m e t e,,Granadillo2006,,,,
Oho-Chacon-2019-220-123_left-1,,Oho,Chacon-2019-220-123_left,lipatolieːma,lipatolieːma,l i p a t o l i eː m a,,Granadillo2006,,,,
Werekena-Chacon-2019-220-123_left-1,,Werekena,Chacon-2019-220-123_left,nɐnu,nɐnu,n ɐ n u,,Silva1961,,,,
Hohoodene-Chacon-2019-220-123_left-1,,Hohoodene,Chacon-2019-220-123_left,paːtoɽi,paːtoɽi,p aː t o ɽ i,,Silva1961,,,,
Kowaidakenai-Chacon-2019-220-123_left-1,,Kowaidakenai,Chacon-2019-220-123_left,paːtuɽi,paːtuɽi,p aː t u ɽ i,,Silva1961,,,,
Dzawinai-Chacon-2019-220-123_left-1,,Dzawinai,Chacon-2019-220-123_left,paːtuɽi,paːtuɽi,p aː t u ɽ i,,Silva1961,,,,
Tariana-Chacon-2019-220-123_left-1,,Tariana,Chacon-2019-220-123_left,pasoɾemã,pasoɾemã,p a s o ɾ e m ã,,Silva1961,,,,
Ehe-Chacon-2019-220-123_left-1,,Ehe,Chacon-2019-220-123_left,patoliemati,patoliemati,p a t o l i e m a t i,,Granadillo2006,,,,
Aha-Chacon-2019-220-105_hit-1,,Aha,Chacon-2019-220-105_hit,iːnokada,iːnokada,iː n o k a d a,,Granadillo2006,,,,
Name-Chacon-2019-220-105_hit-1,,Name,Chacon-2019-220-105_hit,iñaːketi,iñaːketi,i ɲ aː k e t i,,Granadillo2006,,,,
Oho-Chacon-2019-220-105_hit-1,,Oho,Chacon-2019-220-105_hit,iñaːketi,iñaːketi,i ɲ aː k e t i,,Granadillo2006,,,,
Ehe-Chacon-2019-220-105_hit-1,,Ehe,Chacon-2019-220-105_hit,itodakaita,itodakaita,i t o d a k a i t a,,Granadillo2006,,,,
Tariana-Chacon-2019-220-105_hit-1,,Tariana,Chacon-2019-220-105_hit,nãɲãnĩpɛ,nãɲãnĩpɛ,n ã ɲ ã n ĩ p ɛ,,Silva1961,,,,
Mauliene-Chacon-2019-220-105_hit-1,,Mauliene,Chacon-2019-220-105_hit,nuipatuitakani,nuipatuitakani,n u i p a t u i t a k a n i,,Silva1961,,,,
Kumadene2-Chacon-2019-220-105_hit-1,,Kumadene2,Chacon-2019-220-105_hit,nujaːkaã,nujaːkaã,n u j aː k a ã,,Silva1961,,,,
Hohoodene-Chacon-2019-220-105_hit-1,,Hohoodene,Chacon-2019-220-105_hit,patudakɐni,patudakɐni,p a t u d a k ɐ n i,,Silva1961,,,,
Moliwene-Chacon-2019-220-105_hit-1,,Moliwene,Chacon-2019-220-105_hit,pɐ̃ʰj̃akani,pɐ̃ʰj̃akani,p ɐ̃ h j̃ a k a n i,,Silva1961,,,,
Dzawinai-Chacon-2019-220-105_hit-1,,Dzawinai,Chacon-2019-220-105_hit,pĩani,pĩani,p ĩ a n i,,Silva1961,,,,
Kowaidakenai-Chacon-2019-220-105_hit-1,,Kowaidakenai,Chacon-2019-220-105_hit,pipejdepeni,pipejdepeni,p i p e j d e p e n i,,Silva1961,,,,
Werekena-Chacon-2019-220-105_hit-1,,Werekena,Chacon-2019-220-105_hit,pipɛtɛ,pipɛtɛ,p i p ɛ t ɛ,,Silva1961,,,,
Name-Chacon-2019-220-117_kill-1,,Name,Chacon-2019-220-117_kill,iːnoketi,iːnoketi,iː n o k e t i,,Granadillo2006,,,,
Oho-Chacon-2019-220-117_kill-1,,Oho,Chacon-2019-220-117_kill,inoakheti,inoakheti,i n o a kʰ e t i,,Granadillo2006,,,,
Ehe-Chacon-2019-220-117_kill-1,,Ehe,Chacon-2019-220-117_kill,inuaketi,inuaketi,i n u a k e t i,,Granadillo2006,,,,
Tariana-Chacon-2019-220-117_kill-1,,Tariana,Chacon-2019-220-117_kill,nãĩnuãhĩnʊ̃pɛ,nãĩnuãhĩnʊ̃pɛ,n ã ĩ n u ã h ĩ n ʊ̃ p ɛ,,Silva1961,,,,
Kumadene2-Chacon-2019-220-117_kill-1,,Kumadene2,Chacon-2019-220-117_kill,nuinioka,nuinioka,n u i n i o k a,,Silva1961,,,,
Mauliene-Chacon-2019-220-117_kill-1,,Mauliene,Chacon-2019-220-117_kill,nuinoaka,nuinoaka,n u i n o a k a,,Silva1961,,,,
Waliperi-Chacon-2019-220-117_kill-1,,Waliperi,Chacon-2019-220-117_kill,nuinoaka,nuinoaka,n u i n o a k a,,Silva1961,,,,
Dzawinai-Chacon-2019-220-117_kill-1,,Dzawinai,Chacon-2019-220-117_kill,nuinoaka,nuinoaka,n u i n o a k a,,Silva1961,,,,
Werekena-Chacon-2019-220-117_kill-1,,Werekena,Chacon-2019-220-117_kill,nujutʃia,nujutʃia,n u j u tʃ i a,,Silva1961,,,,
Kowaidakenai-Chacon-2019-220-117_kill-1,,Kowaidakenai,Chacon-2019-220-117_kill,nutuɽuaka,nutuɽuaka,n u t u ɽ u a k a,,Silva1961,,,,
Moliwene-Chacon-2019-220-117_kill-1,,Moliwene,Chacon-2019-220-117_kill,ɽinoakani,ɽinoakani,ɽ i n o a k a n i,,Silva1961,,,,
Kumadene1-Chacon-2019-220-117_kill-1,,Kumadene1,Chacon-2019-220-117_kill,wajdoanĩpɛ,wajdoanĩpɛ,w a j d o a n ĩ p ɛ,,,,,,
Hohoodene-Chacon-2019-220-117_kill-1,,Hohoodene,Chacon-2019-220-117_kill,wajnoakani,wajnoakani,w a j n o a k a n i,,Silva1961,,,,
Ehe-Chacon-2019-220-155_throw-1,,Ehe,Chacon-2019-220-155_throw,iːnuaketi,iːnuaketi,iː n u a k e t i,,Granadillo2006,,,,
Aha-Chacon-2019-220-155_throw-1,,Aha,Chacon-2019-220-155_throw,ipeːkokada,ipeːkokada,i p eː k o k a d a,,Granadillo2006,,,,
Oho-Chacon-2019-220-155_throw-1,,Oho,Chacon-2019-220-155_throw,ipekokete,ipekokete,i p e k o k e t e,,Granadillo2006,,,,
Kumadene2-Chacon-2019-220-155_throw-1,,Kumadene2,Chacon-2019-220-155_throw,madaɽida,madaɽida,m a d a ɽ i d a,,Silva1961,,,,
Mauliene-Chacon-2019-220-155_throw-1,,Mauliene,Chacon-2019-220-155_throw,nuinoaka,nuinoaka,n u i n o a k a,,Silva1961,,,,
Hohoodene-Chacon-2019-220-155_throw-1,,Hohoodene,Chacon-2019-220-155_throw,paːkakɐni,paːkakɐni,p aː k a k ɐ n i,,Silva1961,,,,
Werekena-Chacon-2019-220-155_throw-1,,Werekena,Chacon-2019-220-155_throw,pisina,pisina,p i s i n a,,Silva1961,,,,
Name-Chacon-2019-220-155_throw-1,,Name,Chacon-2019-220-155_throw,waokaketi,waokaketi,w a o k a k e t i,,Granadillo2006,,,,
Aha-Chacon-2019-220-166_rotten-1,,Aha,Chacon-2019-220-166_rotten,iːpakada,iːpakada,iː p a k a d a,,Granadillo2006,,,,
Ehe-Chacon-2019-220-166_rotten-1,,Ehe,Chacon-2019-220-166_rotten,iːpakada,iːpakada,iː p a k a d a,,Granadillo2006,,,,
Hohoodene-Chacon-2019-220-166_rotten-1,,Hohoodene,Chacon-2019-220-166_rotten,iːpakada,iːpakada,iː p a k a d a,,Silva1961,,,,
Oho-Chacon-2019-220-166_rotten-1,,Oho,Chacon-2019-220-166_rotten,iːpakada,iːpakada,iː p a k a d a,,Granadillo2006,,,,
Tariana-Chacon-2019-220-166_rotten-1,,Tariana,Chacon-2019-220-166_rotten,nikaulipakawanianã,nikaulipakawanianã,n i k a u l i p a k a w a n i a n ã,,Silva1961,,,,
Name-Chacon-2019-220-166_rotten-1,,Name,Chacon-2019-220-166_rotten,oeːkodali,oeːkodali,o eː k o d a l i,,Granadillo2006,,,,
Kumadene2-Chacon-2019-220-166_rotten-1,,Kumadene2,Chacon-2019-220-166_rotten,ɽipaka,ɽipaka,ɽ i p a k a,,Silva1961,,,,
Mauliene-Chacon-2019-220-166_rotten-1,,Mauliene,Chacon-2019-220-166_rotten,ɽipakawa,ɽipakawa,ɽ i p a k a w a,,Silva1961,,,,
Werekena-Chacon-2019-220-166_rotten-1,,Werekena,Chacon-2019-220-166_rotten,tʃitʃili,tʃitʃili,tʃ i tʃ i l i,,Silva1961,,,,
Ehe-Chacon-2019-220-159_red-1,,Ehe,Chacon-2019-220-159_red,iːrai,iːrai,iː ɾ a i,,Granadillo2006,,,,
Oho-Chacon-2019-220-159_red-1,,Oho,Chacon-2019-220-159_red,iːraidale,iːraidale,iː ɾ a i d a l e,,Granadillo2006,,,,
Name-Chacon-2019-220-159_red-1,,Name,Chacon-2019-220-159_red,iːraidali,iːraidali,iː ɾ a i d a l i,,Granadillo2006,,,,
Hohoodene-Chacon-2019-220-159_red-1,,Hohoodene,Chacon-2019-220-159_red,iːʐajdaj,iːʐajdaj,iː ʐ a j d a j,,Silva1961,,,,
Aha-Chacon-2019-220-159_red-1,,Aha,Chacon-2019-220-159_red,iraidali,iraidali,i ɾ a i d a l i,,Granadillo2006,,,,
Kowaidakenai-Chacon-2019-220-159_red-1,,Kowaidakenai,Chacon-2019-220-159_red,iɽaikani,iɽaikani,i ɽ a i k a n i,,Silva1961,,,,
Werekena-Chacon-2019-220-159_red-1,,Werekena,Chacon-2019-220-159_red,iɾaɽi,iɾaɽi,i ɾ a ɽ i,,Silva1961,,,,
Tariana-Chacon-2019-220-159_red-1,,Tariana,Chacon-2019-220-159_red,iɾikanuka,iɾikanuka,i ɾ i k a n u k a,,Silva1961,,,,
Kumadene1-Chacon-2019-220-159_red-1,,Kumadene1,Chacon-2019-220-159_red,iɾinĩpɛ,iɾinĩpɛ,i ɾ i n ĩ p ɛ,,,,,,
Dzawinai-Chacon-2019-220-159_red-1,,Dzawinai,Chacon-2019-220-159_red,iʐaj,iʐaj,i ʐ a j,,Silva1961,,,,
Moliwene-Chacon-2019-220-159_red-1,,Moliwene,Chacon-2019-220-159_red,iʐajdaɽi,iʐajdaɽi,i ʐ a j d a ɽ i,,Silva1961,,,,
Waliperi-Chacon-2019-220-159_red-1,,Waliperi,Chacon-2019-220-159_red,iʐajdaɽi,iʐajdaɽi,i ʐ a j d a ɽ i,,Silva1961,,,,
Mauliene-Chacon-2019-220-159_red-1,,Mauliene,Chacon-2019-220-159_red,iʐájkani,iʐájkani,i ʐ a j k a n i,,Silva1961,,,,
Kumadene2-Chacon-2019-220-159_red-1,,Kumadene2,Chacon-2019-220-159_red,ɽiːjo,ɽiːjo,ɽ iː j o,,Silva1961,,,,
Name-Chacon-2019-220-56_drink-1,,Name,Chacon-2019-220-56_drink,iːraketi,iːraketi,iː ɾ a k e t i,,Granadillo2006,,,,
Aha-Chacon-2019-220-56_drink-1,,Aha,Chacon-2019-220-56_drink,iraketi,iraketi,i ɾ a k e t i,,Granadillo2006,,,,
Oho-Chacon-2019-220-56_drink-1,,Oho,Chacon-2019-220-56_drink,iraketi,iraketi,i ɾ a k e t i,,Granadillo2006,,,,
Ehe-Chacon-2019-220-56_drink-1,,Ehe,Chacon-2019-220-56_drink,irakheti,irakheti,i ɾ a kʰ e t i,,Granadillo2006,,,,
Werekena-Chacon-2019-220-56_drink-1,,Werekena,Chacon-2019-220-56_drink,namihɐ,namihɐ,n a m i h ɐ,,Silva1961,,,,
Kowaidakenai-Chacon-2019-220-56_drink-1,,Kowaidakenai,Chacon-2019-220-56_drink,nuiʐaka,nuiʐaka,n u i ʐ a k a,,Silva1961,,,,
Mauliene-Chacon-2019-220-56_drink-1,,Mauliene,Chacon-2019-220-56_drink,nuiʐaka,nuiʐaka,n u i ʐ a k a,,Silva1961,,,,
Dzawinai-Chacon-2019-220-56_drink-1,,Dzawinai,Chacon-2019-220-56_drink,nuiʐaka,nuiʐaka,n u i ʐ a k a,,Silva1961,,,,
Kumadene2-Chacon-2019-220-56_drink-1,,Kumadene2,Chacon-2019-220-56_drink,nuiʐeaka,nuiʐeaka,n u i ʐ e a k a,,Silva1961,,,,
Tariana-Chacon-2019-220-56_drink-1,,Tariana,Chacon-2019-220-56_drink,pajɾanipɛ,pajɾanipɛ,p a j ɾ a n i p ɛ,,Silva1961,,,,
Hohoodene-Chacon-2019-220-56_drink-1,,Hohoodene,Chacon-2019-220-56_drink,piʐa,piʐa,p i ʐ a,,Silva1961,,,,
Waliperi-Chacon-2019-220-56_drink-1,,Waliperi,Chacon-2019-220-56_drink,ɽiawakawa,ɽiawakawa,ɽ i a w a k a w a,,Silva1961,,,,
Kumadene1-Chacon-2019-220-56_drink-1,,Kumadene1,Chacon-2019-220-56_drink,wajɾanĩpɛ,wajɾanĩpɛ,w a j ɾ a n ĩ p ɛ,,,,,,
Moliwene-Chacon-2019-220-56_drink-1,,Moliwene,Chacon-2019-220-56_drink,wajʐaka,wajʐaka,w a i ʐ a k a,,Silva1961,,,,
Kumadene1-Chacon-2019-220-38_canoe-1,,Kumadene1,Chacon-2019-220-38_canoe,iːta,iːta,iː t a,,,,,,
Hohoodene-Chacon-2019-220-187_smoke-1,,Hohoodene,Chacon-2019-220-187_smoke,iːta,iːta,iː t a,,Silva1961,,,,
Dzawinai-Chacon-2019-220-187_smoke-1,,Dzawinai,Chacon-2019-220-187_smoke,itaː,itaː,i t aː,,Silva1961,,,,
Aha-Chacon-2019-220-187_smoke-1,,Aha,Chacon-2019-220-187_smoke,itakati,itakati,i t a k a t i,,Granadillo2006,,,,
Waliperi-Chacon-2019-220-187_smoke-1,,Waliperi,Chacon-2019-220-187_smoke,itamɐna,itamɐna,i t a m ɐ n a,,Silva1961,,,,
Mauliene-Chacon-2019-220-187_smoke-1,,Mauliene,Chacon-2019-220-187_smoke,itha,itha,i tʰ a,,Silva1961,,,,
Tariana-Chacon-2019-220-187_smoke-1,,Tariana,Chacon-2019-220-187_smoke,itʃa,itʃa,i tʃ a,,Silva1961,,,,
Name-Chacon-2019-220-187_smoke-1,,Name,Chacon-2019-220-187_smoke,liːtaka,liːtaka,l iː t a k a,,Granadillo2006,,,,
Oho-Chacon-2019-220-187_smoke-1,,Oho,Chacon-2019-220-187_smoke,litaːka,litaːka,l i t aː k a,,Granadillo2006,,,,
Kumadene2-Chacon-2019-220-187_smoke-1,,Kumadene2,Chacon-2019-220-187_smoke,ɽipaːka,ɽipaːka,ɽ i p aː k a,,Silva1961,,,,
Kowaidakenai-Chacon-2019-220-187_smoke-1,,Kowaidakenai,Chacon-2019-220-187_smoke,ɽitaːka,ɽitaːka,ɽ i t aː k a,,Silva1961,,,,
Werekena-Chacon-2019-220-187_smoke-1,,Werekena,Chacon-2019-220-187_smoke,sjaɾiɾi,sjaɾiɾi,s j a ɾ i ɾ i,,Silva1961,,,,
Ehe-Chacon-2019-220-187_smoke-1,,Ehe,Chacon-2019-220-187_smoke,tamana ~ itamana,tamana,t a m a n a,,Granadillo2006,,,,
Moliwene-Chacon-2019-220-187_smoke-1,,Moliwene,Chacon-2019-220-187_smoke,tidzɛ etaka,tidzɛ etaka,t i dz ɛ + e t a k a,,Silva1961,,,,
Ehe-Chacon-2019-220-30_black-1,,Ehe,Chacon-2019-220-30_black,iːta ~ itaːdali,iːta,iː t a,,Granadillo2006,,,,
Oho-Chacon-2019-220-30_black-1,,Oho,Chacon-2019-220-30_black,iːtadale,iːtadale,iː t a d a l e,,Granadillo2006,,,,
Aha-Chacon-2019-220-30_black-1,,Aha,Chacon-2019-220-30_black,iːtadali,iːtadali,iː t a d a l i,,Granadillo2006,,,,
Name-Chacon-2019-220-30_black-1,,Name,Chacon-2019-220-30_black,iːtadali,iːtadali,iː t a d a l i,,Granadillo2006,,,,
Hohoodene-Chacon-2019-220-30_black-1,,Hohoodene,Chacon-2019-220-30_black,iːtadaɽi,iːtadaɽi,iː t a d a ɽ i,,Silva1961,,,,
Dzawinai-Chacon-2019-220-30_black-1,,Dzawinai,Chacon-2019-220-30_black,iːtadaɽi,iːtadaɽi,iː t a d a ɽ i,,Silva1961,,,,
Waliperi-Chacon-2019-220-30_black-1,,Waliperi,Chacon-2019-220-30_black,ipadaɽi,ipadaɽi,i p a d a ɽ i,,Silva1961,,,,
Mauliene-Chacon-2019-220-30_black-1,,Mauliene,Chacon-2019-220-30_black,ithakani,ithakani,i tʰ a k a n i,,Silva1961,,,,
Moliwene-Chacon-2019-220-30_black-1,,Moliwene,Chacon-2019-220-30_black,iʈadaɽi,iʈadaɽi,i t a d a ɽ i,,Silva1961,,,,
Kumadene1-Chacon-2019-220-30_black-1,,Kumadene1,Chacon-2019-220-30_black,kaðajtɛ,kaðajtɛ,k a ð a j t ɛ,,,,,,
Kowaidakenai-Chacon-2019-220-30_black-1,,Kowaidakenai,Chacon-2019-220-30_black,kaidaːkaɽi,kaidaːkaɽi,k a i d aː k a ɽ i,,Silva1961,,,,
Kumadene2-Chacon-2019-220-30_black-1,,Kumadene2,Chacon-2019-220-30_black,ɽiːpadaɽi,ɽiːpadaɽi,ɽ iː p a d a ɽ i,,Silva1961,,,,
Werekena-Chacon-2019-220-30_black-1,,Werekena,Chacon-2019-220-30_black,sɛɾeɾi,sɛɾeɾi,s ɛ ɾ e ɾ i,,Silva1961,,,,
Tariana-Chacon-2019-220-30_black-1,,Tariana,Chacon-2019-220-30_black,taːdaɔmanʊka,taːdaɔmanʊka,t aː d a ɔ m a n ʊ k a,,Silva1961,,,,
Kumadene2-Chacon-2019-220-100_louse-1,,Kumadene2,Chacon-2019-220-100_louse,iːtheaka,iːtheaka,iː tʰ e a k a,,Silva1961,,,,
Tariana-Chacon-2019-220-100_louse-1,,Tariana,Chacon-2019-220-100_louse,inisi,inisi,i n i s i,,Silva1961,,,,
Aha-Chacon-2019-220-100_louse-1,,Aha,Chacon-2019-220-100_louse,toːida,toːida,t oː i d a,,Granadillo2006,,,,
Werekena-Chacon-2019-220-100_louse-1,,Werekena,Chacon-2019-220-100_louse,tsuita,tsuita,ts u i t a,,Silva1961,,,,
Moliwene-Chacon-2019-220-100_louse-1,,Moliwene,Chacon-2019-220-100_louse,tuida,tuida,t u i d a,,Silva1961,,,,
Ehe-Chacon-2019-220-100_louse-1,,Ehe,Chacon-2019-220-100_louse,tuida,tuida,t u i d a,,Granadillo2006,,,,
Hohoodene-Chacon-2019-220-100_louse-1,,Hohoodene,Chacon-2019-220-100_louse,tuida,tuida,t u i d a,,Silva1961,,,,
Kowaidakenai-Chacon-2019-220-100_louse-1,,Kowaidakenai,Chacon-2019-220-100_louse,tuida,tuida,t u i d a,,Silva1961,,,,
Mauliene-Chacon-2019-220-100_louse-1,,Mauliene,Chacon-2019-220-100_louse,tuida,tuida,t u i d a,,Silva1961,,,,
Name-Chacon-2019-220-100_louse-1,,Name,Chacon-2019-220-100_louse,tuida,tuida,t u i d a,,Granadillo2006,,,,
Oho-Chacon-2019-220-100_louse-1,,Oho,Chacon-2019-220-100_louse,tuida,tuida,t u i d a,,Granadillo2006,,,,
Waliperi-Chacon-2019-220-100_louse-1,,Waliperi,Chacon-2019-220-100_louse,tuida,tuida,t u i d a,,Silva1961,,,,
Dzawinai-Chacon-2019-220-100_louse-1,,Dzawinai,Chacon-2019-220-100_louse,tuida,tuida,t u i d a,,Silva1961,,,,
Ehe-Chacon-2019-220-110_hunt-1,,Ehe,Chacon-2019-220-110_hunt,iːtsalataketi ~ itsetaketi,iːtsalataketi,iː ts a l a t a k e t i,,Granadillo2006,,,,
Oho-Chacon-2019-220-110_hunt-1,,Oho,Chacon-2019-220-110_hunt,ikasaːketi ~ ikoperetaketi,ikasaːketi,i k a s aː k e t i,,Granadillo2006,,,,
Aha-Chacon-2019-220-110_hunt-1,,Aha,Chacon-2019-220-110_hunt,ikuperetakada,ikuperetakada,i k u p e ɾ e t a k a d a,,Granadillo2006,,,,
Name-Chacon-2019-220-110_hunt-1,,Name,Chacon-2019-220-110_hunt,kasaːketi,kasaːketi,k a s aː k e t i,,Granadillo2006,,,,
Kumadene1-Chacon-2019-220-170_salt-1,,Kumadene1,Chacon-2019-220-170_salt,iːwi,iːwi,iː w i,,,,,,
Mauliene-Chacon-2019-220-170_salt-1,,Mauliene,Chacon-2019-220-170_salt,ikiʐa,ikiʐa,i k i ʐ a,,Silva1961,,,,
Kumadene2-Chacon-2019-220-170_salt-1,,Kumadene2,Chacon-2019-220-170_salt,iukiʐa,iukiʐa,i u k i ʐ a,,Silva1961,,,,
Hohoodene-Chacon-2019-220-170_salt-1,,Hohoodene,Chacon-2019-220-170_salt,jukidzata,jukidzata,j u k i dz a t a,,Silva1961,,,,
Werekena-Chacon-2019-220-170_salt-1,,Werekena,Chacon-2019-220-170_salt,jukiɾa,jukiɾa,j u k i ɾ a,,Silva1961,,,,
Moliwene-Chacon-2019-220-170_salt-1,,Moliwene,Chacon-2019-220-170_salt,jukiʐa,jukiʐa,j u k i ʐ a,,Silva1961,,,,
Waliperi-Chacon-2019-220-170_salt-1,,Waliperi,Chacon-2019-220-170_salt,nukiʐa,nukiʐa,n u k i ʐ a,,Silva1961,,,,
Name-Chacon-2019-220-170_salt-1,,Name,Chacon-2019-220-170_salt,jokera,jokera,j o k e ɾ a,,Granadillo2006,,,,
Aha-Chacon-2019-220-170_salt-1,,Aha,Chacon-2019-220-170_salt,jukira,jukira,j u k i ɾ a,,Granadillo2006,,,,
Ehe-Chacon-2019-220-170_salt-1,,Ehe,Chacon-2019-220-170_salt,jukira,jukira,j u k i ɾ a,,Granadillo2006,,,,
Oho-Chacon-2019-220-170_salt-1,,Oho,Chacon-2019-220-170_salt,jukira,jukira,j u k i ɾ a,,Granadillo2006,,,,
Hohoodene-Chacon-2019-220-65_far-1,,Hohoodene,Chacon-2019-220-65_far,iakahɛ,iakahɛ,j a k a h ɛ,,Silva1961,,,,
Waliperi-Chacon-2019-220-65_far-1,,Waliperi,Chacon-2019-220-65_far,jaːka,jaːka,j aː k a,,Silva1961,,,,
Werekena-Chacon-2019-220-65_far-1,,Werekena,Chacon-2019-220-65_far,jamɛhə,jamɛhə,j a m ɛ h ə,,Silva1961,,,,
Tariana-Chacon-2019-220-65_far-1,,Tariana,Chacon-2019-220-65_far,ɾiakamanuka,ɾiakamanuka,ɾ i a k a m a n u k a,,Silva1961,,,,
Aha-Chacon-2019-220-65_far-1,,Aha,Chacon-2019-220-65_far,teːko,teːko,t eː k o,,Granadillo2006,,,,
Name-Chacon-2019-220-65_far-1,,Name,Chacon-2019-220-65_far,teːko,teːko,t eː k o,,Granadillo2006,,,,
Kumadene2-Chacon-2019-220-65_far-1,,Kumadene2,Chacon-2019-220-65_far,teːku,teːku,t eː k u,,Silva1961,,,,
Mauliene-Chacon-2019-220-65_far-1,,Mauliene,Chacon-2019-220-65_far,jaka,jaka,j a k a,,Silva1961,,,,
Ehe-Chacon-2019-220-65_far-1,,Ehe,Chacon-2019-220-65_far,jakaː,jakaː,j a k aː,,Granadillo2006,,,,
Oho-Chacon-2019-220-65_far-1,,Oho,Chacon-2019-220-65_far,jakaːdale,jakaːdale,j a k aː d a l e,,Granadillo2006,,,,
Aha-Chacon-2019-220-157_push-1,,Aha,Chacon-2019-220-157_push,ihiaretakada,ihiaretakada,i h i a ɾ e t a k a d a,,Granadillo2006,,,,
Oho-Chacon-2019-220-157_push-1,,Oho,Chacon-2019-220-157_push,ipetaːketi,ipetaːketi,i p e t aː k e t i,,Granadillo2006,,,,
Tariana-Chacon-2019-220-157_push-1,,Tariana,Chacon-2019-220-157_push,nakaninaɾukʷitanipɛː,nakaninaɾukʷitanipɛː,n a k a n i n a ɾ u kʷ i t a n i p ɛː,,Silva1961,,,,
Mauliene-Chacon-2019-220-157_push-1,,Mauliene,Chacon-2019-220-157_push,nupedatakani,nupedatakani,n u p e d a t a k a n i,,Silva1961,,,,
Kumadene2-Chacon-2019-220-157_push-1,,Kumadene2,Chacon-2019-220-157_push,nupiahetaika,nupiahetaika,n u p i a h e t a i k a,,Silva1961,,,,
Hohoodene-Chacon-2019-220-157_push-1,,Hohoodene,Chacon-2019-220-157_push,padujtakɐni,padujtakɐni,p a d u j t a k ɐ n i,,Silva1961,,,,
Ehe-Chacon-2019-220-157_push-1,,Ehe,Chacon-2019-220-157_push,peːketi ~ peːthaketi,peːketi,p eː k e t i,,Granadillo2006,,,,
Dzawinai-Chacon-2019-220-157_push-1,,Dzawinai,Chacon-2019-220-157_push,piduita,piduita,p i d u i t a,,Silva1961,,,,
Kowaidakenai-Chacon-2019-220-157_push-1,,Kowaidakenai,Chacon-2019-220-157_push,piphadaka,piphadaka,p i pʰ a d a k a,,Silva1961,,,,
Name-Chacon-2019-220-157_push-1,,Name,Chacon-2019-220-157_push,pipialeːtaka,pipialeːtaka,p i p i a l eː t a k a,,Granadillo2006,,,,
Werekena-Chacon-2019-220-157_push-1,,Werekena,Chacon-2019-220-157_push,pitɛːtɛhə,pitɛːtɛhə,p i t ɛː t ɛ h ə,,Silva1961,,,,
Aha-Chacon-2019-220-29_bite-1,,Aha,Chacon-2019-220-29_bite,ihmoaketi,ihmoaketi,i mʰ o a k e t i,,Granadillo2006,,,,
Oho-Chacon-2019-220-29_bite-1,,Oho,Chacon-2019-220-29_bite,inʰuaketi,inʰuaketi,i nʰ u a k e t i,,Granadillo2006,,,,
Ehe-Chacon-2019-220-29_bite-1,,Ehe,Chacon-2019-220-29_bite,inʰuakheti,inʰuakheti,i nʰ u a kʰ e t i,,Granadillo2006,,,,
Name-Chacon-2019-220-29_bite-1,,Name,Chacon-2019-220-29_bite,ijmoaketi,ijmoaketi,i j m o a k e t i,,Granadillo2006,,,,
Tariana-Chacon-2019-220-29_bite-1,,Tariana,Chacon-2019-220-29_bite,nãhmõnĩpɛ,nãhmõnĩpɛ,n ã mʰ õ n ĩ p ɛ,,Silva1961,,,,
Mauliene-Chacon-2019-220-29_bite-1,,Mauliene,Chacon-2019-220-29_bite,nuhuaka,nuhuaka,n u h u a k a,,Silva1961,,,,
Kowaidakenai-Chacon-2019-220-29_bite-1,,Kowaidakenai,Chacon-2019-220-29_bite,nuhũaka,nuhũaka,n u h ũ a k a,,Silva1961,,,,
Dzawinai-Chacon-2019-220-29_bite-1,,Dzawinai,Chacon-2019-220-29_bite,nuhũaka,nuhũaka,n u h ũ a k a,,Silva1961,,,,
Werekena-Chacon-2019-220-29_bite-1,,Werekena,Chacon-2019-220-29_bite,numutʃitɐni,numutʃitɐni,n u m u tʃ i t ɐ n i,,Silva1961,,,,
Hohoodene-Chacon-2019-220-29_bite-1,,Hohoodene,Chacon-2019-220-29_bite,pihuɐ̃nⁱ,pihuɐ̃nⁱ,p i h u ɐ̃ n i,,Silva1961,,,,
Kumadene2-Chacon-2019-220-29_bite-1,,Kumadene2,Chacon-2019-220-29_bite,ɽiuhaːka,ɽiuhaːka,ɽ i u h aː k a,,Silva1961,,,,
Moliwene-Chacon-2019-220-29_bite-1,,Moliwene,Chacon-2019-220-29_bite,tipatekani,tipatekani,t i p a t e k a n i,,Silva1961,,,,
Oho-Chacon-2019-220-61_eat-1,,Oho,Chacon-2019-220-61_eat,inʰaketi,inʰaketi,i nʰ a k e t i,,Granadillo2006,,,,
Aha-Chacon-2019-220-61_eat-1,,Aha,Chacon-2019-220-61_eat,ihñaketi,ihñaketi,i ɲʰ a k e t i,,Granadillo2006,,,,
Name-Chacon-2019-220-61_eat-1,,Name,Chacon-2019-220-61_eat,inʰiaketi,inʰiaketi,i nʰ i a k e t i,,Granadillo2006,,,,
Ehe-Chacon-2019-220-61_eat-1,,Ehe,Chacon-2019-220-61_eat,inʰiakheti,inʰiakheti,i nʰ i a kʰ e t i,,Granadillo2006,,,,
Kumadene2-Chacon-2019-220-61_eat-1,,Kumadene2,Chacon-2019-220-61_eat,nuiheaka,nuiheaka,n u i h e a k a,,Silva1961,,,,
Waliperi-Chacon-2019-220-61_eat-1,,Waliperi,Chacon-2019-220-61_eat,nũĩhj̃ɐ̃ka,nũĩhj̃ɐ̃ka,n ũ ĩ j̃ʰ ɐ̃ k a,,Silva1961,,,,
Kowaidakenai-Chacon-2019-220-61_eat-1,,Kowaidakenai,Chacon-2019-220-61_eat,nuĩj̃haka,nuĩj̃haka,n u ĩ j̃ʰ a k a,,Silva1961,,,,
Dzawinai-Chacon-2019-220-61_eat-1,,Dzawinai,Chacon-2019-220-61_eat,nuĩj̃haka,nuĩj̃haka,n u ĩ jʰ a k a,,Silva1961,,,,
Mauliene-Chacon-2019-220-61_eat-1,,Mauliene,Chacon-2019-220-61_eat,nuinʰaka,nuinʰaka,n u i nʰ a k a,,Silva1961,,,,
Werekena-Chacon-2019-220-61_eat-1,,Werekena,Chacon-2019-220-61_eat,nukuɽuamihɐ̃,nukuɽuamihɐ̃,n u k u ɽ u a m i h ɐ̃,,Silva1961,,,,
Tariana-Chacon-2019-220-61_eat-1,,Tariana,Chacon-2019-220-61_eat,ɲãkasi paĩnʰãnipɛ,ɲãkasi paĩnʰãnipɛ,ɲ ã k a s i + p a ĩ nʰ ã n i p ɛ,,Silva1961,,,,
Hohoodene-Chacon-2019-220-61_eat-1,,Hohoodene,Chacon-2019-220-61_eat,piːj̃ʰãĩ,piːj̃ʰãĩ,p iː j̃ʰ ã ĩ,,Silva1961,,,,
Moliwene-Chacon-2019-220-61_eat-1,,Moliwene,Chacon-2019-220-61_eat,wajnʰĩaka,wajnʰĩaka,w a j nʰ ĩ a k a,,Silva1961,,,,
Kumadene1-Chacon-2019-220-61_eat-1,,Kumadene1,Chacon-2019-220-61_eat,weanĩpɛ,weanĩpɛ,w e a n ĩ p ɛ,,,,,,
Werekena-Chacon-2019-220-175_seed-1,,Werekena,Chacon-2019-220-175_seed,ĩj̃aha,ĩj̃aha,ĩ j̃ a h a,,Silva1961,,,,
Aha-Chacon-2019-220-175_seed-1,,Aha,Chacon-2019-220-175_seed,liːnaka,liːnaka,l iː n a k a,,Granadillo2006,,,,
Ehe-Chacon-2019-220-175_seed-1,,Ehe,Chacon-2019-220-175_seed,liːshi,liːshi,l iː ʃ i,,Granadillo2006,,,,
Name-Chacon-2019-220-175_seed-1,,Name,Chacon-2019-220-175_seed,liːsri,liːsri,l iː s ɾ i,,Granadillo2006,,,,
Oho-Chacon-2019-220-175_seed-1,,Oho,Chacon-2019-220-175_seed,linaka,linaka,l i n a k a,,Granadillo2006,,,,
Tariana-Chacon-2019-220-175_seed-1,,Tariana,Chacon-2019-220-175_seed,napapaniamihipiɾihiː,napapaniamihipiɾihiː,n a p a p a n i a m i h i p i ɾ i h iː,,Silva1961,,,,
Kumadene2-Chacon-2019-220-175_seed-1,,Kumadene2,Chacon-2019-220-175_seed,ɽiːhi,ɽiːhi,ɽ iː h i,,Silva1961,,,,
Hohoodene-Chacon-2019-220-175_seed-1,,Hohoodene,Chacon-2019-220-175_seed,ɽiːnaka,ɽiːnaka,ɽ iː n a k a,,Silva1961,,,,
Kowaidakenai-Chacon-2019-220-175_seed-1,,Kowaidakenai,Chacon-2019-220-175_seed,ɽiʃi,ɽiʃi,ɽ i ʃ i,,Silva1961,,,,
Dzawinai-Chacon-2019-220-175_seed-1,,Dzawinai,Chacon-2019-220-175_seed,ɽiʃi,ɽiʃi,ɽ i ʃ i,,Silva1961,,,,
Moliwene-Chacon-2019-220-175_seed-1,,Moliwene,Chacon-2019-220-175_seed,ɽiʐi,ɽiʐi,ɽ i ʐ i,,Silva1961,,,,
Mauliene-Chacon-2019-220-175_seed-1,,Mauliene,Chacon-2019-220-175_seed,ɽiʐi,ɽiʐi,ɽ i ʐ i,,Silva1961,,,,
Werekena-Chacon-2019-220-62_egg-1,,Werekena,Chacon-2019-220-62_egg,ij̃ena,ij̃ena,i j̃ e n a,,Silva1961,,,,
Oho-Chacon-2019-220-62_egg-1,,Oho,Chacon-2019-220-62_egg,lieːfe,lieːfe,l i eː f e,,Granadillo2006,,,,
Aha-Chacon-2019-220-62_egg-1,,Aha,Chacon-2019-220-62_egg,liefe,liefe,l i e f e,,Granadillo2006,,,,
Ehe-Chacon-2019-220-62_egg-1,,Ehe,Chacon-2019-220-62_egg,liefe,liefe,l i e f e,,Granadillo2006,,,,
Name-Chacon-2019-220-62_egg-1,,Name,Chacon-2019-220-62_egg,liefe,liefe,l i e f e,,Granadillo2006,,,,
Kowaidakenai-Chacon-2019-220-62_egg-1,,Kowaidakenai,Chacon-2019-220-62_egg,ɽiehwe,ɽiehwe,ɽ i e wʰ e,,Silva1961,,,,
Dzawinai-Chacon-2019-220-62_egg-1,,Dzawinai,Chacon-2019-220-62_egg,ɽieɸe,ɽieɸe,ɽ i e ɸ e,,Silva1961,,,,
Hohoodene-Chacon-2019-220-62_egg-1,,Hohoodene,Chacon-2019-220-62_egg,ɽiewʰɛ,ɽiewʰɛ,ɽ i e wʰ ɛ,,Silva1961,,,,
Waliperi-Chacon-2019-220-62_egg-1,,Waliperi,Chacon-2019-220-62_egg,ɽiɛhɛ,ɽiɛhɛ,ɽ i ɛ h ɛ,,Silva1961,,,,
Moliwene-Chacon-2019-220-62_egg-1,,Moliwene,Chacon-2019-220-62_egg,ɽiɛwʰɛ,ɽiɛwʰɛ,ɽ i ɛ wʰ ɛ,,Silva1961,,,,
Mauliene-Chacon-2019-220-62_egg-1,,Mauliene,Chacon-2019-220-62_egg,ɽiɛwʰɛ,ɽiɛwʰɛ,ɽ i ɛ wʰ ɛ,,Silva1961,,,,
Tariana-Chacon-2019-220-62_egg-1,,Tariana,Chacon-2019-220-62_egg,ɾiehɛ,ɾiehɛ,ɾ i e h ɛ,,Silva1961,,,,
Kumadene2-Chacon-2019-220-62_egg-1,,Kumadene2,Chacon-2019-220-62_egg,toeni,toeni,t o e n i,,Silva1961,,,,
Aha-Chacon-2019-220-180_sing-1,,Aha,Chacon-2019-220-180_sing,ikaːntakaita,ikaːntakaita,i k aː n t a k a i t a,,Granadillo2006,,,,
Oho-Chacon-2019-220-180_sing-1,,Oho,Chacon-2019-220-180_sing,ikantakete,ikantakete,i k a n t a k e t e,,Granadillo2006,,,,
Ehe-Chacon-2019-220-180_sing-1,,Ehe,Chacon-2019-220-180_sing,kantaketi,kantaketi,k a n t a k e t i,,Granadillo2006,,,,
Werekena-Chacon-2019-220-180_sing-1,,Werekena,Chacon-2019-220-180_sing,kɐmaɽaɽata,kɐmaɽaɽata,k ɐ m a ɽ a ɽ a t a,,Silva1961,,,,
Tariana-Chacon-2019-220-180_sing-1,,Tariana,Chacon-2019-220-180_sing,naɾapanipɛ,naɾapanipɛ,n a ɾ a p a n i p ɛ,,Silva1961,,,,
Name-Chacon-2019-220-180_sing-1,,Name,Chacon-2019-220-180_sing,nokantako,nokantako,n o k a n t a k o,,Granadillo2006,,,,
Moliwene-Chacon-2019-220-180_sing-1,,Moliwene,Chacon-2019-220-180_sing,nuahẽtaɛ,nuahẽtaɛ,n u a h ẽ t a ɛ,,Silva1961,,,,
Mauliene-Chacon-2019-220-180_sing-1,,Mauliene,Chacon-2019-220-180_sing,nuahẽtaka,nuahẽtaka,n u a h ẽ t a k a,,Silva1961,,,,
Dzawinai-Chacon-2019-220-180_sing-1,,Dzawinai,Chacon-2019-220-180_sing,pikamaʐata,pikamaʐata,p i k a m a ʐ a t a,,Silva1961,,,,
Dzawinai-Chacon-2019-220-180_sing-2,,Dzawinai,Chacon-2019-220-180_sing,pikamaʐata,pikamaʐata,p i k a m a ʐ a t a,,Silva1961,,,,
Kowaidakenai-Chacon-2019-220-180_sing-1,,Kowaidakenai,Chacon-2019-220-180_sing,ɽĩeŋgaɽikawa,ɽĩeŋgaɽikawa,ɽ ĩ e ŋ g a ɽ i k a w a,,Silva1961,,,,
Kowaidakenai-Chacon-2019-220-180_sing-2,,Kowaidakenai,Chacon-2019-220-180_sing,ɽĩeŋgaɽikawa,ɽĩeŋgaɽikawa,ɽ ĩ e ŋ g a ɽ i k a w a,,Silva1961,,,,
Hohoodene-Chacon-2019-220-180_sing-1,,Hohoodene,Chacon-2019-220-180_sing,wahɛ̃taka,wahɛ̃taka,w a h ɛ̃ t a k a,,Silva1961,,,,
Kumadene1-Chacon-2019-220-180_sing-1,,Kumadene1,Chacon-2019-220-180_sing,wawhenĩpɛ,wawhenĩpɛ,w a wʰ e n ĩ p ɛ,,,,,,
Aha-Chacon-2019-220-171_say-1,,Aha,Chacon-2019-220-171_say,ikaitekaita,ikaitekaita,i k a i t e k a i t a,,Granadillo2006,,,,
Oho-Chacon-2019-220-171_say-1,,Oho,Chacon-2019-220-171_say,ikaitepeteki,ikaitepeteki,i k a i t e p e t e k i,,Granadillo2006,,,,
Name-Chacon-2019-220-171_say-1,,Name,Chacon-2019-220-171_say,kaːkoka,kaːkoka,k aː k o k a,,Granadillo2006,,,,
Ehe-Chacon-2019-220-171_say-1,,Ehe,Chacon-2019-220-171_say,kaitheketi ~ kei,kaitheketi,k a i tʰ e k e t i,,Granadillo2006,,,,
Kumadene2-Chacon-2019-220-171_say-1,,Kumadene2,Chacon-2019-220-171_say,nuaku,nuaku,n u a k u,,Silva1961,,,,
Dzawinai-Chacon-2019-220-171_say-1,,Dzawinai,Chacon-2019-220-171_say,pikaite,pikaite,p i k a i t e,,Silva1961,,,,
Werekena-Chacon-2019-220-171_say-1,,Werekena,Chacon-2019-220-171_say,pinamiha,pinamiha,p i n a m i h a,,Silva1961,,,,
Kowaidakenai-Chacon-2019-220-171_say-1,,Kowaidakenai,Chacon-2019-220-171_say,ɽitʃeiti,ɽitʃeiti,ɽ i tʃ e i t i,,Silva1961,,,,
Aha-Chacon-2019-220-174_see-1,,Aha,Chacon-2019-220-174_see,ikapakaita,ikapakaita,i k a p a k a i t a,,Granadillo2006,,,,
Ehe-Chacon-2019-220-174_see-1,,Ehe,Chacon-2019-220-174_see,ikapaketi,ikapaketi,i k a p a k e t i,,Granadillo2006,,,,
Oho-Chacon-2019-220-174_see-1,,Oho,Chacon-2019-220-174_see,ikapaketi,ikapaketi,i k a p a k e t i,,Granadillo2006,,,,
Tariana-Chacon-2019-220-174_see-1,,Tariana,Chacon-2019-220-174_see,nakanipɛ,nakanipɛ,n a k a n i p ɛ,,Silva1961,,,,
Werekena-Chacon-2019-220-174_see-1,,Werekena,Chacon-2019-220-174_see,nɛtɐmihɐ̃,nɛtɐmihɐ̃,n ɛ t ɐ m i h ɐ̃,,Silva1961,,,,
Waliperi-Chacon-2019-220-174_see-1,,Waliperi,Chacon-2019-220-174_see,nuːtʰi,nuːtʰi,n uː tʰ i,,Silva1961,,,,
Kumadene2-Chacon-2019-220-174_see-1,,Kumadene2,Chacon-2019-220-174_see,nukaːpa,nukaːpa,n u k aː p a,,Silva1961,,,,
Dzawinai-Chacon-2019-220-174_see-1,,Dzawinai,Chacon-2019-220-174_see,nukapa,nukapa,n u k a p a,,Silva1961,,,,
Moliwene-Chacon-2019-220-174_see-1,,Moliwene,Chacon-2019-220-174_see,nukápa,nukápa,n u k a p a,,Silva1961,,,,
Mauliene-Chacon-2019-220-174_see-1,,Mauliene,Chacon-2019-220-174_see,nukápa,nukápa,n u k a p a,,Silva1961,,,,
Kowaidakenai-Chacon-2019-220-174_see-1,,Kowaidakenai,Chacon-2019-220-174_see,nukapaka,nukapaka,n u k a p a k a,,Silva1961,,,,
Name-Chacon-2019-220-174_see-1,,Name,Chacon-2019-220-174_see,nukapaka,nukapaka,n u k a p a k a,,Granadillo2006,,,,
Hohoodene-Chacon-2019-220-174_see-1,,Hohoodene,Chacon-2019-220-174_see,wakapa,wakapa,w a k a p a,,Silva1961,,,,
Aha-Chacon-2019-220-217_turn-1,,Aha,Chacon-2019-220-217_turn,ikapokoitakada,ikapokoitakada,i k a p o k o i t a k a d a,,Granadillo2006,,,,
Oho-Chacon-2019-220-217_turn-1,,Oho,Chacon-2019-220-217_turn,ikapokoketi,ikapokoketi,i k a p o k o k e t i,,Granadillo2006,,,,
Ehe-Chacon-2019-220-217_turn-1,,Ehe,Chacon-2019-220-217_turn,ipedokaːkethi,ipedokaːkethi,i p e d o k aː k e tʰ i,,Granadillo2006,,,,
Name-Chacon-2019-220-217_turn-1,,Name,Chacon-2019-220-217_turn,pikapokoketi,pikapokoketi,p i k a p o k o k e t i,,Granadillo2006,,,,
Aha-Chacon-2019-220-220_vomit-1,,Aha,Chacon-2019-220-220_vomit,ikatakada,ikatakada,i k a t a k a d a,,Granadillo2006,,,,
Oho-Chacon-2019-220-220_vomit-1,,Oho,Chacon-2019-220-220_vomit,ikataketi,ikataketi,i k a t a k e t i,,Granadillo2006,,,,
Ehe-Chacon-2019-220-220_vomit-1,,Ehe,Chacon-2019-220-220_vomit,kataketi,kataketi,k a t a k e t i,,Granadillo2006,,,,
Moliwene-Chacon-2019-220-220_vomit-1,,Moliwene,Chacon-2019-220-220_vomit,nukapʰɛ,nukapʰɛ,n u k a pʰ ɛ,,Silva1961,,,,
Hohoodene-Chacon-2019-220-220_vomit-1,,Hohoodene,Chacon-2019-220-220_vomit,nukatʰaka,nukatʰaka,n u k a tʰ a k a,,Silva1961,,,,
Mauliene-Chacon-2019-220-220_vomit-1,,Mauliene,Chacon-2019-220-220_vomit,nukathaka,nukathaka,n u k a tʰ a k a,,Silva1961,,,,
Kumadene2-Chacon-2019-220-220_vomit-1,,Kumadene2,Chacon-2019-220-220_vomit,nukatheaka,nukatheaka,n u k a tʰ e a k a,,Silva1961,,,,
Name-Chacon-2019-220-220_vomit-1,,Name,Chacon-2019-220-220_vomit,pakathaka,pakathaka,p a k a tʰ a k a,,Granadillo2006,,,,
Dzawinai-Chacon-2019-220-220_vomit-1,,Dzawinai,Chacon-2019-220-220_vomit,ɽikatha,ɽikatha,ɽ i k a tʰ a,,Silva1961,,,,
Kowaidakenai-Chacon-2019-220-220_vomit-1,,Kowaidakenai,Chacon-2019-220-220_vomit,ɽikathakawa,ɽikathakawa,ɽ i k a tʰ a k a w a,,Silva1961,,,,
Werekena-Chacon-2019-220-220_vomit-1,,Werekena,Chacon-2019-220-220_vomit,tejahɐ̃,tejahɐ̃,t e j a h ɐ̃,,Silva1961,,,,
Aha-Chacon-2019-220-126_lightv-1,,Aha,Chacon-2019-220-126_lightv,ikeratakaita,ikeratakaita,i k e ɾ a t a k a i t a,,Granadillo2006,,,,
Name-Chacon-2019-220-126_lightv-1,,Name,Chacon-2019-220-126_lightv,ikerataketi,ikerataketi,i k e ɾ a t a k e t i,,Granadillo2006,,,,
Oho-Chacon-2019-220-126_lightv-1,,Oho,Chacon-2019-220-126_lightv,ikerataketi,ikerataketi,i k e ɾ a t a k e t i,,Granadillo2006,,,,
Name-Chacon-2019-220-125_lying-1,,Name,Chacon-2019-220-125_lying,ikoaːketi,ikoaːketi,i k o aː k e t i,,Granadillo2006,,,,
Ehe-Chacon-2019-220-125_lying-1,,Ehe,Chacon-2019-220-125_lying,isruaːkti,isruaːkti,i s ɾ u aː k t i,,Granadillo2006,,,,
Oho-Chacon-2019-220-125_lying-1,,Oho,Chacon-2019-220-125_lying,itakaːketi,itakaːketi,i t a k aː k e t i,,Granadillo2006,,,,
Tariana-Chacon-2019-220-125_lying-1,,Tariana,Chacon-2019-220-125_lying,nitsuakanʊkʷanʰɛ̃,nitsuakanʊkʷanʰɛ̃,n i ts u a k a n ʊ kʷ a nʰ ɛ̃,,Silva1961,,,,
Moliwene-Chacon-2019-220-125_lying-1,,Moliwene,Chacon-2019-220-125_lying,noʂoaka,noʂoaka,n o ʂ o a k a,,Silva1961,,,,
Mauliene-Chacon-2019-220-125_lying-1,,Mauliene,Chacon-2019-220-125_lying,nusuakawa,nusuakawa,n u s u a k a w a,,Silva1961,,,,
Kowaidakenai-Chacon-2019-220-125_lying-1,,Kowaidakenai,Chacon-2019-220-125_lying,nuʂuaka,nuʂuaka,n u ʂ u a k a,,Silva1961,,,,
Werekena-Chacon-2019-220-125_lying-1,,Werekena,Chacon-2019-220-125_lying,nutuɐ̃m̥ɐ̃baɽa,nutuɐ̃m̥ɐ̃baɽa,n u t u ɐ̃ mʰ ɐ̃ b a ɽ a,,Silva1961,,,,
Hohoodene-Chacon-2019-220-125_lying-1,,Hohoodene,Chacon-2019-220-125_lying,ɽikoakawa,ɽikoakawa,ɽ i k o a k a w a,,Silva1961,,,,
Waliperi-Chacon-2019-220-125_lying-1,,Waliperi,Chacon-2019-220-125_lying,ɽiʂoakawa,ɽiʂoakawa,ɽ i ʂ o a k a w a,,Silva1961,,,,
Dzawinai-Chacon-2019-220-125_lying-1,,Dzawinai,Chacon-2019-220-125_lying,ɽiʂuakawa,ɽiʂuakawa,ɽ i ʂ u a k a w a,,Silva1961,,,,
Kumadene2-Chacon-2019-220-125_lying-1,,Kumadene2,Chacon-2019-220-125_lying,ɽiuhaːkao,ɽiuhaːkao,ɽ i u h aː k a o,,Silva1961,,,,
Kumadene1-Chacon-2019-220-125_lying-1,,Kumadene1,Chacon-2019-220-125_lying,wakʷanĩpɛ,wakʷanĩpɛ,w a kʷ a n ĩ p ɛ,,,,,,
Aha-Chacon-2019-220-125_lying-1,,Aha,Chacon-2019-220-125_lying,jakadajoa,jakadajoa,j a k a d a j o a,,Granadillo2006,,,,
Aha-Chacon-2019-220-184_sleep-1,,Aha,Chacon-2019-220-184_sleep,imaːkada,imaːkada,i m aː k a d a,,Granadillo2006,,,,
Oho-Chacon-2019-220-184_sleep-1,,Oho,Chacon-2019-220-184_sleep,imaːkete,imaːkete,i m aː k e t e,,Granadillo2006,,,,
Ehe-Chacon-2019-220-184_sleep-1,,Ehe,Chacon-2019-220-184_sleep,maketi,maketi,m a k e t i,,Granadillo2006,,,,
Kowaidakenai-Chacon-2019-220-184_sleep-1,,Kowaidakenai,Chacon-2019-220-184_sleep,nimaːka,nimaːka,n i m aː k a,,Silva1961,,,,
Dzawinai-Chacon-2019-220-184_sleep-1,,Dzawinai,Chacon-2019-220-184_sleep,nimaːka,nimaːka,n i m aː k a,,Silva1961,,,,
Mauliene-Chacon-2019-220-184_sleep-1,,Mauliene,Chacon-2019-220-184_sleep,nuimaka,nuimaka,n u i m a k a,,Silva1961,,,,
Waliperi-Chacon-2019-220-184_sleep-1,,Waliperi,Chacon-2019-220-184_sleep,numaka,numaka,n u m a k a,,Silva1961,,,,
Werekena-Chacon-2019-220-184_sleep-1,,Werekena,Chacon-2019-220-184_sleep,nutʃimami,nutʃimami,n u tʃ i m a m i,,Silva1961,,,,
Name-Chacon-2019-220-184_sleep-1,,Name,Chacon-2019-220-184_sleep,pemaːka,pemaːka,p e m aː k a,,Granadillo2006,,,,
Tariana-Chacon-2019-220-184_sleep-1,,Tariana,Chacon-2019-220-184_sleep,tupemawãni,tupemawãni,t u p e m a w ã n i,,Silva1961,,,,
Hohoodene-Chacon-2019-220-184_sleep-1,,Hohoodene,Chacon-2019-220-184_sleep,wemaːka,wemaːka,w e m aː k a,,Silva1961,,,,
Kumadene2-Chacon-2019-220-184_sleep-1,,Kumadene2,Chacon-2019-220-184_sleep,wemaːka,wemaːka,w e m aː k a,,Silva1961,,,,
Kumadene1-Chacon-2019-220-184_sleep-1,,Kumadene1,Chacon-2019-220-184_sleep,wɛːmanĩpɛ,wɛːmanĩpɛ,w ɛː m a n ĩ p ɛ,,,,,,
Moliwene-Chacon-2019-220-184_sleep-1,,Moliwene,Chacon-2019-220-184_sleep,w̥ʰɛmaːka,w̥ʰɛmaːka,wʰ ɛ m aː k a,,Silva1961,,,,
Mauliene-Chacon-2019-220-36_breast-1,,Mauliene,Chacon-2019-220-36_breast,ina ʐini,ina ʐini,i n a + ʐ i n i,,Silva1961,,,,
Kumadene1-Chacon-2019-220-36_breast-1,,Kumadene1,Chacon-2019-220-36_breast,janɐ̃pɛ,janɐ̃pɛ,j a n ɐ̃ p ɛ,,,,,,
Hohoodene-Chacon-2019-220-36_breast-1,,Hohoodene,Chacon-2019-220-36_breast,nuini,nuini,n u i n i,,Silva1961,,,,
Werekena-Chacon-2019-220-36_breast-1,,Werekena,Chacon-2019-220-36_breast,nutʃini,nutʃini,n u tʃ i n i,,Silva1961,,,,
Tariana-Chacon-2019-220-36_breast-1,,Tariana,Chacon-2019-220-36_breast,pəjniː,pəjniː,p ə j n iː,,Silva1961,,,,
Moliwene-Chacon-2019-220-36_breast-1,,Moliwene,Chacon-2019-220-36_breast,ɽiːni,ɽiːni,ɽ iː n i,,Silva1961,,,,
Dzawinai-Chacon-2019-220-36_breast-1,,Dzawinai,Chacon-2019-220-36_breast,ɽiːni,ɽiːni,ɽ iː n i,,Silva1961,,,,
Kowaidakenai-Chacon-2019-220-36_breast-1,,Kowaidakenai,Chacon-2019-220-36_breast,ɽitini,ɽitini,ɽ i t i n i,,Silva1961,,,,
Kumadene2-Chacon-2019-220-36_breast-1,,Kumadene2,Chacon-2019-220-36_breast,ʐuini,ʐuini,ʐ u i n i,,Silva1961,,,,
Ehe-Chacon-2019-220-34_bone-1,,Ehe,Chacon-2019-220-34_bone,inapi,inapi,i n a p i,,Granadillo2006,,,,
Aha-Chacon-2019-220-34_bone-1,,Aha,Chacon-2019-220-34_bone,liapi,liapi,l i a p i,,Granadillo2006,,,,
Name-Chacon-2019-220-34_bone-1,,Name,Chacon-2019-220-34_bone,liapi,liapi,l i a p i,,Granadillo2006,,,,
Oho-Chacon-2019-220-34_bone-1,,Oho,Chacon-2019-220-34_bone,liapi,liapi,l i a p i,,Granadillo2006,,,,
Kumadene1-Chacon-2019-220-34_bone-1,,Kumadene1,Chacon-2019-220-34_bone,ljapipi,ljapipi,l j a p i p i,,,,,,
Tariana-Chacon-2019-220-34_bone-1,,Tariana,Chacon-2019-220-34_bone,ɲãpi,ɲãpi,ɲ ã p i,,Silva1961,,,,
Hohoodene-Chacon-2019-220-34_bone-1,,Hohoodene,Chacon-2019-220-34_bone,ɽiapi,ɽiapi,ɽ i a p i,,Silva1961,,,,
Kumadene2-Chacon-2019-220-34_bone-1,,Kumadene2,Chacon-2019-220-34_bone,ɽiapi,ɽiapi,ɽ i a p i,,Silva1961,,,,
Mauliene-Chacon-2019-220-34_bone-1,,Mauliene,Chacon-2019-220-34_bone,ɽiapi,ɽiapi,ɽ i a p i,,Silva1961,,,,
Waliperi-Chacon-2019-220-34_bone-1,,Waliperi,Chacon-2019-220-34_bone,ɽiapi,ɽiapi,ɽ i a p i,,Silva1961,,,,
Werekena-Chacon-2019-220-34_bone-1,,Werekena,Chacon-2019-220-34_bone,simati,simati,s i m a t i,,Silva1961,,,,
Kumadene1-Chacon-2019-220-45_corpse-1,,Kumadene1,Chacon-2019-220-45_corpse,ĩnipe,ĩnipe,ĩ n i p e,,,,,,
Aha-Chacon-2019-220-191_split-1,,Aha,Chacon-2019-220-191_split,iniweːtakada,iniweːtakada,i n i w eː t a k a d a,,Granadillo2006,,,,
Oho-Chacon-2019-220-191_split-1,,Oho,Chacon-2019-220-191_split,itokoaketi,itokoaketi,i t o k o a k e t i,,Granadillo2006,,,,
Ehe-Chacon-2019-220-191_split-1,,Ehe,Chacon-2019-220-191_split,makaːketi,makaːketi,m a k aː k e t i,,Granadillo2006,,,,
Tariana-Chacon-2019-220-191_split-1,,Tariana,Chacon-2019-220-191_split,məɲãbotsamemẽta,məɲãbotsamemẽta,m ə ɲ ã b o ts a m e m ẽ t a,,Silva1961,,,,
Moliwene-Chacon-2019-220-191_split-1,,Moliwene,Chacon-2019-220-191_split,nuhuãk,nuhuãk,n u h u ã k,,Silva1961,,,,
Kumadene2-Chacon-2019-220-191_split-1,,Kumadene2,Chacon-2019-220-191_split,numakhaka,numakhaka,n u m a kʰ a k a,,Silva1961,,,,
Mauliene-Chacon-2019-220-191_split-1,,Mauliene,Chacon-2019-220-191_split,nupetitakani,nupetitakani,n u p e t i t a k a n i,,Silva1961,,,,
Hohoodene-Chacon-2019-220-191_split-1,,Hohoodene,Chacon-2019-220-191_split,pakeːtakɐni,pakeːtakɐni,p a k eː t a k ɐ n i,,Silva1961,,,,
Kowaidakenai-Chacon-2019-220-191_split-1,,Kowaidakenai,Chacon-2019-220-191_split,pimataka,pimataka,p i m a t a k a,,Silva1961,,,,
Dzawinai-Chacon-2019-220-191_split-1,,Dzawinai,Chacon-2019-220-191_split,pimataka,pimataka,p i m a t a k a,,Silva1961,,,,
Werekena-Chacon-2019-220-191_split-1,,Werekena,Chacon-2019-220-191_split,pitsopɛhə,pitsopɛhə,p i ts o p ɛ h ə,,Silva1961,,,,
Name-Chacon-2019-220-191_split-1,,Name,Chacon-2019-220-191_split,warepaːtika,warepaːtika,w a ɾ e p aː t i k a,,Granadillo2006,,,,
Aha-Chacon-2019-220-47_count-1,,Aha,Chacon-2019-220-47_count,iniwetakada,iniwetakada,i n i w e t a k a d a,,Granadillo2006,,,,
Oho-Chacon-2019-220-47_count-1,,Oho,Chacon-2019-220-47_count,iniwetaketi,iniwetaketi,i n i w e t a k e t i,,Granadillo2006,,,,
Ehe-Chacon-2019-220-47_count-1,,Ehe,Chacon-2019-220-47_count,nuwetaːketi ~ niwetaːketi,nuwetaːketi,n u w e t aː k e t i,,Granadillo2006,,,,
Name-Chacon-2019-220-47_count-1,,Name,Chacon-2019-220-47_count,pinuweːtaka,pinuweːtaka,p i n u w eː t a k a,,Granadillo2006,,,,
Aha-Chacon-2019-220-72_fight-1,,Aha,Chacon-2019-220-72_fight,inoakakada,inoakakada,i n o a k a k a d a,,Granadillo2006,,,,
Oho-Chacon-2019-220-72_fight-1,,Oho,Chacon-2019-220-72_fight,inoakaketi,inoakaketi,i n o a k a k e t i,,Granadillo2006,,,,
Ehe-Chacon-2019-220-72_fight-1,,Ehe,Chacon-2019-220-72_fight,inuakaita ~ inuakhakheti,inuakaita,i n u a k a i t a,,Granadillo2006,,,,
Oho-Chacon-2019-220-43_come-1,,Oho,Chacon-2019-220-43_come,inokete,inokete,i n o k e t e,,Granadillo2006,,,,
Aha-Chacon-2019-220-43_come-1,,Aha,Chacon-2019-220-43_come,inoketi,inoketi,i n o k e t i,,Granadillo2006,,,,
Ehe-Chacon-2019-220-43_come-1,,Ehe,Chacon-2019-220-43_come,inokheti,inokheti,i n o kʰ e t i,,Granadillo2006,,,,
Dzawinai-Chacon-2019-220-43_come-1,,Dzawinai,Chacon-2019-220-43_come,inu,inu,i n u,,Silva1961,,,,
Tariana-Chacon-2019-220-43_come-1,,Tariana,Chacon-2019-220-43_come,nanʊnukahanʊpɛ,nanʊnukahanʊpɛ,n a n ʊ n u k a h a n ʊ p ɛ,,Silva1961,,,,
Werekena-Chacon-2019-220-43_come-1,,Werekena,Chacon-2019-220-43_come,nɛda,nɛda,n ɛ d a,,Silva1961,,,,
Moliwene-Chacon-2019-220-43_come-1,,Moliwene,Chacon-2019-220-43_come,nunuka,nunuka,n u n u k a,,Silva1961,,,,
Mauliene-Chacon-2019-220-43_come-1,,Mauliene,Chacon-2019-220-43_come,nunuka,nunuka,n u n u k a,,Silva1961,,,,
Kowaidakenai-Chacon-2019-220-43_come-1,,Kowaidakenai,Chacon-2019-220-43_come,nunukawa,nunukawa,n u n u k a w a,,Silva1961,,,,
Name-Chacon-2019-220-43_come-1,,Name,Chacon-2019-220-43_come,rinoka,rinoka,ɾ i n o k a,,Granadillo2006,,,,
Hohoodene-Chacon-2019-220-43_come-1,,Hohoodene,Chacon-2019-220-43_come,ɽinuka,ɽinuka,ɽ i n u k a,,Silva1961,,,,
Kumadene2-Chacon-2019-220-43_come-1,,Kumadene2,Chacon-2019-220-43_come,ɽinuka,ɽinuka,ɽ i n u k a,,Silva1961,,,,
Kumadene1-Chacon-2019-220-51_devil-1,,Kumadene1,Chacon-2019-220-51_devil,iɲãj,iɲãj,i ɲ ã j,,,,,,
Aha-Chacon-2019-220-212_tie-1,,Aha,Chacon-2019-220-212_tie,ipapikada,ipapikada,i p a p i k a d a,,Granadillo2006,,,,
Oho-Chacon-2019-220-212_tie-1,,Oho,Chacon-2019-220-212_tie,iparaketi,iparaketi,i p a ɾ a k e t i,,Granadillo2006,,,,
Moliwene-Chacon-2019-220-212_tie-1,,Moliwene,Chacon-2019-220-212_tie,kaʐɐ̃n̚,kaʐɐ̃n̚,k a ʐ ɐ̃ ɲ,,Silva1961,,,,
Tariana-Chacon-2019-220-212_tie-1,,Tariana,Chacon-2019-220-212_tie,natutunipɛ,natutunipɛ,n a t u t u n i p ɛ,,Silva1961,,,,
Kumadene2-Chacon-2019-220-212_tie-1,,Kumadene2,Chacon-2019-220-212_tie,nupaʐaːka,nupaʐaːka,n u p a ʐ aː k a,,Silva1961,,,,
Mauliene-Chacon-2019-220-212_tie-1,,Mauliene,Chacon-2019-220-212_tie,nupaʐakani,nupaʐakani,n u p a ʐ a k a n i,,Silva1961,,,,
Hohoodene-Chacon-2019-220-212_tie-1,,Hohoodene,Chacon-2019-220-212_tie,papalakɐni,papalakɐni,p a p a l a k ɐ n i,,Silva1961,,,,
Ehe-Chacon-2019-220-212_tie-1,,Ehe,Chacon-2019-220-212_tie,paraketi,paraketi,p a ɾ a k e t i,,Granadillo2006,,,,
Werekena-Chacon-2019-220-212_tie-1,,Werekena,Chacon-2019-220-212_tie,piaɾitɛhə,piaɾitɛhə,p i a ɾ i t ɛ h ə,,Silva1961,,,,
Name-Chacon-2019-220-212_tie-1,,Name,Chacon-2019-220-212_tie,joːwetaketi,joːwetaketi,j oː w e t a k e t i,,Granadillo2006,,,,
Aha-Chacon-2019-220-32_blow-1,,Aha,Chacon-2019-220-32_blow,iphiakada,iphiakada,i pʰ i a k a d a,,Granadillo2006,,,,
Oho-Chacon-2019-220-32_blow-1,,Oho,Chacon-2019-220-32_blow,iphiaketi,iphiaketi,i pʰ i a k e t i,,Granadillo2006,,,,
Ehe-Chacon-2019-220-32_blow-1,,Ehe,Chacon-2019-220-32_blow,iphiakheti,iphiakheti,i pʰ i a kʰ e t i,,Granadillo2006,,,,
Name-Chacon-2019-220-32_blow-1,,Name,Chacon-2019-220-32_blow,ipiaketi,ipiaketi,i p i a k e t i,,Granadillo2006,,,,
Tariana-Chacon-2019-220-32_blow-1,,Tariana,Chacon-2019-220-32_blow,nãphiakanãmãnika,nãphiakanãmãnika,n ã pʰ i a k a n ã m ã n i k a,,Silva1961,,,,
Hohoodene-Chacon-2019-220-32_blow-1,,Hohoodene,Chacon-2019-220-32_blow,nopʰiaka,nopʰiaka,n o pʰ i a k a,,Silva1961,,,,
Moliwene-Chacon-2019-220-32_blow-1,,Moliwene,Chacon-2019-220-32_blow,nupʰiaka,nupʰiaka,n u pʰ i a k a,,Silva1961,,,,
Kumadene2-Chacon-2019-220-32_blow-1,,Kumadene2,Chacon-2019-220-32_blow,nuphiaka,nuphiaka,n u pʰ i a k a,,Silva1961,,,,
Mauliene-Chacon-2019-220-32_blow-1,,Mauliene,Chacon-2019-220-32_blow,nuphiaka,nuphiaka,n u pʰ i a k a,,Silva1961,,,,
Werekena-Chacon-2019-220-32_blow-1,,Werekena,Chacon-2019-220-32_blow,pijowitɛhə,pijowitɛhə,p i j o w i t ɛ h ə,,Silva1961,,,,
Oho-Chacon-2019-220-40_clean-1,,Oho,Chacon-2019-220-40_clean,ipitsoketi,ipitsoketi,i p i ts o k e t i,,Granadillo2006,,,,
Aha-Chacon-2019-220-40_clean-1,,Aha,Chacon-2019-220-40_clean,işaːtakaita,işaːtakaita,i ʂ aː t a k a i t a,,Granadillo2006,,,,
Ehe-Chacon-2019-220-40_clean-1,,Ehe,Chacon-2019-220-40_clean,matsiataketi,matsiataketi,m a ts i a t a k e t i,,Granadillo2006,,,,
Name-Chacon-2019-220-40_clean-1,,Name,Chacon-2019-220-40_clean,matsiateka,matsiateka,m a ts i a t e k a,,Granadillo2006,,,,
Aha-Chacon-2019-220-79_float-1,,Aha,Chacon-2019-220-79_float,irokadao,irokadao,i ɾ o k a d a o,,Granadillo2006,,,,
Name-Chacon-2019-220-79_float-1,,Name,Chacon-2019-220-79_float,iroketi,iroketi,i ɾ o k e t i,,Granadillo2006,,,,
Oho-Chacon-2019-220-79_float-1,,Oho,Chacon-2019-220-79_float,ironiketi,ironiketi,i ɾ o n i k e t i,,Granadillo2006,,,,
Ehe-Chacon-2019-220-79_float-1,,Ehe,Chacon-2019-220-79_float,itamuthakheti,itamuthakheti,i t a m u tʰ a kʰ e t i,,Granadillo2006,,,,
Werekena-Chacon-2019-220-109_how-1,,Werekena,Chacon-2019-220-109_how,isidɛmahã,isidɛmahã,i s i d ɛ m a h ã,,Silva1961,,,,
Hohoodene-Chacon-2019-220-109_how-1,,Hohoodene,Chacon-2019-220-109_how,koamɛ,koamɛ,k o a m ɛ,,Silva1961,,,,
Waliperi-Chacon-2019-220-109_how-1,,Waliperi,Chacon-2019-220-109_how,koamɛ,koamɛ,k o a m ɛ,,Silva1961,,,,
Tariana-Chacon-2019-220-109_how-1,,Tariana,Chacon-2019-220-109_how,koenʰãɾã,koenʰãɾã,k o e nʰ ã ɾ ã,,Silva1961,,,,
Moliwene-Chacon-2019-220-109_how-1,,Moliwene,Chacon-2019-220-109_how,kɔamɛ,kɔamɛ,k ɔ a m ɛ,,Silva1961,,,,
Mauliene-Chacon-2019-220-109_how-1,,Mauliene,Chacon-2019-220-109_how,kɔamhɛ,kɔamhɛ,k ɔ a mʰ ɛ,,Silva1961,,,,
Dzawinai-Chacon-2019-220-109_how-1,,Dzawinai,Chacon-2019-220-109_how,kwame,kwame,kʷ a m e,,Silva1961,,,,
Kumadene2-Chacon-2019-220-109_how-1,,Kumadene2,Chacon-2019-220-109_how,kwamhee,kwamhee,kʷ a mʰ eː,,Silva1961,,,,
Kowaidakenai-Chacon-2019-220-109_how-1,,Kowaidakenai,Chacon-2019-220-109_how,tedzu,tedzu,t e dz u,,Silva1961,,,,
Werekena-Chacon-2019-220-233_wife-1,,Werekena,Chacon-2019-220-233_wife,isumĩawa,isumĩawa,i s u m ĩ a w a,,Silva1961,,,,
Aha-Chacon-2019-220-233_wife-1,,Aha,Chacon-2019-220-233_wife,liːno,liːno,l iː n o,,Granadillo2006,,,,
Ehe-Chacon-2019-220-233_wife-1,,Ehe,Chacon-2019-220-233_wife,liːno,liːno,l iː n o,,Granadillo2006,,,,
Name-Chacon-2019-220-233_wife-1,,Name,Chacon-2019-220-233_wife,liːno,liːno,l iː n o,,Granadillo2006,,,,
Oho-Chacon-2019-220-233_wife-1,,Oho,Chacon-2019-220-233_wife,liːno,liːno,l iː n o,,Granadillo2006,,,,
Waliperi-Chacon-2019-220-233_wife-1,,Waliperi,Chacon-2019-220-233_wife,nuino,nuino,n u i n o,,Silva1961,,,,
Hohoodene-Chacon-2019-220-233_wife-1,,Hohoodene,Chacon-2019-220-233_wife,nuiɳo,nuino,n u i n o,,Silva1961,,,,
Moliwene-Chacon-2019-220-233_wife-1,,Moliwene,Chacon-2019-220-233_wife,ɽiːnu,ɽiːnu,ɽ iː n u,,Silva1961,,,,
Kumadene2-Chacon-2019-220-233_wife-1,,Kumadene2,Chacon-2019-220-233_wife,ɽiːnu,ɽiːnu,ɽ iː n u,,Silva1961,,,,
Mauliene-Chacon-2019-220-233_wife-1,,Mauliene,Chacon-2019-220-233_wife,ɽinu,ɽinu,ɽ i n u,,Silva1961,,,,
Oho-Chacon-2019-220-48_cut-1,,Oho,Chacon-2019-220-48_cut,itakaːketi,itakaːketi,i t a k aː k e t i,,Granadillo2006,,,,
Aha-Chacon-2019-220-48_cut-1,,Aha,Chacon-2019-220-48_cut,ijowakaita,ijowakaita,i j o w a k a i t a,,Granadillo2006,,,,
Tariana-Chacon-2019-220-48_cut-1,,Tariana,Chacon-2019-220-48_cut,napisanipɛ,napisanipɛ,n a p i s a n i p ɛ,,Silva1961,,,,
Kumadene2-Chacon-2019-220-48_cut-1,,Kumadene2,Chacon-2019-220-48_cut,nuioaka,nuioaka,n u i o a k a,,Silva1961,,,,
Waliperi-Chacon-2019-220-48_cut-1,,Waliperi,Chacon-2019-220-48_cut,nutakʰaka,nutakʰaka,n u t a kʰ a k a,,Silva1961,,,,
Mauliene-Chacon-2019-220-48_cut-1,,Mauliene,Chacon-2019-220-48_cut,nuthaka,nuthaka,n u tʰ a k a,,Silva1961,,,,
Werekena-Chacon-2019-220-48_cut-1,,Werekena,Chacon-2019-220-48_cut,pitɛɾuka,pitɛɾuka,p i t ɛ ɾ u k a,,Silva1961,,,,
Ehe-Chacon-2019-220-48_cut-1,,Ehe,Chacon-2019-220-48_cut,takaːketi,takaːketi,t a k aː k e t i,,Granadillo2006,,,,
Hohoodene-Chacon-2019-220-48_cut-1,,Hohoodene,Chacon-2019-220-48_cut,watakaˀaka,watakaˀaka,w a t a k aˀ a k a,,Silva1961,,,,
Name-Chacon-2019-220-48_cut-1,,Name,Chacon-2019-220-48_cut,wajowaka,wajowaka,w a j o w a k a,,Granadillo2006,,,,
Ehe-Chacon-2019-220-82_fog-1,,Ehe,Chacon-2019-220-82_fog,itamana,itamana,i t a m a n a,,Granadillo2006,,,,
Hohoodene-Chacon-2019-220-82_fog-1,,Hohoodene,Chacon-2019-220-82_fog,itamana,itamana,i t a m a n a,,Silva1961,,,,
Name-Chacon-2019-220-82_fog-1,,Name,Chacon-2019-220-82_fog,itamana,itamana,i t a m a n a,,Granadillo2006,,,,
Waliperi-Chacon-2019-220-82_fog-1,,Waliperi,Chacon-2019-220-82_fog,itamana,itamana,i t a m a n a,,Silva1961,,,,
Kumadene2-Chacon-2019-220-82_fog-1,,Kumadene2,Chacon-2019-220-82_fog,itamanaka,itamanaka,i t a m a n a k a,,Silva1961,,,,
Moliwene-Chacon-2019-220-82_fog-1,,Moliwene,Chacon-2019-220-82_fog,itamɐ̃na,itamɐ̃na,i t a m ɐ̃ n a,,Silva1961,,,,
Tariana-Chacon-2019-220-82_fog-1,,Tariana,Chacon-2019-220-82_fog,itʃakumã ~itsa,itʃakumã,i tʃ a k u m ã,,Silva1961,,,,
Oho-Chacon-2019-220-82_fog-1,,Oho,Chacon-2019-220-82_fog,kadawakadale,kadawakadale,k a d a w a k a d a l e,,Granadillo2006,,,,
Aha-Chacon-2019-220-82_fog-1,,Aha,Chacon-2019-220-82_fog,tamana,tamana,t a m a n a,,Granadillo2006,,,,
Mauliene-Chacon-2019-220-82_fog-1,,Mauliene,Chacon-2019-220-82_fog,tamanakani,tamanakani,t a m a n a k a n i,,Silva1961,,,,
Aha-Chacon-2019-220-154_play-1,,Aha,Chacon-2019-220-154_play,itopitakada,itopitakada,i t o p i t a k a d a,,Granadillo2006,,,,
Name-Chacon-2019-220-154_play-1,,Name,Chacon-2019-220-154_play,itopitaketi,itopitaketi,i t o p i t a k e t i,,Granadillo2006,,,,
Oho-Chacon-2019-220-154_play-1,,Oho,Chacon-2019-220-154_play,itopitakheti,itopitakheti,i t o p i t a kʰ e t i,,Granadillo2006,,,,
Ehe-Chacon-2019-220-154_play-1,,Ehe,Chacon-2019-220-154_play,matsoːtaketi,matsoːtaketi,m a ts oː t a k e t i,,Granadillo2006,,,,
Oho-Chacon-2019-220-16_animal-1,,Oho,Chacon-2019-220-16_animal,itsiri,itsiri,i ts i ɾ i,,Granadillo2006,,,,
Ehe-Chacon-2019-220-16_animal-1,,Ehe,Chacon-2019-220-16_animal,kufeːti,kufeːti,k u f eː t i,,Granadillo2006,,,,
Aha-Chacon-2019-220-16_animal-1,,Aha,Chacon-2019-220-16_animal,maːhikali,maːhikali,m aː h i k a l i,,Granadillo2006,,,,
Name-Chacon-2019-220-16_animal-1,,Name,Chacon-2019-220-16_animal,maːhikali,maːhikali,m aː h i k a l i,,Granadillo2006,,,,
Tariana-Chacon-2019-220-88_fur-1,,Tariana,Chacon-2019-220-88_fur,itʃiaɾɛ,itʃiaɾɛ,i tʃ i a ɾ ɛ,,Silva1961,,,,
Moliwene-Chacon-2019-220-88_fur-1,,Moliwene,Chacon-2019-220-88_fur,nuidzo,nuidzo,n u i dz o,,Silva1961,,,,
Werekena-Chacon-2019-220-88_fur-1,,Werekena,Chacon-2019-220-88_fur,nuitu,nuitu,n u i t u,,Silva1961,,,,
Hohoodene-Chacon-2019-220-88_fur-1,,Hohoodene,Chacon-2019-220-88_fur,nutʃikoɽɛ,nutʃikoɽɛ,n u tʃ i k o ɽ ɛ,,Silva1961,,,,
Waliperi-Chacon-2019-220-88_fur-1,,Waliperi,Chacon-2019-220-88_fur,ɽiːdzo,ɽiːdzo,ɽ iː dz o,,Silva1961,,,,
Kumadene2-Chacon-2019-220-88_fur-1,,Kumadene2,Chacon-2019-220-88_fur,ɽiːjo,ɽiːjo,ɽ iː j o,,Silva1961,,,,
Mauliene-Chacon-2019-220-88_fur-1,,Mauliene,Chacon-2019-220-88_fur,ɽizo,ɽizo,ɽ i z o,,Silva1961,,,,
Waliperi-Chacon-2019-220-107_horn-1,,Waliperi,Chacon-2019-220-107_horn,itua,itua,i t u a,,Silva1961,,,,
Tariana-Chacon-2019-220-107_horn-1,,Tariana,Chacon-2019-220-107_horn,litsawi,litsawi,l i ts a w i,,Silva1961,,,,
Hohoodene-Chacon-2019-220-107_horn-1,,Hohoodene,Chacon-2019-220-107_horn,ɽitsowa,ɽitsowa,ɽ i ts o w a,,Silva1961,,,,
Moliwene-Chacon-2019-220-107_horn-1,,Moliwene,Chacon-2019-220-107_horn,ɽitsua,ɽitsua,ɽ i ts u a,,Silva1961,,,,
Kowaidakenai-Chacon-2019-220-107_horn-1,,Kowaidakenai,Chacon-2019-220-107_horn,ɽitsua,ɽitsua,ɽ i ts u a,,Silva1961,,,,
Mauliene-Chacon-2019-220-107_horn-1,,Mauliene,Chacon-2019-220-107_horn,ɽitsua,ɽitsua,ɽ i ts u a,,Silva1961,,,,
Dzawinai-Chacon-2019-220-107_horn-1,,Dzawinai,Chacon-2019-220-107_horn,ɽitsua,ɽitsua,ɽ i ts u a,,Silva1961,,,,
Kumadene2-Chacon-2019-220-107_horn-1,,Kumadene2,Chacon-2019-220-107_horn,ɽitʃiwa,ɽitʃiwa,ɽ i tʃ i w a,,Silva1961,,,,
Werekena-Chacon-2019-220-107_horn-1,,Werekena,Chacon-2019-220-107_horn,tsowa,tsowa,ts o w a,,Silva1961,,,,
Waliperi-Chacon-2019-220-145_no-1,,Waliperi,Chacon-2019-220-145_no,j̃áːmɛ,j̃áːmɛ,j̃ áː/aː m ɛ,,Silva1961,,,,
Kumadene2-Chacon-2019-220-145_no-1,,Kumadene2,Chacon-2019-220-145_no,j̃ame,j̃ame,j̃ a m e,,Silva1961,,,,
Moliwene-Chacon-2019-220-145_no-1,,Moliwene,Chacon-2019-220-145_no,j̃amɛ,j̃amɛ,j̃ a m ɛ,,Silva1961,,,,
Hohoodene-Chacon-2019-220-145_no-1,,Hohoodene,Chacon-2019-220-145_no,j̃ãmɛ,j̃ãmɛ,j̃ ã m ɛ,,Silva1961,,,,
Werekena-Chacon-2019-220-145_no-1,,Werekena,Chacon-2019-220-145_no,jan̥ɐ̃,jan̥ɐ̃,j a nʰ ɐ̃,,Silva1961,,,,
Oho-Chacon-2019-220-145_no-1,,Oho,Chacon-2019-220-145_no,karon,karon,k a ɾ o n,,Granadillo2006,,,,
Kowaidakenai-Chacon-2019-220-145_no-1,,Kowaidakenai,Chacon-2019-220-145_no,kaʐimi,kaʐimi,k a ʐ i m i,,Silva1961,,,,
Mauliene-Chacon-2019-220-145_no-1,,Mauliene,Chacon-2019-220-145_no,kaʐo,kaʐo,k a ʐ o,,Silva1961,,,,
Dzawinai-Chacon-2019-220-145_no-1,,Dzawinai,Chacon-2019-220-145_no,kaʐo,kaʐo,k a ʐ o,,Silva1961,,,,
Ehe-Chacon-2019-220-145_no-1,,Ehe,Chacon-2019-220-145_no,khenim,khenim,kʰ e n i m,,Granadillo2006,,,,
Aha-Chacon-2019-220-145_no-1,,Aha,Chacon-2019-220-145_no,kori,kori,k o ɾ i,,Granadillo2006,,,,
Name-Chacon-2019-220-145_no-1,,Name,Chacon-2019-220-145_no,ñame,ñame,ɲ a m e,,Granadillo2006,,,,
Tariana-Chacon-2019-220-145_no-1,,Tariana,Chacon-2019-220-145_no,wihɛkade,wihɛkade,w i h ɛ k a d e,,Silva1961,,,,
Werekena-Chacon-2019-220-33_dull-1,,Werekena,Chacon-2019-220-33_dull,jamenɐpiẽhe,jamenɐpiẽhe,j a m e n ɐ p i ẽ h e,,Silva1961,,,,
Aha-Chacon-2019-220-33_dull-1,,Aha,Chacon-2019-220-33_dull,meːmadali,meːmadali,m eː m a d a l i,,Granadillo2006,,,,
Waliperi-Chacon-2019-220-33_dull-1,,Waliperi,Chacon-2019-220-33_dull,memamadaɽi,memamadaɽi,m e m a m a d a ɽ i,,Silva1961,,,,
Oho-Chacon-2019-220-33_dull-1,,Oho,Chacon-2019-220-33_dull,memaneːte,memaneːte,m e m a n eː t e,,Granadillo2006,,,,
Tariana-Chacon-2019-220-33_dull-1,,Tariana,Chacon-2019-220-33_dull,memanə̃kadupeɾi,memanə̃kadupeɾi,m e m a n ə̃ k a d u p e ɾ i,,Silva1961,,,,
Ehe-Chacon-2019-220-33_dull-1,,Ehe,Chacon-2019-220-33_dull,meminete,meminete,m e m i n e t e,,Granadillo2006,,,,
Kumadene2-Chacon-2019-220-33_dull-1,,Kumadene2,Chacon-2019-220-33_dull,nukadaka,nukadaka,n u k a d a k a,,Silva1961,,,,
Mauliene-Chacon-2019-220-33_dull-1,,Mauliene,Chacon-2019-220-33_dull,nupɛkoka,nupɛkoka,n u p ɛ k o k a,,Silva1961,,,,
Name-Chacon-2019-220-33_dull-1,,Name,Chacon-2019-220-33_dull,temeːte,temeːte,t e m eː t e,,Granadillo2006,,,,
Hohoodene-Chacon-2019-220-33_dull-1,,Hohoodene,Chacon-2019-220-33_dull,wapɛkoni,wapɛkoni,w a p ɛ k o n i,,Silva1961,,,,
Mauliene-Chacon-2019-220-232_wide-1,,Mauliene,Chacon-2019-220-232_wide,japi,japi,j a p i,,Silva1961,,,,
Moliwene-Chacon-2019-220-232_wide-1,,Moliwene,Chacon-2019-220-232_wide,japidaɽi,japidaɽi,j a p i d a ɽ i,,Silva1961,,,,
Hohoodene-Chacon-2019-220-232_wide-1,,Hohoodene,Chacon-2019-220-232_wide,japidaɽi,japidaɽi,j a p i d a ɽ i,,Silva1961,,,,
Waliperi-Chacon-2019-220-232_wide-1,,Waliperi,Chacon-2019-220-232_wide,makapɛki,makapɛki,m a k a p ɛ k i,,Silva1961,,,,
Werekena-Chacon-2019-220-232_wide-1,,Werekena,Chacon-2019-220-232_wide,swilaɽi,swilaɽi,s w i l a ɽ i,,Silva1961,,,,
Werekena-Chacon-2019-220-26_below-1,,Werekena,Chacon-2019-220-26_below,jatʃipɛɾahə,jatʃipɛɾahə,j a tʃ i p ɛ ɾ a h ə,,Silva1961,,,,
Kumadene2-Chacon-2019-220-26_below-1,,Kumadene2,Chacon-2019-220-26_below,ɽiaphiːpe,ɽiaphiːpe,ɽ i a pʰ iː p e,,Silva1961,,,,
Kowaidakenai-Chacon-2019-220-26_below-1,,Kowaidakenai,Chacon-2019-220-26_below,ɽiaphie,ɽiaphie,ɽ i a pʰ i e,,Silva1961,,,,
Hohoodene-Chacon-2019-220-26_below-1,,Hohoodene,Chacon-2019-220-26_below,ɽiapʰitɛ,ɽiapʰitɛ,ɽ i a pʰ i t ɛ,,Silva1961,,,,
Mauliene-Chacon-2019-220-26_below-1,,Mauliene,Chacon-2019-220-26_below,ɽiapisɛ,ɽiapisɛ,ɽ i a p i s ɛ,,Silva1961,,,,
Dzawinai-Chacon-2019-220-26_below-1,,Dzawinai,Chacon-2019-220-26_below,ɾiapite,ɾiapite,ɾ i a p i t e,,Silva1961,,,,
Tariana-Chacon-2019-220-26_below-1,,Tariana,Chacon-2019-220-26_below,wapisakumapʰɛˑ,wapisakumapʰɛˑ,w a p i s a k u m a pʰ ɛ,,Silva1961,,,,
Kumadene2-Chacon-2019-220-243_boyyoungman-1,,Kumadene2,Chacon-2019-220-243_boyyoungman,jempeːti,jempeːti,j e m p eː t i,,Silva1961,,,,
Hohoodene-Chacon-2019-220-243_boyyoungman-1,,Hohoodene,Chacon-2019-220-243_boyyoungman,nuːpátakɐni,nuːpátakɐni,n uː p a t a k ɐ n i,,Silva1961,,,,
Mauliene-Chacon-2019-220-243_boyyoungman-1,,Mauliene,Chacon-2019-220-243_boyyoungman,nuːpátakɐni,nuːpátakɐni,n uː p a t a k ɐ n i,,Silva1961,,,,
Aha-Chacon-2019-220-181_sit-1,,Aha,Chacon-2019-220-181_sit,joːfakada,joːfakada,j oː f a k a d a,,Granadillo2006,,,,
Oho-Chacon-2019-220-181_sit-1,,Oho,Chacon-2019-220-181_sit,johaːketi,johaːketi,j o h aː k e t i,,Granadillo2006,,,,
Moliwene-Chacon-2019-220-181_sit-1,,Moliwene,Chacon-2019-220-181_sit,nũhuákawa,nũhuákawa,n ũ h u a k a w a,,Silva1961,,,,
Mauliene-Chacon-2019-220-181_sit-1,,Mauliene,Chacon-2019-220-181_sit,nũhuákawa,nũhuákawa,n ũ h u a k a w a,,Silva1961,,,,
Ehe-Chacon-2019-220-181_sit-1,,Ehe,Chacon-2019-220-181_sit,ofaketi,ofaketi,o f a k e t i,,Granadillo2006,,,,
Werekena-Chacon-2019-220-181_sit-1,,Werekena,Chacon-2019-220-181_sit,pisiawa,pisiawa,p i s i a w a,,Silva1961,,,,
Dzawinai-Chacon-2019-220-181_sit-1,,Dzawinai,Chacon-2019-220-181_sit,ɽiɸa,ɽiɸa,ɽ i ɸ a,,Silva1961,,,,
Waliperi-Chacon-2019-220-181_sit-1,,Waliperi,Chacon-2019-220-181_sit,ɽiũhĩɐ̃kawa,ɽiũhĩɐ̃kawa,ɽ i ũ h ĩ ɐ̃ k a w a,,Silva1961,,,,
Kowaidakenai-Chacon-2019-220-181_sit-1,,Kowaidakenai,Chacon-2019-220-181_sit,ɽiuhuakawa,ɽiuhuakawa,ɽ i u h u a k a w a,,Silva1961,,,,
Kumadene2-Chacon-2019-220-181_sit-1,,Kumadene2,Chacon-2019-220-181_sit,ɽiumhakawa,ɽiumhakawa,ɽ i u mʰ a k a w a,,Silva1961,,,,
Tariana-Chacon-2019-220-181_sit-1,,Tariana,Chacon-2019-220-181_sit,wahanukanuki,wahanukanuki,w a h a n u k a n u k i,,Silva1961,,,,
Hohoodene-Chacon-2019-220-181_sit-1,,Hohoodene,Chacon-2019-220-181_sit,wahoakawa,wahoakawa,w a h o a k a w a,,Silva1961,,,,
Kumadene1-Chacon-2019-220-181_sit-1,,Kumadene1,Chacon-2019-220-181_sit,wawhanĩpɛ,wawhanĩpɛ,w a wʰ a n ĩ p ɛ,,,,,,
Aha-Chacon-2019-220-176_sew-1,,Aha,Chacon-2019-220-176_sew,joːkokada,joːkokada,j oː k o k a d a,,Granadillo2006,,,,
Name-Chacon-2019-220-176_sew-1,,Name,Chacon-2019-220-176_sew,joːkoketi,joːkoketi,j oː k o k e t i,,Granadillo2006,,,,
Oho-Chacon-2019-220-176_sew-1,,Oho,Chacon-2019-220-176_sew,jokoketi,jokoketi,j o k o k e t i,,Granadillo2006,,,,
Tariana-Chacon-2019-220-176_sew-1,,Tariana,Chacon-2019-220-176_sew,nakunipɛ,nakunipɛ,n a k u n i p ɛ,,Silva1961,,,,
Kumadene2-Chacon-2019-220-176_sew-1,,Kumadene2,Chacon-2019-220-176_sew,nuːkuka,nuːkuka,n uː k u k a,,Silva1961,,,,
Mauliene-Chacon-2019-220-176_sew-1,,Mauliene,Chacon-2019-220-176_sew,nukuka,nukuka,n u k u k a,,Silva1961,,,,
Ehe-Chacon-2019-220-176_sew-1,,Ehe,Chacon-2019-220-176_sew,oːkoketi,oːkoketi,oː k o k e t i,,Granadillo2006,,,,
Hohoodene-Chacon-2019-220-176_sew-1,,Hohoodene,Chacon-2019-220-176_sew,paːkokaj,paːkokaj,p aː k o k a j,,Silva1961,,,,
Moliwene-Chacon-2019-220-176_sew-1,,Moliwene,Chacon-2019-220-176_sew,paːkũda,paːkũda,p aː k ũ d a,,Silva1961,,,,
Werekena-Chacon-2019-220-176_sew-1,,Werekena,Chacon-2019-220-176_sew,piaɾitɛhə,piaɾitɛhə,p i a ɾ i t ɛ h ə,,Silva1961,,,,
Werekena-Chacon-2019-220-227_when-1,,Werekena,Chacon-2019-220-227_when,jomiɾɛhɐ̃,jomiɾɛhɐ̃,j o m i ɾ ɛ h ɐ̃,,Silva1961,,,,
Kowaidakenai-Chacon-2019-220-227_when-1,,Kowaidakenai,Chacon-2019-220-227_when,kaidzukuda,kaidzukuda,k a i dz u k u d a,,Silva1961,,,,
Waliperi-Chacon-2019-220-227_when-1,,Waliperi,Chacon-2019-220-227_when,kenakuda,kenakuda,k e n a k u d a,,Silva1961,,,,
Moliwene-Chacon-2019-220-227_when-1,,Moliwene,Chacon-2019-220-227_when,koamkawɽ̥ʰi,koamkawɽ̥ʰi,k o a m k a w ɽʰ i,,Silva1961,,,,
Mauliene-Chacon-2019-220-227_when-1,,Mauliene,Chacon-2019-220-227_when,koamkohi,koamkohi,k o a m k o h i,,Silva1961,,,,
Kumadene2-Chacon-2019-220-227_when-1,,Kumadene2,Chacon-2019-220-227_when,koaŋkaoɽhi,koaŋkaoɽhi,k o a ŋ k a o ɽʰ i,,Silva1961,,,,
Tariana-Chacon-2019-220-227_when-1,,Tariana,Chacon-2019-220-227_when,koimakahãdeinãkoikapisɛ,koimakahãdeinãkoikapisɛ,k o i m a k a h ã d e i n ã k o i k a p i s ɛ,,Silva1961,,,,
Hohoodene-Chacon-2019-220-227_when-1,,Hohoodene,Chacon-2019-220-227_when,kɔ̃kɔhĩ,kɔ̃kɔhĩ,k ɔ̃ k ɔ h ĩ,,Silva1961,,,,
Ehe-Chacon-2019-220-227_when-1,,Ehe,Chacon-2019-220-227_when,kuaːdzokoːda,kuaːdzokoːda,k u aː dz o k oː d a,,Granadillo2006,,,,
Oho-Chacon-2019-220-227_when-1,,Oho,Chacon-2019-220-227_when,kuakaori,kuakaori,k u a k a o ɾ i,,Granadillo2006,,,,
Aha-Chacon-2019-220-227_when-1,,Aha,Chacon-2019-220-227_when,kuakhaoli,kuakhaoli,k u a kʰ a o l i,,Granadillo2006,,,,
Name-Chacon-2019-220-227_when-1,,Name,Chacon-2019-220-227_when,kuankaohli,kuankaohli,k u a n k a o h l i,,Granadillo2006,,,,
Dzawinai-Chacon-2019-220-227_when-1,,Dzawinai,Chacon-2019-220-227_when,kwamekawaɽhi,kwamekawaɽhi,kʷ a m e k a w a ɽʰ i,,Silva1961,,,,
Hohoodene-Chacon-2019-220-22_alive-1,,Hohoodene,Chacon-2019-220-22_alive,kaːhikɐni,kaːhikɐni,k aː h i k ɐ n i,,Silva1961,,,,
Dzawinai-Chacon-2019-220-22_alive-1,,Dzawinai,Chacon-2019-220-22_alive,kaaɸikani,kaaɸikani,k aː wʰ i k a n i,,Silva1961,,,,
Mauliene-Chacon-2019-220-22_alive-1,,Mauliene,Chacon-2019-220-22_alive,kahikani,kahikani,k a h i k a n i,,Silva1961,,,,
Kumadene2-Chacon-2019-220-22_alive-1,,Kumadene2,Chacon-2019-220-22_alive,kaʐivide,kaʐivide,k a ʐ i v i d e,,Silva1961,,,,
Kowaidakenai-Chacon-2019-220-22_alive-1,,Kowaidakenai,Chacon-2019-220-22_alive,matʃjakani,matʃjakani,m a tʃ j a k a n i,,Silva1961,,,,
Werekena-Chacon-2019-220-22_alive-1,,Werekena,Chacon-2019-220-22_alive,nɛtoaɾi,nɛtoaɾi,n ɛ t o a ɾ i,,Silva1961,,,,
Tariana-Chacon-2019-220-22_alive-1,,Tariana,Chacon-2019-220-22_alive,taɾalitɛ,taɾalitɛ,t a ɾ a l i t ɛ,,Silva1961,,,,
Kumadene1-Chacon-2019-220-22_alive-1,,Kumadene1,Chacon-2019-220-22_alive,tɐɾanipɛ,tɐɾanipɛ,t ɐ ɾ a n i p ɛ,,,,,,
Name-Chacon-2019-220-22_alive-1,,Name,Chacon-2019-220-22_alive,jaːhiketi,jaːhiketi,j aː h i k e t i,,Granadillo2006,,,,
Ehe-Chacon-2019-220-22_alive-1,,Ehe,Chacon-2019-220-22_alive,joːfaːketi ~ ofa,joːfaːketi,j oː f aː k e t i,,Granadillo2006,,,,
Aha-Chacon-2019-220-22_alive-1,,Aha,Chacon-2019-220-22_alive,joːfuakada,joːfuakada,j oː f u a k a d a,,Granadillo2006,,,,
Oho-Chacon-2019-220-22_alive-1,,Oho,Chacon-2019-220-22_alive,johaketi,johaketi,j o h a k e t i,,Granadillo2006,,,,
Aha-Chacon-2019-220-120_lake-1,,Aha,Chacon-2019-220-120_lake,kaːlita,kaːlita,k aː l i t a,,Granadillo2006,,,,
Ehe-Chacon-2019-220-120_lake-1,,Ehe,Chacon-2019-220-120_lake,kaːlita,kaːlita,k aː l i t a,,Granadillo2006,,,,
Name-Chacon-2019-220-120_lake-1,,Name,Chacon-2019-220-120_lake,kaːlita,kaːlita,k aː l i t a,,Granadillo2006,,,,
Oho-Chacon-2019-220-120_lake-1,,Oho,Chacon-2019-220-120_lake,kalita,kalita,k a l i t a,,Granadillo2006,,,,
Tariana-Chacon-2019-220-120_lake-1,,Tariana,Chacon-2019-220-120_lake,mãkananĩ,mãkananĩ,m ã k a n a n ĩ,,Silva1961,,,,
Tariana-Chacon-2019-220-18_ash-1,,Tariana,Chacon-2019-220-18_ash,kãdaɾi,kãdaɾi,k ã d a ɾ i,,Silva1961,,,,
Aha-Chacon-2019-220-18_ash-1,,Aha,Chacon-2019-220-18_ash,limale,limale,l i m a l e,,Granadillo2006,,,,
Ehe-Chacon-2019-220-18_ash-1,,Ehe,Chacon-2019-220-18_ash,limale,limale,l i m a l e,,Granadillo2006,,,,
Name-Chacon-2019-220-18_ash-1,,Name,Chacon-2019-220-18_ash,limale,limale,l i m a l e,,Granadillo2006,,,,
Oho-Chacon-2019-220-18_ash-1,,Oho,Chacon-2019-220-18_ash,paliapokoa,paliapokoa,p a l i a p o k o a,,Granadillo2006,,,,
Mauliene-Chacon-2019-220-18_ash-1,,Mauliene,Chacon-2019-220-18_ash,paɽi,paɽi,p a ɽ i,,Silva1961,,,,
Moliwene-Chacon-2019-220-18_ash-1,,Moliwene,Chacon-2019-220-18_ash,paɽiada,paɽiada,p a ɽ i a d a,,Silva1961,,,,
Hohoodene-Chacon-2019-220-18_ash-1,,Hohoodene,Chacon-2019-220-18_ash,paɾiada,paɾiada,p a ɾ i a d a,,Silva1961,,,,
Werekena-Chacon-2019-220-18_ash-1,,Werekena,Chacon-2019-220-18_ash,paɾitʃi,paɾitʃi,p a ɾ i tʃ i,,Silva1961,,,,
Kowaidakenai-Chacon-2019-220-18_ash-1,,Kowaidakenai,Chacon-2019-220-18_ash,ɽĩːpeni,ɽĩːpeni,ɽ ĩː p e n i,,Silva1961,,,,
Kumadene2-Chacon-2019-220-18_ash-1,,Kumadene2,Chacon-2019-220-18_ash,ɽiphi en hen,ɽiphi en hen,ɽ i pʰ i e n + h e n,,Silva1961,,,,
Dzawinai-Chacon-2019-220-18_ash-1,,Dzawinai,Chacon-2019-220-18_ash,tidzemheni,tidzemheni,t i dz e mʰ e n i,,Silva1961,,,,
Waliperi-Chacon-2019-220-18_ash-1,,Waliperi,Chacon-2019-220-18_ash,ʈidzɛheni,ʈidzɛheni,t i dz ɛ h e n i,,Silva1961,,,,
Ehe-Chacon-2019-220-5_maniocflourinwater-1,,Ehe,Chacon-2019-220-5_maniocflourinwater,kamuataka,kamuataka,k a m u a t a k a,,Granadillo2006,,,,
Name-Chacon-2019-220-5_maniocflourinwater-1,,Name,Chacon-2019-220-5_maniocflourinwater,kamuataka,kamuataka,k a m u a t a k a,,Granadillo2006,,,,
Aha-Chacon-2019-220-5_maniocflourinwater-1,,Aha,Chacon-2019-220-5_maniocflourinwater,peritiahamoanai,peritiahamoanai,p e ɾ i t i a h a m o a n a i,,Granadillo2006,,,,
Kowaidakenai-Chacon-2019-220-13_all-1,,Kowaidakenai,Chacon-2019-220-13_all,kanakuda,kanakuda,k a n a k u d a,,Silva1961,,,,
Tariana-Chacon-2019-220-13_all-1,,Tariana,Chacon-2019-220-13_all,mehanʊ̃pɛ,mehanʊ̃pɛ,m e h a n ʊ̃ p ɛ,,Silva1961,,,,
Ehe-Chacon-2019-220-13_all-1,,Ehe,Chacon-2019-220-13_all,padeːniri,padeːniri,p a d eː n i ɾ i,,Granadillo2006,,,,
Oho-Chacon-2019-220-13_all-1,,Oho,Chacon-2019-220-13_all,padeniri,padeniri,p a d e n i ɾ i,,Granadillo2006,,,,
Werekena-Chacon-2019-220-13_all-1,,Werekena,Chacon-2019-220-13_all,pajɛɾoi,pajɛɾoi,p a j ɛ ɾ o i,,Silva1961,,,,
Hohoodene-Chacon-2019-220-13_all-1,,Hohoodene,Chacon-2019-220-13_all,pʰiomɛ,pʰiomɛ,pʰ i o m ɛ,,Silva1961,,,,
Waliperi-Chacon-2019-220-13_all-1,,Waliperi,Chacon-2019-220-13_all,pʰiomɛ,pʰiomɛ,pʰ i o m ɛ,,Silva1961,,,,
Kumadene2-Chacon-2019-220-13_all-1,,Kumadene2,Chacon-2019-220-13_all,phiume,phiume,pʰ i u m e,,Silva1961,,,,
Dzawinai-Chacon-2019-220-13_all-1,,Dzawinai,Chacon-2019-220-13_all,phiume,phiume,pʰ i u m e,,Silva1961,,,,
Moliwene-Chacon-2019-220-13_all-1,,Moliwene,Chacon-2019-220-13_all,pʰiumɛ,pʰiumɛ,pʰ i u m ɛ,,Silva1961,,,,
Mauliene-Chacon-2019-220-13_all-1,,Mauliene,Chacon-2019-220-13_all,pʰiumɛ,pʰiumɛ,pʰ i u m ɛ,,Silva1961,,,,
Aha-Chacon-2019-220-13_all-1,,Aha,Chacon-2019-220-13_all,piomi,piomi,p i o m i,,Granadillo2006,,,,
Name-Chacon-2019-220-13_all-1,,Name,Chacon-2019-220-13_all,piomi,piomi,p i o m i,,Granadillo2006,,,,
Moliwene-Chacon-2019-220-201_tell-1,,Moliwene,Chacon-2019-220-201_tell,kaʐo noaku,kaʐo noaku,k a ʐ o + n o a k u,,Silva1961,,,,
Tariana-Chacon-2019-220-201_tell-1,,Tariana,Chacon-2019-220-201_tell,najanʊkanuki,najanʊkanuki,n a j a n ʊ k a n u k i,,Silva1961,,,,
Waliperi-Chacon-2019-220-201_tell-1,,Waliperi,Chacon-2019-220-201_tell,nũkajʈika,nũkajʈika,n ũ k a j t i k a,,Silva1961,,,,
Mauliene-Chacon-2019-220-201_tell-1,,Mauliene,Chacon-2019-220-201_tell,nunuako,nunuako,n u n u a k o,,Silva1961,,,,
Hohoodene-Chacon-2019-220-201_tell-1,,Hohoodene,Chacon-2019-220-201_tell,waːko,waːko,w aː k o,,Silva1961,,,,
Kumadene2-Chacon-2019-220-201_tell-1,,Kumadene2,Chacon-2019-220-201_tell,wakonĩpɛ,wakonĩpɛ,w a k o n ĩ p ɛ,,Silva1961,,,,
Hohoodene-Chacon-2019-220-2_hairy-1,,Hohoodene,Chacon-2019-220-2_hairy,keːdzukɛhɛ̃,keːdzukɛhɛ̃,k eː dz u k ɛ h ɛ̃,,Silva1961,,,,
Werekena-Chacon-2019-220-2_hairy-1,,Werekena,Chacon-2019-220-2_hairy,m̥itũhu,m̥itũhu,mʰ i t ũ h u,,Silva1961,,,,
Mauliene-Chacon-2019-220-2_hairy-1,,Mauliene,Chacon-2019-220-2_hairy,nuidzo,nuidzo,n u i dz o,,Silva1961,,,,
Kumadene2-Chacon-2019-220-2_hairy-1,,Kumadene2,Chacon-2019-220-2_hairy,ɽiːja,ɽiːja,ɽ iː j a,,Silva1961,,,,
Tariana-Chacon-2019-220-2_hairy-1,,Tariana,Chacon-2019-220-2_hairy,ɾitʃiaɾim̥əhanipaitɛː,ɾitʃiaɾim̥əhanipaitɛː,ɾ i tʃ i a ɾ i mʰ ə h a n i p a i t ɛː,,Silva1961,,,,
Waliperi-Chacon-2019-220-2_hairy-1,,Waliperi,Chacon-2019-220-2_hairy,tedzudaɽi,tedzudaɽi,t e dz u d a ɽ i,,Silva1961,,,,
Aha-Chacon-2019-220-177_sharp-1,,Aha,Chacon-2019-220-177_sharp,keːmadali,keːmadali,k eː m a d a l i,,Granadillo2006,,,,
Oho-Chacon-2019-220-177_sharp-1,,Oho,Chacon-2019-220-177_sharp,kemaneːte,kemaneːte,k e m a n eː t e,,Granadillo2006,,,,
Ehe-Chacon-2019-220-177_sharp-1,,Ehe,Chacon-2019-220-177_sharp,keminete,keminete,k e m i n e t e,,Granadillo2006,,,,
Name-Chacon-2019-220-177_sharp-1,,Name,Chacon-2019-220-177_sharp,meːmaite,meːmaite,m eː m a i t e,,Granadillo2006,,,,
Ehe-Chacon-2019-220-71_field-1,,Ehe,Chacon-2019-220-71_field,kenke,kenke,k e n k e,,Granadillo2006,,,,
Name-Chacon-2019-220-71_field-1,,Name,Chacon-2019-220-71_field,kiniki,kiniki,k i n i k i,,Granadillo2006,,,,
Oho-Chacon-2019-220-71_field-1,,Oho,Chacon-2019-220-71_field,kinke,kinke,k i n k e,,Granadillo2006,,,,
Aha-Chacon-2019-220-71_field-1,,Aha,Chacon-2019-220-71_field,kinki,kinki,k i n k i,,Granadillo2006,,,,
Aha-Chacon-2019-220-231_why-1,,Aha,Chacon-2019-220-231_why,koada,koada,k o a d a,,Granadillo2006,,,,
Oho-Chacon-2019-220-231_why-1,,Oho,Chacon-2019-220-231_why,koada,koada,k o a d a,,Granadillo2006,,,,
Name-Chacon-2019-220-231_why-1,,Name,Chacon-2019-220-231_why,kuada,kuada,k u a d a,,Granadillo2006,,,,
Ehe-Chacon-2019-220-231_why-1,,Ehe,Chacon-2019-220-231_why,kuana,kuana,k u a n a,,Granadillo2006,,,,
Mauliene-Chacon-2019-220-173_sea-1,,Mauliene,Chacon-2019-220-173_sea,koakapanika,koakapanika,k o a k a p a n i k a,,Silva1961,,,,
Moliwene-Chacon-2019-220-173_sea-1,,Moliwene,Chacon-2019-220-173_sea,makapa oːni,makapa oːni,m a k a p a + oː n i,,Silva1961,,,,
Hohoodene-Chacon-2019-220-173_sea-1,,Hohoodene,Chacon-2019-220-173_sea,makapa oːni,makapa oːni,m a k a p a + oː n i,,Silva1961,,,,
Kumadene2-Chacon-2019-220-173_sea-1,,Kumadene2,Chacon-2019-220-173_sea,makapawa,makapawa,m a k a p a w a,,Silva1961,,,,
Aha-Chacon-2019-220-173_sea-1,,Aha,Chacon-2019-220-173_sea,makapawan,makapawan,m a k a p a w a n,,Granadillo2006,,,,
Oho-Chacon-2019-220-173_sea-1,,Oho,Chacon-2019-220-173_sea,makapawaoːni,makapawaoːni,m a k a p a w a oː n i,,Granadillo2006,,,,
Waliperi-Chacon-2019-220-173_sea-1,,Waliperi,Chacon-2019-220-173_sea,makapawɐni,makapawɐni,m a k a p a w ɐ n i,,Silva1961,,,,
Name-Chacon-2019-220-173_sea-1,,Name,Chacon-2019-220-173_sea,oːni,oːni,oː n i,,Granadillo2006,,,,
Werekena-Chacon-2019-220-173_sea-1,,Werekena,Chacon-2019-220-173_sea,soapoɾi,soapoɾi,s o a p o ɾ i,,Silva1961,,,,
Ehe-Chacon-2019-220-173_sea-1,,Ehe,Chacon-2019-220-173_sea,uːnimanupawan,uːnimanupawan,uː n i m a n u p a w a n,,Granadillo2006,,,,
Tariana-Chacon-2019-220-173_sea-1,,Tariana,Chacon-2019-220-173_sea,unihãnipãnʊka,unihãnipãnʊka,u n i h ã n i p ã n ʊ k a,,Silva1961,,,,
Waliperi-Chacon-2019-220-236_withpedro-1,,Waliperi,Chacon-2019-220-236_withpedro,koamɛ pʰia pedɾu,koamɛ pʰia pedɾu,k o a m ɛ + pʰ i a + p e d ɾ u,,Silva1961,,,,
Werekena-Chacon-2019-220-236_withpedro-1,,Werekena,Chacon-2019-220-236_withpedro,Pedroipa,Pedroipa,p e d ɾ o i p a,,Silva1961,,,,
Kumadene2-Chacon-2019-220-236_withpedro-1,,Kumadene2,Chacon-2019-220-236_withpedro,Pedɽoinai,Pedɽoinai,p e d ɽ o i n a i,,Silva1961,,,,
Moliwene-Chacon-2019-220-236_withpedro-1,,Moliwene,Chacon-2019-220-236_withpedro,pedɾo inaj,pedɾo inaj,p e d ɾ o + i n a j,,Silva1961,,,,
Hohoodene-Chacon-2019-220-236_withpedro-1,,Hohoodene,Chacon-2019-220-236_withpedro,pedɾo inaj,pedɾo inaj,p e d ɾ o + i n a j,,Silva1961,,,,
Mauliene-Chacon-2019-220-236_withpedro-1,,Mauliene,Chacon-2019-220-236_withpedro,pedɾo inaj,pedɾo inaj,p e d ɾ o + i n a j,,Silva1961,,,,
Tariana-Chacon-2019-220-236_withpedro-1,,Tariana,Chacon-2019-220-236_withpedro,pedɾʊnɛ̃,pedɾʊnɛ̃,p e d ɾ ʊ n ɛ̃,,Silva1961,,,,
Werekena-Chacon-2019-220-225_wet-1,,Werekena,Chacon-2019-220-225_wet,kotsaɽi,kotsaɽi,k o ts a ɽ i,,Silva1961,,,,
Name-Chacon-2019-220-225_wet-1,,Name,Chacon-2019-220-225_wet,poːtsia,poːtsia,p oː ts i a,,Granadillo2006,,,,
Aha-Chacon-2019-220-225_wet-1,,Aha,Chacon-2019-220-225_wet,poːtsiadali,poːtsiadali,p oː ts i a d a l i,,Granadillo2006,,,,
Oho-Chacon-2019-220-225_wet-1,,Oho,Chacon-2019-220-225_wet,potsiadale,potsiadale,p o ts i a d a l e,,Granadillo2006,,,,
Moliwene-Chacon-2019-220-225_wet-1,,Moliwene,Chacon-2019-220-225_wet,potʃiádaɽi,potʃiádaɽi,p o tʃ i a d a ɽ i,,Silva1961,,,,
Kumadene2-Chacon-2019-220-225_wet-1,,Kumadene2,Chacon-2019-220-225_wet,puːtiaka,puːtiaka,p uː t i a k a,,Silva1961,,,,
Ehe-Chacon-2019-220-225_wet-1,,Ehe,Chacon-2019-220-225_wet,puːtsiadali,puːtsiadali,p uː ts i a d a l i,,Granadillo2006,,,,
Tariana-Chacon-2019-220-225_wet-1,,Tariana,Chacon-2019-220-225_wet,puːtʃekanʊka,puːtʃekanʊka,p uː tʃ e k a n ʊ k a,,Silva1961,,,,
Waliperi-Chacon-2019-220-225_wet-1,,Waliperi,Chacon-2019-220-225_wet,puːtʃiakani,puːtʃiakani,p uː tʃ i a k a n i,,Silva1961,,,,
Hohoodene-Chacon-2019-220-225_wet-1,,Hohoodene,Chacon-2019-220-225_wet,puːtʃiakɐni,puːtʃiakɐni,p uː tʃ i a k ɐ n i,,Silva1961,,,,
Mauliene-Chacon-2019-220-225_wet-1,,Mauliene,Chacon-2019-220-225_wet,putʃiakani,putʃiakani,p u tʃ i a k a n i,,Silva1961,,,,
Aha-Chacon-2019-220-182_skin-1,,Aha,Chacon-2019-220-182_skin,liːa,liːa,l iː a,,Granadillo2006,,,,
Name-Chacon-2019-220-182_skin-1,,Name,Chacon-2019-220-182_skin,liːa,liːa,l iː a,,Granadillo2006,,,,
Oho-Chacon-2019-220-182_skin-1,,Oho,Chacon-2019-220-182_skin,liːa,liːa,l iː a,,Granadillo2006,,,,
Kumadene1-Chacon-2019-220-182_skin-1,,Kumadene1,Chacon-2019-220-182_skin,liːamɪ,liːamɪ,l iː a m ɪ,,,,,,
Ehe-Chacon-2019-220-182_skin-1,,Ehe,Chacon-2019-220-182_skin,likutsi,likutsi,l i k u ts i,,Granadillo2006,,,,
Werekena-Chacon-2019-220-182_skin-1,,Werekena,Chacon-2019-220-182_skin,maːta,maːta,m aː t a,,Silva1961,,,,
Kumadene2-Chacon-2019-220-182_skin-1,,Kumadene2,Chacon-2019-220-182_skin,ɽiːɽo,ɽiːɽo,ɽ iː ɽ o,,Silva1961,,,,
Hohoodene-Chacon-2019-220-182_skin-1,,Hohoodene,Chacon-2019-220-182_skin,ɽija,ɽija,ɽ i j a,,Silva1961,,,,
Mauliene-Chacon-2019-220-182_skin-1,,Mauliene,Chacon-2019-220-182_skin,ɽija,ɽija,ɽ i j a,,Silva1961,,,,
Waliperi-Chacon-2019-220-182_skin-1,,Waliperi,Chacon-2019-220-182_skin,ɽija,ɽija,ɽ i j a,,Silva1961,,,,
Moliwene-Chacon-2019-220-182_skin-1,,Moliwene,Chacon-2019-220-182_skin,ɽitsótà,ɽitsótà,ɽ i ts o t a,,Silva1961,,,,
Tariana-Chacon-2019-220-182_skin-1,,Tariana,Chacon-2019-220-182_skin,ɾija,ɾija,ɾ i j a,,Silva1961,,,,
Ehe-Chacon-2019-220-214_tooth-1,,Ehe,Chacon-2019-220-214_tooth,liːai,liːai,l iː a i,,Granadillo2006,,,,
Name-Chacon-2019-220-214_tooth-1,,Name,Chacon-2019-220-214_tooth,lieːtsa,lieːtsa,l i eː ts a,,Granadillo2006,,,,
Oho-Chacon-2019-220-214_tooth-1,,Oho,Chacon-2019-220-214_tooth,lieːtsa,lieːtsa,l i eː ts a,,Granadillo2006,,,,
Aha-Chacon-2019-220-214_tooth-1,,Aha,Chacon-2019-220-214_tooth,lietsa,lietsa,l i e ts a,,Granadillo2006,,,,
Tariana-Chacon-2019-220-214_tooth-1,,Tariana,Chacon-2019-220-214_tooth,liɛ,liɛ,l i ɛ,,Silva1961,,,,
Werekena-Chacon-2019-220-214_tooth-1,,Werekena,Chacon-2019-220-214_tooth,naːtsi,naːtsi,n aː ts i,,Silva1961,,,,
Kumadene2-Chacon-2019-220-214_tooth-1,,Kumadene2,Chacon-2019-220-214_tooth,noetha,noetha,n o e tʰ a,,Silva1961,,,,
Mauliene-Chacon-2019-220-214_tooth-1,,Mauliene,Chacon-2019-220-214_tooth,nuetsa,nuetsa,n u e ts a,,Silva1961,,,,
Hohoodene-Chacon-2019-220-214_tooth-1,,Hohoodene,Chacon-2019-220-214_tooth,peːtsʰa,peːtsʰa,p eː tsʰ a,,Silva1961,,,,
Kowaidakenai-Chacon-2019-220-214_tooth-1,,Kowaidakenai,Chacon-2019-220-214_tooth,ɽiai,ɽiai,ɽ i a i,,Silva1961,,,,
Dzawinai-Chacon-2019-220-214_tooth-1,,Dzawinai,Chacon-2019-220-214_tooth,ɽietsa,ɽietsa,ɽ i e ts a,,Silva1961,,,,
Waliperi-Chacon-2019-220-214_tooth-1,,Waliperi,Chacon-2019-220-214_tooth,ɽietsʰa,ɽietsʰa,ɽ i e tsʰ a,,Silva1961,,,,
Moliwene-Chacon-2019-220-214_tooth-1,,Moliwene,Chacon-2019-220-214_tooth,ɽiɛtsʰa,ɽiɛtsʰa,ɽ i ɛ tsʰ a,,Silva1961,,,,
Ehe-Chacon-2019-220-69_feather-1,,Ehe,Chacon-2019-220-69_feather,liːdzo,liːdzo,l iː dz o,,Granadillo2006,,,,
Aha-Chacon-2019-220-69_feather-1,,Aha,Chacon-2019-220-69_feather,liːo,liːo,l iː o,,Granadillo2006,,,,
Name-Chacon-2019-220-69_feather-1,,Name,Chacon-2019-220-69_feather,liːjo,liːjo,l iː j o,,Granadillo2006,,,,
Oho-Chacon-2019-220-69_feather-1,,Oho,Chacon-2019-220-69_feather,lidzo,lidzo,l i dz o,,Granadillo2006,,,,
Tariana-Chacon-2019-220-69_feather-1,,Tariana,Chacon-2019-220-69_feather,litʃiaɾɛ,litʃiaɾɛ,l i tʃ i a ɾ ɛ,,Silva1961,,,,
Moliwene-Chacon-2019-220-69_feather-1,,Moliwene,Chacon-2019-220-69_feather,ɽ̥ʰipa,ɽ̥ʰipa,ɽʰ i p a,,Silva1961,,,,
Dzawinai-Chacon-2019-220-69_feather-1,,Dzawinai,Chacon-2019-220-69_feather,ɽiːdzu,ɽiːdzu,ɽ iː dz u,,Silva1961,,,,
Kowaidakenai-Chacon-2019-220-69_feather-1,,Kowaidakenai,Chacon-2019-220-69_feather,ɽiːdʒo,ɽiːdʒo,ɽ iː dʒ o,,Silva1961,,,,
Kumadene2-Chacon-2019-220-69_feather-1,,Kumadene2,Chacon-2019-220-69_feather,ɽiːjo,ɽiːjo,ɽ iː j o,,Silva1961,,,,
Waliperi-Chacon-2019-220-69_feather-1,,Waliperi,Chacon-2019-220-69_feather,ɽinaːpɐ,ɽinaːpɐ,ɽ i n aː p ɐ,,Silva1961,,,,
Hohoodene-Chacon-2019-220-69_feather-1,,Hohoodene,Chacon-2019-220-69_feather,ɽipʰɛ,ɽipʰɛ,ɽ i pʰ ɛ,,Silva1961,,,,
Mauliene-Chacon-2019-220-69_feather-1,,Mauliene,Chacon-2019-220-69_feather,ɽipʰɛ,ɽipʰɛ,ɽ i pʰ ɛ,,Silva1961,,,,
Werekena-Chacon-2019-220-69_feather-1,,Werekena,Chacon-2019-220-69_feather,tanapi,tanapi,t a n a p i,,Silva1961,,,,
Ehe-Chacon-2019-220-21_bark-1,,Ehe,Chacon-2019-220-21_bark,liːke,liːke,l iː k e,,Granadillo2006,,,,
Aha-Chacon-2019-220-21_bark-1,,Aha,Chacon-2019-220-21_bark,likhi,likhi,l i kʰ i,,Granadillo2006,,,,
Werekena-Chacon-2019-220-21_bark-1,,Werekena,Chacon-2019-220-21_bark,maːta,maːta,m aː t a,,Silva1961,,,,
Oho-Chacon-2019-220-21_bark-1,,Oho,Chacon-2019-220-21_bark,natakanda,natakanda,n a t a k a n d a,,Granadillo2006,,,,
Name-Chacon-2019-220-21_bark-1,,Name,Chacon-2019-220-21_bark,pakoːna,pakoːna,p a k oː n a,,Granadillo2006,,,,
Dzawinai-Chacon-2019-220-21_bark-1,,Dzawinai,Chacon-2019-220-21_bark,ɽi.ja,ɽi.ja,ɽ i j a,,Silva1961,,,,
Hohoodene-Chacon-2019-220-21_bark-1,,Hohoodene,Chacon-2019-220-21_bark,ɽiːja,ɽiːja,ɽ iː j a,,Silva1961,,,,
Kumadene2-Chacon-2019-220-21_bark-1,,Kumadene2,Chacon-2019-220-21_bark,ɽia,ɽia,ɽ i a,,Silva1961,,,,
Moliwene-Chacon-2019-220-21_bark-1,,Moliwene,Chacon-2019-220-21_bark,ɽija,ɽija,ɽ i j a,,Silva1961,,,,
Mauliene-Chacon-2019-220-21_bark-1,,Mauliene,Chacon-2019-220-21_bark,ɽija,ɽija,ɽ i j a,,Silva1961,,,,
Waliperi-Chacon-2019-220-21_bark-1,,Waliperi,Chacon-2019-220-21_bark,ɽija,ɽija,ɽ i j a,,Silva1961,,,,
Kowaidakenai-Chacon-2019-220-21_bark-1,,Kowaidakenai,Chacon-2019-220-21_bark,ɽja,ɽja,ɽ j a,,Silva1961,,,,
Tariana-Chacon-2019-220-21_bark-1,,Tariana,Chacon-2019-220-21_bark,ɾija,ɾija,ɾ i j a,,Silva1961,,,,
Aha-Chacon-2019-220-4_instrumental-1,,Aha,Chacon-2019-220-4_instrumental,liːnai,liːnai,l iː n a i,,Granadillo2006,,,,
Ehe-Chacon-2019-220-4_instrumental-1,,Ehe,Chacon-2019-220-4_instrumental,liːo,liːo,l iː o,,Granadillo2006,,,,
Oho-Chacon-2019-220-4_instrumental-1,,Oho,Chacon-2019-220-4_instrumental,takale,takale,t a k a l e,,Granadillo2006,,,,
Name-Chacon-2019-220-4_instrumental-1,,Name,Chacon-2019-220-4_instrumental,jo,jo,j o,,Granadillo2006,,,,
Oho-Chacon-2019-220-137_mouth-1,,Oho,Chacon-2019-220-137_mouth,liːnoma,liːnoma,l iː n o m a,,Granadillo2006,,,,
Tariana-Chacon-2019-220-137_mouth-1,,Tariana,Chacon-2019-220-137_mouth,lihenĩ,lihenĩ,l i h e n ĩ,,Silva1961,,,,
Aha-Chacon-2019-220-137_mouth-1,,Aha,Chacon-2019-220-137_mouth,linoma,linoma,l i n o m a,,Granadillo2006,,,,
Ehe-Chacon-2019-220-137_mouth-1,,Ehe,Chacon-2019-220-137_mouth,linoma,linoma,l i n o m a,,Granadillo2006,,,,
Name-Chacon-2019-220-137_mouth-1,,Name,Chacon-2019-220-137_mouth,linoma,linoma,l i n o m a,,Granadillo2006,,,,
Mauliene-Chacon-2019-220-137_mouth-1,,Mauliene,Chacon-2019-220-137_mouth,nunuma,nunuma,n u n u m a,,Silva1961,,,,
Werekena-Chacon-2019-220-137_mouth-1,,Werekena,Chacon-2019-220-137_mouth,nunuma,nunuma,n u n u m a,,Silva1961,,,,
Moliwene-Chacon-2019-220-137_mouth-1,,Moliwene,Chacon-2019-220-137_mouth,ɽinuma,ɽinuma,ɽ i n u m a,,Silva1961,,,,
Hohoodene-Chacon-2019-220-137_mouth-1,,Hohoodene,Chacon-2019-220-137_mouth,ɽinuma,ɽinuma,ɽ i n u m a,,Silva1961,,,,
Kowaidakenai-Chacon-2019-220-137_mouth-1,,Kowaidakenai,Chacon-2019-220-137_mouth,ɽinuma,ɽinuma,ɽ i n u m a,,Silva1961,,,,
Waliperi-Chacon-2019-220-137_mouth-1,,Waliperi,Chacon-2019-220-137_mouth,ɽinuma,ɽinuma,ɽ i n u m a,,Silva1961,,,,
Dzawinai-Chacon-2019-220-137_mouth-1,,Dzawinai,Chacon-2019-220-137_mouth,ɽinuma,ɽinuma,ɽ i n u m a,,Silva1961,,,,
Kumadene1-Chacon-2019-220-137_mouth-1,,Kumadene1,Chacon-2019-220-137_mouth,wanõmɐ,wanõmɐ,w a n õ m ɐ,,,,,,
Aha-Chacon-2019-220-78_meat-1,,Aha,Chacon-2019-220-78_meat,liːpe,liːpe,l iː p e,,Granadillo2006,,,,
Name-Chacon-2019-220-78_meat-1,,Name,Chacon-2019-220-78_meat,liːpe,liːpe,l iː p e,,Granadillo2006,,,,
Oho-Chacon-2019-220-78_meat-1,,Oho,Chacon-2019-220-78_meat,liːpe,liːpe,l iː p e,,Granadillo2006,,,,
Ehe-Chacon-2019-220-78_meat-1,,Ehe,Chacon-2019-220-78_meat,liːphe,liːphe,l iː pʰ e,,Granadillo2006,,,,
Werekena-Chacon-2019-220-78_meat-1,,Werekena,Chacon-2019-220-78_meat,miti,miti,m i t i,,Silva1961,,,,
Kumadene2-Chacon-2019-220-78_meat-1,,Kumadene2,Chacon-2019-220-78_meat,ɽiːpe,ɽiːpe,ɽ iː p e,,Silva1961,,,,
Moliwene-Chacon-2019-220-78_meat-1,,Moliwene,Chacon-2019-220-78_meat,ɽiːpɛ,ɽiːpɛ,ɽ iː p ɛ,,Silva1961,,,,
Hohoodene-Chacon-2019-220-78_meat-1,,Hohoodene,Chacon-2019-220-78_meat,ɽiːpɛ,ɽiːpɛ,ɽ iː p ɛ,,Silva1961,,,,
Mauliene-Chacon-2019-220-78_meat-1,,Mauliene,Chacon-2019-220-78_meat,ɽiːpɛ,ɽiːpɛ,ɽ iː p ɛ,,Silva1961,,,,
Waliperi-Chacon-2019-220-78_meat-1,,Waliperi,Chacon-2019-220-78_meat,ɽiːpɛ,ɽiːpɛ,ɽ iː p ɛ,,Silva1961,,,,
Kumadene1-Chacon-2019-220-78_meat-1,,Kumadene1,Chacon-2019-220-78_meat,ɾiːpɛ,ɾiːpɛ,ɾ iː p ɛ,,,,,,
Tariana-Chacon-2019-220-78_meat-1,,Tariana,Chacon-2019-220-78_meat,ɾiːpɛ,ɾiːpɛ,ɾ iː p ɛ,,Silva1961,,,,
Aha-Chacon-2019-220-200_tail-1,,Aha,Chacon-2019-220-200_tail,liːtiphi,liːtiphi,l iː t i pʰ i,,Granadillo2006,,,,
Ehe-Chacon-2019-220-200_tail-1,,Ehe,Chacon-2019-220-200_tail,liːtiphi,liːtiphi,l iː t i pʰ i,,Granadillo2006,,,,
Name-Chacon-2019-220-200_tail-1,,Name,Chacon-2019-220-200_tail,liːtipi,liːtipi,l iː t i p i,,Granadillo2006,,,,
Oho-Chacon-2019-220-200_tail-1,,Oho,Chacon-2019-220-200_tail,liːtipi,liːtipi,l iː t i p i,,Granadillo2006,,,,
Tariana-Chacon-2019-220-200_tail-1,,Tariana,Chacon-2019-220-200_tail,lipitsi,lipitsi,l i p i ts i,,Silva1961,,,,
Werekena-Chacon-2019-220-200_tail-1,,Werekena,Chacon-2019-220-200_tail,risi,risi,ɾ i s i,,Silva1961,,,,
Hohoodene-Chacon-2019-220-200_tail-1,,Hohoodene,Chacon-2019-220-200_tail,ɽiepipe,ɽiepipe,ɽ i e p i p e,,Silva1961,,,,
Kumadene2-Chacon-2019-220-200_tail-1,,Kumadene2,Chacon-2019-220-200_tail,ɽiphiːpi,ɽiphiːpi,ɽ i pʰ iː p i,,Silva1961,,,,
Kowaidakenai-Chacon-2019-220-200_tail-1,,Kowaidakenai,Chacon-2019-220-200_tail,ɽitipi,ɽitipi,ɽ i t i p i,,Silva1961,,,,
Dzawinai-Chacon-2019-220-200_tail-1,,Dzawinai,Chacon-2019-220-200_tail,ɽitipi,ɽitipi,ɽ i t i p i,,Silva1961,,,,
Mauliene-Chacon-2019-220-200_tail-1,,Mauliene,Chacon-2019-220-200_tail,ɾitípi,ɾitípi,ɾ i t í/i p i,,Silva1961,,,,
Moliwene-Chacon-2019-220-200_tail-1,,Moliwene,Chacon-2019-220-200_tail,ɾitíʈi,ɾitíʈi,ɾ i t í/i t i,,Silva1961,,,,
Aha-Chacon-2019-220-235_wing-1,,Aha,Chacon-2019-220-235_wing,liaraka,liaraka,l i a ɾ a k a,,Granadillo2006,,,,
Ehe-Chacon-2019-220-235_wing-1,,Ehe,Chacon-2019-220-235_wing,liphe,liphe,l i pʰ e,,Granadillo2006,,,,
Name-Chacon-2019-220-235_wing-1,,Name,Chacon-2019-220-235_wing,liphe,liphe,l i pʰ e,,Granadillo2006,,,,
Oho-Chacon-2019-220-235_wing-1,,Oho,Chacon-2019-220-235_wing,liphe,liphe,l i pʰ e,,Granadillo2006,,,,
Kumadene2-Chacon-2019-220-235_wing-1,,Kumadene2,Chacon-2019-220-235_wing,nunaːpukuda,nunaːpukuda,n u n aː p u k u d a,,Silva1961,,,,
Hohoodene-Chacon-2019-220-235_wing-1,,Hohoodene,Chacon-2019-220-235_wing,pakaːpi,pakaːpi,p a k aː p i,,Silva1961,,,,
Waliperi-Chacon-2019-220-235_wing-1,,Waliperi,Chacon-2019-220-235_wing,ɽiapakawa,ɽiapakawa,ɽ i a p a k a w a,,Silva1961,,,,
Moliwene-Chacon-2019-220-235_wing-1,,Moliwene,Chacon-2019-220-235_wing,ɽipʰɛ,ɽipʰɛ,ɽ i pʰ ɛ,,Silva1961,,,,
Mauliene-Chacon-2019-220-235_wing-1,,Mauliene,Chacon-2019-220-235_wing,ɽipʰɛ,ɽipʰɛ,ɽ i pʰ ɛ,,Silva1961,,,,
Tariana-Chacon-2019-220-235_wing-1,,Tariana,Chacon-2019-220-235_wing,ɾiaɾaɾikenoa,ɾiaɾaɾikenoa,ɾ i a ɾ a ɾ i k e n o a,,Silva1961,,,,
Werekena-Chacon-2019-220-235_wing-1,,Werekena,Chacon-2019-220-235_wing,tanaːpi,tanaːpi,t a n aː p i,,Silva1961,,,,
Aha-Chacon-2019-220-19_back-1,,Aha,Chacon-2019-220-19_back,linʰapi,linʰapi,l i nʰ a p i,,Granadillo2006,,,,
Ehe-Chacon-2019-220-19_back-1,,Ehe,Chacon-2019-220-19_back,linʰiapi,linʰiapi,l i nʰ i a p i,,Granadillo2006,,,,
Oho-Chacon-2019-220-19_back-1,,Oho,Chacon-2019-220-19_back,linaːphi,linaːphi,l i n aː pʰ i,,Granadillo2006,,,,
Name-Chacon-2019-220-19_back-1,,Name,Chacon-2019-220-19_back,litama,litama,l i t a m a,,Granadillo2006,,,,
Kumadene2-Chacon-2019-220-19_back-1,,Kumadene2,Chacon-2019-220-19_back,noawehete,noawehete,n o a wʰ e t e,,Silva1961,,,,
Werekena-Chacon-2019-220-19_back-1,,Werekena,Chacon-2019-220-19_back,nunapita,nunapita,n u n a p i t a,,Silva1961,,,,
Waliperi-Chacon-2019-220-19_back-1,,Waliperi,Chacon-2019-220-19_back,nupaʰnɛpɛ,nupaʰnɛpɛ,n u p a h n ɛ p ɛ,,Silva1961,,,,
Mauliene-Chacon-2019-220-19_back-1,,Mauliene,Chacon-2019-220-19_back,nuthama,nuthama,n u tʰ a m a,,Silva1961,,,,
Tariana-Chacon-2019-220-19_back-1,,Tariana,Chacon-2019-220-19_back,nũtʃãmẽ,nũtʃãmẽ,n ũ tʃ ã m ẽ,,Silva1961,,,,
Moliwene-Chacon-2019-220-19_back-1,,Moliwene,Chacon-2019-220-19_back,pitamwa,pitamwa,p i t a m w a,,Silva1961,,,,
Hohoodene-Chacon-2019-220-19_back-1,,Hohoodene,Chacon-2019-220-19_back,ɽitama,ɽitama,ɽ i t a m a,,Silva1961,,,,
Ehe-Chacon-2019-220-102_heart-1,,Ehe,Chacon-2019-220-102_heart,likaːle,likaːle,l i k aː l e,,Granadillo2006,,,,
Oho-Chacon-2019-220-102_heart-1,,Oho,Chacon-2019-220-102_heart,likaːle,likaːle,l i k aː l e,,Granadillo2006,,,,
Aha-Chacon-2019-220-102_heart-1,,Aha,Chacon-2019-220-102_heart,likaole,likaole,l i k a o l e,,Granadillo2006,,,,
Name-Chacon-2019-220-102_heart-1,,Name,Chacon-2019-220-102_heart,likaole,likaole,l i k a o l e,,Granadillo2006,,,,
Hohoodene-Chacon-2019-220-102_heart-1,,Hohoodene,Chacon-2019-220-102_heart,nukaːɽɛ,nukaːɽɛ,n u k aː ɽ ɛ,,Silva1961,,,,
Mauliene-Chacon-2019-220-102_heart-1,,Mauliene,Chacon-2019-220-102_heart,nukaɽe,nukaɽe,n u k a ɽ e,,Silva1961,,,,
Moliwene-Chacon-2019-220-102_heart-1,,Moliwene,Chacon-2019-220-102_heart,nukaɽɛ,nukaɽɛ,n u k a ɽ ɛ,,Silva1961,,,,
Kumadene2-Chacon-2019-220-102_heart-1,,Kumadene2,Chacon-2019-220-102_heart,nukauʐai,nukauʐai,n u k a u ʐ a i,,Silva1961,,,,
Werekena-Chacon-2019-220-102_heart-1,,Werekena,Chacon-2019-220-102_heart,numẽtuɐna,numẽtuɐna,n u m ẽ t u ɐ n a,,Silva1961,,,,
Tariana-Chacon-2019-220-102_heart-1,,Tariana,Chacon-2019-220-102_heart,pakaɾeda,pakaɾeda,p a k a ɾ e d a,,Silva1961,,,,
Kowaidakenai-Chacon-2019-220-102_heart-1,,Kowaidakenai,Chacon-2019-220-102_heart,ɽikaːɽe,ɽikaːɽe,ɽ i k aː ɽ e,,Silva1961,,,,
Dzawinai-Chacon-2019-220-102_heart-1,,Dzawinai,Chacon-2019-220-102_heart,ɽikaɽe,ɽikaɽe,ɽ i k a ɽ e,,Silva1961,,,,
Kumadene1-Chacon-2019-220-102_heart-1,,Kumadene1,Chacon-2019-220-102_heart,wakaɾɛ,wakaɾɛ,w a k a ɾ ɛ,,,,,,
Aha-Chacon-2019-220-98_hand-1,,Aha,Chacon-2019-220-98_hand,likaːpi,likaːpi,l i k aː p i,,Granadillo2006,,,,
Ehe-Chacon-2019-220-98_hand-1,,Ehe,Chacon-2019-220-98_hand,likaːpi,likaːpi,l i k aː p i,,Granadillo2006,,,,
Name-Chacon-2019-220-98_hand-1,,Name,Chacon-2019-220-98_hand,likaːpi,likaːpi,l i k aː p i,,Granadillo2006,,,,
Oho-Chacon-2019-220-98_hand-1,,Oho,Chacon-2019-220-98_hand,likaːpi,likaːpi,l i k aː p i,,Granadillo2006,,,,
Werekena-Chacon-2019-220-98_hand-1,,Werekena,Chacon-2019-220-98_hand,naːpi,naːpi,n aː p i,,Silva1961,,,,
Kowaidakenai-Chacon-2019-220-98_hand-1,,Kowaidakenai,Chacon-2019-220-98_hand,nukaːpi,nukaːpi,n u k aː p i,,Silva1961,,,,
Kumadene2-Chacon-2019-220-98_hand-1,,Kumadene2,Chacon-2019-220-98_hand,nukaːpi,nukaːpi,n u k aː p i,,Silva1961,,,,
Dzawinai-Chacon-2019-220-98_hand-1,,Dzawinai,Chacon-2019-220-98_hand,nukaːpi,nukaːpi,n u k aː p i,,Silva1961,,,,
Mauliene-Chacon-2019-220-98_hand-1,,Mauliene,Chacon-2019-220-98_hand,nukapi,nukapi,n u k a p i,,Silva1961,,,,
Hohoodene-Chacon-2019-220-98_hand-1,,Hohoodene,Chacon-2019-220-98_hand,pakaːpi,pakaːpi,p a k aː p i,,Silva1961,,,,
Tariana-Chacon-2019-220-98_hand-1,,Tariana,Chacon-2019-220-98_hand,pakapi,pakapi,p a k a p i,,Silva1961,,,,
Waliperi-Chacon-2019-220-98_hand-1,,Waliperi,Chacon-2019-220-98_hand,ɽikaːpi,ɽikaːpi,ɽ i k aː p i,,Silva1961,,,,
Moliwene-Chacon-2019-220-98_hand-1,,Moliwene,Chacon-2019-220-98_hand,ɽinápa,ɽinápa,ɽ i n a p a,,Silva1961,,,,
Kumadene1-Chacon-2019-220-98_hand-1,,Kumadene1,Chacon-2019-220-98_hand,wakapimɐ,wakapimɐ,w a k a p i m ɐ,,,,,,
Ehe-Chacon-2019-220-128_liver-1,,Ehe,Chacon-2019-220-128_liver,likavare,likavare,l i k a v a ɾ e,,Granadillo2006,,,,
Aha-Chacon-2019-220-128_liver-1,,Aha,Chacon-2019-220-128_liver,lisropana,lisropana,l i s ɾ o p a n a,,Granadillo2006,,,,
Name-Chacon-2019-220-128_liver-1,,Name,Chacon-2019-220-128_liver,lisrupana,lisrupana,l i s ɾ u p a n a,,Granadillo2006,,,,
Oho-Chacon-2019-220-128_liver-1,,Oho,Chacon-2019-220-128_liver,lisrupana,lisrupana,l i s ɾ u p a n a,,Granadillo2006,,,,
Werekena-Chacon-2019-220-128_liver-1,,Werekena,Chacon-2019-220-128_liver,nupɐna,nupɐna,n u p ɐ n a,,Silva1961,,,,
Hohoodene-Chacon-2019-220-128_liver-1,,Hohoodene,Chacon-2019-220-128_liver,nuʃupana,nuʃupana,n u ʃ u p a n a,,Silva1961,,,,
Mauliene-Chacon-2019-220-128_liver-1,,Mauliene,Chacon-2019-220-128_liver,nuʃupana,nuʃupana,n u ʃ u p a n a,,Silva1961,,,,
Moliwene-Chacon-2019-220-128_liver-1,,Moliwene,Chacon-2019-220-128_liver,nuʃupɐna,nuʃupɐna,n u ʃ u p ɐ n a,,Silva1961,,,,
Tariana-Chacon-2019-220-128_liver-1,,Tariana,Chacon-2019-220-128_liver,pəkəɾetãna,pəkəɾetãna,p ə k ə ɾ e t ã n a,,Silva1961,,,,
Kowaidakenai-Chacon-2019-220-128_liver-1,,Kowaidakenai,Chacon-2019-220-128_liver,ɽikabaɽe,ɽikabaɽe,ɽ i k a b a ɽ e,,Silva1961,,,,
Dzawinai-Chacon-2019-220-128_liver-1,,Dzawinai,Chacon-2019-220-128_liver,ɽiʃupana,ɽiʃupana,ɽ i ʃ u p a n a,,Silva1961,,,,
Kumadene2-Chacon-2019-220-128_liver-1,,Kumadene2,Chacon-2019-220-128_liver,ɽiupana,ɽiupana,ɽ i u p a n a,,Silva1961,,,,
Aha-Chacon-2019-220-124_leg-1,,Aha,Chacon-2019-220-124_leg,likawaːpa,likawaːpa,l i k a w aː p a,,Granadillo2006,,,,
Oho-Chacon-2019-220-124_leg-1,,Oho,Chacon-2019-220-124_leg,likawaːpi,likawaːpi,l i k a w aː p i,,Granadillo2006,,,,
Name-Chacon-2019-220-124_leg-1,,Name,Chacon-2019-220-124_leg,likawana ~ likawa,likawana,l i k a w a n a,,Granadillo2006,,,,
Ehe-Chacon-2019-220-124_leg-1,,Ehe,Chacon-2019-220-124_leg,likoː,likoː,l i k oː,,Granadillo2006,,,,
Kumadene2-Chacon-2019-220-124_leg-1,,Kumadene2,Chacon-2019-220-124_leg,nukawapa,nukawapa,n u k a w a p a,,Silva1961,,,,
Mauliene-Chacon-2019-220-124_leg-1,,Mauliene,Chacon-2019-220-124_leg,nukawapi,nukawapi,n u k a w a p i,,Silva1961,,,,
Werekena-Chacon-2019-220-124_leg-1,,Werekena,Chacon-2019-220-124_leg,nutʃipaɽa,nutʃipaɽa,n u tʃ i p a ɽ a,,Silva1961,,,,
Tariana-Chacon-2019-220-124_leg-1,,Tariana,Chacon-2019-220-124_leg,paihi,paihi,p a i h i,,Silva1961,,,,
Hohoodene-Chacon-2019-220-124_leg-1,,Hohoodene,Chacon-2019-220-124_leg,ɽikawa,ɽikawa,ɽ i k a w a,,Silva1961,,,,
Kumadene1-Chacon-2019-220-124_leg-1,,Kumadene1,Chacon-2019-220-124_leg,wajpamɐ,wajpamɐ,w a j p a m ɐ,,,,,,
Moliwene-Chacon-2019-220-124_leg-1,,Moliwene,Chacon-2019-220-124_leg,wakawapʰi,wakawapʰi,w a k a w a pʰ i,,Silva1961,,,,
Ehe-Chacon-2019-220-142_neck-1,,Ehe,Chacon-2019-220-142_neck,linoːru,linoːru,l i n oː ɾ u,,Granadillo2006,,,,
Aha-Chacon-2019-220-142_neck-1,,Aha,Chacon-2019-220-142_neck,linoːsrojapi,linoːsrojapi,l i n oː s ɾ o j a p i,,Granadillo2006,,,,
Name-Chacon-2019-220-142_neck-1,,Name,Chacon-2019-220-142_neck,liweːdaliko,liweːdaliko,l i w eː d a l i k o,,Granadillo2006,,,,
Oho-Chacon-2019-220-142_neck-1,,Oho,Chacon-2019-220-142_neck,liweːdaliko,liweːdaliko,l i w eː d a l i k o,,Granadillo2006,,,,
Kumadene2-Chacon-2019-220-142_neck-1,,Kumadene2,Chacon-2019-220-142_neck,nunapokoda,nunapokoda,n u n a p o k o d a,,Silva1961,,,,
Werekena-Chacon-2019-220-142_neck-1,,Werekena,Chacon-2019-220-142_neck,nunupi,nunupi,n u n u p i,,Silva1961,,,,
Mauliene-Chacon-2019-220-142_neck-1,,Mauliene,Chacon-2019-220-142_neck,nunuʐo,nunuʐo,n u n u ʐ o,,Silva1961,,,,
Tariana-Chacon-2019-220-142_neck-1,,Tariana,Chacon-2019-220-142_neck,panʰoɾuː,panʰoɾuː,p a nʰ o ɾ uː,,Silva1961,,,,
Hohoodene-Chacon-2019-220-142_neck-1,,Hohoodene,Chacon-2019-220-142_neck,panoʐo,panoʐo,p a n o ʐ o,,Silva1961,,,,
Moliwene-Chacon-2019-220-142_neck-1,,Moliwene,Chacon-2019-220-142_neck,ɽinoʐo,ɽinoʐo,ɽ i n o ʐ o,,Silva1961,,,,
Waliperi-Chacon-2019-220-142_neck-1,,Waliperi,Chacon-2019-220-142_neck,ɽinɔɽi,ɽinɔɽi,ɽ i n ɔ ɽ i,,Silva1961,,,,
Kowaidakenai-Chacon-2019-220-142_neck-1,,Kowaidakenai,Chacon-2019-220-142_neck,ɽinuʐu,ɽinuʐu,ɽ i n u ʐ u,,Silva1961,,,,
Dzawinai-Chacon-2019-220-142_neck-1,,Dzawinai,Chacon-2019-220-142_neck,ɽinuʐu,ɽinuʐu,ɽ i n u ʐ u,,Silva1961,,,,
Tariana-Chacon-2019-220-127_lips-1,,Tariana,Chacon-2019-220-127_lips,linʊmʊpuki,linʊmʊpuki,l i n ʊ m ʊ p u k i,,Silva1961,,,,
Mauliene-Chacon-2019-220-127_lips-1,,Mauliene,Chacon-2019-220-127_lips,nunumaja,nunumaja,n u n u m a j a,,Silva1961,,,,
Moliwene-Chacon-2019-220-127_lips-1,,Moliwene,Chacon-2019-220-127_lips,nunumajɛ,nunumajɛ,n u n u m a j ɛ,,Silva1961,,,,
Hohoodene-Chacon-2019-220-127_lips-1,,Hohoodene,Chacon-2019-220-127_lips,panumaja,panumaja,p a n u m a j a,,Silva1961,,,,
Waliperi-Chacon-2019-220-127_lips-1,,Waliperi,Chacon-2019-220-127_lips,ɽinumaja,ɽinumaja,ɽ i n u m a j a,,Silva1961,,,,
Ehe-Chacon-2019-220-95_guts-1,,Ehe,Chacon-2019-220-95_guts,lishapi,lishapi,l i ʃ a p i,,Granadillo2006,,,,
Aha-Chacon-2019-220-95_guts-1,,Aha,Chacon-2019-220-95_guts,lisrapi,lisrapi,l i s ɾ a p i,,Granadillo2006,,,,
Name-Chacon-2019-220-95_guts-1,,Name,Chacon-2019-220-95_guts,lisrapi,lisrapi,l i s ɾ a p i,,Granadillo2006,,,,
Oho-Chacon-2019-220-95_guts-1,,Oho,Chacon-2019-220-95_guts,lisrapi,lisrapi,l i s ɾ a p i,,Granadillo2006,,,,
Moliwene-Chacon-2019-220-95_guts-1,,Moliwene,Chacon-2019-220-95_guts,nuʃapi,nuʃapi,n u ʃ a p i,,Silva1961,,,,
Mauliene-Chacon-2019-220-95_guts-1,,Mauliene,Chacon-2019-220-95_guts,nuʃápì,nuʃápì,n u ʃ a p i,,Silva1961,,,,
Hohoodene-Chacon-2019-220-95_guts-1,,Hohoodene,Chacon-2019-220-95_guts,paʂiapi,paʂiapi,p a ʂ i a p i,,Silva1961,,,,
Kumadene2-Chacon-2019-220-95_guts-1,,Kumadene2,Chacon-2019-220-95_guts,ɽihiada,ɽihiada,ɽ i h i a d a,,Silva1961,,,,
Waliperi-Chacon-2019-220-95_guts-1,,Waliperi,Chacon-2019-220-95_guts,ɽixapi,ɽixapi,ɽ i ʃ a p i,,Silva1961,,,,
Werekena-Chacon-2019-220-95_guts-1,,Werekena,Chacon-2019-220-95_guts,tʃiapi,tʃiapi,tʃ i a p i,,Silva1961,,,,
Tariana-Chacon-2019-220-95_guts-1,,Tariana,Chacon-2019-220-95_guts,uɾihapikapɛ,uɾihapikapɛ,u ɾ i h a p i k a p ɛ,,Silva1961,,,,
Aha-Chacon-2019-220-25_belly-1,,Aha,Chacon-2019-220-25_belly,lisrada,lisrada,l i s ɾ a d a,,Granadillo2006,,,,
Ehe-Chacon-2019-220-25_belly-1,,Ehe,Chacon-2019-220-25_belly,lisrada,lisrada,l i s ɾ a d a,,Granadillo2006,,,,
Oho-Chacon-2019-220-25_belly-1,,Oho,Chacon-2019-220-25_belly,lisrada,lisrada,l i s ɾ a d a,,Granadillo2006,,,,
Name-Chacon-2019-220-25_belly-1,,Name,Chacon-2019-220-25_belly,liwawa,liwawa,l i w a w a,,Granadillo2006,,,,
Hohoodene-Chacon-2019-220-25_belly-1,,Hohoodene,Chacon-2019-220-25_belly,nuʃada,nuʃada,n u ʃ a d a,,Silva1961,,,,
Kowaidakenai-Chacon-2019-220-25_belly-1,,Kowaidakenai,Chacon-2019-220-25_belly,nuʃada,nuʃada,n u ʃ a d a,,Silva1961,,,,
Werekena-Chacon-2019-220-25_belly-1,,Werekena,Chacon-2019-220-25_belly,nutʃiapu,nutʃiapu,n u tʃ i a p u,,Silva1961,,,,
Kumadene2-Chacon-2019-220-25_belly-1,,Kumadene2,Chacon-2019-220-25_belly,nuwawa,nuwawa,n u w a w a,,Silva1961,,,,
Mauliene-Chacon-2019-220-25_belly-1,,Mauliene,Chacon-2019-220-25_belly,nuwawa,nuwawa,n u w a w a,,Silva1961,,,,
Moliwene-Chacon-2019-220-25_belly-1,,Moliwene,Chacon-2019-220-25_belly,ɽiwawa,ɽiwawa,ɽ i w a w a,,Silva1961,,,,
Waliperi-Chacon-2019-220-25_belly-1,,Waliperi,Chacon-2019-220-25_belly,ɽiwawa,ɽiwawa,ɽ i w a w a,,Silva1961,,,,
Dzawinai-Chacon-2019-220-25_belly-1,,Dzawinai,Chacon-2019-220-25_belly,ɽiwawa,ɽiwawa,ɽ i w a w a,,Silva1961,,,,
Tariana-Chacon-2019-220-25_belly-1,,Tariana,Chacon-2019-220-25_belly,wawawa,wawawa,w a w a w a,,Silva1961,,,,
Aha-Chacon-2019-220-63_eye-1,,Aha,Chacon-2019-220-63_eye,lithi,lithi,l i tʰ i,,Granadillo2006,,,,
Ehe-Chacon-2019-220-63_eye-1,,Ehe,Chacon-2019-220-63_eye,lithi,lithi,l i tʰ i,,Granadillo2006,,,,
Name-Chacon-2019-220-63_eye-1,,Name,Chacon-2019-220-63_eye,lithi,lithi,l i tʰ i,,Granadillo2006,,,,
Oho-Chacon-2019-220-63_eye-1,,Oho,Chacon-2019-220-63_eye,lithi,lithi,l i tʰ i,,Granadillo2006,,,,
Tariana-Chacon-2019-220-63_eye-1,,Tariana,Chacon-2019-220-63_eye,lithida,lithida,l i tʰ i d a,,Silva1961,,,,
Werekena-Chacon-2019-220-63_eye-1,,Werekena,Chacon-2019-220-63_eye,nupuɾihĩ,nupuɾihĩ,n u p u ɾ i h ĩ,,Silva1961,,,,
Mauliene-Chacon-2019-220-63_eye-1,,Mauliene,Chacon-2019-220-63_eye,nuthi,nuthi,n u tʰ i,,Silva1961,,,,
Hohoodene-Chacon-2019-220-63_eye-1,,Hohoodene,Chacon-2019-220-63_eye,patʰi,patʰi,p a tʰ i,,Silva1961,,,,
Kowaidakenai-Chacon-2019-220-63_eye-1,,Kowaidakenai,Chacon-2019-220-63_eye,ɽiːthi,ɽiːthi,ɽ iː tʰ i,,Silva1961,,,,
Dzawinai-Chacon-2019-220-63_eye-1,,Dzawinai,Chacon-2019-220-63_eye,ɽiːthi,ɽiːthi,ɽ iː tʰ i,,Silva1961,,,,
Waliperi-Chacon-2019-220-63_eye-1,,Waliperi,Chacon-2019-220-63_eye,ɽipʰi,ɽipʰi,ɽ i pʰ i,,Silva1961,,,,
Kumadene2-Chacon-2019-220-63_eye-1,,Kumadene2,Chacon-2019-220-63_eye,ɽiti,ɽiti,ɽ i t i,,Silva1961,,,,
Moliwene-Chacon-2019-220-63_eye-1,,Moliwene,Chacon-2019-220-63_eye,ɽiʔtʰi,ɽiʔtʰi,ɽ i ʔ tʰ i,,Silva1961,,,,
Kumadene1-Chacon-2019-220-63_eye-1,,Kumadene1,Chacon-2019-220-63_eye,wat̪idapɛ,wat̪idapɛ,w a t i d a p ɛ,,,,,,
Aha-Chacon-2019-220-96_hair-1,,Aha,Chacon-2019-220-96_hair,litsikole,litsikole,l i ts i k o l e,,Granadillo2006,,,,
Oho-Chacon-2019-220-96_hair-1,,Oho,Chacon-2019-220-96_hair,litsikole,litsikole,l i ts i k o l e,,Granadillo2006,,,,
Ehe-Chacon-2019-220-96_hair-1,,Ehe,Chacon-2019-220-96_hair,litsikule,litsikule,l i ts i k u l e,,Granadillo2006,,,,
Name-Chacon-2019-220-96_hair-1,,Name,Chacon-2019-220-96_hair,litsikule,litsikule,l i ts i k u l e,,Granadillo2006,,,,
Tariana-Chacon-2019-220-96_hair-1,,Tariana,Chacon-2019-220-96_hair,litʃiaɾɛ,litʃiaɾɛ,l i tʃ i a ɾ ɛ,,Silva1961,,,,
Werekena-Chacon-2019-220-96_hair-1,,Werekena,Chacon-2019-220-96_hair,nutʃipana,nutʃipana,n u tʃ i p a n a,,Silva1961,,,,
Kowaidakenai-Chacon-2019-220-96_hair-1,,Kowaidakenai,Chacon-2019-220-96_hair,ɽitʃidape,ɽitʃidape,ɽ i tʃ i d a p e,,Silva1961,,,,
Dzawinai-Chacon-2019-220-96_hair-1,,Dzawinai,Chacon-2019-220-96_hair,ɽitʃikuɽe,ɽitʃikuɽe,ɽ i tʃ i k u ɽ e,,Silva1961,,,,
Mauliene-Chacon-2019-220-96_hair-1,,Mauliene,Chacon-2019-220-96_hair,ɽitʃikuɽɛ,ɽitʃikuɽɛ,ɽ i tʃ i k u ɽ ɛ,,Silva1961,,,,
Waliperi-Chacon-2019-220-96_hair-1,,Waliperi,Chacon-2019-220-96_hair,tʃikowɛ,tʃikowɛ,tʃ i k o w ɛ,,Silva1961,,,,
Hohoodene-Chacon-2019-220-96_hair-1,,Hohoodene,Chacon-2019-220-96_hair,tʃikuɽɛ,tʃikuɽɛ,tʃ i k u ɽ ɛ,,Silva1961,,,,
Moliwene-Chacon-2019-220-96_hair-1,,Moliwene,Chacon-2019-220-96_hair,tʃikuwɛ,tʃikuwɛ,tʃ i k u w ɛ,,Silva1961,,,,
Kumadene1-Chacon-2019-220-96_hair-1,,Kumadene1,Chacon-2019-220-96_hair,watʃiaɾɛ,watʃiaɾɛ,w a tʃ i a ɾ ɛ,,,,,,
Oho-Chacon-2019-220-115_inside-1,,Oho,Chacon-2019-220-115_inside,liwawaleka,liwawaleka,l i w a w a l e k a,,Granadillo2006,,,,
Aha-Chacon-2019-220-115_inside-1,,Aha,Chacon-2019-220-115_inside,liwawaliko,liwawaliko,l i w a w a l i k o,,Granadillo2006,,,,
Name-Chacon-2019-220-115_inside-1,,Name,Chacon-2019-220-115_inside,liwawaliko,liwawaliko,l i w a w a l i k o,,Granadillo2006,,,,
Ehe-Chacon-2019-220-115_inside-1,,Ehe,Chacon-2019-220-115_inside,liwawariko ~ wawariko,liwawariko,l i w a w a ɾ i k o,,Granadillo2006,,,,
Tariana-Chacon-2019-220-20_bad-1,,Tariana,Chacon-2019-220-20_bad,mãːtsitɛ,mãːtsitɛ,m ãː ts i t ɛ,,Silva1961,,,,
Kumadene1-Chacon-2019-220-20_bad-1,,Kumadene1,Chacon-2019-220-20_bad,maːʃitɛ,maːʃitɛ,m aː ʃ i t ɛ,,,,,,
Aha-Chacon-2019-220-20_bad-1,,Aha,Chacon-2019-220-20_bad,maːtsi,maːtsi,m aː ts i,,Granadillo2006,,,,
Ehe-Chacon-2019-220-20_bad-1,,Ehe,Chacon-2019-220-20_bad,maːtsi,maːtsi,m aː ts i,,Granadillo2006,,,,
Name-Chacon-2019-220-20_bad-1,,Name,Chacon-2019-220-20_bad,maːtsi,maːtsi,m aː ts i,,Granadillo2006,,,,
Oho-Chacon-2019-220-20_bad-1,,Oho,Chacon-2019-220-20_bad,maːtsidale,maːtsidale,m aː ts i d a l e,,Granadillo2006,,,,
Hohoodene-Chacon-2019-220-20_bad-1,,Hohoodene,Chacon-2019-220-20_bad,maːtʃidɛ,maːtʃidɛ,m aː tʃ i d ɛ,,Silva1961,,,,
Mauliene-Chacon-2019-220-20_bad-1,,Mauliene,Chacon-2019-220-20_bad,matʃi,matʃi,m a tʃ i,,Silva1961,,,,
Werekena-Chacon-2019-220-20_bad-1,,Werekena,Chacon-2019-220-20_bad,odzudɛnami,odzudɛnami,o dz u d ɛ n a m i,,Silva1961,,,,
Ehe-Chacon-2019-220-211_three-1,,Ehe,Chacon-2019-220-211_three,madali,madali,m a d a l i,,Granadillo2006,,,,
Aha-Chacon-2019-220-211_three-1,,Aha,Chacon-2019-220-211_three,madalida,madalida,m a d a l i d a,,Granadillo2006,,,,
Name-Chacon-2019-220-211_three-1,,Name,Chacon-2019-220-211_three,madalida,madalida,m a d a l i d a,,Granadillo2006,,,,
Oho-Chacon-2019-220-211_three-1,,Oho,Chacon-2019-220-211_three,madalida,madalida,m a d a l i d a,,Granadillo2006,,,,
Hohoodene-Chacon-2019-220-211_three-1,,Hohoodene,Chacon-2019-220-211_three,madar̥ipa,madar̥ipa,m a d a ɾʰ i p a,,Silva1961,,,,
Waliperi-Chacon-2019-220-211_three-1,,Waliperi,Chacon-2019-220-211_three,madaɽida,madaɽida,m a d a ɽ i d a,,Silva1961,,,,
Tariana-Chacon-2019-220-211_three-1,,Tariana,Chacon-2019-220-211_three,mãdaɾipa,mãdaɾipa,m ã d a ɾ i p a,,Silva1961,,,,
Mauliene-Chacon-2019-220-211_three-1,,Mauliene,Chacon-2019-220-211_three,manaɽida,manaɽida,m a n a ɽ i d a,,Silva1961,,,,
Moliwene-Chacon-2019-220-211_three-1,,Moliwene,Chacon-2019-220-211_three,mandaɽídɛ,mandaɽídɛ,m a n d a ɽ í/i d ɛ,,Silva1961,,,,
Kumadene1-Chacon-2019-220-211_three-1,,Kumadene1,Chacon-2019-220-211_three,mandaɾipɐ,mandaɾipɐ,m a n d a ɾ i p ɐ,,,,,,
Werekena-Chacon-2019-220-211_three-1,,Werekena,Chacon-2019-220-211_three,tɛrɛtʃi,tɛrɛtʃi,t ɛ ɾ ɛ tʃ i,,Silva1961,,,,
Tariana-Chacon-2019-220-57_dry-1,,Tariana,Chacon-2019-220-57_dry,mãkaɾəmanʊka,mãkaɾəmanʊka,m ã k a ɾ ə m a n ʊ k a,,Silva1961,,,,
Oho-Chacon-2019-220-57_dry-1,,Oho,Chacon-2019-220-57_dry,meːtadale,meːtadale,m eː t a d a l e,,Granadillo2006,,,,
Aha-Chacon-2019-220-57_dry-1,,Aha,Chacon-2019-220-57_dry,meːtadali,meːtadali,m eː t a d a l i,,Granadillo2006,,,,
Ehe-Chacon-2019-220-57_dry-1,,Ehe,Chacon-2019-220-57_dry,meːtadali,meːtadali,m eː t a d a l i,,Granadillo2006,,,,
Name-Chacon-2019-220-57_dry-1,,Name,Chacon-2019-220-57_dry,meːtadali,meːtadali,m eː t a d a l i,,Granadillo2006,,,,
Hohoodene-Chacon-2019-220-57_dry-1,,Hohoodene,Chacon-2019-220-57_dry,meːtádaɽi,meːtádaɽi,m eː t a d a ɽ i,,Silva1961,,,,
Dzawinai-Chacon-2019-220-57_dry-1,,Dzawinai,Chacon-2019-220-57_dry,meːtakani,meːtakani,m eː t a k a n i,,Silva1961,,,,
Kowaidakenai-Chacon-2019-220-57_dry-1,,Kowaidakenai,Chacon-2019-220-57_dry,meetakani,meetakani,m eː t a k a n i,,Silva1961,,,,
Kumadene2-Chacon-2019-220-57_dry-1,,Kumadene2,Chacon-2019-220-57_dry,metadaɽi,metadaɽi,m e t a d a ɽ i,,Silva1961,,,,
Waliperi-Chacon-2019-220-57_dry-1,,Waliperi,Chacon-2019-220-57_dry,metadaɽi,metadaɽi,m e t a d a ɽ i,,Silva1961,,,,
Moliwene-Chacon-2019-220-57_dry-1,,Moliwene,Chacon-2019-220-57_dry,mɛːtadaɽi,mɛːtadaɽi,m ɛː t a d a ɽ i,,Silva1961,,,,
Mauliene-Chacon-2019-220-57_dry-1,,Mauliene,Chacon-2019-220-57_dry,mɛtakani,mɛtakani,m ɛ t a k a n i,,Silva1961,,,,
Werekena-Chacon-2019-220-57_dry-1,,Werekena,Chacon-2019-220-57_dry,sɛsɛɽi,sɛsɛɽi,s ɛ s ɛ ɽ i,,Silva1961,,,,
Tariana-Chacon-2019-220-92_good-1,,Tariana,Chacon-2019-220-92_good,mãsiamãnuka,mãsiamãnuka,m ã s i a m ã n u k a,,Silva1961,,,,
Ehe-Chacon-2019-220-92_good-1,,Ehe,Chacon-2019-220-92_good,matsia,matsia,m a ts i a,,Granadillo2006,,,,
Name-Chacon-2019-220-92_good-1,,Name,Chacon-2019-220-92_good,matsia,matsia,m a ts i a,,Granadillo2006,,,,
Oho-Chacon-2019-220-92_good-1,,Oho,Chacon-2019-220-92_good,matsiadale,matsiadale,m a ts i a d a l e,,Granadillo2006,,,,
Aha-Chacon-2019-220-92_good-1,,Aha,Chacon-2019-220-92_good,matsiadali,matsiadali,m a ts i a d a l i,,Granadillo2006,,,,
Moliwene-Chacon-2019-220-92_good-1,,Moliwene,Chacon-2019-220-92_good,matʃia,matʃia,m a tʃ i a,,Silva1961,,,,
Kumadene2-Chacon-2019-220-92_good-1,,Kumadene2,Chacon-2019-220-92_good,matʃia,matʃia,m a tʃ i a,,Silva1961,,,,
Mauliene-Chacon-2019-220-92_good-1,,Mauliene,Chacon-2019-220-92_good,matʃia,matʃia,m a tʃ i a,,Silva1961,,,,
Dzawinai-Chacon-2019-220-92_good-1,,Dzawinai,Chacon-2019-220-92_good,matʃia,matʃia,m a tʃ i a,,Silva1961,,,,
Waliperi-Chacon-2019-220-92_good-1,,Waliperi,Chacon-2019-220-92_good,matʃiadaɽi,matʃiadaɽi,m a tʃ i a d a ɽ i,,Silva1961,,,,
Hohoodene-Chacon-2019-220-92_good-1,,Hohoodene,Chacon-2019-220-92_good,matʃiadza,matʃiadza,m a tʃ i a dz a,,Silva1961,,,,
Kowaidakenai-Chacon-2019-220-92_good-1,,Kowaidakenai,Chacon-2019-220-92_good,matʃiakani,matʃiakani,m a tʃ i a k a n i,,Silva1961,,,,
Werekena-Chacon-2019-220-92_good-1,,Werekena,Chacon-2019-220-92_good,wɛdɐnali,wɛdɐnali,w ɛ d ɐ n a l i,,Silva1961,,,,
Tariana-Chacon-2019-220-153_pierce-1,,Tariana,Chacon-2019-220-153_pierce,nakeɾikənipɛ,nakeɾikənipɛ,n a k e ɾ i k ə n i p ɛ,,Silva1961,,,,
Kumadene2-Chacon-2019-220-153_pierce-1,,Kumadene2,Chacon-2019-220-153_pierce,nutuhoaka,nutuhoaka,n u t u h o a k a,,Silva1961,,,,
Mauliene-Chacon-2019-220-153_pierce-1,,Mauliene,Chacon-2019-220-153_pierce,nutuhuakani,nutuhuakani,n u t u h u a k a n i,,Silva1961,,,,
Hohoodene-Chacon-2019-220-153_pierce-1,,Hohoodene,Chacon-2019-220-153_pierce,patudakɐni,patudakɐni,p a t u d a k ɐ n i,,Silva1961,,,,
Dzawinai-Chacon-2019-220-153_pierce-1,,Dzawinai,Chacon-2019-220-153_pierce,pikanumaota,pikanumaota,p i k a n u m a o t a,,Silva1961,,,,
Werekena-Chacon-2019-220-153_pierce-1,,Werekena,Chacon-2019-220-153_pierce,pikurukɛhə,pikurukɛhə,p i k u ɾ u k ɛ h ə,,Silva1961,,,,
Kowaidakenai-Chacon-2019-220-153_pierce-1,,Kowaidakenai,Chacon-2019-220-153_pierce,pitunʰuãni,pitunʰuãni,p i t u nʰ u ã n i,,Silva1961,,,,
Werekena-Chacon-2019-220-17_arm-1,,Werekena,Chacon-2019-220-17_arm,nanu,nanu,n a n u,,Silva1961,,,,
Kumadene2-Chacon-2019-220-17_arm-1,,Kumadene2,Chacon-2019-220-17_arm,nunaːpa,nunaːpa,n u n aː p a,,Silva1961,,,,
Waliperi-Chacon-2019-220-17_arm-1,,Waliperi,Chacon-2019-220-17_arm,nũnaːpa,nũnaːpa,n ũ n aː p a,,Silva1961,,,,
Mauliene-Chacon-2019-220-17_arm-1,,Mauliene,Chacon-2019-220-17_arm,nunapa,nunapa,n u n a p a,,Silva1961,,,,
Tariana-Chacon-2019-220-17_arm-1,,Tariana,Chacon-2019-220-17_arm,pakapi,pakapi,p a k a p i,,Silva1961,,,,
Hohoodene-Chacon-2019-220-17_arm-1,,Hohoodene,Chacon-2019-220-17_arm,ɽinapa,ɽinapa,ɽ i n a p a,,Silva1961,,,,
Kumadene1-Chacon-2019-220-17_arm-1,,Kumadene1,Chacon-2019-220-17_arm,wakapi,wakapi,w a k a p i,,,,,,
Moliwene-Chacon-2019-220-17_arm-1,,Moliwene,Chacon-2019-220-17_arm,wɐnaːpa,wɐnaːpa,w ɐ n aː p a,,Silva1961,,,,
Tariana-Chacon-2019-220-178_shoot-1,,Tariana,Chacon-2019-220-178_shoot,nãpeikunipɛ,nãpeikunipɛ,n ã p e i k u n i p ɛ,,Silva1961,,,,
Kumadene1-Chacon-2019-220-152_personcivilized-1,,Kumadene1,Chacon-2019-220-152_personcivilized,nawiki masitɛ,nawiki masitɛ,n a w i k i + m a s i t ɛ,,,,,,
Ehe-Chacon-2019-220-15_and-1,,Ehe,Chacon-2019-220-15_and,nete,nete,n e t e,,Granadillo2006,,,,
Oho-Chacon-2019-220-15_and-1,,Oho,Chacon-2019-220-15_and,nete,nete,n e t e,,Granadillo2006,,,,
Aha-Chacon-2019-220-15_and-1,,Aha,Chacon-2019-220-15_and,sruatsaka ~ liatsaka,sruatsaka,s ɾ u a ts a k a,,Granadillo2006,,,,
Waliperi-Chacon-2019-220-215_hometohome-1,,Waliperi,Chacon-2019-220-215_hometohome,nuːpɐnaʊ,nuːpɐnaʊ,n uː p ɐ n a ʊ,,Silva1961,,,,
Kumadene1-Chacon-2019-220-215_hometohome-1,,Kumadene1,Chacon-2019-220-215_hometohome,panisi,panisi,p a n i s i,,,,,,
Mauliene-Chacon-2019-220-215_hometohome-1,,Mauliene,Chacon-2019-220-215_hometohome,pantiʐikohe,pantiʐikohe,p a n t i ʐ i k o h e,,Silva1961,,,,
Werekena-Chacon-2019-220-215_hometohome-1,,Werekena,Chacon-2019-220-215_hometohome,pɐnisiwɛbahɐ̃,pɐnisiwɛbahɐ̃,p ɐ n i s i w ɛ b a h ɐ̃,,Silva1961,,,,
Moliwene-Chacon-2019-220-215_hometohome-1,,Moliwene,Chacon-2019-220-215_hometohome,pɐ̃tiʐoj,pɐ̃tiʐoj,p ɐ̃ t i ʐ o j,,Silva1961,,,,
Hohoodene-Chacon-2019-220-215_hometohome-1,,Hohoodene,Chacon-2019-220-215_hometohome,ɽiːpɐnaɽikoɽʰɛ,ɽiːpɐnaɽikoɽʰɛ,ɽ iː p ɐ n a ɽ i k o ɽʰ ɛ,,Silva1961,,,,
Kumadene2-Chacon-2019-220-215_hometohome-1,,Kumadene2,Chacon-2019-220-215_hometohome,ɽipanaɽiku,ɽipanaɽiku,ɽ i p a n a ɽ i k u,,Silva1961,,,,
Tariana-Chacon-2019-220-215_hometohome-1,,Tariana,Chacon-2019-220-215_hometohome,wḭː puninãtahulihɛpanisisɛ,wḭː puninãtahulihɛpanisisɛ,w ḭː + p u n i n ã t a h u l i h ɛ p a n i s i s ɛ,,Silva1961,,,,
Mauliene-Chacon-2019-220-39_chest-1,,Mauliene,Chacon-2019-220-39_chest,nukuda,nukuda,n u k u d a,,Silva1961,,,,
Kumadene2-Chacon-2019-220-39_chest-1,,Kumadene2,Chacon-2019-220-39_chest,nukudaɽiku,nukudaɽiku,n u k u d a ɽ i k u,,Silva1961,,,,
Werekena-Chacon-2019-220-39_chest-1,,Werekena,Chacon-2019-220-39_chest,numij̃awa,numij̃awa,n u m i j̃ a w a,,Silva1961,,,,
Hohoodene-Chacon-2019-220-39_chest-1,,Hohoodene,Chacon-2019-220-39_chest,pakoda,pakoda,p a k o d a,,Silva1961,,,,
Moliwene-Chacon-2019-220-39_chest-1,,Moliwene,Chacon-2019-220-39_chest,pakuda,pakuda,p a k u d a,,Silva1961,,,,
Kowaidakenai-Chacon-2019-220-39_chest-1,,Kowaidakenai,Chacon-2019-220-39_chest,ɽikuda,ɽikuda,ɽ i k u d a,,Silva1961,,,,
Dzawinai-Chacon-2019-220-39_chest-1,,Dzawinai,Chacon-2019-220-39_chest,ɽikuda,ɽikuda,ɽ i k u d a,,Silva1961,,,,
Kumadene2-Chacon-2019-220-113_homeathome-1,,Kumadene2,Chacon-2019-220-113_homeathome,nupanaɽiku,nupanaɽiku,n u p a n a ɽ i k u,,Silva1961,,,,
Werekena-Chacon-2019-220-113_homeathome-1,,Werekena,Chacon-2019-220-113_homeathome,panisiwɛhẽ,panisiwɛhẽ,p a n i s i w ɛ h ẽ,,Silva1961,,,,
Mauliene-Chacon-2019-220-113_homeathome-1,,Mauliene,Chacon-2019-220-113_homeathome,pantiʐiko,pantiʐiko,p a n t i ʐ i k o,,Silva1961,,,,
Waliperi-Chacon-2019-220-113_homeathome-1,,Waliperi,Chacon-2019-220-113_homeathome,pɐ̃ːʈi iwawaɽiko,pɐ̃ːʈi iwawaɽiko,p ɐ̃ː t i + i w a w a ɽ i k o,,Silva1961,,,,
Hohoodene-Chacon-2019-220-113_homeathome-1,,Hohoodene,Chacon-2019-220-113_homeathome,ɽiːpɐnaɽiko,ɽiːpɐnaɽiko,ɽ iː p ɐ n a ɽ i k o,,Silva1961,,,,
Moliwene-Chacon-2019-220-113_homeathome-1,,Moliwene,Chacon-2019-220-113_homeathome,ɽipanawi,ɽipanawi,ɽ i p a n a w i,,Silva1961,,,,
Tariana-Chacon-2019-220-113_homeathome-1,,Tariana,Chacon-2019-220-113_homeathome,wihapənitsisɛ,wihapənitsisɛ,w i h a p ə n i ts i s ɛ,,Silva1961,,,,
Kumadene2-Chacon-2019-220-242_youpl-1,,Kumadene2,Chacon-2019-220-242_youpl,nuɽhia,nuɽhia,n u ɽʰ i a,,Silva1961,,,,
Hohoodene-Chacon-2019-220-242_youpl-1,,Hohoodene,Chacon-2019-220-242_youpl,pʰia,pʰia,pʰ i a,,Silva1961,,,,
Aha-Chacon-2019-220-242_youpl-1,,Aha,Chacon-2019-220-242_youpl,sraː,sraː,s ɾ aː,,Granadillo2006,,,,
Ehe-Chacon-2019-220-242_youpl-1,,Ehe,Chacon-2019-220-242_youpl,sraː,sraː,s ɾ aː,,Granadillo2006,,,,
Name-Chacon-2019-220-242_youpl-1,,Name,Chacon-2019-220-242_youpl,sraː,sraː,s ɾ aː,,Granadillo2006,,,,
Oho-Chacon-2019-220-242_youpl-1,,Oho,Chacon-2019-220-242_youpl,sraː,sraː,s ɾ aː,,Granadillo2006,,,,
Waliperi-Chacon-2019-220-242_youpl-1,,Waliperi,Chacon-2019-220-242_youpl,ʃaː,ʃaː,ʃ aː,,Silva1961,,,,
Mauliene-Chacon-2019-220-242_youpl-1,,Mauliene,Chacon-2019-220-242_youpl,ʃja,ʃja,ʃ j a,,Silva1961,,,,
Moliwene-Chacon-2019-220-242_youpl-1,,Moliwene,Chacon-2019-220-242_youpl,tʃjaː,tʃjaː,tʃ j aː,,Silva1961,,,,
Werekena-Chacon-2019-220-73_nail-1,,Werekena,Chacon-2019-220-73_nail,nutsulaɽi,nutsulaɽi,n u ts u l a ɽ i,,Silva1961,,,,
Mauliene-Chacon-2019-220-73_nail-1,,Mauliene,Chacon-2019-220-73_nail,nutsuta,nutsuta,n u ts u t a,,Silva1961,,,,
Kumadene2-Chacon-2019-220-73_nail-1,,Kumadene2,Chacon-2019-220-73_nail,nutʃita,nutʃita,n u tʃ i t a,,Silva1961,,,,
Hohoodene-Chacon-2019-220-73_nail-1,,Hohoodene,Chacon-2019-220-73_nail,pasota,pasota,p a s o t a,,Silva1961,,,,
Tariana-Chacon-2019-220-73_nail-1,,Tariana,Chacon-2019-220-73_nail,pəipadapɛ,pəipadapɛ,p ə i p a d a p ɛ,,Silva1961,,,,
Kowaidakenai-Chacon-2019-220-73_nail-1,,Kowaidakenai,Chacon-2019-220-73_nail,ɽitsuɽa,ɽitsuɽa,ɽ i ts u ɽ a,,Silva1961,,,,
Moliwene-Chacon-2019-220-73_nail-1,,Moliwene,Chacon-2019-220-73_nail,ɽitsuta,ɽitsuta,ɽ i ts u t a,,Silva1961,,,,
Waliperi-Chacon-2019-220-73_nail-1,,Waliperi,Chacon-2019-220-73_nail,ɽitsuta,ɽitsuta,ɽ i ts u t a,,Silva1961,,,,
Dzawinai-Chacon-2019-220-73_nail-1,,Dzawinai,Chacon-2019-220-73_nail,ɽituta,ɽituta,ɽ i t u t a,,Silva1961,,,,
Name-Chacon-2019-220-238_worm-1,,Name,Chacon-2019-220-238_worm,oːmapi,oːmapi,oː m a p i,,Granadillo2006,,,,
Oho-Chacon-2019-220-238_worm-1,,Oho,Chacon-2019-220-238_worm,oːmapi,oːmapi,oː m a p i,,Granadillo2006,,,,
Aha-Chacon-2019-220-238_worm-1,,Aha,Chacon-2019-220-238_worm,uːmapi ~o,uːmapi,uː m a p i,,Granadillo2006,,,,
Ehe-Chacon-2019-220-238_worm-1,,Ehe,Chacon-2019-220-238_worm,umapi,umapi,u m a p i,,Granadillo2006,,,,
Moliwene-Chacon-2019-220-162_river-1,,Moliwene,Chacon-2019-220-162_river,oːni,oːni,oː n i,,Silva1961,,,,
Name-Chacon-2019-220-162_river-1,,Name,Chacon-2019-220-162_river,oːni,oːni,oː n i,,Granadillo2006,,,,
Waliperi-Chacon-2019-220-162_river-1,,Waliperi,Chacon-2019-220-162_river,oːni,oːni,oː n i,,Silva1961,,,,
Aha-Chacon-2019-220-162_river-1,,Aha,Chacon-2019-220-162_river,uːni,uːni,uː n i,,Granadillo2006,,,,
Ehe-Chacon-2019-220-162_river-1,,Ehe,Chacon-2019-220-162_river,uːni,uːni,uː n i,,Granadillo2006,,,,
Hohoodene-Chacon-2019-220-162_river-1,,Hohoodene,Chacon-2019-220-162_river,uːni,uːni,uː n i,,Silva1961,,,,
Mauliene-Chacon-2019-220-162_river-1,,Mauliene,Chacon-2019-220-162_river,uːni,uːni,uː n i,,Silva1961,,,,
Kumadene1-Chacon-2019-220-162_river-1,,Kumadene1,Chacon-2019-220-162_river,uːnĩ,uːnĩ,uː n ĩ,,,,,,
Kumadene2-Chacon-2019-220-162_river-1,,Kumadene2,Chacon-2019-220-162_river,uni makapeki,uni makapeki,u n i + m a k a p e k i,,Silva1961,,,,
Tariana-Chacon-2019-220-162_river-1,,Tariana,Chacon-2019-220-162_river,unĩː,unĩː,u n ĩː,,Silva1961,,,,
Werekena-Chacon-2019-220-162_river-1,,Werekena,Chacon-2019-220-162_river,weni,weni,w e n i,,Silva1961,,,,
Hohoodene-Chacon-2019-220-223_water-1,,Hohoodene,Chacon-2019-220-223_water,oːni,oːni,oː n i,,Silva1961,,,,
Kowaidakenai-Chacon-2019-220-223_water-1,,Kowaidakenai,Chacon-2019-220-223_water,oːni,oːni,oː n i,,Silva1961,,,,
Kumadene2-Chacon-2019-220-223_water-1,,Kumadene2,Chacon-2019-220-223_water,oːni,oːni,oː n i,,Silva1961,,,,
Name-Chacon-2019-220-223_water-1,,Name,Chacon-2019-220-223_water,oːni,oːni,oː n i,,Granadillo2006,,,,
Waliperi-Chacon-2019-220-223_water-1,,Waliperi,Chacon-2019-220-223_water,oːni,oːni,oː n i,,Silva1961,,,,
Dzawinai-Chacon-2019-220-223_water-1,,Dzawinai,Chacon-2019-220-223_water,oːni,oːni,oː n i,,Silva1961,,,,
Moliwene-Chacon-2019-220-223_water-1,,Moliwene,Chacon-2019-220-223_water,óːnì,óːnì,óː/oː n i,,Silva1961,,,,
Ehe-Chacon-2019-220-223_water-1,,Ehe,Chacon-2019-220-223_water,uːni,uːni,uː n i,,Granadillo2006,,,,
Oho-Chacon-2019-220-223_water-1,,Oho,Chacon-2019-220-223_water,uːni,uːni,uː n i,,Granadillo2006,,,,
Tariana-Chacon-2019-220-223_water-1,,Tariana,Chacon-2019-220-223_water,uːni,uːni,uː n i,,Silva1961,,,,
Kumadene1-Chacon-2019-220-223_water-1,,Kumadene1,Chacon-2019-220-223_water,uːnĩ,uːnĩ,uː n ĩ,,,,,,
Aha-Chacon-2019-220-223_water-1,,Aha,Chacon-2019-220-223_water,uːni ~ oni,uːni,uː n i,,Granadillo2006,,,,
Mauliene-Chacon-2019-220-223_water-1,,Mauliene,Chacon-2019-220-223_water,uni,uni,u n i,,Silva1961,,,,
Werekena-Chacon-2019-220-223_water-1,,Werekena,Chacon-2019-220-223_water,weni,weni,w e n i,,Silva1961,,,,
Ehe-Chacon-2019-220-9_porrige-1,,Ehe,Chacon-2019-220-9_porrige,patsiaka,patsiaka,p a ts i a k a,,Granadillo2006,,,,
Oho-Chacon-2019-220-9_porrige-1,,Oho,Chacon-2019-220-9_porrige,patsiaka,patsiaka,p a ts i a k a,,Granadillo2006,,,,
Aha-Chacon-2019-220-9_porrige-1,,Aha,Chacon-2019-220-9_porrige,peritia,peritia,p e ɾ i t i a,,Granadillo2006,,,,
Name-Chacon-2019-220-9_porrige-1,,Name,Chacon-2019-220-9_porrige,peritia,peritia,p e ɾ i t i a,,Granadillo2006,,,,
Hohoodene-Chacon-2019-220-77_five-1,,Hohoodene,Chacon-2019-220-77_five,pẽ pakapi,pẽ pakapi,p ẽ + p a k a p i,,Silva1961,,,,
Waliperi-Chacon-2019-220-77_five-1,,Waliperi,Chacon-2019-220-77_five,peːma ʐupakʰaːpi,peːma ʐupakʰaːpi,p eː m a + ʐ u p a kʰ aː p i,,Silva1961,,,,
Moliwene-Chacon-2019-220-77_five-1,,Moliwene,Chacon-2019-220-77_five,pema pakʰapi,pema pakʰapi,p e m a + p a kʰ a p i,,Silva1961,,,,
Kumadene2-Chacon-2019-220-77_five-1,,Kumadene2,Chacon-2019-220-77_five,pempakaːpi,pempakaːpi,p e m p a k aː p i,,Silva1961,,,,
Mauliene-Chacon-2019-220-77_five-1,,Mauliene,Chacon-2019-220-77_five,pempakapi,pempakapi,p e m p a k a p i,,Silva1961,,,,
Kumadene1-Chacon-2019-220-77_five-1,,Kumadene1,Chacon-2019-220-77_five,pɛːmekɐpi,pɛːmekɐpi,p ɛː m e k ɐ p i,,,,,,
Tariana-Chacon-2019-220-77_five-1,,Tariana,Chacon-2019-220-77_five,pɛmakapi,pɛmakapi,p ɛ m a k a p i,,Silva1961,,,,
Werekena-Chacon-2019-220-77_five-1,,Werekena,Chacon-2019-220-77_five,sĩkʊ,sĩkʊ,s ĩ k ʊ,,Silva1961,,,,
Aha-Chacon-2019-220-77_five-1,,Aha,Chacon-2019-220-77_five,sinko,sinko,s i n k o,,Granadillo2006,,,,
Oho-Chacon-2019-220-77_five-1,,Oho,Chacon-2019-220-77_five,sinkoda,sinkoda,s i n k o d a,,Granadillo2006,,,,
Waliperi-Chacon-2019-220-91_go-1,,Waliperi,Chacon-2019-220-91_go,pinũaha,pinũaha,p i n ũ a h a,,Silva1961,,,,
Aha-Chacon-2019-220-114_in-1,,Aha,Chacon-2019-220-114_in,reka,reka,ɾ e k a,,Granadillo2006,,,,
Name-Chacon-2019-220-114_in-1,,Name,Chacon-2019-220-114_in,riko,riko,ɾ i k o,,Granadillo2006,,,,
Oho-Chacon-2019-220-114_in-1,,Oho,Chacon-2019-220-114_in,riko,riko,ɾ i k o,,Granadillo2006,,,,
Ehe-Chacon-2019-220-114_in-1,,Ehe,Chacon-2019-220-114_in,riku,riku,ɾ i k u,,Granadillo2006,,,,
Kumadene1-Chacon-2019-220-8_riverchanel-1,,Kumadene1,Chacon-2019-220-8_riverchanel,taːpu,taːpu,t aː p u,,,,,,
Kowaidakenai-Chacon-2019-220-185_small-1,,Kowaidakenai,Chacon-2019-220-185_small,teaʃeɽi,teaʃeɽi,t e a ʃ e ɽ i,,Silva1961,,,,
Moliwene-Chacon-2019-220-185_small-1,,Moliwene,Chacon-2019-220-185_small,tsoːdaɽi,tsoːdaɽi,ts oː d a ɽ i,,Silva1961,,,,
Hohoodene-Chacon-2019-220-185_small-1,,Hohoodene,Chacon-2019-220-185_small,tsoːdaɽi,tsoːdaɽi,ts oː d a ɽ i,,Silva1961,,,,
Kumadene2-Chacon-2019-220-185_small-1,,Kumadene2,Chacon-2019-220-185_small,tsuːdaɽi,tsuːdaɽi,ts uː d a ɽ i,,Silva1961,,,,
Waliperi-Chacon-2019-220-185_small-1,,Waliperi,Chacon-2019-220-185_small,tsuːdaɽi,tsuːdaɽi,ts uː d a ɽ i,,Silva1961,,,,
Dzawinai-Chacon-2019-220-185_small-1,,Dzawinai,Chacon-2019-220-185_small,tsuːdaɽi,tsuːdaɽi,ts uː d a ɽ i,,Silva1961,,,,
Mauliene-Chacon-2019-220-185_small-1,,Mauliene,Chacon-2019-220-185_small,tsuːkatsani,tsuːkatsani,ts uː k a ts a n i,,Silva1961,,,,
Werekena-Chacon-2019-220-185_small-1,,Werekena,Chacon-2019-220-185_small,tsuiteɾi,tsuiteɾi,ts u i t e ɾ i,,Silva1961,,,,
Tariana-Chacon-2019-220-185_small-1,,Tariana,Chacon-2019-220-185_small,tukituki,tukituki,t u k i t u k i,,Silva1961,,,,
Kumadene1-Chacon-2019-220-207_skinny-1,,Kumadene1,Chacon-2019-220-207_skinny,tsepenĩtɛ,tsepenĩtɛ,ts e p e n ĩ t ɛ,,,,,,
Aha-Chacon-2019-220-55_dog-1,,Aha,Chacon-2019-220-55_dog,tsiːno,tsiːno,ts iː n o,,Granadillo2006,,,,
Ehe-Chacon-2019-220-55_dog-1,,Ehe,Chacon-2019-220-55_dog,tsiːno,tsiːno,ts iː n o,,Granadillo2006,,,,
Oho-Chacon-2019-220-55_dog-1,,Oho,Chacon-2019-220-55_dog,tsiːno,tsiːno,ts iː n o,,Granadillo2006,,,,
Name-Chacon-2019-220-55_dog-1,,Name,Chacon-2019-220-55_dog,tsiːnu,tsiːnu,ts iː n u,,Granadillo2006,,,,
Werekena-Chacon-2019-220-55_dog-1,,Werekena,Chacon-2019-220-55_dog,tsiːɳo,tsiːɳo,ts iː ɲ o,,Silva1961,,,,
Tariana-Chacon-2019-220-55_dog-1,,Tariana,Chacon-2019-220-55_dog,tsinũː,tsinũː,ts i n ũː,,Silva1961,,,,
Moliwene-Chacon-2019-220-55_dog-1,,Moliwene,Chacon-2019-220-55_dog,tʃiːno,tʃiːno,tʃ iː n o,,Silva1961,,,,
Hohoodene-Chacon-2019-220-55_dog-1,,Hohoodene,Chacon-2019-220-55_dog,tʃiːno,tʃiːno,tʃ iː n o,,Silva1961,,,,
Mauliene-Chacon-2019-220-55_dog-1,,Mauliene,Chacon-2019-220-55_dog,tʃiːno,tʃiːno,tʃ iː n o,,Silva1961,,,,
Kumadene2-Chacon-2019-220-55_dog-1,,Kumadene2,Chacon-2019-220-55_dog,tʃiːnu,tʃiːnu,tʃ iː n u,,Silva1961,,,,
Dzawinai-Chacon-2019-220-55_dog-1,,Dzawinai,Chacon-2019-220-55_dog,tʃiːnu,tʃiːnu,tʃ iː n u,,Silva1961,,,,
Kowaidakenai-Chacon-2019-220-55_dog-1,,Kowaidakenai,Chacon-2019-220-55_dog,tʃĩːnu,tʃĩːnu,tʃ ĩː n u,,Silva1961,,,,
Waliperi-Chacon-2019-220-55_dog-1,,Waliperi,Chacon-2019-220-55_dog,tʃĩːnu,tʃĩːnu,tʃ ĩː n u,,Silva1961,,,,
Kumadene2-Chacon-2019-220-14_anaconda-1,,Kumadene2,Chacon-2019-220-14_anaconda,umawaɽi,umawaɽi,u m a w a ɽ i,,Silva1961,,,,
Kumadene1-Chacon-2019-220-190_soul-1,,Kumadene1,Chacon-2019-220-190_soul,waːkaɾe,waːkaɾe,w aː k a ɾ e,,,,,,
Name-Chacon-2019-220-143_new-1,,Name,Chacon-2019-220-143_new,waːlidali,waːlidali,w aː l i d a l i,,Granadillo2006,,,,
Hohoodene-Chacon-2019-220-143_new-1,,Hohoodene,Chacon-2019-220-143_new,waːɽipɛ,waːɽipɛ,w aː ɽ i p ɛ,,Silva1961,,,,
Kowaidakenai-Chacon-2019-220-143_new-1,,Kowaidakenai,Chacon-2019-220-143_new,waːɽite,waːɽite,w aː ɽ i t e,,Silva1961,,,,
Dzawinai-Chacon-2019-220-143_new-1,,Dzawinai,Chacon-2019-220-143_new,waːɽite,waːɽite,w aː ɽ i t e,,Silva1961,,,,
Mauliene-Chacon-2019-220-143_new-1,,Mauliene,Chacon-2019-220-143_new,wahitɛ,wahitɛ,w a h i t ɛ,,Silva1961,,,,
Oho-Chacon-2019-220-143_new-1,,Oho,Chacon-2019-220-143_new,walidale,walidale,w a l i d a l e,,Granadillo2006,,,,
Aha-Chacon-2019-220-143_new-1,,Aha,Chacon-2019-220-143_new,walidali,walidali,w a l i d a l i,,Granadillo2006,,,,
Ehe-Chacon-2019-220-143_new-1,,Ehe,Chacon-2019-220-143_new,walidali,walidali,w a l i d a l i,,Granadillo2006,,,,
Moliwene-Chacon-2019-220-143_new-1,,Moliwene,Chacon-2019-220-143_new,waɽidaɽi,waɽidaɽi,w a ɽ i d a ɽ i,,Silva1961,,,,
Kumadene2-Chacon-2019-220-143_new-1,,Kumadene2,Chacon-2019-220-143_new,waɽidaɽi,waɽidaɽi,w a ɽ i d a ɽ i,,Silva1961,,,,
Waliperi-Chacon-2019-220-143_new-1,,Waliperi,Chacon-2019-220-143_new,waɽipɛ,waɽipɛ,w a ɽ i p ɛ,,Silva1961,,,,
Tariana-Chacon-2019-220-143_new-1,,Tariana,Chacon-2019-220-143_new,waɾipeɾi,waɾipeɾi,w a ɾ i p e ɾ i,,Silva1961,,,,
Werekena-Chacon-2019-220-143_new-1,,Werekena,Chacon-2019-220-143_new,w̥eniapaɾi,w̥eniapaɾi,wʰ e n i a p a ɾ i,,Silva1961,,,,
Kumadene1-Chacon-2019-220-76_fishv-1,,Kumadene1,Chacon-2019-220-76_fishv,wahitonĩpɛ,wahitonĩpɛ,w a h i t o n ĩ p ɛ,,,,,,
Kumadene1-Chacon-2019-220-44_cook-1,,Kumadene1,Chacon-2019-220-44_cook,wajanenĩpɛ,wajanenĩpɛ,w a j a n e n ĩ p ɛ,,,,,,
