ID,Local_ID,Language_ID,Parameter_ID,Value,Form,Segments,Comment,Source,Cognacy,Loan,Graphemes,Profile,Borrowing,Partial_Cognacy,Alignment,GroupedSounds
Anonimo-1_one-1,,Anonimo,1_one,huc,huc,h u k,,valera1586,663,,,,,4783,h u k,"['h', 'u', 'k']"
Apuri-1_one-1,,Apuri,1_one,huk,huk,h u k,,shimelman2017,663,,,,,4783,h u k,"['h', 'u', 'k']"
Apurimac-1_one-1,,Apurimac,1_one,"huk, huj, huq",huk,h u k,,camacho2007,663,,,,,4783,h u k,"['h', 'u', 'k']"
Apurimac-1_one-2,,Apurimac,1_one,"huk, huj, huq",huj,h u χ,,camacho2007,663,,,,,4783,h u χ,"['h', 'u', 'χ']"
Apurimac-1_one-3,,Apurimac,1_one,"huk, huj, huq",huq,h u q,,camacho2007,663,,,,,4783,h u q,"['h', 'u', 'q']"
Arma-1_one-1,,Arma,1_one,huk,huk,h u k,,galvez2003,663,,,,,4783,h u k,"['h', 'u', 'k']"
Atalla-1_one-1,,Atalla,1_one,huk,huk,h u k,,heggarty2005,663,,,,,4783,h u k,"['h', 'u', 'k']"
Ayacucho-1_one-1,,Ayacucho,1_one,huk,huk,h u k,,soto1976,663,,,,,4783,h u k,"['h', 'u', 'k']"
Bobonaza-1_one-1,,Bobonaza,1_one,shuj,shuj,ʃ u x,,orrwrisley1981,663,,,,,4783,ʃ u x,"['ʃ', 'u', 'x']"
Cacra-Hongos-1_one-1,,Cacra-Hongos,1_one,huk,huk,h u k,,shimelman2017,663,,,,,4783,h u k,"['h', 'u', 'k']"
Chachapoyas-1_one-1,,Chachapoyas,1_one,suj,suj,s u x,,taylor2006,663,,,,,4783,s u x,"['s', 'u', 'x']"
Chacpar-1_one-1,,Chacpar,1_one,huk,huk,h u k,,heggarty2005,663,,,,,4783,h u k,"['h', 'u', 'k']"
Chetilla-1_one-1,,Chetilla,1_one,suχ,suχ,s u χ,,heggarty2005,663,,,,,4783,s u χ,"['s', 'u', 'χ']"
Chipaya-1_one-1,,Chipaya,1_one,zinta,zinta,z i n t a,,heggarty2005,664,,,,,4784,z i n t a,"['z', 'i', 'n', 't', 'a']"
Curva-1_one-1,,Curva,1_one,ux,ux,u x,,heggarty2005,663,,,,,4783,- u x,"['u', 'x']"
Cuzco-1_one-1,,Cuzco,1_one,huχ,huχ,h u χ,,heggarty2005,663,,,,,4783,h u χ,"['h', 'u', 'χ']"
CuzquenoAntiguo-1_one-1,,CuzquenoAntiguo,1_one,huc,huc,h u k,,holguin1608,663,,,,,4783,h u k,"['h', 'u', 'k']"
Huallaga-1_one-1,,Huallaga,1_one,huk,huk,h u k,,heggarty2005,663,,,,,4783,h u k,"['h', 'u', 'k']"
Huanca-1_one-1,,Huanca,1_one,suk,suk,s u k,,cerron1976,663,,,,,4783,s u k,"['s', 'u', 'k']"
Jauja-1_one-1,,Jauja,1_one,huk,huk,h u k,,cerron1976,663,,,,,4783,h u k,"['h', 'u', 'k']"
Huancane-1_one-1,,Huancane,1_one,maya,maya,m a j a,,heggarty2005,528,,,,,40,m a j a,"['m', 'a', 'j', 'a']"
Huangascar-1_one-1,,Huangascar,1_one,huk,huk,h u k,,shimelman2017,663,,,,,4783,h u k,"['h', 'u', 'k']"
HuarazHuailas-1_one-1,,HuarazHuailas,1_one,huk,huk,x u k,,parkerchavez1976,663,,,,,4783,x u k,"['x', 'u', 'k']"
Imbabura-1_one-1,,Imbabura,1_one,shuk,shuk,ʃ u k,,gomez2009,663,,,,,4783,ʃ u k,"['ʃ', 'u', 'k']"
Inkawasi-1_one-1,,Inkawasi,1_one,uk,uk,u k,,heggarty2005,663,,,,,4783,- u k,"['u', 'k']"
Iruhito-1_one-1,,Iruhito,1_one,tsi:,tsi:,t s iː,,cerron2016,1003,,,,,79,t - s iː,"['t', 's', 'iː']"
Jaqaru-1_one-1,,Jaqaru,1_one,maya,maya,m a j a,,heggarty2005,528,,,,,40,m a j a,"['m', 'a', 'j', 'a']"
Kawki-1_one-1,,Kawki,1_one,maya,maya,m a j a,,heggarty2005,528,,,,,40,m a j a,"['m', 'a', 'j', 'a']"
Lamas-1_one-1,,Lamas,1_one,suk,suk,s u k,,taylor2006,663,,,,,4783,s u k,"['s', 'u', 'k']"
Laraos-1_one-1,,Laraos,1_one,huk,huk,h u k,,heggarty2005,663,,,,,4783,h u k,"['h', 'u', 'k']"
Lincha-Tana-1_one-1,,Lincha-Tana,1_one,huk,huk,h u k,,shimelman2017,663,,,,,4783,h u k,"['h', 'u', 'k']"
Maragua-1_one-1,,Maragua,1_one,ux,ux,u x,,heggarty2005,663,,,,,4783,- u x,"['u', 'x']"
Napo-1_one-1,,Napo,1_one,shuj,shuj,ʃ u,,orrwrisley1981,663,,,,,4783,ʃ u -,"['ʃ', 'u']"
Pacaraos-1_one-1,,Pacaraos,1_one,huk,huk,x u k,,adelaar1982,663,,,,,4783,x u k,"['x', 'u', 'k']"
Pastaza-1_one-1,,Pastaza,1_one,shuc,shuc,ʃ u k,,landerman1973,663,,,,,4783,ʃ u k,"['ʃ', 'u', 'k']"
Pocona-1_one-1,,Pocona,1_one,ux,ux,u x,,heggarty2005,663,,,,,4783,- u x,"['u', 'x']"
Puki-1_one-1,,Puki,1_one,maya,maya,m a j a,,heggarty2005,528,,,,,40,m a j a,"['m', 'a', 'j', 'a']"
Puno-1_one-1,,Puno,1_one,ux,ux,u x,,heggarty2005,663,,,,,4783,- u x,"['u', 'x']"
Putumayo-1_one-1,,Putumayo,1_one,sug,sug,s u g,,tandioy1978,663,,,,,4783,s u g,"['s', 'u', 'g']"
Raimondi-1_one-1,,Raimondi,1_one,huk,huk,x u k,,parkerchavez1976,663,,,,,4783,x u k,"['x', 'u', 'k']"
SanPedro-1_one-1,,SanPedro,1_one,huk,huk,h u k,,shimelman2017,663,,,,,4783,h u k,"['h', 'u', 'k']"
Santiagueno-1_one-1,,Santiagueno,1_one,suk,suk,s u x,,juanatey2021,663,,,,,4783,s u x,"['s', 'u', 'x']"
SantoTomas-1_one-1,,SantoTomas,1_one,ʃuc,ʃuc,s u k,,santotomas1951,663,,,,,4783,s u k,"['s', 'u', 'k']"
Serena-1_one-1,,Serena,1_one,šux,šux,ʃ u x,,heggarty2005,663,,,,,4783,ʃ u x,"['ʃ', 'u', 'x']"
Sullkatiti-1_one-1,,Sullkatiti,1_one,maya,maya,m a j a,,heggarty2005,528,,,,,40,m a j a,"['m', 'a', 'j', 'a']"
Taquile-1_one-1,,Taquile,1_one,ux,ux,u x,,heggarty2005,663,,,,,4783,- u x,"['u', 'x']"
Tarma-1_one-1,,Tarma,1_one,xuk,xuk,χ o k,,adelaar1977,663,,,,,4783,χ o k,"['χ', 'o', 'k']"
Troje-1_one-1,,Troje,1_one,šux,šux,ʃ u x,,heggarty2005,663,,,,,4783,ʃ u x,"['ʃ', 'u', 'x']"
Tsimu-1_one-1,,Tsimu,1_one,pí:si,pí:si,p iː s i,,cerron2016,1011,,,,,81,p iː s i,"['p', 'iː', 's', 'i']"
Wari-1_one-1,,Wari,1_one,huk,huk,x u k,,parkerchavez1976,663,,,,,4783,x u k,"['x', 'u', 'k']"
Yanac-1_one-1,,Yanac,1_one,uk,uk,u k,,heggarty2005,663,,,,,4783,- u k,"['u', 'k']"
Anonimo-10_ten-1,,Anonimo,10_ten,chunca,chunca,tʃ u n k a,,valera1586,897,,,,,6604,tʃ u n k a,"['tʃ', 'u', 'n', 'k', 'a']"
Apuri-10_ten-1,,Apuri,10_ten,trunka,trunka,ʈ u n k a,,shimelman2017,897,,,,,6604,ʈ u n k a,"['ʈ', 'u', 'n', 'k', 'a']"
Apurimac-10_ten-1,,Apurimac,10_ten,chunka,chunka,tʃ u n k a,,camacho2007,897,,,,,6604,tʃ u n k a,"['tʃ', 'u', 'n', 'k', 'a']"
Arma-10_ten-1,,Arma,10_ten,chunka,chunka,tʃ u n k a,,galvez2003,897,,,,,6604,tʃ u n k a,"['tʃ', 'u', 'n', 'k', 'a']"
Atalla-10_ten-1,,Atalla,10_ten,čunka,čunka,tʃ u n k a,,heggarty2005,897,,,,,6604,tʃ u n k a,"['tʃ', 'u', 'n', 'k', 'a']"
Ayacucho-10_ten-1,,Ayacucho,10_ten,chunka,chunka,tʃ u n k a,,soto1976,897,,,,,6604,tʃ u n k a,"['tʃ', 'u', 'n', 'k', 'a']"
Bobonaza-10_ten-1,,Bobonaza,10_ten,chunga,chunga,tʃ u n g a,,orrwrisley1981,897,,,,,6604,tʃ u n g a,"['tʃ', 'u', 'n', 'g', 'a']"
Cacra-Hongos-10_ten-1,,Cacra-Hongos,10_ten,trunka,trunka,ʈ u n k a,,shimelman2017,897,,,,,6604,ʈ u n k a,"['ʈ', 'u', 'n', 'k', 'a']"
Chachapoyas-10_ten-1,,Chachapoyas,10_ten,ĉunka,ĉunka,ʈʂ u n g a,,taylor2006,897,,,,,6604,ʈʂ u n g a,"['ʈʂ', 'u', 'n', 'g', 'a']"
Chacpar-10_ten-1,,Chacpar,10_ten,čunka,čunka,tʃ u n k a,,heggarty2005,897,,,,,6604,tʃ u n k a,"['tʃ', 'u', 'n', 'k', 'a']"
Chetilla-10_ten-1,,Chetilla,10_ten,ĉunga,ĉunga,ʈʂ u n g a,,heggarty2005,897,,,,,6604,ʈʂ u n g a,"['ʈʂ', 'u', 'n', 'g', 'a']"
Chipaya-10_ten-1,,Chipaya,10_ten,tunka,tunka,t u n k a,,heggarty2005,583,,,,quechua,432,t u n k a,"['t', 'u', 'n', 'k', 'a']"
Curva-10_ten-1,,Curva,10_ten,čunka,čunka,tʃ u n k a,,heggarty2005,897,,,,,6604,tʃ u n k a,"['tʃ', 'u', 'n', 'k', 'a']"
Cuzco-10_ten-1,,Cuzco,10_ten,čunka,čunka,tʃ u n k a,,heggarty2005,897,,,,,6604,tʃ u n k a,"['tʃ', 'u', 'n', 'k', 'a']"
CuzquenoAntiguo-10_ten-1,,CuzquenoAntiguo,10_ten,chunca,chunca,tʃ u n k a,,holguin1608,897,,,,,6604,tʃ u n k a,"['tʃ', 'u', 'n', 'k', 'a']"
Huallaga-10_ten-1,,Huallaga,10_ten,čunka,čunka,tʃ u n k a,,heggarty2005,897,,,,,6604,tʃ u n k a,"['tʃ', 'u', 'n', 'k', 'a']"
Huanca-10_ten-1,,Huanca,10_ten,trunka,trunka,ʈʂ u n k a,,cerron2018,897,,,,,6604,ʈʂ u n k a,"['ʈʂ', 'u', 'n', 'k', 'a']"
Huancane-10_ten-1,,Huancane,10_ten,tunka,tunka,t u n k a,,heggarty2005,855,,,,quechua,6,t u n k a,"['t', 'u', 'n', 'k', 'a']"
Huangascar-10_ten-1,,Huangascar,10_ten,trunka,trunka,ʈ u n k a,,shimelman2017,897,,,,,6604,ʈ u n k a,"['ʈ', 'u', 'n', 'k', 'a']"
HuarazHuailas-10_ten-1,,HuarazHuailas,10_ten,chunka,chunka,tʃ u ɲ k a,,parkerchavez1976,897,,,,,6604,tʃ u ɲ k a,"['tʃ', 'u', 'ɲ', 'k', 'a']"
Imbabura-10_ten-1,,Imbabura,10_ten,chunga,chunga,tʃ u n g a,,gomez2009,897,,,,,6604,tʃ u n g a,"['tʃ', 'u', 'n', 'g', 'a']"
Inkawasi-10_ten-1,,Inkawasi,10_ten,diez,diez,d i e s,,heggarty2005,898,,,,esp,6605,d i e s,"['d', 'i', 'e', 's']"
Iruhito-10_ten-1,,Iruhito,10_ten,ka:lo:,ka:lo:,k aː l oː,,cerron2016,899,,,,,6606,k aː l oː,"['k', 'aː', 'l', 'oː']"
Jaqaru-10_ten-1,,Jaqaru,10_ten,ĉunka,ĉunka,ʈʂ u n k a,,heggarty2005,586,,,,quechua,433,ʈʂ u n k a,"['ʈʂ', 'u', 'n', 'k', 'a']"
Kawki-10_ten-1,,Kawki,10_ten,ĉunka,ĉunka,ʈʂ u n k a,,heggarty2005,939,,,,quechua,71,ʈʂ u n k a,"['ʈʂ', 'u', 'n', 'k', 'a']"
Lamas-10_ten-1,,Lamas,10_ten,chunka,chunka,tʃ u n g a,,taylor2006,897,,,,,6604,tʃ u n g a,"['tʃ', 'u', 'n', 'g', 'a']"
Laraos-10_ten-1,,Laraos,10_ten,ĉunka,ĉunka,ʈʂ u n k a,,heggarty2005,897,,,,,6604,ʈʂ u n k a,"['ʈʂ', 'u', 'n', 'k', 'a']"
Lincha-Tana-10_ten-1,,Lincha-Tana,10_ten,trunka,trunka,ʈ u n k a,,shimelman2017,897,,,,,6604,ʈ u n k a,"['ʈ', 'u', 'n', 'k', 'a']"
Maragua-10_ten-1,,Maragua,10_ten,čunka,čunka,tʃ u n k a,,heggarty2005,897,,,,,6604,tʃ u n k a,"['tʃ', 'u', 'n', 'k', 'a']"
Napo-10_ten-1,,Napo,10_ten,chunga,chunga,tʃ u n g a,,orrwrisley1981,897,,,,,6604,tʃ u n g a,"['tʃ', 'u', 'n', 'g', 'a']"
Pacaraos-10_ten-1,,Pacaraos,10_ten,trunka,trunka,ʈʂ u ŋ k a,,adelaar1982,897,,,,,6604,ʈʂ u ŋ k a,"['ʈʂ', 'u', 'ŋ', 'k', 'a']"
Pastaza-10_ten-1,,Pastaza,10_ten,chingu,chingu,tʃ i n g u,,landerman1973,897,,,,,6604,tʃ i n g u,"['tʃ', 'i', 'n', 'g', 'u']"
Pocona-10_ten-1,,Pocona,10_ten,čunka,čunka,tʃ u n k a,,heggarty2005,897,,,,,6604,tʃ u n k a,"['tʃ', 'u', 'n', 'k', 'a']"
Puki-10_ten-1,,Puki,10_ten,tunka,tunka,t u n k a,,heggarty2005,587,,,,quechua,434,t u n k a,"['t', 'u', 'n', 'k', 'a']"
Puno-10_ten-1,,Puno,10_ten,čunka,čunka,tʃ u n k a,,heggarty2005,897,,,,,6604,tʃ u n k a,"['tʃ', 'u', 'n', 'k', 'a']"
Putumayo-10_ten-1,,Putumayo,10_ten,chunga,chunga,tʃ u n g a,,tandioy1978,897,,,,,6604,tʃ u n g a,"['tʃ', 'u', 'n', 'g', 'a']"
Raimondi-10_ten-1,,Raimondi,10_ten,chunka,chunka,tʃ u ɲ k a,,parkerchavez1976,897,,,,,6604,tʃ u ɲ k a,"['tʃ', 'u', 'ɲ', 'k', 'a']"
SanPedro-10_ten-1,,SanPedro,10_ten,trunka,trunka,ʈ u n k a,,shimelman2017,897,,,,,6604,ʈ u n k a,"['ʈ', 'u', 'n', 'k', 'a']"
Santiagueno-10_ten-1,,Santiagueno,10_ten,chunka,chunka,tʃ u ŋ k a,in disuse,juanatey2021,897,,,,,6604,tʃ u ŋ k a,"['tʃ', 'u', 'ŋ', 'k', 'a']"
SantoTomas-10_ten-1,,SantoTomas,10_ten,chunka,chunka,tʃ u n k a,,santotomas1951,897,,,,,6604,tʃ u n k a,"['tʃ', 'u', 'n', 'k', 'a']"
Serena-10_ten-1,,Serena,10_ten,čunga,čunga,tʃ u n g a,,heggarty2005,897,,,,,6604,tʃ u n g a,"['tʃ', 'u', 'n', 'g', 'a']"
Sullkatiti-10_ten-1,,Sullkatiti,10_ten,tunka,tunka,t u n k a,,heggarty2005,589,,,,quechua,436,t u n k a,"['t', 'u', 'n', 'k', 'a']"
Taquile-10_ten-1,,Taquile,10_ten,čunka,čunka,tʃ u n k a,,heggarty2005,897,,,,,6604,tʃ u n k a,"['tʃ', 'u', 'n', 'k', 'a']"
Tarma-10_ten-1,,Tarma,10_ten,ĉun̊ka,ĉun̊ka,ʈʂ u ŋ k a,,adelaar1977,897,,,,,6604,ʈʂ u ŋ k a,"['ʈʂ', 'u', 'ŋ', 'k', 'a']"
Troje-10_ten-1,,Troje,10_ten,čunga,čunga,tʃ u n g a,,heggarty2005,897,,,,,6604,tʃ u n g a,"['tʃ', 'u', 'n', 'g', 'a']"
Tsimu-10_ten-1,,Tsimu,10_ten,khá:r̂o,khá:r̂o,kʰ aː r o,,cerron2016,899,,,,,6606,kʰ aː r o,"['kʰ', 'aː', 'r', 'o']"
Wari-10_ten-1,,Wari,10_ten,chunka,chunka,tʃ u ɲ k a,,parkerchavez1976,897,,,,,6604,tʃ u ɲ k a,"['tʃ', 'u', 'ɲ', 'k', 'a']"
Yanac-10_ten-1,,Yanac,10_ten,ĉunka,ĉunka,ʈʂ u n k a,,heggarty2005,897,,,,,6604,ʈʂ u n k a,"['ʈʂ', 'u', 'n', 'k', 'a']"
Apurimac-100_green-1,,Apurimac,100_green,qomir,qomir,q o m i r,,camacho2007,282,,,,,2579,q o m i r,"['q', 'o', 'm', 'i', 'r']"
Atalla-100_green-1,,Atalla,100_green,χiwa,χiwa,χ i w a,,heggarty2005,201,,,,,211,χ i w a,"['χ', 'i', 'w', 'a']"
Ayacucho-100_green-1,,Ayacucho,100_green,qumiř,qumiř,χ u m i !r̝/r,Huancavelica only,soto1976,282,,,,,2579,χ u m i !r̝/r,"['χ', 'u', 'm', 'i', '!r̝/r']"
Bobonaza-100_green-1,,Bobonaza,100_green,birdi,birdi,b i r d i,,orrwrisley1981,658,,,,esp,474,b i r d i,"['b', 'i', 'r', 'd', 'i']"
Chachapoyas-100_green-1,,Chachapoyas,100_green,chikyaj,chikyaj,tʃ i k j a x,,taylor2006,454,,,,aymara,360,tʃ i k j a x,"['tʃ', 'i', 'k', 'j', 'a', 'x']"
Chacpar-100_green-1,,Chacpar,100_green,verde,verde,b e r d e,,heggarty2005,522,,,,esp,396,b e r d e,"['b', 'e', 'r', 'd', 'e']"
Chetilla-100_green-1,,Chetilla,100_green,čiγyax,čiγyax,tʃ i ʁ j a x,,heggarty2005,805,,,,aymara,559,tʃ i ʁ j a x,"['tʃ', 'i', 'ʁ', 'j', 'a', 'x']"
Chipaya-100_green-1,,Chipaya,100_green,č'ojña,č'ojña,tʃʼ o j ɲ a,,heggarty2005,485,,,,aymara,376,tʃʼ o - j ɲ a -,"['tʃʼ', 'o', 'j', 'ɲ', 'a']"
Curva-100_green-1,,Curva,100_green,q'umir,q'umir,qʼ u m i r,,heggarty2005,282,,,,,2579,qʼ u m i r,"['qʼ', 'u', 'm', 'i', 'r']"
Cuzco-100_green-1,,Cuzco,100_green,q'umir,q'umir,qʼ u m i r,,heggarty2005,282,,,,,2579,qʼ u m i r,"['qʼ', 'u', 'm', 'i', 'r']"
Huallaga-100_green-1,,Huallaga,100_green,verde,verde,b e r d e,,heggarty2005,524,,,,esp,398,b e r d e,"['b', 'e', 'r', 'd', 'e']"
Huanca-100_green-1,,Huanca,100_green,birdi,birdi,b i ɾ d i,,cerron2018,541,,,,esp,406,b i ɾ d i,"['b', 'i', 'ɾ', 'd', 'i']"
Huancane-100_green-1,,Huancane,100_green,č'uχña,č'uχña,tʃʼ u χ ɲ a,,heggarty2005,486,,,,,377,tʃʼ u χ ɲ a,"['tʃʼ', 'u', 'χ', 'ɲ', 'a']"
HuarazHuailas-100_green-1,,HuarazHuailas,100_green,beri,beri,b e ɾ i,,parkerchavez1976,534,,,,esp,403,b e ɾ - i,"['b', 'e', 'ɾ', 'i']"
Imbabura-100_green-1,,Imbabura,100_green,birdi,birdi,b i ɾ d i,,gomez2009,542,,,,esp,407,b i ɾ d i,"['b', 'i', 'ɾ', 'd', 'i']"
Inkawasi-100_green-1,,Inkawasi,100_green,čiχyaχ,čiχyaχ,tʃ i χ j a χ,,heggarty2005,807,,,,aymara,560,tʃ i χ j a χ,"['tʃ', 'i', 'χ', 'j', 'a', 'χ']"
Jaqaru-100_green-1,,Jaqaru,100_green,verde,verde,b e r d e,,heggarty2005,284,,,,esp,2580,b e r d e,"['b', 'e', 'r', 'd', 'e']"
Kawki-100_green-1,,Kawki,100_green,čikya,čikya,tʃ i k j a,,heggarty2005,285,,,,,2581,tʃ i k j a -,"['tʃ', 'i', 'k', 'j', 'a']"
Lamas-100_green-1,,Lamas,100_green,chikjak,chikjak,tʃ i k j a k,,taylor2006,808,,,,aymara,561,tʃ i k j a k,"['tʃ', 'i', 'k', 'j', 'a', 'k']"
Laraos-100_green-1,,Laraos,100_green,verde,verde,b e r d e,,heggarty2005,523,,,,esp,397,b e r d e,"['b', 'e', 'r', 'd', 'e']"
Maragua-100_green-1,,Maragua,100_green,q'umir,q'umir,qʼ u m i r,,heggarty2005,282,,,,,2579,qʼ u m i r,"['qʼ', 'u', 'm', 'i', 'r']"
Napo-100_green-1,,Napo,100_green,birdi,birdi,b i r d i,,orrwrisley1981,536,,,,esp,405,b i r d i,"['b', 'i', 'r', 'd', 'i']"
Pacaraos-100_green-1,,Pacaraos,100_green,berdi,berdi,b e r d i,,adelaar1982,532,,,,esp,401,b e r d i,"['b', 'e', 'r', 'd', 'i']"
Pastaza-100_green-1,,Pastaza,100_green,quillu,quillu,k i ʎ u,,landerman1973,1012,,,,,82,k i ʎ u,"['k', 'i', 'ʎ', 'u']"
Pocona-100_green-1,,Pocona,100_green,q'umir,q'umir,qʼ u m i r,,heggarty2005,282,,,,,2579,qʼ u m i r,"['qʼ', 'u', 'm', 'i', 'r']"
Puki-100_green-1,,Puki,100_green,č'uχña,č'uχña,tʃʼ u χ ɲ a,,heggarty2005,486,,,,,377,tʃʼ u χ ɲ a,"['tʃʼ', 'u', 'χ', 'ɲ', 'a']"
Puno-100_green-1,,Puno,100_green,q'umir,q'umir,qʼ u m i r,,heggarty2005,282,,,,,2579,qʼ u m i r,"['qʼ', 'u', 'm', 'i', 'r']"
Raimondi-100_green-1,,Raimondi,100_green,berdi,berdi,b e ɾ d i,,parkerchavez1976,533,,,,esp,402,b e ɾ d i,"['b', 'e', 'ɾ', 'd', 'i']"
Santiagueno-100_green-1,,Santiagueno,100_green,qomer,qomer,q o m e ɾ,,juanatey2021,282,,,,,2579,q o m e ɾ,"['q', 'o', 'm', 'e', 'ɾ']"
SantoTomas-100_green-1,,SantoTomas,100_green,ococya,ococya,o k o k j a,,santotomas1951,281,,,,,2577,- o k o - k j a,"['o', 'k', 'o', 'k', 'j', 'a']"
Serena-100_green-1,,Serena,100_green,verde,verde,b e r d e,,heggarty2005,525,,,,esp,399,b e r d e,"['b', 'e', 'r', 'd', 'e']"
Sullkatiti-100_green-1,,Sullkatiti,100_green,č'uχña,č'uχña,tʃʼ u χ ɲ a,,heggarty2005,486,,,,,377,tʃʼ u χ ɲ a,"['tʃʼ', 'u', 'χ', 'ɲ', 'a']"
Taquile-100_green-1,,Taquile,100_green,q'umir,q'umir,qʼ u m i r,,heggarty2005,282,,,,,2579,qʼ u m i r,"['qʼ', 'u', 'm', 'i', 'r']"
Troje-100_green-1,,Troje,100_green,verde,verde,b e r d e,,heggarty2005,529,,,,esp,400,b e r d e,"['b', 'e', 'r', 'd', 'e']"
Wari-100_green-1,,Wari,100_green,cheqlla,cheqlla,tʃ e q ʎ a,,parkerchavez1976,809,,,,aymara,562,tʃ e q ʎ a -,"['tʃ', 'e', 'q', 'ʎ', 'a']"
Yanac-100_green-1,,Yanac,100_green,tsiqyaq,tsiqyaq,ts i q j a q,,heggarty2005,815,,,,aymara,563,ts i q j a q,"['ts', 'i', 'q', 'j', 'a', 'q']"
Anonimo-101_yellow-1,,Anonimo,101_yellow,"quello, carhua",quello,k e ʎ ɔ,,valera1586,1012,,,,,82,k e ʎ ɔ,"['k', 'e', 'ʎ', 'ɔ']"
Anonimo-101_yellow-2,,Anonimo,101_yellow,"quello, carhua",carhua,k a r w a,,valera1586,995,,,,,7817,k a r w a -,"['k', 'a', 'r', 'w', 'a']"
Apuri-101_yellow-1,,Apuri,101_yellow,qarwa,qarwa,q a ɾ w a,,shimelman2017,995,,,,,7817,q a ɾ w a -,"['q', 'a', 'ɾ', 'w', 'a']"
Apurimac-101_yellow-1,,Apurimac,101_yellow,qarwa,qarwa,q a r w a,,camacho2007,995,,,,,7817,q a r w a -,"['q', 'a', 'r', 'w', 'a']"
Arma-101_yellow-1,,Arma,101_yellow,qillu,qillu,χ i ʎ u,,galvez2003,1012,,,,,82,χ i ʎ u,"['χ', 'i', 'ʎ', 'u']"
Atalla-101_yellow-1,,Atalla,101_yellow,χiλu,χiλu,χ i ʎ u,,heggarty2005,1012,,,,,82,χ i ʎ u,"['χ', 'i', 'ʎ', 'u']"
Ayacucho-101_yellow-1,,Ayacucho,101_yellow,qellu,qellu,χ e ʎ u,,soto1976,1012,,,,,82,χ e ʎ u,"['χ', 'e', 'ʎ', 'u']"
Bobonaza-101_yellow-1,,Bobonaza,101_yellow,quillu,quillu,k i ʎ u,,orrwrisley1981,1012,,,,,82,k i ʎ u,"['k', 'i', 'ʎ', 'u']"
Cacra-Hongos-101_yellow-1,,Cacra-Hongos,101_yellow,qarwa,qarwa,q a l w a,,shimelman2017,995,,,,,7817,q a l w a -,"['q', 'a', 'l', 'w', 'a']"
Chachapoyas-101_yellow-1,,Chachapoyas,101_yellow,killu,killu,k i dʑ u,,taylor2006,1012,,,,,82,k i dʑ u,"['k', 'i', 'dʑ', 'u']"
Chacpar-101_yellow-1,,Chacpar,101_yellow,ġaλwa.š,ġaλwa.š,ɢ a ʎ w a ʃ,,heggarty2005,995,,,,,7817,ɢ a ʎ w a ʃ,"['ɢ', 'a', 'ʎ', 'w', 'a', 'ʃ']"
Chetilla-101_yellow-1,,Chetilla,101_yellow,qarwa,qarwa,q a r w a,,heggarty2005,995,,,,,7817,q a r w a -,"['q', 'a', 'r', 'w', 'a']"
Chipaya-101_yellow-1,,Chipaya,101_yellow,q'iλu,q'iλu,qʼ i ʎ u,,heggarty2005,1016,,,,,83,qʼ i ʎ - u,"['qʼ', 'i', 'ʎ', 'u']"
Curva-101_yellow-1,,Curva,101_yellow,q'iλu,q'iλu,qʼ i ʎ u,,heggarty2005,1012,,,,,82,qʼ i ʎ u,"['qʼ', 'i', 'ʎ', 'u']"
Cuzco-101_yellow-1,,Cuzco,101_yellow,q'iλu,q'iλu,qʼ i ʎ u,,heggarty2005,1012,,,,,82,qʼ i ʎ u,"['qʼ', 'i', 'ʎ', 'u']"
CuzquenoAntiguo-101_yellow-1,,CuzquenoAntiguo,101_yellow,"qqello, ccarhua",qqello,χ i ʎ u,,holguin1608,1012,,,,,82,χ i ʎ u,"['χ', 'i', 'ʎ', 'u']"
CuzquenoAntiguo-101_yellow-2,,CuzquenoAntiguo,101_yellow,"qqello, ccarhua",ccarhua,χ a r w a,,holguin1608,995,,,,,7817,χ a r w a -,"['χ', 'a', 'r', 'w', 'a']"
Huallaga-101_yellow-1,,Huallaga,101_yellow,qarwa.š,qarwa.š,q a r w a ʃ,,heggarty2005,995,,,,,7817,q a r w a ʃ,"['q', 'a', 'r', 'w', 'a', 'ʃ']"
Jauja-101_yellow-1,,Jauja,101_yellow,tunqush,tunqush,t u n ʔ u ʂ,,cerron1976,102,,,,,158,t u n ʔ u ʂ,"['t', 'u', 'n', 'ʔ', 'u', 'ʂ']"
Huanca-101_yellow-1,,Huanca,101_yellow,tunqush,tunqush,t u n ʔ u ʂ,,cerron1976,102,,,,,158,t u n ʔ u ʂ,"['t', 'u', 'n', 'ʔ', 'u', 'ʂ']"
Huancane-101_yellow-1,,Huancane,101_yellow,q'iλu,q'iλu,qʼ i ʎ u,,heggarty2005,61,,,,quechua,135,qʼ i ʎ - u,"['qʼ', 'i', 'ʎ', 'u']"
Huangascar-101_yellow-1,,Huangascar,101_yellow,qarwa,qarwa,q a ɾ w a,,shimelman2017,995,,,,,7817,q a ɾ w a -,"['q', 'a', 'ɾ', 'w', 'a']"
HuarazHuailas-101_yellow-1,,HuarazHuailas,101_yellow,qarwash,qarwash,q a ɾ w a ʃ,,parkerchavez1976,995,,,,,7817,q a ɾ w a ʃ,"['q', 'a', 'ɾ', 'w', 'a', 'ʃ']"
Imbabura-101_yellow-1,,Imbabura,101_yellow,killu,killu,k i ʎ u,,gomez2009,1012,,,,,82,k i ʎ u,"['k', 'i', 'ʎ', 'u']"
Inkawasi-101_yellow-1,,Inkawasi,101_yellow,χarwa,χarwa,χ a r w a,,heggarty2005,995,,,,,7817,χ a r w a -,"['χ', 'a', 'r', 'w', 'a']"
Iruhito-101_yellow-1,,Iruhito,101_yellow,k’élyu,k’élyu,kʼ e l j u,,cerron2016,601,,,,quechua,443,kʼ e l j u,"['kʼ', 'e', 'l', 'j', 'u']"
Jaqaru-101_yellow-1,,Jaqaru,101_yellow,tyuyu,tyuyu,tʲ u j u,,heggarty2005,997,,,,,7820,tʲ u j u,"['tʲ', 'u', 'j', 'u']"
Kawki-101_yellow-1,,Kawki,101_yellow,qar.wa,qarwa,q a r w a,,heggarty2005,16,,,,,108,q a r w a -,"['q', 'a', 'r', 'w', 'a']"
Lamas-101_yellow-1,,Lamas,101_yellow,killu,killu,k i dʑ u,,taylor2006,1012,,,,,82,k i dʑ u,"['k', 'i', 'dʑ', 'u']"
Laraos-101_yellow-1,,Laraos,101_yellow,qarwa.š,qarwa.š,q a r w a ʃ,,heggarty2005,995,,,,,7817,q a r w a ʃ,"['q', 'a', 'r', 'w', 'a', 'ʃ']"
Lincha-Tana-101_yellow-1,,Lincha-Tana,101_yellow,qarwa,qarwa,q a ɾ w a,,shimelman2017,995,,,,,7817,q a ɾ w a -,"['q', 'a', 'ɾ', 'w', 'a']"
Maragua-101_yellow-1,,Maragua,101_yellow,q'iλu,q'iλu,qʼ i ʎ u,,heggarty2005,1012,,,,,82,qʼ i ʎ u,"['qʼ', 'i', 'ʎ', 'u']"
Napo-101_yellow-1,,Napo,101_yellow,quillu,quillu,k i ʎ u,,orrwrisley1981,1012,,,,,82,k i ʎ u,"['k', 'i', 'ʎ', 'u']"
Pacaraos-101_yellow-1,,Pacaraos,101_yellow,qarwa,qarwa,ʁ a ɾ w a,,adelaar1982,995,,,,,7817,ʁ a ɾ w a -,"['ʁ', 'a', 'ɾ', 'w', 'a']"
Pastaza-101_yellow-1,,Pastaza,101_yellow,quillu,quillu,k i ʎ u,,landerman1973,1012,,,,,82,k i ʎ u,"['k', 'i', 'ʎ', 'u']"
Pocona-101_yellow-1,,Pocona,101_yellow,q'iλu,q'iλu,qʼ i ʎ u,,heggarty2005,1012,,,,,82,qʼ i ʎ u,"['qʼ', 'i', 'ʎ', 'u']"
Puki-101_yellow-1,,Puki,101_yellow,q'iλu,q'iλu,qʼ i ʎ u,,heggarty2005,602,,,,quechua,444,qʼ i ʎ - u,"['qʼ', 'i', 'ʎ', 'u']"
Puno-101_yellow-1,,Puno,101_yellow,q'iλu,q'iλu,qʼ i ʎ u,,heggarty2005,1012,,,,,82,qʼ i ʎ u,"['qʼ', 'i', 'ʎ', 'u']"
Putumayo-101_yellow-1,,Putumayo,101_yellow,quillu,quillu,x i ʎ u,,tandioy1978,1012,,,,,82,x i ʎ u,"['x', 'i', 'ʎ', 'u']"
Raimondi-101_yellow-1,,Raimondi,101_yellow,qarwash,qarwash,q a ɾ w a ʃ,,parkerchavez1976,995,,,,,7817,q a ɾ w a ʃ,"['q', 'a', 'ɾ', 'w', 'a', 'ʃ']"
SanPedro-101_yellow-1,,SanPedro,101_yellow,qarwa,qarwa,q a ɾ w a,,shimelman2017,995,,,,,7817,q a ɾ w a -,"['q', 'a', 'ɾ', 'w', 'a']"
Santiagueno-101_yellow-1,,Santiagueno,101_yellow,qellu,qellu,q ɪ ʒ u,,juanatey2021,1012,,,,,82,q ɪ ʒ u,"['q', 'ɪ', 'ʒ', 'u']"
SantoTomas-101_yellow-1,,SantoTomas,101_yellow,"quillo, quello",quillo,q i ʎ o,,santotomas1951,1012,,,,,82,q i ʎ o,"['q', 'i', 'ʎ', 'o']"
SantoTomas-101_yellow-2,,SantoTomas,101_yellow,"quillo, quello",quello,q e ʎ o,,santotomas1951,1012,,,,,82,q e ʎ o,"['q', 'e', 'ʎ', 'o']"
Serena-101_yellow-1,,Serena,101_yellow,kiλu,kiλu,k i ʎ u,,heggarty2005,1012,,,,,82,k i ʎ u,"['k', 'i', 'ʎ', 'u']"
Sullkatiti-101_yellow-1,,Sullkatiti,101_yellow,q'iλu,q'iλu,qʼ i ʎ u,,heggarty2005,603,,,,quechua,445,qʼ i ʎ - u,"['qʼ', 'i', 'ʎ', 'u']"
Taquile-101_yellow-1,,Taquile,101_yellow,q'iλu,q'iλu,qʼ i ʎ u,,heggarty2005,1012,,,,,82,qʼ i ʎ u,"['qʼ', 'i', 'ʎ', 'u']"
Tarma-101_yellow-1,,Tarma,101_yellow,xarwash,xarwash,q a ɾ w a ʃ,,adelaar1977,995,,,,,7817,q a ɾ w a ʃ,"['q', 'a', 'ɾ', 'w', 'a', 'ʃ']"
Troje-101_yellow-1,,Troje,101_yellow,kižu,kižu,k i ʒ u,,heggarty2005,1012,,,,,82,k i ʒ u,"['k', 'i', 'ʒ', 'u']"
Tsimu-101_yellow-1,,Tsimu,101_yellow,pá:ku:,pá:ku:,p aː k uː,"quechua, aymara",cerron2016,996,,,,,7818,p aː k uː,"['p', 'aː', 'k', 'uː']"
Wari-101_yellow-1,,Wari,101_yellow,qarwash,qarwash,q a ɾ w a ʃ,,parkerchavez1976,995,,,,,7817,q a ɾ w a ʃ,"['q', 'a', 'ɾ', 'w', 'a', 'ʃ']"
Yanac-101_yellow-1,,Yanac,101_yellow,qarwa,qarwa,q a r w a,,heggarty2005,995,,,,,7817,q a r w a -,"['q', 'a', 'r', 'w', 'a']"
Anonimo-102_big-1,,Anonimo,102_big,hatun,hatun,h a t u n,,valera1586,194,,,,,207,h a t u n,"['h', 'a', 't', 'u', 'n']"
Apuri-102_big-1,,Apuri,102_big,hatun,hatun,h a t u n,,shimelman2017,194,,,,,207,h a t u n,"['h', 'a', 't', 'u', 'n']"
Apurimac-102_big-1,,Apurimac,102_big,hatun,hatun,h a t u n,,camacho2007,194,,,,,207,h a t u n,"['h', 'a', 't', 'u', 'n']"
Arma-102_big-1,,Arma,102_big,hatun,hatun,h a t u ŋ,,galvez2003,194,,,,,207,h a t u ŋ,"['h', 'a', 't', 'u', 'ŋ']"
Atalla-102_big-1,,Atalla,102_big,hatun,hatun,h a t u n,,heggarty2005,194,,,,,207,h a t u n,"['h', 'a', 't', 'u', 'n']"
Ayacucho-102_big-1,,Ayacucho,102_big,hatun,hatun,h a t u ŋ,,soto1976,194,,,,,207,h a t u ŋ,"['h', 'a', 't', 'u', 'ŋ']"
Bobonaza-102_big-1,,Bobonaza,102_big,jatun,jatun,h a t u n,,orrwrisley1981,194,,,,,207,h a t u n,"['h', 'a', 't', 'u', 'n']"
Cacra-Hongos-102_big-1,,Cacra-Hongos,102_big,hatun,hatun,h a t u n,,shimelman2017,194,,,,,207,h a t u n,"['h', 'a', 't', 'u', 'n']"
Chachapoyas-102_big-1,,Chachapoyas,102_big,atun,atun,a t u n,,taylor2006,194,,,,,207,- a t u n,"['a', 't', 'u', 'n']"
Chacpar-102_big-1,,Chacpar,102_big,hatun,hatun,h a t u n,,heggarty2005,194,,,,,207,h a t u n,"['h', 'a', 't', 'u', 'n']"
Chetilla-102_big-1,,Chetilla,102_big,atun,atun,a t u n,,heggarty2005,194,,,,,207,- a t u n,"['a', 't', 'u', 'n']"
Chipaya-102_big-1,,Chipaya,102_big,mikta;,mikta,m i k t a,,heggarty2005,1017,,,,,84,m i k t a - - - -,"['m', 'i', 'k', 't', 'a']"
Curva-102_big-1,,Curva,102_big,athun,athun,a tʰ u n,,heggarty2005,194,,,,,207,- a tʰ u n,"['a', 'tʰ', 'u', 'n']"
Cuzco-102_big-1,,Cuzco,102_big,hatun,hatun,h a t u n,,heggarty2005,194,,,,,207,h a t u n,"['h', 'a', 't', 'u', 'n']"
CuzquenoAntiguo-102_big-1,,CuzquenoAntiguo,102_big,hatun,hatun,h a t u n,,holguin1608,194,,,,,207,h a t u n,"['h', 'a', 't', 'u', 'n']"
Huallaga-102_big-1,,Huallaga,102_big,hatun,hatun,h a t u n,,heggarty2005,194,,,,,207,h a t u n,"['h', 'a', 't', 'u', 'n']"
Huanca-102_big-1,,Huanca,102_big,hatun,hatun,h a t u n,,cerron2018,194,,,,,207,h a t u n,"['h', 'a', 't', 'u', 'n']"
Huancane-102_big-1,,Huancane,102_big,hač'a,hač'a,h a tʃʼ a,,heggarty2005,1018,,,,,85,h a - tʃʼ a,"['h', 'a', 'tʃʼ', 'a']"
Huangascar-102_big-1,,Huangascar,102_big,hatun,hatun,h a t u n,,shimelman2017,194,,,,,207,h a t u n,"['h', 'a', 't', 'u', 'n']"
HuarazHuailas-102_big-1,,HuarazHuailas,102_big,hatun,hatun,h a t u n,,parkerchavez1976,194,,,,,207,h a t u n,"['h', 'a', 't', 'u', 'n']"
Imbabura-102_big-1,,Imbabura,102_big,jatun,jatun,x a t u n,,gomez2009,194,,,,,207,x a t u n,"['x', 'a', 't', 'u', 'n']"
Inkawasi-102_big-1,,Inkawasi,102_big,atun,atun,a t u n,,heggarty2005,194,,,,,207,- a t u n,"['a', 't', 'u', 'n']"
Iruhito-102_big-1,,Iruhito,102_big,tsákua,tsákua,ts a k u a,puquina,cerron2016,195,,,,,208,ts a k u a,"['ts', 'a', 'k', 'u', 'a']"
Jaqaru-102_big-1,,Jaqaru,102_big,axts'a,axts'a,a x tsʼ a,,heggarty2005,1018,,,,,85,- a x tsʼ a,"['a', 'x', 'tsʼ', 'a']"
Kawki-102_big-1,,Kawki,102_big,asĉ'a,asĉ'a,a s ʈʂʼ a,,heggarty2005,1018,,,,,85,- a s ʈʂʼ a,"['a', 's', 'ʈʂʼ', 'a']"
Lamas-102_big-1,,Lamas,102_big,atun,atun,a t u n,,taylor2006,194,,,,,207,- a t u n,"['a', 't', 'u', 'n']"
Laraos-102_big-1,,Laraos,102_big,hatun,hatun,h a t u n,,heggarty2005,194,,,,,207,h a t u n,"['h', 'a', 't', 'u', 'n']"
Lincha-Tana-102_big-1,,Lincha-Tana,102_big,hatun,hatun,h a t u n,,shimelman2017,194,,,,,207,h a t u n,"['h', 'a', 't', 'u', 'n']"
Maragua-102_big-1,,Maragua,102_big,hatun,hatun,h a t u n,,heggarty2005,194,,,,,207,h a t u n,"['h', 'a', 't', 'u', 'n']"
Napo-102_big-1,,Napo,102_big,jatun,jatun,h a t u n,,orrwrisley1981,194,,,,,207,h a t u n,"['h', 'a', 't', 'u', 'n']"
Pacaraos-102_big-1,,Pacaraos,102_big,hatun,hatun,x a t u ŋ,,adelaar1982,194,,,,,207,x a t u ŋ,"['x', 'a', 't', 'u', 'ŋ']"
Pastaza-102_big-1,,Pastaza,102_big,atun,atun,a t u n,,landerman1973,194,,,,,207,- a t u n,"['a', 't', 'u', 'n']"
Pocona-102_big-1,,Pocona,102_big,hatun,hatun,h a t u n,,heggarty2005,194,,,,,207,h a t u n,"['h', 'a', 't', 'u', 'n']"
Puki-102_big-1,,Puki,102_big,hač'a,hač'a,h a tʃʼ a,,heggarty2005,1018,,,,,85,h a - tʃʼ a,"['h', 'a', 'tʃʼ', 'a']"
Puno-102_big-1,,Puno,102_big,hatun,hatun,h a t u n,,heggarty2005,194,,,,,207,h a t u n,"['h', 'a', 't', 'u', 'n']"
Putumayo-102_big-1,,Putumayo,102_big,atun,atun,a t u n,,tandioy1978,194,,,,,207,- a t u n,"['a', 't', 'u', 'n']"
SanPedro-102_big-1,,SanPedro,102_big,hatun,hatun,h a t u n,,shimelman2017,194,,,,,207,h a t u n,"['h', 'a', 't', 'u', 'n']"
Santiagueno-102_big-1,,Santiagueno,102_big,atun,atun,a t u n,,juanatey2021,194,,,,,207,- a t u n,"['a', 't', 'u', 'n']"
SantoTomas-102_big-1,,SantoTomas,102_big,atun,atun,a t u n,,santotomas1996,194,,,,,207,- a t u n,"['a', 't', 'u', 'n']"
Serena-102_big-1,,Serena,102_big,atun,atun,a t u n,,heggarty2005,194,,,,,207,- a t u n,"['a', 't', 'u', 'n']"
Sullkatiti-102_big-1,,Sullkatiti,102_big,hač'a,hač'a,h a tʃʼ a,,heggarty2005,1018,,,,,85,h a - tʃʼ a,"['h', 'a', 'tʃʼ', 'a']"
Taquile-102_big-1,,Taquile,102_big,athun,athun,a tʰ u n,,heggarty2005,194,,,,,207,- a tʰ u n,"['a', 'tʰ', 'u', 'n']"
Tarma-102_big-1,,Tarma,102_big,xatun̊,xatun̊,χ a t u ŋ,,adelaar1977,194,,,,,207,χ a t u ŋ,"['χ', 'a', 't', 'u', 'ŋ']"
Troje-102_big-1,,Troje,102_big,hatun,hatun,h a t u n,,heggarty2005,194,,,,,207,h a t u n,"['h', 'a', 't', 'u', 'n']"
Tsimu-102_big-1,,Tsimu,102_big,tánsa,tánsa,t a n s a,aymara,cerron2016,1019,,,,,86,- - - t a n s - a,"['t', 'a', 'n', 's', 'a']"
Wari-102_big-1,,Wari,102_big,hatun,hatun,h a t u n,,parkerchavez1976,194,,,,,207,h a t u n,"['h', 'a', 't', 'u', 'n']"
Yanac-102_big-1,,Yanac,102_big,atun,atun,a t u n,,heggarty2005,194,,,,,207,- a t u n,"['a', 't', 'u', 'n']"
Anonimo-103_highup-1,,Anonimo,103_highup,"hanan, hanac",hanan,h a n a n,,valera1586,501,,,,,386,h a n a n,"['h', 'a', 'n', 'a', 'n']"
Anonimo-103_highup-2,,Anonimo,103_highup,"hanan, hanac",hanac,h a n a k,,valera1586,360,,,,,3037,h a n a ( - ) k,"['h', 'a', 'n', 'a', 'k']"
Apuri-103_highup-1,,Apuri,103_highup,"hanay, witray",hanay,h a n ai,,shimelman2017,360,,,,,3037,h a n ai ( - ) -,"['h', 'a', 'n', 'ai']"
Apuri-103_highup-2,,Apuri,103_highup,"hanay, witray",witray,w i ʈ ai,,shimelman2017,363,,,,,3040,w i ʈ ai -,"['w', 'i', 'ʈ', 'ai']"
Apurimac-103_highup-1,,Apurimac,103_highup,hanan,hanan,h a n a n,,camacho2007,501,,,,,386,h a n a n,"['h', 'a', 'n', 'a', 'n']"
Arma-103_highup-1,,Arma,103_highup,hanay,hanay,h a n ai,,galvez2003,360,,,,,3037,h a n ai ( - ) -,"['h', 'a', 'n', 'ai']"
Atalla-103_highup-1,,Atalla,103_highup,hana.χ,hana.χ,h a n a χ,,heggarty2005,360,,,,,3037,h a n a ( - ) χ,"['h', 'a', 'n', 'a', 'χ']"
Ayacucho-103_highup-1,,Ayacucho,103_highup,hanaq,hanaq,h a n a χ,,soto1976,360,,,,,3037,h a n a ( - ) χ,"['h', 'a', 'n', 'a', 'χ']"
Bobonaza-103_highup-1,,Bobonaza,103_highup,jahua,jahua,h a w a,,orrwrisley1981,124,,,,,17,h a w a,"['h', 'a', 'w', 'a']"
Cacra-Hongos-103_highup-1,,Cacra-Hongos,103_highup,"hanay, witray",hanay,h a n ai,,shimelman2017,360,,,,,3037,h a n ai ( - ) -,"['h', 'a', 'n', 'ai']"
Cacra-Hongos-103_highup-2,,Cacra-Hongos,103_highup,"hanay, witray",witray,w i ʈ ai,,shimelman2017,363,,,,,3040,w i ʈ ai -,"['w', 'i', 'ʈ', 'ai']"
Chachapoyas-103_highup-1,,Chachapoyas,103_highup,anaj,anaj,a n a x,,taylor2006,360,,,,,3037,- a n a ( - ) x,"['a', 'n', 'a', 'x']"
Chacpar-103_highup-1,,Chacpar,103_highup,hana,hana,h a n a,,heggarty2005,360,,,,,3037,h a n a ( - ) -,"['h', 'a', 'n', 'a']"
Chetilla-103_highup-1,,Chetilla,103_highup,ana.χ,ana.χ,a n a χ,,heggarty2005,360,,,,,3037,- a n a ( - ) χ,"['a', 'n', 'a', 'χ']"
Chipaya-103_highup-1,,Chipaya,103_highup,tsewku,tsewku,ts e w k u,,heggarty2005,361,,,,,3039,ts e w k u,"['ts', 'e', 'w', 'k', 'u']"
Curva-103_highup-1,,Curva,103_highup,hana.χ,hana.χ,h a n a χ,,heggarty2005,360,,,,,3037,h a n a ( - ) χ,"['h', 'a', 'n', 'a', 'χ']"
Cuzco-103_highup-1,,Cuzco,103_highup,wiča.y,wičay,w i tʃ ai,,heggarty2005,363,,,,,3040,w i tʃ ai -,"['w', 'i', 'tʃ', 'ai']"
CuzquenoAntiguo-103_highup-1,,CuzquenoAntiguo,103_highup,"hanan, hanak",hanan,h a n a n,,holguin1608,501,,,,,386,h a n a n,"['h', 'a', 'n', 'a', 'n']"
CuzquenoAntiguo-103_highup-2,,CuzquenoAntiguo,103_highup,"hanan, hanak",hanak,h a n a k,,holguin1608,360,,,,,3037,h a n a ( - ) k,"['h', 'a', 'n', 'a', 'k']"
Huallaga-103_highup-1,,Huallaga,103_highup,hana,hana,h a n a,,heggarty2005,360,,,,,3037,h a n a ( - ) -,"['h', 'a', 'n', 'a']"
Huanca-103_highup-1,,Huanca,103_highup,hana,hana,χ a n a,,cerron1976,360,,,,,3037,χ a n a ( - ) -,"['χ', 'a', 'n', 'a']"
Huancane-103_highup-1,,Huancane,103_highup,ala.ya,ala.ya,a l a + j a,,heggarty2005,364,,,,,3042 0,a l a + j - a,"['a', 'l', 'a', '+', 'j', 'a']"
Huangascar-103_highup-1,,Huangascar,103_highup,"hanay, witray",hanay,h a n ai,,shimelman2017,360,,,,,3037,h a n ai ( - ) -,"['h', 'a', 'n', 'ai']"
Huangascar-103_highup-2,,Huangascar,103_highup,"hanay, witray",witray,w i ʈ ai,,shimelman2017,363,,,,,3040,w i ʈ ai -,"['w', 'i', 'ʈ', 'ai']"
HuarazHuailas-103_highup-1,,HuarazHuailas,103_highup,hana,hana,x a ɲ a,,parkerchavez1976,360,,,,,3037,x a ɲ a ( - ) -,"['x', 'a', 'ɲ', 'a']"
Imbabura-103_highup-1,,Imbabura,103_highup,jatun,jatun,x a t u n,,gomez2009,194,,,,,207,x a t u n,"['x', 'a', 't', 'u', 'n']"
Inkawasi-103_highup-1,,Inkawasi,103_highup,ana.χ,ana.χ,a n a χ,,heggarty2005,360,,,,,3037,- a n a ( - ) χ,"['a', 'n', 'a', 'χ']"
Jaqaru-103_highup-1,,Jaqaru,103_highup,ari.ya,ari.ya,a r i + j a,,heggarty2005,364,,,,,3042 0,a r i + j - a,"['a', 'r', 'i', '+', 'j', 'a']"
Kawki-103_highup-1,,Kawki,103_highup,ari.ya,ari.ya,a r i + j a,,heggarty2005,364,,,,,3042 0,a r i + j - a,"['a', 'r', 'i', '+', 'j', 'a']"
Lamas-103_highup-1,,Lamas,103_highup,anak,anak,a n a k,,taylor2006,360,,,,,3037,- a n a ( - ) k,"['a', 'n', 'a', 'k']"
Laraos-103_highup-1,,Laraos,103_highup,hana.y,hana.y,h a n ai,,heggarty2005,360,,,,,3037,h a n ai ( - ) -,"['h', 'a', 'n', 'ai']"
Lincha-Tana-103_highup-1,,Lincha-Tana,103_highup,"hanay, witray",hanay,h a n ai,,shimelman2017,360,,,,,3037,h a n ai ( - ) -,"['h', 'a', 'n', 'ai']"
Lincha-Tana-103_highup-2,,Lincha-Tana,103_highup,"hanay, witray",witray,w i ʈ ai,,shimelman2017,363,,,,,3040,w i ʈ ai -,"['w', 'i', 'ʈ', 'ai']"
Maragua-103_highup-1,,Maragua,103_highup,pata,pata,p a t a,,heggarty2005,1022,,,,,88,p a t a,"['p', 'a', 't', 'a']"
Napo-103_highup-1,,Napo,103_highup,jahua,jahua,h a w a,,orrwrisley1981,124,,,,,17,h a w a,"['h', 'a', 'w', 'a']"
Pacaraos-103_highup-1,,Pacaraos,103_highup,hana,hana,x a n a,,adelaar1982,360,,,,,3037,x a n a ( - ) -,"['x', 'a', 'n', 'a']"
Pastaza-103_highup-1,,Pastaza,103_highup,awa,awa,a w a,,landerman1973,124,,,,,17,- a w a,"['a', 'w', 'a']"
Pocona-103_highup-1,,Pocona,103_highup,pata,pata,p a t a,,heggarty2005,1022,,,,,88,p a t a,"['p', 'a', 't', 'a']"
Puki-103_highup-1,,Puki,103_highup,ara.χa,ara.χa,a r a + χ a,,heggarty2005,364,,,,,3042 0,a r a + - χ a,"['a', 'r', 'a', '+', 'χ', 'a']"
Puno-103_highup-1,,Puno,103_highup,wiča.y,wičay,w i tʃ ai,,heggarty2005,363,,,,,3040,w i tʃ ai -,"['w', 'i', 'tʃ', 'ai']"
Putumayo-103_highup-1,,Putumayo,103_highup,"ahuapi, huíchay",ahuapi,a w a + p i,,tandioy1978,124,,,,,17 0,- a w a + p i,"['a', 'w', 'a', '+', 'p', 'i']"
Putumayo-103_highup-2,,Putumayo,103_highup,"ahuapi, huíchay",huíchay,w i tʃ ai,,tandioy1978,363,,,,,3040,w i tʃ ai -,"['w', 'i', 'tʃ', 'ai']"
Raimondi-103_highup-1,,Raimondi,103_highup,hana,hana,x a ɲ a,,parkerchavez1976,360,,,,,3037,x a ɲ a ( - ) -,"['x', 'a', 'ɲ', 'a']"
SanPedro-103_highup-1,,SanPedro,103_highup,"hanay, witray",hanay,h a n ai,,shimelman2017,360,,,,,3037,h a n ai ( - ) -,"['h', 'a', 'n', 'ai']"
SanPedro-103_highup-2,,SanPedro,103_highup,"hanay, witray",witray,w i ʈ ai,,shimelman2017,363,,,,,3040,w i ʈ ai -,"['w', 'i', 'ʈ', 'ai']"
Santiagueno-103_highup-1,,Santiagueno,103_highup,anaq,anaq,a n a χ,,juanatey2021,360,,,,,3037,- a n a ( - ) χ,"['a', 'n', 'a', 'χ']"
SantoTomas-103_highup-1,,SantoTomas,103_highup,hananc,hananc,h a n a n k,,santotomas1951,360,,,,,3037,h a n a ( n ) k,"['h', 'a', 'n', 'a', 'n', 'k']"
Serena-103_highup-1,,Serena,103_highup,ana.k,ana.k,a n a k,,heggarty2005,360,,,,,3037,- a n a ( - ) k,"['a', 'n', 'a', 'k']"
Sullkatiti-103_highup-1,,Sullkatiti,103_highup,"ala.ya, .χa",ala.ya,a l a + j a,,heggarty2005,364,,,,,3042 0,a l a + j - a,"['a', 'l', 'a', '+', 'j', 'a']"
Sullkatiti-103_highup-2,,Sullkatiti,103_highup,"ala.ya, .χa",.χa,a l a + j a + χ a,,heggarty2005,364,,,,,3042 0 0,a l a + j a + χ a,"['a', 'l', 'a', '+', 'j', 'a', '+', 'χ', 'a']"
Taquile-103_highup-1,,Taquile,103_highup,hana.χ,hana.χ,h a n a χ,,heggarty2005,360,,,,,3037,h a n a ( - ) χ,"['h', 'a', 'n', 'a', 'χ']"
Tarma-103_highup-1,,Tarma,103_highup,xana,xana,χ a n a,,adelaar1977,360,,,,,3037,χ a n a ( - ) -,"['χ', 'a', 'n', 'a']"
Troje-103_highup-1,,Troje,103_highup,hana.x,hana.x,h a n a x,,heggarty2005,360,,,,,3037,h a n a ( - ) x,"['h', 'a', 'n', 'a', 'x']"
Wari-103_highup-1,,Wari,103_highup,hana,hana,x a ɲ a,,parkerchavez1976,360,,,,,3037,x a ɲ a ( - ) -,"['x', 'a', 'ɲ', 'a']"
Yanac-103_highup-1,,Yanac,103_highup,uma,uma,u m a,,heggarty2005,312,,,,,2769,( - ) u m a,"['u', 'm', 'a']"
Anonimo-104_small-1,,Anonimo,104_small,"huchuy, huchuylla",huchuy,h u tʃ ui,,valera1586,504,,,,,389,h u tʃ ui,"['h', 'u', 'tʃ', 'ui']"
Apuri-104_small-1,,Apuri,104_small,taksa,taksa,t a k s a,,shimelman2017,1023,,,,,89,t a k s a,"['t', 'a', 'k', 's', 'a']"
Apuri-104_small-2,,Apuri,104_small,uchuk,uchuk,u tʃ u k,,shimelman2017,510,,,,,390,u tʃ u k,"['u', 'tʃ', 'u', 'k']"
Apurimac-104_small-1,,Apurimac,104_small,"chiki, chinki, chinli",chiki,tʃ i k i,,camacho2007,1025,,,,,90,tʃ i - k i,"['tʃ', 'i', 'k', 'i']"
Apurimac-104_small-2,,Apurimac,104_small,"chiki, chinki, chinli",chinki,tʃ i n k i,,camacho2007,1025,,,,,90,tʃ i n k i,"['tʃ', 'i', 'n', 'k', 'i']"
Apurimac-104_small-3,,Apurimac,104_small,"chiki, chinki, chinli",chinli,tʃ i n l i,,camacho2007,502,,,,,387,tʃ i n l i,"['tʃ', 'i', 'n', 'l', 'i']"
Apurimac-104_small-4,,Apurimac,104_small,"huchuy, uchuy",huchuy,h u tʃ ui,,camacho2007,504,,,,,389,h u tʃ ui,"['h', 'u', 'tʃ', 'ui']"
Apurimac-104_small-5,,Apurimac,104_small,taksa,taksa,t a k s a,,camacho2007,1023,,,,,89,t a k s a,"['t', 'a', 'k', 's', 'a']"
Arma-104_small-1,,Arma,104_small,"taksa, uchuy",taksa,t a k s a,,galvez2003,1023,,,,,89,t a k s a,"['t', 'a', 'k', 's', 'a']"
Arma-104_small-2,,Arma,104_small,"taksa, uchuy",uchuy,u tʃ ui,,galvez2003,504,,,,,389,- u tʃ ui,"['u', 'tʃ', 'ui']"
Atalla-104_small-1,,Atalla,104_small,taksa,taksa,t a k s a,,heggarty2005,1023,,,,,89,t a k s a,"['t', 'a', 'k', 's', 'a']"
Ayacucho-104_small-1,,Ayacucho,104_small,"taksa, uchuy",taksa,t a k s a,,soto1976,1023,,,,,89,t a k s a,"['t', 'a', 'k', 's', 'a']"
Ayacucho-104_small-2,,Ayacucho,104_small,"taksa, uchuy",uchuy,u tʃ ui,,soto1976,504,,,,,389,- u tʃ ui,"['u', 'tʃ', 'ui']"
Bobonaza-104_small-1,,Bobonaza,104_small,ichilla,ichilla,i tʃ i + ʎ a,,orrwrisley1981,504,,,,,389 0,- i tʃ i + ʎ a,"['i', 'tʃ', 'i', '+', 'ʎ', 'a']"
Cacra-Hongos-104_small-1,,Cacra-Hongos,104_small,taksa,taksa,t a k s a,,shimelman2017,1023,,,,,89,t a k s a,"['t', 'a', 'k', 's', 'a']"
Cacra-Hongos-104_small-2,,Cacra-Hongos,104_small,uchuk,uchuk,u tʃ u k,,shimelman2017,510,,,,,390,u tʃ u k,"['u', 'tʃ', 'u', 'k']"
Chachapoyas-104_small-1,,Chachapoyas,104_small,uchuylla,uchuylla,u tʃ ui + ʎ a,variant: uchilla,taylor2006,504,,,,,389 0,- u tʃ ui + ʎ a,"['u', 'tʃ', 'ui', '+', 'ʎ', 'a']"
Chacpar-104_small-1,,Chacpar,104_small,ičik,ičik,i tʃ i k,,heggarty2005,510,,,,,390,i tʃ i k,"['i', 'tʃ', 'i', 'k']"
Chetilla-104_small-1,,Chetilla,104_small,takša,takša,t a k ʃ a,,heggarty2005,1023,,,,,89,t a k ʃ a,"['t', 'a', 'k', 'ʃ', 'a']"
Chipaya-104_small-1,,Chipaya,104_small,zqolta,zqolta,z q o l t a,,heggarty2005,849,,,,,5916,z q o l t a,"['z', 'q', 'o', 'l', 't', 'a']"
Curva-104_small-1,,Curva,104_small,huč'uy,huč'uy,h u tʃʼ ui,,heggarty2005,504,,,,,389,h u tʃʼ ui,"['h', 'u', 'tʃʼ', 'ui']"
Cuzco-104_small-1,,Cuzco,104_small,huč'uy,huč'uy,h u tʃʼ ui,,heggarty2005,504,,,,,389,h u tʃʼ ui,"['h', 'u', 'tʃʼ', 'ui']"
CuzquenoAntiguo-104_small-1,,CuzquenoAntiguo,104_small,huchuy,huchuy,h u tʃ ui,,holguin1608,504,,,,,389,h u tʃ ui,"['h', 'u', 'tʃ', 'ui']"
Huallaga-104_small-1,,Huallaga,104_small,ičik,ičik,i tʃ i k,,heggarty2005,510,,,,,390,i tʃ i k,"['i', 'tʃ', 'i', 'k']"
Huanca-104_small-1,,Huanca,104_small,uchuk,uchuk,u tʃ u k,,cerron1976,510,,,,,390,u tʃ u k,"['u', 'tʃ', 'u', 'k']"
Huanca-104_small-2,,Huanca,104_small,taksha,taksha,t a k ʂ a,,cerron1976,1023,,,,,89,t a k ʂ a,"['t', 'a', 'k', 'ʂ', 'a']"
Huancane-104_small-1,,Huancane,104_small,hisk'a,hisk'a,h i s kʼ a,,heggarty2005,850,,,,,5917,h i s kʼ a,"['h', 'i', 's', 'kʼ', 'a']"
Huangascar-104_small-1,,Huangascar,104_small,taksa,taksa,t a k s a,,shimelman2017,1023,,,,,89,t a k s a,"['t', 'a', 'k', 's', 'a']"
Huangascar-104_small-2,,Huangascar,104_small,uchuk,uchuk,u tʃ u k,,shimelman2017,510,,,,,390,u tʃ u k,"['u', 'tʃ', 'u', 'k']"
HuarazHuailas-104_small-1,,HuarazHuailas,104_small,taksha,taksha,t a k ʃ a,,parkerchavez1976,1023,,,,,89,t a k ʃ a,"['t', 'a', 'k', 'ʃ', 'a']"
Imbabura-104_small-1,,Imbabura,104_small,uchilla,uchilla,u tʃ i + ʎ a,,gomez2009,504,,,,,389 0,- u tʃ i + ʎ a,"['u', 'tʃ', 'i', '+', 'ʎ', 'a']"
Inkawasi-104_small-1,,Inkawasi,104_small,takša,takša,t a k ʃ a,,heggarty2005,1023,,,,,89,t a k ʃ a,"['t', 'a', 'k', 'ʃ', 'a']"
Iruhito-104_small-1,,Iruhito,104_small,u:tšó:ñi,u:tšó:ñi,uː tʃ oː ɲ i,,cerron2016,24,,,,,112,- uː tʃ oː - ( ɲ i ),"['uː', 'tʃ', 'oː', 'ɲ', 'i']"
Jaqaru-104_small-1,,Jaqaru,104_small,"utyitya, uxtyitya",utyitya,u tʲ i tʲ a,,heggarty2005,1020,,,,,87,u ( - ) tʲ i tʲ a,"['u', 'tʲ', 'i', 'tʲ', 'a']"
Jaqaru-104_small-2,,Jaqaru,104_small,"utyitya, uxtyitya",uxtyitya,u x tʲ i tʲ a,,heggarty2005,1020,,,,,87,u ( x ) tʲ i tʲ a,"['u', 'x', 'tʲ', 'i', 'tʲ', 'a']"
Kawki-104_small-1,,Kawki,104_small,ityitya,ityitya,i tʲ i tʲ a,,heggarty2005,1020,,,,,87,i ( - ) tʲ i tʲ a,"['i', 'tʲ', 'i', 'tʲ', 'a']"
Lamas-104_small-1,,Lamas,104_small,taksha,taksha,t a k ʃ a,,taylor2006,1023,,,,,89,t a k ʃ a,"['t', 'a', 'k', 'ʃ', 'a']"
Laraos-104_small-1,,Laraos,104_small,učuy,učuy,u tʃ ui,,heggarty2005,504,,,,,389,- u tʃ ui,"['u', 'tʃ', 'ui']"
Lincha-Tana-104_small-1,,Lincha-Tana,104_small,taksa,taksa,t a k s a,,shimelman2017,1023,,,,,89,t a k s a,"['t', 'a', 'k', 's', 'a']"
Lincha-Tana-104_small-2,,Lincha-Tana,104_small,uchuk,uchuk,u tʃ u k,,shimelman2017,510,,,,,390,u tʃ u k,"['u', 'tʃ', 'u', 'k']"
Maragua-104_small-1,,Maragua,104_small,huč'uy,huč'uy,h u tʃʼ ui,,heggarty2005,504,,,,,389,h u tʃʼ ui,"['h', 'u', 'tʃʼ', 'ui']"
Napo-104_small-1,,Napo,104_small,ichilla,ichilla,i tʃ i + ʎ a,,orrwrisley1981,504,,,,,389 0,- i tʃ i + ʎ a,"['i', 'tʃ', 'i', '+', 'ʎ', 'a']"
Pacaraos-104_small-1,,Pacaraos,104_small,uchuk,uchuk,u tʃ u k,,adelaar1982,510,,,,,390,u tʃ u k,"['u', 'tʃ', 'u', 'k']"
Pastaza-104_small-1,,Pastaza,104_small,uchilla,uchilla,u tʃ i + ʎ a,,landerman1973,504,,,,,389 0,- u tʃ i + ʎ a,"['u', 'tʃ', 'i', '+', 'ʎ', 'a']"
Pocona-104_small-1,,Pocona,104_small,huč'uy,huč'uy,h u tʃʼ ui,,heggarty2005,504,,,,,389,h u tʃʼ ui,"['h', 'u', 'tʃʼ', 'ui']"
Puki-104_small-1,,Puki,104_small,sik'a,sik'a,s i kʼ a,,heggarty2005,850,,,,,5917,s i - kʼ a,"['s', 'i', 'kʼ', 'a']"
Puno-104_small-1,,Puno,104_small,huč'uy,huč'uy,h u tʃʼ ui,,heggarty2005,504,,,,,389,h u tʃʼ ui,"['h', 'u', 'tʃʼ', 'ui']"
Putumayo-104_small-1,,Putumayo,104_small,uchulla,uchulla,u tʃ u + ʎ a,,tandioy1978,504,,,,,389 0,- u tʃ u + ʎ a,"['u', 'tʃ', 'u', '+', 'ʎ', 'a']"
Raimondi-104_small-1,,Raimondi,104_small,taksha,taksha,t a k ʃ a,,parkerchavez1976,1023,,,,,89,t a k ʃ a,"['t', 'a', 'k', 'ʃ', 'a']"
SanPedro-104_small-1,,SanPedro,104_small,taksa,taksa,t a k s a,,shimelman2017,1023,,,,,89,t a k s a,"['t', 'a', 'k', 's', 'a']"
SanPedro-104_small-2,,SanPedro,104_small,uchuk,uchuk,u tʃ u k,,shimelman2017,510,,,,,390,u tʃ u k,"['u', 'tʃ', 'u', 'k']"
Santiagueno-104_small-1,,Santiagueno,104_small,utula,utula,u t u + l a,,juanatey2021,504,,,,,389 0,- u t u + l a,"['u', 't', 'u', '+', 'l', 'a']"
SantoTomas-104_small-1,,SantoTomas,104_small,vchu,vchu,u tʃ u,,santotomas1996,504,,,,,389,- u tʃ u,"['u', 'tʃ', 'u']"
Serena-104_small-1,,Serena,104_small,iči.λa,iči.λa,i tʃ i + ʎ a,,heggarty2005,504,,,,,389 0,- i tʃ i + ʎ a,"['i', 'tʃ', 'i', '+', 'ʎ', 'a']"
Sullkatiti-104_small-1,,Sullkatiti,104_small,hisk'a,hisk'a,h i s kʼ a,,heggarty2005,850,,,,,5917,h i s kʼ a,"['h', 'i', 's', 'kʼ', 'a']"
Taquile-104_small-1,,Taquile,104_small,huč'uy,huč'uy,h u tʃʼ ui,,heggarty2005,504,,,,,389,h u tʃʼ ui,"['h', 'u', 'tʃʼ', 'ui']"
Tarma-104_small-1,,Tarma,104_small,"ičikla, takša",ičikla,i tʃ i k + l a,"taksa for person, icikla for things",adelaar1977,510,,,,,390 0,i tʃ i k + l a,"['i', 'tʃ', 'i', 'k', '+', 'l', 'a']"
Tarma-104_small-2,,Tarma,104_small,"ičikla, takša",takša,t a k ʃ a,"taksa for person, icikla for things",adelaar1977,1023,,,,,89,t a k ʃ a,"['t', 'a', 'k', 'ʃ', 'a']"
Troje-104_small-1,,Troje,104_small,uči.ža,uči.ža,u tʃ i + ʒ a,,heggarty2005,504,,,,,389 0,- u tʃ i + ʒ a,"['u', 'tʃ', 'i', '+', 'ʒ', 'a']"
Tsimu-104_small-1,,Tsimu,104_small,ú:tšu-uaí:ka,ú:tšu-uaí:ka,uː tʃ u + u a iː k a,,cerron2016,25,,,,,112 380,- uː tʃ u - ( - - ) + u a iː k a,"['uː', 'tʃ', 'u', '+', 'u', 'a', 'iː', 'k', 'a']"
Wari-104_small-1,,Wari,104_small,taksha,taksha,t a k ʃ a,,parkerchavez1976,1023,,,,,89,t a k ʃ a,"['t', 'a', 'k', 'ʃ', 'a']"
Yanac-104_small-1,,Yanac,104_small,"učuk, ičik",učuk,u tʃ u k,,heggarty2005,510,,,,,390,u tʃ u k,"['u', 'tʃ', 'u', 'k']"
Yanac-104_small-2,,Yanac,104_small,"učuk, ičik",ičik,i tʃ i k,,heggarty2005,510,,,,,390,i tʃ i k,"['i', 'tʃ', 'i', 'k']"
Anonimo-105_youngfemale-1,,Anonimo,105_youngfemale,ʃipas,ʃipas,!s̺/s i p a !s̺/s,,valera1586,998,,,,,7875,!s̺/s i p a !s̺/s,"['!s̺/s', 'i', 'p', 'a', '!s̺/s']"
Apurimac-105_youngfemale-1,,Apurimac,105_youngfemale,sipas,sipas,s i p a s,,camacho2007,998,,,,,7875,s i p a s,"['s', 'i', 'p', 'a', 's']"
Arma-105_youngfemale-1,,Arma,105_youngfemale,"sipas, pasña",sipas,s i p a s,,galvez2003,998,,,,,7875,s i p a s,"['s', 'i', 'p', 'a', 's']"
Arma-105_youngfemale-2,,Arma,105_youngfemale,"sipas, pasña",pasña,p a s ɲ a,,galvez2003,1028,,,,,93,p a s ɲ a,"['p', 'a', 's', 'ɲ', 'a']"
Atalla-105_youngfemale-1,,Atalla,105_youngfemale,sipa.s,sipa.s,s i p a s,,heggarty2005,998,,,,,7875,s i p a s,"['s', 'i', 'p', 'a', 's']"
Ayacucho-105_youngfemale-1,,Ayacucho,105_youngfemale,"sipas, pasña",sipas,s i p a s,,soto1976,998,,,,,7875,s i p a s,"['s', 'i', 'p', 'a', 's']"
Ayacucho-105_youngfemale-2,,Ayacucho,105_youngfemale,"sipas, pasña",pasña,p a s ɲ a,,soto1976,1028,,,,,93,p a s ɲ a,"['p', 'a', 's', 'ɲ', 'a']"
Bobonaza-105_youngfemale-1,,Bobonaza,105_youngfemale,malta,malta,m a l t a,,orrwrisley1981,1005,,,,,7935,m a l t a,"['m', 'a', 'l', 't', 'a']"
Chachapoyas-105_youngfemale-1,,Chachapoyas,105_youngfemale,shipash,shipash,ʃ i p a ʃ,,taylor2006,998,,,,,7875,ʃ i p a ʃ,"['ʃ', 'i', 'p', 'a', 'ʃ']"
Chacpar-105_youngfemale-1,,Chacpar,105_youngfemale,hipa.š,hipa.š,h i p a ʃ,,heggarty2005,998,,,,,7875,h i p a ʃ,"['h', 'i', 'p', 'a', 'ʃ']"
Chetilla-105_youngfemale-1,,Chetilla,105_youngfemale,šipa.š,šipa.š,ʃ i p a ʃ,,heggarty2005,998,,,,,7875,ʃ i p a ʃ,"['ʃ', 'i', 'p', 'a', 'ʃ']"
Chipaya-105_youngfemale-1,,Chipaya,105_youngfemale,tur(a),tur,t u r,,heggarty2005,999,,,,,7878,t u r,"['t', 'u', 'r']"
Curva-105_youngfemale-1,,Curva,105_youngfemale,sipa.s,sipa.s,s i p a s,,heggarty2005,998,,,,,7875,s i p a s,"['s', 'i', 'p', 'a', 's']"
Cuzco-105_youngfemale-1,,Cuzco,105_youngfemale,sipa.s,sipa.s,s i p a s,,heggarty2005,998,,,,,7875,s i p a s,"['s', 'i', 'p', 'a', 's']"
CuzquenoAntiguo-105_youngfemale-1,,CuzquenoAntiguo,105_youngfemale,ʃipas,ʃipas,s i p a s,,holguin1608,998,,,,,7875,s i p a s,"['s', 'i', 'p', 'a', 's']"
Huallaga-105_youngfemale-1,,Huallaga,105_youngfemale,wanka.š,wanka.š,w a n k a ʃ,,heggarty2005,196,,,,,209,w a n k a ʃ,"['w', 'a', 'n', 'k', 'a', 'ʃ']"
Huanca-105_youngfemale-1,,Huanca,105_youngfemale,lasak,lasak,l a s a k,,cerron2018,1001,,,,,7880,l a s a k,"['l', 'a', 's', 'a', 'k']"
Huanca-105_youngfemale-2,,Huanca,105_youngfemale,wamla,wamla,w a m l a,,cerron2018,1002,,,,,7881,w a m l a,"['w', 'a', 'm', 'l', 'a']"
Huancane-105_youngfemale-1,,Huancane,105_youngfemale,tawaqa,tawaqa,t a w a q a,,heggarty2005,1000,,,,,7879,t a w a q a,"['t', 'a', 'w', 'a', 'q', 'a']"
Imbabura-105_youngfemale-1,,Imbabura,105_youngfemale,warmi,warmi,w a ɾ m i,,gomez2009,984,,,,,7661,w a ɾ m i,"['w', 'a', 'ɾ', 'm', 'i']"
Inkawasi-105_youngfemale-1,,Inkawasi,105_youngfemale,šipa.š,šipa.š,ʃ i p a ʃ,,heggarty2005,998,,,,,7875,ʃ i p a ʃ,"['ʃ', 'i', 'p', 'a', 'ʃ']"
Jaqaru-105_youngfemale-1,,Jaqaru,105_youngfemale,sipa.sa,sipa.sa,s i p a + s a,,heggarty2005,32,,,,,117 0,s i p a + s a,"['s', 'i', 'p', 'a', '+', 's', 'a']"
Kawki-105_youngfemale-1,,Kawki,105_youngfemale,sipa.sa,sipa.sa,s i p a + s a,,heggarty2005,32,,,,,117 0,s i p a + s a,"['s', 'i', 'p', 'a', '+', 's', 'a']"
Lamas-105_youngfemale-1,,Lamas,105_youngfemale,shipash,shipash,ʃ i p a ʃ,,taylor2006,998,,,,,7875,ʃ i p a ʃ,"['ʃ', 'i', 'p', 'a', 'ʃ']"
Laraos-105_youngfemale-1,,Laraos,105_youngfemale,sipa.s,sipa.s,s i p a s,,heggarty2005,998,,,,,7875,s i p a s,"['s', 'i', 'p', 'a', 's']"
Maragua-105_youngfemale-1,,Maragua,105_youngfemale,sipa.s,sipa.s,s i p a s,,heggarty2005,998,,,,,7875,s i p a s,"['s', 'i', 'p', 'a', 's']"
Napo-105_youngfemale-1,,Napo,105_youngfemale,malta,malta,m a l t a,,orrwrisley1981,1005,,,,,7935,m a l t a,"['m', 'a', 'l', 't', 'a']"
Pacaraos-105_youngfemale-1,,Pacaraos,105_youngfemale,hipash/rraqak,hipash,x i p a ʃ,,adelaar1982,998,,,,,7875,x i p a ʃ,"['x', 'i', 'p', 'a', 'ʃ']"
Pacaraos-105_youngfemale-2,,Pacaraos,105_youngfemale,"hipash, rraqak",rraqak,r a ʁ a k,,adelaar1982,1001,,,,,7880,r a ʁ a k,"['r', 'a', 'ʁ', 'a', 'k']"
Pastaza-105_youngfemale-1,,Pastaza,105_youngfemale,shipas,shipas,ʃ i p a s,,landerman1973,998,,,,,7875,ʃ i p a s,"['ʃ', 'i', 'p', 'a', 's']"
Pocona-105_youngfemale-1,,Pocona,105_youngfemale,sipa.s,sipa.s,s i p a s,,heggarty2005,998,,,,,7875,s i p a s,"['s', 'i', 'p', 'a', 's']"
Puki-105_youngfemale-1,,Puki,105_youngfemale,tawaqu,tawaqu,t a w a q u,,heggarty2005,1000,,,,,7879,t a w a q u,"['t', 'a', 'w', 'a', 'q', 'u']"
Puno-105_youngfemale-1,,Puno,105_youngfemale,sipa.s,sipa.s,s i p a s,,heggarty2005,998,,,,,7875,s i p a s,"['s', 'i', 'p', 'a', 's']"
Putumayo-105_youngfemale-1,,Putumayo,105_youngfemale,sipas,sipas,s i p a s,,tandioy1978,998,,,,,7875,s i p a s,"['s', 'i', 'p', 'a', 's']"
Santiagueno-105_youngfemale-1,,Santiagueno,105_youngfemale,sipas,sipas,s i p a s,,juanatey2021,998,,,,,7875,s i p a s,"['s', 'i', 'p', 'a', 's']"
SantoTomas-105_youngfemale-1,,SantoTomas,105_youngfemale,sipas,sipas,s i p a s,,santotomas1996,998,,,,,7875,s i p a s,"['s', 'i', 'p', 'a', 's']"
Serena-105_youngfemale-1,,Serena,105_youngfemale,malta,malta,m a l t a,,heggarty2005,1005,,,,,7935,m a l t a,"['m', 'a', 'l', 't', 'a']"
Sullkatiti-105_youngfemale-1,,Sullkatiti,105_youngfemale,tawaqu,tawaqu,t a w a q u,,heggarty2005,1000,,,,,7879,t a w a q u,"['t', 'a', 'w', 'a', 'q', 'u']"
Taquile-105_youngfemale-1,,Taquile,105_youngfemale,sipa.s,sipa.s,s i p a s,,heggarty2005,998,,,,,7875,s i p a s,"['s', 'i', 'p', 'a', 's']"
Tarma-105_youngfemale-1,,Tarma,105_youngfemale,xibaš,xibaš,χ e b a ʃ,,adelaar1977,998,,,,,7875,χ e b a ʃ,"['χ', 'e', 'b', 'a', 'ʃ']"
Troje-105_youngfemale-1,,Troje,105_youngfemale,wambra,wambra,w a m b r a,,heggarty2005,1026,,,,,91,w a m b r a,"['w', 'a', 'm', 'b', 'r', 'a']"
Yanac-105_youngfemale-1,,Yanac,105_youngfemale,šipaš,šipaš,ʃ i p a ʃ,,heggarty2005,998,,,,,7875,ʃ i p a ʃ,"['ʃ', 'i', 'p', 'a', 'ʃ']"
Anonimo-106_youngmale-1,,Anonimo,106_youngmale,huayna,huayna,w ai n a,,valera1586,1004,,,,,7934,w ai n a,"['w', 'ai', 'n', 'a']"
Apuri-106_youngmale-1,,Apuri,106_youngmale,maqta,maqta,m a q t a,,shimelman2017,107,,,,,162,m a q t a,"['m', 'a', 'q', 't', 'a']"
Apurimac-106_youngmale-1,,Apurimac,106_youngmale,"malta, maqta",maqta,m a q t a,,camacho2007,107,,,,,162,m a q t a,"['m', 'a', 'q', 't', 'a']"
Apurimac-106_youngmale-2,,Apurimac,106_youngmale,pasña,pasña,p a s ɲ a,,camacho2007,1028,,,,,93,p a s ɲ a,"['p', 'a', 's', 'ɲ', 'a']"
Apurimac-106_youngmale-3,,Apurimac,106_youngmale,wayna,wayna,w ai n a,,camacho2007,1004,,,,,7934,w ai n a,"['w', 'ai', 'n', 'a']"
Arma-106_youngmale-1,,Arma,106_youngmale,maqta,maqta,m a χ t a,,galvez2003,107,,,,,162,m a χ t a,"['m', 'a', 'χ', 't', 'a']"
Atalla-106_youngmale-1,,Atalla,106_youngmale,maχta,maχta,m a χ t a,,heggarty2005,107,,,,,162,m a χ t a,"['m', 'a', 'χ', 't', 'a']"
Ayacucho-106_youngmale-1,,Ayacucho,106_youngmale,maqta,maqta,m a χ t a,,soto1976,107,,,,,162,m a χ t a,"['m', 'a', 'χ', 't', 'a']"
Bobonaza-106_youngmale-1,,Bobonaza,106_youngmale,malta,malta,m a l t a,,orrwrisley1981,1005,,,,,7935,m a l t a,"['m', 'a', 'l', 't', 'a']"
Chachapoyas-106_youngmale-1,,Chachapoyas,106_youngmale,wayna,wayna,w ai n a,,taylor2006,1004,,,,,7934,w ai n a,"['w', 'ai', 'n', 'a']"
Chacpar-106_youngmale-1,,Chacpar,106_youngmale,jobin,jobin,x o b i n,,heggarty2005,336,,,,esp,29,x o b i n,"['x', 'o', 'b', 'i', 'n']"
Chetilla-106_youngmale-1,,Chetilla,106_youngmale,wamra,wamra,w a m r a,,heggarty2005,1002,,,,,7881,w a m r a,"['w', 'a', 'm', 'r', 'a']"
Chipaya-106_youngmale-1,,Chipaya,106_youngmale,thowa,thowa,tʰ o w a,,heggarty2005,1007,,,,,7938,tʰ o w a,"['tʰ', 'o', 'w', 'a']"
Curva-106_youngmale-1,,Curva,106_youngmale,wayna,wayna,w ai n a,,heggarty2005,1004,,,,,7934,w ai n a,"['w', 'ai', 'n', 'a']"
Cuzco-106_youngmale-1,,Cuzco,106_youngmale,wayna,wayna,w ai n a,,heggarty2005,1004,,,,,7934,w ai n a,"['w', 'ai', 'n', 'a']"
CuzquenoAntiguo-106_youngmale-1,,CuzquenoAntiguo,106_youngmale,huayna,huayna,w ai n a,,holguin1608,1004,,,,,7934,w ai n a,"['w', 'ai', 'n', 'a']"
Huallaga-106_youngmale-1,,Huallaga,106_youngmale,wanka.š,wanka.š,w a n k a ʃ,,heggarty2005,196,,,,,209,w a n k a ʃ,"['w', 'a', 'n', 'k', 'a', 'ʃ']"
Huanca-106_youngmale-1,,Huanca,106_youngmale,walash,walash,w a l a ʂ,,cerron1976,1008,,,,,7942,w a l a ʂ,"['w', 'a', 'l', 'a', 'ʂ']"
Huancane-106_youngmale-1,,Huancane,106_youngmale,wayna,wayna,w ai n a,,heggarty2005,35,,,,,119,w ai n a,"['w', 'ai', 'n', 'a']"
Huangascar-106_youngmale-1,,Huangascar,106_youngmale,maqta,maqta,m a q t a,,shimelman2017,107,,,,,162,m a q t a,"['m', 'a', 'q', 't', 'a']"
Imbabura-106_youngmale-1,,Imbabura,106_youngmale,jatun wambra,jatun wambra,x a t u n + w a m b ɾ a,,gomez2009,1026,,,,,0 91,x a t u n + w a m b ɾ a,"['x', 'a', 't', 'u', 'n', '+', 'w', 'a', 'm', 'b', 'ɾ', 'a']"
Inkawasi-106_youngmale-1,,Inkawasi,106_youngmale,maltu.n,maltu.n,m a l t u n,,heggarty2005,88,,,,,15,m a l t u n,"['m', 'a', 'l', 't', 'u', 'n']"
Jaqaru-106_youngmale-1,,Jaqaru,106_youngmale,musu,musu,m u s u,,heggarty2005,790,,,,esp,550,m u s u,"['m', 'u', 's', 'u']"
Kawki-106_youngmale-1,,Kawki,106_youngmale,musu,musu,m u s u,,heggarty2005,791,,,,esp,551,m u s u,"['m', 'u', 's', 'u']"
Lamas-106_youngmale-1,,Lamas,106_youngmale,wayna,wayna,w ai n a,,taylor2006,1004,,,,,7934,w ai n a,"['w', 'ai', 'n', 'a']"
Laraos-106_youngmale-1,,Laraos,106_youngmale,maχta,maχta,m a χ t a,,heggarty2005,107,,,,,162,m a χ t a,"['m', 'a', 'χ', 't', 'a']"
Lincha-Tana-106_youngmale-1,,Lincha-Tana,106_youngmale,maqta,maqta,m a q t a,,shimelman2017,107,,,,,162,m a q t a,"['m', 'a', 'q', 't', 'a']"
Maragua-106_youngmale-1,,Maragua,106_youngmale,wayna,wayna,w ai n a,,heggarty2005,1004,,,,,7934,w ai n a,"['w', 'ai', 'n', 'a']"
Napo-106_youngmale-1,,Napo,106_youngmale,malta,malta,m a l t a,,orrwrisley1981,1005,,,,,7935,m a l t a,"['m', 'a', 'l', 't', 'a']"
Pacaraos-106_youngmale-1,,Pacaraos,106_youngmale,wamra,wamra,w a m ɾ a,manta: joven animal; wayna: novio; wamra: not gender specific,adelaar1982,1002,,,,,7881,w a m ɾ a,"['w', 'a', 'm', 'ɾ', 'a']"
Pastaza-106_youngmale-1,,Pastaza,106_youngmale,musu,musu,m u s u,,landerman1973,38,,,,esp,121,m u s u,"['m', 'u', 's', 'u']"
Pastaza-106_youngmale-2,,Pastaza,106_youngmale,wayna,wayna,w ai n a,,landerman1973,1004,,,,,7934,w ai n a,"['w', 'ai', 'n', 'a']"
Pocona-106_youngmale-1,,Pocona,106_youngmale,wayna,wayna,w ai n a,,heggarty2005,1004,,,,,7934,w ai n a,"['w', 'ai', 'n', 'a']"
Puki-106_youngmale-1,,Puki,106_youngmale,wayna,wayna,w ai n a,,heggarty2005,35,,,,,119,w ai n a,"['w', 'ai', 'n', 'a']"
Puno-106_youngmale-1,,Puno,106_youngmale,wayna,wayna,w ai n a,,heggarty2005,1004,,,,,7934,w ai n a,"['w', 'ai', 'n', 'a']"
Putumayo-106_youngmale-1,,Putumayo,106_youngmale,musu,musu,m u s u,,tandioy1978,794,,,,esp,552,m u s u,"['m', 'u', 's', 'u']"
Santiagueno-106_youngmale-1,,Santiagueno,106_youngmale,wayna,wayna,w ai n a,,juanatey2021,1004,,,,,7934,w ai n a,"['w', 'ai', 'n', 'a']"
SantoTomas-106_youngmale-1,,SantoTomas,106_youngmale,guayna,guayna,w ai n a,,santotomas1996,1004,,,,,7934,w ai n a,"['w', 'ai', 'n', 'a']"
Serena-106_youngmale-1,,Serena,106_youngmale,malta,malta,m a l t a,,heggarty2005,1005,,,,,7935,m a l t a,"['m', 'a', 'l', 't', 'a']"
Sullkatiti-106_youngmale-1,,Sullkatiti,106_youngmale,wayna,wayna,w ai n a,,heggarty2005,35,,,,,119,w ai n a,"['w', 'ai', 'n', 'a']"
Taquile-106_youngmale-1,,Taquile,106_youngmale,wayna,wayna,w ai n a,,heggarty2005,1004,,,,,7934,w ai n a,"['w', 'ai', 'n', 'a']"
Tarma-106_youngmale-1,,Tarma,106_youngmale,walaš,walaš,w a l a ʃ,"wayna: lover, boyfriend",adelaar1977,1008,,,,,7942,w a l a ʃ,"['w', 'a', 'l', 'a', 'ʃ']"
Troje-106_youngmale-1,,Troje,106_youngmale,wambra,wambra,w a m b r a,,heggarty2005,1026,,,,,91,w a m b r a,"['w', 'a', 'm', 'b', 'r', 'a']"
Wari-106_youngmale-1,,Wari,106_youngmale,moosu,moosu,m oː s u,,parkerchavez1976,796,,,,esp,553,m oː s u,"['m', 'oː', 's', 'u']"
Yanac-106_youngmale-1,,Yanac,106_youngmale,joven,joven,x o b e n,,heggarty2005,1006,,,,esp,7936,x o b e n,"['x', 'o', 'b', 'e', 'n']"
Anonimo-107_oldman-1,,Anonimo,107_oldman,machu,machu,m a tʃ u,,valera1586,643,,,,,4669,m a tʃ u,"['m', 'a', 'tʃ', 'u']"
Apuri-107_oldman-1,,Apuri,107_oldman,machu,machu,m a tʃ u,,shimelman2017,643,,,,,4669,m a tʃ u,"['m', 'a', 'tʃ', 'u']"
Apurimac-107_oldman-1,,Apurimac,107_oldman,machu,machu,m a tʃ u,,camacho2007,643,,,,,4669,m a tʃ u,"['m', 'a', 'tʃ', 'u']"
Arma-107_oldman-1,,Arma,107_oldman,machu,machu,m a tʃ u,,galvez2003,643,,,,,4669,m a tʃ u,"['m', 'a', 'tʃ', 'u']"
Atalla-107_oldman-1,,Atalla,107_oldman,"maču, maču.ča",maču,m a tʃ u,,heggarty2005,643,,,,,4669,m a tʃ u,"['m', 'a', 'tʃ', 'u']"
Ayacucho-107_oldman-1,,Ayacucho,107_oldman,machu,machu,m a tʃ u,,soto1976,643,,,,,4669,m a tʃ u,"['m', 'a', 'tʃ', 'u']"
Bobonaza-107_oldman-1,,Bobonaza,107_oldman,rucu,rucu,r u k u,,orrwrisley1981,645,,,,,4670,r u k u,"['r', 'u', 'k', 'u']"
Chachapoyas-107_oldman-1,,Chachapoyas,107_oldman,machu,machu,m a tʃ u,orig: grande robusto; probablemente confundido con el esp machu,taylor2006,643,,,,,4669,m a tʃ u,"['m', 'a', 'tʃ', 'u']"
Chacpar-107_oldman-1,,Chacpar,107_oldman,ruku,ruku,r u k u,,heggarty2005,645,,,,,4670,r u k u,"['r', 'u', 'k', 'u']"
Chetilla-107_oldman-1,,Chetilla,107_oldman,mawka,mawka,m au k a,,quesada1976,354,,,,,3,m au k a,"['m', 'au', 'k', 'a']"
Chipaya-107_oldman-1,,Chipaya,107_oldman,chakwa,chakwa,tʃ a k w a,,heggarty2005,646,,,,,4672,tʃ a k w a,"['tʃ', 'a', 'k', 'w', 'a']"
Curva-107_oldman-1,,Curva,107_oldman,maču.la,maču.la,m a tʃ u + l a,,heggarty2005,643,,,,,4669 0,m a tʃ u + l a,"['m', 'a', 'tʃ', 'u', '+', 'l', 'a']"
Cuzco-107_oldman-1,,Cuzco,107_oldman,maču,maču,m a tʃ u,,heggarty2005,643,,,,,4669,m a tʃ u,"['m', 'a', 'tʃ', 'u']"
CuzquenoAntiguo-107_oldman-1,,CuzquenoAntiguo,107_oldman,machu,machu,m a tʃ u,,holguin1608,643,,,,,4669,m a tʃ u,"['m', 'a', 'tʃ', 'u']"
Huallaga-107_oldman-1,,Huallaga,107_oldman,awkis,awkis,au k i s,,heggarty2005,1032,,,,,96,au k i s,"['au', 'k', 'i', 's']"
Huanca-107_oldman-1,,Huanca,107_oldman,awkish,awkish,au k i ʃ,,cerron1976,1032,,,,,96,au k i ʃ,"['au', 'k', 'i', 'ʃ']"
Huancane-107_oldman-1,,Huancane,107_oldman,ača.či,ača.či,a tʃ a + tʃ i,,heggarty2005,44,,,,,124 0,a tʃ a + tʃ i,"['a', 'tʃ', 'a', '+', 'tʃ', 'i']"
Huangascar-107_oldman-1,,Huangascar,107_oldman,machu,machu,m a tʃ u,,shimelman2017,643,,,,,4669,m a tʃ u,"['m', 'a', 'tʃ', 'u']"
HuarazHuailas-107_oldman-1,,HuarazHuailas,107_oldman,awkis,awkis,au k i s,,parkerchavez1976,1032,,,,,96,au k i s,"['au', 'k', 'i', 's']"
Imbabura-107_oldman-1,,Imbabura,107_oldman,ruku runa,ruku runa,ɾ u k u,ruku runa: old men,gomez2009,645,,,,,4670,ɾ u k u,"['ɾ', 'u', 'k', 'u']"
Inkawasi-107_oldman-1,,Inkawasi,107_oldman,řuku,řuku,!r̝/r u k u,,heggarty2005,645,,,,,4670,!r̝/r u k u,"['!r̝/r', 'u', 'k', 'u']"
Iruhito-107_oldman-1,,Iruhito,107_oldman,a:pá:i,a:pá:i,aː p aː i,,cerron2016,647,,,,,4678,aː p aː - i,"['aː', 'p', 'aː', 'i']"
Jaqaru-107_oldman-1,,Jaqaru,107_oldman,ača.ka,ača.ka,a tʃ a + k a,,heggarty2005,44,,,,,124 0,a tʃ a + - - - k a,"['a', 'tʃ', 'a', '+', 'k', 'a']"
Kawki-107_oldman-1,,Kawki,107_oldman,ača.ka,ača.ka,a tʃ a + k a,,heggarty2005,44,,,,,124 0,a tʃ a + - - - k a,"['a', 'tʃ', 'a', '+', 'k', 'a']"
Lamas-107_oldman-1,,Lamas,107_oldman,machu,machu,m a tʃ u,orig: grande robusto; probablemente confundido con el esp machu,taylor2006,643,,,,,4669,m a tʃ u,"['m', 'a', 'tʃ', 'u']"
Laraos-107_oldman-1,,Laraos,107_oldman,awk(i).š,awk.š,au k i ʃ,,heggarty2005,1032,,,,,96,au k i ʃ,"['au', 'k', 'i', 'ʃ']"
Maragua-107_oldman-1,,Maragua,107_oldman,ača.či,ača.či,a tʃ a + tʃ i,,heggarty2005,349,,,,aymara,298 0,a tʃ a + tʃ i,"['a', 'tʃ', 'a', '+', 'tʃ', 'i']"
Napo-107_oldman-1,,Napo,107_oldman,rucu,rucu,r u k u,,orrwrisley1981,645,,,,,4670,r u k u,"['r', 'u', 'k', 'u']"
Pacaraos-107_oldman-1,,Pacaraos,107_oldman,awkin,awkin,au k i ŋ,,adelaar1982,1032,,,,,96,au k i ŋ,"['au', 'k', 'i', 'ŋ']"
Pastaza-107_oldman-1,,Pastaza,107_oldman,ɾucu,ɾucu,ɾ u k u,,landerman1973,645,,,,,4670,ɾ u k u,"['ɾ', 'u', 'k', 'u']"
Pocona-107_oldman-1,,Pocona,107_oldman,ača.či,ača.či,a tʃ a + tʃ i,,heggarty2005,822,,,,aymara,569 0,a tʃ a + tʃ i,"['a', 'tʃ', 'a', '+', 'tʃ', 'i']"
Puki-107_oldman-1,,Puki,107_oldman,awki,awki,au k i,,heggarty2005,46,,,,quechua,126,au k i -,"['au', 'k', 'i']"
Puno-107_oldman-1,,Puno,107_oldman,maču,maču,m a tʃ u,,heggarty2005,643,,,,,4669,m a tʃ u,"['m', 'a', 'tʃ', 'u']"
Putumayo-107_oldman-1,,Putumayo,107_oldman,rucu,rucu,r u k u,,tandioy1978,645,,,,,4670,r u k u,"['r', 'u', 'k', 'u']"
Raimondi-107_oldman-1,,Raimondi,107_oldman,awkis,awkis,au k i s,,parkerchavez1976,1032,,,,,96,au k i s,"['au', 'k', 'i', 's']"
Santiagueno-107_oldman-1,,Santiagueno,107_oldman,machu,machu,m a tʃ u,,juanatey2021,643,,,,,4669,m a tʃ u,"['m', 'a', 'tʃ', 'u']"
SantoTomas-107_oldman-1,,SantoTomas,107_oldman,awki,awki,au k i,,santotomas1951,1032,,,,,96,au k i -,"['au', 'k', 'i']"
Serena-107_oldman-1,,Serena,107_oldman,ruku,ruku,r u k u,,heggarty2005,645,,,,,4670,r u k u,"['r', 'u', 'k', 'u']"
Sullkatiti-107_oldman-1,,Sullkatiti,107_oldman,ači.či,ači.či,a tʃ i + tʃ i,,heggarty2005,44,,,,,124 0,a tʃ i + tʃ i,"['a', 'tʃ', 'i', '+', 'tʃ', 'i']"
Taquile-107_oldman-1,,Taquile,107_oldman,maču,maču,m a tʃ u,,heggarty2005,643,,,,,4669,m a tʃ u,"['m', 'a', 'tʃ', 'u']"
Tarma-107_oldman-1,,Tarma,107_oldman,awgis,awgis,au g i s,,adelaar1977,1032,,,,,96,au g i s,"['au', 'g', 'i', 's']"
Troje-107_oldman-1,,Troje,107_oldman,řuku,řuku,!r̝/r u k u,,heggarty2005,645,,,,,4670,!r̝/r u k u,"['!r̝/r', 'u', 'k', 'u']"
Tsimu-107_oldman-1,,Tsimu,107_oldman,a:páya,a:páya,aː p a j a,,cerron2016,647,,,,,4678,aː p a j a,"['aː', 'p', 'a', 'j', 'a']"
Wari-107_oldman-1,,Wari,107_oldman,awkis,awkis,au k i s,,parkerchavez1976,1032,,,,,96,au k i s,"['au', 'k', 'i', 's']"
Yanac-107_oldman-1,,Yanac,107_oldman,awkis,awkis,au k i s,,heggarty2005,1032,,,,,96,au k i s,"['au', 'k', 'i', 's']"
Anonimo-108_oldwoman-1,,Anonimo,108_oldwoman,paya,paya,p a j a,chacuas (Chin.),valera1586,654,,,,,4727,p a j a,"['p', 'a', 'j', 'a']"
Cacra-Hongos-108_oldwoman-1,,Cacra-Hongos,108_oldwoman,paya,paya,p a j a,,shimelman2017,654,,,,,4727,p a j a,"['p', 'a', 'j', 'a']"
Apurimac-108_oldwoman-1,,Apurimac,108_oldwoman,paya,paya,p a j a,,camacho2007,654,,,,,4727,p a j a,"['p', 'a', 'j', 'a']"
Arma-108_oldwoman-1,,Arma,108_oldwoman,paya,paya,p a j a,,galvez2003,654,,,,,4727,p a j a,"['p', 'a', 'j', 'a']"
Atalla-108_oldwoman-1,,Atalla,108_oldwoman,paya,paya,p a j a,,heggarty2005,654,,,,,4727,p a j a,"['p', 'a', 'j', 'a']"
Ayacucho-108_oldwoman-1,,Ayacucho,108_oldwoman,paya,paya,p a j a,,soto1976,654,,,,,4727,p a j a,"['p', 'a', 'j', 'a']"
Bobonaza-108_oldwoman-1,,Bobonaza,108_oldwoman,rucu,rucu,r u k u,,orrwrisley1981,645,,,,,4670,r u k u,"['r', 'u', 'k', 'u']"
Chachapoyas-108_oldwoman-1,,Chachapoyas,108_oldwoman,paya,paya,p a j a,,taylor2006,654,,,,,4727,p a j a,"['p', 'a', 'j', 'a']"
Chacpar-108_oldwoman-1,,Chacpar,108_oldwoman,čakwa.s,čakwa.s,tʃ a k w a s,,heggarty2005,655,,,,,4729,tʃ a k w a s,"['tʃ', 'a', 'k', 'w', 'a', 's']"
Chetilla-108_oldwoman-1,,Chetilla,108_oldwoman,vieja,vieja,b i e x a,,heggarty2005,475,,,,esp,37,b i e x a,"['b', 'i', 'e', 'x', 'a']"
Chipaya-108_oldwoman-1,,Chipaya,108_oldwoman,chakw,chakw,tʃ a k w,,heggarty2005,543,,,,quechua,408,tʃ a k w - -,"['tʃ', 'a', 'k', 'w']"
Curva-108_oldwoman-1,,Curva,108_oldwoman,paya,paya,p a j a,,heggarty2005,654,,,,,4727,p a j a,"['p', 'a', 'j', 'a']"
Cuzco-108_oldwoman-1,,Cuzco,108_oldwoman,paya,paya,p a j a,,heggarty2005,654,,,,,4727,p a j a,"['p', 'a', 'j', 'a']"
CuzquenoAntiguo-108_oldwoman-1,,CuzquenoAntiguo,108_oldwoman,paya,paya,p a j a,,holguin1608,654,,,,,4727,p a j a,"['p', 'a', 'j', 'a']"
Huallaga-108_oldwoman-1,,Huallaga,108_oldwoman,čakwa.n,čakwa.n,tʃ a k w a n,,heggarty2005,655,,,,,4729,tʃ a k w a n,"['tʃ', 'a', 'k', 'w', 'a', 'n']"
Huanca-108_oldwoman-1,,Huanca,108_oldwoman,chakwash,chakwash,tʃ a k w a ʂ,,cerron1976,655,,,,,4729,tʃ a k w a ʂ,"['tʃ', 'a', 'k', 'w', 'a', 'ʂ']"
Huancane-108_oldwoman-1,,Huancane,108_oldwoman,awila,awila,a w i l a,,heggarty2005,684,,,,esp,493,a w i l a,"['a', 'w', 'i', 'l', 'a']"
HuarazHuailas-108_oldwoman-1,,HuarazHuailas,108_oldwoman,ruku,ruku,ɾ u k u,,parkerchavez1976,645,,,,,4670,ɾ u k u,"['ɾ', 'u', 'k', 'u']"
Imbabura-108_oldwoman-1,,Imbabura,108_oldwoman,paya warmi,paya warmi,p a j a,paya warmi: old woman,gomez2009,654,,,,,4727,p a j a,"['p', 'a', 'j', 'a']"
Inkawasi-108_oldwoman-1,,Inkawasi,108_oldwoman,"řuku, řuku.na",řuku,!r̝/r u k u,,heggarty2005,645,,,,,4670,!r̝/r u k u,"['!r̝/r', 'u', 'k', 'u']"
Inkawasi-108_oldwoman-2,,Inkawasi,108_oldwoman,"řuku, řuku.na",řuku.na,!r̝/r u k u + n a,,heggarty2005,645,,,,,4670 0,!r̝/r u k u + n a,"['!r̝/r', 'u', 'k', 'u', '+', 'n', 'a']"
Iruhito-108_oldwoman-1,,Iruhito,108_oldwoman,átḁ́:o,átḁ́:o,a t aː o,,cerron2016,657,,,,,4734,a t aː o -,"['a', 't', 'aː', 'o']"
Jaqaru-108_oldwoman-1,,Jaqaru,108_oldwoman,apa.ka,apa.ka,a p a + k a,,heggarty2005,9,,,,,103 0,a p a + - - k a,"['a', 'p', 'a', '+', 'k', 'a']"
Kawki-108_oldwoman-1,,Kawki,108_oldwoman,apa.ka,apa.ka,a p a + k a,,heggarty2005,9,,,,,103 0,a p a + - - k a,"['a', 'p', 'a', '+', 'k', 'a']"
Lamas-108_oldwoman-1,,Lamas,108_oldwoman,paya,paya,p a j a,,taylor2006,654,,,,,4727,p a j a,"['p', 'a', 'j', 'a']"
Laraos-108_oldwoman-1,,Laraos,108_oldwoman,čakwa.š,čakwa.š,tʃ a k w a ʃ,,heggarty2005,655,,,,,4729,tʃ a k w a ʃ,"['tʃ', 'a', 'k', 'w', 'a', 'ʃ']"
Maragua-108_oldwoman-1,,Maragua,108_oldwoman,ača.či,ača.či,a tʃ a + tʃ i,,heggarty2005,544,,,,,409 0,a tʃ a - - + tʃ i - - - -,"['a', 'tʃ', 'a', '+', 'tʃ', 'i']"
Napo-108_oldwoman-1,,Napo,108_oldwoman,rucu,rucu,r u k u,,orrwrisley1981,645,,,,,4670,r u k u,"['r', 'u', 'k', 'u']"
Pacaraos-108_oldwoman-1,,Pacaraos,108_oldwoman,"chachas, sakwa",chachas,tʃ a tʃ a s,,adelaar1982,303,,,,,27,tʃ a tʃ - a s,"['tʃ', 'a', 'tʃ', 'a', 's']"
Pacaraos-108_oldwoman-2,,Pacaraos,108_oldwoman,"chachas, sakwa",sakwa,s a k w a,,adelaar1982,655,,,,,4729,s a k w a -,"['s', 'a', 'k', 'w', 'a']"
Pastaza-108_oldwoman-1,,Pastaza,108_oldwoman,paya,paya,p a j a,,landerman1973,654,,,,,4727,p a j a,"['p', 'a', 'j', 'a']"
Pocona-108_oldwoman-1,,Pocona,108_oldwoman,paya,paya,p a j a,,heggarty2005,654,,,,,4727,p a j a,"['p', 'a', 'j', 'a']"
Puki-108_oldwoman-1,,Puki,108_oldwoman,awila,awila,a w i l a,,heggarty2005,689,,,,esp,495,a w i l a,"['a', 'w', 'i', 'l', 'a']"
Puno-108_oldwoman-1,,Puno,108_oldwoman,paya,paya,p a j a,,heggarty2005,654,,,,,4727,p a j a,"['p', 'a', 'j', 'a']"
Raimondi-108_oldwoman-1,,Raimondi,108_oldwoman,ruku,ruku,ɾ u k u,,parkerchavez1976,645,,,,,4670,ɾ u k u,"['ɾ', 'u', 'k', 'u']"
Santiagueno-108_oldwoman-1,,Santiagueno,108_oldwoman,paya,paya,p a j a,"A. Bravo suggests loan from *payu (rubia, sanskr..)",bravo1985,654,,,,,4727,p a j a,"['p', 'a', 'j', 'a']"
SantoTomas-108_oldwoman-1,,SantoTomas,108_oldwoman,"chakwas, paya",chakwas,tʃ a k w a s,,santotomas1951,655,,,,,4729,tʃ a k w a s,"['tʃ', 'a', 'k', 'w', 'a', 's']"
SantoTomas-108_oldwoman-2,,SantoTomas,108_oldwoman,"chakwas, paya",paya,p a j a,,santotomas1951,654,,,,,4727,p a j a,"['p', 'a', 'j', 'a']"
Serena-108_oldwoman-1,,Serena,108_oldwoman,ruku,ruku,r u k u,,heggarty2005,645,,,,,4670,r u k u,"['r', 'u', 'k', 'u']"
Sullkatiti-108_oldwoman-1,,Sullkatiti,108_oldwoman,awila,awila,a w i l a,,heggarty2005,687,,,,esp,494,a w i l a,"['a', 'w', 'i', 'l', 'a']"
Taquile-108_oldwoman-1,,Taquile,108_oldwoman,paya,paya,p a j a,,heggarty2005,654,,,,,4727,p a j a,"['p', 'a', 'j', 'a']"
Tarma-108_oldwoman-1,,Tarma,108_oldwoman,čakwas,čakwas,tʃ a k w a s,,adelaar1977,655,,,,,4729,tʃ a k w a s,"['tʃ', 'a', 'k', 'w', 'a', 's']"
Troje-108_oldwoman-1,,Troje,108_oldwoman,paya,paya,p a j a,,heggarty2005,654,,,,,4727,p a j a,"['p', 'a', 'j', 'a']"
Tsimu-108_oldwoman-1,,Tsimu,108_oldwoman,átoχ,átoχ,a t o χ,,cerron2016,657,,,,,4734,a t o - χ,"['a', 't', 'o', 'χ']"
Wari-108_oldwoman-1,,Wari,108_oldwoman,ruku,ruku,ɾ u k u,,parkerchavez1976,645,,,,,4670,ɾ u k u,"['ɾ', 'u', 'k', 'u']"
Yanac-108_oldwoman-1,,Yanac,108_oldwoman,ĉakwa.s,ĉakwa.s,ʈʂ a k w a s,,heggarty2005,655,,,,,4729,ʈʂ a k w a s,"['ʈʂ', 'a', 'k', 'w', 'a', 's']"
Anonimo-109_besick-1,,Anonimo,109_besick,"onconi, oncocuni",onconi,ɔ n k ɔ + n i,,valera1586,1035,,,,,99 0,- ɔ n k ɔ ( - ) + n i,"['ɔ', 'n', 'k', 'ɔ', '+', 'n', 'i']"
Anonimo-109_besick-2,,Anonimo,109_besick,"onconi, oncocuni",oncocuni,ɔ n k ɔ + k u + n i,,valera1586,1035,,,,,99 0 0,- ɔ n k ɔ ( - ) + k u + n i,"['ɔ', 'n', 'k', 'ɔ', '+', 'k', 'u', '+', 'n', 'i']"
Apuri-109_besick-1,,Apuri,109_besick,unqu-,unqu-,o ŋ q u,,shimelman2017,1035,,,,,99,- o ŋ q u ( - ),"['o', 'ŋ', 'q', 'u']"
Apurimac-109_besick-1,,Apurimac,109_besick,onqochi,onqochi,o n q o + tʃ i,,camacho2007,1035,,,,,99 0,- o n q o ( - ) + tʃ i,"['o', 'n', 'q', 'o', '+', 'tʃ', 'i']"
Arma-109_besick-1,,Arma,109_besick,unqu,unqu,u ŋ χ u,,galvez2003,1035,,,,,99,- u ŋ χ u ( - ),"['u', 'ŋ', 'χ', 'u']"
Atalla-109_besick-1,,Atalla,109_besick,unġu,unġu,u n ɢ u,,heggarty2005,1035,,,,,99,- u n ɢ u ( - ),"['u', 'n', 'ɢ', 'u']"
Ayacucho-109_besick-1,,Ayacucho,109_besick,onqo,onqo,o ŋ χ o,,soto1976,1035,,,,,99,- o ŋ χ o ( - ),"['o', 'ŋ', 'χ', 'o']"
Bobonaza-109_besick-1,,Bobonaza,109_besick,unguchina,unguchina,u n g u + tʃ i + n a,,orrwrisley1981,1035,,,,,99 0 0,- u n g u ( - ) + tʃ i + n a,"['u', 'n', 'g', 'u', '+', 'tʃ', 'i', '+', 'n', 'a']"
Cacra-Hongos-109_besick-1,,Cacra-Hongos,109_besick,qisha,qisha,q i ʃ a,,shimelman2017,3,,,,,100,q i ʃ ( - ) - a,"['q', 'i', 'ʃ', 'a']"
Chacpar-109_besick-1,,Chacpar,109_besick,ġišiya.,ġišiya.,ɢ i ʃ i j a,,heggarty2005,3,,,,,100,ɢ i ʃ ( i ) j a,"['ɢ', 'i', 'ʃ', 'i', 'j', 'a']"
Chetilla-109_besick-1,,Chetilla,109_besick,qiyša.,qiyša.,q i ʃ a,,heggarty2005,3,,,,,100,q i ʃ ( - ) - a,"['q', 'i', 'ʃ', 'a']"
Chipaya-109_besick-1,,Chipaya,109_besick,azín.z; laa.khi.z,azín.z,a z i n z,,heggarty2005,11,,,,,105,a z i n z,"['a', 'z', 'i', 'n', 'z']"
Chipaya-109_besick-2,,Chipaya,109_besick,azín.z; laa.khi.z,laa.khi.z,l a a kʰ i z,,heggarty2005,8,,,,,102,l a a kʰ i z,"['l', 'a', 'a', 'kʰ', 'i', 'z']"
Curva-109_besick-1,,Curva,109_besick,unqu,unqu,u n q u,,heggarty2005,1035,,,,,99,- u n q u ( - ),"['u', 'n', 'q', 'u']"
Cuzco-109_besick-1,,Cuzco,109_besick,unqu,unqu,u n q u,,heggarty2005,1035,,,,,99,- u n q u ( - ),"['u', 'n', 'q', 'u']"
CuzquenoAntiguo-109_besick-1,,CuzquenoAntiguo,109_besick,vncconin,vncconin,u n χ u + n i + n,,holguin1608,1035,,,,,99 0 0,- u n χ u ( - ) + n i + n,"['u', 'n', 'χ', 'u', '+', 'n', 'i', '+', 'n']"
Huallaga-109_besick-1,,Huallaga,109_besick,qišya.,qišya.,q i ʃ j a,,heggarty2005,3,,,,,100,q i ʃ ( - ) j a,"['q', 'i', 'ʃ', 'j', 'a']"
Huanca-109_besick-1,,Huanca,109_besick,qishyay,qishyay,ʔ i ʃ j a,,cerron1976,3,,,,,100,ʔ i ʃ ( - ) j a,"['ʔ', 'i', 'ʃ', 'j', 'a']"
Huancane-109_besick-1,,Huancane,109_besick,usu,usu,u s u,,heggarty2005,43,,,,,123,u s u,"['u', 's', 'u']"
Huangascar-109_besick-1,,Huangascar,109_besick,unqu-,unqu-,o ŋ q u,,shimelman2017,1035,,,,,99,- o ŋ q u ( - ),"['o', 'ŋ', 'q', 'u']"
Imbabura-109_besick-1,,Imbabura,109_besick,unku,unku,u n k u,,gomez2009,1035,,,,,99,- u n k u ( - ),"['u', 'n', 'k', 'u']"
Inkawasi-109_besick-1,,Inkawasi,109_besick,qiša.,qiša.,q i ʃ a,,heggarty2005,3,,,,,100,q i ʃ ( - ) - a,"['q', 'i', 'ʃ', 'a']"
Jaqaru-109_besick-1,,Jaqaru,109_besick,usu,usu,u s u,,heggarty2005,43,,,,,123,u s u,"['u', 's', 'u']"
Kawki-109_besick-1,,Kawki,109_besick,usu,usu,u s u,,heggarty2005,43,,,,,123,u s u,"['u', 's', 'u']"
Lamas-109_besick-1,,Lamas,109_besick,unku,unku,u n g u,,park1976,1035,,,,,99,- u n g u ( - ),"['u', 'n', 'g', 'u']"
Laraos-109_besick-1,,Laraos,109_besick,qiša.,qiša.,q i ʃ a,,heggarty2005,3,,,,,100,q i ʃ ( - ) - a,"['q', 'i', 'ʃ', 'a']"
Lincha-Tana-109_besick-1,,Lincha-Tana,109_besick,unqu-,unqu-,o ŋ q u,,shimelman2017,1035,,,,,99,- o ŋ q u ( - ),"['o', 'ŋ', 'q', 'u']"
Maragua-109_besick-1,,Maragua,109_besick,unqu,unqu,u n q u,,heggarty2005,1035,,,,,99,- u n q u ( - ),"['u', 'n', 'q', 'u']"
Napo-109_besick-1,,Napo,109_besick,unguchina,unguchina,u n g u + tʃ i + n a,,orrwrisley1981,1035,,,,,99 0 0,- u n g u ( - ) + tʃ i + n a,"['u', 'n', 'g', 'u', '+', 'tʃ', 'i', '+', 'n', 'a']"
Pacaraos-109_besick-1,,Pacaraos,109_besick,qishya,qishya,χ e ʃ j a,,adelaar1982,3,,,,,100,χ e ʃ ( - ) j a,"['χ', 'e', 'ʃ', 'j', 'a']"
Pastaza-109_besick-1,,Pastaza,109_besick,unguna,unguna,u n g u + n a,,landerman1973,1035,,,,,99 0,- u n g u ( - ) + n a,"['u', 'n', 'g', 'u', '+', 'n', 'a']"
Pocona-109_besick-1,,Pocona,109_besick,unγu,unγu,u n ʁ u,,heggarty2005,1035,,,,,99,- u n ʁ u ( - ),"['u', 'n', 'ʁ', 'u']"
Puki-109_besick-1,,Puki,109_besick,usu,usu,u s u,,heggarty2005,43,,,,,123,u s u,"['u', 's', 'u']"
Puno-109_besick-1,,Puno,109_besick,unqu,unqu,u n q u,,heggarty2005,1035,,,,,99,- u n q u ( - ),"['u', 'n', 'q', 'u']"
Putumayo-109_besick-1,,Putumayo,109_besick,ungu,ungu,u n g u,,tandioy1978,1035,,,,,99,- u n g u ( - ),"['u', 'n', 'g', 'u']"
SanPedro-109_besick-1,,SanPedro,109_besick,unqu-,unqu-,o ŋ q u,,shimelman2017,1035,,,,,99,- o ŋ q u ( - ),"['o', 'ŋ', 'q', 'u']"
Santiagueno-109_besick-1,,Santiagueno,109_besick,onqos,onqos,o ŋ q o s,,juanatey2021,1035,,,,,99,- o ŋ q o ( s ),"['o', 'ŋ', 'q', 'o', 's']"
SantoTomas-109_besick-1,,SantoTomas,109_besick,"huncuni, quixiani",huncuni,h u n k u + n i,,santotomas1951,1035,,,,,99 0,h u n k u ( - ) + n i,"['h', 'u', 'n', 'k', 'u', '+', 'n', 'i']"
SantoTomas-109_besick-2,,SantoTomas,109_besick,"huncuni, quixiani",quixiani,q i χ j a + n i,,santotomas1951,3,,,,,100 0,q i χ ( - ) j a + n i,"['q', 'i', 'χ', 'j', 'a', '+', 'n', 'i']"
Serena-109_besick-1,,Serena,109_besick,ungu,ungu,u n g u,,heggarty2005,1035,,,,,99,- u n g u ( - ),"['u', 'n', 'g', 'u']"
Sullkatiti-109_besick-1,,Sullkatiti,109_besick,usu,usu,u s u,,heggarty2005,43,,,,,123,u s u,"['u', 's', 'u']"
Taquile-109_besick-1,,Taquile,109_besick,unqu,unqu,u n q u,,heggarty2005,1035,,,,,99,- u n q u ( - ),"['u', 'n', 'q', 'u']"
Tarma-109_besick-1,,Tarma,109_besick,xišya,xišya,χ e ʃ j a,,adelaar1977,3,,,,,100,χ e ʃ ( - ) j a,"['χ', 'e', 'ʃ', 'j', 'a']"
Troje-109_besick-1,,Troje,109_besick,ungu,ungu,u n g u,,heggarty2005,1035,,,,,99,- u n g u ( - ),"['u', 'n', 'g', 'u']"
Yanac-109_besick-1,,Yanac,109_besick,"qiš(i)ya., ġišya",qišya.,q i ʃ j a,,heggarty2005,3,,,,,100,q i ʃ ( - ) j a,"['q', 'i', 'ʃ', 'j', 'a']"
Anonimo-11_year-1,,Anonimo,11_year,huata,huata,w a t a,,valera1586,991,,,,,7768,w a t a,"['w', 'a', 't', 'a']"
Apuri-11_year-1,,Apuri,11_year,wata,wata,w a t a,,shimelman2017,991,,,,,7768,w a t a,"['w', 'a', 't', 'a']"
Apurimac-11_year-1,,Apurimac,11_year,wata,wata,w a t a,,camacho2007,991,,,,,7768,w a t a,"['w', 'a', 't', 'a']"
Arma-11_year-1,,Arma,11_year,wata,wata,w a t a,,galvez2003,991,,,,,7768,w a t a,"['w', 'a', 't', 'a']"
Atalla-11_year-1,,Atalla,11_year,wata,wata,w a t a,,heggarty2005,991,,,,,7768,w a t a,"['w', 'a', 't', 'a']"
Ayacucho-11_year-1,,Ayacucho,11_year,wata,wata,w a t a,,soto1976,991,,,,,7768,w a t a,"['w', 'a', 't', 'a']"
Bobonaza-11_year-1,,Bobonaza,11_year,huata,huata,w a t a,,orrwrisley1981,991,,,,,7768,w a t a,"['w', 'a', 't', 'a']"
Cacra-Hongos-11_year-1,,Cacra-Hongos,11_year,wata,wata,w a t a,,shimelman2017,991,,,,,7768,w a t a,"['w', 'a', 't', 'a']"
Chachapoyas-11_year-1,,Chachapoyas,11_year,wata,wata,w a t a,,taylor2006,991,,,,,7768,w a t a,"['w', 'a', 't', 'a']"
Chacpar-11_year-1,,Chacpar,11_year,wata,wata,w a t a,,heggarty2005,991,,,,,7768,w a t a,"['w', 'a', 't', 'a']"
Chetilla-11_year-1,,Chetilla,11_year,wata,wata,w a t a,,heggarty2005,991,,,,,7768,w a t a,"['w', 'a', 't', 'a']"
Chipaya-11_year-1,,Chipaya,11_year,wata,wata,w a t a,,heggarty2005,49,,,,,128,w a t - a,"['w', 'a', 't', 'a']"
Curva-11_year-1,,Curva,11_year,wata,wata,w a t a,,heggarty2005,991,,,,,7768,w a t a,"['w', 'a', 't', 'a']"
Cuzco-11_year-1,,Cuzco,11_year,wata,wata,w a t a,,heggarty2005,991,,,,,7768,w a t a,"['w', 'a', 't', 'a']"
CuzquenoAntiguo-11_year-1,,CuzquenoAntiguo,11_year,huata,huata,w a t a,,holguin1608,991,,,,,7768,w a t a,"['w', 'a', 't', 'a']"
Huallaga-11_year-1,,Huallaga,11_year,wata,wata,w a t a,,heggarty2005,991,,,,,7768,w a t a,"['w', 'a', 't', 'a']"
Huanca-11_year-1,,Huanca,11_year,wata,wata,w a t a,,cerron2018,991,,,,,7768,w a t a,"['w', 'a', 't', 'a']"
Huancane-11_year-1,,Huancane,11_year,mara,mara,m a r a,,heggarty2005,992,,,,,7769,m a r a,"['m', 'a', 'r', 'a']"
Huangascar-11_year-1,,Huangascar,11_year,wata,wata,w a t a,,shimelman2017,991,,,,,7768,w a t a,"['w', 'a', 't', 'a']"
HuarazHuailas-11_year-1,,HuarazHuailas,11_year,wata,wata,w a t a,,parkerchavez1976,991,,,,,7768,w a t a,"['w', 'a', 't', 'a']"
Imbabura-11_year-1,,Imbabura,11_year,wata,wata,w a t a,,gomez2009,991,,,,,7768,w a t a,"['w', 'a', 't', 'a']"
Inkawasi-11_year-1,,Inkawasi,11_year,año,año,a ɲ o,,heggarty2005,993,,,,esp,7770,a ɲ o,"['a', 'ɲ', 'o']"
Jaqaru-11_year-1,,Jaqaru,11_year,wata,wata,w a t a,,heggarty2005,597,,,,quechua,441,w a t - a,"['w', 'a', 't', 'a']"
Kawki-11_year-1,,Kawki,11_year,watya,watya,w a tʲ a,,heggarty2005,600,,,,quechua,442,w a tʲ a,"['w', 'a', 'tʲ', 'a']"
Lamas-11_year-1,,Lamas,11_year,wata,wata,w a t a,,taylor2006,991,,,,,7768,w a t a,"['w', 'a', 't', 'a']"
Laraos-11_year-1,,Laraos,11_year,"wata, watə",wata,w a t a,,heggarty2005,991,,,,,7768,w a t a,"['w', 'a', 't', 'a']"
Laraos-11_year-2,,Laraos,11_year,"wata, watə",watə,w a t ə,,heggarty2005,991,,,,,7768,w a t ə,"['w', 'a', 't', 'ə']"
Lincha-Tana-11_year-1,,Lincha-Tana,11_year,wata,wata,w a t a,,shimelman2017,991,,,,,7768,w a t a,"['w', 'a', 't', 'a']"
Maragua-11_year-1,,Maragua,11_year,wata,wata,w a t a,,heggarty2005,991,,,,,7768,w a t a,"['w', 'a', 't', 'a']"
Napo-11_year-1,,Napo,11_year,huata,huata,w a t a,,orrwrisley1981,991,,,,,7768,w a t a,"['w', 'a', 't', 'a']"
Pacaraos-11_year-1,,Pacaraos,11_year,wata,wata,w a t a,,adelaar1982,991,,,,,7768,w a t a,"['w', 'a', 't', 'a']"
Pastaza-11_year-1,,Pastaza,11_year,wata,wata,w a t a,,landerman1973,991,,,,,7768,w a t a,"['w', 'a', 't', 'a']"
Pocona-11_year-1,,Pocona,11_year,wata,wata,w a t a,,heggarty2005,991,,,,,7768,w a t a,"['w', 'a', 't', 'a']"
Puki-11_year-1,,Puki,11_year,mara,mara,m a r a,,heggarty2005,992,,,,,7769,m a r a,"['m', 'a', 'r', 'a']"
Puno-11_year-1,,Puno,11_year,wata,wata,w a t a,,heggarty2005,991,,,,,7768,w a t a,"['w', 'a', 't', 'a']"
Putumayo-11_year-1,,Putumayo,11_year,huata,huata,w a t a,,tandioy1978,991,,,,,7768,w a t a,"['w', 'a', 't', 'a']"
Raimondi-11_year-1,,Raimondi,11_year,wata,wata,w a t a,,parkerchavez1976,991,,,,,7768,w a t a,"['w', 'a', 't', 'a']"
SanPedro-11_year-1,,SanPedro,11_year,wata,wata,w a t a,,shimelman2017,991,,,,,7768,w a t a,"['w', 'a', 't', 'a']"
Santiagueno-11_year-1,,Santiagueno,11_year,wata,wata,w a t a,,juanatey2021,991,,,,,7768,w a t a,"['w', 'a', 't', 'a']"
SantoTomas-11_year-1,,SantoTomas,11_year,"guata, mara",guata,w a t a,,santotomas1951,991,,,,,7768,w a t a,"['w', 'a', 't', 'a']"
SantoTomas-11_year-2,,SantoTomas,11_year,"guata, mara",mara,m a r a,,santotomas1951,840,,,,aymara,577,m a r a,"['m', 'a', 'r', 'a']"
Serena-11_year-1,,Serena,11_year,wata,wata,w a t a,,heggarty2005,991,,,,,7768,w a t a,"['w', 'a', 't', 'a']"
Sullkatiti-11_year-1,,Sullkatiti,11_year,mara,mara,m a r a,,heggarty2005,992,,,,,7769,m a r a,"['m', 'a', 'r', 'a']"
Taquile-11_year-1,,Taquile,11_year,wata,wata,w a t a,,heggarty2005,991,,,,,7768,w a t a,"['w', 'a', 't', 'a']"
Tarma-11_year-1,,Tarma,11_year,wata,wata,w a t a,,adelaar1977,991,,,,,7768,w a t a,"['w', 'a', 't', 'a']"
Troje-11_year-1,,Troje,11_year,wata,wata,w a t a,,heggarty2005,991,,,,,7768,w a t a,"['w', 'a', 't', 'a']"
Wari-11_year-1,,Wari,11_year,wata,wata,w a t a,,parkerchavez1976,991,,,,,7768,w a t a,"['w', 'a', 't', 'a']"
Yanac-11_year-1,,Yanac,11_year,wata,wata,w a t a,,heggarty2005,991,,,,,7768,w a t a,"['w', 'a', 't', 'a']"
Anonimo-110_tire-1,,Anonimo,110_tire,"ʃaycuni, aycucuni",ʃaycuni,!s̺/s ai k u + n i,,valera1586,918,,,,,6848 0,!s̺/s ai k u ( - ) + n i,"['!s̺/s', 'ai', 'k', 'u', '+', 'n', 'i']"
Anonimo-110_tire-2,,Anonimo,110_tire,"ʃaycuni, aycucuni",aycucuni,ai k u + k u + n i,,valera1586,918,,,,,6848 0 0,- ai k u ( - ) + k u + n i,"['ai', 'k', 'u', '+', 'k', 'u', '+', 'n', 'i']"
Apuri-110_tire-1,,Apuri,110_tire,pishipa,pishipa,p i ʃ i p a,,shimelman2017,919,,,,,6849,p i ʃ i p a,"['p', 'i', 'ʃ', 'i', 'p', 'a']"
Apurimac-110_tire-1,,Apurimac,110_tire,pisipa,pisipa,p i s i p a,,camacho2007,919,,,,,6849,p i s i p a,"['p', 'i', 's', 'i', 'p', 'a']"
Arma-110_tire-1,,Arma,110_tire,sayka,sayka,s ai k a,,galvez2003,918,,,,,6848,s ai k a ( - ),"['s', 'ai', 'k', 'a']"
Atalla-110_tire-1,,Atalla,110_tire,pisi.pa,pisi.pa,p i s i p a,,heggarty2005,919,,,,,6849,p i s i p a,"['p', 'i', 's', 'i', 'p', 'a']"
Ayacucho-110_tire-1,,Ayacucho,110_tire,pisipa,pisipa,p i s i p a,,soto1976,919,,,,,6849,p i s i p a,"['p', 'i', 's', 'i', 'p', 'a']"
Bobonaza-110_tire-1,,Bobonaza,110_tire,sambayna,sambayna,s a m b ai + n a,,orrwrisley1981,7,,,,,101 0,s a m b ai + n a,"['s', 'a', 'm', 'b', 'ai', '+', 'n', 'a']"
Cacra-Hongos-110_tire-1,,Cacra-Hongos,110_tire,pishipa,pishipa,p i ʃ i p a,,shimelman2017,919,,,,,6849,p i ʃ i p a,"['p', 'i', 'ʃ', 'i', 'p', 'a']"
Chachapoyas-110_tire-1,,Chachapoyas,110_tire,shayku,shayku,ç ai k u,,taylor2006,918,,,,,6848,ç ai k u ( - ),"['ç', 'ai', 'k', 'u']"
Chacpar-110_tire-1,,Chacpar,110_tire,piši'pa,piši'pa,p i ʃ i p a,,heggarty2005,919,,,,,6849,p i ʃ i p a,"['p', 'i', 'ʃ', 'i', 'p', 'a']"
Chetilla-110_tire-1,,Chetilla,110_tire,ša.yku,ša.yku,ʃ ai k u,,heggarty2005,918,,,,,6848,ʃ ai k u ( - ),"['ʃ', 'ai', 'k', 'u']"
Chipaya-110_tire-1,,Chipaya,110_tire,ot.z,ot.z,o t z,,heggarty2005,920,,,,,6852,o t z,"['o', 't', 'z']"
Curva-110_tire-1,,Curva,110_tire,sa.yk'u,sa.yk'u,s ai kʼ u,,heggarty2005,918,,,,,6848,s ai kʼ u ( - ),"['s', 'ai', 'kʼ', 'u']"
Cuzco-110_tire-1,,Cuzco,110_tire,sa.yk'u,sa.yk'u,s ai kʼ u,,heggarty2005,918,,,,,6848,s ai kʼ u ( - ),"['s', 'ai', 'kʼ', 'u']"
CuzquenoAntiguo-110_tire-1,,CuzquenoAntiguo,110_tire,saycuni,saycuni,s ai k u + n i,,holguin1608,918,,,,,6848 0,s ai k u ( - ) + n i,"['s', 'ai', 'k', 'u', '+', 'n', 'i']"
Huallaga-110_tire-1,,Huallaga,110_tire,piši.pa,piši.pa,p i ʃ i p a,,heggarty2005,919,,,,,6849,p i ʃ i p a,"['p', 'i', 'ʃ', 'i', 'p', 'a']"
Huanca-110_tire-1,,Huanca,110_tire,pishipay,pishipay,p i ʃ i p a,,cerron1976,919,,,,,6849,p i ʃ i p a,"['p', 'i', 'ʃ', 'i', 'p', 'a']"
Jauja-110_tire-1,,Jauja,110_tire,pishipay,pishipay,p i ʃ i p a,,cerron1976,919,,,,,6849,p i ʃ i p a,"['p', 'i', 'ʃ', 'i', 'p', 'a']"
Huanca-110_tire-2,,Huanca,110_tire,utikay,utikay,u t i k a,,cerron2018,15,,,,,107,u t i k a,"['u', 't', 'i', 'k', 'a']"
Huancane-110_tire-1,,Huancane,110_tire,qari.x(i)yata,qari.xyata,q a r i x j a t a,,heggarty2005,921,,,,,6853,q a r i x j a t a,"['q', 'a', 'r', 'i', 'x', 'j', 'a', 't', 'a']"
Huangascar-110_tire-1,,Huangascar,110_tire,pishipa,pishipa,p i ʃ i p a,,shimelman2017,919,,,,,6849,p i ʃ i p a,"['p', 'i', 'ʃ', 'i', 'p', 'a']"
HuarazHuailas-110_tire-1,,HuarazHuailas,110_tire,pishipaay,pishipaay,p i ʃ i p aː,,parkerchavez1976,919,,,,,6849,p i ʃ i p aː,"['p', 'i', 'ʃ', 'i', 'p', 'aː']"
Imbabura-110_tire-1,,Imbabura,110_tire,shaijushka,shaijushka,ʃ ai x u + ʃ k a,tired (adjective),gomez2009,918,,,,,6848 0,ʃ ai x u ( - ) + ʃ k a,"['ʃ', 'ai', 'x', 'u', '+', 'ʃ', 'k', 'a']"
Inkawasi-110_tire-1,,Inkawasi,110_tire,ša.yku,ša.yku,ʃ ai k u,,heggarty2005,918,,,,,6848,ʃ ai k u ( - ),"['ʃ', 'ai', 'k', 'u']"
Jaqaru-110_tire-1,,Jaqaru,110_tire,ša.yku,ša.yku,ʃ ai k u,,heggarty2005,588,,,,quechua,435,ʃ ai k u,"['ʃ', 'ai', 'k', 'u']"
Kawki-110_tire-1,,Kawki,110_tire,ša.yku,ša.yku,ʃ ai k u,,heggarty2005,68,,,,quechua,140,ʃ ai k u,"['ʃ', 'ai', 'k', 'u']"
Lamas-110_tire-1,,Lamas,110_tire,shayku,shayku,ç ai k u,,taylor2006,918,,,,,6848,ç ai k u ( - ),"['ç', 'ai', 'k', 'u']"
Laraos-110_tire-1,,Laraos,110_tire,ša.yku,ša.yku,ʃ ai k u,,heggarty2005,918,,,,,6848,ʃ ai k u ( - ),"['ʃ', 'ai', 'k', 'u']"
Lincha-Tana-110_tire-1,,Lincha-Tana,110_tire,pishipa,pishipa,p i ʃ i p a,,shimelman2017,919,,,,,6849,p i ʃ i p a,"['p', 'i', 'ʃ', 'i', 'p', 'a']"
Maragua-110_tire-1,,Maragua,110_tire,sa.yk'u,sa.yk'u,s ai kʼ u,,heggarty2005,918,,,,,6848,s ai kʼ u ( - ),"['s', 'ai', 'kʼ', 'u']"
Napo-110_tire-1,,Napo,110_tire,sambayna,sambayna,s a m b ai + n a,,orrwrisley1981,7,,,,,101 0,s a m b ai + n a,"['s', 'a', 'm', 'b', 'ai', '+', 'n', 'a']"
Pacaraos-110_tire-1,,Pacaraos,110_tire,pishi-kaa,pishi-kaa,p i ç i k aː,ka/ku alternation,adelaar1982,919,,,,,6849,p i ç i k aː,"['p', 'i', 'ç', 'i', 'k', 'aː']"
Pastaza-110_tire-1,,Pastaza,110_tire,shaycuna,shaycuna,ʃ ai k u + n a,,landerman1973,918,,,,,6848 0,ʃ ai k u ( - ) + n a,"['ʃ', 'ai', 'k', 'u', '+', 'n', 'a']"
Pastaza-110_tire-2,,Pastaza,110_tire,sambayana,sambayana,s a m b a + j a + n a,,landerman1973,7,,,,,101 0 0,s a m b a + j a + n a,"['s', 'a', 'm', 'b', 'a', '+', 'j', 'a', '+', 'n', 'a']"
Pocona-110_tire-1,,Pocona,110_tire,sa.yk'u,sa.yk'u,s ai kʼ u,,heggarty2005,918,,,,,6848,s ai kʼ u ( - ),"['s', 'ai', 'kʼ', 'u']"
Puki-110_tire-1,,Puki,110_tire,qari,qari,q a r i,,heggarty2005,921,,,,,6853,q a r i,"['q', 'a', 'r', 'i']"
Puno-110_tire-1,,Puno,110_tire,sa.yk'u,sa.yk'u,s ai kʼ u,,heggarty2005,918,,,,,6848,s ai kʼ u ( - ),"['s', 'ai', 'kʼ', 'u']"
Putumayo-110_tire-1,,Putumayo,110_tire,"sambaya, saycuri",sambaya,s a m b a + j a,,tandioy1978,7,,,,,101 0,s a m b a + j a,"['s', 'a', 'm', 'b', 'a', '+', 'j', 'a']"
Putumayo-110_tire-2,,Putumayo,110_tire,"sambaya, saycuri",saycuri,s ai k u + r i,,tandioy1978,918,,,,,6848 0,s ai k u ( - ) + r i,"['s', 'ai', 'k', 'u', '+', 'r', 'i']"
Raimondi-110_tire-1,,Raimondi,110_tire,pishipaay,pishipaay,p i ʃ i p aː,,parkerchavez1976,919,,,,,6849,p i ʃ i p aː,"['p', 'i', 'ʃ', 'i', 'p', 'aː']"
SanPedro-110_tire-1,,SanPedro,110_tire,pishipa,pishipa,p i ʃ i p a,,shimelman2017,919,,,,,6849,p i ʃ i p a,"['p', 'i', 'ʃ', 'i', 'p', 'a']"
Santiagueno-110_tire-1,,Santiagueno,110_tire,saykus,saykus,s ai k u s,,juanatey2021,918,,,,,6848,s ai k u ( s ),"['s', 'ai', 'k', 'u', 's']"
SantoTomas-110_tire-1,,SantoTomas,110_tire,ʃaycuni.gui,ʃaycuni.gui,s ai k u + n i + w i,,santotomas1951,918,,,,,6848 0 0,s ai k u ( - ) + n i + w i,"['s', 'ai', 'k', 'u', '+', 'n', 'i', '+', 'w', 'i']"
Serena-110_tire-1,,Serena,110_tire,samba.ya,samba.ya,s a m b a + j a,,heggarty2005,7,,,,,101 0,s a m b a + j a,"['s', 'a', 'm', 'b', 'a', '+', 'j', 'a']"
Sullkatiti-110_tire-1,,Sullkatiti,110_tire,qari,qari,q a r i,,heggarty2005,921,,,,,6853,q a r i,"['q', 'a', 'r', 'i']"
Taquile-110_tire-1,,Taquile,110_tire,sa.yk'u,sa.yk'u,s ai kʼ u,,heggarty2005,918,,,,,6848,s ai kʼ u ( - ),"['s', 'ai', 'kʼ', 'u']"
Tarma-110_tire-1,,Tarma,110_tire,šaygu,šaygu,ç ai g u,"also: stop going, stand still",adelaar1977,918,,,,,6848,ç ai g u ( - ),"['ç', 'ai', 'g', 'u']"
Troje-110_tire-1,,Troje,110_tire,ša.yku,ša.yku,ʃ ai k u,,heggarty2005,918,,,,,6848,ʃ ai k u ( - ),"['ʃ', 'ai', 'k', 'u']"
Wari-110_tire-1,,Wari,110_tire,pishipaay,pishipaay,p i ʃ i p aː,,parkerchavez1976,919,,,,,6849,p i ʃ i p aː,"['p', 'i', 'ʃ', 'i', 'p', 'aː']"
Yanac-110_tire-1,,Yanac,110_tire,še:ku,še:ku,ʃ eː k u,,heggarty2005,918,,,,,6848,ʃ eː k u ( - ),"['ʃ', 'eː', 'k', 'u']"
Apuri-111_many-1,,Apuri,111_many,achka,achka,a tʃ k a,,shimelman2017,515,,,,,3940,a tʃ ( - ) k a,"['a', 'tʃ', 'k', 'a']"
Apurimac-111_many-1,,Apurimac,111_many,aska,aska,a s k a,,camacho2007,515,,,,,3940,a s ( - ) k a,"['a', 's', 'k', 'a']"
Apurimac-111_many-2,,Apurimac,111_many,nisyu,nisyu,n i s j u,,camacho2007,519,,,,,3947,n i s j u,"['n', 'i', 's', 'j', 'u']"
Arma-111_many-1,,Arma,111_many,achka,achka,a tʃ k a,,galvez2003,515,,,,,3940,a tʃ ( - ) k a,"['a', 'tʃ', 'k', 'a']"
Atalla-111_many-1,,Atalla,111_many,ačka,ačka,a tʃ k a,,heggarty2005,515,,,,,3940,a tʃ ( - ) k a,"['a', 'tʃ', 'k', 'a']"
Ayacucho-111_many-1,,Ayacucho,111_many,achka,achka,a tʃ k a,,soto1976,515,,,,,3940,a tʃ ( - ) k a,"['a', 'tʃ', 'k', 'a']"
Bobonaza-111_many-1,,Bobonaza,111_many,ashca,ashca,a ʃ k a,,orrwrisley1981,515,,,,,3940,a ʃ ( - ) k a,"['a', 'ʃ', 'k', 'a']"
Cacra-Hongos-111_many-1,,Cacra-Hongos,111_many,achka,achka,a tʃ k a,,shimelman2017,515,,,,,3940,a tʃ ( - ) k a,"['a', 'tʃ', 'k', 'a']"
Chacpar-111_many-1,,Chacpar,111_many,atska,atska,a ts k a,,heggarty2005,515,,,,,3940,a ts ( - ) k a,"['a', 'ts', 'k', 'a']"
Chetilla-111_many-1,,Chetilla,111_many,ačka,ačka,a tʃ k a,,heggarty2005,515,,,,,3940,a tʃ ( - ) k a,"['a', 'tʃ', 'k', 'a']"
Chipaya-111_many-1,,Chipaya,111_many,wakchi; loki; muspa,wakchi,w a k tʃ i,,heggarty2005,516,,,,,3941,w a k tʃ i,"['w', 'a', 'k', 'tʃ', 'i']"
Chipaya-111_many-2,,Chipaya,111_many,wakchi; loki; muspa,loki,l o k i,,heggarty2005,236,,,,,231,l o k i -,"['l', 'o', 'k', 'i']"
Chipaya-111_many-3,,Chipaya,111_many,wakchi; loki; muspa,muspa,m u s p a,,heggarty2005,520,,,,,3948,m u s p a,"['m', 'u', 's', 'p', 'a']"
Curva-111_many-1,,Curva,111_many,ačkha,ačkha,a tʃ kʰ a,,heggarty2005,515,,,,,3940,a tʃ ( - ) kʰ a,"['a', 'tʃ', 'kʰ', 'a']"
Cuzco-111_many-1,,Cuzco,111_many,askha,askha,a s kʰ a,,heggarty2005,515,,,,,3940,a s ( - ) kʰ a,"['a', 's', 'kʰ', 'a']"
CuzquenoAntiguo-111_many-1,,CuzquenoAntiguo,111_many,"achca, ancha",achca,a tʃ k a,,holguin1608,515,,,,,3940,a tʃ ( - ) k a,"['a', 'tʃ', 'k', 'a']"
Huallaga-111_many-1,,Huallaga,111_many,ačka,ačka,a tʃ k a,,heggarty2005,515,,,,,3940,a tʃ ( - ) k a,"['a', 'tʃ', 'k', 'a']"
Huanca-111_many-1,,Huanca,111_many,achka,achka,a tʃ k a,,cerron1976,515,,,,,3940,a tʃ ( - ) k a,"['a', 'tʃ', 'k', 'a']"
Huancane-111_many-1,,Huancane,111_many,sinti.ni,sinti.ni,s i n t i + n i,,heggarty2005,17,,,,,109 0,s i n t i + n i,"['s', 'i', 'n', 't', 'i', '+', 'n', 'i']"
Huangascar-111_many-1,,Huangascar,111_many,achka,achka,a tʃ k a,,shimelman2017,515,,,,,3940,a tʃ ( - ) k a,"['a', 'tʃ', 'k', 'a']"
HuarazHuailas-111_many-1,,HuarazHuailas,111_many,atska,atska,a tʃ k a,,parkerchavez1976,515,,,,,3940,a tʃ ( - ) k a,"['a', 'tʃ', 'k', 'a']"
Imbabura-111_many-1,,Imbabura,111_many,achka,achka,a tʃ k a,,gomez2009,515,,,,,3940,a tʃ ( - ) k a,"['a', 'tʃ', 'k', 'a']"
Inkawasi-111_many-1,,Inkawasi,111_many,ačka,ačka,a tʃ k a,,heggarty2005,515,,,,,3940,a tʃ ( - ) k a,"['a', 'tʃ', 'k', 'a']"
Jaqaru-111_many-1,,Jaqaru,111_many,aĉhi,aĉhi,a ʈʂʰ i,,heggarty2005,26,,,,,113,a ʈʂʰ i,"['a', 'ʈʂʰ', 'i']"
Kawki-111_many-1,,Kawki,111_many,aĉi,aĉi,a ʈʂ i,,heggarty2005,26,,,,,113,a ʈʂ i,"['a', 'ʈʂ', 'i']"
Lamas-111_many-1,,Lamas,111_many,"sukaman, achka",achka,a tʃ k a,,park1976,515,,,,,3940,a tʃ ( - ) k a,"['a', 'tʃ', 'k', 'a']"
Laraos-111_many-1,,Laraos,111_many,ačka,ačka,a tʃ k a,,heggarty2005,515,,,,,3940,a tʃ ( - ) k a,"['a', 'tʃ', 'k', 'a']"
Lincha-Tana-111_many-1,,Lincha-Tana,111_many,achka,achka,a tʃ k a,,shimelman2017,515,,,,,3940,a tʃ ( - ) k a,"['a', 'tʃ', 'k', 'a']"
Maragua-111_many-1,,Maragua,111_many,"aškha, aškha.s",aškha.s,a ʃ kʰ a + s,,heggarty2005,515,,,,,3940 0,a ʃ ( - ) kʰ a + s,"['a', 'ʃ', 'kʰ', 'a', '+', 's']"
Napo-111_many-1,,Napo,111_many,ashca,ashca,a ʃ k a,,orrwrisley1981,515,,,,,3940,a ʃ ( - ) k a,"['a', 'ʃ', 'k', 'a']"
Pacaraos-111_many-1,,Pacaraos,111_many,isisii,isisii,i s i s iː,,adelaar1982,27,,,,,114,- i s i s iː,"['i', 's', 'i', 's', 'iː']"
Pastaza-111_many-1,,Pastaza,111_many,achca,achca,a tʃ k a,,landerman1973,515,,,,,3940,a tʃ ( - ) k a,"['a', 'tʃ', 'k', 'a']"
Pastaza-111_many-2,,Pastaza,111_many,yapa,yapa,j a p a,,landerman1973,517,,,,,3943,- - j a p a,"['j', 'a', 'p', 'a']"
Pocona-111_many-1,,Pocona,111_many,aškha,aškha,a ʃ kʰ a,,heggarty2005,515,,,,,3940,a ʃ ( - ) kʰ a,"['a', 'ʃ', 'kʰ', 'a']"
Puki-111_many-1,,Puki,111_many,walxa,walxa,w a l x a,,heggarty2005,518,,,,,3945,w a l x a,"['w', 'a', 'l', 'x', 'a']"
Puno-111_many-1,,Puno,111_many,aškha,aškha,a ʃ kʰ a,,heggarty2005,515,,,,,3940,a ʃ ( - ) kʰ a,"['a', 'ʃ', 'kʰ', 'a']"
Putumayo-111_many-1,,Putumayo,111_many,achca,achca,a tʃ k a,,tandioy1978,515,,,,,3940,a tʃ ( - ) k a,"['a', 'tʃ', 'k', 'a']"
Raimondi-111_many-1,,Raimondi,111_many,atska,atska,a tʃ k a,,parkerchavez1976,515,,,,,3940,a tʃ ( - ) k a,"['a', 'tʃ', 'k', 'a']"
SanPedro-111_many-1,,SanPedro,111_many,achka,achka,a tʃ k a,,shimelman2017,515,,,,,3940,a tʃ ( - ) k a,"['a', 'tʃ', 'k', 'a']"
Santiagueno-111_many-1,,Santiagueno,111_many,achka,achka,a tʃ k a,,juanatey2021,515,,,,,3940,a tʃ ( - ) k a,"['a', 'tʃ', 'k', 'a']"
SantoTomas-111_many-1,,SantoTomas,111_many,achika,achika,a tʃ i k a,,santotomas1951,515,,,,,3940,a tʃ ( i ) k a,"['a', 'tʃ', 'i', 'k', 'a']"
Serena-111_many-1,,Serena,111_many,aška,aška,a ʃ k a,,heggarty2005,515,,,,,3940,a ʃ ( - ) k a,"['a', 'ʃ', 'k', 'a']"
Sullkatiti-111_many-1,,Sullkatiti,111_many,thanqha,thanqha,tʰ a n qʰ a,,heggarty2005,28,,,,,115,tʰ a n - qʰ a,"['tʰ', 'a', 'n', 'qʰ', 'a']"
Taquile-111_many-1,,Taquile,111_many,aškha,aškha,a ʃ kʰ a,,heggarty2005,515,,,,,3940,a ʃ ( - ) kʰ a,"['a', 'ʃ', 'kʰ', 'a']"
Tarma-111_many-1,,Tarma,111_many,ačka,ačka,a tʃ k a,,adelaar1977,515,,,,,3940,a tʃ ( - ) k a,"['a', 'tʃ', 'k', 'a']"
Troje-111_many-1,,Troje,111_many,ačka,ačka,a tʃ k a,,heggarty2005,515,,,,,3940,a tʃ ( - ) k a,"['a', 'tʃ', 'k', 'a']"
Wari-111_many-1,,Wari,111_many,atska,atska,a tʃ k a,,parkerchavez1976,515,,,,,3940,a tʃ ( - ) k a,"['a', 'tʃ', 'k', 'a']"
Yanac-111_many-1,,Yanac,111_many,atska,atska,a ts k a,,heggarty2005,515,,,,,3940,a ts ( - ) k a,"['a', 'ts', 'k', 'a']"
Anonimo-112_full-1,,Anonimo,112_full,"hanta, huntaʃca",hanta,h a n t a,llena coʃa,valera1586,235,,,,,2309,h a n t a,"['h', 'a', 'n', 't', 'a']"
Anonimo-112_full-2,,Anonimo,112_full,"hanta, huntaʃca",huntaʃca,h u n t a + !s̺/s k a,llena coʃa,valera1586,235,,,,,2309 0,h u n t a + !s̺/s k a,"['h', 'u', 'n', 't', 'a', '+', '!s̺/s', 'k', 'a']"
Apuri-112_full-1,,Apuri,112_full,hunta,hunta,h u n t a,,shimelman2017,235,,,,,2309,h u n t a,"['h', 'u', 'n', 't', 'a']"
Apurimac-112_full-1,,Apurimac,112_full,llinpa,llinpa,ʎ i n p a,,camacho2007,237,,,,,2310,ʎ i n p a,"['ʎ', 'i', 'n', 'p', 'a']"
Apurimac-112_full-2,,Apurimac,112_full,huntay,huntay,h u n t a,,camacho2007,235,,,,,2309,h u n t a,"['h', 'u', 'n', 't', 'a']"
Arma-112_full-1,,Arma,112_full,hunta,hunta,h u n t a,,galvez2003,235,,,,,2309,h u n t a,"['h', 'u', 'n', 't', 'a']"
Atalla-112_full-1,,Atalla,112_full,hunta,hunta,h u n t a,,heggarty2005,235,,,,,2309,h u n t a,"['h', 'u', 'n', 't', 'a']"
Ayacucho-112_full-1,,Ayacucho,112_full,hunta,hunta,h u n t a,,soto1976,235,,,,,2309,h u n t a,"['h', 'u', 'n', 't', 'a']"
Bobonaza-112_full-1,,Bobonaza,112_full,junda,junda,h u n d a,,orrwrisley1981,235,,,,,2309,h u n d a,"['h', 'u', 'n', 'd', 'a']"
Cacra-Hongos-112_full-1,,Cacra-Hongos,112_full,hunta,hunta,h u n t a,,shimelman2017,235,,,,,2309,h u n t a,"['h', 'u', 'n', 't', 'a']"
Chachapoyas-112_full-1,,Chachapoyas,112_full,junta,junta,x u n d a,,taylor2006,235,,,,,2309,x u n d a,"['x', 'u', 'n', 'd', 'a']"
Chacpar-112_full-1,,Chacpar,112_full,hunta,hunta,h u n t a,,heggarty2005,235,,,,,2309,h u n t a,"['h', 'u', 'n', 't', 'a']"
Chetilla-112_full-1,,Chetilla,112_full,unda,unda,u n d a,,heggarty2005,235,,,,,2309,- u n d a,"['u', 'n', 'd', 'a']"
Chipaya-112_full-1,,Chipaya,112_full,tsina; chhipi,tsina,ts i n a,,heggarty2005,29,,,,,116,ts i n a -,"['ts', 'i', 'n', 'a']"
Chipaya-112_full-2,,Chipaya,112_full,tsina; chhipi,chhipi,tʃ h i p i,,heggarty2005,239,,,,,2315,tʃ h i p i,"['tʃ', 'h', 'i', 'p', 'i']"
Curva-112_full-1,,Curva,112_full,hunt'a,hunt'a,h u n tʼ a,,heggarty2005,235,,,,,2309,h u n tʼ a,"['h', 'u', 'n', 'tʼ', 'a']"
Cuzco-112_full-1,,Cuzco,112_full,hunt'a,hunt'a,h u n tʼ a,,heggarty2005,235,,,,,2309,h u n tʼ a,"['h', 'u', 'n', 'tʼ', 'a']"
CuzquenoAntiguo-112_full-1,,CuzquenoAntiguo,112_full,huntaʃca,huntaʃca,h u n t a + s k a,,holguin1608,235,,,,,2309 0,h u n t a + s k a,"['h', 'u', 'n', 't', 'a', '+', 's', 'k', 'a']"
Huallaga-112_full-1,,Huallaga,112_full,hunta,hunta,h u n t a,,heggarty2005,235,,,,,2309,h u n t a,"['h', 'u', 'n', 't', 'a']"
Huanca-112_full-1,,Huanca,112_full,hunta,hunta,h u n t a,,cerron2018,235,,,,,2309,h u n t a,"['h', 'u', 'n', 't', 'a']"
Huancane-112_full-1,,Huancane,112_full,phuqha,phuqha,pʰ u qʰ a,,heggarty2005,238,,,,,2312,pʰ u qʰ a,"['pʰ', 'u', 'qʰ', 'a']"
Huangascar-112_full-1,,Huangascar,112_full,hunta,hunta,h u n t a,,shimelman2017,235,,,,,2309,h u n t a,"['h', 'u', 'n', 't', 'a']"
HuarazHuailas-112_full-1,,HuarazHuailas,112_full,huntay,huntay,h u n t ai,,parkerchavez1976,235,,,,,2309,h u n t ai,"['h', 'u', 'n', 't', 'ai']"
Imbabura-112_full-1,,Imbabura,112_full,junda,junda,x u n d a,,gomez2009,235,,,,,2309,x u n d a,"['x', 'u', 'n', 'd', 'a']"
Inkawasi-112_full-1,,Inkawasi,112_full,unda,unda,u n d a,,heggarty2005,235,,,,,2309,- u n d a,"['u', 'n', 'd', 'a']"
Jaqaru-112_full-1,,Jaqaru,112_full,phuqa,phuqa,pʰ u q a,,heggarty2005,238,,,,,2312,pʰ u q a,"['pʰ', 'u', 'q', 'a']"
Kawki-112_full-1,,Kawki,112_full,phuqha,phuqha,pʰ u qʰ a,,heggarty2005,238,,,,,2312,pʰ u qʰ a,"['pʰ', 'u', 'qʰ', 'a']"
Lamas-112_full-1,,Lamas,112_full,junta,junta,x u n d a,,taylor2006,235,,,,,2309,x u n d a,"['x', 'u', 'n', 'd', 'a']"
Laraos-112_full-1,,Laraos,112_full,hunta,hunta,h u n t a,,heggarty2005,235,,,,,2309,h u n t a,"['h', 'u', 'n', 't', 'a']"
Lincha-Tana-112_full-1,,Lincha-Tana,112_full,hunta,hunta,h u n t a,,shimelman2017,235,,,,,2309,h u n t a,"['h', 'u', 'n', 't', 'a']"
Maragua-112_full-1,,Maragua,112_full,hunt'a,hunt'a,h u n tʼ a,,heggarty2005,235,,,,,2309,h u n tʼ a,"['h', 'u', 'n', 'tʼ', 'a']"
Napo-112_full-1,,Napo,112_full,junda,junda,h u n d a,,orrwrisley1981,235,,,,,2309,h u n d a,"['h', 'u', 'n', 'd', 'a']"
Pacaraos-112_full-1,,Pacaraos,112_full,hunta,hunta,x u n t a,,adelaar1982,235,,,,,2309,x u n t a,"['x', 'u', 'n', 't', 'a']"
Pastaza-112_full-1,,Pastaza,112_full,unda,unda,u n d a,,landerman1973,235,,,,,2309,- u n d a,"['u', 'n', 'd', 'a']"
Pocona-112_full-1,,Pocona,112_full,hunt'a,hunt'a,h u n tʼ a,,heggarty2005,235,,,,,2309,h u n tʼ a,"['h', 'u', 'n', 'tʼ', 'a']"
Puki-112_full-1,,Puki,112_full,phuqha,phuqha,pʰ u qʰ a,,heggarty2005,238,,,,,2312,pʰ u qʰ a,"['pʰ', 'u', 'qʰ', 'a']"
Puno-112_full-1,,Puno,112_full,hunt'a,hunt'a,h u n tʼ a,,heggarty2005,235,,,,,2309,h u n tʼ a,"['h', 'u', 'n', 'tʼ', 'a']"
Putumayo-112_full-1,,Putumayo,112_full,junda,junda,x u n d a,,tandioy1978,235,,,,,2309,x u n d a,"['x', 'u', 'n', 'd', 'a']"
Raimondi-112_full-1,,Raimondi,112_full,huntay,huntay,h u n t ai,,parkerchavez1976,235,,,,,2309,h u n t ai,"['h', 'u', 'n', 't', 'ai']"
SanPedro-112_full-1,,SanPedro,112_full,hunta,hunta,h u n t a,,shimelman2017,235,,,,,2309,h u n t a,"['h', 'u', 'n', 't', 'a']"
Santiagueno-112_full-1,,Santiagueno,112_full,unta,unta,u n t a,,juanatey2021,235,,,,,2309,- u n t a,"['u', 'n', 't', 'a']"
SantoTomas-112_full-1,,SantoTomas,112_full,"apani, puxani",puxani,p u χ a + n i,llenar,santotomas1951,85,,,,,147 0,p u χ a + n i,"['p', 'u', 'χ', 'a', '+', 'n', 'i']"
Serena-112_full-1,,Serena,112_full,undakta,undakta,u n d a + k t a,,heggarty2005,235,,,,,2309 0,- u n d a + k t a,"['u', 'n', 'd', 'a', '+', 'k', 't', 'a']"
Sullkatiti-112_full-1,,Sullkatiti,112_full,phuqha,phuqha,pʰ u qʰ a,,heggarty2005,238,,,,,2312,pʰ u qʰ a,"['pʰ', 'u', 'qʰ', 'a']"
Taquile-112_full-1,,Taquile,112_full,hunt'a,hunt'a,h u n tʼ a,,heggarty2005,235,,,,,2309,h u n tʼ a,"['h', 'u', 'n', 'tʼ', 'a']"
Tarma-112_full-1,,Tarma,112_full,xunta,xunta,χ o n t a,,adelaar1977,235,,,,,2309,χ o n t a,"['χ', 'o', 'n', 't', 'a']"
Troje-112_full-1,,Troje,112_full,hunda,hunda,h u n d a,,heggarty2005,235,,,,,2309,h u n d a,"['h', 'u', 'n', 'd', 'a']"
Wari-112_full-1,,Wari,112_full,huntay,huntay,h u n t ai,,parkerchavez1976,235,,,,,2309,h u n t ai,"['h', 'u', 'n', 't', 'ai']"
Yanac-112_full-1,,Yanac,112_full,unta,unta,u n t a,,heggarty2005,235,,,,,2309,- u n t a,"['u', 'n', 't', 'a']"
Anonimo-113_empty-1,,Anonimo,113_empty,chuʃʃac,chuʃʃac,tʃ u k a k,,valera1586,99,,,,,1575,tʃ u k a k,"['tʃ', 'u', 'k', 'a', 'k']"
Apurimac-113_empty-1,,Apurimac,113_empty,chusaq,chusaq,tʃ u s a q,,camacho2007,99,,,,,1575,tʃ u s a q,"['tʃ', 'u', 's', 'a', 'q']"
Atalla-113_empty-1,,Atalla,113_empty,vaciyo,vaciyo,v a s i j o,,heggarty2005,100,,,,esp,1577,v a s i j o,"['v', 'a', 's', 'i', 'j', 'o']"
Bobonaza-113_empty-1,,Bobonaza,113_empty,chushaj,chushaj,tʃ u ʃ a,,orrwrisley1981,99,,,,,1575,tʃ u ʃ a -,"['tʃ', 'u', 'ʃ', 'a']"
Chacpar-113_empty-1,,Chacpar,113_empty,hine:.λa,hine:.λa,h i n eː ʎ a,,heggarty2005,433,,,,,348,h i n eː ʎ a,"['h', 'i', 'n', 'eː', 'ʎ', 'a']"
Chetilla-113_empty-1,,Chetilla,113_empty,idya.x,idya.x,i ʎ a x,,heggarty2005,386,,,,,32,i ʎ a x,"['i', 'ʎ', 'a', 'x']"
Chipaya-113_empty-1,,Chipaya,113_empty,laa-chi,laa-chi,l a a tʃ i,,heggarty2005,45,,,,,125,- - - l a a tʃ i,"['l', 'a', 'a', 'tʃ', 'i']"
Curva-113_empty-1,,Curva,113_empty,č'usa.χ,č'usa.χ,tʃʼ u s a χ,,heggarty2005,99,,,,,1575,tʃʼ u s a χ,"['tʃʼ', 'u', 's', 'a', 'χ']"
Cuzco-113_empty-1,,Cuzco,113_empty,č'usa.χ,č'usa.χ,tʃʼ u s a χ,,heggarty2005,99,,,,,1575,tʃʼ u s a χ,"['tʃʼ', 'u', 's', 'a', 'χ']"
CuzquenoAntiguo-113_empty-1,,CuzquenoAntiguo,113_empty,chhuʃʃac,chhuʃʃac,tʃ u s a k,,holguin1608,99,,,,,1575,tʃ u s a k,"['tʃ', 'u', 's', 'a', 'k']"
Huallaga-113_empty-1,,Huallaga,113_empty,ha:ku.χ,ha:ku.χ,h aː k u + χ,,heggarty2005,101,,,,,1578 0,h aː - k u + χ,"['h', 'aː', 'k', 'u', '+', 'χ']"
Huanca-113_empty-1,,Huanca,113_empty,halkusha,halkusha,h a l k u + ʂ a,,cerron1976,101,,,,,1578 0,h a l k u + ʂ a,"['h', 'a', 'l', 'k', 'u', '+', 'ʂ', 'a']"
Huancane-113_empty-1,,Huancane,113_empty,č'usa,č'usa,tʃʼ u s a,,heggarty2005,86,,,,,148,tʃʼ u s a -,"['tʃʼ', 'u', 's', 'a']"
Imbabura-113_empty-1,,Imbabura,113_empty,chushaj,chushaj,tʃ u ʃ a x,,gomez2009,99,,,,,1575,tʃ u ʃ a x,"['tʃ', 'u', 'ʃ', 'a', 'x']"
Inkawasi-113_empty-1,,Inkawasi,113_empty,čun.dža,čun.dža,tʃ u n dʒ a,,heggarty2005,1010,,,,,80,tʃ u n dʒ a -,"['tʃ', 'u', 'n', 'dʒ', 'a']"
Jaqaru-113_empty-1,,Jaqaru,113_empty,ha:ma,ha:ma,h aː m a,,heggarty2005,39,,,,,122,h aː m a,"['h', 'aː', 'm', 'a']"
Kawki-113_empty-1,,Kawki,113_empty,hama,hama,h a m a,,heggarty2005,39,,,,,122,h a m a,"['h', 'a', 'm', 'a']"
Laraos-113_empty-1,,Laraos,113_empty,iλa.χ,iλa.χ,i ʎ a χ,,heggarty2005,386,,,,,32,i ʎ a χ,"['i', 'ʎ', 'a', 'χ']"
Maragua-113_empty-1,,Maragua,113_empty,č'usa.χ,č'usa.χ,tʃʼ u s a χ,,heggarty2005,99,,,,,1575,tʃʼ u s a χ,"['tʃʼ', 'u', 's', 'a', 'χ']"
Napo-113_empty-1,,Napo,113_empty,chushaj,chushaj,tʃ u ʃ a,,orrwrisley1981,99,,,,,1575,tʃ u ʃ a -,"['tʃ', 'u', 'ʃ', 'a']"
Pacaraos-113_empty-1,,Pacaraos,113_empty,ilaa-,ilaa-,i l aː,,adelaar1982,386,,,,,32,i l aː -,"['i', 'l', 'aː']"
Pastaza-113_empty-1,,Pastaza,113_empty,chusha,chusha,tʃ u ʃ a,,landerman1973,99,,,,,1575,tʃ u ʃ a -,"['tʃ', 'u', 'ʃ', 'a']"
Pocona-113_empty-1,,Pocona,113_empty,č'usa.χ,č'usa.χ,tʃʼ u s a χ,,heggarty2005,99,,,,,1575,tʃʼ u s a χ,"['tʃʼ', 'u', 's', 'a', 'χ']"
Puki-113_empty-1,,Puki,113_empty,č'usa,č'usa,tʃʼ u s a,,heggarty2005,86,,,,,148,tʃʼ u s a -,"['tʃʼ', 'u', 's', 'a']"
Puno-113_empty-1,,Puno,113_empty,č'usa.χ,č'usa.χ,tʃʼ u s a χ,,heggarty2005,99,,,,,1575,tʃʼ u s a χ,"['tʃʼ', 'u', 's', 'a', 'χ']"
Putumayo-113_empty-1,,Putumayo,113_empty,chusa,chusa,tʃ u s a,,tandioy1978,99,,,,,1575,tʃ u s a -,"['tʃ', 'u', 's', 'a']"
Raimondi-113_empty-1,,Raimondi,113_empty,waylla,waylla,w ai ʎ a,,parkerchavez1976,437,,,,,349,w ai ʎ a,"['w', 'ai', 'ʎ', 'a']"
Santiagueno-113_empty-1,,Santiagueno,113_empty,chusaq,chusaq,tʃ u s a χ,,juanatey2021,99,,,,,1575,tʃ u s a χ,"['tʃ', 'u', 's', 'a', 'χ']"
SantoTomas-113_empty-1,,SantoTomas,113_empty,ch’usa,ch’usa,tʃʼ u s a,ausente; mismo concepto que vacío?,santotomas1951,99,,,,,1575,tʃʼ u s a -,"['tʃʼ', 'u', 's', 'a']"
Serena-113_empty-1,,Serena,113_empty,čuša.x,čuša.x,tʃ u ʃ a x,,heggarty2005,99,,,,,1575,tʃ u ʃ a x,"['tʃ', 'u', 'ʃ', 'a', 'x']"
Sullkatiti-113_empty-1,,Sullkatiti,113_empty,č'usa,č'usa,tʃʼ u s a,,heggarty2005,86,,,,,148,tʃʼ u s a -,"['tʃʼ', 'u', 's', 'a']"
Taquile-113_empty-1,,Taquile,113_empty,č'usa.χ,č'usa.χ,tʃʼ u s a χ,,heggarty2005,99,,,,,1575,tʃʼ u s a χ,"['tʃʼ', 'u', 's', 'a', 'χ']"
Tarma-113_empty-1,,Tarma,113_empty,ila,ila,i l a,,adelaar1977,386,,,,,32,i l a -,"['i', 'l', 'a']"
Troje-113_empty-1,,Troje,113_empty,čuša.x (.ža),čuša.x,tʃ u ʃ a x,,heggarty2005,99,,,,,1575,tʃ u ʃ a x,"['tʃ', 'u', 'ʃ', 'a', 'x']"
Wari-113_empty-1,,Wari,113_empty,waylla,waylla,w ai ʎ a,,parkerchavez1976,437,,,,,349,w ai ʎ a,"['w', 'ai', 'ʎ', 'a']"
Yanac-113_empty-1,,Yanac,113_empty,ina.λa,ina.λa,i n a ʎ a,,heggarty2005,433,,,,,348,i n a ʎ a,"['i', 'n', 'a', 'ʎ', 'a']"
Anonimo-114_heavy-1,,Anonimo,114_heavy,llaʃʃac,llaʃʃac,ʎ a k a k,,valera1586,341,,,,,2932,ʎ a k a k,"['ʎ', 'a', 'k', 'a', 'k']"
Apuri-114_heavy-1,,Apuri,114_heavy,llasa,llasa,ʎ a s a,,shimelman2017,341,,,,,2932,ʎ a s a -,"['ʎ', 'a', 's', 'a']"
Apurimac-114_heavy-1,,Apurimac,114_heavy,llasa,llasa,ʎ a s a,,camacho2007,341,,,,,2932,ʎ a s a -,"['ʎ', 'a', 's', 'a']"
Arma-114_heavy-1,,Arma,114_heavy,llasaq,llasaq,ʎ a s a χ,,galvez2003,341,,,,,2932,ʎ a s a χ,"['ʎ', 'a', 's', 'a', 'χ']"
Atalla-114_heavy-1,,Atalla,114_heavy,λasa,λasa,ʎ a s a,,heggarty2005,341,,,,,2932,ʎ a s a -,"['ʎ', 'a', 's', 'a']"
Ayacucho-114_heavy-1,,Ayacucho,114_heavy,llasaq,llasaq,ʎ a s a χ,,soto1976,341,,,,,2932,ʎ a s a χ,"['ʎ', 'a', 's', 'a', 'χ']"
Bobonaza-114_heavy-1,,Bobonaza,114_heavy,llashaj,llashaj,ʎ a ʃ a,,orrwrisley1981,341,,,,,2932,ʎ a ʃ a -,"['ʎ', 'a', 'ʃ', 'a']"
Cacra-Hongos-114_heavy-1,,Cacra-Hongos,114_heavy,llasa,llasa,ʎ a s a,,shimelman2017,341,,,,,2932,ʎ a s a -,"['ʎ', 'a', 's', 'a']"
Chachapoyas-114_heavy-1,,Chachapoyas,114_heavy,llasha,llasha,dʑ a ç a,,taylor2006,341,,,,,2932,dʑ a ç a -,"['dʑ', 'a', 'ç', 'a']"
Chacpar-114_heavy-1,,Chacpar,114_heavy,lasa,lasa,l a s a,,heggarty2005,341,,,,,2932,l a s a -,"['l', 'a', 's', 'a']"
Chetilla-114_heavy-1,,Chetilla,114_heavy,dyaša,dyaša,ʎ a ʃ a,,heggarty2005,341,,,,,2932,ʎ a ʃ a -,"['ʎ', 'a', 'ʃ', 'a']"
Chipaya-114_heavy-1,,Chipaya,114_heavy,liksi; phapsa,liksi,l i k s i,,heggarty2005,51,,,,,129,- l i k s - - - - i -,"['l', 'i', 'k', 's', 'i']"
Chipaya-114_heavy-2,,Chipaya,114_heavy,liksi; phapsa,phapsa,pʰ a p s a,,heggarty2005,343,,,,,2934,pʰ a p s - a,"['pʰ', 'a', 'p', 's', 'a']"
Curva-114_heavy-1,,Curva,114_heavy,λasa,λasa,ʎ a s a,,heggarty2005,341,,,,,2932,ʎ a s a -,"['ʎ', 'a', 's', 'a']"
Cuzco-114_heavy-1,,Cuzco,114_heavy,λasa,λasa,ʎ a s a,,heggarty2005,341,,,,,2932,ʎ a s a -,"['ʎ', 'a', 's', 'a']"
CuzquenoAntiguo-114_heavy-1,,CuzquenoAntiguo,114_heavy,llaʃʃak,llaʃʃak,ʎ a s a k,,holguin1608,341,,,,,2932,ʎ a s a k,"['ʎ', 'a', 's', 'a', 'k']"
Huallaga-114_heavy-1,,Huallaga,114_heavy,lasa.,lasa.,l a s a,,heggarty2005,341,,,,,2932,l a s a -,"['l', 'a', 's', 'a']"
Huanca-114_heavy-1,,Huanca,114_heavy,llasaq,llasaq,ʎ a s a ʔ,,cerron1976,341,,,,,2932,ʎ a s a ʔ,"['ʎ', 'a', 's', 'a', 'ʔ']"
Huancane-114_heavy-1,,Huancane,114_heavy,hathi,hathi,h a tʰ i,,heggarty2005,342,,,,,2933,h a tʰ i,"['h', 'a', 'tʰ', 'i']"
Huangascar-114_heavy-1,,Huangascar,114_heavy,llasa,llasa,ʎ a s a,,shimelman2017,341,,,,,2932,ʎ a s a -,"['ʎ', 'a', 's', 'a']"
HuarazHuailas-114_heavy-1,,HuarazHuailas,114_heavy,lasaq,lasaq,l a s a q,,parkerchavez1976,341,,,,,2932,l a s a q,"['l', 'a', 's', 'a', 'q']"
Imbabura-114_heavy-1,,Imbabura,114_heavy,llashaj,llashaj,ʎ a ʃ a x,,gomez2009,341,,,,,2932,ʎ a ʃ a x,"['ʎ', 'a', 'ʃ', 'a', 'x']"
Inkawasi-114_heavy-1,,Inkawasi,114_heavy,žaša,žaša,ʒ a ʃ a,,heggarty2005,341,,,,,2932,ʒ a ʃ a -,"['ʒ', 'a', 'ʃ', 'a']"
Jaqaru-114_heavy-1,,Jaqaru,114_heavy,piski,piski,p i s k i,,heggarty2005,53,,,,,130,p i s k i,"['p', 'i', 's', 'k', 'i']"
Kawki-114_heavy-1,,Kawki,114_heavy,piski,piski,p i s k i,,heggarty2005,53,,,,,130,p i s k i,"['p', 'i', 's', 'k', 'i']"
Lamas-114_heavy-1,,Lamas,114_heavy,llasha,llasha,dʑ a ç a,,taylor2006,341,,,,,2932,dʑ a ç a -,"['dʑ', 'a', 'ç', 'a']"
Laraos-114_heavy-1,,Laraos,114_heavy,λasa,λasa,ʎ a s a,,heggarty2005,341,,,,,2932,ʎ a s a -,"['ʎ', 'a', 's', 'a']"
Lincha-Tana-114_heavy-1,,Lincha-Tana,114_heavy,llasa,llasa,ʎ a s a,,shimelman2017,341,,,,,2932,ʎ a s a -,"['ʎ', 'a', 's', 'a']"
Maragua-114_heavy-1,,Maragua,114_heavy,λasa,λasa,ʎ a s a,,heggarty2005,341,,,,,2932,ʎ a s a -,"['ʎ', 'a', 's', 'a']"
Napo-114_heavy-1,,Napo,114_heavy,llashaj,llashaj,ʎ a ʃ a,,orrwrisley1981,341,,,,,2932,ʎ a ʃ a -,"['ʎ', 'a', 'ʃ', 'a']"
Pacaraos-114_heavy-1,,Pacaraos,114_heavy,lasa,lasa,l a s a,,adelaar1982,341,,,,,2932,l a s a -,"['l', 'a', 's', 'a']"
Pastaza-114_heavy-1,,Pastaza,114_heavy,llasha,llasha,ʎ a ʃ a,,landerman1973,341,,,,,2932,ʎ a ʃ a -,"['ʎ', 'a', 'ʃ', 'a']"
Pocona-114_heavy-1,,Pocona,114_heavy,λasa,λasa,ʎ a s a,,heggarty2005,341,,,,,2932,ʎ a s a -,"['ʎ', 'a', 's', 'a']"
Puki-114_heavy-1,,Puki,114_heavy,hathi,hathi,h a tʰ i,,heggarty2005,342,,,,,2933,h a tʰ i,"['h', 'a', 'tʰ', 'i']"
Puno-114_heavy-1,,Puno,114_heavy,λasa,λasa,ʎ a s a,,heggarty2005,341,,,,,2932,ʎ a s a -,"['ʎ', 'a', 's', 'a']"
Putumayo-114_heavy-1,,Putumayo,114_heavy,llasa,llasa,ʎ a s a,,tandioy1978,341,,,,,2932,ʎ a s a -,"['ʎ', 'a', 's', 'a']"
Raimondi-114_heavy-1,,Raimondi,114_heavy,lasaq,lasaq,l a s a q,,parkerchavez1976,341,,,,,2932,l a s a q,"['l', 'a', 's', 'a', 'q']"
SanPedro-114_heavy-1,,SanPedro,114_heavy,llasa,llasa,ʎ a s a,,shimelman2017,341,,,,,2932,ʎ a s a -,"['ʎ', 'a', 's', 'a']"
Santiagueno-114_heavy-1,,Santiagueno,114_heavy,lasaq,lasaq,l a s a χ,,juanatey2021,341,,,,,2932,l a s a χ,"['l', 'a', 's', 'a', 'χ']"
SantoTomas-114_heavy-1,,SantoTomas,114_heavy,llaʃayani,llaʃayani,ʎ a s a + j a + n i,,santotomas1951,341,,,,,2932 0 0,ʎ a s a - + j a + n i,"['ʎ', 'a', 's', 'a', '+', 'j', 'a', '+', 'n', 'i']"
Serena-114_heavy-1,,Serena,114_heavy,λaša,λaša,ʎ a ʃ a,,heggarty2005,341,,,,,2932,ʎ a ʃ a -,"['ʎ', 'a', 'ʃ', 'a']"
Sullkatiti-114_heavy-1,,Sullkatiti,114_heavy,hathi,hathi,h a tʰ i,,heggarty2005,342,,,,,2933,h a tʰ i,"['h', 'a', 'tʰ', 'i']"
Taquile-114_heavy-1,,Taquile,114_heavy,λasa,λasa,ʎ a s a,,heggarty2005,341,,,,,2932,ʎ a s a -,"['ʎ', 'a', 's', 'a']"
Tarma-114_heavy-1,,Tarma,114_heavy,lasa,lasa,l a s a,,adelaar1977,341,,,,,2932,l a s a -,"['l', 'a', 's', 'a']"
Troje-114_heavy-1,,Troje,114_heavy,žaša,žaša,ʒ a ʃ a,,heggarty2005,341,,,,,2932,ʒ a ʃ a -,"['ʒ', 'a', 'ʃ', 'a']"
Wari-114_heavy-1,,Wari,114_heavy,lasaq,lasaq,l a s a q,,parkerchavez1976,341,,,,,2932,l a s a q,"['l', 'a', 's', 'a', 'q']"
Yanac-114_heavy-1,,Yanac,114_heavy,lasa,lasa,l a s a,,heggarty2005,341,,,,,2932,l a s a -,"['l', 'a', 's', 'a']"
Anonimo-115_lightnotheavy-1,,Anonimo,115_lightnotheavy,chuʃʃaclla,chuʃʃaclla,tʃ u k a k + ʎ a,,valera1586,203,,,,,213 0,tʃ u k a k + ʎ a,"['tʃ', 'u', 'k', 'a', 'k', '+', 'ʎ', 'a']"
Apurimac-115_lightnotheavy-1,,Apurimac,115_lightnotheavy,challa,challa,tʃ a ʎ a,,camacho2007,459,,,,,3637,tʃ a ʎ a,"['tʃ', 'a', 'ʎ', 'a']"
Apurimac-115_lightnotheavy-2,,Apurimac,115_lightnotheavy,panqa,panqa,p a n q a,,camacho2007,458,,,,,3636,p a n q a,"['p', 'a', 'n', 'q', 'a']"
Atalla-115_lightnotheavy-1,,Atalla,115_lightnotheavy,λa.χi.λa,λa.χi.λa,ʎ a χ i + ʎ a,,heggarty2005,500,,,,,385 0,ʎ a χ i + ʎ a,"['ʎ', 'a', 'χ', 'i', '+', 'ʎ', 'a']"
Ayacucho-115_lightnotheavy-1,,Ayacucho,115_lightnotheavy,sampa,sampa,s a m p a,,soto1976,65,,,,,138,s a m p a - -,"['s', 'a', 'm', 'p', 'a']"
Bobonaza-115_lightnotheavy-1,,Bobonaza,115_lightnotheavy,pangalla,pangalla,p a n g a + ʎ a,,orrwrisley1981,458,,,,,3636 0,p a n g a + ʎ a,"['p', 'a', 'n', 'g', 'a', '+', 'ʎ', 'a']"
Chacpar-115_lightnotheavy-1,,Chacpar,115_lightnotheavy,ankaš,ankaš,a n k a ʃ,,heggarty2005,56,,,,,133,a n k a ʃ,"['a', 'n', 'k', 'a', 'ʃ']"
Chipaya-115_lightnotheavy-1,,Chipaya,115_lightnotheavy,khezhi,khezhi,kʰ e zʰ i,,heggarty2005,462,,,,,3641,kʰ e zʰ i,"['kʰ', 'e', 'zʰ', 'i']"
Curva-115_lightnotheavy-1,,Curva,115_lightnotheavy,suxa,suxa,s u x a,,heggarty2005,60,,,,,134,s u x a,"['s', 'u', 'x', 'a']"
Cuzco-115_lightnotheavy-1,,Cuzco,115_lightnotheavy,čhaλa,čhaλa,tʃʰ a ʎ a,,heggarty2005,459,,,,,3637,tʃʰ a ʎ a,"['tʃʰ', 'a', 'ʎ', 'a']"
CuzquenoAntiguo-115_lightnotheavy-1,,CuzquenoAntiguo,115_lightnotheavy,"huayray, huaman",huayray,w ai r ai,,holguin1608,437,,,,,349,w ai r ai,"['w', 'ai', 'r', 'ai']"
CuzquenoAntiguo-115_lightnotheavy-2,,CuzquenoAntiguo,115_lightnotheavy,"huayray, huaman",huaman,w a m a n,,holguin1608,64,,,,,137,w a m - a n -,"['w', 'a', 'm', 'a', 'n']"
Huallaga-115_lightnotheavy-1,,Huallaga,115_lightnotheavy,ankaš,ankaš,a n k a ʃ,,heggarty2005,56,,,,,133,a n k a ʃ,"['a', 'n', 'k', 'a', 'ʃ']"
Huanca-115_lightnotheavy-1,,Huanca,115_lightnotheavy,hakya,hakya,h a k j a,,cerron2018,460,,,,,3638,h a k j a,"['h', 'a', 'k', 'j', 'a']"
Huancane-115_lightnotheavy-1,,Huancane,115_lightnotheavy,"suxa, suxa.λa",suxa,s u x a,,heggarty2005,112,,,,,164,s u x a,"['s', 'u', 'x', 'a']"
Huancane-115_lightnotheavy-2,,Huancane,115_lightnotheavy,"suxa, suxa.λa",suxa.λa,s u x a + ʎ a,,heggarty2005,112,,,,,164 0,s u x a + - - - ʎ - - a,"['s', 'u', 'x', 'a', '+', 'ʎ', 'a']"
Imbabura-115_lightnotheavy-1,,Imbabura,115_lightnotheavy,fangalla,fangalla,f a n g a + ʎ a,,gomez2009,458,,,,,3636 0,f a n g a + ʎ a,"['f', 'a', 'n', 'g', 'a', '+', 'ʎ', 'a']"
Inkawasi-115_lightnotheavy-1,,Inkawasi,115_lightnotheavy,lapša,lapša,l a p ʃ a,,heggarty2005,463,,,,,3643,l a p ʃ a,"['l', 'a', 'p', 'ʃ', 'a']"
Jaqaru-115_lightnotheavy-1,,Jaqaru,115_lightnotheavy,hama,hama,h a m a,,heggarty2005,63,,,,,136,h a m a,"['h', 'a', 'm', 'a']"
Kawki-115_lightnotheavy-1,,Kawki,115_lightnotheavy,hama,hama,h a m a,,heggarty2005,63,,,,,136,h a m a,"['h', 'a', 'm', 'a']"
Lamas-115_lightnotheavy-1,,Lamas,115_lightnotheavy,utka,utka,u t k a,,park1976,464,,,,,3644,u t k a,"['u', 't', 'k', 'a']"
Laraos-115_lightnotheavy-1,,Laraos,115_lightnotheavy,šakya.λa,šakya.λa,ʃ a k j a + ʎ a,,heggarty2005,460,,,,,3638 0,ʃ a k j a + - - - ʎ - - a,"['ʃ', 'a', 'k', 'j', 'a', '+', 'ʎ', 'a']"
Maragua-115_lightnotheavy-1,,Maragua,115_lightnotheavy,čhaλa,čhaλa,tʃʰ a ʎ a,,heggarty2005,459,,,,,3637,tʃʰ a ʎ a,"['tʃʰ', 'a', 'ʎ', 'a']"
Napo-115_lightnotheavy-1,,Napo,115_lightnotheavy,pangalla,pangalla,p a n g a + ʎ a,,orrwrisley1981,458,,,,,3636 0,p a n g a + ʎ a,"['p', 'a', 'n', 'g', 'a', '+', 'ʎ', 'a']"
Pastaza-115_lightnotheavy-1,,Pastaza,115_lightnotheavy,pangalla,pangalla,p a n g a + ʎ a,,landerman1973,458,,,,,3636 0,p a n g a + ʎ a,"['p', 'a', 'n', 'g', 'a', '+', 'ʎ', 'a']"
Pocona-115_lightnotheavy-1,,Pocona,115_lightnotheavy,pisi.λa,pisi.λa,p i s i + ʎ a,,heggarty2005,55,,,,,132 0,p i s - - i - - - + - - - ʎ - - a,"['p', 'i', 's', 'i', '+', 'ʎ', 'a']"
Puki-115_lightnotheavy-1,,Puki,115_lightnotheavy,phisna,phisna,pʰ i s n a,,heggarty2005,632,,,,,46,pʰ i s n a,"['pʰ', 'i', 's', 'n', 'a']"
Puno-115_lightnotheavy-1,,Puno,115_lightnotheavy,suxa,suxa,s u x a,,heggarty2005,60,,,,,134,s u x a,"['s', 'u', 'x', 'a']"
Putumayo-115_lightnotheavy-1,,Putumayo,115_lightnotheavy,mana llasa,mana llasa,m a n a + ʎ a s a,,tandioy1978,636,,,,,4618 2932,m a n a + ʎ a s a -,"['m', 'a', 'n', 'a', '+', 'ʎ', 'a', 's', 'a']"
Santiagueno-115_lightnotheavy-1,,Santiagueno,115_lightnotheavy,mana lasaq,mana lasaq,m a n a + l a s a χ,,juanatey2021,636,,,,,4618 2932,m a n a + l a s a χ,"['m', 'a', 'n', 'a', '+', 'l', 'a', 's', 'a', 'χ']"
SantoTomas-115_lightnotheavy-1,,SantoTomas,115_lightnotheavy,guayra,guayra,w ai r a,,santotomas1951,437,,,,,349,w ai r a,"['w', 'ai', 'r', 'a']"
Serena-115_lightnotheavy-1,,Serena,115_lightnotheavy,panga.λa,panga.λa,p a n g a + ʎ a,,heggarty2005,458,,,,,3636 0,p a n g a + - - - ʎ - - a,"['p', 'a', 'n', 'g', 'a', '+', 'ʎ', 'a']"
Sullkatiti-115_lightnotheavy-1,,Sullkatiti,115_lightnotheavy,phisna,phisna,pʰ i s n a,,heggarty2005,632,,,,,46,pʰ i s n a,"['pʰ', 'i', 's', 'n', 'a']"
Tarma-115_lightnotheavy-1,,Tarma,115_lightnotheavy,an̊kaš,an̊kaš,a ŋ k a ç,,adelaar1977,56,,,,,133,a ŋ k a ç,"['a', 'ŋ', 'k', 'a', 'ç']"
Troje-115_lightnotheavy-1,,Troje,115_lightnotheavy,pangi.ža,pangi.ža,p a n g i + ʒ a,,heggarty2005,458,,,,,3636 0,p a n g i + - - ʒ - - a -,"['p', 'a', 'n', 'g', 'i', '+', 'ʒ', 'a']"
Yanac-115_lightnotheavy-1,,Yanac,115_lightnotheavy,ankaš,ankaš,a n k a ʃ,,heggarty2005,56,,,,,133,a n k a ʃ,"['a', 'n', 'k', 'a', 'ʃ']"
Anonimo-116_faraway-1,,Anonimo,116_faraway,caru,caru,k a r u,,valera1586,129,,,,,1735,k a r u,"['k', 'a', 'r', 'u']"
Apuri-116_faraway-1,,Apuri,116_faraway,karu,karu,k a ɾ u,,shimelman2017,129,,,,,1735,k a ɾ u,"['k', 'a', 'ɾ', 'u']"
Apurimac-116_faraway-1,,Apurimac,116_faraway,karu,karu,k a r u,,camacho2007,129,,,,,1735,k a r u,"['k', 'a', 'r', 'u']"
Arma-116_faraway-1,,Arma,116_faraway,karu,karu,k a ɾ u,,galvez2003,129,,,,,1735,k a ɾ u,"['k', 'a', 'ɾ', 'u']"
Atalla-116_faraway-1,,Atalla,116_faraway,karu,karu,k a r u,,heggarty2005,129,,,,,1735,k a r u,"['k', 'a', 'r', 'u']"
Ayacucho-116_faraway-1,,Ayacucho,116_faraway,karu,karu,k a ɾ u,,soto1976,129,,,,,1735,k a ɾ u,"['k', 'a', 'ɾ', 'u']"
Bobonaza-116_faraway-1,,Bobonaza,116_faraway,caru,caru,k a r u,,orrwrisley1981,129,,,,,1735,k a r u,"['k', 'a', 'r', 'u']"
Cacra-Hongos-116_faraway-1,,Cacra-Hongos,116_faraway,karu,karu,k a l u,,shimelman2017,129,,,,,1735,k a l u,"['k', 'a', 'l', 'u']"
Chachapoyas-116_faraway-1,,Chachapoyas,116_faraway,karu,karu,k a r u,,taylor2006,129,,,,,1735,k a r u,"['k', 'a', 'r', 'u']"
Chacpar-116_faraway-1,,Chacpar,116_faraway,karu,karu,k a r u,,heggarty2005,129,,,,,1735,k a r u,"['k', 'a', 'r', 'u']"
Chetilla-116_faraway-1,,Chetilla,116_faraway,karu,karu,k a r u,,heggarty2005,129,,,,,1735,k a r u,"['k', 'a', 'r', 'u']"
Chipaya-116_faraway-1,,Chipaya,116_faraway,azhkin(a); nakhu,azhkin,a zʰ k i n,,heggarty2005,130,,,,,1736,a zʰ k i ( n ),"['a', 'zʰ', 'k', 'i', 'n']"
Chipaya-116_faraway-2,,Chipaya,116_faraway,azhkin(a); nakhu,nakhu,n a kʰ u,,heggarty2005,133,,,,,1739,n a kʰ u,"['n', 'a', 'kʰ', 'u']"
Curva-116_faraway-1,,Curva,116_faraway,karu,karu,k a r u,,heggarty2005,129,,,,,1735,k a r u,"['k', 'a', 'r', 'u']"
Cuzco-116_faraway-1,,Cuzco,116_faraway,karu,karu,k a r u,,heggarty2005,129,,,,,1735,k a r u,"['k', 'a', 'r', 'u']"
CuzquenoAntiguo-116_faraway-1,,CuzquenoAntiguo,116_faraway,caru,caru,k a r u,,holguin1608,129,,,,,1735,k a r u,"['k', 'a', 'r', 'u']"
Huallaga-116_faraway-1,,Huallaga,116_faraway,karu,karu,k a r u,,heggarty2005,129,,,,,1735,k a r u,"['k', 'a', 'r', 'u']"
Huanca-116_faraway-1,,Huanca,116_faraway,kalu,kalu,k a l u,,cerron2018,129,,,,,1735,k a l u,"['k', 'a', 'l', 'u']"
Huancane-116_faraway-1,,Huancane,116_faraway,haya,haya,h a j a,,heggarty2005,131,,,,,1737,h a j a,"['h', 'a', 'j', 'a']"
Huangascar-116_faraway-1,,Huangascar,116_faraway,karu,karu,k a ɾ u,,shimelman2017,129,,,,,1735,k a ɾ u,"['k', 'a', 'ɾ', 'u']"
HuarazHuailas-116_faraway-1,,HuarazHuailas,116_faraway,karu,karu,k a ɾ u,,parkerchavez1976,129,,,,,1735,k a ɾ u,"['k', 'a', 'ɾ', 'u']"
Imbabura-116_faraway-1,,Imbabura,116_faraway,karu,karu,k a ɾ u,,gomez2009,129,,,,,1735,k a ɾ u,"['k', 'a', 'ɾ', 'u']"
Inkawasi-116_faraway-1,,Inkawasi,116_faraway,karu,karu,k a r u,,heggarty2005,129,,,,,1735,k a r u,"['k', 'a', 'r', 'u']"
Iruhito-116_faraway-1,,Iruhito,116_faraway,ask,ask,a s k,,cerron2016,130,,,,,1736,a s k - ( - ),"['a', 's', 'k']"
Jaqaru-116_faraway-1,,Jaqaru,116_faraway,haya,haya,h a j a,,heggarty2005,131,,,,,1737,h a j a,"['h', 'a', 'j', 'a']"
Kawki-116_faraway-1,,Kawki,116_faraway,haya,haya,h a j a,,heggarty2005,131,,,,,1737,h a j a,"['h', 'a', 'j', 'a']"
Lamas-116_faraway-1,,Lamas,116_faraway,karu,karu,k a r u,,taylor2006,129,,,,,1735,k a r u,"['k', 'a', 'r', 'u']"
Laraos-116_faraway-1,,Laraos,116_faraway,karu,karu,k a r u,,heggarty2005,129,,,,,1735,k a r u,"['k', 'a', 'r', 'u']"
Lincha-Tana-116_faraway-1,,Lincha-Tana,116_faraway,karu,karu,k a ɾ u,,shimelman2017,129,,,,,1735,k a ɾ u,"['k', 'a', 'ɾ', 'u']"
Maragua-116_faraway-1,,Maragua,116_faraway,karu,karu,k a r u,,heggarty2005,129,,,,,1735,k a r u,"['k', 'a', 'r', 'u']"
Napo-116_faraway-1,,Napo,116_faraway,caru,caru,k a r u,,orrwrisley1981,129,,,,,1735,k a r u,"['k', 'a', 'r', 'u']"
Pacaraos-116_faraway-1,,Pacaraos,116_faraway,karu,karu,k a ɾ u,karutraw: very far,adelaar1982,129,,,,,1735,k a ɾ u,"['k', 'a', 'ɾ', 'u']"
Pastaza-116_faraway-1,,Pastaza,116_faraway,caru,caru,k a r u,,landerman1973,129,,,,,1735,k a r u,"['k', 'a', 'r', 'u']"
Pastaza-116_faraway-2,,Pastaza,116_faraway,chipi,chipi,tʃ i p i,,landerman1973,135,,,,,1740,tʃ i p i,"['tʃ', 'i', 'p', 'i']"
Pocona-116_faraway-1,,Pocona,116_faraway,karu,karu,k a r u,,heggarty2005,129,,,,,1735,k a r u,"['k', 'a', 'r', 'u']"
Puki-116_faraway-1,,Puki,116_faraway,haya,haya,h a j a,,heggarty2005,131,,,,,1737,h a j a,"['h', 'a', 'j', 'a']"
Puno-116_faraway-1,,Puno,116_faraway,karu,karu,k a r u,,heggarty2005,129,,,,,1735,k a r u,"['k', 'a', 'r', 'u']"
Putumayo-116_faraway-1,,Putumayo,116_faraway,caru,caru,k a r u,,tandioy1978,129,,,,,1735,k a r u,"['k', 'a', 'r', 'u']"
Raimondi-116_faraway-1,,Raimondi,116_faraway,karu,karu,k a ɾ u,,parkerchavez1976,129,,,,,1735,k a ɾ u,"['k', 'a', 'ɾ', 'u']"
SanPedro-116_faraway-1,,SanPedro,116_faraway,karu,karu,k a ɾ u,,shimelman2017,129,,,,,1735,k a ɾ u,"['k', 'a', 'ɾ', 'u']"
Santiagueno-116_faraway-1,,Santiagueno,116_faraway,karu,karu,k a ɾ u,,juanatey2021,129,,,,,1735,k a ɾ u,"['k', 'a', 'ɾ', 'u']"
SantoTomas-116_faraway-1,,SantoTomas,116_faraway,caro,caro,k a r o,,santotomas1951,129,,,,,1735,k a r o,"['k', 'a', 'r', 'o']"
Serena-116_faraway-1,,Serena,116_faraway,karu,karu,k a r u,,heggarty2005,129,,,,,1735,k a r u,"['k', 'a', 'r', 'u']"
Sullkatiti-116_faraway-1,,Sullkatiti,116_faraway,haya,haya,h a j a,,heggarty2005,131,,,,,1737,h a j a,"['h', 'a', 'j', 'a']"
Taquile-116_faraway-1,,Taquile,116_faraway,karu,karu,k a r u,,heggarty2005,129,,,,,1735,k a r u,"['k', 'a', 'r', 'u']"
Tarma-116_faraway-1,,Tarma,116_faraway,karu,karu,k a ɾ u,,adelaar1977,129,,,,,1735,k a ɾ u,"['k', 'a', 'ɾ', 'u']"
Troje-116_faraway-1,,Troje,116_faraway,karu,karu,k a r u,,heggarty2005,129,,,,,1735,k a r u,"['k', 'a', 'r', 'u']"
Tsimu-116_faraway-1,,Tsimu,116_faraway,áskis,áskis,a s k i s,,cerron2016,130,,,,,1736,a s k i ( s ),"['a', 's', 'k', 'i', 's']"
Wari-116_faraway-1,,Wari,116_faraway,karu,karu,k a ɾ u,,parkerchavez1976,129,,,,,1735,k a ɾ u,"['k', 'a', 'ɾ', 'u']"
Yanac-116_faraway-1,,Yanac,116_faraway,largu,largu,l a r g u,,heggarty2005,132,,,,esp,1738,l a r g u,"['l', 'a', 'r', 'g', 'u']"
Anonimo-117_warmhotsw-1,,Anonimo,117_warmhotsw,"rupac, coñi pacha",rupac,r u p a k,"cosa al fuego o sol, caliente lugar",valera1586,945,,,,,7180,r u p a k,"['r', 'u', 'p', 'a', 'k']"
Anonimo-117_warmhotsw-2,,Anonimo,117_warmhotsw,"rupac, coñi pacha",coñi pacha,k ɔ ɲ i,"cosa al fuego o sol, caliente lugar",valera1586,946,,,,,7181,k ɔ ɲ i -,"['k', 'ɔ', 'ɲ', 'i']"
Apuri-117_warmhotsw-1,,Apuri,117_warmhotsw,quni,quni,q o n i,,shimelman2017,946,,,,,7181,q o n i -,"['q', 'o', 'n', 'i']"
Apurimac-117_warmhotsw-1,,Apurimac,117_warmhotsw,qoñi,qoñi,q o ɲ i,,camacho2007,946,,,,,7181,q o ɲ i -,"['q', 'o', 'ɲ', 'i']"
Arma-117_warmhotsw-1,,Arma,117_warmhotsw,quñi,quñi,χ u ɲ i,,galvez2003,946,,,,,7181,χ u ɲ i -,"['χ', 'u', 'ɲ', 'i']"
Atalla-117_warmhotsw-1,,Atalla,117_warmhotsw,χuni (.λa),χuni,χ u n i,,heggarty2005,946,,,,,7181,χ u n i -,"['χ', 'u', 'n', 'i']"
Ayacucho-117_warmhotsw-1,,Ayacucho,117_warmhotsw,qoñi,qoñi,χ o ɲ i,,soto1976,946,,,,,7181,χ o ɲ i -,"['χ', 'o', 'ɲ', 'i']"
Bobonaza-117_warmhotsw-1,,Bobonaza,117_warmhotsw,rupaj,rupaj,r u p a,,orrwrisley1981,945,,,,,7180,r u p a -,"['r', 'u', 'p', 'a']"
Cacra-Hongos-117_warmhotsw-1,,Cacra-Hongos,117_warmhotsw,quni,quni,q o n i,,shimelman2017,946,,,,,7181,q o n i -,"['q', 'o', 'n', 'i']"
Chachapoyas-117_warmhotsw-1,,Chachapoyas,117_warmhotsw,kuñu,kuñu,k u ɲ u,,taylor2006,946,,,,,7181,k u ɲ u -,"['k', 'u', 'ɲ', 'u']"
Chacpar-117_warmhotsw-1,,Chacpar,117_warmhotsw,ača.q,ača.q,a tʃ a q,,heggarty2005,440,,,,,351,a - - tʃ a q,"['a', 'tʃ', 'a', 'q']"
Chetilla-117_warmhotsw-1,,Chetilla,117_warmhotsw,quñu.χ,quñu.χ,q u ɲ u χ,,heggarty2005,946,,,,,7181,q u ɲ u χ,"['q', 'u', 'ɲ', 'u', 'χ']"
Chipaya-117_warmhotsw-1,,Chipaya,117_warmhotsw,qutñi,qutñi,q u t ɲ i,,heggarty2005,113,,,,,165,q u t ɲ i - -,"['q', 'u', 't', 'ɲ', 'i']"
Curva-117_warmhotsw-1,,Curva,117_warmhotsw,λiχti,λiχti,ʎ i χ t i,,heggarty2005,77,,,,,142,ʎ i χ t i,"['ʎ', 'i', 'χ', 't', 'i']"
Cuzco-117_warmhotsw-1,,Cuzco,117_warmhotsw,q'uñi,q'uñi,qʼ u ɲ i,,heggarty2005,946,,,,,7181,qʼ u ɲ i -,"['qʼ', 'u', 'ɲ', 'i']"
CuzquenoAntiguo-117_warmhotsw-1,,CuzquenoAntiguo,117_warmhotsw,"rupac, ccoñi",rupac,r u p a k,,holguin1608,945,,,,,7180,r u p a k,"['r', 'u', 'p', 'a', 'k']"
CuzquenoAntiguo-117_warmhotsw-2,,CuzquenoAntiguo,117_warmhotsw,"rupac, ccoñi",ccoñi,χ u ɲ i,,holguin1608,946,,,,,7181,χ u ɲ i -,"['χ', 'u', 'ɲ', 'i']"
Huallaga-117_warmhotsw-1,,Huallaga,117_warmhotsw,aka.χ,aka.χ,a k a χ,,heggarty2005,440,,,,,351,a k a - - χ,"['a', 'k', 'a', 'χ']"
Huanca-117_warmhotsw-1,,Huanca,117_warmhotsw,akatraq,akatraq,a k a ʈʂ a q,,cerron1976,440,,,,,351,a k a ʈʂ a q,"['a', 'k', 'a', 'ʈʂ', 'a', 'q']"
Huancane-117_warmhotsw-1,,Huancane,117_warmhotsw,hunt'u,hunt'u,h u n tʼ u,,heggarty2005,947,,,,,7182,h u n tʼ u,"['h', 'u', 'n', 'tʼ', 'u']"
Huangascar-117_warmhotsw-1,,Huangascar,117_warmhotsw,quni,quni,q o n i,,shimelman2017,946,,,,,7181,q o n i -,"['q', 'o', 'n', 'i']"
Imbabura-117_warmhotsw-1,,Imbabura,117_warmhotsw,kunkulla,kunkulla,k u n k u + ʎ a,,gomez2009,71,,,,,141 0,k u n - k u + ʎ a,"['k', 'u', 'n', 'k', 'u', '+', 'ʎ', 'a']"
Inkawasi-117_warmhotsw-1,,Inkawasi,117_warmhotsw,χuñu.χ,χuñu.χ,χ u ɲ u χ,,heggarty2005,946,,,,,7181,χ u ɲ u χ,"['χ', 'u', 'ɲ', 'u', 'χ']"
Iruhito-117_warmhotsw-1,,Iruhito,117_warmhotsw,shí:,shí:,ʃ iː,,cerron2016,949,,,,,7185,ʃ iː - -,"['ʃ', 'iː']"
Jaqaru-117_warmhotsw-1,,Jaqaru,117_warmhotsw,hunĉ'u,hunĉ'u,h u n ʈʂʼ u,,heggarty2005,947,,,,,7182,h u n ʈʂʼ u,"['h', 'u', 'n', 'ʈʂʼ', 'u']"
Kawki-117_warmhotsw-1,,Kawki,117_warmhotsw,hunĉ'u,hunĉ'u,h u n ʈʂʼ u,,heggarty2005,947,,,,,7182,h u n ʈʂʼ u,"['h', 'u', 'n', 'ʈʂʼ', 'u']"
Lamas-117_warmhotsw-1,,Lamas,117_warmhotsw,kuñu,kuñu,k u ɲ u,,taylor2006,946,,,,,7181,k u ɲ u -,"['k', 'u', 'ɲ', 'u']"
Laraos-117_warmhotsw-1,,Laraos,117_warmhotsw,aka.ča.q,aka.ča.q,a k a tʃ a q,,heggarty2005,440,,,,,351,a k a tʃ a q,"['a', 'k', 'a', 'tʃ', 'a', 'q']"
Lincha-Tana-117_warmhotsw-1,,Lincha-Tana,117_warmhotsw,quni,quni,q o n i,,shimelman2017,946,,,,,7181,q o n i -,"['q', 'o', 'n', 'i']"
Maragua-117_warmhotsw-1,,Maragua,117_warmhotsw,q'uñi,q'uñi,qʼ u ɲ i,,heggarty2005,946,,,,,7181,qʼ u ɲ i -,"['qʼ', 'u', 'ɲ', 'i']"
Napo-117_warmhotsw-1,,Napo,117_warmhotsw,rupaj,rupaj,r u p a,,orrwrisley1981,945,,,,,7180,r u p a -,"['r', 'u', 'p', 'a']"
Pacaraos-117_warmhotsw-1,,Pacaraos,117_warmhotsw,quñu,quñu,χ o ɲ u,,adelaar1982,946,,,,,7181,χ o ɲ u -,"['χ', 'o', 'ɲ', 'u']"
Pastaza-117_warmhotsw-1,,Pastaza,117_warmhotsw,ɾupa,ɾupa,ɾ u p a,,landerman1973,945,,,,,7180,ɾ u p a -,"['ɾ', 'u', 'p', 'a']"
Pocona-117_warmhotsw-1,,Pocona,117_warmhotsw,"rupha, řupha",rupha,r u pʰ a,,heggarty2005,945,,,,,7180,r u pʰ a -,"['r', 'u', 'pʰ', 'a']"
Pocona-117_warmhotsw-2,,Pocona,117_warmhotsw,"rupha, řupha",řupha,!r̝/r u pʰ a,,heggarty2005,945,,,,,7180,!r̝/r u pʰ a -,"['!r̝/r', 'u', 'pʰ', 'a']"
Puki-117_warmhotsw-1,,Puki,117_warmhotsw,hunt'u,hunt'u,h u n tʼ u,,heggarty2005,947,,,,,7182,h u n tʼ u,"['h', 'u', 'n', 'tʼ', 'u']"
Puno-117_warmhotsw-1,,Puno,117_warmhotsw,q'uñi,q'uñi,qʼ u ɲ i,,heggarty2005,946,,,,,7181,qʼ u ɲ i -,"['qʼ', 'u', 'ɲ', 'i']"
Putumayo-117_warmhotsw-1,,Putumayo,117_warmhotsw,"cunu, rupa",cunu,k u n u,,tandioy1978,946,,,,,7181,k u n u -,"['k', 'u', 'n', 'u']"
Putumayo-117_warmhotsw-2,,Putumayo,117_warmhotsw,"cunu, rupa",rupa,r u p a,,tandioy1978,945,,,,,7180,r u p a -,"['r', 'u', 'p', 'a']"
SanPedro-117_warmhotsw-1,,SanPedro,117_warmhotsw,quni,quni,q o n i,,shimelman2017,946,,,,,7181,q o n i -,"['q', 'o', 'n', 'i']"
Santiagueno-117_warmhotsw-1,,Santiagueno,117_warmhotsw,rupaq,rupaq,ɾ u p a χ,,juanatey2021,945,,,,,7180,ɾ u p a χ,"['ɾ', 'u', 'p', 'a', 'χ']"
SantoTomas-117_warmhotsw-1,,SantoTomas,117_warmhotsw,rupay,rupay,r u p ai,calentura por calor,santotomas1951,945,,,,,7180,r u p ai -,"['r', 'u', 'p', 'ai']"
Serena-117_warmhotsw-1,,Serena,117_warmhotsw,rupa.k,rupa.k,r u p a k,,heggarty2005,945,,,,,7180,r u p a k,"['r', 'u', 'p', 'a', 'k']"
Sullkatiti-117_warmhotsw-1,,Sullkatiti,117_warmhotsw,hunt'u,hunt'u,h u n tʼ u,,heggarty2005,947,,,,,7182,h u n tʼ u,"['h', 'u', 'n', 'tʼ', 'u']"
Taquile-117_warmhotsw-1,,Taquile,117_warmhotsw,thaka,thaka,tʰ a k a,,heggarty2005,948,,,,,7184,tʰ a k a,"['tʰ', 'a', 'k', 'a']"
Tarma-117_warmhotsw-1,,Tarma,117_warmhotsw,"aka, xunu",aka,a k a,,adelaar1977,440,,,,,351,a k a - - -,"['a', 'k', 'a']"
Tarma-117_warmhotsw-2,,Tarma,117_warmhotsw,"aka, xunu",xunu,χ o n u,,adelaar1977,946,,,,,7181,χ o n u -,"['χ', 'o', 'n', 'u']"
Troje-117_warmhotsw-1,,Troje,117_warmhotsw,kunu.x,kunu.x,k u n u x,,heggarty2005,946,,,,,7181,k u n u x,"['k', 'u', 'n', 'u', 'x']"
Tsimu-117_warmhotsw-1,,Tsimu,117_warmhotsw,sí:ya,sí:ya,s iː j a,,cerron2016,949,,,,,7185,s iː j a,"['s', 'iː', 'j', 'a']"
Yanac-117_warmhotsw-1,,Yanac,117_warmhotsw,ača.ča.q,ača.ča.q,a tʃ a tʃ a q,,heggarty2005,440,,,,,351,a tʃ a tʃ a q,"['a', 'tʃ', 'a', 'tʃ', 'a', 'q']"
Anonimo-118_cold-1,,Anonimo,118_cold,chiri,chiri,tʃ i r i,,valera1586,1013,,,,,822,tʃ i r i,"['tʃ', 'i', 'r', 'i']"
Apuri-118_cold-1,,Apuri,118_cold,"chiri, alalay",chiri,tʃ i ɾ i,,shimelman2017,1013,,,,,822,tʃ i ɾ i,"['tʃ', 'i', 'ɾ', 'i']"
Apuri-118_cold-2,,Apuri,118_cold,"chiri, alalay",alalay,a l a l ai,,shimelman2017,1014,,,,,823,a l a l ai -,"['a', 'l', 'a', 'l', 'ai']"
Apurimac-118_cold-1,,Apurimac,118_cold,chiri,chiri,tʃ i r i,,camacho2007,1013,,,,,822,tʃ i r i,"['tʃ', 'i', 'r', 'i']"
Arma-118_cold-1,,Arma,118_cold,chiri,chiri,tʃ i ɾ i,,galvez2003,1013,,,,,822,tʃ i ɾ i,"['tʃ', 'i', 'ɾ', 'i']"
Atalla-118_cold-1,,Atalla,118_cold,čiri,čiri,tʃ i r i,,heggarty2005,1013,,,,,822,tʃ i r i,"['tʃ', 'i', 'r', 'i']"
Ayacucho-118_cold-1,,Ayacucho,118_cold,chiri,chiri,tʃ i ɾ i,,soto1976,1013,,,,,822,tʃ i ɾ i,"['tʃ', 'i', 'ɾ', 'i']"
Bobonaza-118_cold-1,,Bobonaza,118_cold,chiri,chiri,tʃ i r i,,orrwrisley1981,1013,,,,,822,tʃ i r i,"['tʃ', 'i', 'r', 'i']"
Cacra-Hongos-118_cold-1,,Cacra-Hongos,118_cold,alalay,alalay,a l a l ai,,shimelman2017,1014,,,,,823,a l a l ai -,"['a', 'l', 'a', 'l', 'ai']"
Chachapoyas-118_cold-1,,Chachapoyas,118_cold,chiri,chiri,tʃ i r i,,taylor2006,1013,,,,,822,tʃ i r i,"['tʃ', 'i', 'r', 'i']"
Chacpar-118_cold-1,,Chacpar,118_cold,ala,ala,a l a,,heggarty2005,1014,,,,,823,a l a - - -,"['a', 'l', 'a']"
Chetilla-118_cold-1,,Chetilla,118_cold,čiri,čiri,tʃ i r i,,heggarty2005,1013,,,,,822,tʃ i r i,"['tʃ', 'i', 'r', 'i']"
Chipaya-118_cold-1,,Chipaya,118_cold,saki,saki,s a k i,,heggarty2005,83,,,,,146,s a - - k i,"['s', 'a', 'k', 'i']"
Curva-118_cold-1,,Curva,118_cold,čiri,čiri,tʃ i r i,,heggarty2005,1013,,,,,822,tʃ i r i,"['tʃ', 'i', 'r', 'i']"
Cuzco-118_cold-1,,Cuzco,118_cold,čiri,čiri,tʃ i r i,,heggarty2005,1013,,,,,822,tʃ i r i,"['tʃ', 'i', 'r', 'i']"
CuzquenoAntiguo-118_cold-1,,CuzquenoAntiguo,118_cold,chiri,chiri,tʃ i r i,,holguin1608,1013,,,,,822,tʃ i r i,"['tʃ', 'i', 'r', 'i']"
Huallaga-118_cold-1,,Huallaga,118_cold,qasa,qasa,q a s a,,heggarty2005,80,,,,,145,q a s a,"['q', 'a', 's', 'a']"
Huanca-118_cold-1,,Huanca,118_cold,alalaq,alalaq,a l a l a ʔ,,cerron1976,1014,,,,,823,a l a l a ʔ,"['a', 'l', 'a', 'l', 'a', 'ʔ']"
Huancane-118_cold-1,,Huancane,118_cold,thaya,thaya,tʰ a j a,,heggarty2005,78,,,,,143,tʰ a j a,"['tʰ', 'a', 'j', 'a']"
Huangascar-118_cold-1,,Huangascar,118_cold,"chiri, alalay",chiri,tʃ i ɾ i,,shimelman2017,1013,,,,,822,tʃ i ɾ i,"['tʃ', 'i', 'ɾ', 'i']"
Huangascar-118_cold-2,,Huangascar,118_cold,"chiri, alalay",alalay,a l a l ai,,shimelman2017,1014,,,,,823,a l a l ai -,"['a', 'l', 'a', 'l', 'ai']"
HuarazHuailas-118_cold-1,,HuarazHuailas,118_cold,alaalay,alaalay,a l aː l ai,,parkerchavez1976,1014,,,,,823,a l aː l ai -,"['a', 'l', 'aː', 'l', 'ai']"
Imbabura-118_cold-1,,Imbabura,118_cold,chiri,chiri,tʃ i ɾ i,,gomez2009,1013,,,,,822,tʃ i ɾ i,"['tʃ', 'i', 'ɾ', 'i']"
Inkawasi-118_cold-1,,Inkawasi,118_cold,xasa,xasa,x a s a,,heggarty2005,80,,,,,145,x a s a,"['x', 'a', 's', 'a']"
Iruhito-118_cold-1,,Iruhito,118_cold,hí:pu:,hí:pu:,h iː p uː,,cerron2016,1015,,,,,825,h iː p uː,"['h', 'iː', 'p', 'uː']"
Jaqaru-118_cold-1,,Jaqaru,118_cold,ats'iki,ats'iki,a tsʼ i k i,,heggarty2005,79,,,,,144,- a tsʼ i k i,"['a', 'tsʼ', 'i', 'k', 'i']"
Kawki-118_cold-1,,Kawki,118_cold,haĉ'iki,haĉ'iki,h a ʈʂʼ i k i,,heggarty2005,79,,,,,144,h a ʈʂʼ i k i,"['h', 'a', 'ʈʂʼ', 'i', 'k', 'i']"
Lamas-118_cold-1,,Lamas,118_cold,chiri,chiri,tʃ i r i,,taylor2006,1013,,,,,822,tʃ i r i,"['tʃ', 'i', 'r', 'i']"
Laraos-118_cold-1,,Laraos,118_cold,ala.la,ala.la,a l a l a,,heggarty2005,1014,,,,,823,a l a l a -,"['a', 'l', 'a', 'l', 'a']"
Lincha-Tana-118_cold-1,,Lincha-Tana,118_cold,alalay,alalay,a l a l ai,,shimelman2017,1014,,,,,823,a l a l ai -,"['a', 'l', 'a', 'l', 'ai']"
Maragua-118_cold-1,,Maragua,118_cold,čiri,čiri,tʃ i r i,,heggarty2005,1013,,,,,822,tʃ i r i,"['tʃ', 'i', 'r', 'i']"
Napo-118_cold-1,,Napo,118_cold,chiri,chiri,tʃ i r i,,orrwrisley1981,1013,,,,,822,tʃ i r i,"['tʃ', 'i', 'r', 'i']"
Pacaraos-118_cold-1,,Pacaraos,118_cold,alalay,alalay,a l a l ai,,adelaar1982,1014,,,,,823,a l a l ai -,"['a', 'l', 'a', 'l', 'ai']"
Pastaza-118_cold-1,,Pastaza,118_cold,chiri,chiri,tʃ i r i,,landerman1973,1013,,,,,822,tʃ i r i,"['tʃ', 'i', 'r', 'i']"
Pocona-118_cold-1,,Pocona,118_cold,čiri,čiri,tʃ i r i,,heggarty2005,1013,,,,,822,tʃ i r i,"['tʃ', 'i', 'r', 'i']"
Puki-118_cold-1,,Puki,118_cold,thaya,thaya,tʰ a j a,,heggarty2005,78,,,,,143,tʰ a j a,"['tʰ', 'a', 'j', 'a']"
Puno-118_cold-1,,Puno,118_cold,čiri,čiri,tʃ i r i,,heggarty2005,1013,,,,,822,tʃ i r i,"['tʃ', 'i', 'r', 'i']"
Putumayo-118_cold-1,,Putumayo,118_cold,chiri,chiri,tʃ i r i,,tandioy1978,1013,,,,,822,tʃ i r i,"['tʃ', 'i', 'r', 'i']"
Raimondi-118_cold-1,,Raimondi,118_cold,alaalay,alaalay,a l aː l ai,,parkerchavez1976,1014,,,,,823,a l aː l ai -,"['a', 'l', 'aː', 'l', 'ai']"
SanPedro-118_cold-1,,SanPedro,118_cold,"chiri, alalay",chiri,tʃ i ɾ i,,shimelman2017,1013,,,,,822,tʃ i ɾ i,"['tʃ', 'i', 'ɾ', 'i']"
SanPedro-118_cold-2,,SanPedro,118_cold,"chiri, alalay",alalay,a l a l ai,,shimelman2017,1014,,,,,823,a l a l ai -,"['a', 'l', 'a', 'l', 'ai']"
Santiagueno-118_cold-1,,Santiagueno,118_cold,chiri,chiri,tʃ i ɾ i,,juanatey2021,1013,,,,,822,tʃ i ɾ i,"['tʃ', 'i', 'ɾ', 'i']"
SantoTomas-118_cold-1,,SantoTomas,118_cold,chiri,chiri,tʃ i r i,problematic that heggarty did not distinguish,santotomas1951,1013,,,,,822,tʃ i r i,"['tʃ', 'i', 'r', 'i']"
Serena-118_cold-1,,Serena,118_cold,čiri,čiri,tʃ i r i,,heggarty2005,1013,,,,,822,tʃ i r i,"['tʃ', 'i', 'r', 'i']"
Sullkatiti-118_cold-1,,Sullkatiti,118_cold,thaya,thaya,tʰ a j a,,heggarty2005,78,,,,,143,tʰ a j a,"['tʰ', 'a', 'j', 'a']"
Taquile-118_cold-1,,Taquile,118_cold,čiri,čiri,tʃ i r i,,heggarty2005,1013,,,,,822,tʃ i r i,"['tʃ', 'i', 'r', 'i']"
Tarma-118_cold-1,,Tarma,118_cold,alala,alala,a l a l a,,adelaar1977,1014,,,,,823,a l a l a -,"['a', 'l', 'a', 'l', 'a']"
Troje-118_cold-1,,Troje,118_cold,čiri,čiri,tʃ i r i,,heggarty2005,1013,,,,,822,tʃ i r i,"['tʃ', 'i', 'r', 'i']"
Tsimu-118_cold-1,,Tsimu,118_cold,kí:pu:,kí:pu:,k iː p uː,,cerron2016,1015,,,,,825,k iː p uː,"['k', 'iː', 'p', 'uː']"
Wari-118_cold-1,,Wari,118_cold,alaalay,alaalay,a l aː l ai,,parkerchavez1976,1014,,,,,823,a l aː l ai -,"['a', 'l', 'aː', 'l', 'ai']"
Yanac-118_cold-1,,Yanac,118_cold,ala.la,ala.la,a l a l a,,heggarty2005,1014,,,,,823,a l a l a -,"['a', 'l', 'a', 'l', 'a']"
Anonimo-119_dry-1,,Anonimo,119_dry,chaqui chaquiʃca,chaqui chaquiʃca,tʃ a k i,,valera1586,40,,,,,1223,tʃ a k i,"['tʃ', 'a', 'k', 'i']"
Apuri-119_dry-1,,Apuri,119_dry,chaki,chaki,tʃ a k i,,shimelman2017,40,,,,,1223,tʃ a k i,"['tʃ', 'a', 'k', 'i']"
Apurimac-119_dry-1,,Apurimac,119_dry,chaki,chaki,tʃ a k i,,camacho2007,40,,,,,1223,tʃ a k i,"['tʃ', 'a', 'k', 'i']"
Arma-119_dry-1,,Arma,119_dry,chaki,chaki,tʃ a k i,,galvez2003,40,,,,,1223,tʃ a k i,"['tʃ', 'a', 'k', 'i']"
Atalla-119_dry-1,,Atalla,119_dry,čaki,čaki,tʃ a k i,,heggarty2005,40,,,,,1223,tʃ a k i,"['tʃ', 'a', 'k', 'i']"
Ayacucho-119_dry-1,,Ayacucho,119_dry,chaki,chaki,tʃ a k i,,soto1976,40,,,,,1223,tʃ a k i,"['tʃ', 'a', 'k', 'i']"
Bobonaza-119_dry-1,,Bobonaza,119_dry,chaquichina,chaquichina,tʃ a k i + tʃ i + n a,,orrwrisley1981,40,,,,,1223 0 0,tʃ a k i + tʃ i + n a,"['tʃ', 'a', 'k', 'i', '+', 'tʃ', 'i', '+', 'n', 'a']"
Cacra-Hongos-119_dry-1,,Cacra-Hongos,119_dry,chaki,chaki,tʃ a k i,,shimelman2017,40,,,,,1223,tʃ a k i,"['tʃ', 'a', 'k', 'i']"
Chachapoyas-119_dry-1,,Chachapoyas,119_dry,chaki,chaki,tʃ a k i,,taylor2006,40,,,,,1223,tʃ a k i,"['tʃ', 'a', 'k', 'i']"
Chacpar-119_dry-1,,Chacpar,119_dry,tsaki,tsaki,ts a k i,,heggarty2005,40,,,,,1223,ts a k i,"['ts', 'a', 'k', 'i']"
Chetilla-119_dry-1,,Chetilla,119_dry,čaki,čaki,tʃ a k i,,heggarty2005,40,,,,,1223,tʃ a k i,"['tʃ', 'a', 'k', 'i']"
Chipaya-119_dry-1,,Chipaya,119_dry,"qhutñi, qhuñi",qhutñi,qʰ u t ɲ i,,heggarty2005,41,,,,,1225,qʰ u ( t ) ɲ i,"['qʰ', 'u', 't', 'ɲ', 'i']"
Chipaya-119_dry-2,,Chipaya,119_dry,"qhutñi, qhuñi",qhuñi,qʰ u ɲ i,,heggarty2005,41,,,,,1225,qʰ u ( - ) ɲ i,"['qʰ', 'u', 'ɲ', 'i']"
Curva-119_dry-1,,Curva,119_dry,č'aki,č'aki,tʃʼ a k i,,heggarty2005,40,,,,,1223,tʃʼ a k i,"['tʃʼ', 'a', 'k', 'i']"
Cuzco-119_dry-1,,Cuzco,119_dry,č'aki,č'aki,tʃʼ a k i,,heggarty2005,40,,,,,1223,tʃʼ a k i,"['tʃʼ', 'a', 'k', 'i']"
CuzquenoAntiguo-119_dry-1,,CuzquenoAntiguo,119_dry,chhaqque,chhaqque,tʃʰ a χ i,,holguin1608,40,,,,,1223,tʃʰ a χ i,"['tʃʰ', 'a', 'χ', 'i']"
Huallaga-119_dry-1,,Huallaga,119_dry,čaki,čaki,tʃ a k i,,heggarty2005,40,,,,,1223,tʃ a k i,"['tʃ', 'a', 'k', 'i']"
Huanca-119_dry-1,,Huanca,119_dry,chaki,chaki,tʃ a k i,,cerron1976,40,,,,,1223,tʃ a k i,"['tʃ', 'a', 'k', 'i']"
Huancane-119_dry-1,,Huancane,119_dry,waña,waña,w a ɲ a,,heggarty2005,87,,,,,149,w a ɲ a,"['w', 'a', 'ɲ', 'a']"
Huangascar-119_dry-1,,Huangascar,119_dry,chaki,chaki,tʃ a k i,,shimelman2017,40,,,,,1223,tʃ a k i,"['tʃ', 'a', 'k', 'i']"
HuarazHuailas-119_dry-1,,HuarazHuailas,119_dry,tsaki,tsaki,ts a k i,,parkerchavez1976,40,,,,,1223,ts a k i,"['ts', 'a', 'k', 'i']"
Imbabura-119_dry-1,,Imbabura,119_dry,chakishka,chakishka,tʃ a k i + ʃ k a,,gomez2009,40,,,,,1223 0,tʃ a k i + ʃ k a,"['tʃ', 'a', 'k', 'i', '+', 'ʃ', 'k', 'a']"
Inkawasi-119_dry-1,,Inkawasi,119_dry,čaki,čaki,tʃ a k i,,heggarty2005,40,,,,,1223,tʃ a k i,"['tʃ', 'a', 'k', 'i']"
Iruhito-119_dry-1,,Iruhito,119_dry,khóñi,khóñi,kʰ o ɲ i,,cerron2016,41,,,,,1225,kʰ o ( - ) ɲ i,"['kʰ', 'o', 'ɲ', 'i']"
Jaqaru-119_dry-1,,Jaqaru,119_dry,ča:ki,ča:ki,tʃ aː k i,,heggarty2005,154,,,,,185,tʃ aː k i,"['tʃ', 'aː', 'k', 'i']"
Kawki-119_dry-1,,Kawki,119_dry,čaki,čaki,tʃ a k i,,heggarty2005,154,,,,,185,tʃ a k i,"['tʃ', 'a', 'k', 'i']"
Lamas-119_dry-1,,Lamas,119_dry,chaki,chaki,tʃ a k i,,taylor2006,40,,,,,1223,tʃ a k i,"['tʃ', 'a', 'k', 'i']"
Laraos-119_dry-1,,Laraos,119_dry,čaki,čaki,tʃ a k i,,heggarty2005,40,,,,,1223,tʃ a k i,"['tʃ', 'a', 'k', 'i']"
Lincha-Tana-119_dry-1,,Lincha-Tana,119_dry,chaki,chaki,tʃ a k i,,shimelman2017,40,,,,,1223,tʃ a k i,"['tʃ', 'a', 'k', 'i']"
Maragua-119_dry-1,,Maragua,119_dry,č'aki,č'aki,tʃʼ a k i,,heggarty2005,40,,,,,1223,tʃʼ a k i,"['tʃʼ', 'a', 'k', 'i']"
Napo-119_dry-1,,Napo,119_dry,chaquichina,chaquichina,tʃ a k i + tʃ i + n a,,orrwrisley1981,40,,,,,1223 0 0,tʃ a k i + tʃ i + n a,"['tʃ', 'a', 'k', 'i', '+', 'tʃ', 'i', '+', 'n', 'a']"
Pacaraos-119_dry-1,,Pacaraos,119_dry,saki,saki,s a k i,,adelaar1982,40,,,,,1223,s a k i,"['s', 'a', 'k', 'i']"
Pastaza-119_dry-1,,Pastaza,119_dry,chaquishca,chaquishca,tʃ a k i + ʃ k a,,landerman1973,40,,,,,1223 0,tʃ a k i + ʃ k a,"['tʃ', 'a', 'k', 'i', '+', 'ʃ', 'k', 'a']"
Pocona-119_dry-1,,Pocona,119_dry,č'aki,č'aki,tʃʼ a k i,,heggarty2005,40,,,,,1223,tʃʼ a k i,"['tʃʼ', 'a', 'k', 'i']"
Puki-119_dry-1,,Puki,119_dry,waña,waña,w a ɲ a,,heggarty2005,87,,,,,149,w a ɲ a,"['w', 'a', 'ɲ', 'a']"
Puno-119_dry-1,,Puno,119_dry,č'aki,č'aki,tʃʼ a k i,,heggarty2005,40,,,,,1223,tʃʼ a k i,"['tʃʼ', 'a', 'k', 'i']"
Putumayo-119_dry-1,,Putumayo,119_dry,chaquisca,chaquisca,tʃ a x i + s k a,,tandioy1978,40,,,,,1223 0,tʃ a x i + s k a,"['tʃ', 'a', 'x', 'i', '+', 's', 'k', 'a']"
Raimondi-119_dry-1,,Raimondi,119_dry,tsaki,tsaki,ts a k i,,parkerchavez1976,40,,,,,1223,ts a k i,"['ts', 'a', 'k', 'i']"
SanPedro-119_dry-1,,SanPedro,119_dry,chaki,chaki,tʃ a k i,,shimelman2017,40,,,,,1223,tʃ a k i,"['tʃ', 'a', 'k', 'i']"
Santiagueno-119_dry-1,,Santiagueno,119_dry,chaki,chaki,tʃ a x i,,juanatey2021,40,,,,,1223,tʃ a x i,"['tʃ', 'a', 'x', 'i']"
SantoTomas-119_dry-1,,SantoTomas,119_dry,ch’aki,ch’aki,tʃʼ a k i,,santotomas1951,40,,,,,1223,tʃʼ a k i,"['tʃʼ', 'a', 'k', 'i']"
Serena-119_dry-1,,Serena,119_dry,čaki.ška,čaki.ška,tʃ a k i + ʃ k a,,heggarty2005,40,,,,,1223 0,tʃ a k i + ʃ k a,"['tʃ', 'a', 'k', 'i', '+', 'ʃ', 'k', 'a']"
Sullkatiti-119_dry-1,,Sullkatiti,119_dry,waña,waña,w a ɲ a,,heggarty2005,87,,,,,149,w a ɲ a,"['w', 'a', 'ɲ', 'a']"
Taquile-119_dry-1,,Taquile,119_dry,č'aki,č'aki,tʃʼ a k i,,heggarty2005,40,,,,,1223,tʃʼ a k i,"['tʃʼ', 'a', 'k', 'i']"
Tarma-119_dry-1,,Tarma,119_dry,čagi,čagi,tʃ a g i,,adelaar1977,40,,,,,1223,tʃ a g i,"['tʃ', 'a', 'g', 'i']"
Troje-119_dry-1,,Troje,119_dry,čaki.ška,čaki.ška,tʃ a k i + ʃ k a,,heggarty2005,40,,,,,1223 0,tʃ a k i + ʃ k a,"['tʃ', 'a', 'k', 'i', '+', 'ʃ', 'k', 'a']"
Tsimu-119_dry-1,,Tsimu,119_dry,"hándžis, hiuáña",hándžis,h a n d ʂ i s,,cerron2016,42,,,,,1227,h a n d ʂ i s,"['h', 'a', 'n', 'd', 'ʂ', 'i', 's']"
Tsimu-119_dry-2,,Tsimu,119_dry,"hándžis, hiuáña",hiuáña,w a ɲ a,hiuana es aymara,cerron2016,87,,,,,149,w a ɲ a,"['w', 'a', 'ɲ', 'a']"
Wari-119_dry-1,,Wari,119_dry,tsaki,tsaki,ts a k i,,parkerchavez1976,40,,,,,1223,ts a k i,"['ts', 'a', 'k', 'i']"
Yanac-119_dry-1,,Yanac,119_dry,tsaki,tsaki,ts a k i,,heggarty2005,40,,,,,1223,ts a k i,"['ts', 'a', 'k', 'i']"
Anonimo-12_righthandside-1,,Anonimo,12_righthandside,paña,paña,p a ɲ a,,valera1586,693,,,,,4986,p a ɲ a,"['p', 'a', 'ɲ', 'a']"
Apuri-12_righthandside-1,,Apuri,12_righthandside,alliq,alliq,a ʎ e q,,shimelman2017,694,,,,,4987,a ʎ e q,"['a', 'ʎ', 'e', 'q']"
Arma-12_righthandside-1,,Arma,12_righthandside,alliq,alliq,a ʎ i χ,,galvez2003,694,,,,,4987,a ʎ i χ,"['a', 'ʎ', 'i', 'χ']"
Atalla-12_righthandside-1,,Atalla,12_righthandside,aλi.χ,aλi.χ,a ʎ i χ,,heggarty2005,694,,,,,4987,a ʎ i χ,"['a', 'ʎ', 'i', 'χ']"
Ayacucho-12_righthandside-1,,Ayacucho,12_righthandside,alleq,alleq,a ʎ e χ,,soto1976,694,,,,,4987,a ʎ e χ,"['a', 'ʎ', 'e', 'χ']"
Bobonaza-12_righthandside-1,,Bobonaza,12_righthandside,ali,ali,a l i,,orrwrisley1981,694,,,,,4987,a l i -,"['a', 'l', 'i']"
Cacra-Hongos-12_righthandside-1,,Cacra-Hongos,12_righthandside,alliq,alliq,a ʎ !e/i q,,shimelman2017,694,,,,,4987,a ʎ !e/i q,"['a', 'ʎ', '!e/i', 'q']"
Chachapoyas-12_righthandside-1,,Chachapoyas,12_righthandside,alli,alli,a dʑ i,,taylor2006,694,,,,,4987,a dʑ i -,"['a', 'dʑ', 'i']"
Chacpar-12_righthandside-1,,Chacpar,12_righthandside,dereča,dereča,d e r e tʃ a,,heggarty2005,10,,,,esp,104,d e r e tʃ a,"['d', 'e', 'r', 'e', 'tʃ', 'a']"
Chetilla-12_righthandside-1,,Chetilla,12_righthandside,adžin,adžin,a dʒ i n,,heggarty2005,694,,,,,4987,a dʒ i n,"['a', 'dʒ', 'i', 'n']"
Chipaya-12_righthandside-1,,Chipaya,12_righthandside,zhewa,zhewa,zʰ e w a,,heggarty2005,696,,,,,4991,zʰ e w a,"['zʰ', 'e', 'w', 'a']"
Curva-12_righthandside-1,,Curva,12_righthandside,paña,paña,p a ɲ a,,heggarty2005,693,,,,,4986,p a ɲ a,"['p', 'a', 'ɲ', 'a']"
Cuzco-12_righthandside-1,,Cuzco,12_righthandside,paña,paña,p a ɲ a,,heggarty2005,693,,,,,4986,p a ɲ a,"['p', 'a', 'ɲ', 'a']"
CuzquenoAntiguo-12_righthandside-1,,CuzquenoAntiguo,12_righthandside,paña,paña,p a ɲ a,,holguin1608,693,,,,,4986,p a ɲ a,"['p', 'a', 'ɲ', 'a']"
Huallaga-12_righthandside-1,,Huallaga,12_righthandside,dereča,dereča,d e r e tʃ a,,heggarty2005,690,,,,esp,496,d e r e tʃ a,"['d', 'e', 'r', 'e', 'tʃ', 'a']"
Huanca-12_righthandside-1,,Huanca,12_righthandside,allaʔway,allaʔway,a ʎ a ʔ + w ai,,cerron2018,694,,,,,4987 0,a ʎ a ʔ + w ai,"['a', 'ʎ', 'a', 'ʔ', '+', 'w', 'ai']"
Huancane-12_righthandside-1,,Huancane,12_righthandside,kupi,kupi,k u p i,,heggarty2005,697,,,,,4993,k u p i,"['k', 'u', 'p', 'i']"
Huangascar-12_righthandside-1,,Huangascar,12_righthandside,alliq,alliq,a ʎ e q,,shimelman2017,694,,,,,4987,a ʎ e q,"['a', 'ʎ', 'e', 'q']"
Imbabura-12_righthandside-1,,Imbabura,12_righthandside,ali,ali,a l i,,gomez2009,694,,,,,4987,a l i -,"['a', 'l', 'i']"
Inkawasi-12_righthandside-1,,Inkawasi,12_righthandside,adži,adži,a dʒ i,,heggarty2005,694,,,,,4987,a dʒ i -,"['a', 'dʒ', 'i']"
Jaqaru-12_righthandside-1,,Jaqaru,12_righthandside,derecha,derecha,d e r e tʃ a,,heggarty2005,691,,,,esp,497,d e r e tʃ a,"['d', 'e', 'r', 'e', 'tʃ', 'a']"
Kawki-12_righthandside-1,,Kawki,12_righthandside,derecha,derecha,d e r e tʃ a,,heggarty2005,692,,,,esp,498,d e r e tʃ a,"['d', 'e', 'r', 'e', 'tʃ', 'a']"
Lamas-12_righthandside-1,,Lamas,12_righthandside,alli,alli,a dʑ i,,taylor2006,694,,,,,4987,a dʑ i -,"['a', 'dʑ', 'i']"
Laraos-12_righthandside-1,,Laraos,12_righthandside,aλi,aλi,a ʎ i,,heggarty2005,694,,,,,4987,a ʎ i -,"['a', 'ʎ', 'i']"
Lincha-Tana-12_righthandside-1,,Lincha-Tana,12_righthandside,alliq,alliq,a ʎ e q,,shimelman2017,694,,,,,4987,a ʎ e q,"['a', 'ʎ', 'e', 'q']"
Maragua-12_righthandside-1,,Maragua,12_righthandside,paña,paña,p a ɲ a,,heggarty2005,693,,,,,4986,p a ɲ a,"['p', 'a', 'ɲ', 'a']"
Napo-12_righthandside-1,,Napo,12_righthandside,ali maqui,ali maqui,a l i + m a k i,,orrwrisley1981,694,,,,,4987 0,a l i - + m a k i,"['a', 'l', 'i', '+', 'm', 'a', 'k', 'i']"
Pastaza-12_righthandside-1,,Pastaza,12_righthandside,cusca,cusca,k u s k a,,landerman1973,96,,,,,155,k u s k a,"['k', 'u', 's', 'k', 'a']"
Pocona-12_righthandside-1,,Pocona,12_righthandside,paña,paña,p a ɲ a,,heggarty2005,693,,,,,4986,p a ɲ a,"['p', 'a', 'ɲ', 'a']"
Puki-12_righthandside-1,,Puki,12_righthandside,kupi,kupi,k u p i,,heggarty2005,697,,,,,4993,k u p i,"['k', 'u', 'p', 'i']"
Puno-12_righthandside-1,,Puno,12_righthandside,dereča,dereča,d e r e tʃ a,,heggarty2005,695,,,,esp,499,d e r e tʃ a,"['d', 'e', 'r', 'e', 'tʃ', 'a']"
Putumayo-12_righthandside-1,,Putumayo,12_righthandside,allima,allima,a ʎ i + m a,,tandioy1978,694,,,,,4987 0,a ʎ i - + m a - -,"['a', 'ʎ', 'i', '+', 'm', 'a']"
SanPedro-12_righthandside-1,,SanPedro,12_righthandside,alliq,alliq,a ʎ e q,,shimelman2017,694,,,,,4987,a ʎ e q,"['a', 'ʎ', 'e', 'q']"
Santiagueno-12_righthandside-1,,Santiagueno,12_righthandside,qella,qella,q ɪ ʒ a,,juanatey2021,95,,,,,154,q ɪ ʒ - a,"['q', 'ɪ', 'ʒ', 'a']"
SantoTomas-12_righthandside-1,,SantoTomas,12_righthandside,paña maqui,paña maqui,p a ɲ a + m a k i,,santotomas1951,693,,,,,4986 0,p a ɲ a + m a k i,"['p', 'a', 'ɲ', 'a', '+', 'm', 'a', 'k', 'i']"
Serena-12_righthandside-1,,Serena,12_righthandside,ali,ali,a l i,,heggarty2005,694,,,,,4987,a l i -,"['a', 'l', 'i']"
Sullkatiti-12_righthandside-1,,Sullkatiti,12_righthandside,kupi,kupi,k u p i,,heggarty2005,697,,,,,4993,k u p i,"['k', 'u', 'p', 'i']"
Taquile-12_righthandside-1,,Taquile,12_righthandside,paña,paña,p a ɲ a,,heggarty2005,693,,,,,4986,p a ɲ a,"['p', 'a', 'ɲ', 'a']"
Troje-12_righthandside-1,,Troje,12_righthandside,aži,aži,a ʒ i,,heggarty2005,694,,,,,4987,a ʒ i -,"['a', 'ʒ', 'i']"
Tsimu-12_righthandside-1,,Tsimu,12_righthandside,huíli halántahalánta,huíli halántahalánta,h u i l i + h a l a n t a + h a l a n t a,,cerron2016,94,,,,,153 269 0,h u i l i + h a l a n t a + h a l a n t a,"['h', 'u', 'i', 'l', 'i', '+', 'h', 'a', 'l', 'a', 'n', 't', 'a', '+', 'h', 'a', 'l', 'a', 'n', 't', 'a']"
Yanac-12_righthandside-1,,Yanac,12_righthandside,dereča,dereča,d e r e tʃ a,,heggarty2005,700,,,,esp,500,d e r e tʃ a,"['d', 'e', 'r', 'e', 'tʃ', 'a']"
Anonimo-120_sweet-1,,Anonimo,120_sweet,"miʃqui, ñucñu",miʃqui,m i !s̺/s k i,,valera1586,885,,,,,6461,m i !s̺/s k i,"['m', 'i', '!s̺/s', 'k', 'i']"
Anonimo-120_sweet-2,,Anonimo,120_sweet,"miʃqui, ñucñu",ñucñu,ɲ u k ɲ u,,valera1586,886,,,,,6462,ɲ u k ɲ u,"['ɲ', 'u', 'k', 'ɲ', 'u']"
Apuri-120_sweet-1,,Apuri,120_sweet,mishki,mishki,m i ʃ k i,,shimelman2017,885,,,,,6461,m i ʃ k i,"['m', 'i', 'ʃ', 'k', 'i']"
Apurimac-120_sweet-1,,Apurimac,120_sweet,miski,miski,m i s k i,,camacho2007,885,,,,,6461,m i s k i,"['m', 'i', 's', 'k', 'i']"
Arma-120_sweet-1,,Arma,120_sweet,miski,miski,m i s k i,,galvez2003,885,,,,,6461,m i s k i,"['m', 'i', 's', 'k', 'i']"
Atalla-120_sweet-1,,Atalla,120_sweet,miski,miski,m i s k i,,heggarty2005,885,,,,,6461,m i s k i,"['m', 'i', 's', 'k', 'i']"
Ayacucho-120_sweet-1,,Ayacucho,120_sweet,miski,miski,m i s k i,,soto1976,885,,,,,6461,m i s k i,"['m', 'i', 's', 'k', 'i']"
Bobonaza-120_sweet-1,,Bobonaza,120_sweet,mishqui,mishqui,m i ʃ k i,,orrwrisley1981,885,,,,,6461,m i ʃ k i,"['m', 'i', 'ʃ', 'k', 'i']"
Cacra-Hongos-120_sweet-1,,Cacra-Hongos,120_sweet,mishki,mishki,m i ʃ k i,,shimelman2017,885,,,,,6461,m i ʃ k i,"['m', 'i', 'ʃ', 'k', 'i']"
Chachapoyas-120_sweet-1,,Chachapoyas,120_sweet,miski,miski,m i s k i,,taylor2006,885,,,,,6461,m i s k i,"['m', 'i', 's', 'k', 'i']"
Chacpar-120_sweet-1,,Chacpar,120_sweet,miški,miški,m i ʃ k i,,heggarty2005,885,,,,,6461,m i ʃ k i,"['m', 'i', 'ʃ', 'k', 'i']"
Chetilla-120_sweet-1,,Chetilla,120_sweet,miški,miški,m i ʃ k i,,heggarty2005,885,,,,,6461,m i ʃ k i,"['m', 'i', 'ʃ', 'k', 'i']"
Chipaya-120_sweet-1,,Chipaya,120_sweet,mazq'a,mazq'a,m a z qʼ a,,heggarty2005,213,,,,,218,m a z qʼ a,"['m', 'a', 'z', 'qʼ', 'a']"
Curva-120_sweet-1,,Curva,120_sweet,misk'i,misk'i,m i s kʼ i,,heggarty2005,885,,,,,6461,m i s kʼ i,"['m', 'i', 's', 'kʼ', 'i']"
Cuzco-120_sweet-1,,Cuzco,120_sweet,misk'i,misk'i,m i s kʼ i,,heggarty2005,885,,,,,6461,m i s kʼ i,"['m', 'i', 's', 'kʼ', 'i']"
CuzquenoAntiguo-120_sweet-1,,CuzquenoAntiguo,120_sweet,"mizqqui, ñucñu",mizqqui,m i s χ i,,holguin1608,885,,,,,6461,m i s χ i,"['m', 'i', 's', 'χ', 'i']"
CuzquenoAntiguo-120_sweet-2,,CuzquenoAntiguo,120_sweet,"mizqqui, ñucñu",ñucñu,ɲ u k ɲ u,,holguin1608,886,,,,,6462,ɲ u k ɲ u,"['ɲ', 'u', 'k', 'ɲ', 'u']"
Huallaga-120_sweet-1,,Huallaga,120_sweet,miški,miški,m i ʃ k i,,heggarty2005,885,,,,,6461,m i ʃ k i,"['m', 'i', 'ʃ', 'k', 'i']"
Huanca-120_sweet-1,,Huanca,120_sweet,mishki,mishki,m i ʃ k i,,cerron1976,885,,,,,6461,m i ʃ k i,"['m', 'i', 'ʃ', 'k', 'i']"
Huancane-120_sweet-1,,Huancane,120_sweet,"muχsa, musq'a,",muχsa,m u χ s a,,heggarty2005,97,,,,,156,m u χ s - a,"['m', 'u', 'χ', 's', 'a']"
Huancane-120_sweet-2,,Huancane,120_sweet,"muχsa, musq'a,",musq'a,m u s qʼ a,,heggarty2005,97,,,,,156,m u - s qʼ a,"['m', 'u', 's', 'qʼ', 'a']"
Huangascar-120_sweet-1,,Huangascar,120_sweet,mishki,mishki,m i ʃ k i,,shimelman2017,885,,,,,6461,m i ʃ k i,"['m', 'i', 'ʃ', 'k', 'i']"
HuarazHuailas-120_sweet-1,,HuarazHuailas,120_sweet,mishky,mishky,m i ʃ k i,,parkerchavez1976,885,,,,,6461,m i ʃ k i,"['m', 'i', 'ʃ', 'k', 'i']"
Imbabura-120_sweet-1,,Imbabura,120_sweet,mishki,mishki,m i ʃ k i,,gomez2009,885,,,,,6461,m i ʃ k i,"['m', 'i', 'ʃ', 'k', 'i']"
Inkawasi-120_sweet-1,,Inkawasi,120_sweet,ñuk(ə)ñu,ñukñu,ɲ u k ɲ u,,heggarty2005,886,,,,,6462,ɲ u k ɲ u,"['ɲ', 'u', 'k', 'ɲ', 'u']"
Jaqaru-120_sweet-1,,Jaqaru,120_sweet,muxsa,muxsa,m u x s a,,heggarty2005,97,,,,,156,m u x s - a,"['m', 'u', 'x', 's', 'a']"
Kawki-120_sweet-1,,Kawki,120_sweet,musa,musa,m u s a,,heggarty2005,97,,,,,156,m u - s - a,"['m', 'u', 's', 'a']"
Lamas-120_sweet-1,,Lamas,120_sweet,miski,miski,m i s k i,,taylor2006,885,,,,,6461,m i s k i,"['m', 'i', 's', 'k', 'i']"
Laraos-120_sweet-1,,Laraos,120_sweet,miški,miški,m i ʃ k i,,heggarty2005,885,,,,,6461,m i ʃ k i,"['m', 'i', 'ʃ', 'k', 'i']"
Lincha-Tana-120_sweet-1,,Lincha-Tana,120_sweet,mishki,mishki,m i ʃ k i,,shimelman2017,885,,,,,6461,m i ʃ k i,"['m', 'i', 'ʃ', 'k', 'i']"
Maragua-120_sweet-1,,Maragua,120_sweet,misk'i,misk'i,m i s kʼ i,,heggarty2005,885,,,,,6461,m i s kʼ i,"['m', 'i', 's', 'kʼ', 'i']"
Napo-120_sweet-1,,Napo,120_sweet,mishqui,mishqui,m i ʃ k i,,orrwrisley1981,885,,,,,6461,m i ʃ k i,"['m', 'i', 'ʃ', 'k', 'i']"
Pacaraos-120_sweet-1,,Pacaraos,120_sweet,mishki,mishki,m i ç k i,,adelaar1982,885,,,,,6461,m i ç k i,"['m', 'i', 'ç', 'k', 'i']"
Pastaza-120_sweet-1,,Pastaza,120_sweet,mishqui,mishqui,m i ʃ k i,,landerman1973,885,,,,,6461,m i ʃ k i,"['m', 'i', 'ʃ', 'k', 'i']"
Pocona-120_sweet-1,,Pocona,120_sweet,misk'i,misk'i,m i s kʼ i,,heggarty2005,885,,,,,6461,m i s kʼ i,"['m', 'i', 's', 'kʼ', 'i']"
Puki-120_sweet-1,,Puki,120_sweet,"musq'a, muχsa",musq'a,m u s qʼ a,,heggarty2005,97,,,,,156,m u - s qʼ a,"['m', 'u', 's', 'qʼ', 'a']"
Puki-120_sweet-2,,Puki,120_sweet,"musq'a, muχsa",muχsa,m u χ s a,,heggarty2005,97,,,,,156,m u χ s - a,"['m', 'u', 'χ', 's', 'a']"
Puno-120_sweet-1,,Puno,120_sweet,misk'i,misk'i,m i s kʼ i,,heggarty2005,885,,,,,6461,m i s kʼ i,"['m', 'i', 's', 'kʼ', 'i']"
Putumayo-120_sweet-1,,Putumayo,120_sweet,"misqui, dusi",misqui,m i s x i,,tandioy1978,885,,,,,6461,m i s x i,"['m', 'i', 's', 'x', 'i']"
Putumayo-120_sweet-2,,Putumayo,120_sweet,"misqui, dusi",dusi,d u s i,,tandioy1978,98,,,,esp,157,d u - s - i -,"['d', 'u', 's', 'i']"
Raimondi-120_sweet-1,,Raimondi,120_sweet,mishky,mishky,m i ʃ k i,,parkerchavez1976,885,,,,,6461,m i ʃ k i,"['m', 'i', 'ʃ', 'k', 'i']"
SanPedro-120_sweet-1,,SanPedro,120_sweet,mishki,mishki,m i ʃ k i,,shimelman2017,885,,,,,6461,m i ʃ k i,"['m', 'i', 'ʃ', 'k', 'i']"
Santiagueno-120_sweet-1,,Santiagueno,120_sweet,mishki,mishki,m i ʃ k i,,juanatey2021,885,,,,,6461,m i ʃ k i,"['m', 'i', 'ʃ', 'k', 'i']"
SantoTomas-120_sweet-1,,SantoTomas,120_sweet,mizque,mizque,m i s k i,,santotomas1951,885,,,,,6461,m i s k i,"['m', 'i', 's', 'k', 'i']"
Serena-120_sweet-1,,Serena,120_sweet,miški,miški,m i ʃ k i,,heggarty2005,885,,,,,6461,m i ʃ k i,"['m', 'i', 'ʃ', 'k', 'i']"
Sullkatiti-120_sweet-1,,Sullkatiti,120_sweet,"muχsa, musq'a",muχsa,m u χ s a,,heggarty2005,97,,,,,156,m u χ s - a,"['m', 'u', 'χ', 's', 'a']"
Sullkatiti-120_sweet-2,,Sullkatiti,120_sweet,"muχsa, musq'a",musq'a,m u s qʼ a,,heggarty2005,97,,,,,156,m u - s qʼ a,"['m', 'u', 's', 'qʼ', 'a']"
Taquile-120_sweet-1,,Taquile,120_sweet,misk'i,misk'i,m i s kʼ i,,heggarty2005,885,,,,,6461,m i s kʼ i,"['m', 'i', 's', 'kʼ', 'i']"
Tarma-120_sweet-1,,Tarma,120_sweet,mišgi,mišgi,m i ç g i,,adelaar1977,885,,,,,6461,m i ç g i,"['m', 'i', 'ç', 'g', 'i']"
Troje-120_sweet-1,,Troje,120_sweet,miški,miški,m i ʃ k i,,heggarty2005,885,,,,,6461,m i ʃ k i,"['m', 'i', 'ʃ', 'k', 'i']"
Wari-120_sweet-1,,Wari,120_sweet,mishky,mishky,m i ʃ k i,,parkerchavez1976,885,,,,,6461,m i ʃ k i,"['m', 'i', 'ʃ', 'k', 'i']"
Yanac-120_sweet-1,,Yanac,120_sweet,miški,miški,m i ʃ k i,,heggarty2005,885,,,,,6461,m i ʃ k i,"['m', 'i', 'ʃ', 'k', 'i']"
Anonimo-121_happybe-1,,Anonimo,121_happybe,cuʃsi,cuʃsi,k u !s̺/s i,,valera1586,306,,,,,2719,k u !s̺/s i,"['k', 'u', '!s̺/s', 'i']"
Apuri-121_happybe-1,,Apuri,121_happybe,kushi,kushi,k u ʃ i,,shimelman2017,306,,,,,2719,k u ʃ i,"['k', 'u', 'ʃ', 'i']"
Apurimac-121_happybe-1,,Apurimac,121_happybe,"kusa, kusi",kusa,k u s a,,camacho2007,306,,,,,2719,k u s a,"['k', 'u', 's', 'a']"
Apurimac-121_happybe-2,,Apurimac,121_happybe,"kusa, kusi",kusi,k u s i,,camacho2007,306,,,,,2719,k u s i,"['k', 'u', 's', 'i']"
Arma-121_happybe-1,,Arma,121_happybe,kusi,kusi,k u s i,,galvez2003,306,,,,,2719,k u s i,"['k', 'u', 's', 'i']"
Atalla-121_happybe-1,,Atalla,121_happybe,kusi,kusi,k u s i,,heggarty2005,306,,,,,2719,k u s i,"['k', 'u', 's', 'i']"
Ayacucho-121_happybe-1,,Ayacucho,121_happybe,kusi,kusi,k u s i,,soto1976,306,,,,,2719,k u s i,"['k', 'u', 's', 'i']"
Bobonaza-121_happybe-1,,Bobonaza,121_happybe,cushi,cushi,k u ʃ i,alegría,orrwrisley1981,306,,,,,2719,k u ʃ i,"['k', 'u', 'ʃ', 'i']"
Cacra-Hongos-121_happybe-1,,Cacra-Hongos,121_happybe,kushi,kushi,k u ʃ i,,shimelman2017,306,,,,,2719,k u ʃ i,"['k', 'u', 'ʃ', 'i']"
Chachapoyas-121_happybe-1,,Chachapoyas,121_happybe,kushi,kushi,k u ʃ i,,taylor2006,306,,,,,2719,k u ʃ i,"['k', 'u', 'ʃ', 'i']"
Chacpar-121_happybe-1,,Chacpar,121_happybe,kuši,kuši,k u ʃ i,,heggarty2005,306,,,,,2719,k u ʃ i,"['k', 'u', 'ʃ', 'i']"
Chetilla-121_happybe-1,,Chetilla,121_happybe,kuši,kuši,k u ʃ i,,heggarty2005,306,,,,,2719,k u ʃ i,"['k', 'u', 'ʃ', 'i']"
Chipaya-121_happybe-1,,Chipaya,121_happybe,kuzi (.λa),kuzi,k u z i,,heggarty2005,214,,,,,219,k u z i,"['k', 'u', 'z', 'i']"
Curva-121_happybe-1,,Curva,121_happybe,kusi,kusi,k u s i,,heggarty2005,306,,,,,2719,k u s i,"['k', 'u', 's', 'i']"
Cuzco-121_happybe-1,,Cuzco,121_happybe,kusi,kusi,k u s i,,heggarty2005,306,,,,,2719,k u s i,"['k', 'u', 's', 'i']"
CuzquenoAntiguo-121_happybe-1,,CuzquenoAntiguo,121_happybe,cuʃsi,cuʃsi,k u s i,,holguin1608,306,,,,,2719,k u s i,"['k', 'u', 's', 'i']"
Huallaga-121_happybe-1,,Huallaga,121_happybe,kuši,kuši,k u ʃ i,,heggarty2005,306,,,,,2719,k u ʃ i,"['k', 'u', 'ʃ', 'i']"
Huanca-121_happybe-1,,Huanca,121_happybe,kushisha,kushisha,k u ʃ i + ʎ a,,cerron1976,306,,,,,2719 0,k u ʃ i + ʎ a,"['k', 'u', 'ʃ', 'i', '+', 'ʎ', 'a']"
Huancane-121_happybe-1,,Huancane,121_happybe,kusi,kusi,k u s i,,heggarty2005,240,,,,,232,k u s i,"['k', 'u', 's', 'i']"
Huangascar-121_happybe-1,,Huangascar,121_happybe,kushi,kushi,k u ʃ i,,shimelman2017,306,,,,,2719,k u ʃ i,"['k', 'u', 'ʃ', 'i']"
HuarazHuailas-121_happybe-1,,HuarazHuailas,121_happybe,kushi,kushi,k u ʃ i,,parkerchavez1976,306,,,,,2719,k u ʃ i,"['k', 'u', 'ʃ', 'i']"
Imbabura-121_happybe-1,,Imbabura,121_happybe,kushilla,kushilla,k u ʃ i + ʎ a,,gomez2009,306,,,,,2719 0,k u ʃ i + ʎ a,"['k', 'u', 'ʃ', 'i', '+', 'ʎ', 'a']"
Inkawasi-121_happybe-1,,Inkawasi,121_happybe,kuši,kuši,k u ʃ i,,heggarty2005,306,,,,,2719,k u ʃ i,"['k', 'u', 'ʃ', 'i']"
Jaqaru-121_happybe-1,,Jaqaru,121_happybe,kušu (.ku.),kušu,k u ʃ u,,heggarty2005,240,,,,,232,k u ʃ u,"['k', 'u', 'ʃ', 'u']"
Kawki-121_happybe-1,,Kawki,121_happybe,kušu (.ku.),kušu,k u ʃ u,,heggarty2005,240,,,,,232,k u ʃ u,"['k', 'u', 'ʃ', 'u']"
Lamas-121_happybe-1,,Lamas,121_happybe,kushi,kushi,k u ʃ i,,taylor2006,306,,,,,2719,k u ʃ i,"['k', 'u', 'ʃ', 'i']"
Laraos-121_happybe-1,,Laraos,121_happybe,kuši,kuši,k u ʃ i,,heggarty2005,306,,,,,2719,k u ʃ i,"['k', 'u', 'ʃ', 'i']"
Lincha-Tana-121_happybe-1,,Lincha-Tana,121_happybe,kushi,kushi,k u ʃ i,,shimelman2017,306,,,,,2719,k u ʃ i,"['k', 'u', 'ʃ', 'i']"
Maragua-121_happybe-1,,Maragua,121_happybe,kusi,kusi,k u s i,,heggarty2005,306,,,,,2719,k u s i,"['k', 'u', 's', 'i']"
Napo-121_happybe-1,,Napo,121_happybe,cushi,cushi,k u ʃ i,alegría,orrwrisley1981,306,,,,,2719,k u ʃ i,"['k', 'u', 'ʃ', 'i']"
Pacaraos-121_happybe-1,,Pacaraos,121_happybe,kushi-ku,kushi-ku,k u ʃ i + k u,,adelaar1982,306,,,,,2719 0,k u ʃ i + k u,"['k', 'u', 'ʃ', 'i', '+', 'k', 'u']"
Pastaza-121_happybe-1,,Pastaza,121_happybe,cushi,cushi,k u ʃ i,,landerman1973,306,,,,,2719,k u ʃ i,"['k', 'u', 'ʃ', 'i']"
Pocona-121_happybe-1,,Pocona,121_happybe,kusi,kusi,k u s i,,heggarty2005,306,,,,,2719,k u s i,"['k', 'u', 's', 'i']"
Puki-121_happybe-1,,Puki,121_happybe,kusi,kusi,k u s i,,heggarty2005,240,,,,,232,k u s i,"['k', 'u', 's', 'i']"
Puno-121_happybe-1,,Puno,121_happybe,kusi,kusi,k u s i,,heggarty2005,306,,,,,2719,k u s i,"['k', 'u', 's', 'i']"
Raimondi-121_happybe-1,,Raimondi,121_happybe,kushi,kushi,k u ʃ i,,parkerchavez1976,306,,,,,2719,k u ʃ i,"['k', 'u', 'ʃ', 'i']"
SanPedro-121_happybe-1,,SanPedro,121_happybe,kushi,kushi,k u ʃ i,,shimelman2017,306,,,,,2719,k u ʃ i,"['k', 'u', 'ʃ', 'i']"
Santiagueno-121_happybe-1,,Santiagueno,121_happybe,kusi,kusi,k u s i,,juanatey2021,306,,,,,2719,k u s i,"['k', 'u', 's', 'i']"
SantoTomas-121_happybe-1,,SantoTomas,121_happybe,cuʃsicuq,cuʃsicuq,k u s i + k u q,,santotomas1951,306,,,,,2719 0,k u s i + k u q,"['k', 'u', 's', 'i', '+', 'k', 'u', 'q']"
Serena-121_happybe-1,,Serena,121_happybe,kuši,kuši,k u ʃ i,,heggarty2005,306,,,,,2719,k u ʃ i,"['k', 'u', 'ʃ', 'i']"
Sullkatiti-121_happybe-1,,Sullkatiti,121_happybe,kusi,kusi,k u s i,,heggarty2005,240,,,,,232,k u s i,"['k', 'u', 's', 'i']"
Taquile-121_happybe-1,,Taquile,121_happybe,kusi,kusi,k u s i,,heggarty2005,306,,,,,2719,k u s i,"['k', 'u', 's', 'i']"
Tarma-121_happybe-1,,Tarma,121_happybe,kuši,kuši,k u ʃ i,,adelaar1977,306,,,,,2719,k u ʃ i,"['k', 'u', 'ʃ', 'i']"
Troje-121_happybe-1,,Troje,121_happybe,kuši,kuši,k u ʃ i,,heggarty2005,306,,,,,2719,k u ʃ i,"['k', 'u', 'ʃ', 'i']"
Wari-121_happybe-1,,Wari,121_happybe,kushi,kushi,k u ʃ i,,parkerchavez1976,306,,,,,2719,k u ʃ i,"['k', 'u', 'ʃ', 'i']"
Yanac-121_happybe-1,,Yanac,121_happybe,kuši,kuši,k u ʃ i,,heggarty2005,306,,,,,2719,k u ʃ i,"['k', 'u', 'ʃ', 'i']"
Anonimo-122_new-1,,Anonimo,122_new,moʃoc,moʃoc,m ɔ !s̺/s ɔ k,,valera1586,598,,,,,4415,m ɔ !s̺/s ɔ k,"['m', 'ɔ', '!s̺/s', 'ɔ', 'k']"
Apuri-122_new-1,,Apuri,122_new,mushuq,mushuq,m u ʃ o q,,shimelman2017,598,,,,,4415,m u ʃ o q,"['m', 'u', 'ʃ', 'o', 'q']"
Apurimac-122_new-1,,Apurimac,122_new,"mosoq, musuq",mosoq,m o s o q,,camacho2007,598,,,,,4415,m o s o q,"['m', 'o', 's', 'o', 'q']"
Apurimac-122_new-2,,Apurimac,122_new,"mosoq, musuq",musuq,m u s u q,,camacho2007,598,,,,,4415,m u s u q,"['m', 'u', 's', 'u', 'q']"
Arma-122_new-1,,Arma,122_new,musuq,musuq,m u s u χ,,galvez2003,598,,,,,4415,m u s u χ,"['m', 'u', 's', 'u', 'χ']"
Atalla-122_new-1,,Atalla,122_new,musuχ,musuχ,m u s u χ,,heggarty2005,598,,,,,4415,m u s u χ,"['m', 'u', 's', 'u', 'χ']"
Ayacucho-122_new-1,,Ayacucho,122_new,mosoq,mosoq,m o s o χ,,soto1976,598,,,,,4415,m o s o χ,"['m', 'o', 's', 'o', 'χ']"
Bobonaza-122_new-1,,Bobonaza,122_new,mushuj,mushuj,m u ʃ u,,orrwrisley1981,598,,,,,4415,m u ʃ u -,"['m', 'u', 'ʃ', 'u']"
Cacra-Hongos-122_new-1,,Cacra-Hongos,122_new,mushuq,mushuq,m u ʃ o q,,shimelman2017,598,,,,,4415,m u ʃ o q,"['m', 'u', 'ʃ', 'o', 'q']"
Chachapoyas-122_new-1,,Chachapoyas,122_new,mushuk,mushuk,m u ʃ u k,,taylor2006,598,,,,,4415,m u ʃ u k,"['m', 'u', 'ʃ', 'u', 'k']"
Chacpar-122_new-1,,Chacpar,122_new,mušuχ,mušuχ,m u ʃ u χ,,heggarty2005,598,,,,,4415,m u ʃ u χ,"['m', 'u', 'ʃ', 'u', 'χ']"
Chetilla-122_new-1,,Chetilla,122_new,mušuχ,mušuχ,m u ʃ u χ,,heggarty2005,598,,,,,4415,m u ʃ u χ,"['m', 'u', 'ʃ', 'u', 'χ']"
Chipaya-122_new-1,,Chipaya,122_new,ewu,ewu,e w u,¿español? nuewu,heggarty2005,599,,,,,4416,e w u,"['e', 'w', 'u']"
Curva-122_new-1,,Curva,122_new,musuχ,musuχ,m u s u χ,,heggarty2005,598,,,,,4415,m u s u χ,"['m', 'u', 's', 'u', 'χ']"
Cuzco-122_new-1,,Cuzco,122_new,musuχ,musuχ,m u s u χ,,heggarty2005,598,,,,,4415,m u s u χ,"['m', 'u', 's', 'u', 'χ']"
CuzquenoAntiguo-122_new-1,,CuzquenoAntiguo,122_new,muʃok,muʃok,m u s u k,,holguin1608,598,,,,,4415,m u s u k,"['m', 'u', 's', 'u', 'k']"
Huallaga-122_new-1,,Huallaga,122_new,mušuχ,mušuχ,m u ʃ u χ,,heggarty2005,598,,,,,4415,m u ʃ u χ,"['m', 'u', 'ʃ', 'u', 'χ']"
Huanca-122_new-1,,Huanca,122_new,mushuq,mushuq,m u ʂ u ʔ,,cerron1976,598,,,,,4415,m u ʂ u ʔ,"['m', 'u', 'ʂ', 'u', 'ʔ']"
Huancane-122_new-1,,Huancane,122_new,mačaqa,mačaqa,m a tʃ a q a,,heggarty2005,103,,,,,159,m a tʃ a q a,"['m', 'a', 'tʃ', 'a', 'q', 'a']"
Huangascar-122_new-1,,Huangascar,122_new,mushuq,mushuq,m u ʃ o q,,shimelman2017,598,,,,,4415,m u ʃ o q,"['m', 'u', 'ʃ', 'o', 'q']"
HuarazHuailas-122_new-1,,HuarazHuailas,122_new,mushoq,mushoq,m u ʃ o q,,parkerchavez1976,598,,,,,4415,m u ʃ o q,"['m', 'u', 'ʃ', 'o', 'q']"
Imbabura-122_new-1,,Imbabura,122_new,mushuj,mushuj,m u ʃ u x,,gomez2009,598,,,,,4415,m u ʃ u x,"['m', 'u', 'ʃ', 'u', 'x']"
Inkawasi-122_new-1,,Inkawasi,122_new,mušux,mušux,m u ʃ u x,,heggarty2005,598,,,,,4415,m u ʃ u x,"['m', 'u', 'ʃ', 'u', 'x']"
Jaqaru-122_new-1,,Jaqaru,122_new,mačaqa,mačaqa,m a tʃ a q a,,heggarty2005,103,,,,,159,m a tʃ a q a,"['m', 'a', 'tʃ', 'a', 'q', 'a']"
Kawki-122_new-1,,Kawki,122_new,mačaqa,mačaqa,m a tʃ a q a,,heggarty2005,103,,,,,159,m a tʃ a q a,"['m', 'a', 'tʃ', 'a', 'q', 'a']"
Lamas-122_new-1,,Lamas,122_new,mushuk,mushuk,m u ʃ u k,,taylor2006,598,,,,,4415,m u ʃ u k,"['m', 'u', 'ʃ', 'u', 'k']"
Laraos-122_new-1,,Laraos,122_new,mušuq,mušuq,m u ʃ u q,,heggarty2005,598,,,,,4415,m u ʃ u q,"['m', 'u', 'ʃ', 'u', 'q']"
Lincha-Tana-122_new-1,,Lincha-Tana,122_new,mushuq,mushuq,m u ʃ o q,,shimelman2017,598,,,,,4415,m u ʃ o q,"['m', 'u', 'ʃ', 'o', 'q']"
Maragua-122_new-1,,Maragua,122_new,musuχ,musuχ,m u s u χ,,heggarty2005,598,,,,,4415,m u s u χ,"['m', 'u', 's', 'u', 'χ']"
Napo-122_new-1,,Napo,122_new,mushuj,mushuj,m u ʃ u,,orrwrisley1981,598,,,,,4415,m u ʃ u -,"['m', 'u', 'ʃ', 'u']"
Pacaraos-122_new-1,,Pacaraos,122_new,mushuq,mushuq,m u ʃ o χ,,adelaar1982,598,,,,,4415,m u ʃ o χ,"['m', 'u', 'ʃ', 'o', 'χ']"
Pastaza-122_new-1,,Pastaza,122_new,mushu,mushu,m u ʃ u,,landerman1973,598,,,,,4415,m u ʃ u -,"['m', 'u', 'ʃ', 'u']"
Pocona-122_new-1,,Pocona,122_new,musuχ,musuχ,m u s u χ,,heggarty2005,598,,,,,4415,m u s u χ,"['m', 'u', 's', 'u', 'χ']"
Puki-122_new-1,,Puki,122_new,mačaqa,mačaqa,m a tʃ a q a,,heggarty2005,103,,,,,159,m a tʃ a q a,"['m', 'a', 'tʃ', 'a', 'q', 'a']"
Puno-122_new-1,,Puno,122_new,musuχ,musuχ,m u s u χ,,heggarty2005,598,,,,,4415,m u s u χ,"['m', 'u', 's', 'u', 'χ']"
Putumayo-122_new-1,,Putumayo,122_new,musu,musu,m u s u,,tandioy1978,598,,,,,4415,m u s u -,"['m', 'u', 's', 'u']"
Raimondi-122_new-1,,Raimondi,122_new,mushoq,mushoq,m u ʃ o q,,parkerchavez1976,598,,,,,4415,m u ʃ o q,"['m', 'u', 'ʃ', 'o', 'q']"
SanPedro-122_new-1,,SanPedro,122_new,mushuq,mushuq,m u ʃ o q,,shimelman2017,598,,,,,4415,m u ʃ o q,"['m', 'u', 'ʃ', 'o', 'q']"
Santiagueno-122_new-1,,Santiagueno,122_new,mosoq,mosoq,m o s o χ,,juanatey2021,598,,,,,4415,m o s o χ,"['m', 'o', 's', 'o', 'χ']"
SantoTomas-122_new-1,,SantoTomas,122_new,mussoc,mussoc,m u s o k,,santotomas1996,598,,,,,4415,m u s o k,"['m', 'u', 's', 'o', 'k']"
Serena-122_new-1,,Serena,122_new,mušux,mušux,m u ʃ u x,,heggarty2005,598,,,,,4415,m u ʃ u x,"['m', 'u', 'ʃ', 'u', 'x']"
Sullkatiti-122_new-1,,Sullkatiti,122_new,mačaqa,mačaqa,m a tʃ a q a,,heggarty2005,103,,,,,159,m a tʃ a q a,"['m', 'a', 'tʃ', 'a', 'q', 'a']"
Taquile-122_new-1,,Taquile,122_new,musuχ,musuχ,m u s u χ,,heggarty2005,598,,,,,4415,m u s u χ,"['m', 'u', 's', 'u', 'χ']"
Tarma-122_new-1,,Tarma,122_new,mušux,mušux,m u ʃ o χ,,adelaar1977,598,,,,,4415,m u ʃ o χ,"['m', 'u', 'ʃ', 'o', 'χ']"
Troje-122_new-1,,Troje,122_new,mušux,mušux,m u ʃ u x,,heggarty2005,598,,,,,4415,m u ʃ u x,"['m', 'u', 'ʃ', 'u', 'x']"
Wari-122_new-1,,Wari,122_new,mushoq,mushoq,m u ʃ o q,,parkerchavez1976,598,,,,,4415,m u ʃ o q,"['m', 'u', 'ʃ', 'o', 'q']"
Yanac-122_new-1,,Yanac,122_new,mušuq,mušuq,m u ʃ u q,,heggarty2005,598,,,,,4415,m u ʃ u q,"['m', 'u', 'ʃ', 'u', 'q']"
Anonimo-123_goto-1,,Anonimo,123_goto,rini ricuni,rini ricuni,r i + n i,,valera1586,254,,,,,2413 0,r i + n i,"['r', 'i', '+', 'n', 'i']"
Apuri-123_goto-1,,Apuri,123_goto,aywa-,aywa-,ai w a,,shimelman2017,106,,,,,161,ai w a,"['ai', 'w', 'a']"
Apuri-123_goto-2,,Apuri,123_goto,ri-,ri-,ɾ i,,shimelman2017,254,,,,,2413,ɾ i,"['ɾ', 'i']"
Apurimac-123_goto-1,,Apurimac,123_goto,ri,ri,r i,,camacho2007,254,,,,,2413,r i,"['r', 'i']"
Arma-123_goto-1,,Arma,123_goto,ri,ri,ɾ i,,galvez2003,254,,,,,2413,ɾ i,"['ɾ', 'i']"
Atalla-123_goto-1,,Atalla,123_goto,ri.,ri.,r i,,heggarty2005,254,,,,,2413,r i,"['r', 'i']"
Ayacucho-123_goto-1,,Ayacucho,123_goto,ri,ri,ɾ i,,soto1976,254,,,,,2413,ɾ i,"['ɾ', 'i']"
Bobonaza-123_goto-1,,Bobonaza,123_goto,rina,rina,r i + n a,,orrwrisley1981,254,,,,,2413 0,r i + n a,"['r', 'i', '+', 'n', 'a']"
Cacra-Hongos-123_goto-1,,Cacra-Hongos,123_goto,aywa-,aywa-,ai w a,,shimelman2017,106,,,,,161,ai w a,"['ai', 'w', 'a']"
Cacra-Hongos-123_goto-2,,Cacra-Hongos,123_goto,ri-,ri-,l i,,shimelman2017,254,,,,,2413,l i,"['l', 'i']"
Chachapoyas-123_goto-1,,Chachapoyas,123_goto,ri,ri,r i,,taylor2006,254,,,,,2413,r i,"['r', 'i']"
Chacpar-123_goto-1,,Chacpar,123_goto,e:wa,e:wa,eː w a,,heggarty2005,106,,,,,161,eː w a,"['eː', 'w', 'a']"
Chetilla-123_goto-1,,Chetilla,123_goto,ri,ri,r i,,heggarty2005,254,,,,,2413,r i,"['r', 'i']"
Chipaya-123_goto-1,,Chipaya,123_goto,oqh.z,oqh.z,o qʰ z,,heggarty2005,255,,,,,2416,o qʰ z,"['o', 'qʰ', 'z']"
Curva-123_goto-1,,Curva,123_goto,ri.,ri.,r i,,heggarty2005,254,,,,,2413,r i,"['r', 'i']"
Cuzco-123_goto-1,,Cuzco,123_goto,ri.,ri.,r i,,heggarty2005,254,,,,,2413,r i,"['r', 'i']"
CuzquenoAntiguo-123_goto-1,,CuzquenoAntiguo,123_goto,ri,ri,r i,,holguin1608,254,,,,,2413,r i,"['r', 'i']"
Huallaga-123_goto-1,,Huallaga,123_goto,away,away,a w a,,heggarty2005,106,,,,,161,a w a,"['a', 'w', 'a']"
Huanca-123_goto-1,,Huanca,123_goto,liy,liy,l i,,cerron2018,254,,,,,2413,l i,"['l', 'i']"
Jauja-123_goto-1,,Jauja,123_goto,ayway,ayway,ai w a,,cerron1976,106,,,,,161,ai w a,"['ai', 'w', 'a']"
Huancane-123_goto-1,,Huancane,123_goto,sara.,sara.,s a r a,,heggarty2005,105,,,,,160,s a r a,"['s', 'a', 'r', 'a']"
Huangascar-123_goto-1,,Huangascar,123_goto,aywa-,aywa-,ai w a,,shimelman2017,106,,,,,161,ai w a,"['ai', 'w', 'a']"
Huangascar-123_goto-2,,Huangascar,123_goto,ri-,ri-,ɾ i,,shimelman2017,254,,,,,2413,ɾ i,"['ɾ', 'i']"
HuarazHuailas-123_goto-1,,HuarazHuailas,123_goto,ayway,ayway,ai w a,,parkerchavez1976,106,,,,,161,ai w a,"['ai', 'w', 'a']"
Imbabura-123_goto-1,,Imbabura,123_goto,rina,rina,ɾ i + n a,,gomez2009,254,,,,,2413 0,ɾ i + n a,"['ɾ', 'i', '+', 'n', 'a']"
Inkawasi-123_goto-1,,Inkawasi,123_goto,"ri., ři",ri.,r i,,heggarty2005,254,,,,,2413,r i,"['r', 'i']"
Inkawasi-123_goto-2,,Inkawasi,123_goto,"ri., ři",ři,!r̝/r i,,heggarty2005,254,,,,,2413,!r̝/r i,"['!r̝/r', 'i']"
Jaqaru-123_goto-1,,Jaqaru,123_goto,maxa.,maxa.,m a x a,,heggarty2005,256,,,,,2419,m a x a,"['m', 'a', 'x', 'a']"
Kawki-123_goto-1,,Kawki,123_goto,maxa.,maxa.,m a x a,,heggarty2005,256,,,,,2419,m a x a,"['m', 'a', 'x', 'a']"
Lamas-123_goto-1,,Lamas,123_goto,ri,ri,r i,,taylor2006,254,,,,,2413,r i,"['r', 'i']"
Laraos-123_goto-1,,Laraos,123_goto,ri,ri,r i,,heggarty2005,254,,,,,2413,r i,"['r', 'i']"
Lincha-Tana-123_goto-1,,Lincha-Tana,123_goto,aywa-,aywa-,ai w a,,shimelman2017,106,,,,,161,ai w a,"['ai', 'w', 'a']"
Lincha-Tana-123_goto-2,,Lincha-Tana,123_goto,ri-,ri-,l i,,shimelman2017,254,,,,,2413,l i,"['l', 'i']"
Maragua-123_goto-1,,Maragua,123_goto,ri.,ri.,r i,,heggarty2005,254,,,,,2413,r i,"['r', 'i']"
Napo-123_goto-1,,Napo,123_goto,rina,rina,r i + n a,,orrwrisley1981,254,,,,,2413 0,r i + n a,"['r', 'i', '+', 'n', 'a']"
Pacaraos-123_goto-1,,Pacaraos,123_goto,ri,ri,ɾ i,,adelaar1982,254,,,,,2413,ɾ i,"['ɾ', 'i']"
Pastaza-123_goto-1,,Pastaza,123_goto,ɾina,ɾina,ɾ i + n a,,landerman1973,254,,,,,2413 0,ɾ i + n a,"['ɾ', 'i', '+', 'n', 'a']"
Pocona-123_goto-1,,Pocona,123_goto,ri.,ri.,r i,,heggarty2005,254,,,,,2413,r i,"['r', 'i']"
Puki-123_goto-1,,Puki,123_goto,sara.,sara.,s a r a,,heggarty2005,105,,,,,160,s a r a,"['s', 'a', 'r', 'a']"
Puno-123_goto-1,,Puno,123_goto,ri.,ri.,r i,,heggarty2005,254,,,,,2413,r i,"['r', 'i']"
Putumayo-123_goto-1,,Putumayo,123_goto,ri,ri,r i,,tandioy1978,254,,,,,2413,r i,"['r', 'i']"
Raimondi-123_goto-1,,Raimondi,123_goto,ayway,ayway,ai w a,,parkerchavez1976,106,,,,,161,ai w a,"['ai', 'w', 'a']"
SanPedro-123_goto-1,,SanPedro,123_goto,aywa-,aywa-,ai w a,,shimelman2017,106,,,,,161,ai w a,"['ai', 'w', 'a']"
SanPedro-123_goto-2,,SanPedro,123_goto,ri-,ri-,ɾ i,,shimelman2017,254,,,,,2413,ɾ i,"['ɾ', 'i']"
Santiagueno-123_goto-1,,Santiagueno,123_goto,riy,riy,ɾ iː,,juanatey2021,254,,,,,2413,ɾ iː,"['ɾ', 'iː']"
SantoTomas-123_goto-1,,SantoTomas,123_goto,rini,rini,r i + n i,,santotomas1951,254,,,,,2413 0,r i + n i,"['r', 'i', '+', 'n', 'i']"
Serena-123_goto-1,,Serena,123_goto,ri.,ri.,r i,,heggarty2005,254,,,,,2413,r i,"['r', 'i']"
Sullkatiti-123_goto-1,,Sullkatiti,123_goto,sara.,sara.,s a r a,,heggarty2005,105,,,,,160,s a r a,"['s', 'a', 'r', 'a']"
Taquile-123_goto-1,,Taquile,123_goto,ri.,ri.,r i,,heggarty2005,254,,,,,2413,r i,"['r', 'i']"
Tarma-123_goto-1,,Tarma,123_goto,away,away,a w a,,adelaar1977,106,,,,,161,a w a,"['a', 'w', 'a']"
Troje-123_goto-1,,Troje,123_goto,ri,ri,r i,,heggarty2005,254,,,,,2413,r i,"['r', 'i']"
Wari-123_goto-1,,Wari,123_goto,ayway,ayway,ai w a,,parkerchavez1976,106,,,,,161,ai w a,"['ai', 'w', 'a']"
Yanac-123_goto-1,,Yanac,123_goto,e:wa,e:wa,eː w a,,heggarty2005,106,,,,,161,eː w a,"['eː', 'w', 'a']"
Anonimo-124_cometo-1,,Anonimo,124_cometo,hamuni,hamuni,h a m u + n i,,valera1586,1021,,,,,877 0,h a m u + n i,"['h', 'a', 'm', 'u', '+', 'n', 'i']"
Apuri-124_cometo-1,,Apuri,124_cometo,hamu-,hamu-,h a m u,,shimelman2017,1021,,,,,877,h a m u,"['h', 'a', 'm', 'u']"
Apurimac-124_cometo-1,,Apurimac,124_cometo,"hamu, qamu",hamu,h a m u,,camacho2007,1021,,,,,877,h a m u,"['h', 'a', 'm', 'u']"
Arma-124_cometo-1,,Arma,124_cometo,hamu,hamu,h a m u,,galvez2003,1021,,,,,877,h a m u,"['h', 'a', 'm', 'u']"
Atalla-124_cometo-1,,Atalla,124_cometo,ha.mu.,ha.mu.,h a m u,,heggarty2005,1021,,,,,877,h a m u,"['h', 'a', 'm', 'u']"
Ayacucho-124_cometo-1,,Ayacucho,124_cometo,hamu,hamu,h a m u,,soto1976,1021,,,,,877,h a m u,"['h', 'a', 'm', 'u']"
Bobonaza-124_cometo-1,,Bobonaza,124_cometo,shamuna,shamuna,ʃ a m u + n a,,orrwrisley1981,1021,,,,,877 0,ʃ a m u + n a,"['ʃ', 'a', 'm', 'u', '+', 'n', 'a']"
Cacra-Hongos-124_cometo-1,,Cacra-Hongos,124_cometo,hamu-,hamu-,h a m u,,shimelman2017,1021,,,,,877,h a m u,"['h', 'a', 'm', 'u']"
Chachapoyas-124_cometo-1,,Chachapoyas,124_cometo,shamu,shamu,ʃ a m u,,taylor2006,1021,,,,,877,ʃ a m u,"['ʃ', 'a', 'm', 'u']"
Chacpar-124_cometo-1,,Chacpar,124_cometo,ša.mu.,ša.mu.,ʃ a m u,,heggarty2005,1021,,,,,877,ʃ a m u,"['ʃ', 'a', 'm', 'u']"
Chetilla-124_cometo-1,,Chetilla,124_cometo,ša.mu.,ša.mu.,ʃ a m u,,heggarty2005,1021,,,,,877,ʃ a m u,"['ʃ', 'a', 'm', 'u']"
Chipaya-124_cometo-1,,Chipaya,124_cometo,thon.z,thon.z,tʰ o n z,,heggarty2005,54,,,,,131,tʰ o n z,"['tʰ', 'o', 'n', 'z']"
Curva-124_cometo-1,,Curva,124_cometo,ha.mu.,ha.mu.,h a m u,,heggarty2005,1021,,,,,877,h a m u,"['h', 'a', 'm', 'u']"
Cuzco-124_cometo-1,,Cuzco,124_cometo,ha.mu.,ha.mu.,h a m u,,heggarty2005,1021,,,,,877,h a m u,"['h', 'a', 'm', 'u']"
CuzquenoAntiguo-124_cometo-1,,CuzquenoAntiguo,124_cometo,hamuni,hamuni,h a m u + n i,,holguin1608,1021,,,,,877 0,h a m u + n i,"['h', 'a', 'm', 'u', '+', 'n', 'i']"
Huallaga-124_cometo-1,,Huallaga,124_cometo,ša.mu.,ša.mu.,ʃ a m u,,heggarty2005,1021,,,,,877,ʃ a m u,"['ʃ', 'a', 'm', 'u']"
Huanca-124_cometo-1,,Huanca,124_cometo,shamuy,shamuy,ʂ a m u,,cerron1976,1021,,,,,877,ʂ a m u,"['ʂ', 'a', 'm', 'u']"
Huancane-124_cometo-1,,Huancane,124_cometo,huta.,huta.,h u t a,,heggarty2005,47,,,,,127,h u - t a,"['h', 'u', 't', 'a']"
Huangascar-124_cometo-1,,Huangascar,124_cometo,hamu-,hamu-,h a m u,,shimelman2017,1021,,,,,877,h a m u,"['h', 'a', 'm', 'u']"
HuarazHuailas-124_cometo-1,,HuarazHuailas,124_cometo,shamuy,shamuy,ʃ a m u,,parkerchavez1976,1021,,,,,877,ʃ a m u,"['ʃ', 'a', 'm', 'u']"
Imbabura-124_cometo-1,,Imbabura,124_cometo,shamuna,shamuna,ʃ a m u + n a,,gomez2009,1021,,,,,877 0,ʃ a m u + n a,"['ʃ', 'a', 'm', 'u', '+', 'n', 'a']"
Inkawasi-124_cometo-1,,Inkawasi,124_cometo,ša.mu.,ša.mu.,ʃ a m u,,heggarty2005,1021,,,,,877,ʃ a m u,"['ʃ', 'a', 'm', 'u']"
Jaqaru-124_cometo-1,,Jaqaru,124_cometo,uxta.,uxta.,u x t a,,heggarty2005,47,,,,,127,- u x t a,"['u', 'x', 't', 'a']"
Kawki-124_cometo-1,,Kawki,124_cometo,"uxta., usta.",uxta.,u x t a,,heggarty2005,47,,,,,127,- u x t a,"['u', 'x', 't', 'a']"
Kawki-124_cometo-2,,Kawki,124_cometo,"uxta., usta.",usta.,u s t a,,heggarty2005,47,,,,,127,- u s t a,"['u', 's', 't', 'a']"
Lamas-124_cometo-1,,Lamas,124_cometo,shamu,shamu,ʃ a m u,,taylor2006,1021,,,,,877,ʃ a m u,"['ʃ', 'a', 'm', 'u']"
Laraos-124_cometo-1,,Laraos,124_cometo,ha.mu.,ha.mu.,h a m u,,heggarty2005,1021,,,,,877,h a m u,"['h', 'a', 'm', 'u']"
Lincha-Tana-124_cometo-1,,Lincha-Tana,124_cometo,hamu-,hamu-,h a m u,,shimelman2017,1021,,,,,877,h a m u,"['h', 'a', 'm', 'u']"
Maragua-124_cometo-1,,Maragua,124_cometo,ha.mu.,ha.mu.,h a m u,,heggarty2005,1021,,,,,877,h a m u,"['h', 'a', 'm', 'u']"
Napo-124_cometo-1,,Napo,124_cometo,shamuna,shamuna,ʃ a m u + n a,,orrwrisley1981,1021,,,,,877 0,ʃ a m u + n a,"['ʃ', 'a', 'm', 'u', '+', 'n', 'a']"
Pacaraos-124_cometo-1,,Pacaraos,124_cometo,sha-mu,sha-mu,ʃ a m u,,adelaar1982,1021,,,,,877,ʃ a m u,"['ʃ', 'a', 'm', 'u']"
Pastaza-124_cometo-1,,Pastaza,124_cometo,shamuna,shamuna,ʃ a m u + n a,,landerman1973,1021,,,,,877 0,ʃ a m u + n a,"['ʃ', 'a', 'm', 'u', '+', 'n', 'a']"
Pocona-124_cometo-1,,Pocona,124_cometo,ha.mu.,ha.mu.,h a m u,,heggarty2005,1021,,,,,877,h a m u,"['h', 'a', 'm', 'u']"
Puki-124_cometo-1,,Puki,124_cometo,hutha.,hutha.,h u tʰ a,,heggarty2005,47,,,,,127,h u - tʰ a,"['h', 'u', 'tʰ', 'a']"
Puno-124_cometo-1,,Puno,124_cometo,ha.mu.,ha.mu.,h a m u,,heggarty2005,1021,,,,,877,h a m u,"['h', 'a', 'm', 'u']"
Putumayo-124_cometo-1,,Putumayo,124_cometo,samu,samu,s a m u,,tandioy1978,1021,,,,,877,s a m u,"['s', 'a', 'm', 'u']"
Raimondi-124_cometo-1,,Raimondi,124_cometo,shamuy,shamuy,ʃ a m u,,parkerchavez1976,1021,,,,,877,ʃ a m u,"['ʃ', 'a', 'm', 'u']"
SanPedro-124_cometo-1,,SanPedro,124_cometo,hamu-,hamu-,h a m u,,shimelman2017,1021,,,,,877,h a m u,"['h', 'a', 'm', 'u']"
Santiagueno-124_cometo-1,,Santiagueno,124_cometo,amuy,amuy,a m u,,juanatey2021,1021,,,,,877,- a m u,"['a', 'm', 'u']"
SantoTomas-124_cometo-1,,SantoTomas,124_cometo,xamuni,xamuni,χ a m u + n i,,santotomas1951,1021,,,,,877 0,χ a m u + n i,"['χ', 'a', 'm', 'u', '+', 'n', 'i']"
Serena-124_cometo-1,,Serena,124_cometo,ša.mu.,ša.mu.,ʃ a m u,,heggarty2005,1021,,,,,877,ʃ a m u,"['ʃ', 'a', 'm', 'u']"
Sullkatiti-124_cometo-1,,Sullkatiti,124_cometo,huta.,huta.,h u t a,,heggarty2005,47,,,,,127,h u - t a,"['h', 'u', 't', 'a']"
Taquile-124_cometo-1,,Taquile,124_cometo,ha.mu.,ha.mu.,h a m u,,heggarty2005,1021,,,,,877,h a m u,"['h', 'a', 'm', 'u']"
Tarma-124_cometo-1,,Tarma,124_cometo,šamu,šamu,ʃ a m u,,adelaar1977,1021,,,,,877,ʃ a m u,"['ʃ', 'a', 'm', 'u']"
Troje-124_cometo-1,,Troje,124_cometo,ša.mu.,ša.mu.,ʃ a m u,,heggarty2005,1021,,,,,877,ʃ a m u,"['ʃ', 'a', 'm', 'u']"
Wari-124_cometo-1,,Wari,124_cometo,shamuy,shamuy,ʃ a m u,,parkerchavez1976,1021,,,,,877,ʃ a m u,"['ʃ', 'a', 'm', 'u']"
Yanac-124_cometo-1,,Yanac,124_cometo,ša.mu.,ša.mu.,ʃ a m u,,heggarty2005,1021,,,,,877,ʃ a m u,"['ʃ', 'a', 'm', 'u']"
Anonimo-125_walkto-1,,Anonimo,125_walkto,purini,purini,p u r i + n i,,valera1586,940,,,,,7121 0,p u r i + n i,"['p', 'u', 'r', 'i', '+', 'n', 'i']"
Apurimac-125_walkto-1,,Apurimac,125_walkto,puri,puri,p u r i,,camacho2007,940,,,,,7121,p u r i,"['p', 'u', 'r', 'i']"
Arma-125_walkto-1,,Arma,125_walkto,"puri, ichi",puri,p u ɾ i,,galvez2003,940,,,,,7121,p u ɾ i,"['p', 'u', 'ɾ', 'i']"
Atalla-125_walkto-1,,Atalla,125_walkto,puri.,puri.,p u r i,,heggarty2005,940,,,,,7121,p u r i,"['p', 'u', 'r', 'i']"
Ayacucho-125_walkto-1,,Ayacucho,125_walkto,"puri, ichi",puri,p u ɾ i,,soto1976,940,,,,,7121,p u ɾ i,"['p', 'u', 'ɾ', 'i']"
Bobonaza-125_walkto-1,,Bobonaza,125_walkto,purina,purina,p u r i + n a,,orrwrisley1981,940,,,,,7121 0,p u r i + n a,"['p', 'u', 'r', 'i', '+', 'n', 'a']"
Chachapoyas-125_walkto-1,,Chachapoyas,125_walkto,puri,puri,p u r i,,taylor2006,940,,,,,7121,p u r i,"['p', 'u', 'r', 'i']"
Chacpar-125_walkto-1,,Chacpar,125_walkto,puri.,puri.,p u r i,,heggarty2005,940,,,,,7121,p u r i,"['p', 'u', 'r', 'i']"
Chetilla-125_walkto-1,,Chetilla,125_walkto,puri.,puri.,p u r i,,heggarty2005,940,,,,,7121,p u r i,"['p', 'u', 'r', 'i']"
Chipaya-125_walkto-1,,Chipaya,125_walkto,oqh.z,oqh.z,o qʰ z,,heggarty2005,941,,,,,7123,o qʰ z,"['o', 'qʰ', 'z']"
Curva-125_walkto-1,,Curva,125_walkto,puri.,puri.,p u r i,,heggarty2005,940,,,,,7121,p u r i,"['p', 'u', 'r', 'i']"
Cuzco-125_walkto-1,,Cuzco,125_walkto,puri.,puri.,p u r i,,heggarty2005,940,,,,,7121,p u r i,"['p', 'u', 'r', 'i']"
CuzquenoAntiguo-125_walkto-1,,CuzquenoAntiguo,125_walkto,purini,purini,p u r i + n i,,holguin1608,940,,,,,7121 0,p u r i + n i,"['p', 'u', 'r', 'i', '+', 'n', 'i']"
Huallaga-125_walkto-1,,Huallaga,125_walkto,puri.,puri.,p u r i,,heggarty2005,940,,,,,7121,p u r i,"['p', 'u', 'r', 'i']"
Huanca-125_walkto-1,,Huanca,125_walkto,puliy,puliy,p u l i,,cerron2018,940,,,,,7121,p u l i,"['p', 'u', 'l', 'i']"
Huancane-125_walkto-1,,Huancane,125_walkto,sar.na.qa.,sar.na.qa.,s a r + n a + q a,,heggarty2005,942,,,,,7124 0 0,s a r + n a + q a,"['s', 'a', 'r', '+', 'n', 'a', '+', 'q', 'a']"
HuarazHuailas-125_walkto-1,,HuarazHuailas,125_walkto,puriy,puriy,p u ɾ i,,parkerchavez1976,940,,,,,7121,p u ɾ i,"['p', 'u', 'ɾ', 'i']"
Imbabura-125_walkto-1,,Imbabura,125_walkto,purina,purina,p u ɾ i + n a,,gomez2009,940,,,,,7121 0,p u ɾ i + n a,"['p', 'u', 'ɾ', 'i', '+', 'n', 'a']"
Inkawasi-125_walkto-1,,Inkawasi,125_walkto,puri.,puri.,p u r i,,heggarty2005,940,,,,,7121,p u r i,"['p', 'u', 'r', 'i']"
Jaqaru-125_walkto-1,,Jaqaru,125_walkto,wasa.,wasa.,w a s a,,heggarty2005,943,,,,,7127,w a s a,"['w', 'a', 's', 'a']"
Kawki-125_walkto-1,,Kawki,125_walkto,wasa.,wasa.,w a s a,,heggarty2005,943,,,,,7127,w a s a,"['w', 'a', 's', 'a']"
Lamas-125_walkto-1,,Lamas,125_walkto,puri,puri,p u r i,,taylor2006,940,,,,,7121,p u r i,"['p', 'u', 'r', 'i']"
Laraos-125_walkto-1,,Laraos,125_walkto,puri.,puri.,p u r i,,heggarty2005,940,,,,,7121,p u r i,"['p', 'u', 'r', 'i']"
Maragua-125_walkto-1,,Maragua,125_walkto,puri.,puri.,p u r i,,heggarty2005,940,,,,,7121,p u r i,"['p', 'u', 'r', 'i']"
Napo-125_walkto-1,,Napo,125_walkto,purina,purina,p u r i + n a,,orrwrisley1981,940,,,,,7121 0,p u r i + n a,"['p', 'u', 'r', 'i', '+', 'n', 'a']"
Pacaraos-125_walkto-1,,Pacaraos,125_walkto,puri,puri,p u ɾ i,,adelaar1982,940,,,,,7121,p u ɾ i,"['p', 'u', 'ɾ', 'i']"
Pastaza-125_walkto-1,,Pastaza,125_walkto,purina,purina,p u r i + n a,,landerman1973,940,,,,,7121 0,p u r i + n a,"['p', 'u', 'r', 'i', '+', 'n', 'a']"
Pocona-125_walkto-1,,Pocona,125_walkto,puri.,puri.,p u r i,,heggarty2005,940,,,,,7121,p u r i,"['p', 'u', 'r', 'i']"
Puki-125_walkto-1,,Puki,125_walkto,sar.na.qa.,sar.na.qa.,s a r + n a + q a,,heggarty2005,942,,,,,7124 0 0,s a r + n a + q a,"['s', 'a', 'r', '+', 'n', 'a', '+', 'q', 'a']"
Puno-125_walkto-1,,Puno,125_walkto,puri.,puri.,p u r i,,heggarty2005,940,,,,,7121,p u r i,"['p', 'u', 'r', 'i']"
Putumayo-125_walkto-1,,Putumayo,125_walkto,puri,puri,p u r i,,tandioy1978,940,,,,,7121,p u r i,"['p', 'u', 'r', 'i']"
Raimondi-125_walkto-1,,Raimondi,125_walkto,puriy,puriy,p u ɾ i,,parkerchavez1976,940,,,,,7121,p u ɾ i,"['p', 'u', 'ɾ', 'i']"
Santiagueno-125_walkto-1,,Santiagueno,125_walkto,puriy,puriy,p u ɾ iː,,juanatey2021,940,,,,,7121,p u ɾ iː,"['p', 'u', 'ɾ', 'iː']"
SantoTomas-125_walkto-1,,SantoTomas,125_walkto,porini.gui,porini.gui,p o r i + n i + w i,,santotomas1951,940,,,,,7121 0 0,p o r i + n i + w i,"['p', 'o', 'r', 'i', '+', 'n', 'i', '+', 'w', 'i']"
Serena-125_walkto-1,,Serena,125_walkto,puri.,puri.,p u r i,,heggarty2005,940,,,,,7121,p u r i,"['p', 'u', 'r', 'i']"
Sullkatiti-125_walkto-1,,Sullkatiti,125_walkto,sar.na.qa.,sar.na.qa.,s a r + n a + q a,,heggarty2005,942,,,,,7124 0 0,s a r + n a + q a,"['s', 'a', 'r', '+', 'n', 'a', '+', 'q', 'a']"
Taquile-125_walkto-1,,Taquile,125_walkto,puri.,puri.,p u r i,,heggarty2005,940,,,,,7121,p u r i,"['p', 'u', 'r', 'i']"
Tarma-125_walkto-1,,Tarma,125_walkto,puri,puri,p u ɾ i,,adelaar1977,940,,,,,7121,p u ɾ i,"['p', 'u', 'ɾ', 'i']"
Troje-125_walkto-1,,Troje,125_walkto,puri.,puri.,p u r i,,heggarty2005,940,,,,,7121,p u r i,"['p', 'u', 'r', 'i']"
Wari-125_walkto-1,,Wari,125_walkto,puriy,puriy,p u ɾ i,,parkerchavez1976,940,,,,,7121,p u ɾ i,"['p', 'u', 'ɾ', 'i']"
Yanac-125_walkto-1,,Yanac,125_walkto,puri.,puri.,p u r i,,heggarty2005,940,,,,,7121,p u r i,"['p', 'u', 'r', 'i']"
Anonimo-126_standto-1,,Anonimo,126_standto,ʃayacuni,ʃayacuni,ʃ a j a + k u + n i,,valera1586,866,,,,,6159 0 0,ʃ a.j.a + k u + n i,"['ʃ', 'a.j.a', '+', 'k', 'u', '+', 'n', 'i']"
Apuri-126_standto-1,,Apuri,126_standto,saya,saya,ʃ a j a,,shimelman2017,866,,,,,6159,ʃ a.j.a,"['ʃ', 'a.j.a']"
Apurimac-126_standto-1,,Apurimac,126_standto,saya,saya,ʃ a j a,,camacho2007,866,,,,,6159,ʃ a.j.a,"['ʃ', 'a.j.a']"
Arma-126_standto-1,,Arma,126_standto,saya,saya,ʃ a j a,,galvez2003,866,,,,,6159,ʃ a.j.a,"['ʃ', 'a.j.a']"
Atalla-126_standto-1,,Atalla,126_standto,sa.ya.,sa.ya.,ʃ a j a,,heggarty2005,866,,,,,6159,ʃ a.j.a,"['ʃ', 'a.j.a']"
Ayacucho-126_standto-1,,Ayacucho,126_standto,saya,saya,s a j a,,soto1976,866,,,,,6159,s a.j.a,"['s', 'a.j.a']"
Bobonaza-126_standto-1,,Bobonaza,126_standto,shayarina,shayarina,ʃ a j a + r i + n a,,orrwrisley1981,866,,,,,6159 0 0,ʃ a.j.a + r i + n a,"['ʃ', 'a.j.a', '+', 'r', 'i', '+', 'n', 'a']"
Cacra-Hongos-126_standto-1,,Cacra-Hongos,126_standto,saya,saya,h a j a,,shimelman2017,866,,,,,6159,h a.j.a,"['h', 'a.j.a']"
Chachapoyas-126_standto-1,,Chachapoyas,126_standto,shaya,shaya,ʃ a j a,,taylor2006,866,,,,,6159,ʃ a.j.a,"['ʃ', 'a.j.a']"
Chacpar-126_standto-1,,Chacpar,126_standto,še:.,še:.,ʃ eː,,heggarty2005,866,,,,,6159,ʃ eː,"['ʃ', 'eː']"
Chetilla-126_standto-1,,Chetilla,126_standto,ša.ya.,ša.ya.,ʃ a j a,,heggarty2005,866,,,,,6159,ʃ a.j.a,"['ʃ', 'a.j.a']"
Chipaya-126_standto-1,,Chipaya,126_standto,zhaa-z,zhaa-z,zʰ a a z,,heggarty2005,867,,,,,6161,zʰ a a z,"['zʰ', 'a', 'a', 'z']"
Curva-126_standto-1,,Curva,126_standto,sa.ya.,sa.ya.,ʃ a j a,,heggarty2005,866,,,,,6159,ʃ a.j.a,"['ʃ', 'a.j.a']"
Cuzco-126_standto-1,,Cuzco,126_standto,sa.ya.,sa.ya.,ʃ a j a,,heggarty2005,866,,,,,6159,ʃ a.j.a,"['ʃ', 'a.j.a']"
CuzquenoAntiguo-126_standto-1,,CuzquenoAntiguo,126_standto,sayacuni,sayacuni,ʃ a j a + k u + n i,,holguin1608,866,,,,,6159 0 0,ʃ a.j.a + k u + n i,"['ʃ', 'a.j.a', '+', 'k', 'u', '+', 'n', 'i']"
Huallaga-126_standto-1,,Huallaga,126_standto,ša.ya.,ša.ya.,ʃ a j a,,heggarty2005,866,,,,,6159,ʃ a.j.a,"['ʃ', 'a.j.a']"
Huanca-126_standto-1,,Huanca,126_standto,"sa:kuy, sa:kulay",sa:-ku-y,s aː,,cerron2018,866,,,,,6159,s aː,"['s', 'aː']"
Huancane-126_standto-1,,Huancane,126_standto,sa.ya.,sa.ya.,s a j a,,heggarty2005,579,,,,quechua,430,s a j a,"['s', 'a', 'j', 'a']"
Huangascar-126_standto-1,,Huangascar,126_standto,sayari,sayari,ʃ a j a + ɾ i,pararse,shimelman2017,866,,,,,6159 0,ʃ a.j.a + ɾ i,"['ʃ', 'a.j.a', '+', 'ɾ', 'i']"
HuarazHuailas-126_standto-1,,HuarazHuailas,126_standto,shaakuy,shaa-ku-y,ʃ aː,,parkerchavez1976,866,,,,,6159,ʃ aː,"['ʃ', 'aː']"
Imbabura-126_standto-1,,Imbabura,126_standto,shayarina,shayarina,ʃ a j a + ɾ i + n a,,gomez2009,866,,,,,6159 0 0,ʃ a.j.a + ɾ i + n a,"['ʃ', 'a.j.a', '+', 'ɾ', 'i', '+', 'n', 'a']"
Inkawasi-126_standto-1,,Inkawasi,126_standto,ša.ya.,ša.ya.,ʃ a j a,,heggarty2005,866,,,,,6159,ʃ a.j.a,"['ʃ', 'a.j.a']"
Jaqaru-126_standto-1,,Jaqaru,126_standto,sa.ya.,sa.ya.,s a j a,,heggarty2005,580,,,,quechua,431,s a j a,"['s', 'a', 'j', 'a']"
Kawki-126_standto-1,,Kawki,126_standto,sa.ya.,sa.ya.,s a j a,,heggarty2005,248,,,,quechua,238,s a j a,"['s', 'a', 'j', 'a']"
Lamas-126_standto-1,,Lamas,126_standto,shaya,shaya,ʃ a j a,,taylor2006,866,,,,,6159,ʃ a.j.a,"['ʃ', 'a.j.a']"
Laraos-126_standto-1,,Laraos,126_standto,sa.ya.,sa.ya.,ʃ a j a,,heggarty2005,866,,,,,6159,ʃ a.j.a,"['ʃ', 'a.j.a']"
Lincha-Tana-126_standto-1,,Lincha-Tana,126_standto,sayari,sayari,ʃ a j a + ɾ i,,shimelman2017,866,,,,,6159 0,ʃ a.j.a + ɾ i,"['ʃ', 'a.j.a', '+', 'ɾ', 'i']"
Maragua-126_standto-1,,Maragua,126_standto,sa.ya.,sa.ya.,ʃ a j a,,heggarty2005,866,,,,,6159,ʃ a.j.a,"['ʃ', 'a.j.a']"
Napo-126_standto-1,,Napo,126_standto,shayarina,shayarina,ʃ a j a + r i + n a,,orrwrisley1981,866,,,,,6159 0 0,ʃ a.j.a + r i + n a,"['ʃ', 'a.j.a', '+', 'r', 'i', '+', 'n', 'a']"
Pacaraos-126_standto-1,,Pacaraos,126_standto,tratra,tratra,ʈʂ a ʈʂ a,,adelaar1982,126,,,,,171,ʈʂ a ʈʂ a - - - -,"['ʈʂ', 'a', 'ʈʂ', 'a']"
Pastaza-126_standto-1,,Pastaza,126_standto,shayana,shaya-na,ʃ a j a,,landerman1973,866,,,,,6159,ʃ a.j.a,"['ʃ', 'a.j.a']"
Pocona-126_standto-1,,Pocona,126_standto,sa.ya.,sa.ya.,ʃ a j a,,heggarty2005,866,,,,,6159,ʃ a.j.a,"['ʃ', 'a.j.a']"
Puki-126_standto-1,,Puki,126_standto,sa.ya.,sa.ya.,s a j a,,heggarty2005,248,,,,,238,s a j a,"['s', 'a', 'j', 'a']"
Puno-126_standto-1,,Puno,126_standto,sa.ya.,sa.ya.,ʃ a j a,,heggarty2005,866,,,,,6159,ʃ a.j.a,"['ʃ', 'a.j.a']"
Putumayo-126_standto-1,,Putumayo,126_standto,sayacu,sayacu,ʃ a j a + k u,,tandioy1978,866,,,,,6159 0,ʃ a.j.a + k u,"['ʃ', 'a.j.a', '+', 'k', 'u']"
Raimondi-126_standto-1,,Raimondi,126_standto,shaakuy,shaakuy,ʃ aː + k u,,parkerchavez1976,866,,,,,6159 0,ʃ aː + k u,"['ʃ', 'aː', '+', 'k', 'u']"
SanPedro-126_standto-1,,SanPedro,126_standto,sayari,sayari,ʃ a j a + ɾ i,,shimelman2017,866,,,,,6159 0,ʃ a.j.a + ɾ i,"['ʃ', 'a.j.a', '+', 'ɾ', 'i']"
Santiagueno-126_standto-1,,Santiagueno,126_standto,sayay,sayay,ʃ a j a,,juanatey2021,866,,,,,6159,ʃ a.j.a,"['ʃ', 'a.j.a']"
SantoTomas-126_standto-1,,SantoTomas,126_standto,ʃayacuni,ʃayacuni,ʃ a j a + k u + n i,,santotomas1951,866,,,,,6159 0 0,ʃ a.j.a + k u + n i,"['ʃ', 'a.j.a', '+', 'k', 'u', '+', 'n', 'i']"
Serena-126_standto-1,,Serena,126_standto,ša.ya.,ša.ya.,ʃ a j a,,heggarty2005,866,,,,,6159,ʃ a.j.a,"['ʃ', 'a.j.a']"
Sullkatiti-126_standto-1,,Sullkatiti,126_standto,sa.ya.,sa.ya.,s a j a,,heggarty2005,248,,,,,238,s a j a,"['s', 'a', 'j', 'a']"
Taquile-126_standto-1,,Taquile,126_standto,sa.ya.,sa.ya.,ʃ a j a,,heggarty2005,866,,,,,6159,ʃ a.j.a,"['ʃ', 'a.j.a']"
Tarma-126_standto-1,,Tarma,126_standto,šaya,šaya,ʃ a j a,,adelaar1977,866,,,,,6159,ʃ a.j.a,"['ʃ', 'a.j.a']"
Troje-126_standto-1,,Troje,126_standto,ša.ya.,ša.ya.,ʃ a j a,,heggarty2005,866,,,,,6159,ʃ a.j.a,"['ʃ', 'a.j.a']"
Wari-126_standto-1,,Wari,126_standto,shaakuy,shaakuy,ʃ aː + k u,,parkerchavez1976,866,,,,,6159 0,ʃ aː + k u,"['ʃ', 'aː', '+', 'k', 'u']"
Yanac-126_standto-1,,Yanac,126_standto,ša:.,ša:.,ʃ aː,,heggarty2005,866,,,,,6159,ʃ aː,"['ʃ', 'aː']"
Anonimo-127_sitto-1,,Anonimo,127_sitto,"tiani, tiacuni, tiaycuni",tiani,t i j a + n i,,valera1586,827,,,,,5715 0,t i.j.a + n i,"['t', 'i.j.a', '+', 'n', 'i']"
Anonimo-127_sitto-2,,Anonimo,127_sitto,"tiani, tiacuni, tiaycuni",tiacuni,t i j a + k u + n i,,valera1586,827,,,,,5715 0 0,t i.j.a + k u + n i,"['t', 'i.j.a', '+', 'k', 'u', '+', 'n', 'i']"
Anonimo-127_sitto-3,,Anonimo,127_sitto,"tiani, tiacuni, tiaycuni",tiaycuni,t i j a + k u + n i,,valera1586,827,,,,,5715 0 0,t i.j.a + k u + n i,"['t', 'i.j.a', '+', 'k', 'u', '+', 'n', 'i']"
Apuri-127_sitto-1,,Apuri,127_sitto,tiya,tiya,t i j a,,shimelman2017,827,,,,,5715,t i.j.a,"['t', 'i.j.a']"
Apurimac-127_sitto-1,,Apurimac,127_sitto,tiya,tiya,t i j a,,camacho2007,827,,,,,5715,t i.j.a,"['t', 'i.j.a']"
Apurimac-127_sitto-2,,Apurimac,127_sitto,pachi,pachi,p a tʃ i,,camacho2007,127,,,,,172,- - - - - p a tʃ i -,"['p', 'a', 'tʃ', 'i']"
Arma-127_sitto-1,,Arma,127_sitto,tiya,tiya,t i j a,,galvez2003,827,,,,,5715,t i.j.a,"['t', 'i.j.a']"
Atalla-127_sitto-1,,Atalla,127_sitto,tiya.,tiya.,t i j a,,heggarty2005,827,,,,,5715,t i.j.a,"['t', 'i.j.a']"
Ayacucho-127_sitto-1,,Ayacucho,127_sitto,tiya,tiya,t i j a,,soto1976,827,,,,,5715,t i.j.a,"['t', 'i.j.a']"
Bobonaza-127_sitto-1,,Bobonaza,127_sitto,tiarina,tiarina,t i j a + r i + n a,,orrwrisley1981,827,,,,,5715 0 0,t i.j.a + r i + n a,"['t', 'i.j.a', '+', 'r', 'i', '+', 'n', 'a']"
Cacra-Hongos-127_sitto-1,,Cacra-Hongos,127_sitto,tiya,tiya,t i j a,,shimelman2017,827,,,,,5715,t i.j.a,"['t', 'i.j.a']"
Chachapoyas-127_sitto-1,,Chachapoyas,127_sitto,tiya,tiya,t i j a,,taylor2006,827,,,,,5715,t i.j.a,"['t', 'i.j.a']"
Chacpar-127_sitto-1,,Chacpar,127_sitto,hama.,hama.,h a m a,,heggarty2005,828,,,,,5716,h a m a,"['h', 'a', 'm', 'a']"
Chetilla-127_sitto-1,,Chetilla,127_sitto,tiya.,tiya.,t i j a,,heggarty2005,827,,,,,5715,t i.j.a,"['t', 'i.j.a']"
Chipaya-127_sitto-1,,Chipaya,127_sitto,hul.z,hul.z,h u l z,,heggarty2005,829,,,,,5717,h u l z,"['h', 'u', 'l', 'z']"
Curva-127_sitto-1,,Curva,127_sitto,tiya.,tiya.,t i j a,,heggarty2005,827,,,,,5715,t i.j.a,"['t', 'i.j.a']"
Cuzco-127_sitto-1,,Cuzco,127_sitto,tiya.,tiya.,t i j a,,heggarty2005,827,,,,,5715,t i.j.a,"['t', 'i.j.a']"
CuzquenoAntiguo-127_sitto-1,,CuzquenoAntiguo,127_sitto,tiyani,tiyani,t i j a + n i,,holguin1608,827,,,,,5715 0,t i.j.a + n i,"['t', 'i.j.a', '+', 'n', 'i']"
Huallaga-127_sitto-1,,Huallaga,127_sitto,hama.,hama.,h a m a,,heggarty2005,828,,,,,5716,h a m a,"['h', 'a', 'm', 'a']"
Huanca-127_sitto-1,,Huanca,127_sitto,tiyu,tiyu,t i j u,,cerron1976,827,,,,,5715,t i.j.u,"['t', 'i.j.u']"
Jauja-127_sitto-1,,Jauja,127_sitto,tiyu,tiyu,t i j u,,cerron1976,827,,,,,5715,t i.j.u,"['t', 'i.j.u']"
Huancane-127_sitto-1,,Huancane,127_sitto,ut'.,ut'.,u tʼ,,heggarty2005,830,,,,,5719,u tʼ,"['u', 'tʼ']"
Huangascar-127_sitto-1,,Huangascar,127_sitto,tiya,tiya,t i j a,,shimelman2017,827,,,,,5715,t i.j.a,"['t', 'i.j.a']"
Imbabura-127_sitto-1,,Imbabura,127_sitto,tiyarina,tiyarina,t i j a + ɾ i + n a,,gomez2009,827,,,,,5715 0 0,t i.j.a + ɾ i + n a,"['t', 'i.j.a', '+', 'ɾ', 'i', '+', 'n', 'a']"
Inkawasi-127_sitto-1,,Inkawasi,127_sitto,ta.,ta.,t a,,heggarty2005,827,,,,,5715,t a ( - - ) - -,"['t', 'a']"
Jaqaru-127_sitto-1,,Jaqaru,127_sitto,uth. (.nuqu),uth.,u tʰ,,heggarty2005,830,,,,,5719,u tʰ,"['u', 'tʰ']"
Kawki-127_sitto-1,,Kawki,127_sitto,šuka.,šuka.,ʃ u k a,,heggarty2005,134,,,,,174,ʃ u k a,"['ʃ', 'u', 'k', 'a']"
Lamas-127_sitto-1,,Lamas,127_sitto,tiya,tiya,t i j a,,taylor2006,827,,,,,5715,t i.j.a,"['t', 'i.j.a']"
Laraos-127_sitto-1,,Laraos,127_sitto,tiya.,tiya.,t i j a,,heggarty2005,827,,,,,5715,t i.j.a,"['t', 'i.j.a']"
Lincha-Tana-127_sitto-1,,Lincha-Tana,127_sitto,tiya,tiya,t i j a,,shimelman2017,827,,,,,5715,t i.j.a,"['t', 'i.j.a']"
Maragua-127_sitto-1,,Maragua,127_sitto,tiya.,tiya.,t i j a,,heggarty2005,827,,,,,5715,t i.j.a,"['t', 'i.j.a']"
Napo-127_sitto-1,,Napo,127_sitto,tiarina,tiarina,t i j a + r i + n a,,orrwrisley1981,827,,,,,5715 0 0,t i.j.a + r i + n a,"['t', 'i.j.a', '+', 'r', 'i', '+', 'n', 'a']"
Pacaraos-127_sitto-1,,Pacaraos,127_sitto,"kuku-, chapa-ku, tayku",kuka-raa,k u k u,,adelaar1982,832,,,,,5720,k u k u,"['k', 'u', 'k', 'u']"
Pacaraos-127_sitto-2,,Pacaraos,127_sitto,"kuku-, chapa-ku, tayku",chapa-ku,tʃ a p a,,adelaar1982,128,,,,,173,tʃ a p a,"['tʃ', 'a', 'p', 'a']"
Pacaraos-127_sitto-3,,Pacaraos,127_sitto,"kuku-, chapa-ku, tayku",tayku,t !ai/a + k u,,adelaar1982,827,,,,,5715 0,t !ai/a ( - - ) - - + k u,"['t', '!ai/a', '+', 'k', 'u']"
Pastaza-127_sitto-1,,Pastaza,127_sitto,tirayina,tirayina,t i j a + r i + n a,,landerman1973,827,,,,,5715 0 0,t i.j.a + r i + n a,"['t', 'i.j.a', '+', 'r', 'i', '+', 'n', 'a']"
Pocona-127_sitto-1,,Pocona,127_sitto,tiya.,tiya.,t i j a,,heggarty2005,827,,,,,5715,t i.j.a,"['t', 'i.j.a']"
Puki-127_sitto-1,,Puki,127_sitto,čuku.,čuku.,tʃ u k u,,heggarty2005,134,,,,,174,tʃ u k u,"['tʃ', 'u', 'k', 'u']"
Puno-127_sitto-1,,Puno,127_sitto,tiya.,tiya.,t i j a,,heggarty2005,827,,,,,5715,t i.j.a,"['t', 'i.j.a']"
Putumayo-127_sitto-1,,Putumayo,127_sitto,tiacu,tiacu,t i j a + k u,,tandioy1978,827,,,,,5715 0,t i.j.a + k u,"['t', 'i.j.a', '+', 'k', 'u']"
SanPedro-127_sitto-1,,SanPedro,127_sitto,tiya,tiya,t i j a,,shimelman2017,827,,,,,5715,t i.j.a,"['t', 'i.j.a']"
Santiagueno-127_sitto-1,,Santiagueno,127_sitto,tiyakuy,tiyakuy,t !iː/i j a + x u,,juanatey2021,827,,,,,5715 0,t !iː/i.j.a + x u,"['t', '!iː/i.j.a', '+', 'x', 'u']"
SantoTomas-127_sitto-1,,SantoTomas,127_sitto,"tiani, tiacuni",tiani,t i j a + n i,,santotomas1951,827,,,,,5715 0,t i.j.a + n i,"['t', 'i.j.a', '+', 'n', 'i']"
SantoTomas-127_sitto-2,,SantoTomas,127_sitto,"tiani, tiacuni",tiacuni,t i j a + k u + n i,,santotomas1951,827,,,,,5715 0 0,t i.j.a + k u + n i,"['t', 'i.j.a', '+', 'k', 'u', '+', 'n', 'i']"
Serena-127_sitto-1,,Serena,127_sitto,tya.,tya.,t i j a,,heggarty2005,827,,,,,5715,t i.j.a,"['t', 'i.j.a']"
Sullkatiti-127_sitto-1,,Sullkatiti,127_sitto,qunu.,qunu.,q u n u,,heggarty2005,136,,,,,175,- - - - - q u n u -,"['q', 'u', 'n', 'u']"
Taquile-127_sitto-1,,Taquile,127_sitto,tiya.,tiya.,t i j a,,heggarty2005,827,,,,,5715,t i.j.a,"['t', 'i.j.a']"
Tarma-127_sitto-1,,Tarma,127_sitto,ta:ku,ta:ku,t aː + k u,,adelaar1977,827,,,,,5715 0,t aː ( - - ) - - + k u,"['t', 'aː', '+', 'k', 'u']"
Troje-127_sitto-1,,Troje,127_sitto,tiya.,tiya.,t i j a,,heggarty2005,827,,,,,5715,t i.j.a,"['t', 'i.j.a']"
Yanac-127_sitto-1,,Yanac,127_sitto,ama.,ama.,a m a,,heggarty2005,828,,,,,5716,- a m a,"['a', 'm', 'a']"
Anonimo-128_swimto-1,,Anonimo,128_swimto,huaytani,huaytani,w ai t a + n i,,valera1586,888,,,,,6515 0,w ai t a + n i,"['w', 'ai', 't', 'a', '+', 'n', 'i']"
Atalla-128_swimto-1,,Atalla,128_swimto,sambu.λa.,sambu.λa.,s a m b u + ʎ a,,heggarty2005,328,,,,,285 0,s a m b u + ʎ a,"['s', 'a', 'm', 'b', 'u', '+', 'ʎ', 'a']"
Ayacucho-128_swimto-1,,Ayacucho,128_swimto,nadya,nadya,n a dʲ a,,soto1976,653,,,,esp,472,n a dʲ a,"['n', 'a', 'dʲ', 'a']"
Bobonaza-128_swimto-1,,Bobonaza,128_swimto,huaitana,huaitana,w ai t a + n a,,orrwrisley1981,888,,,,,6515 0,w ai t a + n a,"['w', 'ai', 't', 'a', '+', 'n', 'a']"
Chachapoyas-128_swimto-1,,Chachapoyas,128_swimto,wayta,wayta,w ai t a,,taylor2006,888,,,,,6515,w ai t a,"['w', 'ai', 't', 'a']"
Chacpar-128_swimto-1,,Chacpar,128_swimto,nada.,nada.,n a d a,,heggarty2005,546,,,,esp,410,n a d - a,"['n', 'a', 'd', 'a']"
Chetilla-128_swimto-1,,Chetilla,128_swimto,nada.,nada.,n a d a,,heggarty2005,550,,,,esp,411,n a d - a,"['n', 'a', 'd', 'a']"
Chipaya-128_swimto-1,,Chipaya,128_swimto,tuyun-z,tuyun-z,t u j u n z,,heggarty2005,251,,,,,240,t u j u n z,"['t', 'u', 'j', 'u', 'n', 'z']"
Curva-128_swimto-1,,Curva,128_swimto,sambu.λa.,sambu.λa.,s a m b u + ʎ a,,heggarty2005,328,,,,,285 0,s a m b u + ʎ a,"['s', 'a', 'm', 'b', 'u', '+', 'ʎ', 'a']"
Cuzco-128_swimto-1,,Cuzco,128_swimto,wayta.,wayta.,w ai t a,,heggarty2005,888,,,,,6515,w ai t a,"['w', 'ai', 't', 'a']"
CuzquenoAntiguo-128_swimto-1,,CuzquenoAntiguo,128_swimto,huaytani,huaytani,w ai t a + n i,,holguin1608,888,,,,,6515 0,w ai t a + n i,"['w', 'ai', 't', 'a', '+', 'n', 'i']"
Huallaga-128_swimto-1,,Huallaga,128_swimto,narya.,narya.,n a r j a,,heggarty2005,551,,,,esp,412,n a r j a,"['n', 'a', 'r', 'j', 'a']"
Huanca-128_swimto-1,,Huanca,128_swimto,ma:tay,ma:tay,m aː t a,,cerron2018,138,,,,esp,177,m aː t a,"['m', 'aː', 't', 'a']"
Huancane-128_swimto-1,,Huancane,128_swimto,nada.,nada.,n a d a,,heggarty2005,552,,,,esp,413,n a d - a,"['n', 'a', 'd', 'a']"
Imbabura-128_swimto-1,,Imbabura,128_swimto,wambuna,wambuna,w a m b u + n a,,gomez2009,889,,,,,6516 0,w a m b u + n a,"['w', 'a', 'm', 'b', 'u', '+', 'n', 'a']"
Inkawasi-128_swimto-1,,Inkawasi,128_swimto,nada.,nada.,n a d a,,heggarty2005,553,,,,esp,414,n a d - a,"['n', 'a', 'd', 'a']"
Jaqaru-128_swimto-1,,Jaqaru,128_swimto,mašqi.,mašqi.,m a ʃ q i,,heggarty2005,891,,,,,6519,m a ʃ q i,"['m', 'a', 'ʃ', 'q', 'i']"
Kawki-128_swimto-1,,Kawki,128_swimto,nada.,nada.,n a d a,,heggarty2005,554,,,,esp,415,n a d - a,"['n', 'a', 'd', 'a']"
Lamas-128_swimto-1,,Lamas,128_swimto,wayta,wayta,w ai t a,,taylor2006,888,,,,,6515,w ai t a,"['w', 'ai', 't', 'a']"
Laraos-128_swimto-1,,Laraos,128_swimto,nada.,nada.,n a d a,,heggarty2005,557,,,,esp,416,n a d - a,"['n', 'a', 'd', 'a']"
Maragua-128_swimto-1,,Maragua,128_swimto,wayt'a.,wayt'a.,w ai tʼ a,,heggarty2005,888,,,,,6515,w ai tʼ a,"['w', 'ai', 'tʼ', 'a']"
Napo-128_swimto-1,,Napo,128_swimto,huaitana,huaitana,w ai t a + n a,,orrwrisley1981,888,,,,,6515 0,w ai t a + n a,"['w', 'ai', 't', 'a', '+', 'n', 'a']"
Pastaza-128_swimto-1,,Pastaza,128_swimto,waytana,waytana,w ai t a + n a,,landerman1973,888,,,,,6515 0,w ai t a + n a,"['w', 'ai', 't', 'a', '+', 'n', 'a']"
Pocona-128_swimto-1,,Pocona,128_swimto,wayt'a.,wayt'a.,w ai tʼ a,,heggarty2005,888,,,,,6515,w ai tʼ a,"['w', 'ai', 'tʼ', 'a']"
Puki-128_swimto-1,,Puki,128_swimto,tuytu.,tuytu.,t ui t u,,heggarty2005,890,,,,,6518,t ui t u - -,"['t', 'ui', 't', 'u']"
Puno-128_swimto-1,,Puno,128_swimto,tuyu.,tuyu.,t u j u,,heggarty2005,890,,,,,6518,t u j u - -,"['t', 'u', 'j', 'u']"
Putumayo-128_swimto-1,,Putumayo,128_swimto,huayta,huayta,w ai t a,,tandioy1978,888,,,,,6515,w ai t a,"['w', 'ai', 't', 'a']"
Santiagueno-128_swimto-1,,Santiagueno,128_swimto,waytay,waytay,w ai t a,,juanatey2021,888,,,,,6515,w ai t a,"['w', 'ai', 't', 'a']"
SantoTomas-128_swimto-1,,SantoTomas,128_swimto,"guaytani, armani",guaytani,w ai t a + n i,,santotomas1951,888,,,,,6515 0,w ai t a + n i,"['w', 'ai', 't', 'a', '+', 'n', 'i']"
SantoTomas-128_swimto-2,,SantoTomas,128_swimto,"guaytani, armani",armani,a r m a + n i,,santotomas1951,142,,,,,179 0,a r m a + n i,"['a', 'r', 'm', 'a', '+', 'n', 'i']"
Serena-128_swimto-1,,Serena,128_swimto,wayta.,wayta.,w ai t a,,heggarty2005,888,,,,,6515,w ai t a,"['w', 'ai', 't', 'a']"
Sullkatiti-128_swimto-1,,Sullkatiti,128_swimto,tuyu.,tuyu.,t u j u,,heggarty2005,890,,,,,6518,t u j u - -,"['t', 'u', 'j', 'u']"
Taquile-128_swimto-1,,Taquile,128_swimto,iña.,iña.,i ɲ a,,heggarty2005,892,,,,,6520,i ɲ a,"['i', 'ɲ', 'a']"
Tarma-128_swimto-1,,Tarma,128_swimto,badu,badu,b a d u,,adelaar1977,139,,,,esp,178,b a - - d u - -,"['b', 'a', 'd', 'u']"
Troje-128_swimto-1,,Troje,128_swimto,wambu.,wambu.,w a m b u,,heggarty2005,889,,,,,6516,w a m b u,"['w', 'a', 'm', 'b', 'u']"
Yanac-128_swimto-1,,Yanac,128_swimto,nada.,nada.,n a d a,,heggarty2005,564,,,,esp,422,n a d - a,"['n', 'a', 'd', 'a']"
Anonimo-129_flyto-1,,Anonimo,129_flyto,pahuan,pahuan,p a w a + n,,valera1586,188,,,,,2050 0,p a.w.a + n,"['p', 'a.w.a', '+', 'n']"
Apuri-129_flyto-1,,Apuri,129_flyto,pawa-,pawa-,p a w a,,shimelman2017,188,,,,,2050,p a.w.a,"['p', 'a.w.a']"
Apurimac-129_flyto-1,,Apurimac,129_flyto,"pala, pawa",pala,p a l a,,camacho2007,446,,,,,356,p a l a ( - ),"['p', 'a', 'l', 'a']"
Apurimac-129_flyto-2,,Apurimac,129_flyto,"pala, pawa",pawa,p a w a,,camacho2007,188,,,,,2050,p a.w.a,"['p', 'a.w.a']"
Arma-129_flyto-1,,Arma,129_flyto,pawa,pawa,p a w a,,galvez2003,188,,,,,2050,p a.w.a,"['p', 'a.w.a']"
Atalla-129_flyto-1,,Atalla,129_flyto,pawa.,pawa.,p a w a,,heggarty2005,188,,,,,2050,p a.w.a,"['p', 'a.w.a']"
Ayacucho-129_flyto-1,,Ayacucho,129_flyto,pawa,pawa,p a w a,,soto1976,188,,,,,2050,p a.w.a,"['p', 'a.w.a']"
Bobonaza-129_flyto-1,,Bobonaza,129_flyto,huamburina,huamburina,w a m b u + r i + n a,,orrwrisley1981,889,,,,,6516 0 0,w a m b u + r i + n a,"['w', 'a', 'm', 'b', 'u', '+', 'r', 'i', '+', 'n', 'a']"
Cacra-Hongos-129_flyto-1,,Cacra-Hongos,129_flyto,pawa-,pawa-,p a w a,,shimelman2017,188,,,,,2050,p a.w.a,"['p', 'a.w.a']"
Chachapoyas-129_flyto-1,,Chachapoyas,129_flyto,pawa,pawa,p a w a,,taylor2006,188,,,,,2050,p a.w.a,"['p', 'a.w.a']"
Chacpar-129_flyto-1,,Chacpar,129_flyto,paxwa.,paxwa.,p a x w a,,heggarty2005,445,,,,,355,p a x w a ( - ),"['p', 'a', 'x', 'w', 'a']"
Chetilla-129_flyto-1,,Chetilla,129_flyto,pari,pari,p a r i,,quesada1976,34,,,,,118,p a r i,"['p', 'a', 'r', 'i']"
Chipaya-129_flyto-1,,Chipaya,129_flyto,lay.z,lay.z,l a j z,,heggarty2005,189,,,,,2052,l a j z,"['l', 'a', 'j', 'z']"
Curva-129_flyto-1,,Curva,129_flyto,hala.ča.,hala.ča.,h a l a + tʃ a,,heggarty2005,190,,,,,2054 0,h a l a + - tʃ a - -,"['h', 'a', 'l', 'a', '+', 'tʃ', 'a']"
Cuzco-129_flyto-1,,Cuzco,129_flyto,phawa.,phawa.,pʰ a w a,,heggarty2005,188,,,,,2050,pʰ a.w.a,"['pʰ', 'a.w.a']"
CuzquenoAntiguo-129_flyto-1,,CuzquenoAntiguo,129_flyto,ppahuani,ppahuani,p a w a + n i,,holguin1608,188,,,,,2050 0,p a.w.a + n i,"['p', 'a.w.a', '+', 'n', 'i']"
Huallaga-129_flyto-1,,Huallaga,129_flyto,pa:.ri.,pa:.ri.,p aː r i,,heggarty2005,34,,,,,118,p aː r i,"['p', 'aː', 'r', 'i']"
Huanca-129_flyto-1,,Huanca,129_flyto,paaliy,paaliy,p aː l i,,cerron1976,34,,,,,118,p aː l i,"['p', 'aː', 'l', 'i']"
Huancane-129_flyto-1,,Huancane,129_flyto,hala.,hala.,h a l a,,heggarty2005,190,,,,,2054,h a l a,"['h', 'a', 'l', 'a']"
Huangascar-129_flyto-1,,Huangascar,129_flyto,pawa-,pawa-,p a w a,,shimelman2017,188,,,,,2050,p a.w.a,"['p', 'a.w.a']"
HuarazHuailas-129_flyto-1,,HuarazHuailas,129_flyto,paari,paari,p aː r i,,parkerchavez1976,34,,,,,118,p aː r i,"['p', 'aː', 'r', 'i']"
Imbabura-129_flyto-1,,Imbabura,129_flyto,bulana,bulana,b u l a + n a,,gomez2009,223,,,,esp,223 0,b u l a + n a,"['b', 'u', 'l', 'a', '+', 'n', 'a']"
Inkawasi-129_flyto-1,,Inkawasi,129_flyto,pa.ri.,pa.ri.,p a r i,,heggarty2005,34,,,,,118,p a r i,"['p', 'a', 'r', 'i']"
Jaqaru-129_flyto-1,,Jaqaru,129_flyto,hax.pta.,hax.pta.,h a x + p t a,,heggarty2005,191,,,,,2057 2055,h a x + p t a,"['h', 'a', 'x', '+', 'p', 't', 'a']"
Kawki-129_flyto-1,,Kawki,129_flyto,hax.pta.,hax.pta.,h a x + p t a,,heggarty2005,191,,,,,2057 2055,h a x + p t a,"['h', 'a', 'x', '+', 'p', 't', 'a']"
Lamas-129_flyto-1,,Lamas,129_flyto,pawa,pawa,p a w a,,taylor2006,188,,,,,2050,p a.w.a,"['p', 'a.w.a']"
Laraos-129_flyto-1,,Laraos,129_flyto,pawa.,pawa.,p a w a,,heggarty2005,188,,,,,2050,p a.w.a,"['p', 'a.w.a']"
Lincha-Tana-129_flyto-1,,Lincha-Tana,129_flyto,pawa-,pawa-,p a w a,,shimelman2017,188,,,,,2050,p a.w.a,"['p', 'a.w.a']"
Maragua-129_flyto-1,,Maragua,129_flyto,phawa.,phawa.,pʰ a w a,,heggarty2005,188,,,,,2050,pʰ a.w.a,"['pʰ', 'a.w.a']"
Napo-129_flyto-1,,Napo,129_flyto,huamburina,huamburina,w a m b u + r i + n a,,orrwrisley1981,889,,,,,6516 0 0,w a m b u + r i + n a,"['w', 'a', 'm', 'b', 'u', '+', 'r', 'i', '+', 'n', 'a']"
Pacaraos-129_flyto-1,,Pacaraos,129_flyto,paari,paari,p aː ɾ i,,adelaar1982,34,,,,,118,p aː ɾ i,"['p', 'aː', 'ɾ', 'i']"
Pastaza-129_flyto-1,,Pastaza,129_flyto,pawana,pawana,p a w a + n a,,landerman1973,188,,,,,2050 0,p a.w.a + n a,"['p', 'a.w.a', '+', 'n', 'a']"
Pocona-129_flyto-1,,Pocona,129_flyto,phawa.,phawa.,pʰ a w a,,heggarty2005,188,,,,,2050,pʰ a.w.a,"['pʰ', 'a.w.a']"
Puki-129_flyto-1,,Puki,129_flyto,χala.,χala.,χ a l a,,heggarty2005,190,,,,,2054,χ a l a,"['χ', 'a', 'l', 'a']"
Puno-129_flyto-1,,Puno,129_flyto,hala.nta.,hala.nta.,h a l a + n t a,,heggarty2005,190,,,,,2054 0,h a l a + n t a - -,"['h', 'a', 'l', 'a', '+', 'n', 't', 'a']"
Raimondi-129_flyto-1,,Raimondi,129_flyto,paari,paari,p aː r i,,parkerchavez1976,34,,,,,118,p aː r i,"['p', 'aː', 'r', 'i']"
SanPedro-129_flyto-1,,SanPedro,129_flyto,pawa-,pawa-,p a w a,,shimelman2017,188,,,,,2050,p a.w.a,"['p', 'a.w.a']"
Santiagueno-129_flyto-1,,Santiagueno,129_flyto,paay,paay,p aː,,juanatey2021,188,,,,,2050,p aː,"['p', 'aː']"
SantoTomas-129_flyto-1,,SantoTomas,129_flyto,pauani,pauani,p a w a + n i,,santotomas1951,188,,,,,2050 0,p a.w.a + n i,"['p', 'a.w.a', '+', 'n', 'i']"
Serena-129_flyto-1,,Serena,129_flyto,wambu.ri.,wambu.ri.,w a m b u + r i,,heggarty2005,889,,,,,6516 0,w a m b u + r i,"['w', 'a', 'm', 'b', 'u', '+', 'r', 'i']"
Sullkatiti-129_flyto-1,,Sullkatiti,129_flyto,tuyu.,tuyu.,t u j u,,heggarty2005,266,,,,,249,- t u j u,"['t', 'u', 'j', 'u']"
Taquile-129_flyto-1,,Taquile,129_flyto,phawa.,phawa.,pʰ a w a,,heggarty2005,188,,,,,2050,pʰ a.w.a,"['pʰ', 'a.w.a']"
Tarma-129_flyto-1,,Tarma,129_flyto,pa:ri,pa:ri,p aː ɾ i,,adelaar1977,34,,,,,118,p aː ɾ i,"['p', 'aː', 'ɾ', 'i']"
Troje-129_flyto-1,,Troje,129_flyto,kažpa.,kažpa.,k a ʒ p a,,heggarty2005,192,,,,,2058,k a ʒ p a,"['k', 'a', 'ʒ', 'p', 'a']"
Wari-129_flyto-1,,Wari,129_flyto,paari,paari,p aː r i,,parkerchavez1976,34,,,,,118,p aː r i,"['p', 'aː', 'r', 'i']"
Yanac-129_flyto-1,,Yanac,129_flyto,vwelë.,vwelë.,b ue l ɛ,,heggarty2005,628,,,,esp,457,b ue l ɛ,"['b', 'ue', 'l', 'ɛ']"
Anonimo-13_lefthandside-1,,Anonimo,13_lefthandside,lloqueñecman,lloqueñecman,ʎ ɔ k e + ɲ e k + m a n,,valera1586,434,,,,,3483 0 0,ʎ ɔ k e + ɲ e k + m a n,"['ʎ', 'ɔ', 'k', 'e', '+', 'ɲ', 'e', 'k', '+', 'm', 'a', 'n']"
Apuri-13_lefthandside-1,,Apuri,13_lefthandside,ichuq,ichuq,i tʃ o q,,shimelman2017,435,,,,,3484,i tʃ o q,"['i', 'tʃ', 'o', 'q']"
Apurimac-13_lefthandside-1,,Apurimac,13_lefthandside,lloque,lloque,ʎ o k e,,camacho2007,434,,,,,3483,ʎ o k e,"['ʎ', 'o', 'k', 'e']"
Arma-13_lefthandside-1,,Arma,13_lefthandside,ichuq,ichuq,i tʃ u χ,,galvez2003,435,,,,,3484,i tʃ u χ,"['i', 'tʃ', 'u', 'χ']"
Atalla-13_lefthandside-1,,Atalla,13_lefthandside,ičuχ,ičuχ,i tʃ u χ,,heggarty2005,435,,,,,3484,i tʃ u χ,"['i', 'tʃ', 'u', 'χ']"
Ayacucho-13_lefthandside-1,,Ayacucho,13_lefthandside,ichoq,ichoq,i tʃ o χ,,soto1976,435,,,,,3484,i tʃ o χ,"['i', 'tʃ', 'o', 'χ']"
Bobonaza-13_lefthandside-1,,Bobonaza,13_lefthandside,lluqui,lluqui,ʎ u k i,,orrwrisley1981,434,,,,,3483,ʎ u k i,"['ʎ', 'u', 'k', 'i']"
Cacra-Hongos-13_lefthandside-1,,Cacra-Hongos,13_lefthandside,ichuq,ichuq,i tʃ o q,,shimelman2017,435,,,,,3484,i tʃ o q,"['i', 'tʃ', 'o', 'q']"
Chachapoyas-13_lefthandside-1,,Chachapoyas,13_lefthandside,lluki,lluki,dʑ u k i,,taylor2006,434,,,,,3483,dʑ u k i,"['dʑ', 'u', 'k', 'i']"
Chacpar-13_lefthandside-1,,Chacpar,13_lefthandside,itsuχ,itsuχ,i ts u χ,,heggarty2005,435,,,,,3484,i ts u χ,"['i', 'ts', 'u', 'χ']"
Chetilla-13_lefthandside-1,,Chetilla,13_lefthandside,ičuχ,ičuχ,i tʃ u χ,,heggarty2005,435,,,,,3484,i tʃ u χ,"['i', 'tʃ', 'u', 'χ']"
Chipaya-13_lefthandside-1,,Chipaya,13_lefthandside,zqara,zqara,z q a r a,,heggarty2005,149,,,,,181,z - - - - - q - a r a,"['z', 'q', 'a', 'r', 'a']"
Curva-13_lefthandside-1,,Curva,13_lefthandside,λuq'i,λuq'i,ʎ u qʼ i,,heggarty2005,434,,,,,3483,ʎ u qʼ i,"['ʎ', 'u', 'qʼ', 'i']"
Cuzco-13_lefthandside-1,,Cuzco,13_lefthandside,λuq'i,λuq'i,ʎ u qʼ i,,heggarty2005,434,,,,,3483,ʎ u qʼ i,"['ʎ', 'u', 'qʼ', 'i']"
CuzquenoAntiguo-13_lefthandside-1,,CuzquenoAntiguo,13_lefthandside,lloque,lloque,ʎ u χ i,,holguin1608,434,,,,,3483,ʎ u χ i,"['ʎ', 'u', 'χ', 'i']"
Huallaga-13_lefthandside-1,,Huallaga,13_lefthandside,ičuχ,ičuχ,i tʃ u χ,,heggarty2005,435,,,,,3484,i tʃ u χ,"['i', 'tʃ', 'u', 'χ']"
Huanca-13_lefthandside-1,,Huanca,13_lefthandside,ichush,ichush,i tʃ u ʂ,,cerron1976,435,,,,,3484,i tʃ u ʂ,"['i', 'tʃ', 'u', 'ʂ']"
Jauja-13_lefthandside-1,,Jauja,13_lefthandside,ichush,ichush,i tʃ u ʂ,,cerron1976,435,,,,,3484,i tʃ u ʂ,"['i', 'tʃ', 'u', 'ʂ']"
Huancane-13_lefthandside-1,,Huancane,13_lefthandside,č'iqa,č'iqa,tʃʼ i q a,,heggarty2005,150,,,,,182,tʃʼ i q a,"['tʃʼ', 'i', 'q', 'a']"
Huangascar-13_lefthandside-1,,Huangascar,13_lefthandside,ichuq,ichuq,i tʃ o q,,shimelman2017,435,,,,,3484,i tʃ o q,"['i', 'tʃ', 'o', 'q']"
HuarazHuailas-13_lefthandside-1,,HuarazHuailas,13_lefthandside,itsoq,itsoq,i ts o q,,parkerchavez1976,435,,,,,3484,i ts o q,"['i', 'ts', 'o', 'q']"
Imbabura-13_lefthandside-1,,Imbabura,13_lefthandside,lluki,lluki,ʎ u k i,,gomez2009,434,,,,,3483,ʎ u k i,"['ʎ', 'u', 'k', 'i']"
Inkawasi-13_lefthandside-1,,Inkawasi,13_lefthandside,ičuq,ičuq,i tʃ u q,,heggarty2005,435,,,,,3484,i tʃ u q,"['i', 'tʃ', 'u', 'q']"
Jaqaru-13_lefthandside-1,,Jaqaru,13_lefthandside,ĉ'iqa,ĉ'iqa,ʈʂʼ i q a,,heggarty2005,150,,,,,182,ʈʂʼ i q a,"['ʈʂʼ', 'i', 'q', 'a']"
Kawki-13_lefthandside-1,,Kawki,13_lefthandside,ts'iq'a,ts'iq'a,tsʼ i qʼ a,,heggarty2005,150,,,,,182,tsʼ i qʼ a,"['tsʼ', 'i', 'qʼ', 'a']"
Lamas-13_lefthandside-1,,Lamas,13_lefthandside,lluki,lluki,dʑ u k i,,taylor2006,434,,,,,3483,dʑ u k i,"['dʑ', 'u', 'k', 'i']"
Laraos-13_lefthandside-1,,Laraos,13_lefthandside,upa,upa,u p a,,heggarty2005,436,,,,,3485,u p a,"['u', 'p', 'a']"
Lincha-Tana-13_lefthandside-1,,Lincha-Tana,13_lefthandside,ichuq,ichuq,i tʃ o q,,shimelman2017,435,,,,,3484,i tʃ o q,"['i', 'tʃ', 'o', 'q']"
Maragua-13_lefthandside-1,,Maragua,13_lefthandside,λuq'i,λuq'i,ʎ u qʼ i,,heggarty2005,434,,,,,3483,ʎ u qʼ i,"['ʎ', 'u', 'qʼ', 'i']"
Napo-13_lefthandside-1,,Napo,13_lefthandside,lluqui,lluqui,ʎ u k i,,orrwrisley1981,434,,,,,3483,ʎ u k i,"['ʎ', 'u', 'k', 'i']"
Pastaza-13_lefthandside-1,,Pastaza,13_lefthandside,lluqui,lluqui,ʎ u k i,,landerman1973,434,,,,,3483,ʎ u k i,"['ʎ', 'u', 'k', 'i']"
Pocona-13_lefthandside-1,,Pocona,13_lefthandside,λuq'i,λuq'i,ʎ u qʼ i,,heggarty2005,434,,,,,3483,ʎ u qʼ i,"['ʎ', 'u', 'qʼ', 'i']"
Puki-13_lefthandside-1,,Puki,13_lefthandside,č'iqa,č'iqa,tʃʼ i q a,,heggarty2005,150,,,,,182,tʃʼ i q a,"['tʃʼ', 'i', 'q', 'a']"
Puno-13_lefthandside-1,,Puno,13_lefthandside,λuq'i,λuq'i,ʎ u qʼ i,,heggarty2005,434,,,,,3483,ʎ u qʼ i,"['ʎ', 'u', 'qʼ', 'i']"
Putumayo-13_lefthandside-1,,Putumayo,13_lefthandside,lluqui,lluqui,ʎ u x i,,tandioy1978,434,,,,,3483,ʎ u x i,"['ʎ', 'u', 'x', 'i']"
Raimondi-13_lefthandside-1,,Raimondi,13_lefthandside,itsoq,itsoq,i ts o q,,parkerchavez1976,435,,,,,3484,i ts o q,"['i', 'ts', 'o', 'q']"
SanPedro-13_lefthandside-1,,SanPedro,13_lefthandside,ichuq,ichuq,i tʃ o q,,shimelman2017,435,,,,,3484,i tʃ o q,"['i', 'tʃ', 'o', 'q']"
Santiagueno-13_lefthandside-1,,Santiagueno,13_lefthandside,lloqe,lloqe,ʒ o χ e,,juanatey2021,434,,,,,3483,ʒ o χ e,"['ʒ', 'o', 'χ', 'e']"
SantoTomas-13_lefthandside-1,,SantoTomas,13_lefthandside,llucque maqui,llucque maqui,ʎ u x e + m a k i,,santotomas1951,434,,,,,3483 0,ʎ u x e + m a k i,"['ʎ', 'u', 'x', 'e', '+', 'm', 'a', 'k', 'i']"
Serena-13_lefthandside-1,,Serena,13_lefthandside,λuki,λuki,ʎ u k i,,heggarty2005,434,,,,,3483,ʎ u k i,"['ʎ', 'u', 'k', 'i']"
Sullkatiti-13_lefthandside-1,,Sullkatiti,13_lefthandside,č'iqa,č'iqa,tʃʼ i q a,,heggarty2005,150,,,,,182,tʃʼ i q a,"['tʃʼ', 'i', 'q', 'a']"
Taquile-13_lefthandside-1,,Taquile,13_lefthandside,λuq'i,λuq'i,ʎ u qʼ i,,heggarty2005,434,,,,,3483,ʎ u qʼ i,"['ʎ', 'u', 'qʼ', 'i']"
Tarma-13_lefthandside-1,,Tarma,13_lefthandside,ičux,ičux,i tʃ o χ,,adelaar1977,435,,,,,3484,i tʃ o χ,"['i', 'tʃ', 'o', 'χ']"
Troje-13_lefthandside-1,,Troje,13_lefthandside,žuki,žuki,ʒ u k i,,heggarty2005,434,,,,,3483,ʒ u k i,"['ʒ', 'u', 'k', 'i']"
Tsimu-13_lefthandside-1,,Tsimu,13_lefthandside,huí:li halánta,huí:li halánta,h u iː l i + h a l a n t a,,cerron2016,94,,,,,153 269,h u iː l i + h a l a n t a,"['h', 'u', 'iː', 'l', 'i', '+', 'h', 'a', 'l', 'a', 'n', 't', 'a']"
Wari-13_lefthandside-1,,Wari,13_lefthandside,itsoq,itsoq,i ts o q,,parkerchavez1976,435,,,,,3484,i ts o q,"['i', 'ts', 'o', 'q']"
Yanac-13_lefthandside-1,,Yanac,13_lefthandside,itsuq,itsuq,i ts u q,,heggarty2005,435,,,,,3484,i ts u q,"['i', 'ts', 'u', 'q']"
Anonimo-130_hideto-1,,Anonimo,130_hideto,pacani,pacani,p a k a + n i,,valera1586,350,,,,,2983 0,p a k a + n i,"['p', 'a', 'k', 'a', '+', 'n', 'i']"
Apuri-130_hideto-1,,Apuri,130_hideto,paka,paka,p a k a,,shimelman2017,350,,,,,2983,p a k a,"['p', 'a', 'k', 'a']"
Apurimac-130_hideto-1,,Apurimac,130_hideto,paka,paka,p a k a,,camacho2007,350,,,,,2983,p a k a,"['p', 'a', 'k', 'a']"
Arma-130_hideto-1,,Arma,130_hideto,paka,paka,p a k a,,galvez2003,350,,,,,2983,p a k a,"['p', 'a', 'k', 'a']"
Atalla-130_hideto-1,,Atalla,130_hideto,paka.,paka.,p a k a,,heggarty2005,350,,,,,2983,p a k a,"['p', 'a', 'k', 'a']"
Ayacucho-130_hideto-1,,Ayacucho,130_hideto,paka,paka,p a k a,,soto1976,350,,,,,2983,p a k a,"['p', 'a', 'k', 'a']"
Bobonaza-130_hideto-1,,Bobonaza,130_hideto,pacana,pacana,p a k a + n a,,orrwrisley1981,350,,,,,2983 0,p a k a + n a,"['p', 'a', 'k', 'a', '+', 'n', 'a']"
Cacra-Hongos-130_hideto-1,,Cacra-Hongos,130_hideto,paka,paka,p a k a,,shimelman2017,350,,,,,2983,p a k a,"['p', 'a', 'k', 'a']"
Chachapoyas-130_hideto-1,,Chachapoyas,130_hideto,paka,paka,p a k a,,taylor2006,350,,,,,2983,p a k a,"['p', 'a', 'k', 'a']"
Chacpar-130_hideto-1,,Chacpar,130_hideto,paka.,paka,p a k a,,heggarty2005,350,,,,,2983,p a k a,"['p', 'a', 'k', 'a']"
Chetilla-130_hideto-1,,Chetilla,130_hideto,paka.,paka.,p a k a,,heggarty2005,350,,,,,2983,p a k a,"['p', 'a', 'k', 'a']"
Chipaya-130_hideto-1,,Chipaya,130_hideto,chhoj.z,chhoj.z,tʃ h o j z,,heggarty2005,351,,,,,2984,tʃ h o j z,"['tʃ', 'h', 'o', 'j', 'z']"
Curva-130_hideto-1,,Curva,130_hideto,paka.,paka,p a k a,,heggarty2005,350,,,,,2983,p a k a,"['p', 'a', 'k', 'a']"
Cuzco-130_hideto-1,,Cuzco,130_hideto,paka.,paka.,p a k a,,heggarty2005,350,,,,,2983,p a k a,"['p', 'a', 'k', 'a']"
CuzquenoAntiguo-130_hideto-1,,CuzquenoAntiguo,130_hideto,pacani,pacani,p a k a + n i,,holguin1608,350,,,,,2983 0,p a k a + n i,"['p', 'a', 'k', 'a', '+', 'n', 'i']"
Huallaga-130_hideto-1,,Huallaga,130_hideto,paka.,paka.,p a k a,,heggarty2005,350,,,,,2983,p a k a,"['p', 'a', 'k', 'a']"
Huanca-130_hideto-1,,Huanca,130_hideto,pakay,pakay,p a k a,,cerron2018,350,,,,,2983,p a k a,"['p', 'a', 'k', 'a']"
Huancane-130_hideto-1,,Huancane,130_hideto,ima.nta.,ima.nta.,i m a + n t a,,heggarty2005,352,,,,,2986 2987,i m a + n t a,"['i', 'm', 'a', '+', 'n', 't', 'a']"
Huangascar-130_hideto-1,,Huangascar,130_hideto,paka,paka,p a k a,,shimelman2017,350,,,,,2983,p a k a,"['p', 'a', 'k', 'a']"
HuarazHuailas-130_hideto-1,,HuarazHuailas,130_hideto,pakaay,pakaay,p a k aː,,parkerchavez1976,350,,,,,2983,p a k aː,"['p', 'a', 'k', 'aː']"
Imbabura-130_hideto-1,,Imbabura,130_hideto,pakana,pakana,p a k a + n a,,gomez2009,350,,,,,2983 0,p a k a + n a,"['p', 'a', 'k', 'a', '+', 'n', 'a']"
Inkawasi-130_hideto-1,,Inkawasi,130_hideto,paka.,paka.,p a k a,,heggarty2005,350,,,,,2983,p a k a,"['p', 'a', 'k', 'a']"
Jaqaru-130_hideto-1,,Jaqaru,130_hideto,im.kha.,im.kha.,i m kʰ a,,heggarty2005,487,,,,,379,i m kʰ a,"['i', 'm', 'kʰ', 'a']"
Kawki-130_hideto-1,,Kawki,130_hideto,im.kha.,im.kha.,i m kʰ a,,heggarty2005,487,,,,,379,i m kʰ a,"['i', 'm', 'kʰ', 'a']"
Lamas-130_hideto-1,,Lamas,130_hideto,paka,paka,p a k a,,taylor2006,350,,,,,2983,p a k a,"['p', 'a', 'k', 'a']"
Laraos-130_hideto-1,,Laraos,130_hideto,paka.,paka.,p a k a,,heggarty2005,350,,,,,2983,p a k a,"['p', 'a', 'k', 'a']"
Lincha-Tana-130_hideto-1,,Lincha-Tana,130_hideto,paka,paka,p a k a,,shimelman2017,350,,,,,2983,p a k a,"['p', 'a', 'k', 'a']"
Maragua-130_hideto-1,,Maragua,130_hideto,paka.,paka.,p a k a,,heggarty2005,350,,,,,2983,p a k a,"['p', 'a', 'k', 'a']"
Napo-130_hideto-1,,Napo,130_hideto,pacana,pacana,p a k a + n a,,orrwrisley1981,350,,,,,2983 0,p a k a + n a,"['p', 'a', 'k', 'a', '+', 'n', 'a']"
Pacaraos-130_hideto-1,,Pacaraos,130_hideto,paka,paka,p a k a,,adelaar1982,350,,,,,2983,p a k a,"['p', 'a', 'k', 'a']"
Pastaza-130_hideto-1,,Pastaza,130_hideto,pacana,pacana,p a k a + n a,,landerman1973,350,,,,,2983 0,p a k a + n a,"['p', 'a', 'k', 'a', '+', 'n', 'a']"
Pocona-130_hideto-1,,Pocona,130_hideto,paka.,paka.,p a k a,,heggarty2005,350,,,,,2983,p a k a,"['p', 'a', 'k', 'a']"
Puki-130_hideto-1,,Puki,130_hideto,ima.nta.,ima.nta.,i m a + n t a,,heggarty2005,352,,,,,2986 2987,i m a + n t a,"['i', 'm', 'a', '+', 'n', 't', 'a']"
Puno-130_hideto-1,,Puno,130_hideto,paka.,paka.,p a k a,,heggarty2005,350,,,,,2983,p a k a,"['p', 'a', 'k', 'a']"
Putumayo-130_hideto-1,,Putumayo,130_hideto,pacacuchi,pacacuchi,p a k a + k u + tʃ i,,tandioy1978,350,,,,,2983 0 0,p a k a + k u + tʃ i,"['p', 'a', 'k', 'a', '+', 'k', 'u', '+', 'tʃ', 'i']"
Raimondi-130_hideto-1,,Raimondi,130_hideto,pakaay,pakaay,p a k aː,,parkerchavez1976,350,,,,,2983,p a k aː,"['p', 'a', 'k', 'aː']"
SanPedro-130_hideto-1,,SanPedro,130_hideto,paka,paka,p a k a,,shimelman2017,350,,,,,2983,p a k a,"['p', 'a', 'k', 'a']"
Santiagueno-130_hideto-1,,Santiagueno,130_hideto,pakay,pakay,p a x a,,juanatey2021,350,,,,,2983,p a x a,"['p', 'a', 'x', 'a']"
SantoTomas-130_hideto-1,,SantoTomas,130_hideto,pacachi,pacachi,p a k a + tʃ i,,santotomas1951,350,,,,,2983 0,p a k a + tʃ i,"['p', 'a', 'k', 'a', '+', 'tʃ', 'i']"
Serena-130_hideto-1,,Serena,130_hideto,paka.,paka.,p a k a,,heggarty2005,350,,,,,2983,p a k a,"['p', 'a', 'k', 'a']"
Sullkatiti-130_hideto-1,,Sullkatiti,130_hideto,ima.nta.,ima.nta.,i m a + n t a,,heggarty2005,352,,,,,2986 2987,i m a + n t a,"['i', 'm', 'a', '+', 'n', 't', 'a']"
Taquile-130_hideto-1,,Taquile,130_hideto,paka.,paka.,p a k a,,heggarty2005,350,,,,,2983,p a k a,"['p', 'a', 'k', 'a']"
Tarma-130_hideto-1,,Tarma,130_hideto,paga,paga,p a g a,,adelaar1977,350,,,,,2983,p a g a,"['p', 'a', 'g', 'a']"
Troje-130_hideto-1,,Troje,130_hideto,paka.,paka.,p a k a,,heggarty2005,350,,,,,2983,p a k a,"['p', 'a', 'k', 'a']"
Wari-130_hideto-1,,Wari,130_hideto,pakaay,pakaay,p a k aː,,parkerchavez1976,350,,,,,2983,p a k aː,"['p', 'a', 'k', 'aː']"
Yanac-130_hideto-1,,Yanac,130_hideto,paka.,paka.,p a k a,,heggarty2005,350,,,,,2983,p a k a,"['p', 'a', 'k', 'a']"
Anonimo-131_eatto-1,,Anonimo,131_eatto,micuni,micuni,m i k u + n i,,valera1586,57,,,,,1335 0,m i k u + n i,"['m', 'i', 'k', 'u', '+', 'n', 'i']"
Apuri-131_eatto-1,,Apuri,131_eatto,miku-,miku-,m i k u,,shimelman2017,57,,,,,1335,m i k u,"['m', 'i', 'k', 'u']"
Apurimac-131_eatto-1,,Apurimac,131_eatto,manya,manya,m a n j a,,camacho2007,799,,,,aymara,556,m a n j a,"['m', 'a', 'n', 'j', 'a']"
Apurimac-131_eatto-2,,Apurimac,131_eatto,miju,miju,m i χ u,,camacho2007,57,,,,,1335,m i χ u,"['m', 'i', 'χ', 'u']"
Arma-131_eatto-1,,Arma,131_eatto,miku,miku,m i k u,,galvez2003,57,,,,,1335,m i k u,"['m', 'i', 'k', 'u']"
Atalla-131_eatto-1,,Atalla,131_eatto,mi.ku.,mi.ku.,m i k u,,heggarty2005,57,,,,,1335,m i k u,"['m', 'i', 'k', 'u']"
Ayacucho-131_eatto-1,,Ayacucho,131_eatto,miku,miku,m i k u,,soto1976,57,,,,,1335,m i k u,"['m', 'i', 'k', 'u']"
Bobonaza-131_eatto-1,,Bobonaza,131_eatto,micuna,micuna,m i k u + n a,,orrwrisley1981,57,,,,,1335 0,m i k u + n a,"['m', 'i', 'k', 'u', '+', 'n', 'a']"
Cacra-Hongos-131_eatto-1,,Cacra-Hongos,131_eatto,miku-,miku-,m i k u,,shimelman2017,57,,,,,1335,m i k u,"['m', 'i', 'k', 'u']"
Chachapoyas-131_eatto-1,,Chachapoyas,131_eatto,miku,miku,m i k u,,taylor2006,57,,,,,1335,m i k u,"['m', 'i', 'k', 'u']"
Chacpar-131_eatto-1,,Chacpar,131_eatto,mi.ku.,mi.ku.,m i k u,,heggarty2005,57,,,,,1335,m i k u,"['m', 'i', 'k', 'u']"
Chetilla-131_eatto-1,,Chetilla,131_eatto,mi.ku.,mi.ku.,m i k u,,heggarty2005,57,,,,,1335,m i k u,"['m', 'i', 'k', 'u']"
Chipaya-131_eatto-1,,Chipaya,131_eatto,lul.z,lul.z,l u l z,,heggarty2005,58,,,,,1337,l u l z,"['l', 'u', 'l', 'z']"
Curva-131_eatto-1,,Curva,131_eatto,mi.khu.,mi.khu.,m i kʰ u,,heggarty2005,57,,,,,1335,m i kʰ u,"['m', 'i', 'kʰ', 'u']"
Cuzco-131_eatto-1,,Cuzco,131_eatto,mi.xu.,mi.xu.,m i x u,,heggarty2005,57,,,,,1335,m i x u,"['m', 'i', 'x', 'u']"
CuzquenoAntiguo-131_eatto-1,,CuzquenoAntiguo,131_eatto,miccuni,miccuni,m i χ u + n i,,holguin1608,57,,,,,1335 0,m i χ u + n i,"['m', 'i', 'χ', 'u', '+', 'n', 'i']"
Huallaga-131_eatto-1,,Huallaga,131_eatto,mi.ku.,mi.ku.,m i k u,,heggarty2005,57,,,,,1335,m i k u,"['m', 'i', 'k', 'u']"
Huanca-131_eatto-1,,Huanca,131_eatto,mikuy,mikuy,m i k u,,cerron2018,57,,,,,1335,m i k u,"['m', 'i', 'k', 'u']"
Huancane-131_eatto-1,,Huancane,131_eatto,manq'a.,manq'a.,m a n qʼ a,,heggarty2005,13,,,,,106,m a n qʼ a,"['m', 'a', 'n', 'qʼ', 'a']"
Huangascar-131_eatto-1,,Huangascar,131_eatto,miku-,miku-,m i k u,,shimelman2017,57,,,,,1335,m i k u,"['m', 'i', 'k', 'u']"
HuarazHuailas-131_eatto-1,,HuarazHuailas,131_eatto,mikuy,mikuy,m i k u,,parkerchavez1976,57,,,,,1335,m i k u,"['m', 'i', 'k', 'u']"
Imbabura-131_eatto-1,,Imbabura,131_eatto,mikuna,mikuna,m i k u + n a,,gomez2009,57,,,,,1335 0,m i k u + n a,"['m', 'i', 'k', 'u', '+', 'n', 'a']"
Inkawasi-131_eatto-1,,Inkawasi,131_eatto,mi.ku.,mi.ku.,m i k u,,heggarty2005,57,,,,,1335,m i k u,"['m', 'i', 'k', 'u']"
Iruhito-131_eatto-1,,Iruhito,131_eatto,luχ,luχ,l u χ,,cerron2016,58,,,,,1337,l u χ,"['l', 'u', 'χ']"
Jaqaru-131_eatto-1,,Jaqaru,131_eatto,palu.,palu.,p a l u,uru y jaqaru parecen compartir lu como raíz.,heggarty2005,59,,,,,1339,p a l u,"['p', 'a', 'l', 'u']"
Kawki-131_eatto-1,,Kawki,131_eatto,palu.,palu.,p a l u,,heggarty2005,59,,,,,1339,p a l u,"['p', 'a', 'l', 'u']"
Lamas-131_eatto-1,,Lamas,131_eatto,miku,miku,m i k u,,taylor2006,57,,,,,1335,m i k u,"['m', 'i', 'k', 'u']"
Laraos-131_eatto-1,,Laraos,131_eatto,mi.ku.,mi.ku.,m i k u,,heggarty2005,57,,,,,1335,m i k u,"['m', 'i', 'k', 'u']"
Lincha-Tana-131_eatto-1,,Lincha-Tana,131_eatto,miku-,miku-,m i k u,,shimelman2017,57,,,,,1335,m i k u,"['m', 'i', 'k', 'u']"
Maragua-131_eatto-1,,Maragua,131_eatto,mi.khu.,mi.khu.,m i kʰ u,,heggarty2005,57,,,,,1335,m i kʰ u,"['m', 'i', 'kʰ', 'u']"
Napo-131_eatto-1,,Napo,131_eatto,micuna,micuna,m i k u + n a,,orrwrisley1981,57,,,,,1335 0,m i k u + n a,"['m', 'i', 'k', 'u', '+', 'n', 'a']"
Pacaraos-131_eatto-1,,Pacaraos,131_eatto,"miku, mika",miku,m i k u,,adelaar1982,57,,,,,1335,m i k u,"['m', 'i', 'k', 'u']"
Pacaraos-131_eatto-2,,Pacaraos,131_eatto,"miku, mika",mika,m i k a,,adelaar1982,57,,,,,1335,m i k a,"['m', 'i', 'k', 'a']"
Pastaza-131_eatto-1,,Pastaza,131_eatto,micuna,micuna,m i k u + n a,,landerman1973,57,,,,,1335 0,m i k u + n a,"['m', 'i', 'k', 'u', '+', 'n', 'a']"
Pocona-131_eatto-1,,Pocona,131_eatto,mi.khu.,mi.khu.,m i kʰ u,,heggarty2005,57,,,,,1335,m i kʰ u,"['m', 'i', 'kʰ', 'u']"
Puki-131_eatto-1,,Puki,131_eatto,maq'a.,maq'a.,m a qʼ a,,heggarty2005,13,,,,,106,m a - qʼ a,"['m', 'a', 'qʼ', 'a']"
Puno-131_eatto-1,,Puno,131_eatto,mi.khu.,mi.khu.,m i kʰ u,,heggarty2005,57,,,,,1335,m i kʰ u,"['m', 'i', 'kʰ', 'u']"
Putumayo-131_eatto-1,,Putumayo,131_eatto,micuy,micuy,m i k u,,tandioy1978,57,,,,,1335,m i k u,"['m', 'i', 'k', 'u']"
Raimondi-131_eatto-1,,Raimondi,131_eatto,mikuy,mikuy,m i k u,,parkerchavez1976,57,,,,,1335,m i k u,"['m', 'i', 'k', 'u']"
SanPedro-131_eatto-1,,SanPedro,131_eatto,miku-,miku-,m i k u,,shimelman2017,57,,,,,1335,m i k u,"['m', 'i', 'k', 'u']"
Santiagueno-131_eatto-1,,Santiagueno,131_eatto,mikuy,mikuy,m i x u,,juanatey2021,57,,,,,1335,m i x u,"['m', 'i', 'x', 'u']"
SantoTomas-131_eatto-1,,SantoTomas,131_eatto,micuni,micuni,m i k u + n i,,santotomas1951,57,,,,,1335 0,m i k u + n i,"['m', 'i', 'k', 'u', '+', 'n', 'i']"
Serena-131_eatto-1,,Serena,131_eatto,mi.ku.,mi.ku.,m i k u,,heggarty2005,57,,,,,1335,m i k u,"['m', 'i', 'k', 'u']"
Sullkatiti-131_eatto-1,,Sullkatiti,131_eatto,manq'a.,manq'a.,m a n qʼ a,,heggarty2005,13,,,,,106,m a n qʼ a,"['m', 'a', 'n', 'qʼ', 'a']"
Taquile-131_eatto-1,,Taquile,131_eatto,mi.khu.,mi.khu.,m i kʰ u,,heggarty2005,57,,,,,1335,m i kʰ u,"['m', 'i', 'kʰ', 'u']"
Tarma-131_eatto-1,,Tarma,131_eatto,miku,miku,m i k u,,adelaar1977,57,,,,,1335,m i k u,"['m', 'i', 'k', 'u']"
Troje-131_eatto-1,,Troje,131_eatto,mi.ku.,mi.ku.,m i k u,,heggarty2005,57,,,,,1335,m i k u,"['m', 'i', 'k', 'u']"
Tsimu-131_eatto-1,,Tsimu,131_eatto,luχ,luχ,l u χ,,cerron2016,58,,,,,1337,l u χ,"['l', 'u', 'χ']"
Wari-131_eatto-1,,Wari,131_eatto,mikuy,mikuy,m i k u,,parkerchavez1976,57,,,,,1335,m i k u,"['m', 'i', 'k', 'u']"
Yanac-131_eatto-1,,Yanac,131_eatto,mi.ku.,mi.ku.,m i k u,,heggarty2005,57,,,,,1335,m i k u,"['m', 'i', 'k', 'u']"
Anonimo-132_drinkto-1,,Anonimo,132_drinkto,"vpiani, vpiacuni",vpiani,u p j a + n i,,valera1586,30,,,,,1168 0,u p ( - ) j a + n i,"['u', 'p', 'j', 'a', '+', 'n', 'i']"
Anonimo-132_drinkto-2,,Anonimo,132_drinkto,"vpiani, vpiacuni",vpiacuni,u p j a + k u + n i,,valera1586,30,,,,,1168 0 0,u p ( - ) j a + k u + n i,"['u', 'p', 'j', 'a', '+', 'k', 'u', '+', 'n', 'i']"
Apuri-132_drinkto-1,,Apuri,132_drinkto,upya,upya,u p j a,,shimelman2017,30,,,,,1168,u p ( - ) j a,"['u', 'p', 'j', 'a']"
Apurimac-132_drinkto-1,,Apurimac,132_drinkto,upya,upya,u p j a,,camacho2007,30,,,,,1168,u p ( - ) j a,"['u', 'p', 'j', 'a']"
Arma-132_drinkto-1,,Arma,132_drinkto,upya,upya,u p j a,,galvez2003,30,,,,,1168,u p ( - ) j a,"['u', 'p', 'j', 'a']"
Atalla-132_drinkto-1,,Atalla,132_drinkto,upya.,upya.,u p j a,,heggarty2005,30,,,,,1168,u p ( - ) j a,"['u', 'p', 'j', 'a']"
Ayacucho-132_drinkto-1,,Ayacucho,132_drinkto,upya,upya,u p j a,,soto1976,30,,,,,1168,u p ( - ) j a,"['u', 'p', 'j', 'a']"
Bobonaza-132_drinkto-1,,Bobonaza,132_drinkto,upina,upina,u p i + n a,,orrwrisley1981,302,,,,,268 0,u p i + n a,"['u', 'p', 'i', '+', 'n', 'a']"
Cacra-Hongos-132_drinkto-1,,Cacra-Hongos,132_drinkto,upya,upya,u p j a,,shimelman2017,30,,,,,1168,u p ( - ) j a,"['u', 'p', 'j', 'a']"
Chachapoyas-132_drinkto-1,,Chachapoyas,132_drinkto,upya,upya,u p j a,,taylor2006,30,,,,,1168,u p ( - ) j a,"['u', 'p', 'j', 'a']"
Chetilla-132_drinkto-1,,Chetilla,132_drinkto,upya.,upya.,u p j a,,heggarty2005,30,,,,,1168,u p ( - ) j a,"['u', 'p', 'j', 'a']"
Chipaya-132_drinkto-1,,Chipaya,132_drinkto,lik.z,lik.z,l i k z,,heggarty2005,31,,,,,1169,l i k z,"['l', 'i', 'k', 'z']"
Curva-132_drinkto-1,,Curva,132_drinkto,upya.,upya.,u p j a,,heggarty2005,30,,,,,1168,u p ( - ) j a,"['u', 'p', 'j', 'a']"
Cuzco-132_drinkto-1,,Cuzco,132_drinkto,uxya.,uxya.,u x j a,,heggarty2005,30,,,,,1168,u x ( - ) j a,"['u', 'x', 'j', 'a']"
CuzquenoAntiguo-132_drinkto-1,,CuzquenoAntiguo,132_drinkto,vpiyani,vpiyani,u p i j a + n i,,holguin1608,30,,,,,1168 0,u p ( i ) j a + n i,"['u', 'p', 'i', 'j', 'a', '+', 'n', 'i']"
Huanca-132_drinkto-1,,Huanca,132_drinkto,upyay,upyay,u p j a,,cerron2018,30,,,,,1168,u p ( - ) j a,"['u', 'p', 'j', 'a']"
Huancane-132_drinkto-1,,Huancane,132_drinkto,uma.,uma.,u m a,,heggarty2005,33,,,,,1171,u m a,"['u', 'm', 'a']"
Huangascar-132_drinkto-1,,Huangascar,132_drinkto,upya,upya,u p j a,,shimelman2017,30,,,,,1168,u p ( - ) j a,"['u', 'p', 'j', 'a']"
HuarazHuailas-132_drinkto-1,,HuarazHuailas,132_drinkto,upyay,upyay,u p j a,,parkerchavez1976,30,,,,,1168,u p ( - ) j a,"['u', 'p', 'j', 'a']"
Imbabura-132_drinkto-1,,Imbabura,132_drinkto,ufiana,ufiana,u f j a + n a,,gomez2009,30,,,,,1168 0,u f ( - ) j a + n a,"['u', 'f', 'j', 'a', '+', 'n', 'a']"
Inkawasi-132_drinkto-1,,Inkawasi,132_drinkto,upya.,upya.,u p j a,,heggarty2005,30,,,,,1168,u p ( - ) j a,"['u', 'p', 'j', 'a']"
Jaqaru-132_drinkto-1,,Jaqaru,132_drinkto,uma.,uma.,u m a,,heggarty2005,33,,,,,1171,u m a,"['u', 'm', 'a']"
Kawki-132_drinkto-1,,Kawki,132_drinkto,uma.,uma.,u m a,,heggarty2005,33,,,,,1171,u m a,"['u', 'm', 'a']"
Lamas-132_drinkto-1,,Lamas,132_drinkto,upya,upya,u p j a,,taylor2006,30,,,,,1168,u p ( - ) j a,"['u', 'p', 'j', 'a']"
Laraos-132_drinkto-1,,Laraos,132_drinkto,upya.,upya.,u p j a,,heggarty2005,30,,,,,1168,u p ( - ) j a,"['u', 'p', 'j', 'a']"
Lincha-Tana-132_drinkto-1,,Lincha-Tana,132_drinkto,upya,upya,u p j a,,shimelman2017,30,,,,,1168,u p ( - ) j a,"['u', 'p', 'j', 'a']"
Maragua-132_drinkto-1,,Maragua,132_drinkto,uxya.,uxya.,u x j a,,heggarty2005,30,,,,,1168,u x ( - ) j a,"['u', 'x', 'j', 'a']"
Napo-132_drinkto-1,,Napo,132_drinkto,upina,upina,u p i + n a,,orrwrisley1981,302,,,,,268 0,u p i + n a,"['u', 'p', 'i', '+', 'n', 'a']"
Pacaraos-132_drinkto-1,,Pacaraos,132_drinkto,"upya, upu",upya,u p j a,,adelaar1982,30,,,,,1168,u p ( - ) j a,"['u', 'p', 'j', 'a']"
Pastaza-132_drinkto-1,,Pastaza,132_drinkto,upyana,upyana,u p j a + n a,,landerman1973,30,,,,,1168 0,u p ( - ) j a + n a,"['u', 'p', 'j', 'a', '+', 'n', 'a']"
Pocona-132_drinkto-1,,Pocona,132_drinkto,uxya.,uxya.,u x j a,,heggarty2005,30,,,,,1168,u x ( - ) j a,"['u', 'x', 'j', 'a']"
Puki-132_drinkto-1,,Puki,132_drinkto,uma.,uma.,u m a,,heggarty2005,33,,,,,1171,u m a,"['u', 'm', 'a']"
Puno-132_drinkto-1,,Puno,132_drinkto,uxa.,uxa.,u x a,,heggarty2005,30,,,,,1168,u x ( - ) - a,"['u', 'x', 'a']"
Putumayo-132_drinkto-1,,Putumayo,132_drinkto,upia,upia,u p j a,,tandioy1978,30,,,,,1168,u p ( - ) j a,"['u', 'p', 'j', 'a']"
Raimondi-132_drinkto-1,,Raimondi,132_drinkto,upyay,upyay,u p j a,,parkerchavez1976,30,,,,,1168,u p ( - ) j a,"['u', 'p', 'j', 'a']"
SanPedro-132_drinkto-1,,SanPedro,132_drinkto,upya,upya,u p j a,,shimelman2017,30,,,,,1168,u p ( - ) j a,"['u', 'p', 'j', 'a']"
Santiagueno-132_drinkto-1,,Santiagueno,132_drinkto,upyay,upyay,u p j a,,juanatey2021,30,,,,,1168,u p ( - ) j a,"['u', 'p', 'j', 'a']"
SantoTomas-132_drinkto-1,,SantoTomas,132_drinkto,"vpiani, vpiacuni",vpiani,u p j a + n i,,santotomas1951,30,,,,,1168 0,u p ( - ) j a + n i,"['u', 'p', 'j', 'a', '+', 'n', 'i']"
SantoTomas-132_drinkto-2,,SantoTomas,132_drinkto,"vpiani, vpiacuni",vpiacuni,u p j a + k u + n i,,santotomas1951,30,,,,,1168 0 0,u p ( - ) j a + k u + n i,"['u', 'p', 'j', 'a', '+', 'k', 'u', '+', 'n', 'i']"
Serena-132_drinkto-1,,Serena,132_drinkto,upi.,upi.,u p i,,heggarty2005,302,,,,,268,u p i,"['u', 'p', 'i']"
Sullkatiti-132_drinkto-1,,Sullkatiti,132_drinkto,uma.,uma.,u m a,,heggarty2005,33,,,,,1171,u m a,"['u', 'm', 'a']"
Taquile-132_drinkto-1,,Taquile,132_drinkto,upya.,upya.,u p j a,,heggarty2005,30,,,,,1168,u p ( - ) j a,"['u', 'p', 'j', 'a']"
Tarma-132_drinkto-1,,Tarma,132_drinkto,upya,upya,u p j a,,adelaar1977,30,,,,,1168,u p ( - ) j a,"['u', 'p', 'j', 'a']"
Troje-132_drinkto-1,,Troje,132_drinkto,ubya.,ubya.,u b j a,,heggarty2005,30,,,,,1168,u b ( - ) j a,"['u', 'b', 'j', 'a']"
Wari-132_drinkto-1,,Wari,132_drinkto,upyay,upyay,u p j a,,parkerchavez1976,30,,,,,1168,u p ( - ) j a,"['u', 'p', 'j', 'a']"
Yanac-132_drinkto-1,,Yanac,132_drinkto,upya.,upya.,u p j a,,heggarty2005,30,,,,,1168,u p ( - ) j a,"['u', 'p', 'j', 'a']"
Anonimo-133_biteto-1,,Anonimo,133_biteto,canini,canini,k a n i + n i,,valera1586,374,,,,,311 0,k a n i + n i,"['k', 'a', 'n', 'i', '+', 'n', 'i']"
Apuri-133_biteto-1,,Apuri,133_biteto,kani-,kani-,k a n i,,shimelman2017,374,,,,,311,k a n i,"['k', 'a', 'n', 'i']"
Apurimac-133_biteto-1,,Apurimac,133_biteto,"kachu, kani",kachu,k a tʃ u,,camacho2007,204,,,,,214,k a tʃ u,"['k', 'a', 'tʃ', 'u']"
Apurimac-133_biteto-2,,Apurimac,133_biteto,"kachu, kani",kani,k a n i,,camacho2007,374,,,,,311,k a n i,"['k', 'a', 'n', 'i']"
Arma-133_biteto-1,,Arma,133_biteto,"kachu, kani",kachu,k a tʃ u,,galvez2003,204,,,,,214,k a tʃ u,"['k', 'a', 'tʃ', 'u']"
Arma-133_biteto-2,,Arma,133_biteto,"kachu, kani",kani,k a n i,,galvez2003,374,,,,,311,k a n i,"['k', 'a', 'n', 'i']"
Atalla-133_biteto-1,,Atalla,133_biteto,kača.,kača.,k a tʃ a,,heggarty2005,204,,,,,214,k a tʃ a,"['k', 'a', 'tʃ', 'a']"
Ayacucho-133_biteto-1,,Ayacucho,133_biteto,kani,kani,k a n i,,soto1976,374,,,,,311,k a n i,"['k', 'a', 'n', 'i']"
Bobonaza-133_biteto-1,,Bobonaza,133_biteto,canina,canina,k a n i + n a,,orrwrisley1981,374,,,,,311 0,k a n i + n a,"['k', 'a', 'n', 'i', '+', 'n', 'a']"
Cacra-Hongos-133_biteto-1,,Cacra-Hongos,133_biteto,kani-,kani-,k a n i,,shimelman2017,374,,,,,311,k a n i,"['k', 'a', 'n', 'i']"
Chachapoyas-133_biteto-1,,Chachapoyas,133_biteto,kani,kani,k a n i,,taylor2006,374,,,,,311,k a n i,"['k', 'a', 'n', 'i']"
Chacpar-133_biteto-1,,Chacpar,133_biteto,kani.,kani.,k a n i,,heggarty2005,374,,,,,311,k a n i,"['k', 'a', 'n', 'i']"
Chetilla-133_biteto-1,,Chetilla,133_biteto,kani.,kani.,k a n i,,heggarty2005,374,,,,,311,k a n i,"['k', 'a', 'n', 'i']"
Chipaya-133_biteto-1,,Chipaya,133_biteto,tr'at.z,tr'at.z,ʈʂʼ a t z,,heggarty2005,483,,,,,374,ʈʂʼ a t z,"['ʈʂʼ', 'a', 't', 'z']"
Curva-133_biteto-1,,Curva,133_biteto,kani.,kani.,k a n i,,heggarty2005,374,,,,,311,k a n i,"['k', 'a', 'n', 'i']"
Cuzco-133_biteto-1,,Cuzco,133_biteto,kani.,kani.,k a n i,,heggarty2005,374,,,,,311,k a n i,"['k', 'a', 'n', 'i']"
CuzquenoAntiguo-133_biteto-1,,CuzquenoAntiguo,133_biteto,canini,canini,k a n i + n i,,holguin1608,374,,,,,311 0,k a n i + n i,"['k', 'a', 'n', 'i', '+', 'n', 'i']"
Huallaga-133_biteto-1,,Huallaga,133_biteto,kañi.,kañi.,k a ɲ i,,heggarty2005,374,,,,,311,k a ɲ i,"['k', 'a', 'ɲ', 'i']"
Huanca-133_biteto-1,,Huanca,133_biteto,kaniy,kaniy,k a n i,,cerron2018,374,,,,,311,k a n i,"['k', 'a', 'n', 'i']"
Huancane-133_biteto-1,,Huancane,133_biteto,aču.qa.,aču.qa.,a tʃ u + q a,,heggarty2005,447,,,,,357 0,- a tʃ u + q a - - - -,"['a', 'tʃ', 'u', '+', 'q', 'a']"
Huangascar-133_biteto-1,,Huangascar,133_biteto,kani-,kani-,k a n i,,shimelman2017,374,,,,,311,k a n i,"['k', 'a', 'n', 'i']"
HuarazHuailas-133_biteto-1,,HuarazHuailas,133_biteto,kani,kani,k a n i,,parkerchavez1976,374,,,,,311,k a n i,"['k', 'a', 'n', 'i']"
Imbabura-133_biteto-1,,Imbabura,133_biteto,kanina,kanina,k a n i + n a,,gomez2009,374,,,,,311 0,k a n i + n a,"['k', 'a', 'n', 'i', '+', 'n', 'a']"
Inkawasi-133_biteto-1,,Inkawasi,133_biteto,kani.,kani.,k a n i,,heggarty2005,374,,,,,311,k a n i,"['k', 'a', 'n', 'i']"
Jaqaru-133_biteto-1,,Jaqaru,133_biteto,hawč'i.,hawč'i.,h au tʃʼ i,,heggarty2005,376,,,,,312,h au tʃʼ i,"['h', 'au', 'tʃʼ', 'i']"
Kawki-133_biteto-1,,Kawki,133_biteto,hawč'i.,hawč'i.,h au tʃʼ i,,heggarty2005,376,,,,,312,h au tʃʼ i,"['h', 'au', 'tʃʼ', 'i']"
Lamas-133_biteto-1,,Lamas,133_biteto,kani,kani,k a n i,,taylor2006,374,,,,,311,k a n i,"['k', 'a', 'n', 'i']"
Laraos-133_biteto-1,,Laraos,133_biteto,kaĉu.,kaĉu.,k a ʈʂ u,,heggarty2005,204,,,,,214,k a ʈʂ u,"['k', 'a', 'ʈʂ', 'u']"
Lincha-Tana-133_biteto-1,,Lincha-Tana,133_biteto,kani-,kani-,k a n i,,shimelman2017,374,,,,,311,k a n i,"['k', 'a', 'n', 'i']"
Maragua-133_biteto-1,,Maragua,133_biteto,kani.,kani.,k a n i,,heggarty2005,374,,,,,311,k a n i,"['k', 'a', 'n', 'i']"
Napo-133_biteto-1,,Napo,133_biteto,canina,canina,k a n i + n a,,orrwrisley1981,374,,,,,311 0,k a n i + n a,"['k', 'a', 'n', 'i', '+', 'n', 'a']"
Pacaraos-133_biteto-1,,Pacaraos,133_biteto,kani,kani,k a n i,,adelaar1982,374,,,,,311,k a n i,"['k', 'a', 'n', 'i']"
Pastaza-133_biteto-1,,Pastaza,133_biteto,canina,canina,k a n i + n a,,landerman1973,374,,,,,311 0,k a n i + n a,"['k', 'a', 'n', 'i', '+', 'n', 'a']"
Pocona-133_biteto-1,,Pocona,133_biteto,kani.,kani.,k a n i,,heggarty2005,374,,,,,311,k a n i,"['k', 'a', 'n', 'i']"
Puki-133_biteto-1,,Puki,133_biteto,turu.t'a.,turu.t'a.,t u r u + tʼ a,,heggarty2005,378,,,,,314 0,t u r u + - - - tʼ a -,"['t', 'u', 'r', 'u', '+', 'tʼ', 'a']"
Puno-133_biteto-1,,Puno,133_biteto,kani.,kani.,k a n i,,heggarty2005,374,,,,,311,k a n i,"['k', 'a', 'n', 'i']"
Putumayo-133_biteto-1,,Putumayo,133_biteto,cani,cani,k a n i,,tandioy1978,374,,,,,311,k a n i,"['k', 'a', 'n', 'i']"
Raimondi-133_biteto-1,,Raimondi,133_biteto,kani,kani,k a n i,,parkerchavez1976,374,,,,,311,k a n i,"['k', 'a', 'n', 'i']"
SanPedro-133_biteto-1,,SanPedro,133_biteto,kani-,kani-,k a n i,,shimelman2017,374,,,,,311,k a n i,"['k', 'a', 'n', 'i']"
Santiagueno-133_biteto-1,,Santiagueno,133_biteto,kaniy,kaniy,k a n iː,,juanatey2021,374,,,,,311,k a n iː,"['k', 'a', 'n', 'iː']"
SantoTomas-133_biteto-1,,SantoTomas,133_biteto,camini,camini,k a m i + n i,,santotomas1951,374,,,,,311 0,k a m i + n i,"['k', 'a', 'm', 'i', '+', 'n', 'i']"
Serena-133_biteto-1,,Serena,133_biteto,kani.,kani.,k a n i,,heggarty2005,374,,,,,311,k a n i,"['k', 'a', 'n', 'i']"
Sullkatiti-133_biteto-1,,Sullkatiti,133_biteto,p'ata.,p'ata.,pʼ a t a,,heggarty2005,484,,,,,375,pʼ a - t a,"['pʼ', 'a', 't', 'a']"
Taquile-133_biteto-1,,Taquile,133_biteto,kani.,kani.,k a n i,,heggarty2005,374,,,,,311,k a n i,"['k', 'a', 'n', 'i']"
Troje-133_biteto-1,,Troje,133_biteto,kani.,kani.,k a n i,,heggarty2005,374,,,,,311,k a n i,"['k', 'a', 'n', 'i']"
Yanac-133_biteto-1,,Yanac,133_biteto,kani.,kani.,k a n i,,heggarty2005,374,,,,,311,k a n i,"['k', 'a', 'n', 'i']"
Anonimo-134_suckto-1,,Anonimo,134_suckto,chomcani,chomcani,tʃ ɔ m k a + n i,,valera1586,216,,,,,220 0,tʃ ɔ m k a + n i,"['tʃ', 'ɔ', 'm', 'k', 'a', '+', 'n', 'i']"
Apuri-134_suckto-1,,Apuri,134_suckto,shuqu,shuqu,ʃ o q u,,shimelman2017,877,,,,,6339,ʃ o q u,"['ʃ', 'o', 'q', 'u']"
Apurimac-134_suckto-1,,Apurimac,134_suckto,chonqa,chonqa,tʃ o n q a,,camacho2007,216,,,,,220,tʃ o n q a,"['tʃ', 'o', 'n', 'q', 'a']"
Arma-134_suckto-1,,Arma,134_suckto,suqu,suqu,s u χ u,,galvez2003,877,,,,,6339,s u χ u,"['s', 'u', 'χ', 'u']"
Atalla-134_suckto-1,,Atalla,134_suckto,suχu.,suχu.,s u χ u,,heggarty2005,877,,,,,6339,s u χ u,"['s', 'u', 'χ', 'u']"
Ayacucho-134_suckto-1,,Ayacucho,134_suckto,soqo,soqo,s o χ o,,soto1976,877,,,,,6339,s o χ o,"['s', 'o', 'χ', 'o']"
Bobonaza-134_suckto-1,,Bobonaza,134_suckto,chupana,chupana,tʃ u p a + n a,,orrwrisley1981,768,,,,esp,536 0,tʃ u p a + n a,"['tʃ', 'u', 'p', 'a', '+', 'n', 'a']"
Cacra-Hongos-134_suckto-1,,Cacra-Hongos,134_suckto,shuqu,shuqu,ʃ o q u,,shimelman2017,877,,,,,6339,ʃ o q u,"['ʃ', 'o', 'q', 'u']"
Chachapoyas-134_suckto-1,,Chachapoyas,134_suckto,shuku,shuku,ç u k u,,taylor2006,877,,,,,6339,ç u k u,"['ç', 'u', 'k', 'u']"
Chacpar-134_suckto-1,,Chacpar,134_suckto,šuqu.,šuqu.,ʃ u q u,,heggarty2005,877,,,,,6339,ʃ u q u,"['ʃ', 'u', 'q', 'u']"
Curva-134_suckto-1,,Curva,134_suckto,č'u.nqa.,č'u.nqa.,tʃʼ u n q a,,heggarty2005,216,,,,,220,tʃʼ u n q a,"['tʃʼ', 'u', 'n', 'q', 'a']"
Cuzco-134_suckto-1,,Cuzco,134_suckto,č'u.nqa.,č'u.nqa.,tʃʼ u n q a,,heggarty2005,216,,,,,220,tʃʼ u n q a,"['tʃʼ', 'u', 'n', 'q', 'a']"
CuzquenoAntiguo-134_suckto-1,,CuzquenoAntiguo,134_suckto,chhumccani,chhumccani,tʃ u m χ a + n i,,holguin1608,216,,,,,220 0,tʃ u m χ a + n i,"['tʃ', 'u', 'm', 'χ', 'a', '+', 'n', 'i']"
Huallaga-134_suckto-1,,Huallaga,134_suckto,šuqu.,šuqu.,ʃ u q u,,heggarty2005,877,,,,,6339,ʃ u q u,"['ʃ', 'u', 'q', 'u']"
Huanca-134_suckto-1,,Huanca,134_suckto,ñuñuy,ñuñuy,ɲ u ɲ u,,cerron2018,862,,,,,609,ɲ u ɲ u,"['ɲ', 'u', 'ɲ', 'u']"
Huancane-134_suckto-1,,Huancane,134_suckto,č'u.mu.,č'u.mu.,tʃʼ u m u,,heggarty2005,878,,,,,6340,tʃʼ u m u,"['tʃʼ', 'u', 'm', 'u']"
Huangascar-134_suckto-1,,Huangascar,134_suckto,shuqu,shuqu,ʃ o q u,,shimelman2017,877,,,,,6339,ʃ o q u,"['ʃ', 'o', 'q', 'u']"
Wari-134_suckto-1,,Wari,134_suckto,shoquy,shoquy,ʃ o q u,,parkerchavez1976,877,,,,,6339,ʃ o q u,"['ʃ', 'o', 'q', 'u']"
Imbabura-134_suckto-1,,Imbabura,134_suckto,chupana,chupana,tʃ u p a + n a,,gomez2009,212,,,,esp,217 0,tʃ u p a + n a,"['tʃ', 'u', 'p', 'a', '+', 'n', 'a']"
Inkawasi-134_suckto-1,,Inkawasi,134_suckto,šuγu.,šuγu.,ʃ u ʁ u,,heggarty2005,877,,,,,6339,ʃ u ʁ u,"['ʃ', 'u', 'ʁ', 'u']"
Jaqaru-134_suckto-1,,Jaqaru,134_suckto,šuq'u.,šuq'u.,ʃ u qʼ u,,heggarty2005,304,,,,,270,ʃ u qʼ u,"['ʃ', 'u', 'qʼ', 'u']"
Kawki-134_suckto-1,,Kawki,134_suckto,šuq'u.,šuq'u.,ʃ u qʼ u,,heggarty2005,304,,,,,270,ʃ u qʼ u,"['ʃ', 'u', 'qʼ', 'u']"
Lamas-134_suckto-1,,Lamas,134_suckto,shuku,shuku,ç u k u,,taylor2006,877,,,,,6339,ç u k u,"['ç', 'u', 'k', 'u']"
Laraos-134_suckto-1,,Laraos,134_suckto,šuqu.,šuqu.,ʃ u q u,,heggarty2005,877,,,,,6339,ʃ u q u,"['ʃ', 'u', 'q', 'u']"
Lincha-Tana-134_suckto-1,,Lincha-Tana,134_suckto,shuqu,shuqu,ʃ o q u,,shimelman2017,877,,,,,6339,ʃ o q u,"['ʃ', 'o', 'q', 'u']"
Maragua-134_suckto-1,,Maragua,134_suckto,č'u.nqa.,č'u.nqa.,tʃʼ u n q a,,heggarty2005,216,,,,,220,tʃʼ u n q a,"['tʃʼ', 'u', 'n', 'q', 'a']"
Napo-134_suckto-1,,Napo,134_suckto,tsungana,tsungana,ts u n g a + n a,,orrwrisley1981,216,,,,,220 0,ts u n g a + n a,"['ts', 'u', 'n', 'g', 'a', '+', 'n', 'a']"
Pacaraos-134_suckto-1,,Pacaraos,134_suckto,shuqu,shuqu,ç o χ u,,adelaar1982,877,,,,,6339,ç o χ u,"['ç', 'o', 'χ', 'u']"
Pastaza-134_suckto-1,,Pastaza,134_suckto,chupana,chupana,tʃ u p a + n a,,landerman1973,769,,,,esp,537 0,tʃ u p a + n a,"['tʃ', 'u', 'p', 'a', '+', 'n', 'a']"
Pastaza-134_suckto-2,,Pastaza,134_suckto,tsungana,tsungana,ts u n g a + n a,,landerman1973,216,,,,,220 0,ts u n g a + n a,"['ts', 'u', 'n', 'g', 'a', '+', 'n', 'a']"
Pastaza-134_suckto-3,,Pastaza,134_suckto,chuchuna,chuchuna,tʃ u tʃ u + n a,,landerman1973,861,,,,,607 0,tʃ u tʃ u + n a,"['tʃ', 'u', 'tʃ', 'u', '+', 'n', 'a']"
Pocona-134_suckto-1,,Pocona,134_suckto,č'u.nγa.,č'u.nγa.,tʃʼ u n ʁ a,,heggarty2005,216,,,,,220,tʃʼ u n ʁ a,"['tʃʼ', 'u', 'n', 'ʁ', 'a']"
Puki-134_suckto-1,,Puki,134_suckto,č'u.ma.,č'u.ma.,tʃʼ u m a,,heggarty2005,878,,,,,6340,tʃʼ u m a,"['tʃʼ', 'u', 'm', 'a']"
Puno-134_suckto-1,,Puno,134_suckto,č'u.nqa.,č'u.nqa.,tʃʼ u n q a,,heggarty2005,216,,,,,220,tʃʼ u n q a,"['tʃʼ', 'u', 'n', 'q', 'a']"
Putumayo-134_suckto-1,,Putumayo,134_suckto,chuchuri,chuchuri,tʃ u tʃ u + r i,,tandioy1978,861,,,,,607 0,tʃ u tʃ u + r i,"['tʃ', 'u', 'tʃ', 'u', '+', 'r', 'i']"
Raimondi-134_suckto-1,,Raimondi,134_suckto,shoquy,shoquy,ʃ o q u,,parkerchavez1976,877,,,,,6339,ʃ o q u,"['ʃ', 'o', 'q', 'u']"
SanPedro-134_suckto-1,,SanPedro,134_suckto,shuqu,shuqu,ʃ o q u,,shimelman2017,877,,,,,6339,ʃ o q u,"['ʃ', 'o', 'q', 'u']"
Santiagueno-134_suckto-1,,Santiagueno,134_suckto,"chonqay, ñuñuy",chonqay,tʃ o ŋ q a,,juanatey2021,216,,,,,220,tʃ o ŋ q a,"['tʃ', 'o', 'ŋ', 'q', 'a']"
Santiagueno-134_suckto-2,,Santiagueno,134_suckto,"chonqay, ñuñuy",ñuñuy,ɲ u ɲ u,,juanatey2021,862,,,,,609,ɲ u ɲ u,"['ɲ', 'u', 'ɲ', 'u']"
SantoTomas-134_suckto-1,,SantoTomas,134_suckto,"ch’unqa, ch’umqa, suq’uni",ch’unqa,tʃʼ u n q a,,santotomas1951,216,,,,,220,tʃʼ u n q a,"['tʃʼ', 'u', 'n', 'q', 'a']"
SantoTomas-134_suckto-2,,SantoTomas,134_suckto,"ch’unqa, ch’umqa, suq’uni",ch’umqa,tʃʼ u m q a,,santotomas1951,216,,,,,220,tʃʼ u m q a,"['tʃʼ', 'u', 'm', 'q', 'a']"
SantoTomas-134_suckto-3,,SantoTomas,134_suckto,"ch’unqa, ch’umqa, suq’uni",suq’uni,s u qʼ u + n i,,santotomas1951,877,,,,,6339 0,s u qʼ u + n i,"['s', 'u', 'qʼ', 'u', '+', 'n', 'i']"
Serena-134_suckto-1,,Serena,134_suckto,tsu.nga.,tsu.nga.,ts u n g a,,heggarty2005,216,,,,,220,ts u n g a,"['ts', 'u', 'n', 'g', 'a']"
Sullkatiti-134_suckto-1,,Sullkatiti,134_suckto,č'a.mu.,č'a.mu.,tʃʼ a m u,,heggarty2005,878,,,,,6340,tʃʼ a m u,"['tʃʼ', 'a', 'm', 'u']"
Taquile-134_suckto-1,,Taquile,134_suckto,č'u.nqa.,č'u.nqa.,tʃʼ u n q a,,heggarty2005,216,,,,,220,tʃʼ u n q a,"['tʃʼ', 'u', 'n', 'q', 'a']"
Tarma-134_suckto-1,,Tarma,134_suckto,šuxu,šuxu,ç o χ u,,adelaar1977,877,,,,,6339,ç o χ u,"['ç', 'o', 'χ', 'u']"
Troje-134_suckto-1,,Troje,134_suckto,ču.ču.,ču.ču.,tʃ u tʃ u,,heggarty2005,861,,,,,607,tʃ u tʃ u,"['tʃ', 'u', 'tʃ', 'u']"
HuarazHuailas-134_suckto-1,,HuarazHuailas,134_suckto,shoquy,shoquy,ʃ o q u,,parkerchavez1976,877,,,,,6339,ʃ o q u,"['ʃ', 'o', 'q', 'u']"
Yanac-134_suckto-1,,Yanac,134_suckto,šuqu.,šuqu.,ʃ u q u,,heggarty2005,877,,,,,6339,ʃ u q u,"['ʃ', 'u', 'q', 'u']"
Anonimo-135_lickto-1,,Anonimo,135_lickto,llachuani,llachuani,ʎ a tʃ w a + n i,,valera1586,449,,,,,3584 0,ʎ a tʃ w a + n i,"['ʎ', 'a', 'tʃ', 'w', 'a', '+', 'n', 'i']"
Apuri-135_lickto-1,,Apuri,135_lickto,llaqwa-,llaqwa-,ʎ a q w a,,shimelman2017,449,,,,,3584,ʎ a q w a,"['ʎ', 'a', 'q', 'w', 'a']"
Apurimac-135_lickto-1,,Apurimac,135_lickto,"llaqwa, lawqa",llaqwa,ʎ a q w a,,camacho2007,449,,,,,3584,ʎ a q w a,"['ʎ', 'a', 'q', 'w', 'a']"
Apurimac-135_lickto-2,,Apurimac,135_lickto,"llaqwa, lawqa",lawqa,l au q a,,camacho2007,1029,,,,,94,l au q a,"['l', 'au', 'q', 'a']"
Arma-135_lickto-1,,Arma,135_lickto,llaqwa,llaqwa,ʎ a χ w a,,galvez2003,449,,,,,3584,ʎ a χ w a,"['ʎ', 'a', 'χ', 'w', 'a']"
Atalla-135_lickto-1,,Atalla,135_lickto,λaχwa.,λaχwa.,ʎ a χ w a,,heggarty2005,449,,,,,3584,ʎ a χ w a,"['ʎ', 'a', 'χ', 'w', 'a']"
Ayacucho-135_lickto-1,,Ayacucho,135_lickto,llaqwa,llaqwa,ʎ a χ w a,,soto1976,449,,,,,3584,ʎ a χ w a,"['ʎ', 'a', 'χ', 'w', 'a']"
Bobonaza-135_lickto-1,,Bobonaza,135_lickto,llaucana,llaucana,ʎ au k a + n a,,orrwrisley1981,1029,,,,,94 0,ʎ au k a + n a,"['ʎ', 'au', 'k', 'a', '+', 'n', 'a']"
Cacra-Hongos-135_lickto-1,,Cacra-Hongos,135_lickto,llaqwa-,llaqwa-,ʎ a q w a,,shimelman2017,449,,,,,3584,ʎ a q w a,"['ʎ', 'a', 'q', 'w', 'a']"
Chachapoyas-135_lickto-1,,Chachapoyas,135_lickto,llakwa,llakwa,dʑ a k w a,,taylor2006,449,,,,,3584,dʑ a k w a,"['dʑ', 'a', 'k', 'w', 'a']"
Chacpar-135_lickto-1,,Chacpar,135_lickto,λaqwa.,λaqwa.,ʎ a q w a,,heggarty2005,449,,,,,3584,ʎ a q w a,"['ʎ', 'a', 'q', 'w', 'a']"
Chetilla-135_lickto-1,,Chetilla,135_lickto,dyaqwa.,dyaqwa.,ʎ a q w a,,heggarty2005,449,,,,,3584,ʎ a q w a,"['ʎ', 'a', 'q', 'w', 'a']"
Chipaya-135_lickto-1,,Chipaya,135_lickto,is.z; isis.z,is.z,i s z,,heggarty2005,450,,,,,3585,i s z,"['i', 's', 'z']"
Chipaya-135_lickto-2,,Chipaya,135_lickto,is.z; isis.z,isis.z,i s i s z,,heggarty2005,450,,,,,3585,i s i s z,"['i', 's', 'i', 's', 'z']"
Curva-135_lickto-1,,Curva,135_lickto,λaqwa.,λaqwa.,ʎ a q w a,,heggarty2005,449,,,,,3584,ʎ a q w a,"['ʎ', 'a', 'q', 'w', 'a']"
Cuzco-135_lickto-1,,Cuzco,135_lickto,λaχwa.,λaχwa.,ʎ a χ w a,,heggarty2005,449,,,,,3584,ʎ a χ w a,"['ʎ', 'a', 'χ', 'w', 'a']"
CuzquenoAntiguo-135_lickto-1,,CuzquenoAntiguo,135_lickto,llakhuani,llakhuani,ʎ a k w a + n i,,holguin1608,449,,,,,3584 0,ʎ a k w a + n i,"['ʎ', 'a', 'k', 'w', 'a', '+', 'n', 'i']"
Huallaga-135_lickto-1,,Huallaga,135_lickto,λaqwa.,λaqwa.,ʎ a q w a,,heggarty2005,449,,,,,3584,ʎ a q w a,"['ʎ', 'a', 'q', 'w', 'a']"
Huanca-135_lickto-1,,Huanca,135_lickto,llaqway,llaqway,ʎ a ʔ w a,,cerron1976,449,,,,,3584,ʎ a ʔ w a,"['ʎ', 'a', 'ʔ', 'w', 'a']"
Huancane-135_lickto-1,,Huancane,135_lickto,haλq'a.,haλq'a.,h a ʎ qʼ a,,heggarty2005,451,,,,,3587,h a ʎ qʼ a,"['h', 'a', 'ʎ', 'qʼ', 'a']"
Huangascar-135_lickto-1,,Huangascar,135_lickto,llaqwa-,llaqwa-,ʎ a q w a,,shimelman2017,449,,,,,3584,ʎ a q w a,"['ʎ', 'a', 'q', 'w', 'a']"
HuarazHuailas-135_lickto-1,,HuarazHuailas,135_lickto,laqway,laqway,l a q w a,,parkerchavez1976,449,,,,,3584,l a q w a,"['l', 'a', 'q', 'w', 'a']"
Imbabura-135_lickto-1,,Imbabura,135_lickto,lambina,lambina,l a m b i + n a,,gomez2009,675,,,,esp,487 0,l a m b i + n a,"['l', 'a', 'm', 'b', 'i', '+', 'n', 'a']"
Inkawasi-135_lickto-1,,Inkawasi,135_lickto,žaχwa.,žaχwa.,ʒ a χ w a,,heggarty2005,449,,,,,3584,ʒ a χ w a,"['ʒ', 'a', 'χ', 'w', 'a']"
Jaqaru-135_lickto-1,,Jaqaru,135_lickto,haλpi.,haλpi.,h a ʎ p i,,heggarty2005,451,,,,,3587,h a ʎ p i,"['h', 'a', 'ʎ', 'p', 'i']"
Kawki-135_lickto-1,,Kawki,135_lickto,haλpa.,haλpa.,h a ʎ p a,,heggarty2005,451,,,,,3587,h a ʎ p a,"['h', 'a', 'ʎ', 'p', 'a']"
Lamas-135_lickto-1,,Lamas,135_lickto,llakwa,llakwa,dʑ a k w a,,taylor2006,449,,,,,3584,dʑ a k w a,"['dʑ', 'a', 'k', 'w', 'a']"
Laraos-135_lickto-1,,Laraos,135_lickto,λaqwa.,λaqwa.,ʎ a q w a,,heggarty2005,449,,,,,3584,ʎ a q w a,"['ʎ', 'a', 'q', 'w', 'a']"
Lincha-Tana-135_lickto-1,,Lincha-Tana,135_lickto,llaqwa-,llaqwa-,ʎ a q w a,,shimelman2017,449,,,,,3584,ʎ a q w a,"['ʎ', 'a', 'q', 'w', 'a']"
Maragua-135_lickto-1,,Maragua,135_lickto,λaqwa.,λaqwa.,ʎ a q w a,,heggarty2005,449,,,,,3584,ʎ a q w a,"['ʎ', 'a', 'q', 'w', 'a']"
Napo-135_lickto-1,,Napo,135_lickto,llaucana,llaucana,ʎ au k a + n a,,orrwrisley1981,1029,,,,,94 0,ʎ au k a + n a,"['ʎ', 'au', 'k', 'a', '+', 'n', 'a']"
Pacaraos-135_lickto-1,,Pacaraos,135_lickto,laqwa,laqwa,l a ʁ w a,,adelaar1982,449,,,,,3584,l a ʁ w a,"['l', 'a', 'ʁ', 'w', 'a']"
Pastaza-135_lickto-1,,Pastaza,135_lickto,lawcana,lawcana,l au k a + n a,,landerman1973,1029,,,,,94 0,l au k a + n a,"['l', 'au', 'k', 'a', '+', 'n', 'a']"
Pocona-135_lickto-1,,Pocona,135_lickto,λaqwa.,λaqwa.,ʎ a q w a,,heggarty2005,449,,,,,3584,ʎ a q w a,"['ʎ', 'a', 'q', 'w', 'a']"
Puki-135_lickto-1,,Puki,135_lickto,haλq'a.,haλq'a.,h a ʎ qʼ a,,heggarty2005,451,,,,,3587,h a ʎ qʼ a,"['h', 'a', 'ʎ', 'qʼ', 'a']"
Puno-135_lickto-1,,Puno,135_lickto,λaχwa.,λaχwa.,ʎ a χ w a,,heggarty2005,449,,,,,3584,ʎ a χ w a,"['ʎ', 'a', 'χ', 'w', 'a']"
Putumayo-135_lickto-1,,Putumayo,135_lickto,llacuay,llacuay,ʎ a k w a,,tandioy1978,449,,,,,3584,ʎ a k w a,"['ʎ', 'a', 'k', 'w', 'a']"
Raimondi-135_lickto-1,,Raimondi,135_lickto,laqway,laqway,l a q w a,,parkerchavez1976,449,,,,,3584,l a q w a,"['l', 'a', 'q', 'w', 'a']"
SanPedro-135_lickto-1,,SanPedro,135_lickto,llaqwa-,llaqwa-,ʎ a q w a,,shimelman2017,449,,,,,3584,ʎ a q w a,"['ʎ', 'a', 'q', 'w', 'a']"
Santiagueno-135_lickto-1,,Santiagueno,135_lickto,llaqway,llaqway,ʒ a χ w a,,juanatey2021,449,,,,,3584,ʒ a χ w a,"['ʒ', 'a', 'χ', 'w', 'a']"
SantoTomas-135_lickto-1,,SantoTomas,135_lickto,llacuani,llacuani,ʎ a k w a + n i,,santotomas1951,449,,,,,3584 0,ʎ a k w a + n i,"['ʎ', 'a', 'k', 'w', 'a', '+', 'n', 'i']"
Serena-135_lickto-1,,Serena,135_lickto,λawka.,λawka.,ʎ au k a,,heggarty2005,1029,,,,,94,ʎ au k a,"['ʎ', 'au', 'k', 'a']"
Sullkatiti-135_lickto-1,,Sullkatiti,135_lickto,haλq'a.,haλq'a.,h a ʎ qʼ a,,heggarty2005,451,,,,,3587,h a ʎ qʼ a,"['h', 'a', 'ʎ', 'qʼ', 'a']"
Taquile-135_lickto-1,,Taquile,135_lickto,λaχwa.,λaχwa.,ʎ a χ w a,,heggarty2005,449,,,,,3584,ʎ a χ w a,"['ʎ', 'a', 'χ', 'w', 'a']"
Tarma-135_lickto-1,,Tarma,135_lickto,laxwa,laxwa,l a χ w a,,adelaar1977,449,,,,,3584,l a χ w a,"['l', 'a', 'χ', 'w', 'a']"
Troje-135_lickto-1,,Troje,135_lickto,llahuana,llahuana,ʎ a w a + n a,,stark1977,1031,,,,,95 0,ʎ a - w a + n a,"['ʎ', 'a', 'w', 'a', '+', 'n', 'a']"
Wari-135_lickto-1,,Wari,135_lickto,laqway,laqway,l a q w a,,parkerchavez1976,449,,,,,3584,l a q w a,"['l', 'a', 'q', 'w', 'a']"
Yanac-135_lickto-1,,Yanac,135_lickto,laqwa.,laqwa.,l a q w a,,heggarty2005,449,,,,,3584,l a q w a,"['l', 'a', 'q', 'w', 'a']"
Anonimo-136_spitto-1,,Anonimo,136_spitto,tocani,tocani,t ɔ k a + n i,,valera1586,865,,,,,6107 0,t ɔ k a + n i,"['t', 'ɔ', 'k', 'a', '+', 'n', 'i']"
Apuri-136_spitto-1,,Apuri,136_spitto,tuqa-,tuqa-,t o q a,,shimelman2017,865,,,,,6107,t o q a,"['t', 'o', 'q', 'a']"
Arma-136_spitto-1,,Arma,136_spitto,tuqa,tuqa,t u χ a,,galvez2003,865,,,,,6107,t u χ a,"['t', 'u', 'χ', 'a']"
Atalla-136_spitto-1,,Atalla,136_spitto,tuχa.,tuχa.,t u χ a,,heggarty2005,865,,,,,6107,t u χ a,"['t', 'u', 'χ', 'a']"
Ayacucho-136_spitto-1,,Ayacucho,136_spitto,toqa,toqa,t o χ a,,soto1976,865,,,,,6107,t o χ a,"['t', 'o', 'χ', 'a']"
Bobonaza-136_spitto-1,,Bobonaza,136_spitto,tiucana,tiucana,t i j u k a + n a,,orrwrisley1981,448,,,,,358 0,t i j u k a + n a,"['t', 'i', 'j', 'u', 'k', 'a', '+', 'n', 'a']"
Cacra-Hongos-136_spitto-1,,Cacra-Hongos,136_spitto,tuqa-,tuqa-,t o q a,,shimelman2017,865,,,,,6107,t o q a,"['t', 'o', 'q', 'a']"
Chachapoyas-136_spitto-1,,Chachapoyas,136_spitto,tuka,tuka,t u k a,,taylor2006,865,,,,,6107,t u k a,"['t', 'u', 'k', 'a']"
Chacpar-136_spitto-1,,Chacpar,136_spitto,tuqa.,tuqa.,t u q a,,heggarty2005,865,,,,,6107,t u q a,"['t', 'u', 'q', 'a']"
Chetilla-136_spitto-1,,Chetilla,136_spitto,tuγa.,tuγa.,t u ʁ a,,heggarty2005,865,,,,,6107,t u ʁ a,"['t', 'u', 'ʁ', 'a']"
Chipaya-136_spitto-1,,Chipaya,136_spitto,thujt.z,thujt.z,tʰ ui t z,Parece préstamo.,heggarty2005,307,,,,,272,tʰ ui t z,"['tʰ', 'ui', 't', 'z']"
Curva-136_spitto-1,,Curva,136_spitto,thuqa.,thuqa.,tʰ u q a,,heggarty2005,865,,,,,6107,tʰ u q a,"['tʰ', 'u', 'q', 'a']"
Cuzco-136_spitto-1,,Cuzco,136_spitto,thuqa.,thuqa.,tʰ u q a,,heggarty2005,865,,,,,6107,tʰ u q a,"['tʰ', 'u', 'q', 'a']"
CuzquenoAntiguo-136_spitto-1,,CuzquenoAntiguo,136_spitto,ttoccani,ttoccani,t u χ a + n i,,holguin1608,865,,,,,6107 0,t u χ a + n i,"['t', 'u', 'χ', 'a', '+', 'n', 'i']"
Huallaga-136_spitto-1,,Huallaga,136_spitto,tuqa.,tuqa.,t u q a,,heggarty2005,865,,,,,6107,t u q a,"['t', 'u', 'q', 'a']"
Huanca-136_spitto-1,,Huanca,136_spitto,tuqay,tuqay,t u ʔ a,,cerron1976,865,,,,,6107,t u ʔ a,"['t', 'u', 'ʔ', 'a']"
Huancane-136_spitto-1,,Huancane,136_spitto,thusa.,thusa.,tʰ u s a,,heggarty2005,305,,,,,271,tʰ u s a,"['tʰ', 'u', 's', 'a']"
Huangascar-136_spitto-1,,Huangascar,136_spitto,tuqa-,tuqa-,t o q a,,shimelman2017,865,,,,,6107,t o q a,"['t', 'o', 'q', 'a']"
HuarazHuailas-136_spitto-1,,HuarazHuailas,136_spitto,toqay,toqay,t o q a,,parkerchavez1976,865,,,,,6107,t o q a,"['t', 'o', 'q', 'a']"
Imbabura-136_spitto-1,,Imbabura,136_spitto,tukana,tukana,t u k a + n a,,gomez2009,865,,,,,6107 0,t u k a + n a,"['t', 'u', 'k', 'a', '+', 'n', 'a']"
Inkawasi-136_spitto-1,,Inkawasi,136_spitto,tuγa.,tuγa.,t u ʁ a,,heggarty2005,865,,,,,6107,t u ʁ a,"['t', 'u', 'ʁ', 'a']"
Jaqaru-136_spitto-1,,Jaqaru,136_spitto,thusu.,thusu.,tʰ u s u,,heggarty2005,305,,,,,271,tʰ u s u,"['tʰ', 'u', 's', 'u']"
Kawki-136_spitto-1,,Kawki,136_spitto,čusa.,čusa.,tʃ u s a,,heggarty2005,305,,,,,271,tʃ u s a,"['tʃ', 'u', 's', 'a']"
Lamas-136_spitto-1,,Lamas,136_spitto,tuka,tuka,t u k a,,taylor2006,865,,,,,6107,t u k a,"['t', 'u', 'k', 'a']"
Laraos-136_spitto-1,,Laraos,136_spitto,tuqa.,tuqa.,t u q a,,heggarty2005,865,,,,,6107,t u q a,"['t', 'u', 'q', 'a']"
Lincha-Tana-136_spitto-1,,Lincha-Tana,136_spitto,tuqa-,tuqa-,t o q a,,shimelman2017,865,,,,,6107,t o q a,"['t', 'o', 'q', 'a']"
Maragua-136_spitto-1,,Maragua,136_spitto,thuqa.,thuqa.,tʰ u q a,,heggarty2005,865,,,,,6107,tʰ u q a,"['tʰ', 'u', 'q', 'a']"
Napo-136_spitto-1,,Napo,136_spitto,tiucana,tiucana,t i j u k a + n a,,orrwrisley1981,448,,,,,358 0,t i j u k a + n a,"['t', 'i', 'j', 'u', 'k', 'a', '+', 'n', 'a']"
Pacaraos-136_spitto-1,,Pacaraos,136_spitto,tuqa,tuqa,t o χ a,,adelaar1982,865,,,,,6107,t o χ a,"['t', 'o', 'χ', 'a']"
Pastaza-136_spitto-1,,Pastaza,136_spitto,tyucana,tyucana,t i j u k a + n a,,landerman1973,448,,,,,358 0,t i j u k a + n a,"['t', 'i', 'j', 'u', 'k', 'a', '+', 'n', 'a']"
Pocona-136_spitto-1,,Pocona,136_spitto,thuγa.,thuγa.,tʰ u ʁ a,,heggarty2005,865,,,,,6107,tʰ u ʁ a,"['tʰ', 'u', 'ʁ', 'a']"
Puki-136_spitto-1,,Puki,136_spitto,thusa.,thusa.,tʰ u s a,,heggarty2005,305,,,,,271,tʰ u s a,"['tʰ', 'u', 's', 'a']"
Puno-136_spitto-1,,Puno,136_spitto,thuqa.,thuqa.,tʰ u q a,,heggarty2005,865,,,,,6107,tʰ u q a,"['tʰ', 'u', 'q', 'a']"
Putumayo-136_spitto-1,,Putumayo,136_spitto,tuca,tuca,t u k a,,tandioy1978,865,,,,,6107,t u k a,"['t', 'u', 'k', 'a']"
Raimondi-136_spitto-1,,Raimondi,136_spitto,toqay,toqay,t o q a,,parkerchavez1976,865,,,,,6107,t o q a,"['t', 'o', 'q', 'a']"
SanPedro-136_spitto-1,,SanPedro,136_spitto,tuqa-,tuqa-,t o q a,,shimelman2017,865,,,,,6107,t o q a,"['t', 'o', 'q', 'a']"
Santiagueno-136_spitto-1,,Santiagueno,136_spitto,toqay,toqay,t o χ a,,juanatey2021,865,,,,,6107,t o χ a,"['t', 'o', 'χ', 'a']"
SantoTomas-136_spitto-1,,SantoTomas,136_spitto,tucani,tucani,t u k a + n i,,santotomas1951,865,,,,,6107 0,t u k a + n i,"['t', 'u', 'k', 'a', '+', 'n', 'i']"
Serena-136_spitto-1,,Serena,136_spitto,tyuka.,tyuka.,t i j u k a,,heggarty2005,448,,,,,358,t i j u k a,"['t', 'i', 'j', 'u', 'k', 'a']"
Sullkatiti-136_spitto-1,,Sullkatiti,136_spitto,thusa.,thusa.,tʰ u s a,,heggarty2005,305,,,,,271,tʰ u s a,"['tʰ', 'u', 's', 'a']"
Taquile-136_spitto-1,,Taquile,136_spitto,thuqa.,thuqa.,tʰ u q a,,heggarty2005,865,,,,,6107,tʰ u q a,"['tʰ', 'u', 'q', 'a']"
Tarma-136_spitto-1,,Tarma,136_spitto,tuxa,tuxa,t o χ a,,adelaar1977,865,,,,,6107,t o χ a,"['t', 'o', 'χ', 'a']"
Troje-136_spitto-1,,Troje,136_spitto,čuka.,čuka.,tʃ u k a,,heggarty2005,865,,,,,6107,tʃ u k a,"['tʃ', 'u', 'k', 'a']"
Wari-136_spitto-1,,Wari,136_spitto,toqay,toqay,t o q a,,parkerchavez1976,865,,,,,6107,t o q a,"['t', 'o', 'q', 'a']"
Yanac-136_spitto-1,,Yanac,136_spitto,tuqa.,tuqa.,t u q a,,heggarty2005,865,,,,,6107,t u q a,"['t', 'u', 'q', 'a']"
Anonimo-137_sleepto-1,,Anonimo,137_sleepto,puñuni,puñuni,p u ɲ u + n i,,valera1586,846,,,,,5866 0,p u ɲ u + n i,"['p', 'u', 'ɲ', 'u', '+', 'n', 'i']"
Apuri-137_sleepto-1,,Apuri,137_sleepto,puñu-,puñu-,p u ɲ u,,shimelman2017,846,,,,,5866,p u ɲ u,"['p', 'u', 'ɲ', 'u']"
Apurimac-137_sleepto-1,,Apurimac,137_sleepto,puñu,puñu,p u ɲ u,,camacho2007,846,,,,,5866,p u ɲ u,"['p', 'u', 'ɲ', 'u']"
Arma-137_sleepto-1,,Arma,137_sleepto,puñu,puñu,p u ɲ u,,galvez2003,846,,,,,5866,p u ɲ u,"['p', 'u', 'ɲ', 'u']"
Atalla-137_sleepto-1,,Atalla,137_sleepto,puñu.,puñu.,p u ɲ u,,heggarty2005,846,,,,,5866,p u ɲ u,"['p', 'u', 'ɲ', 'u']"
Ayacucho-137_sleepto-1,,Ayacucho,137_sleepto,puñu,puñu,p u ɲ u,,soto1976,846,,,,,5866,p u ɲ u,"['p', 'u', 'ɲ', 'u']"
Bobonaza-137_sleepto-1,,Bobonaza,137_sleepto,puñuna,puñuna,p u ɲ u + n a,,orrwrisley1981,846,,,,,5866 0,p u ɲ u + n a,"['p', 'u', 'ɲ', 'u', '+', 'n', 'a']"
Cacra-Hongos-137_sleepto-1,,Cacra-Hongos,137_sleepto,puñu-,puñu-,p u ɲ u,,shimelman2017,846,,,,,5866,p u ɲ u,"['p', 'u', 'ɲ', 'u']"
Chachapoyas-137_sleepto-1,,Chachapoyas,137_sleepto,puñu,puñu,p u ɲ u,,taylor2006,846,,,,,5866,p u ɲ u,"['p', 'u', 'ɲ', 'u']"
Chacpar-137_sleepto-1,,Chacpar,137_sleepto,punu.,punu.,p u n u,,heggarty2005,846,,,,,5866,p u n u,"['p', 'u', 'n', 'u']"
Chetilla-137_sleepto-1,,Chetilla,137_sleepto,puñu.,puñu.,p u ɲ u,,heggarty2005,846,,,,,5866,p u ɲ u,"['p', 'u', 'ɲ', 'u']"
Chipaya-137_sleepto-1,,Chipaya,137_sleepto,thaj.z,thaj.z,tʰ ai z,,heggarty2005,182,,,,,200,tʰ ai z,"['tʰ', 'ai', 'z']"
Curva-137_sleepto-1,,Curva,137_sleepto,puñu.,puñu.,p u ɲ u,,heggarty2005,846,,,,,5866,p u ɲ u,"['p', 'u', 'ɲ', 'u']"
Cuzco-137_sleepto-1,,Cuzco,137_sleepto,puñu.,puñu.,p u ɲ u,,heggarty2005,846,,,,,5866,p u ɲ u,"['p', 'u', 'ɲ', 'u']"
CuzquenoAntiguo-137_sleepto-1,,CuzquenoAntiguo,137_sleepto,puñuni,puñuni,p u ɲ u + n i,,holguin1608,846,,,,,5866 0,p u ɲ u + n i,"['p', 'u', 'ɲ', 'u', '+', 'n', 'i']"
Huallaga-137_sleepto-1,,Huallaga,137_sleepto,puñu.,puñu.,p u ɲ u,,heggarty2005,846,,,,,5866,p u ɲ u,"['p', 'u', 'ɲ', 'u']"
Huanca-137_sleepto-1,,Huanca,137_sleepto,puñuy,puñuy,p u ɲ u,,cerron2018,846,,,,,5866,p u ɲ u,"['p', 'u', 'ɲ', 'u']"
Huancane-137_sleepto-1,,Huancane,137_sleepto,iki.,iki.,i k i,,heggarty2005,847,,,,,5869,i k i,"['i', 'k', 'i']"
Huangascar-137_sleepto-1,,Huangascar,137_sleepto,puñu-,puñu-,p u ɲ u,,shimelman2017,846,,,,,5866,p u ɲ u,"['p', 'u', 'ɲ', 'u']"
HuarazHuailas-137_sleepto-1,,HuarazHuailas,137_sleepto,punuy,punuy,p u ɲ u,,parkerchavez1976,846,,,,,5866,p u ɲ u,"['p', 'u', 'ɲ', 'u']"
Imbabura-137_sleepto-1,,Imbabura,137_sleepto,puñuna,puñuna,p u ɲ u + n a,,gomez2009,846,,,,,5866 0,p u ɲ u + n a,"['p', 'u', 'ɲ', 'u', '+', 'n', 'a']"
Inkawasi-137_sleepto-1,,Inkawasi,137_sleepto,punu.,punu.,p u n u,,heggarty2005,846,,,,,5866,p u n u,"['p', 'u', 'n', 'u']"
Jaqaru-137_sleepto-1,,Jaqaru,137_sleepto,iki.,iki.,i k i,,heggarty2005,847,,,,,5869,i k i,"['i', 'k', 'i']"
Kawki-137_sleepto-1,,Kawki,137_sleepto,iki.,iki.,i k i,,heggarty2005,847,,,,,5869,i k i,"['i', 'k', 'i']"
Lamas-137_sleepto-1,,Lamas,137_sleepto,puñu,puñu,p u ɲ u,,taylor2006,846,,,,,5866,p u ɲ u,"['p', 'u', 'ɲ', 'u']"
Laraos-137_sleepto-1,,Laraos,137_sleepto,puñu.,puñu.,p u ɲ u,,heggarty2005,846,,,,,5866,p u ɲ u,"['p', 'u', 'ɲ', 'u']"
Lincha-Tana-137_sleepto-1,,Lincha-Tana,137_sleepto,puñu-,puñu-,p u ɲ u,,shimelman2017,846,,,,,5866,p u ɲ u,"['p', 'u', 'ɲ', 'u']"
Maragua-137_sleepto-1,,Maragua,137_sleepto,puñu.,puñu.,p u ɲ u,,heggarty2005,846,,,,,5866,p u ɲ u,"['p', 'u', 'ɲ', 'u']"
Napo-137_sleepto-1,,Napo,137_sleepto,puñuna,puñuna,p u ɲ u + n a,,orrwrisley1981,846,,,,,5866 0,p u ɲ u + n a,"['p', 'u', 'ɲ', 'u', '+', 'n', 'a']"
Pacaraos-137_sleepto-1,,Pacaraos,137_sleepto,puñu,puñu,p u ɲ u,,adelaar1982,846,,,,,5866,p u ɲ u,"['p', 'u', 'ɲ', 'u']"
Pastaza-137_sleepto-1,,Pastaza,137_sleepto,puñuna,puñuna,p u ɲ u + n a,,landerman1973,846,,,,,5866 0,p u ɲ u + n a,"['p', 'u', 'ɲ', 'u', '+', 'n', 'a']"
Pocona-137_sleepto-1,,Pocona,137_sleepto,puñu.,puñu.,p u ɲ u,,heggarty2005,846,,,,,5866,p u ɲ u,"['p', 'u', 'ɲ', 'u']"
Puki-137_sleepto-1,,Puki,137_sleepto,iki.,iki.,i k i,,heggarty2005,847,,,,,5869,i k i,"['i', 'k', 'i']"
Puno-137_sleepto-1,,Puno,137_sleepto,puñu.,puñu.,p u ɲ u,,heggarty2005,846,,,,,5866,p u ɲ u,"['p', 'u', 'ɲ', 'u']"
Putumayo-137_sleepto-1,,Putumayo,137_sleepto,puñu,puñu,p u ɲ u,,tandioy1978,846,,,,,5866,p u ɲ u,"['p', 'u', 'ɲ', 'u']"
Raimondi-137_sleepto-1,,Raimondi,137_sleepto,punuy,punuy,p u ɲ u,,parkerchavez1976,846,,,,,5866,p u ɲ u,"['p', 'u', 'ɲ', 'u']"
SanPedro-137_sleepto-1,,SanPedro,137_sleepto,puñu-,puñu-,p u ɲ u,,shimelman2017,846,,,,,5866,p u ɲ u,"['p', 'u', 'ɲ', 'u']"
Santiagueno-137_sleepto-1,,Santiagueno,137_sleepto,puñuy,puñuy,p u ɲ u,,juanatey2021,846,,,,,5866,p u ɲ u,"['p', 'u', 'ɲ', 'u']"
SantoTomas-137_sleepto-1,,SantoTomas,137_sleepto,"puñucuni, pachacuni",puñucuni,p u ɲ u + k u + n i,,santotomas1951,846,,,,,5866 0 0,p u ɲ u + k u + n i,"['p', 'u', 'ɲ', 'u', '+', 'k', 'u', '+', 'n', 'i']"
SantoTomas-137_sleepto-2,,SantoTomas,137_sleepto,"puñucuni, pachacuni",pachacuni,p a tʃ a + k u + n i,,santotomas1951,183,,,,,201 0 0,p a tʃ a + k u + n i,"['p', 'a', 'tʃ', 'a', '+', 'k', 'u', '+', 'n', 'i']"
Serena-137_sleepto-1,,Serena,137_sleepto,puñu.,puñu.,p u ɲ u,,heggarty2005,846,,,,,5866,p u ɲ u,"['p', 'u', 'ɲ', 'u']"
Sullkatiti-137_sleepto-1,,Sullkatiti,137_sleepto,iki.,iki.,i k i,,heggarty2005,847,,,,,5869,i k i,"['i', 'k', 'i']"
Taquile-137_sleepto-1,,Taquile,137_sleepto,puñu.,puñu.,p u ɲ u,,heggarty2005,846,,,,,5866,p u ɲ u,"['p', 'u', 'ɲ', 'u']"
Tarma-137_sleepto-1,,Tarma,137_sleepto,punu,punu,p u n u,,adelaar1977,846,,,,,5866,p u n u,"['p', 'u', 'n', 'u']"
Troje-137_sleepto-1,,Troje,137_sleepto,puñu.,puñu.,p u ɲ u,,heggarty2005,846,,,,,5866,p u ɲ u,"['p', 'u', 'ɲ', 'u']"
Wari-137_sleepto-1,,Wari,137_sleepto,punuy,punuy,p u ɲ u,,parkerchavez1976,846,,,,,5866,p u ɲ u,"['p', 'u', 'ɲ', 'u']"
Yanac-137_sleepto-1,,Yanac,137_sleepto,puñu.,puñu.,p u ɲ u,,heggarty2005,846,,,,,5866,p u ɲ u,"['p', 'u', 'ɲ', 'u']"
Anonimo-138_liveto-1,,Anonimo,138_liveto,cauçani,cauçani,k au s a + n i,,valera1586,480,,,,,3737 0,k au ( - ) s a + n i,"['k', 'au', 's', 'a', '+', 'n', 'i']"
Apuri-138_liveto-1,,Apuri,138_liveto,kawsa-,kawsa-,k au s a,,shimelman2017,480,,,,,3737,k au ( - ) s a,"['k', 'au', 's', 'a']"
Apurimac-138_liveto-1,,Apurimac,138_liveto,kawsa,kawsa,k au s a,,camacho2007,480,,,,,3737,k au ( - ) s a,"['k', 'au', 's', 'a']"
Arma-138_liveto-1,,Arma,138_liveto,kawsa,kawsa,k au s a,,galvez2003,480,,,,,3737,k au ( - ) s a,"['k', 'au', 's', 'a']"
Atalla-138_liveto-1,,Atalla,138_liveto,kawsa.,kawsa.,k au s a,,heggarty2005,480,,,,,3737,k au ( - ) s a,"['k', 'au', 's', 'a']"
Ayacucho-138_liveto-1,,Ayacucho,138_liveto,kawsa,kawsa,k au s a,,soto1976,480,,,,,3737,k au ( - ) s a,"['k', 'au', 's', 'a']"
Bobonaza-138_liveto-1,,Bobonaza,138_liveto,causana,causana,k au s a + n a,,orrwrisley1981,480,,,,,3737 0,k au ( - ) s a + n a,"['k', 'au', 's', 'a', '+', 'n', 'a']"
Cacra-Hongos-138_liveto-1,,Cacra-Hongos,138_liveto,kawsa-,kawsa-,k au s a,,shimelman2017,480,,,,,3737,k au ( - ) s a,"['k', 'au', 's', 'a']"
Chachapoyas-138_liveto-1,,Chachapoyas,138_liveto,kawsa,kawsa,k au s a,,taylor2006,480,,,,,3737,k au ( - ) s a,"['k', 'au', 's', 'a']"
Chacpar-138_liveto-1,,Chacpar,138_liveto,kawa.,kawa.,k a w a,,heggarty2005,36,,,,,12,k a w a,"['k', 'a', 'w', 'a']"
Chetilla-138_liveto-1,,Chetilla,138_liveto,kawsa.,kawsa.,k au s a,,heggarty2005,480,,,,,3737,k au ( - ) s a,"['k', 'au', 's', 'a']"
Chipaya-138_liveto-1,,Chipaya,138_liveto,zhet-z,zhet-z,zʰ e t z,,heggarty2005,481,,,,,3738,zʰ e t z,"['zʰ', 'e', 't', 'z']"
Curva-138_liveto-1,,Curva,138_liveto,kawsa.,kawsa.,k au s a,,heggarty2005,480,,,,,3737,k au ( - ) s a,"['k', 'au', 's', 'a']"
Cuzco-138_liveto-1,,Cuzco,138_liveto,kawsa.,kawsa.,k au s a,,heggarty2005,480,,,,,3737,k au ( - ) s a,"['k', 'au', 's', 'a']"
CuzquenoAntiguo-138_liveto-1,,CuzquenoAntiguo,138_liveto,cauçay,cauçay,k au s a,,holguin1608,480,,,,,3737,k au ( - ) s a,"['k', 'au', 's', 'a']"
Huallaga-138_liveto-1,,Huallaga,138_liveto,kawa.,kawa.,k a w a,,heggarty2005,36,,,,,12,k a w a,"['k', 'a', 'w', 'a']"
Huanca-138_liveto-1,,Huanca,138_liveto,kawsay,kawsay,k au s a,,cerron2018,480,,,,,3737,k au ( - ) s a,"['k', 'au', 's', 'a']"
Huancane-138_liveto-1,,Huancane,138_liveto,haka.,haka.,h a k a,,heggarty2005,482,,,,,3739,h a k a,"['h', 'a', 'k', 'a']"
Huangascar-138_liveto-1,,Huangascar,138_liveto,kawsa-,kawsa-,k au s a,,shimelman2017,480,,,,,3737,k au ( - ) s a,"['k', 'au', 's', 'a']"
HuarazHuailas-138_liveto-1,,HuarazHuailas,138_liveto,kaway,kaway,k a w a,,parkerchavez1976,36,,,,,12,k a w a,"['k', 'a', 'w', 'a']"
Imbabura-138_liveto-1,,Imbabura,138_liveto,kawsana,kawsana,k au s a + n a,,gomez2009,480,,,,,3737 0,k au ( - ) s a + n a,"['k', 'au', 's', 'a', '+', 'n', 'a']"
Inkawasi-138_liveto-1,,Inkawasi,138_liveto,kawsa.,kawsa.,k au s a,,heggarty2005,480,,,,,3737,k au ( - ) s a,"['k', 'au', 's', 'a']"
Jaqaru-138_liveto-1,,Jaqaru,138_liveto,haka.,haka.,h a k a,,heggarty2005,482,,,,,3739,h a k a,"['h', 'a', 'k', 'a']"
Kawki-138_liveto-1,,Kawki,138_liveto,haka.,haka.,h a k a,,heggarty2005,482,,,,,3739,h a k a,"['h', 'a', 'k', 'a']"
Lamas-138_liveto-1,,Lamas,138_liveto,kawsa,kawsa,k au s a,,taylor2006,480,,,,,3737,k au ( - ) s a,"['k', 'au', 's', 'a']"
Laraos-138_liveto-1,,Laraos,138_liveto,kawsa.,kawsa.,k au s a,,heggarty2005,480,,,,,3737,k au ( - ) s a,"['k', 'au', 's', 'a']"
Lincha-Tana-138_liveto-1,,Lincha-Tana,138_liveto,kawsa-,kawsa-,k au s a,,shimelman2017,480,,,,,3737,k au ( - ) s a,"['k', 'au', 's', 'a']"
Maragua-138_liveto-1,,Maragua,138_liveto,kawsa.,kawsa.,k au s a,,heggarty2005,480,,,,,3737,k au ( - ) s a,"['k', 'au', 's', 'a']"
Napo-138_liveto-1,,Napo,138_liveto,causana,causana,k au s a + n a,,orrwrisley1981,480,,,,,3737 0,k au ( - ) s a + n a,"['k', 'au', 's', 'a', '+', 'n', 'a']"
Pacaraos-138_liveto-1,,Pacaraos,138_liveto,kawa,kawa,k a w a,,adelaar1982,36,,,,,12,k a w a,"['k', 'a', 'w', 'a']"
Pastaza-138_liveto-1,,Pastaza,138_liveto,cawsana,cawsana,k au s a + n a,,landerman1973,480,,,,,3737 0,k au ( - ) s a + n a,"['k', 'au', 's', 'a', '+', 'n', 'a']"
Pocona-138_liveto-1,,Pocona,138_liveto,kawsa.,kawsa.,k au s a,,heggarty2005,480,,,,,3737,k au ( - ) s a,"['k', 'au', 's', 'a']"
Puki-138_liveto-1,,Puki,138_liveto,haka.,haka.,h a k a,,heggarty2005,482,,,,,3739,h a k a,"['h', 'a', 'k', 'a']"
Puno-138_liveto-1,,Puno,138_liveto,kawsa.,kawsa.,k au s a,,heggarty2005,480,,,,,3737,k au ( - ) s a,"['k', 'au', 's', 'a']"
Putumayo-138_liveto-1,,Putumayo,138_liveto,caugsa,caugsa,k au x s a,,tandioy1978,480,,,,,3737,k au ( x ) s a,"['k', 'au', 'x', 's', 'a']"
Raimondi-138_liveto-1,,Raimondi,138_liveto,kaway,kaway,k a w a,,parkerchavez1976,36,,,,,12,k a w a,"['k', 'a', 'w', 'a']"
SanPedro-138_liveto-1,,SanPedro,138_liveto,kawsa-,kawsa-,k au s a,,shimelman2017,480,,,,,3737,k au ( - ) s a,"['k', 'au', 's', 'a']"
Santiagueno-138_liveto-1,,Santiagueno,138_liveto,kawsay,kawsay,k au s a,,juanatey2021,480,,,,,3737,k au ( - ) s a,"['k', 'au', 's', 'a']"
SantoTomas-138_liveto-1,,SantoTomas,138_liveto,cauçani,cauçani,k au s a + n i,,santotomas1951,480,,,,,3737 0,k au ( - ) s a + n i,"['k', 'au', 's', 'a', '+', 'n', 'i']"
Serena-138_liveto-1,,Serena,138_liveto,kawsa.,kawsa.,k au s a,,heggarty2005,480,,,,,3737,k au ( - ) s a,"['k', 'au', 's', 'a']"
Sullkatiti-138_liveto-1,,Sullkatiti,138_liveto,haka.,haka.,h a k a,,heggarty2005,482,,,,,3739,h a k a,"['h', 'a', 'k', 'a']"
Taquile-138_liveto-1,,Taquile,138_liveto,kawsa.,kawsa.,k au s a,,heggarty2005,480,,,,,3737,k au ( - ) s a,"['k', 'au', 's', 'a']"
Tarma-138_liveto-1,,Tarma,138_liveto,kawa,kawa,k a w a,,adelaar1977,36,,,,,12,k a w a,"['k', 'a', 'w', 'a']"
Troje-138_liveto-1,,Troje,138_liveto,kawsa.,kawsa.,k au s a,,heggarty2005,480,,,,,3737,k au ( - ) s a,"['k', 'au', 's', 'a']"
Wari-138_liveto-1,,Wari,138_liveto,kaway,kaway,k a w a,,parkerchavez1976,36,,,,,12,k a w a,"['k', 'a', 'w', 'a']"
Yanac-138_liveto-1,,Yanac,138_liveto,kawa.,kawa.,k a w a,,heggarty2005,36,,,,,12,k a w a,"['k', 'a', 'w', 'a']"
Anonimo-139_dieto-1,,Anonimo,139_dieto,huañuy,huañuy,w a ɲ u,,valera1586,12,,,,,1058,w a ɲ u,"['w', 'a', 'ɲ', 'u']"
Apuri-139_dieto-1,,Apuri,139_dieto,wañu-,wañu-,w a ɲ u,,shimelman2017,12,,,,,1058,w a ɲ u,"['w', 'a', 'ɲ', 'u']"
Apurimac-139_dieto-1,,Apurimac,139_dieto,wañu,wañu,w a ɲ u,,camacho2007,12,,,,,1058,w a ɲ u,"['w', 'a', 'ɲ', 'u']"
Arma-139_dieto-1,,Arma,139_dieto,wañu,wañu,w a ɲ u,,galvez2003,12,,,,,1058,w a ɲ u,"['w', 'a', 'ɲ', 'u']"
Atalla-139_dieto-1,,Atalla,139_dieto,wañu.,wañu.,w a ɲ u,,heggarty2005,12,,,,,1058,w a ɲ u,"['w', 'a', 'ɲ', 'u']"
Ayacucho-139_dieto-1,,Ayacucho,139_dieto,wañu,wañu,w a ɲ u,,soto1976,12,,,,,1058,w a ɲ u,"['w', 'a', 'ɲ', 'u']"
Bobonaza-139_dieto-1,,Bobonaza,139_dieto,huañuna,huañuna,w a ɲ u + n a,,orrwrisley1981,12,,,,,1058 0,w a ɲ u + n a,"['w', 'a', 'ɲ', 'u', '+', 'n', 'a']"
Cacra-Hongos-139_dieto-1,,Cacra-Hongos,139_dieto,wañu-,wañu-,w a ɲ u,,shimelman2017,12,,,,,1058,w a ɲ u,"['w', 'a', 'ɲ', 'u']"
Chachapoyas-139_dieto-1,,Chachapoyas,139_dieto,wañu,wañu,w a ɲ u,,taylor2006,12,,,,,1058,w a ɲ u,"['w', 'a', 'ɲ', 'u']"
Chacpar-139_dieto-1,,Chacpar,139_dieto,wanu.,wanu.,w a n u,,heggarty2005,12,,,,,1058,w a n u,"['w', 'a', 'n', 'u']"
Chetilla-139_dieto-1,,Chetilla,139_dieto,wañu.,wañu.,w a ɲ u,,heggarty2005,12,,,,,1058,w a ɲ u,"['w', 'a', 'ɲ', 'u']"
Chipaya-139_dieto-1,,Chipaya,139_dieto,tik.z; zerwí.z,tik.z,t i k z,,heggarty2005,308,,,,,273,t i k z,"['t', 'i', 'k', 'z']"
Chipaya-139_dieto-2,,Chipaya,139_dieto,tik.z; zerwí.z,zerwí.z,z e r w i z,,heggarty2005,309,,,,,274,z e r w i z,"['z', 'e', 'r', 'w', 'i', 'z']"
Curva-139_dieto-1,,Curva,139_dieto,wañu.,wañu.,w a ɲ u,,heggarty2005,12,,,,,1058,w a ɲ u,"['w', 'a', 'ɲ', 'u']"
Cuzco-139_dieto-1,,Cuzco,139_dieto,wañu.,wañu.,w a ɲ u,,heggarty2005,12,,,,,1058,w a ɲ u,"['w', 'a', 'ɲ', 'u']"
CuzquenoAntiguo-139_dieto-1,,CuzquenoAntiguo,139_dieto,huañuni,huañuni,w a ɲ u + n i,,holguin1608,12,,,,,1058 0,w a ɲ u + n i,"['w', 'a', 'ɲ', 'u', '+', 'n', 'i']"
Huallaga-139_dieto-1,,Huallaga,139_dieto,wañu.,wañu.,w a ɲ u,,heggarty2005,12,,,,,1058,w a ɲ u,"['w', 'a', 'ɲ', 'u']"
Huanca-139_dieto-1,,Huanca,139_dieto,wañuy,wañuy,w a ɲ u,,cerron2018,12,,,,,1058,w a ɲ u,"['w', 'a', 'ɲ', 'u']"
Huancane-139_dieto-1,,Huancane,139_dieto,hiwa.,hiwa.,h i w a,,heggarty2005,14,,,,,1061,h i w a,"['h', 'i', 'w', 'a']"
Huangascar-139_dieto-1,,Huangascar,139_dieto,wañu-,wañu-,w a ɲ u,,shimelman2017,12,,,,,1058,w a ɲ u,"['w', 'a', 'ɲ', 'u']"
HuarazHuailas-139_dieto-1,,HuarazHuailas,139_dieto,wanuy,wanuy,w a ɲ u,,parkerchavez1976,12,,,,,1058,w a ɲ u,"['w', 'a', 'ɲ', 'u']"
Imbabura-139_dieto-1,,Imbabura,139_dieto,wañuna,wañuna,w a ɲ u + n a,,gomez2009,12,,,,,1058 0,w a ɲ u + n a,"['w', 'a', 'ɲ', 'u', '+', 'n', 'a']"
Inkawasi-139_dieto-1,,Inkawasi,139_dieto,wanu.,wanu.,w a n u,,heggarty2005,12,,,,,1058,w a n u,"['w', 'a', 'n', 'u']"
Jaqaru-139_dieto-1,,Jaqaru,139_dieto,hiwa.,hiwa.,h i w a,,heggarty2005,14,,,,,1061,h i w a,"['h', 'i', 'w', 'a']"
Kawki-139_dieto-1,,Kawki,139_dieto,hiwa.,hiwa.,h i w a,,heggarty2005,14,,,,,1061,h i w a,"['h', 'i', 'w', 'a']"
Lamas-139_dieto-1,,Lamas,139_dieto,wañu,wañu,w a ɲ u,,taylor2006,12,,,,,1058,w a ɲ u,"['w', 'a', 'ɲ', 'u']"
Laraos-139_dieto-1,,Laraos,139_dieto,wañu.,wañu.,w a ɲ u,,heggarty2005,12,,,,,1058,w a ɲ u,"['w', 'a', 'ɲ', 'u']"
Lincha-Tana-139_dieto-1,,Lincha-Tana,139_dieto,wañu-,wañu-,w a ɲ u,,shimelman2017,12,,,,,1058,w a ɲ u,"['w', 'a', 'ɲ', 'u']"
Maragua-139_dieto-1,,Maragua,139_dieto,wañu.,wañu.,w a ɲ u,,heggarty2005,12,,,,,1058,w a ɲ u,"['w', 'a', 'ɲ', 'u']"
Napo-139_dieto-1,,Napo,139_dieto,huañuna,huañuna,w a ɲ u + n a,,orrwrisley1981,12,,,,,1058 0,w a ɲ u + n a,"['w', 'a', 'ɲ', 'u', '+', 'n', 'a']"
Pacaraos-139_dieto-1,,Pacaraos,139_dieto,wañu-ku,wañu-ku,w a ɲ u + k u,,adelaar1982,12,,,,,1058 0,w a ɲ u + k u,"['w', 'a', 'ɲ', 'u', '+', 'k', 'u']"
Pastaza-139_dieto-1,,Pastaza,139_dieto,wañuna,wañuna,w a ɲ u + n a,,landerman1973,12,,,,,1058 0,w a ɲ u + n a,"['w', 'a', 'ɲ', 'u', '+', 'n', 'a']"
Pocona-139_dieto-1,,Pocona,139_dieto,wañu.,wañu.,w a ɲ u,,heggarty2005,12,,,,,1058,w a ɲ u,"['w', 'a', 'ɲ', 'u']"
Puki-139_dieto-1,,Puki,139_dieto,hiwa.,hiwa.,h i w a,,heggarty2005,14,,,,,1061,h i w a,"['h', 'i', 'w', 'a']"
Puno-139_dieto-1,,Puno,139_dieto,wañu.,wañu.,w a ɲ u,,heggarty2005,12,,,,,1058,w a ɲ u,"['w', 'a', 'ɲ', 'u']"
Putumayo-139_dieto-1,,Putumayo,139_dieto,huañu,huañu,w a ɲ u,,tandioy1978,12,,,,,1058,w a ɲ u,"['w', 'a', 'ɲ', 'u']"
Raimondi-139_dieto-1,,Raimondi,139_dieto,wanuy,wanuy,w a ɲ u,,parkerchavez1976,12,,,,,1058,w a ɲ u,"['w', 'a', 'ɲ', 'u']"
SanPedro-139_dieto-1,,SanPedro,139_dieto,wañu-,wañu-,w a ɲ u,,shimelman2017,12,,,,,1058,w a ɲ u,"['w', 'a', 'ɲ', 'u']"
Santiagueno-139_dieto-1,,Santiagueno,139_dieto,wañuy,wañuy,w a ɲ u,,juanatey2021,12,,,,,1058,w a ɲ u,"['w', 'a', 'ɲ', 'u']"
SantoTomas-139_dieto-1,,SantoTomas,139_dieto,guañuni,guañuni,w a ɲ u + n i,,santotomas1951,12,,,,,1058 0,w a ɲ u + n i,"['w', 'a', 'ɲ', 'u', '+', 'n', 'i']"
Serena-139_dieto-1,,Serena,139_dieto,wañu.,wañu.,w a ɲ u,,heggarty2005,12,,,,,1058,w a ɲ u,"['w', 'a', 'ɲ', 'u']"
Sullkatiti-139_dieto-1,,Sullkatiti,139_dieto,hiwa.,hiwa.,h i w a,,heggarty2005,14,,,,,1061,h i w a,"['h', 'i', 'w', 'a']"
Taquile-139_dieto-1,,Taquile,139_dieto,wañu.,wañu.,w a ɲ u,,heggarty2005,12,,,,,1058,w a ɲ u,"['w', 'a', 'ɲ', 'u']"
Tarma-139_dieto-1,,Tarma,139_dieto,wanu,wanu,w a n u,,adelaar1977,12,,,,,1058,w a n u,"['w', 'a', 'n', 'u']"
Troje-139_dieto-1,,Troje,139_dieto,wañu.,wañu.,w a ɲ u,,heggarty2005,12,,,,,1058,w a ɲ u,"['w', 'a', 'ɲ', 'u']"
Wari-139_dieto-1,,Wari,139_dieto,wanuy,wanuy,w a ɲ u,,parkerchavez1976,12,,,,,1058,w a ɲ u,"['w', 'a', 'ɲ', 'u']"
Yanac-139_dieto-1,,Yanac,139_dieto,wañu.,wañu.,w a ɲ u,,heggarty2005,12,,,,,1058,w a ɲ u,"['w', 'a', 'ɲ', 'u']"
Anonimo-14_weinclusive-1,,Anonimo,14_weinclusive,ñocanchic,ñocanchic,ɲ ɔ k a n tʃ i k,,valera1586,954,,,,,7301,ɲ ɔ k a n tʃ i k,"['ɲ', 'ɔ', 'k', 'a', 'n', 'tʃ', 'i', 'k']"
Apuri-14_weinclusive-1,,Apuri,14_weinclusive,nuqanchik,nuqanchik,n o q a n tʃ i k,,shimelman2017,954,,,,,7301,n o q a n tʃ i k,"['n', 'o', 'q', 'a', 'n', 'tʃ', 'i', 'k']"
Apurimac-14_weinclusive-1,,Apurimac,14_weinclusive,ñoqanchis,ñoqanchis,ɲ o q a n tʃ i s,,camacho2007,954,,,,,7301,ɲ o q a n tʃ i s,"['ɲ', 'o', 'q', 'a', 'n', 'tʃ', 'i', 's']"
Arma-14_weinclusive-1,,Arma,14_weinclusive,ñuqanchik,ñuqanchik,ɲ u χ a n tʃ i k,,galvez2003,954,,,,,7301,ɲ u χ a n tʃ i k,"['ɲ', 'u', 'χ', 'a', 'n', 'tʃ', 'i', 'k']"
Atalla-14_weinclusive-1,,Atalla,14_weinclusive,ñuχa.n.čik,ñuχa.n.čik,ɲ u χ a n tʃ i k,,heggarty2005,954,,,,,7301,ɲ u χ a n tʃ i k,"['ɲ', 'u', 'χ', 'a', 'n', 'tʃ', 'i', 'k']"
Ayacucho-14_weinclusive-1,,Ayacucho,14_weinclusive,ñoqanchik,ñoqanchik,ɲ o χ a n tʃ i k,,soto1976,954,,,,,7301,ɲ o χ a n tʃ i k,"['ɲ', 'o', 'χ', 'a', 'n', 'tʃ', 'i', 'k']"
Bobonaza-14_weinclusive-1,,Bobonaza,14_weinclusive,ñucanchi,ñucanchi,ɲ u k a n tʃ i,,orrwrisley1981,954,,,,,7301,ɲ u k a n tʃ i -,"['ɲ', 'u', 'k', 'a', 'n', 'tʃ', 'i']"
Cacra-Hongos-14_weinclusive-1,,Cacra-Hongos,14_weinclusive,ñuqanchik,ñuqanchik,ɲ o q a n tʃ i k,,shimelman2017,954,,,,,7301,ɲ o q a n tʃ i k,"['ɲ', 'o', 'q', 'a', 'n', 'tʃ', 'i', 'k']"
Chachapoyas-14_weinclusive-1,,Chachapoyas,14_weinclusive,ñukanchi,ñukanchi,ɲ u k a n tʃ i,,taylor2006,954,,,,,7301,ɲ u k a n tʃ i -,"['ɲ', 'u', 'k', 'a', 'n', 'tʃ', 'i']"
Chacpar-14_weinclusive-1,,Chacpar,14_weinclusive,nuqa.n.tsiχ,nuqa.n.tsiχ,n u q a n ts i χ,,heggarty2005,954,,,,,7301,n u q a n ts i χ,"['n', 'u', 'q', 'a', 'n', 'ts', 'i', 'χ']"
Chetilla-14_weinclusive-1,,Chetilla,14_weinclusive,nuγa.n.džiγ,nuγa.n.džiγ,n u ʁ a n dʒ i ʁ,,heggarty2005,954,,,,,7301,n u ʁ a n dʒ i ʁ,"['n', 'u', 'ʁ', 'a', 'n', 'dʒ', 'i', 'ʁ']"
Chipaya-14_weinclusive-1,,Chipaya,14_weinclusive,"utrum, utrun",utrum,u ʈʂ u m,,heggarty2005,955,,,,,7304,u ʈʂ u m,"['u', 'ʈʂ', 'u', 'm']"
Chipaya-14_weinclusive-2,,Chipaya,14_weinclusive,"utrum, utrun",utrun,u ʈʂ u n,,heggarty2005,955,,,,,7304,u ʈʂ u n,"['u', 'ʈʂ', 'u', 'n']"
Curva-14_weinclusive-1,,Curva,14_weinclusive,ñuqa.n.čis,ñuqa.n.čis,ɲ u q a n tʃ i s,,heggarty2005,954,,,,,7301,ɲ u q a n tʃ i s,"['ɲ', 'u', 'q', 'a', 'n', 'tʃ', 'i', 's']"
Cuzco-14_weinclusive-1,,Cuzco,14_weinclusive,nuqa.n.čis,nuqa.n.čis,n u q a n tʃ i s,,heggarty2005,954,,,,,7301,n u q a n tʃ i s,"['n', 'u', 'q', 'a', 'n', 'tʃ', 'i', 's']"
CuzquenoAntiguo-14_weinclusive-1,,CuzquenoAntiguo,14_weinclusive,ñocanchic,ñocanchic,ɲ u k a n tʃ i k,,holguin1608,954,,,,,7301,ɲ u k a n tʃ i k,"['ɲ', 'u', 'k', 'a', 'n', 'tʃ', 'i', 'k']"
Huallaga-14_weinclusive-1,,Huallaga,14_weinclusive,nuqa.n.či,nuqa.n.či,n u q a n tʃ i,,heggarty2005,954,,,,,7301,n u q a n tʃ i -,"['n', 'u', 'q', 'a', 'n', 'tʃ', 'i']"
Huancane-14_weinclusive-1,,Huancane,14_weinclusive,hiwa.sa,hiwa.sa,h i w a s a,,heggarty2005,956,,,,,7305,h i w a s a,"['h', 'i', 'w', 'a', 's', 'a']"
Huangascar-14_weinclusive-1,,Huangascar,14_weinclusive,ñuqanchik,ñuqanchik,ɲ o q a n tʃ i k,,shimelman2017,954,,,,,7301,ɲ o q a n tʃ i k,"['ɲ', 'o', 'q', 'a', 'n', 'tʃ', 'i', 'k']"
HuarazHuailas-14_weinclusive-1,,HuarazHuailas,14_weinclusive,noqantsi,noqantsi,ɲ o q a ɲ ts i,,parkerchavez1976,954,,,,,7301,ɲ o q a ɲ ts i -,"['ɲ', 'o', 'q', 'a', 'ɲ', 'ts', 'i']"
Imbabura-14_weinclusive-1,,Imbabura,14_weinclusive,ñukanchik,ñukanchik,ɲ u k a n tʃ i k,,gomez2009,954,,,,,7301,ɲ u k a n tʃ i k,"['ɲ', 'u', 'k', 'a', 'n', 'tʃ', 'i', 'k']"
Inkawasi-14_weinclusive-1,,Inkawasi,14_weinclusive,nuγa.n.či,nuγa.n.či,n u ʁ a n tʃ i,,heggarty2005,954,,,,,7301,n u ʁ a n tʃ i -,"['n', 'u', 'ʁ', 'a', 'n', 'tʃ', 'i']"
Jaqaru-14_weinclusive-1,,Jaqaru,14_weinclusive,hiw.sa,hiw.sa,h i w s a,,heggarty2005,956,,,,,7305,h i w - s a,"['h', 'i', 'w', 's', 'a']"
Kawki-14_weinclusive-1,,Kawki,14_weinclusive,hiw.sa,hiw.sa,h i w s a,,heggarty2005,956,,,,,7305,h i w - s a,"['h', 'i', 'w', 's', 'a']"
Lamas-14_weinclusive-1,,Lamas,14_weinclusive,ñukanchi,ñukanchi,ɲ u k a n tʃ i,,taylor2006,954,,,,,7301,ɲ u k a n tʃ i -,"['ɲ', 'u', 'k', 'a', 'n', 'tʃ', 'i']"
Laraos-14_weinclusive-1,,Laraos,14_weinclusive,nuqa.n.čik,nuqa.n.čik,n u q a n tʃ i k,,heggarty2005,954,,,,,7301,n u q a n tʃ i k,"['n', 'u', 'q', 'a', 'n', 'tʃ', 'i', 'k']"
Lincha-Tana-14_weinclusive-1,,Lincha-Tana,14_weinclusive,ñuqanchik,ñuqanchik,ɲ o q a n tʃ i k,,shimelman2017,954,,,,,7301,ɲ o q a n tʃ i k,"['ɲ', 'o', 'q', 'a', 'n', 'tʃ', 'i', 'k']"
Maragua-14_weinclusive-1,,Maragua,14_weinclusive,nuqa.n.čis,nuqa.n.čis,n u q a n tʃ i s,,heggarty2005,954,,,,,7301,n u q a n tʃ i s,"['n', 'u', 'q', 'a', 'n', 'tʃ', 'i', 's']"
Napo-14_weinclusive-1,,Napo,14_weinclusive,ñucanchi,ñucanchi,ɲ u k a n tʃ i,,orrwrisley1981,954,,,,,7301,ɲ u k a n tʃ i -,"['ɲ', 'u', 'k', 'a', 'n', 'tʃ', 'i']"
Pacaraos-14_weinclusive-1,,Pacaraos,14_weinclusive,ñuqansi,ñuqansi,ɲ o χ a n s i,,adelaar1982,954,,,,,7301,ɲ o χ a n s i -,"['ɲ', 'o', 'χ', 'a', 'n', 's', 'i']"
Pastaza-14_weinclusive-1,,Pastaza,14_weinclusive,nucanchi,nucanchi,n u k a n tʃ i,,landerman1973,954,,,,,7301,n u k a n tʃ i -,"['n', 'u', 'k', 'a', 'n', 'tʃ', 'i']"
Pocona-14_weinclusive-1,,Pocona,14_weinclusive,nuγa.n.čiχ,nuγa.n.čiχ,n u ʁ a n tʃ i χ,,heggarty2005,954,,,,,7301,n u ʁ a n tʃ i χ,"['n', 'u', 'ʁ', 'a', 'n', 'tʃ', 'i', 'χ']"
Puki-14_weinclusive-1,,Puki,14_weinclusive,hiwa.sa,hiwa.sa,h i w a s a,,heggarty2005,956,,,,,7305,h i w a s a,"['h', 'i', 'w', 'a', 's', 'a']"
Puno-14_weinclusive-1,,Puno,14_weinclusive,nuqa.n.čis,nuqa.n.čis,n u q a n tʃ i s,,heggarty2005,954,,,,,7301,n u q a n tʃ i s,"['n', 'u', 'q', 'a', 'n', 'tʃ', 'i', 's']"
Putumayo-14_weinclusive-1,,Putumayo,14_weinclusive,nucanchi,nucanchi,n u k a n tʃ i,,tandioy1978,954,,,,,7301,n u k a n tʃ i -,"['n', 'u', 'k', 'a', 'n', 'tʃ', 'i']"
Raimondi-14_weinclusive-1,,Raimondi,14_weinclusive,noqantsi,noqantsi,ɲ o q a ɲ ts i,,parkerchavez1976,954,,,,,7301,ɲ o q a ɲ ts i -,"['ɲ', 'o', 'q', 'a', 'ɲ', 'ts', 'i']"
SanPedro-14_weinclusive-1,,SanPedro,14_weinclusive,ñuqanchik,ñuqanchik,ɲ o q a n tʃ i k,,shimelman2017,954,,,,,7301,ɲ o q a n tʃ i k,"['ɲ', 'o', 'q', 'a', 'n', 'tʃ', 'i', 'k']"
Santiagueno-14_weinclusive-1,,Santiagueno,14_weinclusive,noqaysh,noqaysh,n o χ ai ʃ,,juanatey2021,1034,,,,,98,n o χ ai - - - ʃ,"['n', 'o', 'χ', 'ai', 'ʃ']"
SantoTomas-14_weinclusive-1,,SantoTomas,14_weinclusive,ñocanchic,ñocanchic,ɲ o k a n tʃ i k,,santotomas1951,954,,,,,7301,ɲ o k a n tʃ i k,"['ɲ', 'o', 'k', 'a', 'n', 'tʃ', 'i', 'k']"
Serena-14_weinclusive-1,,Serena,14_weinclusive,ñuka.n.či,ñuka.n.či,ɲ u k a n tʃ i,,heggarty2005,954,,,,,7301,ɲ u k a n tʃ i -,"['ɲ', 'u', 'k', 'a', 'n', 'tʃ', 'i']"
Sullkatiti-14_weinclusive-1,,Sullkatiti,14_weinclusive,hiwa.sa,hiwa.sa,h i w a s a,,heggarty2005,956,,,,,7305,h i w a s a,"['h', 'i', 'w', 'a', 's', 'a']"
Taquile-14_weinclusive-1,,Taquile,14_weinclusive,ñuqa.n.čis,ñuqa.n.čis,ɲ u q a n tʃ i s,,heggarty2005,954,,,,,7301,ɲ u q a n tʃ i s,"['ɲ', 'u', 'q', 'a', 'n', 'tʃ', 'i', 's']"
Tarma-14_weinclusive-1,,Tarma,14_weinclusive,"nuxañči, nuxañčik",nuxañči,n o χ a ɲ tʃ i,,adelaar1977,954,,,,,7301,n o χ a ɲ tʃ i -,"['n', 'o', 'χ', 'a', 'ɲ', 'tʃ', 'i']"
Tarma-14_weinclusive-2,,Tarma,14_weinclusive,"nuxañči, nuxañčik",nuxañčik,n o χ a ɲ tʃ i k,,adelaar1977,954,,,,,7301,n o χ a ɲ tʃ i k,"['n', 'o', 'χ', 'a', 'ɲ', 'tʃ', 'i', 'k']"
Troje-14_weinclusive-1,,Troje,14_weinclusive,ñuka.n.čix,ñuka.n.čix,ɲ u k a n tʃ i x,,heggarty2005,954,,,,,7301,ɲ u k a n tʃ i x,"['ɲ', 'u', 'k', 'a', 'n', 'tʃ', 'i', 'x']"
Wari-14_weinclusive-1,,Wari,14_weinclusive,noqantsi,noqantsi,ɲ o q a ɲ ts i,,parkerchavez1976,954,,,,,7301,ɲ o q a ɲ ts i -,"['ɲ', 'o', 'q', 'a', 'ɲ', 'ts', 'i']"
Yanac-14_weinclusive-1,,Yanac,14_weinclusive,ñuqa.n.tsik,ñuqa.n.tsik,ɲ u q a n ts i k,,heggarty2005,954,,,,,7301,ɲ u q a n ts i k,"['ɲ', 'u', 'q', 'a', 'n', 'ts', 'i', 'k']"
Anonimo-140_seeto-1,,Anonimo,140_seeto,"ricuni, cahuani",ricuni,r i k u + n i,,valera1586,762,,,,,5335 0,r i k u + n i,"['r', 'i', 'k', 'u', '+', 'n', 'i']"
Anonimo-140_seeto-2,,Anonimo,140_seeto,"ricuni, cahuani",cahuani,k a w a + n i,,valera1586,763,,,,,5336 0,k a.w.a + n i,"['k', 'a.w.a', '+', 'n', 'i']"
Apuri-140_seeto-1,,Apuri,140_seeto,qawa-,qawa-,q a w a,,shimelman2017,763,,,,,5336,q a.w.a,"['q', 'a.w.a']"
Apuri-140_seeto-2,,Apuri,140_seeto,rika-,rika-,ɾ i k a,,shimelman2017,762,,,,,5335,ɾ i k a,"['ɾ', 'i', 'k', 'a']"
Apurimac-140_seeto-1,,Apurimac,140_seeto,qawa,qawa,q a w a,,camacho2007,763,,,,,5336,q a.w.a,"['q', 'a.w.a']"
Apurimac-140_seeto-2,,Apurimac,140_seeto,riku,riku,r i k u,,camacho2007,762,,,,,5335,r i k u,"['r', 'i', 'k', 'u']"
Arma-140_seeto-1,,Arma,140_seeto,"qawa, riku",qawa,χ a w a,,galvez2003,763,,,,,5336,χ a.w.a,"['χ', 'a.w.a']"
Arma-140_seeto-2,,Arma,140_seeto,"qawa, riku",riku,ɾ i k u,,galvez2003,762,,,,,5335,ɾ i k u,"['ɾ', 'i', 'k', 'u']"
Atalla-140_seeto-1,,Atalla,140_seeto,ri.ku.,ri.ku.,r i k u,,heggarty2005,762,,,,,5335,r i k u,"['r', 'i', 'k', 'u']"
Ayacucho-140_seeto-1,,Ayacucho,140_seeto,"qawa, riku",qawa,χ a w a,,soto1976,763,,,,,5336,χ a.w.a,"['χ', 'a.w.a']"
Ayacucho-140_seeto-2,,Ayacucho,140_seeto,"qawa, riku",riku,ɾ i k u,,soto1976,762,,,,,5335,ɾ i k u,"['ɾ', 'i', 'k', 'u']"
Bobonaza-140_seeto-1,,Bobonaza,140_seeto,ricuna,ricuna,r i k u + n a,,orrwrisley1981,762,,,,,5335 0,r i k u + n a,"['r', 'i', 'k', 'u', '+', 'n', 'a']"
Cacra-Hongos-140_seeto-1,,Cacra-Hongos,140_seeto,qawa-,qawa-,q a w a,,shimelman2017,763,,,,,5336,q a.w.a,"['q', 'a.w.a']"
Cacra-Hongos-140_seeto-2,,Cacra-Hongos,140_seeto,rika-,rika-,l i k a,,shimelman2017,762,,,,,5335,l i k a,"['l', 'i', 'k', 'a']"
Chachapoyas-140_seeto-1,,Chachapoyas,140_seeto,"kawa, riku",kawa,k a w a,,taylor2006,763,,,,,5336,k a.w.a,"['k', 'a.w.a']"
Chachapoyas-140_seeto-2,,Chachapoyas,140_seeto,"kawa, riku",riku,r i k u,,taylor2006,762,,,,,5335,r i k u,"['r', 'i', 'k', 'u']"
Chacpar-140_seeto-1,,Chacpar,140_seeto,ri.ka.,ri.ka.,r i k a,,heggarty2005,762,,,,,5335,r i k a,"['r', 'i', 'k', 'a']"
Chetilla-140_seeto-1,,Chetilla,140_seeto,ri.ka.,ri.ka.,r i k a,,heggarty2005,762,,,,,5335,r i k a,"['r', 'i', 'k', 'a']"
Chipaya-140_seeto-1,,Chipaya,140_seeto,cher.z,cher.z,tʃ e r z,,heggarty2005,310,,,,,275,tʃ e r z,"['tʃ', 'e', 'r', 'z']"
Curva-140_seeto-1,,Curva,140_seeto,ri.ku.,ri.ku.,r i k u,,heggarty2005,762,,,,,5335,r i k u,"['r', 'i', 'k', 'u']"
Cuzco-140_seeto-1,,Cuzco,140_seeto,ri.ku.,ri.ku.,r i k u,,heggarty2005,762,,,,,5335,r i k u,"['r', 'i', 'k', 'u']"
CuzquenoAntiguo-140_seeto-1,,CuzquenoAntiguo,140_seeto,"ricuni, cahuani",ricuni,r i k u + n i,,holguin1608,762,,,,,5335 0,r i k u + n i,"['r', 'i', 'k', 'u', '+', 'n', 'i']"
CuzquenoAntiguo-140_seeto-2,,CuzquenoAntiguo,140_seeto,"ricuni, cahuani",cahuani,k a w a + n i,,holguin1608,763,,,,,5336 0,k a.w.a + n i,"['k', 'a.w.a', '+', 'n', 'i']"
Huallaga-140_seeto-1,,Huallaga,140_seeto,ri.ka.,ri.ka.,r i k a,,heggarty2005,762,,,,,5335,r i k a,"['r', 'i', 'k', 'a']"
Huanca-140_seeto-1,,Huanca,140_seeto,likay,likay,l i k a,,cerron2018,762,,,,,5335,l i k a,"['l', 'i', 'k', 'a']"
Huancane-140_seeto-1,,Huancane,140_seeto,"uñ, (uñ.xa.)",uñ,u ɲ,,heggarty2005,764,,,,,5339,u ɲ,"['u', 'ɲ']"
Huangascar-140_seeto-1,,Huangascar,140_seeto,qawa-,qawa-,q a w a,,shimelman2017,763,,,,,5336,q a.w.a,"['q', 'a.w.a']"
Huangascar-140_seeto-2,,Huangascar,140_seeto,rika-,rika-,ɾ i k a,,shimelman2017,762,,,,,5335,ɾ i k a,"['ɾ', 'i', 'k', 'a']"
HuarazHuailas-140_seeto-1,,HuarazHuailas,140_seeto,rikay,rikay,ɾ i k a,,parkerchavez1976,762,,,,,5335,ɾ i k a,"['ɾ', 'i', 'k', 'a']"
Imbabura-140_seeto-1,,Imbabura,140_seeto,rikuna,rikuna,ɾ i k u + n a,,gomez2009,762,,,,,5335 0,ɾ i k u + n a,"['ɾ', 'i', 'k', 'u', '+', 'n', 'a']"
Inkawasi-140_seeto-1,,Inkawasi,140_seeto,ri.ka.,ri.ka.,r i k a,,heggarty2005,762,,,,,5335,r i k a,"['r', 'i', 'k', 'a']"
Jaqaru-140_seeto-1,,Jaqaru,140_seeto,iλa.,iλa.,i ʎ a,,heggarty2005,766,,,,,5340,i ʎ a,"['i', 'ʎ', 'a']"
Kawki-140_seeto-1,,Kawki,140_seeto,iλa.,iλa.,i ʎ a,,heggarty2005,766,,,,,5340,i ʎ a,"['i', 'ʎ', 'a']"
Lamas-140_seeto-1,,Lamas,140_seeto,"kawa, riku",kawa,k a w a,,taylor2006,763,,,,,5336,k a.w.a,"['k', 'a.w.a']"
Lamas-140_seeto-2,,Lamas,140_seeto,"kawa, riku",riku,r i k u,,taylor2006,762,,,,,5335,r i k u,"['r', 'i', 'k', 'u']"
Laraos-140_seeto-1,,Laraos,140_seeto,ri.ka.,ri.ka.,r i k a,,heggarty2005,762,,,,,5335,r i k a,"['r', 'i', 'k', 'a']"
Lincha-Tana-140_seeto-1,,Lincha-Tana,140_seeto,qawa-,qawa-,q a w a,,shimelman2017,763,,,,,5336,q a.w.a,"['q', 'a.w.a']"
Lincha-Tana-140_seeto-2,,Lincha-Tana,140_seeto,rika-,rika-,l i k a,,shimelman2017,762,,,,,5335,l i k a,"['l', 'i', 'k', 'a']"
Maragua-140_seeto-1,,Maragua,140_seeto,ri.ku.,ri.ku.,r i k u,,heggarty2005,762,,,,,5335,r i k u,"['r', 'i', 'k', 'u']"
Napo-140_seeto-1,,Napo,140_seeto,ricuna,ricuna,r i k u + n a,,orrwrisley1981,762,,,,,5335 0,r i k u + n a,"['r', 'i', 'k', 'u', '+', 'n', 'a']"
Pacaraos-140_seeto-1,,Pacaraos,140_seeto,rika,rika,ɾ i k a,,adelaar1982,762,,,,,5335,ɾ i k a,"['ɾ', 'i', 'k', 'a']"
Pastaza-140_seeto-1,,Pastaza,140_seeto,ɾicuna,ɾicuna,ɾ i k u + n a,,landerman1973,762,,,,,5335 0,ɾ i k u + n a,"['ɾ', 'i', 'k', 'u', '+', 'n', 'a']"
Pocona-140_seeto-1,,Pocona,140_seeto,ri.ku.,ri.ku.,r i k u,,heggarty2005,762,,,,,5335,r i k u,"['r', 'i', 'k', 'u']"
Puki-140_seeto-1,,Puki,140_seeto,"iña,  (iñ.xa.)",iña,i ɲ a,,heggarty2005,766,,,,,5340,i ɲ a,"['i', 'ɲ', 'a']"
Puno-140_seeto-1,,Puno,140_seeto,ri.ku.,ri.ku.,r i k u,,heggarty2005,762,,,,,5335,r i k u,"['r', 'i', 'k', 'u']"
Putumayo-140_seeto-1,,Putumayo,140_seeto,cahua,cahua,k a w a,,tandioy1978,763,,,,,5336,k a.w.a,"['k', 'a.w.a']"
Raimondi-140_seeto-1,,Raimondi,140_seeto,rikay,rikay,ɾ i k a,,parkerchavez1976,762,,,,,5335,ɾ i k a,"['ɾ', 'i', 'k', 'a']"
SanPedro-140_seeto-1,,SanPedro,140_seeto,qawa-,qawa-,q a w a,,shimelman2017,763,,,,,5336,q a.w.a,"['q', 'a.w.a']"
SanPedro-140_seeto-2,,SanPedro,140_seeto,rika-,rika-,ɾ i k a,,shimelman2017,762,,,,,5335,ɾ i k a,"['ɾ', 'i', 'k', 'a']"
Santiagueno-140_seeto-1,,Santiagueno,140_seeto,qaay,qaay,q aː,,juanatey2021,763,,,,,5336,q aː,"['q', 'aː']"
SantoTomas-140_seeto-1,,SantoTomas,140_seeto,"ricuni, cauani",ricuni,r i k u + n i,,santotomas1951,762,,,,,5335 0,r i k u + n i,"['r', 'i', 'k', 'u', '+', 'n', 'i']"
SantoTomas-140_seeto-2,,SantoTomas,140_seeto,"ricuni, cauani",cauani,k a w a + n i,,santotomas1951,763,,,,,5336 0,k a.w.a + n i,"['k', 'a.w.a', '+', 'n', 'i']"
Serena-140_seeto-1,,Serena,140_seeto,ri.ku.,ri.ku.,r i k u,,heggarty2005,762,,,,,5335,r i k u,"['r', 'i', 'k', 'u']"
Sullkatiti-140_seeto-1,,Sullkatiti,140_seeto,"uñ,  (uñ.xa.)",uñ,u ɲ,,heggarty2005,764,,,,,5339,u ɲ,"['u', 'ɲ']"
Taquile-140_seeto-1,,Taquile,140_seeto,ri.ku.,ri.ku.,r i k u,,heggarty2005,762,,,,,5335,r i k u,"['r', 'i', 'k', 'u']"
Tarma-140_seeto-1,,Tarma,140_seeto,riga,riga,!ʐ/r i g a,,adelaar1977,762,,,,,5335,!ʐ/r i g a,"['!ʐ/r', 'i', 'g', 'a']"
Troje-140_seeto-1,,Troje,140_seeto,ři.ku.,ři.ku.,!r̝/r i k u,,heggarty2005,762,,,,,5335,!r̝/r i k u,"['!r̝/r', 'i', 'k', 'u']"
Wari-140_seeto-1,,Wari,140_seeto,rikay,rikay,ɾ i k a,,parkerchavez1976,762,,,,,5335,ɾ i k a,"['ɾ', 'i', 'k', 'a']"
Yanac-140_seeto-1,,Yanac,140_seeto,ri.ka.,ri.ka.,r i k a,,heggarty2005,762,,,,,5335,r i k a,"['r', 'i', 'k', 'a']"
Anonimo-141_hearto-1,,Anonimo,141_hearto,vyarini,vyarini,u j a + r i + n i,,valera1586,322,,,,,2819 0 0,u j a + r i + n i,"['u', 'j', 'a', '+', 'r', 'i', '+', 'n', 'i']"
Apuri-141_hearto-1,,Apuri,141_hearto,uyari,uyari,u j a,,shimelman2017,322,,,,,2819,u j a,"['u', 'j', 'a']"
Atalla-141_hearto-1,,Atalla,141_hearto,uya.ri.,uya.ri.,u j a + r i,,heggarty2005,322,,,,,2819 0,u j a + r i,"['u', 'j', 'a', '+', 'r', 'i']"
Ayacucho-141_hearto-1,,Ayacucho,141_hearto,uyari,uyari,u j a + ɾ i,,soto1976,322,,,,,2819 0,u j a + ɾ i,"['u', 'j', 'a', '+', 'ɾ', 'i']"
Bobonaza-141_hearto-1,,Bobonaza,141_hearto,uyana,uyana,u j a + n a,,orrwrisley1981,322,,,,,2819 0,u j a + n a,"['u', 'j', 'a', '+', 'n', 'a']"
Cacra-Hongos-141_hearto-1,,Cacra-Hongos,141_hearto,uyari,uyari,u j a,,shimelman2017,322,,,,,2819,u j a,"['u', 'j', 'a']"
Chachapoyas-141_hearto-1,,Chachapoyas,141_hearto,wiyari,wiyari,w i j a + r i,,taylor2006,66,,,,,139 0,w i j a + r i,"['w', 'i', 'j', 'a', '+', 'r', 'i']"
Chacpar-141_hearto-1,,Chacpar,141_hearto,wiya.,wiya.,w i j a,,heggarty2005,66,,,,,139,w i j a,"['w', 'i', 'j', 'a']"
Chetilla-141_hearto-1,,Chetilla,141_hearto,uya.,uya.,u j a,,heggarty2005,322,,,,,2819,u j a,"['u', 'j', 'a']"
Chipaya-141_hearto-1,,Chipaya,141_hearto,non.z,non.z,n o n z,,heggarty2005,324,,,,,2821,n o n z,"['n', 'o', 'n', 'z']"
Curva-141_hearto-1,,Curva,141_hearto,uya.ri.,uya.ri.,u j a + ɾ i,,heggarty2005,322,,,,,2819 0,u j a + ɾ i,"['u', 'j', 'a', '+', 'ɾ', 'i']"
Cuzco-141_hearto-1,,Cuzco,141_hearto,uya.ri.,uya.ri.,u j a + ɾ i,,heggarty2005,322,,,,,2819 0,u j a + ɾ i,"['u', 'j', 'a', '+', 'ɾ', 'i']"
CuzquenoAntiguo-141_hearto-1,,CuzquenoAntiguo,141_hearto,vyarini,vyarini,u j a + r i + n i,,holguin1608,322,,,,,2819 0 0,u j a + r i + n i,"['u', 'j', 'a', '+', 'r', 'i', '+', 'n', 'i']"
Huallaga-141_hearto-1,,Huallaga,141_hearto,wiya.,wiya.,w i j a,,heggarty2005,66,,,,,139,w i j a,"['w', 'i', 'j', 'a']"
Huanca-141_hearto-1,,Huanca,141_hearto,uyaliy,uyaliy,u j a + l i,,cerron2018,322,,,,,2819 0,u j a + l i,"['u', 'j', 'a', '+', 'l', 'i']"
Huancane-141_hearto-1,,Huancane,141_hearto,is.t'a.,is.t'a.,i s + tʼ a,,heggarty2005,325,,,,,2822 0,i s - - + tʼ a,"['i', 's', '+', 'tʼ', 'a']"
Huangascar-141_hearto-1,,Huangascar,141_hearto,uyari,uyari,u j a,,shimelman2017,322,,,,,2819,u j a,"['u', 'j', 'a']"
HuarazHuailas-141_hearto-1,,HuarazHuailas,141_hearto,wiyay,wiyay,w i j a,,parkerchavez1976,66,,,,,139,w i j a,"['w', 'i', 'j', 'a']"
Imbabura-141_hearto-1,,Imbabura,141_hearto,uyana,uyana,u j a + n a,,gomez2009,322,,,,,2819 0,u j a + n a,"['u', 'j', 'a', '+', 'n', 'a']"
Inkawasi-141_hearto-1,,Inkawasi,141_hearto,uya.,uya.,u j a,,heggarty2005,322,,,,,2819,u j a,"['u', 'j', 'a']"
Jaqaru-141_hearto-1,,Jaqaru,141_hearto,iša.pa.,iša.pa.,i ʃ a + p a,,heggarty2005,325,,,,,2822 0,i ʃ - a + p a,"['i', 'ʃ', 'a', '+', 'p', 'a']"
Kawki-141_hearto-1,,Kawki,141_hearto,iš(a).pa.,iš.pa.,i ʃ p a,,heggarty2005,325,,,,,2822,i ʃ p a,"['i', 'ʃ', 'p', 'a']"
Lamas-141_hearto-1,,Lamas,141_hearto,uyari,uyari,u j a + r i,,taylor2006,322,,,,,2819 0,u j a + r i,"['u', 'j', 'a', '+', 'r', 'i']"
Laraos-141_hearto-1,,Laraos,141_hearto,uya.ri.,uya.ri.,u j a,,heggarty2005,322,,,,,2819,u j a,"['u', 'j', 'a']"
Lincha-Tana-141_hearto-1,,Lincha-Tana,141_hearto,uyari,uyari,u j a,,shimelman2017,322,,,,,2819,u j a,"['u', 'j', 'a']"
Maragua-141_hearto-1,,Maragua,141_hearto,uya.ri.,uya.ri.,u j a + ɾ i,,heggarty2005,322,,,,,2819 0,u j a + ɾ i,"['u', 'j', 'a', '+', 'ɾ', 'i']"
Napo-141_hearto-1,,Napo,141_hearto,uyana,uyana,u j a + n a,,orrwrisley1981,322,,,,,2819 0,u j a + n a,"['u', 'j', 'a', '+', 'n', 'a']"
Pacaraos-141_hearto-1,,Pacaraos,141_hearto,uya,uya,u j a,,adelaar1982,322,,,,,2819,u j a,"['u', 'j', 'a']"
Pastaza-141_hearto-1,,Pastaza,141_hearto,uyana,uyana,u j a + n a,,landerman1973,322,,,,,2819 0,u j a + n a,"['u', 'j', 'a', '+', 'n', 'a']"
Pocona-141_hearto-1,,Pocona,141_hearto,uya.ri.,uya.ri.,u j a + ɾ i,,heggarty2005,322,,,,,2819 0,u j a + ɾ i,"['u', 'j', 'a', '+', 'ɾ', 'i']"
Puki-141_hearto-1,,Puki,141_hearto,is.t'a.,is.t'a.,i s tʼ a,,heggarty2005,325,,,,,2822,i s tʼ a,"['i', 's', 'tʼ', 'a']"
Puno-141_hearto-1,,Puno,141_hearto,uya.ri.,uya.ri.,u j a + ɾ i,,heggarty2005,322,,,,,2819 0,u j a + ɾ i,"['u', 'j', 'a', '+', 'ɾ', 'i']"
Putumayo-141_hearto-1,,Putumayo,141_hearto,uya,uya,u j a,,tandioy1978,322,,,,,2819,u j a,"['u', 'j', 'a']"
Raimondi-141_hearto-1,,Raimondi,141_hearto,wiyay,wiyay,w i j a,,parkerchavez1976,66,,,,,139,w i j a,"['w', 'i', 'j', 'a']"
SanPedro-141_hearto-1,,SanPedro,141_hearto,uyari,uyari,u j a,,shimelman2017,322,,,,,2819,u j a,"['u', 'j', 'a']"
Santiagueno-141_hearto-1,,Santiagueno,141_hearto,uyariy,uyariy,u j a + ɾ iː,,juanatey2021,322,,,,,2819 0,u j a + ɾ iː,"['u', 'j', 'a', '+', 'ɾ', 'iː']"
SantoTomas-141_hearto-1,,SantoTomas,141_hearto,oya,oya,o j a,,santotomas1951,322,,,,,2819,o j a,"['o', 'j', 'a']"
Serena-141_hearto-1,,Serena,141_hearto,uya.,uya.,u j a,,heggarty2005,322,,,,,2819,u j a,"['u', 'j', 'a']"
Sullkatiti-141_hearto-1,,Sullkatiti,141_hearto,is.t'a.,is.t'a.,i s tʼ a,,heggarty2005,325,,,,,2822,i s tʼ a,"['i', 's', 'tʼ', 'a']"
Taquile-141_hearto-1,,Taquile,141_hearto,uya.ri.,uya.ri.,u j a + ɾ i,,heggarty2005,322,,,,,2819 0,u j a + ɾ i,"['u', 'j', 'a', '+', 'ɾ', 'i']"
Tarma-141_hearto-1,,Tarma,141_hearto,uya,uya,u j a,,adelaar1977,322,,,,,2819,u j a,"['u', 'j', 'a']"
Troje-141_hearto-1,,Troje,141_hearto,uya.,uya.,u j a,,heggarty2005,322,,,,,2819,u j a,"['u', 'j', 'a']"
Wari-141_hearto-1,,Wari,141_hearto,wiyay,wiyay,w i j a,,parkerchavez1976,66,,,,,139,w i j a,"['w', 'i', 'j', 'a']"
Yanac-141_hearto-1,,Yanac,141_hearto,wiya.,wiya.,w i j a,,heggarty2005,66,,,,,139,w i j a,"['w', 'i', 'j', 'a']"
Anonimo-142_knowto-1,,Anonimo,142_knowto,yachani,yachani,j a tʃ a + n i,,valera1586,409,,,,,3326 0,j a tʃ a + n i,"['j', 'a', 'tʃ', 'a', '+', 'n', 'i']"
Apuri-142_knowto-1,,Apuri,142_knowto,yatra-,yatra-,j a ʈ a,,shimelman2017,409,,,,,3326,j a ʈ a,"['j', 'a', 'ʈ', 'a']"
Apurimac-142_knowto-1,,Apurimac,142_knowto,yacha,yacha,j a tʃ a,,camacho2007,409,,,,,3326,j a tʃ a,"['j', 'a', 'tʃ', 'a']"
Arma-142_knowto-1,,Arma,142_knowto,yacha,yacha,j a tʃ a,,galvez2003,409,,,,,3326,j a tʃ a,"['j', 'a', 'tʃ', 'a']"
Atalla-142_knowto-1,,Atalla,142_knowto,yača.,yača.,j a tʃ a,,heggarty2005,409,,,,,3326,j a tʃ a,"['j', 'a', 'tʃ', 'a']"
Ayacucho-142_knowto-1,,Ayacucho,142_knowto,yacha,yacha,j a tʃ a,,soto1976,409,,,,,3326,j a tʃ a,"['j', 'a', 'tʃ', 'a']"
Bobonaza-142_knowto-1,,Bobonaza,142_knowto,yachana,yachana,j a tʃ a + n a,,orrwrisley1981,409,,,,,3326 0,j a tʃ a + n a,"['j', 'a', 'tʃ', 'a', '+', 'n', 'a']"
Cacra-Hongos-142_knowto-1,,Cacra-Hongos,142_knowto,yatra-,yatra-,j a ʈ a,,shimelman2017,409,,,,,3326,j a ʈ a,"['j', 'a', 'ʈ', 'a']"
Chachapoyas-142_knowto-1,,Chachapoyas,142_knowto,yaĉa,yaĉa,j a ʈʂ a,,taylor2006,409,,,,,3326,j a ʈʂ a,"['j', 'a', 'ʈʂ', 'a']"
Chacpar-142_knowto-1,,Chacpar,142_knowto,yača.,yača.,j a tʃ a,,heggarty2005,409,,,,,3326,j a tʃ a,"['j', 'a', 'tʃ', 'a']"
Chetilla-142_knowto-1,,Chetilla,142_knowto,yaĉa.,yaĉa.,j a ʈʂ a,,heggarty2005,409,,,,,3326,j a ʈʂ a,"['j', 'a', 'ʈʂ', 'a']"
Chipaya-142_knowto-1,,Chipaya,142_knowto,zi.z,zi.z,z i z,,heggarty2005,410,,,,,3327,z i z,"['z', 'i', 'z']"
Curva-142_knowto-1,,Curva,142_knowto,yača.,yača.,j a tʃ a,,heggarty2005,409,,,,,3326,j a tʃ a,"['j', 'a', 'tʃ', 'a']"
Cuzco-142_knowto-1,,Cuzco,142_knowto,yača.,yača.,j a tʃ a,,heggarty2005,409,,,,,3326,j a tʃ a,"['j', 'a', 'tʃ', 'a']"
CuzquenoAntiguo-142_knowto-1,,CuzquenoAntiguo,142_knowto,yachani,yachani,j a tʃ a + n i,,holguin1608,409,,,,,3326 0,j a tʃ a + n i,"['j', 'a', 'tʃ', 'a', '+', 'n', 'i']"
Huallaga-142_knowto-1,,Huallaga,142_knowto,yača.,yača.,j a tʃ a,,heggarty2005,409,,,,,3326,j a tʃ a,"['j', 'a', 'tʃ', 'a']"
Huanca-142_knowto-1,,Huanca,142_knowto,yatray,yatray,j a ʈʂ a,,cerron2018,409,,,,,3326,j a ʈʂ a,"['j', 'a', 'ʈʂ', 'a']"
Huancane-142_knowto-1,,Huancane,142_knowto,yati.,yati.,j a t i,,heggarty2005,313,,,,,277,j a t i,"['j', 'a', 't', 'i']"
Huangascar-142_knowto-1,,Huangascar,142_knowto,yatra-,yatra-,j a ʈ a,,shimelman2017,409,,,,,3326,j a ʈ a,"['j', 'a', 'ʈ', 'a']"
HuarazHuailas-142_knowto-1,,HuarazHuailas,142_knowto,yachay,yachay,j a tʃ a,,parkerchavez1976,409,,,,,3326,j a tʃ a,"['j', 'a', 'tʃ', 'a']"
Imbabura-142_knowto-1,,Imbabura,142_knowto,yachana,yachana,j a tʃ a + n a,,gomez2009,409,,,,,3326 0,j a tʃ a + n a,"['j', 'a', 'tʃ', 'a', '+', 'n', 'a']"
Inkawasi-142_knowto-1,,Inkawasi,142_knowto,yaĉa.,yaĉa.,j a ʈʂ a,,heggarty2005,409,,,,,3326,j a ʈʂ a,"['j', 'a', 'ʈʂ', 'a']"
Jaqaru-142_knowto-1,,Jaqaru,142_knowto,yatyi.,yatyi.,j a tʲ i,,heggarty2005,313,,,,,277,j a tʲ i,"['j', 'a', 'tʲ', 'i']"
Kawki-142_knowto-1,,Kawki,142_knowto,yatyi.,yatyi.,j a tʲ i,,heggarty2005,313,,,,,277,j a tʲ i,"['j', 'a', 'tʲ', 'i']"
Lamas-142_knowto-1,,Lamas,142_knowto,yacha,yacha,j a tʃ a,,taylor2006,409,,,,,3326,j a tʃ a,"['j', 'a', 'tʃ', 'a']"
Laraos-142_knowto-1,,Laraos,142_knowto,yaĉa.,yaĉa.,j a ʈʂ a,,heggarty2005,409,,,,,3326,j a ʈʂ a,"['j', 'a', 'ʈʂ', 'a']"
Lincha-Tana-142_knowto-1,,Lincha-Tana,142_knowto,yatra-,yatra-,j a ʈ a,,shimelman2017,409,,,,,3326,j a ʈ a,"['j', 'a', 'ʈ', 'a']"
Maragua-142_knowto-1,,Maragua,142_knowto,yača.,yača.,j a tʃ a,,heggarty2005,409,,,,,3326,j a tʃ a,"['j', 'a', 'tʃ', 'a']"
Napo-142_knowto-1,,Napo,142_knowto,yachana,yachana,j a tʃ a + n a,,orrwrisley1981,409,,,,,3326 0,j a tʃ a + n a,"['j', 'a', 'tʃ', 'a', '+', 'n', 'a']"
Pacaraos-142_knowto-1,,Pacaraos,142_knowto,yatra,yatra,j a ʈʂ a,,adelaar1982,409,,,,,3326,j a ʈʂ a,"['j', 'a', 'ʈʂ', 'a']"
Pastaza-142_knowto-1,,Pastaza,142_knowto,yachana,yachana,j a tʃ a + n a,,landerman1973,409,,,,,3326 0,j a tʃ a + n a,"['j', 'a', 'tʃ', 'a', '+', 'n', 'a']"
Pocona-142_knowto-1,,Pocona,142_knowto,yača.,yača.,j a tʃ a,,heggarty2005,409,,,,,3326,j a tʃ a,"['j', 'a', 'tʃ', 'a']"
Puki-142_knowto-1,,Puki,142_knowto,yati.,yati.,j a t i,,heggarty2005,313,,,,,277,j a t i,"['j', 'a', 't', 'i']"
Puno-142_knowto-1,,Puno,142_knowto,yača.,yača.,j a tʃ a,,heggarty2005,409,,,,,3326,j a tʃ a,"['j', 'a', 'tʃ', 'a']"
Putumayo-142_knowto-1,,Putumayo,142_knowto,yacha,yacha,j a tʃ a,,tandioy1978,409,,,,,3326,j a tʃ a,"['j', 'a', 'tʃ', 'a']"
Raimondi-142_knowto-1,,Raimondi,142_knowto,yachay,yachay,j a tʃ a,,parkerchavez1976,409,,,,,3326,j a tʃ a,"['j', 'a', 'tʃ', 'a']"
SanPedro-142_knowto-1,,SanPedro,142_knowto,yatra-,yatra-,j a ʈ a,,shimelman2017,409,,,,,3326,j a ʈ a,"['j', 'a', 'ʈ', 'a']"
Santiagueno-142_knowto-1,,Santiagueno,142_knowto,yachay,yachay,j a tʃ a,,juanatey2021,409,,,,,3326,j a tʃ a,"['j', 'a', 'tʃ', 'a']"
SantoTomas-142_knowto-1,,SantoTomas,142_knowto,yachani,yachani,j a tʃ a + n i,,santotomas1951,409,,,,,3326 0,j a tʃ a + n i,"['j', 'a', 'tʃ', 'a', '+', 'n', 'i']"
Serena-142_knowto-1,,Serena,142_knowto,yača.,yača.,j a tʃ a,,heggarty2005,409,,,,,3326,j a tʃ a,"['j', 'a', 'tʃ', 'a']"
Sullkatiti-142_knowto-1,,Sullkatiti,142_knowto,yati.,yati.,j a t i,,heggarty2005,313,,,,,277,j a t i,"['j', 'a', 't', 'i']"
Taquile-142_knowto-1,,Taquile,142_knowto,yača.,yača.,j a tʃ a,,heggarty2005,409,,,,,3326,j a tʃ a,"['j', 'a', 'tʃ', 'a']"
Tarma-142_knowto-1,,Tarma,142_knowto,yaĉa,yaĉa,j a ʈʂ a,,adelaar1977,409,,,,,3326,j a ʈʂ a,"['j', 'a', 'ʈʂ', 'a']"
Troje-142_knowto-1,,Troje,142_knowto,yača.,yača.,j a tʃ a,,heggarty2005,409,,,,,3326,j a tʃ a,"['j', 'a', 'tʃ', 'a']"
Wari-142_knowto-1,,Wari,142_knowto,yachay,yachay,j a tʃ a,,parkerchavez1976,409,,,,,3326,j a tʃ a,"['j', 'a', 'tʃ', 'a']"
Yanac-142_knowto-1,,Yanac,142_knowto,yaĉa.,yaĉa.,j a ʈʂ a,,heggarty2005,409,,,,,3326,j a ʈʂ a,"['j', 'a', 'ʈʂ', 'a']"
Anonimo-143_thinkoveraboutto-1,,Anonimo,143_thinkoveraboutto,yuyani,yuyani,j u j a + n i,,valera1586,901,,,,,6655 0,j u j a + n i,"['j', 'u', 'j', 'a', '+', 'n', 'i']"
Apurimac-143_thinkoveraboutto-1,,Apurimac,143_thinkoveraboutto,yuya,yuya,j u j a,,camacho2007,901,,,,,6655,j u j a,"['j', 'u', 'j', 'a']"
Arma-143_thinkoveraboutto-1,,Arma,143_thinkoveraboutto,yuya,yuya,j u j a,,galvez2003,901,,,,,6655,j u j a,"['j', 'u', 'j', 'a']"
Atalla-143_thinkoveraboutto-1,,Atalla,143_thinkoveraboutto,yuya.,yuya.,j u j a,,heggarty2005,901,,,,,6655,j u j a,"['j', 'u', 'j', 'a']"
Ayacucho-143_thinkoveraboutto-1,,Ayacucho,143_thinkoveraboutto,yuya,yuya,j u j a,,soto1976,901,,,,,6655,j u j a,"['j', 'u', 'j', 'a']"
Bobonaza-143_thinkoveraboutto-1,,Bobonaza,143_thinkoveraboutto,yuyana,yuyana,j u j a + n a,,orrwrisley1981,901,,,,,6655 0,j u j a + n a,"['j', 'u', 'j', 'a', '+', 'n', 'a']"
Chachapoyas-143_thinkoveraboutto-1,,Chachapoyas,143_thinkoveraboutto,yuya,yuya,j u j a,,taylor2006,901,,,,,6655,j u j a,"['j', 'u', 'j', 'a']"
Chacpar-143_thinkoveraboutto-1,,Chacpar,143_thinkoveraboutto,yarpa.,yarpa.,j a r p a,,heggarty2005,902,,,,,6656,j a r p a,"['j', 'a', 'r', 'p', 'a']"
Chetilla-143_thinkoveraboutto-1,,Chetilla,143_thinkoveraboutto,yuya.,yuya.,j u j a,,heggarty2005,901,,,,,6655,j u j a,"['j', 'u', 'j', 'a']"
Chipaya-143_thinkoveraboutto-1,,Chipaya,143_thinkoveraboutto,lap'i.zí.z,lap'i.zí.z,l a pʼ i z i z,,heggarty2005,903,,,,,6657,l a pʼ i z i z,"['l', 'a', 'pʼ', 'i', 'z', 'i', 'z']"
Curva-143_thinkoveraboutto-1,,Curva,143_thinkoveraboutto,yarpa.,yarpa.,j a r p a,,heggarty2005,902,,,,,6656,j a r p a,"['j', 'a', 'r', 'p', 'a']"
Cuzco-143_thinkoveraboutto-1,,Cuzco,143_thinkoveraboutto,yuya.,yuya.,j u j a,,heggarty2005,901,,,,,6655,j u j a,"['j', 'u', 'j', 'a']"
CuzquenoAntiguo-143_thinkoveraboutto-1,,CuzquenoAntiguo,143_thinkoveraboutto,yuyani,yuyani,j u j a + n i,,holguin1608,901,,,,,6655 0,j u j a + n i,"['j', 'u', 'j', 'a', '+', 'n', 'i']"
Huallaga-143_thinkoveraboutto-1,,Huallaga,143_thinkoveraboutto,yarpa.,yarpa.,j a r p a,,heggarty2005,902,,,,,6656,j a r p a,"['j', 'a', 'r', 'p', 'a']"
Huanca-143_thinkoveraboutto-1,,Huanca,143_thinkoveraboutto,"yaynitʃakuy, yaynikatray",yaynitʃakuy,j ai n i + tʃ a + k u,,cerron2018,241,,,,,233 0 0,j ai n i + tʃ a + k u,"['j', 'ai', 'n', 'i', '+', 'tʃ', 'a', '+', 'k', 'u']"
Huanca-143_thinkoveraboutto-2,,Huanca,143_thinkoveraboutto,"yaynitʃakuy, yaynikatray",yaynikatray,j ai n i + k a + ʈʂ a,,cerron2018,241,,,,,233 0 0,j ai n i + k a + ʈʂ a,"['j', 'ai', 'n', 'i', '+', 'k', 'a', '+', 'ʈʂ', 'a']"
Huanca-143_thinkoveraboutto-3,,Huanca,143_thinkoveraboutto,umatʃakuy,umatʃakuy,u m a + tʃ a + k u,,cerron2018,312,,,,,2769 0 0,( - ) u m a + tʃ a + k u,"['u', 'm', 'a', '+', 'tʃ', 'a', '+', 'k', 'u']"
Huancane-143_thinkoveraboutto-1,,Huancane,143_thinkoveraboutto,amuy.t'a.,amuy.t'a.,a m ui + tʼ a,,heggarty2005,900,,,,,6654 0,a m ui + tʼ a,"['a', 'm', 'ui', '+', 'tʼ', 'a']"
HuarazHuailas-143_thinkoveraboutto-1,,HuarazHuailas,143_thinkoveraboutto,yarpay,yarpay,j a ɾ p a,,parkerchavez1976,902,,,,,6656,j a ɾ p a,"['j', 'a', 'ɾ', 'p', 'a']"
Imbabura-143_thinkoveraboutto-1,,Imbabura,143_thinkoveraboutto,yuyana,yuyana,j u j a + n a,,gomez2009,901,,,,,6655 0,j u j a + n a,"['j', 'u', 'j', 'a', '+', 'n', 'a']"
Inkawasi-143_thinkoveraboutto-1,,Inkawasi,143_thinkoveraboutto,yarbu.,yarbu.,j a r p a,,heggarty2005,902,,,,,6656,j a r p a,"['j', 'a', 'r', 'p', 'a']"
Jaqaru-143_thinkoveraboutto-1,,Jaqaru,143_thinkoveraboutto,yuya.,yuya.,j u j a,,heggarty2005,339,,,,,292,j u j a,"['j', 'u', 'j', 'a']"
Kawki-143_thinkoveraboutto-1,,Kawki,143_thinkoveraboutto,yuya.,yuya.,j u j a,,heggarty2005,339,,,,,292,j u j a,"['j', 'u', 'j', 'a']"
Lamas-143_thinkoveraboutto-1,,Lamas,143_thinkoveraboutto,yuya,yuya,j u j a,,taylor2006,901,,,,,6655,j u j a,"['j', 'u', 'j', 'a']"
Laraos-143_thinkoveraboutto-1,,Laraos,143_thinkoveraboutto,yarpa.,yarpa.,j a r p a,,heggarty2005,902,,,,,6656,j a r p a,"['j', 'a', 'r', 'p', 'a']"
Maragua-143_thinkoveraboutto-1,,Maragua,143_thinkoveraboutto,t'uku.,t'uku.,tʼ u k u,,heggarty2005,905,,,,,6660,tʼ u k u,"['tʼ', 'u', 'k', 'u']"
Napo-143_thinkoveraboutto-1,,Napo,143_thinkoveraboutto,yuyana,yuyana,j u j a + n a,,orrwrisley1981,901,,,,,6655 0,j u j a + n a,"['j', 'u', 'j', 'a', '+', 'n', 'a']"
Pacaraos-143_thinkoveraboutto-1,,Pacaraos,143_thinkoveraboutto,yarpa,yarpa,j a ɾ p a,,adelaar1982,902,,,,,6656,j a ɾ p a,"['j', 'a', 'ɾ', 'p', 'a']"
Pastaza-143_thinkoveraboutto-1,,Pastaza,143_thinkoveraboutto,yuyarina,yuyarina,j u j a + r i + n a,,landerman1973,901,,,,,6655 0 0,j u j a + r i + n a,"['j', 'u', 'j', 'a', '+', 'r', 'i', '+', 'n', 'a']"
Pocona-143_thinkoveraboutto-1,,Pocona,143_thinkoveraboutto,t'uku.,t'uku.,tʼ u k u,,heggarty2005,905,,,,,6660,tʼ u k u,"['tʼ', 'u', 'k', 'u']"
Puki-143_thinkoveraboutto-1,,Puki,143_thinkoveraboutto,amuy.t'a.,amuy.t'a.,a m ui + tʼ a,,heggarty2005,900,,,,,6654 0,a m ui + tʼ a,"['a', 'm', 'ui', '+', 'tʼ', 'a']"
Puno-143_thinkoveraboutto-1,,Puno,143_thinkoveraboutto,yuya.,yuya.,j u j a,,heggarty2005,901,,,,,6655,j u j a,"['j', 'u', 'j', 'a']"
Putumayo-143_thinkoveraboutto-1,,Putumayo,143_thinkoveraboutto,yuya,yuya,j u j a,,tandioy1978,901,,,,,6655,j u j a,"['j', 'u', 'j', 'a']"
Raimondi-143_thinkoveraboutto-1,,Raimondi,143_thinkoveraboutto,yarpay,yarpay,j a ɾ p a,,parkerchavez1976,902,,,,,6656,j a ɾ p a,"['j', 'a', 'ɾ', 'p', 'a']"
Santiagueno-143_thinkoveraboutto-1,,Santiagueno,143_thinkoveraboutto,yachay,yachay,j a tʃ a,,juanatey2021,409,,,,,3326,j a tʃ a,"['j', 'a', 'tʃ', 'a']"
SantoTomas-143_thinkoveraboutto-1,,SantoTomas,143_thinkoveraboutto,yuyani,yuyani,j u j a + n i,,santotomas1951,901,,,,,6655 0,j u j a + n i,"['j', 'u', 'j', 'a', '+', 'n', 'i']"
Serena-143_thinkoveraboutto-1,,Serena,143_thinkoveraboutto,yuya.,yuya.,j u j a,,heggarty2005,901,,,,,6655,j u j a,"['j', 'u', 'j', 'a']"
Sullkatiti-143_thinkoveraboutto-1,,Sullkatiti,143_thinkoveraboutto,amuy.t'a.,amuy.t'a.,a m ui + tʼ a,,heggarty2005,900,,,,,6654 0,a m ui + tʼ a,"['a', 'm', 'ui', '+', 'tʼ', 'a']"
Taquile-143_thinkoveraboutto-1,,Taquile,143_thinkoveraboutto,yuya.,yuya.,j u j a,,heggarty2005,901,,,,,6655,j u j a,"['j', 'u', 'j', 'a']"
Tarma-143_thinkoveraboutto-1,,Tarma,143_thinkoveraboutto,yarba,yarba,j a ɾ b a,,adelaar1977,902,,,,,6656,j a ɾ b a,"['j', 'a', 'ɾ', 'b', 'a']"
Troje-143_thinkoveraboutto-1,,Troje,143_thinkoveraboutto,yuya.,yuya.,j u j a,,heggarty2005,901,,,,,6655,j u j a,"['j', 'u', 'j', 'a']"
Wari-143_thinkoveraboutto-1,,Wari,143_thinkoveraboutto,yarpay,yarpay,j a ɾ p a,,parkerchavez1976,902,,,,,6656,j a ɾ p a,"['j', 'a', 'ɾ', 'p', 'a']"
Yanac-143_thinkoveraboutto-1,,Yanac,143_thinkoveraboutto,yarpa.,yarpa.,j a r p a,,heggarty2005,902,,,,,6656,j a r p a,"['j', 'a', 'r', 'p', 'a']"
Anonimo-144_speakto-1,,Anonimo,144_speakto,rimani rimarini,rimani rimarini,r i m a + n i,,valera1586,857,,,,,6056 0,r i m a + n i,"['r', 'i', 'm', 'a', '+', 'n', 'i']"
Apuri-144_speakto-1,,Apuri,144_speakto,rima-,rima-,ɾ i m a,,shimelman2017,857,,,,,6056,ɾ i m a,"['ɾ', 'i', 'm', 'a']"
Apurimac-144_speakto-1,,Apurimac,144_speakto,parla,parla,p a r l a,,camacho2007,908,,,,esp,67,p a r l a,"['p', 'a', 'r', 'l', 'a']"
Apurimac-144_speakto-2,,Apurimac,144_speakto,rima,rima,r i m a,,camacho2007,857,,,,,6056,r i m a,"['r', 'i', 'm', 'a']"
Arma-144_speakto-1,,Arma,144_speakto,rima,rima,ɾ i m a,,galvez2003,857,,,,,6056,ɾ i m a,"['ɾ', 'i', 'm', 'a']"
Atalla-144_speakto-1,,Atalla,144_speakto,parla.,parla.,p a r l a,,heggarty2005,716,,,,esp,509,p a r l a,"['p', 'a', 'r', 'l', 'a']"
Ayacucho-144_speakto-1,,Ayacucho,144_speakto,rima,rima,ɾ i m a,,soto1976,857,,,,,6056,ɾ i m a,"['ɾ', 'i', 'm', 'a']"
Bobonaza-144_speakto-1,,Bobonaza,144_speakto,rimana,rimana,r i m a + n a,,orrwrisley1981,857,,,,,6056 0,r i m a + n a,"['r', 'i', 'm', 'a', '+', 'n', 'a']"
Cacra-Hongos-144_speakto-1,,Cacra-Hongos,144_speakto,rima-,rima-,l i m a,,shimelman2017,857,,,,,6056,l i m a,"['l', 'i', 'm', 'a']"
Chachapoyas-144_speakto-1,,Chachapoyas,144_speakto,rima,rima,r i m a,,taylor2006,857,,,,,6056,r i m a,"['r', 'i', 'm', 'a']"
Chacpar-144_speakto-1,,Chacpar,144_speakto,parla.,parla.,p a r l a,,heggarty2005,718,,,,esp,510,p a r l a,"['p', 'a', 'r', 'l', 'a']"
Chetilla-144_speakto-1,,Chetilla,144_speakto,rima.,rima.,r i m a,,heggarty2005,857,,,,,6056,r i m a,"['r', 'i', 'm', 'a']"
Chipaya-144_speakto-1,,Chipaya,144_speakto,chhiy.z,chhiy.z,tʃ h i j z,,heggarty2005,858,,,,,6059,tʃ h i j z,"['tʃ', 'h', 'i', 'j', 'z']"
Curva-144_speakto-1,,Curva,144_speakto,rima.,rima.,r i m a,,heggarty2005,857,,,,,6056,r i m a,"['r', 'i', 'm', 'a']"
Cuzco-144_speakto-1,,Cuzco,144_speakto,rima.,rima.,r i m a,,heggarty2005,857,,,,,6056,r i m a,"['r', 'i', 'm', 'a']"
CuzquenoAntiguo-144_speakto-1,,CuzquenoAntiguo,144_speakto,rimani,rimani,r i m a + n i,,holguin1608,857,,,,,6056 0,r i m a + n i,"['r', 'i', 'm', 'a', '+', 'n', 'i']"
Huallaga-144_speakto-1,,Huallaga,144_speakto,parla.,parla.,p a r l a,,heggarty2005,719,,,,esp,511,p a r l a,"['p', 'a', 'r', 'l', 'a']"
Huanca-144_speakto-1,,Huanca,144_speakto,limay,limay,l i m a,,cerron2018,857,,,,,6056,l i m a,"['l', 'i', 'm', 'a']"
Huancane-144_speakto-1,,Huancane,144_speakto,pala.,pala.,p a l a,,heggarty2005,340,,,,,293,p a - l a,"['p', 'a', 'l', 'a']"
Huangascar-144_speakto-1,,Huangascar,144_speakto,rima-,rima-,ɾ i m a,,shimelman2017,857,,,,,6056,ɾ i m a,"['ɾ', 'i', 'm', 'a']"
HuarazHuailas-144_speakto-1,,HuarazHuailas,144_speakto,parlay,parlay,p a ɾ l a,,parkerchavez1976,720,,,,esp,512,p a ɾ l a,"['p', 'a', 'ɾ', 'l', 'a']"
Imbabura-144_speakto-1,,Imbabura,144_speakto,rimana,rimana,ɾ i m a + n a,,gomez2009,857,,,,,6056 0,ɾ i m a + n a,"['ɾ', 'i', 'm', 'a', '+', 'n', 'a']"
Inkawasi-144_speakto-1,,Inkawasi,144_speakto,rima.,rima.,r i m a,,heggarty2005,857,,,,,6056,r i m a,"['r', 'i', 'm', 'a']"
Jaqaru-144_speakto-1,,Jaqaru,144_speakto,aru.,aru.,a r u,,heggarty2005,860,,,,,6061,a r u,"['a', 'r', 'u']"
Kawki-144_speakto-1,,Kawki,144_speakto,aru.,aru.,a r u,,heggarty2005,860,,,,,6061,a r u,"['a', 'r', 'u']"
Lamas-144_speakto-1,,Lamas,144_speakto,rima,rima,r i m a,,taylor2006,857,,,,,6056,r i m a,"['r', 'i', 'm', 'a']"
Laraos-144_speakto-1,,Laraos,144_speakto,rima.,rima.,r i m a,,heggarty2005,857,,,,,6056,r i m a,"['r', 'i', 'm', 'a']"
Lincha-Tana-144_speakto-1,,Lincha-Tana,144_speakto,rima-,rima-,l i m a,,shimelman2017,857,,,,,6056,l i m a,"['l', 'i', 'm', 'a']"
Maragua-144_speakto-1,,Maragua,144_speakto,parla.,parla.,p a r l a,,heggarty2005,724,,,,esp,513,p a r l a,"['p', 'a', 'r', 'l', 'a']"
Napo-144_speakto-1,,Napo,144_speakto,rimana,rimana,r i m a + n a,,orrwrisley1981,857,,,,,6056 0,r i m a + n a,"['r', 'i', 'm', 'a', '+', 'n', 'a']"
Pacaraos-144_speakto-1,,Pacaraos,144_speakto,parla,parla,p a ɾ l a,,adelaar1982,726,,,,esp,514,p a ɾ l a,"['p', 'a', 'ɾ', 'l', 'a']"
Pastaza-144_speakto-1,,Pastaza,144_speakto,parlana,parlana,p a r l a + n a,,landerman1973,727,,,,esp,515 0,p a r l a + n a,"['p', 'a', 'r', 'l', 'a', '+', 'n', 'a']"
Pastaza-144_speakto-2,,Pastaza,144_speakto,rimana,rimana,ɾ i m a + n a,,landerman1973,857,,,,,6056 0,ɾ i m a + n a,"['ɾ', 'i', 'm', 'a', '+', 'n', 'a']"
Pocona-144_speakto-1,,Pocona,144_speakto,parla.,parla.,p a r l a,,heggarty2005,741,,,,esp,521,p a r l a,"['p', 'a', 'r', 'l', 'a']"
Puki-144_speakto-1,,Puki,144_speakto,parla.,parla.,p a r l a,,heggarty2005,340,,,,,293,p a r l a,"['p', 'a', 'r', 'l', 'a']"
Puno-144_speakto-1,,Puno,144_speakto,rima.,rima.,r i m a,,heggarty2005,857,,,,,6056,r i m a,"['r', 'i', 'm', 'a']"
Putumayo-144_speakto-1,,Putumayo,144_speakto,rima,rima,r i m a,,tandioy1978,857,,,,,6056,r i m a,"['r', 'i', 'm', 'a']"
Raimondi-144_speakto-1,,Raimondi,144_speakto,parlay,parlay,p a ɾ l a,,parkerchavez1976,738,,,,esp,519,p a ɾ l a,"['p', 'a', 'ɾ', 'l', 'a']"
SanPedro-144_speakto-1,,SanPedro,144_speakto,rima-,rima-,ɾ i m a,,shimelman2017,857,,,,,6056,ɾ i m a,"['ɾ', 'i', 'm', 'a']"
Santiagueno-144_speakto-1,,Santiagueno,144_speakto,rimay,rimay,ɾ i m a,,juanatey2021,857,,,,,6056,ɾ i m a,"['ɾ', 'i', 'm', 'a']"
SantoTomas-144_speakto-1,,SantoTomas,144_speakto,rimani,rimani,r i m a + n i,,santotomas1951,857,,,,,6056 0,r i m a + n i,"['r', 'i', 'm', 'a', '+', 'n', 'i']"
Serena-144_speakto-1,,Serena,144_speakto,rima.,rima.,r i m a,,heggarty2005,857,,,,,6056,r i m a,"['r', 'i', 'm', 'a']"
Sullkatiti-144_speakto-1,,Sullkatiti,144_speakto,parla.,parla.,p a r l a,,heggarty2005,340,,,,,293,p a r l a,"['p', 'a', 'r', 'l', 'a']"
Taquile-144_speakto-1,,Taquile,144_speakto,rima.,rima.,r i m a,,heggarty2005,857,,,,,6056,r i m a,"['r', 'i', 'm', 'a']"
Tarma-144_speakto-1,,Tarma,144_speakto,rima,rima,!ʐ/r i m a,,adelaar1977,857,,,,,6056,!ʐ/r i m a,"['!ʐ/r', 'i', 'm', 'a']"
Troje-144_speakto-1,,Troje,144_speakto,řima.,řima.,!r̝/r i m a,,heggarty2005,857,,,,,6056,!r̝/r i m a,"['!r̝/r', 'i', 'm', 'a']"
Wari-144_speakto-1,,Wari,144_speakto,parlay,parlay,p a ɾ l a,,parkerchavez1976,740,,,,esp,520,p a ɾ l a,"['p', 'a', 'ɾ', 'l', 'a']"
Yanac-144_speakto-1,,Yanac,144_speakto,parla.,parla.,p a r l a,,heggarty2005,742,,,,esp,522,p a r l a,"['p', 'a', 'r', 'l', 'a']"
Anonimo-145_laughto-1,,Anonimo,145_laughto,"acini, acicuni",acini,a s i + n i,,valera1586,416,,,,,3376 0,a s i + n i,"['a', 's', 'i', '+', 'n', 'i']"
Anonimo-145_laughto-2,,Anonimo,145_laughto,"acini, acicuni",acicuni,a s i + k u + n i,,valera1586,416,,,,,3376 0 0,a s i + k u + n i,"['a', 's', 'i', '+', 'k', 'u', '+', 'n', 'i']"
Apuri-145_laughto-1,,Apuri,145_laughto,asi-,asi-,a s i,,shimelman2017,416,,,,,3376,a s i,"['a', 's', 'i']"
Apurimac-145_laughto-1,,Apurimac,145_laughto,asi,asi,a s i,,camacho2007,416,,,,,3376,a s i,"['a', 's', 'i']"
Arma-145_laughto-1,,Arma,145_laughto,asi,asi,a s i,,galvez2003,416,,,,,3376,a s i,"['a', 's', 'i']"
Atalla-145_laughto-1,,Atalla,145_laughto,asi.,asi.,a s i,,heggarty2005,416,,,,,3376,a s i,"['a', 's', 'i']"
Ayacucho-145_laughto-1,,Ayacucho,145_laughto,asi,asi,a s i,,soto1976,416,,,,,3376,a s i,"['a', 's', 'i']"
Bobonaza-145_laughto-1,,Bobonaza,145_laughto,asina,asina,a s i + n a,,orrwrisley1981,416,,,,,3376 0,a s i + n a,"['a', 's', 'i', '+', 'n', 'a']"
Cacra-Hongos-145_laughto-1,,Cacra-Hongos,145_laughto,asi-,asi-,a s i,,shimelman2017,416,,,,,3376,a s i,"['a', 's', 'i']"
Chachapoyas-145_laughto-1,,Chachapoyas,145_laughto,asi,asi,a s i,,taylor2006,416,,,,,3376,a s i,"['a', 's', 'i']"
Chacpar-145_laughto-1,,Chacpar,145_laughto,asi.,asi.,a s i,,heggarty2005,416,,,,,3376,a s i,"['a', 's', 'i']"
Chetilla-145_laughto-1,,Chetilla,145_laughto,asi.,asi.,a s i,,heggarty2005,416,,,,,3376,a s i,"['a', 's', 'i']"
Chipaya-145_laughto-1,,Chipaya,145_laughto,thaz.z,thaz.z,tʰ a z z,,heggarty2005,242,,,,,234,tʰ a z z,"['tʰ', 'a', 'z', 'z']"
Curva-145_laughto-1,,Curva,145_laughto,asi.,asi.,a s i,,heggarty2005,416,,,,,3376,a s i,"['a', 's', 'i']"
Cuzco-145_laughto-1,,Cuzco,145_laughto,asi.,asi.,a s i,,heggarty2005,416,,,,,3376,a s i,"['a', 's', 'i']"
CuzquenoAntiguo-145_laughto-1,,CuzquenoAntiguo,145_laughto,acini,acini,a s i + n i,,holguin1608,416,,,,,3376 0,a s i + n i,"['a', 's', 'i', '+', 'n', 'i']"
Huallaga-145_laughto-1,,Huallaga,145_laughto,asi.,asi.,a s i,,heggarty2005,416,,,,,3376,a s i,"['a', 's', 'i']"
Huanca-145_laughto-1,,Huanca,145_laughto,asiy,asiy,a s i,,cerron1976,416,,,,,3376,a s i,"['a', 's', 'i']"
Jauja-145_laughto-1,,Jauja,145_laughto,asiy,asiy,a s i,,cerron1976,416,,,,,3376,a s i,"['a', 's', 'i']"
Huancane-145_laughto-1,,Huancane,145_laughto,laru.,laru.,l a r u,,heggarty2005,417,,,,,3378,l a r u,"['l', 'a', 'r', 'u']"
Huangascar-145_laughto-1,,Huangascar,145_laughto,asi-,asi-,a s i,,shimelman2017,416,,,,,3376,a s i,"['a', 's', 'i']"
HuarazHuailas-145_laughto-1,,HuarazHuailas,145_laughto,asiy,asiy,a s i,,parkerchavez1976,416,,,,,3376,a s i,"['a', 's', 'i']"
Imbabura-145_laughto-1,,Imbabura,145_laughto,asina,asina,a s i + n a,,gomez2009,416,,,,,3376 0,a s i + n a,"['a', 's', 'i', '+', 'n', 'a']"
Inkawasi-145_laughto-1,,Inkawasi,145_laughto,asi.,asi.,a s i,,heggarty2005,416,,,,,3376,a s i,"['a', 's', 'i']"
Jaqaru-145_laughto-1,,Jaqaru,145_laughto,naru.,naru.,n a r u,,heggarty2005,417,,,,,3378,n a r u,"['n', 'a', 'r', 'u']"
Kawki-145_laughto-1,,Kawki,145_laughto,naru.,naru.,n a r u,,heggarty2005,417,,,,,3378,n a r u,"['n', 'a', 'r', 'u']"
Lamas-145_laughto-1,,Lamas,145_laughto,asi,asi,a s i,,taylor2006,416,,,,,3376,a s i,"['a', 's', 'i']"
Laraos-145_laughto-1,,Laraos,145_laughto,asi.,asi.,a s i,,heggarty2005,416,,,,,3376,a s i,"['a', 's', 'i']"
Lincha-Tana-145_laughto-1,,Lincha-Tana,145_laughto,asi-,asi-,a s i,,shimelman2017,416,,,,,3376,a s i,"['a', 's', 'i']"
Maragua-145_laughto-1,,Maragua,145_laughto,asi.,asi.,a s i,,heggarty2005,416,,,,,3376,a s i,"['a', 's', 'i']"
Napo-145_laughto-1,,Napo,145_laughto,asina,asina,a s i + n a,,orrwrisley1981,416,,,,,3376 0,a s i + n a,"['a', 's', 'i', '+', 'n', 'a']"
Pacaraos-145_laughto-1,,Pacaraos,145_laughto,ayi,ayi,a j i,,adelaar1982,416,,,,,3376,a j i,"['a', 'j', 'i']"
Pastaza-145_laughto-1,,Pastaza,145_laughto,asina,asina,a s i + n a,,landerman1973,416,,,,,3376 0,a s i + n a,"['a', 's', 'i', '+', 'n', 'a']"
Pocona-145_laughto-1,,Pocona,145_laughto,asi.,asi.,a s i,,heggarty2005,416,,,,,3376,a s i,"['a', 's', 'i']"
Puki-145_laughto-1,,Puki,145_laughto,laru.,laru.,l a r u,,heggarty2005,417,,,,,3378,l a r u,"['l', 'a', 'r', 'u']"
Puno-145_laughto-1,,Puno,145_laughto,asi.,asi.,a s i,,heggarty2005,416,,,,,3376,a s i,"['a', 's', 'i']"
Putumayo-145_laughto-1,,Putumayo,145_laughto,asi,asi,a s i,,tandioy1978,416,,,,,3376,a s i,"['a', 's', 'i']"
Raimondi-145_laughto-1,,Raimondi,145_laughto,asiy,asiy,a s i,,parkerchavez1976,416,,,,,3376,a s i,"['a', 's', 'i']"
SanPedro-145_laughto-1,,SanPedro,145_laughto,asi-,asi-,a s i,,shimelman2017,416,,,,,3376,a s i,"['a', 's', 'i']"
Santiagueno-145_laughto-1,,Santiagueno,145_laughto,asiy,asiy,a s !iː/i,,juanatey2021,416,,,,,3376,a s !iː/i,"['a', 's', '!iː/i']"
SantoTomas-145_laughto-1,,SantoTomas,145_laughto,"acini, acucini",acini,a s i + n i,,santotomas1951,416,,,,,3376 0,a s i + n i,"['a', 's', 'i', '+', 'n', 'i']"
SantoTomas-145_laughto-2,,SantoTomas,145_laughto,"acini, acucini",acucini,a k u + s i + n i,,santotomas1951,243,,,,,235 0 0,a k u + s i + n i,"['a', 'k', 'u', '+', 's', 'i', '+', 'n', 'i']"
Serena-145_laughto-1,,Serena,145_laughto,asi.,asi.,a s i,,heggarty2005,416,,,,,3376,a s i,"['a', 's', 'i']"
Sullkatiti-145_laughto-1,,Sullkatiti,145_laughto,laru.,laru.,l a r u,,heggarty2005,417,,,,,3378,l a r u,"['l', 'a', 'r', 'u']"
Taquile-145_laughto-1,,Taquile,145_laughto,asi.,asi.,a s i,,heggarty2005,416,,,,,3376,a s i,"['a', 's', 'i']"
Tarma-145_laughto-1,,Tarma,145_laughto,ayku,ayku,ai k u,,adelaar1977,243,,,,,235,ai k u,"['ai', 'k', 'u']"
Troje-145_laughto-1,,Troje,145_laughto,asi.,asi.,a s i,,heggarty2005,416,,,,,3376,a s i,"['a', 's', 'i']"
Wari-145_laughto-1,,Wari,145_laughto,asiy,asiy,a s i,,parkerchavez1976,416,,,,,3376,a s i,"['a', 's', 'i']"
Yanac-145_laughto-1,,Yanac,145_laughto,asi.,asi.,a s i,,heggarty2005,416,,,,,3376,a s i,"['a', 's', 'i']"
Anonimo-146_cryto-1,,Anonimo,146_cryto,huacani,huacani,w a k a + n i,,valera1586,1030,,,,,944 0,w a k a + n i,"['w', 'a', 'k', 'a', '+', 'n', 'i']"
Apuri-146_cryto-1,,Apuri,146_cryto,waqa-,waqa-,w a q a,,shimelman2017,1030,,,,,944,w a q a,"['w', 'a', 'q', 'a']"
Apurimac-146_cryto-1,,Apurimac,146_cryto,waqa,waqa,w a q a,,camacho2007,1030,,,,,944,w a q a,"['w', 'a', 'q', 'a']"
Atalla-146_cryto-1,,Atalla,146_cryto,waχa.,waχa.,w a χ a,,heggarty2005,1030,,,,,944,w a χ a,"['w', 'a', 'χ', 'a']"
Ayacucho-146_cryto-1,,Ayacucho,146_cryto,waqa,waqa,w a χ a,,soto1976,1030,,,,,944,w a χ a,"['w', 'a', 'χ', 'a']"
Bobonaza-146_cryto-1,,Bobonaza,146_cryto,huacana,huacana,w a k a + n a,,orrwrisley1981,1030,,,,,944 0,w a k a + n a,"['w', 'a', 'k', 'a', '+', 'n', 'a']"
Cacra-Hongos-146_cryto-1,,Cacra-Hongos,146_cryto,waqa-,waqa-,w a q a,,shimelman2017,1030,,,,,944,w a q a,"['w', 'a', 'q', 'a']"
Chachapoyas-146_cryto-1,,Chachapoyas,146_cryto,waka,waka,w a k a,,taylor2006,1030,,,,,944,w a k a,"['w', 'a', 'k', 'a']"
Chacpar-146_cryto-1,,Chacpar,146_cryto,waγa,waγa,w a ʁ a,,heggarty2005,1030,,,,,944,w a ʁ a,"['w', 'a', 'ʁ', 'a']"
Chetilla-146_cryto-1,,Chetilla,146_cryto,waγa.,waγa.,w a ʁ a,,heggarty2005,1030,,,,,944,w a ʁ a,"['w', 'a', 'ʁ', 'a']"
Chipaya-146_cryto-1,,Chipaya,146_cryto,qaa.z,qaa.z,q aː z,,heggarty2005,244,,,,,236,q aː z,"['q', 'aː', 'z']"
Curva-146_cryto-1,,Curva,146_cryto,waqa.,waqa.,w a q a,,heggarty2005,1030,,,,,944,w a q a,"['w', 'a', 'q', 'a']"
Cuzco-146_cryto-1,,Cuzco,146_cryto,waqa.,waqa.,w a q a,,heggarty2005,1030,,,,,944,w a q a,"['w', 'a', 'q', 'a']"
CuzquenoAntiguo-146_cryto-1,,CuzquenoAntiguo,146_cryto,huacani,huacani,w a k a + n i,,holguin1608,1030,,,,,944 0,w a k a + n i,"['w', 'a', 'k', 'a', '+', 'n', 'i']"
Huallaga-146_cryto-1,,Huallaga,146_cryto,waqa.,waqa.,w a q a,,heggarty2005,1030,,,,,944,w a q a,"['w', 'a', 'q', 'a']"
Huanca-146_cryto-1,,Huanca,146_cryto,waqay,waqay,w a ʔ ai,,cerron1976,1030,,,,,944,w a ʔ ai,"['w', 'a', 'ʔ', 'ai']"
Huancane-146_cryto-1,,Huancane,146_cryto,hača.,hača.,h a tʃ a,,heggarty2005,317,,,,,278,h a tʃ a,"['h', 'a', 'tʃ', 'a']"
Huangascar-146_cryto-1,,Huangascar,146_cryto,waqa-,waqa-,w a q a,,shimelman2017,1030,,,,,944,w a q a,"['w', 'a', 'q', 'a']"
HuarazHuailas-146_cryto-1,,HuarazHuailas,146_cryto,waqay,waqay,w a q ai,,parkerchavez1976,1030,,,,,944,w a q ai,"['w', 'a', 'q', 'ai']"
Imbabura-146_cryto-1,,Imbabura,146_cryto,wakana,wakana,w a k a + n a,,gomez2009,1030,,,,,944 0,w a k a + n a,"['w', 'a', 'k', 'a', '+', 'n', 'a']"
Inkawasi-146_cryto-1,,Inkawasi,146_cryto,waγa.,waγa.,w a ʁ a,,heggarty2005,1030,,,,,944,w a ʁ a,"['w', 'a', 'ʁ', 'a']"
Jaqaru-146_cryto-1,,Jaqaru,146_cryto,hatsa.,hatsa.,h a ts a,,heggarty2005,317,,,,,278,h a ts a,"['h', 'a', 'ts', 'a']"
Kawki-146_cryto-1,,Kawki,146_cryto,haĉa.,haĉa.,h a ʈʂ a,,heggarty2005,317,,,,,278,h a ʈʂ a,"['h', 'a', 'ʈʂ', 'a']"
Lamas-146_cryto-1,,Lamas,146_cryto,waka,waka,w a k a,,taylor2006,1030,,,,,944,w a k a,"['w', 'a', 'k', 'a']"
Laraos-146_cryto-1,,Laraos,146_cryto,waqa.,waqa.,w a q a,,heggarty2005,1030,,,,,944,w a q a,"['w', 'a', 'q', 'a']"
Lincha-Tana-146_cryto-1,,Lincha-Tana,146_cryto,waqa-,waqa-,w a q a,,shimelman2017,1030,,,,,944,w a q a,"['w', 'a', 'q', 'a']"
Maragua-146_cryto-1,,Maragua,146_cryto,waqa.,waqa.,w a q a,,heggarty2005,1030,,,,,944,w a q a,"['w', 'a', 'q', 'a']"
Napo-146_cryto-1,,Napo,146_cryto,huacana,huacana,w a k a + n a,,orrwrisley1981,1030,,,,,944 0,w a k a + n a,"['w', 'a', 'k', 'a', '+', 'n', 'a']"
Pacaraos-146_cryto-1,,Pacaraos,146_cryto,waqa,waqa,w a ʁ a,,adelaar1982,1030,,,,,944,w a ʁ a,"['w', 'a', 'ʁ', 'a']"
Pastaza-146_cryto-1,,Pastaza,146_cryto,wacana,wacana,w a k a + n a,,landerman1973,1030,,,,,944 0,w a k a + n a,"['w', 'a', 'k', 'a', '+', 'n', 'a']"
Pocona-146_cryto-1,,Pocona,146_cryto,waγa.,waγa.,w a ʁ a,,heggarty2005,1030,,,,,944,w a ʁ a,"['w', 'a', 'ʁ', 'a']"
Puki-146_cryto-1,,Puki,146_cryto,χača.,χača.,χ a tʃ a,,heggarty2005,317,,,,,278,χ a tʃ a,"['χ', 'a', 'tʃ', 'a']"
Puno-146_cryto-1,,Puno,146_cryto,waqa.,waqa.,w a q a,,heggarty2005,1030,,,,,944,w a q a,"['w', 'a', 'q', 'a']"
Putumayo-146_cryto-1,,Putumayo,146_cryto,huaca,huaca,w a k a,,tandioy1978,1030,,,,,944,w a k a,"['w', 'a', 'k', 'a']"
Raimondi-146_cryto-1,,Raimondi,146_cryto,waqay,waqay,w a q ai,,parkerchavez1976,1030,,,,,944,w a q ai,"['w', 'a', 'q', 'ai']"
SanPedro-146_cryto-1,,SanPedro,146_cryto,waqa-,waqa-,w a q a,,shimelman2017,1030,,,,,944,w a q a,"['w', 'a', 'q', 'a']"
Santiagueno-146_cryto-1,,Santiagueno,146_cryto,waqay,waqay,w a χ ai,,juanatey2021,1030,,,,,944,w a χ ai,"['w', 'a', 'χ', 'ai']"
SantoTomas-146_cryto-1,,SantoTomas,146_cryto,guacani,guacani,w a k a + n i,,santotomas1951,1030,,,,,944 0,w a k a + n i,"['w', 'a', 'k', 'a', '+', 'n', 'i']"
Serena-146_cryto-1,,Serena,146_cryto,waka.,waka.,w a k a,,heggarty2005,1030,,,,,944,w a k a,"['w', 'a', 'k', 'a']"
Sullkatiti-146_cryto-1,,Sullkatiti,146_cryto,hača.,hača.,h a tʃ a,,heggarty2005,317,,,,,278,h a tʃ a,"['h', 'a', 'tʃ', 'a']"
Taquile-146_cryto-1,,Taquile,146_cryto,waqa.,waqa.,w a q a,,heggarty2005,1030,,,,,944,w a q a,"['w', 'a', 'q', 'a']"
Tarma-146_cryto-1,,Tarma,146_cryto,waxa,waxa,w a χ a,,adelaar1977,1030,,,,,944,w a χ a,"['w', 'a', 'χ', 'a']"
Troje-146_cryto-1,,Troje,146_cryto,waka.,waka.,w a k a,,heggarty2005,1030,,,,,944,w a k a,"['w', 'a', 'k', 'a']"
Wari-146_cryto-1,,Wari,146_cryto,waqay,waqay,w a q ai,,parkerchavez1976,1030,,,,,944,w a q ai,"['w', 'a', 'q', 'ai']"
Yanac-146_cryto-1,,Yanac,146_cryto,waqa.,waqa.,w a q a,,heggarty2005,1030,,,,,944,w a q a,"['w', 'a', 'q', 'a']"
Anonimo-147_giveto-1,,Anonimo,147_giveto,coni,coni,k ɔ + n i,,valera1586,245,,,,,2367 0,k ɔ + n i,"['k', 'ɔ', '+', 'n', 'i']"
Apuri-147_giveto-1,,Apuri,147_giveto,qu-,qu-,q o,,shimelman2017,245,,,,,2367,q o,"['q', 'o']"
Apurimac-147_giveto-1,,Apurimac,147_giveto,qo,qo,q o,,camacho2007,245,,,,,2367,q o,"['q', 'o']"
Arma-147_giveto-1,,Arma,147_giveto,qu,qu,χ u,,galvez2003,245,,,,,2367,χ u,"['χ', 'u']"
Atalla-147_giveto-1,,Atalla,147_giveto,χu.,χu.,χ u,,heggarty2005,245,,,,,2367,χ u,"['χ', 'u']"
Ayacucho-147_giveto-1,,Ayacucho,147_giveto,qo,qo,χ o,,soto1976,245,,,,,2367,χ o,"['χ', 'o']"
Bobonaza-147_giveto-1,,Bobonaza,147_giveto,cuna,cuna,k u + n a,,orrwrisley1981,245,,,,,2367 0,k u + n a,"['k', 'u', '+', 'n', 'a']"
Cacra-Hongos-147_giveto-1,,Cacra-Hongos,147_giveto,qu-,qu-,q o,,shimelman2017,245,,,,,2367,q o,"['q', 'o']"
Chachapoyas-147_giveto-1,,Chachapoyas,147_giveto,ku,ku,k u,,taylor2006,245,,,,,2367,k u,"['k', 'u']"
Chacpar-147_giveto-1,,Chacpar,147_giveto,ġu.,ġu.,ɢ u,,heggarty2005,245,,,,,2367,ɢ u,"['ɢ', 'u']"
Chetilla-147_giveto-1,,Chetilla,147_giveto,qu.,qu.,q u,,heggarty2005,245,,,,,2367,q u,"['q', 'u']"
Chipaya-147_giveto-1,,Chipaya,147_giveto,ich.z,ich.z,i tʃ z,,heggarty2005,249,,,,,239,i tʃ z,"['i', 'tʃ', 'z']"
Curva-147_giveto-1,,Curva,147_giveto,qu.,qu.,q u,,heggarty2005,245,,,,,2367,q u,"['q', 'u']"
Cuzco-147_giveto-1,,Cuzco,147_giveto,qu.,qu.,q u,,heggarty2005,245,,,,,2367,q u,"['q', 'u']"
CuzquenoAntiguo-147_giveto-1,,CuzquenoAntiguo,147_giveto,ccuni,ccuni,χ u + n i,,holguin1608,245,,,,,2367 0,χ u + n i,"['χ', 'u', '+', 'n', 'i']"
Huallaga-147_giveto-1,,Huallaga,147_giveto,qu.,qu.,q u,,heggarty2005,245,,,,,2367,q u,"['q', 'u']"
Huanca-147_giveto-1,,Huanca,147_giveto,quy,quy,ʔ u,,cerron1976,245,,,,,2367,ʔ u,"['ʔ', 'u']"
Huancane-147_giveto-1,,Huancane,147_giveto,čura.,čura.,tʃ u r a,,heggarty2005,247,,,,,2371,tʃ u r a,"['tʃ', 'u', 'r', 'a']"
Huangascar-147_giveto-1,,Huangascar,147_giveto,qu-,qu-,q o,,shimelman2017,245,,,,,2367,q o,"['q', 'o']"
Imbabura-147_giveto-1,,Imbabura,147_giveto,kuna,kuna,k u + n a,,gomez2009,245,,,,,2367 0,k u + n a,"['k', 'u', '+', 'n', 'a']"
Inkawasi-147_giveto-1,,Inkawasi,147_giveto,qu.,qu.,q u,,heggarty2005,245,,,,,2367,q u,"['q', 'u']"
Jaqaru-147_giveto-1,,Jaqaru,147_giveto,yaka.,yaka.,j a k a,,heggarty2005,252,,,,,241,j a k a,"['j', 'a', 'k', 'a']"
Kawki-147_giveto-1,,Kawki,147_giveto,yaka.,yaka.,j a k a,,heggarty2005,252,,,,,241,j a k a,"['j', 'a', 'k', 'a']"
Lamas-147_giveto-1,,Lamas,147_giveto,ku,ku,k u,,taylor2006,245,,,,,2367,k u,"['k', 'u']"
Laraos-147_giveto-1,,Laraos,147_giveto,qu.,qu.,q u,,heggarty2005,245,,,,,2367,q u,"['q', 'u']"
Lincha-Tana-147_giveto-1,,Lincha-Tana,147_giveto,qu-,qu-,q o,,shimelman2017,245,,,,,2367,q o,"['q', 'o']"
Maragua-147_giveto-1,,Maragua,147_giveto,qu.,qu.,q u,,heggarty2005,245,,,,,2367,q u,"['q', 'u']"
Napo-147_giveto-1,,Napo,147_giveto,cuna,cuna,k u + n a,,orrwrisley1981,245,,,,,2367 0,k u + n a,"['k', 'u', '+', 'n', 'a']"
Pacaraos-147_giveto-1,,Pacaraos,147_giveto,qu,qu,χ o,,adelaar1982,245,,,,,2367,χ o,"['χ', 'o']"
Pastaza-147_giveto-1,,Pastaza,147_giveto,cuna,cuna,k u + n a,,landerman1973,245,,,,,2367 0,k u + n a,"['k', 'u', '+', 'n', 'a']"
Pocona-147_giveto-1,,Pocona,147_giveto,ġu.,ġu.,ɢ u,,heggarty2005,245,,,,,2367,ɢ u,"['ɢ', 'u']"
Puki-147_giveto-1,,Puki,147_giveto,čura.,čura.,tʃ u r a,,heggarty2005,247,,,,,2371,tʃ u r a,"['tʃ', 'u', 'r', 'a']"
Puno-147_giveto-1,,Puno,147_giveto,qu.,qu.,q u,,heggarty2005,245,,,,,2367,q u,"['q', 'u']"
Putumayo-147_giveto-1,,Putumayo,147_giveto,cua,cua,k ua,,levinsohn1976,245,,,,,2367,k ua,"['k', 'ua']"
SanPedro-147_giveto-1,,SanPedro,147_giveto,qu-,qu-,q o,,shimelman2017,245,,,,,2367,q o,"['q', 'o']"
Santiagueno-147_giveto-1,,Santiagueno,147_giveto,qoy,qoy,q o,,juanatey2021,245,,,,,2367,q o,"['q', 'o']"
SantoTomas-147_giveto-1,,SantoTomas,147_giveto,co,co,k o,,santotomas1951,245,,,,,2367,k o,"['k', 'o']"
Serena-147_giveto-1,,Serena,147_giveto,ku.,ku.,k u,,heggarty2005,245,,,,,2367,k u,"['k', 'u']"
Sullkatiti-147_giveto-1,,Sullkatiti,147_giveto,čura.,čura.,tʃ u r a,,heggarty2005,247,,,,,2371,tʃ u r a,"['tʃ', 'u', 'r', 'a']"
Taquile-147_giveto-1,,Taquile,147_giveto,qu.,qu.,q u,,heggarty2005,245,,,,,2367,q u,"['q', 'u']"
Tarma-147_giveto-1,,Tarma,147_giveto,xu,xu,χ o,,adelaar1977,245,,,,,2367,χ o,"['χ', 'o']"
Troje-147_giveto-1,,Troje,147_giveto,ku.,ku.,k u,,heggarty2005,245,,,,,2367,k u,"['k', 'u']"
Yanac-147_giveto-1,,Yanac,147_giveto,qu.,qu.,q u,,heggarty2005,245,,,,,2367,q u,"['q', 'u']"
Anonimo-148_sewto-1,,Anonimo,148_sewto,cirani,cirani,s i ɾ a + n i,,valera1586,792,,,,,5518 0,s i ɾ a + n i,"['s', 'i', 'ɾ', 'a', '+', 'n', 'i']"
Apuri-148_sewto-1,,Apuri,148_sewto,sira-,sira-,s i ɾ a,,shimelman2017,792,,,,,5518,s i ɾ a,"['s', 'i', 'ɾ', 'a']"
Apuri-148_sewto-2,,Apuri,148_sewto,utka-,utka-,u t k a,,shimelman2017,795,,,,,5521,u t k a,"['u', 't', 'k', 'a']"
Apurimac-148_sewto-1,,Apurimac,148_sewto,sira,sira,s i ɾ a,,camacho2007,792,,,,,5518,s i ɾ a,"['s', 'i', 'ɾ', 'a']"
Arma-148_sewto-1,,Arma,148_sewto,sira,sira,s i ɾ a,,galvez2003,792,,,,,5518,s i ɾ a,"['s', 'i', 'ɾ', 'a']"
Atalla-148_sewto-1,,Atalla,148_sewto,sira.,sira.,s i ɾ a,,heggarty2005,792,,,,,5518,s i ɾ a,"['s', 'i', 'ɾ', 'a']"
Ayacucho-148_sewto-1,,Ayacucho,148_sewto,sira,sira,s i ɾ a,,soto1976,792,,,,,5518,s i ɾ a,"['s', 'i', 'ɾ', 'a']"
Bobonaza-148_sewto-1,,Bobonaza,148_sewto,sirana,sirana,s i ɾ a + n a,,orrwrisley1981,792,,,,,5518 0,s i ɾ a + n a,"['s', 'i', 'ɾ', 'a', '+', 'n', 'a']"
Cacra-Hongos-148_sewto-1,,Cacra-Hongos,148_sewto,sira-,sira-,s i l a,,shimelman2017,792,,,,,5518,s i l a,"['s', 'i', 'l', 'a']"
Cacra-Hongos-148_sewto-2,,Cacra-Hongos,148_sewto,utka-,utka-,u t k a,,shimelman2017,795,,,,,5521,u t k a,"['u', 't', 'k', 'a']"
Chachapoyas-148_sewto-1,,Chachapoyas,148_sewto,sira,sira,s i ɾ a,,taylor2006,792,,,,,5518,s i ɾ a,"['s', 'i', 'ɾ', 'a']"
Chacpar-148_sewto-1,,Chacpar,148_sewto,hira.,hira.,h i ɾ a,,heggarty2005,521,,,,,395,h i ɾ a,"['h', 'i', 'ɾ', 'a']"
Chetilla-148_sewto-1,,Chetilla,148_sewto,sira.,sira.,s i ɾ a,,heggarty2005,792,,,,,5518,s i ɾ a,"['s', 'i', 'ɾ', 'a']"
Chipaya-148_sewto-1,,Chipaya,148_sewto,khoch.z,khoch.z,kʰ o tʃ z,,heggarty2005,793,,,,,5519,kʰ o tʃ z,"['kʰ', 'o', 'tʃ', 'z']"
Curva-148_sewto-1,,Curva,148_sewto,sira.,sira.,s i ɾ a,,heggarty2005,792,,,,,5518,s i ɾ a,"['s', 'i', 'ɾ', 'a']"
Cuzco-148_sewto-1,,Cuzco,148_sewto,sira.,sira.,s i ɾ a,,heggarty2005,792,,,,,5518,s i ɾ a,"['s', 'i', 'ɾ', 'a']"
CuzquenoAntiguo-148_sewto-1,,CuzquenoAntiguo,148_sewto,cirani,cirani,s i ɾ a + n i,,holguin1608,792,,,,,5518 0,s i ɾ a + n i,"['s', 'i', 'ɾ', 'a', '+', 'n', 'i']"
Huallaga-148_sewto-1,,Huallaga,148_sewto,hira.,hira.,h i ɾ a,,heggarty2005,521,,,,,395,h i ɾ a,"['h', 'i', 'ɾ', 'a']"
Huanca-148_sewto-1,,Huanca,148_sewto,hilay,hilay,h i l a,,cerron2018,521,,,,,395,h i l a,"['h', 'i', 'l', 'a']"
Huancane-148_sewto-1,,Huancane,148_sewto,č'uku.,č'uku.,tʃʼ u k u,,heggarty2005,257,,,,,242,tʃʼ u k u,"['tʃʼ', 'u', 'k', 'u']"
Huangascar-148_sewto-1,,Huangascar,148_sewto,sira-,sira-,s i ɾ a,,shimelman2017,792,,,,,5518,s i ɾ a,"['s', 'i', 'ɾ', 'a']"
Huangascar-148_sewto-2,,Huangascar,148_sewto,utka-,utka-,u t k a,,shimelman2017,795,,,,,5521,u t k a,"['u', 't', 'k', 'a']"
HuarazHuailas-148_sewto-1,,HuarazHuailas,148_sewto,hiray,hiray,x i ɾ a,,parkerchavez1976,521,,,,,395,x i ɾ a,"['x', 'i', 'ɾ', 'a']"
Imbabura-148_sewto-1,,Imbabura,148_sewto,sirana,sirana,s i ɾ a + n a,,gomez2009,792,,,,,5518 0,s i ɾ a + n a,"['s', 'i', 'ɾ', 'a', '+', 'n', 'a']"
Inkawasi-148_sewto-1,,Inkawasi,148_sewto,sira.,sira.,s i ɾ a,,heggarty2005,792,,,,,5518,s i ɾ a,"['s', 'i', 'ɾ', 'a']"
Jaqaru-148_sewto-1,,Jaqaru,148_sewto,ts'uku.,ts'uku.,tsʼ u k u,,heggarty2005,257,,,,,242,tsʼ u k u,"['tsʼ', 'u', 'k', 'u']"
Kawki-148_sewto-1,,Kawki,148_sewto,ĉ'uku.,ĉ'uku.,ʈʂʼ u k u,,heggarty2005,257,,,,,242,ʈʂʼ u k u,"['ʈʂʼ', 'u', 'k', 'u']"
Lamas-148_sewto-1,,Lamas,148_sewto,sira,sira,s i ɾ a,,taylor2006,792,,,,,5518,s i ɾ a,"['s', 'i', 'ɾ', 'a']"
Laraos-148_sewto-1,,Laraos,148_sewto,sira.,sira.,s i ɾ a,,heggarty2005,792,,,,,5518,s i ɾ a,"['s', 'i', 'ɾ', 'a']"
Lincha-Tana-148_sewto-1,,Lincha-Tana,148_sewto,sira-,sira-,s i ɾ a,,shimelman2017,792,,,,,5518,s i ɾ a,"['s', 'i', 'ɾ', 'a']"
Lincha-Tana-148_sewto-2,,Lincha-Tana,148_sewto,utka-,utka-,u t k a,,shimelman2017,795,,,,,5521,u t k a,"['u', 't', 'k', 'a']"
Maragua-148_sewto-1,,Maragua,148_sewto,sira.,sira.,s i ɾ a,,heggarty2005,792,,,,,5518,s i ɾ a,"['s', 'i', 'ɾ', 'a']"
Napo-148_sewto-1,,Napo,148_sewto,sirana,sirana,s i ɾ a + n a,,orrwrisley1981,792,,,,,5518 0,s i ɾ a + n a,"['s', 'i', 'ɾ', 'a', '+', 'n', 'a']"
Pacaraos-148_sewto-1,,Pacaraos,148_sewto,hira,hira,x i ɾ a,,adelaar1982,521,,,,,395,x i ɾ a,"['x', 'i', 'ɾ', 'a']"
Pastaza-148_sewto-1,,Pastaza,148_sewto,sirana,sirana,s i ɾ a + n a,,landerman1973,792,,,,,5518 0,s i ɾ a + n a,"['s', 'i', 'ɾ', 'a', '+', 'n', 'a']"
Pocona-148_sewto-1,,Pocona,148_sewto,sira.,sira.,s i ɾ a,,heggarty2005,792,,,,,5518,s i ɾ a,"['s', 'i', 'ɾ', 'a']"
Puki-148_sewto-1,,Puki,148_sewto,č'uku.,č'uku.,tʃʼ u k u,,heggarty2005,257,,,,,242,tʃʼ u k u,"['tʃʼ', 'u', 'k', 'u']"
Puno-148_sewto-1,,Puno,148_sewto,sira.,sira.,s i ɾ a,,heggarty2005,792,,,,,5518,s i ɾ a,"['s', 'i', 'ɾ', 'a']"
Putumayo-148_sewto-1,,Putumayo,148_sewto,sira,sira,s i ɾ a,,tandioy1978,792,,,,,5518,s i ɾ a,"['s', 'i', 'ɾ', 'a']"
Raimondi-148_sewto-1,,Raimondi,148_sewto,hiray,hiray,x i ɾ a,,parkerchavez1976,521,,,,,395,x i ɾ a,"['x', 'i', 'ɾ', 'a']"
SanPedro-148_sewto-1,,SanPedro,148_sewto,sira-,sira-,s i ɾ a,,shimelman2017,792,,,,,5518,s i ɾ a,"['s', 'i', 'ɾ', 'a']"
SanPedro-148_sewto-2,,SanPedro,148_sewto,utka-,utka-,u t k a,,shimelman2017,795,,,,,5521,u t k a,"['u', 't', 'k', 'a']"
Santiagueno-148_sewto-1,,Santiagueno,148_sewto,seray,seray,s e ɾ a,,juanatey2021,792,,,,,5518,s e ɾ a,"['s', 'e', 'ɾ', 'a']"
SantoTomas-148_sewto-1,,SantoTomas,148_sewto,"sirani, chuctani",sirani,s i ɾ a + n i,,santotomas1951,792,,,,,5518 0,s i ɾ a + n i,"['s', 'i', 'ɾ', 'a', '+', 'n', 'i']"
SantoTomas-148_sewto-2,,SantoTomas,148_sewto,"sirani, chuctani",chuctani,tʃ u k + t a + n i,,santotomas1951,257,,,,,242 0 0,tʃ u k - + t a + n i,"['tʃ', 'u', 'k', '+', 't', 'a', '+', 'n', 'i']"
Serena-148_sewto-1,,Serena,148_sewto,sira.,sira.,s i ɾ a,,heggarty2005,792,,,,,5518,s i ɾ a,"['s', 'i', 'ɾ', 'a']"
Sullkatiti-148_sewto-1,,Sullkatiti,148_sewto,č'uku.,č'uku.,tʃʼ u k u,,heggarty2005,257,,,,,242,tʃʼ u k u,"['tʃʼ', 'u', 'k', 'u']"
Taquile-148_sewto-1,,Taquile,148_sewto,sira.,sira.,s i ɾ a,,heggarty2005,792,,,,,5518,s i ɾ a,"['s', 'i', 'ɾ', 'a']"
Tarma-148_sewto-1,,Tarma,148_sewto,xira,xira,χ e ɾ a,,adelaar1977,521,,,,,395,χ e ɾ a,"['χ', 'e', 'ɾ', 'a']"
Troje-148_sewto-1,,Troje,148_sewto,sira.,sira.,s i ɾ a,,heggarty2005,792,,,,,5518,s i ɾ a,"['s', 'i', 'ɾ', 'a']"
Wari-148_sewto-1,,Wari,148_sewto,hiray,hiray,x i ɾ a,,parkerchavez1976,521,,,,,395,x i ɾ a,"['x', 'i', 'ɾ', 'a']"
Yanac-148_sewto-1,,Yanac,148_sewto,ira.,ira.,i r a,,heggarty2005,521,,,,,395,- i r a,"['i', 'r', 'a']"
Anonimo-149_hitto-1,,Anonimo,149_hitto,tacani,tacani,t a k a + n i,,valera1586,372,,,,,3108 0,t a k a + n i,"['t', 'a', 'k', 'a', '+', 'n', 'i']"
Apuri-149_hitto-1,,Apuri,149_hitto,maqa,maqa,m a q a,,shimelman2017,259,,,,,244,m a q a,"['m', 'a', 'q', 'a']"
Apurimac-149_hitto-1,,Apurimac,149_hitto,pana,pana,p a n a,,camacho2007,375,,,,,3111,- - - - p a n a,"['p', 'a', 'n', 'a']"
Apurimac-149_hitto-2,,Apurimac,149_hitto,taka,taka,t a k a,,camacho2007,372,,,,,3108,t a k a,"['t', 'a', 'k', 'a']"
Arma-149_hitto-1,,Arma,149_hitto,"waqta, taka",waqta,w a χ t a,,galvez2003,373,,,,,3109,w a χ t a,"['w', 'a', 'χ', 't', 'a']"
Arma-149_hitto-2,,Arma,149_hitto,"waqta, taka",taka,t a k a,taka: con puño,galvez2003,372,,,,,3108,t a k a,"['t', 'a', 'k', 'a']"
Atalla-149_hitto-1,,Atalla,149_hitto,taka.,taka.,t a k a,,heggarty2005,372,,,,,3108,t a k a,"['t', 'a', 'k', 'a']"
Ayacucho-149_hitto-1,,Ayacucho,149_hitto,"waqta, taka",waqta,w a χ t a,,soto1976,373,,,,,3109,w a χ t a,"['w', 'a', 'χ', 't', 'a']"
Ayacucho-149_hitto-2,,Ayacucho,149_hitto,"waqta, taka",taka,t a k a,,soto1976,372,,,,,3108,t a k a,"['t', 'a', 'k', 'a']"
Bobonaza-149_hitto-1,,Bobonaza,149_hitto,sagmana,sagmana,s a g m a + n a,,orrwrisley1981,37,,,,,120 0,s a g m a + n a,"['s', 'a', 'g', 'm', 'a', '+', 'n', 'a']"
Cacra-Hongos-149_hitto-1,,Cacra-Hongos,149_hitto,maqa,maqa,m a q a,,shimelman2017,259,,,,,244,m a q a,"['m', 'a', 'q', 'a']"
Chachapoyas-149_hitto-1,,Chachapoyas,149_hitto,"maka, wakta",maka,m a k a,,taylor2006,259,,,,,244,m a k a,"['m', 'a', 'k', 'a']"
Chachapoyas-149_hitto-2,,Chachapoyas,149_hitto,"maka, wakta",wakta,w a k t a,,taylor2006,373,,,,,3109,w a k t a,"['w', 'a', 'k', 't', 'a']"
Chacpar-149_hitto-1,,Chacpar,149_hitto,taka.,taka.,t a k a,,heggarty2005,372,,,,,3108,t a k a,"['t', 'a', 'k', 'a']"
Chetilla-149_hitto-1,,Chetilla,149_hitto,taka.,taka.,t a k a,,heggarty2005,372,,,,,3108,t a k a,"['t', 'a', 'k', 'a']"
Chipaya-149_hitto-1,,Chipaya,149_hitto,trak.z,trak.z,ʈʂ a k z,,heggarty2005,165,,,,,192,ʈʂ a k z,"['ʈʂ', 'a', 'k', 'z']"
Curva-149_hitto-1,,Curva,149_hitto,taka.,taka.,t a k a,,heggarty2005,372,,,,,3108,t a k a,"['t', 'a', 'k', 'a']"
Cuzco-149_hitto-1,,Cuzco,149_hitto,taka.,taka.,t a k a,,heggarty2005,372,,,,,3108,t a k a,"['t', 'a', 'k', 'a']"
CuzquenoAntiguo-149_hitto-1,,CuzquenoAntiguo,149_hitto,huakta,huakta,w a k t a,,holguin1608,373,,,,,3109,w a k t a,"['w', 'a', 'k', 't', 'a']"
Huanca-149_hitto-1,,Huanca,149_hitto,maqay,maqay,m a ʔ a,,cerron1976,259,,,,,244,m a ʔ a,"['m', 'a', 'ʔ', 'a']"
Huancane-149_hitto-1,,Huancane,149_hitto,liq'i.,liq'i.,l i qʼ i,,heggarty2005,527,,,,,4,l i qʼ i,"['l', 'i', 'qʼ', 'i']"
Huangascar-149_hitto-1,,Huangascar,149_hitto,maqa,maqa,m a q a,,shimelman2017,259,,,,,244,m a q a,"['m', 'a', 'q', 'a']"
HuarazHuailas-149_hitto-1,,HuarazHuailas,149_hitto,maqay,maqay,m a q a,,parkerchavez1976,259,,,,,244,m a q a,"['m', 'a', 'q', 'a']"
Imbabura-149_hitto-1,,Imbabura,149_hitto,takana,takana,t a k a + n a,,gomez2009,372,,,,,3108 0,t a k a + n a,"['t', 'a', 'k', 'a', '+', 'n', 'a']"
Inkawasi-149_hitto-1,,Inkawasi,149_hitto,taka.,taka.,t a k a,,heggarty2005,372,,,,,3108,t a k a,"['t', 'a', 'k', 'a']"
Jaqaru-149_hitto-1,,Jaqaru,149_hitto,hayča.,hayča.,h ai tʃ a,,heggarty2005,344,,,,,294,h ai - tʃ a,"['h', 'ai', 'tʃ', 'a']"
Kawki-149_hitto-1,,Kawki,149_hitto,čanqa.,čanqa.,tʃ a n q a,,heggarty2005,170,,,,,194,tʃ a n q - a - -,"['tʃ', 'a', 'n', 'q', 'a']"
Lamas-149_hitto-1,,Lamas,149_hitto,"maka, wakta",maka,m a k a,,taylor2006,259,,,,,244,m a k a,"['m', 'a', 'k', 'a']"
Lamas-149_hitto-2,,Lamas,149_hitto,"maka, wakta",wakta,w a k t a,,taylor2006,373,,,,,3109,w a k t a,"['w', 'a', 'k', 't', 'a']"
Laraos-149_hitto-1,,Laraos,149_hitto,maqa.,maqa.,m a q a,,heggarty2005,259,,,,,244,m a q a,"['m', 'a', 'q', 'a']"
Lincha-Tana-149_hitto-1,,Lincha-Tana,149_hitto,maqa,maqa,m a q a,,shimelman2017,259,,,,,244,m a q a,"['m', 'a', 'q', 'a']"
Maragua-149_hitto-1,,Maragua,149_hitto,taka.,taka.,t a k a,,heggarty2005,372,,,,,3108,t a k a,"['t', 'a', 'k', 'a']"
Napo-149_hitto-1,,Napo,149_hitto,sagmana,sagmana,s a g m a + n a,,orrwrisley1981,37,,,,,120 0,s a g m a + n a,"['s', 'a', 'g', 'm', 'a', '+', 'n', 'a']"
Pacaraos-149_hitto-1,,Pacaraos,149_hitto,maqa,maqa,m a ʁ a,,adelaar1982,259,,,,,244,m a ʁ a,"['m', 'a', 'ʁ', 'a']"
Pastaza-149_hitto-1,,Pastaza,149_hitto,tulupuna,tulupuna,t u l u p u + n a,,landerman1973,320,,,,,280 0,t u l u p u + n a,"['t', 'u', 'l', 'u', 'p', 'u', '+', 'n', 'a']"
Pastaza-149_hitto-2,,Pastaza,149_hitto,wactana,wactana,w a k t a + n a,,landerman1973,373,,,,,3109 0,w a k t a + n a,"['w', 'a', 'k', 't', 'a', '+', 'n', 'a']"
Pocona-149_hitto-1,,Pocona,149_hitto,waχta.,waχta.,w a χ t a,,heggarty2005,373,,,,,3109,w a χ t a,"['w', 'a', 'χ', 't', 'a']"
Puki-149_hitto-1,,Puki,149_hitto,liq'i.,liq'i.,l i qʼ i,,heggarty2005,527,,,,,4,l i qʼ i,"['l', 'i', 'qʼ', 'i']"
Puno-149_hitto-1,,Puno,149_hitto,taka.,taka.,t a k a,,heggarty2005,372,,,,,3108,t a k a,"['t', 'a', 'k', 'a']"
Putumayo-149_hitto-1,,Putumayo,149_hitto,"maca, tacachi",maca,m a k a,,tandioy1978,259,,,,,244,m a k a,"['m', 'a', 'k', 'a']"
Putumayo-149_hitto-2,,Putumayo,149_hitto,"maca, tacachi",tacachi,t a k a + tʃ i,,tandioy1978,372,,,,,3108 0,t a k a + tʃ i,"['t', 'a', 'k', 'a', '+', 'tʃ', 'i']"
Raimondi-149_hitto-1,,Raimondi,149_hitto,maqay,maqay,m a q a,,parkerchavez1976,259,,,,,244,m a q a,"['m', 'a', 'q', 'a']"
SanPedro-149_hitto-1,,SanPedro,149_hitto,maqa,maqa,m a q a,,shimelman2017,259,,,,,244,m a q a,"['m', 'a', 'q', 'a']"
Santiagueno-149_hitto-1,,Santiagueno,149_hitto,makay,makay,m a x a,,juanatey2021,259,,,,,244,m a x a,"['m', 'a', 'x', 'a']"
SantoTomas-149_hitto-1,,SantoTomas,149_hitto,tacani,tacani,t a k a + n i,,santotomas1951,372,,,,,3108 0,t a k a + n i,"['t', 'a', 'k', 'a', '+', 'n', 'i']"
Serena-149_hitto-1,,Serena,149_hitto,waxta.,waxta.,w a x t a,,heggarty2005,373,,,,,3109,w a x t a,"['w', 'a', 'x', 't', 'a']"
Sullkatiti-149_hitto-1,,Sullkatiti,149_hitto,liq'i.,liq'i.,l i qʼ i,,heggarty2005,527,,,,,4,l i qʼ i,"['l', 'i', 'qʼ', 'i']"
Taquile-149_hitto-1,,Taquile,149_hitto,waχta.,waχta.,w a χ t a,,heggarty2005,373,,,,,3109,w a χ t a,"['w', 'a', 'χ', 't', 'a']"
Tarma-149_hitto-1,,Tarma,149_hitto,maxa,maxa,m a χ a,,adelaar1977,259,,,,,244,m a χ a,"['m', 'a', 'χ', 'a']"
Troje-149_hitto-1,,Troje,149_hitto,taka.,taka.,t a k a,,heggarty2005,372,,,,,3108,t a k a,"['t', 'a', 'k', 'a']"
Wari-149_hitto-1,,Wari,149_hitto,maqay,maqay,m a q a,,parkerchavez1976,259,,,,,244,m a q a,"['m', 'a', 'q', 'a']"
Yanac-149_hitto-1,,Yanac,149_hitto,taka.,taka.,t a k a,,heggarty2005,372,,,,,3108,t a k a,"['t', 'a', 'k', 'a']"
Anonimo-15_thouyousg-1,,Anonimo,15_thouyousg,cam,cam,k a m,,valera1586,912,,,,,6747,k a m,"['k', 'a', 'm']"
Apuri-15_thouyousg-1,,Apuri,15_thouyousg,qam,qam,q a m,,shimelman2017,912,,,,,6747,q a m,"['q', 'a', 'm']"
Apurimac-15_thouyousg-1,,Apurimac,15_thouyousg,qan,qan,q a n,,camacho2007,912,,,,,6747,q a n,"['q', 'a', 'n']"
Arma-15_thouyousg-1,,Arma,15_thouyousg,qam,qam,χ a m,,galvez2003,912,,,,,6747,χ a m,"['χ', 'a', 'm']"
Atalla-15_thouyousg-1,,Atalla,15_thouyousg,χam,χam,χ a m,,heggarty2005,912,,,,,6747,χ a m,"['χ', 'a', 'm']"
Ayacucho-15_thouyousg-1,,Ayacucho,15_thouyousg,qam,qam,χ a m,,soto1976,912,,,,,6747,χ a m,"['χ', 'a', 'm']"
Bobonaza-15_thouyousg-1,,Bobonaza,15_thouyousg,can,can,k a n,,orrwrisley1981,912,,,,,6747,k a n,"['k', 'a', 'n']"
Cacra-Hongos-15_thouyousg-1,,Cacra-Hongos,15_thouyousg,qam,qam,q a m,,shimelman2017,912,,,,,6747,q a m,"['q', 'a', 'm']"
Chachapoyas-15_thouyousg-1,,Chachapoyas,15_thouyousg,kam,kam,k a m,,taylor2006,912,,,,,6747,k a m,"['k', 'a', 'm']"
Chacpar-15_thouyousg-1,,Chacpar,15_thouyousg,"qam, ġam",qam,q a m,,heggarty2005,912,,,,,6747,q a m,"['q', 'a', 'm']"
Chacpar-15_thouyousg-2,,Chacpar,15_thouyousg,"qam, ġam",ġam,ɢ a m,,heggarty2005,912,,,,,6747,ɢ a m,"['ɢ', 'a', 'm']"
Chetilla-15_thouyousg-1,,Chetilla,15_thouyousg,qam,qam,q a m,,heggarty2005,912,,,,,6747,q a m,"['q', 'a', 'm']"
Chipaya-15_thouyousg-1,,Chipaya,15_thouyousg,am,am,a m,Borrow?,heggarty2005,345,,,,,295,a m ( - ),"['a', 'm']"
Curva-15_thouyousg-1,,Curva,15_thouyousg,qan,qan,q a n,,heggarty2005,912,,,,,6747,q a n,"['q', 'a', 'n']"
Cuzco-15_thouyousg-1,,Cuzco,15_thouyousg,qan,qan,q a n,,heggarty2005,912,,,,,6747,q a n,"['q', 'a', 'n']"
CuzquenoAntiguo-15_thouyousg-1,,CuzquenoAntiguo,15_thouyousg,cam,cam,k a m,,holguin1608,912,,,,,6747,k a m,"['k', 'a', 'm']"
Huallaga-15_thouyousg-1,,Huallaga,15_thouyousg,qam,qam,q a m,,heggarty2005,912,,,,,6747,q a m,"['q', 'a', 'm']"
Huanca-15_thouyousg-1,,Huanca,15_thouyousg,qam,qam,q a m,,cerron1976,912,,,,,6747,q a m,"['q', 'a', 'm']"
Huancane-15_thouyousg-1,,Huancane,15_thouyousg,huma,huma,h u m a,,heggarty2005,913,,,,,6748,h u m a,"['h', 'u', 'm', 'a']"
Huangascar-15_thouyousg-1,,Huangascar,15_thouyousg,qam,qam,q a m,,shimelman2017,912,,,,,6747,q a m,"['q', 'a', 'm']"
HuarazHuailas-15_thouyousg-1,,HuarazHuailas,15_thouyousg,qam,qam,q a m,,parkerchavez1976,912,,,,,6747,q a m,"['q', 'a', 'm']"
Imbabura-15_thouyousg-1,,Imbabura,15_thouyousg,kan,kan,k a n,,gomez2009,912,,,,,6747,k a n,"['k', 'a', 'n']"
Inkawasi-15_thouyousg-1,,Inkawasi,15_thouyousg,xam,xam,x a m,,heggarty2005,912,,,,,6747,x a m,"['x', 'a', 'm']"
Iruhito-15_thouyousg-1,,Iruhito,15_thouyousg,á:m tsa:i,á:m tsa:i,aː m + t s aː i,Borrow?,cerron2016,346,,,,,295 378,aː m ( - ) + t s aː i,"['aː', 'm', '+', 't', 's', 'aː', 'i']"
Jaqaru-15_thouyousg-1,,Jaqaru,15_thouyousg,huma,huma,h u m a,,heggarty2005,913,,,,,6748,h u m a,"['h', 'u', 'm', 'a']"
Kawki-15_thouyousg-1,,Kawki,15_thouyousg,huma,huma,h u m a,,heggarty2005,913,,,,,6748,h u m a,"['h', 'u', 'm', 'a']"
Lamas-15_thouyousg-1,,Lamas,15_thouyousg,kam,kam,k a m,,taylor2006,912,,,,,6747,k a m,"['k', 'a', 'm']"
Laraos-15_thouyousg-1,,Laraos,15_thouyousg,qam,qam,q a m,,heggarty2005,912,,,,,6747,q a m,"['q', 'a', 'm']"
Lincha-Tana-15_thouyousg-1,,Lincha-Tana,15_thouyousg,qam,qam,q a m,,shimelman2017,912,,,,,6747,q a m,"['q', 'a', 'm']"
Maragua-15_thouyousg-1,,Maragua,15_thouyousg,qan,qan,q a n,,heggarty2005,912,,,,,6747,q a n,"['q', 'a', 'n']"
Napo-15_thouyousg-1,,Napo,15_thouyousg,can,can,k a n,,orrwrisley1981,912,,,,,6747,k a n,"['k', 'a', 'n']"
Pacaraos-15_thouyousg-1,,Pacaraos,15_thouyousg,qam,qam,ʁ a m,,adelaar1982,912,,,,,6747,ʁ a m,"['ʁ', 'a', 'm']"
Pastaza-15_thouyousg-1,,Pastaza,15_thouyousg,can,can,k a n,,landerman1973,912,,,,,6747,k a n,"['k', 'a', 'n']"
Pocona-15_thouyousg-1,,Pocona,15_thouyousg,γan,γan,ʁ a n,,heggarty2005,912,,,,,6747,ʁ a n,"['ʁ', 'a', 'n']"
Puki-15_thouyousg-1,,Puki,15_thouyousg,huma,huma,h u m a,,heggarty2005,913,,,,,6748,h u m a,"['h', 'u', 'm', 'a']"
Puno-15_thouyousg-1,,Puno,15_thouyousg,qan,qan,q a n,,heggarty2005,912,,,,,6747,q a n,"['q', 'a', 'n']"
Putumayo-15_thouyousg-1,,Putumayo,15_thouyousg,cam,cam,k a m,,tandioy1978,912,,,,,6747,k a m,"['k', 'a', 'm']"
Raimondi-15_thouyousg-1,,Raimondi,15_thouyousg,qam,qam,q a m,,parkerchavez1976,912,,,,,6747,q a m,"['q', 'a', 'm']"
SanPedro-15_thouyousg-1,,SanPedro,15_thouyousg,qam,qam,q a m,,shimelman2017,912,,,,,6747,q a m,"['q', 'a', 'm']"
Santiagueno-15_thouyousg-1,,Santiagueno,15_thouyousg,qam,qam,q a m,,juanatey2021,912,,,,,6747,q a m,"['q', 'a', 'm']"
SantoTomas-15_thouyousg-1,,SantoTomas,15_thouyousg,cam,cam,k a m,,santotomas1951,912,,,,,6747,k a m,"['k', 'a', 'm']"
Serena-15_thouyousg-1,,Serena,15_thouyousg,kan,kan,k a n,,heggarty2005,912,,,,,6747,k a n,"['k', 'a', 'n']"
Sullkatiti-15_thouyousg-1,,Sullkatiti,15_thouyousg,huma,huma,h u m a,,heggarty2005,913,,,,,6748,h u m a,"['h', 'u', 'm', 'a']"
Taquile-15_thouyousg-1,,Taquile,15_thouyousg,qan,qan,q a n,,heggarty2005,912,,,,,6747,q a n,"['q', 'a', 'n']"
Tarma-15_thouyousg-1,,Tarma,15_thouyousg,xam,xam,χ a m,,adelaar1977,912,,,,,6747,χ a m,"['χ', 'a', 'm']"
Troje-15_thouyousg-1,,Troje,15_thouyousg,kan,kan,k a n,,heggarty2005,912,,,,,6747,k a n,"['k', 'a', 'n']"
Tsimu-15_thouyousg-1,,Tsimu,15_thouyousg,á:ma,á:ma,aː m a,Borrow?,cerron2016,345,,,,,295,aː m ( a ),"['aː', 'm', 'a']"
Wari-15_thouyousg-1,,Wari,15_thouyousg,qam,qam,q a m,,parkerchavez1976,912,,,,,6747,q a m,"['q', 'a', 'm']"
Yanac-15_thouyousg-1,,Yanac,15_thouyousg,qam,qam,q a m,,heggarty2005,912,,,,,6747,q a m,"['q', 'a', 'm']"
Anonimo-150_pushto-1,,Anonimo,150_pushto,tancani,tancani,t a n k a + n i,,valera1586,671,,,,,4835 0,t a n k a + n i,"['t', 'a', 'n', 'k', 'a', '+', 'n', 'i']"
Apuri-150_pushto-1,,Apuri,150_pushto,tanqa-,tanqa-,t a n q a,,shimelman2017,671,,,,,4835,t a n q a,"['t', 'a', 'n', 'q', 'a']"
Apurimac-150_pushto-1,,Apurimac,150_pushto,tanqa,tanqa,t a n q a,,camacho2007,671,,,,,4835,t a n q a,"['t', 'a', 'n', 'q', 'a']"
Atalla-150_pushto-1,,Atalla,150_pushto,tanġa.,tanġa.,t a n ɢ a,,heggarty2005,671,,,,,4835,t a n ɢ a,"['t', 'a', 'n', 'ɢ', 'a']"
Ayacucho-150_pushto-1,,Ayacucho,150_pushto,tanqa,tanqa,t a ŋ χ a,,soto1976,671,,,,,4835,t a ŋ χ a,"['t', 'a', 'ŋ', 'χ', 'a']"
Bobonaza-150_pushto-1,,Bobonaza,150_pushto,tangana,tangana,t a n g a + n a,,orrwrisley1981,671,,,,,4835 0,t a n g a + n a,"['t', 'a', 'n', 'g', 'a', '+', 'n', 'a']"
Cacra-Hongos-150_pushto-1,,Cacra-Hongos,150_pushto,tanqa-,tanqa-,t a n q a,,shimelman2017,671,,,,,4835,t a n q a,"['t', 'a', 'n', 'q', 'a']"
Chachapoyas-150_pushto-1,,Chachapoyas,150_pushto,tanka,tanka,t a n g a,,taylor2006,671,,,,,4835,t a n g a,"['t', 'a', 'n', 'g', 'a']"
Chacpar-150_pushto-1,,Chacpar,150_pushto,tanqa.,tanqa.,t a n q a,,heggarty2005,671,,,,,4835,t a n q a,"['t', 'a', 'n', 'q', 'a']"
Chetilla-150_pushto-1,,Chetilla,150_pushto,kumsa.,kumsa.,k u m s a,,heggarty2005,452,,,,,359,k u m s a,"['k', 'u', 'm', 's', 'a']"
Chipaya-150_pushto-1,,Chipaya,150_pushto,rimpuj.z,rimpuj.z,r i m p ui z,,heggarty2005,261,,,,,246,r i m p ui z,"['r', 'i', 'm', 'p', 'ui', 'z']"
Curva-150_pushto-1,,Curva,150_pushto,tanqa.,tanqa.,t a n q a,,heggarty2005,671,,,,,4835,t a n q a,"['t', 'a', 'n', 'q', 'a']"
Cuzco-150_pushto-1,,Cuzco,150_pushto,tanqa.,tanqa.,t a n q a,,heggarty2005,671,,,,,4835,t a n q a,"['t', 'a', 'n', 'q', 'a']"
CuzquenoAntiguo-150_pushto-1,,CuzquenoAntiguo,150_pushto,tancarini,tancarini,t a n k a + r i + n i,,holguin1608,671,,,,,4835 0 0,t a n k a + r i + n i,"['t', 'a', 'n', 'k', 'a', '+', 'r', 'i', '+', 'n', 'i']"
Huallaga-150_pushto-1,,Huallaga,150_pushto,tanqa.,tanqa.,t a n q a,,heggarty2005,671,,,,,4835,t a n q a,"['t', 'a', 'n', 'q', 'a']"
Huanca-150_pushto-1,,Huanca,150_pushto,kumsay,kumsay,k u m s a,,cerron2018,452,,,,,359,k u m s a,"['k', 'u', 'm', 's', 'a']"
Huanca-150_pushto-2,,Huanca,150_pushto,tanqay,tanqay,t a n ʔ a,,cerron1976,671,,,,,4835,t a n ʔ a,"['t', 'a', 'n', 'ʔ', 'a']"
Huancane-150_pushto-1,,Huancane,150_pushto,nukhu.,nukhu.,n u kʰ u,,heggarty2005,260,,,,,245,n u kʰ u,"['n', 'u', 'kʰ', 'u']"
Huangascar-150_pushto-1,,Huangascar,150_pushto,tanqa-,tanqa-,t a n q a,,shimelman2017,671,,,,,4835,t a n q a,"['t', 'a', 'n', 'q', 'a']"
HuarazHuailas-150_pushto-1,,HuarazHuailas,150_pushto,kumay,kumay,k u m a,,parkerchavez1976,452,,,,,359,k u m - a,"['k', 'u', 'm', 'a']"
Imbabura-150_pushto-1,,Imbabura,150_pushto,tangana,tangana,t a n g a + n a,,gomez2009,671,,,,,4835 0,t a n g a + n a,"['t', 'a', 'n', 'g', 'a', '+', 'n', 'a']"
Inkawasi-150_pushto-1,,Inkawasi,150_pushto,kumsa.,kumsa.,k u m s a,,heggarty2005,452,,,,,359,k u m s a,"['k', 'u', 'm', 's', 'a']"
Jaqaru-150_pushto-1,,Jaqaru,150_pushto,čima.,čima.,tʃ i m a,,heggarty2005,262,,,,,247,tʃ i m a,"['tʃ', 'i', 'm', 'a']"
Kawki-150_pushto-1,,Kawki,150_pushto,čima.,čima.,tʃ i m a,,heggarty2005,262,,,,,247,tʃ i m a,"['tʃ', 'i', 'm', 'a']"
Lamas-150_pushto-1,,Lamas,150_pushto,tanka,tanka,t a n g a,,taylor2006,671,,,,,4835,t a n g a,"['t', 'a', 'n', 'g', 'a']"
Laraos-150_pushto-1,,Laraos,150_pushto,kumsa.,kumsa.,k u m s a,,heggarty2005,452,,,,,359,k u m s a,"['k', 'u', 'm', 's', 'a']"
Lincha-Tana-150_pushto-1,,Lincha-Tana,150_pushto,tanqa-,tanqa-,t a n q a,,shimelman2017,671,,,,,4835,t a n q a,"['t', 'a', 'n', 'q', 'a']"
Maragua-150_pushto-1,,Maragua,150_pushto,tanqa.,tanqa.,t a n q a,,heggarty2005,671,,,,,4835,t a n q a,"['t', 'a', 'n', 'q', 'a']"
Napo-150_pushto-1,,Napo,150_pushto,tangana,tangana,t a n g a + n a,,orrwrisley1981,671,,,,,4835 0,t a n g a + n a,"['t', 'a', 'n', 'g', 'a', '+', 'n', 'a']"
Pacaraos-150_pushto-1,,Pacaraos,150_pushto,kuma,kuma,k u m a,,adelaar1982,452,,,,,359,k u m - a,"['k', 'u', 'm', 'a']"
Pastaza-150_pushto-1,,Pastaza,150_pushto,tangana,tangana,t a n g a + n a,,landerman1973,671,,,,,4835 0,t a n g a + n a,"['t', 'a', 'n', 'g', 'a', '+', 'n', 'a']"
Pocona-150_pushto-1,,Pocona,150_pushto,tanγa.,tanγa.,t a n ʁ a,,heggarty2005,671,,,,,4835,t a n ʁ a,"['t', 'a', 'n', 'ʁ', 'a']"
Puki-150_pushto-1,,Puki,150_pushto,tanqa.,tanqa.,t a n q a,,heggarty2005,347,,,,,296,t a n q a,"['t', 'a', 'n', 'q', 'a']"
Puno-150_pushto-1,,Puno,150_pushto,tanqa.,tanqa.,t a n q a,,heggarty2005,671,,,,,4835,t a n q a,"['t', 'a', 'n', 'q', 'a']"
Putumayo-150_pushto-1,,Putumayo,150_pushto,tanga,tanga,t a n g a,,tandioy1978,671,,,,,4835,t a n g a,"['t', 'a', 'n', 'g', 'a']"
Raimondi-150_pushto-1,,Raimondi,150_pushto,kumay,kumay,k u m a,,parkerchavez1976,452,,,,,359,k u m - a,"['k', 'u', 'm', 'a']"
SanPedro-150_pushto-1,,SanPedro,150_pushto,tanqa-,tanqa-,t a n q a,,shimelman2017,671,,,,,4835,t a n q a,"['t', 'a', 'n', 'q', 'a']"
Santiagueno-150_pushto-1,,Santiagueno,150_pushto,tanqay,tanqay,t a ŋ q a,,juanatey2021,671,,,,,4835,t a ŋ q a,"['t', 'a', 'ŋ', 'q', 'a']"
SantoTomas-150_pushto-1,,SantoTomas,150_pushto,tancani,tancani,t a n k a + n i,,santotomas1951,671,,,,,4835 0,t a n k a + n i,"['t', 'a', 'n', 'k', 'a', '+', 'n', 'i']"
Serena-150_pushto-1,,Serena,150_pushto,tanga.,tanga.,t a n g a,,heggarty2005,671,,,,,4835,t a n g a,"['t', 'a', 'n', 'g', 'a']"
Sullkatiti-150_pushto-1,,Sullkatiti,150_pushto,nukhu.,nukhu.,n u kʰ u,,heggarty2005,260,,,,,245,n u kʰ u,"['n', 'u', 'kʰ', 'u']"
Taquile-150_pushto-1,,Taquile,150_pushto,tanqa.,tanqa.,t a n q a,,heggarty2005,671,,,,,4835,t a n q a,"['t', 'a', 'n', 'q', 'a']"
Tarma-150_pushto-1,,Tarma,150_pushto,kuma-ri,kuma-ri,k u m a,,adelaar1977,452,,,,,359,k u m - a,"['k', 'u', 'm', 'a']"
Troje-150_pushto-1,,Troje,150_pushto,thanga.,thanga.,tʰ a n g a,,heggarty2005,671,,,,,4835,tʰ a n g a,"['tʰ', 'a', 'n', 'g', 'a']"
Wari-150_pushto-1,,Wari,150_pushto,kumay,kumay,k u m a,,parkerchavez1976,452,,,,,359,k u m - a,"['k', 'u', 'm', 'a']"
Yanac-150_pushto-1,,Yanac,150_pushto,tanqa.,tanqa.,t a n q a,,heggarty2005,671,,,,,4835,t a n q a,"['t', 'a', 'n', 'q', 'a']"
Anonimo-16_not-1,,Anonimo,16_not,"mana, ama",mana,m a n a,,valera1586,635,,,,,4618,m a n a,"['m', 'a', 'n', 'a']"
Apuri-16_not-1,,Apuri,16_not,mana,mana,m a n a,,shimelman2017,635,,,,,4618,m a n a,"['m', 'a', 'n', 'a']"
Apurimac-16_not-1,,Apurimac,16_not,mana,mana,m a n a,,camacho2007,635,,,,,4618,m a n a,"['m', 'a', 'n', 'a']"
Arma-16_not-1,,Arma,16_not,mana,mana,m a n a,,galvez2003,635,,,,,4618,m a n a,"['m', 'a', 'n', 'a']"
Atalla-16_not-1,,Atalla,16_not,mana,mana,m a n a,,heggarty2005,635,,,,,4618,m a n a,"['m', 'a', 'n', 'a']"
Ayacucho-16_not-1,,Ayacucho,16_not,mana,mana,m a n a,,soto1976,635,,,,,4618,m a n a,"['m', 'a', 'n', 'a']"
Bobonaza-16_not-1,,Bobonaza,16_not,mana,mana,m a n a,,orrwrisley1981,635,,,,,4618,m a n a,"['m', 'a', 'n', 'a']"
Cacra-Hongos-16_not-1,,Cacra-Hongos,16_not,mana,mana,m a n a,,shimelman2017,635,,,,,4618,m a n a,"['m', 'a', 'n', 'a']"
Chachapoyas-16_not-1,,Chachapoyas,16_not,mana,mana,m a n a,,taylor2006,635,,,,,4618,m a n a,"['m', 'a', 'n', 'a']"
Chacpar-16_not-1,,Chacpar,16_not,mana,mana,m a n a,,heggarty2005,635,,,,,4618,m a n a,"['m', 'a', 'n', 'a']"
Chetilla-16_not-1,,Chetilla,16_not,mana,mana,m a n a,,heggarty2005,635,,,,,4618,m a n a,"['m', 'a', 'n', 'a']"
Chipaya-16_not-1,,Chipaya,16_not,ana,ana,a n a,,heggarty2005,348,,,,,297,- a n a,"['a', 'n', 'a']"
Curva-16_not-1,,Curva,16_not,mana,mana,m a n a,,heggarty2005,635,,,,,4618,m a n a,"['m', 'a', 'n', 'a']"
Cuzco-16_not-1,,Cuzco,16_not,mana,mana,m a n a,,heggarty2005,635,,,,,4618,m a n a,"['m', 'a', 'n', 'a']"
CuzquenoAntiguo-16_not-1,,CuzquenoAntiguo,16_not,mana,mana,m a n a,,holguin1608,635,,,,,4618,m a n a,"['m', 'a', 'n', 'a']"
Huallaga-16_not-1,,Huallaga,16_not,mana,mana,m a n a,,heggarty2005,635,,,,,4618,m a n a,"['m', 'a', 'n', 'a']"
Huanca-16_not-1,,Huanca,16_not,mana,mana,m a n a,,cerron2018,635,,,,,4618,m a n a,"['m', 'a', 'n', 'a']"
Huancane-16_not-1,,Huancane,16_not,hani,hani,h a n i,,heggarty2005,265,,,,,248,h a n i,"['h', 'a', 'n', 'i']"
Huangascar-16_not-1,,Huangascar,16_not,mana,mana,m a n a,,shimelman2017,635,,,,,4618,m a n a,"['m', 'a', 'n', 'a']"
HuarazHuailas-16_not-1,,HuarazHuailas,16_not,mana,mana,m a ɲ a,,parkerchavez1976,635,,,,,4618,m a ɲ a,"['m', 'a', 'ɲ', 'a']"
Imbabura-16_not-1,,Imbabura,16_not,mana,mana,m a n a,,gomez2009,635,,,,,4618,m a n a,"['m', 'a', 'n', 'a']"
Inkawasi-16_not-1,,Inkawasi,16_not,mana,mana,m a n a,,heggarty2005,635,,,,,4618,m a n a,"['m', 'a', 'n', 'a']"
Iruhito-16_not-1,,Iruhito,16_not,á:na,á:na,aː n a,,cerron2016,18,,,,,110,- aː n a,"['aː', 'n', 'a']"
Jaqaru-16_not-1,,Jaqaru,16_not,iša,iša,i ʃ a,,heggarty2005,637,,,,,4619,i ʃ a,"['i', 'ʃ', 'a']"
Kawki-16_not-1,,Kawki,16_not,iša,iša,i ʃ a,,heggarty2005,637,,,,,4619,i ʃ a,"['i', 'ʃ', 'a']"
Laraos-16_not-1,,Laraos,16_not,mana,mana,m a n a,,heggarty2005,635,,,,,4618,m a n a,"['m', 'a', 'n', 'a']"
Lincha-Tana-16_not-1,,Lincha-Tana,16_not,mana,mana,m a n a,,shimelman2017,635,,,,,4618,m a n a,"['m', 'a', 'n', 'a']"
Maragua-16_not-1,,Maragua,16_not,mana,mana,m a n a,,heggarty2005,635,,,,,4618,m a n a,"['m', 'a', 'n', 'a']"
Napo-16_not-1,,Napo,16_not,mana,mana,m a n a,,orrwrisley1981,635,,,,,4618,m a n a,"['m', 'a', 'n', 'a']"
Pacaraos-16_not-1,,Pacaraos,16_not,mana,mana,m a n a,,adelaar1982,635,,,,,4618,m a n a,"['m', 'a', 'n', 'a']"
Pastaza-16_not-1,,Pastaza,16_not,mana,mana,m a n a,,landerman1973,635,,,,,4618,m a n a,"['m', 'a', 'n', 'a']"
Pocona-16_not-1,,Pocona,16_not,mana,mana,m a n a,,heggarty2005,635,,,,,4618,m a n a,"['m', 'a', 'n', 'a']"
Puki-16_not-1,,Puki,16_not,hani,hani,h a n i,,heggarty2005,265,,,,,248,h a n i,"['h', 'a', 'n', 'i']"
Puno-16_not-1,,Puno,16_not,mana,mana,m a n a,,heggarty2005,635,,,,,4618,m a n a,"['m', 'a', 'n', 'a']"
Putumayo-16_not-1,,Putumayo,16_not,mana,mana,m a n a,,tandioy1978,635,,,,,4618,m a n a,"['m', 'a', 'n', 'a']"
Raimondi-16_not-1,,Raimondi,16_not,mana,mana,m a ɲ a,,parkerchavez1976,635,,,,,4618,m a ɲ a,"['m', 'a', 'ɲ', 'a']"
SanPedro-16_not-1,,SanPedro,16_not,mana,mana,m a n a,,shimelman2017,635,,,,,4618,m a n a,"['m', 'a', 'n', 'a']"
Santiagueno-16_not-1,,Santiagueno,16_not,mana,mana,m a n a,,juanatey2021,635,,,,,4618,m a n a,"['m', 'a', 'n', 'a']"
SantoTomas-16_not-1,,SantoTomas,16_not,"ama, mana",mana,m a n a,,santotomas1951,635,,,,,4618,m a n a,"['m', 'a', 'n', 'a']"
Serena-16_not-1,,Serena,16_not,mana,mana,m a n a,,heggarty2005,635,,,,,4618,m a n a,"['m', 'a', 'n', 'a']"
Sullkatiti-16_not-1,,Sullkatiti,16_not,hani,hani,h a n i,,heggarty2005,265,,,,,248,h a n i,"['h', 'a', 'n', 'i']"
Taquile-16_not-1,,Taquile,16_not,mana,mana,m a n a,,heggarty2005,635,,,,,4618,m a n a,"['m', 'a', 'n', 'a']"
Tarma-16_not-1,,Tarma,16_not,mana,mana,m a n a,,adelaar1977,635,,,,,4618,m a n a,"['m', 'a', 'n', 'a']"
Troje-16_not-1,,Troje,16_not,mana,mana,m a n a,,heggarty2005,635,,,,,4618,m a n a,"['m', 'a', 'n', 'a']"
Tsimu-16_not-1,,Tsimu,16_not,haní:hua,haní:hua,h a n iː h u a,,cerron2016,821,,,,aymara,568,h a n iː h u a,"['h', 'a', 'n', 'iː', 'h', 'u', 'a']"
Wari-16_not-1,,Wari,16_not,mana,mana,m a ɲ a,,parkerchavez1976,635,,,,,4618,m a ɲ a,"['m', 'a', 'ɲ', 'a']"
Yanac-16_not-1,,Yanac,16_not,mana,mana,m a n a,,heggarty2005,635,,,,,4618,m a n a,"['m', 'a', 'n', 'a']"
Anonimo-17_what-1,,Anonimo,17_what,yma,yma,i m a,,valera1586,957,,,,,7384,i m a,"['i', 'm', 'a']"
Apuri-17_what-1,,Apuri,17_what,ima,ima,i m a,,shimelman2017,957,,,,,7384,i m a,"['i', 'm', 'a']"
Apurimac-17_what-1,,Apurimac,17_what,ima,ima,i m a,,camacho2007,957,,,,,7384,i m a,"['i', 'm', 'a']"
Arma-17_what-1,,Arma,17_what,ima,ima,i m a,,galvez2003,957,,,,,7384,i m a,"['i', 'm', 'a']"
Atalla-17_what-1,,Atalla,17_what,ima,ima,i m a,,heggarty2005,957,,,,,7384,i m a,"['i', 'm', 'a']"
Ayacucho-17_what-1,,Ayacucho,17_what,ima,ima,i m a,,soto1976,957,,,,,7384,i m a,"['i', 'm', 'a']"
Bobonaza-17_what-1,,Bobonaza,17_what,ima,ima,i m a,,orrwrisley1981,957,,,,,7384,i m a,"['i', 'm', 'a']"
Cacra-Hongos-17_what-1,,Cacra-Hongos,17_what,ima,ima,i m a,,shimelman2017,957,,,,,7384,i m a,"['i', 'm', 'a']"
Chachapoyas-17_what-1,,Chachapoyas,17_what,ima,ima,i m a,,taylor2006,957,,,,,7384,i m a,"['i', 'm', 'a']"
Chacpar-17_what-1,,Chacpar,17_what,ima,ima,i m a,,heggarty2005,957,,,,,7384,i m a,"['i', 'm', 'a']"
Chetilla-17_what-1,,Chetilla,17_what,ima,ima,i m a,,heggarty2005,957,,,,,7384,i m a,"['i', 'm', 'a']"
Chipaya-17_what-1,,Chipaya,17_what,trhulu,trhulu,ʈʂʰ u l u,,heggarty2005,958,,,,,7385,ʈʂʰ u l u,"['ʈʂʰ', 'u', 'l', 'u']"
Curva-17_what-1,,Curva,17_what,ima,ima,i m a,,heggarty2005,957,,,,,7384,i m a,"['i', 'm', 'a']"
Cuzco-17_what-1,,Cuzco,17_what,ima,ima,i m a,,heggarty2005,957,,,,,7384,i m a,"['i', 'm', 'a']"
CuzquenoAntiguo-17_what-1,,CuzquenoAntiguo,17_what,yma,yma,i m a,,holguin1608,957,,,,,7384,i m a,"['i', 'm', 'a']"
Huallaga-17_what-1,,Huallaga,17_what,ima,ima,i m a,,heggarty2005,957,,,,,7384,i m a,"['i', 'm', 'a']"
Huanca-17_what-1,,Huanca,17_what,ima,ima,i m a,,cerron2018,957,,,,,7384,i m a,"['i', 'm', 'a']"
Huancane-17_what-1,,Huancane,17_what,kuna,kuna,k u n a,,heggarty2005,959,,,,,7386,k u n a,"['k', 'u', 'n', 'a']"
Huangascar-17_what-1,,Huangascar,17_what,ima,ima,i m a,,shimelman2017,957,,,,,7384,i m a,"['i', 'm', 'a']"
HuarazHuailas-17_what-1,,HuarazHuailas,17_what,ima,ima,i m a,,parkerchavez1976,957,,,,,7384,i m a,"['i', 'm', 'a']"
Imbabura-17_what-1,,Imbabura,17_what,ima,ima,i m a,,gomez2009,957,,,,,7384,i m a,"['i', 'm', 'a']"
Inkawasi-17_what-1,,Inkawasi,17_what,ima,ima,i m a,,heggarty2005,957,,,,,7384,i m a,"['i', 'm', 'a']"
Jaqaru-17_what-1,,Jaqaru,17_what,qusa,qusa,q u s a,,heggarty2005,318,,,,,279,q u s a,"['q', 'u', 's', 'a']"
Kawki-17_what-1,,Kawki,17_what,qusi,qusi,q u s i,,heggarty2005,318,,,,,279,q u s i,"['q', 'u', 's', 'i']"
Lamas-17_what-1,,Lamas,17_what,ima,ima,i m a,,taylor2006,957,,,,,7384,i m a,"['i', 'm', 'a']"
Laraos-17_what-1,,Laraos,17_what,ima,ima,i m a,,heggarty2005,957,,,,,7384,i m a,"['i', 'm', 'a']"
Lincha-Tana-17_what-1,,Lincha-Tana,17_what,ima,ima,i m a,,shimelman2017,957,,,,,7384,i m a,"['i', 'm', 'a']"
Maragua-17_what-1,,Maragua,17_what,ima,ima,i m a,,heggarty2005,957,,,,,7384,i m a,"['i', 'm', 'a']"
Napo-17_what-1,,Napo,17_what,ima,ima,i m a,,orrwrisley1981,957,,,,,7384,i m a,"['i', 'm', 'a']"
Pacaraos-17_what-1,,Pacaraos,17_what,ima,ima,i m a,,adelaar1982,957,,,,,7384,i m a,"['i', 'm', 'a']"
Pastaza-17_what-1,,Pastaza,17_what,ima,ima,i m a,,landerman1973,957,,,,,7384,i m a,"['i', 'm', 'a']"
Pocona-17_what-1,,Pocona,17_what,ima,ima,i m a,,heggarty2005,957,,,,,7384,i m a,"['i', 'm', 'a']"
Puki-17_what-1,,Puki,17_what,kuna,kuna,k u n a,,heggarty2005,959,,,,,7386,k u n a,"['k', 'u', 'n', 'a']"
Puno-17_what-1,,Puno,17_what,ima,ima,i m a,,heggarty2005,957,,,,,7384,i m a,"['i', 'm', 'a']"
Putumayo-17_what-1,,Putumayo,17_what,ima,ima,i m a,,tandioy1978,957,,,,,7384,i m a,"['i', 'm', 'a']"
Raimondi-17_what-1,,Raimondi,17_what,ima,ima,i m a,,parkerchavez1976,957,,,,,7384,i m a,"['i', 'm', 'a']"
SanPedro-17_what-1,,SanPedro,17_what,ima,ima,i m a,,shimelman2017,957,,,,,7384,i m a,"['i', 'm', 'a']"
Santiagueno-17_what-1,,Santiagueno,17_what,imat,imat,i m a,,juanatey2021,957,,,,,7384,i m a,"['i', 'm', 'a']"
SantoTomas-17_what-1,,SantoTomas,17_what,ima,ima,i m a,,santotomas1951,957,,,,,7384,i m a,"['i', 'm', 'a']"
Serena-17_what-1,,Serena,17_what,ima,ima,i m a,,heggarty2005,957,,,,,7384,i m a,"['i', 'm', 'a']"
Sullkatiti-17_what-1,,Sullkatiti,17_what,kuna,kuna,k u n a,,heggarty2005,959,,,,,7386,k u n a,"['k', 'u', 'n', 'a']"
Taquile-17_what-1,,Taquile,17_what,ima,ima,i m a,,heggarty2005,957,,,,,7384,i m a,"['i', 'm', 'a']"
Tarma-17_what-1,,Tarma,17_what,ima,ima,i m a,,adelaar1977,957,,,,,7384,i m a,"['i', 'm', 'a']"
Troje-17_what-1,,Troje,17_what,ima,ima,i m a,,heggarty2005,957,,,,,7384,i m a,"['i', 'm', 'a']"
Yanac-17_what-1,,Yanac,17_what,ima,ima,i m a,,heggarty2005,957,,,,,7384,i m a,"['i', 'm', 'a']"
Anonimo-18_who-1,,Anonimo,18_who,pi,pi,p i,,valera1586,964,,,,,7479,p i,"['p', 'i']"
Apuri-18_who-1,,Apuri,18_who,pi,pi,p i,,shimelman2017,964,,,,,7479,p i,"['p', 'i']"
Apurimac-18_who-1,,Apurimac,18_who,pi,pi,p i,,camacho2007,964,,,,,7479,p i,"['p', 'i']"
Arma-18_who-1,,Arma,18_who,pi,pi,p i,,galvez2003,964,,,,,7479,p i,"['p', 'i']"
Atalla-18_who-1,,Atalla,18_who,pi,pi,p i,,heggarty2005,964,,,,,7479,p i,"['p', 'i']"
Ayacucho-18_who-1,,Ayacucho,18_who,pi,pi,p i,,soto1976,964,,,,,7479,p i,"['p', 'i']"
Bobonaza-18_who-1,,Bobonaza,18_who,maican,maican,m ai k a n,,orrwrisley1981,965,,,,,7480,m ai k a n,"['m', 'ai', 'k', 'a', 'n']"
Cacra-Hongos-18_who-1,,Cacra-Hongos,18_who,pi,pi,p i,,shimelman2017,964,,,,,7479,p i,"['p', 'i']"
Chachapoyas-18_who-1,,Chachapoyas,18_who,pi,pi,p i,,taylor2006,964,,,,,7479,p i,"['p', 'i']"
Chacpar-18_who-1,,Chacpar,18_who,pi,pi,p i,,heggarty2005,964,,,,,7479,p i,"['p', 'i']"
Chetilla-18_who-1,,Chetilla,18_who,pi,pi,p i,,heggarty2005,964,,,,,7479,p i,"['p', 'i']"
Chipaya-18_who-1,,Chipaya,18_who,hek,hek,h e k,,heggarty2005,966,,,,,7481,h e k,"['h', 'e', 'k']"
Curva-18_who-1,,Curva,18_who,pi,pi,p i,,heggarty2005,964,,,,,7479,p i,"['p', 'i']"
Cuzco-18_who-1,,Cuzco,18_who,pi,pi,p i,,heggarty2005,964,,,,,7479,p i,"['p', 'i']"
CuzquenoAntiguo-18_who-1,,CuzquenoAntiguo,18_who,pi,pi,p i,,holguin1608,964,,,,,7479,p i,"['p', 'i']"
Huallaga-18_who-1,,Huallaga,18_who,pi,pi,p i,,heggarty2005,964,,,,,7479,p i,"['p', 'i']"
Huanca-18_who-1,,Huanca,18_who,pi,pi,p i,,cerron2018,964,,,,,7479,p i,"['p', 'i']"
Huancane-18_who-1,,Huancane,18_who,khiti,khiti,kʰ i t i,,heggarty2005,268,,,,,250,kʰ i t i,"['kʰ', 'i', 't', 'i']"
Huangascar-18_who-1,,Huangascar,18_who,pi,pi,p i,,shimelman2017,964,,,,,7479,p i,"['p', 'i']"
HuarazHuailas-18_who-1,,HuarazHuailas,18_who,pi,pi,p i,,parkerchavez1976,964,,,,,7479,p i,"['p', 'i']"
Imbabura-18_who-1,,Imbabura,18_who,pi,pi,p i,,gomez2009,964,,,,,7479,p i,"['p', 'i']"
Inkawasi-18_who-1,,Inkawasi,18_who,pi,pi,p i,,heggarty2005,964,,,,,7479,p i,"['p', 'i']"
Jaqaru-18_who-1,,Jaqaru,18_who,qači,qači,q a tʃ i,,heggarty2005,967,,,,,7482,q a tʃ i,"['q', 'a', 'tʃ', 'i']"
Kawki-18_who-1,,Kawki,18_who,qači,qači,q a tʃ i,,heggarty2005,967,,,,,7482,q a tʃ i,"['q', 'a', 'tʃ', 'i']"
Lamas-18_who-1,,Lamas,18_who,pi,pi,p i,,taylor2006,964,,,,,7479,p i,"['p', 'i']"
Laraos-18_who-1,,Laraos,18_who,pi,pi,p i,,heggarty2005,964,,,,,7479,p i,"['p', 'i']"
Lincha-Tana-18_who-1,,Lincha-Tana,18_who,pi,pi,p i,,shimelman2017,964,,,,,7479,p i,"['p', 'i']"
Maragua-18_who-1,,Maragua,18_who,pi,pi,p i,,heggarty2005,964,,,,,7479,p i,"['p', 'i']"
Napo-18_who-1,,Napo,18_who,maican,maican,m ai k a n,,orrwrisley1981,965,,,,,7480,m ai k a n,"['m', 'ai', 'k', 'a', 'n']"
Pacaraos-18_who-1,,Pacaraos,18_who,pii,pii,p i,,adelaar1982,964,,,,,7479,p i,"['p', 'i']"
Pastaza-18_who-1,,Pastaza,18_who,pi,pi,p i,,landerman1973,964,,,,,7479,p i,"['p', 'i']"
Pocona-18_who-1,,Pocona,18_who,pi,pi,p i,,heggarty2005,964,,,,,7479,p i,"['p', 'i']"
Puki-18_who-1,,Puki,18_who,khiti,khiti,kʰ i t i,,heggarty2005,268,,,,,250,kʰ i t i,"['kʰ', 'i', 't', 'i']"
Puno-18_who-1,,Puno,18_who,pi,pi,p i,,heggarty2005,964,,,,,7479,p i,"['p', 'i']"
Putumayo-18_who-1,,Putumayo,18_who,pi,pi,p i,,tandioy1978,964,,,,,7479,p i,"['p', 'i']"
Raimondi-18_who-1,,Raimondi,18_who,pi,pi,p i,,parkerchavez1976,964,,,,,7479,p i,"['p', 'i']"
SanPedro-18_who-1,,SanPedro,18_who,pi,pi,p i,,shimelman2017,964,,,,,7479,p i,"['p', 'i']"
Santiagueno-18_who-1,,Santiagueno,18_who,pitaq,pitaq,p i + t a χ,,juanatey2021,964,,,,,7479 0,p i + t a χ,"['p', 'i', '+', 't', 'a', 'χ']"
SantoTomas-18_who-1,,SantoTomas,18_who,pi,pi,p i,,santotomas1951,964,,,,,7479,p i,"['p', 'i']"
Serena-18_who-1,,Serena,18_who,pi,pi,p i,,heggarty2005,964,,,,,7479,p i,"['p', 'i']"
Sullkatiti-18_who-1,,Sullkatiti,18_who,khiti,khiti,kʰ i t i,,heggarty2005,268,,,,,250,kʰ i t i,"['kʰ', 'i', 't', 'i']"
Taquile-18_who-1,,Taquile,18_who,pi,pi,p i,,heggarty2005,964,,,,,7479,p i,"['p', 'i']"
Tarma-18_who-1,,Tarma,18_who,pi,pi,p i,,adelaar1977,964,,,,,7479,p i,"['p', 'i']"
Troje-18_who-1,,Troje,18_who,pi,pi,p i,,heggarty2005,964,,,,,7479,p i,"['p', 'i']"
Wari-18_who-1,,Wari,18_who,pi,pi,p i,,parkerchavez1976,964,,,,,7479,p i,"['p', 'i']"
Yanac-18_who-1,,Yanac,18_who,pi,pi,p i,,heggarty2005,964,,,,,7479,p i,"['p', 'i']"
Anonimo-19_this-1,,Anonimo,19_this,cay,cay,k ai,,valera1586,910,,,,,6702,k ai,"['k', 'ai']"
Apuri-19_this-1,,Apuri,19_this,kay,kay,k ai,,shimelman2017,910,,,,,6702,k ai,"['k', 'ai']"
Apurimac-19_this-1,,Apurimac,19_this,kay,kay,k ai,,camacho2007,910,,,,,6702,k ai,"['k', 'ai']"
Arma-19_this-1,,Arma,19_this,kay,kay,k ai,,galvez2003,910,,,,,6702,k ai,"['k', 'ai']"
Atalla-19_this-1,,Atalla,19_this,kay,kay,k ai,,heggarty2005,910,,,,,6702,k ai,"['k', 'ai']"
Ayacucho-19_this-1,,Ayacucho,19_this,kay,kay,k ai,,soto1976,910,,,,,6702,k ai,"['k', 'ai']"
Bobonaza-19_this-1,,Bobonaza,19_this,cai,cai,k ai,,orrwrisley1981,910,,,,,6702,k ai,"['k', 'ai']"
Cacra-Hongos-19_this-1,,Cacra-Hongos,19_this,kay,kay,k ai,,shimelman2017,910,,,,,6702,k ai,"['k', 'ai']"
Chachapoyas-19_this-1,,Chachapoyas,19_this,kay,kay,k ai,,taylor2006,910,,,,,6702,k ai,"['k', 'ai']"
Chacpar-19_this-1,,Chacpar,19_this,"ke:, kay",ke:,k eː,,heggarty2005,910,,,,,6702,k eː,"['k', 'eː']"
Chacpar-19_this-2,,Chacpar,19_this,"ke:, kay",kay,k ai,,heggarty2005,910,,,,,6702,k ai,"['k', 'ai']"
Chetilla-19_this-1,,Chetilla,19_this,kay,kay,k ai,,heggarty2005,910,,,,,6702,k ai,"['k', 'ai']"
Chipaya-19_this-1,,Chipaya,19_this,tii,tii,t i i,,heggarty2005,911,,,,,6703,t i i,"['t', 'i', 'i']"
Curva-19_this-1,,Curva,19_this,kay,kay,k ai,,heggarty2005,910,,,,,6702,k ai,"['k', 'ai']"
Cuzco-19_this-1,,Cuzco,19_this,kay,kay,k ai,,heggarty2005,910,,,,,6702,k ai,"['k', 'ai']"
CuzquenoAntiguo-19_this-1,,CuzquenoAntiguo,19_this,cay,cay,k ai,,holguin1608,910,,,,,6702,k ai,"['k', 'ai']"
Huallaga-19_this-1,,Huallaga,19_this,kay,kay,k ai,,heggarty2005,910,,,,,6702,k ai,"['k', 'ai']"
Huanca-19_this-1,,Huanca,19_this,kay,kay,k ai,,cerron2018,910,,,,,6702,k ai,"['k', 'ai']"
Huancane-19_this-1,,Huancane,19_this,ayka,ayka,ai k a,Se sustenta un préstamo y metátesis?,heggarty2005,269,,,,,251,ai k a,"['ai', 'k', 'a']"
Huangascar-19_this-1,,Huangascar,19_this,kay,kay,k ai,,shimelman2017,910,,,,,6702,k ai,"['k', 'ai']"
Imbabura-19_this-1,,Imbabura,19_this,kai,kai,k ai,,gomez2009,910,,,,,6702,k ai,"['k', 'ai']"
Inkawasi-19_this-1,,Inkawasi,19_this,kay,kay,k ai,,heggarty2005,910,,,,,6702,k ai,"['k', 'ai']"
Jaqaru-19_this-1,,Jaqaru,19_this,aka,aka,a k a,,heggarty2005,269,,,,,251,a k a,"['a', 'k', 'a']"
Kawki-19_this-1,,Kawki,19_this,aka,aka,a k a,,heggarty2005,269,,,,,251,a k a,"['a', 'k', 'a']"
Lamas-19_this-1,,Lamas,19_this,kay,kay,k ai,,taylor2006,910,,,,,6702,k ai,"['k', 'ai']"
Laraos-19_this-1,,Laraos,19_this,kay,kay,k ai,,heggarty2005,910,,,,,6702,k ai,"['k', 'ai']"
Lincha-Tana-19_this-1,,Lincha-Tana,19_this,kay,kay,k ai,,shimelman2017,910,,,,,6702,k ai,"['k', 'ai']"
Maragua-19_this-1,,Maragua,19_this,kay,kay,k ai,,heggarty2005,910,,,,,6702,k ai,"['k', 'ai']"
Napo-19_this-1,,Napo,19_this,cai,cai,k ai,,orrwrisley1981,910,,,,,6702,k ai,"['k', 'ai']"
Pacaraos-19_this-1,,Pacaraos,19_this,kay,kay,k ai,,adelaar1982,910,,,,,6702,k ai,"['k', 'ai']"
Pastaza-19_this-1,,Pastaza,19_this,cay,cay,k ai,,landerman1973,910,,,,,6702,k ai,"['k', 'ai']"
Pocona-19_this-1,,Pocona,19_this,kay,kay,k ai,,heggarty2005,910,,,,,6702,k ai,"['k', 'ai']"
Puki-19_this-1,,Puki,19_this,aka,aka,a k a,,heggarty2005,269,,,,,251,a k a,"['a', 'k', 'a']"
Puno-19_this-1,,Puno,19_this,kay,kay,k ai,,heggarty2005,910,,,,,6702,k ai,"['k', 'ai']"
Putumayo-19_this-1,,Putumayo,19_this,cay,cay,k ai,,tandioy1978,910,,,,,6702,k ai,"['k', 'ai']"
SanPedro-19_this-1,,SanPedro,19_this,kay,kay,k ai,,shimelman2017,910,,,,,6702,k ai,"['k', 'ai']"
Santiagueno-19_this-1,,Santiagueno,19_this,kay,kay,k ai,,juanatey2021,910,,,,,6702,k ai,"['k', 'ai']"
SantoTomas-19_this-1,,SantoTomas,19_this,cay,cay,k ai,,santotomas1951,910,,,,,6702,k ai,"['k', 'ai']"
Serena-19_this-1,,Serena,19_this,kay,kay,k ai,,heggarty2005,910,,,,,6702,k ai,"['k', 'ai']"
Sullkatiti-19_this-1,,Sullkatiti,19_this,aka,aka,a k a,,heggarty2005,269,,,,,251,a k a,"['a', 'k', 'a']"
Taquile-19_this-1,,Taquile,19_this,kay,kay,k ai,,heggarty2005,910,,,,,6702,k ai,"['k', 'ai']"
Tarma-19_this-1,,Tarma,19_this,kay,kay,k ai,,adelaar1977,910,,,,,6702,k ai,"['k', 'ai']"
Troje-19_this-1,,Troje,19_this,kay,kay,k ai,,heggarty2005,910,,,,,6702,k ai,"['k', 'ai']"
Yanac-19_this-1,,Yanac,19_this,ke:,ke:,k eː,,heggarty2005,910,,,,,6702,k eː,"['k', 'eː']"
Anonimo-2_two-1,,Anonimo,2_two,yʃacay,yʃacay,i s!s̺/s a k ai,,valera1586,937,,,,,7072,i s!s̺/s ( a ) k ai,"['i', 's!s̺/s', 'a', 'k', 'ai']"
Apuri-2_two-1,,Apuri,2_two,ishkay,ishkay,i ʃ k ai,,shimelman2017,937,,,,,7072,i ʃ ( - ) k ai,"['i', 'ʃ', 'k', 'ai']"
Apurimac-2_two-1,,Apurimac,2_two,iskay,iskay,i s k ai,,camacho2007,937,,,,,7072,i s ( - ) k ai,"['i', 's', 'k', 'ai']"
Arma-2_two-1,,Arma,2_two,iskay,iskay,i s k ai,,galvez2003,937,,,,,7072,i s ( - ) k ai,"['i', 's', 'k', 'ai']"
Atalla-2_two-1,,Atalla,2_two,iskay,iskay,i s k ai,,heggarty2005,937,,,,,7072,i s ( - ) k ai,"['i', 's', 'k', 'ai']"
Ayacucho-2_two-1,,Ayacucho,2_two,iskay,iskay,i s k ai,,soto1976,937,,,,,7072,i s ( - ) k ai,"['i', 's', 'k', 'ai']"
Bobonaza-2_two-1,,Bobonaza,2_two,ishcai,ishcai,i s k ai,,orrwrisley1981,937,,,,,7072,i s ( - ) k ai,"['i', 's', 'k', 'ai']"
Cacra-Hongos-2_two-1,,Cacra-Hongos,2_two,ishkay,ishkay,i ʃ k ai,,shimelman2017,937,,,,,7072,i ʃ ( - ) k ai,"['i', 'ʃ', 'k', 'ai']"
Chachapoyas-2_two-1,,Chachapoyas,2_two,ishkay,ishkay,i ç k ai,,taylor2006,937,,,,,7072,i ç ( - ) k ai,"['i', 'ç', 'k', 'ai']"
Chacpar-2_two-1,,Chacpar,2_two,iške:,iške:,i ʃ k eː,,heggarty2005,937,,,,,7072,i ʃ ( - ) k eː,"['i', 'ʃ', 'k', 'eː']"
Chetilla-2_two-1,,Chetilla,2_two,iškay,iškay,i s k ai,,heggarty2005,937,,,,,7072,i s ( - ) k ai,"['i', 's', 'k', 'ai']"
Chipaya-2_two-1,,Chipaya,2_two,pizk,pizk,p i z k,borrow?,heggarty2005,270,,,,,252,p i z k,"['p', 'i', 'z', 'k']"
Curva-2_two-1,,Curva,2_two,iskay,iskay,i s k ai,,heggarty2005,937,,,,,7072,i s ( - ) k ai,"['i', 's', 'k', 'ai']"
Cuzco-2_two-1,,Cuzco,2_two,iskay,iskay,i s k ai,,heggarty2005,937,,,,,7072,i s ( - ) k ai,"['i', 's', 'k', 'ai']"
CuzquenoAntiguo-2_two-1,,CuzquenoAntiguo,2_two,yʃcay,yʃcay,i s k ai,,holguin1608,937,,,,,7072,i s ( - ) k ai,"['i', 's', 'k', 'ai']"
Huallaga-2_two-1,,Huallaga,2_two,iškay,iškay,i s k ai,,heggarty2005,937,,,,,7072,i s ( - ) k ai,"['i', 's', 'k', 'ai']"
Huanca-2_two-1,,Huanca,2_two,ishkay,ishkay,i ʃ k ai,,cerron1976,937,,,,,7072,i ʃ ( - ) k ai,"['i', 'ʃ', 'k', 'ai']"
Huancane-2_two-1,,Huancane,2_two,paya,paya,p a j a,,heggarty2005,938,,,,,7073,p a j a,"['p', 'a', 'j', 'a']"
Huangascar-2_two-1,,Huangascar,2_two,ishkay,ishkay,i ʃ k ai,,shimelman2017,937,,,,,7072,i ʃ ( - ) k ai,"['i', 'ʃ', 'k', 'ai']"
HuarazHuailas-2_two-1,,HuarazHuailas,2_two,ishkay,ishkay,i ʃ k ai,,parkerchavez1976,937,,,,,7072,i ʃ ( - ) k ai,"['i', 'ʃ', 'k', 'ai']"
Imbabura-2_two-1,,Imbabura,2_two,ishkay,ishkay,i ʃ k ai,,gomez2009,937,,,,,7072,i ʃ ( - ) k ai,"['i', 'ʃ', 'k', 'ai']"
Inkawasi-2_two-1,,Inkawasi,2_two,iškay,iškay,i s k ai,,heggarty2005,937,,,,,7072,i s ( - ) k ai,"['i', 's', 'k', 'ai']"
Iruhito-2_two-1,,Iruhito,2_two,pí:šk,pí:šk,p iː ʃ k,,cerron2016,270,,,,,252,p iː ʃ k,"['p', 'iː', 'ʃ', 'k']"
Jaqaru-2_two-1,,Jaqaru,2_two,paxa,paxa,p a x a,,heggarty2005,938,,,,,7073,p a x a,"['p', 'a', 'x', 'a']"
Kawki-2_two-1,,Kawki,2_two,paxa,paxa,p a x a,,heggarty2005,938,,,,,7073,p a x a,"['p', 'a', 'x', 'a']"
Lamas-2_two-1,,Lamas,2_two,ishkay,ishkay,i ç k ai,,taylor2006,937,,,,,7072,i ç ( - ) k ai,"['i', 'ç', 'k', 'ai']"
Laraos-2_two-1,,Laraos,2_two,iškay,iškay,i ʃ k ai,,heggarty2005,937,,,,,7072,i ʃ ( - ) k ai,"['i', 'ʃ', 'k', 'ai']"
Lincha-Tana-2_two-1,,Lincha-Tana,2_two,ishkay,ishkay,i ʃ k ai,,shimelman2017,937,,,,,7072,i ʃ ( - ) k ai,"['i', 'ʃ', 'k', 'ai']"
Maragua-2_two-1,,Maragua,2_two,iskay,iskay,i s k ai,,heggarty2005,937,,,,,7072,i s ( - ) k ai,"['i', 's', 'k', 'ai']"
Napo-2_two-1,,Napo,2_two,ishcai,ishcai,i ʃ k ai,,orrwrisley1981,937,,,,,7072,i ʃ ( - ) k ai,"['i', 'ʃ', 'k', 'ai']"
Pacaraos-2_two-1,,Pacaraos,2_two,ishkay,ishkay,i ç k ai,,adelaar1982,937,,,,,7072,i ç ( - ) k ai,"['i', 'ç', 'k', 'ai']"
Pastaza-2_two-1,,Pastaza,2_two,ishcay,ishcay,i ʃ k ai,,landerman1973,937,,,,,7072,i ʃ ( - ) k ai,"['i', 'ʃ', 'k', 'ai']"
Pocona-2_two-1,,Pocona,2_two,iskay,iskay,i s k ai,,heggarty2005,937,,,,,7072,i s ( - ) k ai,"['i', 's', 'k', 'ai']"
Puki-2_two-1,,Puki,2_two,paya,paya,p a j a,,heggarty2005,938,,,,,7073,p a j a,"['p', 'a', 'j', 'a']"
Puno-2_two-1,,Puno,2_two,iskay,iskay,i s k ai,,heggarty2005,937,,,,,7072,i s ( - ) k ai,"['i', 's', 'k', 'ai']"
Putumayo-2_two-1,,Putumayo,2_two,iscay,iscay,i s k ai,,tandioy1978,937,,,,,7072,i s ( - ) k ai,"['i', 's', 'k', 'ai']"
Raimondi-2_two-1,,Raimondi,2_two,ishkay,ishkay,i ʃ k ai,,parkerchavez1976,937,,,,,7072,i ʃ ( - ) k ai,"['i', 'ʃ', 'k', 'ai']"
SanPedro-2_two-1,,SanPedro,2_two,ishkay,ishkay,i ʃ k ai,,shimelman2017,937,,,,,7072,i ʃ ( - ) k ai,"['i', 'ʃ', 'k', 'ai']"
Santiagueno-2_two-1,,Santiagueno,2_two,ishkay,ishkay,i ʃ k ai,,juanatey2021,937,,,,,7072,i ʃ ( - ) k ai,"['i', 'ʃ', 'k', 'ai']"
SantoTomas-2_two-1,,SantoTomas,2_two,yʃcay,yʃcay,i s k ai,,santotomas1951,937,,,,,7072,i s ( - ) k ai,"['i', 's', 'k', 'ai']"
Serena-2_two-1,,Serena,2_two,iški,iški,i ʃ k i,,heggarty2005,937,,,,,7072,i ʃ ( - ) k i,"['i', 'ʃ', 'k', 'i']"
Sullkatiti-2_two-1,,Sullkatiti,2_two,paya,paya,p a j a,,heggarty2005,938,,,,,7073,p a j a,"['p', 'a', 'j', 'a']"
Taquile-2_two-1,,Taquile,2_two,iskay,iskay,i s k ai,,heggarty2005,937,,,,,7072,i s ( - ) k ai,"['i', 's', 'k', 'ai']"
Tarma-2_two-1,,Tarma,2_two,išgay,išgay,i ç g ai,,adelaar1977,937,,,,,7072,i ç ( - ) g ai,"['i', 'ç', 'g', 'ai']"
Troje-2_two-1,,Troje,2_two,iški,iški,i ʃ k i,,heggarty2005,937,,,,,7072,i ʃ ( - ) k i,"['i', 'ʃ', 'k', 'i']"
Tsimu-2_two-1,,Tsimu,2_two,pá:ti,pá:ti,p aː t i,,cerron2016,938,,,,,7073,p aː t i,"['p', 'aː', 't', 'i']"
Wari-2_two-1,,Wari,2_two,ishkay,ishkay,i ʃ k ai,,parkerchavez1976,937,,,,,7072,i ʃ ( - ) k ai,"['i', 'ʃ', 'k', 'ai']"
Yanac-2_two-1,,Yanac,2_two,iške:,iške:,i ʃ k eː,,heggarty2005,937,,,,,7072,i ʃ ( - ) k eː,"['i', 'ʃ', 'k', 'eː']"
Anonimo-20_with-1,,Anonimo,20_with,huan,huan,w a n,suffix,valera1586,978,,,,,7626,w a n,"['w', 'a', 'n']"
Apuri-20_with-1,,Apuri,20_with,wan,wan,w a n,suffix,shimelman2017,978,,,,,7626,w a n,"['w', 'a', 'n']"
Apurimac-20_with-1,,Apurimac,20_with,-wan,-wan,w a n,suffix,camacho2007,978,,,,,7626,w a n,"['w', 'a', 'n']"
Atalla-20_with-1,,Atalla,20_with,.wan,.wan,w a n,suffix,heggarty2005,978,,,,,7626,w a n,"['w', 'a', 'n']"
Ayacucho-20_with-1,,Ayacucho,20_with,-wan,-wan,w a ŋ,suffix,soto1976,978,,,,,7626,w a ŋ,"['w', 'a', 'ŋ']"
Cacra-Hongos-20_with-1,,Cacra-Hongos,20_with,-wan,-wan,w a n,suffix,shimelman2017,978,,,,,7626,w a n,"['w', 'a', 'n']"
Chacpar-20_with-1,,Chacpar,20_with,.wan,.wan,w a n,suffix,heggarty2005,978,,,,,7626,w a n,"['w', 'a', 'n']"
Chetilla-20_with-1,,Chetilla,20_with,.wan,.wan,w a n,suffix,heggarty2005,978,,,,,7626,w a n,"['w', 'a', 'n']"
Chipaya-20_with-1,,Chipaya,20_with,".zh.tan, .a.tan",.zh.tan,zʰ t a n,"suffix; zh.tan for M, a.tan for F",heggarty2005,511,,,,,391,zʰ t a n,"['zʰ', 't', 'a', 'n']"
Chipaya-20_with-2,,Chipaya,20_with,".zh.tan, .a.tan",.a.tan,a t a n,"suffix; zh.tan for M, a.tan for F",heggarty2005,979,,,,,7627,a - - t a n,"['a', 't', 'a', 'n']"
Curva-20_with-1,,Curva,20_with,.wan,.wan,w a n,suffix,heggarty2005,978,,,,,7626,w a n,"['w', 'a', 'n']"
Cuzco-20_with-1,,Cuzco,20_with,.wan,.wan,w a n,suffix,heggarty2005,978,,,,,7626,w a n,"['w', 'a', 'n']"
CuzquenoAntiguo-20_with-1,,CuzquenoAntiguo,20_with,huan,huan,w a n,suffix,holguin1608,978,,,,,7626,w a n,"['w', 'a', 'n']"
Huallaga-20_with-1,,Huallaga,20_with,.wan,.wan,w a n,suffix,heggarty2005,978,,,,,7626,w a n,"['w', 'a', 'n']"
Huancane-20_with-1,,Huancane,20_with,.mpi,.mpi,m p i,suffix,heggarty2005,980,,,,,7628,m p i,"['m', 'p', 'i']"
Huangascar-20_with-1,,Huangascar,20_with,-wan,-wan,w a n,suffix,shimelman2017,978,,,,,7626,w a n,"['w', 'a', 'n']"
Inkawasi-20_with-1,,Inkawasi,20_with,.wan,.wan,w a n,suffix,heggarty2005,978,,,,,7626,w a n,"['w', 'a', 'n']"
Jaqaru-20_with-1,,Jaqaru,20_with,.wšqa,.wšqa,w ʃ q a,suffix,heggarty2005,981,,,,,7629,w ʃ q a,"['w', 'ʃ', 'q', 'a']"
Kawki-20_with-1,,Kawki,20_with,.wšqa,.wšqa,w ʃ q a,suffix,heggarty2005,981,,,,,7629,w ʃ q a,"['w', 'ʃ', 'q', 'a']"
Laraos-20_with-1,,Laraos,20_with,.wan,.wan,w a n,suffix,heggarty2005,978,,,,,7626,w a n,"['w', 'a', 'n']"
Lincha-Tana-20_with-1,,Lincha-Tana,20_with,-wan,-wan,w a n,suffix,shimelman2017,978,,,,,7626,w a n,"['w', 'a', 'n']"
Maragua-20_with-1,,Maragua,20_with,.wan,.wan,w a n,suffix,heggarty2005,978,,,,,7626,w a n,"['w', 'a', 'n']"
Pocona-20_with-1,,Pocona,20_with,.wan,.wan,w a n,suffix,heggarty2005,978,,,,,7626,w a n,"['w', 'a', 'n']"
Puki-20_with-1,,Puki,20_with,.nti,.nti,n t i,suffix,heggarty2005,982,,,,,7630,n t i,"['n', 't', 'i']"
Puno-20_with-1,,Puno,20_with,.wan,.wan,w a n,suffix,heggarty2005,978,,,,,7626,w a n,"['w', 'a', 'n']"
Santiagueno-20_with-1,,Santiagueno,20_with,-an,-an,a n,suffix,juanatey2021,978,,,,,7626,- a n,"['a', 'n']"
SantoTomas-20_with-1,,SantoTomas,20_with,guam,guam,w a m,suffix,santotomas1951,978,,,,,7626,w a m,"['w', 'a', 'm']"
Serena-20_with-1,,Serena,20_with,.wa,.wa,w a,suffix,heggarty2005,978,,,,,7626,w a -,"['w', 'a']"
Sullkatiti-20_with-1,,Sullkatiti,20_with,.mpi,.mpi,m p i,suffix,heggarty2005,980,,,,,7628,m p i,"['m', 'p', 'i']"
Taquile-20_with-1,,Taquile,20_with,.wan,.wan,w a n,suffix,heggarty2005,978,,,,,7626,w a n,"['w', 'a', 'n']"
Troje-20_with-1,,Troje,20_with,.wan,.wan,w a n,suffix,heggarty2005,978,,,,,7626,w a n,"['w', 'a', 'n']"
Wari-20_with-1,,Wari,20_with,-wan,-wan,w a ɲ,suffix,parkerchavez1976,978,,,,,7626,w a ɲ,"['w', 'a', 'ɲ']"
Yanac-20_with-1,,Yanac,20_with,.wan,.wan,w a n,suffix,heggarty2005,978,,,,,7626,w a n,"['w', 'a', 'n']"
Anonimo-21_head-1,,Anonimo,21_head,vma,vma,u m a,,valera1586,312,,,,,2769,( - ) u m a,"['u', 'm', 'a']"
Apuri-21_head-1,,Apuri,21_head,uma,uma,u m a,,shimelman2017,312,,,,,2769,( - ) u m a,"['u', 'm', 'a']"
Apurimac-21_head-1,,Apurimac,21_head,uma,uma,u m a,,camacho2007,312,,,,,2769,( - ) u m a,"['u', 'm', 'a']"
Arma-21_head-1,,Arma,21_head,uma,uma,u m a,,galvez2003,312,,,,,2769,( - ) u m a,"['u', 'm', 'a']"
Atalla-21_head-1,,Atalla,21_head,uma,uma,u m a,,heggarty2005,312,,,,,2769,( - ) u m a,"['u', 'm', 'a']"
Ayacucho-21_head-1,,Ayacucho,21_head,uma,uma,u m a,,soto1976,312,,,,,2769,( - ) u m a,"['u', 'm', 'a']"
Bobonaza-21_head-1,,Bobonaza,21_head,uma,uma,u m a,,orrwrisley1981,312,,,,,2769,( - ) u m a,"['u', 'm', 'a']"
Cacra-Hongos-21_head-1,,Cacra-Hongos,21_head,uma,uma,u m a,,shimelman2017,312,,,,,2769,( - ) u m a,"['u', 'm', 'a']"
Chachapoyas-21_head-1,,Chachapoyas,21_head,uma,uma,u m a,,taylor2006,312,,,,,2769,( - ) u m a,"['u', 'm', 'a']"
Chacpar-21_head-1,,Chacpar,21_head,uma,uma,u m a,,heggarty2005,312,,,,,2769,( - ) u m a,"['u', 'm', 'a']"
Chetilla-21_head-1,,Chetilla,21_head,uma,uma,u m a,,heggarty2005,312,,,,,2769,( - ) u m a,"['u', 'm', 'a']"
Chipaya-21_head-1,,Chipaya,21_head,acha,acha,a tʃ a,,heggarty2005,314,,,,,2770,- a tʃ a,"['a', 'tʃ', 'a']"
Curva-21_head-1,,Curva,21_head,uma,uma,u m a,,heggarty2005,312,,,,,2769,( - ) u m a,"['u', 'm', 'a']"
Cuzco-21_head-1,,Cuzco,21_head,uma,uma,u m a,,heggarty2005,312,,,,,2769,( - ) u m a,"['u', 'm', 'a']"
CuzquenoAntiguo-21_head-1,,CuzquenoAntiguo,21_head,vma,vma,u m a,,holguin1608,312,,,,,2769,( - ) u m a,"['u', 'm', 'a']"
Huallaga-21_head-1,,Huallaga,21_head,uma,uma,u m a,,heggarty2005,312,,,,,2769,( - ) u m a,"['u', 'm', 'a']"
Huanca-21_head-1,,Huanca,21_head,uma,uma,u m a,,cerron2018,312,,,,,2769,( - ) u m a,"['u', 'm', 'a']"
Huancane-21_head-1,,Huancane,21_head,p'iqi,p'iqi,pʼ i q i,,heggarty2005,315,,,,,2771,pʼ i - q i,"['pʼ', 'i', 'q', 'i']"
Huangascar-21_head-1,,Huangascar,21_head,uma,uma,u m a,,shimelman2017,312,,,,,2769,( - ) u m a,"['u', 'm', 'a']"
HuarazHuailas-21_head-1,,HuarazHuailas,21_head,uma,uma,u m a,,parkerchavez1976,312,,,,,2769,( - ) u m a,"['u', 'm', 'a']"
Imbabura-21_head-1,,Imbabura,21_head,uma,uma,u m a,,gomez2009,312,,,,,2769,( - ) u m a,"['u', 'm', 'a']"
Inkawasi-21_head-1,,Inkawasi,21_head,uma,uma,u m a,,heggarty2005,312,,,,,2769,( - ) u m a,"['u', 'm', 'a']"
Iruhito-21_head-1,,Iruhito,21_head,á:tša,á:tša,aː tʃ a,,cerron2016,314,,,,,2770,- aː tʃ a,"['aː', 'tʃ', 'a']"
Jaqaru-21_head-1,,Jaqaru,21_head,namp'a,namp'a,n a m pʼ a,,heggarty2005,316,,,,,2772,n a m pʼ a,"['n', 'a', 'm', 'pʼ', 'a']"
Kawki-21_head-1,,Kawki,21_head,pa(x)ĉha,paĉha,p a ʈʂʰ a,,heggarty2005,314,,,,,2770,p a ʈʂʰ a,"['p', 'a', 'ʈʂʰ', 'a']"
Lamas-21_head-1,,Lamas,21_head,uma,uma,u m a,,taylor2006,312,,,,,2769,( - ) u m a,"['u', 'm', 'a']"
Laraos-21_head-1,,Laraos,21_head,uma,uma,u m a,,heggarty2005,312,,,,,2769,( - ) u m a,"['u', 'm', 'a']"
Lincha-Tana-21_head-1,,Lincha-Tana,21_head,uma,uma,u m a,,shimelman2017,312,,,,,2769,( - ) u m a,"['u', 'm', 'a']"
Maragua-21_head-1,,Maragua,21_head,uma,uma,u m a,,heggarty2005,312,,,,,2769,( - ) u m a,"['u', 'm', 'a']"
Napo-21_head-1,,Napo,21_head,uma,uma,u m a,,orrwrisley1981,312,,,,,2769,( - ) u m a,"['u', 'm', 'a']"
Pacaraos-21_head-1,,Pacaraos,21_head,uma,uma,u m a,,adelaar1982,312,,,,,2769,( - ) u m a,"['u', 'm', 'a']"
Pastaza-21_head-1,,Pastaza,21_head,uma,uma,u m a,,landerman1973,312,,,,,2769,( - ) u m a,"['u', 'm', 'a']"
Pocona-21_head-1,,Pocona,21_head,uma,uma,u m a,,heggarty2005,312,,,,,2769,( - ) u m a,"['u', 'm', 'a']"
Puki-21_head-1,,Puki,21_head,p'iqi,p'iqi,pʼ i q i,,heggarty2005,315,,,,,2771,pʼ i - q i,"['pʼ', 'i', 'q', 'i']"
Puno-21_head-1,,Puno,21_head,uma,uma,u m a,,heggarty2005,312,,,,,2769,( - ) u m a,"['u', 'm', 'a']"
Putumayo-21_head-1,,Putumayo,21_head,uma,uma,u m a,,tandioy1978,312,,,,,2769,( - ) u m a,"['u', 'm', 'a']"
Raimondi-21_head-1,,Raimondi,21_head,uma,uma,u m a,,parkerchavez1976,312,,,,,2769,( - ) u m a,"['u', 'm', 'a']"
SanPedro-21_head-1,,SanPedro,21_head,uma,uma,u m a,,shimelman2017,312,,,,,2769,( - ) u m a,"['u', 'm', 'a']"
Santiagueno-21_head-1,,Santiagueno,21_head,uma,uma,u m a,,juanatey2021,312,,,,,2769,( - ) u m a,"['u', 'm', 'a']"
SantoTomas-21_head-1,,SantoTomas,21_head,huma,huma,h u m a,,santotomas1951,312,,,,,2769,( h ) u m a,"['h', 'u', 'm', 'a']"
Serena-21_head-1,,Serena,21_head,uma,uma,u m a,,heggarty2005,312,,,,,2769,( - ) u m a,"['u', 'm', 'a']"
Sullkatiti-21_head-1,,Sullkatiti,21_head,p'iqi,p'iqi,pʼ i q i,,heggarty2005,315,,,,,2771,pʼ i - q i,"['pʼ', 'i', 'q', 'i']"
Taquile-21_head-1,,Taquile,21_head,uma,uma,u m a,,heggarty2005,312,,,,,2769,( - ) u m a,"['u', 'm', 'a']"
Tarma-21_head-1,,Tarma,21_head,uma,uma,u m a,,adelaar1977,312,,,,,2769,( - ) u m a,"['u', 'm', 'a']"
Troje-21_head-1,,Troje,21_head,uma,uma,u m a,,heggarty2005,312,,,,,2769,( - ) u m a,"['u', 'm', 'a']"
Tsimu-21_head-1,,Tsimu,21_head,p’aéke,p’aéke,pʼ a e k e,,cerron2016,353,,,,aymara,299,pʼ a e k e,"['pʼ', 'a', 'e', 'k', 'e']"
Wari-21_head-1,,Wari,21_head,uma,uma,u m a,,parkerchavez1976,312,,,,,2769,( - ) u m a,"['u', 'm', 'a']"
Yanac-21_head-1,,Yanac,21_head,uma,uma,u m a,,heggarty2005,312,,,,,2769,( - ) u m a,"['u', 'm', 'a']"
Anonimo-22_face-1,,Anonimo,22_face,"vya, ricchay",vya,u j a,,valera1586,119,,,,,1687,u j a,"['u', 'j', 'a']"
Anonimo-22_face-2,,Anonimo,22_face,"vya, ricchay",ricchay,r i k tʃ ai,,valera1586,120,,,,,1688,r i k tʃ ai,"['r', 'i', 'k', 'tʃ', 'ai']"
Apuri-22_face-1,,Apuri,22_face,uya,uya,u j a,,shimelman2017,119,,,,,1687,u j a,"['u', 'j', 'a']"
Apurimac-22_face-1,,Apurimac,22_face,uya,uya,u j a,,camacho2007,119,,,,,1687,u j a,"['u', 'j', 'a']"
Arma-22_face-1,,Arma,22_face,uya,uya,u j a,,galvez2003,119,,,,,1687,u j a,"['u', 'j', 'a']"
Atalla-22_face-1,,Atalla,22_face,cara,cara,k a r a,,heggarty2005,623,,,,esp,453,k a r a,"['k', 'a', 'r', 'a']"
Ayacucho-22_face-1,,Ayacucho,22_face,uya,uya,u j a,,soto1976,119,,,,,1687,u j a,"['u', 'j', 'a']"
Bobonaza-22_face-1,,Bobonaza,22_face,ñahui,ñahui,ɲ a w i,,orrwrisley1981,109,,,,,1632,ɲ a w i,"['ɲ', 'a', 'w', 'i']"
Chachapoyas-22_face-1,,Chachapoyas,22_face,wiya,wiya,w i j a,,taylor2006,117,,,,,1684,w i j a,"['w', 'i', 'j', 'a']"
Chacpar-22_face-1,,Chacpar,22_face,qaχ(ə)λa,qaχλa,q a χ ʎ a,,heggarty2005,118,,,,,1685,q a χ ʎ - a,"['q', 'a', 'χ', 'ʎ', 'a']"
Chetilla-22_face-1,,Chetilla,22_face,qaγdya,qaγdya,q a ʁ ʎ a,,heggarty2005,118,,,,,1685,q a ʁ ʎ - a,"['q', 'a', 'ʁ', 'ʎ', 'a']"
Chipaya-22_face-1,,Chipaya,22_face,yuk(i),yuk,j u k,,heggarty2005,276,,,,,253,j u k -,"['j', 'u', 'k']"
Curva-22_face-1,,Curva,22_face,uya,uya,u j a,,heggarty2005,119,,,,,1687,u j a,"['u', 'j', 'a']"
Cuzco-22_face-1,,Cuzco,22_face,uya,uya,u j a,,heggarty2005,119,,,,,1687,u j a,"['u', 'j', 'a']"
CuzquenoAntiguo-22_face-1,,CuzquenoAntiguo,22_face,"vya, ricchay",vya,u j a,,holguin1608,119,,,,,1687,u j a,"['u', 'j', 'a']"
CuzquenoAntiguo-22_face-2,,CuzquenoAntiguo,22_face,"vya, ricchay",ricchay,r i k tʃ ai,,holguin1608,120,,,,,1688,r i k tʃ ai,"['r', 'i', 'k', 'tʃ', 'ai']"
Huallaga-22_face-1,,Huallaga,22_face,qaχλa,qaχλa,q a χ ʎ a,,heggarty2005,118,,,,,1685,q a χ ʎ - a,"['q', 'a', 'χ', 'ʎ', 'a']"
Huancane-22_face-1,,Huancane,22_face,aχanu,aχanu,a χ a n u,,heggarty2005,121,,,,,1689,a χ a n u,"['a', 'χ', 'a', 'n', 'u']"
Huangascar-22_face-1,,Huangascar,22_face,uya,uya,u j a,,shimelman2017,119,,,,,1687,u j a,"['u', 'j', 'a']"
Imbabura-22_face-1,,Imbabura,22_face,ñawi,ñawi,ɲ a w i,,gomez2009,109,,,,,1632,ɲ a w i,"['ɲ', 'a', 'w', 'i']"
Inkawasi-22_face-1,,Inkawasi,22_face,χaχ(ə)dža,χaχdža,χ a χ dʒ a,,heggarty2005,123,,,,,1690,χ a χ dʒ a,"['χ', 'a', 'χ', 'dʒ', 'a']"
Iruhito-22_face-1,,Iruhito,22_face,yú:kʰ,yú:kʰ,j uː kʰ,,cerron2016,276,,,,,253,j uː kʰ -,"['j', 'uː', 'kʰ']"
Jaqaru-22_face-1,,Jaqaru,22_face,qaxλa,qaxλa,q a x ʎ a,,heggarty2005,118,,,,,1685,q a x ʎ - a,"['q', 'a', 'x', 'ʎ', 'a']"
Kawki-22_face-1,,Kawki,22_face,qaxλa,qaxλa,q a x ʎ a,,heggarty2005,118,,,,,1685,q a x ʎ - a,"['q', 'a', 'x', 'ʎ', 'a']"
Lamas-22_face-1,,Lamas,22_face,uya,uya,u j a,,taylor2006,119,,,,,1687,u j a,"['u', 'j', 'a']"
Laraos-22_face-1,,Laraos,22_face,cara,cara,k a r a,,heggarty2005,624,,,,esp,454,k a r a,"['k', 'a', 'r', 'a']"
Maragua-22_face-1,,Maragua,22_face,uya,uya,u j a,,heggarty2005,119,,,,,1687,u j a,"['u', 'j', 'a']"
Napo-22_face-1,,Napo,22_face,ñahui,ñahui,ɲ a w i,,orrwrisley1981,109,,,,,1632,ɲ a w i,"['ɲ', 'a', 'w', 'i']"
Pacaraos-22_face-1,,Pacaraos,22_face,kaara,kaara,k aː ɾ a,,adelaar1982,625,,,,esp,455,k aː ɾ a,"['k', 'aː', 'ɾ', 'a']"
Pastaza-22_face-1,,Pastaza,22_face,uya,uya,u j a,,landerman1973,119,,,,,1687,u j a,"['u', 'j', 'a']"
Pocona-22_face-1,,Pocona,22_face,uya,uya,u j a,,heggarty2005,119,,,,,1687,u j a,"['u', 'j', 'a']"
Puki-22_face-1,,Puki,22_face,inñaqa,inñaqa,i n ɲ a q a,,heggarty2005,172,,,,,196,i n ɲ a q a,"['i', 'n', 'ɲ', 'a', 'q', 'a']"
Puno-22_face-1,,Puno,22_face,uya,uya,u j a,,heggarty2005,119,,,,,1687,u j a,"['u', 'j', 'a']"
Putumayo-22_face-1,,Putumayo,22_face,ñahui,ñahui,ɲ a w i,,tandioy1978,109,,,,,1632,ɲ a w i,"['ɲ', 'a', 'w', 'i']"
Raimondi-22_face-1,,Raimondi,22_face,qallqa,qallqa,q a ʎ q a,alternates with qaqlla,parkerchavez1976,118,,,,,1685,q a - ʎ q a,"['q', 'a', 'ʎ', 'q', 'a']"
SanPedro-22_face-1,,SanPedro,22_face,uya,uya,u j a,,shimelman2017,119,,,,,1687,u j a,"['u', 'j', 'a']"
Santiagueno-22_face-1,,Santiagueno,22_face,uya,uya,u j a,,juanatey2021,119,,,,,1687,u j a,"['u', 'j', 'a']"
SantoTomas-22_face-1,,SantoTomas,22_face,"oya, riccha",oya,o j a,,santotomas1951,119,,,,,1687,o j a,"['o', 'j', 'a']"
SantoTomas-22_face-2,,SantoTomas,22_face,"oya, riccha",riccha,r i k tʃ a,,santotomas1951,120,,,,,1688,r i k tʃ a,"['r', 'i', 'k', 'tʃ', 'a']"
Serena-22_face-1,,Serena,22_face,ñaβi,ñaβi,ɲ a β i,,heggarty2005,109,,,,,1632,ɲ a β i,"['ɲ', 'a', 'β', 'i']"
Sullkatiti-22_face-1,,Sullkatiti,22_face,aχanu,aχanu,a χ a n u,,heggarty2005,121,,,,,1689,a χ a n u,"['a', 'χ', 'a', 'n', 'u']"
Taquile-22_face-1,,Taquile,22_face,uya,uya,u j a,,heggarty2005,119,,,,,1687,u j a,"['u', 'j', 'a']"
Tarma-22_face-1,,Tarma,22_face,kara,kara,k a ɾ a,,adelaar1977,626,,,,esp,456,k a ɾ a,"['k', 'a', 'ɾ', 'a']"
Troje-22_face-1,,Troje,22_face,ñawi,ñawi,ɲ a w i,,heggarty2005,109,,,,,1632,ɲ a w i,"['ɲ', 'a', 'w', 'i']"
Tsimu-22_face-1,,Tsimu,22_face,yú:ki,yú:ki,j uː k i,,cerron2016,276,,,,,253,j uː k i,"['j', 'uː', 'k', 'i']"
Wari-22_face-1,,Wari,22_face,qallqa,qallqa,q a ʎ q a,alternates with qaqlla,parkerchavez1976,118,,,,,1685,q a - ʎ q a,"['q', 'a', 'ʎ', 'q', 'a']"
Yanac-22_face-1,,Yanac,22_face,qaq(ə)λa,qaqλa,q a q ʎ a,,heggarty2005,118,,,,,1685,q a q ʎ - a,"['q', 'a', 'q', 'ʎ', 'a']"
Anonimo-23_forehead-1,,Anonimo,23_forehead,mati,mati,m a t i,,valera1586,207,,,,,2160,m a ( - ) t i,"['m', 'a', 't', 'i']"
Apuri-23_forehead-1,,Apuri,23_forehead,paqtra,paqtra,p a q ʈ a,,shimelman2017,210,,,,,2164,p a q ʈ a,"['p', 'a', 'q', 'ʈ', 'a']"
Apurimac-23_forehead-1,,Apurimac,23_forehead,chinpa,chinpa,tʃ i n p a,,camacho2007,208,,,,,2161,tʃ i n p a,"['tʃ', 'i', 'n', 'p', 'a']"
Apurimac-23_forehead-2,,Apurimac,23_forehead,mati,mati,m a t i,,camacho2007,207,,,,,2160,m a ( - ) t i,"['m', 'a', 't', 'i']"
Arma-23_forehead-1,,Arma,23_forehead,urku,urku,u ɾ k u,,galvez2003,209,,,,,2162,u ɾ k u,"['u', 'ɾ', 'k', 'u']"
Atalla-23_forehead-1,,Atalla,23_forehead,urku,urku,u r k u,,heggarty2005,209,,,,,2162,u r k u,"['u', 'r', 'k', 'u']"
Ayacucho-23_forehead-1,,Ayacucho,23_forehead,urku,urku,u ɾ k u,,soto1976,209,,,,,2162,u ɾ k u,"['u', 'ɾ', 'k', 'u']"
Bobonaza-23_forehead-1,,Bobonaza,23_forehead,jurinti,jurinti,h u r i n t i,,orrwrisley1981,62,,,,esp,1354,h u r i n t i,"['h', 'u', 'r', 'i', 'n', 't', 'i']"
Cacra-Hongos-23_forehead-1,,Cacra-Hongos,23_forehead,paqtra,paqtra,p a q ʈ a,,shimelman2017,210,,,,,2164,p a q ʈ a,"['p', 'a', 'q', 'ʈ', 'a']"
Chachapoyas-23_forehead-1,,Chachapoyas,23_forehead,urku,urku,u r k u,,taylor2006,209,,,,,2162,u r k u,"['u', 'r', 'k', 'u']"
Chacpar-23_forehead-1,,Chacpar,23_forehead,urku,urku,u r k u,,heggarty2005,209,,,,,2162,u r k u,"['u', 'r', 'k', 'u']"
Chetilla-23_forehead-1,,Chetilla,23_forehead,urku,urku,u r k u,,heggarty2005,209,,,,,2162,u r k u,"['u', 'r', 'k', 'u']"
Chipaya-23_forehead-1,,Chipaya,23_forehead,aya,aya,a j a,,heggarty2005,211,,,,,2165,a j a,"['a', 'j', 'a']"
Curva-23_forehead-1,,Curva,23_forehead,mat'i,mat'i,m a tʼ i,,heggarty2005,207,,,,,2160,m a ( - ) tʼ i,"['m', 'a', 'tʼ', 'i']"
Cuzco-23_forehead-1,,Cuzco,23_forehead,mat'i,mat'i,m a tʼ i,,heggarty2005,207,,,,,2160,m a ( - ) tʼ i,"['m', 'a', 'tʼ', 'i']"
CuzquenoAntiguo-23_forehead-1,,CuzquenoAntiguo,23_forehead,maiti,maiti,m ai t i,,holguin1608,207,,,,,2160,m ai ( - ) t i,"['m', 'ai', 't', 'i']"
Huallaga-23_forehead-1,,Huallaga,23_forehead,urku,urku,u r k u,,heggarty2005,209,,,,,2162,u r k u,"['u', 'r', 'k', 'u']"
Huanca-23_forehead-1,,Huanca,23_forehead,ulku,ulku,u l k u,,cerron2018,209,,,,,2162,u l k u,"['u', 'l', 'k', 'u']"
Huanca-23_forehead-2,,Huanca,23_forehead,paqtra,paqtra,p a ʔ ʈʂ a,,cerron1976,210,,,,,2164,p a ʔ ʈʂ a,"['p', 'a', 'ʔ', 'ʈʂ', 'a']"
Huancane-23_forehead-1,,Huancane,23_forehead,para,para,p a r a,,heggarty2005,321,,,,,281,p a r - - a,"['p', 'a', 'r', 'a']"
HuarazHuailas-23_forehead-1,,HuarazHuailas,23_forehead,urku,urku,u ɾ k u,,parkerchavez1976,209,,,,,2162,u ɾ k u,"['u', 'ɾ', 'k', 'u']"
Imbabura-23_forehead-1,,Imbabura,23_forehead,ñawi,ñawi,ɲ a w i,,gomez2009,109,,,,,1632,ɲ a w i,"['ɲ', 'a', 'w', 'i']"
Inkawasi-23_forehead-1,,Inkawasi,23_forehead,urku,urku,u r k u,,heggarty2005,209,,,,,2162,u r k u,"['u', 'r', 'k', 'u']"
Iruhito-23_forehead-1,,Iruhito,23_forehead,á:ya,á:ya,aː j a,,cerron2016,211,,,,,2165,aː j a,"['aː', 'j', 'a']"
Jaqaru-23_forehead-1,,Jaqaru,23_forehead,paxĉha,paxĉha,p a x ʈʂʰ a,,heggarty2005,356,,,,,300,p a x ʈʂʰ a,"['p', 'a', 'x', 'ʈʂʰ', 'a']"
Kawki-23_forehead-1,,Kawki,23_forehead,paxĉha,paxĉha,p a x ʈʂʰ a,,heggarty2005,356,,,,,300,p a x ʈʂʰ a,"['p', 'a', 'x', 'ʈʂʰ', 'a']"
Lamas-23_forehead-1,,Lamas,23_forehead,urku,urku,u r k u,,taylor2006,209,,,,,2162,u r k u,"['u', 'r', 'k', 'u']"
Laraos-23_forehead-1,,Laraos,23_forehead,paqχra,paqcra,p a q ʈʂ a,,heggarty2005,210,,,,,2164,p a q ʈʂ a,"['p', 'a', 'q', 'ʈʂ', 'a']"
Lincha-Tana-23_forehead-1,,Lincha-Tana,23_forehead,paqtra,paqtra,p a q ʈ a,,shimelman2017,210,,,,,2164,p a q ʈ a,"['p', 'a', 'q', 'ʈ', 'a']"
Maragua-23_forehead-1,,Maragua,23_forehead,frente,frente,f r e n t e,,heggarty2005,69,,,,esp,1404,f - r e n t e,"['f', 'r', 'e', 'n', 't', 'e']"
Napo-23_forehead-1,,Napo,23_forehead,jurinti,jurinti,h u r i n t i,,orrwrisley1981,253,,,,esp,2410,h u r i n t i,"['h', 'u', 'r', 'i', 'n', 't', 'i']"
Pacaraos-23_forehead-1,,Pacaraos,23_forehead,suqutri,suqutri,s o χ u ʈʂ i,,adelaar1982,277,,,,,254,s o χ u ʈʂ i,"['s', 'o', 'χ', 'u', 'ʈʂ', 'i']"
Pastaza-23_forehead-1,,Pastaza,23_forehead,urindi,urindi,u r i n d i,,landerman1973,73,,,,esp,1411,- u r i n d i,"['u', 'r', 'i', 'n', 'd', 'i']"
Pocona-23_forehead-1,,Pocona,23_forehead,frente,frente,f r e n t e,,heggarty2005,74,,,,esp,1412,f - r e n t e,"['f', 'r', 'e', 'n', 't', 'e']"
Puki-23_forehead-1,,Puki,23_forehead,para,para,p a r a,,heggarty2005,321,,,,,281,p a r - - a,"['p', 'a', 'r', 'a']"
Puno-23_forehead-1,,Puno,23_forehead,mat'i,mat'i,m a tʼ i,,heggarty2005,207,,,,,2160,m a ( - ) tʼ i,"['m', 'a', 'tʼ', 'i']"
Raimondi-23_forehead-1,,Raimondi,23_forehead,urku,urku,u ɾ k u,,parkerchavez1976,209,,,,,2162,u ɾ k u,"['u', 'ɾ', 'k', 'u']"
SanPedro-23_forehead-1,,SanPedro,23_forehead,paqtra,paqtra,p a q ʈ a,,shimelman2017,210,,,,,2164,p a q ʈ a,"['p', 'a', 'q', 'ʈ', 'a']"
Santiagueno-23_forehead-1,,Santiagueno,23_forehead,paqra,paqra,p a χ ɾ a,,juanatey2021,800,,,,aymara,557,p a χ ɾ ( - ) a,"['p', 'a', 'χ', 'ɾ', 'a']"
SantoTomas-23_forehead-1,,SantoTomas,23_forehead,"marti, cara",marti,m a r t i,,santotomas1951,207,,,,,2160,m a ( r ) t i,"['m', 'a', 'r', 't', 'i']"
SantoTomas-23_forehead-2,,SantoTomas,23_forehead,"marti, cara",cara,k a r a,,santotomas1951,638,,,,esp,462,k a - - r a,"['k', 'a', 'r', 'a']"
Serena-23_forehead-1,,Serena,23_forehead,urinti,urinti,u r i n t i,,heggarty2005,75,,,,esp,1413,- u r i n t i,"['u', 'r', 'i', 'n', 't', 'i']"
Sullkatiti-23_forehead-1,,Sullkatiti,23_forehead,para,para,p a r a,,heggarty2005,321,,,,,281,p a r - - a,"['p', 'a', 'r', 'a']"
Taquile-23_forehead-1,,Taquile,23_forehead,mat'i,mat'i,m a tʼ i,,heggarty2005,207,,,,,2160,m a ( - ) tʼ i,"['m', 'a', 'tʼ', 'i']"
Troje-23_forehead-1,,Troje,23_forehead,frente,frente,f r e n t e,,heggarty2005,76,,,,esp,1414,f - r e n t e,"['f', 'r', 'e', 'n', 't', 'e']"
Tsimu-23_forehead-1,,Tsimu,23_forehead,sonáke:,sonáke:,s o n a k eː,,cerron2016,278,,,,,255,s o n a k eː,"['s', 'o', 'n', 'a', 'k', 'eː']"
Wari-23_forehead-1,,Wari,23_forehead,urku,urku,u ɾ k u,,parkerchavez1976,209,,,,,2162,u ɾ k u,"['u', 'ɾ', 'k', 'u']"
Yanac-23_forehead-1,,Yanac,23_forehead,urku,urku,u r k u,,heggarty2005,209,,,,,2162,u r k u,"['u', 'r', 'k', 'u']"
Anonimo-24_hair-1,,Anonimo,24_hair,"chuccha, accha",chuccha,tʃ u k tʃ a,,valera1586,289,,,,,261,tʃ u k tʃ a,"['tʃ', 'u', 'k', 'tʃ', 'a']"
Anonimo-24_hair-2,,Anonimo,24_hair,"chuccha, accha",accha,a k tʃ a,,valera1586,290,,,,,2616,( - ) a k tʃ a,"['a', 'k', 'tʃ', 'a']"
Apuri-24_hair-1,,Apuri,24_hair,aqcha,aqcha,a q tʃ a,,shimelman2017,290,,,,,2616,( - ) a q tʃ a,"['a', 'q', 'tʃ', 'a']"
Apuri-24_hair-2,,Apuri,24_hair,chukcha,chukcha,tʃ u k tʃ a,,shimelman2017,289,,,,,261,tʃ u k tʃ a,"['tʃ', 'u', 'k', 'tʃ', 'a']"
Apurimac-24_hair-1,,Apurimac,24_hair,chukcha,chukcha,tʃ u k tʃ a,,camacho2007,289,,,,,261,tʃ u k tʃ a,"['tʃ', 'u', 'k', 'tʃ', 'a']"
Arma-24_hair-1,,Arma,24_hair,chukcha,chukcha,tʃ u k tʃ a,,galvez2003,289,,,,,261,tʃ u k tʃ a,"['tʃ', 'u', 'k', 'tʃ', 'a']"
Atalla-24_hair-1,,Atalla,24_hair,čukča,čukča,tʃ u k tʃ a,,heggarty2005,289,,,,,261,tʃ u k tʃ a,"['tʃ', 'u', 'k', 'tʃ', 'a']"
Ayacucho-24_hair-1,,Ayacucho,24_hair,chukcha,chukcha,tʃ u k tʃ a,,soto1976,289,,,,,261,tʃ u k tʃ a,"['tʃ', 'u', 'k', 'tʃ', 'a']"
Bobonaza-24_hair-1,,Bobonaza,24_hair,accha,accha,a k tʃ a,,orrwrisley1981,290,,,,,2616,( - ) a k tʃ a,"['a', 'k', 'tʃ', 'a']"
Cacra-Hongos-24_hair-1,,Cacra-Hongos,24_hair,aqcha,aqcha,a q tʃ a,,shimelman2017,290,,,,,2616,( - ) a q tʃ a,"['a', 'q', 'tʃ', 'a']"
Chachapoyas-24_hair-1,,Chachapoyas,24_hair,chujcha,chujcha,tʃ u x tʃ a,,taylor2006,289,,,,,261,tʃ u x tʃ a,"['tʃ', 'u', 'x', 'tʃ', 'a']"
Chacpar-24_hair-1,,Chacpar,24_hair,aqtsa,aqtsa,a q ts a,,heggarty2005,290,,,,,2616,( - ) a q ts a,"['a', 'q', 'ts', 'a']"
Chetilla-24_hair-1,,Chetilla,24_hair,aχča,aχča,a χ tʃ a,,heggarty2005,290,,,,,2616,( - ) a χ tʃ a,"['a', 'χ', 'tʃ', 'a']"
Chipaya-24_hair-1,,Chipaya,24_hair,chara,chara,tʃ a r a,,heggarty2005,291,,,,,2617,tʃ a r a,"['tʃ', 'a', 'r', 'a']"
Curva-24_hair-1,,Curva,24_hair,čuxča,čuxča,tʃ u x tʃ a,,heggarty2005,289,,,,,261,tʃ u x tʃ a,"['tʃ', 'u', 'x', 'tʃ', 'a']"
Cuzco-24_hair-1,,Cuzco,24_hair,čuxča,čuxča,tʃ u x tʃ a,,heggarty2005,289,,,,,261,tʃ u x tʃ a,"['tʃ', 'u', 'x', 'tʃ', 'a']"
CuzquenoAntiguo-24_hair-1,,CuzquenoAntiguo,24_hair,chuccha,chuccha,tʃ u k tʃ a,,holguin1608,289,,,,,261,tʃ u k tʃ a,"['tʃ', 'u', 'k', 'tʃ', 'a']"
Huallaga-24_hair-1,,Huallaga,24_hair,aχča,aχča,a χ tʃ a,,heggarty2005,290,,,,,2616,( - ) a χ tʃ a,"['a', 'χ', 'tʃ', 'a']"
Huanca-24_hair-1,,Huanca,24_hair,aqcha,aqcha,a ʔ tʃ a,,cerron1976,290,,,,,2616,( - ) a ʔ tʃ a,"['a', 'ʔ', 'tʃ', 'a']"
Huancane-24_hair-1,,Huancane,24_hair,ñik'uta,ñik'uta,ɲ i kʼ u t a,,heggarty2005,293,,,,,263,ɲ i kʼ u t a,"['ɲ', 'i', 'kʼ', 'u', 't', 'a']"
Huangascar-24_hair-1,,Huangascar,24_hair,"aqcha, chukcha",aqcha,a q tʃ a,,shimelman2017,290,,,,,2616,( - ) a q tʃ a,"['a', 'q', 'tʃ', 'a']"
Huangascar-24_hair-2,,Huangascar,24_hair,"aqcha, chukcha",chukcha,tʃ u k tʃ a,,shimelman2017,289,,,,,261,tʃ u k tʃ a,"['tʃ', 'u', 'k', 'tʃ', 'a']"
HuarazHuailas-24_hair-1,,HuarazHuailas,24_hair,aqtsa,aqtsa,a q ts a,,parkerchavez1976,290,,,,,2616,( - ) a q ts a,"['a', 'q', 'ts', 'a']"
Imbabura-24_hair-1,,Imbabura,24_hair,akcha,akcha,a k tʃ a,,gomez2009,290,,,,,2616,( - ) a k tʃ a,"['a', 'k', 'tʃ', 'a']"
Inkawasi-24_hair-1,,Inkawasi,24_hair,aχča,aχča,a χ tʃ a,,heggarty2005,290,,,,,2616,( - ) a χ tʃ a,"['a', 'χ', 'tʃ', 'a']"
Iruhito-24_hair-1,,Iruhito,24_hair,iχklí:sa,iχklí:sa,i χ k l iː s a,,cerron2016,292,,,,,262,- i χ k l iː s a,"['i', 'χ', 'k', 'l', 'iː', 's', 'a']"
Jaqaru-24_hair-1,,Jaqaru,24_hair,nuk'uta,nuk'uta,n u kʼ u t a,,heggarty2005,293,,,,,263,n u kʼ u t a,"['n', 'u', 'kʼ', 'u', 't', 'a']"
Kawki-24_hair-1,,Kawki,24_hair,nuk'uĉa,nuk'uĉa,n u kʼ u ʈʂ a,,heggarty2005,293,,,,,263,n u kʼ u ʈʂ a,"['n', 'u', 'kʼ', 'u', 'ʈʂ', 'a']"
Lamas-24_hair-1,,Lamas,24_hair,chukcha,chukcha,tʃ u k tʃ a,,taylor2006,289,,,,,261,tʃ u k tʃ a,"['tʃ', 'u', 'k', 'tʃ', 'a']"
Laraos-24_hair-1,,Laraos,24_hair,aχča,aχča,a χ tʃ a,,heggarty2005,290,,,,,2616,( - ) a χ tʃ a,"['a', 'χ', 'tʃ', 'a']"
Lincha-Tana-24_hair-1,,Lincha-Tana,24_hair,aqcha,aqcha,a q tʃ a,,shimelman2017,290,,,,,2616,( - ) a q tʃ a,"['a', 'q', 'tʃ', 'a']"
Maragua-24_hair-1,,Maragua,24_hair,čuxča,čuxča,tʃ u x tʃ a,,heggarty2005,289,,,,,261,tʃ u x tʃ a,"['tʃ', 'u', 'x', 'tʃ', 'a']"
Napo-24_hair-1,,Napo,24_hair,accha,accha,a k tʃ a,,orrwrisley1981,290,,,,,2616,( - ) a k tʃ a,"['a', 'k', 'tʃ', 'a']"
Pacaraos-24_hair-1,,Pacaraos,24_hair,aqsa,aqsa,a χ s a,,adelaar1982,290,,,,,2616,( - ) a χ s a,"['a', 'χ', 's', 'a']"
Pastaza-24_hair-1,,Pastaza,24_hair,chuccha,chuccha,tʃ u k tʃ a,,landerman1973,289,,,,,261,tʃ u k tʃ a,"['tʃ', 'u', 'k', 'tʃ', 'a']"
Pocona-24_hair-1,,Pocona,24_hair,čuxča,čuxča,tʃ u x tʃ a,,heggarty2005,289,,,,,261,tʃ u x tʃ a,"['tʃ', 'u', 'x', 'tʃ', 'a']"
Puki-24_hair-1,,Puki,24_hair,ñak'uta,ñak'uta,ɲ a kʼ u t a,,heggarty2005,293,,,,,263,ɲ a kʼ u t a,"['ɲ', 'a', 'kʼ', 'u', 't', 'a']"
Puno-24_hair-1,,Puno,24_hair,čuxča,čuxča,tʃ u x tʃ a,,heggarty2005,289,,,,,261,tʃ u x tʃ a,"['tʃ', 'u', 'x', 'tʃ', 'a']"
Putumayo-24_hair-1,,Putumayo,24_hair,agcha,agcha,a x tʃ a,,tandioy1978,290,,,,,2616,( - ) a x tʃ a,"['a', 'x', 'tʃ', 'a']"
Raimondi-24_hair-1,,Raimondi,24_hair,aqtsa,aqtsa,a q ts a,,parkerchavez1976,290,,,,,2616,( - ) a q ts a,"['a', 'q', 'ts', 'a']"
SanPedro-24_hair-1,,SanPedro,24_hair,aqcha,aqcha,a q tʃ a,,shimelman2017,290,,,,,2616,( - ) a q tʃ a,"['a', 'q', 'tʃ', 'a']"
Santiagueno-24_hair-1,,Santiagueno,24_hair,chukcha,chukcha,tʃ u x tʃ a,,juanatey2021,289,,,,,261,tʃ u x tʃ a,"['tʃ', 'u', 'x', 'tʃ', 'a']"
SantoTomas-24_hair-1,,SantoTomas,24_hair,"chuccha, yaccha",chuccha,tʃ u k tʃ a,,santotomas1951,289,,,,,261,tʃ u k tʃ a,"['tʃ', 'u', 'k', 'tʃ', 'a']"
SantoTomas-24_hair-2,,SantoTomas,24_hair,"chuccha, yaccha",yaccha,j a k tʃ a,,santotomas1951,290,,,,,2616,( j ) a k tʃ a,"['j', 'a', 'k', 'tʃ', 'a']"
Serena-24_hair-1,,Serena,24_hair,akča,akča,a k tʃ a,,heggarty2005,290,,,,,2616,( - ) a k tʃ a,"['a', 'k', 'tʃ', 'a']"
Sullkatiti-24_hair-1,,Sullkatiti,24_hair,ñik'uta,ñik'uta,ɲ i kʼ u t a,,heggarty2005,293,,,,,263,ɲ i kʼ u t a,"['ɲ', 'i', 'kʼ', 'u', 't', 'a']"
Taquile-24_hair-1,,Taquile,24_hair,čuxča,čuxča,tʃ u x tʃ a,,heggarty2005,289,,,,,261,tʃ u x tʃ a,"['tʃ', 'u', 'x', 'tʃ', 'a']"
Tarma-24_hair-1,,Tarma,24_hair,axča,axča,a χ tʃ a,,adelaar1977,290,,,,,2616,( - ) a χ tʃ a,"['a', 'χ', 'tʃ', 'a']"
Troje-24_hair-1,,Troje,24_hair,axča,axča,a x tʃ a,,heggarty2005,290,,,,,2616,( - ) a x tʃ a,"['a', 'x', 'tʃ', 'a']"
Tsimu-24_hair-1,,Tsimu,24_hair,ní:k’ó:ta,ní:k’ó:ta,n iː kʼ oː t a,,cerron2016,816,,,,aymara,564,n iː kʼ oː t a,"['n', 'iː', 'kʼ', 'oː', 't', 'a']"
Wari-24_hair-1,,Wari,24_hair,aqtsa,aqtsa,a q ts a,,parkerchavez1976,290,,,,,2616,( - ) a q ts a,"['a', 'q', 'ts', 'a']"
Yanac-24_hair-1,,Yanac,24_hair,aqtsa,aqtsa,a q ts a,,heggarty2005,290,,,,,2616,( - ) a q ts a,"['a', 'q', 'ts', 'a']"
Anonimo-25_eye-1,,Anonimo,25_eye,ñaui,ñaui,ɲ a w i,,valera1586,109,,,,,1632,ɲ a w i,"['ɲ', 'a', 'w', 'i']"
Apuri-25_eye-1,,Apuri,25_eye,ñawi,ñawi,ɲ a w i,,shimelman2017,109,,,,,1632,ɲ a w i,"['ɲ', 'a', 'w', 'i']"
Apurimac-25_eye-1,,Apurimac,25_eye,ñawi,ñawi,ɲ a w i,,camacho2007,109,,,,,1632,ɲ a w i,"['ɲ', 'a', 'w', 'i']"
Arma-25_eye-1,,Arma,25_eye,ñawi,ñawi,ɲ a w i,,galvez2003,109,,,,,1632,ɲ a w i,"['ɲ', 'a', 'w', 'i']"
Atalla-25_eye-1,,Atalla,25_eye,ñawi,ñawi,ɲ a w i,,heggarty2005,109,,,,,1632,ɲ a w i,"['ɲ', 'a', 'w', 'i']"
Ayacucho-25_eye-1,,Ayacucho,25_eye,ñawi,ñawi,ɲ a w i,,soto1976,109,,,,,1632,ɲ a w i,"['ɲ', 'a', 'w', 'i']"
Bobonaza-25_eye-1,,Bobonaza,25_eye,ñahui,ñahui,ɲ a w i,,orrwrisley1981,109,,,,,1632,ɲ a w i,"['ɲ', 'a', 'w', 'i']"
Cacra-Hongos-25_eye-1,,Cacra-Hongos,25_eye,ñawi,ñawi,ɲ a w i,,shimelman2017,109,,,,,1632,ɲ a w i,"['ɲ', 'a', 'w', 'i']"
Chachapoyas-25_eye-1,,Chachapoyas,25_eye,ñawi,ñawi,ɲ a w i,,taylor2006,109,,,,,1632,ɲ a w i,"['ɲ', 'a', 'w', 'i']"
Chacpar-25_eye-1,,Chacpar,25_eye,"nawi, ñawi",nawi,n a w i,,heggarty2005,109,,,,,1632,n a w i,"['n', 'a', 'w', 'i']"
Chacpar-25_eye-2,,Chacpar,25_eye,"nawi, ñawi",ñawi,ɲ a w i,,heggarty2005,109,,,,,1632,ɲ a w i,"['ɲ', 'a', 'w', 'i']"
Chetilla-25_eye-1,,Chetilla,25_eye,ñawi,ñawi,ɲ a w i,,heggarty2005,109,,,,,1632,ɲ a w i,"['ɲ', 'a', 'w', 'i']"
Chipaya-25_eye-1,,Chipaya,25_eye,trhuki,trhuki,ʈʂʰ u k i,,heggarty2005,111,,,,,1633,ʈʂʰ u k i,"['ʈʂʰ', 'u', 'k', 'i']"
Curva-25_eye-1,,Curva,25_eye,ñawi,ñawi,ɲ a w i,,heggarty2005,109,,,,,1632,ɲ a w i,"['ɲ', 'a', 'w', 'i']"
Cuzco-25_eye-1,,Cuzco,25_eye,ñawi,ñawi,ɲ a w i,,heggarty2005,109,,,,,1632,ɲ a w i,"['ɲ', 'a', 'w', 'i']"
CuzquenoAntiguo-25_eye-1,,CuzquenoAntiguo,25_eye,ñaui,ñaui,ɲ a w i,,holguin1608,109,,,,,1632,ɲ a w i,"['ɲ', 'a', 'w', 'i']"
Huallaga-25_eye-1,,Huallaga,25_eye,ñawi,ñawi,ɲ a w i,,heggarty2005,109,,,,,1632,ɲ a w i,"['ɲ', 'a', 'w', 'i']"
Huanca-25_eye-1,,Huanca,25_eye,ñawi,ñawi,ɲ a w i,,cerron2018,109,,,,,1632,ɲ a w i,"['ɲ', 'a', 'w', 'i']"
Huancane-25_eye-1,,Huancane,25_eye,nayra,nayra,n ai r a,,heggarty2005,294,,,,,264,n ai r a,"['n', 'ai', 'r', 'a']"
Huangascar-25_eye-1,,Huangascar,25_eye,ñawi,ñawi,ɲ a w i,,shimelman2017,109,,,,,1632,ɲ a w i,"['ɲ', 'a', 'w', 'i']"
HuarazHuailas-25_eye-1,,HuarazHuailas,25_eye,ñawi,ñawi,ɳ a w i,,parkerchavez1976,109,,,,,1632,ɳ a w i,"['ɳ', 'a', 'w', 'i']"
Imbabura-25_eye-1,,Imbabura,25_eye,ñahui lulun,ñahui lulun,ɲ a w i + l u l u n,,gomez2009,110,,,,,1632 364,ɲ a w i + l u l u n,"['ɲ', 'a', 'w', 'i', '+', 'l', 'u', 'l', 'u', 'n']"
Inkawasi-25_eye-1,,Inkawasi,25_eye,nawi,nawi,n a w i,,heggarty2005,109,,,,,1632,n a w i,"['n', 'a', 'w', 'i']"
Iruhito-25_eye-1,,Iruhito,25_eye,tšu:k,tšu:k,tʃ uː k,,cerron2016,111,,,,,1633,tʃ uː k -,"['tʃ', 'uː', 'k']"
Jaqaru-25_eye-1,,Jaqaru,25_eye,nayra,nayra,n ai r a,,heggarty2005,294,,,,,264,n ai r a,"['n', 'ai', 'r', 'a']"
Kawki-25_eye-1,,Kawki,25_eye,nayra,nayra,n ai r a,,heggarty2005,294,,,,,264,n ai r a,"['n', 'ai', 'r', 'a']"
Lamas-25_eye-1,,Lamas,25_eye,ñawi,ñawi,ɲ a w i,,taylor2006,109,,,,,1632,ɲ a w i,"['ɲ', 'a', 'w', 'i']"
Laraos-25_eye-1,,Laraos,25_eye,ñawi,ñawi,ɲ a w i,,heggarty2005,109,,,,,1632,ɲ a w i,"['ɲ', 'a', 'w', 'i']"
Lincha-Tana-25_eye-1,,Lincha-Tana,25_eye,ñawi,ñawi,ɲ a w i,,shimelman2017,109,,,,,1632,ɲ a w i,"['ɲ', 'a', 'w', 'i']"
Maragua-25_eye-1,,Maragua,25_eye,ñawi,ñawi,ɲ a w i,,heggarty2005,109,,,,,1632,ɲ a w i,"['ɲ', 'a', 'w', 'i']"
Napo-25_eye-1,,Napo,25_eye,ñahui,ñahui,ɲ a w i,,orrwrisley1981,109,,,,,1632,ɲ a w i,"['ɲ', 'a', 'w', 'i']"
Pacaraos-25_eye-1,,Pacaraos,25_eye,ñawi,ñawi,ɲ a w i,,adelaar1982,109,,,,,1632,ɲ a w i,"['ɲ', 'a', 'w', 'i']"
Pastaza-25_eye-1,,Pastaza,25_eye,ñavi,ñavi,ɲ a v i,,landerman1973,109,,,,,1632,ɲ a v i,"['ɲ', 'a', 'v', 'i']"
Pocona-25_eye-1,,Pocona,25_eye,ñawi,ñawi,ɲ a w i,,heggarty2005,109,,,,,1632,ɲ a w i,"['ɲ', 'a', 'w', 'i']"
Puki-25_eye-1,,Puki,25_eye,nayra,nayra,n ai r a,,heggarty2005,294,,,,,264,n ai r a,"['n', 'ai', 'r', 'a']"
Puno-25_eye-1,,Puno,25_eye,ñawi,ñawi,ɲ a w i,,heggarty2005,109,,,,,1632,ɲ a w i,"['ɲ', 'a', 'w', 'i']"
Putumayo-25_eye-1,,Putumayo,25_eye,ñahui,ñahui,ɲ a w i,,tandioy1978,109,,,,,1632,ɲ a w i,"['ɲ', 'a', 'w', 'i']"
Raimondi-25_eye-1,,Raimondi,25_eye,ñawi,ñawi,ɳ a w i,,parkerchavez1976,109,,,,,1632,ɳ a w i,"['ɳ', 'a', 'w', 'i']"
SanPedro-25_eye-1,,SanPedro,25_eye,ñawi,ñawi,ɲ a w i,,shimelman2017,109,,,,,1632,ɲ a w i,"['ɲ', 'a', 'w', 'i']"
Santiagueno-25_eye-1,,Santiagueno,25_eye,ñawi,ñawi,ɲ a w i,,juanatey2021,109,,,,,1632,ɲ a w i,"['ɲ', 'a', 'w', 'i']"
SantoTomas-25_eye-1,,SantoTomas,25_eye,ñaui,ñaui,ɲ a w i,,santotomas1951,109,,,,,1632,ɲ a w i,"['ɲ', 'a', 'w', 'i']"
Serena-25_eye-1,,Serena,25_eye,"ñaβi, ñawi",ñaβi,ɲ a β i,,heggarty2005,109,,,,,1632,ɲ a β i,"['ɲ', 'a', 'β', 'i']"
Serena-25_eye-2,,Serena,25_eye,"ñaβi, ñawi",ñawi,ɲ a w i,,heggarty2005,109,,,,,1632,ɲ a w i,"['ɲ', 'a', 'w', 'i']"
Sullkatiti-25_eye-1,,Sullkatiti,25_eye,nayra,nayra,n ai r a,,heggarty2005,294,,,,,264,n ai r a,"['n', 'ai', 'r', 'a']"
Taquile-25_eye-1,,Taquile,25_eye,ñawi,ñawi,ɲ a w i,,heggarty2005,109,,,,,1632,ɲ a w i,"['ɲ', 'a', 'w', 'i']"
Tarma-25_eye-1,,Tarma,25_eye,nawi,nawi,n a w i,,adelaar1977,109,,,,,1632,n a w i,"['n', 'a', 'w', 'i']"
Troje-25_eye-1,,Troje,25_eye,ñawi,ñawi,ɲ a w i,,heggarty2005,109,,,,,1632,ɲ a w i,"['ɲ', 'a', 'w', 'i']"
Tsimu-25_eye-1,,Tsimu,25_eye,tš’á:χ,tš’á:χ,tʃʼ aː χ,nie en superscript,cerron2016,111,,,,,1633,tʃʼ aː χ -,"['tʃʼ', 'aː', 'χ']"
Wari-25_eye-1,,Wari,25_eye,nawi,nawi,ɲ a w i,,parkerchavez1976,109,,,,,1632,ɲ a w i,"['ɲ', 'a', 'w', 'i']"
Yanac-25_eye-1,,Yanac,25_eye,ñawi,ñawi,ɲ a w i,,heggarty2005,109,,,,,1632,ɲ a w i,"['ɲ', 'a', 'w', 'i']"
Anonimo-26_nose-1,,Anonimo,26_nose,cenca,cenca,s e n k a,,valera1586,627,,,,,4569,s e n k a,"['s', 'e', 'n', 'k', 'a']"
Apuri-26_nose-1,,Apuri,26_nose,sinqa,sinqa,s e ŋ q a,,shimelman2017,627,,,,,4569,s e ŋ q a,"['s', 'e', 'ŋ', 'q', 'a']"
Apurimac-26_nose-1,,Apurimac,26_nose,senqa,senqa,s e n q a,,camacho2007,627,,,,,4569,s e n q a,"['s', 'e', 'n', 'q', 'a']"
Arma-26_nose-1,,Arma,26_nose,sinqa,sinqa,s i ŋ χ a,,galvez2003,627,,,,,4569,s i ŋ χ a,"['s', 'i', 'ŋ', 'χ', 'a']"
Atalla-26_nose-1,,Atalla,26_nose,sinġa,sinġa,s i n ɢ a,,heggarty2005,627,,,,,4569,s i n ɢ a,"['s', 'i', 'n', 'ɢ', 'a']"
Ayacucho-26_nose-1,,Ayacucho,26_nose,senqa,senqa,s e ŋ χ a,,soto1976,627,,,,,4569,s e ŋ χ a,"['s', 'e', 'ŋ', 'χ', 'a']"
Bobonaza-26_nose-1,,Bobonaza,26_nose,singa,singa,s i n g a,,orrwrisley1981,627,,,,,4569,s i n g a,"['s', 'i', 'n', 'g', 'a']"
Cacra-Hongos-26_nose-1,,Cacra-Hongos,26_nose,sinqa,sinqa,s !e/i ŋ q a,,shimelman2017,627,,,,,4569,s !e/i ŋ q a,"['s', '!e/i', 'ŋ', 'q', 'a']"
Chachapoyas-26_nose-1,,Chachapoyas,26_nose,sinka,sinka,s i n g a,,taylor2006,627,,,,,4569,s i n g a,"['s', 'i', 'n', 'g', 'a']"
Chacpar-26_nose-1,,Chacpar,26_nose,sinγa,sinγa,s i n ʁ a,,heggarty2005,627,,,,,4569,s i n ʁ a,"['s', 'i', 'n', 'ʁ', 'a']"
Chetilla-26_nose-1,,Chetilla,26_nose,singa,singa,s i n g a,,heggarty2005,627,,,,,4569,s i n g a,"['s', 'i', 'n', 'g', 'a']"
Chipaya-26_nose-1,,Chipaya,26_nose,oza,oza,o z a,,heggarty2005,629,,,,,4570,- o z a,"['o', 'z', 'a']"
Curva-26_nose-1,,Curva,26_nose,sinqa,sinqa,s i n q a,,heggarty2005,627,,,,,4569,s i n q a,"['s', 'i', 'n', 'q', 'a']"
Cuzco-26_nose-1,,Cuzco,26_nose,sinqa,sinqa,s i n q a,,heggarty2005,627,,,,,4569,s i n q a,"['s', 'i', 'n', 'q', 'a']"
CuzquenoAntiguo-26_nose-1,,CuzquenoAntiguo,26_nose,cenca,cenca,s i n k a,,holguin1608,627,,,,,4569,s i n k a,"['s', 'i', 'n', 'k', 'a']"
Huallaga-26_nose-1,,Huallaga,26_nose,sinqa,sinqa,s i n q a,,heggarty2005,627,,,,,4569,s i n q a,"['s', 'i', 'n', 'q', 'a']"
Huanca-26_nose-1,,Huanca,26_nose,sinqa,sinqa,s i n ʔ a,,cerron1976,627,,,,,4569,s i n ʔ a,"['s', 'i', 'n', 'ʔ', 'a']"
Huancane-26_nose-1,,Huancane,26_nose,nasa,nasa,n a s a,,heggarty2005,295,,,,,265,n a s a,"['n', 'a', 's', 'a']"
Huangascar-26_nose-1,,Huangascar,26_nose,sinqa,sinqa,s e ŋ q a,,shimelman2017,627,,,,,4569,s e ŋ q a,"['s', 'e', 'ŋ', 'q', 'a']"
HuarazHuailas-26_nose-1,,HuarazHuailas,26_nose,senqa,senqa,s e ɲ q a,,parkerchavez1976,627,,,,,4569,s e ɲ q a,"['s', 'e', 'ɲ', 'q', 'a']"
Imbabura-26_nose-1,,Imbabura,26_nose,singa,singa,s i n g a,,gomez2009,627,,,,,4569,s i n g a,"['s', 'i', 'n', 'g', 'a']"
Inkawasi-26_nose-1,,Inkawasi,26_nose,sinġa,sinġa,s i n ɢ a,,heggarty2005,627,,,,,4569,s i n ɢ a,"['s', 'i', 'n', 'ɢ', 'a']"
Iruhito-26_nose-1,,Iruhito,26_nose,ḁ́χša,ḁ́χša,a χ ʃ a,,cerron2016,296,,,,,266,- a χ ʃ a,"['a', 'χ', 'ʃ', 'a']"
Jaqaru-26_nose-1,,Jaqaru,26_nose,nasa,nasa,n a s a,,heggarty2005,295,,,,,265,n a s a,"['n', 'a', 's', 'a']"
Kawki-26_nose-1,,Kawki,26_nose,nasa,nasa,n a s a,,heggarty2005,295,,,,,265,n a s a,"['n', 'a', 's', 'a']"
Lamas-26_nose-1,,Lamas,26_nose,sinka,sinka,s i n g a,,taylor2006,627,,,,,4569,s i n g a,"['s', 'i', 'n', 'g', 'a']"
Laraos-26_nose-1,,Laraos,26_nose,sinqa,sinqa,s i n q a,,heggarty2005,627,,,,,4569,s i n q a,"['s', 'i', 'n', 'q', 'a']"
Lincha-Tana-26_nose-1,,Lincha-Tana,26_nose,sinqa,sinqa,s e ŋ q a,,shimelman2017,627,,,,,4569,s e ŋ q a,"['s', 'e', 'ŋ', 'q', 'a']"
Maragua-26_nose-1,,Maragua,26_nose,sinqa,sinqa,s i n q a,,heggarty2005,627,,,,,4569,s i n q a,"['s', 'i', 'n', 'q', 'a']"
Napo-26_nose-1,,Napo,26_nose,singa,singa,s i n g a,,orrwrisley1981,627,,,,,4569,s i n g a,"['s', 'i', 'n', 'g', 'a']"
Pacaraos-26_nose-1,,Pacaraos,26_nose,sinqa,sinqa,s i ɴ χ a,,adelaar1982,627,,,,,4569,s i ɴ χ a,"['s', 'i', 'ɴ', 'χ', 'a']"
Pastaza-26_nose-1,,Pastaza,26_nose,singa,singa,s i n g a,,landerman1973,627,,,,,4569,s i n g a,"['s', 'i', 'n', 'g', 'a']"
Pocona-26_nose-1,,Pocona,26_nose,sinγa,sinγa,s i n ʁ a,,heggarty2005,627,,,,,4569,s i n ʁ a,"['s', 'i', 'n', 'ʁ', 'a']"
Puki-26_nose-1,,Puki,26_nose,nasa,nasa,n a s a,,heggarty2005,295,,,,,265,n a s a,"['n', 'a', 's', 'a']"
Puno-26_nose-1,,Puno,26_nose,sinqa,sinqa,s i n q a,,heggarty2005,627,,,,,4569,s i n q a,"['s', 'i', 'n', 'q', 'a']"
Putumayo-26_nose-1,,Putumayo,26_nose,singa,singa,s i n g a,,tandioy1978,627,,,,,4569,s i n g a,"['s', 'i', 'n', 'g', 'a']"
Raimondi-26_nose-1,,Raimondi,26_nose,senqa,senqa,s e ɲ q a,,parkerchavez1976,627,,,,,4569,s e ɲ q a,"['s', 'e', 'ɲ', 'q', 'a']"
SanPedro-26_nose-1,,SanPedro,26_nose,sinqa,sinqa,s e ŋ q a,,shimelman2017,627,,,,,4569,s e ŋ q a,"['s', 'e', 'ŋ', 'q', 'a']"
Santiagueno-26_nose-1,,Santiagueno,26_nose,senqa,senqa,s e ŋ q a,,juanatey2021,627,,,,,4569,s e ŋ q a,"['s', 'e', 'ŋ', 'q', 'a']"
SantoTomas-26_nose-1,,SantoTomas,26_nose,cinga,cinga,s i n g a,,santotomas1951,627,,,,,4569,s i n g a,"['s', 'i', 'n', 'g', 'a']"
Serena-26_nose-1,,Serena,26_nose,singa,singa,s i n g a,,heggarty2005,627,,,,,4569,s i n g a,"['s', 'i', 'n', 'g', 'a']"
Sullkatiti-26_nose-1,,Sullkatiti,26_nose,nasa,nasa,n a s a,,heggarty2005,295,,,,,265,n a s a,"['n', 'a', 's', 'a']"
Taquile-26_nose-1,,Taquile,26_nose,sinqa,sinqa,s i n q a,,heggarty2005,627,,,,,4569,s i n q a,"['s', 'i', 'n', 'q', 'a']"
Tarma-26_nose-1,,Tarma,26_nose,sin̊xa,sin̊xa,s e ŋ χ a,,adelaar1977,627,,,,,4569,s e ŋ χ a,"['s', 'e', 'ŋ', 'χ', 'a']"
Troje-26_nose-1,,Troje,26_nose,singa,singa,s i n g a,,heggarty2005,627,,,,,4569,s i n g a,"['s', 'i', 'n', 'g', 'a']"
Tsimu-26_nose-1,,Tsimu,26_nose,há:k’e:,há:k’e:,h aː kʼ eː,,cerron2016,297,,,,,267,h aː - kʼ eː,"['h', 'aː', 'kʼ', 'eː']"
Wari-26_nose-1,,Wari,26_nose,senqa,senqa,s e ɲ q a,,parkerchavez1976,627,,,,,4569,s e ɲ q a,"['s', 'e', 'ɲ', 'q', 'a']"
Yanac-26_nose-1,,Yanac,26_nose,sinqa,sinqa,s i n q a,,heggarty2005,627,,,,,4569,s i n q a,"['s', 'i', 'n', 'q', 'a']"
Anonimo-27_ear-1,,Anonimo,27_ear,rinri,rinri,r i n r i,,valera1586,48,,,,,1279,r i n r i ( - ),"['r', 'i', 'n', 'r', 'i']"
Apuri-27_ear-1,,Apuri,27_ear,rinri,rinri,ɾ i n ɾ i,,shimelman2017,48,,,,,1279,ɾ i n ɾ i ( - ),"['ɾ', 'i', 'n', 'ɾ', 'i']"
Apurimac-27_ear-1,,Apurimac,27_ear,"rinri, ninri",rinri,r i n r i,,camacho2007,48,,,,,1279,r i n r i ( - ),"['r', 'i', 'n', 'r', 'i']"
Apurimac-27_ear-2,,Apurimac,27_ear,"rinri, ninri",ninri,n i n r i,,camacho2007,455,,,,,361,n i n r i -,"['n', 'i', 'n', 'r', 'i']"
Arma-27_ear-1,,Arma,27_ear,rinri,rinri,ɾ i ŋ ɾ i,,galvez2003,48,,,,,1279,ɾ i ŋ ɾ i ( - ),"['ɾ', 'i', 'ŋ', 'ɾ', 'i']"
Atalla-27_ear-1,,Atalla,27_ear,"linri, rinri",linri,l i n r i,,heggarty2005,48,,,,,1279,l i n r i ( - ),"['l', 'i', 'n', 'r', 'i']"
Atalla-27_ear-2,,Atalla,27_ear,"linri, rinri",rinri,r i n r i,,heggarty2005,48,,,,,1279,r i n r i ( - ),"['r', 'i', 'n', 'r', 'i']"
Ayacucho-27_ear-1,,Ayacucho,27_ear,rinri,rinri,ɾ i ŋ ɾ i,,soto1976,48,,,,,1279,ɾ i ŋ ɾ i ( - ),"['ɾ', 'i', 'ŋ', 'ɾ', 'i']"
Bobonaza-27_ear-1,,Bobonaza,27_ear,rinri,rinri,r i n r i,,orrwrisley1981,48,,,,,1279,r i n r i ( - ),"['r', 'i', 'n', 'r', 'i']"
Cacra-Hongos-27_ear-1,,Cacra-Hongos,27_ear,rinri,rinri,l i n l i,,shimelman2017,48,,,,,1279,l i n l i ( - ),"['l', 'i', 'n', 'l', 'i']"
Chachapoyas-27_ear-1,,Chachapoyas,27_ear,rinri,rinri,r i n r i,,taylor2006,48,,,,,1279,r i n r i ( - ),"['r', 'i', 'n', 'r', 'i']"
Chacpar-27_ear-1,,Chacpar,27_ear,rinri,rinri,r i n r i,,heggarty2005,48,,,,,1279,r i n r i ( - ),"['r', 'i', 'n', 'r', 'i']"
Chetilla-27_ear-1,,Chetilla,27_ear,rinri,rinri,r i n r i,,heggarty2005,48,,,,,1279,r i n r i ( - ),"['r', 'i', 'n', 'r', 'i']"
Chipaya-27_ear-1,,Chipaya,27_ear,khuñi,khuñi,kʰ u ɲ i,,heggarty2005,988,,,,,77,kʰ u ɲ - - i -,"['kʰ', 'u', 'ɲ', 'i']"
Curva-27_ear-1,,Curva,27_ear,"ninri, linri",ninri,n i n r i,,heggarty2005,455,,,,,361,n i n r i -,"['n', 'i', 'n', 'r', 'i']"
Curva-27_ear-2,,Curva,27_ear,"ninri, linri",linri,l i n r i,,heggarty2005,48,,,,,1279,l i n r i ( - ),"['l', 'i', 'n', 'r', 'i']"
Cuzco-27_ear-1,,Cuzco,27_ear,"ninri, rinri",ninri,n i n r i,,heggarty2005,455,,,,,361,n i n r i -,"['n', 'i', 'n', 'r', 'i']"
Cuzco-27_ear-2,,Cuzco,27_ear,"ninri, rinri",rinri,r i n r i,,heggarty2005,48,,,,,1279,r i n r i ( - ),"['r', 'i', 'n', 'r', 'i']"
CuzquenoAntiguo-27_ear-1,,CuzquenoAntiguo,27_ear,rinri,rinri,r i n r i,,holguin1608,48,,,,,1279,r i n r i ( - ),"['r', 'i', 'n', 'r', 'i']"
Huallaga-27_ear-1,,Huallaga,27_ear,rinri,rinri,r i n r i,,heggarty2005,48,,,,,1279,r i n r i ( - ),"['r', 'i', 'n', 'r', 'i']"
Huanca-27_ear-1,,Huanca,27_ear,linli,linli,l i n l i,,cerron2018,48,,,,,1279,l i n l i ( - ),"['l', 'i', 'n', 'l', 'i']"
Huancane-27_ear-1,,Huancane,27_ear,hinču,hinču,h i n tʃ u,,heggarty2005,50,,,,,1280,h i n tʃ u,"['h', 'i', 'n', 'tʃ', 'u']"
Huangascar-27_ear-1,,Huangascar,27_ear,rinri,rinri,ɾ i n ɾ i,,shimelman2017,48,,,,,1279,ɾ i n ɾ i ( - ),"['ɾ', 'i', 'n', 'ɾ', 'i']"
HuarazHuailas-27_ear-1,,HuarazHuailas,27_ear,rinri,rinri,ɾ i ɲ ɾ i,,parkerchavez1976,48,,,,,1279,ɾ i ɲ ɾ i ( - ),"['ɾ', 'i', 'ɲ', 'ɾ', 'i']"
Imbabura-27_ear-1,,Imbabura,27_ear,rinri,rinri,ɾ i n ɾ i,,gomez2009,48,,,,,1279,ɾ i n ɾ i ( - ),"['ɾ', 'i', 'n', 'ɾ', 'i']"
Inkawasi-27_ear-1,,Inkawasi,27_ear,řinri,řinri,!r̝/r i n r i,,heggarty2005,48,,,,,1279,!r̝/r i n r i ( - ),"['!r̝/r', 'i', 'n', 'r', 'i']"
Jaqaru-27_ear-1,,Jaqaru,27_ear,hinču,hinču,h i n tʃ u,,heggarty2005,50,,,,,1280,h i n tʃ u,"['h', 'i', 'n', 'tʃ', 'u']"
Kawki-27_ear-1,,Kawki,27_ear,hinču,hinču,h i n tʃ u,,heggarty2005,50,,,,,1280,h i n tʃ u,"['h', 'i', 'n', 'tʃ', 'u']"
Lamas-27_ear-1,,Lamas,27_ear,rinri,rinri,r i n r i,,taylor2006,48,,,,,1279,r i n r i ( - ),"['r', 'i', 'n', 'r', 'i']"
Laraos-27_ear-1,,Laraos,27_ear,linri,linri,l i n r i,,heggarty2005,48,,,,,1279,l i n r i ( - ),"['l', 'i', 'n', 'r', 'i']"
Lincha-Tana-27_ear-1,,Lincha-Tana,27_ear,rinri,rinri,l i n ɾ i,,shimelman2017,48,,,,,1279,l i n ɾ i ( - ),"['l', 'i', 'n', 'ɾ', 'i']"
Maragua-27_ear-1,,Maragua,27_ear,"linri, ninri, nigri",linri,l i n r i,,heggarty2005,48,,,,,1279,l i n r i ( - ),"['l', 'i', 'n', 'r', 'i']"
Maragua-27_ear-2,,Maragua,27_ear,"linri, ninri, nigri",ninri,n i n r i,,heggarty2005,455,,,,,361,n i n r i -,"['n', 'i', 'n', 'r', 'i']"
Maragua-27_ear-3,,Maragua,27_ear,"linri, ninri, nigri",nigri,n i g r i,,heggarty2005,455,,,,,361,n i g r i -,"['n', 'i', 'g', 'r', 'i']"
Napo-27_ear-1,,Napo,27_ear,rinri,rinri,r i n r i,,orrwrisley1981,48,,,,,1279,r i n r i ( - ),"['r', 'i', 'n', 'r', 'i']"
Pacaraos-27_ear-1,,Pacaraos,27_ear,rinri,rinri,ɾ i ŋ ɾ i,,adelaar1982,48,,,,,1279,ɾ i ŋ ɾ i ( - ),"['ɾ', 'i', 'ŋ', 'ɾ', 'i']"
Pastaza-27_ear-1,,Pastaza,27_ear,ɾinri,ɾinri,ɾ i n r i,,landerman1973,48,,,,,1279,ɾ i n r i ( - ),"['ɾ', 'i', 'n', 'r', 'i']"
Pocona-27_ear-1,,Pocona,27_ear,"nin(g)ri, linri",ninri,n i n r i,,heggarty2005,455,,,,,361,n i n r i -,"['n', 'i', 'n', 'r', 'i']"
Pocona-27_ear-2,,Pocona,27_ear,"nin(g)ri, linri",linri,l i n r i,,heggarty2005,48,,,,,1279,l i n r i ( - ),"['l', 'i', 'n', 'r', 'i']"
Puki-27_ear-1,,Puki,27_ear,hinču,hinču,h i n tʃ u,,heggarty2005,50,,,,,1280,h i n tʃ u,"['h', 'i', 'n', 'tʃ', 'u']"
Puno-27_ear-1,,Puno,27_ear,"ninri, rinri",ninri,n i n r i,,heggarty2005,455,,,,,361,n i n r i -,"['n', 'i', 'n', 'r', 'i']"
Puno-27_ear-2,,Puno,27_ear,"ninri, rinri",rinri,r i n r i,,heggarty2005,48,,,,,1279,r i n r i ( - ),"['r', 'i', 'n', 'r', 'i']"
Putumayo-27_ear-1,,Putumayo,27_ear,rinri,rinri,r i n r i,,tandioy1978,48,,,,,1279,r i n r i ( - ),"['r', 'i', 'n', 'r', 'i']"
Raimondi-27_ear-1,,Raimondi,27_ear,rinri,rinri,ɾ i ɲ ɾ i,,parkerchavez1976,48,,,,,1279,ɾ i ɲ ɾ i ( - ),"['ɾ', 'i', 'ɲ', 'ɾ', 'i']"
SanPedro-27_ear-1,,SanPedro,27_ear,rinri,rinri,ɾ i n ɾ i,,shimelman2017,48,,,,,1279,ɾ i n ɾ i ( - ),"['ɾ', 'i', 'n', 'ɾ', 'i']"
Santiagueno-27_ear-1,,Santiagueno,27_ear,nigri,nigri,n i ŋ ɾ i,,juanatey2021,455,,,,,361,n i ŋ ɾ i -,"['n', 'i', 'ŋ', 'ɾ', 'i']"
SantoTomas-27_ear-1,,SantoTomas,27_ear,ringri,ringri,r i ŋ r i,,santotomas1951,48,,,,,1279,r i ŋ r i ( - ),"['r', 'i', 'ŋ', 'r', 'i']"
Serena-27_ear-1,,Serena,27_ear,ringri,ringri,r i ŋ r i,,heggarty2005,48,,,,,1279,r i ŋ r i ( - ),"['r', 'i', 'ŋ', 'r', 'i']"
Sullkatiti-27_ear-1,,Sullkatiti,27_ear,hinču,hinču,h i n tʃ u,,heggarty2005,50,,,,,1280,h i n tʃ u,"['h', 'i', 'n', 'tʃ', 'u']"
Taquile-27_ear-1,,Taquile,27_ear,"ninri, rinri",ninri,n i n r i,,heggarty2005,455,,,,,361,n i n r i -,"['n', 'i', 'n', 'r', 'i']"
Taquile-27_ear-2,,Taquile,27_ear,"ninri, rinri",rinri,r i n r i,,heggarty2005,48,,,,,1279,r i n r i ( - ),"['r', 'i', 'n', 'r', 'i']"
Tarma-27_ear-1,,Tarma,27_ear,rin̊ri,rin̊ri,!ʐ/r i ŋ ɾ i,,adelaar1977,48,,,,,1279,!ʐ/r i ŋ ɾ i ( - ),"['!ʐ/r', 'i', 'ŋ', 'ɾ', 'i']"
Troje-27_ear-1,,Troje,27_ear,řinřin,řinřin,!r̝/r i n !r̝/r i n,,heggarty2005,48,,,,,1279,!r̝/r i n !r̝/r i ( n ),"['!r̝/r', 'i', 'n', '!r̝/r', 'i', 'n']"
Wari-27_ear-1,,Wari,27_ear,rinri,rinri,ɾ i ɲ ɾ i,,parkerchavez1976,48,,,,,1279,ɾ i ɲ ɾ i ( - ),"['ɾ', 'i', 'ɲ', 'ɾ', 'i']"
Yanac-27_ear-1,,Yanac,27_ear,rinri,rinri,r i n r i,,heggarty2005,48,,,,,1279,r i n r i ( - ),"['r', 'i', 'n', 'r', 'i']"
Anonimo-28_mouth-1,,Anonimo,28_mouth,ʃimi,ʃimi,s i m i,,valera1586,565,,,,,4220,s i m i,"['s', 'i', 'm', 'i']"
Apuri-28_mouth-1,,Apuri,28_mouth,shimi,shimi,ʃ i m i,,shimelman2017,565,,,,,4220,ʃ i m i,"['ʃ', 'i', 'm', 'i']"
Apurimac-28_mouth-1,,Apurimac,28_mouth,simi,simi,s i m i,,camacho2007,565,,,,,4220,s i m i,"['s', 'i', 'm', 'i']"
Arma-28_mouth-1,,Arma,28_mouth,simi,simi,s i m i,,galvez2003,565,,,,,4220,s i m i,"['s', 'i', 'm', 'i']"
Atalla-28_mouth-1,,Atalla,28_mouth,simi,simi,s i m i,,heggarty2005,565,,,,,4220,s i m i,"['s', 'i', 'm', 'i']"
Ayacucho-28_mouth-1,,Ayacucho,28_mouth,simi,simi,s i m i,,soto1976,565,,,,,4220,s i m i,"['s', 'i', 'm', 'i']"
Bobonaza-28_mouth-1,,Bobonaza,28_mouth,shimi,shimi,ʃ i m i,,orrwrisley1981,565,,,,,4220,ʃ i m i,"['ʃ', 'i', 'm', 'i']"
Cacra-Hongos-28_mouth-1,,Cacra-Hongos,28_mouth,shimi,shimi,ʃ i m i,,shimelman2017,565,,,,,4220,ʃ i m i,"['ʃ', 'i', 'm', 'i']"
Chachapoyas-28_mouth-1,,Chachapoyas,28_mouth,shimi,shimi,ʃ i m i,,taylor2006,565,,,,,4220,ʃ i m i,"['ʃ', 'i', 'm', 'i']"
Chacpar-28_mouth-1,,Chacpar,28_mouth,šimi,šimi,ʃ i m i,,heggarty2005,565,,,,,4220,ʃ i m i,"['ʃ', 'i', 'm', 'i']"
Chetilla-28_mouth-1,,Chetilla,28_mouth,šimi,šimi,ʃ i m i,,heggarty2005,565,,,,,4220,ʃ i m i,"['ʃ', 'i', 'm', 'i']"
Chipaya-28_mouth-1,,Chipaya,28_mouth,ata,ata,a t a,,heggarty2005,568,,,,,4221,a t a,"['a', 't', 'a']"
Curva-28_mouth-1,,Curva,28_mouth,simi,simi,s i m i,,heggarty2005,565,,,,,4220,s i m i,"['s', 'i', 'm', 'i']"
Cuzco-28_mouth-1,,Cuzco,28_mouth,simi,simi,s i m i,,heggarty2005,565,,,,,4220,s i m i,"['s', 'i', 'm', 'i']"
CuzquenoAntiguo-28_mouth-1,,CuzquenoAntiguo,28_mouth,simi,simi,s i m i,,holguin1608,565,,,,,4220,s i m i,"['s', 'i', 'm', 'i']"
Huallaga-28_mouth-1,,Huallaga,28_mouth,šimi,šimi,ʃ i m i,,heggarty2005,565,,,,,4220,ʃ i m i,"['ʃ', 'i', 'm', 'i']"
Huanca-28_mouth-1,,Huanca,28_mouth,shimi,shimi,ʃ i m i,,cerron1976,565,,,,,4220,ʃ i m i,"['ʃ', 'i', 'm', 'i']"
Huancane-28_mouth-1,,Huancane,28_mouth,laka,laka,l a k a,,heggarty2005,569,,,,,4222,l a k a,"['l', 'a', 'k', 'a']"
Huangascar-28_mouth-1,,Huangascar,28_mouth,shimi,shimi,ʃ i m i,,shimelman2017,565,,,,,4220,ʃ i m i,"['ʃ', 'i', 'm', 'i']"
HuarazHuailas-28_mouth-1,,HuarazHuailas,28_mouth,shimi,shimi,ʃ i m i,,parkerchavez1976,565,,,,,4220,ʃ i m i,"['ʃ', 'i', 'm', 'i']"
Imbabura-28_mouth-1,,Imbabura,28_mouth,shimi,shimi,ʃ i m i,,gomez2009,565,,,,,4220,ʃ i m i,"['ʃ', 'i', 'm', 'i']"
Inkawasi-28_mouth-1,,Inkawasi,28_mouth,šimi,šimi,ʃ i m i,,heggarty2005,565,,,,,4220,ʃ i m i,"['ʃ', 'i', 'm', 'i']"
Iruhito-28_mouth-1,,Iruhito,28_mouth,á:ta,á:ta,aː t a,,cerron2016,568,,,,,4221,aː t a,"['aː', 't', 'a']"
Jaqaru-28_mouth-1,,Jaqaru,28_mouth,šimi,šimi,ʃ i m i,,heggarty2005,572,,,,quechua,425,ʃ i m i,"['ʃ', 'i', 'm', 'i']"
Kawki-28_mouth-1,,Kawki,28_mouth,simi,simi,s i m i,,heggarty2005,358,,,,quechua,302,s i m i,"['s', 'i', 'm', 'i']"
Lamas-28_mouth-1,,Lamas,28_mouth,shimi,shimi,ʃ i m i,,taylor2006,565,,,,,4220,ʃ i m i,"['ʃ', 'i', 'm', 'i']"
Laraos-28_mouth-1,,Laraos,28_mouth,šimi,šimi,ʃ i m i,,heggarty2005,565,,,,,4220,ʃ i m i,"['ʃ', 'i', 'm', 'i']"
Lincha-Tana-28_mouth-1,,Lincha-Tana,28_mouth,shimi,shimi,ʃ i m i,,shimelman2017,565,,,,,4220,ʃ i m i,"['ʃ', 'i', 'm', 'i']"
Maragua-28_mouth-1,,Maragua,28_mouth,simi,simi,s i m i,,heggarty2005,565,,,,,4220,s i m i,"['s', 'i', 'm', 'i']"
Napo-28_mouth-1,,Napo,28_mouth,shimi,shimi,ʃ i m i,,orrwrisley1981,565,,,,,4220,ʃ i m i,"['ʃ', 'i', 'm', 'i']"
Pacaraos-28_mouth-1,,Pacaraos,28_mouth,shimi,shimi,ʃ i m i,,adelaar1982,565,,,,,4220,ʃ i m i,"['ʃ', 'i', 'm', 'i']"
Pastaza-28_mouth-1,,Pastaza,28_mouth,shimi,shimi,ʃ i m i,,landerman1973,565,,,,,4220,ʃ i m i,"['ʃ', 'i', 'm', 'i']"
Pocona-28_mouth-1,,Pocona,28_mouth,simi,simi,s i m i,,heggarty2005,565,,,,,4220,s i m i,"['s', 'i', 'm', 'i']"
Puki-28_mouth-1,,Puki,28_mouth,laka,laka,l a k a,,heggarty2005,569,,,,,4222,l a k a,"['l', 'a', 'k', 'a']"
Puno-28_mouth-1,,Puno,28_mouth,simi,simi,s i m i,,heggarty2005,565,,,,,4220,s i m i,"['s', 'i', 'm', 'i']"
Putumayo-28_mouth-1,,Putumayo,28_mouth,simi,simi,s i m i,,tandioy1978,565,,,,,4220,s i m i,"['s', 'i', 'm', 'i']"
SanPedro-28_mouth-1,,SanPedro,28_mouth,shimi,shimi,ʃ i m i,,shimelman2017,565,,,,,4220,ʃ i m i,"['ʃ', 'i', 'm', 'i']"
Santiagueno-28_mouth-1,,Santiagueno,28_mouth,simi,simi,s i m i,,juanatey2021,565,,,,,4220,s i m i,"['s', 'i', 'm', 'i']"
SantoTomas-28_mouth-1,,SantoTomas,28_mouth,"ʃimi, ximi",ʃimi,s i m i,,santotomas1951,565,,,,,4220,s i m i,"['s', 'i', 'm', 'i']"
SantoTomas-28_mouth-2,,SantoTomas,28_mouth,"ʃimi, ximi",ximi,ʃ i m i,,santotomas1951,565,,,,,4220,ʃ i m i,"['ʃ', 'i', 'm', 'i']"
Serena-28_mouth-1,,Serena,28_mouth,šimi,šimi,ʃ i m i,,heggarty2005,565,,,,,4220,ʃ i m i,"['ʃ', 'i', 'm', 'i']"
Sullkatiti-28_mouth-1,,Sullkatiti,28_mouth,laka,laka,l a k a,,heggarty2005,569,,,,,4222,l a k a,"['l', 'a', 'k', 'a']"
Taquile-28_mouth-1,,Taquile,28_mouth,simi,simi,s i m i,,heggarty2005,565,,,,,4220,s i m i,"['s', 'i', 'm', 'i']"
Tarma-28_mouth-1,,Tarma,28_mouth,šimi,šimi,ʃ i m i,,adelaar1977,565,,,,,4220,ʃ i m i,"['ʃ', 'i', 'm', 'i']"
Troje-28_mouth-1,,Troje,28_mouth,šimi,šimi,ʃ i m i,,heggarty2005,565,,,,,4220,ʃ i m i,"['ʃ', 'i', 'm', 'i']"
Tsimu-28_mouth-1,,Tsimu,28_mouth,á:ta,á:ta,aː t a,,cerron2016,568,,,,,4221,aː t a,"['aː', 't', 'a']"
Wari-28_mouth-1,,Wari,28_mouth,shimi,shimi,ʃ i m i,,parkerchavez1976,565,,,,,4220,ʃ i m i,"['ʃ', 'i', 'm', 'i']"
Yanac-28_mouth-1,,Yanac,28_mouth,šimi,šimi,ʃ i m i,,heggarty2005,565,,,,,4220,ʃ i m i,"['ʃ', 'i', 'm', 'i']"
Anonimo-29_lip-1,,Anonimo,29_lip,virpa ʃimi,virpa ʃimi,w i r p a + !s̺/s i m i,,valera1586,470,,,,,3684 4220,w i r p a + !s̺/s i m i,"['w', 'i', 'r', 'p', 'a', '+', '!s̺/s', 'i', 'm', 'i']"
Apurimac-29_lip-1,,Apurimac,29_lip,"sirpa, wirpa",sirpa,s i r p a,,camacho2007,469,,,,,3684,s i r p a,"['s', 'i', 'r', 'p', 'a']"
Apurimac-29_lip-2,,Apurimac,29_lip,"sirpa, wirpa",wirpa,w i r p a,,camacho2007,469,,,,,3684,w i r p a,"['w', 'i', 'r', 'p', 'a']"
Atalla-29_lip-1,,Atalla,29_lip,χita,χita,χ i t a,,heggarty2005,676,,,,esp,488,χ i t a,"['χ', 'i', 't', 'a']"
Ayacucho-29_lip-1,,Ayacucho,29_lip,hita,hita,h i t a,,soto1976,679,,,,esp,489,h i t a,"['h', 'i', 't', 'a']"
Bobonaza-29_lip-1,,Bobonaza,29_lip,shimi cara,shimi cara,ʃ i m i + k a r a,,orrwrisley1981,567,,,,,4220 5816,ʃ i m i + k a r a,"['ʃ', 'i', 'm', 'i', '+', 'k', 'a', 'r', 'a']"
Chacpar-29_lip-1,,Chacpar,29_lip,šimi,šimi,ʃ i m i,,heggarty2005,565,,,,,4220,ʃ i m i,"['ʃ', 'i', 'm', 'i']"
Chetilla-29_lip-1,,Chetilla,29_lip,šimi,šimi,ʃ i m i,,heggarty2005,565,,,,,4220,ʃ i m i,"['ʃ', 'i', 'm', 'i']"
Chipaya-29_lip-1,,Chipaya,29_lip,at(a).pulu,at.pulu,a t p u l u,,heggarty2005,246,,,,,237,a t p u l u,"['a', 't', 'p', 'u', 'l', 'u']"
Curva-29_lip-1,,Curva,29_lip,wirpha,wirpha,w i r pʰ a,,heggarty2005,469,,,,,3684,w i r pʰ a,"['w', 'i', 'r', 'pʰ', 'a']"
Cuzco-29_lip-1,,Cuzco,29_lip,wirp'a,wirp'a,w i r pʼ a,,heggarty2005,469,,,,,3684,w i r pʼ a,"['w', 'i', 'r', 'pʼ', 'a']"
CuzquenoAntiguo-29_lip-1,,CuzquenoAntiguo,29_lip,"cipri, virpa",cipri,s i p r i,,holguin1608,473,,,,,3690,s i p r i,"['s', 'i', 'p', 'r', 'i']"
CuzquenoAntiguo-29_lip-2,,CuzquenoAntiguo,29_lip,"cipri, virpa",virpa,w i r p a,cipri: de arriba; virpa: de abajo,holguin1608,469,,,,,3684,w i r p a,"['w', 'i', 'r', 'p', 'a']"
Huallaga-29_lip-1,,Huallaga,29_lip,wirpa,wirpa,w i r p a,,heggarty2005,469,,,,,3684,w i r p a,"['w', 'i', 'r', 'p', 'a']"
Huanca-29_lip-1,,Huanca,29_lip,willpa,willpa,w i ʎ p a,,cerron2018,469,,,,,3684,w i ʎ p a,"['w', 'i', 'ʎ', 'p', 'a']"
Huancane-29_lip-1,,Huancane,29_lip,ispiλu,ispiλu,i s p i ʎ u,,heggarty2005,471,,,,,3689,i s p i ʎ u,"['i', 's', 'p', 'i', 'ʎ', 'u']"
HuarazHuailas-29_lip-1,,HuarazHuailas,29_lip,wirpa,wirpa,w i ɾ p a,,parkerchavez1976,469,,,,,3684,w i ɾ p a,"['w', 'i', 'ɾ', 'p', 'a']"
Imbabura-29_lip-1,,Imbabura,29_lip,shimi,shimi,ʃ i m i,,gomez2009,565,,,,,4220,ʃ i m i,"['ʃ', 'i', 'm', 'i']"
Inkawasi-29_lip-1,,Inkawasi,29_lip,šimi,šimi,ʃ i m i,,heggarty2005,565,,,,,4220,ʃ i m i,"['ʃ', 'i', 'm', 'i']"
Jaqaru-29_lip-1,,Jaqaru,29_lip,šimi,šimi,ʃ i m i,,heggarty2005,358,,,,,302,ʃ i m i,"['ʃ', 'i', 'm', 'i']"
Kawki-29_lip-1,,Kawki,29_lip,šipi.mpi,šipi.mpi,ʃ i p i + m p i,,heggarty2005,358,,,,,302 0,ʃ i p i + m p i,"['ʃ', 'i', 'p', 'i', '+', 'm', 'p', 'i']"
Lamas-29_lip-1,,Lamas,29_lip,heta,heta,h e t a,,park1976,681,,,,esp,490,h e t a,"['h', 'e', 't', 'a']"
Laraos-29_lip-1,,Laraos,29_lip,šimi,šimi,ʃ i m i,,heggarty2005,565,,,,,4220,ʃ i m i,"['ʃ', 'i', 'm', 'i']"
Maragua-29_lip-1,,Maragua,29_lip,simi,simi,s i m i,,heggarty2005,565,,,,,4220,s i m i,"['s', 'i', 'm', 'i']"
Napo-29_lip-1,,Napo,29_lip,shimi cara,shimi cara,ʃ i m i + k a r a,,orrwrisley1981,567,,,,,4220 5816,ʃ i m i + k a r a,"['ʃ', 'i', 'm', 'i', '+', 'k', 'a', 'r', 'a']"
Pacaraos-29_lip-1,,Pacaraos,29_lip,wirpa,wirpa,w i ɾ p a,,adelaar1982,469,,,,,3684,w i ɾ p a,"['w', 'i', 'ɾ', 'p', 'a']"
Pastaza-29_lip-1,,Pastaza,29_lip,shimi cara,shimi cara,ʃ i m i + k a r a,,landerman1973,567,,,,,4220 5816,ʃ i m i + k a r a,"['ʃ', 'i', 'm', 'i', '+', 'k', 'a', 'r', 'a']"
Pocona-29_lip-1,,Pocona,29_lip,hita,hita,h i t a,,heggarty2005,682,,,,esp,491,h i t a,"['h', 'i', 't', 'a']"
Puki-29_lip-1,,Puki,29_lip,laka,laka,l a k a,,heggarty2005,323,,,,,282,l a k - a,"['l', 'a', 'k', 'a']"
Puno-29_lip-1,,Puno,29_lip,labio,labio,l a b i o,,heggarty2005,474,,,,esp,3692,l a b i o,"['l', 'a', 'b', 'i', 'o']"
Putumayo-29_lip-1,,Putumayo,29_lip,simi cara,simi cara,s i m i + k a r a,,tandioy1978,567,,,,,4220 5816,s i m i + k a r a,"['s', 'i', 'm', 'i', '+', 'k', 'a', 'r', 'a']"
Raimondi-29_lip-1,,Raimondi,29_lip,wirpa,wirpa,w i ɾ p a,,parkerchavez1976,469,,,,,3684,w i ɾ p a,"['w', 'i', 'ɾ', 'p', 'a']"
Santiagueno-29_lip-1,,Santiagueno,29_lip,sipriy,sipriy,s i p ɾ iː,arcaism,juanatey2021,473,,,,,3690,s i p ɾ iː,"['s', 'i', 'p', 'ɾ', 'iː']"
SantoTomas-29_lip-1,,SantoTomas,29_lip,virpa,virpa,w i r p a,,santotomas1951,469,,,,,3684,w i r p a,"['w', 'i', 'r', 'p', 'a']"
Serena-29_lip-1,,Serena,29_lip,šimi kara,šimi kara,ʃ i m i + k a r a,,heggarty2005,567,,,,,4220 5816,ʃ i m i + k a r a,"['ʃ', 'i', 'm', 'i', '+', 'k', 'a', 'r', 'a']"
Sullkatiti-29_lip-1,,Sullkatiti,29_lip,ispiλu,ispiλu,i s p i ʎ u,,heggarty2005,471,,,,,3689,i s p i ʎ u,"['i', 's', 'p', 'i', 'ʎ', 'u']"
Taquile-29_lip-1,,Taquile,29_lip,χita,χita,χ i t a,,heggarty2005,683,,,,esp,492,χ i t a,"['χ', 'i', 't', 'a']"
Tarma-29_lip-1,,Tarma,29_lip,wirpa,wirpa,w i r p a,corner of mouth,adelaar1977,469,,,,,3684,w i r p a,"['w', 'i', 'r', 'p', 'a']"
Troje-29_lip-1,,Troje,29_lip,šimi hita,šimi hita,ʃ i m i + h i t a,,heggarty2005,566,,,,,4220 3687,ʃ i m i + h i t a,"['ʃ', 'i', 'm', 'i', '+', 'h', 'i', 't', 'a']"
Wari-29_lip-1,,Wari,29_lip,wirpa,wirpa,w i ɾ p a,,parkerchavez1976,469,,,,,3684,w i ɾ p a,"['w', 'i', 'ɾ', 'p', 'a']"
Yanac-29_lip-1,,Yanac,29_lip,šimi,šimi,ʃ i m i,,heggarty2005,565,,,,,4220,ʃ i m i,"['ʃ', 'i', 'm', 'i']"
Anonimo-3_three-1,,Anonimo,3_three,quimça,quimça,k i m s a,,valera1586,914,,,,,6799,k i m s a,"['k', 'i', 'm', 's', 'a']"
Apuri-3_three-1,,Apuri,3_three,kimsa,kimsa,k i m s a,,shimelman2017,914,,,,,6799,k i m s a,"['k', 'i', 'm', 's', 'a']"
Apurimac-3_three-1,,Apurimac,3_three,kinsa,kinsa,k i n s a,,camacho2007,914,,,,,6799,k i n s a,"['k', 'i', 'n', 's', 'a']"
Arma-3_three-1,,Arma,3_three,kimsa,kimsa,k i m s a,,galvez2003,914,,,,,6799,k i m s a,"['k', 'i', 'm', 's', 'a']"
Atalla-3_three-1,,Atalla,3_three,kimza,kimza,k i m z a,,heggarty2005,914,,,,,6799,k i m z a,"['k', 'i', 'm', 'z', 'a']"
Ayacucho-3_three-1,,Ayacucho,3_three,kimsa,kimsa,k i m s a,,soto1976,914,,,,,6799,k i m s a,"['k', 'i', 'm', 's', 'a']"
Bobonaza-3_three-1,,Bobonaza,3_three,quimsa,quimsa,k i m s a,,orrwrisley1981,914,,,,,6799,k i m s a,"['k', 'i', 'm', 's', 'a']"
Cacra-Hongos-3_three-1,,Cacra-Hongos,3_three,kimsa,kimsa,k i m s a,,shimelman2017,914,,,,,6799,k i m s a,"['k', 'i', 'm', 's', 'a']"
Chachapoyas-3_three-1,,Chachapoyas,3_three,kimsa,kimsa,k i m s a,,taylor2006,914,,,,,6799,k i m s a,"['k', 'i', 'm', 's', 'a']"
Chacpar-3_three-1,,Chacpar,3_three,kima,kima,k i m a,,heggarty2005,914,,,,,6799,k i m - a,"['k', 'i', 'm', 'a']"
Chetilla-3_three-1,,Chetilla,3_three,kimsa,kimsa,k i m s a,,heggarty2005,914,,,,,6799,k i m s a,"['k', 'i', 'm', 's', 'a']"
Chipaya-3_three-1,,Chipaya,3_three,chhep,chhep,tʃ h e p,,heggarty2005,916,,,,,6800,tʃ h e p,"['tʃ', 'h', 'e', 'p']"
Curva-3_three-1,,Curva,3_three,kimsa,kimsa,k i m s a,,heggarty2005,914,,,,,6799,k i m s a,"['k', 'i', 'm', 's', 'a']"
Cuzco-3_three-1,,Cuzco,3_three,kinsa,kinsa,k i n s a,,heggarty2005,914,,,,,6799,k i n s a,"['k', 'i', 'n', 's', 'a']"
CuzquenoAntiguo-3_three-1,,CuzquenoAntiguo,3_three,quimça,quimça,χ i m s a,,holguin1608,914,,,,,6799,χ i m s a,"['χ', 'i', 'm', 's', 'a']"
Huallaga-3_three-1,,Huallaga,3_three,kimsa,kimsa,k i m s a,,heggarty2005,914,,,,,6799,k i m s a,"['k', 'i', 'm', 's', 'a']"
Huanca-3_three-1,,Huanca,3_three,kimsa,kimsa,k i m s a,,cerron2018,914,,,,,6799,k i m s a,"['k', 'i', 'm', 's', 'a']"
Huancane-3_three-1,,Huancane,3_three,kimsa,kimsa,k i m s a,,heggarty2005,359,,,,,303,k i m s a,"['k', 'i', 'm', 's', 'a']"
Huangascar-3_three-1,,Huangascar,3_three,kimsa,kimsa,k i m s a,,shimelman2017,914,,,,,6799,k i m s a,"['k', 'i', 'm', 's', 'a']"
HuarazHuailas-3_three-1,,HuarazHuailas,3_three,kima,kima,k i m a,,parkerchavez1976,914,,,,,6799,k i m - a,"['k', 'i', 'm', 'a']"
Imbabura-3_three-1,,Imbabura,3_three,kimsa,kimsa,k i m s a,,gomez2009,914,,,,,6799,k i m s a,"['k', 'i', 'm', 's', 'a']"
Inkawasi-3_three-1,,Inkawasi,3_three,kimsa,kimsa,k i m s a,,heggarty2005,914,,,,,6799,k i m s a,"['k', 'i', 'm', 's', 'a']"
Iruhito-3_three-1,,Iruhito,3_three,tšé:p,tšé:p,tʃ eː p,,cerron2016,916,,,,,6800,tʃ - eː p,"['tʃ', 'eː', 'p']"
Jaqaru-3_three-1,,Jaqaru,3_three,kimsa,kimsa,k i m s a,,heggarty2005,359,,,,,303,k i m s a,"['k', 'i', 'm', 's', 'a']"
Kawki-3_three-1,,Kawki,3_three,kimsa,kimsa,k i m s a,,heggarty2005,359,,,,,303,k i m s a,"['k', 'i', 'm', 's', 'a']"
Lamas-3_three-1,,Lamas,3_three,kimsa,kimsa,k i m s a,,taylor2006,914,,,,,6799,k i m s a,"['k', 'i', 'm', 's', 'a']"
Laraos-3_three-1,,Laraos,3_three,kimsa,kimsa,k i m s a,,heggarty2005,914,,,,,6799,k i m s a,"['k', 'i', 'm', 's', 'a']"
Lincha-Tana-3_three-1,,Lincha-Tana,3_three,kimsa,kimsa,k i m s a,,shimelman2017,914,,,,,6799,k i m s a,"['k', 'i', 'm', 's', 'a']"
Maragua-3_three-1,,Maragua,3_three,kinsa,kinsa,k i n s a,,heggarty2005,914,,,,,6799,k i n s a,"['k', 'i', 'n', 's', 'a']"
Napo-3_three-1,,Napo,3_three,quimsa,quimsa,k i m s a,,orrwrisley1981,914,,,,,6799,k i m s a,"['k', 'i', 'm', 's', 'a']"
Pacaraos-3_three-1,,Pacaraos,3_three,kima,kima,k i m a,,adelaar1982,914,,,,,6799,k i m - a,"['k', 'i', 'm', 'a']"
Pastaza-3_three-1,,Pastaza,3_three,quimsa,quimsa,k i m s a,,landerman1973,914,,,,,6799,k i m s a,"['k', 'i', 'm', 's', 'a']"
Pocona-3_three-1,,Pocona,3_three,kinsa,kinsa,k i n s a,,heggarty2005,914,,,,,6799,k i n s a,"['k', 'i', 'n', 's', 'a']"
Puki-3_three-1,,Puki,3_three,kinsa,kinsa,k i n s a,,heggarty2005,359,,,,,303,k i n s a,"['k', 'i', 'n', 's', 'a']"
Puno-3_three-1,,Puno,3_three,kimsa,kimsa,k i m s a,,heggarty2005,914,,,,,6799,k i m s a,"['k', 'i', 'm', 's', 'a']"
Putumayo-3_three-1,,Putumayo,3_three,quimsa,quimsa,k i m s a,,tandioy1978,914,,,,,6799,k i m s a,"['k', 'i', 'm', 's', 'a']"
Raimondi-3_three-1,,Raimondi,3_three,kimsa,kimsa,k i m s a,,parkerchavez1976,914,,,,,6799,k i m s a,"['k', 'i', 'm', 's', 'a']"
SanPedro-3_three-1,,SanPedro,3_three,kimsa,kimsa,k i m s a,,shimelman2017,914,,,,,6799,k i m s a,"['k', 'i', 'm', 's', 'a']"
Santiagueno-3_three-1,,Santiagueno,3_three,kimsa,kimsa,k i m s a,,juanatey2021,914,,,,,6799,k i m s a,"['k', 'i', 'm', 's', 'a']"
SantoTomas-3_three-1,,SantoTomas,3_three,quimça,quimça,k i m s a,,santotomas1951,914,,,,,6799,k i m s a,"['k', 'i', 'm', 's', 'a']"
Serena-3_three-1,,Serena,3_three,kinsa,kinsa,k i n s a,,heggarty2005,914,,,,,6799,k i n s a,"['k', 'i', 'n', 's', 'a']"
Sullkatiti-3_three-1,,Sullkatiti,3_three,kimsa,kimsa,k i m s a,,heggarty2005,359,,,,,303,k i m s a,"['k', 'i', 'm', 's', 'a']"
Taquile-3_three-1,,Taquile,3_three,kimsa,kimsa,k i m s a,,heggarty2005,914,,,,,6799,k i m s a,"['k', 'i', 'm', 's', 'a']"
Tarma-3_three-1,,Tarma,3_three,kima,kima,k i m a,,adelaar1977,914,,,,,6799,k i m - a,"['k', 'i', 'm', 'a']"
Troje-3_three-1,,Troje,3_three,kimsa,kimsa,k i m s a,,heggarty2005,914,,,,,6799,k i m s a,"['k', 'i', 'm', 's', 'a']"
Tsimu-3_three-1,,Tsimu,3_three,pé:χe,pé:χe,p eː χ e,,cerron2016,917,,,,,6801,p eː χ e,"['p', 'eː', 'χ', 'e']"
Wari-3_three-1,,Wari,3_three,kimsa,kimsa,k i m s a,,parkerchavez1976,914,,,,,6799,k i m s a,"['k', 'i', 'm', 's', 'a']"
Yanac-3_three-1,,Yanac,3_three,kinsa,kinsa,k i n s a,,heggarty2005,914,,,,,6799,k i n s a,"['k', 'i', 'n', 's', 'a']"
Anonimo-30_tongue-1,,Anonimo,30_tongue,callu,callu,k a ʎ u,,valera1586,923,,,,,6920,k a ʎ u,"['k', 'a', 'ʎ', 'u']"
Apuri-30_tongue-1,,Apuri,30_tongue,qallu,qallu,q a ʎ u,,shimelman2017,923,,,,,6920,q a ʎ u,"['q', 'a', 'ʎ', 'u']"
Apurimac-30_tongue-1,,Apurimac,30_tongue,qallu,qallu,q a ʎ u,,camacho2007,923,,,,,6920,q a ʎ u,"['q', 'a', 'ʎ', 'u']"
Arma-30_tongue-1,,Arma,30_tongue,qallu,qallu,χ a ʎ u,,galvez2003,923,,,,,6920,χ a ʎ u,"['χ', 'a', 'ʎ', 'u']"
Atalla-30_tongue-1,,Atalla,30_tongue,χaλu,χaλu,χ a ʎ u,,heggarty2005,923,,,,,6920,χ a ʎ u,"['χ', 'a', 'ʎ', 'u']"
Ayacucho-30_tongue-1,,Ayacucho,30_tongue,qallu,qallu,χ a ʎ u,,soto1976,923,,,,,6920,χ a ʎ u,"['χ', 'a', 'ʎ', 'u']"
Bobonaza-30_tongue-1,,Bobonaza,30_tongue,callu,callu,k a ʎ u,,orrwrisley1981,923,,,,,6920,k a ʎ u,"['k', 'a', 'ʎ', 'u']"
Cacra-Hongos-30_tongue-1,,Cacra-Hongos,30_tongue,qallu,qallu,q a ʎ u,,shimelman2017,923,,,,,6920,q a ʎ u,"['q', 'a', 'ʎ', 'u']"
Chachapoyas-30_tongue-1,,Chachapoyas,30_tongue,kallu,kallu,k a dʑ u,,taylor2006,923,,,,,6920,k a dʑ u,"['k', 'a', 'dʑ', 'u']"
Chacpar-30_tongue-1,,Chacpar,30_tongue,qaλu,qaλu,q a ʎ u,,heggarty2005,923,,,,,6920,q a ʎ u,"['q', 'a', 'ʎ', 'u']"
Chetilla-30_tongue-1,,Chetilla,30_tongue,qadyu,qadyu,q a dʑ u,,heggarty2005,923,,,,,6920,q a dʑ u,"['q', 'a', 'dʑ', 'u']"
Chipaya-30_tongue-1,,Chipaya,30_tongue,laz,laz,l a z,,heggarty2005,362,,,,,304,l a z,"['l', 'a', 'z']"
Curva-30_tongue-1,,Curva,30_tongue,qaλu,qaλu,q a ʎ u,,heggarty2005,923,,,,,6920,q a ʎ u,"['q', 'a', 'ʎ', 'u']"
Cuzco-30_tongue-1,,Cuzco,30_tongue,qaλu,qaλu,q a ʎ u,,heggarty2005,923,,,,,6920,q a ʎ u,"['q', 'a', 'ʎ', 'u']"
CuzquenoAntiguo-30_tongue-1,,CuzquenoAntiguo,30_tongue,kallu,kallu,k a ʎ u,,holguin1608,923,,,,,6920,k a ʎ u,"['k', 'a', 'ʎ', 'u']"
Huallaga-30_tongue-1,,Huallaga,30_tongue,qaλu,qaλu,q a ʎ u,,heggarty2005,923,,,,,6920,q a ʎ u,"['q', 'a', 'ʎ', 'u']"
Huanca-30_tongue-1,,Huanca,30_tongue,qallu,qallu,h a ʎ u,,cerron1976,923,,,,,6920,h a ʎ u,"['h', 'a', 'ʎ', 'u']"
Huancane-30_tongue-1,,Huancane,30_tongue,laχra,laχra,l a χ r a,,heggarty2005,924,,,,,6921,l a χ r a,"['l', 'a', 'χ', 'r', 'a']"
Huangascar-30_tongue-1,,Huangascar,30_tongue,qallu,qallu,q a ʎ u,,shimelman2017,923,,,,,6920,q a ʎ u,"['q', 'a', 'ʎ', 'u']"
HuarazHuailas-30_tongue-1,,HuarazHuailas,30_tongue,qallu,qallu,q a ʎ u,,parkerchavez1976,923,,,,,6920,q a ʎ u,"['q', 'a', 'ʎ', 'u']"
Imbabura-30_tongue-1,,Imbabura,30_tongue,jallu,jallu,x a ʎ u,,gomez2009,923,,,,,6920,x a ʎ u,"['x', 'a', 'ʎ', 'u']"
Inkawasi-30_tongue-1,,Inkawasi,30_tongue,"qadžu, χadžu",qadžu,q a dʒ u,,heggarty2005,923,,,,,6920,q a dʒ u,"['q', 'a', 'dʒ', 'u']"
Inkawasi-30_tongue-2,,Inkawasi,30_tongue,"qadžu, χadžu",χadžu,χ a dʒ u,,heggarty2005,923,,,,,6920,χ a dʒ u,"['χ', 'a', 'dʒ', 'u']"
Iruhito-30_tongue-1,,Iruhito,30_tongue,nás,nás,n a s,,cerron2016,362,,,,,304,n a s,"['n', 'a', 's']"
Jaqaru-30_tongue-1,,Jaqaru,30_tongue,naxra,naxra,n a x r a,,heggarty2005,924,,,,,6921,n a x r a,"['n', 'a', 'x', 'r', 'a']"
Kawki-30_tongue-1,,Kawki,30_tongue,nixra,nixra,n i x r a,,heggarty2005,924,,,,,6921,n i x r a,"['n', 'i', 'x', 'r', 'a']"
Lamas-30_tongue-1,,Lamas,30_tongue,kallu,kallu,k a dʑ u,,taylor2006,923,,,,,6920,k a dʑ u,"['k', 'a', 'dʑ', 'u']"
Laraos-30_tongue-1,,Laraos,30_tongue,qaλu,qaλu,q a ʎ u,,heggarty2005,923,,,,,6920,q a ʎ u,"['q', 'a', 'ʎ', 'u']"
Lincha-Tana-30_tongue-1,,Lincha-Tana,30_tongue,qallu,qallu,q a ʎ u,,shimelman2017,923,,,,,6920,q a ʎ u,"['q', 'a', 'ʎ', 'u']"
Maragua-30_tongue-1,,Maragua,30_tongue,qaλu,qaλu,q a ʎ u,,heggarty2005,923,,,,,6920,q a ʎ u,"['q', 'a', 'ʎ', 'u']"
Napo-30_tongue-1,,Napo,30_tongue,callu,callu,k a ʎ u,,orrwrisley1981,923,,,,,6920,k a ʎ u,"['k', 'a', 'ʎ', 'u']"
Pacaraos-30_tongue-1,,Pacaraos,30_tongue,"qallu, qalu",qallu,ʁ a ʎ u,,adelaar1982,923,,,,,6920,ʁ a ʎ u,"['ʁ', 'a', 'ʎ', 'u']"
Pacaraos-30_tongue-2,,Pacaraos,30_tongue,"qallu, qalu",qalu,ʁ a l u,,adelaar1982,923,,,,,6920,ʁ a l u,"['ʁ', 'a', 'l', 'u']"
Pastaza-30_tongue-1,,Pastaza,30_tongue,callu,callu,k a ʎ u,,landerman1973,923,,,,,6920,k a ʎ u,"['k', 'a', 'ʎ', 'u']"
Pocona-30_tongue-1,,Pocona,30_tongue,ġaλu,ġaλu,ɢ a ʎ u,,heggarty2005,923,,,,,6920,ɢ a ʎ u,"['ɢ', 'a', 'ʎ', 'u']"
Puki-30_tongue-1,,Puki,30_tongue,laχra,laχra,l a χ r a,,heggarty2005,924,,,,,6921,l a χ r a,"['l', 'a', 'χ', 'r', 'a']"
Puno-30_tongue-1,,Puno,30_tongue,qaλu,qaλu,q a ʎ u,,heggarty2005,923,,,,,6920,q a ʎ u,"['q', 'a', 'ʎ', 'u']"
Putumayo-30_tongue-1,,Putumayo,30_tongue,callu,callu,k a ʎ u,,tandioy1978,923,,,,,6920,k a ʎ u,"['k', 'a', 'ʎ', 'u']"
Raimondi-30_tongue-1,,Raimondi,30_tongue,qallu,qallu,q a ʎ u,,parkerchavez1976,923,,,,,6920,q a ʎ u,"['q', 'a', 'ʎ', 'u']"
SanPedro-30_tongue-1,,SanPedro,30_tongue,qallu,qallu,q a ʎ u,,shimelman2017,923,,,,,6920,q a ʎ u,"['q', 'a', 'ʎ', 'u']"
Santiagueno-30_tongue-1,,Santiagueno,30_tongue,qallu,qallu,q a ʒ u,,juanatey2021,923,,,,,6920,q a ʒ u,"['q', 'a', 'ʒ', 'u']"
SantoTomas-30_tongue-1,,SantoTomas,30_tongue,callo,callo,q a ʎ u,,santotomas1951,923,,,,,6920,q a ʎ u,"['q', 'a', 'ʎ', 'u']"
Serena-30_tongue-1,,Serena,30_tongue,kaλu,kaλu,k a ʎ u,,heggarty2005,923,,,,,6920,k a ʎ u,"['k', 'a', 'ʎ', 'u']"
Sullkatiti-30_tongue-1,,Sullkatiti,30_tongue,laχra,laχra,l a χ r a,,heggarty2005,924,,,,,6921,l a χ r a,"['l', 'a', 'χ', 'r', 'a']"
Taquile-30_tongue-1,,Taquile,30_tongue,qaλu,qaλu,q a ʎ u,,heggarty2005,923,,,,,6920,q a ʎ u,"['q', 'a', 'ʎ', 'u']"
Tarma-30_tongue-1,,Tarma,30_tongue,xal̃u,xal̃u,χ a ʎ u,,adelaar1977,923,,,,,6920,χ a ʎ u,"['χ', 'a', 'ʎ', 'u']"
Troje-30_tongue-1,,Troje,30_tongue,khažu,khažu,kʰ a ʒ u,,heggarty2005,923,,,,,6920,kʰ a ʒ u,"['kʰ', 'a', 'ʒ', 'u']"
Tsimu-30_tongue-1,,Tsimu,30_tongue,lá:χla,lá:χla,l aː χ l a,,cerron2016,365,,,,,305,l aː χ l a,"['l', 'aː', 'χ', 'l', 'a']"
Wari-30_tongue-1,,Wari,30_tongue,qallu,qallu,q a ʎ u,,parkerchavez1976,923,,,,,6920,q a ʎ u,"['q', 'a', 'ʎ', 'u']"
Yanac-30_tongue-1,,Yanac,30_tongue,qaλu,qaλu,q a ʎ u,,heggarty2005,923,,,,,6920,q a ʎ u,"['q', 'a', 'ʎ', 'u']"
Anonimo-31_tooth-1,,Anonimo,31_tooth,quiru,quiru,k i r u,,valera1586,925,,,,,6974,k i r u,"['k', 'i', 'r', 'u']"
Apuri-31_tooth-1,,Apuri,31_tooth,kiru,kiru,k i ɾ u,,shimelman2017,925,,,,,6974,k i ɾ u,"['k', 'i', 'ɾ', 'u']"
Apurimac-31_tooth-1,,Apurimac,31_tooth,kiru,kiru,k i r u,,camacho2007,925,,,,,6974,k i r u,"['k', 'i', 'r', 'u']"
Arma-31_tooth-1,,Arma,31_tooth,kiru,kiru,k i ɾ u,,galvez2003,925,,,,,6974,k i ɾ u,"['k', 'i', 'ɾ', 'u']"
Atalla-31_tooth-1,,Atalla,31_tooth,kiru,kiru,k i r u,,heggarty2005,925,,,,,6974,k i r u,"['k', 'i', 'r', 'u']"
Ayacucho-31_tooth-1,,Ayacucho,31_tooth,kiru,kiru,k i ɾ u,,soto1976,925,,,,,6974,k i ɾ u,"['k', 'i', 'ɾ', 'u']"
Bobonaza-31_tooth-1,,Bobonaza,31_tooth,quiru,quiru,k i r u,,orrwrisley1981,925,,,,,6974,k i r u,"['k', 'i', 'r', 'u']"
Cacra-Hongos-31_tooth-1,,Cacra-Hongos,31_tooth,kiru,kiru,k i l u,,shimelman2017,925,,,,,6974,k i l u,"['k', 'i', 'l', 'u']"
Chachapoyas-31_tooth-1,,Chachapoyas,31_tooth,kiru,kiru,k i r u,,taylor2006,925,,,,,6974,k i r u,"['k', 'i', 'r', 'u']"
Chacpar-31_tooth-1,,Chacpar,31_tooth,kiru,kiru,k i r u,,heggarty2005,925,,,,,6974,k i r u,"['k', 'i', 'r', 'u']"
Chetilla-31_tooth-1,,Chetilla,31_tooth,kiru,kiru,k i r u,,heggarty2005,925,,,,,6974,k i r u,"['k', 'i', 'r', 'u']"
Chipaya-31_tooth-1,,Chipaya,31_tooth,izhqi,izhqi,i zʰ q i,,heggarty2005,876,,,,,63,i zʰ q i,"['i', 'zʰ', 'q', 'i']"
Curva-31_tooth-1,,Curva,31_tooth,kiru,kiru,k i r u,,heggarty2005,925,,,,,6974,k i r u,"['k', 'i', 'r', 'u']"
Cuzco-31_tooth-1,,Cuzco,31_tooth,kiru,kiru,k i r u,,heggarty2005,925,,,,,6974,k i r u,"['k', 'i', 'r', 'u']"
CuzquenoAntiguo-31_tooth-1,,CuzquenoAntiguo,31_tooth,quiru,quiru,χ i r u,,holguin1608,925,,,,,6974,χ i r u,"['χ', 'i', 'r', 'u']"
Huallaga-31_tooth-1,,Huallaga,31_tooth,kiru,kiru,k i r u,,heggarty2005,925,,,,,6974,k i r u,"['k', 'i', 'r', 'u']"
Huanca-31_tooth-1,,Huanca,31_tooth,kilu,kilu,k i l u,,cerron2018,925,,,,,6974,k i l u,"['k', 'i', 'l', 'u']"
Huancane-31_tooth-1,,Huancane,31_tooth,laka,laka,l a k a,,heggarty2005,926,,,,,6975,l a k a,"['l', 'a', 'k', 'a']"
Huangascar-31_tooth-1,,Huangascar,31_tooth,kiru,kiru,k i ɾ u,,shimelman2017,925,,,,,6974,k i ɾ u,"['k', 'i', 'ɾ', 'u']"
HuarazHuailas-31_tooth-1,,HuarazHuailas,31_tooth,kiru,kiru,k i ɾ u,,parkerchavez1976,925,,,,,6974,k i ɾ u,"['k', 'i', 'ɾ', 'u']"
Imbabura-31_tooth-1,,Imbabura,31_tooth,kiru,kiru,k i ɾ u,,gomez2009,925,,,,,6974,k i ɾ u,"['k', 'i', 'ɾ', 'u']"
Inkawasi-31_tooth-1,,Inkawasi,31_tooth,kiru,kiru,k i r u,,heggarty2005,925,,,,,6974,k i r u,"['k', 'i', 'r', 'u']"
Iruhito-31_tooth-1,,Iruhito,31_tooth,í:sʰki,í:sʰki,iː s k i,,cerron2016,876,,,,,63,iː s k i,"['iː', 's', 'k', 'i']"
Jaqaru-31_tooth-1,,Jaqaru,31_tooth,šimi,šimi,ʃ i m i,,heggarty2005,366,,,,,306,ʃ i m i,"['ʃ', 'i', 'm', 'i']"
Kawki-31_tooth-1,,Kawki,31_tooth,šimi,šimi,ʃ i m i,,heggarty2005,366,,,,,306,ʃ i m i,"['ʃ', 'i', 'm', 'i']"
Lamas-31_tooth-1,,Lamas,31_tooth,kiru,kiru,k i r u,,taylor2006,925,,,,,6974,k i r u,"['k', 'i', 'r', 'u']"
Laraos-31_tooth-1,,Laraos,31_tooth,kiru,kiru,k i r u,,heggarty2005,925,,,,,6974,k i r u,"['k', 'i', 'r', 'u']"
Lincha-Tana-31_tooth-1,,Lincha-Tana,31_tooth,kiru,kiru,k i ɾ u,,shimelman2017,925,,,,,6974,k i ɾ u,"['k', 'i', 'ɾ', 'u']"
Maragua-31_tooth-1,,Maragua,31_tooth,kiru,kiru,k i r u,,heggarty2005,925,,,,,6974,k i r u,"['k', 'i', 'r', 'u']"
Napo-31_tooth-1,,Napo,31_tooth,quiru,quiru,k i r u,,orrwrisley1981,925,,,,,6974,k i r u,"['k', 'i', 'r', 'u']"
Pacaraos-31_tooth-1,,Pacaraos,31_tooth,kiru,kiru,k i ɾ u,,adelaar1982,925,,,,,6974,k i ɾ u,"['k', 'i', 'ɾ', 'u']"
Pastaza-31_tooth-1,,Pastaza,31_tooth,quiru,quiru,k i r u,,landerman1973,925,,,,,6974,k i r u,"['k', 'i', 'r', 'u']"
Pocona-31_tooth-1,,Pocona,31_tooth,kiru,kiru,k i r u,,heggarty2005,925,,,,,6974,k i r u,"['k', 'i', 'r', 'u']"
Puki-31_tooth-1,,Puki,31_tooth,laka,laka,l a k a,,heggarty2005,926,,,,,6975,l a k a,"['l', 'a', 'k', 'a']"
Puno-31_tooth-1,,Puno,31_tooth,kiru,kiru,k i r u,,heggarty2005,925,,,,,6974,k i r u,"['k', 'i', 'r', 'u']"
Putumayo-31_tooth-1,,Putumayo,31_tooth,quiru,quiru,x i r u,,tandioy1978,925,,,,,6974,x i r u,"['x', 'i', 'r', 'u']"
Raimondi-31_tooth-1,,Raimondi,31_tooth,kiru,kiru,k i ɾ u,,parkerchavez1976,925,,,,,6974,k i ɾ u,"['k', 'i', 'ɾ', 'u']"
SanPedro-31_tooth-1,,SanPedro,31_tooth,kiru,kiru,k i ɾ u,,shimelman2017,925,,,,,6974,k i ɾ u,"['k', 'i', 'ɾ', 'u']"
Santiagueno-31_tooth-1,,Santiagueno,31_tooth,kiru,kiru,k i ɾ u,,juanatey2021,925,,,,,6974,k i ɾ u,"['k', 'i', 'ɾ', 'u']"
SantoTomas-31_tooth-1,,SantoTomas,31_tooth,quero,quero,k e r o,,santotomas1951,925,,,,,6974,k e r o,"['k', 'e', 'r', 'o']"
Serena-31_tooth-1,,Serena,31_tooth,kiru,kiru,k i r u,,heggarty2005,925,,,,,6974,k i r u,"['k', 'i', 'r', 'u']"
Sullkatiti-31_tooth-1,,Sullkatiti,31_tooth,laka,laka,l a k a,,heggarty2005,926,,,,,6975,l a k a,"['l', 'a', 'k', 'a']"
Taquile-31_tooth-1,,Taquile,31_tooth,kiru,kiru,k i r u,,heggarty2005,925,,,,,6974,k i r u,"['k', 'i', 'r', 'u']"
Tarma-31_tooth-1,,Tarma,31_tooth,kiru,kiru,k i ɾ u,,adelaar1977,925,,,,,6974,k i ɾ u,"['k', 'i', 'ɾ', 'u']"
Troje-31_tooth-1,,Troje,31_tooth,kiru,kiru,k i r u,,heggarty2005,925,,,,,6974,k i r u,"['k', 'i', 'r', 'u']"
Tsimu-31_tooth-1,,Tsimu,31_tooth,í:ske:,í:ske:,iː s k eː,,cerron2016,876,,,,,63,iː s k eː,"['iː', 's', 'k', 'eː']"
Wari-31_tooth-1,,Wari,31_tooth,kiru,kiru,k i ɾ u,,parkerchavez1976,925,,,,,6974,k i ɾ u,"['k', 'i', 'ɾ', 'u']"
Yanac-31_tooth-1,,Yanac,31_tooth,kiru,kiru,k i r u,,heggarty2005,925,,,,,6974,k i r u,"['k', 'i', 'r', 'u']"
Anonimo-32_hand-1,,Anonimo,32_hand,maqui,maqui,m a k i,,valera1586,298,,,,,2670,m a k i,"['m', 'a', 'k', 'i']"
Apuri-32_hand-1,,Apuri,32_hand,maki,maki,m a k i,,shimelman2017,298,,,,,2670,m a k i,"['m', 'a', 'k', 'i']"
Apurimac-32_hand-1,,Apurimac,32_hand,maki,maki,m a k i,,camacho2007,298,,,,,2670,m a k i,"['m', 'a', 'k', 'i']"
Arma-32_hand-1,,Arma,32_hand,maki,maki,m a k i,,galvez2003,298,,,,,2670,m a k i,"['m', 'a', 'k', 'i']"
Atalla-32_hand-1,,Atalla,32_hand,maki,maki,m a k i,,heggarty2005,298,,,,,2670,m a k i,"['m', 'a', 'k', 'i']"
Ayacucho-32_hand-1,,Ayacucho,32_hand,maki,maki,m a k i,,soto1976,298,,,,,2670,m a k i,"['m', 'a', 'k', 'i']"
Bobonaza-32_hand-1,,Bobonaza,32_hand,maqui,maqui,m a k i,,orrwrisley1981,298,,,,,2670,m a k i,"['m', 'a', 'k', 'i']"
Cacra-Hongos-32_hand-1,,Cacra-Hongos,32_hand,maki,maki,m a k i,,shimelman2017,298,,,,,2670,m a k i,"['m', 'a', 'k', 'i']"
Chachapoyas-32_hand-1,,Chachapoyas,32_hand,maki,maki,m a k i,,taylor2006,298,,,,,2670,m a k i,"['m', 'a', 'k', 'i']"
Chacpar-32_hand-1,,Chacpar,32_hand,maki,maki,m a k i,,heggarty2005,298,,,,,2670,m a k i,"['m', 'a', 'k', 'i']"
Chetilla-32_hand-1,,Chetilla,32_hand,maki,maki,m a k i,,heggarty2005,298,,,,,2670,m a k i,"['m', 'a', 'k', 'i']"
Chipaya-32_hand-1,,Chipaya,32_hand,qhara,qhara,qʰ a r a,,heggarty2005,300,,,,,2671,qʰ a r a,"['qʰ', 'a', 'r', 'a']"
Curva-32_hand-1,,Curva,32_hand,maki,maki,m a k i,,heggarty2005,298,,,,,2670,m a k i,"['m', 'a', 'k', 'i']"
Cuzco-32_hand-1,,Cuzco,32_hand,maki,maki,m a k i,,heggarty2005,298,,,,,2670,m a k i,"['m', 'a', 'k', 'i']"
CuzquenoAntiguo-32_hand-1,,CuzquenoAntiguo,32_hand,maqui,maqui,m a χ i,,holguin1608,298,,,,,2670,m a χ i,"['m', 'a', 'χ', 'i']"
Huallaga-32_hand-1,,Huallaga,32_hand,maki,maki,m a k i,,heggarty2005,298,,,,,2670,m a k i,"['m', 'a', 'k', 'i']"
Huanca-32_hand-1,,Huanca,32_hand,maki,maki,m a k i,,cerron2018,298,,,,,2670,m a k i,"['m', 'a', 'k', 'i']"
Huancane-32_hand-1,,Huancane,32_hand,ampara,ampara,a m p a r a,,heggarty2005,301,,,,,2672,a m p a r a,"['a', 'm', 'p', 'a', 'r', 'a']"
Huangascar-32_hand-1,,Huangascar,32_hand,maki,maki,m a k i,,shimelman2017,298,,,,,2670,m a k i,"['m', 'a', 'k', 'i']"
HuarazHuailas-32_hand-1,,HuarazHuailas,32_hand,maki,maki,m a k i,,parkerchavez1976,298,,,,,2670,m a k i,"['m', 'a', 'k', 'i']"
Imbabura-32_hand-1,,Imbabura,32_hand,maki,maki,m a k i,,gomez2009,298,,,,,2670,m a k i,"['m', 'a', 'k', 'i']"
Inkawasi-32_hand-1,,Inkawasi,32_hand,maki,maki,m a k i,,heggarty2005,298,,,,,2670,m a k i,"['m', 'a', 'k', 'i']"
Iruhito-32_hand-1,,Iruhito,32_hand,k’á:r̂a,k’á:r̂a,kʼ aː r a,,cerron2016,300,,,,,2671,kʼ aː r a,"['kʼ', 'aː', 'r', 'a']"
Jaqaru-32_hand-1,,Jaqaru,32_hand,ampara,ampara,a m p a r a,,heggarty2005,301,,,,,2672,a m p a r a,"['a', 'm', 'p', 'a', 'r', 'a']"
Kawki-32_hand-1,,Kawki,32_hand,ampara,ampara,a m p a r a,,heggarty2005,301,,,,,2672,a m p a r a,"['a', 'm', 'p', 'a', 'r', 'a']"
Lamas-32_hand-1,,Lamas,32_hand,maki,maki,m a k i,,taylor2006,298,,,,,2670,m a k i,"['m', 'a', 'k', 'i']"
Laraos-32_hand-1,,Laraos,32_hand,maki,maki,m a k i,,heggarty2005,298,,,,,2670,m a k i,"['m', 'a', 'k', 'i']"
Lincha-Tana-32_hand-1,,Lincha-Tana,32_hand,maki,maki,m a k i,,shimelman2017,298,,,,,2670,m a k i,"['m', 'a', 'k', 'i']"
Maragua-32_hand-1,,Maragua,32_hand,maki,maki,m a k i,,heggarty2005,298,,,,,2670,m a k i,"['m', 'a', 'k', 'i']"
Napo-32_hand-1,,Napo,32_hand,maqui,maqui,m a k i,,orrwrisley1981,298,,,,,2670,m a k i,"['m', 'a', 'k', 'i']"
Pacaraos-32_hand-1,,Pacaraos,32_hand,maki,maki,m a k i,,adelaar1982,298,,,,,2670,m a k i,"['m', 'a', 'k', 'i']"
Pastaza-32_hand-1,,Pastaza,32_hand,maqui,maqui,m a k i,,landerman1973,298,,,,,2670,m a k i,"['m', 'a', 'k', 'i']"
Pocona-32_hand-1,,Pocona,32_hand,maki,maki,m a k i,,heggarty2005,298,,,,,2670,m a k i,"['m', 'a', 'k', 'i']"
Puki-32_hand-1,,Puki,32_hand,ampara,ampara,a m p a r a,,heggarty2005,301,,,,,2672,a m p a r a,"['a', 'm', 'p', 'a', 'r', 'a']"
Puno-32_hand-1,,Puno,32_hand,maki,maki,m a k i,,heggarty2005,298,,,,,2670,m a k i,"['m', 'a', 'k', 'i']"
Putumayo-32_hand-1,,Putumayo,32_hand,maqui,maqui,m a x i,,tandioy1978,298,,,,,2670,m a x i,"['m', 'a', 'x', 'i']"
Raimondi-32_hand-1,,Raimondi,32_hand,maki,maki,m a k i,,parkerchavez1976,298,,,,,2670,m a k i,"['m', 'a', 'k', 'i']"
SanPedro-32_hand-1,,SanPedro,32_hand,maki,maki,m a k i,,shimelman2017,298,,,,,2670,m a k i,"['m', 'a', 'k', 'i']"
Santiagueno-32_hand-1,,Santiagueno,32_hand,maki,maki,m a x i,,juanatey2021,298,,,,,2670,m a x i,"['m', 'a', 'x', 'i']"
SantoTomas-32_hand-1,,SantoTomas,32_hand,maqui,maqui,m a k i,,santotomas1951,298,,,,,2670,m a k i,"['m', 'a', 'k', 'i']"
Serena-32_hand-1,,Serena,32_hand,maki,maki,m a k i,,heggarty2005,298,,,,,2670,m a k i,"['m', 'a', 'k', 'i']"
Sullkatiti-32_hand-1,,Sullkatiti,32_hand,ampara,ampara,a m p a r a,,heggarty2005,301,,,,,2672,a m p a r a,"['a', 'm', 'p', 'a', 'r', 'a']"
Taquile-32_hand-1,,Taquile,32_hand,maki,maki,m a k i,,heggarty2005,298,,,,,2670,m a k i,"['m', 'a', 'k', 'i']"
Tarma-32_hand-1,,Tarma,32_hand,magi,magi,m a g i,,adelaar1977,298,,,,,2670,m a g i,"['m', 'a', 'g', 'i']"
Troje-32_hand-1,,Troje,32_hand,maki,maki,m a k i,,heggarty2005,298,,,,,2670,m a k i,"['m', 'a', 'k', 'i']"
Tsimu-32_hand-1,,Tsimu,32_hand,k’á:r̂a,k’á:r̂a,kʼ aː r a,,cerron2016,300,,,,,2671,kʼ aː r a,"['kʼ', 'aː', 'r', 'a']"
Wari-32_hand-1,,Wari,32_hand,maki,maki,m a k i,,parkerchavez1976,298,,,,,2670,m a k i,"['m', 'a', 'k', 'i']"
Yanac-32_hand-1,,Yanac,32_hand,maki,maki,m a k i,,heggarty2005,298,,,,,2670,m a k i,"['m', 'a', 'k', 'i']"
Anonimo-33_elbow-1,,Anonimo,33_elbow,cuchuch,cuchuch,k u tʃ u tʃ,,valera1586,90,,,,,1509,k u tʃ u tʃ,"['k', 'u', 'tʃ', 'u', 'tʃ']"
Apuri-33_elbow-1,,Apuri,33_elbow,kutrush,kutrush,k u ʈ u ʃ,,shimelman2017,90,,,,,1509,k u ʈ u ʃ,"['k', 'u', 'ʈ', 'u', 'ʃ']"
Apurimac-33_elbow-1,,Apurimac,33_elbow,kukuchi,kukuchi,k u k u tʃ u,,camacho2007,493,,,,,382,k u k u tʃ u,"['k', 'u', 'k', 'u', 'tʃ', 'u']"
Arma-33_elbow-1,,Arma,33_elbow,kuchus,kuchus,k u tʃ u s,,galvez2003,90,,,,,1509,k u tʃ u s,"['k', 'u', 'tʃ', 'u', 's']"
Atalla-33_elbow-1,,Atalla,33_elbow,kuču.s,kuču.s,k u tʃ u s,,heggarty2005,90,,,,,1509,k u tʃ u s,"['k', 'u', 'tʃ', 'u', 's']"
Ayacucho-33_elbow-1,,Ayacucho,33_elbow,kuchus,kuchus,k u tʃ u s,,soto1976,90,,,,,1509,k u tʃ u s,"['k', 'u', 'tʃ', 'u', 's']"
Bobonaza-33_elbow-1,,Bobonaza,33_elbow,rigra mucu,rigra mucu,r i g r a + m u k u,,orrwrisley1981,972,,,,,7575 3272,r i g r a + m u k u,"['r', 'i', 'g', 'r', 'a', '+', 'm', 'u', 'k', 'u']"
Cacra-Hongos-33_elbow-1,,Cacra-Hongos,33_elbow,kutrush,kutrush,k u ʈ u ʃ,,shimelman2017,90,,,,,1509,k u ʈ u ʃ,"['k', 'u', 'ʈ', 'u', 'ʃ']"
Chachapoyas-33_elbow-1,,Chachapoyas,33_elbow,kuĉush,kuĉush,k u ʈʂ u ʃ,,taylor2006,90,,,,,1509,k u ʈʂ u ʃ,"['k', 'u', 'ʈʂ', 'u', 'ʃ']"
Chacpar-33_elbow-1,,Chacpar,33_elbow,kuku.š,kuku.š,k u k u ʃ,,heggarty2005,495,,,,,384,k u k u ʃ,"['k', 'u', 'k', 'u', 'ʃ']"
Chetilla-33_elbow-1,,Chetilla,33_elbow,kuku.ĉi,kuku.ĉi,k u k u ʈʂ i,,heggarty2005,494,,,,,383,k u k u ʈʂ i,"['k', 'u', 'k', 'u', 'ʈʂ', 'i']"
Chipaya-33_elbow-1,,Chipaya,33_elbow,khuts(a),khuts,kʰ u ts,,heggarty2005,367,,,,,307,kʰ u ts -,"['kʰ', 'u', 'ts']"
Curva-33_elbow-1,,Curva,33_elbow,muχλi,muχλi,m u χ ʎ i,,heggarty2005,960,,,,,74,m u χ ʎ i,"['m', 'u', 'χ', 'ʎ', 'i']"
Cuzco-33_elbow-1,,Cuzco,33_elbow,kuku.ču,kuku.ču,k u k u tʃ u,,heggarty2005,493,,,,,382,k u k u tʃ u,"['k', 'u', 'k', 'u', 'tʃ', 'u']"
CuzquenoAntiguo-33_elbow-1,,CuzquenoAntiguo,33_elbow,cuchuch,cuchuch,k u tʃ u tʃ,,holguin1608,90,,,,,1509,k u tʃ u tʃ,"['k', 'u', 'tʃ', 'u', 'tʃ']"
Huallaga-33_elbow-1,,Huallaga,33_elbow,kuku.š,kuku.š,k u k u ʃ,,heggarty2005,495,,,,,384,k u k u ʃ,"['k', 'u', 'k', 'u', 'ʃ']"
Huanca-33_elbow-1,,Huanca,33_elbow,kutrush,kutrush,k u ʈʂ u ʂ,,cerron1976,90,,,,,1509,k u ʈʂ u ʂ,"['k', 'u', 'ʈʂ', 'u', 'ʂ']"
Huancane-33_elbow-1,,Huancane,33_elbow,muxλi,muxλi,m u x ʎ i,,heggarty2005,960,,,,,74,m u x ʎ i,"['m', 'u', 'x', 'ʎ', 'i']"
Huangascar-33_elbow-1,,Huangascar,33_elbow,kutrush,kutrush,k u ʈ u ʃ,,shimelman2017,90,,,,,1509,k u ʈ u ʃ,"['k', 'u', 'ʈ', 'u', 'ʃ']"
HuarazHuailas-33_elbow-1,,HuarazHuailas,33_elbow,kukush,kukush,k u k u ʃ,,parkerchavez1976,495,,,,,384,k u k u ʃ,"['k', 'u', 'k', 'u', 'ʃ']"
Imbabura-33_elbow-1,,Imbabura,33_elbow,rigra muku,rigra muku,ɾ i g ɾ a + m u k u,,gomez2009,972,,,,,7575 3272,ɾ i g ɾ a + m u k u,"['ɾ', 'i', 'g', 'ɾ', 'a', '+', 'm', 'u', 'k', 'u']"
Inkawasi-33_elbow-1,,Inkawasi,33_elbow,kuk(u).ĉi,kuk.ĉi,k u k u ʈʂ i,,heggarty2005,494,,,,,383,k u k u ʈʂ i,"['k', 'u', 'k', 'u', 'ʈʂ', 'i']"
Iruhito-33_elbow-1,,Iruhito,33_elbow,kútsʰi,kútsʰi,k u ts i,,cerron2016,367,,,,,307,k u ts i,"['k', 'u', 'ts', 'i']"
Jaqaru-33_elbow-1,,Jaqaru,33_elbow,šinkay.pi,šinkay.pi,ʃ i n k ai + p i,,heggarty2005,92,,,,,1514 1515,ʃ i n k ai + p i,"['ʃ', 'i', 'n', 'k', 'ai', '+', 'p', 'i']"
Kawki-33_elbow-1,,Kawki,33_elbow,šunkay.pi,šunkay.pi,ʃ u n k ai + p i,,heggarty2005,92,,,,,1514 1515,ʃ u n k ai + p i,"['ʃ', 'u', 'n', 'k', 'ai', '+', 'p', 'i']"
Lamas-33_elbow-1,,Lamas,33_elbow,kuĉush,kuĉush,k u ʈʂ u ʃ,,taylor2006,90,,,,,1509,k u ʈʂ u ʃ,"['k', 'u', 'ʈʂ', 'u', 'ʃ']"
Laraos-33_elbow-1,,Laraos,33_elbow,kuĉu.š,kuĉu.š,k u ʈʂ u ʃ,,heggarty2005,90,,,,,1509,k u ʈʂ u ʃ,"['k', 'u', 'ʈʂ', 'u', 'ʃ']"
Lincha-Tana-33_elbow-1,,Lincha-Tana,33_elbow,kutrush,kutrush,k u ʈ u ʃ,,shimelman2017,90,,,,,1509,k u ʈ u ʃ,"['k', 'u', 'ʈ', 'u', 'ʃ']"
Maragua-33_elbow-1,,Maragua,33_elbow,maki muqu,maki muqu,m a k i + m u q u,,heggarty2005,299,,,,,2670 3272,m a k i + m u q u,"['m', 'a', 'k', 'i', '+', 'm', 'u', 'q', 'u']"
Napo-33_elbow-1,,Napo,33_elbow,rigra,rigra,r i g r a,,orrwrisley1981,972,,,,,7575,r i g r a,"['r', 'i', 'g', 'r', 'a']"
Pacaraos-33_elbow-1,,Pacaraos,33_elbow,kutrush,kutrush,k u ʈʂ u ʃ,,adelaar1982,90,,,,,1509,k u ʈʂ u ʃ,"['k', 'u', 'ʈʂ', 'u', 'ʃ']"
Pastaza-33_elbow-1,,Pastaza,33_elbow,muicu,muicu,m ui k u,,landerman1973,400,,,,,3272,m ui k u,"['m', 'ui', 'k', 'u']"
Pocona-33_elbow-1,,Pocona,33_elbow,maki muγu,maki muγu,m a k i + m u ʁ u,,heggarty2005,299,,,,,2670 3272,m a k i + m u ʁ u,"['m', 'a', 'k', 'i', '+', 'm', 'u', 'ʁ', 'u']"
Puki-33_elbow-1,,Puki,33_elbow,muχλi,muχλi,m u χ ʎ i,,heggarty2005,960,,,,,74,m u χ ʎ i,"['m', 'u', 'χ', 'ʎ', 'i']"
Puno-33_elbow-1,,Puno,33_elbow,muqu,muqu,m u q u,,heggarty2005,400,,,,,3272,m u q u,"['m', 'u', 'q', 'u']"
Putumayo-33_elbow-1,,Putumayo,33_elbow,ñudu,ñudu,ɲ u d u,,tandioy1978,953,,,,esp,73,ɲ u d - - u - -,"['ɲ', 'u', 'd', 'u']"
SanPedro-33_elbow-1,,SanPedro,33_elbow,kutrush,kutrush,k u ʈ u ʃ,,shimelman2017,90,,,,,1509,k u ʈ u ʃ,"['k', 'u', 'ʈ', 'u', 'ʃ']"
Santiagueno-33_elbow-1,,Santiagueno,33_elbow,moqo,moqo,m o χ o,,juanatey2021,400,,,,,3272,m o χ o,"['m', 'o', 'χ', 'o']"
SantoTomas-33_elbow-1,,SantoTomas,33_elbow,cuchuhx,cuchuhx,k u tʃ u χ,,santotomas1951,90,,,,,1509,k u tʃ u χ,"['k', 'u', 'tʃ', 'u', 'χ']"
Serena-33_elbow-1,,Serena,33_elbow,maki muku,maki muku,m a k i + m u k u,,heggarty2005,299,,,,,2670 3272,m a k i + m u k u,"['m', 'a', 'k', 'i', '+', 'm', 'u', 'k', 'u']"
Sullkatiti-33_elbow-1,,Sullkatiti,33_elbow,muxλi,muxλi,m u x ʎ i,,heggarty2005,960,,,,,74,m u x ʎ i,"['m', 'u', 'x', 'ʎ', 'i']"
Taquile-33_elbow-1,,Taquile,33_elbow,muqi.ti,muqi.ti,m u q i + t i,,heggarty2005,400,,,,,3272 0,m u q i + t i,"['m', 'u', 'q', 'i', '+', 't', 'i']"
Tarma-33_elbow-1,,Tarma,33_elbow,kuĉuš,kuĉuš,k u ʈʂ u ʂ,,adelaar1977,90,,,,,1509,k u ʈʂ u ʂ,"['k', 'u', 'ʈʂ', 'u', 'ʂ']"
Troje-33_elbow-1,,Troje,33_elbow,uyun,uyun,u j u n,,heggarty2005,93,,,,,1519,u j u n,"['u', 'j', 'u', 'n']"
Tsimu-33_elbow-1,,Tsimu,33_elbow,kútsʰi,kútsʰi,k u ts i,,cerron2016,367,,,,,307,k u ts i,"['k', 'u', 'ts', 'i']"
Wari-33_elbow-1,,Wari,33_elbow,kukush,kukush,k u k u ʃ,,parkerchavez1976,495,,,,,384,k u k u ʃ,"['k', 'u', 'k', 'u', 'ʃ']"
Yanac-33_elbow-1,,Yanac,33_elbow,kuku.ĉi,kuku.ĉi,k u k u ʈʂ i,,heggarty2005,494,,,,,383,k u k u ʈʂ i,"['k', 'u', 'k', 'u', 'ʈʂ', 'i']"
Anonimo-34_neck-1,,Anonimo,34_neck,cunca,cunca,k u n k a,,valera1586,590,,,,,4367,k u n k a,"['k', 'u', 'n', 'k', 'a']"
Apuri-34_neck-1,,Apuri,34_neck,kunka,kunka,k u n k a,,shimelman2017,590,,,,,4367,k u n k a,"['k', 'u', 'n', 'k', 'a']"
Apurimac-34_neck-1,,Apurimac,34_neck,kunka,kunka,k u n k a,,camacho2007,590,,,,,4367,k u n k a,"['k', 'u', 'n', 'k', 'a']"
Arma-34_neck-1,,Arma,34_neck,kunka,kunka,k u n k a,,galvez2003,590,,,,,4367,k u n k a,"['k', 'u', 'n', 'k', 'a']"
Atalla-34_neck-1,,Atalla,34_neck,kunka,kunka,k u n k a,,heggarty2005,590,,,,,4367,k u n k a,"['k', 'u', 'n', 'k', 'a']"
Ayacucho-34_neck-1,,Ayacucho,34_neck,kunka,kunka,k u n k a,,soto1976,590,,,,,4367,k u n k a,"['k', 'u', 'n', 'k', 'a']"
Bobonaza-34_neck-1,,Bobonaza,34_neck,cunga,cunga,k u n g a,,orrwrisley1981,590,,,,,4367,k u n g a,"['k', 'u', 'n', 'g', 'a']"
Cacra-Hongos-34_neck-1,,Cacra-Hongos,34_neck,kunka,kunka,k u n k a,,shimelman2017,590,,,,,4367,k u n k a,"['k', 'u', 'n', 'k', 'a']"
Chachapoyas-34_neck-1,,Chachapoyas,34_neck,kunka,kunka,k u n g a,,taylor2006,590,,,,,4367,k u n g a,"['k', 'u', 'n', 'g', 'a']"
Chacpar-34_neck-1,,Chacpar,34_neck,kunka,kunka,k u n k a,,heggarty2005,590,,,,,4367,k u n k a,"['k', 'u', 'n', 'k', 'a']"
Chetilla-34_neck-1,,Chetilla,34_neck,kunga,kunga,k u n g a,,heggarty2005,590,,,,,4367,k u n g a,"['k', 'u', 'n', 'g', 'a']"
Chipaya-34_neck-1,,Chipaya,34_neck,"qwazi, qazi",qwazi,q w a z i,,heggarty2005,591,,,,,4368,q w a z i,"['q', 'w', 'a', 'z', 'i']"
Chipaya-34_neck-2,,Chipaya,34_neck,"qwazi, qazi",qazi,q a z i,,heggarty2005,591,,,,,4368,q - a z i,"['q', 'a', 'z', 'i']"
Curva-34_neck-1,,Curva,34_neck,kunka,kunka,k u n k a,,heggarty2005,590,,,,,4367,k u n k a,"['k', 'u', 'n', 'k', 'a']"
Cuzco-34_neck-1,,Cuzco,34_neck,kunka,kunka,k u n k a,,heggarty2005,590,,,,,4367,k u n k a,"['k', 'u', 'n', 'k', 'a']"
CuzquenoAntiguo-34_neck-1,,CuzquenoAntiguo,34_neck,cunca,cunca,k u n k a,,holguin1608,590,,,,,4367,k u n k a,"['k', 'u', 'n', 'k', 'a']"
Huallaga-34_neck-1,,Huallaga,34_neck,kunka,kunka,k u n k a,,heggarty2005,590,,,,,4367,k u n k a,"['k', 'u', 'n', 'k', 'a']"
Huanca-34_neck-1,,Huanca,34_neck,kunka,kunka,k u n k a,,cerron2018,590,,,,,4367,k u n k a,"['k', 'u', 'n', 'k', 'a']"
Huancane-34_neck-1,,Huancane,34_neck,kunka,kunka,k u n k a,,heggarty2005,368,,,,,308,k u n k a,"['k', 'u', 'n', 'k', 'a']"
Huangascar-34_neck-1,,Huangascar,34_neck,kunka,kunka,k u n k a,,shimelman2017,590,,,,,4367,k u n k a,"['k', 'u', 'n', 'k', 'a']"
HuarazHuailas-34_neck-1,,HuarazHuailas,34_neck,kunka,kunka,k u ɲ k a,,parkerchavez1976,590,,,,,4367,k u ɲ k a,"['k', 'u', 'ɲ', 'k', 'a']"
Imbabura-34_neck-1,,Imbabura,34_neck,kunga,kunga,k u n g a,,gomez2009,590,,,,,4367,k u n g a,"['k', 'u', 'n', 'g', 'a']"
Inkawasi-34_neck-1,,Inkawasi,34_neck,kunga,kunga,k u n g a,,heggarty2005,590,,,,,4367,k u n g a,"['k', 'u', 'n', 'g', 'a']"
Jaqaru-34_neck-1,,Jaqaru,34_neck,kunka,kunka,k u n k a,,heggarty2005,368,,,,,308,k u n k a,"['k', 'u', 'n', 'k', 'a']"
Kawki-34_neck-1,,Kawki,34_neck,kunka,kunka,k u n k a,,heggarty2005,368,,,,,308,k u n k a,"['k', 'u', 'n', 'k', 'a']"
Lamas-34_neck-1,,Lamas,34_neck,kunka,kunka,k u n g a,,taylor2006,590,,,,,4367,k u n g a,"['k', 'u', 'n', 'g', 'a']"
Laraos-34_neck-1,,Laraos,34_neck,kunka,kunka,k u n k a,,heggarty2005,590,,,,,4367,k u n k a,"['k', 'u', 'n', 'k', 'a']"
Lincha-Tana-34_neck-1,,Lincha-Tana,34_neck,kunka,kunka,k u n k a,,shimelman2017,590,,,,,4367,k u n k a,"['k', 'u', 'n', 'k', 'a']"
Maragua-34_neck-1,,Maragua,34_neck,kunka,kunka,k u n k a,,heggarty2005,590,,,,,4367,k u n k a,"['k', 'u', 'n', 'k', 'a']"
Napo-34_neck-1,,Napo,34_neck,cunga,cunga,k u n g a,,orrwrisley1981,590,,,,,4367,k u n g a,"['k', 'u', 'n', 'g', 'a']"
Pacaraos-34_neck-1,,Pacaraos,34_neck,kunka,kunka,k u ŋ k a,,adelaar1982,590,,,,,4367,k u ŋ k a,"['k', 'u', 'ŋ', 'k', 'a']"
Pastaza-34_neck-1,,Pastaza,34_neck,cunga,cunga,k u n g a,,landerman1973,590,,,,,4367,k u n g a,"['k', 'u', 'n', 'g', 'a']"
Pocona-34_neck-1,,Pocona,34_neck,kunka,kunka,k u n k a,,heggarty2005,590,,,,,4367,k u n k a,"['k', 'u', 'n', 'k', 'a']"
Puki-34_neck-1,,Puki,34_neck,kunka,kunka,k u n k a,,heggarty2005,368,,,,,308,k u n k a,"['k', 'u', 'n', 'k', 'a']"
Puno-34_neck-1,,Puno,34_neck,kunka,kunka,k u n k a,,heggarty2005,590,,,,,4367,k u n k a,"['k', 'u', 'n', 'k', 'a']"
Putumayo-34_neck-1,,Putumayo,34_neck,cunga,cunga,k u n g a,,tandioy1978,590,,,,,4367,k u n g a,"['k', 'u', 'n', 'g', 'a']"
Raimondi-34_neck-1,,Raimondi,34_neck,kunka,kunka,k u ɲ k a,,parkerchavez1976,590,,,,,4367,k u ɲ k a,"['k', 'u', 'ɲ', 'k', 'a']"
SanPedro-34_neck-1,,SanPedro,34_neck,kunka,kunka,k u n k a,,shimelman2017,590,,,,,4367,k u n k a,"['k', 'u', 'n', 'k', 'a']"
Santiagueno-34_neck-1,,Santiagueno,34_neck,kunka,kunka,k u ŋ k a,,juanatey2021,590,,,,,4367,k u ŋ k a,"['k', 'u', 'ŋ', 'k', 'a']"
SantoTomas-34_neck-1,,SantoTomas,34_neck,conga,conga,k o n q a,,santotomas1951,590,,,,,4367,k o n q a,"['k', 'o', 'n', 'q', 'a']"
Serena-34_neck-1,,Serena,34_neck,kunga,kunga,k u n g a,,heggarty2005,590,,,,,4367,k u n g a,"['k', 'u', 'n', 'g', 'a']"
Sullkatiti-34_neck-1,,Sullkatiti,34_neck,kunka,kunka,k u n k a,,heggarty2005,368,,,,,308,k u n k a,"['k', 'u', 'n', 'k', 'a']"
Taquile-34_neck-1,,Taquile,34_neck,kunka,kunka,k u n k a,,heggarty2005,590,,,,,4367,k u n k a,"['k', 'u', 'n', 'k', 'a']"
Tarma-34_neck-1,,Tarma,34_neck,kun̊ka,kun̊ka,k u ŋ k a,,adelaar1977,590,,,,,4367,k u ŋ k a,"['k', 'u', 'ŋ', 'k', 'a']"
Troje-34_neck-1,,Troje,34_neck,kunga,kunga,k u n g a,,heggarty2005,590,,,,,4367,k u n g a,"['k', 'u', 'n', 'g', 'a']"
Wari-34_neck-1,,Wari,34_neck,kunka,kunka,k u ɲ k a,,parkerchavez1976,590,,,,,4367,k u ɲ k a,"['k', 'u', 'ɲ', 'k', 'a']"
Yanac-34_neck-1,,Yanac,34_neck,kunka,kunka,k u n k a,,heggarty2005,590,,,,,4367,k u n k a,"['k', 'u', 'n', 'k', 'a']"
Anonimo-35_back-1,,Anonimo,35_back,huaʃʃa,huaʃʃa,w a ʃ a,,valera1586,717,,,,,51,w a ʃ a,"['w', 'a', 'ʃ', 'a']"
Apuri-35_back-1,,Apuri,35_back,washa,washa,w a ʃ a,,shimelman2017,717,,,,,51,w a ʃ a,"['w', 'a', 'ʃ', 'a']"
Apurimac-35_back-1,,Apurimac,35_back,wasa,wasa,w a s a,,camacho2007,717,,,,,51,w a s a,"['w', 'a', 's', 'a']"
Atalla-35_back-1,,Atalla,35_back,wasa,wasa,w a s a,,heggarty2005,717,,,,,51,w a s a,"['w', 'a', 's', 'a']"
Ayacucho-35_back-1,,Ayacucho,35_back,wasa,wasa,w a s a,,soto1976,717,,,,,51,w a s a,"['w', 'a', 's', 'a']"
Bobonaza-35_back-1,,Bobonaza,35_back,huasha,huasha,w a ʃ a,,orrwrisley1981,717,,,,,51,w a ʃ a,"['w', 'a', 'ʃ', 'a']"
Cacra-Hongos-35_back-1,,Cacra-Hongos,35_back,washa,washa,w a ʃ a,,shimelman2017,717,,,,,51,w a ʃ a,"['w', 'a', 'ʃ', 'a']"
Chachapoyas-35_back-1,,Chachapoyas,35_back,washa,washa,w a ʃ a,,taylor2006,717,,,,,51,w a ʃ a,"['w', 'a', 'ʃ', 'a']"
Chacpar-35_back-1,,Chacpar,35_back,waxta,waxta,w a x t a,,heggarty2005,950,,,,,72,w a x t a,"['w', 'a', 'x', 't', 'a']"
Chetilla-35_back-1,,Chetilla,35_back,waxta,waxta,w a x t a,,heggarty2005,950,,,,,72,w a x t a,"['w', 'a', 'x', 't', 'a']"
Chipaya-35_back-1,,Chipaya,35_back,taj(a),taj,t a j,,heggarty2005,739,,,,,52,t a j,"['t', 'a', 'j']"
Curva-35_back-1,,Curva,35_back,wasa,wasa,w a s a,,heggarty2005,717,,,,,51,w a s a,"['w', 'a', 's', 'a']"
Cuzco-35_back-1,,Cuzco,35_back,wasa,wasa,w a s a,,heggarty2005,717,,,,,51,w a s a,"['w', 'a', 's', 'a']"
CuzquenoAntiguo-35_back-1,,CuzquenoAntiguo,35_back,huassa,huassa,w a s a,,holguin1608,717,,,,,51,w a s a,"['w', 'a', 's', 'a']"
Huallaga-35_back-1,,Huallaga,35_back,waχta,waχta,w a χ t a,,heggarty2005,950,,,,,72,w a χ t a,"['w', 'a', 'χ', 't', 'a']"
Huanca-35_back-1,,Huanca,35_back,waŝa,waŝa,w a ʂ a,,cerron1976,717,,,,,51,w a ʂ a,"['w', 'a', 'ʂ', 'a']"
Huancane-35_back-1,,Huancane,35_back,hikhani,hikhani,h i kʰ a n i,,heggarty2005,699,,,,,50,h i kʰ a n i,"['h', 'i', 'kʰ', 'a', 'n', 'i']"
Huangascar-35_back-1,,Huangascar,35_back,washa,washa,w a ʃ a,,shimelman2017,717,,,,,51,w a ʃ a,"['w', 'a', 'ʃ', 'a']"
HuarazHuailas-35_back-1,,HuarazHuailas,35_back,waqta,waqta,w a q t a,,parkerchavez1976,950,,,,,72,w a q t a,"['w', 'a', 'q', 't', 'a']"
Imbabura-35_back-1,,Imbabura,35_back,washa,washa,w a ʃ a,,gomez2009,717,,,,,51,w a ʃ a,"['w', 'a', 'ʃ', 'a']"
Inkawasi-35_back-1,,Inkawasi,35_back,waχta,waχta,w a χ t a,,heggarty2005,950,,,,,72,w a χ t a,"['w', 'a', 'χ', 't', 'a']"
Iruhito-35_back-1,,Iruhito,35_back,tó:ta,tó:ta,t oː t a,,cerron2016,757,,,,,53,t oː t a,"['t', 'oː', 't', 'a']"
Jaqaru-35_back-1,,Jaqaru,35_back,sa:ma,sa:ma,s aː m a,,heggarty2005,772,,,,,54,s aː m a,"['s', 'aː', 'm', 'a']"
Kawki-35_back-1,,Kawki,35_back,sama,sama,s a m a,,heggarty2005,772,,,,,54,s a m a,"['s', 'a', 'm', 'a']"
Lamas-35_back-1,,Lamas,35_back,washa,washa,w a ʃ a,,taylor2006,717,,,,,51,w a ʃ a,"['w', 'a', 'ʃ', 'a']"
Laraos-35_back-1,,Laraos,35_back,waša,waša,w a ʃ a,,heggarty2005,717,,,,,51,w a ʃ a,"['w', 'a', 'ʃ', 'a']"
Lincha-Tana-35_back-1,,Lincha-Tana,35_back,washa,washa,w a ʃ a,,shimelman2017,717,,,,,51,w a ʃ a,"['w', 'a', 'ʃ', 'a']"
Maragua-35_back-1,,Maragua,35_back,wasa,wasa,w a s a,,heggarty2005,717,,,,,51,w a s a,"['w', 'a', 's', 'a']"
Napo-35_back-1,,Napo,35_back,huasha,huasha,w a ʃ a,,orrwrisley1981,717,,,,,51,w a ʃ a,"['w', 'a', 'ʃ', 'a']"
Pacaraos-35_back-1,,Pacaraos,35_back,washa,washa,w a ʃ a,,adelaar1982,717,,,,,51,w a ʃ a,"['w', 'a', 'ʃ', 'a']"
Pastaza-35_back-1,,Pastaza,35_back,washa,washa,w a ʃ a,,landerman1973,717,,,,,51,w a ʃ a,"['w', 'a', 'ʃ', 'a']"
Pocona-35_back-1,,Pocona,35_back,wasa,wasa,w a s a,,heggarty2005,717,,,,,51,w a s a,"['w', 'a', 's', 'a']"
Puki-35_back-1,,Puki,35_back,hikhana,hikhana,h i kʰ a n a,,heggarty2005,699,,,,,50,h i kʰ a n a,"['h', 'i', 'kʰ', 'a', 'n', 'a']"
Puno-35_back-1,,Puno,35_back,wasa,wasa,w a s a,,heggarty2005,717,,,,,51,w a s a,"['w', 'a', 's', 'a']"
Putumayo-35_back-1,,Putumayo,35_back,huasa,huasa,w a s a,,tandioy1978,717,,,,,51,w a s a,"['w', 'a', 's', 'a']"
Raimondi-35_back-1,,Raimondi,35_back,waqta,waqta,w a q t a,,parkerchavez1976,950,,,,,72,w a q t a,"['w', 'a', 'q', 't', 'a']"
SanPedro-35_back-1,,SanPedro,35_back,washa,washa,w a ʃ a,,shimelman2017,717,,,,,51,w a ʃ a,"['w', 'a', 'ʃ', 'a']"
Santiagueno-35_back-1,,Santiagueno,35_back,wasa,wasa,w a s a,,juanatey2021,717,,,,,51,w a s a,"['w', 'a', 's', 'a']"
SantoTomas-35_back-1,,SantoTomas,35_back,guacta,guacta,w a k t a,,santotomas1951,950,,,,,72,w a k t a,"['w', 'a', 'k', 't', 'a']"
Serena-35_back-1,,Serena,35_back,waša,waša,w a ʃ a,,heggarty2005,717,,,,,51,w a ʃ a,"['w', 'a', 'ʃ', 'a']"
Sullkatiti-35_back-1,,Sullkatiti,35_back,hikhani,hikhani,h i kʰ a n i,,heggarty2005,699,,,,,50,h i kʰ a n i,"['h', 'i', 'kʰ', 'a', 'n', 'i']"
Taquile-35_back-1,,Taquile,35_back,wasa,wasa,w a s a,,heggarty2005,717,,,,,51,w a s a,"['w', 'a', 's', 'a']"
Tarma-35_back-1,,Tarma,35_back,waša,waša,w a ʃ a,,adelaar1977,717,,,,,51,w a ʃ a,"['w', 'a', 'ʃ', 'a']"
Troje-35_back-1,,Troje,35_back,waša,waša,w a ʃ a,,heggarty2005,717,,,,,51,w a ʃ a,"['w', 'a', 'ʃ', 'a']"
Tsimu-35_back-1,,Tsimu,35_back,thó:thá,thó:thá,tʰ oː tʰ a,,cerron2016,757,,,,,53,tʰ oː tʰ a,"['tʰ', 'oː', 'tʰ', 'a']"
Wari-35_back-1,,Wari,35_back,waqta,waqta,w a q t a,,parkerchavez1976,950,,,,,72,w a q t a,"['w', 'a', 'q', 't', 'a']"
Yanac-35_back-1,,Yanac,35_back,"waqta, waχta",waqta,w a q t a,,heggarty2005,950,,,,,72,w a q t a,"['w', 'a', 'q', 't', 'a']"
Yanac-35_back-2,,Yanac,35_back,"waqta, waχta",waχta,w a χ t a,,heggarty2005,950,,,,,72,w a χ t a,"['w', 'a', 'χ', 't', 'a']"
Anonimo-36_foot-1,,Anonimo,36_foot,chaqui,chaqui,tʃ a k i,,valera1586,928,,,,,70,tʃ a k i,"['tʃ', 'a', 'k', 'i']"
Apuri-36_foot-1,,Apuri,36_foot,traki,traki,ʈ a k i,,shimelman2017,928,,,,,70,ʈ a k i,"['ʈ', 'a', 'k', 'i']"
Apurimac-36_foot-1,,Apurimac,36_foot,chaki,chaki,tʃ a k i,,camacho2007,928,,,,,70,tʃ a k i,"['tʃ', 'a', 'k', 'i']"
Arma-36_foot-1,,Arma,36_foot,chaki,chaki,tʃ a k i,,galvez2003,928,,,,,70,tʃ a k i,"['tʃ', 'a', 'k', 'i']"
Atalla-36_foot-1,,Atalla,36_foot,čaki,čaki,tʃ a k i,,heggarty2005,928,,,,,70,tʃ a k i,"['tʃ', 'a', 'k', 'i']"
Ayacucho-36_foot-1,,Ayacucho,36_foot,chaki,chaki,tʃ a k i,,soto1976,928,,,,,70,tʃ a k i,"['tʃ', 'a', 'k', 'i']"
Bobonaza-36_foot-1,,Bobonaza,36_foot,chaqui,chaqui,tʃ a k i,,orrwrisley1981,928,,,,,70,tʃ a k i,"['tʃ', 'a', 'k', 'i']"
Cacra-Hongos-36_foot-1,,Cacra-Hongos,36_foot,traki,traki,ʈ a k i,,shimelman2017,928,,,,,70,ʈ a k i,"['ʈ', 'a', 'k', 'i']"
Chachapoyas-36_foot-1,,Chachapoyas,36_foot,ĉaki,ĉaki,ʈʂ a k i,,taylor2006,928,,,,,70,ʈʂ a k i,"['ʈʂ', 'a', 'k', 'i']"
Chacpar-36_foot-1,,Chacpar,36_foot,čaki,čaki,tʃ a k i,,heggarty2005,928,,,,,70,tʃ a k i,"['tʃ', 'a', 'k', 'i']"
Chetilla-36_foot-1,,Chetilla,36_foot,ĉaki,ĉaki,ʈʂ a k i,,heggarty2005,928,,,,,70,ʈʂ a k i,"['ʈʂ', 'a', 'k', 'i']"
Chipaya-36_foot-1,,Chipaya,36_foot,qhocha,qhocha,qʰ o tʃ a,,heggarty2005,595,,,,,44,qʰ o tʃ - a,"['qʰ', 'o', 'tʃ', 'a']"
Curva-36_foot-1,,Curva,36_foot,čaki,čaki,tʃ a k i,,heggarty2005,928,,,,,70,tʃ a k i,"['tʃ', 'a', 'k', 'i']"
Cuzco-36_foot-1,,Cuzco,36_foot,čaki,čaki,tʃ a k i,,heggarty2005,928,,,,,70,tʃ a k i,"['tʃ', 'a', 'k', 'i']"
CuzquenoAntiguo-36_foot-1,,CuzquenoAntiguo,36_foot,chaqui,chaqui,tʃ a χ i,,holguin1608,928,,,,,70,tʃ a χ i,"['tʃ', 'a', 'χ', 'i']"
Huallaga-36_foot-1,,Huallaga,36_foot,čaki,čaki,tʃ a k i,,heggarty2005,928,,,,,70,tʃ a k i,"['tʃ', 'a', 'k', 'i']"
Huanca-36_foot-1,,Huanca,36_foot,traki,traki,ʈʂ a k i,,cerron2018,928,,,,,70,ʈʂ a k i,"['ʈʂ', 'a', 'k', 'i']"
Huancane-36_foot-1,,Huancane,36_foot,"kayu, kayu pampa",kayu,k a j u,,heggarty2005,199,,,,,2106,k a j u,"['k', 'a', 'j', 'u']"
Huancane-36_foot-2,,Huancane,36_foot,"kayu, kayu pampa",kayu pampa,k a j u + p a m p a,,heggarty2005,200,,,,,2106 2108,k a j u + p a m p a,"['k', 'a', 'j', 'u', '+', 'p', 'a', 'm', 'p', 'a']"
Huangascar-36_foot-1,,Huangascar,36_foot,traki,traki,ʈ a k i,,shimelman2017,928,,,,,70,ʈ a k i,"['ʈ', 'a', 'k', 'i']"
HuarazHuailas-36_foot-1,,HuarazHuailas,36_foot,chaki,chaki,tʃ a k i,,parkerchavez1976,928,,,,,70,tʃ a k i,"['tʃ', 'a', 'k', 'i']"
Imbabura-36_foot-1,,Imbabura,36_foot,chaki,chaki,tʃ a k i,,gomez2009,928,,,,,70,tʃ a k i,"['tʃ', 'a', 'k', 'i']"
Inkawasi-36_foot-1,,Inkawasi,36_foot,ĉaki,ĉaki,ʈʂ a k i,,heggarty2005,928,,,,,70,ʈʂ a k i,"['ʈʂ', 'a', 'k', 'i']"
Iruhito-36_foot-1,,Iruhito,36_foot,"kó:tsu:, qhḁ́tša",kó:tsu:,k oː t s uː,,cerron2016,595,,,,,44,k oː t s uː,"['k', 'oː', 't', 's', 'uː']"
Iruhito-36_foot-2,,Iruhito,36_foot,"kó:tsu:, qhḁ́tša",qhḁ́tša,qʰ a tʃ a,,cerron2016,595,,,,,44,qʰ a tʃ - a,"['qʰ', 'a', 'tʃ', 'a']"
Jaqaru-36_foot-1,,Jaqaru,36_foot,kayu,kayu,k a j u,,heggarty2005,199,,,,,2106,k a j u,"['k', 'a', 'j', 'u']"
Kawki-36_foot-1,,Kawki,36_foot,kayu,kayu,k a j u,,heggarty2005,199,,,,,2106,k a j u,"['k', 'a', 'j', 'u']"
Lamas-36_foot-1,,Lamas,36_foot,chaki,chaki,tʃ a k i,,taylor2006,928,,,,,70,tʃ a k i,"['tʃ', 'a', 'k', 'i']"
Laraos-36_foot-1,,Laraos,36_foot,ĉaki,ĉaki,ʈʂ a k i,,heggarty2005,928,,,,,70,ʈʂ a k i,"['ʈʂ', 'a', 'k', 'i']"
Lincha-Tana-36_foot-1,,Lincha-Tana,36_foot,traki,traki,ʈ a k i,,shimelman2017,928,,,,,70,ʈ a k i,"['ʈ', 'a', 'k', 'i']"
Maragua-36_foot-1,,Maragua,36_foot,čaki,čaki,tʃ a k i,,heggarty2005,928,,,,,70,tʃ a k i,"['tʃ', 'a', 'k', 'i']"
Napo-36_foot-1,,Napo,36_foot,chaqui,chaqui,tʃ a k i,,orrwrisley1981,928,,,,,70,tʃ a k i,"['tʃ', 'a', 'k', 'i']"
Pacaraos-36_foot-1,,Pacaraos,36_foot,traki,traki,ʈʂ a k i,,adelaar1982,928,,,,,70,ʈʂ a k i,"['ʈʂ', 'a', 'k', 'i']"
Pastaza-36_foot-1,,Pastaza,36_foot,chaqui,chaqui,tʃ a k i,,landerman1973,928,,,,,70,tʃ a k i,"['tʃ', 'a', 'k', 'i']"
Pocona-36_foot-1,,Pocona,36_foot,čaki,čaki,tʃ a k i,,heggarty2005,928,,,,,70,tʃ a k i,"['tʃ', 'a', 'k', 'i']"
Puki-36_foot-1,,Puki,36_foot,kayu,kayu,k a j u,,heggarty2005,199,,,,,2106,k a j u,"['k', 'a', 'j', 'u']"
Puno-36_foot-1,,Puno,36_foot,čaki,čaki,tʃ a k i,,heggarty2005,928,,,,,70,tʃ a k i,"['tʃ', 'a', 'k', 'i']"
Putumayo-36_foot-1,,Putumayo,36_foot,chaqui,chaqui,tʃ a x i,,tandioy1978,928,,,,,70,tʃ a x i,"['tʃ', 'a', 'x', 'i']"
Raimondi-36_foot-1,,Raimondi,36_foot,chaki,chaki,tʃ a k i,,parkerchavez1976,928,,,,,70,tʃ a k i,"['tʃ', 'a', 'k', 'i']"
SanPedro-36_foot-1,,SanPedro,36_foot,traki,traki,ʈ a k i,,shimelman2017,928,,,,,70,ʈ a k i,"['ʈ', 'a', 'k', 'i']"
Santiagueno-36_foot-1,,Santiagueno,36_foot,chaki,chaki,tʃ a x i,,juanatey2021,928,,,,,70,tʃ a x i,"['tʃ', 'a', 'x', 'i']"
SantoTomas-36_foot-1,,SantoTomas,36_foot,chacqui,chacqui,tʃ a k i,,santotomas1951,928,,,,,70,tʃ a k i,"['tʃ', 'a', 'k', 'i']"
Serena-36_foot-1,,Serena,36_foot,čaki,čaki,tʃ a k i,,heggarty2005,928,,,,,70,tʃ a k i,"['tʃ', 'a', 'k', 'i']"
Sullkatiti-36_foot-1,,Sullkatiti,36_foot,kayu,kayu,k a j u,,heggarty2005,199,,,,,2106,k a j u,"['k', 'a', 'j', 'u']"
Taquile-36_foot-1,,Taquile,36_foot,čaki,čaki,tʃ a k i,,heggarty2005,928,,,,,70,tʃ a k i,"['tʃ', 'a', 'k', 'i']"
Tarma-36_foot-1,,Tarma,36_foot,ĉagi,ĉagi,ʈʂ a g i,,adelaar1977,928,,,,,70,ʈʂ a g i,"['ʈʂ', 'a', 'g', 'i']"
Troje-36_foot-1,,Troje,36_foot,čaki,čaki,tʃ a k i,,heggarty2005,928,,,,,70,tʃ a k i,"['tʃ', 'a', 'k', 'i']"
Tsimu-36_foot-1,,Tsimu,36_foot,"kó:tyu, kó:tχu",kó:tyu,k oː tʲ u,,cerron2016,595,,,,,44,k oː tʲ - u,"['k', 'oː', 'tʲ', 'u']"
Tsimu-36_foot-2,,Tsimu,36_foot,"kó:tyu, kó:tχu",kó:tχu,k oː t χ u,,cerron2016,595,,,,,44,k oː t χ u,"['k', 'oː', 't', 'χ', 'u']"
Wari-36_foot-1,,Wari,36_foot,chaki,chaki,tʃ a k i,,parkerchavez1976,928,,,,,70,tʃ a k i,"['tʃ', 'a', 'k', 'i']"
Yanac-36_foot-1,,Yanac,36_foot,ĉaki,ĉaki,ʈʂ a k i,,heggarty2005,928,,,,,70,ʈʂ a k i,"['ʈʂ', 'a', 'k', 'i']"
Anonimo-37_leg-1,,Anonimo,37_leg,chanca,chanca,tʃ a n k a,pierna de animal,valera1586,442,,,,,3533,tʃ a n k a,"['tʃ', 'a', 'n', 'k', 'a']"
Apuri-37_leg-1,,Apuri,37_leg,traki,traki,ʈ a k i,,shimelman2017,928,,,,,70,ʈ a k i,"['ʈ', 'a', 'k', 'i']"
Apurimac-37_leg-1,,Apurimac,37_leg,chanka,chanka,tʃ a n k a,,camacho2007,442,,,,,3533,tʃ a n k a,"['tʃ', 'a', 'n', 'k', 'a']"
Arma-37_leg-1,,Arma,37_leg,chanka,chanka,tʃ a n k a,,galvez2003,442,,,,,3533,tʃ a n k a,"['tʃ', 'a', 'n', 'k', 'a']"
Atalla-37_leg-1,,Atalla,37_leg,perna,perna,p e r n a,,heggarty2005,443,,,,esp,3534,p e r n a,"['p', 'e', 'r', 'n', 'a']"
Ayacucho-37_leg-1,,Ayacucho,37_leg,chanka,chanka,tʃ a n k a,,soto1976,442,,,,,3533,tʃ a n k a,"['tʃ', 'a', 'n', 'k', 'a']"
Bobonaza-37_leg-1,,Bobonaza,37_leg,changa,changa,tʃ a n g a,,orrwrisley1981,442,,,,,3533,tʃ a n g a,"['tʃ', 'a', 'n', 'g', 'a']"
Cacra-Hongos-37_leg-1,,Cacra-Hongos,37_leg,traki,traki,ʈ a k i,,shimelman2017,928,,,,,70,ʈ a k i,"['ʈ', 'a', 'k', 'i']"
Chachapoyas-37_leg-1,,Chachapoyas,37_leg,ĉanka,ĉanka,ʈʂ a n g a,,taylor2006,442,,,,,3533,ʈʂ a n g a,"['ʈʂ', 'a', 'n', 'g', 'a']"
Chacpar-37_leg-1,,Chacpar,37_leg,čanka,čanka,tʃ a n k a,,heggarty2005,442,,,,,3533,tʃ a n k a,"['tʃ', 'a', 'n', 'k', 'a']"
Chetilla-37_leg-1,,Chetilla,37_leg,ĉanga,ĉanga,ʈʂ a n g a,,heggarty2005,442,,,,,3533,ʈʂ a n g a,"['ʈʂ', 'a', 'n', 'g', 'a']"
Chipaya-37_leg-1,,Chipaya,37_leg,lis,lis,l i s,,heggarty2005,444,,,,,3535,l i s - - -,"['l', 'i', 's']"
Curva-37_leg-1,,Curva,37_leg,čaki,čaki,tʃ a k i,,heggarty2005,928,,,,,70,tʃ a k i,"['tʃ', 'a', 'k', 'i']"
Cuzco-37_leg-1,,Cuzco,37_leg,čaka,čaka,tʃ a k a,,heggarty2005,928,,,,,70,tʃ a k a,"['tʃ', 'a', 'k', 'a']"
CuzquenoAntiguo-37_leg-1,,CuzquenoAntiguo,37_leg,chanca,chanca,tʃ a n k a,pierna de animal,holguin1608,442,,,,,3533,tʃ a n k a,"['tʃ', 'a', 'n', 'k', 'a']"
Huallaga-37_leg-1,,Huallaga,37_leg,čanka,čanka,tʃ a n k a,,heggarty2005,442,,,,,3533,tʃ a n k a,"['tʃ', 'a', 'n', 'k', 'a']"
Huanca-37_leg-1,,Huanca,37_leg,tranka,tranka,ʈʂ a n k a,,cerron2018,442,,,,,3533,ʈʂ a n k a,"['ʈʂ', 'a', 'n', 'k', 'a']"
Huancane-37_leg-1,,Huancane,37_leg,kayu,kayu,k a j u,,heggarty2005,199,,,,,2106,k a j u,"['k', 'a', 'j', 'u']"
Huangascar-37_leg-1,,Huangascar,37_leg,traki,traki,ʈ a k i,,shimelman2017,928,,,,,70,ʈ a k i,"['ʈ', 'a', 'k', 'i']"
HuarazHuailas-37_leg-1,,HuarazHuailas,37_leg,chanka,chanka,tʃ a ɲ k a,,parkerchavez1976,442,,,,,3533,tʃ a ɲ k a,"['tʃ', 'a', 'ɲ', 'k', 'a']"
Imbabura-37_leg-1,,Imbabura,37_leg,changa,changa,tʃ a n g a,,gomez2009,442,,,,,3533,tʃ a n g a,"['tʃ', 'a', 'n', 'g', 'a']"
Inkawasi-37_leg-1,,Inkawasi,37_leg,ĉanga,ĉanga,ʈʂ a n g a,,heggarty2005,442,,,,,3533,ʈʂ a n g a,"['ʈʂ', 'a', 'n', 'g', 'a']"
Iruhito-37_leg-1,,Iruhito,37_leg,líshlá-tsaptsapts,líshlá-tsaptsapts,l i ʃ l a + ts a p + ts a p ts,,cerron2016,444,,,,,3535 0 0,l i ʃ l a + ts a p + ts a p ts,"['l', 'i', 'ʃ', 'l', 'a', '+', 'ts', 'a', 'p', '+', 'ts', 'a', 'p', 'ts']"
Jaqaru-37_leg-1,,Jaqaru,37_leg,kayu,kayu,k a j u,,heggarty2005,199,,,,,2106,k a j u,"['k', 'a', 'j', 'u']"
Kawki-37_leg-1,,Kawki,37_leg,kayu,kayu,k a j u,,heggarty2005,199,,,,,2106,k a j u,"['k', 'a', 'j', 'u']"
Lamas-37_leg-1,,Lamas,37_leg,chanka,chanka,tʃ a n g a,,taylor2006,442,,,,,3533,tʃ a n g a,"['tʃ', 'a', 'n', 'g', 'a']"
Laraos-37_leg-1,,Laraos,37_leg,ĉanka,ĉanka,ʈʂ a n k a,,heggarty2005,442,,,,,3533,ʈʂ a n k a,"['ʈʂ', 'a', 'n', 'k', 'a']"
Lincha-Tana-37_leg-1,,Lincha-Tana,37_leg,traki,traki,ʈ a k i,,shimelman2017,928,,,,,70,ʈ a k i,"['ʈ', 'a', 'k', 'i']"
Maragua-37_leg-1,,Maragua,37_leg,čaki,čaki,tʃ a k i,,heggarty2005,928,,,,,70,tʃ a k i,"['tʃ', 'a', 'k', 'i']"
Napo-37_leg-1,,Napo,37_leg,changa,changa,tʃ a n g a,,orrwrisley1981,442,,,,,3533,tʃ a n g a,"['tʃ', 'a', 'n', 'g', 'a']"
Pacaraos-37_leg-1,,Pacaraos,37_leg,tranka,tranka,ʈʂ a ŋ k a,,adelaar1982,442,,,,,3533,ʈʂ a ŋ k a,"['ʈʂ', 'a', 'ŋ', 'k', 'a']"
Pastaza-37_leg-1,,Pastaza,37_leg,changa,changa,tʃ a n g a,,landerman1973,442,,,,,3533,tʃ a n g a,"['tʃ', 'a', 'n', 'g', 'a']"
Pocona-37_leg-1,,Pocona,37_leg,čaki,čaki,tʃ a k i,,heggarty2005,928,,,,,70,tʃ a k i,"['tʃ', 'a', 'k', 'i']"
Puki-37_leg-1,,Puki,37_leg,čara,čara,tʃ a r a,,heggarty2005,922,,,,,69,tʃ a r a,"['tʃ', 'a', 'r', 'a']"
Puno-37_leg-1,,Puno,37_leg,čaki,čaki,tʃ a k i,,heggarty2005,928,,,,,70,tʃ a k i,"['tʃ', 'a', 'k', 'i']"
Putumayo-37_leg-1,,Putumayo,37_leg,changa,changa,tʃ a n g a,,tandioy1978,442,,,,,3533,tʃ a n g a,"['tʃ', 'a', 'n', 'g', 'a']"
Raimondi-37_leg-1,,Raimondi,37_leg,chanka,chanka,tʃ a ɲ k a,,parkerchavez1976,442,,,,,3533,tʃ a ɲ k a,"['tʃ', 'a', 'ɲ', 'k', 'a']"
SanPedro-37_leg-1,,SanPedro,37_leg,traki,traki,ʈ a k i,,shimelman2017,928,,,,,70,ʈ a k i,"['ʈ', 'a', 'k', 'i']"
Santiagueno-37_leg-1,,Santiagueno,37_leg,chunka,chunka,tʃ u ŋ k a,,juanatey2021,442,,,,,3533,tʃ u ŋ k a,"['tʃ', 'u', 'ŋ', 'k', 'a']"
SantoTomas-37_leg-1,,SantoTomas,37_leg,chacqui,chacqui,tʃ a k i,,santotomas1951,928,,,,,70,tʃ a k i,"['tʃ', 'a', 'k', 'i']"
Serena-37_leg-1,,Serena,37_leg,čanga,čanga,tʃ a n g a,,heggarty2005,442,,,,,3533,tʃ a n g a,"['tʃ', 'a', 'n', 'g', 'a']"
Sullkatiti-37_leg-1,,Sullkatiti,37_leg,čara,čara,tʃ a r a,,heggarty2005,922,,,,,69,tʃ a r a,"['tʃ', 'a', 'r', 'a']"
Taquile-37_leg-1,,Taquile,37_leg,čaki,čaki,tʃ a k i,,heggarty2005,928,,,,,70,tʃ a k i,"['tʃ', 'a', 'k', 'i']"
Tarma-37_leg-1,,Tarma,37_leg,ĉan̊ka,ĉan̊ka,ʈʂ a ŋ k a,,adelaar1977,442,,,,,3533,ʈʂ a ŋ k a,"['ʈʂ', 'a', 'ŋ', 'k', 'a']"
Troje-37_leg-1,,Troje,37_leg,čanga,čanga,tʃ a n g a,,heggarty2005,442,,,,,3533,tʃ a n g a,"['tʃ', 'a', 'n', 'g', 'a']"
Tsimu-37_leg-1,,Tsimu,37_leg,tsá:r̂a,tsá:r̂a,ts aː r a,,cerron2016,922,,,,,69,ts aː r a,"['ts', 'aː', 'r', 'a']"
Wari-37_leg-1,,Wari,37_leg,chanka,chanka,tʃ a ɲ k a,,parkerchavez1976,442,,,,,3533,tʃ a ɲ k a,"['tʃ', 'a', 'ɲ', 'k', 'a']"
Yanac-37_leg-1,,Yanac,37_leg,ĉanka,ĉanka,ʈʂ a n k a,,heggarty2005,442,,,,,3533,ʈʂ a n k a,"['ʈʂ', 'a', 'n', 'k', 'a']"
Anonimo-38_knee-1,,Anonimo,38_knee,concor,concor,k ɔ n k ɔ r,,valera1586,399,,,,,3271,k ɔ n k ɔ ( r - ),"['k', 'ɔ', 'n', 'k', 'ɔ', 'r']"
Apuri-38_knee-1,,Apuri,38_knee,qunqur,qunqur,q o n q o ɾ,,shimelman2017,399,,,,,3271,q o n q o ( ɾ - ),"['q', 'o', 'n', 'q', 'o', 'ɾ']"
Apurimac-38_knee-1,,Apurimac,38_knee,moqo,moqo,m o q o,,camacho2007,400,,,,,3272,m o q o,"['m', 'o', 'q', 'o']"
Arma-38_knee-1,,Arma,38_knee,muqu,muqu,m u χ u,,galvez2003,400,,,,,3272,m u χ u,"['m', 'u', 'χ', 'u']"
Atalla-38_knee-1,,Atalla,38_knee,muχu,muχu,m u χ u,,heggarty2005,400,,,,,3272,m u χ u,"['m', 'u', 'χ', 'u']"
Ayacucho-38_knee-1,,Ayacucho,38_knee,moqo,moqo,m o χ o,,soto1976,400,,,,,3272,m o χ o,"['m', 'o', 'χ', 'o']"
Bobonaza-38_knee-1,,Bobonaza,38_knee,cunguri,cunguri,k u n g u r i,,orrwrisley1981,399,,,,,3271,k u n g u ( r i ),"['k', 'u', 'n', 'g', 'u', 'r', 'i']"
Cacra-Hongos-38_knee-1,,Cacra-Hongos,38_knee,qunqur,qunqur,q o n q o l,,shimelman2017,399,,,,,3271,q o n q o ( l - ),"['q', 'o', 'n', 'q', 'o', 'l']"
Chachapoyas-38_knee-1,,Chachapoyas,38_knee,kunkuri,kunkuri,k u n g u r i,,taylor2006,399,,,,,3271,k u n g u ( r i ),"['k', 'u', 'n', 'g', 'u', 'r', 'i']"
Chacpar-38_knee-1,,Chacpar,38_knee,qunγu,qunγu,q u n ʁ u,,heggarty2005,399,,,,,3271,q u n ʁ u ( - - ),"['q', 'u', 'n', 'ʁ', 'u']"
Chetilla-38_knee-1,,Chetilla,38_knee,qunguri,qunguri,q u n g u r i,,heggarty2005,399,,,,,3271,q u n g u ( r i ),"['q', 'u', 'n', 'g', 'u', 'r', 'i']"
Chipaya-38_knee-1,,Chipaya,38_knee,owa,owa,o w a,,heggarty2005,401,,,,,3273,o w a,"['o', 'w', 'a']"
Curva-38_knee-1,,Curva,38_knee,qunqur,qunqur,q u n q u r,,heggarty2005,399,,,,,3271,q u n q u ( r - ),"['q', 'u', 'n', 'q', 'u', 'r']"
Cuzco-38_knee-1,,Cuzco,38_knee,muqu,muqu,m u q u,,heggarty2005,400,,,,,3272,m u q u,"['m', 'u', 'q', 'u']"
CuzquenoAntiguo-38_knee-1,,CuzquenoAntiguo,38_knee,"concor, musu",concor,k u n k u r,,holguin1608,399,,,,,3271,k u n k u ( r - ),"['k', 'u', 'n', 'k', 'u', 'r']"
CuzquenoAntiguo-38_knee-2,,CuzquenoAntiguo,38_knee,"concor, musu",musu,m u s u,,holguin1608,400,,,,,3272,m u s u,"['m', 'u', 's', 'u']"
Huallaga-38_knee-1,,Huallaga,38_knee,qunqur,qunqur,q u n q u r,,heggarty2005,399,,,,,3271,q u n q u ( r - ),"['q', 'u', 'n', 'q', 'u', 'r']"
Huanca-38_knee-1,,Huanca,38_knee,qunqul,qunqul,ʔ u n ʔ u l,,cerron1976,399,,,,,3271,ʔ u n ʔ u ( l - ),"['ʔ', 'u', 'n', 'ʔ', 'u', 'l']"
Jauja-38_knee-1,,Jauja,38_knee,qunqul,qunqul,ʔ u n ʔ u l,,cerron1976,399,,,,,3271,ʔ u n ʔ u ( l - ),"['ʔ', 'u', 'n', 'ʔ', 'u', 'l']"
Huancane-38_knee-1,,Huancane,38_knee,qunquri,qunquri,q u n q u r i,,heggarty2005,369,,,,,309,q u n q u r i,"['q', 'u', 'n', 'q', 'u', 'r', 'i']"
Huangascar-38_knee-1,,Huangascar,38_knee,qunqur,qunqur,q o n q o ɾ,,shimelman2017,399,,,,,3271,q o n q o ( ɾ - ),"['q', 'o', 'n', 'q', 'o', 'ɾ']"
HuarazHuailas-38_knee-1,,HuarazHuailas,38_knee,qonqor,qonqor,q o ɲ q o ɾ,,parkerchavez1976,399,,,,,3271,q o ɲ q o ( ɾ - ),"['q', 'o', 'ɲ', 'q', 'o', 'ɾ']"
Imbabura-38_knee-1,,Imbabura,38_knee,kunguri,kunguri,k u n g u ɾ i,,gomez2009,399,,,,,3271,k u n g u ( ɾ i ),"['k', 'u', 'n', 'g', 'u', 'ɾ', 'i']"
Inkawasi-38_knee-1,,Inkawasi,38_knee,qunġuri,qunġuri,q u n ɢ u r i,,heggarty2005,399,,,,,3271,q u n ɢ u ( r i ),"['q', 'u', 'n', 'ɢ', 'u', 'r', 'i']"
Jaqaru-38_knee-1,,Jaqaru,38_knee,qunquru,qunquru,q u n q u r u,,heggarty2005,369,,,,,309,q u n q u r u,"['q', 'u', 'n', 'q', 'u', 'r', 'u']"
Kawki-38_knee-1,,Kawki,38_knee,qunquru,qunquru,q u n q u r u,,heggarty2005,369,,,,,309,q u n q u r u,"['q', 'u', 'n', 'q', 'u', 'r', 'u']"
Lamas-38_knee-1,,Lamas,38_knee,kunkuri,kunkuri,k u n g u r i,,taylor2006,399,,,,,3271,k u n g u ( r i ),"['k', 'u', 'n', 'g', 'u', 'r', 'i']"
Laraos-38_knee-1,,Laraos,38_knee,qunqur,qunqur,q u n q u r,,heggarty2005,399,,,,,3271,q u n q u ( r - ),"['q', 'u', 'n', 'q', 'u', 'r']"
Lincha-Tana-38_knee-1,,Lincha-Tana,38_knee,qunqur,qunqur,q o n q o ɾ,,shimelman2017,399,,,,,3271,q o n q o ( ɾ - ),"['q', 'o', 'n', 'q', 'o', 'ɾ']"
Maragua-38_knee-1,,Maragua,38_knee,muqu,muqu,m u q u,,heggarty2005,400,,,,,3272,m u q u,"['m', 'u', 'q', 'u']"
Napo-38_knee-1,,Napo,38_knee,cunguri,cunguri,k u n g u r i,,orrwrisley1981,399,,,,,3271,k u n g u ( r i ),"['k', 'u', 'n', 'g', 'u', 'r', 'i']"
Pacaraos-38_knee-1,,Pacaraos,38_knee,qunqur,qunqur,χ o ɴ χ u ɾ,,adelaar1982,399,,,,,3271,χ o ɴ χ u ( ɾ - ),"['χ', 'o', 'ɴ', 'χ', 'u', 'ɾ']"
Pastaza-38_knee-1,,Pastaza,38_knee,cunguri,cunguri,k u n g u r i,,landerman1973,399,,,,,3271,k u n g u ( r i ),"['k', 'u', 'n', 'g', 'u', 'r', 'i']"
Pocona-38_knee-1,,Pocona,38_knee,čaki muγu,čaki muγu,tʃ a k i + m u ʁ u,,heggarty2005,929,,,,,70 3272,tʃ a k i + m u ʁ u,"['tʃ', 'a', 'k', 'i', '+', 'm', 'u', 'ʁ', 'u']"
Puki-38_knee-1,,Puki,38_knee,qunquri,qunquri,q u n q u r i,,heggarty2005,369,,,,,309,q u n q u r i,"['q', 'u', 'n', 'q', 'u', 'r', 'i']"
Puno-38_knee-1,,Puno,38_knee,qunquri,qunquri,q u n q u r i,,heggarty2005,399,,,,,3271,q u n q u ( r i ),"['q', 'u', 'n', 'q', 'u', 'r', 'i']"
Putumayo-38_knee-1,,Putumayo,38_knee,cungur,cungur,k u n g u r,,tandioy1978,399,,,,,3271,k u n g u ( r - ),"['k', 'u', 'n', 'g', 'u', 'r']"
Raimondi-38_knee-1,,Raimondi,38_knee,qonqor,qonqor,q o ɲ q o ɾ,,parkerchavez1976,399,,,,,3271,q o ɲ q o ( ɾ - ),"['q', 'o', 'ɲ', 'q', 'o', 'ɾ']"
SanPedro-38_knee-1,,SanPedro,38_knee,qunqur,qunqur,q o n q o ɾ,,shimelman2017,399,,,,,3271,q o n q o ( ɾ - ),"['q', 'o', 'n', 'q', 'o', 'ɾ']"
Santiagueno-38_knee-1,,Santiagueno,38_knee,qonqori,qonqori,q o ŋ q o ɾ i,,juanatey2021,399,,,,,3271,q o ŋ q o ( ɾ i ),"['q', 'o', 'ŋ', 'q', 'o', 'ɾ', 'i']"
SantoTomas-38_knee-1,,SantoTomas,38_knee,congori,congori,k o n q o r i,,santotomas1951,399,,,,,3271,k o n q o ( r i ),"['k', 'o', 'n', 'q', 'o', 'r', 'i']"
Serena-38_knee-1,,Serena,38_knee,"kunguri, muku",muku,m u k u,,heggarty2005,400,,,,,3272,m u k u,"['m', 'u', 'k', 'u']"
Sullkatiti-38_knee-1,,Sullkatiti,38_knee,qunquri,qunquri,q u n q u r i,,heggarty2005,369,,,,,309,q u n q u r i,"['q', 'u', 'n', 'q', 'u', 'r', 'i']"
Taquile-38_knee-1,,Taquile,38_knee,qunqur,qunqur,q u n q u r,,heggarty2005,399,,,,,3271,q u n q u ( r - ),"['q', 'u', 'n', 'q', 'u', 'r']"
Tarma-38_knee-1,,Tarma,38_knee,xun̊xur,xun̊xur,χ o ŋ χ u !ʐ/r,,adelaar1977,399,,,,,3271,χ o ŋ χ u ( !ʐ/r - ),"['χ', 'o', 'ŋ', 'χ', 'u', '!ʐ/r']"
Troje-38_knee-1,,Troje,38_knee,sampi,sampi,s a m p i,,heggarty2005,402,,,,,3276,s a m p i,"['s', 'a', 'm', 'p', 'i']"
Wari-38_knee-1,,Wari,38_knee,qonqor,qonqor,q o ɲ q o ɾ,,parkerchavez1976,399,,,,,3271,q o ɲ q o ( ɾ - ),"['q', 'o', 'ɲ', 'q', 'o', 'ɾ']"
Yanac-38_knee-1,,Yanac,38_knee,qunquri,qunquri,q u n q u r i,,heggarty2005,399,,,,,3271,q u n q u ( r i ),"['q', 'u', 'n', 'q', 'u', 'r', 'i']"
Anonimo-39_blood-1,,Anonimo,39_blood,yahuar,yahuar,j a w a r,,valera1586,558,,,,,417,j a.w.a r,"['j', 'a.w.a', 'r']"
Apuri-39_blood-1,,Apuri,39_blood,yawar,yawar,j a w a r,,shimelman2017,558,,,,,417,j a.w.a r,"['j', 'a.w.a', 'r']"
Apurimac-39_blood-1,,Apurimac,39_blood,yawar,yawar,j a w a r,,camacho2007,558,,,,,417,j a.w.a r,"['j', 'a.w.a', 'r']"
Arma-39_blood-1,,Arma,39_blood,yawar,yawar,j a w a r,,galvez2003,558,,,,,417,j a.w.a r,"['j', 'a.w.a', 'r']"
Atalla-39_blood-1,,Atalla,39_blood,yawar,yawar,j a w a r,,heggarty2005,558,,,,,417,j a.w.a r,"['j', 'a.w.a', 'r']"
Ayacucho-39_blood-1,,Ayacucho,39_blood,yawar,yawar,j a w a r,,soto1976,558,,,,,417,j a.w.a r,"['j', 'a.w.a', 'r']"
Bobonaza-39_blood-1,,Bobonaza,39_blood,rahuai,rahuai,r a w ai,,orrwrisley1981,456,,,,,362,r a w ai,"['r', 'a', 'w', 'ai']"
Cacra-Hongos-39_blood-1,,Cacra-Hongos,39_blood,yawar,yawar,j a w a l,,shimelman2017,558,,,,,417,j a.w.a l,"['j', 'a.w.a', 'l']"
Chachapoyas-39_blood-1,,Chachapoyas,39_blood,yawar,yawar,j a w a r,,taylor2006,558,,,,,417,j a.w.a r,"['j', 'a.w.a', 'r']"
Chacpar-39_blood-1,,Chacpar,39_blood,yawaŕ,yawaŕ,j a w a r,,heggarty2005,558,,,,,417,j a.w.a r,"['j', 'a.w.a', 'r']"
Chetilla-39_blood-1,,Chetilla,39_blood,yawar,yawar,j a w a r,,heggarty2005,558,,,,,417,j a.w.a r,"['j', 'a.w.a', 'r']"
Chipaya-39_blood-1,,Chipaya,39_blood,ljok,ljok,l j o k,,heggarty2005,559,,,,,418,l j o k -,"['l', 'j', 'o', 'k']"
Curva-39_blood-1,,Curva,39_blood,λawar,λawar,ʎ a w a r,,heggarty2005,558,,,,,417,ʎ a.w.a r,"['ʎ', 'a.w.a', 'r']"
Cuzco-39_blood-1,,Cuzco,39_blood,yawar,yawar,j a w a r,,heggarty2005,558,,,,,417,j a.w.a r,"['j', 'a.w.a', 'r']"
CuzquenoAntiguo-39_blood-1,,CuzquenoAntiguo,39_blood,yahuar,yahuar,j a w a r,,holguin1608,558,,,,,417,j a.w.a r,"['j', 'a.w.a', 'r']"
Huallaga-39_blood-1,,Huallaga,39_blood,yawar,yawar,j a w a r,,heggarty2005,558,,,,,417,j a.w.a r,"['j', 'a.w.a', 'r']"
Huanca-39_blood-1,,Huanca,39_blood,yawar,yawar,j a w a r,,cerron2018,558,,,,,417,j a.w.a r,"['j', 'a.w.a', 'r']"
Huancane-39_blood-1,,Huancane,39_blood,wila,wila,w i l a,,heggarty2005,560,,,,,419,w i l a,"['w', 'i', 'l', 'a']"
Huangascar-39_blood-1,,Huangascar,39_blood,yawar,yawar,j a w a r,,shimelman2017,558,,,,,417,j a.w.a r,"['j', 'a.w.a', 'r']"
HuarazHuailas-39_blood-1,,HuarazHuailas,39_blood,yawar,yawar,j a w a r,,parkerchavez1976,558,,,,,417,j a.w.a r,"['j', 'a.w.a', 'r']"
Imbabura-39_blood-1,,Imbabura,39_blood,yawar,yawar,j a w a r,,gomez2009,558,,,,,417,j a.w.a r,"['j', 'a.w.a', 'r']"
Inkawasi-39_blood-1,,Inkawasi,39_blood,yawar,yawar,j a w a r,,heggarty2005,558,,,,,417,j a.w.a r,"['j', 'a.w.a', 'r']"
Iruhito-39_blood-1,,Iruhito,39_blood,"lóki:, lóke:",lóki:,l o k iː,,cerron2016,559,,,,,418,l - o k iː,"['l', 'o', 'k', 'iː']"
Iruhito-39_blood-2,,Iruhito,39_blood,"lóki:, lóke:",lóke:,l o k eː,,cerron2016,559,,,,,418,l - o k eː,"['l', 'o', 'k', 'eː']"
Jaqaru-39_blood-1,,Jaqaru,39_blood,wila,wila,w i l a,,heggarty2005,560,,,,,419,w i l a,"['w', 'i', 'l', 'a']"
Kawki-39_blood-1,,Kawki,39_blood,wila,wila,w i l a,,heggarty2005,560,,,,,419,w i l a,"['w', 'i', 'l', 'a']"
Lamas-39_blood-1,,Lamas,39_blood,yawar,yawar,j a w a r,,taylor2006,558,,,,,417,j a.w.a r,"['j', 'a.w.a', 'r']"
Laraos-39_blood-1,,Laraos,39_blood,yawar,yawar,j a w a r,,heggarty2005,558,,,,,417,j a.w.a r,"['j', 'a.w.a', 'r']"
Lincha-Tana-39_blood-1,,Lincha-Tana,39_blood,yawar,yawar,j a w a r,,shimelman2017,558,,,,,417,j a.w.a r,"['j', 'a.w.a', 'r']"
Maragua-39_blood-1,,Maragua,39_blood,yawar,yawar,j a w a r,,heggarty2005,558,,,,,417,j a.w.a r,"['j', 'a.w.a', 'r']"
Napo-39_blood-1,,Napo,39_blood,rahuai,rahuai,r a w ai,,orrwrisley1981,456,,,,,362,r a w ai,"['r', 'a', 'w', 'ai']"
Pacaraos-39_blood-1,,Pacaraos,39_blood,yawar,yawar,j a w a r,,adelaar1982,558,,,,,417,j a.w.a r,"['j', 'a.w.a', 'r']"
Pastaza-39_blood-1,,Pastaza,39_blood,yawar,yawar,j a w a r,,landerman1973,558,,,,,417,j a.w.a r,"['j', 'a.w.a', 'r']"
Pocona-39_blood-1,,Pocona,39_blood,λawar,λawar,ʎ a w a r,,heggarty2005,558,,,,,417,ʎ a.w.a r,"['ʎ', 'a.w.a', 'r']"
Puki-39_blood-1,,Puki,39_blood,wila,wila,w i l a,,heggarty2005,560,,,,,419,w i l a,"['w', 'i', 'l', 'a']"
Puno-39_blood-1,,Puno,39_blood,yawar,yawar,j a w a r,,heggarty2005,558,,,,,417,j a.w.a r,"['j', 'a.w.a', 'r']"
Putumayo-39_blood-1,,Putumayo,39_blood,yahuar,yahuar,j a w a r,,tandioy1978,558,,,,,417,j a.w.a r,"['j', 'a.w.a', 'r']"
Raimondi-39_blood-1,,Raimondi,39_blood,yawar,yawar,j a w a r,,parkerchavez1976,558,,,,,417,j a.w.a r,"['j', 'a.w.a', 'r']"
SanPedro-39_blood-1,,SanPedro,39_blood,yawar,yawar,j a w a r,,shimelman2017,558,,,,,417,j a.w.a r,"['j', 'a.w.a', 'r']"
Santiagueno-39_blood-1,,Santiagueno,39_blood,yaar,yaar,j aː ɾ,,juanatey2021,558,,,,,417,j aː ɾ,"['j', 'aː', 'ɾ']"
SantoTomas-39_blood-1,,SantoTomas,39_blood,yaguar,yaguar,j a w a r,,santotomas1951,558,,,,,417,j a.w.a r,"['j', 'a.w.a', 'r']"
Serena-39_blood-1,,Serena,39_blood,yawaŕ,yawaŕ,j a w a r,,heggarty2005,558,,,,,417,j a.w.a r,"['j', 'a.w.a', 'r']"
Sullkatiti-39_blood-1,,Sullkatiti,39_blood,wila,wila,w i l a,,heggarty2005,560,,,,,419,w i l a,"['w', 'i', 'l', 'a']"
Taquile-39_blood-1,,Taquile,39_blood,yawar,yawar,j a w a r,,heggarty2005,558,,,,,417,j a.w.a r,"['j', 'a.w.a', 'r']"
Tarma-39_blood-1,,Tarma,39_blood,yawar,yawar,j a w a !ʐ/r,,adelaar1977,558,,,,,417,j a.w.a !ʐ/r,"['j', 'a.w.a', '!ʐ/r']"
Troje-39_blood-1,,Troje,39_blood,yawař,yawař,j a w a r,,heggarty2005,558,,,,,417,j a.w.a r,"['j', 'a.w.a', 'r']"
Tsimu-39_blood-1,,Tsimu,39_blood,"k’óñe, sá:kre",k’óñe,kʼ o ɲ e,,cerron2016,562,,,,,420,kʼ o ɲ e,"['kʼ', 'o', 'ɲ', 'e']"
Tsimu-39_blood-2,,Tsimu,39_blood,"k’óñe, sá:kre",sá:kre,s aː k r e,pos. sangre de esp,cerron2016,563,,,,,421,s aː k r e,"['s', 'aː', 'k', 'r', 'e']"
Wari-39_blood-1,,Wari,39_blood,yawar,yawar,j a w a r,,parkerchavez1976,558,,,,,417,j a.w.a r,"['j', 'a.w.a', 'r']"
Yanac-39_blood-1,,Yanac,39_blood,yawaŕ,yawaŕ,j a w a r,,heggarty2005,558,,,,,417,j a.w.a r,"['j', 'a.w.a', 'r']"
Anonimo-4_four-1,,Anonimo,4_four,tahua,tahua,t a w a,,valera1586,218,,,,,2214,t a.w.a,"['t', 'a.w.a']"
Apuri-4_four-1,,Apuri,4_four,tawa,tawa,t a w a,,shimelman2017,218,,,,,2214,t a.w.a,"['t', 'a.w.a']"
Apurimac-4_four-1,,Apurimac,4_four,tawa,tawa,t a w a,,camacho2007,218,,,,,2214,t a.w.a,"['t', 'a.w.a']"
Arma-4_four-1,,Arma,4_four,tawa,tawa,t a w a,,galvez2003,218,,,,,2214,t a.w.a,"['t', 'a.w.a']"
Atalla-4_four-1,,Atalla,4_four,tawa,tawa,t a w a,,heggarty2005,218,,,,,2214,t a.w.a,"['t', 'a.w.a']"
Ayacucho-4_four-1,,Ayacucho,4_four,tawa,tawa,t a w a,,soto1976,218,,,,,2214,t a.w.a,"['t', 'a.w.a']"
Bobonaza-4_four-1,,Bobonaza,4_four,chuscu,chuscu,tʃ u s k u,,orrwrisley1981,219,,,,,2215,tʃ u s k u,"['tʃ', 'u', 's', 'k', 'u']"
Cacra-Hongos-4_four-1,,Cacra-Hongos,4_four,tawa,tawa,t a w a,,shimelman2017,218,,,,,2214,t a.w.a,"['t', 'a.w.a']"
Chachapoyas-4_four-1,,Chachapoyas,4_four,chusku,chusku,tʃ u s k u,,taylor2006,219,,,,,2215,tʃ u s k u,"['tʃ', 'u', 's', 'k', 'u']"
Chacpar-4_four-1,,Chacpar,4_four,čusku,čusku,tʃ u s k u,,heggarty2005,219,,,,,2215,tʃ u s k u,"['tʃ', 'u', 's', 'k', 'u']"
Chetilla-4_four-1,,Chetilla,4_four,ĉusku,ĉusku,ʈʂ u s k u,,heggarty2005,219,,,,,2215,ʈʂ u s k u,"['ʈʂ', 'u', 's', 'k', 'u']"
Chipaya-4_four-1,,Chipaya,4_four,paqpik,paqpik,p a q p i k,,heggarty2005,220,,,,,2216,p a q p i k,"['p', 'a', 'q', 'p', 'i', 'k']"
Curva-4_four-1,,Curva,4_four,tawa,tawa,t a w a,,heggarty2005,218,,,,,2214,t a.w.a,"['t', 'a.w.a']"
Cuzco-4_four-1,,Cuzco,4_four,tawa,tawa,t a w a,,heggarty2005,218,,,,,2214,t a.w.a,"['t', 'a.w.a']"
CuzquenoAntiguo-4_four-1,,CuzquenoAntiguo,4_four,tahua,tahua,t a w a,,holguin1608,218,,,,,2214,t a.w.a,"['t', 'a.w.a']"
Huallaga-4_four-1,,Huallaga,4_four,čusku,čusku,tʃ u s k u,,heggarty2005,219,,,,,2215,tʃ u s k u,"['tʃ', 'u', 's', 'k', 'u']"
Huanca-4_four-1,,Huanca,4_four,trusku,trusku,ʈʂ u s k u,,cerron2018,219,,,,,2215,ʈʂ u s k u,"['ʈʂ', 'u', 's', 'k', 'u']"
Huanca-4_four-2,,Huanca,4_four,tawa,tawa,t a w a,,cerron2018,218,,,,,2214,t a.w.a,"['t', 'a.w.a']"
Huancane-4_four-1,,Huancane,4_four,pusi,pusi,p u s i,,heggarty2005,221,,,,,2217,p u s i,"['p', 'u', 's', 'i']"
Huangascar-4_four-1,,Huangascar,4_four,tawa,tawa,t a w a,,shimelman2017,218,,,,,2214,t a.w.a,"['t', 'a.w.a']"
HuarazHuailas-4_four-1,,HuarazHuailas,4_four,chusku,chusku,tʃ u s k u,,parkerchavez1976,219,,,,,2215,tʃ u s k u,"['tʃ', 'u', 's', 'k', 'u']"
Imbabura-4_four-1,,Imbabura,4_four,chusku,chusku,tʃ u s k u,,gomez2009,219,,,,,2215,tʃ u s k u,"['tʃ', 'u', 's', 'k', 'u']"
Inkawasi-4_four-1,,Inkawasi,4_four,cuatro,cuatro,k ua t r o,,heggarty2005,640,,,,esp,464,k ua t r o,"['k', 'ua', 't', 'r', 'o']"
Iruhito-4_four-1,,Iruhito,4_four,paχpí:k,paχpí:k,p a χ p iː k,,cerron2016,220,,,,,2216,p a χ p iː k,"['p', 'a', 'χ', 'p', 'iː', 'k']"
Jaqaru-4_four-1,,Jaqaru,4_four,puši,puši,p u ʃ i,,heggarty2005,221,,,,,2217,p u ʃ i,"['p', 'u', 'ʃ', 'i']"
Kawki-4_four-1,,Kawki,4_four,puši,puši,p u ʃ i,,heggarty2005,221,,,,,2217,p u ʃ i,"['p', 'u', 'ʃ', 'i']"
Lamas-4_four-1,,Lamas,4_four,chusku,chusku,tʃ u s k u,,taylor2006,219,,,,,2215,tʃ u s k u,"['tʃ', 'u', 's', 'k', 'u']"
Laraos-4_four-1,,Laraos,4_four,tawa,tawa,t a w a,,heggarty2005,218,,,,,2214,t a.w.a,"['t', 'a.w.a']"
Lincha-Tana-4_four-1,,Lincha-Tana,4_four,tawa,tawa,t a w a,,shimelman2017,218,,,,,2214,t a.w.a,"['t', 'a.w.a']"
Maragua-4_four-1,,Maragua,4_four,tawa,tawa,t a w a,,heggarty2005,218,,,,,2214,t a.w.a,"['t', 'a.w.a']"
Napo-4_four-1,,Napo,4_four,chuscu,chuscu,tʃ u s k u,,orrwrisley1981,219,,,,,2215,tʃ u s k u,"['tʃ', 'u', 's', 'k', 'u']"
Pacaraos-4_four-1,,Pacaraos,4_four,trusku,trusku,ʈʂ u s k u,,adelaar1982,219,,,,,2215,ʈʂ u s k u,"['ʈʂ', 'u', 's', 'k', 'u']"
Pastaza-4_four-1,,Pastaza,4_four,chuscu,chuscu,tʃ u s k u,,landerman1973,219,,,,,2215,tʃ u s k u,"['tʃ', 'u', 's', 'k', 'u']"
Pocona-4_four-1,,Pocona,4_four,tawa,tawa,t a w a,,heggarty2005,218,,,,,2214,t a.w.a,"['t', 'a.w.a']"
Puki-4_four-1,,Puki,4_four,pusi,pusi,p u s i,,heggarty2005,221,,,,,2217,p u s i,"['p', 'u', 's', 'i']"
Puno-4_four-1,,Puno,4_four,tawa,tawa,t a w a,,heggarty2005,218,,,,,2214,t a.w.a,"['t', 'a.w.a']"
Putumayo-4_four-1,,Putumayo,4_four,chuscu,chuscu,tʃ u s k u,,tandioy1978,219,,,,,2215,tʃ u s k u,"['tʃ', 'u', 's', 'k', 'u']"
Raimondi-4_four-1,,Raimondi,4_four,chusku,chusku,tʃ u s k u,,parkerchavez1976,219,,,,,2215,tʃ u s k u,"['tʃ', 'u', 's', 'k', 'u']"
SanPedro-4_four-1,,SanPedro,4_four,tawa,tawa,t a w a,,shimelman2017,218,,,,,2214,t a.w.a,"['t', 'a.w.a']"
Santiagueno-4_four-1,,Santiagueno,4_four,taa,taa,t aː,,juanatey2021,218,,,,,2214,t aː - -,"['t', 'aː']"
SantoTomas-4_four-1,,SantoTomas,4_four,tagua,tagua,t a w a,,santotomas1951,218,,,,,2214,t a.w.a,"['t', 'a.w.a']"
Serena-4_four-1,,Serena,4_four,čusku,čusku,tʃ u s k u,,heggarty2005,219,,,,,2215,tʃ u s k u,"['tʃ', 'u', 's', 'k', 'u']"
Sullkatiti-4_four-1,,Sullkatiti,4_four,pusi,pusi,p u s i,,heggarty2005,221,,,,,2217,p u s i,"['p', 'u', 's', 'i']"
Taquile-4_four-1,,Taquile,4_four,tawa,tawa,t a w a,,heggarty2005,218,,,,,2214,t a.w.a,"['t', 'a.w.a']"
Tarma-4_four-1,,Tarma,4_four,ĉusgu,ĉusgu,ʈʂ u s g u,,adelaar1977,219,,,,,2215,ʈʂ u s g u,"['ʈʂ', 'u', 's', 'g', 'u']"
Troje-4_four-1,,Troje,4_four,čusku,čusku,tʃ u s k u,,heggarty2005,219,,,,,2215,tʃ u s k u,"['tʃ', 'u', 's', 'k', 'u']"
Tsimu-4_four-1,,Tsimu,4_four,púχ,púχ,p u χ,"tsi en superscript, pusi aymara",cerron2016,221,,,,,2217,p u χ -,"['p', 'u', 'χ']"
Wari-4_four-1,,Wari,4_four,chusku,chusku,tʃ u s k u,,parkerchavez1976,219,,,,,2215,tʃ u s k u,"['tʃ', 'u', 's', 'k', 'u']"
Yanac-4_four-1,,Yanac,4_four,ĉusku,ĉusku,ʈʂ u s k u,,heggarty2005,219,,,,,2215,ʈʂ u s k u,"['ʈʂ', 'u', 's', 'k', 'u']"
Anonimo-40_bone-1,,Anonimo,40_bone,tullu,tullu,t u ʎ u,,valera1586,648,,,,,468,t u ʎ u,"['t', 'u', 'ʎ', 'u']"
Apuri-40_bone-1,,Apuri,40_bone,tullu,tullu,t u ʎ u,,shimelman2017,648,,,,,468,t u ʎ u,"['t', 'u', 'ʎ', 'u']"
Apurimac-40_bone-1,,Apurimac,40_bone,tullu,tullu,t u ʎ u,,camacho2007,648,,,,,468,t u ʎ u,"['t', 'u', 'ʎ', 'u']"
Atalla-40_bone-1,,Atalla,40_bone,tuλu,tuλu,t u ʎ u,,heggarty2005,648,,,,,468,t u ʎ u,"['t', 'u', 'ʎ', 'u']"
Ayacucho-40_bone-1,,Ayacucho,40_bone,tullu,tullu,t u ʎ u,,soto1976,648,,,,,468,t u ʎ u,"['t', 'u', 'ʎ', 'u']"
Bobonaza-40_bone-1,,Bobonaza,40_bone,tullu,tullu,t u ʎ u,,orrwrisley1981,648,,,,,468,t u ʎ u,"['t', 'u', 'ʎ', 'u']"
Cacra-Hongos-40_bone-1,,Cacra-Hongos,40_bone,tullu,tullu,t u ʎ u,,shimelman2017,648,,,,,468,t u ʎ u,"['t', 'u', 'ʎ', 'u']"
Chachapoyas-40_bone-1,,Chachapoyas,40_bone,tullu,tullu,t u dʑ u,,taylor2006,648,,,,,468,t u dʑ u,"['t', 'u', 'dʑ', 'u']"
Chacpar-40_bone-1,,Chacpar,40_bone,tuλu,tuλu,t u ʎ u,,heggarty2005,648,,,,,468,t u ʎ u,"['t', 'u', 'ʎ', 'u']"
Chetilla-40_bone-1,,Chetilla,40_bone,tudžu,tudžu,t u dʒ u,,heggarty2005,648,,,,,468,t u dʒ u,"['t', 'u', 'dʒ', 'u']"
Chipaya-40_bone-1,,Chipaya,40_bone,tsij,tsij,ts i j,,heggarty2005,651,,,,,470,ts - i j - -,"['ts', 'i', 'j']"
Curva-40_bone-1,,Curva,40_bone,tuλu,tuλu,t u ʎ u,,heggarty2005,648,,,,,468,t u ʎ u,"['t', 'u', 'ʎ', 'u']"
Cuzco-40_bone-1,,Cuzco,40_bone,tuλu,tuλu,t u ʎ u,,heggarty2005,648,,,,,468,t u ʎ u,"['t', 'u', 'ʎ', 'u']"
CuzquenoAntiguo-40_bone-1,,CuzquenoAntiguo,40_bone,tullu,tullu,t u ʎ u,,holguin1608,648,,,,,468,t u ʎ u,"['t', 'u', 'ʎ', 'u']"
Huallaga-40_bone-1,,Huallaga,40_bone,tuλu,tuλu,t u ʎ u,,heggarty2005,648,,,,,468,t u ʎ u,"['t', 'u', 'ʎ', 'u']"
Huanca-40_bone-1,,Huanca,40_bone,tullu,tullu,t u ʎ u,,cerron2018,648,,,,,468,t u ʎ u,"['t', 'u', 'ʎ', 'u']"
Huancane-40_bone-1,,Huancane,40_bone,č'akha,č'akha,tʃʼ a kʰ a,,heggarty2005,915,,,,,68,tʃʼ a kʰ a,"['tʃʼ', 'a', 'kʰ', 'a']"
Huangascar-40_bone-1,,Huangascar,40_bone,tullu,tullu,t u ʎ u,,shimelman2017,648,,,,,468,t u ʎ u,"['t', 'u', 'ʎ', 'u']"
HuarazHuailas-40_bone-1,,HuarazHuailas,40_bone,tullu,tullu,t u ʎ u,,parkerchavez1976,648,,,,,468,t u ʎ u,"['t', 'u', 'ʎ', 'u']"
Imbabura-40_bone-1,,Imbabura,40_bone,tullu,tullu,t u ʎ u,,gomez2009,648,,,,,468,t u ʎ u,"['t', 'u', 'ʎ', 'u']"
Inkawasi-40_bone-1,,Inkawasi,40_bone,tužu,tužu,t u ʒ u,,heggarty2005,648,,,,,468,t u ʒ u,"['t', 'u', 'ʒ', 'u']"
Iruhito-40_bone-1,,Iruhito,40_bone,tsí̥χñe,tsí̥χñe,t s i χ ɲ e,,cerron2016,651,,,,,470,t s i χ ɲ e,"['t', 's', 'i', 'χ', 'ɲ', 'e']"
Jaqaru-40_bone-1,,Jaqaru,40_bone,ts'a:ka,ts'a:ka,tsʼ aː k a,,heggarty2005,915,,,,,68,tsʼ aː k a,"['tsʼ', 'aː', 'k', 'a']"
Kawki-40_bone-1,,Kawki,40_bone,ts'a:ka,ts'a:ka,tsʼ aː k a,,heggarty2005,915,,,,,68,tsʼ aː k a,"['tsʼ', 'aː', 'k', 'a']"
Lamas-40_bone-1,,Lamas,40_bone,tullu,tullu,t u dʑ u,,taylor2006,648,,,,,468,t u dʑ u,"['t', 'u', 'dʑ', 'u']"
Laraos-40_bone-1,,Laraos,40_bone,tuλu,tuλu,t u ʎ u,,heggarty2005,648,,,,,468,t u ʎ u,"['t', 'u', 'ʎ', 'u']"
Lincha-Tana-40_bone-1,,Lincha-Tana,40_bone,tullu,tullu,t u ʎ u,,shimelman2017,648,,,,,468,t u ʎ u,"['t', 'u', 'ʎ', 'u']"
Maragua-40_bone-1,,Maragua,40_bone,tuλu,tuλu,t u ʎ u,,heggarty2005,648,,,,,468,t u ʎ u,"['t', 'u', 'ʎ', 'u']"
Napo-40_bone-1,,Napo,40_bone,tullu,tullu,t u ʎ u,,orrwrisley1981,648,,,,,468,t u ʎ u,"['t', 'u', 'ʎ', 'u']"
Pacaraos-40_bone-1,,Pacaraos,40_bone,tulu,tulu,t u l u,,adelaar1982,648,,,,,468,t u l u,"['t', 'u', 'l', 'u']"
Pastaza-40_bone-1,,Pastaza,40_bone,tullu,tullu,t u ʎ u,,landerman1973,648,,,,,468,t u ʎ u,"['t', 'u', 'ʎ', 'u']"
Pocona-40_bone-1,,Pocona,40_bone,tuλu,tuλu,t u ʎ u,,heggarty2005,648,,,,,468,t u ʎ u,"['t', 'u', 'ʎ', 'u']"
Puki-40_bone-1,,Puki,40_bone,č'akha,č'akha,tʃʼ a kʰ a,,heggarty2005,915,,,,,68,tʃʼ a kʰ a,"['tʃʼ', 'a', 'kʰ', 'a']"
Puno-40_bone-1,,Puno,40_bone,tuλu,tuλu,t u ʎ u,,heggarty2005,648,,,,,468,t u ʎ u,"['t', 'u', 'ʎ', 'u']"
Putumayo-40_bone-1,,Putumayo,40_bone,tullu,tullu,t u ʎ u,,tandioy1978,648,,,,,468,t u ʎ u,"['t', 'u', 'ʎ', 'u']"
Raimondi-40_bone-1,,Raimondi,40_bone,tullu,tullu,t u ʎ u,,parkerchavez1976,648,,,,,468,t u ʎ u,"['t', 'u', 'ʎ', 'u']"
SanPedro-40_bone-1,,SanPedro,40_bone,tullu,tullu,t u ʎ u,,shimelman2017,648,,,,,468,t u ʎ u,"['t', 'u', 'ʎ', 'u']"
Santiagueno-40_bone-1,,Santiagueno,40_bone,tullu,tullu,t u ʒ u,,juanatey2021,648,,,,,468,t u ʒ u,"['t', 'u', 'ʒ', 'u']"
SantoTomas-40_bone-1,,SantoTomas,40_bone,tullu,tullu,t u ʎ u,,santotomas1996,648,,,,,468,t u ʎ u,"['t', 'u', 'ʎ', 'u']"
Serena-40_bone-1,,Serena,40_bone,tuλu,tuλu,t u ʎ u,,heggarty2005,648,,,,,468,t u ʎ u,"['t', 'u', 'ʎ', 'u']"
Sullkatiti-40_bone-1,,Sullkatiti,40_bone,č'akha,č'akha,tʃʼ a kʰ a,,heggarty2005,915,,,,,68,tʃʼ a kʰ a,"['tʃʼ', 'a', 'kʰ', 'a']"
Taquile-40_bone-1,,Taquile,40_bone,tuλu,tuλu,t u ʎ u,,heggarty2005,648,,,,,468,t u ʎ u,"['t', 'u', 'ʎ', 'u']"
Tarma-40_bone-1,,Tarma,40_bone,tulu,tulu,t u l u,,adelaar1977,648,,,,,468,t u l u,"['t', 'u', 'l', 'u']"
Troje-40_bone-1,,Troje,40_bone,tužu,tužu,t u ʒ u,,heggarty2005,648,,,,,468,t u ʒ u,"['t', 'u', 'ʒ', 'u']"
Tsimu-40_bone-1,,Tsimu,40_bone,síχe,síχe,s i χ e,,cerron2016,651,,,,,470,- s i χ - e,"['s', 'i', 'χ', 'e']"
Wari-40_bone-1,,Wari,40_bone,tullu,tullu,t u ʎ u,,parkerchavez1976,648,,,,,468,t u ʎ u,"['t', 'u', 'ʎ', 'u']"
Yanac-40_bone-1,,Yanac,40_bone,tuλu,tuλu,t u ʎ u,,heggarty2005,648,,,,,468,t u ʎ u,"['t', 'u', 'ʎ', 'u']"
Anonimo-41_skin-1,,Anonimo,41_skin,cara,cara,k a r a,,valera1586,843,,,,,5816,k a r a,"['k', 'a', 'r', 'a']"
Apuri-41_skin-1,,Apuri,41_skin,qara,qara,q a ɾ a,,shimelman2017,843,,,,,5816,q a ɾ a,"['q', 'a', 'ɾ', 'a']"
Apurimac-41_skin-1,,Apurimac,41_skin,qara,qara,q a r a,,camacho2007,843,,,,,5816,q a r a,"['q', 'a', 'r', 'a']"
Arma-41_skin-1,,Arma,41_skin,qara,qara,χ a ɾ a,,galvez2003,843,,,,,5816,χ a ɾ a,"['χ', 'a', 'ɾ', 'a']"
Atalla-41_skin-1,,Atalla,41_skin,χara,χara,χ a r a,,heggarty2005,843,,,,,5816,χ a r a,"['χ', 'a', 'r', 'a']"
Ayacucho-41_skin-1,,Ayacucho,41_skin,qara,qara,χ a ɾ a,,soto1976,843,,,,,5816,χ a ɾ a,"['χ', 'a', 'ɾ', 'a']"
Bobonaza-41_skin-1,,Bobonaza,41_skin,cara,cara,k a r a,,orrwrisley1981,843,,,,,5816,k a r a,"['k', 'a', 'r', 'a']"
Cacra-Hongos-41_skin-1,,Cacra-Hongos,41_skin,qara,qara,q a l a,,shimelman2017,843,,,,,5816,q a l a,"['q', 'a', 'l', 'a']"
Chachapoyas-41_skin-1,,Chachapoyas,41_skin,kara,kara,k a r a,,taylor2006,843,,,,,5816,k a r a,"['k', 'a', 'r', 'a']"
Chacpar-41_skin-1,,Chacpar,41_skin,qara,qara,q a r a,,heggarty2005,843,,,,,5816,q a r a,"['q', 'a', 'r', 'a']"
Chetilla-41_skin-1,,Chetilla,41_skin,qara,qara,q a r a,,heggarty2005,843,,,,,5816,q a r a,"['q', 'a', 'r', 'a']"
Chipaya-41_skin-1,,Chipaya,41_skin,zqizi,zqizi,z q i z i,,heggarty2005,844,,,,,5817,z q i z i,"['z', 'q', 'i', 'z', 'i']"
Curva-41_skin-1,,Curva,41_skin,qara,qara,q a r a,,heggarty2005,843,,,,,5816,q a r a,"['q', 'a', 'r', 'a']"
Cuzco-41_skin-1,,Cuzco,41_skin,qara,qara,q a r a,,heggarty2005,843,,,,,5816,q a r a,"['q', 'a', 'r', 'a']"
CuzquenoAntiguo-41_skin-1,,CuzquenoAntiguo,41_skin,ccara,ccara,χ a r a,,holguin1608,843,,,,,5816,χ a r a,"['χ', 'a', 'r', 'a']"
Huallaga-41_skin-1,,Huallaga,41_skin,qara,qara,q a r a,,heggarty2005,843,,,,,5816,q a r a,"['q', 'a', 'r', 'a']"
Huanca-41_skin-1,,Huanca,41_skin,uta,uta,u t a,*jota,cerron2018,709,,,,esp,507,- u - t a,"['u', 't', 'a']"
Huancane-41_skin-1,,Huancane,41_skin,hanči lip'iči,hanči lip'iči,h a n tʃ i + l i pʼ i tʃ i,,heggarty2005,845,,,,,5818 5819,h a n tʃ i + l i pʼ i tʃ i,"['h', 'a', 'n', 'tʃ', 'i', '+', 'l', 'i', 'pʼ', 'i', 'tʃ', 'i']"
Huangascar-41_skin-1,,Huangascar,41_skin,qara,qara,q a ɾ a,,shimelman2017,843,,,,,5816,q a ɾ a,"['q', 'a', 'ɾ', 'a']"
HuarazHuailas-41_skin-1,,HuarazHuailas,41_skin,qara,qara,q a ɾ a,,parkerchavez1976,843,,,,,5816,q a ɾ a,"['q', 'a', 'ɾ', 'a']"
Imbabura-41_skin-1,,Imbabura,41_skin,kara,kara,k a ɾ a,,gomez2009,843,,,,,5816,k a ɾ a,"['k', 'a', 'ɾ', 'a']"
Inkawasi-41_skin-1,,Inkawasi,41_skin,χara,χara,χ a r a,,heggarty2005,843,,,,,5816,χ a r a,"['χ', 'a', 'r', 'a']"
Jaqaru-41_skin-1,,Jaqaru,41_skin,qara,qara,q a r a,,heggarty2005,371,,,,,310,q a r a,"['q', 'a', 'r', 'a']"
Kawki-41_skin-1,,Kawki,41_skin,qara,qara,q a r a,,heggarty2005,371,,,,,310,q a r a,"['q', 'a', 'r', 'a']"
Lamas-41_skin-1,,Lamas,41_skin,kara,kara,k a r a,,taylor2006,843,,,,,5816,k a r a,"['k', 'a', 'r', 'a']"
Laraos-41_skin-1,,Laraos,41_skin,qara,qara,q a r a,,heggarty2005,843,,,,,5816,q a r a,"['q', 'a', 'r', 'a']"
Lincha-Tana-41_skin-1,,Lincha-Tana,41_skin,qara,qara,q a ɾ a,,shimelman2017,843,,,,,5816,q a ɾ a,"['q', 'a', 'ɾ', 'a']"
Maragua-41_skin-1,,Maragua,41_skin,qara,qara,q a r a,,heggarty2005,843,,,,,5816,q a r a,"['q', 'a', 'r', 'a']"
Napo-41_skin-1,,Napo,41_skin,cara,cara,k a r a,,orrwrisley1981,843,,,,,5816,k a r a,"['k', 'a', 'r', 'a']"
Pacaraos-41_skin-1,,Pacaraos,41_skin,qara,qara,ʁ a ɾ a,,adelaar1982,843,,,,,5816,ʁ a ɾ a,"['ʁ', 'a', 'ɾ', 'a']"
Pastaza-41_skin-1,,Pastaza,41_skin,cara,cara,k a r a,,landerman1973,843,,,,,5816,k a r a,"['k', 'a', 'r', 'a']"
Pocona-41_skin-1,,Pocona,41_skin,ġara,ġara,ɢ a r a,,heggarty2005,843,,,,,5816,ɢ a r a,"['ɢ', 'a', 'r', 'a']"
Puki-41_skin-1,,Puki,41_skin,hanči lip'iči,hanči lip'iči,h a n tʃ i + l i pʼ i tʃ i,,heggarty2005,845,,,,,5818 5819,h a n tʃ i + l i pʼ i tʃ i,"['h', 'a', 'n', 'tʃ', 'i', '+', 'l', 'i', 'pʼ', 'i', 'tʃ', 'i']"
Puno-41_skin-1,,Puno,41_skin,qara,qara,q a r a,,heggarty2005,843,,,,,5816,q a r a,"['q', 'a', 'r', 'a']"
Putumayo-41_skin-1,,Putumayo,41_skin,cara,cara,k a r a,,tandioy1978,843,,,,,5816,k a r a,"['k', 'a', 'r', 'a']"
Raimondi-41_skin-1,,Raimondi,41_skin,qara,qara,q a ɾ a,,parkerchavez1976,843,,,,,5816,q a ɾ a,"['q', 'a', 'ɾ', 'a']"
SanPedro-41_skin-1,,SanPedro,41_skin,qara,qara,q a ɾ a,,shimelman2017,843,,,,,5816,q a ɾ a,"['q', 'a', 'ɾ', 'a']"
Santiagueno-41_skin-1,,Santiagueno,41_skin,qara,qara,q a ɾ a,,juanatey2021,843,,,,,5816,q a ɾ a,"['q', 'a', 'ɾ', 'a']"
SantoTomas-41_skin-1,,SantoTomas,41_skin,cara,cara,k a r a,,santotomas1951,843,,,,,5816,k a r a,"['k', 'a', 'r', 'a']"
Serena-41_skin-1,,Serena,41_skin,kara,kara,k a r a,,heggarty2005,843,,,,,5816,k a r a,"['k', 'a', 'r', 'a']"
Sullkatiti-41_skin-1,,Sullkatiti,41_skin,hanči lip'iči,hanči lip'iči,h a n tʃ i + l i pʼ i tʃ i,,heggarty2005,845,,,,,5818 5819,h a n tʃ i + l i pʼ i tʃ i,"['h', 'a', 'n', 'tʃ', 'i', '+', 'l', 'i', 'pʼ', 'i', 'tʃ', 'i']"
Taquile-41_skin-1,,Taquile,41_skin,qara,qara,q a r a,,heggarty2005,843,,,,,5816,q a r a,"['q', 'a', 'r', 'a']"
Tarma-41_skin-1,,Tarma,41_skin,xara,xara,χ a ɾ a,,adelaar1977,843,,,,,5816,χ a ɾ a,"['χ', 'a', 'ɾ', 'a']"
Troje-41_skin-1,,Troje,41_skin,kara,kara,k a r a,,heggarty2005,843,,,,,5816,k a r a,"['k', 'a', 'r', 'a']"
Wari-41_skin-1,,Wari,41_skin,qara,qara,q a ɾ a,,parkerchavez1976,843,,,,,5816,q a ɾ a,"['q', 'a', 'ɾ', 'a']"
Yanac-41_skin-1,,Yanac,41_skin,qara,qara,q a r a,,heggarty2005,843,,,,,5816,q a r a,"['q', 'a', 'r', 'a']"
Anonimo-42_fingernail-1,,Anonimo,42_fingernail,fillu,fillu,s i ʎ u,,valera1586,152,,,,,1838,s i ʎ u,"['s', 'i', 'ʎ', 'u']"
Apuri-42_fingernail-1,,Apuri,42_fingernail,sillu,sillu,s i ʎ u,,shimelman2017,152,,,,,1838,s i ʎ u,"['s', 'i', 'ʎ', 'u']"
Apurimac-42_fingernail-1,,Apurimac,42_fingernail,sillu,sillu,s i ʎ u,,camacho2007,152,,,,,1838,s i ʎ u,"['s', 'i', 'ʎ', 'u']"
Arma-42_fingernail-1,,Arma,42_fingernail,sillu,sillu,s i ʎ u,,galvez2003,152,,,,,1838,s i ʎ u,"['s', 'i', 'ʎ', 'u']"
Atalla-42_fingernail-1,,Atalla,42_fingernail,siλu,siλu,s i ʎ u,,heggarty2005,152,,,,,1838,s i ʎ u,"['s', 'i', 'ʎ', 'u']"
Ayacucho-42_fingernail-1,,Ayacucho,42_fingernail,sillu,sillu,s i ʎ u,,soto1976,152,,,,,1838,s i ʎ u,"['s', 'i', 'ʎ', 'u']"
Bobonaza-42_fingernail-1,,Bobonaza,42_fingernail,shillu,shillu,ʃ i ʎ u,,orrwrisley1981,152,,,,,1838,ʃ i ʎ u,"['ʃ', 'i', 'ʎ', 'u']"
Cacra-Hongos-42_fingernail-1,,Cacra-Hongos,42_fingernail,sillu,sillu,s i ʎ u,,shimelman2017,152,,,,,1838,s i ʎ u,"['s', 'i', 'ʎ', 'u']"
Chachapoyas-42_fingernail-1,,Chachapoyas,42_fingernail,shillu,shillu,ʃ i dʑ u,,taylor2006,152,,,,,1838,ʃ i dʑ u,"['ʃ', 'i', 'dʑ', 'u']"
Chacpar-42_fingernail-1,,Chacpar,42_fingernail,šiλu,šiλu,ʃ i ʎ u,,heggarty2005,152,,,,,1838,ʃ i ʎ u,"['ʃ', 'i', 'ʎ', 'u']"
Chetilla-42_fingernail-1,,Chetilla,42_fingernail,šidžu,šidžu,ʃ i dʒ u,,heggarty2005,152,,,,,1838,ʃ i dʒ u,"['ʃ', 'i', 'dʒ', 'u']"
Chipaya-42_fingernail-1,,Chipaya,42_fingernail,isñi,isñi,i s ɲ i,,heggarty2005,896,,,,,66,- i - s ɲ i -,"['i', 's', 'ɲ', 'i']"
Curva-42_fingernail-1,,Curva,42_fingernail,siλu,siλu,s i ʎ u,,heggarty2005,152,,,,,1838,s i ʎ u,"['s', 'i', 'ʎ', 'u']"
Cuzco-42_fingernail-1,,Cuzco,42_fingernail,siλu,siλu,s i ʎ u,,heggarty2005,152,,,,,1838,s i ʎ u,"['s', 'i', 'ʎ', 'u']"
CuzquenoAntiguo-42_fingernail-1,,CuzquenoAntiguo,42_fingernail,sillu,sillu,s i ʎ u,,holguin1608,152,,,,,1838,s i ʎ u,"['s', 'i', 'ʎ', 'u']"
Huallaga-42_fingernail-1,,Huallaga,42_fingernail,šiλu,šiλu,ʃ i ʎ u,,heggarty2005,152,,,,,1838,ʃ i ʎ u,"['ʃ', 'i', 'ʎ', 'u']"
Huanca-42_fingernail-1,,Huanca,42_fingernail,shillu,shillu,ʃ i ʎ u,,cerron1976,152,,,,,1838,ʃ i ʎ u,"['ʃ', 'i', 'ʎ', 'u']"
Huancane-42_fingernail-1,,Huancane,42_fingernail,siλu,siλu,s i ʎ u,,heggarty2005,377,,,,,313,s i ʎ u,"['s', 'i', 'ʎ', 'u']"
Huangascar-42_fingernail-1,,Huangascar,42_fingernail,sillu,sillu,s i ʎ u,,shimelman2017,152,,,,,1838,s i ʎ u,"['s', 'i', 'ʎ', 'u']"
HuarazHuailas-42_fingernail-1,,HuarazHuailas,42_fingernail,shillu,shillu,ʃ i ʎ u,,parkerchavez1976,152,,,,,1838,ʃ i ʎ u,"['ʃ', 'i', 'ʎ', 'u']"
Imbabura-42_fingernail-1,,Imbabura,42_fingernail,sillu,sillu,s i ʎ u,,gomez2009,152,,,,,1838,s i ʎ u,"['s', 'i', 'ʎ', 'u']"
Inkawasi-42_fingernail-1,,Inkawasi,42_fingernail,sižu,sižu,s i ʒ u,,heggarty2005,152,,,,,1838,s i ʒ u,"['s', 'i', 'ʒ', 'u']"
Iruhito-42_fingernail-1,,Iruhito,42_fingernail,sí:lyo,sí:lyo,s iː ʎ o,,cerron2016,379,,,,,315,s iː ʎ o,"['s', 'iː', 'ʎ', 'o']"
Jaqaru-42_fingernail-1,,Jaqaru,42_fingernail,šiλu,šiλu,ʃ i ʎ u,,heggarty2005,377,,,,,313,ʃ i ʎ u,"['ʃ', 'i', 'ʎ', 'u']"
Kawki-42_fingernail-1,,Kawki,42_fingernail,šiλu,šiλu,ʃ i ʎ u,,heggarty2005,377,,,,,313,ʃ i ʎ u,"['ʃ', 'i', 'ʎ', 'u']"
Lamas-42_fingernail-1,,Lamas,42_fingernail,shillu,shillu,ʃ i dʑ u,,taylor2006,152,,,,,1838,ʃ i dʑ u,"['ʃ', 'i', 'dʑ', 'u']"
Laraos-42_fingernail-1,,Laraos,42_fingernail,šiλu,šiλu,ʃ i ʎ u,,heggarty2005,152,,,,,1838,ʃ i ʎ u,"['ʃ', 'i', 'ʎ', 'u']"
Lincha-Tana-42_fingernail-1,,Lincha-Tana,42_fingernail,sillu,sillu,s i ʎ u,,shimelman2017,152,,,,,1838,s i ʎ u,"['s', 'i', 'ʎ', 'u']"
Maragua-42_fingernail-1,,Maragua,42_fingernail,siλu,siλu,s i ʎ u,,heggarty2005,152,,,,,1838,s i ʎ u,"['s', 'i', 'ʎ', 'u']"
Napo-42_fingernail-1,,Napo,42_fingernail,shillu,shillu,ʃ i ʎ u,,orrwrisley1981,152,,,,,1838,ʃ i ʎ u,"['ʃ', 'i', 'ʎ', 'u']"
Pacaraos-42_fingernail-1,,Pacaraos,42_fingernail,shilu,shilu,ʃ i l u,,adelaar1982,152,,,,,1838,ʃ i l u,"['ʃ', 'i', 'l', 'u']"
Pastaza-42_fingernail-1,,Pastaza,42_fingernail,shillu,shillu,ʃ i ʎ u,,landerman1973,152,,,,,1838,ʃ i ʎ u,"['ʃ', 'i', 'ʎ', 'u']"
Pocona-42_fingernail-1,,Pocona,42_fingernail,siλu,siλu,s i ʎ u,,heggarty2005,152,,,,,1838,s i ʎ u,"['s', 'i', 'ʎ', 'u']"
Puki-42_fingernail-1,,Puki,42_fingernail,siλu,siλu,s i ʎ u,,heggarty2005,377,,,,,313,s i ʎ u,"['s', 'i', 'ʎ', 'u']"
Puno-42_fingernail-1,,Puno,42_fingernail,siλu,siλu,s i ʎ u,,heggarty2005,152,,,,,1838,s i ʎ u,"['s', 'i', 'ʎ', 'u']"
Putumayo-42_fingernail-1,,Putumayo,42_fingernail,sillu,sillu,s i ʎ u,,tandioy1978,152,,,,,1838,s i ʎ u,"['s', 'i', 'ʎ', 'u']"
Raimondi-42_fingernail-1,,Raimondi,42_fingernail,shillu,shillu,ʃ i ʎ u,,parkerchavez1976,152,,,,,1838,ʃ i ʎ u,"['ʃ', 'i', 'ʎ', 'u']"
SanPedro-42_fingernail-1,,SanPedro,42_fingernail,sillu,sillu,s i ʎ u,,shimelman2017,152,,,,,1838,s i ʎ u,"['s', 'i', 'ʎ', 'u']"
Santiagueno-42_fingernail-1,,Santiagueno,42_fingernail,sillu,sillu,s i ʒ u,,juanatey2021,152,,,,,1838,s i ʒ u,"['s', 'i', 'ʒ', 'u']"
SantoTomas-42_fingernail-1,,SantoTomas,42_fingernail,ʃillo,ʃillo,s i ʎ o,,santotomas1951,152,,,,,1838,s i ʎ o,"['s', 'i', 'ʎ', 'o']"
Serena-42_fingernail-1,,Serena,42_fingernail,siλu,siλu,s i ʎ u,,heggarty2005,152,,,,,1838,s i ʎ u,"['s', 'i', 'ʎ', 'u']"
Sullkatiti-42_fingernail-1,,Sullkatiti,42_fingernail,siλu,siλu,s i ʎ u,,heggarty2005,377,,,,,313,s i ʎ u,"['s', 'i', 'ʎ', 'u']"
Taquile-42_fingernail-1,,Taquile,42_fingernail,siλu,siλu,s i ʎ u,,heggarty2005,152,,,,,1838,s i ʎ u,"['s', 'i', 'ʎ', 'u']"
Tarma-42_fingernail-1,,Tarma,42_fingernail,šilu,šilu,ʃ i l u,,adelaar1977,152,,,,,1838,ʃ i l u,"['ʃ', 'i', 'l', 'u']"
Troje-42_fingernail-1,,Troje,42_fingernail,sižu,sižu,s i ʒ u,,heggarty2005,152,,,,,1838,s i ʒ u,"['s', 'i', 'ʒ', 'u']"
Tsimu-42_fingernail-1,,Tsimu,42_fingernail,sí:lyo,sí:lyo,s iː ʎ o,,cerron2016,379,,,,,315,s iː ʎ o,"['s', 'iː', 'ʎ', 'o']"
Wari-42_fingernail-1,,Wari,42_fingernail,shillu,shillu,ʃ i ʎ u,,parkerchavez1976,152,,,,,1838,ʃ i ʎ u,"['ʃ', 'i', 'ʎ', 'u']"
Yanac-42_fingernail-1,,Yanac,42_fingernail,šiλu,šiλu,ʃ i ʎ u,,heggarty2005,152,,,,,1838,ʃ i ʎ u,"['ʃ', 'i', 'ʎ', 'u']"
Anonimo-43_bellystomach-1,,Anonimo,43_bellystomach,vicça,vicça,w i k s a,,valera1586,89,,,,,150,w i k s a,"['w', 'i', 'k', 's', 'a']"
Apuri-43_bellystomach-1,,Apuri,43_bellystomach,wiksa,wiksa,w i k s a,,shimelman2017,89,,,,,150,w i k s a,"['w', 'i', 'k', 's', 'a']"
Apurimac-43_bellystomach-1,,Apurimac,43_bellystomach,wiksa,wiksa,w i k s a,,camacho2007,89,,,,,150,w i k s a,"['w', 'i', 'k', 's', 'a']"
Arma-43_bellystomach-1,,Arma,43_bellystomach,wiksa,wiksa,w i k s a,,galvez2003,89,,,,,150,w i k s a,"['w', 'i', 'k', 's', 'a']"
Atalla-43_bellystomach-1,,Atalla,43_bellystomach,wiksa,wiksa,w i k s a,,heggarty2005,89,,,,,150,w i k s a,"['w', 'i', 'k', 's', 'a']"
Ayacucho-43_bellystomach-1,,Ayacucho,43_bellystomach,wiksa,wiksa,w i k s a,,soto1976,89,,,,,150,w i k s a,"['w', 'i', 'k', 's', 'a']"
Bobonaza-43_bellystomach-1,,Bobonaza,43_bellystomach,huicsa,huicsa,w i k s a,,orrwrisley1981,89,,,,,150,w i k s a,"['w', 'i', 'k', 's', 'a']"
Cacra-Hongos-43_bellystomach-1,,Cacra-Hongos,43_bellystomach,wiksa,wiksa,w i k s a,,shimelman2017,89,,,,,150,w i k s a,"['w', 'i', 'k', 's', 'a']"
Chachapoyas-43_bellystomach-1,,Chachapoyas,43_bellystomach,wiksa,wiksa,w i k s a,,taylor2006,89,,,,,150,w i k s a,"['w', 'i', 'k', 's', 'a']"
Chacpar-43_bellystomach-1,,Chacpar,43_bellystomach,pača,pača,p a tʃ a,,heggarty2005,91,,,,,151,p a tʃ a,"['p', 'a', 'tʃ', 'a']"
Chetilla-43_bellystomach-1,,Chetilla,43_bellystomach,paĉa,paĉa,p a ʈʂ a,,heggarty2005,91,,,,,151,p a ʈʂ a,"['p', 'a', 'ʈʂ', 'a']"
Chipaya-43_bellystomach-1,,Chipaya,43_bellystomach,phuč,phuč,pʰ u tʃ,,heggarty2005,879,,,,,64,pʰ u tʃ -,"['pʰ', 'u', 'tʃ']"
Curva-43_bellystomach-1,,Curva,43_bellystomach,"wixsa, wisa",wixsa,w i x s a,,heggarty2005,89,,,,,150,w i x s a,"['w', 'i', 'x', 's', 'a']"
Curva-43_bellystomach-2,,Curva,43_bellystomach,"wixsa, wisa",wisa,w i s a,,heggarty2005,89,,,,,150,w i - s a,"['w', 'i', 's', 'a']"
Cuzco-43_bellystomach-1,,Cuzco,43_bellystomach,wixsa,wixsa,w i x s a,,heggarty2005,89,,,,,150,w i x s a,"['w', 'i', 'x', 's', 'a']"
CuzquenoAntiguo-43_bellystomach-1,,CuzquenoAntiguo,43_bellystomach,vicça,vicça,w i k s a,,holguin1608,89,,,,,150,w i k s a,"['w', 'i', 'k', 's', 'a']"
Huallaga-43_bellystomach-1,,Huallaga,43_bellystomach,pača,pača,p a tʃ a,,heggarty2005,91,,,,,151,p a tʃ a,"['p', 'a', 'tʃ', 'a']"
Huanca-43_bellystomach-1,,Huanca,43_bellystomach,pata,pata,p a t a,,cerron2018,91,,,,,151,p a t a,"['p', 'a', 't', 'a']"
Huancane-43_bellystomach-1,,Huancane,43_bellystomach,pura.ka,pura.ka,p u r a + k a,,heggarty2005,880,,,,,64 152,p u r a + k a,"['p', 'u', 'r', 'a', '+', 'k', 'a']"
Huangascar-43_bellystomach-1,,Huangascar,43_bellystomach,wiksa,wiksa,w i k s a,,shimelman2017,89,,,,,150,w i k s a,"['w', 'i', 'k', 's', 'a']"
HuarazHuailas-43_bellystomach-1,,HuarazHuailas,43_bellystomach,pacha,pacha,p a tʃ a,,parkerchavez1976,91,,,,,151,p a tʃ a,"['p', 'a', 'tʃ', 'a']"
Imbabura-43_bellystomach-1,,Imbabura,43_bellystomach,wiksa,wiksa,w i k s a,,gomez2009,89,,,,,150,w i k s a,"['w', 'i', 'k', 's', 'a']"
Inkawasi-43_bellystomach-1,,Inkawasi,43_bellystomach,paĉa,paĉa,p a ʈʂ a,,heggarty2005,91,,,,,151,p a ʈʂ a,"['p', 'a', 'ʈʂ', 'a']"
Iruhito-43_bellystomach-1,,Iruhito,43_bellystomach,"tšé:r̂i, tóχsi",tšé:r̂i,tʃ eː r i,"tsiri: barriga, toxsi: estomago",cerron2016,887,,,,,65,tʃ eː r i,"['tʃ', 'eː', 'r', 'i']"
Iruhito-43_bellystomach-2,,Iruhito,43_bellystomach,"tšé:r̂i, tóχsi",tóχsi,t o χ s i,"tsiri: barriga, toxsi: estomago",cerron2016,868,,,,,62,t o χ s i,"['t', 'o', 'χ', 's', 'i']"
Jaqaru-43_bellystomach-1,,Jaqaru,43_bellystomach,phuĉa.ka,phuĉa.ka,pʰ u ʈʂ a + k a,,heggarty2005,880,,,,,64 152,pʰ u ʈʂ a + k a,"['pʰ', 'u', 'ʈʂ', 'a', '+', 'k', 'a']"
Kawki-43_bellystomach-1,,Kawki,43_bellystomach,phuĉa.ka,phuĉa.ka,pʰ u ʈʂ a + k a,,heggarty2005,880,,,,,64 152,pʰ u ʈʂ a + k a,"['pʰ', 'u', 'ʈʂ', 'a', '+', 'k', 'a']"
Lamas-43_bellystomach-1,,Lamas,43_bellystomach,wiksa,wiksa,w i k s a,,taylor2006,89,,,,,150,w i k s a,"['w', 'i', 'k', 's', 'a']"
Laraos-43_bellystomach-1,,Laraos,43_bellystomach,wiksa,wiksa,w i k s a,,heggarty2005,89,,,,,150,w i k s a,"['w', 'i', 'k', 's', 'a']"
Lincha-Tana-43_bellystomach-1,,Lincha-Tana,43_bellystomach,wiksa,wiksa,w i k s a,,shimelman2017,89,,,,,150,w i k s a,"['w', 'i', 'k', 's', 'a']"
Maragua-43_bellystomach-1,,Maragua,43_bellystomach,wixsa,wixsa,w i x s a,,heggarty2005,89,,,,,150,w i x s a,"['w', 'i', 'x', 's', 'a']"
Napo-43_bellystomach-1,,Napo,43_bellystomach,huicsa,huicsa,w i k s a,,orrwrisley1981,89,,,,,150,w i k s a,"['w', 'i', 'k', 's', 'a']"
Pacaraos-43_bellystomach-1,,Pacaraos,43_bellystomach,patra,patra,p a ʈʂ a,,adelaar1982,91,,,,,151,p a ʈʂ a,"['p', 'a', 'ʈʂ', 'a']"
Pastaza-43_bellystomach-1,,Pastaza,43_bellystomach,vicsa,vicsa,w i k s a,,landerman1973,89,,,,,150,w i k s a,"['w', 'i', 'k', 's', 'a']"
Pocona-43_bellystomach-1,,Pocona,43_bellystomach,wisa,wisa,w i s a,,heggarty2005,89,,,,,150,w i - s a,"['w', 'i', 's', 'a']"
Puki-43_bellystomach-1,,Puki,43_bellystomach,pura.ka,pura.ka,p u r a + k a,,heggarty2005,880,,,,,64 152,p u r a + k a,"['p', 'u', 'r', 'a', '+', 'k', 'a']"
Puno-43_bellystomach-1,,Puno,43_bellystomach,wiksa,wiksa,w i k s a,,heggarty2005,89,,,,,150,w i k s a,"['w', 'i', 'k', 's', 'a']"
Putumayo-43_bellystomach-1,,Putumayo,43_bellystomach,huigsa,huigsa,w i x s a,,tandioy1978,89,,,,,150,w i x s a,"['w', 'i', 'x', 's', 'a']"
Raimondi-43_bellystomach-1,,Raimondi,43_bellystomach,pacha,pacha,p a tʃ a,,parkerchavez1976,91,,,,,151,p a tʃ a,"['p', 'a', 'tʃ', 'a']"
SanPedro-43_bellystomach-1,,SanPedro,43_bellystomach,wiksa,wiksa,w i k s a,,shimelman2017,89,,,,,150,w i k s a,"['w', 'i', 'k', 's', 'a']"
Santiagueno-43_bellystomach-1,,Santiagueno,43_bellystomach,wiksa,wiksa,w i x s a,,juanatey2021,89,,,,,150,w i x s a,"['w', 'i', 'x', 's', 'a']"
SantoTomas-43_bellystomach-1,,SantoTomas,43_bellystomach,vicça,vicça,w i k s a,,santotomas1951,89,,,,,150,w i k s a,"['w', 'i', 'k', 's', 'a']"
Serena-43_bellystomach-1,,Serena,43_bellystomach,iksa,iksa,i k s a,,heggarty2005,89,,,,,150,- i k s a,"['i', 'k', 's', 'a']"
Sullkatiti-43_bellystomach-1,,Sullkatiti,43_bellystomach,pura.ka,pura.ka,p u r a + k a,,heggarty2005,880,,,,,64 152,p u r a + k a,"['p', 'u', 'r', 'a', '+', 'k', 'a']"
Taquile-43_bellystomach-1,,Taquile,43_bellystomach,wisa,wisa,w i s a,,heggarty2005,89,,,,,150,w i - s a,"['w', 'i', 's', 'a']"
Tarma-43_bellystomach-1,,Tarma,43_bellystomach,paĉa,paĉa,p a ʈʂ a,,adelaar1977,91,,,,,151,p a ʈʂ a,"['p', 'a', 'ʈʂ', 'a']"
Troje-43_bellystomach-1,,Troje,43_bellystomach,wixsa,wixsa,w i x s a,,heggarty2005,89,,,,,150,w i x s a,"['w', 'i', 'x', 's', 'a']"
Tsimu-43_bellystomach-1,,Tsimu,43_bellystomach,"tší:r̂i, tóχsi",tší:r̂i,tʃ iː r i,"tsiri: barriga, toxsi: estomago",cerron2016,887,,,,,65,tʃ iː r i,"['tʃ', 'iː', 'r', 'i']"
Tsimu-43_bellystomach-2,,Tsimu,43_bellystomach,"tší:r̂i, tóχsi",tóχsi,t o χ s i,"tsiri: barriga, toxsi: estomago",cerron2016,868,,,,,62,t o χ s i,"['t', 'o', 'χ', 's', 'i']"
Wari-43_bellystomach-1,,Wari,43_bellystomach,pacha,pacha,p a tʃ a,,parkerchavez1976,91,,,,,151,p a tʃ a,"['p', 'a', 'tʃ', 'a']"
Yanac-43_bellystomach-1,,Yanac,43_bellystomach,paĉa,paĉa,p a ʈʂ a,,heggarty2005,91,,,,,151,p a ʈʂ a,"['p', 'a', 'ʈʂ', 'a']"
Anonimo-44_navel-1,,Anonimo,44_navel,pupu,pupu,p u p u,,valera1586,581,,,,,4318,p u p u ( - - ),"['p', 'u', 'p', 'u']"
Apuri-44_navel-1,,Apuri,44_navel,pupu,pupu,p u p u,,shimelman2017,581,,,,,4318,p u p u ( - - ),"['p', 'u', 'p', 'u']"
Apurimac-44_navel-1,,Apurimac,44_navel,pupu,pupu,p u p u,,camacho2007,581,,,,,4318,p u p u ( - - ),"['p', 'u', 'p', 'u']"
Arma-44_navel-1,,Arma,44_navel,pupu,pupu,p u p u,,galvez2003,581,,,,,4318,p u p u ( - - ),"['p', 'u', 'p', 'u']"
Atalla-44_navel-1,,Atalla,44_navel,pupu,pupu,p u p u,,heggarty2005,581,,,,,4318,p u p u ( - - ),"['p', 'u', 'p', 'u']"
Ayacucho-44_navel-1,,Ayacucho,44_navel,pupu,pupu,p u p u,,soto1976,581,,,,,4318,p u p u ( - - ),"['p', 'u', 'p', 'u']"
Bobonaza-44_navel-1,,Bobonaza,44_navel,pupu,pupu,p u p u,,orrwrisley1981,581,,,,,4318,p u p u ( - - ),"['p', 'u', 'p', 'u']"
Cacra-Hongos-44_navel-1,,Cacra-Hongos,44_navel,pupu,pupu,p u p u,,shimelman2017,581,,,,,4318,p u p u ( - - ),"['p', 'u', 'p', 'u']"
Chachapoyas-44_navel-1,,Chachapoyas,44_navel,pupu,pupu,p u p u,,taylor2006,581,,,,,4318,p u p u ( - - ),"['p', 'u', 'p', 'u']"
Chacpar-44_navel-1,,Chacpar,44_navel,pupu,pupu,p u p u,,heggarty2005,581,,,,,4318,p u p u ( - - ),"['p', 'u', 'p', 'u']"
Chetilla-44_navel-1,,Chetilla,44_navel,mundžu,mundžu,m u n dʒ u,,heggarty2005,582,,,,,4319,m u n dʒ u,"['m', 'u', 'n', 'dʒ', 'u']"
Chipaya-44_navel-1,,Chipaya,44_navel,toñi,toñi,t o ɲ i,,heggarty2005,584,,,,,4320,t o ɲ i,"['t', 'o', 'ɲ', 'i']"
Curva-44_navel-1,,Curva,44_navel,kururu,kururu,k u r u r u,,heggarty2005,585,,,,,4321,k u r u r u,"['k', 'u', 'r', 'u', 'r', 'u']"
Cuzco-44_navel-1,,Cuzco,44_navel,pupu,pupu,p u p u,,heggarty2005,581,,,,,4318,p u p u ( - - ),"['p', 'u', 'p', 'u']"
CuzquenoAntiguo-44_navel-1,,CuzquenoAntiguo,44_navel,pupu,pupu,p u p u,,holguin1608,581,,,,,4318,p u p u ( - - ),"['p', 'u', 'p', 'u']"
Huallaga-44_navel-1,,Huallaga,44_navel,pupu,pupu,p u p u,,heggarty2005,581,,,,,4318,p u p u ( - - ),"['p', 'u', 'p', 'u']"
Huanca-44_navel-1,,Huanca,44_navel,pupu,pupu,p u p u,,cerron2018,581,,,,,4318,p u p u ( - - ),"['p', 'u', 'p', 'u']"
Huancane-44_navel-1,,Huancane,44_navel,kururu,kururu,k u r u r u,,heggarty2005,585,,,,,4321,k u r u r u,"['k', 'u', 'r', 'u', 'r', 'u']"
Huangascar-44_navel-1,,Huangascar,44_navel,pupu,pupu,p u p u,,shimelman2017,581,,,,,4318,p u p u ( - - ),"['p', 'u', 'p', 'u']"
HuarazHuailas-44_navel-1,,HuarazHuailas,44_navel,pupu,pupu,p u p u,,parkerchavez1976,581,,,,,4318,p u p u ( - - ),"['p', 'u', 'p', 'u']"
Imbabura-44_navel-1,,Imbabura,44_navel,pupu,pupu,p u p u,,gomez2009,581,,,,,4318,p u p u ( - - ),"['p', 'u', 'p', 'u']"
Inkawasi-44_navel-1,,Inkawasi,44_navel,mundžu,mundžu,m u n dʒ u,,heggarty2005,582,,,,,4319,m u n dʒ u,"['m', 'u', 'n', 'dʒ', 'u']"
Iruhito-44_navel-1,,Iruhito,44_navel,paeta,paeta,p a e t a,,cerron2016,863,,,,,61,p a - e t - a,"['p', 'a', 'e', 't', 'a']"
Jaqaru-44_navel-1,,Jaqaru,44_navel,kururu,kururu,k u r u r u,,heggarty2005,585,,,,,4321,k u r u r u,"['k', 'u', 'r', 'u', 'r', 'u']"
Kawki-44_navel-1,,Kawki,44_navel,kururu,kururu,k u r u r u,,heggarty2005,585,,,,,4321,k u r u r u,"['k', 'u', 'r', 'u', 'r', 'u']"
Lamas-44_navel-1,,Lamas,44_navel,pupu,pupu,p u p u,,taylor2006,581,,,,,4318,p u p u ( - - ),"['p', 'u', 'p', 'u']"
Laraos-44_navel-1,,Laraos,44_navel,pupu,pupu,p u p u,,heggarty2005,581,,,,,4318,p u p u ( - - ),"['p', 'u', 'p', 'u']"
Lincha-Tana-44_navel-1,,Lincha-Tana,44_navel,pupu,pupu,p u p u,,shimelman2017,581,,,,,4318,p u p u ( - - ),"['p', 'u', 'p', 'u']"
Maragua-44_navel-1,,Maragua,44_navel,pupu,pupu,p u p u,,heggarty2005,581,,,,,4318,p u p u ( - - ),"['p', 'u', 'p', 'u']"
Napo-44_navel-1,,Napo,44_navel,pupu,pupu,p u p u,,orrwrisley1981,581,,,,,4318,p u p u ( - - ),"['p', 'u', 'p', 'u']"
Pacaraos-44_navel-1,,Pacaraos,44_navel,pupu,pupu,p u p u,,adelaar1982,581,,,,,4318,p u p u ( - - ),"['p', 'u', 'p', 'u']"
Pastaza-44_navel-1,,Pastaza,44_navel,pupu,pupu,p u p u,,landerman1973,581,,,,,4318,p u p u ( - - ),"['p', 'u', 'p', 'u']"
Pocona-44_navel-1,,Pocona,44_navel,pupu,pupu,p u p u,,heggarty2005,581,,,,,4318,p u p u ( - - ),"['p', 'u', 'p', 'u']"
Puki-44_navel-1,,Puki,44_navel,kururu,kururu,k u r u r u,,heggarty2005,585,,,,,4321,k u r u r u,"['k', 'u', 'r', 'u', 'r', 'u']"
Puno-44_navel-1,,Puno,44_navel,kururu,kururu,k u r u r u,,heggarty2005,585,,,,,4321,k u r u r u,"['k', 'u', 'r', 'u', 'r', 'u']"
Putumayo-44_navel-1,,Putumayo,44_navel,pupu,pupu,p u p u,,tandioy1978,581,,,,,4318,p u p u ( - - ),"['p', 'u', 'p', 'u']"
Raimondi-44_navel-1,,Raimondi,44_navel,pupu,pupu,p u p u,,parkerchavez1976,581,,,,,4318,p u p u ( - - ),"['p', 'u', 'p', 'u']"
SanPedro-44_navel-1,,SanPedro,44_navel,pupu,pupu,p u p u,,shimelman2017,581,,,,,4318,p u p u ( - - ),"['p', 'u', 'p', 'u']"
Santiagueno-44_navel-1,,Santiagueno,44_navel,pupu,pupu,p u p u,,juanatey2021,581,,,,,4318,p u p u ( - - ),"['p', 'u', 'p', 'u']"
SantoTomas-44_navel-1,,SantoTomas,44_navel,pupunc,pupunc,p u p u n k,,santotomas1951,581,,,,,4318,p u p u ( n k ),"['p', 'u', 'p', 'u', 'n', 'k']"
Serena-44_navel-1,,Serena,44_navel,pupu,pupu,p u p u,,heggarty2005,581,,,,,4318,p u p u ( - - ),"['p', 'u', 'p', 'u']"
Sullkatiti-44_navel-1,,Sullkatiti,44_navel,kururu,kururu,k u r u r u,,heggarty2005,585,,,,,4321,k u r u r u,"['k', 'u', 'r', 'u', 'r', 'u']"
Taquile-44_navel-1,,Taquile,44_navel,kululu,kululu,k u l u l u,,heggarty2005,585,,,,,4321,k u l u l u,"['k', 'u', 'l', 'u', 'l', 'u']"
Tarma-44_navel-1,,Tarma,44_navel,pupu,pupu,p u p u,,adelaar1977,581,,,,,4318,p u p u ( - - ),"['p', 'u', 'p', 'u']"
Troje-44_navel-1,,Troje,44_navel,pupu,pupu,p u p u,,heggarty2005,581,,,,,4318,p u p u ( - - ),"['p', 'u', 'p', 'u']"
Tsimu-44_navel-1,,Tsimu,44_navel,pupúte,pupúte,p u p u t e,,cerron2016,581,,,,,4318,p u p u ( t e ),"['p', 'u', 'p', 'u', 't', 'e']"
Wari-44_navel-1,,Wari,44_navel,pupu,pupu,p u p u,,parkerchavez1976,581,,,,,4318,p u p u ( - - ),"['p', 'u', 'p', 'u']"
Yanac-44_navel-1,,Yanac,44_navel,pupu,pupu,p u p u,,heggarty2005,581,,,,,4318,p u p u ( - - ),"['p', 'u', 'p', 'u']"
Anonimo-45_breast-1,,Anonimo,45_breast,quinchuy,quinchuy,k i n tʃ ui,,valera1586,859,,,,,606,k i n tʃ ui,"['k', 'i', 'n', 'tʃ', 'ui']"
Apuri-45_breast-1,,Apuri,45_breast,chichi,chichi,tʃ i tʃ i,,shimelman2017,861,,,,,607,tʃ i tʃ i,"['tʃ', 'i', 'tʃ', 'i']"
Apuri-45_breast-2,,Apuri,45_breast,ñuñu,ñuñu,ɲ u ɲ u,,shimelman2017,862,,,,,609,ɲ u ɲ u,"['ɲ', 'u', 'ɲ', 'u']"
Apurimac-45_breast-1,,Apurimac,45_breast,ñuñu,ñuñu,ɲ u ɲ u,,camacho2007,862,,,,,609,ɲ u ɲ u,"['ɲ', 'u', 'ɲ', 'u']"
Arma-45_breast-1,,Arma,45_breast,"ñuñu, chichi",ñuñu,ɲ u ɲ u,,galvez2003,862,,,,,609,ɲ u ɲ u,"['ɲ', 'u', 'ɲ', 'u']"
Arma-45_breast-2,,Arma,45_breast,"ñuñu, chichi",chichi,tʃ i tʃ i,,galvez2003,861,,,,,607,tʃ i tʃ i,"['tʃ', 'i', 'tʃ', 'i']"
Atalla-45_breast-1,,Atalla,45_breast,ñuñu,ñuñu,ɲ u ɲ u,,heggarty2005,862,,,,,609,ɲ u ɲ u,"['ɲ', 'u', 'ɲ', 'u']"
Ayacucho-45_breast-1,,Ayacucho,45_breast,ñuñu,ñuñu,ɲ u ɲ u,,soto1976,862,,,,,609,ɲ u ɲ u,"['ɲ', 'u', 'ɲ', 'u']"
Bobonaza-45_breast-1,,Bobonaza,45_breast,chuchu,chuchu,tʃ u tʃ u,,orrwrisley1981,861,,,,,607,tʃ u tʃ u,"['tʃ', 'u', 'tʃ', 'u']"
Cacra-Hongos-45_breast-1,,Cacra-Hongos,45_breast,chichi,chichi,tʃ i tʃ i,,shimelman2017,861,,,,,607,tʃ i tʃ i,"['tʃ', 'i', 'tʃ', 'i']"
Cacra-Hongos-45_breast-2,,Cacra-Hongos,45_breast,ñuñu,ñuñu,ɲ u ɲ u,,shimelman2017,862,,,,,609,ɲ u ɲ u,"['ɲ', 'u', 'ɲ', 'u']"
Chachapoyas-45_breast-1,,Chachapoyas,45_breast,"chuchu,  ñuñu",chuchu,tʃ u tʃ u,,taylor2006,861,,,,,607,tʃ u tʃ u,"['tʃ', 'u', 'tʃ', 'u']"
Chachapoyas-45_breast-2,,Chachapoyas,45_breast,"chuchu,  ñuñu",ñuñu,ɲ u ɲ u,,taylor2006,862,,,,,609,ɲ u ɲ u,"['ɲ', 'u', 'ɲ', 'u']"
Chacpar-45_breast-1,,Chacpar,45_breast,čuču,čuču,tʃ u tʃ u,,heggarty2005,861,,,,,607,tʃ u tʃ u,"['tʃ', 'u', 'tʃ', 'u']"
Chetilla-45_breast-1,,Chetilla,45_breast,čuču,čuču,tʃ u tʃ u,,heggarty2005,861,,,,,607,tʃ u tʃ u,"['tʃ', 'u', 'tʃ', 'u']"
Chipaya-45_breast-1,,Chipaya,45_breast,"ch'añaka, piz",ch'añaka,tʃʼ a ɲ a k a,,heggarty2005,864,,,,,610,tʃʼ a ɲ a k a,"['tʃʼ', 'a', 'ɲ', 'a', 'k', 'a']"
Chipaya-45_breast-2,,Chipaya,45_breast,"ch'añaka, piz",piz,p i z,,heggarty2005,848,,,,,59,p i z -,"['p', 'i', 'z']"
Curva-45_breast-1,,Curva,45_breast,ñuñu,ñuñu,ɲ u ɲ u,,heggarty2005,862,,,,,609,ɲ u ɲ u,"['ɲ', 'u', 'ɲ', 'u']"
Cuzco-45_breast-1,,Cuzco,45_breast,ñuñu,ñuñu,ɲ u ɲ u,,heggarty2005,862,,,,,609,ɲ u ɲ u,"['ɲ', 'u', 'ɲ', 'u']"
CuzquenoAntiguo-45_breast-1,,CuzquenoAntiguo,45_breast,quinchuy,quinchuy,χ i n tʃ ui,,holguin1608,859,,,,,606,χ i n tʃ ui,"['χ', 'i', 'n', 'tʃ', 'ui']"
Huallaga-45_breast-1,,Huallaga,45_breast,"čuču, čiči",čuču,tʃ u tʃ u,,heggarty2005,861,,,,,607,tʃ u tʃ u,"['tʃ', 'u', 'tʃ', 'u']"
Huallaga-45_breast-2,,Huallaga,45_breast,"čuču, čiči",čiči,tʃ i tʃ i,,heggarty2005,861,,,,,607,tʃ i tʃ i,"['tʃ', 'i', 'tʃ', 'i']"
Huanca-45_breast-1,,Huanca,45_breast,ñuñu,ñuñu,ɲ u ɲ u,,cerron2018,862,,,,,609,ɲ u ɲ u,"['ɲ', 'u', 'ɲ', 'u']"
Jauja-45_breast-1,,Jauja,45_breast,chuchu,chuchu,tʃ u tʃ u,(senos),cerron1976,861,,,,,607,tʃ u tʃ u,"['tʃ', 'u', 'tʃ', 'u']"
Huancane-45_breast-1,,Huancane,45_breast,ñuñu,ñuñu,ɲ u ɲ u,,heggarty2005,380,,,,,316,ɲ u ɲ u,"['ɲ', 'u', 'ɲ', 'u']"
Huangascar-45_breast-1,,Huangascar,45_breast,chichi,chichi,tʃ i tʃ i,,shimelman2017,861,,,,,607,tʃ i tʃ i,"['tʃ', 'i', 'tʃ', 'i']"
Huangascar-45_breast-2,,Huangascar,45_breast,ñuñu,ñuñu,ɲ u ɲ u,,shimelman2017,862,,,,,609,ɲ u ɲ u,"['ɲ', 'u', 'ɲ', 'u']"
HuarazHuailas-45_breast-1,,HuarazHuailas,45_breast,ñuñu,ñuñu,ɳ u ɳ u,,parkerchavez1976,862,,,,,609,ɳ u ɳ u,"['ɳ', 'u', 'ɳ', 'u']"
Imbabura-45_breast-1,,Imbabura,45_breast,chuchu,chuchu,tʃ u tʃ u,,gomez2009,861,,,,,607,tʃ u tʃ u,"['tʃ', 'u', 'tʃ', 'u']"
Inkawasi-45_breast-1,,Inkawasi,45_breast,ñuñu,ñuñu,ɲ u ɲ u,,heggarty2005,862,,,,,609,ɲ u ɲ u,"['ɲ', 'u', 'ɲ', 'u']"
Jaqaru-45_breast-1,,Jaqaru,45_breast,ñuñu,ñuñu,ɲ u ɲ u,,heggarty2005,380,,,,,316,ɲ u ɲ u,"['ɲ', 'u', 'ɲ', 'u']"
Kawki-45_breast-1,,Kawki,45_breast,ñuñu,ñuñu,ɲ u ɲ u,,heggarty2005,380,,,,,316,ɲ u ɲ u,"['ɲ', 'u', 'ɲ', 'u']"
Lamas-45_breast-1,,Lamas,45_breast,"chuchu,  ñuñu",chuchu,tʃ u tʃ u,,taylor2006,861,,,,,607,tʃ u tʃ u,"['tʃ', 'u', 'tʃ', 'u']"
Lamas-45_breast-2,,Lamas,45_breast,"chuchu,  ñuñu",ñuñu,ɲ u ɲ u,,taylor2006,862,,,,,609,ɲ u ɲ u,"['ɲ', 'u', 'ɲ', 'u']"
Laraos-45_breast-1,,Laraos,45_breast,ñuñu,ñuñu,ɲ u ɲ u,,heggarty2005,862,,,,,609,ɲ u ɲ u,"['ɲ', 'u', 'ɲ', 'u']"
Lincha-Tana-45_breast-1,,Lincha-Tana,45_breast,chichi,chichi,tʃ i tʃ i,,shimelman2017,861,,,,,607,tʃ i tʃ i,"['tʃ', 'i', 'tʃ', 'i']"
Lincha-Tana-45_breast-2,,Lincha-Tana,45_breast,ñuñu,ñuñu,ɲ u ɲ u,,shimelman2017,862,,,,,609,ɲ u ɲ u,"['ɲ', 'u', 'ɲ', 'u']"
Maragua-45_breast-1,,Maragua,45_breast,ñuñu,ñuñu,ɲ u ɲ u,,heggarty2005,862,,,,,609,ɲ u ɲ u,"['ɲ', 'u', 'ɲ', 'u']"
Napo-45_breast-1,,Napo,45_breast,chuchu,chuchu,tʃ u tʃ u,,orrwrisley1981,861,,,,,607,tʃ u tʃ u,"['tʃ', 'u', 'tʃ', 'u']"
Pacaraos-45_breast-1,,Pacaraos,45_breast,chuchu,chuchu,tʃ u tʃ u,,adelaar1982,861,,,,,607,tʃ u tʃ u,"['tʃ', 'u', 'tʃ', 'u']"
Pastaza-45_breast-1,,Pastaza,45_breast,chuchu,chuchu,tʃ u tʃ u,,landerman1973,861,,,,,607,tʃ u tʃ u,"['tʃ', 'u', 'tʃ', 'u']"
Pocona-45_breast-1,,Pocona,45_breast,ñuñu,ñuñu,ɲ u ɲ u,,heggarty2005,862,,,,,609,ɲ u ɲ u,"['ɲ', 'u', 'ɲ', 'u']"
Puki-45_breast-1,,Puki,45_breast,ñuñu,ñuñu,ɲ u ɲ u,,heggarty2005,380,,,,,316,ɲ u ɲ u,"['ɲ', 'u', 'ɲ', 'u']"
Puno-45_breast-1,,Puno,45_breast,ñuñu,ñuñu,ɲ u ɲ u,,heggarty2005,862,,,,,609,ɲ u ɲ u,"['ɲ', 'u', 'ɲ', 'u']"
Putumayo-45_breast-1,,Putumayo,45_breast,chuchu,chuchu,tʃ u tʃ u,,tandioy1978,861,,,,,607,tʃ u tʃ u,"['tʃ', 'u', 'tʃ', 'u']"
Raimondi-45_breast-1,,Raimondi,45_breast,ñuñu,ñuñu,ɳ u ɳ u,,parkerchavez1976,862,,,,,609,ɳ u ɳ u,"['ɳ', 'u', 'ɳ', 'u']"
SanPedro-45_breast-1,,SanPedro,45_breast,chichi,chichi,tʃ i tʃ i,,shimelman2017,861,,,,,607,tʃ i tʃ i,"['tʃ', 'i', 'tʃ', 'i']"
SanPedro-45_breast-2,,SanPedro,45_breast,ñuñu,ñuñu,ɲ u ɲ u,,shimelman2017,862,,,,,609,ɲ u ɲ u,"['ɲ', 'u', 'ɲ', 'u']"
Santiagueno-45_breast-1,,Santiagueno,45_breast,ñuñu,ñuñu,ɲ u ɲ u,,juanatey2021,862,,,,,609,ɲ u ɲ u,"['ɲ', 'u', 'ɲ', 'u']"
SantoTomas-45_breast-1,,SantoTomas,45_breast,ñoño,ñoño,ɲ o ɲ o,,santotomas1951,862,,,,,609,ɲ o ɲ o,"['ɲ', 'o', 'ɲ', 'o']"
Serena-45_breast-1,,Serena,45_breast,čuču,čuču,tʃ u tʃ u,,heggarty2005,861,,,,,607,tʃ u tʃ u,"['tʃ', 'u', 'tʃ', 'u']"
Sullkatiti-45_breast-1,,Sullkatiti,45_breast,ñuñu,ñuñu,ɲ u ɲ u,,heggarty2005,380,,,,,316,ɲ u ɲ u,"['ɲ', 'u', 'ɲ', 'u']"
Taquile-45_breast-1,,Taquile,45_breast,ñuñu,ñuñu,ɲ u ɲ u,,heggarty2005,862,,,,,609,ɲ u ɲ u,"['ɲ', 'u', 'ɲ', 'u']"
Tarma-45_breast-1,,Tarma,45_breast,čuču,čuču,tʃ u tʃ u,,adelaar1977,861,,,,,607,tʃ u tʃ u,"['tʃ', 'u', 'tʃ', 'u']"
Troje-45_breast-1,,Troje,45_breast,čuču,čuču,tʃ u tʃ u,,heggarty2005,861,,,,,607,tʃ u tʃ u,"['tʃ', 'u', 'tʃ', 'u']"
Wari-45_breast-1,,Wari,45_breast,ñuñu,ñuñu,ɳ u ɳ u,,parkerchavez1976,862,,,,,609,ɳ u ɳ u,"['ɳ', 'u', 'ɳ', 'u']"
Yanac-45_breast-1,,Yanac,45_breast,seno,seno,s e n o,,heggarty2005,856,,,,esp,60,s e n o,"['s', 'e', 'n', 'o']"
Anonimo-46_heart-1,,Anonimo,46_heart,ʃonco,ʃonco,!s̺/s ɔ n k ɔ,,valera1586,331,,,,,2878,!s̺/s ɔ n k ɔ,"['!s̺/s', 'ɔ', 'n', 'k', 'ɔ']"
Apurimac-46_heart-1,,Apurimac,46_heart,sonqo,sonqo,s o n q o,,camacho2007,331,,,,,2878,s o n q o,"['s', 'o', 'n', 'q', 'o']"
Arma-46_heart-1,,Arma,46_heart,sunqu,sunqu,s u ŋ χ u,,galvez2003,331,,,,,2878,s u ŋ χ u,"['s', 'u', 'ŋ', 'χ', 'u']"
Atalla-46_heart-1,,Atalla,46_heart,sunġu,sunġu,s u n ɢ u,,heggarty2005,331,,,,,2878,s u n ɢ u,"['s', 'u', 'n', 'ɢ', 'u']"
Ayacucho-46_heart-1,,Ayacucho,46_heart,sonqo,sonqo,s o ŋ χ o,,soto1976,331,,,,,2878,s o ŋ χ o,"['s', 'o', 'ŋ', 'χ', 'o']"
Bobonaza-46_heart-1,,Bobonaza,46_heart,shungu,shungu,ʃ u n g u,,orrwrisley1981,331,,,,,2878,ʃ u n g u,"['ʃ', 'u', 'n', 'g', 'u']"
Cacra-Hongos-46_heart-1,,Cacra-Hongos,46_heart,shunqu,shunqu,ʃ o ŋ q u,,shimelman2017,331,,,,,2878,ʃ o ŋ q u,"['ʃ', 'o', 'ŋ', 'q', 'u']"
Chachapoyas-46_heart-1,,Chachapoyas,46_heart,shunku,shunku,ʃ u n g u,,taylor2006,331,,,,,2878,ʃ u n g u,"['ʃ', 'u', 'n', 'g', 'u']"
Chacpar-46_heart-1,,Chacpar,46_heart,šunγu,šunγu,ʃ u n ʁ u,,heggarty2005,331,,,,,2878,ʃ u n ʁ u,"['ʃ', 'u', 'n', 'ʁ', 'u']"
Chetilla-46_heart-1,,Chetilla,46_heart,shonqo,shonqo,ʃ o n q o,,quesada1976,331,,,,,2878,ʃ o n q o,"['ʃ', 'o', 'n', 'q', 'o']"
Chipaya-46_heart-1,,Chipaya,46_heart,tuzi,tuzi,t u z i,,heggarty2005,333,,,,,2881,t u - z - i,"['t', 'u', 'z', 'i']"
Curva-46_heart-1,,Curva,46_heart,sunqu,sunqu,s u n q u,,heggarty2005,331,,,,,2878,s u n q u,"['s', 'u', 'n', 'q', 'u']"
Cuzco-46_heart-1,,Cuzco,46_heart,sunqu,sunqu,s u n q u,,heggarty2005,331,,,,,2878,s u n q u,"['s', 'u', 'n', 'q', 'u']"
CuzquenoAntiguo-46_heart-1,,CuzquenoAntiguo,46_heart,sonco,sonco,s u n k u,,holguin1608,331,,,,,2878,s u n k u,"['s', 'u', 'n', 'k', 'u']"
Huallaga-46_heart-1,,Huallaga,46_heart,šunqu,šunqu,ʃ u n q u,,heggarty2005,331,,,,,2878,ʃ u n q u,"['ʃ', 'u', 'n', 'q', 'u']"
Huanca-46_heart-1,,Huanca,46_heart,shunqu,shunqu,ʂ u n ʔ u,,cerron1976,331,,,,,2878,ʂ u n ʔ u,"['ʂ', 'u', 'n', 'ʔ', 'u']"
Huancane-46_heart-1,,Huancane,46_heart,λuqu,λuqu,ʎ u q u,,heggarty2005,334,,,,,2882,ʎ u q u,"['ʎ', 'u', 'q', 'u']"
Huangascar-46_heart-1,,Huangascar,46_heart,shunqu,shunqu,ʃ o ŋ q u,,shimelman2017,331,,,,,2878,ʃ o ŋ q u,"['ʃ', 'o', 'ŋ', 'q', 'u']"
HuarazHuailas-46_heart-1,,HuarazHuailas,46_heart,shonqu,shonqu,ʃ o ɲ q u,,parkerchavez1976,331,,,,,2878,ʃ o ɲ q u,"['ʃ', 'o', 'ɲ', 'q', 'u']"
Imbabura-46_heart-1,,Imbabura,46_heart,shungu,shungu,ʃ u n g u,,gomez2009,331,,,,,2878,ʃ u n g u,"['ʃ', 'u', 'n', 'g', 'u']"
Inkawasi-46_heart-1,,Inkawasi,46_heart,corazón,corazón,k o r a z o n,,heggarty2005,535,,,,esp,404,k o r a z o n - -,"['k', 'o', 'r', 'a', 'z', 'o', 'n']"
Iruhito-46_heart-1,,Iruhito,46_heart,túsʰi,túsʰi,t u s i,,cerron2016,333,,,,,2881,t u - s - i,"['t', 'u', 's', 'i']"
Jaqaru-46_heart-1,,Jaqaru,46_heart,kurasunha,kurasunha,k u r a s u n h a,,heggarty2005,659,,,,esp,475,k u r a s u n h a,"['k', 'u', 'r', 'a', 's', 'u', 'n', 'h', 'a']"
Kawki-46_heart-1,,Kawki,46_heart,kurasunha,kurasunha,k u r a s u n h a,,heggarty2005,660,,,,esp,476,k u r a s u n h a,"['k', 'u', 'r', 'a', 's', 'u', 'n', 'h', 'a']"
Lamas-46_heart-1,,Lamas,46_heart,shunku,shunku,ʃ u n g u,,taylor2006,331,,,,,2878,ʃ u n g u,"['ʃ', 'u', 'n', 'g', 'u']"
Laraos-46_heart-1,,Laraos,46_heart,sunqu,sunqu,s u n q u,,heggarty2005,331,,,,,2878,s u n q u,"['s', 'u', 'n', 'q', 'u']"
Lincha-Tana-46_heart-1,,Lincha-Tana,46_heart,shunqu,shunqu,ʃ o ŋ q u,,shimelman2017,331,,,,,2878,ʃ o ŋ q u,"['ʃ', 'o', 'ŋ', 'q', 'u']"
Maragua-46_heart-1,,Maragua,46_heart,sunqu,sunqu,s u n q u,,heggarty2005,331,,,,,2878,s u n q u,"['s', 'u', 'n', 'q', 'u']"
Napo-46_heart-1,,Napo,46_heart,shungu,shungu,ʃ u n g u,,orrwrisley1981,331,,,,,2878,ʃ u n g u,"['ʃ', 'u', 'n', 'g', 'u']"
Pacaraos-46_heart-1,,Pacaraos,46_heart,shunqu,shunqu,ʃ u ɴ χ u,,adelaar1982,331,,,,,2878,ʃ u ɴ χ u,"['ʃ', 'u', 'ɴ', 'χ', 'u']"
Pastaza-46_heart-1,,Pastaza,46_heart,curasun,curasun,k u r a s u n,,landerman1973,661,,,,esp,477,k u r a s u n - -,"['k', 'u', 'r', 'a', 's', 'u', 'n']"
Pocona-46_heart-1,,Pocona,46_heart,sunγu,sunγu,s u n ʁ u,,heggarty2005,331,,,,,2878,s u n ʁ u,"['s', 'u', 'n', 'ʁ', 'u']"
Puki-46_heart-1,,Puki,46_heart,λuqu,λuqu,ʎ u q u,,heggarty2005,334,,,,,2882,ʎ u q u,"['ʎ', 'u', 'q', 'u']"
Puno-46_heart-1,,Puno,46_heart,sunqu,sunqu,s u n q u,,heggarty2005,331,,,,,2878,s u n q u,"['s', 'u', 'n', 'q', 'u']"
Putumayo-46_heart-1,,Putumayo,46_heart,sungu,sungu,s u n g u,,tandioy1978,331,,,,,2878,s u n g u,"['s', 'u', 'n', 'g', 'u']"
Raimondi-46_heart-1,,Raimondi,46_heart,shonqu,shonqu,ʃ o ɲ q u,,parkerchavez1976,331,,,,,2878,ʃ o ɲ q u,"['ʃ', 'o', 'ɲ', 'q', 'u']"
SanPedro-46_heart-1,,SanPedro,46_heart,shunqu,shunqu,ʃ o ŋ q u,,shimelman2017,331,,,,,2878,ʃ o ŋ q u,"['ʃ', 'o', 'ŋ', 'q', 'u']"
Santiagueno-46_heart-1,,Santiagueno,46_heart,sonqo,sonqo,s o ŋ q o,,juanatey2021,331,,,,,2878,s o ŋ q o,"['s', 'o', 'ŋ', 'q', 'o']"
SantoTomas-46_heart-1,,SantoTomas,46_heart,ʃongo,ʃongo,s o n q o,,santotomas1951,331,,,,,2878,s o n q o,"['s', 'o', 'n', 'q', 'o']"
Serena-46_heart-1,,Serena,46_heart,šungu,šungu,ʃ u n g u,,heggarty2005,331,,,,,2878,ʃ u n g u,"['ʃ', 'u', 'n', 'g', 'u']"
Sullkatiti-46_heart-1,,Sullkatiti,46_heart,λuqu,λuqu,ʎ u q u,,heggarty2005,334,,,,,2882,ʎ u q u,"['ʎ', 'u', 'q', 'u']"
Taquile-46_heart-1,,Taquile,46_heart,sunqu,sunqu,s u n q u,,heggarty2005,331,,,,,2878,s u n q u,"['s', 'u', 'n', 'q', 'u']"
Tarma-46_heart-1,,Tarma,46_heart,šun̊xu,šun̊xu,ʃ o ŋ χ u,,adelaar1977,331,,,,,2878,ʃ o ŋ χ u,"['ʃ', 'o', 'ŋ', 'χ', 'u']"
Troje-46_heart-1,,Troje,46_heart,šungu,šungu,ʃ u n g u,,heggarty2005,331,,,,,2878,ʃ u n g u,"['ʃ', 'u', 'n', 'g', 'u']"
Tsimu-46_heart-1,,Tsimu,46_heart,tšúr̂shi,tšúr̂shi,tʃ u r s h i,,cerron2016,333,,,,,2881,tʃ u r s h i,"['tʃ', 'u', 'r', 's', 'h', 'i']"
Wari-46_heart-1,,Wari,46_heart,shonqu,shonqu,ʃ o ɲ q u,,parkerchavez1976,331,,,,,2878,ʃ o ɲ q u,"['ʃ', 'o', 'ɲ', 'q', 'u']"
Yanac-46_heart-1,,Yanac,46_heart,šunqu,šunqu,ʃ u n q u,,heggarty2005,331,,,,,2878,ʃ u n q u,"['ʃ', 'u', 'n', 'q', 'u']"
Anonimo-47_dog-1,,Anonimo,47_dog,allco,allco,a ʎ k ɔ,,valera1586,19,,,,,1109,a ʎ k ɔ,"['a', 'ʎ', 'k', 'ɔ']"
Apuri-47_dog-1,,Apuri,47_dog,allqu,allqu,a ʎ q o,,shimelman2017,19,,,,,1109,a ʎ q o,"['a', 'ʎ', 'q', 'o']"
Apurimac-47_dog-1,,Apurimac,47_dog,"allqo, alqo",allqo,a ʎ q o,,camacho2007,19,,,,,1109,a ʎ q o,"['a', 'ʎ', 'q', 'o']"
Apurimac-47_dog-2,,Apurimac,47_dog,"allqo, alqo",alqo,a l q o,,camacho2007,19,,,,,1109,a l q o,"['a', 'l', 'q', 'o']"
Arma-47_dog-1,,Arma,47_dog,allqu,allqu,a ʎ χ u,,galvez2003,19,,,,,1109,a ʎ χ u,"['a', 'ʎ', 'χ', 'u']"
Atalla-47_dog-1,,Atalla,47_dog,aλχu,aλχu,a ʎ χ u,,heggarty2005,19,,,,,1109,a ʎ χ u,"['a', 'ʎ', 'χ', 'u']"
Ayacucho-47_dog-1,,Ayacucho,47_dog,allqo,allqo,a ʎ χ o,,soto1976,19,,,,,1109,a ʎ χ o,"['a', 'ʎ', 'χ', 'o']"
Bobonaza-47_dog-1,,Bobonaza,47_dog,allcu,allcu,a ʎ k u,,orrwrisley1981,19,,,,,1109,a ʎ k u,"['a', 'ʎ', 'k', 'u']"
Cacra-Hongos-47_dog-1,,Cacra-Hongos,47_dog,allqu,allqu,a ʎ q o,,shimelman2017,19,,,,,1109,a ʎ q o,"['a', 'ʎ', 'q', 'o']"
Chachapoyas-47_dog-1,,Chachapoyas,47_dog,allku,allku,a dʑ k u,,taylor2006,19,,,,,1109,a dʑ k u,"['a', 'dʑ', 'k', 'u']"
Chacpar-47_dog-1,,Chacpar,47_dog,aλγu,aλγu,a ʎ ʁ u,,heggarty2005,19,,,,,1109,a ʎ ʁ u,"['a', 'ʎ', 'ʁ', 'u']"
Chetilla-47_dog-1,,Chetilla,47_dog,ač(ə)γu,ačγu,a tʃ ʁ u,,heggarty2005,19,,,,,1109,a tʃ ʁ u,"['a', 'tʃ', 'ʁ', 'u']"
Chipaya-47_dog-1,,Chipaya,47_dog,paqwu,paqwu,p a q w u,,heggarty2005,842,,,,,58,p a q w u,"['p', 'a', 'q', 'w', 'u']"
Curva-47_dog-1,,Curva,47_dog,alqu,alqu,a l q u,,heggarty2005,19,,,,,1109,a l q u,"['a', 'l', 'q', 'u']"
Cuzco-47_dog-1,,Cuzco,47_dog,alqu,alqu,a l q u,,heggarty2005,19,,,,,1109,a l q u,"['a', 'l', 'q', 'u']"
CuzquenoAntiguo-47_dog-1,,CuzquenoAntiguo,47_dog,allco,allco,a ʎ k u,,holguin1608,19,,,,,1109,a ʎ k u,"['a', 'ʎ', 'k', 'u']"
Huallaga-47_dog-1,,Huallaga,47_dog,aλqu,aλqu,a ʎ q u,,heggarty2005,19,,,,,1109,a ʎ q u,"['a', 'ʎ', 'q', 'u']"
Huanca-47_dog-1,,Huanca,47_dog,allqu,allqu,a ʎ ʔ u,,cerron1976,19,,,,,1109,a ʎ ʔ u,"['a', 'ʎ', 'ʔ', 'u']"
Huancane-47_dog-1,,Huancane,47_dog,anuqara,anuqara,a n u + q a r a,,heggarty2005,23,,,,,1112 354,a n u + q a r - a,"['a', 'n', 'u', '+', 'q', 'a', 'r', 'a']"
Huangascar-47_dog-1,,Huangascar,47_dog,allqu,allqu,a ʎ q o,,shimelman2017,19,,,,,1109,a ʎ q o,"['a', 'ʎ', 'q', 'o']"
HuarazHuailas-47_dog-1,,HuarazHuailas,47_dog,allqu,allqu,a ʎ q u,,parkerchavez1976,19,,,,,1109,a ʎ q u,"['a', 'ʎ', 'q', 'u']"
Imbabura-47_dog-1,,Imbabura,47_dog,allku,allku,a ʎ k u,,gomez2009,19,,,,,1109,a ʎ k u,"['a', 'ʎ', 'k', 'u']"
Inkawasi-47_dog-1,,Inkawasi,47_dog,až(ə)γu,ažγu,a ʒ ʁ u,,heggarty2005,19,,,,,1109,a ʒ ʁ u,"['a', 'ʒ', 'ʁ', 'u']"
Iruhito-47_dog-1,,Iruhito,47_dog,ts’á:t-kátni,ts’á:t-kátni,tsʼ aː t + k a t n i,,cerron2016,824,,,,,57 1113,tsʼ aː t - + k a t n i,"['tsʼ', 'aː', 't', '+', 'k', 'a', 't', 'n', 'i']"
Jaqaru-47_dog-1,,Jaqaru,47_dog,haλ(a)q'u,haλq'u,h a ʎ qʼ u,,heggarty2005,383,,,,,317,( h ) a ʎ qʼ u,"['h', 'a', 'ʎ', 'qʼ', 'u']"
Kawki-47_dog-1,,Kawki,47_dog,ašara,ašara,a ʃ a r a,,heggarty2005,21,,,,,1110,- a ʃ a r a,"['a', 'ʃ', 'a', 'r', 'a']"
Lamas-47_dog-1,,Lamas,47_dog,allku,allku,a dʑ k u,,taylor2006,19,,,,,1109,a dʑ k u,"['a', 'dʑ', 'k', 'u']"
Laraos-47_dog-1,,Laraos,47_dog,alqu,alqu,a l q u,,heggarty2005,19,,,,,1109,a l q u,"['a', 'l', 'q', 'u']"
Lincha-Tana-47_dog-1,,Lincha-Tana,47_dog,allqu,allqu,a ʎ q o,,shimelman2017,19,,,,,1109,a ʎ q o,"['a', 'ʎ', 'q', 'o']"
Maragua-47_dog-1,,Maragua,47_dog,alqu,alqu,a l q u,,heggarty2005,19,,,,,1109,a l q u,"['a', 'l', 'q', 'u']"
Napo-47_dog-1,,Napo,47_dog,allcu,allcu,a ʎ k u,,orrwrisley1981,19,,,,,1109,a ʎ k u,"['a', 'ʎ', 'k', 'u']"
Pacaraos-47_dog-1,,Pacaraos,47_dog,alqu,alqu,a l χ o,,adelaar1982,19,,,,,1109,a l χ o,"['a', 'l', 'χ', 'o']"
Pastaza-47_dog-1,,Pastaza,47_dog,allcu,allcu,a ʎ k u,,landerman1973,19,,,,,1109,a ʎ k u,"['a', 'ʎ', 'k', 'u']"
Pocona-47_dog-1,,Pocona,47_dog,alγu,alγu,a l ʁ u,,heggarty2005,19,,,,,1109,a l ʁ u,"['a', 'l', 'ʁ', 'u']"
Puki-47_dog-1,,Puki,47_dog,anu,anu,a n u,,heggarty2005,22,,,,,1112,a n u,"['a', 'n', 'u']"
Puno-47_dog-1,,Puno,47_dog,alqu,alqu,a l q u,,heggarty2005,19,,,,,1109,a l q u,"['a', 'l', 'q', 'u']"
Putumayo-47_dog-1,,Putumayo,47_dog,alcu,alcu,a l k u,,tandioy1978,19,,,,,1109,a l k u,"['a', 'l', 'k', 'u']"
Raimondi-47_dog-1,,Raimondi,47_dog,allqu,allqu,a ʎ q u,,parkerchavez1976,19,,,,,1109,a ʎ q u,"['a', 'ʎ', 'q', 'u']"
SanPedro-47_dog-1,,SanPedro,47_dog,allqu,allqu,a ʎ q o,,shimelman2017,19,,,,,1109,a ʎ q o,"['a', 'ʎ', 'q', 'o']"
Santiagueno-47_dog-1,,Santiagueno,47_dog,allqo,allqo,a ʒ q o,,juanatey2021,19,,,,,1109,a ʒ q o,"['a', 'ʒ', 'q', 'o']"
SantoTomas-47_dog-1,,SantoTomas,47_dog,allqu,allqu,a ʎ q u,,santotomas1951,19,,,,,1109,a ʎ q u,"['a', 'ʎ', 'q', 'u']"
Serena-47_dog-1,,Serena,47_dog,aλku,aλku,a ʎ k u,,heggarty2005,19,,,,,1109,a ʎ k u,"['a', 'ʎ', 'k', 'u']"
Sullkatiti-47_dog-1,,Sullkatiti,47_dog,anu,anu,a n u,,heggarty2005,22,,,,,1112,a n u,"['a', 'n', 'u']"
Taquile-47_dog-1,,Taquile,47_dog,alqu,alqu,a l q u,,heggarty2005,19,,,,,1109,a l q u,"['a', 'l', 'q', 'u']"
Tarma-47_dog-1,,Tarma,47_dog,alxu,alxu,a l χ o,,adelaar1977,19,,,,,1109,a l χ o,"['a', 'l', 'χ', 'o']"
Troje-47_dog-1,,Troje,47_dog,ažku,ažku,a ʒ k u,,heggarty2005,19,,,,,1109,a ʒ k u,"['a', 'ʒ', 'k', 'u']"
Tsimu-47_dog-1,,Tsimu,47_dog,"ts’á:ta, pá:ko",ts’á:ta,tsʼ aː t a,,cerron2016,823,,,,,57,tsʼ aː t a,"['tsʼ', 'aː', 't', 'a']"
Tsimu-47_dog-2,,Tsimu,47_dog,"ts’á:ta, pá:ko",pá:ko,p aː k o,,cerron2016,842,,,,,58,p aː k - o,"['p', 'aː', 'k', 'o']"
Wari-47_dog-1,,Wari,47_dog,allqu,allqu,a ʎ q u,,parkerchavez1976,19,,,,,1109,a ʎ q u,"['a', 'ʎ', 'q', 'u']"
Yanac-47_dog-1,,Yanac,47_dog,aλqu,aλqu,a ʎ q u,,heggarty2005,19,,,,,1109,a ʎ q u,"['a', 'ʎ', 'q', 'u']"
Anonimo-48_fox-1,,Anonimo,48_fox,atoc,atoc,a t ɔ k,,valera1586,227,,,,,2264,a t ɔ k,"['a', 't', 'ɔ', 'k']"
Apuri-48_fox-1,,Apuri,48_fox,atuq,atuq,a t o q,,shimelman2017,227,,,,,2264,a t o q,"['a', 't', 'o', 'q']"
Apurimac-48_fox-1,,Apurimac,48_fox,atoq,atoq,a t o q,,camacho2007,227,,,,,2264,a t o q,"['a', 't', 'o', 'q']"
Arma-48_fox-1,,Arma,48_fox,atuq,atuq,a t u χ,,galvez2003,227,,,,,2264,a t u χ,"['a', 't', 'u', 'χ']"
Atalla-48_fox-1,,Atalla,48_fox,atuχ,atuχ,a t u χ,,heggarty2005,227,,,,,2264,a t u χ,"['a', 't', 'u', 'χ']"
Ayacucho-48_fox-1,,Ayacucho,48_fox,atoq,atoq,a t o χ,,soto1976,227,,,,,2264,a t o χ,"['a', 't', 'o', 'χ']"
Cacra-Hongos-48_fox-1,,Cacra-Hongos,48_fox,atuq,atuq,a t o q,,shimelman2017,227,,,,,2264,a t o q,"['a', 't', 'o', 'q']"
Chachapoyas-48_fox-1,,Chachapoyas,48_fox,atuk,atuk,a t u k,,taylor2006,227,,,,,2264,a t u k,"['a', 't', 'u', 'k']"
Chacpar-48_fox-1,,Chacpar,48_fox,atuq,atuq,a t u q,,heggarty2005,227,,,,,2264,a t u q,"['a', 't', 'u', 'q']"
Chetilla-48_fox-1,,Chetilla,48_fox,atoq,atoq,a t o q,,quesada1976,227,,,,,2264,a t o q,"['a', 't', 'o', 'q']"
Chipaya-48_fox-1,,Chipaya,48_fox,qiti,qiti,q i t i,,heggarty2005,789,,,,,55,q i t i - -,"['q', 'i', 't', 'i']"
Curva-48_fox-1,,Curva,48_fox,atuχ,atuχ,a t u χ,,heggarty2005,227,,,,,2264,a t u χ,"['a', 't', 'u', 'χ']"
Cuzco-48_fox-1,,Cuzco,48_fox,atuχ,atuχ,a t u χ,,heggarty2005,227,,,,,2264,a t u χ,"['a', 't', 'u', 'χ']"
CuzquenoAntiguo-48_fox-1,,CuzquenoAntiguo,48_fox,atok,atok,a t u k,,holguin1608,227,,,,,2264,a t u k,"['a', 't', 'u', 'k']"
Huallaga-48_fox-1,,Huallaga,48_fox,atuχ,atuχ,a t u χ,,heggarty2005,227,,,,,2264,a t u χ,"['a', 't', 'u', 'χ']"
Huanca-48_fox-1,,Huanca,48_fox,atuq,atuq,a t u ʔ,,cerron1976,227,,,,,2264,a t u ʔ,"['a', 't', 'u', 'ʔ']"
Huancane-48_fox-1,,Huancane,48_fox,qamaqi,qamaqi,q a m a q i,,heggarty2005,228,,,,,2266,q a m a q i,"['q', 'a', 'm', 'a', 'q', 'i']"
Huangascar-48_fox-1,,Huangascar,48_fox,atuq,atuq,a t o q,,shimelman2017,227,,,,,2264,a t o q,"['a', 't', 'o', 'q']"
HuarazHuailas-48_fox-1,,HuarazHuailas,48_fox,atoq,atoq,a t o q,,parkerchavez1976,227,,,,,2264,a t o q,"['a', 't', 'o', 'q']"
Imbabura-48_fox-1,,Imbabura,48_fox,añas,añas,a ɲ a s,,gomez2009,229,,,,,2267,a ɲ a s,"['a', 'ɲ', 'a', 's']"
Inkawasi-48_fox-1,,Inkawasi,48_fox,zorro,zorro,z o r o,,heggarty2005,641,,,,esp,465,z o r o,"['z', 'o', 'r', 'o']"
Jaqaru-48_fox-1,,Jaqaru,48_fox,atuqu,atuqu,a t u q u,,heggarty2005,384,,,,,318,a t u q ( u ),"['a', 't', 'u', 'q', 'u']"
Kawki-48_fox-1,,Kawki,48_fox,atuqu,atuqu,a t u q u,,heggarty2005,384,,,,,318,a t u q ( u ),"['a', 't', 'u', 'q', 'u']"
Lamas-48_fox-1,,Lamas,48_fox,atuk,atuk,a t u k,,taylor2006,227,,,,,2264,a t u k,"['a', 't', 'u', 'k']"
Laraos-48_fox-1,,Laraos,48_fox,atuχ,atuχ,a t u χ,,heggarty2005,227,,,,,2264,a t u χ,"['a', 't', 'u', 'χ']"
Lincha-Tana-48_fox-1,,Lincha-Tana,48_fox,atuq,atuq,a t o q,,shimelman2017,227,,,,,2264,a t o q,"['a', 't', 'o', 'q']"
Maragua-48_fox-1,,Maragua,48_fox,atuχ,atuχ,a t u χ,,heggarty2005,227,,,,,2264,a t u χ,"['a', 't', 'u', 'χ']"
Pacaraos-48_fox-1,,Pacaraos,48_fox,achuq,achuq,a tʃ o χ,,adelaar1982,227,,,,,2264,a tʃ o χ,"['a', 'tʃ', 'o', 'χ']"
Pastaza-48_fox-1,,Pastaza,48_fox,suru,suru,s u r u,,landerman1973,642,,,,esp,466,s u r u,"['s', 'u', 'r', 'u']"
Pocona-48_fox-1,,Pocona,48_fox,atuχ,atuχ,a t u χ,,heggarty2005,227,,,,,2264,a t u χ,"['a', 't', 'u', 'χ']"
Puki-48_fox-1,,Puki,48_fox,qamaqi,qamaqi,q a m a q i,,heggarty2005,228,,,,,2266,q a m a q i,"['q', 'a', 'm', 'a', 'q', 'i']"
Puno-48_fox-1,,Puno,48_fox,atuχ,atuχ,a t u χ,,heggarty2005,227,,,,,2264,a t u χ,"['a', 't', 'u', 'χ']"
Raimondi-48_fox-1,,Raimondi,48_fox,atoq,atoq,a t o q,,parkerchavez1976,227,,,,,2264,a t o q,"['a', 't', 'o', 'q']"
SanPedro-48_fox-1,,SanPedro,48_fox,atuq,atuq,a t o q,,shimelman2017,227,,,,,2264,a t o q,"['a', 't', 'o', 'q']"
Santiagueno-48_fox-1,,Santiagueno,48_fox,atoq,atoq,a t o χ,,juanatey2021,227,,,,,2264,a t o χ,"['a', 't', 'o', 'χ']"
SantoTomas-48_fox-1,,SantoTomas,48_fox,atoc,atoc,a t o k,,santotomas1951,227,,,,,2264,a t o k,"['a', 't', 'o', 'k']"
Serena-48_fox-1,,Serena,48_fox,sača aλku,sača aλku,s a tʃ a + a ʎ k u,,heggarty2005,806,,,,,56 1109,s a tʃ a - - + a ʎ k u,"['s', 'a', 'tʃ', 'a', '+', 'a', 'ʎ', 'k', 'u']"
Sullkatiti-48_fox-1,,Sullkatiti,48_fox,qamaqi,qamaqi,q a m a q i,,heggarty2005,228,,,,,2266,q a m a q i,"['q', 'a', 'm', 'a', 'q', 'i']"
Taquile-48_fox-1,,Taquile,48_fox,atuχ,atuχ,a t u χ,,heggarty2005,227,,,,,2264,a t u χ,"['a', 't', 'u', 'χ']"
Tarma-48_fox-1,,Tarma,48_fox,atux,atux,a t o χ,,adelaar1977,227,,,,,2264,a t o χ,"['a', 't', 'o', 'χ']"
Troje-48_fox-1,,Troje,48_fox,atux,atux,a t u x,,heggarty2005,227,,,,,2264,a t u x,"['a', 't', 'u', 'x']"
Wari-48_fox-1,,Wari,48_fox,atoq,atoq,a t o q,,parkerchavez1976,227,,,,,2264,a t o q,"['a', 't', 'o', 'q']"
Yanac-48_fox-1,,Yanac,48_fox,atuq,atuq,a t u q,,heggarty2005,227,,,,,2264,a t u q,"['a', 't', 'u', 'q']"
Anonimo-49_mouse-1,,Anonimo,49_mouse,hucucha,hucucha,h u k u + tʃ a,,valera1586,555,,,,,4157 352,h u k u + tʃ a,"['h', 'u', 'k', 'u', '+', 'tʃ', 'a']"
Apuri-49_mouse-1,,Apuri,49_mouse,ukucha,ukucha,u k u + tʃ a,,shimelman2017,555,,,,,4157 352,- u k u + tʃ a,"['u', 'k', 'u', '+', 'tʃ', 'a']"
Apurimac-49_mouse-1,,Apurimac,49_mouse,"hukucha, qukucha, ukucha",hukucha,h u k u + tʃ a,,camacho2007,555,,,,,4157 352,h u k u + tʃ a,"['h', 'u', 'k', 'u', '+', 'tʃ', 'a']"
Apurimac-49_mouse-2,,Apurimac,49_mouse,"hukucha, qukucha, ukucha",qukucha,q u k u + tʃ a,,camacho2007,555,,,,,4157 352,q u k u + tʃ a,"['q', 'u', 'k', 'u', '+', 'tʃ', 'a']"
Apurimac-49_mouse-3,,Apurimac,49_mouse,"hukucha, qukucha, ukucha",ukucha,u k u + tʃ a,,camacho2007,555,,,,,4157 352,- u k u + tʃ a,"['u', 'k', 'u', '+', 'tʃ', 'a']"
Arma-49_mouse-1,,Arma,49_mouse,ukucha,ukucha,u k u + tʃ a,,galvez2003,555,,,,,4157 352,- u k u + tʃ a,"['u', 'k', 'u', '+', 'tʃ', 'a']"
Atalla-49_mouse-1,,Atalla,49_mouse,uku.ča,uku.ča,u k u + tʃ a,,heggarty2005,555,,,,,4157 352,- u k u + tʃ a,"['u', 'k', 'u', '+', 'tʃ', 'a']"
Ayacucho-49_mouse-1,,Ayacucho,49_mouse,ukucha,ukucha,u k u + tʃ a,,soto1976,555,,,,,4157 352,- u k u + tʃ a,"['u', 'k', 'u', '+', 'tʃ', 'a']"
Bobonaza-49_mouse-1,,Bobonaza,49_mouse,ucucha,ucucha,u k u + tʃ a,,orrwrisley1981,555,,,,,4157 352,- u k u + tʃ a,"['u', 'k', 'u', '+', 'tʃ', 'a']"
Cacra-Hongos-49_mouse-1,,Cacra-Hongos,49_mouse,ukucha,ukucha,u k u + tʃ a,,shimelman2017,555,,,,,4157 352,- u k u + tʃ a,"['u', 'k', 'u', '+', 'tʃ', 'a']"
Chachapoyas-49_mouse-1,,Chachapoyas,49_mouse,ucha,ucha,u + tʃ a,,taylor2006,441,,,,,353 352,- u - - + tʃ a,"['u', '+', 'tʃ', 'a']"
Chacpar-49_mouse-1,,Chacpar,49_mouse,uku.š,uku.š,u k u + ʃ,,heggarty2005,556,,,,,4157 381,- u k u + ʃ,"['u', 'k', 'u', '+', 'ʃ']"
Chetilla-49_mouse-1,,Chetilla,49_mouse,uku.ča,uku.ča,u k u + tʃ a,,heggarty2005,555,,,,,4157 352,- u k u + tʃ a,"['u', 'k', 'u', '+', 'tʃ', 'a']"
Chipaya-49_mouse-1,,Chipaya,49_mouse,"ačuku, ačiku",ačuku,a tʃ u k u,,heggarty2005,439,,,,,350,a tʃ u k u,"['a', 'tʃ', 'u', 'k', 'u']"
Chipaya-49_mouse-2,,Chipaya,49_mouse,"ačuku, ačiku",ačiku,a tʃ i k u,,heggarty2005,439,,,,,350,a tʃ i k u,"['a', 'tʃ', 'i', 'k', 'u']"
Curva-49_mouse-1,,Curva,49_mouse,huk'u.ča,huk'u.ča,h u kʼ u + tʃ a,,heggarty2005,555,,,,,4157 352,h u kʼ u + tʃ a,"['h', 'u', 'kʼ', 'u', '+', 'tʃ', 'a']"
Cuzco-49_mouse-1,,Cuzco,49_mouse,huk'u.ča,huk'u.ča,h u kʼ u + tʃ a,,heggarty2005,555,,,,,4157 352,h u kʼ u + tʃ a,"['h', 'u', 'kʼ', 'u', '+', 'tʃ', 'a']"
CuzquenoAntiguo-49_mouse-1,,CuzquenoAntiguo,49_mouse,hucucha,hucucha,h u k u + tʃ a,,holguin1608,555,,,,,4157 352,h u k u + tʃ a,"['h', 'u', 'k', 'u', '+', 'tʃ', 'a']"
Huallaga-49_mouse-1,,Huallaga,49_mouse,uku.ča,uku.ča,u k u + tʃ a,,heggarty2005,555,,,,,4157 352,- u k u + tʃ a,"['u', 'k', 'u', '+', 'tʃ', 'a']"
Huanca-49_mouse-1,,Huanca,49_mouse,ukush,ukush,u k u + ʂ,,cerron1976,556,,,,,4157 381,- u k u + ʂ,"['u', 'k', 'u', '+', 'ʂ']"
Huancane-49_mouse-1,,Huancane,49_mouse,ačaku,ačaku,a tʃ a k u,,heggarty2005,680,,,,,49,a tʃ a k u,"['a', 'tʃ', 'a', 'k', 'u']"
Huangascar-49_mouse-1,,Huangascar,49_mouse,ukucha,ukucha,u k u + tʃ a,,shimelman2017,555,,,,,4157 352,- u k u + tʃ a,"['u', 'k', 'u', '+', 'tʃ', 'a']"
Imbabura-49_mouse-1,,Imbabura,49_mouse,ukucha,ukucha,u k u + tʃ a,,gomez2009,555,,,,,4157 352,- u k u + tʃ a,"['u', 'k', 'u', '+', 'tʃ', 'a']"
Inkawasi-49_mouse-1,,Inkawasi,49_mouse,uk(u).ča,uk.ča,u k u + tʃ a,,heggarty2005,555,,,,,4157 352,- u k u + tʃ a,"['u', 'k', 'u', '+', 'tʃ', 'a']"
Jaqaru-49_mouse-1,,Jaqaru,49_mouse,hučqa,hučqa,h u tʃ q a,,heggarty2005,420,,,,,34,h u tʃ q a,"['h', 'u', 'tʃ', 'q', 'a']"
Kawki-49_mouse-1,,Kawki,49_mouse,hučqa,hučqa,h u tʃ q a,,heggarty2005,420,,,,,34,h u tʃ q a,"['h', 'u', 'tʃ', 'q', 'a']"
Lamas-49_mouse-1,,Lamas,49_mouse,ukucha,ukucha,u k u + tʃ a,,taylor2006,555,,,,,4157 352,- u k u + tʃ a,"['u', 'k', 'u', '+', 'tʃ', 'a']"
Laraos-49_mouse-1,,Laraos,49_mouse,uku.š,uku.š,u k u + ʃ,,heggarty2005,556,,,,,4157 381,- u k u + ʃ,"['u', 'k', 'u', '+', 'ʃ']"
Lincha-Tana-49_mouse-1,,Lincha-Tana,49_mouse,ukucha,ukucha,u k u + tʃ a,,shimelman2017,555,,,,,4157 352,- u k u + tʃ a,"['u', 'k', 'u', '+', 'tʃ', 'a']"
Maragua-49_mouse-1,,Maragua,49_mouse,huk'u.ča,huk'u.ča,h u kʼ u + tʃ a,,heggarty2005,555,,,,,4157 352,h u kʼ u + tʃ a,"['h', 'u', 'kʼ', 'u', '+', 'tʃ', 'a']"
Napo-49_mouse-1,,Napo,49_mouse,ucucha,ucucha,u k u + tʃ a,,orrwrisley1981,555,,,,,4157 352,- u k u + tʃ a,"['u', 'k', 'u', '+', 'tʃ', 'a']"
Pacaraos-49_mouse-1,,Pacaraos,49_mouse,"ukush, ukucha",ukush,u k u + ʃ,,adelaar1982,556,,,,,4157 381,- u k u + ʃ,"['u', 'k', 'u', '+', 'ʃ']"
Pacaraos-49_mouse-2,,Pacaraos,49_mouse,"ukush, ukucha",ukucha,u k u + tʃ a,,adelaar1982,555,,,,,4157 352,- u k u + tʃ a,"['u', 'k', 'u', '+', 'tʃ', 'a']"
Pastaza-49_mouse-1,,Pastaza,49_mouse,ucucha,ucucha,u k u + tʃ a,,landerman1973,555,,,,,4157 352,- u k u + tʃ a,"['u', 'k', 'u', '+', 'tʃ', 'a']"
Pocona-49_mouse-1,,Pocona,49_mouse,huk'u.ča,huk'u.ča,h u kʼ u + tʃ a,,heggarty2005,555,,,,,4157 352,h u kʼ u + tʃ a,"['h', 'u', 'kʼ', 'u', '+', 'tʃ', 'a']"
Puki-49_mouse-1,,Puki,49_mouse,ačaku,ačaku,a tʃ a k u,,heggarty2005,680,,,,,49,a tʃ a k u,"['a', 'tʃ', 'a', 'k', 'u']"
Puno-49_mouse-1,,Puno,49_mouse,huk'u.ča,huk'u.ča,h u kʼ u + tʃ a,,heggarty2005,555,,,,,4157 352,h u kʼ u + tʃ a,"['h', 'u', 'kʼ', 'u', '+', 'tʃ', 'a']"
Putumayo-49_mouse-1,,Putumayo,49_mouse,ucucha,ucucha,u k u + tʃ a,,tandioy1978,555,,,,,4157 352,- u k u + tʃ a,"['u', 'k', 'u', '+', 'tʃ', 'a']"
SanPedro-49_mouse-1,,SanPedro,49_mouse,ukucha,ukucha,u k u + tʃ a,,shimelman2017,555,,,,,4157 352,- u k u + tʃ a,"['u', 'k', 'u', '+', 'tʃ', 'a']"
Santiagueno-49_mouse-1,,Santiagueno,49_mouse,ukucha,ukucha,u x u + tʃ a,,juanatey2021,555,,,,,4157 352,- u x u + tʃ a,"['u', 'x', 'u', '+', 'tʃ', 'a']"
SantoTomas-49_mouse-1,,SantoTomas,49_mouse,vcucha,vcucha,u k u + tʃ a,,santotomas1951,555,,,,,4157 352,- u k u + tʃ a,"['u', 'k', 'u', '+', 'tʃ', 'a']"
Serena-49_mouse-1,,Serena,49_mouse,uku.ča,uku.ča,u k u + tʃ a,,heggarty2005,555,,,,,4157 352,- u k u + tʃ a,"['u', 'k', 'u', '+', 'tʃ', 'a']"
Sullkatiti-49_mouse-1,,Sullkatiti,49_mouse,ačaku,ačaku,a tʃ a k u,,heggarty2005,680,,,,,49,a tʃ a k u,"['a', 'tʃ', 'a', 'k', 'u']"
Taquile-49_mouse-1,,Taquile,49_mouse,huk'u.ča,huk'u.ča,h u kʼ u + tʃ a,,heggarty2005,555,,,,,4157 352,h u kʼ u + tʃ a,"['h', 'u', 'kʼ', 'u', '+', 'tʃ', 'a']"
Tarma-49_mouse-1,,Tarma,49_mouse,uguš,uguš,u g u + ʂ,,adelaar1977,556,,,,,4157 381,- u g u + ʂ,"['u', 'g', 'u', '+', 'ʂ']"
Troje-49_mouse-1,,Troje,49_mouse,uku.ča,uku.ča,u k u + tʃ a,,heggarty2005,555,,,,,4157 352,- u k u + tʃ a,"['u', 'k', 'u', '+', 'tʃ', 'a']"
Yanac-49_mouse-1,,Yanac,49_mouse,uku.š,uku.š,u k u + ʃ,,heggarty2005,556,,,,,4157 381,- u k u + ʃ,"['u', 'k', 'u', '+', 'ʃ']"
Anonimo-5_five-1,,Anonimo,5_five,pichcca,pichcca,p i tʃ χ a,,valera1586,167,,,,,1936,p i tʃ χ a,"['p', 'i', 'tʃ', 'χ', 'a']"
Apuri-5_five-1,,Apuri,5_five,pichqa,pichqa,p i tʃ q a,,shimelman2017,167,,,,,1936,p i tʃ q a,"['p', 'i', 'tʃ', 'q', 'a']"
Apurimac-5_five-1,,Apurimac,5_five,"pisca, pichqa",pisca,p i s k a,,camacho2007,167,,,,,1936,p i s k a,"['p', 'i', 's', 'k', 'a']"
Apurimac-5_five-2,,Apurimac,5_five,"pisca, pichqa",pichqa,p i tʃ q a,,camacho2007,167,,,,,1936,p i tʃ q a,"['p', 'i', 'tʃ', 'q', 'a']"
Arma-5_five-1,,Arma,5_five,pichqa,pichqa,p i tʃ χ a,,galvez2003,167,,,,,1936,p i tʃ χ a,"['p', 'i', 'tʃ', 'χ', 'a']"
Atalla-5_five-1,,Atalla,5_five,"pičχa, pičqa",pičχa,p i tʃ χ a,,heggarty2005,167,,,,,1936,p i tʃ χ a,"['p', 'i', 'tʃ', 'χ', 'a']"
Atalla-5_five-2,,Atalla,5_five,"pičχa, pičqa",pičqa,p i tʃ q a,,heggarty2005,167,,,,,1936,p i tʃ q a,"['p', 'i', 'tʃ', 'q', 'a']"
Ayacucho-5_five-1,,Ayacucho,5_five,pichqa,pichqa,p i tʃ χ a,,soto1976,167,,,,,1936,p i tʃ χ a,"['p', 'i', 'tʃ', 'χ', 'a']"
Bobonaza-5_five-1,,Bobonaza,5_five,pichca,pichca,p i tʃ k a,,orrwrisley1981,167,,,,,1936,p i tʃ k a,"['p', 'i', 'tʃ', 'k', 'a']"
Cacra-Hongos-5_five-1,,Cacra-Hongos,5_five,pichqa,pichqa,p i tʃ q a,,shimelman2017,167,,,,,1936,p i tʃ q a,"['p', 'i', 'tʃ', 'q', 'a']"
Chachapoyas-5_five-1,,Chachapoyas,5_five,pichka,pichka,p i tʃ k a,,taylor2006,167,,,,,1936,p i tʃ k a,"['p', 'i', 'tʃ', 'k', 'a']"
Chacpar-5_five-1,,Chacpar,5_five,pitsqa,pitsqa,p i ts q a,,heggarty2005,167,,,,,1936,p i ts q a,"['p', 'i', 'ts', 'q', 'a']"
Chetilla-5_five-1,,Chetilla,5_five,pič(ə)γa,pičγa,p i tʃ ʁ a,,heggarty2005,167,,,,,1936,p i tʃ ʁ a,"['p', 'i', 'tʃ', 'ʁ', 'a']"
Chipaya-5_five-1,,Chipaya,5_five,phisqa,phisqa,pʰ i s q a,,heggarty2005,385,,,,,319,pʰ i s q a,"['pʰ', 'i', 's', 'q', 'a']"
Curva-5_five-1,,Curva,5_five,pičqa,pičqa,p i tʃ q a,,heggarty2005,167,,,,,1936,p i tʃ q a,"['p', 'i', 'tʃ', 'q', 'a']"
Cuzco-5_five-1,,Cuzco,5_five,pisqa,pisqa,p i s q a,,heggarty2005,167,,,,,1936,p i s q a,"['p', 'i', 's', 'q', 'a']"
CuzquenoAntiguo-5_five-1,,CuzquenoAntiguo,5_five,pichcca,pichcca,p i tʃ χ a,,holguin1608,167,,,,,1936,p i tʃ χ a,"['p', 'i', 'tʃ', 'χ', 'a']"
Huallaga-5_five-1,,Huallaga,5_five,pičqa,pičqa,p i tʃ q a,,heggarty2005,167,,,,,1936,p i tʃ q a,"['p', 'i', 'tʃ', 'q', 'a']"
Huanca-5_five-1,,Huanca,5_five,pichqa,pichqa,p i tʃ ʔ a,,cerron1976,167,,,,,1936,p i tʃ ʔ a,"['p', 'i', 'tʃ', 'ʔ', 'a']"
Huancane-5_five-1,,Huancane,5_five,phičqa,phičqa,pʰ i tʃ q a,,heggarty2005,385,,,,,319,pʰ i tʃ q a,"['pʰ', 'i', 'tʃ', 'q', 'a']"
Huangascar-5_five-1,,Huangascar,5_five,pichqa,pichqa,p i tʃ q a,,shimelman2017,167,,,,,1936,p i tʃ q a,"['p', 'i', 'tʃ', 'q', 'a']"
HuarazHuailas-5_five-1,,HuarazHuailas,5_five,pitsqa,pitsqa,p i ts q a,,parkerchavez1976,167,,,,,1936,p i ts q a,"['p', 'i', 'ts', 'q', 'a']"
Imbabura-5_five-1,,Imbabura,5_five,pishka,pishka,p i ʃ k a,,gomez2009,167,,,,,1936,p i ʃ k a,"['p', 'i', 'ʃ', 'k', 'a']"
Inkawasi-5_five-1,,Inkawasi,5_five,cinco,cinco,s i n k o,,heggarty2005,168,,,,esp,1937,s i n k o,"['s', 'i', 'n', 'k', 'o']"
Iruhito-5_five-1,,Iruhito,5_five,tasknú:ku:,tasknú:ku:,t a s k n uː k uː,,cerron2016,169,,,,,1938,t a s k n uː k uː,"['t', 'a', 's', 'k', 'n', 'uː', 'k', 'uː']"
Jaqaru-5_five-1,,Jaqaru,5_five,pičqa,pičqa,p i tʃ q a,,heggarty2005,385,,,,,319,p i tʃ q a,"['p', 'i', 'tʃ', 'q', 'a']"
Kawki-5_five-1,,Kawki,5_five,pičqa,pičqa,p i tʃ q a,,heggarty2005,385,,,,,319,p i tʃ q a,"['p', 'i', 'tʃ', 'q', 'a']"
Lamas-5_five-1,,Lamas,5_five,pichka,pichka,p i tʃ k a,,taylor2006,167,,,,,1936,p i tʃ k a,"['p', 'i', 'tʃ', 'k', 'a']"
Laraos-5_five-1,,Laraos,5_five,pičqa,pičqa,p i tʃ q a,,heggarty2005,167,,,,,1936,p i tʃ q a,"['p', 'i', 'tʃ', 'q', 'a']"
Lincha-Tana-5_five-1,,Lincha-Tana,5_five,pichqa,pichqa,p i tʃ q a,,shimelman2017,167,,,,,1936,p i tʃ q a,"['p', 'i', 'tʃ', 'q', 'a']"
Maragua-5_five-1,,Maragua,5_five,pišqa,pišqa,p i ʃ q a,,heggarty2005,167,,,,,1936,p i ʃ q a,"['p', 'i', 'ʃ', 'q', 'a']"
Napo-5_five-1,,Napo,5_five,pichca,pichca,p i tʃ k a,,orrwrisley1981,167,,,,,1936,p i tʃ k a,"['p', 'i', 'tʃ', 'k', 'a']"
Pacaraos-5_five-1,,Pacaraos,5_five,pisqa,pisqa,p i s ʁ a,,adelaar1982,167,,,,,1936,p i s ʁ a,"['p', 'i', 's', 'ʁ', 'a']"
Pastaza-5_five-1,,Pastaza,5_five,pichca,pichca,p i tʃ k a,,landerman1973,167,,,,,1936,p i tʃ k a,"['p', 'i', 'tʃ', 'k', 'a']"
Pocona-5_five-1,,Pocona,5_five,phišγa,phišγa,pʰ i ʃ ʁ a,,heggarty2005,167,,,,,1936,pʰ i ʃ ʁ a,"['pʰ', 'i', 'ʃ', 'ʁ', 'a']"
Puki-5_five-1,,Puki,5_five,pičqa,pičqa,p i tʃ q a,,heggarty2005,385,,,,,319,p i tʃ q a,"['p', 'i', 'tʃ', 'q', 'a']"
Puno-5_five-1,,Puno,5_five,pisqa,pisqa,p i s q a,,heggarty2005,167,,,,,1936,p i s q a,"['p', 'i', 's', 'q', 'a']"
Putumayo-5_five-1,,Putumayo,5_five,pichca,pichca,p i tʃ k a,,tandioy1978,167,,,,,1936,p i tʃ k a,"['p', 'i', 'tʃ', 'k', 'a']"
Raimondi-5_five-1,,Raimondi,5_five,pitsqa,pitsqa,p i ts q a,,parkerchavez1976,167,,,,,1936,p i ts q a,"['p', 'i', 'ts', 'q', 'a']"
SanPedro-5_five-1,,SanPedro,5_five,pichqa,pichqa,p i tʃ q a,,shimelman2017,167,,,,,1936,p i tʃ q a,"['p', 'i', 'tʃ', 'q', 'a']"
Santiagueno-5_five-1,,Santiagueno,5_five,pishqa,pishqa,p i ʃ q a,in disuse because of vulgar connotation,juanatey2021,167,,,,,1936,p i ʃ q a,"['p', 'i', 'ʃ', 'q', 'a']"
SantoTomas-5_five-1,,SantoTomas,5_five,pixca,pixca,p i χ k a,,santotomas1951,167,,,,,1936,p i χ k a,"['p', 'i', 'χ', 'k', 'a']"
Serena-5_five-1,,Serena,5_five,pička,pička,p i tʃ k a,,heggarty2005,167,,,,,1936,p i tʃ k a,"['p', 'i', 'tʃ', 'k', 'a']"
Sullkatiti-5_five-1,,Sullkatiti,5_five,phisqa,phisqa,pʰ i s q a,,heggarty2005,385,,,,,319,pʰ i s q a,"['pʰ', 'i', 's', 'q', 'a']"
Taquile-5_five-1,,Taquile,5_five,pisqa,pisqa,p i s q a,,heggarty2005,167,,,,,1936,p i s q a,"['p', 'i', 's', 'q', 'a']"
Tarma-5_five-1,,Tarma,5_five,pičxa,pičxa,p i tʃ χ a,,adelaar1977,167,,,,,1936,p i tʃ χ a,"['p', 'i', 'tʃ', 'χ', 'a']"
Troje-5_five-1,,Troje,5_five,pička,pička,p i tʃ k a,,heggarty2005,167,,,,,1936,p i tʃ k a,"['p', 'i', 'tʃ', 'k', 'a']"
Tsimu-5_five-1,,Tsimu,5_five,tásnu:,tásnu:,t a s n uː,,cerron2016,169,,,,,1938,t a s - n uː - -,"['t', 'a', 's', 'n', 'uː']"
Wari-5_five-1,,Wari,5_five,pitsqa,pitsqa,p i ts q a,,parkerchavez1976,167,,,,,1936,p i ts q a,"['p', 'i', 'ts', 'q', 'a']"
Yanac-5_five-1,,Yanac,5_five,pitsqa,pitsqa,p i ts q a,,heggarty2005,167,,,,,1936,p i ts q a,"['p', 'i', 'ts', 'q', 'a']"
Anonimo-50_bird-1,,Anonimo,50_bird,"piʃco, pichin",pichin,p i tʃ i n,,valera1586,280,,,,,257,p i tʃ i n - -,"['p', 'i', 'tʃ', 'i', 'n']"
Apuri-50_bird-1,,Apuri,50_bird,pishqu,pishqu,p i ʃ q o,,shimelman2017,279,,,,,256,p i ʃ q o,"['p', 'i', 'ʃ', 'q', 'o']"
Apurimac-50_bird-1,,Apurimac,50_bird,pichinko,pichinko,p i tʃ i n k o,,camacho2007,280,,,,,257,p i tʃ i n k o,"['p', 'i', 'tʃ', 'i', 'n', 'k', 'o']"
Apurimac-50_bird-2,,Apurimac,50_bird,pisqo,pisqo,p i s q o,,camacho2007,279,,,,,256,p i s q o,"['p', 'i', 's', 'q', 'o']"
Apurimac-50_bird-3,,Apurimac,50_bird,urpitu,urpitu,u r p i t u,,camacho2007,615,,,,,45,u r p i t u,"['u', 'r', 'p', 'i', 't', 'u']"
Arma-50_bird-1,,Arma,50_bird,pisqu,pisqu,p i s χ u,,galvez2003,279,,,,,256,p i s χ u,"['p', 'i', 's', 'χ', 'u']"
Atalla-50_bird-1,,Atalla,50_bird,pičiwsa,pičiwsa,p i tʃ i w s a,,heggarty2005,457,,,,,363,p i tʃ i w s a,"['p', 'i', 'tʃ', 'i', 'w', 's', 'a']"
Ayacucho-50_bird-1,,Ayacucho,50_bird,"urpitu, pisqo",urpitu,u ɾ p i t u,,soto1976,615,,,,,45,u ɾ p i t u,"['u', 'ɾ', 'p', 'i', 't', 'u']"
Ayacucho-50_bird-2,,Ayacucho,50_bird,"urpitu, pisqo",pisqo,p i s χ o,,soto1976,279,,,,,256,p i s χ o,"['p', 'i', 's', 'χ', 'o']"
Bobonaza-50_bird-1,,Bobonaza,50_bird,pishcu,pishcu,p i ʃ k u,,orrwrisley1981,279,,,,,256,p i ʃ k u,"['p', 'i', 'ʃ', 'k', 'u']"
Cacra-Hongos-50_bird-1,,Cacra-Hongos,50_bird,pishqu,pishqu,p i ʃ q o,,shimelman2017,279,,,,,256,p i ʃ q o,"['p', 'i', 'ʃ', 'q', 'o']"
Chachapoyas-50_bird-1,,Chachapoyas,50_bird,pishku,pishku,p i ʃ k u,,taylor2006,279,,,,,256,p i ʃ k u,"['p', 'i', 'ʃ', 'k', 'u']"
Chacpar-50_bird-1,,Chacpar,50_bird,čankis,čankis,tʃ a n k i s,,heggarty2005,578,,,,,43,- - tʃ a n k i s -,"['tʃ', 'a', 'n', 'k', 'i', 's']"
Chetilla-50_bird-1,,Chetilla,50_bird,pišγu,pišγu,p i ʃ ʁ u,,heggarty2005,279,,,,,256,p i ʃ ʁ u,"['p', 'i', 'ʃ', 'ʁ', 'u']"
Chipaya-50_bird-1,,Chipaya,50_bird,wezla,wezla,w e z l a,,heggarty2005,561,,,,,42,w e z - - - - l a,"['w', 'e', 'z', 'l', 'a']"
Curva-50_bird-1,,Curva,50_bird,p'isqu,p'isqu,pʼ i s q u,,heggarty2005,279,,,,,256,pʼ i s q u,"['pʼ', 'i', 's', 'q', 'u']"
Cuzco-50_bird-1,,Cuzco,50_bird,"pičinku, pičinchu",pičinku,p i tʃ i n k u,,heggarty2005,280,,,,,257,p i tʃ i n k u,"['p', 'i', 'tʃ', 'i', 'n', 'k', 'u']"
Cuzco-50_bird-2,,Cuzco,50_bird,"pičinku, pičinchu",pičinchu,p i tʃ i n kʰ u,,heggarty2005,280,,,,,257,p i tʃ i n kʰ u,"['p', 'i', 'tʃ', 'i', 'n', 'kʰ', 'u']"
CuzquenoAntiguo-50_bird-1,,CuzquenoAntiguo,50_bird,"ppichiu, piʃco",ppichiu,p i tʃ i u,,holguin1608,280,,,,,257,p i tʃ i - - u,"['p', 'i', 'tʃ', 'i', 'u']"
CuzquenoAntiguo-50_bird-2,,CuzquenoAntiguo,50_bird,"ppichiu, piʃco",piʃco,p i s k u,,holguin1608,279,,,,,256,p i s k u,"['p', 'i', 's', 'k', 'u']"
Huallaga-50_bird-1,,Huallaga,50_bird,pišqu,pišqu,p i ʃ q u,,heggarty2005,279,,,,,256,p i ʃ q u,"['p', 'i', 'ʃ', 'q', 'u']"
Huanca-50_bird-1,,Huanca,50_bird,pishqu,pishqu,p i ʃ ʔ u,,cerron1976,279,,,,,256,p i ʃ ʔ u,"['p', 'i', 'ʃ', 'ʔ', 'u']"
Huancane-50_bird-1,,Huancane,50_bird,hamač'i,hamač'i,h a m a tʃʼ i,,heggarty2005,283,,,,,258,h a m a tʃʼ i,"['h', 'a', 'm', 'a', 'tʃʼ', 'i']"
Huangascar-50_bird-1,,Huangascar,50_bird,pishqu,pishqu,p i ʃ q o,,shimelman2017,279,,,,,256,p i ʃ q o,"['p', 'i', 'ʃ', 'q', 'o']"
HuarazHuailas-50_bird-1,,HuarazHuailas,50_bird,pishqu,pishqu,p i ʃ q u,,parkerchavez1976,279,,,,,256,p i ʃ q u,"['p', 'i', 'ʃ', 'q', 'u']"
Imbabura-50_bird-1,,Imbabura,50_bird,pishku,pishku,p i ʃ k u,,gomez2009,279,,,,,256,p i ʃ k u,"['p', 'i', 'ʃ', 'k', 'u']"
Inkawasi-50_bird-1,,Inkawasi,50_bird,kuru,kuru,k u r u,,heggarty2005,286,,,,,259,k u r u,"['k', 'u', 'r', 'u']"
Iruhito-50_bird-1,,Iruhito,50_bird,pʰtší:ntša,pʰtší:ntša,pʰ tʃ iː n tʃ a,,cerron2016,326,,,,,283,pʰ tʃ iː n tʃ a,"['pʰ', 'tʃ', 'iː', 'n', 'tʃ', 'a']"
Jaqaru-50_bird-1,,Jaqaru,50_bird,č'ipi,č'ipi,tʃʼ i p i,,heggarty2005,288,,,,,260,tʃʼ i p i,"['tʃʼ', 'i', 'p', 'i']"
Kawki-50_bird-1,,Kawki,50_bird,č'ipi,č'ipi,tʃʼ i p i,,heggarty2005,288,,,,,260,tʃʼ i p i,"['tʃʼ', 'i', 'p', 'i']"
Lamas-50_bird-1,,Lamas,50_bird,pishku,pishku,p i ʃ k u,,taylor2006,279,,,,,256,p i ʃ k u,"['p', 'i', 'ʃ', 'k', 'u']"
Laraos-50_bird-1,,Laraos,50_bird,pišqu,pišqu,p i ʃ q u,,heggarty2005,279,,,,,256,p i ʃ q u,"['p', 'i', 'ʃ', 'q', 'u']"
Lincha-Tana-50_bird-1,,Lincha-Tana,50_bird,pishqu,pishqu,p i ʃ q o,,shimelman2017,279,,,,,256,p i ʃ q o,"['p', 'i', 'ʃ', 'q', 'o']"
Maragua-50_bird-1,,Maragua,50_bird,p'isqu,p'isqu,pʼ i s q u,,heggarty2005,279,,,,,256,pʼ i s q u,"['pʼ', 'i', 's', 'q', 'u']"
Napo-50_bird-1,,Napo,50_bird,pishcu,pishcu,p i ʃ k u,,orrwrisley1981,279,,,,,256,p i ʃ k u,"['p', 'i', 'ʃ', 'k', 'u']"
Pacaraos-50_bird-1,,Pacaraos,50_bird,pishqu,pishqu,p i ʃ χ o,,adelaar1982,279,,,,,256,p i ʃ χ o,"['p', 'i', 'ʃ', 'χ', 'o']"
Pastaza-50_bird-1,,Pastaza,50_bird,pishcu,pishcu,p i ʃ k u,,landerman1973,279,,,,,256,p i ʃ k u,"['p', 'i', 'ʃ', 'k', 'u']"
Pocona-50_bird-1,,Pocona,50_bird,p'isγu,p'isγu,pʼ i s ʁ u,,heggarty2005,279,,,,,256,pʼ i s ʁ u,"['pʼ', 'i', 's', 'ʁ', 'u']"
Puki-50_bird-1,,Puki,50_bird,hamač'i,hamač'i,h a m a tʃʼ i,,heggarty2005,283,,,,,258,h a m a tʃʼ i,"['h', 'a', 'm', 'a', 'tʃʼ', 'i']"
Puno-50_bird-1,,Puno,50_bird,p'isqu,p'isqu,pʼ i s q u,,heggarty2005,279,,,,,256,pʼ i s q u,"['pʼ', 'i', 's', 'q', 'u']"
Putumayo-50_bird-1,,Putumayo,50_bird,piscu,piscu,p i s k u,,tandioy1978,279,,,,,256,p i s k u,"['p', 'i', 's', 'k', 'u']"
Raimondi-50_bird-1,,Raimondi,50_bird,pishqu,pishqu,p i ʃ q u,,parkerchavez1976,279,,,,,256,p i ʃ q u,"['p', 'i', 'ʃ', 'q', 'u']"
SanPedro-50_bird-1,,SanPedro,50_bird,pishqu,pishqu,p i ʃ q o,,shimelman2017,279,,,,,256,p i ʃ q o,"['p', 'i', 'ʃ', 'q', 'o']"
Santiagueno-50_bird-1,,Santiagueno,50_bird,pishqo,pishqo,p i ʃ q o,"in disuse, vulgar connotation.",juanatey2021,279,,,,,256,p i ʃ q o,"['p', 'i', 'ʃ', 'q', 'o']"
SantoTomas-50_bird-1,,SantoTomas,50_bird,pisco,pisco,p i s k o,,santotomas1996,279,,,,,256,p i s k o,"['p', 'i', 's', 'k', 'o']"
Serena-50_bird-1,,Serena,50_bird,pišku,pišku,p i ʃ k u,,heggarty2005,279,,,,,256,p i ʃ k u,"['p', 'i', 'ʃ', 'k', 'u']"
Sullkatiti-50_bird-1,,Sullkatiti,50_bird,hamač'i,hamač'i,h a m a tʃʼ i,,heggarty2005,283,,,,,258,h a m a tʃʼ i,"['h', 'a', 'm', 'a', 'tʃʼ', 'i']"
Taquile-50_bird-1,,Taquile,50_bird,p'isqu,p'isqu,pʼ i s q u,,heggarty2005,279,,,,,256,pʼ i s q u,"['pʼ', 'i', 's', 'q', 'u']"
Tarma-50_bird-1,,Tarma,50_bird,pišxu,pišxu,p i ʃ χ o,,adelaar1977,279,,,,,256,p i ʃ χ o,"['p', 'i', 'ʃ', 'χ', 'o']"
Troje-50_bird-1,,Troje,50_bird,pišku,pišku,p i ʃ k u,,heggarty2005,279,,,,,256,p i ʃ k u,"['p', 'i', 'ʃ', 'k', 'u']"
Tsimu-50_bird-1,,Tsimu,50_bird,tší:ntša,tší:ntša,tʃ iː n tʃ a,,cerron2016,326,,,,,283,- tʃ iː n tʃ a,"['tʃ', 'iː', 'n', 'tʃ', 'a']"
Wari-50_bird-1,,Wari,50_bird,pishqu,pishqu,p i ʃ q u,,parkerchavez1976,279,,,,,256,p i ʃ q u,"['p', 'i', 'ʃ', 'q', 'u']"
Yanac-50_bird-1,,Yanac,50_bird,pišqu,pišqu,p i ʃ q u,,heggarty2005,279,,,,,256,p i ʃ q u,"['p', 'i', 'ʃ', 'q', 'u']"
Anonimo-51_worm-1,,Anonimo,51_worm,curu,curu,k u r u,,valera1586,989,,,,,7717,k u r u,"['k', 'u', 'r', 'u']"
Apuri-51_worm-1,,Apuri,51_worm,uru,uru,u ɾ u,,shimelman2017,989,,,,,7717,- u ɾ u,"['u', 'ɾ', 'u']"
Apurimac-51_worm-1,,Apurimac,51_worm,uru,uru,u r u,,camacho2007,989,,,,,7717,- u r u,"['u', 'r', 'u']"
Arma-51_worm-1,,Arma,51_worm,uru,uru,u ɾ u,,galvez2003,989,,,,,7717,- u ɾ u,"['u', 'ɾ', 'u']"
Atalla-51_worm-1,,Atalla,51_worm,kuru,kuru,k u r u,,heggarty2005,989,,,,,7717,k u r u,"['k', 'u', 'r', 'u']"
Ayacucho-51_worm-1,,Ayacucho,51_worm,uru,uru,u ɾ u,,soto1976,989,,,,,7717,- u ɾ u,"['u', 'ɾ', 'u']"
Bobonaza-51_worm-1,,Bobonaza,51_worm,curu,curu,k u r u,,orrwrisley1981,989,,,,,7717,k u r u,"['k', 'u', 'r', 'u']"
Cacra-Hongos-51_worm-1,,Cacra-Hongos,51_worm,uru,uru,u l u,,shimelman2017,989,,,,,7717,- u l u,"['u', 'l', 'u']"
Chachapoyas-51_worm-1,,Chachapoyas,51_worm,kuru,kuru,k u r u,,taylor2006,989,,,,,7717,k u r u,"['k', 'u', 'r', 'u']"
Chacpar-51_worm-1,,Chacpar,51_worm,kuru,kuru,k u r u,,heggarty2005,989,,,,,7717,k u r u,"['k', 'u', 'r', 'u']"
Chetilla-51_worm-1,,Chetilla,51_worm,kuru,kuru,k u r u,,heggarty2005,989,,,,,7717,k u r u,"['k', 'u', 'r', 'u']"
Chipaya-51_worm-1,,Chipaya,51_worm,laq'u,laq'u,l a qʼ u,,heggarty2005,405,,,,,33,l a qʼ u,"['l', 'a', 'qʼ', 'u']"
Curva-51_worm-1,,Curva,51_worm,kuru,kuru,k u r u,,heggarty2005,989,,,,,7717,k u r u,"['k', 'u', 'r', 'u']"
Cuzco-51_worm-1,,Cuzco,51_worm,kuru,kuru,k u r u,,heggarty2005,989,,,,,7717,k u r u,"['k', 'u', 'r', 'u']"
CuzquenoAntiguo-51_worm-1,,CuzquenoAntiguo,51_worm,curu,curu,k u r u,,holguin1608,989,,,,,7717,k u r u,"['k', 'u', 'r', 'u']"
Huallaga-51_worm-1,,Huallaga,51_worm,kuru,kuru,k u r u,,heggarty2005,989,,,,,7717,k u r u,"['k', 'u', 'r', 'u']"
Huanca-51_worm-1,,Huanca,51_worm,kulu,kulu,k u l u,,cerron2018,989,,,,,7717,k u l u,"['k', 'u', 'l', 'u']"
Huancane-51_worm-1,,Huancane,51_worm,laq'u,laq'u,l a qʼ u,,heggarty2005,405,,,,,33,l a qʼ u,"['l', 'a', 'qʼ', 'u']"
Huangascar-51_worm-1,,Huangascar,51_worm,uru,uru,u ɾ u,,shimelman2017,989,,,,,7717,- u ɾ u,"['u', 'ɾ', 'u']"
HuarazHuailas-51_worm-1,,HuarazHuailas,51_worm,kuru,kuru,k u ɾ u,,parkerchavez1976,989,,,,,7717,k u ɾ u,"['k', 'u', 'ɾ', 'u']"
Imbabura-51_worm-1,,Imbabura,51_worm,kuika,kuika,k ui k a,,gomez2009,181,,,,,20,k ui k a,"['k', 'ui', 'k', 'a']"
Inkawasi-51_worm-1,,Inkawasi,51_worm,ñuši,ñuši,ɲ u ʃ i,,heggarty2005,509,,,,,39,ɲ u ʃ i,"['ɲ', 'u', 'ʃ', 'i']"
Iruhito-51_worm-1,,Iruhito,51_worm,kútši:,kútši:,k u tʃ iː,,cerron2016,545,,,,,41,k u tʃ iː,"['k', 'u', 'tʃ', 'iː']"
Jaqaru-51_worm-1,,Jaqaru,51_worm,ñiq'u,ñiq'u,ɲ i qʼ u,,heggarty2005,990,,,,,7718,ɲ i qʼ u,"['ɲ', 'i', 'qʼ', 'u']"
Kawki-51_worm-1,,Kawki,51_worm,ñiq'u,ñiq'u,ɲ i qʼ u,,heggarty2005,990,,,,,7718,ɲ i qʼ u,"['ɲ', 'i', 'qʼ', 'u']"
Lamas-51_worm-1,,Lamas,51_worm,kuru,kuru,k u r u,,taylor2006,989,,,,,7717,k u r u,"['k', 'u', 'r', 'u']"
Laraos-51_worm-1,,Laraos,51_worm,kuru,kuru,k u r u,,heggarty2005,989,,,,,7717,k u r u,"['k', 'u', 'r', 'u']"
Lincha-Tana-51_worm-1,,Lincha-Tana,51_worm,uru,uru,u ɾ u,,shimelman2017,989,,,,,7717,- u ɾ u,"['u', 'ɾ', 'u']"
Maragua-51_worm-1,,Maragua,51_worm,khuru,khuru,kʰ u r u,,heggarty2005,989,,,,,7717,kʰ u r u,"['kʰ', 'u', 'r', 'u']"
Napo-51_worm-1,,Napo,51_worm,curu,curu,k u r u,,orrwrisley1981,989,,,,,7717,k u r u,"['k', 'u', 'r', 'u']"
Pacaraos-51_worm-1,,Pacaraos,51_worm,kuru,kuru,k u ɾ u,,adelaar1982,989,,,,,7717,k u ɾ u,"['k', 'u', 'ɾ', 'u']"
Pastaza-51_worm-1,,Pastaza,51_worm,curu,curu,k u r u,,landerman1973,989,,,,,7717,k u r u,"['k', 'u', 'r', 'u']"
Pocona-51_worm-1,,Pocona,51_worm,khuru,khuru,kʰ u r u,,heggarty2005,989,,,,,7717,kʰ u r u,"['kʰ', 'u', 'r', 'u']"
Puki-51_worm-1,,Puki,51_worm,laq'u,laq'u,l a qʼ u,,heggarty2005,405,,,,,33,l a qʼ u,"['l', 'a', 'qʼ', 'u']"
Puno-51_worm-1,,Puno,51_worm,kuru,kuru,k u r u,,heggarty2005,989,,,,,7717,k u r u,"['k', 'u', 'r', 'u']"
Putumayo-51_worm-1,,Putumayo,51_worm,curu,curu,k u r u,,tandioy1978,989,,,,,7717,k u r u,"['k', 'u', 'r', 'u']"
Raimondi-51_worm-1,,Raimondi,51_worm,kuru,kuru,k u ɾ u,,parkerchavez1976,989,,,,,7717,k u ɾ u,"['k', 'u', 'ɾ', 'u']"
SanPedro-51_worm-1,,SanPedro,51_worm,uru,uru,u ɾ u,,shimelman2017,989,,,,,7717,- u ɾ u,"['u', 'ɾ', 'u']"
Santiagueno-51_worm-1,,Santiagueno,51_worm,kuru,kuru,k u ɾ u,,juanatey2021,989,,,,,7717,k u ɾ u,"['k', 'u', 'ɾ', 'u']"
SantoTomas-51_worm-1,,SantoTomas,51_worm,curo,curo,k u r o,,santotomas1951,989,,,,,7717,k u r o,"['k', 'u', 'r', 'o']"
Serena-51_worm-1,,Serena,51_worm,kuru,kuru,k u r u,,heggarty2005,989,,,,,7717,k u r u,"['k', 'u', 'r', 'u']"
Sullkatiti-51_worm-1,,Sullkatiti,51_worm,laq'u,laq'u,l a qʼ u,,heggarty2005,405,,,,,33,l a qʼ u,"['l', 'a', 'qʼ', 'u']"
Taquile-51_worm-1,,Taquile,51_worm,kuru,kuru,k u r u,,heggarty2005,989,,,,,7717,k u r u,"['k', 'u', 'r', 'u']"
Tarma-51_worm-1,,Tarma,51_worm,kuru,kuru,k u ɾ u,,adelaar1977,989,,,,,7717,k u ɾ u,"['k', 'u', 'ɾ', 'u']"
Troje-51_worm-1,,Troje,51_worm,khuru,khuru,kʰ u r u,,heggarty2005,989,,,,,7717,kʰ u r u,"['kʰ', 'u', 'r', 'u']"
Tsimu-51_worm-1,,Tsimu,51_worm,kú:dži,kú:dži,k uː dz i,,cerron2016,545,,,,,41,k uː dz i,"['k', 'uː', 'dz', 'i']"
Wari-51_worm-1,,Wari,51_worm,kuru,kuru,k u ɾ u,,parkerchavez1976,989,,,,,7717,k u ɾ u,"['k', 'u', 'ɾ', 'u']"
Yanac-51_worm-1,,Yanac,51_worm,kuru,kuru,k u r u,,heggarty2005,989,,,,,7717,k u r u,"['k', 'u', 'r', 'u']"
Anonimo-52_louse-1,,Anonimo,52_louse,vça,vça,u s a,,valera1586,488,,,,,3790,u s a,"['u', 's', 'a']"
Apuri-52_louse-1,,Apuri,52_louse,usa,usa,u s a,,shimelman2017,488,,,,,3790,u s a,"['u', 's', 'a']"
Apurimac-52_louse-1,,Apurimac,52_louse,usa,usa,u s a,,camacho2007,488,,,,,3790,u s a,"['u', 's', 'a']"
Arma-52_louse-1,,Arma,52_louse,usa,usa,u s a,,galvez2003,488,,,,,3790,u s a,"['u', 's', 'a']"
Atalla-52_louse-1,,Atalla,52_louse,usa,usa,u s a,,heggarty2005,488,,,,,3790,u s a,"['u', 's', 'a']"
Ayacucho-52_louse-1,,Ayacucho,52_louse,usa,usa,u s a,,soto1976,488,,,,,3790,u s a,"['u', 's', 'a']"
Bobonaza-52_louse-1,,Bobonaza,52_louse,usa,usa,u s a,,orrwrisley1981,488,,,,,3790,u s a,"['u', 's', 'a']"
Cacra-Hongos-52_louse-1,,Cacra-Hongos,52_louse,usa,usa,u s a,,shimelman2017,488,,,,,3790,u s a,"['u', 's', 'a']"
Chachapoyas-52_louse-1,,Chachapoyas,52_louse,usa,usa,u s a,,taylor2006,488,,,,,3790,u s a,"['u', 's', 'a']"
Chacpar-52_louse-1,,Chacpar,52_louse,uwa,uwa,u w a,,heggarty2005,488,,,,,3790,u w a,"['u', 'w', 'a']"
Chetilla-52_louse-1,,Chetilla,52_louse,usa,usa,u s a,,heggarty2005,488,,,,,3790,u s a,"['u', 's', 'a']"
Chipaya-52_louse-1,,Chipaya,52_louse,sami,sami,s a m i,,heggarty2005,489,,,,,3792,s a m i,"['s', 'a', 'm', 'i']"
Curva-52_louse-1,,Curva,52_louse,usa,usa,u s a,,heggarty2005,488,,,,,3790,u s a,"['u', 's', 'a']"
Cuzco-52_louse-1,,Cuzco,52_louse,usa,usa,u s a,,heggarty2005,488,,,,,3790,u s a,"['u', 's', 'a']"
CuzquenoAntiguo-52_louse-1,,CuzquenoAntiguo,52_louse,vça,vça,u s a,,holguin1608,488,,,,,3790,u s a,"['u', 's', 'a']"
Huallaga-52_louse-1,,Huallaga,52_louse,usa,usa,u s a,,heggarty2005,488,,,,,3790,u s a,"['u', 's', 'a']"
Huanca-52_louse-1,,Huanca,52_louse,usa,usa,u s a,,cerron2018,488,,,,,3790,u s a,"['u', 's', 'a']"
Huancane-52_louse-1,,Huancane,52_louse,lap'a,lap'a,l a pʼ a,,heggarty2005,490,,,,,3793,l a pʼ a,"['l', 'a', 'pʼ', 'a']"
Huangascar-52_louse-1,,Huangascar,52_louse,usa,usa,u s a,,shimelman2017,488,,,,,3790,u s a,"['u', 's', 'a']"
HuarazHuailas-52_louse-1,,HuarazHuailas,52_louse,uha,uha,u x a,,parkerchavez1976,488,,,,,3790,u x a,"['u', 'x', 'a']"
Imbabura-52_louse-1,,Imbabura,52_louse,usa,usa,u s a,,gomez2009,488,,,,,3790,u s a,"['u', 's', 'a']"
Inkawasi-52_louse-1,,Inkawasi,52_louse,"lisu, lišu",lisu,l i s u,,heggarty2005,215,,,,,22,l i s u,"['l', 'i', 's', 'u']"
Inkawasi-52_louse-2,,Inkawasi,52_louse,"lisu, lišu",lišu,l i ʃ u,,heggarty2005,215,,,,,22,l i ʃ u,"['l', 'i', 'ʃ', 'u']"
Iruhito-52_louse-1,,Iruhito,52_louse,sá:mi,sá:mi,s aː m i,,cerron2016,489,,,,,3792,s aː m i,"['s', 'aː', 'm', 'i']"
Jaqaru-52_louse-1,,Jaqaru,52_louse,nap'a,nap'a,n a pʼ a,,heggarty2005,490,,,,,3793,n a pʼ a,"['n', 'a', 'pʼ', 'a']"
Kawki-52_louse-1,,Kawki,52_louse,nap'a,nap'a,n a pʼ a,,heggarty2005,490,,,,,3793,n a pʼ a,"['n', 'a', 'pʼ', 'a']"
Lamas-52_louse-1,,Lamas,52_louse,usa,usa,u s a,,taylor2006,488,,,,,3790,u s a,"['u', 's', 'a']"
Laraos-52_louse-1,,Laraos,52_louse,usa,usa,u s a,,heggarty2005,488,,,,,3790,u s a,"['u', 's', 'a']"
Lincha-Tana-52_louse-1,,Lincha-Tana,52_louse,usa,usa,u s a,,shimelman2017,488,,,,,3790,u s a,"['u', 's', 'a']"
Maragua-52_louse-1,,Maragua,52_louse,usa,usa,u s a,,heggarty2005,488,,,,,3790,u s a,"['u', 's', 'a']"
Napo-52_louse-1,,Napo,52_louse,usa,usa,u s a,,orrwrisley1981,488,,,,,3790,u s a,"['u', 's', 'a']"
Pacaraos-52_louse-1,,Pacaraos,52_louse,uwa,uwa,u w a,,adelaar1982,488,,,,,3790,u w a,"['u', 'w', 'a']"
Pastaza-52_louse-1,,Pastaza,52_louse,usa,usa,u s a,,landerman1973,488,,,,,3790,u s a,"['u', 's', 'a']"
Pocona-52_louse-1,,Pocona,52_louse,usa,usa,u s a,,heggarty2005,488,,,,,3790,u s a,"['u', 's', 'a']"
Puki-52_louse-1,,Puki,52_louse,lap'a,lap'a,l a pʼ a,,heggarty2005,490,,,,,3793,l a pʼ a,"['l', 'a', 'pʼ', 'a']"
Puno-52_louse-1,,Puno,52_louse,usa,usa,u s a,,heggarty2005,488,,,,,3790,u s a,"['u', 's', 'a']"
Putumayo-52_louse-1,,Putumayo,52_louse,usa,usa,u s a,,tandioy1978,488,,,,,3790,u s a,"['u', 's', 'a']"
SanPedro-52_louse-1,,SanPedro,52_louse,usa,usa,u s a,,shimelman2017,488,,,,,3790,u s a,"['u', 's', 'a']"
Santiagueno-52_louse-1,,Santiagueno,52_louse,usa,usa,u s a,,juanatey2021,488,,,,,3790,u s a,"['u', 's', 'a']"
SantoTomas-52_louse-1,,SantoTomas,52_louse,"vʃʃa, moti, ocça",vʃʃa,u s a,,santotomas1951,488,,,,,3790,u s a,"['u', 's', 'a']"
SantoTomas-52_louse-2,,SantoTomas,52_louse,"vʃʃa, moti, ocça",moti,m o t i,,santotomas1951,491,,,,,3795,m o t i,"['m', 'o', 't', 'i']"
SantoTomas-52_louse-3,,SantoTomas,52_louse,"vʃʃa, moti, ocça",ocça,o k s a,,santotomas1951,1024,,,,,9,o k s a,"['o', 'k', 's', 'a']"
Serena-52_louse-1,,Serena,52_louse,usa,usa,u s a,,heggarty2005,488,,,,,3790,u s a,"['u', 's', 'a']"
Sullkatiti-52_louse-1,,Sullkatiti,52_louse,lap'a,lap'a,l a pʼ a,,heggarty2005,490,,,,,3793,l a pʼ a,"['l', 'a', 'pʼ', 'a']"
Taquile-52_louse-1,,Taquile,52_louse,usa,usa,u s a,,heggarty2005,488,,,,,3790,u s a,"['u', 's', 'a']"
Tarma-52_louse-1,,Tarma,52_louse,uwa,uwa,u w a,,adelaar1977,488,,,,,3790,u w a,"['u', 'w', 'a']"
Troje-52_louse-1,,Troje,52_louse,usa,usa,u s a,,heggarty2005,488,,,,,3790,u s a,"['u', 's', 'a']"
Tsimu-52_louse-1,,Tsimu,52_louse,sán,sán,s a n,ish en superscript,cerron2016,250,,,,,24,- - - s a n,"['s', 'a', 'n']"
Wari-52_louse-1,,Wari,52_louse,uwa,uwa,u w a,,parkerchavez1976,488,,,,,3790,u w a,"['u', 'w', 'a']"
Yanac-52_louse-1,,Yanac,52_louse,usa,usa,u s a,,heggarty2005,488,,,,,3790,u s a,"['u', 's', 'a']"
Anonimo-53_egg-1,,Anonimo,53_egg,runtu,runtu,r u n t u,ruru (Chin.),valera1586,70,,,,,1407,r u n t u,"['r', 'u', 'n', 't', 'u']"
Apuri-53_egg-1,,Apuri,53_egg,runtu,runtu,ɾ u n t u,,shimelman2017,70,,,,,1407,ɾ u n t u,"['ɾ', 'u', 'n', 't', 'u']"
Apurimac-53_egg-1,,Apurimac,53_egg,runtu,runtu,r u n t u,,camacho2007,70,,,,,1407,r u n t u,"['r', 'u', 'n', 't', 'u']"
Arma-53_egg-1,,Arma,53_egg,runtu,runtu,ɾ u n t u,,galvez2003,70,,,,,1407,ɾ u n t u,"['ɾ', 'u', 'n', 't', 'u']"
Atalla-53_egg-1,,Atalla,53_egg,runtu,runtu,r u n t u,,heggarty2005,70,,,,,1407,r u n t u,"['r', 'u', 'n', 't', 'u']"
Ayacucho-53_egg-1,,Ayacucho,53_egg,runtu,runtu,ɾ u n t u,,soto1976,70,,,,,1407,ɾ u n t u,"['ɾ', 'u', 'n', 't', 'u']"
Bobonaza-53_egg-1,,Bobonaza,53_egg,lulun,lulun,l u l u n,,orrwrisley1981,461,,,,,364,l u l u n,"['l', 'u', 'l', 'u', 'n']"
Cacra-Hongos-53_egg-1,,Cacra-Hongos,53_egg,runtu,runtu,l u n t u,,shimelman2017,70,,,,,1407,l u n t u,"['l', 'u', 'n', 't', 'u']"
Chachapoyas-53_egg-1,,Chachapoyas,53_egg,runtu,runtu,r u n d u,,taylor2006,70,,,,,1407,r u n d u,"['r', 'u', 'n', 'd', 'u']"
Chacpar-53_egg-1,,Chacpar,53_egg,runtu,runtu,r u n t u,,heggarty2005,70,,,,,1407,r u n t u,"['r', 'u', 'n', 't', 'u']"
Chetilla-53_egg-1,,Chetilla,53_egg,ruru,ruru,r u r u,,heggarty2005,187,,,,,205,r u r u,"['r', 'u', 'r', 'u']"
Chipaya-53_egg-1,,Chipaya,53_egg,ziñi,ziñi,z i ɲ i,,heggarty2005,147,,,,,18,z i ɲ i,"['z', 'i', 'ɲ', 'i']"
Curva-53_egg-1,,Curva,53_egg,runtu,runtu,r u n t u,,heggarty2005,70,,,,,1407,r u n t u,"['r', 'u', 'n', 't', 'u']"
Cuzco-53_egg-1,,Cuzco,53_egg,runtu,runtu,r u n t u,,heggarty2005,70,,,,,1407,r u n t u,"['r', 'u', 'n', 't', 'u']"
CuzquenoAntiguo-53_egg-1,,CuzquenoAntiguo,53_egg,runtu,runtu,r u n t u,,holguin1608,70,,,,,1407,r u n t u,"['r', 'u', 'n', 't', 'u']"
Huallaga-53_egg-1,,Huallaga,53_egg,runtu,runtu,r u n t u,,heggarty2005,70,,,,,1407,r u n t u,"['r', 'u', 'n', 't', 'u']"
Huanca-53_egg-1,,Huanca,53_egg,luntu,luntu,l u n t u,,cerron2018,70,,,,,1407,l u n t u,"['l', 'u', 'n', 't', 'u']"
Huancane-53_egg-1,,Huancane,53_egg,"k'awna, k'anwa",k'awna,kʼ a w n a,,heggarty2005,72,,,,,1410,kʼ a w n - a,"['kʼ', 'a', 'w', 'n', 'a']"
Huancane-53_egg-2,,Huancane,53_egg,"k'awna, k'anwa",k'anwa,kʼ a n w a,,heggarty2005,72,,,,,1410,kʼ a - n w a,"['kʼ', 'a', 'n', 'w', 'a']"
Huangascar-53_egg-1,,Huangascar,53_egg,runtu,runtu,ɾ u n t u,,shimelman2017,70,,,,,1407,ɾ u n t u,"['ɾ', 'u', 'n', 't', 'u']"
HuarazHuailas-53_egg-1,,HuarazHuailas,53_egg,ruru,ruru,ɾ u ɾ u,,parkerchavez1976,187,,,,,205,ɾ u ɾ u,"['ɾ', 'u', 'ɾ', 'u']"
Imbabura-53_egg-1,,Imbabura,53_egg,lulun,lulun,l u l u n,,gomez2009,461,,,,,364,l u l u n,"['l', 'u', 'l', 'u', 'n']"
Inkawasi-53_egg-1,,Inkawasi,53_egg,řundu,řundu,!r̝/r u n d u,,heggarty2005,70,,,,,1407,!r̝/r u n d u,"['!r̝/r', 'u', 'n', 'd', 'u']"
Iruhito-53_egg-1,,Iruhito,53_egg,shíñi,shíñi,ʃ i ɲ i,,cerron2016,147,,,,,18,ʃ i ɲ i,"['ʃ', 'i', 'ɲ', 'i']"
Jaqaru-53_egg-1,,Jaqaru,53_egg,nuru,nuru,n u r u,,heggarty2005,387,,,,,320,n u r u -,"['n', 'u', 'r', 'u']"
Kawki-53_egg-1,,Kawki,53_egg,k'awna,k'awna,kʼ a w n a,,heggarty2005,72,,,,,1410,kʼ a w n - a,"['kʼ', 'a', 'w', 'n', 'a']"
Lamas-53_egg-1,,Lamas,53_egg,runtu,runtu,r u n d u,,taylor2006,70,,,,,1407,r u n d u,"['r', 'u', 'n', 'd', 'u']"
Laraos-53_egg-1,,Laraos,53_egg,runtu,runtu,r u n t u,,heggarty2005,70,,,,,1407,r u n t u,"['r', 'u', 'n', 't', 'u']"
Lincha-Tana-53_egg-1,,Lincha-Tana,53_egg,runtu,runtu,l u n t u,,shimelman2017,70,,,,,1407,l u n t u,"['l', 'u', 'n', 't', 'u']"
Maragua-53_egg-1,,Maragua,53_egg,řuntu,řuntu,!r̝/r u n t u,,heggarty2005,70,,,,,1407,!r̝/r u n t u,"['!r̝/r', 'u', 'n', 't', 'u']"
Napo-53_egg-1,,Napo,53_egg,lulun,lulun,l u l u n,,orrwrisley1981,461,,,,,364,l u l u n,"['l', 'u', 'l', 'u', 'n']"
Pacaraos-53_egg-1,,Pacaraos,53_egg,ruru,ruru,ɾ u ɾ u,,adelaar1982,187,,,,,205,ɾ u ɾ u,"['ɾ', 'u', 'ɾ', 'u']"
Pastaza-53_egg-1,,Pastaza,53_egg,lulun,lulun,l u l u n,,landerman1973,461,,,,,364,l u l u n,"['l', 'u', 'l', 'u', 'n']"
Pocona-53_egg-1,,Pocona,53_egg,řuntu,řuntu,!r̝/r u n t u,,heggarty2005,70,,,,,1407,!r̝/r u n t u,"['!r̝/r', 'u', 'n', 't', 'u']"
Puki-53_egg-1,,Puki,53_egg,k'anwa,k'anwa,kʼ a n w a,,heggarty2005,72,,,,,1410,kʼ a - n w a,"['kʼ', 'a', 'n', 'w', 'a']"
Puno-53_egg-1,,Puno,53_egg,runtu,runtu,r u n t u,,heggarty2005,70,,,,,1407,r u n t u,"['r', 'u', 'n', 't', 'u']"
Raimondi-53_egg-1,,Raimondi,53_egg,ruru,ruru,ɾ u ɲ t u,,parkerchavez1976,70,,,,,1407,ɾ u ɲ t u,"['ɾ', 'u', 'ɲ', 't', 'u']"
SanPedro-53_egg-1,,SanPedro,53_egg,runtu,runtu,ɾ u n t u,,shimelman2017,70,,,,,1407,ɾ u n t u,"['ɾ', 'u', 'n', 't', 'u']"
Santiagueno-53_egg-1,,Santiagueno,53_egg,runtu,runtu,ɾ u n t u,,juanatey2021,70,,,,,1407,ɾ u n t u,"['ɾ', 'u', 'n', 't', 'u']"
SantoTomas-53_egg-1,,SantoTomas,53_egg,"runtu, ruru",runtu,r u n t u,,santotomas1951,70,,,,,1407,r u n t u,"['r', 'u', 'n', 't', 'u']"
SantoTomas-53_egg-2,,SantoTomas,53_egg,"runtu, ruru",ruro,r u r u,,santotomas1951,187,,,,,205,r u r u,"['r', 'u', 'r', 'u']"
Serena-53_egg-1,,Serena,53_egg,lulun,lulun,l u l u n,,heggarty2005,461,,,,,364,l u l u n,"['l', 'u', 'l', 'u', 'n']"
Sullkatiti-53_egg-1,,Sullkatiti,53_egg,"k'awna, k'anwa",k'awna,kʼ a w n a,,heggarty2005,72,,,,,1410,kʼ a w n - a,"['kʼ', 'a', 'w', 'n', 'a']"
Sullkatiti-53_egg-2,,Sullkatiti,53_egg,"k'awna, k'anwa",k'anwa,kʼ a n w a,,heggarty2005,72,,,,,1410,kʼ a - n w a,"['kʼ', 'a', 'n', 'w', 'a']"
Taquile-53_egg-1,,Taquile,53_egg,runtu,runtu,r u n t u,,heggarty2005,70,,,,,1407,r u n t u,"['r', 'u', 'n', 't', 'u']"
Tarma-53_egg-1,,Tarma,53_egg,ruru,ruru,!ʐ/r u r u,,adelaar1977,187,,,,,205,!ʐ/r u r u,"['!ʐ/r', 'u', 'r', 'u']"
Troje-53_egg-1,,Troje,53_egg,lulun,lulun,l u l u n,,heggarty2005,461,,,,,364,l u l u n,"['l', 'u', 'l', 'u', 'n']"
Tsimu-53_egg-1,,Tsimu,53_egg,sí:ña,sí:ña,s iː ɲ a,,cerron2016,147,,,,,18,s iː ɲ a,"['s', 'iː', 'ɲ', 'a']"
Wari-53_egg-1,,Wari,53_egg,runtu,runtu,ɾ u ɲ t u,,parkerchavez1976,70,,,,,1407,ɾ u ɲ t u,"['ɾ', 'u', 'ɲ', 't', 'u']"
Yanac-53_egg-1,,Yanac,53_egg,runtu,runtu,r u n t u,,heggarty2005,70,,,,,1407,r u n t u,"['r', 'u', 'n', 't', 'u']"
Anonimo-54_horn-1,,Anonimo,54_horn,huacra,huacra,w a k r a,,valera1586,381,,,,,3166,w a k r a,"['w', 'a', 'k', 'r', 'a']"
Apuri-54_horn-1,,Apuri,54_horn,waqra,waqra,w a q ɾ a,,shimelman2017,381,,,,,3166,w a q ɾ a,"['w', 'a', 'q', 'ɾ', 'a']"
Apurimac-54_horn-1,,Apurimac,54_horn,waqra,waqra,w a q r a,,camacho2007,381,,,,,3166,w a q r a,"['w', 'a', 'q', 'r', 'a']"
Arma-54_horn-1,,Arma,54_horn,waqra,waqra,w a χ ɾ a,,galvez2003,381,,,,,3166,w a χ ɾ a,"['w', 'a', 'χ', 'ɾ', 'a']"
Atalla-54_horn-1,,Atalla,54_horn,waχ(ə)ra,waχra,w a χ r a,,heggarty2005,381,,,,,3166,w a χ r a,"['w', 'a', 'χ', 'r', 'a']"
Ayacucho-54_horn-1,,Ayacucho,54_horn,waqra,waqra,w a χ ɾ a,,soto1976,381,,,,,3166,w a χ ɾ a,"['w', 'a', 'χ', 'ɾ', 'a']"
Bobonaza-54_horn-1,,Bobonaza,54_horn,cachu,cachu,k a tʃ u,,orrwrisley1981,665,,,,esp,479,k a tʃ u,"['k', 'a', 'tʃ', 'u']"
Cacra-Hongos-54_horn-1,,Cacra-Hongos,54_horn,waqra,waqra,w a q l a,,shimelman2017,381,,,,,3166,w a q l a,"['w', 'a', 'q', 'l', 'a']"
Chachapoyas-54_horn-1,,Chachapoyas,54_horn,wakra,wakra,w a k r a,,taylor2006,381,,,,,3166,w a k r a,"['w', 'a', 'k', 'r', 'a']"
Chacpar-54_horn-1,,Chacpar,54_horn,waγ(ə)ra,waγra,w a ʁ r a,,heggarty2005,381,,,,,3166,w a ʁ r a,"['w', 'a', 'ʁ', 'r', 'a']"
Chetilla-54_horn-1,,Chetilla,54_horn,waqra,waqra,w a q r a,,heggarty2005,381,,,,,3166,w a q r a,"['w', 'a', 'q', 'r', 'a']"
Chipaya-54_horn-1,,Chipaya,54_horn,tothi; irqi,tothi,t o tʰ i,,heggarty2005,52,,,,,13,t o - - - tʰ i,"['t', 'o', 'tʰ', 'i']"
Chipaya-54_horn-2,,Chipaya,54_horn,tothi; irqi,irqi,i r q i,,heggarty2005,382,,,,,3168,i r q i,"['i', 'r', 'q', 'i']"
Curva-54_horn-1,,Curva,54_horn,waχra,waχra,w a χ r a,,heggarty2005,381,,,,,3166,w a χ r a,"['w', 'a', 'χ', 'r', 'a']"
Cuzco-54_horn-1,,Cuzco,54_horn,waχra,waχra,w a χ r a,,heggarty2005,381,,,,,3166,w a χ r a,"['w', 'a', 'χ', 'r', 'a']"
CuzquenoAntiguo-54_horn-1,,CuzquenoAntiguo,54_horn,huacra,huacra,w a k r a,,holguin1608,381,,,,,3166,w a k r a,"['w', 'a', 'k', 'r', 'a']"
Huallaga-54_horn-1,,Huallaga,54_horn,waχra,waχra,w a χ r a,,heggarty2005,381,,,,,3166,w a χ r a,"['w', 'a', 'χ', 'r', 'a']"
Huanca-54_horn-1,,Huanca,54_horn,waqla,waqla,w a ʔ l a,,cerron1976,381,,,,,3166,w a ʔ l a,"['w', 'a', 'ʔ', 'l', 'a']"
Huancane-54_horn-1,,Huancane,54_horn,waχra,waχra,w a χ r a,,heggarty2005,137,,,,quechua,176,w a χ r a,"['w', 'a', 'χ', 'r', 'a']"
Huangascar-54_horn-1,,Huangascar,54_horn,waqra,waqra,w a q ɾ a,,shimelman2017,381,,,,,3166,w a q ɾ a,"['w', 'a', 'q', 'ɾ', 'a']"
HuarazHuailas-54_horn-1,,HuarazHuailas,54_horn,waqra,waqra,w a q ɾ a,,parkerchavez1976,381,,,,,3166,w a q ɾ a,"['w', 'a', 'q', 'ɾ', 'a']"
Imbabura-54_horn-1,,Imbabura,54_horn,kachu,kachu,k a tʃ u,,gomez2009,667,,,,esp,480,k a tʃ u,"['k', 'a', 'tʃ', 'u']"
Inkawasi-54_horn-1,,Inkawasi,54_horn,waχra,waχra,w a χ r a,,heggarty2005,381,,,,,3166,w a χ r a,"['w', 'a', 'χ', 'r', 'a']"
Jaqaru-54_horn-1,,Jaqaru,54_horn,waxra,waxra,w a x r a,,heggarty2005,570,,,,quechua,423,w a x r a,"['w', 'a', 'x', 'r', 'a']"
Kawki-54_horn-1,,Kawki,54_horn,waxra,waxra,w a x r a,,heggarty2005,571,,,,quechua,424,w a x r a,"['w', 'a', 'x', 'r', 'a']"
Lamas-54_horn-1,,Lamas,54_horn,wakra,wakra,w a k r a,,taylor2006,381,,,,,3166,w a k r a,"['w', 'a', 'k', 'r', 'a']"
Laraos-54_horn-1,,Laraos,54_horn,waχra,waχra,w a χ r a,,heggarty2005,381,,,,,3166,w a χ r a,"['w', 'a', 'χ', 'r', 'a']"
Lincha-Tana-54_horn-1,,Lincha-Tana,54_horn,waqra,waqra,w a q ɾ a,,shimelman2017,381,,,,,3166,w a q ɾ a,"['w', 'a', 'q', 'ɾ', 'a']"
Maragua-54_horn-1,,Maragua,54_horn,waχra,waχra,w a χ r a,,heggarty2005,381,,,,,3166,w a χ r a,"['w', 'a', 'χ', 'r', 'a']"
Napo-54_horn-1,,Napo,54_horn,cachu,cachu,k a tʃ u,,orrwrisley1981,668,,,,esp,481,k a tʃ u,"['k', 'a', 'tʃ', 'u']"
Pacaraos-54_horn-1,,Pacaraos,54_horn,waqra,waqra,w a χ ɾ a,,adelaar1982,381,,,,,3166,w a χ ɾ a,"['w', 'a', 'χ', 'ɾ', 'a']"
Pastaza-54_horn-1,,Pastaza,54_horn,cachu,cachu,k a tʃ u,,landerman1973,669,,,,esp,482,k a tʃ u,"['k', 'a', 'tʃ', 'u']"
Pastaza-54_horn-2,,Pastaza,54_horn,curmita,curmita,k u r m i + t a,,landerman1973,670,,,,esp,483 0,k u r ( m i - ) + t a,"['k', 'u', 'r', 'm', 'i', '+', 't', 'a']"
Pocona-54_horn-1,,Pocona,54_horn,waχra,waχra,w a χ r a,,heggarty2005,381,,,,,3166,w a χ r a,"['w', 'a', 'χ', 'r', 'a']"
Puki-54_horn-1,,Puki,54_horn,waχra,waχra,w a χ r a,,heggarty2005,388,,,,quechua,321,w a χ r a,"['w', 'a', 'χ', 'r', 'a']"
Puno-54_horn-1,,Puno,54_horn,waχra,waχra,w a χ r a,,heggarty2005,381,,,,,3166,w a χ r a,"['w', 'a', 'χ', 'r', 'a']"
Putumayo-54_horn-1,,Putumayo,54_horn,cachu,cachu,k a tʃ u,,tandioy1978,672,,,,esp,484,k a tʃ u,"['k', 'a', 'tʃ', 'u']"
Raimondi-54_horn-1,,Raimondi,54_horn,waqra,waqra,w a q ɾ a,,parkerchavez1976,381,,,,,3166,w a q ɾ a,"['w', 'a', 'q', 'ɾ', 'a']"
SanPedro-54_horn-1,,SanPedro,54_horn,waqra,waqra,w a q ɾ a,,shimelman2017,381,,,,,3166,w a q ɾ a,"['w', 'a', 'q', 'ɾ', 'a']"
Santiagueno-54_horn-1,,Santiagueno,54_horn,waqra,waqra,w a χ ɾ a,,juanatey2021,381,,,,,3166,w a χ ɾ a,"['w', 'a', 'χ', 'ɾ', 'a']"
SantoTomas-54_horn-1,,SantoTomas,54_horn,guacra,guacra,w a k r a,,santotomas1951,381,,,,,3166,w a k r a,"['w', 'a', 'k', 'r', 'a']"
Serena-54_horn-1,,Serena,54_horn,kur(u)nus,kurnus,k u r n u s,,heggarty2005,673,,,,esp,485,k u r ( n u s ),"['k', 'u', 'r', 'n', 'u', 's']"
Sullkatiti-54_horn-1,,Sullkatiti,54_horn,waχra,waχra,w a χ r a,,heggarty2005,388,,,,,321,w a χ r a,"['w', 'a', 'χ', 'r', 'a']"
Taquile-54_horn-1,,Taquile,54_horn,waχra,waχra,w a χ r a,,heggarty2005,381,,,,,3166,w a χ r a,"['w', 'a', 'χ', 'r', 'a']"
Tarma-54_horn-1,,Tarma,54_horn,waxra,waxra,w a χ ɾ a,,adelaar1977,381,,,,,3166,w a χ ɾ a,"['w', 'a', 'χ', 'ɾ', 'a']"
Troje-54_horn-1,,Troje,54_horn,"γaču, gaču",γaču,ʁ a tʃ u,,heggarty2005,104,,,,esp,16,ʁ a tʃ u,"['ʁ', 'a', 'tʃ', 'u']"
Troje-54_horn-2,,Troje,54_horn,"γaču, gaču",gaču,g a tʃ u,,heggarty2005,674,,,,esp,486,g a tʃ u,"['g', 'a', 'tʃ', 'u']"
Wari-54_horn-1,,Wari,54_horn,waqra,waqra,w a q ɾ a,,parkerchavez1976,381,,,,,3166,w a q ɾ a,"['w', 'a', 'q', 'ɾ', 'a']"
Yanac-54_horn-1,,Yanac,54_horn,waqra,waqra,w a q r a,,heggarty2005,381,,,,,3166,w a q r a,"['w', 'a', 'q', 'r', 'a']"
Anonimo-55_tail-1,,Anonimo,55_tail,chupa,chupa,tʃ u p a,,valera1586,893,,,,,6554,tʃ u p a,"['tʃ', 'u', 'p', 'a']"
Apuri-55_tail-1,,Apuri,55_tail,trupa,trupa,ʈ u p a,,shimelman2017,893,,,,,6554,ʈ u p a,"['ʈ', 'u', 'p', 'a']"
Apurimac-55_tail-1,,Apurimac,55_tail,chupa,chupa,tʃ u p a,,camacho2007,893,,,,,6554,tʃ u p a,"['tʃ', 'u', 'p', 'a']"
Arma-55_tail-1,,Arma,55_tail,chupa,chupa,tʃ u p a,,galvez2003,893,,,,,6554,tʃ u p a,"['tʃ', 'u', 'p', 'a']"
Atalla-55_tail-1,,Atalla,55_tail,čupa,čupa,tʃ u p a,,heggarty2005,893,,,,,6554,tʃ u p a,"['tʃ', 'u', 'p', 'a']"
Ayacucho-55_tail-1,,Ayacucho,55_tail,chupa,chupa,tʃ u p a,,soto1976,893,,,,,6554,tʃ u p a,"['tʃ', 'u', 'p', 'a']"
Bobonaza-55_tail-1,,Bobonaza,55_tail,chupa,chupa,tʃ u p a,,orrwrisley1981,893,,,,,6554,tʃ u p a,"['tʃ', 'u', 'p', 'a']"
Cacra-Hongos-55_tail-1,,Cacra-Hongos,55_tail,trupa,trupa,ʈ u p a,,shimelman2017,893,,,,,6554,ʈ u p a,"['ʈ', 'u', 'p', 'a']"
Chachapoyas-55_tail-1,,Chachapoyas,55_tail,ĉupa,ĉupa,ʈʂ u p a,,taylor2006,893,,,,,6554,ʈʂ u p a,"['ʈʂ', 'u', 'p', 'a']"
Chacpar-55_tail-1,,Chacpar,55_tail,čupa,čupa,tʃ u p a,,heggarty2005,893,,,,,6554,tʃ u p a,"['tʃ', 'u', 'p', 'a']"
Chetilla-55_tail-1,,Chetilla,55_tail,ĉupa,ĉupa,ʈʂ u p a,,heggarty2005,893,,,,,6554,ʈʂ u p a,"['ʈʂ', 'u', 'p', 'a']"
Chipaya-55_tail-1,,Chipaya,55_tail,khurz(a),khurz,kʰ u r z,,heggarty2005,894,,,,,6555,kʰ u r z,"['kʰ', 'u', 'r', 'z']"
Curva-55_tail-1,,Curva,55_tail,čupa,čupa,tʃ u p a,,heggarty2005,893,,,,,6554,tʃ u p a,"['tʃ', 'u', 'p', 'a']"
Cuzco-55_tail-1,,Cuzco,55_tail,čupa,čupa,tʃ u p a,,heggarty2005,893,,,,,6554,tʃ u p a,"['tʃ', 'u', 'p', 'a']"
CuzquenoAntiguo-55_tail-1,,CuzquenoAntiguo,55_tail,chupa,chupa,tʃ u p a,,holguin1608,893,,,,,6554,tʃ u p a,"['tʃ', 'u', 'p', 'a']"
Huallaga-55_tail-1,,Huallaga,55_tail,čupa,čupa,tʃ u p a,,heggarty2005,893,,,,,6554,tʃ u p a,"['tʃ', 'u', 'p', 'a']"
Huanca-55_tail-1,,Huanca,55_tail,trupa,trupa,ʈʂ u p a,,cerron2018,893,,,,,6554,ʈʂ u p a,"['ʈʂ', 'u', 'p', 'a']"
Huancane-55_tail-1,,Huancane,55_tail,wič'inka,wič'inka,w i tʃʼ i n k a,,heggarty2005,895,,,,,6556,w i tʃʼ i n k a,"['w', 'i', 'tʃʼ', 'i', 'n', 'k', 'a']"
Huangascar-55_tail-1,,Huangascar,55_tail,trupa,trupa,ʈ u p a,,shimelman2017,893,,,,,6554,ʈ u p a,"['ʈ', 'u', 'p', 'a']"
HuarazHuailas-55_tail-1,,HuarazHuailas,55_tail,chupa,chupa,tʃ u p a,,parkerchavez1976,893,,,,,6554,tʃ u p a,"['tʃ', 'u', 'p', 'a']"
Imbabura-55_tail-1,,Imbabura,55_tail,chupa,chupa,tʃ u p a,,gomez2009,893,,,,,6554,tʃ u p a,"['tʃ', 'u', 'p', 'a']"
Inkawasi-55_tail-1,,Inkawasi,55_tail,ĉupa,ĉupa,ʈʂ u p a,,heggarty2005,893,,,,,6554,ʈʂ u p a,"['ʈʂ', 'u', 'p', 'a']"
Iruhito-55_tail-1,,Iruhito,55_tail,kúr̂sʰ,kúr̂sʰ,k u r s,,cerron2016,894,,,,,6555,k u r s,"['k', 'u', 'r', 's']"
Jaqaru-55_tail-1,,Jaqaru,55_tail,wič'anku,wič'anku,w i tʃʼ a n k u,,heggarty2005,895,,,,,6556,w i tʃʼ a n k u,"['w', 'i', 'tʃʼ', 'a', 'n', 'k', 'u']"
Kawki-55_tail-1,,Kawki,55_tail,wiĉ'inga,wiĉ'inga,w i ʈʂʼ i n g a,,heggarty2005,895,,,,,6556,w i ʈʂʼ i n g a,"['w', 'i', 'ʈʂʼ', 'i', 'n', 'g', 'a']"
Lamas-55_tail-1,,Lamas,55_tail,chupa,chupa,tʃ u p a,,taylor2006,893,,,,,6554,tʃ u p a,"['tʃ', 'u', 'p', 'a']"
Laraos-55_tail-1,,Laraos,55_tail,ĉupa,ĉupa,ʈʂ u p a,,heggarty2005,893,,,,,6554,ʈʂ u p a,"['ʈʂ', 'u', 'p', 'a']"
Lincha-Tana-55_tail-1,,Lincha-Tana,55_tail,trupa,trupa,ʈ u p a,,shimelman2017,893,,,,,6554,ʈ u p a,"['ʈ', 'u', 'p', 'a']"
Maragua-55_tail-1,,Maragua,55_tail,čupa,čupa,tʃ u p a,,heggarty2005,893,,,,,6554,tʃ u p a,"['tʃ', 'u', 'p', 'a']"
Napo-55_tail-1,,Napo,55_tail,chupa,chupa,tʃ u p a,,orrwrisley1981,893,,,,,6554,tʃ u p a,"['tʃ', 'u', 'p', 'a']"
Pacaraos-55_tail-1,,Pacaraos,55_tail,trupa,trupa,ʈʂ u p a,,adelaar1982,893,,,,,6554,ʈʂ u p a,"['ʈʂ', 'u', 'p', 'a']"
Pastaza-55_tail-1,,Pastaza,55_tail,chupa,chupa,tʃ u p a,,landerman1973,893,,,,,6554,tʃ u p a,"['tʃ', 'u', 'p', 'a']"
Pocona-55_tail-1,,Pocona,55_tail,čupa,čupa,tʃ u p a,,heggarty2005,893,,,,,6554,tʃ u p a,"['tʃ', 'u', 'p', 'a']"
Puki-55_tail-1,,Puki,55_tail,wič'inkha,wič'inkha,w i tʃʼ i n kʰ a,,heggarty2005,895,,,,,6556,w i tʃʼ i n kʰ a,"['w', 'i', 'tʃʼ', 'i', 'n', 'kʰ', 'a']"
Puno-55_tail-1,,Puno,55_tail,čupa,čupa,tʃ u p a,,heggarty2005,893,,,,,6554,tʃ u p a,"['tʃ', 'u', 'p', 'a']"
Putumayo-55_tail-1,,Putumayo,55_tail,chupa,chupa,tʃ u p a,,tandioy1978,893,,,,,6554,tʃ u p a,"['tʃ', 'u', 'p', 'a']"
Raimondi-55_tail-1,,Raimondi,55_tail,chupa,chupa,tʃ u p a,,parkerchavez1976,893,,,,,6554,tʃ u p a,"['tʃ', 'u', 'p', 'a']"
SanPedro-55_tail-1,,SanPedro,55_tail,trupa,trupa,ʈ u p a,,shimelman2017,893,,,,,6554,ʈ u p a,"['ʈ', 'u', 'p', 'a']"
Santiagueno-55_tail-1,,Santiagueno,55_tail,chupa,chupa,tʃ u p a,,juanatey2021,893,,,,,6554,tʃ u p a,"['tʃ', 'u', 'p', 'a']"
SantoTomas-55_tail-1,,SantoTomas,55_tail,chuppa,chuppa,tʃ u p a,,santotomas1951,893,,,,,6554,tʃ u p a,"['tʃ', 'u', 'p', 'a']"
Serena-55_tail-1,,Serena,55_tail,čupa,čupa,tʃ u p a,,heggarty2005,893,,,,,6554,tʃ u p a,"['tʃ', 'u', 'p', 'a']"
Sullkatiti-55_tail-1,,Sullkatiti,55_tail,wič'inkha,wič'inkha,w i tʃʼ i n kʰ a,,heggarty2005,895,,,,,6556,w i tʃʼ i n kʰ a,"['w', 'i', 'tʃʼ', 'i', 'n', 'kʰ', 'a']"
Taquile-55_tail-1,,Taquile,55_tail,čupa,čupa,tʃ u p a,,heggarty2005,893,,,,,6554,tʃ u p a,"['tʃ', 'u', 'p', 'a']"
Tarma-55_tail-1,,Tarma,55_tail,ĉuba,ĉuba,ʈʂ u b a,,adelaar1977,893,,,,,6554,ʈʂ u b a,"['ʈʂ', 'u', 'b', 'a']"
Troje-55_tail-1,,Troje,55_tail,čupa,čupa,tʃ u p a,,heggarty2005,893,,,,,6554,tʃ u p a,"['tʃ', 'u', 'p', 'a']"
Tsimu-55_tail-1,,Tsimu,55_tail,kúr̂sʰ,kúr̂sʰ,k u r s,,cerron2016,894,,,,,6555,k u r s,"['k', 'u', 'r', 's']"
Wari-55_tail-1,,Wari,55_tail,chupa,chupa,tʃ u p a,,parkerchavez1976,893,,,,,6554,tʃ u p a,"['tʃ', 'u', 'p', 'a']"
Yanac-55_tail-1,,Yanac,55_tail,ĉupa,ĉupa,ʈʂ u p a,,heggarty2005,893,,,,,6554,ʈʂ u p a,"['ʈʂ', 'u', 'p', 'a']"
Anonimo-56_wing-1,,Anonimo,56_wing,ricra,ricra,r i k r a,,valera1586,972,,,,,7575,r i k r a,"['r', 'i', 'k', 'r', 'a']"
Apuri-56_wing-1,,Apuri,56_wing,rikra,rikra,ɾ i k ɾ a,,shimelman2017,972,,,,,7575,ɾ i k ɾ a,"['ɾ', 'i', 'k', 'ɾ', 'a']"
Apurimac-56_wing-1,,Apurimac,56_wing,rapra,rapra,r a p r a,,camacho2007,424,,,,,3427,r a p r a,"['r', 'a', 'p', 'r', 'a']"
Apurimac-56_wing-2,,Apurimac,56_wing,parpa,parpa,p a r p a,,camacho2007,479,,,,,373,p a r p a,"['p', 'a', 'r', 'p', 'a']"
Arma-56_wing-1,,Arma,56_wing,"rapra, rikra",rapra,ɾ a p ɾ a,,galvez2003,424,,,,,3427,ɾ a p ɾ a,"['ɾ', 'a', 'p', 'ɾ', 'a']"
Arma-56_wing-2,,Arma,56_wing,"rapra, rikra",rikra,ɾ i k ɾ a,,galvez2003,972,,,,,7575,ɾ i k ɾ a,"['ɾ', 'i', 'k', 'ɾ', 'a']"
Atalla-56_wing-1,,Atalla,56_wing,rapra,rapra,r a p r a,,heggarty2005,424,,,,,3427,r a p r a,"['r', 'a', 'p', 'r', 'a']"
Ayacucho-56_wing-1,,Ayacucho,56_wing,rapra,rapra,ɾ a p ɾ a,,soto1976,424,,,,,3427,ɾ a p ɾ a,"['ɾ', 'a', 'p', 'ɾ', 'a']"
Bobonaza-56_wing-1,,Bobonaza,56_wing,rigra,rigra,r i g r a,,orrwrisley1981,972,,,,,7575,r i g r a,"['r', 'i', 'g', 'r', 'a']"
Cacra-Hongos-56_wing-1,,Cacra-Hongos,56_wing,likla,likla,ʃ i k l a,,shimelman2017,972,,,,,7575,ʃ i k l a,"['ʃ', 'i', 'k', 'l', 'a']"
Chachapoyas-56_wing-1,,Chachapoyas,56_wing,rikra,rikra,r i k r a,,taylor2006,972,,,,,7575,r i k r a,"['r', 'i', 'k', 'r', 'a']"
Chacpar-56_wing-1,,Chacpar,56_wing,alas,alas,a l a s,,heggarty2005,779,,,,esp,544,a l a s,"['a', 'l', 'a', 's']"
Chetilla-56_wing-1,,Chetilla,56_wing,ala,ala,a l a,,heggarty2005,780,,,,esp,545,a l a -,"['a', 'l', 'a']"
Chipaya-56_wing-1,,Chipaya,56_wing,qhara,qhara,qʰ a r a,,heggarty2005,355,,,,,30,qʰ a - r a,"['qʰ', 'a', 'r', 'a']"
Curva-56_wing-1,,Curva,56_wing,lixra,lixra,l i x r a,,heggarty2005,972,,,,,7575,l i x r a,"['l', 'i', 'x', 'r', 'a']"
Cuzco-56_wing-1,,Cuzco,56_wing,raφra,raφra,r a ɸ r a,,heggarty2005,424,,,,,3427,r a ɸ r a,"['r', 'a', 'ɸ', 'r', 'a']"
CuzquenoAntiguo-56_wing-1,,CuzquenoAntiguo,56_wing,ricra,ricra,r i k r a,,holguin1608,972,,,,,7575,r i k r a,"['r', 'i', 'k', 'r', 'a']"
Huallaga-56_wing-1,,Huallaga,56_wing,caapa,caapa,k a p a,,heggarty2005,287,,,,,26,k a p a,"['k', 'a', 'p', 'a']"
Huanca-56_wing-1,,Huanca,56_wing,lapla,lapla,l a p l a,,cerron2018,424,,,,,3427,l a p l a,"['l', 'a', 'p', 'l', 'a']"
Jauja-56_wing-1,,Jauja,56_wing,lapla,lapla,l a p l a,,cerron1976,424,,,,,3427,l a p l a,"['l', 'a', 'p', 'l', 'a']"
Huancane-56_wing-1,,Huancane,56_wing,čhiqha,čhiqha,tʃʰ i qʰ a,,heggarty2005,975,,,,,7578,tʃʰ i qʰ a,"['tʃʰ', 'i', 'qʰ', 'a']"
Huangascar-56_wing-1,,Huangascar,56_wing,rikra,rikra,ɾ i k ɾ a,,shimelman2017,972,,,,,7575,ɾ i k ɾ a,"['ɾ', 'i', 'k', 'ɾ', 'a']"
HuarazHuailas-56_wing-1,,HuarazHuailas,56_wing,rikra,rikra,r i k r a,"colex. with ""brazo""",parkerchavez1976,972,,,,,7575,r i k r a,"['r', 'i', 'k', 'r', 'a']"
Imbabura-56_wing-1,,Imbabura,56_wing,alas,alas,a l a s,,gomez2009,781,,,,esp,546,a l a s,"['a', 'l', 'a', 's']"
Inkawasi-56_wing-1,,Inkawasi,56_wing,ala,ala,a l a,,heggarty2005,786,,,,esp,547,a l a -,"['a', 'l', 'a']"
Jaqaru-56_wing-1,,Jaqaru,56_wing,ka:ka,ka:ka,k aː k a,,heggarty2005,974,,,,,7577,k aː k a,"['k', 'aː', 'k', 'a']"
Kawki-56_wing-1,,Kawki,56_wing,ka:ka,ka:ka,k aː k a,,heggarty2005,974,,,,,7577,k aː k a,"['k', 'aː', 'k', 'a']"
Lamas-56_wing-1,,Lamas,56_wing,rikra,rikra,r i k r a,,taylor2006,972,,,,,7575,r i k r a,"['r', 'i', 'k', 'r', 'a']"
Laraos-56_wing-1,,Laraos,56_wing,likra,likra,l i k r a,,heggarty2005,972,,,,,7575,l i k r a,"['l', 'i', 'k', 'r', 'a']"
Lincha-Tana-56_wing-1,,Lincha-Tana,56_wing,likla,likla,l i k l a,,shimelman2017,972,,,,,7575,l i k l a,"['l', 'i', 'k', 'l', 'a']"
Maragua-56_wing-1,,Maragua,56_wing,lixra,lixra,l i x r a,,heggarty2005,972,,,,,7575,l i x r a,"['l', 'i', 'x', 'r', 'a']"
Napo-56_wing-1,,Napo,56_wing,rigra,rigra,r i g r a,,orrwrisley1981,972,,,,,7575,r i g r a,"['r', 'i', 'g', 'r', 'a']"
Pastaza-56_wing-1,,Pastaza,56_wing,ɾigra,ɾigra,ɾ i g r a,,landerman1973,972,,,,,7575,ɾ i g r a,"['ɾ', 'i', 'g', 'r', 'a']"
Pocona-56_wing-1,,Pocona,56_wing,"liχra, lixra",liχra,l i χ r a,,heggarty2005,972,,,,,7575,l i χ r a,"['l', 'i', 'χ', 'r', 'a']"
Pocona-56_wing-2,,Pocona,56_wing,"liχra, lixra",lixra,l i x r a,,heggarty2005,972,,,,,7575,l i x r a,"['l', 'i', 'x', 'r', 'a']"
Puki-56_wing-1,,Puki,56_wing,čhiqha,čhiqha,tʃʰ i qʰ a,,heggarty2005,975,,,,,7578,tʃʰ i qʰ a,"['tʃʰ', 'i', 'qʰ', 'a']"
Puno-56_wing-1,,Puno,56_wing,rixra,rixra,r i x r a,,heggarty2005,972,,,,,7575,r i x r a,"['r', 'i', 'x', 'r', 'a']"
Putumayo-56_wing-1,,Putumayo,56_wing,ugllarisca,ugllarisca,u g ʎ a + r i s k a,,tandioy1978,976,,,,,7579 11,u g ʎ a + r i s k a,"['u', 'g', 'ʎ', 'a', '+', 'r', 'i', 's', 'k', 'a']"
SanPedro-56_wing-1,,SanPedro,56_wing,rikra,rikra,ɾ i k ɾ a,,shimelman2017,972,,,,,7575,ɾ i k ɾ a,"['ɾ', 'i', 'k', 'ɾ', 'a']"
Santiagueno-56_wing-1,,Santiagueno,56_wing,likra,likra,l i x ɾ a,,juanatey2021,972,,,,,7575,l i x ɾ a,"['l', 'i', 'x', 'ɾ', 'a']"
SantoTomas-56_wing-1,,SantoTomas,56_wing,ricra,ricra,r i k r a,,santotomas1951,972,,,,,7575,r i k r a,"['r', 'i', 'k', 'r', 'a']"
Serena-56_wing-1,,Serena,56_wing,riγra panga,riγra panga,r i ʁ r a + p a n g a,,heggarty2005,973,,,,,7575 7580,r i ʁ r a + p a n g a,"['r', 'i', 'ʁ', 'r', 'a', '+', 'p', 'a', 'n', 'g', 'a']"
Sullkatiti-56_wing-1,,Sullkatiti,56_wing,čhiqha,čhiqha,tʃʰ i qʰ a,,heggarty2005,975,,,,,7578,tʃʰ i qʰ a,"['tʃʰ', 'i', 'qʰ', 'a']"
Taquile-56_wing-1,,Taquile,56_wing,rixra,rixra,r i x r a,,heggarty2005,972,,,,,7575,r i x r a,"['r', 'i', 'x', 'r', 'a']"
Tarma-56_wing-1,,Tarma,56_wing,rapra,rapra,!ʐ/r a p r a,,adelaar1977,424,,,,,3427,!ʐ/r a p r a,"['!ʐ/r', 'a', 'p', 'r', 'a']"
Troje-56_wing-1,,Troje,56_wing,alas,alas,a l a s,,heggarty2005,787,,,,esp,548,a l a s,"['a', 'l', 'a', 's']"
Wari-56_wing-1,,Wari,56_wing,rikra,rikra,r i k r a,"colex. with ""brazo""",parkerchavez1976,972,,,,,7575,r i k r a,"['r', 'i', 'k', 'r', 'a']"
Yanac-56_wing-1,,Yanac,56_wing,ala,ala,a l a,,heggarty2005,788,,,,esp,549,a l a -,"['a', 'l', 'a']"
Anonimo-57_manswperson-1,,Anonimo,57_manswperson,runa,runa,r u n a,,valera1586,505,,,,,3892,r u n a,"['r', 'u', 'n', 'a']"
Apuri-57_manswperson-1,,Apuri,57_manswperson,runa,runa,ɾ u n a,,shimelman2017,505,,,,,3892,ɾ u n a,"['ɾ', 'u', 'n', 'a']"
Apurimac-57_manswperson-1,,Apurimac,57_manswperson,runa,runa,r u n a,,camacho2007,505,,,,,3892,r u n a,"['r', 'u', 'n', 'a']"
Arma-57_manswperson-1,,Arma,57_manswperson,runa,runa,ɾ u n a,,galvez2003,505,,,,,3892,ɾ u n a,"['ɾ', 'u', 'n', 'a']"
Atalla-57_manswperson-1,,Atalla,57_manswperson,runa,runa,r u n a,,heggarty2005,505,,,,,3892,r u n a,"['r', 'u', 'n', 'a']"
Ayacucho-57_manswperson-1,,Ayacucho,57_manswperson,runa,runa,ɾ u n a,,soto1976,505,,,,,3892,ɾ u n a,"['ɾ', 'u', 'n', 'a']"
Bobonaza-57_manswperson-1,,Bobonaza,57_manswperson,runa,runa,r u n a,,orrwrisley1981,505,,,,,3892,r u n a,"['r', 'u', 'n', 'a']"
Chachapoyas-57_manswperson-1,,Chachapoyas,57_manswperson,runa,runa,r u n a,,taylor2006,505,,,,,3892,r u n a,"['r', 'u', 'n', 'a']"
Chacpar-57_manswperson-1,,Chacpar,57_manswperson,runa,runa,r u n a,,heggarty2005,505,,,,,3892,r u n a,"['r', 'u', 'n', 'a']"
Chetilla-57_manswperson-1,,Chetilla,57_manswperson,runa,runa,r u n a,,heggarty2005,505,,,,,3892,r u n a,"['r', 'u', 'n', 'a']"
Chipaya-57_manswperson-1,,Chipaya,57_manswperson,zhoñi,zhoñi,zʰ o ɲ i,,heggarty2005,506,,,,,3893,zʰ o ɲ i,"['zʰ', 'o', 'ɲ', 'i']"
Curva-57_manswperson-1,,Curva,57_manswperson,runa,runa,r u n a,,heggarty2005,505,,,,,3892,r u n a,"['r', 'u', 'n', 'a']"
Cuzco-57_manswperson-1,,Cuzco,57_manswperson,runa,runa,r u n a,,heggarty2005,505,,,,,3892,r u n a,"['r', 'u', 'n', 'a']"
CuzquenoAntiguo-57_manswperson-1,,CuzquenoAntiguo,57_manswperson,runa,runa,r u n a,,holguin1608,505,,,,,3892,r u n a,"['r', 'u', 'n', 'a']"
Huallaga-57_manswperson-1,,Huallaga,57_manswperson,runa,runa,r u n a,,heggarty2005,505,,,,,3892,r u n a,"['r', 'u', 'n', 'a']"
Huanca-57_manswperson-1,,Huanca,57_manswperson,nuna,nuna,n u n a,,cerron2018,505,,,,,3892,n u n a,"['n', 'u', 'n', 'a']"
Huancane-57_manswperson-1,,Huancane,57_manswperson,haqi,haqi,h a q i,,heggarty2005,507,,,,,3894,h a q i,"['h', 'a', 'q', 'i']"
Huangascar-57_manswperson-1,,Huangascar,57_manswperson,runa,runa,ɾ u n a,,shimelman2017,505,,,,,3892,ɾ u n a,"['ɾ', 'u', 'n', 'a']"
HuarazHuailas-57_manswperson-1,,HuarazHuailas,57_manswperson,nuna,nuna,ɲ u ɲ a,,parkerchavez1976,505,,,,,3892,ɲ u ɲ a,"['ɲ', 'u', 'ɲ', 'a']"
Imbabura-57_manswperson-1,,Imbabura,57_manswperson,jinti,jinti,x i n t i,,gomez2009,508,,,,esp,3895,x i n t i,"['x', 'i', 'n', 't', 'i']"
Inkawasi-57_manswperson-1,,Inkawasi,57_manswperson,runa,runa,r u n a,,heggarty2005,505,,,,,3892,r u n a,"['r', 'u', 'n', 'a']"
Jaqaru-57_manswperson-1,,Jaqaru,57_manswperson,haqi,haqi,h a q i,,heggarty2005,507,,,,,3894,h a q i,"['h', 'a', 'q', 'i']"
Kawki-57_manswperson-1,,Kawki,57_manswperson,haqi,haqi,h a q i,,heggarty2005,507,,,,,3894,h a q i,"['h', 'a', 'q', 'i']"
Lamas-57_manswperson-1,,Lamas,57_manswperson,runa,runa,r u n a,,taylor2006,505,,,,,3892,r u n a,"['r', 'u', 'n', 'a']"
Laraos-57_manswperson-1,,Laraos,57_manswperson,runa,runa,r u n a,,heggarty2005,505,,,,,3892,r u n a,"['r', 'u', 'n', 'a']"
Lincha-Tana-57_manswperson-1,,Lincha-Tana,57_manswperson,runa,runa,l u n a,,shimelman2017,505,,,,,3892,l u n a,"['l', 'u', 'n', 'a']"
Maragua-57_manswperson-1,,Maragua,57_manswperson,"runa, řuna",runa,r u n a,,heggarty2005,505,,,,,3892,r u n a,"['r', 'u', 'n', 'a']"
Maragua-57_manswperson-2,,Maragua,57_manswperson,"runa, řuna",řuna,!r̝/r u n a,,heggarty2005,505,,,,,3892,!r̝/r u n a,"['!r̝/r', 'u', 'n', 'a']"
Napo-57_manswperson-1,,Napo,57_manswperson,runa,runa,r u n a,,orrwrisley1981,505,,,,,3892,r u n a,"['r', 'u', 'n', 'a']"
Pacaraos-57_manswperson-1,,Pacaraos,57_manswperson,runa,runa,ɾ u n a,,adelaar1982,505,,,,,3892,ɾ u n a,"['ɾ', 'u', 'n', 'a']"
Pastaza-57_manswperson-1,,Pastaza,57_manswperson,runa,runa,ɾ u n a,,landerman1973,505,,,,,3892,ɾ u n a,"['ɾ', 'u', 'n', 'a']"
Pocona-57_manswperson-1,,Pocona,57_manswperson,řuna,řuna,!r̝/r u n a,,heggarty2005,505,,,,,3892,!r̝/r u n a,"['!r̝/r', 'u', 'n', 'a']"
Puki-57_manswperson-1,,Puki,57_manswperson,haqi,haqi,h a q i,,heggarty2005,507,,,,,3894,h a q i,"['h', 'a', 'q', 'i']"
Puno-57_manswperson-1,,Puno,57_manswperson,runa,runa,r u n a,,heggarty2005,505,,,,,3892,r u n a,"['r', 'u', 'n', 'a']"
Putumayo-57_manswperson-1,,Putumayo,57_manswperson,runa,runa,r u n a,,tandioy1978,505,,,,,3892,r u n a,"['r', 'u', 'n', 'a']"
Raimondi-57_manswperson-1,,Raimondi,57_manswperson,runa,runa,r u n a,,parkerchavez1976,505,,,,,3892,r u n a,"['r', 'u', 'n', 'a']"
SanPedro-57_manswperson-1,,SanPedro,57_manswperson,runa,runa,ɾ u n a,,shimelman2017,505,,,,,3892,ɾ u n a,"['ɾ', 'u', 'n', 'a']"
SantoTomas-57_manswperson-1,,SantoTomas,57_manswperson,runa,runa,r u n a,,santotomas1951,505,,,,,3892,r u n a,"['r', 'u', 'n', 'a']"
Serena-57_manswperson-1,,Serena,57_manswperson,runa,runa,r u n a,,heggarty2005,505,,,,,3892,r u n a,"['r', 'u', 'n', 'a']"
Sullkatiti-57_manswperson-1,,Sullkatiti,57_manswperson,haqi,haqi,h a q i,,heggarty2005,507,,,,,3894,h a q i,"['h', 'a', 'q', 'i']"
Taquile-57_manswperson-1,,Taquile,57_manswperson,runa,runa,r u n a,,heggarty2005,505,,,,,3892,r u n a,"['r', 'u', 'n', 'a']"
Tarma-57_manswperson-1,,Tarma,57_manswperson,nuna,nuna,n u n a,,adelaar1977,505,,,,,3892,n u n a,"['n', 'u', 'n', 'a']"
Troje-57_manswperson-1,,Troje,57_manswperson,řuna,řuna,!r̝/r u n a,,heggarty2005,505,,,,,3892,!r̝/r u n a,"['!r̝/r', 'u', 'n', 'a']"
Yanac-57_manswperson-1,,Yanac,57_manswperson,runa,runa,r u n a,,heggarty2005,505,,,,,3892,r u n a,"['r', 'u', 'n', 'a']"
Anonimo-58_manswadultmale-1,,Anonimo,58_manswadultmale,cari,cari,k a r i,,valera1586,496,,,,,3842,k a r i,"['k', 'a', 'r', 'i']"
Apuri-58_manswadultmale-1,,Apuri,58_manswadultmale,qari,qari,q a ɾ i,,shimelman2017,496,,,,,3842,q a ɾ i,"['q', 'a', 'ɾ', 'i']"
Apurimac-58_manswadultmale-1,,Apurimac,58_manswadultmale,qari,qari,q a r i,,camacho2007,496,,,,,3842,q a r i,"['q', 'a', 'r', 'i']"
Arma-58_manswadultmale-1,,Arma,58_manswadultmale,qari,qari,χ a ɾ i,,galvez2003,496,,,,,3842,χ a ɾ i,"['χ', 'a', 'ɾ', 'i']"
Atalla-58_manswadultmale-1,,Atalla,58_manswadultmale,χari,χari,χ a r i,,heggarty2005,496,,,,,3842,χ a r i,"['χ', 'a', 'r', 'i']"
Ayacucho-58_manswadultmale-1,,Ayacucho,58_manswadultmale,qari,qari,χ a ɾ i,,soto1976,496,,,,,3842,χ a ɾ i,"['χ', 'a', 'ɾ', 'i']"
Bobonaza-58_manswadultmale-1,,Bobonaza,58_manswadultmale,cari,cari,k a r i,,orrwrisley1981,496,,,,,3842,k a r i,"['k', 'a', 'r', 'i']"
Cacra-Hongos-58_manswadultmale-1,,Cacra-Hongos,58_manswadultmale,qali,qali,q a l i,,shimelman2017,496,,,,,3842,q a l i,"['q', 'a', 'l', 'i']"
Chachapoyas-58_manswadultmale-1,,Chachapoyas,58_manswadultmale,ullku,ullku,u dʑ k u,,taylor2006,513,,,,,393,u dʑ k u,"['u', 'dʑ', 'k', 'u']"
Chacpar-58_manswadultmale-1,,Chacpar,58_manswadultmale,uλγu,uλγu,u ʎ ʁ u,,heggarty2005,497,,,,,3843,- u ʎ ʁ u,"['u', 'ʎ', 'ʁ', 'u']"
Chetilla-58_manswadultmale-1,,Chetilla,58_manswadultmale,udž(ə)γu,udžγu,u ʎ ʁ u,,heggarty2005,497,,,,,3843,- u ʎ ʁ u,"['u', 'ʎ', 'ʁ', 'u']"
Chipaya-58_manswadultmale-1,,Chipaya,58_manswadultmale,kero,kero,k e r o,,heggarty2005,267,,,,,25,k e - - r - o,"['k', 'e', 'r', 'o']"
Curva-58_manswadultmale-1,,Curva,58_manswadultmale,qhari,qhari,qʰ a r i,,heggarty2005,496,,,,,3842,qʰ a r i,"['qʰ', 'a', 'r', 'i']"
Cuzco-58_manswadultmale-1,,Cuzco,58_manswadultmale,qhari,qhari,qʰ a r i,,heggarty2005,496,,,,,3842,qʰ a r i,"['qʰ', 'a', 'r', 'i']"
CuzquenoAntiguo-58_manswadultmale-1,,CuzquenoAntiguo,58_manswadultmale,ccari,ccari,χ a r i,,holguin1608,496,,,,,3842,χ a r i,"['χ', 'a', 'r', 'i']"
Huallaga-58_manswadultmale-1,,Huallaga,58_manswadultmale,uλqu,uλqu,u ʎ q u,,heggarty2005,497,,,,,3843,- u ʎ q u,"['u', 'ʎ', 'q', 'u']"
Huanca-58_manswadultmale-1,,Huanca,58_manswadultmale,kari,kari,k a ɾ i,,cerron2018,496,,,,,3842,k a ɾ i,"['k', 'a', 'ɾ', 'i']"
Huancane-58_manswadultmale-1,,Huancane,58_manswadultmale,čača,čača,tʃ a tʃ a,,heggarty2005,498,,,,,3845,tʃ a tʃ a,"['tʃ', 'a', 'tʃ', 'a']"
Huangascar-58_manswadultmale-1,,Huangascar,58_manswadultmale,qari,qari,q a ɾ i,,shimelman2017,496,,,,,3842,q a ɾ i,"['q', 'a', 'ɾ', 'i']"
HuarazHuailas-58_manswadultmale-1,,HuarazHuailas,58_manswadultmale,ollqu,ollqu,o ʎ q u,,parkerchavez1976,497,,,,,3843,- o ʎ q u,"['o', 'ʎ', 'q', 'u']"
Imbabura-58_manswadultmale-1,,Imbabura,58_manswadultmale,kari,kari,k a ɾ i,,gomez2009,496,,,,,3842,k a ɾ i,"['k', 'a', 'ɾ', 'i']"
Inkawasi-58_manswadultmale-1,,Inkawasi,58_manswadultmale,užġu,užġu,u ʒ ɢ u,,heggarty2005,497,,,,,3843,- u ʒ ɢ u,"['u', 'ʒ', 'ɢ', 'u']"
Iruhito-58_manswadultmale-1,,Iruhito,58_manswadultmale,só:ñi,só:ñi,s oː ɲ i,,cerron2016,499,,,,,3846,s oː ɲ i,"['s', 'oː', 'ɲ', 'i']"
Jaqaru-58_manswadultmale-1,,Jaqaru,58_manswadultmale,karma(.xa),karma,k a r m a,,heggarty2005,319,,,,,28,k a r m a,"['k', 'a', 'r', 'm', 'a']"
Kawki-58_manswadultmale-1,,Kawki,58_manswadultmale,karma(.xa),karma,k a r m a,,heggarty2005,319,,,,,28,k a r m a,"['k', 'a', 'r', 'm', 'a']"
Lamas-58_manswadultmale-1,,Lamas,58_manswadultmale,ullku,ullku,u dʑ k u,,taylor2006,513,,,,,393,u dʑ k u,"['u', 'dʑ', 'k', 'u']"
Laraos-58_manswadultmale-1,,Laraos,58_manswadultmale,qari,qari,q a r i,,heggarty2005,496,,,,,3842,q a r i,"['q', 'a', 'r', 'i']"
Lincha-Tana-58_manswadultmale-1,,Lincha-Tana,58_manswadultmale,qari,qari,q a ɾ i,,shimelman2017,496,,,,,3842,q a ɾ i,"['q', 'a', 'ɾ', 'i']"
Maragua-58_manswadultmale-1,,Maragua,58_manswadultmale,qhari,qhari,qʰ a r i,,heggarty2005,496,,,,,3842,qʰ a r i,"['qʰ', 'a', 'r', 'i']"
Napo-58_manswadultmale-1,,Napo,58_manswadultmale,cari,cari,k a r i,,orrwrisley1981,496,,,,,3842,k a r i,"['k', 'a', 'r', 'i']"
Pacaraos-58_manswadultmale-1,,Pacaraos,58_manswadultmale,ulqu,ulqu,u l χ o,,adelaar1982,497,,,,,3843,- u l χ o,"['u', 'l', 'χ', 'o']"
Pastaza-58_manswadultmale-1,,Pastaza,58_manswadultmale,cari,cari,k a r i,,landerman1973,496,,,,,3842,k a r i,"['k', 'a', 'r', 'i']"
Pocona-58_manswadultmale-1,,Pocona,58_manswadultmale,qhari,qhari,qʰ a r i,,heggarty2005,496,,,,,3842,qʰ a r i,"['qʰ', 'a', 'r', 'i']"
Puki-58_manswadultmale-1,,Puki,58_manswadultmale,čača,čača,tʃ a tʃ a,,heggarty2005,498,,,,,3845,tʃ a tʃ a,"['tʃ', 'a', 'tʃ', 'a']"
Puno-58_manswadultmale-1,,Puno,58_manswadultmale,qhari,qhari,qʰ a r i,,heggarty2005,496,,,,,3842,qʰ a r i,"['qʰ', 'a', 'r', 'i']"
Putumayo-58_manswadultmale-1,,Putumayo,58_manswadultmale,cari,cari,k a r i,,tandioy1978,496,,,,,3842,k a r i,"['k', 'a', 'r', 'i']"
Raimondi-58_manswadultmale-1,,Raimondi,58_manswadultmale,ollqu,ollqu,o ʎ q u,,parkerchavez1976,497,,,,,3843,- o ʎ q u,"['o', 'ʎ', 'q', 'u']"
SanPedro-58_manswadultmale-1,,SanPedro,58_manswadultmale,qari,qari,q a ɾ i,,shimelman2017,496,,,,,3842,q a ɾ i,"['q', 'a', 'ɾ', 'i']"
Santiagueno-58_manswadultmale-1,,Santiagueno,58_manswadultmale,qari,qari,q a ɾ i,,juanatey2021,496,,,,,3842,q a ɾ i,"['q', 'a', 'ɾ', 'i']"
SantoTomas-58_manswadultmale-1,,SantoTomas,58_manswadultmale,"cari, hurco",cari,k a r i,,santotomas1951,496,,,,,3842,k a r i,"['k', 'a', 'r', 'i']"
SantoTomas-58_manswadultmale-2,,SantoTomas,58_manswadultmale,"cari, hurco",hurco,h u r k o,,santotomas1951,497,,,,,3843,h u r k o,"['h', 'u', 'r', 'k', 'o']"
Serena-58_manswadultmale-1,,Serena,58_manswadultmale,kari,kari,k a r i,,heggarty2005,496,,,,,3842,k a r i,"['k', 'a', 'r', 'i']"
Sullkatiti-58_manswadultmale-1,,Sullkatiti,58_manswadultmale,čača,čača,tʃ a tʃ a,,heggarty2005,498,,,,,3845,tʃ a tʃ a,"['tʃ', 'a', 'tʃ', 'a']"
Taquile-58_manswadultmale-1,,Taquile,58_manswadultmale,qhari,qhari,qʰ a r i,,heggarty2005,496,,,,,3842,qʰ a r i,"['qʰ', 'a', 'r', 'i']"
Tarma-58_manswadultmale-1,,Tarma,58_manswadultmale,ulxu,ulxu,o l χ u,,adelaar1977,497,,,,,3843,- o l χ u,"['o', 'l', 'χ', 'u']"
Troje-58_manswadultmale-1,,Troje,58_manswadultmale,khari,khari,kʰ a r i,,heggarty2005,496,,,,,3842,kʰ a r i,"['kʰ', 'a', 'r', 'i']"
Tsimu-58_manswadultmale-1,,Tsimu,58_manswadultmale,sú:ne:,sú:ne:,s uː n eː,,cerron2016,499,,,,,3846,s uː n eː,"['s', 'uː', 'n', 'eː']"
Wari-58_manswadultmale-1,,Wari,58_manswadultmale,ollqu,ollqu,o ʎ q u,,parkerchavez1976,497,,,,,3843,- o ʎ q u,"['o', 'ʎ', 'q', 'u']"
Yanac-58_manswadultmale-1,,Yanac,58_manswadultmale,uλqu,uλqu,u ʎ q u,,heggarty2005,497,,,,,3843,- u ʎ q u,"['u', 'ʎ', 'q', 'u']"
Anonimo-59_woman-1,,Anonimo,59_woman,huarmi,huarmi,w a r m i,,valera1586,984,,,,,7661,w a r m i,"['w', 'a', 'r', 'm', 'i']"
Apuri-59_woman-1,,Apuri,59_woman,warmi,warmi,w a ɾ m i,,shimelman2017,984,,,,,7661,w a ɾ m i,"['w', 'a', 'ɾ', 'm', 'i']"
Apurimac-59_woman-1,,Apurimac,59_woman,warmi,warmi,w a r m i,,camacho2007,984,,,,,7661,w a r m i,"['w', 'a', 'r', 'm', 'i']"
Arma-59_woman-1,,Arma,59_woman,warmi,warmi,w a ɾ m i,,galvez2003,984,,,,,7661,w a ɾ m i,"['w', 'a', 'ɾ', 'm', 'i']"
Atalla-59_woman-1,,Atalla,59_woman,warmi,warmi,w a r m i,,heggarty2005,984,,,,,7661,w a r m i,"['w', 'a', 'r', 'm', 'i']"
Ayacucho-59_woman-1,,Ayacucho,59_woman,warmi,warmi,w a ɾ m i,,soto1976,984,,,,,7661,w a ɾ m i,"['w', 'a', 'ɾ', 'm', 'i']"
Bobonaza-59_woman-1,,Bobonaza,59_woman,huarmi,huarmi,w a r m i,,orrwrisley1981,984,,,,,7661,w a r m i,"['w', 'a', 'r', 'm', 'i']"
Cacra-Hongos-59_woman-1,,Cacra-Hongos,59_woman,warmi,warmi,w a l m i,,shimelman2017,984,,,,,7661,w a l m i,"['w', 'a', 'l', 'm', 'i']"
Chachapoyas-59_woman-1,,Chachapoyas,59_woman,warmi,warmi,w a r m i,,taylor2006,984,,,,,7661,w a r m i,"['w', 'a', 'r', 'm', 'i']"
Chacpar-59_woman-1,,Chacpar,59_woman,warmi,warmi,w a r m i,,heggarty2005,984,,,,,7661,w a r m i,"['w', 'a', 'r', 'm', 'i']"
Chetilla-59_woman-1,,Chetilla,59_woman,warmi,warmi,w a r m i,,heggarty2005,984,,,,,7661,w a r m i,"['w', 'a', 'r', 'm', 'i']"
Chipaya-59_woman-1,,Chipaya,59_woman,thuna,thuna,tʰ u n a,,heggarty2005,233,,,,,23,tʰ u - - n a,"['tʰ', 'u', 'n', 'a']"
Curva-59_woman-1,,Curva,59_woman,warmi,warmi,w a r m i,,heggarty2005,984,,,,,7661,w a r m i,"['w', 'a', 'r', 'm', 'i']"
Cuzco-59_woman-1,,Cuzco,59_woman,warmi,warmi,w a r m i,,heggarty2005,984,,,,,7661,w a r m i,"['w', 'a', 'r', 'm', 'i']"
CuzquenoAntiguo-59_woman-1,,CuzquenoAntiguo,59_woman,huarmi,huarmi,w a r m i,,holguin1608,984,,,,,7661,w a r m i,"['w', 'a', 'r', 'm', 'i']"
Huallaga-59_woman-1,,Huallaga,59_woman,warmi,warmi,w a r m i,,heggarty2005,984,,,,,7661,w a r m i,"['w', 'a', 'r', 'm', 'i']"
Huanca-59_woman-1,,Huanca,59_woman,walmi,walmi,w a l m i,,cerron2018,984,,,,,7661,w a l m i,"['w', 'a', 'l', 'm', 'i']"
Huancane-59_woman-1,,Huancane,59_woman,warmi,warmi,w a r m i,,heggarty2005,592,,,,quechua,437,w a r m i,"['w', 'a', 'r', 'm', 'i']"
Huangascar-59_woman-1,,Huangascar,59_woman,warmi,warmi,w a ɾ m i,,shimelman2017,984,,,,,7661,w a ɾ m i,"['w', 'a', 'ɾ', 'm', 'i']"
HuarazHuailas-59_woman-1,,HuarazHuailas,59_woman,warmi,warmi,w a ɾ m i,,parkerchavez1976,984,,,,,7661,w a ɾ m i,"['w', 'a', 'ɾ', 'm', 'i']"
Imbabura-59_woman-1,,Imbabura,59_woman,warmi,warmi,w a ɾ m i,,gomez2009,984,,,,,7661,w a ɾ m i,"['w', 'a', 'ɾ', 'm', 'i']"
Inkawasi-59_woman-1,,Inkawasi,59_woman,warmi,warmi,w a r m i,,heggarty2005,984,,,,,7661,w a r m i,"['w', 'a', 'r', 'm', 'i']"
Iruhito-59_woman-1,,Iruhito,59_woman,tukú:,tukú:,t u k uː,,cerron2016,835,,,,aymara,575,t u - - k uː,"['t', 'u', 'k', 'uː']"
Jaqaru-59_woman-1,,Jaqaru,59_woman,warmi,warmi,w a r m i,,heggarty2005,393,,,,quechua,322,w a r m i,"['w', 'a', 'r', 'm', 'i']"
Kawki-59_woman-1,,Kawki,59_woman,warmi,warmi,w a r m i,,heggarty2005,593,,,,quechua,438,w a r m i,"['w', 'a', 'r', 'm', 'i']"
Lamas-59_woman-1,,Lamas,59_woman,warmi,warmi,w a r m i,,taylor2006,984,,,,,7661,w a r m i,"['w', 'a', 'r', 'm', 'i']"
Laraos-59_woman-1,,Laraos,59_woman,warmi,warmi,w a r m i,,heggarty2005,984,,,,,7661,w a r m i,"['w', 'a', 'r', 'm', 'i']"
Lincha-Tana-59_woman-1,,Lincha-Tana,59_woman,warmi,warmi,w a ɾ m i,,shimelman2017,984,,,,,7661,w a ɾ m i,"['w', 'a', 'ɾ', 'm', 'i']"
Maragua-59_woman-1,,Maragua,59_woman,warmi,warmi,w a r m i,,heggarty2005,984,,,,,7661,w a r m i,"['w', 'a', 'r', 'm', 'i']"
Napo-59_woman-1,,Napo,59_woman,huarmi,huarmi,w a r m i,,orrwrisley1981,984,,,,,7661,w a r m i,"['w', 'a', 'r', 'm', 'i']"
Pacaraos-59_woman-1,,Pacaraos,59_woman,warmi,warmi,w a ɾ m i,,adelaar1982,984,,,,,7661,w a ɾ m i,"['w', 'a', 'ɾ', 'm', 'i']"
Pastaza-59_woman-1,,Pastaza,59_woman,warmi,warmi,w a r m i,,landerman1973,984,,,,,7661,w a r m i,"['w', 'a', 'r', 'm', 'i']"
Pocona-59_woman-1,,Pocona,59_woman,warmi,warmi,w a r m i,,heggarty2005,984,,,,,7661,w a r m i,"['w', 'a', 'r', 'm', 'i']"
Puki-59_woman-1,,Puki,59_woman,warmi,warmi,w a r m i,,heggarty2005,594,,,,quechua,439,w a r m i,"['w', 'a', 'r', 'm', 'i']"
Puno-59_woman-1,,Puno,59_woman,warmi,warmi,w a r m i,,heggarty2005,984,,,,,7661,w a r m i,"['w', 'a', 'r', 'm', 'i']"
Putumayo-59_woman-1,,Putumayo,59_woman,huarmi,huarmi,w a r m i,,tandioy1978,984,,,,,7661,w a r m i,"['w', 'a', 'r', 'm', 'i']"
Raimondi-59_woman-1,,Raimondi,59_woman,warmi,warmi,w a ɾ m i,,parkerchavez1976,984,,,,,7661,w a ɾ m i,"['w', 'a', 'ɾ', 'm', 'i']"
SanPedro-59_woman-1,,SanPedro,59_woman,warmi,warmi,w a ɾ m i,,shimelman2017,984,,,,,7661,w a ɾ m i,"['w', 'a', 'ɾ', 'm', 'i']"
Santiagueno-59_woman-1,,Santiagueno,59_woman,warmi,warmi,w a ɾ m i,,juanatey2021,984,,,,,7661,w a ɾ m i,"['w', 'a', 'ɾ', 'm', 'i']"
SantoTomas-59_woman-1,,SantoTomas,59_woman,guarme,guarme,w a r m e,,santotomas1951,984,,,,,7661,w a r m e,"['w', 'a', 'r', 'm', 'e']"
Serena-59_woman-1,,Serena,59_woman,warmi,warmi,w a r m i,,heggarty2005,984,,,,,7661,w a r m i,"['w', 'a', 'r', 'm', 'i']"
Sullkatiti-59_woman-1,,Sullkatiti,59_woman,warmi,warmi,w a r m i,,heggarty2005,596,,,,quechua,440,w a r m i,"['w', 'a', 'r', 'm', 'i']"
Taquile-59_woman-1,,Taquile,59_woman,warmi,warmi,w a r m i,,heggarty2005,984,,,,,7661,w a r m i,"['w', 'a', 'r', 'm', 'i']"
Tarma-59_woman-1,,Tarma,59_woman,warmi,warmi,w a ɾ m i,,adelaar1977,984,,,,,7661,w a ɾ m i,"['w', 'a', 'ɾ', 'm', 'i']"
Troje-59_woman-1,,Troje,59_woman,warmi,warmi,w a r m i,,heggarty2005,984,,,,,7661,w a r m i,"['w', 'a', 'r', 'm', 'i']"
Tsimu-59_woman-1,,Tsimu,59_woman,ta:uáco,ta:uáco,t aː w a k o,,cerron2016,836,,,,aymara,576,t aː w a k o,"['t', 'aː', 'w', 'a', 'k', 'o']"
Wari-59_woman-1,,Wari,59_woman,warmi,warmi,w a ɾ m i,,parkerchavez1976,984,,,,,7661,w a ɾ m i,"['w', 'a', 'ɾ', 'm', 'i']"
Yanac-59_woman-1,,Yanac,59_woman,warmi,warmi,w a r m i,,heggarty2005,984,,,,,7661,w a r m i,"['w', 'a', 'r', 'm', 'i']"
Anonimo-6_six-1,,Anonimo,6_six,çocta,çocta,s ɔ k t a,,valera1586,837,,,,,5767,s ɔ k t a,"['s', 'ɔ', 'k', 't', 'a']"
Apuri-6_six-1,,Apuri,6_six,suqta,suqta,s o q t a,,shimelman2017,837,,,,,5767,s o q t a,"['s', 'o', 'q', 't', 'a']"
Apurimac-6_six-1,,Apurimac,6_six,soqta,soqta,s o q t a,,camacho2007,837,,,,,5767,s o q t a,"['s', 'o', 'q', 't', 'a']"
Arma-6_six-1,,Arma,6_six,suqta,suqta,s u χ t a,,galvez2003,837,,,,,5767,s u χ t a,"['s', 'u', 'χ', 't', 'a']"
Atalla-6_six-1,,Atalla,6_six,suχta,suχta,s u χ t a,,heggarty2005,837,,,,,5767,s u χ t a,"['s', 'u', 'χ', 't', 'a']"
Ayacucho-6_six-1,,Ayacucho,6_six,soqta,soqta,s o χ t a,,soto1976,837,,,,,5767,s o χ t a,"['s', 'o', 'χ', 't', 'a']"
Bobonaza-6_six-1,,Bobonaza,6_six,sucta,sucta,s u k t a,,orrwrisley1981,837,,,,,5767,s u k t a,"['s', 'u', 'k', 't', 'a']"
Cacra-Hongos-6_six-1,,Cacra-Hongos,6_six,suqta,suqta,h o q t a,,shimelman2017,837,,,,,5767,h o q t a,"['h', 'o', 'q', 't', 'a']"
Chachapoyas-6_six-1,,Chachapoyas,6_six,sukta,sukta,s u k t a,,taylor2006,837,,,,,5767,s u k t a,"['s', 'u', 'k', 't', 'a']"
Chacpar-6_six-1,,Chacpar,6_six,huqta,huqta,h u q t a,,heggarty2005,837,,,,,5767,h u q t a,"['h', 'u', 'q', 't', 'a']"
Chetilla-6_six-1,,Chetilla,6_six,suxta,suxta,s u x t a,,heggarty2005,837,,,,,5767,s u x t a,"['s', 'u', 'x', 't', 'a']"
Chipaya-6_six-1,,Chipaya,6_six,sujta,sujta,s u x t a,,heggarty2005,573,,,,quechua,426,s u x t a,"['s', 'u', 'x', 't', 'a']"
Curva-6_six-1,,Curva,6_six,suχta,suχta,s u χ t a,,heggarty2005,837,,,,,5767,s u χ t a,"['s', 'u', 'χ', 't', 'a']"
Cuzco-6_six-1,,Cuzco,6_six,suχta,suχta,s u χ t a,,heggarty2005,837,,,,,5767,s u χ t a,"['s', 'u', 'χ', 't', 'a']"
Huallaga-6_six-1,,Huallaga,6_six,suχta,suχta,s u χ t a,,heggarty2005,837,,,,,5767,s u χ t a,"['s', 'u', 'χ', 't', 'a']"
Huanca-6_six-1,,Huanca,6_six,suqta,suqta,s u ʔ t a,,cerron1976,837,,,,,5767,s u ʔ t a,"['s', 'u', 'ʔ', 't', 'a']"
Huancane-6_six-1,,Huancane,6_six,suχta,suχta,s u χ t a,,heggarty2005,394,,,,quechua,323,s u χ t a,"['s', 'u', 'χ', 't', 'a']"
Huangascar-6_six-1,,Huangascar,6_six,suqta,suqta,s o q t a,,shimelman2017,837,,,,,5767,s o q t a,"['s', 'o', 'q', 't', 'a']"
HuarazHuailas-6_six-1,,HuarazHuailas,6_six,hoqta,hoqta,x o q t a,,parkerchavez1976,837,,,,,5767,x o q t a,"['x', 'o', 'q', 't', 'a']"
Imbabura-6_six-1,,Imbabura,6_six,sukta,sukta,s u k t a,,gomez2009,837,,,,,5767,s u k t a,"['s', 'u', 'k', 't', 'a']"
Inkawasi-6_six-1,,Inkawasi,6_six,seis,seis,s e i s,,heggarty2005,197,,,,esp,21,s e - - i s,"['s', 'e', 'i', 's']"
Iruhito-6_six-1,,Iruhito,6_six,taχtsú:ku,taχtsú:ku,t a χ + t s uː k u,,cerron2016,839,,,,,5769 10,t a χ + t s uː k u,"['t', 'a', 'χ', '+', 't', 's', 'uː', 'k', 'u']"
Jaqaru-6_six-1,,Jaqaru,6_six,suxta,suxta,s u x t a,,heggarty2005,575,,,,quechua,427,s u x t a,"['s', 'u', 'x', 't', 'a']"
Kawki-6_six-1,,Kawki,6_six,susta,susta,s u s t a,,heggarty2005,576,,,,quechua,428,s u s t a,"['s', 'u', 's', 't', 'a']"
Lamas-6_six-1,,Lamas,6_six,sukta,sukta,s u k t a,,taylor2006,837,,,,,5767,s u k t a,"['s', 'u', 'k', 't', 'a']"
Laraos-6_six-1,,Laraos,6_six,suχta,suχta,s u χ t a,,heggarty2005,837,,,,,5767,s u χ t a,"['s', 'u', 'χ', 't', 'a']"
Lincha-Tana-6_six-1,,Lincha-Tana,6_six,suqta,suqta,s o q t a,,shimelman2017,837,,,,,5767,s o q t a,"['s', 'o', 'q', 't', 'a']"
Maragua-6_six-1,,Maragua,6_six,suxta,suxta,s u x t a,,heggarty2005,837,,,,,5767,s u x t a,"['s', 'u', 'x', 't', 'a']"
Napo-6_six-1,,Napo,6_six,sucta,sucta,s u k t a,,orrwrisley1981,837,,,,,5767,s u k t a,"['s', 'u', 'k', 't', 'a']"
Pacaraos-6_six-1,,Pacaraos,6_six,huqta/quqta,huqta,x o χ t a,,adelaar1982,837,,,,,5767,x o χ t a,"['x', 'o', 'χ', 't', 'a']"
Pacaraos-6_six-2,,Pacaraos,6_six,huqta/quqta,quqta,χ o χ t a,,adelaar1982,837,,,,,5767,χ o χ t a,"['χ', 'o', 'χ', 't', 'a']"
Pastaza-6_six-1,,Pastaza,6_six,sucta,sucta,s u k t a,,landerman1973,837,,,,,5767,s u k t a,"['s', 'u', 'k', 't', 'a']"
Pocona-6_six-1,,Pocona,6_six,suχta,suχta,s u χ t a,,heggarty2005,837,,,,,5767,s u χ t a,"['s', 'u', 'χ', 't', 'a']"
Puki-6_six-1,,Puki,6_six,suχta,suχta,s u χ t a,,heggarty2005,394,,,,quechua,323,s u χ t a,"['s', 'u', 'χ', 't', 'a']"
Puno-6_six-1,,Puno,6_six,suχta,suχta,s u χ t a,,heggarty2005,837,,,,,5767,s u χ t a,"['s', 'u', 'χ', 't', 'a']"
Putumayo-6_six-1,,Putumayo,6_six,sugta,sugta,s u x t a,,tandioy1978,837,,,,,5767,s u x t a,"['s', 'u', 'x', 't', 'a']"
Raimondi-6_six-1,,Raimondi,6_six,hoqta,hoqta,x o q t a,,parkerchavez1976,837,,,,,5767,x o q t a,"['x', 'o', 'q', 't', 'a']"
SanPedro-6_six-1,,SanPedro,6_six,suqta,suqta,s o q t a,,shimelman2017,837,,,,,5767,s o q t a,"['s', 'o', 'q', 't', 'a']"
Santiagueno-6_six-1,,Santiagueno,6_six,shoqta,shoqta,ʃ o χ t a,,juanatey2021,837,,,,,5767,ʃ o χ t a,"['ʃ', 'o', 'χ', 't', 'a']"
SantoTomas-6_six-1,,SantoTomas,6_six,çoxta,çoxta,s o χ t a,,santotomas1951,837,,,,,5767,s o χ t a,"['s', 'o', 'χ', 't', 'a']"
Serena-6_six-1,,Serena,6_six,sukta,sukta,s u k t a,,heggarty2005,837,,,,,5767,s u k t a,"['s', 'u', 'k', 't', 'a']"
Sullkatiti-6_six-1,,Sullkatiti,6_six,suχta,suχta,s u χ t a,,heggarty2005,577,,,,quechua,429,s u χ t a,"['s', 'u', 'χ', 't', 'a']"
Taquile-6_six-1,,Taquile,6_six,suχta,suχta,s u χ t a,,heggarty2005,837,,,,,5767,s u χ t a,"['s', 'u', 'χ', 't', 'a']"
Tarma-6_six-1,,Tarma,6_six,xuxta,xuxta,χ o χ t a,,adelaar1977,837,,,,,5767,χ o χ t a,"['χ', 'o', 'χ', 't', 'a']"
Troje-6_six-1,,Troje,6_six,suxta,suxta,s u x t a,,heggarty2005,837,,,,,5767,s u x t a,"['s', 'u', 'x', 't', 'a']"
Tsimu-6_six-1,,Tsimu,6_six,táχ,táχ,t a χ,so en superscript,cerron2016,838,,,,,5769,t a χ,"['t', 'a', 'χ']"
Wari-6_six-1,,Wari,6_six,hoqta,hoqta,x o q t a,,parkerchavez1976,837,,,,,5767,x o q t a,"['x', 'o', 'q', 't', 'a']"
Yanac-6_six-1,,Yanac,6_six,suqta,suqta,s u q t a,,heggarty2005,837,,,,,5767,s u q t a,"['s', 'u', 'q', 't', 'a']"
Anonimo-60_name-1,,Anonimo,60_name,suti,suti,!s̺/s u t i,,valera1586,574,,,,,4269,!s̺/s u t i,"['!s̺/s', 'u', 't', 'i']"
Apuri-60_name-1,,Apuri,60_name,suti,suti,s u t i,,shimelman2017,574,,,,,4269,s u t i,"['s', 'u', 't', 'i']"
Apurimac-60_name-1,,Apurimac,60_name,suti,suti,s u t i,,camacho2007,574,,,,,4269,s u t i,"['s', 'u', 't', 'i']"
Arma-60_name-1,,Arma,60_name,suti,suti,s u t i,,galvez2003,574,,,,,4269,s u t i,"['s', 'u', 't', 'i']"
Atalla-60_name-1,,Atalla,60_name,suti,suti,s u t i,,heggarty2005,574,,,,,4269,s u t i,"['s', 'u', 't', 'i']"
Ayacucho-60_name-1,,Ayacucho,60_name,suti,suti,s u t i,,soto1976,574,,,,,4269,s u t i,"['s', 'u', 't', 'i']"
Bobonaza-60_name-1,,Bobonaza,60_name,shuti,shuti,ʃ u t i,,orrwrisley1981,574,,,,,4269,ʃ u t i,"['ʃ', 'u', 't', 'i']"
Cacra-Hongos-60_name-1,,Cacra-Hongos,60_name,suti,suti,h u t i,,shimelman2017,574,,,,,4269,h u t i,"['h', 'u', 't', 'i']"
Chachapoyas-60_name-1,,Chachapoyas,60_name,shuti,shuti,ʃ u t i,,taylor2006,574,,,,,4269,ʃ u t i,"['ʃ', 'u', 't', 'i']"
Chacpar-60_name-1,,Chacpar,60_name,huti,huti,h u t i,,heggarty2005,574,,,,,4269,h u t i,"['h', 'u', 't', 'i']"
Chetilla-60_name-1,,Chetilla,60_name,šuti,šuti,ʃ u t i,,heggarty2005,574,,,,,4269,ʃ u t i,"['ʃ', 'u', 't', 'i']"
Chipaya-60_name-1,,Chipaya,60_name,thuu,thuu,tʰ uː,,heggarty2005,162,,,,,19,tʰ uː -,"['tʰ', 'uː']"
Curva-60_name-1,,Curva,60_name,suti,suti,s u t i,,heggarty2005,574,,,,,4269,s u t i,"['s', 'u', 't', 'i']"
Cuzco-60_name-1,,Cuzco,60_name,suti,suti,s u t i,,heggarty2005,574,,,,,4269,s u t i,"['s', 'u', 't', 'i']"
CuzquenoAntiguo-60_name-1,,CuzquenoAntiguo,60_name,ʃuti,ʃuti,s u t i,,holguin1608,574,,,,,4269,s u t i,"['s', 'u', 't', 'i']"
Huallaga-60_name-1,,Huallaga,60_name,huti,huti,h u t i,,heggarty2005,574,,,,,4269,h u t i,"['h', 'u', 't', 'i']"
Huanca-60_name-1,,Huanca,60_name,suti,suti,s u t i,,cerron2018,574,,,,,4269,s u t i,"['s', 'u', 't', 'i']"
Huancane-60_name-1,,Huancane,60_name,suti,suti,s u t i,,heggarty2005,395,,,,,324,s u t i,"['s', 'u', 't', 'i']"
Huangascar-60_name-1,,Huangascar,60_name,suti,suti,s u t i,,shimelman2017,574,,,,,4269,s u t i,"['s', 'u', 't', 'i']"
HuarazHuailas-60_name-1,,HuarazHuailas,60_name,huti,huti,x u t i,,parkerchavez1976,574,,,,,4269,x u t i,"['x', 'u', 't', 'i']"
Imbabura-60_name-1,,Imbabura,60_name,shuti,shuti,ʃ u t i,,gomez2009,574,,,,,4269,ʃ u t i,"['ʃ', 'u', 't', 'i']"
Inkawasi-60_name-1,,Inkawasi,60_name,šuti,šuti,ʃ u t i,,heggarty2005,574,,,,,4269,ʃ u t i,"['ʃ', 'u', 't', 'i']"
Iruhito-60_name-1,,Iruhito,60_name,tu:,tu:,t uː,,cerron2016,162,,,,,19,t uː -,"['t', 'uː']"
Jaqaru-60_name-1,,Jaqaru,60_name,šutyi,šutyi,ʃ u tʲ i,,heggarty2005,395,,,,,324,ʃ u tʲ i,"['ʃ', 'u', 'tʲ', 'i']"
Kawki-60_name-1,,Kawki,60_name,šutyi,šutyi,ʃ u tʲ i,,heggarty2005,395,,,,,324,ʃ u tʲ i,"['ʃ', 'u', 'tʲ', 'i']"
Lamas-60_name-1,,Lamas,60_name,shuti,shuti,ʃ u t i,,taylor2006,574,,,,,4269,ʃ u t i,"['ʃ', 'u', 't', 'i']"
Laraos-60_name-1,,Laraos,60_name,suti,suti,s u t i,,heggarty2005,574,,,,,4269,s u t i,"['s', 'u', 't', 'i']"
Lincha-Tana-60_name-1,,Lincha-Tana,60_name,suti,suti,s u t i,,shimelman2017,574,,,,,4269,s u t i,"['s', 'u', 't', 'i']"
Maragua-60_name-1,,Maragua,60_name,suti,suti,s u t i,,heggarty2005,574,,,,,4269,s u t i,"['s', 'u', 't', 'i']"
Napo-60_name-1,,Napo,60_name,shuti,shuti,ʃ u t i,,orrwrisley1981,574,,,,,4269,ʃ u t i,"['ʃ', 'u', 't', 'i']"
Pacaraos-60_name-1,,Pacaraos,60_name,huti,huti,x u t i,,adelaar1982,574,,,,,4269,x u t i,"['x', 'u', 't', 'i']"
Pastaza-60_name-1,,Pastaza,60_name,shuti,shuti,ʃ u t i,,landerman1973,574,,,,,4269,ʃ u t i,"['ʃ', 'u', 't', 'i']"
Pocona-60_name-1,,Pocona,60_name,suti,suti,s u t i,,heggarty2005,574,,,,,4269,s u t i,"['s', 'u', 't', 'i']"
Puki-60_name-1,,Puki,60_name,suti,suti,s u t i,,heggarty2005,395,,,,,324,s u t i,"['s', 'u', 't', 'i']"
Puno-60_name-1,,Puno,60_name,suti,suti,s u t i,,heggarty2005,574,,,,,4269,s u t i,"['s', 'u', 't', 'i']"
Putumayo-60_name-1,,Putumayo,60_name,suti,suti,s u t i,,tandioy1978,574,,,,,4269,s u t i,"['s', 'u', 't', 'i']"
Raimondi-60_name-1,,Raimondi,60_name,huti,huti,x u t i,,parkerchavez1976,574,,,,,4269,x u t i,"['x', 'u', 't', 'i']"
SanPedro-60_name-1,,SanPedro,60_name,suti,suti,s u t i,,shimelman2017,574,,,,,4269,s u t i,"['s', 'u', 't', 'i']"
Santiagueno-60_name-1,,Santiagueno,60_name,suti,suti,s u t i,,juanatey2021,574,,,,,4269,s u t i,"['s', 'u', 't', 'i']"
SantoTomas-60_name-1,,SantoTomas,60_name,xuti,xuti,χ u t i,,santotomas1951,574,,,,,4269,χ u t i,"['χ', 'u', 't', 'i']"
Serena-60_name-1,,Serena,60_name,šuti,šuti,ʃ u t i,,heggarty2005,574,,,,,4269,ʃ u t i,"['ʃ', 'u', 't', 'i']"
Sullkatiti-60_name-1,,Sullkatiti,60_name,suti,suti,s u t i,,heggarty2005,395,,,,,324,s u t i,"['s', 'u', 't', 'i']"
Taquile-60_name-1,,Taquile,60_name,suti,suti,s u t i,,heggarty2005,574,,,,,4269,s u t i,"['s', 'u', 't', 'i']"
Tarma-60_name-1,,Tarma,60_name,xuti,xuti,χ o t i,,adelaar1977,574,,,,,4269,χ o t i,"['χ', 'o', 't', 'i']"
Troje-60_name-1,,Troje,60_name,šuti,šuti,ʃ u t i,,heggarty2005,574,,,,,4269,ʃ u t i,"['ʃ', 'u', 't', 'i']"
Tsimu-60_name-1,,Tsimu,60_name,tu:χ,tu:χ,t uː χ,ie en superscript,cerron2016,162,,,,,19,t uː χ,"['t', 'uː', 'χ']"
Wari-60_name-1,,Wari,60_name,huti,huti,x u t i,,parkerchavez1976,574,,,,,4269,x u t i,"['x', 'u', 't', 'i']"
Yanac-60_name-1,,Yanac,60_name,šuti,šuti,ʃ u t i,,heggarty2005,574,,,,,4269,ʃ u t i,"['ʃ', 'u', 't', 'i']"
Anonimo-61_brothermans-1,,Anonimo,61_brothermans,huauquentin,huauquentin,w au k e,,valera1586,904,,,,,666,w au k e,"['w', 'au', 'k', 'e']"
Apuri-61_brothermans-1,,Apuri,61_brothermans,wawqui,wawqui,w au q i,,shimelman2017,904,,,,,666,w au q i,"['w', 'au', 'q', 'i']"
Apurimac-61_brothermans-1,,Apurimac,61_brothermans,wawqe,wawqe,w au q e,,camacho2007,904,,,,,666,w au q e,"['w', 'au', 'q', 'e']"
Arma-61_brothermans-1,,Arma,61_brothermans,wawqui,wawqui,w au χ i,,galvez2003,904,,,,,666,w au χ i,"['w', 'au', 'χ', 'i']"
Atalla-61_brothermans-1,,Atalla,61_brothermans,wawχi,wawχi,w au χ i,,heggarty2005,904,,,,,666,w au χ i,"['w', 'au', 'χ', 'i']"
Ayacucho-61_brothermans-1,,Ayacucho,61_brothermans,wawque,wawque,w au χ e,,soto1976,904,,,,,666,w au χ e,"['w', 'au', 'χ', 'e']"
Bobonaza-61_brothermans-1,,Bobonaza,61_brothermans,huauqui,huauqui,w au k i,,orrwrisley1981,904,,,,,666,w au k i,"['w', 'au', 'k', 'i']"
Cacra-Hongos-61_brothermans-1,,Cacra-Hongos,61_brothermans,wawqui,wawqui,w au q i,,shimelman2017,904,,,,,666,w au q i,"['w', 'au', 'q', 'i']"
Chachapoyas-61_brothermans-1,,Chachapoyas,61_brothermans,wawki,wawki,w au k i,,taylor2006,904,,,,,666,w au k i,"['w', 'au', 'k', 'i']"
Chacpar-61_brothermans-1,,Chacpar,61_brothermans,wawqi,wawqi,w au q i,,heggarty2005,904,,,,,666,w au q i,"['w', 'au', 'q', 'i']"
Chetilla-61_brothermans-1,,Chetilla,61_brothermans,masa,masa,m a s a,,heggarty2005,811,,,,,5625,m a s a,"['m', 'a', 's', 'a']"
Chipaya-61_brothermans-1,,Chipaya,61_brothermans,hila,hila,h i l a,,heggarty2005,1031,,,,aymara,95,h i l a,"['h', 'i', 'l', 'a']"
Curva-61_brothermans-1,,Curva,61_brothermans,wawqi,wawqi,w au q i,,heggarty2005,904,,,,,666,w au q i,"['w', 'au', 'q', 'i']"
Cuzco-61_brothermans-1,,Cuzco,61_brothermans,wayqi,wayqi,w ai q i,,heggarty2005,904,,,,,666,w ai q i,"['w', 'ai', 'q', 'i']"
CuzquenoAntiguo-61_brothermans-1,,CuzquenoAntiguo,61_brothermans,huauque,huauque,w au χ i,,holguin1608,904,,,,,666,w au χ i,"['w', 'au', 'χ', 'i']"
Huallaga-61_brothermans-1,,Huallaga,61_brothermans,wawqi,wawqi,w au q i,,heggarty2005,904,,,,,666,w au q i,"['w', 'au', 'q', 'i']"
Huanca-61_brothermans-1,,Huanca,61_brothermans,wawqi,wawqi,w au ʔ i,,cerron1976,904,,,,,666,w au ʔ i,"['w', 'au', 'ʔ', 'i']"
Huancane-61_brothermans-1,,Huancane,61_brothermans,hila,hila,h i l a,,heggarty2005,906,,,,,668,h i l a,"['h', 'i', 'l', 'a']"
Huangascar-61_brothermans-1,,Huangascar,61_brothermans,wawqui,wawqui,w au q i,,shimelman2017,904,,,,,666,w au q i,"['w', 'au', 'q', 'i']"
HuarazHuailas-61_brothermans-1,,HuarazHuailas,61_brothermans,wawqi,wawqi,w au q i,,parkerchavez1976,904,,,,,666,w au q i,"['w', 'au', 'q', 'i']"
Imbabura-61_brothermans-1,,Imbabura,61_brothermans,wawki,wawki,w au k i,,gomez2009,904,,,,,666,w au k i,"['w', 'au', 'k', 'i']"
Inkawasi-61_brothermans-1,,Inkawasi,61_brothermans,uk(ə)ni,ukni,u k n i,"""mi otro"" (Taylor 1996)",heggarty2005,813,,,,,5627,u k n i,"['u', 'k', 'n', 'i']"
Iruhito-61_brothermans-1,,Iruhito,61_brothermans,tšíš,tšíš,tʃ i ʃ,,cerron2016,907,,,,,669,tʃ i ʃ,"['tʃ', 'i', 'ʃ']"
Jaqaru-61_brothermans-1,,Jaqaru,61_brothermans,quntsa,quntsa,q u n ts a,,heggarty2005,909,,,,,670,q u n ts a,"['q', 'u', 'n', 'ts', 'a']"
Kawki-61_brothermans-1,,Kawki,61_brothermans,quntsa,quntsa,q u n ts a,,heggarty2005,909,,,,,670,q u n ts a,"['q', 'u', 'n', 'ts', 'a']"
Lamas-61_brothermans-1,,Lamas,61_brothermans,wawki,wawki,w au k i,,taylor2006,904,,,,,666,w au k i,"['w', 'au', 'k', 'i']"
Laraos-61_brothermans-1,,Laraos,61_brothermans,wawqi,wawqi,w au q i,,heggarty2005,904,,,,,666,w au q i,"['w', 'au', 'q', 'i']"
Lincha-Tana-61_brothermans-1,,Lincha-Tana,61_brothermans,wawqui,wawqui,w au q i,,shimelman2017,904,,,,,666,w au q i,"['w', 'au', 'q', 'i']"
Maragua-61_brothermans-1,,Maragua,61_brothermans,ñaña,ñaña,ɲ a ɲ a,,heggarty2005,819,,,,,5669,ɲ a ɲ a,"['ɲ', 'a', 'ɲ', 'a']"
Napo-61_brothermans-1,,Napo,61_brothermans,huauqui,huauqui,w au k i,,orrwrisley1981,904,,,,,666,w au k i,"['w', 'au', 'k', 'i']"
Pacaraos-61_brothermans-1,,Pacaraos,61_brothermans,wawqi,wawqi,w au χ e,,adelaar1982,904,,,,,666,w au χ e,"['w', 'au', 'χ', 'e']"
Pastaza-61_brothermans-1,,Pastaza,61_brothermans,wawqui,wawqui,w au k i,,landerman1973,904,,,,,666,w au k i,"['w', 'au', 'k', 'i']"
Pocona-61_brothermans-1,,Pocona,61_brothermans,ñaña,ñaña,ɲ a ɲ a,,heggarty2005,819,,,,,5669,ɲ a ɲ a,"['ɲ', 'a', 'ɲ', 'a']"
Puki-61_brothermans-1,,Puki,61_brothermans,hila,hila,h i l a,,heggarty2005,906,,,,,668,h i l a,"['h', 'i', 'l', 'a']"
Puno-61_brothermans-1,,Puno,61_brothermans,tura,tura,t u r a,,heggarty2005,944,,,,,716,t u r a,"['t', 'u', 'r', 'a']"
Putumayo-61_brothermans-1,,Putumayo,61_brothermans,huagqui,huagqui,w au x i,,tandioy1978,904,,,,,666,w au x i,"['w', 'au', 'x', 'i']"
Raimondi-61_brothermans-1,,Raimondi,61_brothermans,wawqi,wawqi,w au q i,,parkerchavez1976,904,,,,,666,w au q i,"['w', 'au', 'q', 'i']"
SanPedro-63_sistermans-1,,SanPedro,63_sistermans,pani,pani,p a n i,,shimelman2017,810,,,,,5624,p a n i,"['p', 'a', 'n', 'i']"
Santiagueno-61_brothermans-1,,Santiagueno,61_brothermans,wawqe,wawqe,w au q ɪ,,juanatey2021,904,,,,,666,w au q ɪ,"['w', 'au', 'q', 'ɪ']"
SantoTomas-61_brothermans-1,,SantoTomas,61_brothermans,guauqui,guauqui,w au q i,,santotomas1996,904,,,,,666,w au q i,"['w', 'au', 'q', 'i']"
Serena-61_brothermans-1,,Serena,61_brothermans,wawki,wawki,w au k i,,heggarty2005,904,,,,,666,w au k i,"['w', 'au', 'k', 'i']"
Sullkatiti-61_brothermans-1,,Sullkatiti,61_brothermans,hila,hila,h i l a,,heggarty2005,906,,,,,668,h i l a,"['h', 'i', 'l', 'a']"
Taquile-61_brothermans-1,,Taquile,61_brothermans,wayqi,wayqi,w ai q i,,heggarty2005,904,,,,,666,w ai q i,"['w', 'ai', 'q', 'i']"
Tarma-61_brothermans-1,,Tarma,61_brothermans,wawxi,wawxi,w au χ e,,adelaar1977,904,,,,,666,w au χ e,"['w', 'au', 'χ', 'e']"
Troje-61_brothermans-1,,Troje,61_brothermans,wawki,wawki,w au k i,,heggarty2005,904,,,,,666,w au k i,"['w', 'au', 'k', 'i']"
Tsimu-61_brothermans-1,,Tsimu,61_brothermans,tsís-i,tsís-i,ts i s i,,cerron2016,907,,,,,669,ts i s i,"['ts', 'i', 's', 'i']"
Wari-61_brothermans-1,,Wari,61_brothermans,wawqi,wawqi,w au q i,,parkerchavez1976,904,,,,,666,w au q i,"['w', 'au', 'q', 'i']"
Yanac-61_brothermans-1,,Yanac,61_brothermans,ġo:qi,ġo:qi,ɢ oː q i,,heggarty2005,639,,,,,463,ɢ oː q i,"['ɢ', 'oː', 'q', 'i']"
Anonimo-62_brotherwomans-1,,Anonimo,62_brotherwomans,panantin,panantin,p a n a,,valera1586,810,,,,,5624,p a n a,"['p', 'a', 'n', 'a']"
Apuri-62_brotherwomans-1,,Apuri,62_brotherwomans,turi,turi,t u ɾ i,,shimelman2017,944,,,,,716,t u ɾ i,"['t', 'u', 'ɾ', 'i']"
Apurimac-62_brotherwomans-1,,Apurimac,62_brotherwomans,toray,toray,t o r ai,,camacho2007,944,,,,,716,t o r ai,"['t', 'o', 'r', 'ai']"
Arma-62_brotherwomans-1,,Arma,62_brotherwomans,turi,turi,t u ɾ i,,galvez2003,944,,,,,716,t u ɾ i,"['t', 'u', 'ɾ', 'i']"
Atalla-62_brotherwomans-1,,Atalla,62_brotherwomans,turi,turi,t u r i,,heggarty2005,944,,,,,716,t u r i,"['t', 'u', 'r', 'i']"
Ayacucho-62_brotherwomans-1,,Ayacucho,62_brotherwomans,turi,turi,t u ɾ i,,soto1976,944,,,,,716,t u ɾ i,"['t', 'u', 'ɾ', 'i']"
Bobonaza-62_brotherwomans-1,,Bobonaza,62_brotherwomans,turi,turi,t u r i,,orrwrisley1981,944,,,,,716,t u r i,"['t', 'u', 'r', 'i']"
Cacra-Hongos-62_brotherwomans-1,,Cacra-Hongos,62_brotherwomans,tuli,tuli,t u l i,,shimelman2017,944,,,,,716,t u l i,"['t', 'u', 'l', 'i']"
Chachapoyas-62_brotherwomans-1,,Chachapoyas,62_brotherwomans,turi,turi,t u r i,,taylor2006,944,,,,,716,t u r i,"['t', 'u', 'r', 'i']"
Chacpar-62_brotherwomans-1,,Chacpar,62_brotherwomans,turi,turi,t u r i,,heggarty2005,944,,,,,716,t u r i,"['t', 'u', 'r', 'i']"
Chetilla-62_brotherwomans-1,,Chetilla,62_brotherwomans,turi,turi,t u r i,,quesada1976,944,,,,,716,t u r i,"['t', 'u', 'r', 'i']"
Chipaya-62_brotherwomans-1,,Chipaya,62_brotherwomans,hila,hila,h i l a,,heggarty2005,798,,,,aymara,555,h i l a,"['h', 'i', 'l', 'a']"
Curva-62_brotherwomans-1,,Curva,62_brotherwomans,tura,tura,t u r a,,heggarty2005,944,,,,,716,t u r a,"['t', 'u', 'r', 'a']"
Cuzco-62_brotherwomans-1,,Cuzco,62_brotherwomans,tura,tura,t u r a,,heggarty2005,944,,,,,716,t u r a,"['t', 'u', 'r', 'a']"
CuzquenoAntiguo-62_brotherwomans-1,,CuzquenoAntiguo,62_brotherwomans,pana,pana,p a n a,,holguin1608,810,,,,,5624,p a n a,"['p', 'a', 'n', 'a']"
Huallaga-62_brotherwomans-1,,Huallaga,62_brotherwomans,turi,turi,t u r i,,heggarty2005,944,,,,,716,t u r i,"['t', 'u', 'r', 'i']"
Huanca-62_brotherwomans-1,,Huanca,62_brotherwomans,tuli,tuli,t u l i,,cerron2018,944,,,,,716,t u l i,"['t', 'u', 'l', 'i']"
Huancane-62_brotherwomans-1,,Huancane,62_brotherwomans,hila,hila,h i l a,,heggarty2005,906,,,,,668,h i l a,"['h', 'i', 'l', 'a']"
Huangascar-62_brotherwomans-1,,Huangascar,62_brotherwomans,turi,turi,t u ɾ i,,shimelman2017,944,,,,,716,t u ɾ i,"['t', 'u', 'ɾ', 'i']"
HuarazHuailas-62_brotherwomans-1,,HuarazHuailas,62_brotherwomans,turi,turi,t u ɾ i,,parkerchavez1976,944,,,,,716,t u ɾ i,"['t', 'u', 'ɾ', 'i']"
Imbabura-62_brotherwomans-1,,Imbabura,62_brotherwomans,wawki,wawki,w au k i,,gomez2009,904,,,,,666,w au k i,"['w', 'au', 'k', 'i']"
Inkawasi-62_brotherwomans-1,,Inkawasi,62_brotherwomans,uk(ə)ni,ukni,u k n i,"""mi otro"" (Taylor 1996)",heggarty2005,813,,,,,5627,u k n i,"['u', 'k', 'n', 'i']"
Iruhito-62_brotherwomans-1,,Iruhito,62_brotherwomans,tšíš,tšíš,tʃ i ʃ,,cerron2016,907,,,,,669,tʃ i ʃ,"['tʃ', 'i', 'ʃ']"
Jaqaru-62_brotherwomans-1,,Jaqaru,62_brotherwomans,alu,alu,a l u,,heggarty2005,67,,,,,14,a l u,"['a', 'l', 'u']"
Kawki-62_brotherwomans-1,,Kawki,62_brotherwomans,alu,alu,a l u,,heggarty2005,67,,,,,14,a l u,"['a', 'l', 'u']"
Lamas-62_brotherwomans-1,,Lamas,62_brotherwomans,turi,turi,t u r i,,taylor2006,944,,,,,716,t u r i,"['t', 'u', 'r', 'i']"
Laraos-62_brotherwomans-1,,Laraos,62_brotherwomans,turi,turi,t u r i,,heggarty2005,944,,,,,716,t u r i,"['t', 'u', 'r', 'i']"
Lincha-Tana-62_brotherwomans-1,,Lincha-Tana,62_brotherwomans,turi,turi,t u ɾ i,,shimelman2017,944,,,,,716,t u ɾ i,"['t', 'u', 'ɾ', 'i']"
Maragua-62_brotherwomans-1,,Maragua,62_brotherwomans,ñaña,ñaña,ɲ a ɲ a,,heggarty2005,819,,,,,5669,ɲ a ɲ a,"['ɲ', 'a', 'ɲ', 'a']"
Napo-62_brotherwomans-1,,Napo,62_brotherwomans,turi,turi,t u r i,,orrwrisley1981,944,,,,,716,t u r i,"['t', 'u', 'r', 'i']"
Pacaraos-62_brotherwomans-1,,Pacaraos,62_brotherwomans,turi,turi,t u ɾ i,,adelaar1982,944,,,,,716,t u ɾ i,"['t', 'u', 'ɾ', 'i']"
Pastaza-62_brotherwomans-1,,Pastaza,62_brotherwomans,turi,turi,t u r i,,landerman1973,944,,,,,716,t u r i,"['t', 'u', 'r', 'i']"
Pocona-62_brotherwomans-1,,Pocona,62_brotherwomans,ñaña,ñaña,ɲ a ɲ a,,heggarty2005,819,,,,,5669,ɲ a ɲ a,"['ɲ', 'a', 'ɲ', 'a']"
Puki-62_brotherwomans-1,,Puki,62_brotherwomans,hila,hila,h i l a,,heggarty2005,906,,,,,668,h i l a,"['h', 'i', 'l', 'a']"
Puno-62_brotherwomans-1,,Puno,62_brotherwomans,tura,tura,t u r a,,heggarty2005,944,,,,,716,t u r a,"['t', 'u', 'r', 'a']"
Putumayo-62_brotherwomans-1,,Putumayo,62_brotherwomans,turi,turi,t u r i,,tandioy1978,944,,,,,716,t u r i,"['t', 'u', 'r', 'i']"
Raimondi-62_brotherwomans-1,,Raimondi,62_brotherwomans,turi,turi,t u ɾ i,,parkerchavez1976,944,,,,,716,t u ɾ i,"['t', 'u', 'ɾ', 'i']"
SanPedro-64_sisterwomans-1,,SanPedro,64_sisterwomans,ñaña,ñaña,ɲ a ɲ a,,shimelman2017,819,,,,,5669,ɲ a ɲ a,"['ɲ', 'a', 'ɲ', 'a']"
Santiagueno-62_brotherwomans-1,,Santiagueno,62_brotherwomans,tura,tura,t u ɾ a,,juanatey2021,944,,,,,716,t u ɾ a,"['t', 'u', 'ɾ', 'a']"
SantoTomas-62_brotherwomans-1,,SantoTomas,62_brotherwomans,"tora, tori",tora,t o r a,,santotomas1951,944,,,,,716,t o r a,"['t', 'o', 'r', 'a']"
SantoTomas-62_brotherwomans-2,,SantoTomas,62_brotherwomans,"tora, tori",tori,t o r i,,santotomas1951,944,,,,,716,t o r i,"['t', 'o', 'r', 'i']"
Serena-62_brotherwomans-1,,Serena,62_brotherwomans,turi,turi,t u r i,,heggarty2005,944,,,,,716,t u r i,"['t', 'u', 'r', 'i']"
Sullkatiti-62_brotherwomans-1,,Sullkatiti,62_brotherwomans,hila,hila,h i l a,,heggarty2005,906,,,,,668,h i l a,"['h', 'i', 'l', 'a']"
Taquile-62_brotherwomans-1,,Taquile,62_brotherwomans,tura,tura,t u r a,,heggarty2005,944,,,,,716,t u r a,"['t', 'u', 'r', 'a']"
Tarma-62_brotherwomans-1,,Tarma,62_brotherwomans,turi,turi,t u ɾ i,,adelaar1977,944,,,,,716,t u ɾ i,"['t', 'u', 'ɾ', 'i']"
Troje-62_brotherwomans-1,,Troje,62_brotherwomans,turi,turi,t u r i,,heggarty2005,944,,,,,716,t u r i,"['t', 'u', 'r', 'i']"
Tsimu-62_brotherwomans-1,,Tsimu,62_brotherwomans,tsís-i,tsís-i,ts i s i,,cerron2016,907,,,,,669,ts i s i,"['ts', 'i', 's', 'i']"
Wari-62_brotherwomans-1,,Wari,62_brotherwomans,turi,turi,t u ɾ i,,parkerchavez1976,944,,,,,716,t u ɾ i,"['t', 'u', 'ɾ', 'i']"
Yanac-62_brotherwomans-1,,Yanac,62_brotherwomans,turi,turi,t u r i,,heggarty2005,944,,,,,716,t u r i,"['t', 'u', 'r', 'i']"
Anonimo-63_sistermans-1,,Anonimo,63_sistermans,turantin,turantin,t u r a,,valera1586,944,,,,,716,t u r a,"['t', 'u', 'r', 'a']"
Apuri-63_sistermans-1,,Apuri,63_sistermans,pani,pani,p a n i,,shimelman2017,810,,,,,5624,p a n i,"['p', 'a', 'n', 'i']"
Apurimac-63_sistermans-1,,Apurimac,63_sistermans,pana,pana,p a n a,,camacho2007,810,,,,,5624,p a n a,"['p', 'a', 'n', 'a']"
Arma-63_sistermans-1,,Arma,63_sistermans,pani,pani,p a n i,,galvez2003,810,,,,,5624,p a n i,"['p', 'a', 'n', 'i']"
Atalla-63_sistermans-1,,Atalla,63_sistermans,pani,pani,p a n i,,heggarty2005,810,,,,,5624,p a n i,"['p', 'a', 'n', 'i']"
Ayacucho-63_sistermans-1,,Ayacucho,63_sistermans,pani,pani,p a n i,,soto1976,810,,,,,5624,p a n i,"['p', 'a', 'n', 'i']"
Bobonaza-63_sistermans-1,,Bobonaza,63_sistermans,pani,pani,p a n i,,orrwrisley1981,810,,,,,5624,p a n i,"['p', 'a', 'n', 'i']"
Cacra-Hongos-63_sistermans-1,,Cacra-Hongos,63_sistermans,pani,pani,p a n i,,shimelman2017,810,,,,,5624,p a n i,"['p', 'a', 'n', 'i']"
Chachapoyas-63_sistermans-1,,Chachapoyas,63_sistermans,pani,pani,p a n i,,taylor2006,810,,,,,5624,p a n i,"['p', 'a', 'n', 'i']"
Chacpar-63_sistermans-1,,Chacpar,63_sistermans,pani,pani,p a n i,,heggarty2005,810,,,,,5624,p a n i,"['p', 'a', 'n', 'i']"
Chetilla-63_sistermans-1,,Chetilla,63_sistermans,pani,pani,p a n i,,quesada1976,810,,,,,5624,p a n i,"['p', 'a', 'n', 'i']"
Chipaya-63_sistermans-1,,Chipaya,63_sistermans,kuλaka,kuλaka,k u ʎ a k a,,heggarty2005,1029,,,,aymara,94,k u ʎ a k a,"['k', 'u', 'ʎ', 'a', 'k', 'a']"
Curva-63_sistermans-1,,Curva,63_sistermans,pana,pana,p a n a,,heggarty2005,810,,,,,5624,p a n a,"['p', 'a', 'n', 'a']"
Cuzco-63_sistermans-1,,Cuzco,63_sistermans,pana,pana,p a n a,,heggarty2005,810,,,,,5624,p a n a,"['p', 'a', 'n', 'a']"
CuzquenoAntiguo-63_sistermans-1,,CuzquenoAntiguo,63_sistermans,tura,tura,t u r a,,holguin1608,944,,,,,716,t u r a,"['t', 'u', 'r', 'a']"
Huallaga-63_sistermans-1,,Huallaga,63_sistermans,pañi,pañi,p a ɲ i,,heggarty2005,810,,,,,5624,p a ɲ i,"['p', 'a', 'ɲ', 'i']"
Huanca-63_sistermans-1,,Huanca,63_sistermans,pani,pani,p a n i,,cerron2018,810,,,,,5624,p a n i,"['p', 'a', 'n', 'i']"
Huancane-63_sistermans-1,,Huancane,63_sistermans,kuλaka,kuλaka,k u ʎ a k a,,heggarty2005,812,,,,,5626,k u ʎ a k a,"['k', 'u', 'ʎ', 'a', 'k', 'a']"
Huangascar-63_sistermans-1,,Huangascar,63_sistermans,pani,pani,p a n i,,shimelman2017,810,,,,,5624,p a n i,"['p', 'a', 'n', 'i']"
HuarazHuailas-63_sistermans-1,,HuarazHuailas,63_sistermans,pani,pani,p a ɲ i,,parkerchavez1976,810,,,,,5624,p a ɲ i,"['p', 'a', 'ɲ', 'i']"
Imbabura-63_sistermans-1,,Imbabura,63_sistermans,ñaña,ñaña,ɲ a ɲ a,,gomez2009,819,,,,,5669,ɲ a ɲ a,"['ɲ', 'a', 'ɲ', 'a']"
Inkawasi-63_sistermans-1,,Inkawasi,63_sistermans,uk(ə)ni,ukni,u k n i,,heggarty2005,813,,,,,5627,u k n i,"['u', 'k', 'n', 'i']"
Jaqaru-63_sistermans-1,,Jaqaru,63_sistermans,činki,činki,tʃ i n k i,,heggarty2005,814,,,,,5628,tʃ i n k i,"['tʃ', 'i', 'n', 'k', 'i']"
Kawki-63_sistermans-1,,Kawki,63_sistermans,činki,činki,tʃ i n k i,,heggarty2005,814,,,,,5628,tʃ i n k i,"['tʃ', 'i', 'n', 'k', 'i']"
Lamas-63_sistermans-1,,Lamas,63_sistermans,pani,pani,p a n i,,taylor2006,810,,,,,5624,p a n i,"['p', 'a', 'n', 'i']"
Laraos-63_sistermans-1,,Laraos,63_sistermans,pani,pani,p a n i,,heggarty2005,810,,,,,5624,p a n i,"['p', 'a', 'n', 'i']"
Lincha-Tana-63_sistermans-1,,Lincha-Tana,63_sistermans,pani,pani,p a n i,,shimelman2017,810,,,,,5624,p a n i,"['p', 'a', 'n', 'i']"
Maragua-63_sistermans-1,,Maragua,63_sistermans,ñaña,ñaña,ɲ a ɲ a,,heggarty2005,819,,,,,5669,ɲ a ɲ a,"['ɲ', 'a', 'ɲ', 'a']"
Napo-63_sistermans-1,,Napo,63_sistermans,pani,pani,p a n i,,orrwrisley1981,810,,,,,5624,p a n i,"['p', 'a', 'n', 'i']"
Pacaraos-63_sistermans-1,,Pacaraos,63_sistermans,pani,pani,p a n i,,adelaar1982,810,,,,,5624,p a n i,"['p', 'a', 'n', 'i']"
Pastaza-63_sistermans-1,,Pastaza,63_sistermans,pani,pani,p a n i,,landerman1973,810,,,,,5624,p a n i,"['p', 'a', 'n', 'i']"
Pocona-63_sistermans-1,,Pocona,63_sistermans,ñaña,ñaña,ɲ a ɲ a,,heggarty2005,819,,,,,5669,ɲ a ɲ a,"['ɲ', 'a', 'ɲ', 'a']"
Puki-63_sistermans-1,,Puki,63_sistermans,kuλaka,kuλaka,k u ʎ a k a,,heggarty2005,812,,,,,5626,k u ʎ a k a,"['k', 'u', 'ʎ', 'a', 'k', 'a']"
Puno-63_sistermans-1,,Puno,63_sistermans,pana,pana,p a n a,,heggarty2005,810,,,,,5624,p a n a,"['p', 'a', 'n', 'a']"
Putumayo-63_sistermans-1,,Putumayo,63_sistermans,pani,pani,p a n i,,tandioy1978,810,,,,,5624,p a n i,"['p', 'a', 'n', 'i']"
SanPedro-61_brothermans-1,,SanPedro,61_brothermans,wawqi,wawqi,w au q e,,shimelman2017,904,,,,,666,w au q e,"['w', 'au', 'q', 'e']"
Santiagueno-63_sistermans-1,,Santiagueno,63_sistermans,pana,pana,p a n a,,juanatey2021,810,,,,,5624,p a n a,"['p', 'a', 'n', 'a']"
SantoTomas-63_sistermans-1,,SantoTomas,63_sistermans,pana,pana,p a n a,hermana cualquiera,santotomas1951,810,,,,,5624,p a n a,"['p', 'a', 'n', 'a']"
Serena-63_sistermans-1,,Serena,63_sistermans,pañi,pañi,p a ɲ i,,heggarty2005,810,,,,,5624,p a ɲ i,"['p', 'a', 'ɲ', 'i']"
Sullkatiti-63_sistermans-1,,Sullkatiti,63_sistermans,kuλaka,kuλaka,k u ʎ a k a,,heggarty2005,812,,,,,5626,k u ʎ a k a,"['k', 'u', 'ʎ', 'a', 'k', 'a']"
Taquile-63_sistermans-1,,Taquile,63_sistermans,pana,pana,p a n a,,heggarty2005,810,,,,,5624,p a n a,"['p', 'a', 'n', 'a']"
Tarma-63_sistermans-1,,Tarma,63_sistermans,pani,pani,p a n i,,adelaar1977,810,,,,,5624,p a n i,"['p', 'a', 'n', 'i']"
Troje-63_sistermans-1,,Troje,63_sistermans,pani,pani,p a n i,,heggarty2005,810,,,,,5624,p a n i,"['p', 'a', 'n', 'i']"
Wari-63_sistermans-1,,Wari,63_sistermans,pani,pani,p a ɲ i,,parkerchavez1976,810,,,,,5624,p a ɲ i,"['p', 'a', 'ɲ', 'i']"
Yanac-63_sistermans-1,,Yanac,63_sistermans,pani,pani,p a n i,,heggarty2005,810,,,,,5624,p a n i,"['p', 'a', 'n', 'i']"
Anonimo-64_sisterwomans-1,,Anonimo,64_sisterwomans,ñañantin,ñañantin,ɲ a ɲ a,,valera1586,819,,,,,5669,ɲ a ɲ a,"['ɲ', 'a', 'ɲ', 'a']"
Apuri-64_sisterwomans-1,,Apuri,64_sisterwomans,ñaña,ñaña,ɲ a ɲ a,,shimelman2017,819,,,,,5669,ɲ a ɲ a,"['ɲ', 'a', 'ɲ', 'a']"
Apurimac-64_sisterwomans-1,,Apurimac,64_sisterwomans,ñaña,ñaña,ɲ a ɲ a,,camacho2007,819,,,,,5669,ɲ a ɲ a,"['ɲ', 'a', 'ɲ', 'a']"
Arma-64_sisterwomans-1,,Arma,64_sisterwomans,ñaña,ñaña,ɲ a ɲ a,,galvez2003,819,,,,,5669,ɲ a ɲ a,"['ɲ', 'a', 'ɲ', 'a']"
Atalla-64_sisterwomans-1,,Atalla,64_sisterwomans,ñaña,ñaña,ɲ a ɲ a,,heggarty2005,819,,,,,5669,ɲ a ɲ a,"['ɲ', 'a', 'ɲ', 'a']"
Ayacucho-64_sisterwomans-1,,Ayacucho,64_sisterwomans,ñaña,ñaña,ɲ a ɲ a,,soto1976,819,,,,,5669,ɲ a ɲ a,"['ɲ', 'a', 'ɲ', 'a']"
Bobonaza-64_sisterwomans-1,,Bobonaza,64_sisterwomans,ñaña,ñaña,ɲ a ɲ a,,orrwrisley1981,819,,,,,5669,ɲ a ɲ a,"['ɲ', 'a', 'ɲ', 'a']"
Cacra-Hongos-64_sisterwomans-1,,Cacra-Hongos,64_sisterwomans,ñaña,ñaña,ɲ a ɲ a,,shimelman2017,819,,,,,5669,ɲ a ɲ a,"['ɲ', 'a', 'ɲ', 'a']"
Chachapoyas-64_sisterwomans-1,,Chachapoyas,64_sisterwomans,ñaña,ñaña,ɲ a ɲ a,,taylor2006,819,,,,,5669,ɲ a ɲ a,"['ɲ', 'a', 'ɲ', 'a']"
Chacpar-64_sisterwomans-1,,Chacpar,64_sisterwomans,ñaña,ñaña,ɲ a ɲ a,,heggarty2005,819,,,,,5669,ɲ a ɲ a,"['ɲ', 'a', 'ɲ', 'a']"
Chetilla-64_sisterwomans-1,,Chetilla,64_sisterwomans,masa,masa,m a s a,,heggarty2005,811,,,,,5625,m a s a,"['m', 'a', 's', 'a']"
Chipaya-64_sisterwomans-1,,Chipaya,64_sisterwomans,kuλaka,kuλaka,k u ʎ a k a,,heggarty2005,825,,,,aymara,570,k u ʎ a k a,"['k', 'u', 'ʎ', 'a', 'k', 'a']"
Curva-64_sisterwomans-1,,Curva,64_sisterwomans,ñaña,ñaña,ɲ a ɲ a,,heggarty2005,819,,,,,5669,ɲ a ɲ a,"['ɲ', 'a', 'ɲ', 'a']"
Cuzco-64_sisterwomans-1,,Cuzco,64_sisterwomans,ñaña,ñaña,ɲ a ɲ a,,heggarty2005,819,,,,,5669,ɲ a ɲ a,"['ɲ', 'a', 'ɲ', 'a']"
CuzquenoAntiguo-64_sisterwomans-1,,CuzquenoAntiguo,64_sisterwomans,ñaña,ñaña,ɲ a ɲ a,,holguin1608,819,,,,,5669,ɲ a ɲ a,"['ɲ', 'a', 'ɲ', 'a']"
Huallaga-64_sisterwomans-1,,Huallaga,64_sisterwomans,ñaña,ñaña,ɲ a ɲ a,,heggarty2005,819,,,,,5669,ɲ a ɲ a,"['ɲ', 'a', 'ɲ', 'a']"
Huanca-64_sisterwomans-1,,Huanca,64_sisterwomans,ñaña,ñaña,ɲ a ɲ a,,cerron1976,819,,,,,5669,ɲ a ɲ a,"['ɲ', 'a', 'ɲ', 'a']"
Huancane-64_sisterwomans-1,,Huancane,64_sisterwomans,kuλaka,kuλaka,k u ʎ a k a,,heggarty2005,812,,,,,5626,k u ʎ a k a,"['k', 'u', 'ʎ', 'a', 'k', 'a']"
Huangascar-64_sisterwomans-1,,Huangascar,64_sisterwomans,ñaña,ñaña,ɲ a ɲ a,,shimelman2017,819,,,,,5669,ɲ a ɲ a,"['ɲ', 'a', 'ɲ', 'a']"
HuarazHuailas-64_sisterwomans-1,,HuarazHuailas,64_sisterwomans,nana,nana,n a n a,,parkerchavez1976,819,,,,,5669,n a n a,"['n', 'a', 'n', 'a']"
Imbabura-64_sisterwomans-1,,Imbabura,64_sisterwomans,ñaña,ñaña,ɲ a ɲ a,,gomez2009,819,,,,,5669,ɲ a ɲ a,"['ɲ', 'a', 'ɲ', 'a']"
Inkawasi-64_sisterwomans-1,,Inkawasi,64_sisterwomans,uk(ə)ni,ukni,u k n i,,heggarty2005,813,,,,,5627,u k n i,"['u', 'k', 'n', 'i']"
Jaqaru-64_sisterwomans-1,,Jaqaru,64_sisterwomans,činki,činki,tʃ i n k i,,heggarty2005,814,,,,,5628,tʃ i n k i,"['tʃ', 'i', 'n', 'k', 'i']"
Kawki-64_sisterwomans-1,,Kawki,64_sisterwomans,činki,činki,tʃ i n k i,,heggarty2005,814,,,,,5628,tʃ i n k i,"['tʃ', 'i', 'n', 'k', 'i']"
Lamas-64_sisterwomans-1,,Lamas,64_sisterwomans,ñaña,ñaña,ɲ a ɲ a,,taylor2006,819,,,,,5669,ɲ a ɲ a,"['ɲ', 'a', 'ɲ', 'a']"
Laraos-64_sisterwomans-1,,Laraos,64_sisterwomans,ñaña,ñaña,ɲ a ɲ a,,heggarty2005,819,,,,,5669,ɲ a ɲ a,"['ɲ', 'a', 'ɲ', 'a']"
Lincha-Tana-64_sisterwomans-1,,Lincha-Tana,64_sisterwomans,ñuñu,ñuñu,ɲ u ɲ u,,shimelman2017,819,,,,,5669,ɲ u ɲ u,"['ɲ', 'u', 'ɲ', 'u']"
Maragua-64_sisterwomans-1,,Maragua,64_sisterwomans,ñaña,ñaña,ɲ a ɲ a,,heggarty2005,819,,,,,5669,ɲ a ɲ a,"['ɲ', 'a', 'ɲ', 'a']"
Napo-64_sisterwomans-1,,Napo,64_sisterwomans,ñaña,ñaña,ɲ a ɲ a,,orrwrisley1981,819,,,,,5669,ɲ a ɲ a,"['ɲ', 'a', 'ɲ', 'a']"
Pacaraos-64_sisterwomans-1,,Pacaraos,64_sisterwomans,ñaña,ñaña,ɲ a ɲ a,,adelaar1982,819,,,,,5669,ɲ a ɲ a,"['ɲ', 'a', 'ɲ', 'a']"
Pastaza-64_sisterwomans-1,,Pastaza,64_sisterwomans,ñaña,ñaña,ɲ a ɲ a,,landerman1973,819,,,,,5669,ɲ a ɲ a,"['ɲ', 'a', 'ɲ', 'a']"
Pocona-64_sisterwomans-1,,Pocona,64_sisterwomans,ñaña,ñaña,ɲ a ɲ a,,heggarty2005,819,,,,,5669,ɲ a ɲ a,"['ɲ', 'a', 'ɲ', 'a']"
Puki-64_sisterwomans-1,,Puki,64_sisterwomans,kuλaka,kuλaka,k u ʎ a k a,,heggarty2005,812,,,,,5626,k u ʎ a k a,"['k', 'u', 'ʎ', 'a', 'k', 'a']"
Puno-64_sisterwomans-1,,Puno,64_sisterwomans,ñaña,ñaña,ɲ a ɲ a,,heggarty2005,819,,,,,5669,ɲ a ɲ a,"['ɲ', 'a', 'ɲ', 'a']"
Putumayo-64_sisterwomans-1,,Putumayo,64_sisterwomans,ñaña,ñaña,ɲ a ɲ a,,tandioy1978,819,,,,,5669,ɲ a ɲ a,"['ɲ', 'a', 'ɲ', 'a']"
SanPedro-62_brotherwomans-1,,SanPedro,62_brotherwomans,turi,turi,t u ɾ i,,shimelman2017,944,,,,,716,t u ɾ i,"['t', 'u', 'ɾ', 'i']"
Santiagueno-64_sisterwomans-1,,Santiagueno,64_sisterwomans,ñaña,ñaña,ɲ a ɲ a,,juanatey2021,819,,,,,5669,ɲ a ɲ a,"['ɲ', 'a', 'ɲ', 'a']"
SantoTomas-64_sisterwomans-1,,SantoTomas,64_sisterwomans,ñaña,ñaña,ɲ a ɲ a,,santotomas1996,819,,,,,5669,ɲ a ɲ a,"['ɲ', 'a', 'ɲ', 'a']"
Serena-64_sisterwomans-1,,Serena,64_sisterwomans,ñaña,ñaña,ɲ a ɲ a,,heggarty2005,819,,,,,5669,ɲ a ɲ a,"['ɲ', 'a', 'ɲ', 'a']"
Sullkatiti-64_sisterwomans-1,,Sullkatiti,64_sisterwomans,kuλaka,kuλaka,k u ʎ a k a,,heggarty2005,812,,,,,5626,k u ʎ a k a,"['k', 'u', 'ʎ', 'a', 'k', 'a']"
Taquile-64_sisterwomans-1,,Taquile,64_sisterwomans,ñaña,ñaña,ɲ a ɲ a,,heggarty2005,819,,,,,5669,ɲ a ɲ a,"['ɲ', 'a', 'ɲ', 'a']"
Tarma-64_sisterwomans-1,,Tarma,64_sisterwomans,nana,nana,n a n a,,adelaar1977,819,,,,,5669,n a n a,"['n', 'a', 'n', 'a']"
Troje-64_sisterwomans-1,,Troje,64_sisterwomans,ñaña,ñaña,ɲ a ɲ a,,heggarty2005,819,,,,,5669,ɲ a ɲ a,"['ɲ', 'a', 'ɲ', 'a']"
Wari-64_sisterwomans-1,,Wari,64_sisterwomans,ñaña,ñaña,ɳ a ɳ a,,parkerchavez1976,819,,,,,5669,ɳ a ɳ a,"['ɳ', 'a', 'ɳ', 'a']"
Yanac-64_sisterwomans-1,,Yanac,64_sisterwomans,ñaña,ñaña,ɲ a ɲ a,,heggarty2005,819,,,,,5669,ɲ a ɲ a,"['ɲ', 'a', 'ɲ', 'a']"
Anonimo-65_husband-1,,Anonimo,65_husband,coça,coça,k ɔ s a,,valera1586,389,,,,,3216,k ɔ s a,"['k', 'ɔ', 's', 'a']"
Apuri-65_husband-1,,Apuri,65_husband,qari,qari,q a ɾ i,,shimelman2017,496,,,,,3842,q a ɾ i,"['q', 'a', 'ɾ', 'i']"
Apuri-65_husband-2,,Apuri,65_husband,qusa,qusa,q o s a,,shimelman2017,389,,,,,3216,q o s a,"['q', 'o', 's', 'a']"
Apurimac-65_husband-1,,Apurimac,65_husband,wosa,wosa,w o s a,,camacho2007,389,,,,,3216,w o s a,"['w', 'o', 's', 'a']"
Arma-65_husband-1,,Arma,65_husband,qusa,qusa,χ u s a,,galvez2003,389,,,,,3216,χ u s a,"['χ', 'u', 's', 'a']"
Atalla-65_husband-1,,Atalla,65_husband,χusa,χusa,χ u s a,,heggarty2005,389,,,,,3216,χ u s a,"['χ', 'u', 's', 'a']"
Ayacucho-65_husband-1,,Ayacucho,65_husband,qosa,qosa,χ o s a,,soto1976,389,,,,,3216,χ o s a,"['χ', 'o', 's', 'a']"
Bobonaza-65_husband-1,,Bobonaza,65_husband,cusa,cusa,k u s a,,orrwrisley1981,389,,,,,3216,k u s a,"['k', 'u', 's', 'a']"
Cacra-Hongos-65_husband-1,,Cacra-Hongos,65_husband,qari,qari,q a l i,,shimelman2017,496,,,,,3842,q a l i,"['q', 'a', 'l', 'i']"
Cacra-Hongos-65_husband-2,,Cacra-Hongos,65_husband,qusa,qusa,q o s a,,shimelman2017,389,,,,,3216,q o s a,"['q', 'o', 's', 'a']"
Chachapoyas-65_husband-1,,Chachapoyas,65_husband,kusa,kusa,k u s a,,taylor2006,389,,,,,3216,k u s a,"['k', 'u', 's', 'a']"
Chacpar-65_husband-1,,Chacpar,65_husband,quwa,quwa,q u w a,,heggarty2005,389,,,,,3216,q u w a,"['q', 'u', 'w', 'a']"
Chetilla-65_husband-1,,Chetilla,65_husband,qusa,qusa,q u s a,,heggarty2005,389,,,,,3216,q u s a,"['q', 'u', 's', 'a']"
Chipaya-65_husband-1,,Chipaya,65_husband,luku,luku,l u k u,,heggarty2005,390,,,,,3217,l u k u,"['l', 'u', 'k', 'u']"
Curva-65_husband-1,,Curva,65_husband,qusa,qusa,q u s a,,heggarty2005,389,,,,,3216,q u s a,"['q', 'u', 's', 'a']"
Cuzco-65_husband-1,,Cuzco,65_husband,qusa,qusa,q u s a,,heggarty2005,389,,,,,3216,q u s a,"['q', 'u', 's', 'a']"
CuzquenoAntiguo-65_husband-1,,CuzquenoAntiguo,65_husband,coça,coça,k u s a,,holguin1608,389,,,,,3216,k u s a,"['k', 'u', 's', 'a']"
Huallaga-65_husband-1,,Huallaga,65_husband,qusa,qusa,q u s a,,heggarty2005,389,,,,,3216,q u s a,"['q', 'u', 's', 'a']"
Huanca-65_husband-1,,Huanca,65_husband,qusa,qusa,ʔ u s a,,cerron1976,389,,,,,3216,ʔ u s a,"['ʔ', 'u', 's', 'a']"
Jauja-65_husband-1,,Jauja,65_husband,qusa,qusa,ʔ u s a,,cerron1976,389,,,,,3216,ʔ u s a,"['ʔ', 'u', 's', 'a']"
Huancane-65_husband-1,,Huancane,65_husband,čača,čača,tʃ a tʃ a,,heggarty2005,391,,,,,3218,tʃ a tʃ a,"['tʃ', 'a', 'tʃ', 'a']"
Huangascar-65_husband-1,,Huangascar,65_husband,qari,qari,q a ɾ i,,shimelman2017,496,,,,,3842,q a ɾ i,"['q', 'a', 'ɾ', 'i']"
Huangascar-65_husband-2,,Huangascar,65_husband,qusa,qusa,q o s a,,shimelman2017,389,,,,,3216,q o s a,"['q', 'o', 's', 'a']"
HuarazHuailas-65_husband-1,,HuarazHuailas,65_husband,qowa,qowa,q o w a,,parkerchavez1976,389,,,,,3216,q o w a,"['q', 'o', 'w', 'a']"
Imbabura-65_husband-1,,Imbabura,65_husband,kusa,kusa,k u s a,,gomez2009,389,,,,,3216,k u s a,"['k', 'u', 's', 'a']"
Inkawasi-65_husband-1,,Inkawasi,65_husband,χusa,χusa,χ u s a,,heggarty2005,389,,,,,3216,χ u s a,"['χ', 'u', 's', 'a']"
Jaqaru-65_husband-1,,Jaqaru,65_husband,haynu,haynu,h ai n u,,heggarty2005,392,,,,,3219,h ai n u,"['h', 'ai', 'n', 'u']"
Kawki-65_husband-1,,Kawki,65_husband,haynu,haynu,h ai n u,,heggarty2005,392,,,,,3219,h ai n u,"['h', 'ai', 'n', 'u']"
Lamas-65_husband-1,,Lamas,65_husband,kusa,kusa,k u s a,,taylor2006,389,,,,,3216,k u s a,"['k', 'u', 's', 'a']"
Laraos-65_husband-1,,Laraos,65_husband,qusa,qusa,q u s a,,heggarty2005,389,,,,,3216,q u s a,"['q', 'u', 's', 'a']"
Lincha-Tana-65_husband-1,,Lincha-Tana,65_husband,qari,qari,q a ɾ i,,shimelman2017,496,,,,,3842,q a ɾ i,"['q', 'a', 'ɾ', 'i']"
Lincha-Tana-65_husband-2,,Lincha-Tana,65_husband,qusa,qusa,q o s a,,shimelman2017,389,,,,,3216,q o s a,"['q', 'o', 's', 'a']"
Maragua-65_husband-1,,Maragua,65_husband,qusa,qusa,q u s a,,heggarty2005,389,,,,,3216,q u s a,"['q', 'u', 's', 'a']"
Napo-65_husband-1,,Napo,65_husband,causa,causa,k au s a,,orrwrisley1981,630,,,,,458,k au s a,"['k', 'au', 's', 'a']"
Pacaraos-65_husband-1,,Pacaraos,65_husband,quwa,quwa,χ o w a,,adelaar1982,389,,,,,3216,χ o w a,"['χ', 'o', 'w', 'a']"
Pastaza-65_husband-1,,Pastaza,65_husband,cusa,cusa,k u s a,,landerman1973,389,,,,,3216,k u s a,"['k', 'u', 's', 'a']"
Pocona-65_husband-1,,Pocona,65_husband,qusa,qusa,q u s a,,heggarty2005,389,,,,,3216,q u s a,"['q', 'u', 's', 'a']"
Puki-65_husband-1,,Puki,65_husband,čača,čača,tʃ a tʃ a,,heggarty2005,391,,,,,3218,tʃ a tʃ a,"['tʃ', 'a', 'tʃ', 'a']"
Puno-65_husband-1,,Puno,65_husband,qusa,qusa,q u s a,,heggarty2005,389,,,,,3216,q u s a,"['q', 'u', 's', 'a']"
Putumayo-65_husband-1,,Putumayo,65_husband,cusa,cusa,k u s a,,tandioy1978,389,,,,,3216,k u s a,"['k', 'u', 's', 'a']"
Raimondi-65_husband-1,,Raimondi,65_husband,qowa,qowa,q o w a,,parkerchavez1976,389,,,,,3216,q o w a,"['q', 'o', 'w', 'a']"
SanPedro-65_husband-1,,SanPedro,65_husband,qari,qari,q a ɾ i,,shimelman2017,496,,,,,3842,q a ɾ i,"['q', 'a', 'ɾ', 'i']"
SanPedro-65_husband-2,,SanPedro,65_husband,qusa,qusa,q o s a,,shimelman2017,389,,,,,3216,q o s a,"['q', 'o', 's', 'a']"
Santiagueno-65_husband-1,,Santiagueno,65_husband,qosa,qosa,q o s a,,juanatey2021,389,,,,,3216,q o s a,"['q', 'o', 's', 'a']"
SantoTomas-65_husband-1,,SantoTomas,65_husband,coça,coça,k o s a,,santotomas1951,389,,,,,3216,k o s a,"['k', 'o', 's', 'a']"
Serena-65_husband-1,,Serena,65_husband,kari,kari,k a r i,,heggarty2005,496,,,,,3842,k a r i,"['k', 'a', 'r', 'i']"
Sullkatiti-65_husband-1,,Sullkatiti,65_husband,čača,čača,tʃ a tʃ a,,heggarty2005,391,,,,,3218,tʃ a tʃ a,"['tʃ', 'a', 'tʃ', 'a']"
Taquile-65_husband-1,,Taquile,65_husband,qhari,qhari,qʰ a r i,,heggarty2005,496,,,,,3842,qʰ a r i,"['qʰ', 'a', 'r', 'i']"
Tarma-65_husband-1,,Tarma,65_husband,xuwa,xuwa,χ o w a,,adelaar1977,389,,,,,3216,χ o w a,"['χ', 'o', 'w', 'a']"
Troje-65_husband-1,,Troje,65_husband,kusa,kusa,k u s a,,heggarty2005,389,,,,,3216,k u s a,"['k', 'u', 's', 'a']"
Wari-65_husband-1,,Wari,65_husband,qowa,qowa,q o w a,,parkerchavez1976,389,,,,,3216,q o w a,"['q', 'o', 'w', 'a']"
Yanac-65_husband-1,,Yanac,65_husband,qusa,qusa,q u s a,,heggarty2005,389,,,,,3216,q u s a,"['q', 'u', 's', 'a']"
Anonimo-66_day-1,,Anonimo,66_day,punchau,punchau,p u n tʃ au,,valera1586,1036,,,,,998,p u n tʃ au,"['p', 'u', 'n', 'tʃ', 'au']"
Apuri-66_day-1,,Apuri,66_day,puntraw,puntraw,p u n ʈ au,,shimelman2017,1036,,,,,998,p u n ʈ au,"['p', 'u', 'n', 'ʈ', 'au']"
Apurimac-66_day-1,,Apurimac,66_day,puchaw,puchaw,p u tʃ au,,camacho2007,1036,,,,,998,p u - tʃ au,"['p', 'u', 'tʃ', 'au']"
Arma-66_day-1,,Arma,66_day,punchaw,punchaw,p u n tʃ au,,galvez2003,1036,,,,,998,p u n tʃ au,"['p', 'u', 'n', 'tʃ', 'au']"
Atalla-66_day-1,,Atalla,66_day,pun.čaw,pun.čaw,p u n tʃ au,,heggarty2005,1036,,,,,998,p u n tʃ au,"['p', 'u', 'n', 'tʃ', 'au']"
Ayacucho-66_day-1,,Ayacucho,66_day,punchaw,punchaw,p u n tʃ au,,soto1976,1036,,,,,998,p u n tʃ au,"['p', 'u', 'n', 'tʃ', 'au']"
Bobonaza-66_day-1,,Bobonaza,66_day,punzha,punzha,p u n dʒ a,,orrwrisley1981,1036,,,,,998,p u n dʒ a,"['p', 'u', 'n', 'dʒ', 'a']"
Cacra-Hongos-66_day-1,,Cacra-Hongos,66_day,puntraw,puntraw,p u n ʈ au,,shimelman2017,1036,,,,,998,p u n ʈ au,"['p', 'u', 'n', 'ʈ', 'au']"
Chachapoyas-66_day-1,,Chachapoyas,66_day,punchaw,punchaw,p u n tʃ au,,taylor2006,1036,,,,,998,p u n tʃ au,"['p', 'u', 'n', 'tʃ', 'au']"
Chacpar-66_day-1,,Chacpar,66_day,hunaq,hunaq,h u n a q,,heggarty2005,4,,,,,1000,h u n a q,"['h', 'u', 'n', 'a', 'q']"
Chetilla-66_day-1,,Chetilla,66_day,pun.džaw,pun.džaw,p u n dʒ au,,heggarty2005,1036,,,,,998,p u n dʒ au,"['p', 'u', 'n', 'dʒ', 'au']"
Chipaya-66_day-1,,Chipaya,66_day,noj(i),noj,n o j,,heggarty2005,5,,,,,1001,n o j,"['n', 'o', 'j']"
Curva-66_day-1,,Curva,66_day,p'un.čay,p'un.čay,pʼ u n tʃ ai,,heggarty2005,1036,,,,,998,pʼ u n tʃ ai,"['pʼ', 'u', 'n', 'tʃ', 'ai']"
Cuzco-66_day-1,,Cuzco,66_day,p'un.čay,p'un.čay,pʼ u n tʃ ai,,heggarty2005,1036,,,,,998,pʼ u n tʃ ai,"['pʼ', 'u', 'n', 'tʃ', 'ai']"
CuzquenoAntiguo-66_day-1,,CuzquenoAntiguo,66_day,ppunchau,ppunchau,p u n tʃ au,,holguin1608,1036,,,,,998,p u n tʃ au,"['p', 'u', 'n', 'tʃ', 'au']"
Huallaga-66_day-1,,Huallaga,66_day,hunaχ,hunaχ,h u n a χ,,heggarty2005,4,,,,,1000,h u n a χ,"['h', 'u', 'n', 'a', 'χ']"
Huanca-66_day-1,,Huanca,66_day,pun,pun,p u n,,cerron2018,1036,,,,,998,p u n - -,"['p', 'u', 'n']"
Huancane-66_day-1,,Huancane,66_day,uru,uru,u r u,,heggarty2005,6,,,,,1002,u r u,"['u', 'r', 'u']"
Huangascar-66_day-1,,Huangascar,66_day,puntraw,puntraw,p u n ʈ au,,shimelman2017,1036,,,,,998,p u n ʈ au,"['p', 'u', 'n', 'ʈ', 'au']"
HuarazHuailas-66_day-1,,HuarazHuailas,66_day,hunaq,hunaq,x u ɲ a q,,parkerchavez1976,4,,,,,1000,x u ɲ a q,"['x', 'u', 'ɲ', 'a', 'q']"
Imbabura-66_day-1,,Imbabura,66_day,puncha,puncha,p u n tʃ a,,gomez2009,1036,,,,,998,p u n tʃ a,"['p', 'u', 'n', 'tʃ', 'a']"
Inkawasi-66_day-1,,Inkawasi,66_day,unaχ,unaχ,u n a χ,,heggarty2005,4,,,,,1000,- u n a χ,"['u', 'n', 'a', 'χ']"
Iruhito-66_day-1,,Iruhito,66_day,maχéñi,maχéñi,m a χ e ɲ i,,cerron2016,927,,,,,7,m a χ e ɲ i,"['m', 'a', 'χ', 'e', 'ɲ', 'i']"
Jaqaru-66_day-1,,Jaqaru,66_day,uru,uru,u r u,,heggarty2005,6,,,,,1002,u r u,"['u', 'r', 'u']"
Kawki-66_day-1,,Kawki,66_day,uru,uru,u r u,,heggarty2005,6,,,,,1002,u r u,"['u', 'r', 'u']"
Lamas-66_day-1,,Lamas,66_day,punchaw,punchaw,p u n tʃ au,,taylor2006,1036,,,,,998,p u n tʃ au,"['p', 'u', 'n', 'tʃ', 'au']"
Laraos-66_day-1,,Laraos,66_day,muyun,muyun,m u j u n,,heggarty2005,453,,,,,36,m u - j u n - -,"['m', 'u', 'j', 'u', 'n']"
Lincha-Tana-66_day-1,,Lincha-Tana,66_day,puntraw,puntraw,p u n ʈ au,,shimelman2017,1036,,,,,998,p u n ʈ au,"['p', 'u', 'n', 'ʈ', 'au']"
Maragua-66_day-1,,Maragua,66_day,p'un.čay,p'un.čay,pʼ u n tʃ ai,,heggarty2005,1036,,,,,998,pʼ u n tʃ ai,"['pʼ', 'u', 'n', 'tʃ', 'ai']"
Napo-66_day-1,,Napo,66_day,punzha,punzha,p u n dʒ a,,orrwrisley1981,1036,,,,,998,p u n dʒ a,"['p', 'u', 'n', 'dʒ', 'a']"
Pacaraos-66_day-1,,Pacaraos,66_day,hunaq,hunaq,x u n a χ,,adelaar1982,4,,,,,1000,x u n a χ,"['x', 'u', 'n', 'a', 'χ']"
Pastaza-66_day-1,,Pastaza,66_day,puncha,puncha,p u n tʃ a,,landerman1973,1036,,,,,998,p u n tʃ a,"['p', 'u', 'n', 'tʃ', 'a']"
Pocona-66_day-1,,Pocona,66_day,p'un.čay,p'un.čay,pʼ u n tʃ ai,,heggarty2005,1036,,,,,998,pʼ u n tʃ ai,"['pʼ', 'u', 'n', 'tʃ', 'ai']"
Puki-66_day-1,,Puki,66_day,uru,uru,u r u,,heggarty2005,6,,,,,1002,u r u,"['u', 'r', 'u']"
Puno-66_day-1,,Puno,66_day,p'un.čay,p'un.čay,pʼ u n tʃ ai,,heggarty2005,1036,,,,,998,pʼ u n tʃ ai,"['pʼ', 'u', 'n', 'tʃ', 'ai']"
Putumayo-66_day-1,,Putumayo,66_day,puncha,puncha,p u n tʃ a,,tandioy1978,1036,,,,,998,p u n tʃ a,"['p', 'u', 'n', 'tʃ', 'a']"
Raimondi-66_day-1,,Raimondi,66_day,hunaq,hunaq,x u ɲ a q,,parkerchavez1976,4,,,,,1000,x u ɲ a q,"['x', 'u', 'ɲ', 'a', 'q']"
SanPedro-66_day-1,,SanPedro,66_day,puntraw,puntraw,p u n ʈ au,,shimelman2017,1036,,,,,998,p u n ʈ au,"['p', 'u', 'n', 'ʈ', 'au']"
Santiagueno-66_day-1,,Santiagueno,66_day,punchaw,punchaw,p u n tʃ au,,juanatey2021,1036,,,,,998,p u n tʃ au,"['p', 'u', 'n', 'tʃ', 'au']"
SantoTomas-66_day-1,,SantoTomas,66_day,punchao,punchao,p u n tʃ au,,santotomas1951,1036,,,,,998,p u n tʃ au,"['p', 'u', 'n', 'tʃ', 'au']"
Serena-66_day-1,,Serena,66_day,pun.dža,pun.dža,p u n dʒ a,,heggarty2005,1036,,,,,998,p u n dʒ a,"['p', 'u', 'n', 'dʒ', 'a']"
Sullkatiti-66_day-1,,Sullkatiti,66_day,uru,uru,u r u,,heggarty2005,6,,,,,1002,u r u,"['u', 'r', 'u']"
Taquile-66_day-1,,Taquile,66_day,p'un.čaw,p'un.čaw,pʼ u n tʃ au,,heggarty2005,1036,,,,,998,pʼ u n tʃ au,"['pʼ', 'u', 'n', 'tʃ', 'au']"
Tarma-66_day-1,,Tarma,66_day,xunax,xunax,χ o n a χ,,adelaar1977,4,,,,,1000,χ o n a χ,"['χ', 'o', 'n', 'a', 'χ']"
Troje-66_day-1,,Troje,66_day,pun.dža,pun.dža,p u n dʒ a,,heggarty2005,1036,,,,,998,p u n dʒ a,"['p', 'u', 'n', 'dʒ', 'a']"
Tsimu-66_day-1,,Tsimu,66_day,"maχéña, ur̂u",maχéña,m a χ e ɲ a,,cerron2016,927,,,,,7,m a χ e ɲ a,"['m', 'a', 'χ', 'e', 'ɲ', 'a']"
Tsimu-66_day-2,,Tsimu,66_day,"maχéña, ur̂u",ur̂u,u r u,,cerron2016,797,,,,aymara,554,u r u,"['u', 'r', 'u']"
Wari-66_day-1,,Wari,66_day,hunaq,hunaq,x u ɲ a q,,parkerchavez1976,4,,,,,1000,x u ɲ a q,"['x', 'u', 'ɲ', 'a', 'q']"
Yanac-66_day-1,,Yanac,66_day,unaq,unaq,u n a q,,heggarty2005,4,,,,,1000,- u n a q,"['u', 'n', 'a', 'q']"
Anonimo-67_night-1,,Anonimo,67_night,tuta,tuta,t u t a,,valera1586,605,,,,,4463,t u t a,"['t', 'u', 't', 'a']"
Apuri-67_night-1,,Apuri,67_night,tuta,tuta,t u t a,,shimelman2017,605,,,,,4463,t u t a,"['t', 'u', 't', 'a']"
Apurimac-67_night-1,,Apurimac,67_night,tuta,tuta,t u t a,,camacho2007,605,,,,,4463,t u t a,"['t', 'u', 't', 'a']"
Arma-67_night-1,,Arma,67_night,tuta,tuta,t u t a,,galvez2003,605,,,,,4463,t u t a,"['t', 'u', 't', 'a']"
Atalla-67_night-1,,Atalla,67_night,tuta,tuta,t u t a,,heggarty2005,605,,,,,4463,t u t a,"['t', 'u', 't', 'a']"
Ayacucho-67_night-1,,Ayacucho,67_night,tuta,tuta,t u t a,,soto1976,605,,,,,4463,t u t a,"['t', 'u', 't', 'a']"
Bobonaza-67_night-1,,Bobonaza,67_night,tuta,tuta,t u t a,,orrwrisley1981,605,,,,,4463,t u t a,"['t', 'u', 't', 'a']"
Cacra-Hongos-67_night-1,,Cacra-Hongos,67_night,tuta,tuta,t u t a,,shimelman2017,605,,,,,4463,t u t a,"['t', 'u', 't', 'a']"
Chachapoyas-67_night-1,,Chachapoyas,67_night,tuta,tuta,t u t a,,taylor2006,605,,,,,4463,t u t a,"['t', 'u', 't', 'a']"
Chacpar-67_night-1,,Chacpar,67_night,tsake,tsake,ts a k e,,heggarty2005,438,,,,,35,ts a k e,"['ts', 'a', 'k', 'e']"
Chetilla-67_night-1,,Chetilla,67_night,tuta,tuta,t u t a,,heggarty2005,605,,,,,4463,t u t a,"['t', 'u', 't', 'a']"
Chipaya-67_night-1,,Chipaya,67_night,ween(a),ween,w e e n,,heggarty2005,607,,,,,4465,w e e n,"['w', 'e', 'e', 'n']"
Curva-67_night-1,,Curva,67_night,tuta,tuta,t u t a,,heggarty2005,605,,,,,4463,t u t a,"['t', 'u', 't', 'a']"
Cuzco-67_night-1,,Cuzco,67_night,tuta,tuta,t u t a,,heggarty2005,605,,,,,4463,t u t a,"['t', 'u', 't', 'a']"
CuzquenoAntiguo-67_night-1,,CuzquenoAntiguo,67_night,ttuta,ttuta,t u t a,,holguin1608,605,,,,,4463,t u t a,"['t', 'u', 't', 'a']"
Huallaga-67_night-1,,Huallaga,67_night,čaka.y,čaka.y,tʃ a k ai,,heggarty2005,438,,,,,35,tʃ a k ai,"['tʃ', 'a', 'k', 'ai']"
Huanca-67_night-1,,Huanca,67_night,tuta,tuta,t u t a,,cerron2018,605,,,,,4463,t u t a,"['t', 'u', 't', 'a']"
Huancane-67_night-1,,Huancane,67_night,aruma,aruma,a r u m a,,heggarty2005,608,,,,,4467,a r u m a,"['a', 'r', 'u', 'm', 'a']"
Huangascar-67_night-1,,Huangascar,67_night,tuta,tuta,t u t a,,shimelman2017,605,,,,,4463,t u t a,"['t', 'u', 't', 'a']"
Raimondi-67_night-1,,Raimondi,67_night,paqas,paqas,p a q a s,,parkerchavez1976,606,,,,,4464,p a q a s,"['p', 'a', 'q', 'a', 's']"
Imbabura-67_night-1,,Imbabura,67_night,tuta,tuta,t u t a,,gomez2009,605,,,,,4463,t u t a,"['t', 'u', 't', 'a']"
Inkawasi-67_night-1,,Inkawasi,67_night,tuta,tuta,t u t a,,heggarty2005,605,,,,,4463,t u t a,"['t', 'u', 't', 'a']"
Iruhito-67_night-1,,Iruhito,67_night,ui:yá:ni,ui:yá:ni,uiː j aː n i,,cerron2016,609,,,,,4468,uiː j aː n i,"['uiː', 'j', 'aː', 'n', 'i']"
Jaqaru-67_night-1,,Jaqaru,67_night,aruma,aruma,a r u m a,,heggarty2005,608,,,,,4467,a r u m a,"['a', 'r', 'u', 'm', 'a']"
Kawki-67_night-1,,Kawki,67_night,aruma,aruma,a r u m a,,heggarty2005,608,,,,,4467,a r u m a,"['a', 'r', 'u', 'm', 'a']"
Lamas-67_night-1,,Lamas,67_night,tuta,tuta,t u t a,,taylor2006,605,,,,,4463,t u t a,"['t', 'u', 't', 'a']"
Laraos-67_night-1,,Laraos,67_night,tuta,tuta,t u t a,,heggarty2005,605,,,,,4463,t u t a,"['t', 'u', 't', 'a']"
Lincha-Tana-67_night-1,,Lincha-Tana,67_night,tuta,tuta,t u t a,,shimelman2017,605,,,,,4463,t u t a,"['t', 'u', 't', 'a']"
Maragua-67_night-1,,Maragua,67_night,tuta,tuta,t u t a,,heggarty2005,605,,,,,4463,t u t a,"['t', 'u', 't', 'a']"
Napo-67_night-1,,Napo,67_night,tuta,tuta,t u t a,,orrwrisley1981,605,,,,,4463,t u t a,"['t', 'u', 't', 'a']"
Pacaraos-67_night-1,,Pacaraos,67_night,waray,waray,w a ɾ ai,,adelaar1982,610,,,,,4469,w a ɾ ai,"['w', 'a', 'ɾ', 'ai']"
Pocona-67_night-1,,Pocona,67_night,tuta,tuta,t u t a,,heggarty2005,605,,,,,4463,t u t a,"['t', 'u', 't', 'a']"
Puki-67_night-1,,Puki,67_night,aruma,aruma,a r u m a,,heggarty2005,608,,,,,4467,a r u m a,"['a', 'r', 'u', 'm', 'a']"
Puno-67_night-1,,Puno,67_night,tuta,tuta,t u t a,,heggarty2005,605,,,,,4463,t u t a,"['t', 'u', 't', 'a']"
Putumayo-67_night-1,,Putumayo,67_night,tuta,tuta,t u t a,,tandioy1978,605,,,,,4463,t u t a,"['t', 'u', 't', 'a']"
SanPedro-67_night-1,,SanPedro,67_night,tuta,tuta,t u t a,,shimelman2017,605,,,,,4463,t u t a,"['t', 'u', 't', 'a']"
Santiagueno-67_night-1,,Santiagueno,67_night,tuta,tuta,t u t a,,juanatey2021,605,,,,,4463,t u t a,"['t', 'u', 't', 'a']"
SantoTomas-67_night-1,,SantoTomas,67_night,"tota, chiʃsin",tota,t o t a,,santotomas1951,605,,,,,4463,t o t a,"['t', 'o', 't', 'a']"
SantoTomas-67_night-2,,SantoTomas,67_night,"tota, chiʃsin",chiʃsin,tʃ i s i n,,santotomas1951,612,,,,,4472,tʃ i s i n,"['tʃ', 'i', 's', 'i', 'n']"
Serena-67_night-1,,Serena,67_night,tuta,tuta,t u t a,,heggarty2005,605,,,,,4463,t u t a,"['t', 'u', 't', 'a']"
Sullkatiti-67_night-1,,Sullkatiti,67_night,aruma,aruma,a r u m a,,heggarty2005,608,,,,,4467,a r u m a,"['a', 'r', 'u', 'm', 'a']"
Taquile-67_night-1,,Taquile,67_night,tuta,tuta,t u t a,,heggarty2005,605,,,,,4463,t u t a,"['t', 'u', 't', 'a']"
Tarma-67_night-1,,Tarma,67_night,paxas,paxas,p a χ a s,,adelaar1977,606,,,,,4464,p a χ a s,"['p', 'a', 'χ', 'a', 's']"
Troje-67_night-1,,Troje,67_night,tuta,tuta,t u t a,,heggarty2005,605,,,,,4463,t u t a,"['t', 'u', 't', 'a']"
Tsimu-67_night-1,,Tsimu,67_night,u:yá:ni,u:yá:ni,uː j aː n i,,cerron2016,609,,,,,4468,uː j aː n i,"['uː', 'j', 'aː', 'n', 'i']"
Wari-67_night-1,,Wari,67_night,paqas,paqas,p a q a s,,parkerchavez1976,606,,,,,4464,p a q a s,"['p', 'a', 'q', 'a', 's']"
Yanac-67_night-1,,Yanac,67_night,paġa.s,paġa.s,p a ɢ a s,,heggarty2005,606,,,,,4464,p a ɢ a s,"['p', 'a', 'ɢ', 'a', 's']"
Anonimo-68_sun-1,,Anonimo,68_sun,inti,inti,i n t i,,valera1586,881,,,,,6400,i n t i,"['i', 'n', 't', 'i']"
Apuri-68_sun-1,,Apuri,68_sun,inti,inti,i n t i,,shimelman2017,881,,,,,6400,i n t i,"['i', 'n', 't', 'i']"
Apurimac-68_sun-1,,Apurimac,68_sun,inti,inti,i n t i,,camacho2007,881,,,,,6400,i n t i,"['i', 'n', 't', 'i']"
Arma-68_sun-1,,Arma,68_sun,inti,inti,i n t i,,galvez2003,881,,,,,6400,i n t i,"['i', 'n', 't', 'i']"
Atalla-68_sun-1,,Atalla,68_sun,inti,inti,i n t i,,heggarty2005,881,,,,,6400,i n t i,"['i', 'n', 't', 'i']"
Ayacucho-68_sun-1,,Ayacucho,68_sun,inti,inti,i n t i,,soto1976,881,,,,,6400,i n t i,"['i', 'n', 't', 'i']"
Bobonaza-68_sun-1,,Bobonaza,68_sun,indi,indi,i n d i,,orrwrisley1981,881,,,,,6400,i n d i,"['i', 'n', 'd', 'i']"
Cacra-Hongos-68_sun-1,,Cacra-Hongos,68_sun,inti,inti,i n t i,,shimelman2017,881,,,,,6400,i n t i,"['i', 'n', 't', 'i']"
Chachapoyas-68_sun-1,,Chachapoyas,68_sun,inti,inti,i n d i,,taylor2006,881,,,,,6400,i n d i,"['i', 'n', 'd', 'i']"
Chacpar-68_sun-1,,Chacpar,68_sun,inti,inti,i n t i,,heggarty2005,881,,,,,6400,i n t i,"['i', 'n', 't', 'i']"
Chetilla-68_sun-1,,Chetilla,68_sun,rupa.y,rupa.y,r u p ai,,heggarty2005,882,,,,,6401,r u p ai,"['r', 'u', 'p', 'ai']"
Chipaya-68_sun-1,,Chipaya,68_sun,thuñi,thuñi,tʰ u ɲ i,,heggarty2005,883,,,,,6403,tʰ ( - ) u ɲ i,"['tʰ', 'u', 'ɲ', 'i']"
Curva-68_sun-1,,Curva,68_sun,inti,inti,i n t i,,heggarty2005,881,,,,,6400,i n t i,"['i', 'n', 't', 'i']"
Cuzco-68_sun-1,,Cuzco,68_sun,inti,inti,i n t i,,heggarty2005,881,,,,,6400,i n t i,"['i', 'n', 't', 'i']"
CuzquenoAntiguo-68_sun-1,,CuzquenoAntiguo,68_sun,inti,inti,i n t i,,holguin1608,881,,,,,6400,i n t i,"['i', 'n', 't', 'i']"
Huallaga-68_sun-1,,Huallaga,68_sun,inti,inti,i n t i,,heggarty2005,881,,,,,6400,i n t i,"['i', 'n', 't', 'i']"
Huanca-68_sun-1,,Huanca,68_sun,inti,inti,i n t i,,cerron2018,881,,,,,6400,i n t i,"['i', 'n', 't', 'i']"
Huancane-68_sun-1,,Huancane,68_sun,inti,inti,i n t i,,heggarty2005,396,,,,,325,i n t i,"['i', 'n', 't', 'i']"
Huangascar-68_sun-1,,Huangascar,68_sun,inti,inti,i n t i,,shimelman2017,881,,,,,6400,i n t i,"['i', 'n', 't', 'i']"
HuarazHuailas-68_sun-1,,HuarazHuailas,68_sun,inti,inti,i ɲ t i,,parkerchavez1976,881,,,,,6400,i ɲ t i,"['i', 'ɲ', 't', 'i']"
Imbabura-68_sun-1,,Imbabura,68_sun,inti,inti,i n t i,,gomez2009,881,,,,,6400,i n t i,"['i', 'n', 't', 'i']"
Inkawasi-68_sun-1,,Inkawasi,68_sun,rupa.y,rupa.y,r u p ai,,heggarty2005,882,,,,,6401,r u p ai,"['r', 'u', 'p', 'ai']"
Iruhito-68_sun-1,,Iruhito,68_sun,"thú:ñi, tú:ni",thú:ñi,t h uː ɲ i,,cerron2016,883,,,,,6403,t ( h ) uː ɲ i,"['t', 'h', 'uː', 'ɲ', 'i']"
Iruhito-68_sun-2,,Iruhito,68_sun,"thú:ñi, tú:ni",tú:ni,t uː n i,,cerron2016,883,,,,,6403,t ( - ) uː n i,"['t', 'uː', 'n', 'i']"
Jaqaru-68_sun-1,,Jaqaru,68_sun,inti,inti,i n t i,,heggarty2005,396,,,,,325,i n t i,"['i', 'n', 't', 'i']"
Kawki-68_sun-1,,Kawki,68_sun,intyi,intyi,i n tʲ i,,heggarty2005,396,,,,,325,i n tʲ i,"['i', 'n', 'tʲ', 'i']"
Lamas-68_sun-1,,Lamas,68_sun,inti,inti,i n d i,,taylor2006,881,,,,,6400,i n d i,"['i', 'n', 'd', 'i']"
Laraos-68_sun-1,,Laraos,68_sun,inti,inti,i n t i,,heggarty2005,881,,,,,6400,i n t i,"['i', 'n', 't', 'i']"
Lincha-Tana-68_sun-1,,Lincha-Tana,68_sun,inti,inti,i n t i,,shimelman2017,881,,,,,6400,i n t i,"['i', 'n', 't', 'i']"
Maragua-68_sun-1,,Maragua,68_sun,inti,inti,i n t i,,heggarty2005,881,,,,,6400,i n t i,"['i', 'n', 't', 'i']"
Napo-68_sun-1,,Napo,68_sun,indi,indi,i n d i,,orrwrisley1981,881,,,,,6400,i n d i,"['i', 'n', 'd', 'i']"
Pacaraos-68_sun-1,,Pacaraos,68_sun,wilka,wilka,w i l k a,,adelaar1982,884,,,,,6404,w i l k a,"['w', 'i', 'l', 'k', 'a']"
Pastaza-68_sun-1,,Pastaza,68_sun,indi,indi,i n d i,,landerman1973,881,,,,,6400,i n d i,"['i', 'n', 'd', 'i']"
Pocona-68_sun-1,,Pocona,68_sun,inti,inti,i n t i,,heggarty2005,881,,,,,6400,i n t i,"['i', 'n', 't', 'i']"
Puki-68_sun-1,,Puki,68_sun,inti,inti,i n t i,,heggarty2005,396,,,,,325,i n t i,"['i', 'n', 't', 'i']"
Puno-68_sun-1,,Puno,68_sun,inti,inti,i n t i,,heggarty2005,881,,,,,6400,i n t i,"['i', 'n', 't', 'i']"
Putumayo-68_sun-1,,Putumayo,68_sun,indi,indi,i n d i,,tandioy1978,881,,,,,6400,i n d i,"['i', 'n', 'd', 'i']"
Raimondi-68_sun-1,,Raimondi,68_sun,inti,inti,i ɲ t i,,parkerchavez1976,881,,,,,6400,i ɲ t i,"['i', 'ɲ', 't', 'i']"
SanPedro-68_sun-1,,SanPedro,68_sun,inti,inti,i n t i,,shimelman2017,881,,,,,6400,i n t i,"['i', 'n', 't', 'i']"
Santiagueno-68_sun-1,,Santiagueno,68_sun,inti,inti,i n t i,,juanatey2021,881,,,,,6400,i n t i,"['i', 'n', 't', 'i']"
SantoTomas-68_sun-1,,SantoTomas,68_sun,indy,indy,i n d i,,santotomas1951,881,,,,,6400,i n d i,"['i', 'n', 'd', 'i']"
Serena-68_sun-1,,Serena,68_sun,indi,indi,i n d i,,heggarty2005,881,,,,,6400,i n d i,"['i', 'n', 'd', 'i']"
Sullkatiti-68_sun-1,,Sullkatiti,68_sun,inti,inti,i n t i,,heggarty2005,396,,,,,325,i n t i,"['i', 'n', 't', 'i']"
Taquile-68_sun-1,,Taquile,68_sun,inti,inti,i n t i,,heggarty2005,881,,,,,6400,i n t i,"['i', 'n', 't', 'i']"
Tarma-68_sun-1,,Tarma,68_sun,inti,inti,i n t i,,adelaar1977,881,,,,,6400,i n t i,"['i', 'n', 't', 'i']"
Troje-68_sun-1,,Troje,68_sun,inti,inti,i n t i,,heggarty2005,881,,,,,6400,i n t i,"['i', 'n', 't', 'i']"
Tsimu-68_sun-1,,Tsimu,68_sun,"tú:ni, tó:ni, tú:ñi",tú:ni,t uː n i,,cerron2016,883,,,,,6403,t ( - ) uː n i,"['t', 'uː', 'n', 'i']"
Tsimu-68_sun-2,,Tsimu,68_sun,"tú:ni, tó:ni, tú:ñi",tó:ni,t oː n i,,cerron2016,883,,,,,6403,t ( - ) oː n i,"['t', 'oː', 'n', 'i']"
Tsimu-68_sun-3,,Tsimu,68_sun,"tú:ni, tó:ni, tú:ñi",tú:ñi,t uː ɲ i,,cerron2016,883,,,,,6403,t ( - ) uː ɲ i,"['t', 'uː', 'ɲ', 'i']"
Wari-68_sun-1,,Wari,68_sun,inti,inti,i ɲ t i,,parkerchavez1976,881,,,,,6400,i ɲ t i,"['i', 'ɲ', 't', 'i']"
Yanac-68_sun-1,,Yanac,68_sun,rupe:,rupe:,r u p eː,,heggarty2005,882,,,,,6401,r u p eː,"['r', 'u', 'p', 'eː']"
Anonimo-69_moon-1,,Anonimo,69_moon,quilla,quilla,k i ʎ a,,valera1586,537,,,,,4054,k i ʎ a,"['k', 'i', 'ʎ', 'a']"
Apuri-69_moon-1,,Apuri,69_moon,killa,killa,k i ʎ a,,shimelman2017,537,,,,,4054,k i ʎ a,"['k', 'i', 'ʎ', 'a']"
Apurimac-69_moon-1,,Apurimac,69_moon,killa,killa,k i ʎ a,,camacho2007,537,,,,,4054,k i ʎ a,"['k', 'i', 'ʎ', 'a']"
Arma-69_moon-1,,Arma,69_moon,killa,killa,k i ʎ a,,galvez2003,537,,,,,4054,k i ʎ a,"['k', 'i', 'ʎ', 'a']"
Atalla-69_moon-1,,Atalla,69_moon,kiλa,kiλa,k i ʎ a,,heggarty2005,537,,,,,4054,k i ʎ a,"['k', 'i', 'ʎ', 'a']"
Ayacucho-69_moon-1,,Ayacucho,69_moon,killa,killa,k i ʎ a,,soto1976,537,,,,,4054,k i ʎ a,"['k', 'i', 'ʎ', 'a']"
Bobonaza-69_moon-1,,Bobonaza,69_moon,quilla,quilla,k i ʎ a,,orrwrisley1981,537,,,,,4054,k i ʎ a,"['k', 'i', 'ʎ', 'a']"
Cacra-Hongos-69_moon-1,,Cacra-Hongos,69_moon,killa,killa,k i ʎ a,,shimelman2017,537,,,,,4054,k i ʎ a,"['k', 'i', 'ʎ', 'a']"
Chachapoyas-69_moon-1,,Chachapoyas,69_moon,killa,killa,k i dʑ a,,taylor2006,537,,,,,4054,k i dʑ a,"['k', 'i', 'dʑ', 'a']"
Chacpar-69_moon-1,,Chacpar,69_moon,kiλa,kiλa,k i ʎ a,,heggarty2005,537,,,,,4054,k i ʎ a,"['k', 'i', 'ʎ', 'a']"
Chetilla-69_moon-1,,Chetilla,69_moon,kidya,kidya,k i dʑ a,,heggarty2005,537,,,,,4054,k i dʑ a,"['k', 'i', 'dʑ', 'a']"
Chipaya-69_moon-1,,Chipaya,69_moon,hiiz,hiiz,h iː z,,heggarty2005,538,,,,,4055,h iː z -,"['h', 'iː', 'z']"
Curva-69_moon-1,,Curva,69_moon,kiλa,kiλa,k i ʎ a,,heggarty2005,537,,,,,4054,k i ʎ a,"['k', 'i', 'ʎ', 'a']"
Cuzco-69_moon-1,,Cuzco,69_moon,kiλa,kiλa,k i ʎ a,,heggarty2005,537,,,,,4054,k i ʎ a,"['k', 'i', 'ʎ', 'a']"
CuzquenoAntiguo-69_moon-1,,CuzquenoAntiguo,69_moon,quilla,quilla,χ i ʎ a,,holguin1608,537,,,,,4054,χ i ʎ a,"['χ', 'i', 'ʎ', 'a']"
Huallaga-69_moon-1,,Huallaga,69_moon,kiλa,kiλa,k i ʎ a,,heggarty2005,537,,,,,4054,k i ʎ a,"['k', 'i', 'ʎ', 'a']"
Huanca-69_moon-1,,Huanca,69_moon,killa,killa,k i ʎ a,,cerron2018,537,,,,,4054,k i ʎ a,"['k', 'i', 'ʎ', 'a']"
Huancane-69_moon-1,,Huancane,69_moon,phaχsi,phaχsi,pʰ a χ s i,,heggarty2005,539,,,,,4056,pʰ a χ s i,"['pʰ', 'a', 'χ', 's', 'i']"
Huangascar-69_moon-1,,Huangascar,69_moon,killa,killa,k i ʎ a,,shimelman2017,537,,,,,4054,k i ʎ a,"['k', 'i', 'ʎ', 'a']"
HuarazHuailas-69_moon-1,,HuarazHuailas,69_moon,killa,killa,k i ʎ a,,parkerchavez1976,537,,,,,4054,k i ʎ a,"['k', 'i', 'ʎ', 'a']"
Imbabura-69_moon-1,,Imbabura,69_moon,killa,killa,k i ʎ a,,gomez2009,537,,,,,4054,k i ʎ a,"['k', 'i', 'ʎ', 'a']"
Inkawasi-69_moon-1,,Inkawasi,69_moon,kiža,kiža,k i ʒ a,,heggarty2005,537,,,,,4054,k i ʒ a,"['k', 'i', 'ʒ', 'a']"
Iruhito-69_moon-1,,Iruhito,69_moon,"tatí:tu, yí:sh",tatí:tu,t a t iː t u,,cerron2016,540,,,,,4057,t a t iː t u,"['t', 'a', 't', 'iː', 't', 'u']"
Iruhito-69_moon-2,,Iruhito,69_moon,"tatí:tu, yí:sh",yí:sh,j iː ʃ,,cerron2016,538,,,,,4055,j iː ʃ -,"['j', 'iː', 'ʃ']"
Jaqaru-69_moon-1,,Jaqaru,69_moon,paxši,paxši,p a x ʃ i,,heggarty2005,539,,,,,4056,p a x ʃ i,"['p', 'a', 'x', 'ʃ', 'i']"
Kawki-69_moon-1,,Kawki,69_moon,paxši,paxši,p a x ʃ i,,heggarty2005,539,,,,,4056,p a x ʃ i,"['p', 'a', 'x', 'ʃ', 'i']"
Lamas-69_moon-1,,Lamas,69_moon,killa,killa,k i dʑ a,,taylor2006,537,,,,,4054,k i dʑ a,"['k', 'i', 'dʑ', 'a']"
Laraos-69_moon-1,,Laraos,69_moon,kiλa,kiλa,k i ʎ a,,heggarty2005,537,,,,,4054,k i ʎ a,"['k', 'i', 'ʎ', 'a']"
Lincha-Tana-69_moon-1,,Lincha-Tana,69_moon,killa,killa,k i ʎ a,,shimelman2017,537,,,,,4054,k i ʎ a,"['k', 'i', 'ʎ', 'a']"
Maragua-69_moon-1,,Maragua,69_moon,kiλa,kiλa,k i ʎ a,,heggarty2005,537,,,,,4054,k i ʎ a,"['k', 'i', 'ʎ', 'a']"
Napo-69_moon-1,,Napo,69_moon,quilla,quilla,k i ʎ a,,orrwrisley1981,537,,,,,4054,k i ʎ a,"['k', 'i', 'ʎ', 'a']"
Pacaraos-69_moon-1,,Pacaraos,69_moon,kila,kila,k i l a,,adelaar1982,537,,,,,4054,k i l a,"['k', 'i', 'l', 'a']"
Pastaza-69_moon-1,,Pastaza,69_moon,quilla,quilla,k i ʎ a,,landerman1973,537,,,,,4054,k i ʎ a,"['k', 'i', 'ʎ', 'a']"
Pocona-69_moon-1,,Pocona,69_moon,kiλa,kiλa,k i ʎ a,,heggarty2005,537,,,,,4054,k i ʎ a,"['k', 'i', 'ʎ', 'a']"
Puki-69_moon-1,,Puki,69_moon,phaχsi,phaχsi,pʰ a χ s i,,heggarty2005,539,,,,,4056,pʰ a χ s i,"['pʰ', 'a', 'χ', 's', 'i']"
Puno-69_moon-1,,Puno,69_moon,kiλa,kiλa,k i ʎ a,,heggarty2005,537,,,,,4054,k i ʎ a,"['k', 'i', 'ʎ', 'a']"
Putumayo-69_moon-1,,Putumayo,69_moon,quilla,quilla,x i ʎ a,,tandioy1978,537,,,,,4054,x i ʎ a,"['x', 'i', 'ʎ', 'a']"
Raimondi-69_moon-1,,Raimondi,69_moon,killa,killa,k i ʎ a,,parkerchavez1976,537,,,,,4054,k i ʎ a,"['k', 'i', 'ʎ', 'a']"
SanPedro-69_moon-1,,SanPedro,69_moon,killa,killa,k i ʎ a,,shimelman2017,537,,,,,4054,k i ʎ a,"['k', 'i', 'ʎ', 'a']"
Santiagueno-69_moon-1,,Santiagueno,69_moon,killa,killa,k i ʒ a,,juanatey2021,537,,,,,4054,k i ʒ a,"['k', 'i', 'ʒ', 'a']"
SantoTomas-69_moon-1,,SantoTomas,69_moon,quilla,quilla,k i ʎ a,,santotomas1951,537,,,,,4054,k i ʎ a,"['k', 'i', 'ʎ', 'a']"
Serena-69_moon-1,,Serena,69_moon,kiλa,kiλa,k i ʎ a,,heggarty2005,537,,,,,4054,k i ʎ a,"['k', 'i', 'ʎ', 'a']"
Sullkatiti-69_moon-1,,Sullkatiti,69_moon,phaχsi,phaχsi,pʰ a χ s i,,heggarty2005,539,,,,,4056,pʰ a χ s i,"['pʰ', 'a', 'χ', 's', 'i']"
Taquile-69_moon-1,,Taquile,69_moon,kiλa,kiλa,k i ʎ a,,heggarty2005,537,,,,,4054,k i ʎ a,"['k', 'i', 'ʎ', 'a']"
Tarma-69_moon-1,,Tarma,69_moon,kila,kila,k i l a,,adelaar1977,537,,,,,4054,k i l a,"['k', 'i', 'l', 'a']"
Troje-69_moon-1,,Troje,69_moon,kiža,kiža,k i ʒ a,,heggarty2005,537,,,,,4054,k i ʒ a,"['k', 'i', 'ʒ', 'a']"
Tsimu-69_moon-1,,Tsimu,69_moon,"páχse:, tš’í:si",páχse:,p a χ s eː,,cerron2016,539,,,,,4056,p a χ s eː,"['p', 'a', 'χ', 's', 'eː']"
Tsimu-69_moon-2,,Tsimu,69_moon,"páχse:, tš’í:si",tš’í:si,tʃʼ iː s i,,cerron2016,538,,,,,4055,tʃʼ iː s i,"['tʃʼ', 'iː', 's', 'i']"
Wari-69_moon-1,,Wari,69_moon,killa,killa,k i ʎ a,,parkerchavez1976,537,,,,,4054,k i ʎ a,"['k', 'i', 'ʎ', 'a']"
Yanac-69_moon-1,,Yanac,69_moon,kiλa,kiλa,k i ʎ a,,heggarty2005,537,,,,,4054,k i ʎ a,"['k', 'i', 'ʎ', 'a']"
Anonimo-7_seven-1,,Anonimo,7_seven,canchis,canchis,k a n tʃ i !s̺/s,,valera1586,782,,,,,5464,k a n tʃ i !s̺/s,"['k', 'a', 'n', 'tʃ', 'i', '!s̺/s']"
Apuri-7_seven-1,,Apuri,7_seven,qanchis,qanchis,q a n tʃ i s,,shimelman2017,782,,,,,5464,q a n tʃ i s,"['q', 'a', 'n', 'tʃ', 'i', 's']"
Apurimac-7_seven-1,,Apurimac,7_seven,qanchis,qanchis,q a n tʃ i s,,camacho2007,782,,,,,5464,q a n tʃ i s,"['q', 'a', 'n', 'tʃ', 'i', 's']"
Arma-7_seven-1,,Arma,7_seven,qanchis,qanchis,χ a n tʃ i s,,galvez2003,782,,,,,5464,χ a n tʃ i s,"['χ', 'a', 'n', 'tʃ', 'i', 's']"
Atalla-7_seven-1,,Atalla,7_seven,χančis,χančis,χ a n tʃ i s,,heggarty2005,782,,,,,5464,χ a n tʃ i s,"['χ', 'a', 'n', 'tʃ', 'i', 's']"
Ayacucho-7_seven-1,,Ayacucho,7_seven,qanchis,qanchis,χ a n tʃ i s,,soto1976,782,,,,,5464,χ a n tʃ i s,"['χ', 'a', 'n', 'tʃ', 'i', 's']"
Bobonaza-7_seven-1,,Bobonaza,7_seven,canzhis,canzhis,k a n dʒ i s,,orrwrisley1981,782,,,,,5464,k a n dʒ i s,"['k', 'a', 'n', 'dʒ', 'i', 's']"
Cacra-Hongos-7_seven-1,,Cacra-Hongos,7_seven,qanchis,qanchis,q a n tʃ i s,,shimelman2017,782,,,,,5464,q a n tʃ i s,"['q', 'a', 'n', 'tʃ', 'i', 's']"
Chachapoyas-7_seven-1,,Chachapoyas,7_seven,kanĉis,kanĉis,k a n ʈʂ i s,,taylor2006,782,,,,,5464,k a n ʈʂ i s,"['k', 'a', 'n', 'ʈʂ', 'i', 's']"
Chacpar-7_seven-1,,Chacpar,7_seven,qančis,qančis,q a n tʃ i s,,heggarty2005,782,,,,,5464,q a n tʃ i s,"['q', 'a', 'n', 'tʃ', 'i', 's']"
Chetilla-7_seven-1,,Chetilla,7_seven,qantris,qantris,q a n tʃ i s,,quesada1976,782,,,,,5464,q a n tʃ i s,"['q', 'a', 'n', 'tʃ', 'i', 's']"
Chipaya-7_seven-1,,Chipaya,7_seven,pa.qaλaqu,pa.qaλaqu,p a q a ʎ a q u,,heggarty2005,784,,,,,5466,p a q a ʎ ( a ) q u,"['p', 'a', 'q', 'a', 'ʎ', 'a', 'q', 'u']"
Curva-7_seven-1,,Curva,7_seven,qančis,qančis,q a n tʃ i s,,heggarty2005,782,,,,,5464,q a n tʃ i s,"['q', 'a', 'n', 'tʃ', 'i', 's']"
Cuzco-7_seven-1,,Cuzco,7_seven,qančis,qančis,q a n tʃ i s,,heggarty2005,782,,,,,5464,q a n tʃ i s,"['q', 'a', 'n', 'tʃ', 'i', 's']"
Huallaga-7_seven-1,,Huallaga,7_seven,qančis,qančis,q a n tʃ i s,,heggarty2005,782,,,,,5464,q a n tʃ i s,"['q', 'a', 'n', 'tʃ', 'i', 's']"
Huanca-7_seven-1,,Huanca,7_seven,qantrish,qantrish,h a n ʈʂ i ʃ,,cerron1976,782,,,,,5464,h a n ʈʂ i ʃ,"['h', 'a', 'n', 'ʈʂ', 'i', 'ʃ']"
Jauja-7_seven-1,,Jauja,7_seven,qantrish,qantrish,h a n ʈʂ i ʃ,,cerron1976,782,,,,,5464,h a n ʈʂ i ʃ,"['h', 'a', 'n', 'ʈʂ', 'i', 'ʃ']"
Huancane-7_seven-1,,Huancane,7_seven,pa.qalqu,pa.qalqu,p a q a l q u,,heggarty2005,784,,,,,5466,p a q a l ( - ) q u,"['p', 'a', 'q', 'a', 'l', 'q', 'u']"
Huangascar-7_seven-1,,Huangascar,7_seven,qanchis,qanchis,q a n tʃ i s,,shimelman2017,782,,,,,5464,q a n tʃ i s,"['q', 'a', 'n', 'tʃ', 'i', 's']"
HuarazHuailas-7_seven-1,,HuarazHuailas,7_seven,qanchis,qanchis,q a ɲ tʃ i s,,parkerchavez1976,782,,,,,5464,q a ɲ tʃ i s,"['q', 'a', 'ɲ', 'tʃ', 'i', 's']"
Imbabura-7_seven-1,,Imbabura,7_seven,kanchis,kanchis,k a n tʃ i s,,gomez2009,782,,,,,5464,k a n tʃ i s,"['k', 'a', 'n', 'tʃ', 'i', 's']"
Inkawasi-7_seven-1,,Inkawasi,7_seven,siete,siete,s i e t e,,heggarty2005,783,,,,esp,5465,s i e t e,"['s', 'i', 'e', 't', 'e']"
Iruhito-7_seven-1,,Iruhito,7_seven,tḁ́ku,tḁ́ku,t a k u,,cerron2016,785,,,,,5468,t a k u,"['t', 'a', 'k', 'u']"
Jaqaru-7_seven-1,,Jaqaru,7_seven,qanĉisi,qanĉisi,q a n ʈʂ i s i,,heggarty2005,512,,,,,392,q a n ʈʂ i s i,"['q', 'a', 'n', 'ʈʂ', 'i', 's', 'i']"
Kawki-7_seven-1,,Kawki,7_seven,"qanĉisi, qančisi",qanĉisi,q a n ʈʂ i s i,,heggarty2005,512,,,,,392,q a n ʈʂ i s i,"['q', 'a', 'n', 'ʈʂ', 'i', 's', 'i']"
Kawki-7_seven-2,,Kawki,7_seven,"qanĉisi, qančisi",qančisi,q a n tʃ i s i,,heggarty2005,512,,,,,392,q a n tʃ i s i,"['q', 'a', 'n', 'tʃ', 'i', 's', 'i']"
Lamas-7_seven-1,,Lamas,7_seven,kanchis,kanchis,k a n tʃ i s,,taylor2006,782,,,,,5464,k a n tʃ i s,"['k', 'a', 'n', 'tʃ', 'i', 's']"
Laraos-7_seven-1,,Laraos,7_seven,qanĉis,qanĉis,q a n ʈʂ i s,,heggarty2005,782,,,,,5464,q a n ʈʂ i s,"['q', 'a', 'n', 'ʈʂ', 'i', 's']"
Lincha-Tana-7_seven-1,,Lincha-Tana,7_seven,qanchis,qanchis,q a n tʃ i s,,shimelman2017,782,,,,,5464,q a n tʃ i s,"['q', 'a', 'n', 'tʃ', 'i', 's']"
Maragua-7_seven-1,,Maragua,7_seven,qančis,qančis,q a n tʃ i s,,heggarty2005,782,,,,,5464,q a n tʃ i s,"['q', 'a', 'n', 'tʃ', 'i', 's']"
Napo-7_seven-1,,Napo,7_seven,canzhis,canzhis,k a n dʒ i s,,orrwrisley1981,782,,,,,5464,k a n dʒ i s,"['k', 'a', 'n', 'dʒ', 'i', 's']"
Pacaraos-7_seven-1,,Pacaraos,7_seven,qantris,qantris,ʁ a ɳ ʈʂ i s,,adelaar1982,782,,,,,5464,ʁ a ɳ ʈʂ i s,"['ʁ', 'a', 'ɳ', 'ʈʂ', 'i', 's']"
Pastaza-7_seven-1,,Pastaza,7_seven,canchis,canchis,k a n tʃ i s,,landerman1973,782,,,,,5464,k a n tʃ i s,"['k', 'a', 'n', 'tʃ', 'i', 's']"
Pocona-7_seven-1,,Pocona,7_seven,γančis,γančis,ʁ a n tʃ i s,,heggarty2005,782,,,,,5464,ʁ a n tʃ i s,"['ʁ', 'a', 'n', 'tʃ', 'i', 's']"
Puki-7_seven-1,,Puki,7_seven,pa.qalqu,pa.qalqu,p a q a l q u,,heggarty2005,784,,,,,5466,p a q a l ( - ) q u,"['p', 'a', 'q', 'a', 'l', 'q', 'u']"
Puno-7_seven-1,,Puno,7_seven,qančis,qančis,q a n tʃ i s,,heggarty2005,782,,,,,5464,q a n tʃ i s,"['q', 'a', 'n', 'tʃ', 'i', 's']"
Putumayo-7_seven-1,,Putumayo,7_seven,canchis,canchis,k a n tʃ i s,,tandioy1978,782,,,,,5464,k a n tʃ i s,"['k', 'a', 'n', 'tʃ', 'i', 's']"
Raimondi-7_seven-1,,Raimondi,7_seven,qanchis,qanchis,q a ɲ tʃ i s,,parkerchavez1976,782,,,,,5464,q a ɲ tʃ i s,"['q', 'a', 'ɲ', 'tʃ', 'i', 's']"
SanPedro-7_seven-1,,SanPedro,7_seven,qanchis,qanchis,q a n tʃ i s,,shimelman2017,782,,,,,5464,q a n tʃ i s,"['q', 'a', 'n', 'tʃ', 'i', 's']"
Santiagueno-7_seven-1,,Santiagueno,7_seven,qanchis,qanchis,q a n tʃ i s,in disuse,juanatey2021,782,,,,,5464,q a n tʃ i s,"['q', 'a', 'n', 'tʃ', 'i', 's']"
SantoTomas-7_seven-1,,SantoTomas,7_seven,canchiz,canchiz,k a n tʃ i s,,santotomas1951,782,,,,,5464,k a n tʃ i s,"['k', 'a', 'n', 'tʃ', 'i', 's']"
Serena-7_seven-1,,Serena,7_seven,kandžis,kandžis,k a n dʒ i s,,heggarty2005,782,,,,,5464,k a n dʒ i s,"['k', 'a', 'n', 'dʒ', 'i', 's']"
Sullkatiti-7_seven-1,,Sullkatiti,7_seven,pa.qaλqu,pa.qaλqu,p a q a ʎ q u,,heggarty2005,784,,,,,5466,p a q a ʎ ( - ) q u,"['p', 'a', 'q', 'a', 'ʎ', 'q', 'u']"
Taquile-7_seven-1,,Taquile,7_seven,qančis,qančis,q a n tʃ i s,,heggarty2005,782,,,,,5464,q a n tʃ i s,"['q', 'a', 'n', 'tʃ', 'i', 's']"
Tarma-7_seven-1,,Tarma,7_seven,xanĉis,xanĉis,χ a ɳ ʈʂ i s,,adelaar1977,782,,,,,5464,χ a ɳ ʈʂ i s,"['χ', 'a', 'ɳ', 'ʈʂ', 'i', 's']"
Troje-7_seven-1,,Troje,7_seven,kančis,kančis,k a n tʃ i s,,heggarty2005,782,,,,,5464,k a n tʃ i s,"['k', 'a', 'n', 'tʃ', 'i', 's']"
Tsimu-7_seven-1,,Tsimu,7_seven,tú:ku:,tú:ku:,t uː k uː,,cerron2016,785,,,,,5468,t uː k uː,"['t', 'uː', 'k', 'uː']"
Wari-7_seven-1,,Wari,7_seven,qanchis,qanchis,q a ɲ tʃ i s,,parkerchavez1976,782,,,,,5464,q a ɲ tʃ i s,"['q', 'a', 'ɲ', 'tʃ', 'i', 's']"
Yanac-7_seven-1,,Yanac,7_seven,qančis,qančis,q a n tʃ i s,,heggarty2005,782,,,,,5464,q a n tʃ i s,"['q', 'a', 'n', 'tʃ', 'i', 's']"
Anonimo-70_star-1,,Anonimo,70_star,coyllur,coyllur,k oi ʎ u r,,valera1586,869,,,,,6225,k oi ʎ u r,"['k', 'oi', 'ʎ', 'u', 'r']"
Apuri-70_star-1,,Apuri,70_star,lusiru,lusiru,l u s i ɾ u,,shimelman2017,743,,,,esp,523,l u s i ɾ u,"['l', 'u', 's', 'i', 'ɾ', 'u']"
Apuri-70_star-2,,Apuri,70_star,quyllur,quyllur,q oi ʎ u ɾ,,shimelman2017,869,,,,,6225,q oi ʎ u ɾ,"['q', 'oi', 'ʎ', 'u', 'ɾ']"
Arma-70_star-1,,Arma,70_star,quyllur,quyllur,χ ui ʎ u ɾ,,galvez2003,869,,,,,6225,χ ui ʎ u ɾ,"['χ', 'ui', 'ʎ', 'u', 'ɾ']"
Atalla-70_star-1,,Atalla,70_star,luziru,luziru,l u z i r u,,heggarty2005,747,,,,esp,524,l u z i r u,"['l', 'u', 'z', 'i', 'r', 'u']"
Ayacucho-70_star-1,,Ayacucho,70_star,qoyllur,qoyllur,χ oi ʎ u ɾ,,soto1976,869,,,,,6225,χ oi ʎ u ɾ,"['χ', 'oi', 'ʎ', 'u', 'ɾ']"
Cacra-Hongos-70_star-1,,Cacra-Hongos,70_star,lusiru,lusiru,ʃ u s i l u,,shimelman2017,748,,,,esp,525,ʃ u s i l u,"['ʃ', 'u', 's', 'i', 'l', 'u']"
Cacra-Hongos-70_star-2,,Cacra-Hongos,70_star,quyllur,quyllur,q oi ʎ u l,,shimelman2017,869,,,,,6225,q oi ʎ u l,"['q', 'oi', 'ʎ', 'u', 'l']"
Chacpar-70_star-1,,Chacpar,70_star,"quyλaŕ, quyλ.uŕ, χuyλaŕ, χuyλ.uŕ",quyλaŕ,q ui ʎ a !r̥/r,,heggarty2005,869,,,,,6225,q ui ʎ a !r̥/r,"['q', 'ui', 'ʎ', 'a', '!r̥/r']"
Chacpar-70_star-2,,Chacpar,70_star,"quyλaŕ, quyλ.uŕ, χuyλaŕ, χuyλ.uŕ",quyλ.uŕ,q ui ʎ u !r̥/r,,heggarty2005,869,,,,,6225,q ui ʎ u !r̥/r,"['q', 'ui', 'ʎ', 'u', '!r̥/r']"
Chacpar-70_star-3,,Chacpar,70_star,"quyλaŕ, quyλ.uŕ, χuyλaŕ, χuyλ.uŕ",χuyλaŕ,χ ui ʎ a !r̥/r,,heggarty2005,869,,,,,6225,χ ui ʎ a !r̥/r,"['χ', 'ui', 'ʎ', 'a', '!r̥/r']"
Chacpar-70_star-4,,Chacpar,70_star,"quyλaŕ, quyλ.uŕ, χuyλaŕ, χuyλ.uŕ",χuyλ.uŕ,χ ui ʎ u !r̥/r,,heggarty2005,869,,,,,6225,χ ui ʎ u !r̥/r,"['χ', 'ui', 'ʎ', 'u', '!r̥/r']"
Chetilla-70_star-1,,Chetilla,70_star,luzeru,luzeru,l u z e r u,,heggarty2005,749,,,,esp,526,l u z e r u,"['l', 'u', 'z', 'e', 'r', 'u']"
Chipaya-70_star-1,,Chipaya,70_star,wara.wara,wara.wara,w a r a + w a r a,,heggarty2005,871,,,,,6227 0,w a r a + w a r a,"['w', 'a', 'r', 'a', '+', 'w', 'a', 'r', 'a']"
Curva-70_star-1,,Curva,70_star,quyλur,quyλur,q ui ʎ u r,,heggarty2005,869,,,,,6225,q ui ʎ u r,"['q', 'ui', 'ʎ', 'u', 'r']"
Cuzco-70_star-1,,Cuzco,70_star,č'aska,č'aska,tʃʼ a s k a,,heggarty2005,872,,,,,6229,tʃʼ a s k a,"['tʃʼ', 'a', 's', 'k', 'a']"
CuzquenoAntiguo-70_star-1,,CuzquenoAntiguo,70_star,coyllur,coyllur,k ui ʎ u r,,holguin1608,869,,,,,6225,k ui ʎ u r,"['k', 'ui', 'ʎ', 'u', 'r']"
Huallaga-70_star-1,,Huallaga,70_star,"quyλar, quyλur",quyλar,q ui ʎ a r,,heggarty2005,869,,,,,6225,q ui ʎ a r,"['q', 'ui', 'ʎ', 'a', 'r']"
Huallaga-70_star-2,,Huallaga,70_star,"quyλar, quyλur",quyλur,q ui ʎ u r,,heggarty2005,869,,,,,6225,q ui ʎ u r,"['q', 'ui', 'ʎ', 'u', 'r']"
Huanca-70_star-1,,Huanca,70_star,quyllur,quyllur,h ui ʎ u r,,cerron1976,869,,,,,6225,h ui ʎ u r,"['h', 'ui', 'ʎ', 'u', 'r']"
Jauja-70_star-1,,Jauja,70_star,quyllur,quyllur,h ui ʎ u r,,cerron1976,869,,,,,6225,h ui ʎ u r,"['h', 'ui', 'ʎ', 'u', 'r']"
Huancane-70_star-1,,Huancane,70_star,wara.wara,wara.wara,w a r a + w a r a,,heggarty2005,871,,,,,6227 0,w a r a + w a r a,"['w', 'a', 'r', 'a', '+', 'w', 'a', 'r', 'a']"
Huangascar-70_star-1,,Huangascar,70_star,lusiru,lusiru,l u s i ɾ u,,shimelman2017,750,,,,esp,527,l u s i ɾ u,"['l', 'u', 's', 'i', 'ɾ', 'u']"
HuarazHuailas-70_star-1,,HuarazHuailas,70_star,qayllur,qayllur,q ai ʎ u ɾ,,parkerchavez1976,869,,,,,6225,q ai ʎ u ɾ,"['q', 'ai', 'ʎ', 'u', 'ɾ']"
Imbabura-70_star-1,,Imbabura,70_star,luziru,luziru,l u z i ɾ u,,gomez2009,751,,,,esp,528,l u z i ɾ u,"['l', 'u', 'z', 'i', 'ɾ', 'u']"
Inkawasi-70_star-1,,Inkawasi,70_star,χuyar,χuyar,χ u j a r,,heggarty2005,841,,,,,578,χ u j a r,"['χ', 'u', 'j', 'a', 'r']"
Iruhito-70_star-1,,Iruhito,70_star,tsaqól,tsaqól,ts a q o l,,cerron2016,164,,,,,191,ts a q o l -,"['ts', 'a', 'q', 'o', 'l']"
Jaqaru-70_star-1,,Jaqaru,70_star,wara.xa,wara.xa,w a r a + x a,,heggarty2005,871,,,,,6227 0,w a r a + x a - - - -,"['w', 'a', 'r', 'a', '+', 'x', 'a']"
Kawki-70_star-1,,Kawki,70_star,wara.xa,wara.xa,w a r a + x a,,heggarty2005,871,,,,,6227 0,w a r a + x a - - - -,"['w', 'a', 'r', 'a', '+', 'x', 'a']"
Lamas-70_star-1,,Lamas,70_star,lusero,lusero,l u s e r o,,park1976,756,,,,esp,529,l u s e r o,"['l', 'u', 's', 'e', 'r', 'o']"
Laraos-70_star-1,,Laraos,70_star,quyλur,quyλur,q ui ʎ u r,,heggarty2005,869,,,,,6225,q ui ʎ u r,"['q', 'ui', 'ʎ', 'u', 'r']"
Lincha-Tana-70_star-1,,Lincha-Tana,70_star,lusiru,lusiru,l u s i ɾ u,,shimelman2017,759,,,,esp,531,l u s i ɾ u,"['l', 'u', 's', 'i', 'ɾ', 'u']"
Lincha-Tana-70_star-2,,Lincha-Tana,70_star,quyllur,quyllur,q oi ʎ u ɾ,,shimelman2017,869,,,,,6225,q oi ʎ u ɾ,"['q', 'oi', 'ʎ', 'u', 'ɾ']"
Maragua-70_star-1,,Maragua,70_star,č'aska,č'aska,tʃʼ a s k a,,heggarty2005,872,,,,,6229,tʃʼ a s k a,"['tʃʼ', 'a', 's', 'k', 'a']"
Pacaraos-70_star-1,,Pacaraos,70_star,loosero,loosero,l oː s e ɾ o,,adelaar1982,758,,,,esp,530,l oː s e ɾ o,"['l', 'oː', 's', 'e', 'ɾ', 'o']"
Pastaza-70_star-1,,Pastaza,70_star,istirilla,istirilla,i s t i r i ʎ a,,landerman1973,760,,,,esp,532,i s t i r i ʎ a,"['i', 's', 't', 'i', 'r', 'i', 'ʎ', 'a']"
Pocona-70_star-1,,Pocona,70_star,č'aska,č'aska,tʃʼ a s k a,,heggarty2005,872,,,,,6229,tʃʼ a s k a,"['tʃʼ', 'a', 's', 'k', 'a']"
Puki-70_star-1,,Puki,70_star,wara.wara,wara.wara,w a r a + w a r a,,heggarty2005,871,,,,,6227 0,w a r a + w a r a,"['w', 'a', 'r', 'a', '+', 'w', 'a', 'r', 'a']"
Puno-70_star-1,,Puno,70_star,č'aska,č'aska,tʃʼ a s k a,,heggarty2005,872,,,,,6229,tʃʼ a s k a,"['tʃʼ', 'a', 's', 'k', 'a']"
Raimondi-70_star-1,,Raimondi,70_star,qayllur,qayllur,q ai ʎ u ɾ,,parkerchavez1976,869,,,,,6225,q ai ʎ u ɾ,"['q', 'ai', 'ʎ', 'u', 'ɾ']"
SanPedro-70_star-1,,SanPedro,70_star,lusiru,lusiru,l u s i ɾ u,,shimelman2017,761,,,,esp,533,l u s i ɾ u,"['l', 'u', 's', 'i', 'ɾ', 'u']"
Santiagueno-70_star-1,,Santiagueno,70_star,qollur,qollur,q o ʒ u ɾ,,juanatey2021,869,,,,,6225,q o ʒ u ɾ,"['q', 'o', 'ʒ', 'u', 'ɾ']"
SantoTomas-70_star-1,,SantoTomas,70_star,cuyllor,cuyllor,k ui ʎ o r,ch’aska: lucero,santotomas1951,869,,,,,6225,k ui ʎ o r,"['k', 'ui', 'ʎ', 'o', 'r']"
Serena-70_star-1,,Serena,70_star,estrella,estrella,e s t r e ʎ a,,heggarty2005,765,,,,esp,534,e s t - r e ʎ a,"['e', 's', 't', 'r', 'e', 'ʎ', 'a']"
Sullkatiti-70_star-1,,Sullkatiti,70_star,wara.wara,wara.wara,w a r a + w a r a,,heggarty2005,871,,,,,6227 0,w a r a + w a r a,"['w', 'a', 'r', 'a', '+', 'w', 'a', 'r', 'a']"
Taquile-70_star-1,,Taquile,70_star,quyλur,quyλur,q ui ʎ u r,,heggarty2005,869,,,,,6225,q ui ʎ u r,"['q', 'ui', 'ʎ', 'u', 'r']"
Tarma-70_star-1,,Tarma,70_star,xuyl̃ar,xuyl̃ar,χ oi ʎ a !ʐ/r,,adelaar1977,869,,,,,6225,χ oi ʎ a !ʐ/r,"['χ', 'oi', 'ʎ', 'a', '!ʐ/r']"
Troje-70_star-1,,Troje,70_star,luzeru,luzeru,l u z e r u,,heggarty2005,767,,,,esp,535,l u z e r u,"['l', 'u', 'z', 'e', 'r', 'u']"
Tsimu-70_star-1,,Tsimu,70_star,"tsacú:ña, kí:šlla",tsacú:ña,ts a k uː ɲ a,,cerron2016,164,,,,,191,ts a k uː ɲ a,"['ts', 'a', 'k', 'uː', 'ɲ', 'a']"
Tsimu-70_star-2,,Tsimu,70_star,"tsacú:ña, kí:šlla",kí:šlla,k iː ʃ ʎ a,,cerron2016,161,,,,,189,k iː ʃ ʎ a,"['k', 'iː', 'ʃ', 'ʎ', 'a']"
Wari-70_star-1,,Wari,70_star,qayllur,qayllur,q ai ʎ u ɾ,,parkerchavez1976,869,,,,,6225,q ai ʎ u ɾ,"['q', 'ai', 'ʎ', 'u', 'ɾ']"
Yanac-70_star-1,,Yanac,70_star,lose:ro,lose:ro,l o s eː r o,,heggarty2005,870,,,,esp,6226,l o s eː r o,"['l', 'o', 's', 'eː', 'r', 'o']"
Anonimo-71_shadow-1,,Anonimo,71_shadow,llantu,llantu,ʎ a n t u,,valera1586,801,,,,,5572,ʎ a n t u,"['ʎ', 'a', 'n', 't', 'u']"
Apuri-71_shadow-1,,Apuri,71_shadow,llantu,llantu,ʎ a n t u,,shimelman2017,801,,,,,5572,ʎ a n t u,"['ʎ', 'a', 'n', 't', 'u']"
Apurimac-71_shadow-1,,Apurimac,71_shadow,llantu,llantu,ʎ a n t u,,camacho2007,801,,,,,5572,ʎ a n t u,"['ʎ', 'a', 'n', 't', 'u']"
Arma-71_shadow-1,,Arma,71_shadow,llantu,llantu,ʎ a n t u,,galvez2003,801,,,,,5572,ʎ a n t u,"['ʎ', 'a', 'n', 't', 'u']"
Atalla-71_shadow-1,,Atalla,71_shadow,λantu,λantu,ʎ a n t u,,heggarty2005,801,,,,,5572,ʎ a n t u,"['ʎ', 'a', 'n', 't', 'u']"
Ayacucho-71_shadow-1,,Ayacucho,71_shadow,llantu,llantu,ʎ a n t u,,soto1976,801,,,,,5572,ʎ a n t u,"['ʎ', 'a', 'n', 't', 'u']"
Bobonaza-71_shadow-1,,Bobonaza,71_shadow,llandu,llandu,ʎ a n d u,,orrwrisley1981,801,,,,,5572,ʎ a n d u,"['ʎ', 'a', 'n', 'd', 'u']"
Cacra-Hongos-71_shadow-1,,Cacra-Hongos,71_shadow,llantu,llantu,ʃ a n t u,,shimelman2017,801,,,,,5572,ʃ a n t u,"['ʃ', 'a', 'n', 't', 'u']"
Chachapoyas-71_shadow-1,,Chachapoyas,71_shadow,llantu,llantu,dʑ a n d u,,taylor2006,801,,,,,5572,dʑ a n d u,"['dʑ', 'a', 'n', 'd', 'u']"
Chacpar-71_shadow-1,,Chacpar,71_shadow,λantu,λantu,ʎ a n t u,,heggarty2005,801,,,,,5572,ʎ a n t u,"['ʎ', 'a', 'n', 't', 'u']"
Chetilla-71_shadow-1,,Chetilla,71_shadow,dyandu,dyandu,ʎ a n d u,,heggarty2005,801,,,,,5572,ʎ a n d u,"['ʎ', 'a', 'n', 'd', 'u']"
Chipaya-71_shadow-1,,Chipaya,71_shadow,ziwz(a),ziwz,z i w z,,heggarty2005,802,,,,,5573,z i w z,"['z', 'i', 'w', 'z']"
Curva-71_shadow-1,,Curva,71_shadow,λanthu,λanthu,ʎ a n tʰ u,,heggarty2005,801,,,,,5572,ʎ a n tʰ u,"['ʎ', 'a', 'n', 'tʰ', 'u']"
Cuzco-71_shadow-1,,Cuzco,71_shadow,λanthu,λanthu,ʎ a n tʰ u,,heggarty2005,801,,,,,5572,ʎ a n tʰ u,"['ʎ', 'a', 'n', 'tʰ', 'u']"
CuzquenoAntiguo-71_shadow-1,,CuzquenoAntiguo,71_shadow,llantu,llantu,ʎ a n t u,,holguin1608,801,,,,,5572,ʎ a n t u,"['ʎ', 'a', 'n', 't', 'u']"
Huallaga-71_shadow-1,,Huallaga,71_shadow,"λantu, λantu.y",λantu,ʎ a n t u,,heggarty2005,801,,,,,5572,ʎ a n t u,"['ʎ', 'a', 'n', 't', 'u']"
Huallaga-71_shadow-2,,Huallaga,71_shadow,"λantu, λantu.y",λantu.y,ʎ a n t ui,,heggarty2005,801,,,,,5572,ʎ a n t ui,"['ʎ', 'a', 'n', 't', 'ui']"
Huanca-71_shadow-1,,Huanca,71_shadow,llantu,llantu,ʎ a n t u,,cerron1976,801,,,,,5572,ʎ a n t u,"['ʎ', 'a', 'n', 't', 'u']"
Jauja-71_shadow-1,,Jauja,71_shadow,llantu,llantu,ʎ a n t u,,cerron1976,801,,,,,5572,ʎ a n t u,"['ʎ', 'a', 'n', 't', 'u']"
Huancane-71_shadow-1,,Huancane,71_shadow,č'ixu,č'ixu,tʃʼ i x u,,heggarty2005,803,,,,,5574,tʃʼ i x u,"['tʃʼ', 'i', 'x', 'u']"
Huangascar-71_shadow-1,,Huangascar,71_shadow,llantu,llantu,ʎ a n t u,,shimelman2017,801,,,,,5572,ʎ a n t u,"['ʎ', 'a', 'n', 't', 'u']"
HuarazHuailas-71_shadow-1,,HuarazHuailas,71_shadow,llantu,llantu,ʎ a ɲ t u,,parkerchavez1976,801,,,,,5572,ʎ a ɲ t u,"['ʎ', 'a', 'ɲ', 't', 'u']"
Imbabura-71_shadow-1,,Imbabura,71_shadow,llantu,llantu,ʎ a n t u,,gomez2009,801,,,,,5572,ʎ a n t u,"['ʎ', 'a', 'n', 't', 'u']"
Inkawasi-71_shadow-1,,Inkawasi,71_shadow,žandu,žandu,ʒ a n d u,,heggarty2005,801,,,,,5572,ʒ a n d u,"['ʒ', 'a', 'n', 'd', 'u']"
Jaqaru-71_shadow-1,,Jaqaru,71_shadow,hunk'a,hunk'a,h u n kʼ a,,heggarty2005,178,,,,,199,h u n kʼ a,"['h', 'u', 'n', 'kʼ', 'a']"
Kawki-71_shadow-1,,Kawki,71_shadow,hunk'i,hunk'i,h u n kʼ i,,heggarty2005,178,,,,,199,h u n kʼ i,"['h', 'u', 'n', 'kʼ', 'i']"
Lamas-71_shadow-1,,Lamas,71_shadow,llantu,llantu,dʑ a n d u,,taylor2006,801,,,,,5572,dʑ a n d u,"['dʑ', 'a', 'n', 'd', 'u']"
Laraos-71_shadow-1,,Laraos,71_shadow,λantu,λantu,ʎ a n t u,,heggarty2005,801,,,,,5572,ʎ a n t u,"['ʎ', 'a', 'n', 't', 'u']"
Lincha-Tana-71_shadow-1,,Lincha-Tana,71_shadow,llantu,llantu,ʎ a n t u,,shimelman2017,801,,,,,5572,ʎ a n t u,"['ʎ', 'a', 'n', 't', 'u']"
Maragua-71_shadow-1,,Maragua,71_shadow,λanthu,λanthu,ʎ a n tʰ u,,heggarty2005,801,,,,,5572,ʎ a n tʰ u,"['ʎ', 'a', 'n', 'tʰ', 'u']"
Napo-71_shadow-1,,Napo,71_shadow,llandu,llandu,ʎ a n d u,,orrwrisley1981,801,,,,,5572,ʎ a n d u,"['ʎ', 'a', 'n', 'd', 'u']"
Pacaraos-71_shadow-1,,Pacaraos,71_shadow,lantu,lantu,l a n t u,,adelaar1982,801,,,,,5572,l a n t u,"['l', 'a', 'n', 't', 'u']"
Pastaza-71_shadow-1,,Pastaza,71_shadow,llandu,llandu,ʎ a n d u,,landerman1973,801,,,,,5572,ʎ a n d u,"['ʎ', 'a', 'n', 'd', 'u']"
Pocona-71_shadow-1,,Pocona,71_shadow,λanthu,λanthu,ʎ a n tʰ u,,heggarty2005,801,,,,,5572,ʎ a n tʰ u,"['ʎ', 'a', 'n', 'tʰ', 'u']"
Puki-71_shadow-1,,Puki,71_shadow,č'iwi,č'iwi,tʃʼ i w i,,heggarty2005,803,,,,,5574,tʃʼ i w i,"['tʃʼ', 'i', 'w', 'i']"
Puno-71_shadow-1,,Puno,71_shadow,λanthu,λanthu,ʎ a n tʰ u,,heggarty2005,801,,,,,5572,ʎ a n tʰ u,"['ʎ', 'a', 'n', 'tʰ', 'u']"
Putumayo-71_shadow-1,,Putumayo,71_shadow,tuta,tuta,t u t a,,tandioy1978,605,,,,,4463,t u t a,"['t', 'u', 't', 'a']"
Raimondi-71_shadow-1,,Raimondi,71_shadow,llantu,llantu,ʎ a ɲ t u,,parkerchavez1976,801,,,,,5572,ʎ a ɲ t u,"['ʎ', 'a', 'ɲ', 't', 'u']"
SanPedro-71_shadow-1,,SanPedro,71_shadow,llantu,llantu,ʎ a n t u,,shimelman2017,801,,,,,5572,ʎ a n t u,"['ʎ', 'a', 'n', 't', 'u']"
Santiagueno-71_shadow-1,,Santiagueno,71_shadow,llantu,llantu,ʒ a n t u,,juanatey2021,801,,,,,5572,ʒ a n t u,"['ʒ', 'a', 'n', 't', 'u']"
SantoTomas-71_shadow-1,,SantoTomas,71_shadow,llanto,llanto,ʎ a n t o,,santotomas1951,801,,,,,5572,ʎ a n t o,"['ʎ', 'a', 'n', 't', 'o']"
Serena-71_shadow-1,,Serena,71_shadow,λandu,λandu,ʎ a n d u,,heggarty2005,801,,,,,5572,ʎ a n d u,"['ʎ', 'a', 'n', 'd', 'u']"
Sullkatiti-71_shadow-1,,Sullkatiti,71_shadow,č'iwi,č'iwi,tʃʼ i w i,,heggarty2005,803,,,,,5574,tʃʼ i w i,"['tʃʼ', 'i', 'w', 'i']"
Taquile-71_shadow-1,,Taquile,71_shadow,λanthu,λanthu,ʎ a n tʰ u,,heggarty2005,801,,,,,5572,ʎ a n tʰ u,"['ʎ', 'a', 'n', 'tʰ', 'u']"
Tarma-71_shadow-1,,Tarma,71_shadow,lantu,lantu,l a n t u,,adelaar1977,801,,,,,5572,l a n t u,"['l', 'a', 'n', 't', 'u']"
Troje-71_shadow-1,,Troje,71_shadow,žandu,žandu,ʒ a n d u,,heggarty2005,801,,,,,5572,ʒ a n d u,"['ʒ', 'a', 'n', 'd', 'u']"
Wari-71_shadow-1,,Wari,71_shadow,llantu,llantu,ʎ a ɲ t u,,parkerchavez1976,801,,,,,5572,ʎ a ɲ t u,"['ʎ', 'a', 'ɲ', 't', 'u']"
Yanac-71_shadow-1,,Yanac,71_shadow,λantu,λantu,ʎ a n t u,,heggarty2005,801,,,,,5572,ʎ a n t u,"['ʎ', 'a', 'n', 't', 'u']"
Anonimo-72_water-1,,Anonimo,72_water,"vnu, yacu",vnu,u n u,,valera1586,952,,,,,7250,( - ) u n u,"['u', 'n', 'u']"
Anonimo-72_water-2,,Anonimo,72_water,"vnu, yacu",yacu,j a k u,,valera1586,337,,,,,290,j a k u,"['j', 'a', 'k', 'u']"
Apuri-72_water-1,,Apuri,72_water,yaku,yaku,j a k u,,shimelman2017,337,,,,,290,j a k u,"['j', 'a', 'k', 'u']"
Apurimac-72_water-1,,Apurimac,72_water,yaku,yaku,j a k u,,camacho2007,337,,,,,290,j a k u,"['j', 'a', 'k', 'u']"
Apurimac-72_water-2,,Apurimac,72_water,unu,unu,u n u,,camacho2007,952,,,,,7250,( - ) u n u,"['u', 'n', 'u']"
Arma-72_water-1,,Arma,72_water,yaku,yaku,j a k u,,galvez2003,337,,,,,290,j a k u,"['j', 'a', 'k', 'u']"
Atalla-72_water-1,,Atalla,72_water,yaku,yaku,j a k u,,heggarty2005,337,,,,,290,j a k u,"['j', 'a', 'k', 'u']"
Ayacucho-72_water-1,,Ayacucho,72_water,yaku,yaku,j a k u,,soto1976,337,,,,,290,j a k u,"['j', 'a', 'k', 'u']"
Bobonaza-72_water-1,,Bobonaza,72_water,yacu,yacu,j a k u,,orrwrisley1981,337,,,,,290,j a k u,"['j', 'a', 'k', 'u']"
Cacra-Hongos-72_water-1,,Cacra-Hongos,72_water,yaku,yaku,j a k u,,shimelman2017,337,,,,,290,j a k u,"['j', 'a', 'k', 'u']"
Chachapoyas-72_water-1,,Chachapoyas,72_water,yaku,yaku,j a k u,,taylor2006,337,,,,,290,j a k u,"['j', 'a', 'k', 'u']"
Chacpar-72_water-1,,Chacpar,72_water,yaku,yaku,j a k u,,heggarty2005,337,,,,,290,j a k u,"['j', 'a', 'k', 'u']"
Chetilla-72_water-1,,Chetilla,72_water,yaku,yaku,j a k u,,heggarty2005,337,,,,,290,j a k u,"['j', 'a', 'k', 'u']"
Chipaya-72_water-1,,Chipaya,72_water,qhwaz,qhwaz,qʰ w a z,,heggarty2005,951,,,,,7249,qʰ w a z -,"['qʰ', 'w', 'a', 'z']"
Curva-72_water-1,,Curva,72_water,unu,unu,u n u,,heggarty2005,952,,,,,7250,( - ) u n u,"['u', 'n', 'u']"
Cuzco-72_water-1,,Cuzco,72_water,unu,unu,u n u,,heggarty2005,952,,,,,7250,( - ) u n u,"['u', 'n', 'u']"
CuzquenoAntiguo-72_water-1,,CuzquenoAntiguo,72_water,"vnu, yacu",vnu,u n u,,holguin1608,952,,,,,7250,( - ) u n u,"['u', 'n', 'u']"
CuzquenoAntiguo-72_water-2,,CuzquenoAntiguo,72_water,"vnu, yacu",yacu,j a k u,,holguin1608,337,,,,,290,j a k u,"['j', 'a', 'k', 'u']"
Huallaga-72_water-1,,Huallaga,72_water,yaku,yaku,j a k u,,heggarty2005,337,,,,,290,j a k u,"['j', 'a', 'k', 'u']"
Huanca-72_water-1,,Huanca,72_water,yaku,yaku,j a k u,,cerron2018,337,,,,,290,j a k u,"['j', 'a', 'k', 'u']"
Huancane-72_water-1,,Huancane,72_water,uma,uma,u m a,,heggarty2005,335,,,,,289,u m a,"['u', 'm', 'a']"
Huangascar-72_water-1,,Huangascar,72_water,yaku,yaku,j a k u,,shimelman2017,337,,,,,290,j a k u,"['j', 'a', 'k', 'u']"
HuarazHuailas-72_water-1,,HuarazHuailas,72_water,yaku,yaku,j a k u,,parkerchavez1976,337,,,,,290,j a k u,"['j', 'a', 'k', 'u']"
Imbabura-72_water-1,,Imbabura,72_water,yaku,yaku,j a k u,,gomez2009,337,,,,,290,j a k u,"['j', 'a', 'k', 'u']"
Inkawasi-72_water-1,,Inkawasi,72_water,yaku,yaku,j a k u,,heggarty2005,337,,,,,290,j a k u,"['j', 'a', 'k', 'u']"
Iruhito-72_water-1,,Iruhito,72_water,qʰoási,qʰoási,qʰ o a s i,,cerron2016,951,,,,,7249,qʰ o a s i,"['qʰ', 'o', 'a', 's', 'i']"
Jaqaru-72_water-1,,Jaqaru,72_water,uma,uma,u m a,,heggarty2005,335,,,,,289,u m a,"['u', 'm', 'a']"
Kawki-72_water-1,,Kawki,72_water,uma,uma,u m a,,heggarty2005,335,,,,,289,u m a,"['u', 'm', 'a']"
Lamas-72_water-1,,Lamas,72_water,yaku,yaku,j a k u,,taylor2006,337,,,,,290,j a k u,"['j', 'a', 'k', 'u']"
Laraos-72_water-1,,Laraos,72_water,yaku,yaku,j a k u,,heggarty2005,337,,,,,290,j a k u,"['j', 'a', 'k', 'u']"
Lincha-Tana-72_water-1,,Lincha-Tana,72_water,yaku,yaku,j a k u,,shimelman2017,337,,,,,290,j a k u,"['j', 'a', 'k', 'u']"
Maragua-72_water-1,,Maragua,72_water,yaku,yaku,j a k u,,heggarty2005,337,,,,,290,j a k u,"['j', 'a', 'k', 'u']"
Napo-72_water-1,,Napo,72_water,yacu,yacu,j a k u,,orrwrisley1981,337,,,,,290,j a k u,"['j', 'a', 'k', 'u']"
Pacaraos-72_water-1,,Pacaraos,72_water,yaku,yaku,j a k u,,adelaar1982,337,,,,,290,j a k u,"['j', 'a', 'k', 'u']"
Pastaza-72_water-1,,Pastaza,72_water,yacu,yacu,j a k u,,landerman1973,337,,,,,290,j a k u,"['j', 'a', 'k', 'u']"
Pocona-72_water-1,,Pocona,72_water,yaku,yaku,j a k u,,heggarty2005,337,,,,,290,j a k u,"['j', 'a', 'k', 'u']"
Puki-72_water-1,,Puki,72_water,uma,uma,u m a,,heggarty2005,335,,,,,289,u m a,"['u', 'm', 'a']"
Puno-72_water-1,,Puno,72_water,unu,unu,u n u,,heggarty2005,952,,,,,7250,( - ) u n u,"['u', 'n', 'u']"
Putumayo-72_water-1,,Putumayo,72_water,yacu,yacu,j a k u,,tandioy1978,337,,,,,290,j a k u,"['j', 'a', 'k', 'u']"
Raimondi-72_water-1,,Raimondi,72_water,yaku,yaku,j a k u,,parkerchavez1976,337,,,,,290,j a k u,"['j', 'a', 'k', 'u']"
SanPedro-72_water-1,,SanPedro,72_water,yaku,yaku,j a k u,,shimelman2017,337,,,,,290,j a k u,"['j', 'a', 'k', 'u']"
Santiagueno-72_water-1,,Santiagueno,72_water,yaku,yaku,j a x u,,juanatey2021,337,,,,,290,j a x u,"['j', 'a', 'x', 'u']"
SantoTomas-72_water-1,,SantoTomas,72_water,"yaco, huno",yaco,j a k o,,santotomas1951,337,,,,,290,j a k o,"['j', 'a', 'k', 'o']"
SantoTomas-72_water-2,,SantoTomas,72_water,"yaco, huno",huno,h u n o,,santotomas1951,952,,,,,7250,( h ) u n o,"['h', 'u', 'n', 'o']"
Serena-72_water-1,,Serena,72_water,yaku,yaku,j a k u,,heggarty2005,337,,,,,290,j a k u,"['j', 'a', 'k', 'u']"
Sullkatiti-72_water-1,,Sullkatiti,72_water,uma,uma,u m a,,heggarty2005,335,,,,,289,u m a,"['u', 'm', 'a']"
Taquile-72_water-1,,Taquile,72_water,unu,unu,u n u,,heggarty2005,952,,,,,7250,( - ) u n u,"['u', 'n', 'u']"
Tarma-72_water-1,,Tarma,72_water,yagu,yagu,j a g u,,adelaar1977,337,,,,,290,j a g u,"['j', 'a', 'g', 'u']"
Troje-72_water-1,,Troje,72_water,yaku,yaku,j a k u,,heggarty2005,337,,,,,290,j a k u,"['j', 'a', 'k', 'u']"
Tsimu-72_water-1,,Tsimu,72_water,huá:se,huá:se,h u aː s e,,cerron2016,951,,,,,7249,h u aː s e,"['h', 'u', 'aː', 's', 'e']"
Wari-72_water-1,,Wari,72_water,yaku,yaku,j a k u,,parkerchavez1976,337,,,,,290,j a k u,"['j', 'a', 'k', 'u']"
Yanac-72_water-1,,Yanac,72_water,yaku,yaku,j a k u,,heggarty2005,337,,,,,290,j a k u,"['j', 'a', 'k', 'u']"
Anonimo-73_river-1,,Anonimo,73_river,mayu,mayu,m a j u,,valera1586,704,,,,,5032,m a j u,"['m', 'a', 'j', 'u']"
Apuri-73_river-1,,Apuri,73_river,mayu,mayu,m a j u,,shimelman2017,704,,,,,5032,m a j u,"['m', 'a', 'j', 'u']"
Apurimac-73_river-1,,Apurimac,73_river,mayu,mayu,m a j u,,camacho2007,704,,,,,5032,m a j u,"['m', 'a', 'j', 'u']"
Arma-73_river-1,,Arma,73_river,mayu,mayu,m a j u,,galvez2003,704,,,,,5032,m a j u,"['m', 'a', 'j', 'u']"
Atalla-73_river-1,,Atalla,73_river,mayu,mayu,m a j u,,heggarty2005,704,,,,,5032,m a j u,"['m', 'a', 'j', 'u']"
Ayacucho-73_river-1,,Ayacucho,73_river,mayu,mayu,m a j u,,soto1976,704,,,,,5032,m a j u,"['m', 'a', 'j', 'u']"
Bobonaza-73_river-1,,Bobonaza,73_river,yacu,yacu,j a k u,,orrwrisley1981,337,,,,,290,j a k u,"['j', 'a', 'k', 'u']"
Cacra-Hongos-73_river-1,,Cacra-Hongos,73_river,mayu,mayu,m a j u,,shimelman2017,704,,,,,5032,m a j u,"['m', 'a', 'j', 'u']"
Chachapoyas-73_river-1,,Chachapoyas,73_river,mayu,mayu,m a j u,,taylor2006,704,,,,,5032,m a j u,"['m', 'a', 'j', 'u']"
Chacpar-73_river-1,,Chacpar,73_river,mayu,mayu,m a j u,,heggarty2005,704,,,,,5032,m a j u,"['m', 'a', 'j', 'u']"
Chetilla-73_river-1,,Chetilla,73_river,riu,riu,r i u,,heggarty2005,701,,,,esp,501,r i u,"['r', 'i', 'u']"
Chipaya-73_river-1,,Chipaya,73_river,puju; wiwi,puju,p u j u,,heggarty2005,173,,,,,197,p u - j u -,"['p', 'u', 'j', 'u']"
Chipaya-73_river-2,,Chipaya,73_river,puju; wiwi,wiwi,w i w i,,heggarty2005,174,,,,,198,w i w i,"['w', 'i', 'w', 'i']"
Curva-73_river-1,,Curva,73_river,mayu,mayu,m a j u,,heggarty2005,704,,,,,5032,m a j u,"['m', 'a', 'j', 'u']"
Cuzco-73_river-1,,Cuzco,73_river,mayu,mayu,m a j u,,heggarty2005,704,,,,,5032,m a j u,"['m', 'a', 'j', 'u']"
CuzquenoAntiguo-73_river-1,,CuzquenoAntiguo,73_river,mayu,mayu,m a j u,,holguin1608,704,,,,,5032,m a j u,"['m', 'a', 'j', 'u']"
Huallaga-73_river-1,,Huallaga,73_river,mayu,mayu,m a j u,,heggarty2005,704,,,,,5032,m a j u,"['m', 'a', 'j', 'u']"
Huanca-73_river-1,,Huanca,73_river,mayu,mayu,m a j u,,cerron2018,704,,,,,5032,m a j u,"['m', 'a', 'j', 'u']"
Huancane-73_river-1,,Huancane,73_river,hawira,hawira,h a w i r a,,heggarty2005,705,,,,,5035,h a w ( i r ) a,"['h', 'a', 'w', 'i', 'r', 'a']"
Huangascar-73_river-1,,Huangascar,73_river,mayu,mayu,m a j u,,shimelman2017,704,,,,,5032,m a j u,"['m', 'a', 'j', 'u']"
HuarazHuailas-73_river-1,,HuarazHuailas,73_river,mayu,mayu,m a j u,,parkerchavez1976,704,,,,,5032,m a j u,"['m', 'a', 'j', 'u']"
Imbabura-73_river-1,,Imbabura,73_river,mayu,mayu,m a j u,,gomez2009,704,,,,,5032,m a j u,"['m', 'a', 'j', 'u']"
Inkawasi-73_river-1,,Inkawasi,73_river,rio,rio,r i o,,heggarty2005,702,,,,esp,502,r i o,"['r', 'i', 'o']"
Iruhito-73_river-1,,Iruhito,73_river,ué:ue:,ué:ue:,w eː w eː,,cerron2016,174,,,,,198,w eː w eː,"['w', 'eː', 'w', 'eː']"
Jaqaru-73_river-1,,Jaqaru,73_river,mayu,mayu,m a j u,,heggarty2005,397,,,,,326,m a j u,"['m', 'a', 'j', 'u']"
Kawki-73_river-1,,Kawki,73_river,mayu,mayu,m a j u,,heggarty2005,397,,,,,326,m a j u,"['m', 'a', 'j', 'u']"
Lamas-73_river-1,,Lamas,73_river,mayu,mayu,m a j u,,taylor2006,704,,,,,5032,m a j u,"['m', 'a', 'j', 'u']"
Laraos-73_river-1,,Laraos,73_river,mayu,mayu,m a j u,,heggarty2005,704,,,,,5032,m a j u,"['m', 'a', 'j', 'u']"
Lincha-Tana-73_river-1,,Lincha-Tana,73_river,mayu,mayu,m a j u,,shimelman2017,704,,,,,5032,m a j u,"['m', 'a', 'j', 'u']"
Maragua-73_river-1,,Maragua,73_river,mayu,mayu,m a j u,,heggarty2005,704,,,,,5032,m a j u,"['m', 'a', 'j', 'u']"
Napo-73_river-1,,Napo,73_river,yacu,yacu,j a k u,,orrwrisley1981,337,,,,,290,j a k u,"['j', 'a', 'k', 'u']"
Pacaraos-73_river-1,,Pacaraos,73_river,rrio,rrio,r i o,mayu as toponym,adelaar1982,703,,,,esp,503,r i o,"['r', 'i', 'o']"
Pastaza-73_river-1,,Pastaza,73_river,yacu,yacu,j a k u,,landerman1973,337,,,,,290,j a k u,"['j', 'a', 'k', 'u']"
Pocona-73_river-1,,Pocona,73_river,mayu,mayu,m a j u,,heggarty2005,704,,,,,5032,m a j u,"['m', 'a', 'j', 'u']"
Puki-73_river-1,,Puki,73_river,q'awa,q'awa,qʼ a w a,,heggarty2005,705,,,,,5035,qʼ a w ( - - ) a,"['qʼ', 'a', 'w', 'a']"
Puno-73_river-1,,Puno,73_river,mayu,mayu,m a j u,,heggarty2005,704,,,,,5032,m a j u,"['m', 'a', 'j', 'u']"
Putumayo-73_river-1,,Putumayo,73_river,yacu,yacu,j a k u,,tandioy1978,337,,,,,290,j a k u,"['j', 'a', 'k', 'u']"
Raimondi-73_river-1,,Raimondi,73_river,mayu,mayu,m a j u,,parkerchavez1976,704,,,,,5032,m a j u,"['m', 'a', 'j', 'u']"
SanPedro-73_river-1,,SanPedro,73_river,mayu,mayu,m a j u,,shimelman2017,704,,,,,5032,m a j u,"['m', 'a', 'j', 'u']"
Santiagueno-73_river-1,,Santiagueno,73_river,mayu,mayu,m a j u,,juanatey2021,704,,,,,5032,m a j u,"['m', 'a', 'j', 'u']"
SantoTomas-73_river-1,,SantoTomas,73_river,mayo,mayo,m a j o,,santotomas1951,704,,,,,5032,m a j o,"['m', 'a', 'j', 'o']"
Serena-73_river-1,,Serena,73_river,yaku,yaku,j a k u,,heggarty2005,337,,,,,290,j a k u,"['j', 'a', 'k', 'u']"
Sullkatiti-73_river-1,,Sullkatiti,73_river,hawira,hawira,h a w i r a,,heggarty2005,705,,,,,5035,h a w ( i r ) a,"['h', 'a', 'w', 'i', 'r', 'a']"
Taquile-73_river-1,,Taquile,73_river,mayu,mayu,m a j u,,heggarty2005,704,,,,,5032,m a j u,"['m', 'a', 'j', 'u']"
Tarma-73_river-1,,Tarma,73_river,mayu,mayu,m a j u,,adelaar1977,704,,,,,5032,m a j u,"['m', 'a', 'j', 'u']"
Troje-73_river-1,,Troje,73_river,larka yaku,larka yaku,l a r k a + j a k u,,heggarty2005,184,,,,,202 290,l a r k a + j a k u,"['l', 'a', 'r', 'k', 'a', '+', 'j', 'a', 'k', 'u']"
Tsimu-73_river-1,,Tsimu,73_river,huí:hui,huí:hui,w iː w i,,cerron2016,174,,,,,198,w iː w i,"['w', 'iː', 'w', 'i']"
Wari-73_river-1,,Wari,73_river,mayu,mayu,m a j u,,parkerchavez1976,704,,,,,5032,m a j u,"['m', 'a', 'j', 'u']"
Yanac-73_river-1,,Yanac,73_river,mayu,mayu,m a j u,,heggarty2005,704,,,,,5032,m a j u,"['m', 'a', 'j', 'u']"
Anonimo-74_mountain-1,,Anonimo,74_mountain,orco,orco,ɔ r k ɔ,,valera1586,547,,,,,4106,ɔ r k ɔ,"['ɔ', 'r', 'k', 'ɔ']"
Apuri-74_mountain-1,,Apuri,74_mountain,urqu,urqu,o ɾ q u,,shimelman2017,547,,,,,4106,o ɾ q u,"['o', 'ɾ', 'q', 'u']"
Apurimac-74_mountain-1,,Apurimac,74_mountain,orqo,orqo,o r q o,,camacho2007,547,,,,,4106,o r q o,"['o', 'r', 'q', 'o']"
Apurimac-74_mountain-2,,Apurimac,74_mountain,qirka,qirka,q i r k a,,camacho2007,171,,,,,195,q i r k a,"['q', 'i', 'r', 'k', 'a']"
Arma-74_mountain-1,,Arma,74_mountain,urqu,urqu,u ɾ χ u,,galvez2003,547,,,,,4106,u ɾ χ u,"['u', 'ɾ', 'χ', 'u']"
Atalla-74_mountain-1,,Atalla,74_mountain,urġu,urġu,u r ɢ u,,heggarty2005,547,,,,,4106,u r ɢ u,"['u', 'r', 'ɢ', 'u']"
Ayacucho-74_mountain-1,,Ayacucho,74_mountain,orqo,orqo,o ɾ χ o,,soto1976,547,,,,,4106,o ɾ χ o,"['o', 'ɾ', 'χ', 'o']"
Bobonaza-74_mountain-1,,Bobonaza,74_mountain,urcu,urcu,u r k u,,orrwrisley1981,547,,,,,4106,u r k u,"['u', 'r', 'k', 'u']"
Cacra-Hongos-74_mountain-1,,Cacra-Hongos,74_mountain,urqu,urqu,o l q u,,shimelman2017,547,,,,,4106,o l q u,"['o', 'l', 'q', 'u']"
Chachapoyas-74_mountain-1,,Chachapoyas,74_mountain,urku,urku,u r k u,,taylor2006,547,,,,,4106,u r k u,"['u', 'r', 'k', 'u']"
Chacpar-74_mountain-1,,Chacpar,74_mountain,qaqa,qaqa,q a q a,,heggarty2005,357,,,,aymara,301,q a q a,"['q', 'a', 'q', 'a']"
Chetilla-74_mountain-1,,Chetilla,74_mountain,urqu,urqu,u r q u,,heggarty2005,547,,,,,4106,u r q u,"['u', 'r', 'q', 'u']"
Chipaya-74_mountain-1,,Chipaya,74_mountain,kuru,kuru,k u r u,,heggarty2005,817,,,,aymara,565,k u r u,"['k', 'u', 'r', 'u']"
Curva-74_mountain-1,,Curva,74_mountain,urqu,urqu,u r q u,,heggarty2005,547,,,,,4106,u r q u,"['u', 'r', 'q', 'u']"
Cuzco-74_mountain-1,,Cuzco,74_mountain,urqu,urqu,u r q u,,heggarty2005,547,,,,,4106,u r q u,"['u', 'r', 'q', 'u']"
CuzquenoAntiguo-74_mountain-1,,CuzquenoAntiguo,74_mountain,orcco,orcco,u r χ u,,holguin1608,547,,,,,4106,u r χ u,"['u', 'r', 'χ', 'u']"
Huallaga-74_mountain-1,,Huallaga,74_mountain,hirka,hirka,h i r k a,,heggarty2005,171,,,,,195,h i r k a,"['h', 'i', 'r', 'k', 'a']"
Huanca-74_mountain-1,,Huanca,74_mountain,ulqu,ulqu,u l ʔ u,,cerron1976,547,,,,,4106,u l ʔ u,"['u', 'l', 'ʔ', 'u']"
Huancane-74_mountain-1,,Huancane,74_mountain,quλu,quλu,q u ʎ u,,heggarty2005,258,,,,,243,q u ʎ u,"['q', 'u', 'ʎ', 'u']"
Huangascar-74_mountain-1,,Huangascar,74_mountain,urqu,urqu,o ɾ q u,,shimelman2017,547,,,,,4106,o ɾ q u,"['o', 'ɾ', 'q', 'u']"
HuarazHuailas-74_mountain-1,,HuarazHuailas,74_mountain,hirka,hirka,x i ɾ k a,,parkerchavez1976,171,,,,,195,x i ɾ k a,"['x', 'i', 'ɾ', 'k', 'a']"
Imbabura-74_mountain-1,,Imbabura,74_mountain,urku,urku,u ɾ k u,,gomez2009,547,,,,,4106,u ɾ k u,"['u', 'ɾ', 'k', 'u']"
Inkawasi-74_mountain-1,,Inkawasi,74_mountain,χaγa,χaγa,χ a ʁ a,,heggarty2005,492,,,,aymara,38,χ a ʁ a,"['χ', 'a', 'ʁ', 'a']"
Iruhito-74_mountain-1,,Iruhito,74_mountain,ó:χsʰá,ó:χsʰá,oː χ sʰ a,,cerron2016,548,,,,,4107,oː χ sʰ a,"['oː', 'χ', 'sʰ', 'a']"
Jaqaru-74_mountain-1,,Jaqaru,74_mountain,qa:qa,qa:qa,q aː q a,,heggarty2005,166,,,,,193,q aː q a,"['q', 'aː', 'q', 'a']"
Kawki-74_mountain-1,,Kawki,74_mountain,qaqa,qaqa,q a q a,,heggarty2005,166,,,,,193,q a q a,"['q', 'a', 'q', 'a']"
Lamas-74_mountain-1,,Lamas,74_mountain,urku,urku,u r k u,,taylor2006,547,,,,,4106,u r k u,"['u', 'r', 'k', 'u']"
Laraos-74_mountain-1,,Laraos,74_mountain,urqu,urqu,u r q u,,heggarty2005,547,,,,,4106,u r q u,"['u', 'r', 'q', 'u']"
Lincha-Tana-74_mountain-1,,Lincha-Tana,74_mountain,urqu,urqu,o ɾ q u,,shimelman2017,547,,,,,4106,o ɾ q u,"['o', 'ɾ', 'q', 'u']"
Maragua-74_mountain-1,,Maragua,74_mountain,urqu,urqu,u r q u,,heggarty2005,547,,,,,4106,u r q u,"['u', 'r', 'q', 'u']"
Napo-74_mountain-1,,Napo,74_mountain,urcu,urcu,u r k u,,orrwrisley1981,547,,,,,4106,u r k u,"['u', 'r', 'k', 'u']"
Pacaraos-74_mountain-1,,Pacaraos,74_mountain,hirka,hirka,x i ɾ k a,ya en desuso,adelaar1982,171,,,,,195,x i ɾ k a,"['x', 'i', 'ɾ', 'k', 'a']"
Pastaza-74_mountain-1,,Pastaza,74_mountain,urcu,urcu,u r k u,,landerman1973,547,,,,,4106,u r k u,"['u', 'r', 'k', 'u']"
Pocona-74_mountain-1,,Pocona,74_mountain,urγu,urγu,u r ʁ u,,heggarty2005,547,,,,,4106,u r ʁ u,"['u', 'r', 'ʁ', 'u']"
Puki-74_mountain-1,,Puki,74_mountain,quλu,quλu,q u ʎ u,,heggarty2005,258,,,,,243,q u ʎ u,"['q', 'u', 'ʎ', 'u']"
Puno-74_mountain-1,,Puno,74_mountain,urqu,urqu,u r q u,,heggarty2005,547,,,,,4106,u r q u,"['u', 'r', 'q', 'u']"
Putumayo-74_mountain-1,,Putumayo,74_mountain,sachucu,sachucu,s a tʃ u k u,,tandioy1978,549,,,,,4108,s a tʃ u k u,"['s', 'a', 'tʃ', 'u', 'k', 'u']"
Raimondi-74_mountain-1,,Raimondi,74_mountain,hirka,hirka,x i ɾ k a,,parkerchavez1976,171,,,,,195,x i ɾ k a,"['x', 'i', 'ɾ', 'k', 'a']"
SanPedro-74_mountain-1,,SanPedro,74_mountain,urqu,urqu,o ɾ q u,,shimelman2017,547,,,,,4106,o ɾ q u,"['o', 'ɾ', 'q', 'u']"
Santiagueno-74_mountain-1,,Santiagueno,74_mountain,orqo,orqo,o ɾ q o,,juanatey2021,547,,,,,4106,o ɾ q o,"['o', 'ɾ', 'q', 'o']"
SantoTomas-74_mountain-1,,SantoTomas,74_mountain,"vrco, caca",vrco,u r k o,,santotomas1951,547,,,,,4106,u r k o,"['u', 'r', 'k', 'o']"
SantoTomas-74_mountain-2,,SantoTomas,74_mountain,"vrco, caca",caca,k a k a,,santotomas1951,818,,,,aymara,566,k a k a,"['k', 'a', 'k', 'a']"
Serena-74_mountain-1,,Serena,74_mountain,urku,urku,u r k u,,heggarty2005,547,,,,,4106,u r k u,"['u', 'r', 'k', 'u']"
Sullkatiti-74_mountain-1,,Sullkatiti,74_mountain,quλu,quλu,q u ʎ u,,heggarty2005,258,,,,,243,q u ʎ u,"['q', 'u', 'ʎ', 'u']"
Taquile-74_mountain-1,,Taquile,74_mountain,urqu,urqu,u r q u,,heggarty2005,547,,,,,4106,u r q u,"['u', 'r', 'q', 'u']"
Tarma-74_mountain-1,,Tarma,74_mountain,hirka,hirka,x i ɾ k a,,adelaar1977,171,,,,,195,x i ɾ k a,"['x', 'i', 'ɾ', 'k', 'a']"
Troje-74_mountain-1,,Troje,74_mountain,urku,urku,u r k u,,heggarty2005,547,,,,,4106,u r k u,"['u', 'r', 'k', 'u']"
Tsimu-74_mountain-1,,Tsimu,74_mountain,ó:χsái,ó:χsái,oː χ s ai,,cerron2016,548,,,,,4107,oː χ s ai,"['oː', 'χ', 's', 'ai']"
Wari-74_mountain-1,,Wari,74_mountain,hirka,hirka,x i ɾ k a,,parkerchavez1976,171,,,,,195,x i ɾ k a,"['x', 'i', 'ɾ', 'k', 'a']"
Yanac-74_mountain-1,,Yanac,74_mountain,qaqa,qaqa,q a q a,,heggarty2005,820,,,,aymara,567,q a q a,"['q', 'a', 'q', 'a']"
Anonimo-75_fire-1,,Anonimo,75_fire,nina,nina,n i n a,,valera1586,158,,,,,1887,n i n a,"['n', 'i', 'n', 'a']"
Apuri-75_fire-1,,Apuri,75_fire,nina,nina,n i n a,,shimelman2017,158,,,,,1887,n i n a,"['n', 'i', 'n', 'a']"
Apurimac-75_fire-1,,Apurimac,75_fire,nina,nina,n i n a,,camacho2007,158,,,,,1887,n i n a,"['n', 'i', 'n', 'a']"
Arma-75_fire-1,,Arma,75_fire,nina,nina,n i n a,,galvez2003,158,,,,,1887,n i n a,"['n', 'i', 'n', 'a']"
Atalla-75_fire-1,,Atalla,75_fire,nina,nina,n i n a,,heggarty2005,158,,,,,1887,n i n a,"['n', 'i', 'n', 'a']"
Ayacucho-75_fire-1,,Ayacucho,75_fire,nina,nina,n i n a,,soto1976,158,,,,,1887,n i n a,"['n', 'i', 'n', 'a']"
Bobonaza-75_fire-1,,Bobonaza,75_fire,nina,nina,n i n a,,orrwrisley1981,158,,,,,1887,n i n a,"['n', 'i', 'n', 'a']"
Cacra-Hongos-75_fire-1,,Cacra-Hongos,75_fire,nina,nina,n i n a,,shimelman2017,158,,,,,1887,n i n a,"['n', 'i', 'n', 'a']"
Chachapoyas-75_fire-1,,Chachapoyas,75_fire,nina,nina,n i n a,,taylor2006,158,,,,,1887,n i n a,"['n', 'i', 'n', 'a']"
Chacpar-75_fire-1,,Chacpar,75_fire,nina,nina,n i n a,,heggarty2005,158,,,,,1887,n i n a,"['n', 'i', 'n', 'a']"
Chetilla-75_fire-1,,Chetilla,75_fire,nina,nina,n i n a,,heggarty2005,158,,,,,1887,n i n a,"['n', 'i', 'n', 'a']"
Chipaya-75_fire-1,,Chipaya,75_fire,zhqeti,zhqeti,zʰ q e t i,,heggarty2005,159,,,,,1888,zʰ q e t i,"['zʰ', 'q', 'e', 't', 'i']"
Curva-75_fire-1,,Curva,75_fire,nina,nina,n i n a,,heggarty2005,158,,,,,1887,n i n a,"['n', 'i', 'n', 'a']"
Cuzco-75_fire-1,,Cuzco,75_fire,nina,nina,n i n a,,heggarty2005,158,,,,,1887,n i n a,"['n', 'i', 'n', 'a']"
CuzquenoAntiguo-75_fire-1,,CuzquenoAntiguo,75_fire,nina,nina,n i n a,,holguin1608,158,,,,,1887,n i n a,"['n', 'i', 'n', 'a']"
Huallaga-75_fire-1,,Huallaga,75_fire,nina,nina,n i n a,,heggarty2005,158,,,,,1887,n i n a,"['n', 'i', 'n', 'a']"
Huanca-75_fire-1,,Huanca,75_fire,nina,nina,n i n a,,cerron2018,158,,,,,1887,n i n a,"['n', 'i', 'n', 'a']"
Huancane-75_fire-1,,Huancane,75_fire,nina,nina,n i n a,,heggarty2005,398,,,,,327,n i n a,"['n', 'i', 'n', 'a']"
Huangascar-75_fire-1,,Huangascar,75_fire,nina,nina,n i n a,,shimelman2017,158,,,,,1887,n i n a,"['n', 'i', 'n', 'a']"
HuarazHuailas-75_fire-1,,HuarazHuailas,75_fire,nina,nina,ɲ i ɲ a,,parkerchavez1976,158,,,,,1887,ɲ i ɲ a,"['ɲ', 'i', 'ɲ', 'a']"
Imbabura-75_fire-1,,Imbabura,75_fire,nina,nina,n i n a,,gomez2009,158,,,,,1887,n i n a,"['n', 'i', 'n', 'a']"
Inkawasi-75_fire-1,,Inkawasi,75_fire,nina,nina,n i n a,,heggarty2005,158,,,,,1887,n i n a,"['n', 'i', 'n', 'a']"
Iruhito-75_fire-1,,Iruhito,75_fire,ú:χ,ú:χ,uː χ,,cerron2016,160,,,,,1889,uː χ -,"['uː', 'χ']"
Jaqaru-75_fire-1,,Jaqaru,75_fire,nina,nina,n i n a,,heggarty2005,398,,,,,327,n i n a,"['n', 'i', 'n', 'a']"
Kawki-75_fire-1,,Kawki,75_fire,nina,nina,n i n a,,heggarty2005,398,,,,,327,n i n a,"['n', 'i', 'n', 'a']"
Lamas-75_fire-1,,Lamas,75_fire,nina,nina,n i n a,,taylor2006,158,,,,,1887,n i n a,"['n', 'i', 'n', 'a']"
Laraos-75_fire-1,,Laraos,75_fire,nina,nina,n i n a,,heggarty2005,158,,,,,1887,n i n a,"['n', 'i', 'n', 'a']"
Lincha-Tana-75_fire-1,,Lincha-Tana,75_fire,nina,nina,n i n a,,shimelman2017,158,,,,,1887,n i n a,"['n', 'i', 'n', 'a']"
Maragua-75_fire-1,,Maragua,75_fire,nina,nina,n i n a,,heggarty2005,158,,,,,1887,n i n a,"['n', 'i', 'n', 'a']"
Napo-75_fire-1,,Napo,75_fire,nina,nina,n i n a,,orrwrisley1981,158,,,,,1887,n i n a,"['n', 'i', 'n', 'a']"
Pacaraos-75_fire-1,,Pacaraos,75_fire,nina,nina,n i n a,,adelaar1982,158,,,,,1887,n i n a,"['n', 'i', 'n', 'a']"
Pastaza-75_fire-1,,Pastaza,75_fire,nina,nina,n i n a,,landerman1973,158,,,,,1887,n i n a,"['n', 'i', 'n', 'a']"
Pocona-75_fire-1,,Pocona,75_fire,nina,nina,n i n a,,heggarty2005,158,,,,,1887,n i n a,"['n', 'i', 'n', 'a']"
Puki-75_fire-1,,Puki,75_fire,nina,nina,n i n a,,heggarty2005,398,,,,,327,n i n a,"['n', 'i', 'n', 'a']"
Puno-75_fire-1,,Puno,75_fire,nina,nina,n i n a,,heggarty2005,158,,,,,1887,n i n a,"['n', 'i', 'n', 'a']"
Putumayo-75_fire-1,,Putumayo,75_fire,nina,nina,n i n a,,tandioy1978,158,,,,,1887,n i n a,"['n', 'i', 'n', 'a']"
Raimondi-75_fire-1,,Raimondi,75_fire,nina,nina,ɲ i ɲ a,,parkerchavez1976,158,,,,,1887,ɲ i ɲ a,"['ɲ', 'i', 'ɲ', 'a']"
SanPedro-75_fire-1,,SanPedro,75_fire,nina,nina,n i n a,,shimelman2017,158,,,,,1887,n i n a,"['n', 'i', 'n', 'a']"
Santiagueno-75_fire-1,,Santiagueno,75_fire,nina,nina,n i n a,,juanatey2021,158,,,,,1887,n i n a,"['n', 'i', 'n', 'a']"
SantoTomas-75_fire-1,,SantoTomas,75_fire,nina,nina,n i n a,,santotomas1951,158,,,,,1887,n i n a,"['n', 'i', 'n', 'a']"
Serena-75_fire-1,,Serena,75_fire,nina,nina,n i n a,,heggarty2005,158,,,,,1887,n i n a,"['n', 'i', 'n', 'a']"
Sullkatiti-75_fire-1,,Sullkatiti,75_fire,nina,nina,n i n a,,heggarty2005,398,,,,,327,n i n a,"['n', 'i', 'n', 'a']"
Taquile-75_fire-1,,Taquile,75_fire,nina,nina,n i n a,,heggarty2005,158,,,,,1887,n i n a,"['n', 'i', 'n', 'a']"
Tarma-75_fire-1,,Tarma,75_fire,nina,nina,n i n a,,adelaar1977,158,,,,,1887,n i n a,"['n', 'i', 'n', 'a']"
Troje-75_fire-1,,Troje,75_fire,nina,nina,n i n a,,heggarty2005,158,,,,,1887,n i n a,"['n', 'i', 'n', 'a']"
Tsimu-75_fire-1,,Tsimu,75_fire,ó:χi,ó:χi,oː χ i,,cerron2016,160,,,,,1889,oː χ i,"['oː', 'χ', 'i']"
Wari-75_fire-1,,Wari,75_fire,nina,nina,ɲ i ɲ a,,parkerchavez1976,158,,,,,1887,ɲ i ɲ a,"['ɲ', 'i', 'ɲ', 'a']"
Yanac-75_fire-1,,Yanac,75_fire,nina,nina,n i n a,,heggarty2005,158,,,,,1887,n i n a,"['n', 'i', 'n', 'a']"
Anonimo-76_smoke-1,,Anonimo,76_smoke,coʃni,coʃni,k ɔ !s̺/s n i,,valera1586,851,,,,,5991,k ɔ !s̺/s n i,"['k', 'ɔ', '!s̺/s', 'n', 'i']"
Apuri-76_smoke-1,,Apuri,76_smoke,hushta,hushta,h u ʃ t a,,shimelman2017,514,,,,,394,h u ʃ t a,"['h', 'u', 'ʃ', 't', 'a']"
Apurimac-76_smoke-1,,Apurimac,76_smoke,qosñi,qosñi,q o s ɲ i,,camacho2007,851,,,,,5991,q o s ɲ i,"['q', 'o', 's', 'ɲ', 'i']"
Arma-76_smoke-1,,Arma,76_smoke,qusni,qusni,χ u s n i,,galvez2003,851,,,,,5991,χ u s n i,"['χ', 'u', 's', 'n', 'i']"
Atalla-76_smoke-1,,Atalla,76_smoke,χu.sñi,χu.sñi,χ u s ɲ i,,heggarty2005,851,,,,,5991,χ u s ɲ i,"['χ', 'u', 's', 'ɲ', 'i']"
Ayacucho-76_smoke-1,,Ayacucho,76_smoke,qosni,qosni,χ o s n i,,soto1976,851,,,,,5991,χ o s n i,"['χ', 'o', 's', 'n', 'i']"
Bobonaza-76_smoke-1,,Bobonaza,76_smoke,cushni,cushni,k u ʃ n i,,orrwrisley1981,851,,,,,5991,k u ʃ n i,"['k', 'u', 'ʃ', 'n', 'i']"
Cacra-Hongos-76_smoke-1,,Cacra-Hongos,76_smoke,hushta,hushta,h u ʃ t a,,shimelman2017,514,,,,,394,h u ʃ t a,"['h', 'u', 'ʃ', 't', 'a']"
Chachapoyas-76_smoke-1,,Chachapoyas,76_smoke,kusni,kusni,k u s n i,,taylor2006,851,,,,,5991,k u s n i,"['k', 'u', 's', 'n', 'i']"
Chacpar-76_smoke-1,,Chacpar,76_smoke,qu.šñi,qu.šñi,q u ʃ ɲ i,,heggarty2005,851,,,,,5991,q u ʃ ɲ i,"['q', 'u', 'ʃ', 'ɲ', 'i']"
Chetilla-76_smoke-1,,Chetilla,76_smoke,qu.nday,qu.nday,q u n d ai,,heggarty2005,631,,,,,459,q u n d ai,"['q', 'u', 'n', 'd', 'ai']"
Chipaya-76_smoke-1,,Chipaya,76_smoke,zhqeti,zhqeti,zʰ q e t i,,heggarty2005,853,,,,,5995,zʰ q e t i,"['zʰ', 'q', 'e', 't', 'i']"
Curva-76_smoke-1,,Curva,76_smoke,q'u.sñi,q'u.sñi,qʼ u s ɲ i,,heggarty2005,851,,,,,5991,qʼ u s ɲ i,"['qʼ', 'u', 's', 'ɲ', 'i']"
Cuzco-76_smoke-1,,Cuzco,76_smoke,q'u.sñi,q'u.sñi,qʼ u s ɲ i,,heggarty2005,851,,,,,5991,qʼ u s ɲ i,"['qʼ', 'u', 's', 'ɲ', 'i']"
CuzquenoAntiguo-76_smoke-1,,CuzquenoAntiguo,76_smoke,kozni,kozni,k u s n i,,holguin1608,851,,,,,5991,k u s n i,"['k', 'u', 's', 'n', 'i']"
Huallaga-76_smoke-1,,Huallaga,76_smoke,qu.štay,qu.štay,q u ʃ t ai,,heggarty2005,514,,,,,394,q u ʃ t ai,"['q', 'u', 'ʃ', 't', 'ai']"
Jauja-76_smoke-1,,Jauja,76_smoke,huntay,huntay,h u n t ai,,cerron1976,631,,,,,459,h u n t ai,"['h', 'u', 'n', 't', 'ai']"
Huanca-76_smoke-1,,Huanca,76_smoke,huntay,huntay,h u n t ai,,cerron1976,631,,,,,459,h u n t ai,"['h', 'u', 'n', 't', 'ai']"
Huancane-76_smoke-1,,Huancane,76_smoke,huq'i,huq'i,h u qʼ i,,heggarty2005,852,,,,,5993,h u qʼ i,"['h', 'u', 'qʼ', 'i']"
Huangascar-76_smoke-1,,Huangascar,76_smoke,hushta,hushta,h u ʃ t a,,shimelman2017,514,,,,,394,h u ʃ t a,"['h', 'u', 'ʃ', 't', 'a']"
HuarazHuailas-76_smoke-1,,HuarazHuailas,76_smoke,qoshni,qoshni,q o s n i,,parkerchavez1976,851,,,,,5991,q o s n i,"['q', 'o', 's', 'n', 'i']"
Imbabura-76_smoke-1,,Imbabura,76_smoke,kushni,kushni,k u ʃ n i,,gomez2009,851,,,,,5991,k u ʃ n i,"['k', 'u', 'ʃ', 'n', 'i']"
Inkawasi-76_smoke-1,,Inkawasi,76_smoke,χu.nday,χu.nday,χ u n d ai,,heggarty2005,631,,,,,459,χ u n d ai,"['χ', 'u', 'n', 'd', 'ai']"
Jaqaru-76_smoke-1,,Jaqaru,76_smoke,"ts'usqi, ts'usqi",ts'usqi,tsʼ u s q i,,heggarty2005,854,,,,,5996,tsʼ u s q i,"['tsʼ', 'u', 's', 'q', 'i']"
Kawki-76_smoke-1,,Kawki,76_smoke,"ĉ'usqi, ts'usqi",ĉ'usqi,ʈʂʼ u s q i,,heggarty2005,854,,,,,5996,ʈʂʼ u s q i,"['ʈʂʼ', 'u', 's', 'q', 'i']"
Kawki-76_smoke-2,,Kawki,76_smoke,"ĉ'usqi, ts'usqi",ts'usqi,tsʼ u s q i,,heggarty2005,854,,,,,5996,tsʼ u s q i,"['tsʼ', 'u', 's', 'q', 'i']"
Lamas-76_smoke-1,,Lamas,76_smoke,kusni,kusni,k u s n i,,taylor2006,851,,,,,5991,k u s n i,"['k', 'u', 's', 'n', 'i']"
Laraos-76_smoke-1,,Laraos,76_smoke,qu.šni,qu.šni,q u ʃ n i,,heggarty2005,851,,,,,5991,q u ʃ n i,"['q', 'u', 'ʃ', 'n', 'i']"
Lincha-Tana-76_smoke-1,,Lincha-Tana,76_smoke,hushta,hushta,h u ʃ t a,,shimelman2017,514,,,,,394,h u ʃ t a,"['h', 'u', 'ʃ', 't', 'a']"
Maragua-76_smoke-1,,Maragua,76_smoke,q'u.sñi,q'u.sñi,qʼ u s ɲ i,,heggarty2005,851,,,,,5991,qʼ u s ɲ i,"['qʼ', 'u', 's', 'ɲ', 'i']"
Napo-76_smoke-1,,Napo,76_smoke,cushni,cushni,k u ʃ n i,,orrwrisley1981,851,,,,,5991,k u ʃ n i,"['k', 'u', 'ʃ', 'n', 'i']"
Pacaraos-76_smoke-1,,Pacaraos,76_smoke,quyay,quyay,χ o j ai,,adelaar1982,633,,,,,460,χ o j - ai,"['χ', 'o', 'j', 'ai']"
Pastaza-76_smoke-1,,Pastaza,76_smoke,cushni,cushni,k u ʃ n i,,landerman1973,851,,,,,5991,k u ʃ n i,"['k', 'u', 'ʃ', 'n', 'i']"
Pocona-76_smoke-1,,Pocona,76_smoke,q'u.šñi,q'u.šñi,qʼ u ʃ ɲ i,,heggarty2005,851,,,,,5991,qʼ u ʃ ɲ i,"['qʼ', 'u', 'ʃ', 'ɲ', 'i']"
Puki-76_smoke-1,,Puki,76_smoke,hiq'i,hiq'i,h i qʼ i,,heggarty2005,852,,,,,5993,h i qʼ i,"['h', 'i', 'qʼ', 'i']"
Puno-76_smoke-1,,Puno,76_smoke,q'u.šñi,q'u.šñi,qʼ u ʃ ɲ i,,heggarty2005,851,,,,,5991,qʼ u ʃ ɲ i,"['qʼ', 'u', 'ʃ', 'ɲ', 'i']"
Putumayo-76_smoke-1,,Putumayo,76_smoke,cusni,cusni,k u s n i,,tandioy1978,851,,,,,5991,k u s n i,"['k', 'u', 's', 'n', 'i']"
SanPedro-76_smoke-1,,SanPedro,76_smoke,hushta,hushta,h u ʃ t a,,shimelman2017,514,,,,,394,h u ʃ t a,"['h', 'u', 'ʃ', 't', 'a']"
Santiagueno-76_smoke-1,,Santiagueno,76_smoke,qosni,qosni,q o s n i,,juanatey2021,851,,,,,5991,q o s n i,"['q', 'o', 's', 'n', 'i']"
SantoTomas-76_smoke-1,,SantoTomas,76_smoke,"cozii, quonda",cozii,k o s i,,santotomas1951,851,,,,,5991,k o s - i,"['k', 'o', 's', 'i']"
SantoTomas-76_smoke-2,,SantoTomas,76_smoke,"cozii, quonda",quonda,q o n d a,,santotomas1951,631,,,,,459,q o n d a,"['q', 'o', 'n', 'd', 'a']"
Serena-76_smoke-1,,Serena,76_smoke,ku.šñi,ku.šñi,k u ʃ ɲ i,,heggarty2005,851,,,,,5991,k u ʃ ɲ i,"['k', 'u', 'ʃ', 'ɲ', 'i']"
Sullkatiti-76_smoke-1,,Sullkatiti,76_smoke,hiq'i,hiq'i,h i qʼ i,,heggarty2005,852,,,,,5993,h i qʼ i,"['h', 'i', 'qʼ', 'i']"
Taquile-76_smoke-1,,Taquile,76_smoke,q'u.sni,q'u.sni,qʼ u s n i,,heggarty2005,851,,,,,5991,qʼ u s n i,"['qʼ', 'u', 's', 'n', 'i']"
Tarma-76_smoke-1,,Tarma,76_smoke,xušĉi,xušĉi,χ o ʂ ʈʂ i,,adelaar1977,514,,,,,394,χ o ʂ ʈʂ i,"['χ', 'o', 'ʂ', 'ʈʂ', 'i']"
Troje-76_smoke-1,,Troje,76_smoke,ku.šni,ku.šni,k u ʃ n i,,heggarty2005,851,,,,,5991,k u ʃ n i,"['k', 'u', 'ʃ', 'n', 'i']"
Wari-76_smoke-1,,Wari,76_smoke,qoshtay,qoshtay,q o ʃ t ai,,parkerchavez1976,514,,,,,394,q o ʃ t ai,"['q', 'o', 'ʃ', 't', 'ai']"
Yanac-76_smoke-1,,Yanac,76_smoke,qu.nte,qu.nte,q u n t e,,heggarty2005,631,,,,,459,q u n t e,"['q', 'u', 'n', 't', 'e']"
Anonimo-77_ash-1,,Anonimo,77_ash,vchpa,vchpa,u tʃ p a,,valera1586,2,,,,,1,u tʃ ( - ) p a,"['u', 'tʃ', 'p', 'a']"
Apuri-77_ash-1,,Apuri,77_ash,utrpa,utrpa,u ʈ p a,,shimelman2017,2,,,,,1,u ʈ ( - ) p a,"['u', 'ʈ', 'p', 'a']"
Apurimac-77_ash-1,,Apurimac,77_ash,uspa,uspa,u s p a,,camacho2007,2,,,,,1,u s ( - ) p a,"['u', 's', 'p', 'a']"
Arma-77_ash-1,,Arma,77_ash,uchpa,uchpa,u tʃ p a,,galvez2003,2,,,,,1,u tʃ ( - ) p a,"['u', 'tʃ', 'p', 'a']"
Atalla-77_ash-1,,Atalla,77_ash,učpa,učpa,u tʃ p a,,heggarty2005,2,,,,,1,u tʃ ( - ) p a,"['u', 'tʃ', 'p', 'a']"
Ayacucho-77_ash-1,,Ayacucho,77_ash,uchpa,uchpa,u tʃ p a,,soto1976,2,,,,,1,u tʃ ( - ) p a,"['u', 'tʃ', 'p', 'a']"
Bobonaza-77_ash-1,,Bobonaza,77_ash,ushpa,ushpa,u ʃ p a,,orrwrisley1981,2,,,,,1,u ʃ ( - ) p a,"['u', 'ʃ', 'p', 'a']"
Cacra-Hongos-77_ash-1,,Cacra-Hongos,77_ash,utrpa,utrpa,u ʈ p a,,shimelman2017,2,,,,,1,u ʈ ( - ) p a,"['u', 'ʈ', 'p', 'a']"
Chachapoyas-77_ash-1,,Chachapoyas,77_ash,uĉpa,uĉpa,u ʈʂ p a,,taylor2006,2,,,,,1,u ʈʂ ( - ) p a,"['u', 'ʈʂ', 'p', 'a']"
Chacpar-77_ash-1,,Chacpar,77_ash,učpa,učpa,u tʃ p a,,heggarty2005,2,,,,,1,u tʃ ( - ) p a,"['u', 'tʃ', 'p', 'a']"
Chetilla-77_ash-1,,Chetilla,77_ash,uŝpa,uŝpa,u ʂ p a,,heggarty2005,2,,,,,1,u ʂ ( - ) p a,"['u', 'ʂ', 'p', 'a']"
Chipaya-77_ash-1,,Chipaya,77_ash,qhup,qhup,qʰ u p,,heggarty2005,634,,,,,461,qʰ u - p -,"['qʰ', 'u', 'p']"
Curva-77_ash-1,,Curva,77_ash,učpha,učpha,u tʃ pʰ a,,heggarty2005,2,,,,,1,u tʃ ( - ) pʰ a,"['u', 'tʃ', 'pʰ', 'a']"
Cuzco-77_ash-1,,Cuzco,77_ash,uspha,uspha,u s pʰ a,,heggarty2005,2,,,,,1,u s ( - ) pʰ a,"['u', 's', 'pʰ', 'a']"
CuzquenoAntiguo-77_ash-1,,CuzquenoAntiguo,77_ash,vchpa,vchpa,u tʃ p a,,holguin1608,2,,,,,1,u tʃ ( - ) p a,"['u', 'tʃ', 'p', 'a']"
Huallaga-77_ash-1,,Huallaga,77_ash,učpa,učpa,u tʃ p a,,heggarty2005,2,,,,,1,u tʃ ( - ) p a,"['u', 'tʃ', 'p', 'a']"
Huanca-77_ash-1,,Huanca,77_ash,utrpa,utrpa,u ʈʂ p a,,cerron2018,2,,,,,1,u ʈʂ ( - ) p a,"['u', 'ʈʂ', 'p', 'a']"
Huancane-77_ash-1,,Huancane,77_ash,qhiλa,qhiλa,qʰ i ʎ a,,heggarty2005,180,,,,,2,qʰ i ʎ - a,"['qʰ', 'i', 'ʎ', 'a']"
Huangascar-77_ash-1,,Huangascar,77_ash,utrpa,utrpa,u ʈ p a,,shimelman2017,2,,,,,1,u ʈ ( - ) p a,"['u', 'ʈ', 'p', 'a']"
HuarazHuailas-77_ash-1,,HuarazHuailas,77_ash,uchpa,uchpa,u tʃ p a,,parkerchavez1976,2,,,,,1,u tʃ ( - ) p a,"['u', 'tʃ', 'p', 'a']"
Imbabura-77_ash-1,,Imbabura,77_ash,uchufa,uchufa,u tʃ u f a,,gomez2009,2,,,,,1,u tʃ ( u ) f a,"['u', 'tʃ', 'u', 'f', 'a']"
Inkawasi-77_ash-1,,Inkawasi,77_ash,uĉpa,uĉpa,u ʈʂ p a,,heggarty2005,2,,,,,1,u ʈʂ ( - ) p a,"['u', 'ʈʂ', 'p', 'a']"
Iruhito-77_ash-1,,Iruhito,77_ash,kílya,kílya,k i ʎ a,,cerron2016,180,,,,,2,k i ʎ - a,"['k', 'i', 'ʎ', 'a']"
Jaqaru-77_ash-1,,Jaqaru,77_ash,qhiλpi,qhiλpi,qʰ i ʎ p i,,heggarty2005,180,,,,,2,qʰ i ʎ p i,"['qʰ', 'i', 'ʎ', 'p', 'i']"
Kawki-77_ash-1,,Kawki,77_ash,qhiλpi,qhiλpi,qʰ i ʎ p i,,heggarty2005,180,,,,,2,qʰ i ʎ p i,"['qʰ', 'i', 'ʎ', 'p', 'i']"
Lamas-77_ash-1,,Lamas,77_ash,uchpa,uchpa,u tʃ p a,,taylor2006,2,,,,,1,u tʃ ( - ) p a,"['u', 'tʃ', 'p', 'a']"
Laraos-77_ash-1,,Laraos,77_ash,uĉpa,uĉpa,u ʈʂ p a,,heggarty2005,2,,,,,1,u ʈʂ ( - ) p a,"['u', 'ʈʂ', 'p', 'a']"
Lincha-Tana-77_ash-1,,Lincha-Tana,77_ash,utrpa,utrpa,u ʈ p a,,shimelman2017,2,,,,,1,u ʈ ( - ) p a,"['u', 'ʈ', 'p', 'a']"
Maragua-77_ash-1,,Maragua,77_ash,ušpha,ušpha,u ʃ pʰ a,,heggarty2005,2,,,,,1,u ʃ ( - ) pʰ a,"['u', 'ʃ', 'pʰ', 'a']"
Napo-77_ash-1,,Napo,77_ash,ushpa,ushpa,u ʃ p a,,orrwrisley1981,2,,,,,1,u ʃ ( - ) p a,"['u', 'ʃ', 'p', 'a']"
Pacaraos-77_ash-1,,Pacaraos,77_ash,utrpa,utrpa,u ʈʂ p a,,adelaar1982,2,,,,,1,u ʈʂ ( - ) p a,"['u', 'ʈʂ', 'p', 'a']"
Pastaza-77_ash-1,,Pastaza,77_ash,uchpa,uchpa,u tʃ p a,,landerman1973,2,,,,,1,u tʃ ( - ) p a,"['u', 'tʃ', 'p', 'a']"
Pocona-77_ash-1,,Pocona,77_ash,ušpha,ušpha,u ʃ pʰ a,,heggarty2005,2,,,,,1,u ʃ ( - ) pʰ a,"['u', 'ʃ', 'pʰ', 'a']"
Puki-77_ash-1,,Puki,77_ash,qhiλa,qhiλa,qʰ i ʎ a,,heggarty2005,180,,,,,2,qʰ i ʎ - a,"['qʰ', 'i', 'ʎ', 'a']"
Puno-77_ash-1,,Puno,77_ash,uspha,uspha,u s pʰ a,,heggarty2005,2,,,,,1,u s ( - ) pʰ a,"['u', 's', 'pʰ', 'a']"
Putumayo-77_ash-1,,Putumayo,77_ash,uchpa,uchpa,u tʃ p a,,tandioy1978,2,,,,,1,u tʃ ( - ) p a,"['u', 'tʃ', 'p', 'a']"
Raimondi-77_ash-1,,Raimondi,77_ash,uchpa,uchpa,u tʃ p a,,parkerchavez1976,2,,,,,1,u tʃ ( - ) p a,"['u', 'tʃ', 'p', 'a']"
SanPedro-77_ash-1,,SanPedro,77_ash,utrpa,utrpa,u ʈ p a,,shimelman2017,2,,,,,1,u ʈ ( - ) p a,"['u', 'ʈ', 'p', 'a']"
Santiagueno-77_ash-1,,Santiagueno,77_ash,ushpa,ushpa,u ʃ p a,,juanatey2021,2,,,,,1,u ʃ ( - ) p a,"['u', 'ʃ', 'p', 'a']"
SantoTomas-77_ash-1,,SantoTomas,77_ash,vxpa,vxpa,u χ p a,,santotomas1951,2,,,,,1,u χ ( - ) p a,"['u', 'χ', 'p', 'a']"
Serena-77_ash-1,,Serena,77_ash,ušpa,ušpa,u ʃ p a,,heggarty2005,2,,,,,1,u ʃ ( - ) p a,"['u', 'ʃ', 'p', 'a']"
Sullkatiti-77_ash-1,,Sullkatiti,77_ash,qhiλa,qhiλa,qʰ i ʎ a,,heggarty2005,180,,,,,2,qʰ i ʎ - a,"['qʰ', 'i', 'ʎ', 'a']"
Taquile-77_ash-1,,Taquile,77_ash,ušpha,ušpha,u ʃ pʰ a,,heggarty2005,2,,,,,1,u ʃ ( - ) pʰ a,"['u', 'ʃ', 'pʰ', 'a']"
Troje-77_ash-1,,Troje,77_ash,ušpa,ušpa,u ʃ p a,,heggarty2005,2,,,,,1,u ʃ ( - ) p a,"['u', 'ʃ', 'p', 'a']"
Tsimu-77_ash-1,,Tsimu,77_ash,kí:lya,kí:lya,k iː ʎ a,,cerron2016,180,,,,,2,k iː ʎ - a,"['k', 'iː', 'ʎ', 'a']"
Wari-77_ash-1,,Wari,77_ash,uchpa,uchpa,u tʃ p a,,parkerchavez1976,2,,,,,1,u tʃ ( - ) p a,"['u', 'tʃ', 'p', 'a']"
Yanac-77_ash-1,,Yanac,77_ash,učpa,učpa,u tʃ p a,,heggarty2005,2,,,,,1,u tʃ ( - ) p a,"['u', 'tʃ', 'p', 'a']"
Anonimo-78_stone-1,,Anonimo,78_stone,rumi,rumi,r u m i,,valera1586,873,,,,,6287,r u m i,"['r', 'u', 'm', 'i']"
Apuri-78_stone-1,,Apuri,78_stone,rumi,rumi,ɾ u m i,,shimelman2017,873,,,,,6287,ɾ u m i,"['ɾ', 'u', 'm', 'i']"
Apurimac-78_stone-1,,Apurimac,78_stone,rumi,rumi,r u m i,,camacho2007,873,,,,,6287,r u m i,"['r', 'u', 'm', 'i']"
Arma-78_stone-1,,Arma,78_stone,rumi,rumi,ɾ u m i,,galvez2003,873,,,,,6287,ɾ u m i,"['ɾ', 'u', 'm', 'i']"
Atalla-78_stone-1,,Atalla,78_stone,rumi,rumi,r u m i,,heggarty2005,873,,,,,6287,r u m i,"['r', 'u', 'm', 'i']"
Ayacucho-78_stone-1,,Ayacucho,78_stone,rumi,rumi,ɾ u m i,,soto1976,873,,,,,6287,ɾ u m i,"['ɾ', 'u', 'm', 'i']"
Bobonaza-78_stone-1,,Bobonaza,78_stone,rumi,rumi,r u m i,,orrwrisley1981,873,,,,,6287,r u m i,"['r', 'u', 'm', 'i']"
Cacra-Hongos-78_stone-1,,Cacra-Hongos,78_stone,rumi,rumi,l u m i,,shimelman2017,873,,,,,6287,l u m i,"['l', 'u', 'm', 'i']"
Chachapoyas-78_stone-1,,Chachapoyas,78_stone,rumi,rumi,r u m i,,taylor2006,873,,,,,6287,r u m i,"['r', 'u', 'm', 'i']"
Chacpar-78_stone-1,,Chacpar,78_stone,rumi,rumi,r u m i,,heggarty2005,873,,,,,6287,r u m i,"['r', 'u', 'm', 'i']"
Chetilla-78_stone-1,,Chetilla,78_stone,rumi,rumi,r u m i,,heggarty2005,873,,,,,6287,r u m i,"['r', 'u', 'm', 'i']"
Chipaya-78_stone-1,,Chipaya,78_stone,maz,maz,m a z,,heggarty2005,874,,,,,6288,m a z -,"['m', 'a', 'z']"
Curva-78_stone-1,,Curva,78_stone,rumi,rumi,r u m i,,heggarty2005,873,,,,,6287,r u m i,"['r', 'u', 'm', 'i']"
Cuzco-78_stone-1,,Cuzco,78_stone,rumi,rumi,r u m i,,heggarty2005,873,,,,,6287,r u m i,"['r', 'u', 'm', 'i']"
CuzquenoAntiguo-78_stone-1,,CuzquenoAntiguo,78_stone,rumi,rumi,r u m i,,holguin1608,873,,,,,6287,r u m i,"['r', 'u', 'm', 'i']"
Huallaga-78_stone-1,,Huallaga,78_stone,rumi,rumi,r u m i,,heggarty2005,873,,,,,6287,r u m i,"['r', 'u', 'm', 'i']"
Huanca-78_stone-1,,Huanca,78_stone,lumi,lumi,l u m i,,cerron2018,873,,,,,6287,l u m i,"['l', 'u', 'm', 'i']"
Huancane-78_stone-1,,Huancane,78_stone,qala,qala,q a l a,,heggarty2005,875,,,,,6289,q a l a,"['q', 'a', 'l', 'a']"
Huangascar-78_stone-1,,Huangascar,78_stone,rumi,rumi,ɾ u m i,,shimelman2017,873,,,,,6287,ɾ u m i,"['ɾ', 'u', 'm', 'i']"
HuarazHuailas-78_stone-1,,HuarazHuailas,78_stone,rumi,rumi,ɾ u m i,,parkerchavez1976,873,,,,,6287,ɾ u m i,"['ɾ', 'u', 'm', 'i']"
Imbabura-78_stone-1,,Imbabura,78_stone,rumi,rumi,ɾ u m i,,gomez2009,873,,,,,6287,ɾ u m i,"['ɾ', 'u', 'm', 'i']"
Inkawasi-78_stone-1,,Inkawasi,78_stone,řumi,řumi,!r̝/r u m i,,heggarty2005,873,,,,,6287,!r̝/r u m i,"['!r̝/r', 'u', 'm', 'i']"
Iruhito-78_stone-1,,Iruhito,78_stone,mási,mási,m a s i,,cerron2016,874,,,,,6288,m a s i,"['m', 'a', 's', 'i']"
Jaqaru-78_stone-1,,Jaqaru,78_stone,qala,qala,q a l a,,heggarty2005,875,,,,,6289,q a l a,"['q', 'a', 'l', 'a']"
Kawki-78_stone-1,,Kawki,78_stone,qala,qala,q a l a,,heggarty2005,875,,,,,6289,q a l a,"['q', 'a', 'l', 'a']"
Lamas-78_stone-1,,Lamas,78_stone,rumi,rumi,r u m i,,taylor2006,873,,,,,6287,r u m i,"['r', 'u', 'm', 'i']"
Laraos-78_stone-1,,Laraos,78_stone,rumi,rumi,r u m i,,heggarty2005,873,,,,,6287,r u m i,"['r', 'u', 'm', 'i']"
Lincha-Tana-78_stone-1,,Lincha-Tana,78_stone,rumi,rumi,l u m i,,shimelman2017,873,,,,,6287,l u m i,"['l', 'u', 'm', 'i']"
Maragua-78_stone-1,,Maragua,78_stone,řumi,řumi,!r̝/r u m i,,heggarty2005,873,,,,,6287,!r̝/r u m i,"['!r̝/r', 'u', 'm', 'i']"
Napo-78_stone-1,,Napo,78_stone,rumi,rumi,r u m i,,orrwrisley1981,873,,,,,6287,r u m i,"['r', 'u', 'm', 'i']"
Pacaraos-78_stone-1,,Pacaraos,78_stone,"rrumay, rrumi",rrumay,r u m !ai/i,,adelaar1982,873,,,,,6287,r u m !ai/i,"['r', 'u', 'm', '!ai/i']"
Pacaraos-78_stone-2,,Pacaraos,78_stone,"rrumay, rrumi",rrumi,r u m i,,adelaar1982,873,,,,,6287,r u m i,"['r', 'u', 'm', 'i']"
Pastaza-78_stone-1,,Pastaza,78_stone,ɾumi,ɾumi,ɾ u m i,,landerman1973,873,,,,,6287,ɾ u m i,"['ɾ', 'u', 'm', 'i']"
Pocona-78_stone-1,,Pocona,78_stone,rumi,rumi,r u m i,,heggarty2005,873,,,,,6287,r u m i,"['r', 'u', 'm', 'i']"
Puki-78_stone-1,,Puki,78_stone,qala,qala,q a l a,,heggarty2005,875,,,,,6289,q a l a,"['q', 'a', 'l', 'a']"
Puno-78_stone-1,,Puno,78_stone,rumi,rumi,r u m i,,heggarty2005,873,,,,,6287,r u m i,"['r', 'u', 'm', 'i']"
Putumayo-78_stone-1,,Putumayo,78_stone,rumi,rumi,r u m i,,tandioy1978,873,,,,,6287,r u m i,"['r', 'u', 'm', 'i']"
Raimondi-78_stone-1,,Raimondi,78_stone,rumi,rumi,ɾ u m i,,parkerchavez1976,873,,,,,6287,ɾ u m i,"['ɾ', 'u', 'm', 'i']"
SanPedro-78_stone-1,,SanPedro,78_stone,rumi,rumi,ɾ u m i,,shimelman2017,873,,,,,6287,ɾ u m i,"['ɾ', 'u', 'm', 'i']"
Santiagueno-78_stone-1,,Santiagueno,78_stone,rumi,rumi,ɾ u m i,,juanatey2021,873,,,,,6287,ɾ u m i,"['ɾ', 'u', 'm', 'i']"
SantoTomas-78_stone-1,,SantoTomas,78_stone,rumi,rumi,r u m i,,santotomas1951,873,,,,,6287,r u m i,"['r', 'u', 'm', 'i']"
Serena-78_stone-1,,Serena,78_stone,rumi,rumi,r u m i,,heggarty2005,873,,,,,6287,r u m i,"['r', 'u', 'm', 'i']"
Sullkatiti-78_stone-1,,Sullkatiti,78_stone,qala,qala,q a l a,,heggarty2005,875,,,,,6289,q a l a,"['q', 'a', 'l', 'a']"
Taquile-78_stone-1,,Taquile,78_stone,rumi,rumi,r u m i,,heggarty2005,873,,,,,6287,r u m i,"['r', 'u', 'm', 'i']"
Tarma-78_stone-1,,Tarma,78_stone,rumi,rumi,!ʐ/r u m i,,adelaar1977,873,,,,,6287,!ʐ/r u m i,"['!ʐ/r', 'u', 'm', 'i']"
Troje-78_stone-1,,Troje,78_stone,rumi,rumi,r u m i,,heggarty2005,873,,,,,6287,r u m i,"['r', 'u', 'm', 'i']"
Tsimu-78_stone-1,,Tsimu,78_stone,má:si,má:si,m aː s i,,cerron2016,874,,,,,6288,m aː s i,"['m', 'aː', 's', 'i']"
Wari-78_stone-1,,Wari,78_stone,rumi,rumi,ɾ u m i,,parkerchavez1976,873,,,,,6287,ɾ u m i,"['ɾ', 'u', 'm', 'i']"
Yanac-78_stone-1,,Yanac,78_stone,rumi,rumi,r u m i,,heggarty2005,873,,,,,6287,r u m i,"['r', 'u', 'm', 'i']"
Anonimo-79_sand-1,,Anonimo,79_sand,"tiu, aco",tiu,t i j u,,valera1586,752,,,,,5285,t i j u,"['t', 'i', 'j', 'u']"
Anonimo-79_sand-2,,Anonimo,79_sand,"tiu, aco",aco,a k ɔ,,valera1586,753,,,,,5286,a k ɔ ( - ),"['a', 'k', 'ɔ']"
Apuri-79_sand-1,,Apuri,79_sand,aqu,aqu,a q o,,shimelman2017,753,,,,,5286,a q o ( - ),"['a', 'q', 'o']"
Apurimac-79_sand-1,,Apurimac,79_sand,aqo,aqo,a q o,,camacho2007,753,,,,,5286,a q o ( - ),"['a', 'q', 'o']"
Arma-79_sand-1,,Arma,79_sand,aqu,aqu,a χ u,,galvez2003,753,,,,,5286,a χ u ( - ),"['a', 'χ', 'u']"
Atalla-79_sand-1,,Atalla,79_sand,aχu,aχu,a χ u,,heggarty2005,753,,,,,5286,a χ u ( - ),"['a', 'χ', 'u']"
Ayacucho-79_sand-1,,Ayacucho,79_sand,aqo,aqo,a χ o,,soto1976,753,,,,,5286,a χ o ( - ),"['a', 'χ', 'o']"
Cacra-Hongos-79_sand-1,,Cacra-Hongos,79_sand,aqu,aqu,a q o,,shimelman2017,753,,,,,5286,a q o ( - ),"['a', 'q', 'o']"
Chachapoyas-79_sand-1,,Chachapoyas,79_sand,tiyu,tiyu,t i j u,,taylor2006,752,,,,,5285,t i j u,"['t', 'i', 'j', 'u']"
Chacpar-79_sand-1,,Chacpar,79_sand,arena,arena,a r e n a,,heggarty2005,755,,,,esp,5288,a r e n a,"['a', 'r', 'e', 'n', 'a']"
Chetilla-79_sand-1,,Chetilla,79_sand,aγu,aγu,a ʁ u,,heggarty2005,753,,,,,5286,a ʁ u ( - ),"['a', 'ʁ', 'u']"
Chipaya-79_sand-1,,Chipaya,79_sand,phila,phila,pʰ i l a,,heggarty2005,157,,,,,188,pʰ i l a,"['pʰ', 'i', 'l', 'a']"
Curva-79_sand-1,,Curva,79_sand,aqu,aqu,a q u,,heggarty2005,753,,,,,5286,a q u ( - ),"['a', 'q', 'u']"
Cuzco-79_sand-1,,Cuzco,79_sand,aqu,aqu,a q u,,heggarty2005,753,,,,,5286,a q u ( - ),"['a', 'q', 'u']"
CuzquenoAntiguo-79_sand-1,,CuzquenoAntiguo,79_sand,"ttiu, acco",ttiu,t i j u,,holguin1608,752,,,,,5285,t i j u,"['t', 'i', 'j', 'u']"
CuzquenoAntiguo-79_sand-2,,CuzquenoAntiguo,79_sand,"ttiu, acco",acco,a χ u,,holguin1608,753,,,,,5286,a χ u ( - ),"['a', 'χ', 'u']"
Huallaga-79_sand-1,,Huallaga,79_sand,aqu.š,aqu.š,a q u ʃ,,heggarty2005,753,,,,,5286,a q u ( ʃ ),"['a', 'q', 'u', 'ʃ']"
Huanca-79_sand-1,,Huanca,79_sand,aqu,aqu,a ʔ u,,cerron1976,753,,,,,5286,a ʔ u ( - ),"['a', 'ʔ', 'u']"
Huancane-79_sand-1,,Huancane,79_sand,aqu,aqu,a q u,,heggarty2005,403,,,,,328,a q u -,"['a', 'q', 'u']"
Huangascar-79_sand-1,,Huangascar,79_sand,aqu,aqu,a q o,,shimelman2017,753,,,,,5286,a q o ( - ),"['a', 'q', 'o']"
HuarazHuailas-79_sand-1,,HuarazHuailas,79_sand,allpa,allpa,a ʎ p a,,parkerchavez1976,754,,,,,5287,a ʎ p a,"['a', 'ʎ', 'p', 'a']"
Imbabura-79_sand-1,,Imbabura,79_sand,tiyu,tiyu,t i j u,,gomez2009,752,,,,,5285,t i j u,"['t', 'i', 'j', 'u']"
Inkawasi-79_sand-1,,Inkawasi,79_sand,aγu,aγu,a ʁ u,,heggarty2005,753,,,,,5286,a ʁ u ( - ),"['a', 'ʁ', 'u']"
Iruhito-79_sand-1,,Iruhito,79_sand,pí:la,pí:la,p iː l a,,cerron2016,157,,,,,188,p iː l a,"['p', 'iː', 'l', 'a']"
Jaqaru-79_sand-1,,Jaqaru,79_sand,aqu,aqu,a q u,,heggarty2005,403,,,,,328,a q u -,"['a', 'q', 'u']"
Kawki-79_sand-1,,Kawki,79_sand,aqu,aqu,a q u,,heggarty2005,403,,,,,328,a q u -,"['a', 'q', 'u']"
Lamas-79_sand-1,,Lamas,79_sand,tiyu,tiyu,t i j u,,taylor2006,752,,,,,5285,t i j u,"['t', 'i', 'j', 'u']"
Laraos-79_sand-1,,Laraos,79_sand,aqu,aqu,a q u,,heggarty2005,753,,,,,5286,a q u ( - ),"['a', 'q', 'u']"
Lincha-Tana-79_sand-1,,Lincha-Tana,79_sand,aqu,aqu,a q o,,shimelman2017,753,,,,,5286,a q o ( - ),"['a', 'q', 'o']"
Maragua-79_sand-1,,Maragua,79_sand,t'iyu,t'iyu,tʼ i j u,,heggarty2005,752,,,,,5285,tʼ i j u,"['tʼ', 'i', 'j', 'u']"
Pastaza-79_sand-1,,Pastaza,79_sand,tiyu,tiyu,t i j u,,landerman1973,752,,,,,5285,t i j u,"['t', 'i', 'j', 'u']"
Pocona-79_sand-1,,Pocona,79_sand,t'iyu,t'iyu,tʼ i j u,,heggarty2005,752,,,,,5285,tʼ i j u,"['tʼ', 'i', 'j', 'u']"
Puki-79_sand-1,,Puki,79_sand,č'aλa,č'aλa,tʃʼ a ʎ a,,heggarty2005,231,,,,,228,tʃʼ a ʎ a,"['tʃʼ', 'a', 'ʎ', 'a']"
Puno-79_sand-1,,Puno,79_sand,aqu,aqu,a q u,,heggarty2005,753,,,,,5286,a q u ( - ),"['a', 'q', 'u']"
Raimondi-79_sand-1,,Raimondi,79_sand,allpa,allpa,a ʎ p a,,parkerchavez1976,754,,,,,5287,a ʎ p a,"['a', 'ʎ', 'p', 'a']"
SanPedro-79_sand-1,,SanPedro,79_sand,aqu,aqu,a q o,,shimelman2017,753,,,,,5286,a q o ( - ),"['a', 'q', 'o']"
Santiagueno-79_sand-1,,Santiagueno,79_sand,tiyu,tiyu,t i j u,,juanatey2021,752,,,,,5285,t i j u,"['t', 'i', 'j', 'u']"
SantoTomas-79_sand-1,,SantoTomas,79_sand,tyo,tyo,t i j o,,santotomas1951,752,,,,,5285,t i j o,"['t', 'i', 'j', 'o']"
Serena-79_sand-1,,Serena,79_sand,tsatsa,tsatsa,ts a ts a,,heggarty2005,232,,,,,229,ts a ts a,"['ts', 'a', 'ts', 'a']"
Sullkatiti-79_sand-1,,Sullkatiti,79_sand,č'aλa,č'aλa,tʃʼ a ʎ a,,heggarty2005,231,,,,,228,tʃʼ a ʎ a,"['tʃʼ', 'a', 'ʎ', 'a']"
Taquile-79_sand-1,,Taquile,79_sand,aqu,aqu,a q u,,heggarty2005,753,,,,,5286,a q u ( - ),"['a', 'q', 'u']"
Tarma-79_sand-1,,Tarma,79_sand,šuxya,šuxya,ç o χ j a,"axu, aqu: pebble; suqya: river-sand",adelaar1977,234,,,,,230,ç o χ j a,"['ç', 'o', 'χ', 'j', 'a']"
Troje-79_sand-1,,Troje,79_sand,thiyu,thiyu,tʰ i j u,,heggarty2005,752,,,,,5285,tʰ i j u,"['tʰ', 'i', 'j', 'u']"
Tsimu-79_sand-1,,Tsimu,79_sand,t’í:r̂a,t’í:r̂a,tʼ iː r a,,cerron2016,157,,,,,188,tʼ iː r a,"['tʼ', 'iː', 'r', 'a']"
Wari-79_sand-1,,Wari,79_sand,allpa,allpa,a ʎ p a,,parkerchavez1976,754,,,,,5287,a ʎ p a,"['a', 'ʎ', 'p', 'a']"
Yanac-79_sand-1,,Yanac,79_sand,aqu,aqu,a q u,,heggarty2005,753,,,,,5286,a q u ( - ),"['a', 'q', 'u']"
Anonimo-8_eight-1,,Anonimo,8_eight,puçac,puçac,p u s a k,,valera1586,81,,,,,1458,p u s a k,"['p', 'u', 's', 'a', 'k']"
Apuri-8_eight-1,,Apuri,8_eight,pusaq,pusaq,p u s a q,,shimelman2017,81,,,,,1458,p u s a q,"['p', 'u', 's', 'a', 'q']"
Apurimac-8_eight-1,,Apurimac,8_eight,musaq,musaq,m u s a q,,camacho2007,81,,,,,1458,m u s a q,"['m', 'u', 's', 'a', 'q']"
Arma-8_eight-1,,Arma,8_eight,pusaq,pusaq,p u s a χ,,galvez2003,81,,,,,1458,p u s a χ,"['p', 'u', 's', 'a', 'χ']"
Atalla-8_eight-1,,Atalla,8_eight,pusaχ,pusaχ,p u s a χ,,heggarty2005,81,,,,,1458,p u s a χ,"['p', 'u', 's', 'a', 'χ']"
Ayacucho-8_eight-1,,Ayacucho,8_eight,pusaq,pusaq,p u s a χ,,soto1976,81,,,,,1458,p u s a χ,"['p', 'u', 's', 'a', 'χ']"
Bobonaza-8_eight-1,,Bobonaza,8_eight,pusaj,pusaj,p u s a χ,,orrwrisley1981,81,,,,,1458,p u s a χ,"['p', 'u', 's', 'a', 'χ']"
Cacra-Hongos-8_eight-1,,Cacra-Hongos,8_eight,pusaq,pusaq,p u s a q,,shimelman2017,81,,,,,1458,p u s a q,"['p', 'u', 's', 'a', 'q']"
Chachapoyas-8_eight-1,,Chachapoyas,8_eight,pusak,pusak,p u s a k,,taylor2006,81,,,,,1458,p u s a k,"['p', 'u', 's', 'a', 'k']"
Chacpar-8_eight-1,,Chacpar,8_eight,puwaq,puwaq,p u w a q,,heggarty2005,81,,,,,1458,p u w a q,"['p', 'u', 'w', 'a', 'q']"
Chetilla-8_eight-1,,Chetilla,8_eight,pusaχ,pusaχ,p u s a χ,,heggarty2005,81,,,,,1458,p u s a χ,"['p', 'u', 's', 'a', 'χ']"
Chipaya-8_eight-1,,Chipaya,8_eight,kimsa.qaλaqu,kimsa.qaλaqu,k i m s a q a ʎ a q u,,heggarty2005,503,,,,,388,k i m s a q a ʎ ( a ) q u,"['k', 'i', 'm', 's', 'a', 'q', 'a', 'ʎ', 'a', 'q', 'u']"
Curva-8_eight-1,,Curva,8_eight,pusaχ,pusaχ,p u s a χ,,heggarty2005,81,,,,,1458,p u s a χ,"['p', 'u', 's', 'a', 'χ']"
Cuzco-8_eight-1,,Cuzco,8_eight,pusaχ,pusaχ,p u s a χ,,heggarty2005,81,,,,,1458,p u s a χ,"['p', 'u', 's', 'a', 'χ']"
Huallaga-8_eight-1,,Huallaga,8_eight,pusaχ,pusaχ,p u s a χ,,heggarty2005,81,,,,,1458,p u s a χ,"['p', 'u', 's', 'a', 'χ']"
Huanca-8_eight-1,,Huanca,8_eight,pusaq,pusaq,p u s a ʔ,,cerron1976,81,,,,,1458,p u s a ʔ,"['p', 'u', 's', 'a', 'ʔ']"
Huancane-8_eight-1,,Huancane,8_eight,kimsa.qalqu,kimsa.qalqu,k i m s a q a l q u,,heggarty2005,82,,,,,1459,k i m s a q a l ( - ) q u,"['k', 'i', 'm', 's', 'a', 'q', 'a', 'l', 'q', 'u']"
Huangascar-8_eight-1,,Huangascar,8_eight,pusaq,pusaq,p u s a q,,shimelman2017,81,,,,,1458,p u s a q,"['p', 'u', 's', 'a', 'q']"
Imbabura-8_eight-1,,Imbabura,8_eight,pusak,pusak,p u s a k,,gomez2009,81,,,,,1458,p u s a k,"['p', 'u', 's', 'a', 'k']"
Inkawasi-8_eight-1,,Inkawasi,8_eight,očo,očo,o tʃ o,,heggarty2005,84,,,,esp,1461,o tʃ o,"['o', 'tʃ', 'o']"
Iruhito-8_eight-1,,Iruhito,8_eight,"kónko, kólko",kónko,k o n k o,,cerron2016,155,,,,,186,k o n k o,"['k', 'o', 'n', 'k', 'o']"
Iruhito-8_eight-2,,Iruhito,8_eight,"kónko, kólko",kólko,k o l k o,,cerron2016,155,,,,,186,k o l k o,"['k', 'o', 'l', 'k', 'o']"
Jaqaru-8_eight-1,,Jaqaru,8_eight,pusaqa,pusaqa,p u s a q a,,heggarty2005,404,,,,,329,p u s a q ( a ),"['p', 'u', 's', 'a', 'q', 'a']"
Kawki-8_eight-1,,Kawki,8_eight,pusaqa,pusaqa,p u s a q a,,heggarty2005,404,,,,,329,p u s a q ( a ),"['p', 'u', 's', 'a', 'q', 'a']"
Lamas-8_eight-1,,Lamas,8_eight,pusak,pusak,p u s a k,,taylor2006,81,,,,,1458,p u s a k,"['p', 'u', 's', 'a', 'k']"
Laraos-8_eight-1,,Laraos,8_eight,pusaχ,pusaχ,p u s a χ,,heggarty2005,81,,,,,1458,p u s a χ,"['p', 'u', 's', 'a', 'χ']"
Lincha-Tana-8_eight-1,,Lincha-Tana,8_eight,pusaq,pusaq,p u s a q,,shimelman2017,81,,,,,1458,p u s a q,"['p', 'u', 's', 'a', 'q']"
Maragua-8_eight-1,,Maragua,8_eight,pusaχ,pusaχ,p u s a χ,,heggarty2005,81,,,,,1458,p u s a χ,"['p', 'u', 's', 'a', 'χ']"
Napo-8_eight-1,,Napo,8_eight,pusaj,pusaj,p u s a χ,,orrwrisley1981,81,,,,,1458,p u s a χ,"['p', 'u', 's', 'a', 'χ']"
Pacaraos-8_eight-1,,Pacaraos,8_eight,puwaq,puwaq,p u w a χ,,adelaar1982,81,,,,,1458,p u w a χ,"['p', 'u', 'w', 'a', 'χ']"
Pastaza-8_eight-1,,Pastaza,8_eight,pusac,pusac,p u s a k,,landerman1973,81,,,,,1458,p u s a k,"['p', 'u', 's', 'a', 'k']"
Pocona-8_eight-1,,Pocona,8_eight,pusaχ,pusaχ,p u s a χ,,heggarty2005,81,,,,,1458,p u s a χ,"['p', 'u', 's', 'a', 'χ']"
Puki-8_eight-1,,Puki,8_eight,kinsa.qalqu,kinsa.qalqu,k i n s a q a l q u,,heggarty2005,82,,,,,1459,k i n s a q a l ( - ) q u,"['k', 'i', 'n', 's', 'a', 'q', 'a', 'l', 'q', 'u']"
Puno-8_eight-1,,Puno,8_eight,pusaχ,pusaχ,p u s a χ,,heggarty2005,81,,,,,1458,p u s a χ,"['p', 'u', 's', 'a', 'χ']"
Putumayo-8_eight-1,,Putumayo,8_eight,pusag,pusag,p u s a g,,tandioy1978,81,,,,,1458,p u s a g,"['p', 'u', 's', 'a', 'g']"
SanPedro-8_eight-1,,SanPedro,8_eight,pusaq,pusaq,p u s a q,,shimelman2017,81,,,,,1458,p u s a q,"['p', 'u', 's', 'a', 'q']"
Santiagueno-8_eight-1,,Santiagueno,8_eight,pusaq,pusaq,p u s a χ,in disuse,juanatey2021,81,,,,,1458,p u s a χ,"['p', 'u', 's', 'a', 'χ']"
SantoTomas-8_eight-1,,SantoTomas,8_eight,puçac,puçac,p u s a k,,santotomas1951,81,,,,,1458,p u s a k,"['p', 'u', 's', 'a', 'k']"
Serena-8_eight-1,,Serena,8_eight,pusax,pusax,p u s a x,,heggarty2005,81,,,,,1458,p u s a x,"['p', 'u', 's', 'a', 'x']"
Sullkatiti-8_eight-1,,Sullkatiti,8_eight,kimsa.qaλqu,kimsa.qaλqu,k i m s a q a ʎ q u,,heggarty2005,82,,,,,1459,k i m s a q a ʎ ( - ) q u,"['k', 'i', 'm', 's', 'a', 'q', 'a', 'ʎ', 'q', 'u']"
Taquile-8_eight-1,,Taquile,8_eight,pusaχ,pusaχ,p u s a χ,,heggarty2005,81,,,,,1458,p u s a χ,"['p', 'u', 's', 'a', 'χ']"
Tarma-8_eight-1,,Tarma,8_eight,puwax,puwax,p u w a χ,,adelaar1977,81,,,,,1458,p u w a χ,"['p', 'u', 'w', 'a', 'χ']"
Troje-8_eight-1,,Troje,8_eight,pusax,pusax,p u s a x,,heggarty2005,81,,,,,1458,p u s a x,"['p', 'u', 's', 'a', 'x']"
Tsimu-8_eight-1,,Tsimu,8_eight,kúnku,kúnku,k u n k u,,cerron2016,155,,,,,186,k u n k u,"['k', 'u', 'n', 'k', 'u']"
Wari-8_eight-1,,Wari,8_eight,puwaq,puwaq,p u w a q,,parkerchavez1976,81,,,,,1458,p u w a q,"['p', 'u', 'w', 'a', 'q']"
Yanac-8_eight-1,,Yanac,8_eight,pusaq,pusaq,p u s a q,,heggarty2005,81,,,,,1458,p u s a q,"['p', 'u', 's', 'a', 'q']"
Anonimo-80_gold-1,,Anonimo,80_gold,cori,cori,k ɔ r i,,valera1586,263,,,,,2470,k ɔ r i,"['k', 'ɔ', 'r', 'i']"
Apurimac-80_gold-1,,Apurimac,80_gold,qori,qori,q o r i,,camacho2007,263,,,,,2470,q o r i,"['q', 'o', 'r', 'i']"
Arma-80_gold-1,,Arma,80_gold,quri,quri,χ u ɾ i,,galvez2003,263,,,,,2470,χ u ɾ i,"['χ', 'u', 'ɾ', 'i']"
Atalla-80_gold-1,,Atalla,80_gold,χuri,χuri,χ u r i,,heggarty2005,263,,,,,2470,χ u r i,"['χ', 'u', 'r', 'i']"
Ayacucho-80_gold-1,,Ayacucho,80_gold,qori,qori,χ o ɾ i,,soto1976,263,,,,,2470,χ o ɾ i,"['χ', 'o', 'ɾ', 'i']"
Bobonaza-80_gold-1,,Bobonaza,80_gold,curi,curi,k u r i,,orrwrisley1981,263,,,,,2470,k u r i,"['k', 'u', 'r', 'i']"
Chachapoyas-80_gold-1,,Chachapoyas,80_gold,kuri,kuri,k u r i,,taylor2006,263,,,,,2470,k u r i,"['k', 'u', 'r', 'i']"
Chacpar-80_gold-1,,Chacpar,80_gold,quri,quri,q u r i,,heggarty2005,263,,,,,2470,q u r i,"['q', 'u', 'r', 'i']"
Chetilla-80_gold-1,,Chetilla,80_gold,quri,quri,q u r i,,heggarty2005,263,,,,,2470,q u r i,"['q', 'u', 'r', 'i']"
Chipaya-80_gold-1,,Chipaya,80_gold,qhuri,qhuri,qʰ u r i,,heggarty2005,406,,,,,330,qʰ u r i,"['qʰ', 'u', 'r', 'i']"
Curva-80_gold-1,,Curva,80_gold,quri,quri,q u r i,,heggarty2005,263,,,,,2470,q u r i,"['q', 'u', 'r', 'i']"
Cuzco-80_gold-1,,Cuzco,80_gold,quri,quri,q u r i,,heggarty2005,263,,,,,2470,q u r i,"['q', 'u', 'r', 'i']"
CuzquenoAntiguo-80_gold-1,,CuzquenoAntiguo,80_gold,cori,cori,k u r i,,holguin1608,263,,,,,2470,k u r i,"['k', 'u', 'r', 'i']"
Huallaga-80_gold-1,,Huallaga,80_gold,quri,quri,q u r i,,heggarty2005,263,,,,,2470,q u r i,"['q', 'u', 'r', 'i']"
Huanca-80_gold-1,,Huanca,80_gold,"uli, huli",huli,h u l i,,cerron2018,263,,,,,2470,h u l i,"['h', 'u', 'l', 'i']"
Huancane-80_gold-1,,Huancane,80_gold,quri,quri,q u r i,,heggarty2005,406,,,,,330,q u r i,"['q', 'u', 'r', 'i']"
HuarazHuailas-80_gold-1,,HuarazHuailas,80_gold,qori,qori,q o ɾ i,,parkerchavez1976,263,,,,,2470,q o ɾ i,"['q', 'o', 'ɾ', 'i']"
Imbabura-80_gold-1,,Imbabura,80_gold,kuri,kuri,k u ɾ i,,gomez2009,263,,,,,2470,k u ɾ i,"['k', 'u', 'ɾ', 'i']"
Inkawasi-80_gold-1,,Inkawasi,80_gold,oro,oro,o r o,,heggarty2005,644,,,,esp,467,o r o,"['o', 'r', 'o']"
Iruhito-80_gold-1,,Iruhito,80_gold,gí:sha,gí:sha,g iː s h a,,cerron2016,264,,,,,2471,g iː s h a,"['g', 'iː', 's', 'h', 'a']"
Jaqaru-80_gold-1,,Jaqaru,80_gold,quri,quri,q u r i,,heggarty2005,406,,,,,330,q u r i,"['q', 'u', 'r', 'i']"
Kawki-80_gold-1,,Kawki,80_gold,oro,oro,o r o,,heggarty2005,156,,,,,187,o r o,"['o', 'r', 'o']"
Lamas-80_gold-1,,Lamas,80_gold,kuri,kuri,k u r i,,taylor2006,263,,,,,2470,k u r i,"['k', 'u', 'r', 'i']"
Laraos-80_gold-1,,Laraos,80_gold,oro,oro,o r o,,heggarty2005,649,,,,esp,469,o r o,"['o', 'r', 'o']"
Maragua-80_gold-1,,Maragua,80_gold,quri,quri,q u r i,,heggarty2005,263,,,,,2470,q u r i,"['q', 'u', 'r', 'i']"
Napo-80_gold-1,,Napo,80_gold,curi,curi,k u r i,,orrwrisley1981,263,,,,,2470,k u r i,"['k', 'u', 'r', 'i']"
Pastaza-80_gold-1,,Pastaza,80_gold,curi,curi,k u r i,,landerman1973,263,,,,,2470,k u r i,"['k', 'u', 'r', 'i']"
Pocona-80_gold-1,,Pocona,80_gold,ġuri,ġuri,ɢ u r i,,heggarty2005,263,,,,,2470,ɢ u r i,"['ɢ', 'u', 'r', 'i']"
Puki-80_gold-1,,Puki,80_gold,quri,quri,q u r i,,heggarty2005,406,,,,,330,q u r i,"['q', 'u', 'r', 'i']"
Puno-80_gold-1,,Puno,80_gold,quri,quri,q u r i,,heggarty2005,263,,,,,2470,q u r i,"['q', 'u', 'r', 'i']"
Putumayo-80_gold-1,,Putumayo,80_gold,curi,curi,k u r i,,tandioy1978,263,,,,,2470,k u r i,"['k', 'u', 'r', 'i']"
Raimondi-80_gold-1,,Raimondi,80_gold,qori,qori,q o ɾ i,,parkerchavez1976,263,,,,,2470,q o ɾ i,"['q', 'o', 'ɾ', 'i']"
Santiagueno-80_gold-1,,Santiagueno,80_gold,qori,qori,q o ɾ i,,juanatey2021,263,,,,,2470,q o ɾ i,"['q', 'o', 'ɾ', 'i']"
SantoTomas-80_gold-1,,SantoTomas,80_gold,"cori, caya",cori,k o r i,,santotomas1951,263,,,,,2470,k o r i,"['k', 'o', 'r', 'i']"
SantoTomas-80_gold-2,,SantoTomas,80_gold,"cori, caya",caya,k a j a,,santotomas1951,230,,,,,227,k a - j a,"['k', 'a', 'j', 'a']"
Serena-80_gold-1,,Serena,80_gold,kuri,kuri,k u r i,,heggarty2005,263,,,,,2470,k u r i,"['k', 'u', 'r', 'i']"
Sullkatiti-80_gold-1,,Sullkatiti,80_gold,quri,quri,q u r i,,heggarty2005,406,,,,,330,q u r i,"['q', 'u', 'r', 'i']"
Taquile-80_gold-1,,Taquile,80_gold,quri,quri,q u r i,,heggarty2005,263,,,,,2470,q u r i,"['q', 'u', 'r', 'i']"
Tarma-80_gold-1,,Tarma,80_gold,xuyl̃ur,xuyl̃ur,χ oi ʎ u !ʐ/r,,adelaar1977,869,,,,,6225,χ oi ʎ u !ʐ/r,"['χ', 'oi', 'ʎ', 'u', '!ʐ/r']"
Troje-80_gold-1,,Troje,80_gold,kuri,kuri,k u r i,,heggarty2005,263,,,,,2470,k u r i,"['k', 'u', 'r', 'i']"
Tsimu-80_gold-1,,Tsimu,80_gold,"gí:sna, gí:žna",gí:sna,g iː s n a,,cerron2016,264,,,,,2471,g iː s n a,"['g', 'iː', 's', 'n', 'a']"
Tsimu-80_gold-2,,Tsimu,80_gold,"gí:sna, gí:žna",gí:žna,g iː ʂ n a,,cerron2016,264,,,,,2471,g iː ʂ n a,"['g', 'iː', 'ʂ', 'n', 'a']"
Wari-80_gold-1,,Wari,80_gold,qori,qori,q o ɾ i,,parkerchavez1976,263,,,,,2470,q o ɾ i,"['q', 'o', 'ɾ', 'i']"
Yanac-80_gold-1,,Yanac,80_gold,quri,quri,q u r i,,heggarty2005,263,,,,,2470,q u r i,"['q', 'u', 'r', 'i']"
Anonimo-81_rain-1,,Anonimo,81_rain,"para, tamia",para,p a r a,,valera1586,370,,,,,31,p a r a,"['p', 'a', 'r', 'a']"
Anonimo-81_rain-2,,Anonimo,81_rain,"para, tamia",tamia,t a m j a,,valera1586,677,,,,,4885,t a m j a,"['t', 'a', 'm', 'j', 'a']"
Apuri-81_rain-1,,Apuri,81_rain,para,para,p a ɾ a,,shimelman2017,370,,,,,31,p a ɾ a,"['p', 'a', 'ɾ', 'a']"
Apurimac-81_rain-1,,Apurimac,81_rain,para,para,p a r a,,camacho2007,370,,,,,31,p a r a,"['p', 'a', 'r', 'a']"
Arma-81_rain-1,,Arma,81_rain,para,para,p a ɾ a,,galvez2003,370,,,,,31,p a ɾ a,"['p', 'a', 'ɾ', 'a']"
Atalla-81_rain-1,,Atalla,81_rain,para,para,p a r a,,heggarty2005,370,,,,,31,p a r a,"['p', 'a', 'r', 'a']"
Ayacucho-81_rain-1,,Ayacucho,81_rain,para,para,p a ɾ a,,soto1976,370,,,,,31,p a ɾ a,"['p', 'a', 'ɾ', 'a']"
Bobonaza-81_rain-1,,Bobonaza,81_rain,tamia,tamia,t a m j a,,orrwrisley1981,677,,,,,4885,t a m j a,"['t', 'a', 'm', 'j', 'a']"
Cacra-Hongos-81_rain-1,,Cacra-Hongos,81_rain,tamya,tamya,t a m j a,,shimelman2017,677,,,,,4885,t a m j a,"['t', 'a', 'm', 'j', 'a']"
Chachapoyas-81_rain-1,,Chachapoyas,81_rain,tamya,tamya,t a m j a,,taylor2006,677,,,,,4885,t a m j a,"['t', 'a', 'm', 'j', 'a']"
Chacpar-81_rain-1,,Chacpar,81_rain,tamya,tamya,t a m j a,,heggarty2005,677,,,,,4885,t a m j a,"['t', 'a', 'm', 'j', 'a']"
Chetilla-81_rain-1,,Chetilla,81_rain,tamya,tamya,t a m j a,,heggarty2005,677,,,,,4885,t a m j a,"['t', 'a', 'm', 'j', 'a']"
Chipaya-81_rain-1,,Chipaya,81_rain,chij.ñi,chij.ñi,tʃ i j ɲ i,,heggarty2005,698,,,,,5,tʃ i j ɲ i,"['tʃ', 'i', 'j', 'ɲ', 'i']"
Curva-81_rain-1,,Curva,81_rain,para,para,p a r a,,heggarty2005,370,,,,,31,p a r a,"['p', 'a', 'r', 'a']"
Cuzco-81_rain-1,,Cuzco,81_rain,para,para,p a r a,,heggarty2005,370,,,,,31,p a r a,"['p', 'a', 'r', 'a']"
CuzquenoAntiguo-81_rain-1,,CuzquenoAntiguo,81_rain,para,para,p a r a,,holguin1608,370,,,,,31,p a r a,"['p', 'a', 'r', 'a']"
Huallaga-81_rain-1,,Huallaga,81_rain,tamya,tamya,t a m j a,,heggarty2005,677,,,,,4885,t a m j a,"['t', 'a', 'm', 'j', 'a']"
Huanca-81_rain-1,,Huanca,81_rain,tamya,tamya,t a m j a,,cerron2018,677,,,,,4885,t a m j a,"['t', 'a', 'm', 'j', 'a']"
Huancane-81_rain-1,,Huancane,81_rain,haλu,haλu,h a ʎ u,,heggarty2005,678,,,,,4887,h a ʎ u,"['h', 'a', 'ʎ', 'u']"
Huangascar-81_rain-1,,Huangascar,81_rain,para,para,p a ɾ a,,shimelman2017,370,,,,,31,p a ɾ a,"['p', 'a', 'ɾ', 'a']"
HuarazHuailas-81_rain-1,,HuarazHuailas,81_rain,tamya,tamya,t a m j a,,parkerchavez1976,677,,,,,4885,t a m j a,"['t', 'a', 'm', 'j', 'a']"
Imbabura-81_rain-1,,Imbabura,81_rain,tamya,tamya,t a m j a,,gomez2009,677,,,,,4885,t a m j a,"['t', 'a', 'm', 'j', 'a']"
Inkawasi-81_rain-1,,Inkawasi,81_rain,tamya,tamya,t a m j a,,heggarty2005,677,,,,,4885,t a m j a,"['t', 'a', 'm', 'j', 'a']"
Iruhito-81_rain-1,,Iruhito,81_rain,tšíχñi,tšíχñi,tʃ i χ ɲ i,aymara,cerron2016,698,,,,,5,tʃ i χ ɲ i,"['tʃ', 'i', 'χ', 'ɲ', 'i']"
Jaqaru-81_rain-1,,Jaqaru,81_rain,haλu,haλu,h a ʎ u,,heggarty2005,678,,,,,4887,h a ʎ u,"['h', 'a', 'ʎ', 'u']"
Kawki-81_rain-1,,Kawki,81_rain,haλu,haλu,h a ʎ u,,heggarty2005,678,,,,,4887,h a ʎ u,"['h', 'a', 'ʎ', 'u']"
Lamas-81_rain-1,,Lamas,81_rain,tamya,tamya,t a m j a,,taylor2006,677,,,,,4885,t a m j a,"['t', 'a', 'm', 'j', 'a']"
Laraos-81_rain-1,,Laraos,81_rain,tamya,tamya,t a m j a,,heggarty2005,677,,,,,4885,t a m j a,"['t', 'a', 'm', 'j', 'a']"
Lincha-Tana-81_rain-1,,Lincha-Tana,81_rain,para,para,p a ɾ a,,shimelman2017,370,,,,,31,p a ɾ a,"['p', 'a', 'ɾ', 'a']"
Maragua-81_rain-1,,Maragua,81_rain,para,para,p a r a,,heggarty2005,370,,,,,31,p a r a,"['p', 'a', 'r', 'a']"
Napo-81_rain-1,,Napo,81_rain,tamia,tamia,t a m j a,,orrwrisley1981,677,,,,,4885,t a m j a,"['t', 'a', 'm', 'j', 'a']"
Pacaraos-81_rain-1,,Pacaraos,81_rain,tamya,tamya,t a m j a,,adelaar1982,677,,,,,4885,t a m j a,"['t', 'a', 'm', 'j', 'a']"
Pastaza-81_rain-1,,Pastaza,81_rain,tamya,tamya,t a m j a,,landerman1973,677,,,,,4885,t a m j a,"['t', 'a', 'm', 'j', 'a']"
Pocona-81_rain-1,,Pocona,81_rain,para,para,p a r a,,heggarty2005,370,,,,,31,p a r a,"['p', 'a', 'r', 'a']"
Puki-81_rain-1,,Puki,81_rain,χaλu,χaλu,χ a ʎ u,,heggarty2005,678,,,,,4887,χ a ʎ u,"['χ', 'a', 'ʎ', 'u']"
Puno-81_rain-1,,Puno,81_rain,para,para,p a r a,,heggarty2005,370,,,,,31,p a r a,"['p', 'a', 'r', 'a']"
Putumayo-81_rain-1,,Putumayo,81_rain,tamia,tamia,t a m j a,,tandioy1978,677,,,,,4885,t a m j a,"['t', 'a', 'm', 'j', 'a']"
Raimondi-81_rain-1,,Raimondi,81_rain,tamya,tamya,t a m j a,,parkerchavez1976,677,,,,,4885,t a m j a,"['t', 'a', 'm', 'j', 'a']"
SanPedro-81_rain-1,,SanPedro,81_rain,para,para,p a ɾ a,,shimelman2017,370,,,,,31,p a ɾ a,"['p', 'a', 'ɾ', 'a']"
Santiagueno-81_rain-1,,Santiagueno,81_rain,para,para,p a ɾ a,,juanatey2021,370,,,,,31,p a ɾ a,"['p', 'a', 'ɾ', 'a']"
SantoTomas-81_rain-1,,SantoTomas,81_rain,tamya,tamya,t a m j a,,santotomas1951,677,,,,,4885,t a m j a,"['t', 'a', 'm', 'j', 'a']"
Serena-81_rain-1,,Serena,81_rain,tamya,tamya,t a m j a,,heggarty2005,677,,,,,4885,t a m j a,"['t', 'a', 'm', 'j', 'a']"
Sullkatiti-81_rain-1,,Sullkatiti,81_rain,haλu,haλu,h a ʎ u,,heggarty2005,678,,,,,4887,h a ʎ u,"['h', 'a', 'ʎ', 'u']"
Taquile-81_rain-1,,Taquile,81_rain,para,para,p a r a,,heggarty2005,370,,,,,31,p a r a,"['p', 'a', 'r', 'a']"
Tarma-81_rain-1,,Tarma,81_rain,tanya,tanya,t a n j a,,adelaar1977,677,,,,,4885,t a n j a,"['t', 'a', 'n', 'j', 'a']"
Troje-81_rain-1,,Troje,81_rain,tamya,tamya,t a m j a,,heggarty2005,677,,,,,4885,t a m j a,"['t', 'a', 'm', 'j', 'a']"
Tsimu-81_rain-1,,Tsimu,81_rain,"pílki, tšíχtši",pílki,p i l k i,,cerron2016,225,,,,,225,p i l k i,"['p', 'i', 'l', 'k', 'i']"
Tsimu-81_rain-2,,Tsimu,81_rain,"pílki, tšíχtši",tšíχtši,tʃ i χ tʃ i,tsixtsi es aymara,cerron2016,698,,,,,5,tʃ i χ tʃ i,"['tʃ', 'i', 'χ', 'tʃ', 'i']"
Wari-81_rain-1,,Wari,81_rain,tamya,tamya,t a m j a,,parkerchavez1976,677,,,,,4885,t a m j a,"['t', 'a', 'm', 'j', 'a']"
Yanac-81_rain-1,,Yanac,81_rain,tamya,tamya,t a m j a,,heggarty2005,677,,,,,4885,t a m j a,"['t', 'a', 'm', 'j', 'a']"
Anonimo-82_cloud-1,,Anonimo,82_cloud,puyu,puyu,p u j u,,valera1586,983,,,,,766,p u j u,"['p', 'u', 'j', 'u']"
Apuri-82_cloud-1,,Apuri,82_cloud,puyu,puyu,p u j u,,shimelman2017,983,,,,,766,p u j u,"['p', 'u', 'j', 'u']"
Apurimac-82_cloud-1,,Apurimac,82_cloud,"puyu, fuyu",puyu,p u j u,,camacho2007,983,,,,,766,p u j u,"['p', 'u', 'j', 'u']"
Apurimac-82_cloud-2,,Apurimac,82_cloud,"puyu, fuyu",fuyu,f u j u,,camacho2007,983,,,,,766,f u j u,"['f', 'u', 'j', 'u']"
Arma-82_cloud-1,,Arma,82_cloud,puyu,puyu,p u j u,,galvez2003,983,,,,,766,p u j u,"['p', 'u', 'j', 'u']"
Atalla-82_cloud-1,,Atalla,82_cloud,puyu,puyu,p u j u,,heggarty2005,983,,,,,766,p u j u,"['p', 'u', 'j', 'u']"
Ayacucho-82_cloud-1,,Ayacucho,82_cloud,puyu,puyu,p u j u,,soto1976,983,,,,,766,p u j u,"['p', 'u', 'j', 'u']"
Bobonaza-82_cloud-1,,Bobonaza,82_cloud,puyu,puyu,p u j u,,orrwrisley1981,983,,,,,766,p u j u,"['p', 'u', 'j', 'u']"
Cacra-Hongos-82_cloud-1,,Cacra-Hongos,82_cloud,pukutay,pukutay,p u k u t ai,,shimelman2017,1009,,,,,8,p u k u t ai,"['p', 'u', 'k', 'u', 't', 'ai']"
Chachapoyas-82_cloud-1,,Chachapoyas,82_cloud,puyu,puyu,p u j u,,taylor2006,983,,,,,766,p u j u,"['p', 'u', 'j', 'u']"
Chacpar-82_cloud-1,,Chacpar,82_cloud,pu.kute:,pu.kute:,p u k u t eː,,heggarty2005,1009,,,,,8,p u k u t eː,"['p', 'u', 'k', 'u', 't', 'eː']"
Chetilla-82_cloud-1,,Chetilla,82_cloud,pu.kutay,pu.kutay,p u k u t ai,,heggarty2005,1009,,,,,8,p u k u t ai,"['p', 'u', 'k', 'u', 't', 'ai']"
Chipaya-82_cloud-1,,Chipaya,82_cloud,tshiri,tshiri,ts h i r i,,heggarty2005,986,,,,,768,ts h i r i,"['ts', 'h', 'i', 'r', 'i']"
Curva-82_cloud-1,,Curva,82_cloud,phuyu,phuyu,pʰ u j u,,heggarty2005,983,,,,,766,pʰ u j u,"['pʰ', 'u', 'j', 'u']"
Cuzco-82_cloud-1,,Cuzco,82_cloud,phuyu,phuyu,pʰ u j u,,heggarty2005,983,,,,,766,pʰ u j u,"['pʰ', 'u', 'j', 'u']"
CuzquenoAntiguo-82_cloud-1,,CuzquenoAntiguo,82_cloud,ppuyu,ppuyu,p u j u,,holguin1608,983,,,,,766,p u j u,"['p', 'u', 'j', 'u']"
Huallaga-82_cloud-1,,Huallaga,82_cloud,pu.kutay,pu.kutay,p u k u t ai,,heggarty2005,1009,,,,,8,p u k u t ai,"['p', 'u', 'k', 'u', 't', 'ai']"
Huanca-82_cloud-1,,Huanca,82_cloud,pukutay,pukutay,p u k u t ai,,cerron2018,1009,,,,,8,p u k u t ai,"['p', 'u', 'k', 'u', 't', 'ai']"
Huancane-82_cloud-1,,Huancane,82_cloud,qinaya,qinaya,q i n a j a,,heggarty2005,985,,,,,767,q i n a j a,"['q', 'i', 'n', 'a', 'j', 'a']"
Huangascar-82_cloud-1,,Huangascar,82_cloud,puyu,puyu,p u j u,,shimelman2017,983,,,,,766,p u j u,"['p', 'u', 'j', 'u']"
HuarazHuailas-82_cloud-1,,HuarazHuailas,82_cloud,pukutay,pukutay,p u k u t ai,,parkerchavez1976,1009,,,,,8,p u k u t ai,"['p', 'u', 'k', 'u', 't', 'ai']"
Imbabura-82_cloud-1,,Imbabura,82_cloud,fuyu,fuyu,f u j u,,gomez2009,983,,,,,766,f u j u,"['f', 'u', 'j', 'u']"
Inkawasi-82_cloud-1,,Inkawasi,82_cloud,pu.ktay,pu.ktay,p u k t ai,,heggarty2005,1009,,,,,8,p u k - t ai,"['p', 'u', 'k', 't', 'ai']"
Iruhito-82_cloud-1,,Iruhito,82_cloud,tsí:r̂i:,tsí:r̂i:,ts iː r iː,,cerron2016,986,,,,,768,ts - iː r iː,"['ts', 'iː', 'r', 'iː']"
Jaqaru-82_cloud-1,,Jaqaru,82_cloud,urpi,urpi,u r p i,,heggarty2005,224,,,,,224,u r p i,"['u', 'r', 'p', 'i']"
Kawki-82_cloud-1,,Kawki,82_cloud,urpi,urpi,u r p i,,heggarty2005,224,,,,,224,u r p i,"['u', 'r', 'p', 'i']"
Lamas-82_cloud-1,,Lamas,82_cloud,puyu,puyu,p u j u,,taylor2006,983,,,,,766,p u j u,"['p', 'u', 'j', 'u']"
Laraos-82_cloud-1,,Laraos,82_cloud,pu.kutay,pu.kutay,p u k u t ai,,heggarty2005,1009,,,,,8,p u k u t ai,"['p', 'u', 'k', 'u', 't', 'ai']"
Lincha-Tana-82_cloud-1,,Lincha-Tana,82_cloud,pukutay,pukutay,p u k u t ai,,shimelman2017,1009,,,,,8,p u k u t ai,"['p', 'u', 'k', 'u', 't', 'ai']"
Maragua-82_cloud-1,,Maragua,82_cloud,phuyu,phuyu,pʰ u j u,,heggarty2005,983,,,,,766,pʰ u j u,"['pʰ', 'u', 'j', 'u']"
Napo-82_cloud-1,,Napo,82_cloud,puyu,puyu,p u j u,,orrwrisley1981,983,,,,,766,p u j u,"['p', 'u', 'j', 'u']"
Pacaraos-82_cloud-1,,Pacaraos,82_cloud,pukutay,pukutay,p u k u t ai,,adelaar1982,1009,,,,,8,p u k u t ai,"['p', 'u', 'k', 'u', 't', 'ai']"
Pastaza-82_cloud-1,,Pastaza,82_cloud,puyu,puyu,p u j u,,landerman1973,983,,,,,766,p u j u,"['p', 'u', 'j', 'u']"
Pocona-82_cloud-1,,Pocona,82_cloud,phuyu,phuyu,pʰ u j u,,heggarty2005,983,,,,,766,pʰ u j u,"['pʰ', 'u', 'j', 'u']"
Puki-82_cloud-1,,Puki,82_cloud,qinaya,qinaya,q i n a j a,,heggarty2005,985,,,,,767,q i n a j a,"['q', 'i', 'n', 'a', 'j', 'a']"
Puno-82_cloud-1,,Puno,82_cloud,phuyu,phuyu,pʰ u j u,,heggarty2005,983,,,,,766,pʰ u j u,"['pʰ', 'u', 'j', 'u']"
Putumayo-82_cloud-1,,Putumayo,82_cloud,puyu,puyu,p u j u,,tandioy1978,983,,,,,766,p u j u,"['p', 'u', 'j', 'u']"
Raimondi-82_cloud-1,,Raimondi,82_cloud,pukutay,pukutay,p u k u t ai,,parkerchavez1976,1009,,,,,8,p u k u t ai,"['p', 'u', 'k', 'u', 't', 'ai']"
SanPedro-82_cloud-1,,SanPedro,82_cloud,puyu,puyu,p u j u,,shimelman2017,983,,,,,766,p u j u,"['p', 'u', 'j', 'u']"
Santiagueno-82_cloud-1,,Santiagueno,82_cloud,puyu,puyu,p u j u,,juanatey2021,983,,,,,766,p u j u,"['p', 'u', 'j', 'u']"
SantoTomas-82_cloud-1,,SantoTomas,82_cloud,phuyu,phuyu,p u j u,,santotomas1951,983,,,,,766,p u j u,"['p', 'u', 'j', 'u']"
Serena-82_cloud-1,,Serena,82_cloud,puyu,puyu,p u j u,,heggarty2005,983,,,,,766,p u j u,"['p', 'u', 'j', 'u']"
Sullkatiti-82_cloud-1,,Sullkatiti,82_cloud,qinaya,qinaya,q i n a j a,,heggarty2005,985,,,,,767,q i n a j a,"['q', 'i', 'n', 'a', 'j', 'a']"
Taquile-82_cloud-1,,Taquile,82_cloud,phuyu,phuyu,pʰ u j u,,heggarty2005,983,,,,,766,pʰ u j u,"['pʰ', 'u', 'j', 'u']"
Tarma-82_cloud-1,,Tarma,82_cloud,pugutay,pugutay,p u g u t ai,,adelaar1977,1009,,,,,8,p u g u t ai,"['p', 'u', 'g', 'u', 't', 'ai']"
Troje-82_cloud-1,,Troje,82_cloud,phuyu,phuyu,pʰ u j u,,heggarty2005,983,,,,,766,pʰ u j u,"['pʰ', 'u', 'j', 'u']"
Tsimu-82_cloud-1,,Tsimu,82_cloud,ts’í:χo,ts’í:χo,tsʼ iː χ o,,cerron2016,987,,,,,769,tsʼ iː χ o,"['tsʼ', 'iː', 'χ', 'o']"
Wari-82_cloud-1,,Wari,82_cloud,pukutay,pukutay,p u k u t ai,,parkerchavez1976,1009,,,,,8,p u k u t ai,"['p', 'u', 'k', 'u', 't', 'ai']"
Yanac-82_cloud-1,,Yanac,82_cloud,pu.kute,pu.kute,p u k u t eː,,heggarty2005,1009,,,,,8,p u k u t eː,"['p', 'u', 'k', 'u', 't', 'eː']"
Anonimo-83_wind-1,,Anonimo,83_wind,huayra,huayra,w ai r a,,valera1586,969,,,,,7526,w ai r a,"['w', 'ai', 'r', 'a']"
Apuri-83_wind-1,,Apuri,83_wind,wayra,wayra,w ai r a,,shimelman2017,969,,,,,7526,w ai r a,"['w', 'ai', 'r', 'a']"
Apurimac-83_wind-1,,Apurimac,83_wind,wayra,wayra,w ai r a,,camacho2007,969,,,,,7526,w ai r a,"['w', 'ai', 'r', 'a']"
Arma-83_wind-1,,Arma,83_wind,wayra,wayra,w ai ɾ a,,galvez2003,969,,,,,7526,w ai ɾ a,"['w', 'ai', 'ɾ', 'a']"
Atalla-83_wind-1,,Atalla,83_wind,wayra,wayra,w ai r a,,heggarty2005,969,,,,,7526,w ai r a,"['w', 'ai', 'r', 'a']"
Ayacucho-83_wind-1,,Ayacucho,83_wind,wayra,wayra,w ai ɾ a,,soto1976,969,,,,,7526,w ai ɾ a,"['w', 'ai', 'ɾ', 'a']"
Bobonaza-83_wind-1,,Bobonaza,83_wind,huaira,huaira,w ai r a,,orrwrisley1981,969,,,,,7526,w ai r a,"['w', 'ai', 'r', 'a']"
Cacra-Hongos-83_wind-1,,Cacra-Hongos,83_wind,wayra,wayra,w ai l a,,shimelman2017,969,,,,,7526,w ai l a,"['w', 'ai', 'l', 'a']"
Chachapoyas-83_wind-1,,Chachapoyas,83_wind,wayra,wayra,w ai r a,,taylor2006,969,,,,,7526,w ai r a,"['w', 'ai', 'r', 'a']"
Chacpar-83_wind-1,,Chacpar,83_wind,viento,viento,v ie n t o,,heggarty2005,773,,,,esp,540,v ie n t o,"['v', 'ie', 'n', 't', 'o']"
Chetilla-83_wind-1,,Chetilla,83_wind,wayra,wayra,w ai r a,,heggarty2005,969,,,,,7526,w ai r a,"['w', 'ai', 'r', 'a']"
Chipaya-83_wind-1,,Chipaya,83_wind,waywara,waywara,w ai w a r a,,heggarty2005,407,,,,,331,w ai ( w a ) r a,"['w', 'ai', 'w', 'a', 'r', 'a']"
Curva-83_wind-1,,Curva,83_wind,wayra,wayra,w ai r a,,heggarty2005,969,,,,,7526,w ai r a,"['w', 'ai', 'r', 'a']"
Cuzco-83_wind-1,,Cuzco,83_wind,wayra,wayra,w ai r a,,heggarty2005,969,,,,,7526,w ai r a,"['w', 'ai', 'r', 'a']"
CuzquenoAntiguo-83_wind-1,,CuzquenoAntiguo,83_wind,huayra,huayra,w ai r a,,holguin1608,969,,,,,7526,w ai r a,"['w', 'ai', 'r', 'a']"
Huallaga-83_wind-1,,Huallaga,83_wind,viento,viento,v ie n t o,,heggarty2005,774,,,,esp,541,v ie n t o,"['v', 'ie', 'n', 't', 'o']"
Huanca-83_wind-1,,Huanca,83_wind,waywa,waywa,w ai w a,,cerron1976,969,,,,,7526,w ai w a,"['w', 'ai', 'w', 'a']"
Huancane-83_wind-1,,Huancane,83_wind,thaya,thaya,tʰ a j a,,heggarty2005,970,,,,,7528,tʰ a j a,"['tʰ', 'a', 'j', 'a']"
Huangascar-83_wind-1,,Huangascar,83_wind,wayra,wayra,w ai ɾ a,,shimelman2017,969,,,,,7526,w ai ɾ a,"['w', 'ai', 'ɾ', 'a']"
HuarazHuailas-83_wind-1,,HuarazHuailas,83_wind,wawya,wawya,w au j a,,parkerchavez1976,831,,,,aymara,572,w au j a,"['w', 'au', 'j', 'a']"
Imbabura-83_wind-1,,Imbabura,83_wind,wayra,wayra,w ai ɾ a,,gomez2009,969,,,,,7526,w ai ɾ a,"['w', 'ai', 'ɾ', 'a']"
Inkawasi-83_wind-1,,Inkawasi,83_wind,wayra,wayra,w ai r a,,heggarty2005,969,,,,,7526,w ai r a,"['w', 'ai', 'r', 'a']"
Iruhito-83_wind-1,,Iruhito,83_wind,hí:plánca,hí:plánca,h iː p l a n k a,,cerron2016,971,,,,,7529,h iː p l a n k a,"['h', 'iː', 'p', 'l', 'a', 'n', 'k', 'a']"
Jaqaru-83_wind-1,,Jaqaru,83_wind,wawya,wawya,w au j a,,heggarty2005,163,,,,,190,w au j a,"['w', 'au', 'j', 'a']"
Kawki-83_wind-1,,Kawki,83_wind,wawya,wawya,w au j a,,heggarty2005,163,,,,,190,w au j a,"['w', 'au', 'j', 'a']"
Lamas-83_wind-1,,Lamas,83_wind,wayra,wayra,w ai r a,,taylor2006,969,,,,,7526,w ai r a,"['w', 'ai', 'r', 'a']"
Laraos-83_wind-1,,Laraos,83_wind,wayra,wayra,w ai r a,,heggarty2005,969,,,,,7526,w ai r a,"['w', 'ai', 'r', 'a']"
Lincha-Tana-83_wind-1,,Lincha-Tana,83_wind,wayra,wayra,w ai ɾ a,,shimelman2017,969,,,,,7526,w ai ɾ a,"['w', 'ai', 'ɾ', 'a']"
Maragua-83_wind-1,,Maragua,83_wind,wayra,wayra,w ai r a,,heggarty2005,969,,,,,7526,w ai r a,"['w', 'ai', 'r', 'a']"
Napo-83_wind-1,,Napo,83_wind,huaira,huaira,w ai r a,,orrwrisley1981,969,,,,,7526,w ai r a,"['w', 'ai', 'r', 'a']"
Pacaraos-83_wind-1,,Pacaraos,83_wind,bintu,bintu,b i n t u,,adelaar1982,777,,,,esp,542,b i n t u,"['b', 'i', 'n', 't', 'u']"
Pastaza-83_wind-1,,Pastaza,83_wind,wayra,wayra,w ai r a,,landerman1973,969,,,,,7526,w ai r a,"['w', 'ai', 'r', 'a']"
Pocona-83_wind-1,,Pocona,83_wind,wayra,wayra,w ai r a,,heggarty2005,969,,,,,7526,w ai r a,"['w', 'ai', 'r', 'a']"
Puki-83_wind-1,,Puki,83_wind,wayra,wayra,w ai r a,,heggarty2005,408,,,,,332,w ai ( - - ) r a,"['w', 'ai', 'r', 'a']"
Puno-83_wind-1,,Puno,83_wind,wayra,wayra,w ai r a,,heggarty2005,969,,,,,7526,w ai r a,"['w', 'ai', 'r', 'a']"
Putumayo-83_wind-1,,Putumayo,83_wind,huayra,huayra,w ai r a,,tandioy1978,969,,,,,7526,w ai r a,"['w', 'ai', 'r', 'a']"
Raimondi-83_wind-1,,Raimondi,83_wind,byentu,byentu,b ie ɲ t u,,parkerchavez1976,778,,,,esp,543,b ie ɲ t u,"['b', 'ie', 'ɲ', 't', 'u']"
SanPedro-83_wind-1,,SanPedro,83_wind,wayra,wayra,w ai ɾ a,,shimelman2017,969,,,,,7526,w ai ɾ a,"['w', 'ai', 'ɾ', 'a']"
Santiagueno-83_wind-1,,Santiagueno,83_wind,wayra,wayra,w ai ɾ a,,juanatey2021,969,,,,,7526,w ai ɾ a,"['w', 'ai', 'ɾ', 'a']"
SantoTomas-83_wind-1,,SantoTomas,83_wind,guayra,guayra,w ai r a,,santotomas1951,969,,,,,7526,w ai r a,"['w', 'ai', 'r', 'a']"
Serena-83_wind-1,,Serena,83_wind,wayra,wayra,w ai r a,,heggarty2005,969,,,,,7526,w ai r a,"['w', 'ai', 'r', 'a']"
Sullkatiti-83_wind-1,,Sullkatiti,83_wind,wayra,wayra,w ai r a,,heggarty2005,408,,,,,332,w ai ( - - ) r a,"['w', 'ai', 'r', 'a']"
Taquile-83_wind-1,,Taquile,83_wind,wayra,wayra,w ai r a,,heggarty2005,969,,,,,7526,w ai r a,"['w', 'ai', 'r', 'a']"
Troje-83_wind-1,,Troje,83_wind,wayra,wayra,w ai r a,,heggarty2005,969,,,,,7526,w ai r a,"['w', 'ai', 'r', 'a']"
Tsimu-83_wind-1,,Tsimu,83_wind,háya,háya,h a j a,,cerron2016,833,,,,aymara,573,h a j a,"['h', 'a', 'j', 'a']"
Wari-83_wind-1,,Wari,83_wind,wawya,wawya,w au j a,,parkerchavez1976,834,,,,aymara,574,w au j a,"['w', 'au', 'j', 'a']"
Yanac-83_wind-1,,Yanac,83_wind,we:ra,we:ra,w eː r a,,heggarty2005,969,,,,,7526,w eː r a,"['w', 'eː', 'r', 'a']"
Anonimo-84_bread-1,,Anonimo,84_bread,tanta,tanta,t a n t a,,valera1586,804,,,,,558,t a n t a,"['t', 'a', 'n', 't', 'a']"
Apuri-84_bread-1,,Apuri,84_bread,tanta,tanta,t a n t a,,shimelman2017,804,,,,,558,t a n t a,"['t', 'a', 'n', 't', 'a']"
Apurimac-84_bread-1,,Apurimac,84_bread,tanta,tanta,t a n t a,,camacho2007,804,,,,,558,t a n t a,"['t', 'a', 'n', 't', 'a']"
Arma-84_bread-1,,Arma,84_bread,tanta,tanta,t a n t a,,galvez2003,804,,,,,558,t a n t a,"['t', 'a', 'n', 't', 'a']"
Atalla-84_bread-1,,Atalla,84_bread,tanta,tanta,t a n t a,,heggarty2005,804,,,,,558,t a n t a,"['t', 'a', 'n', 't', 'a']"
Ayacucho-84_bread-1,,Ayacucho,84_bread,tanta,tanta,t a n t a,,soto1976,804,,,,,558,t a n t a,"['t', 'a', 'n', 't', 'a']"
Bobonaza-84_bread-1,,Bobonaza,84_bread,tanda,tanda,t a n d a,,orrwrisley1981,804,,,,,558,t a n d a,"['t', 'a', 'n', 'd', 'a']"
Cacra-Hongos-84_bread-1,,Cacra-Hongos,84_bread,tanta,tanta,t a n t a,,shimelman2017,804,,,,,558,t a n t a,"['t', 'a', 'n', 't', 'a']"
Chachapoyas-84_bread-1,,Chachapoyas,84_bread,tanta,tanta,t a n d a,,taylor2006,804,,,,,558,t a n d a,"['t', 'a', 'n', 'd', 'a']"
Chacpar-84_bread-1,,Chacpar,84_bread,tanta,tanta,t a n t a,,heggarty2005,804,,,,,558,t a n t a,"['t', 'a', 'n', 't', 'a']"
Chetilla-84_bread-1,,Chetilla,84_bread,tanda,tanda,t a n d a,,heggarty2005,804,,,,,558,t a n d a,"['t', 'a', 'n', 'd', 'a']"
Chipaya-84_bread-1,,Chipaya,84_bread,t'anta,t'anta,tʼ a n t a,,heggarty2005,411,,,,,333,tʼ a n t a,"['tʼ', 'a', 'n', 't', 'a']"
Curva-84_bread-1,,Curva,84_bread,t'anta,t'anta,tʼ a n t a,,heggarty2005,804,,,,,558,tʼ a n t a,"['tʼ', 'a', 'n', 't', 'a']"
Cuzco-84_bread-1,,Cuzco,84_bread,t'anta,t'anta,tʼ a n t a,,heggarty2005,804,,,,,558,tʼ a n t a,"['tʼ', 'a', 'n', 't', 'a']"
CuzquenoAntiguo-84_bread-1,,CuzquenoAntiguo,84_bread,ttanta,ttanta,tʼ a n t a,,holguin1608,804,,,,,558,tʼ a n t a,"['tʼ', 'a', 'n', 't', 'a']"
Huallaga-84_bread-1,,Huallaga,84_bread,tanta,tanta,t a n t a,,heggarty2005,804,,,,,558,t a n t a,"['t', 'a', 'n', 't', 'a']"
Huanca-84_bread-1,,Huanca,84_bread,tanta,tanta,t a n t a,,cerron2018,804,,,,,558,t a n t a,"['t', 'a', 'n', 't', 'a']"
Huancane-84_bread-1,,Huancane,84_bread,t'ant'a,t'ant'a,tʼ a n tʼ a,,heggarty2005,412,,,,,334,tʼ a n tʼ a,"['tʼ', 'a', 'n', 'tʼ', 'a']"
Huangascar-84_bread-1,,Huangascar,84_bread,tanta,tanta,t a n t a,,shimelman2017,804,,,,,558,t a n t a,"['t', 'a', 'n', 't', 'a']"
HuarazHuailas-84_bread-1,,HuarazHuailas,84_bread,tanta,tanta,t a ɲ t a,,parkerchavez1976,804,,,,,558,t a ɲ t a,"['t', 'a', 'ɲ', 't', 'a']"
Imbabura-84_bread-1,,Imbabura,84_bread,tanda,tanda,t a n d a,,gomez2009,804,,,,,558,t a n d a,"['t', 'a', 'n', 'd', 'a']"
Inkawasi-84_bread-1,,Inkawasi,84_bread,tanda,tanda,t a n d a,,heggarty2005,804,,,,,558,t a n d a,"['t', 'a', 'n', 'd', 'a']"
Jaqaru-84_bread-1,,Jaqaru,84_bread,t'anti,t'anti,tʼ a n t i,,heggarty2005,412,,,,,334,tʼ a n t i,"['tʼ', 'a', 'n', 't', 'i']"
Kawki-84_bread-1,,Kawki,84_bread,t'anti,t'anti,tʼ a n t i,,heggarty2005,412,,,,,334,tʼ a n t i,"['tʼ', 'a', 'n', 't', 'i']"
Lamas-84_bread-1,,Lamas,84_bread,tanta,tanta,t a n d a,,taylor2006,804,,,,,558,t a n d a,"['t', 'a', 'n', 'd', 'a']"
Laraos-84_bread-1,,Laraos,84_bread,tanta,tanta,t a n t a,,heggarty2005,804,,,,,558,t a n t a,"['t', 'a', 'n', 't', 'a']"
Lincha-Tana-84_bread-1,,Lincha-Tana,84_bread,tanta,tanta,t a n t a,,shimelman2017,804,,,,,558,t a n t a,"['t', 'a', 'n', 't', 'a']"
Maragua-84_bread-1,,Maragua,84_bread,t'anta,t'anta,tʼ a n t a,,heggarty2005,804,,,,,558,tʼ a n t a,"['tʼ', 'a', 'n', 't', 'a']"
Napo-84_bread-1,,Napo,84_bread,tanda,tanda,t a n d a,,orrwrisley1981,804,,,,,558,t a n d a,"['t', 'a', 'n', 'd', 'a']"
Pacaraos-84_bread-1,,Pacaraos,84_bread,tanta,tanta,t a n t a,,adelaar1982,804,,,,,558,t a n t a,"['t', 'a', 'n', 't', 'a']"
Pocona-84_bread-1,,Pocona,84_bread,t'anta,t'anta,tʼ a n t a,,heggarty2005,804,,,,,558,tʼ a n t a,"['tʼ', 'a', 'n', 't', 'a']"
Puki-84_bread-1,,Puki,84_bread,t'ant'a,t'ant'a,tʼ a n tʼ a,,heggarty2005,412,,,,,334,tʼ a n tʼ a,"['tʼ', 'a', 'n', 'tʼ', 'a']"
Puno-84_bread-1,,Puno,84_bread,t'anta,t'anta,tʼ a n t a,,heggarty2005,804,,,,,558,tʼ a n t a,"['tʼ', 'a', 'n', 't', 'a']"
Putumayo-84_bread-1,,Putumayo,84_bread,tanda,tanda,t a n d a,,tandioy1978,804,,,,,558,t a n d a,"['t', 'a', 'n', 'd', 'a']"
Raimondi-84_bread-1,,Raimondi,84_bread,tanta,tanta,t a ɲ t a,,parkerchavez1976,804,,,,,558,t a ɲ t a,"['t', 'a', 'ɲ', 't', 'a']"
SanPedro-84_bread-1,,SanPedro,84_bread,tanta,tanta,t a n t a,,shimelman2017,804,,,,,558,t a n t a,"['t', 'a', 'n', 't', 'a']"
Santiagueno-84_bread-1,,Santiagueno,84_bread,tanta,tanta,t a n t a,,juanatey2021,804,,,,,558,t a n t a,"['t', 'a', 'n', 't', 'a']"
SantoTomas-84_bread-1,,SantoTomas,84_bread,tamta,tamta,t a m t a,,santotomas1951,804,,,,,558,t a m t a,"['t', 'a', 'm', 't', 'a']"
Serena-84_bread-1,,Serena,84_bread,tanda,tanda,t a n d a,,heggarty2005,804,,,,,558,t a n d a,"['t', 'a', 'n', 'd', 'a']"
Sullkatiti-84_bread-1,,Sullkatiti,84_bread,t'ant'a,t'ant'a,tʼ a n tʼ a,,heggarty2005,412,,,,,334,tʼ a n tʼ a,"['tʼ', 'a', 'n', 'tʼ', 'a']"
Taquile-84_bread-1,,Taquile,84_bread,t'anta,t'anta,tʼ a n t a,,heggarty2005,804,,,,,558,tʼ a n t a,"['tʼ', 'a', 'n', 't', 'a']"
Tarma-84_bread-1,,Tarma,84_bread,tanta,tanta,t a n t a,,adelaar1977,804,,,,,558,t a n t a,"['t', 'a', 'n', 't', 'a']"
Troje-84_bread-1,,Troje,84_bread,tanda,tanda,t a n d a,,heggarty2005,804,,,,,558,t a n d a,"['t', 'a', 'n', 'd', 'a']"
Wari-84_bread-1,,Wari,84_bread,tanta,tanta,t a ɲ t a,,parkerchavez1976,804,,,,,558,t a ɲ t a,"['t', 'a', 'ɲ', 't', 'a']"
Yanac-84_bread-1,,Yanac,84_bread,tanta,tanta,t a n t a,,heggarty2005,804,,,,,558,t a n t a,"['t', 'a', 'n', 't', 'a']"
Anonimo-85_meatswflesh-1,,Anonimo,85_meatswflesh,aycha,aycha,ai tʃ a,,valera1586,526,,,,,3999,ai tʃ a,"['ai', 'tʃ', 'a']"
Apuri-85_meatswflesh-1,,Apuri,85_meatswflesh,aycha,aycha,ai tʃ a,,shimelman2017,526,,,,,3999,ai tʃ a,"['ai', 'tʃ', 'a']"
Apurimac-85_meatswflesh-1,,Apurimac,85_meatswflesh,aycha,aycha,ai tʃ a,,camacho2007,526,,,,,3999,ai tʃ a,"['ai', 'tʃ', 'a']"
Arma-85_meatswflesh-1,,Arma,85_meatswflesh,aycha,aycha,ai tʃ a,,galvez2003,526,,,,,3999,ai tʃ a,"['ai', 'tʃ', 'a']"
Atalla-85_meatswflesh-1,,Atalla,85_meatswflesh,ayča,ayča,ai tʃ a,,heggarty2005,526,,,,,3999,ai tʃ a,"['ai', 'tʃ', 'a']"
Ayacucho-85_meatswflesh-1,,Ayacucho,85_meatswflesh,aycha,aycha,ai tʃ a,,soto1976,526,,,,,3999,ai tʃ a,"['ai', 'tʃ', 'a']"
Bobonaza-85_meatswflesh-1,,Bobonaza,85_meatswflesh,aicha,aicha,ai tʃ a,,orrwrisley1981,526,,,,,3999,ai tʃ a,"['ai', 'tʃ', 'a']"
Cacra-Hongos-85_meatswflesh-1,,Cacra-Hongos,85_meatswflesh,aycha,aycha,ai tʃ a,,shimelman2017,526,,,,,3999,ai tʃ a,"['ai', 'tʃ', 'a']"
Chachapoyas-85_meatswflesh-1,,Chachapoyas,85_meatswflesh,aycha,aycha,ai tʃ a,,taylor2006,526,,,,,3999,ai tʃ a,"['ai', 'tʃ', 'a']"
Chacpar-85_meatswflesh-1,,Chacpar,85_meatswflesh,e:tsa,e:tsa,eː ts a,,heggarty2005,526,,,,,3999,eː ts a,"['eː', 'ts', 'a']"
Chetilla-85_meatswflesh-1,,Chetilla,85_meatswflesh,ayča,ayča,ai tʃ a,,heggarty2005,526,,,,,3999,ai tʃ a,"['ai', 'tʃ', 'a']"
Chipaya-85_meatswflesh-1,,Chipaya,85_meatswflesh,chhishwi,chhishwi,tʃ h i ʃ w i,,heggarty2005,530,,,,,4000,tʃ h i ʃ w i,"['tʃ', 'h', 'i', 'ʃ', 'w', 'i']"
Curva-85_meatswflesh-1,,Curva,85_meatswflesh,ayča,ayča,ai tʃ a,,heggarty2005,526,,,,,3999,ai tʃ a,"['ai', 'tʃ', 'a']"
Cuzco-85_meatswflesh-1,,Cuzco,85_meatswflesh,ayča,ayča,ai tʃ a,,heggarty2005,526,,,,,3999,ai tʃ a,"['ai', 'tʃ', 'a']"
CuzquenoAntiguo-85_meatswflesh-1,,CuzquenoAntiguo,85_meatswflesh,aycha,aycha,ai tʃ a,,holguin1608,526,,,,,3999,ai tʃ a,"['ai', 'tʃ', 'a']"
Huallaga-85_meatswflesh-1,,Huallaga,85_meatswflesh,ayča,ayča,ai tʃ a,,heggarty2005,526,,,,,3999,ai tʃ a,"['ai', 'tʃ', 'a']"
Huanca-85_meatswflesh-1,,Huanca,85_meatswflesh,aycha,aycha,ai tʃ a,,cerron1976,526,,,,,3999,ai tʃ a,"['ai', 'tʃ', 'a']"
Huancane-85_meatswflesh-1,,Huancane,85_meatswflesh,ayča,ayča,ai tʃ a,,heggarty2005,413,,,,,335,ai tʃ a,"['ai', 'tʃ', 'a']"
Huangascar-85_meatswflesh-1,,Huangascar,85_meatswflesh,aycha,aycha,ai tʃ a,,shimelman2017,526,,,,,3999,ai tʃ a,"['ai', 'tʃ', 'a']"
HuarazHuailas-85_meatswflesh-1,,HuarazHuailas,85_meatswflesh,aytsa,aytsa,ai ts a,,parkerchavez1976,526,,,,,3999,ai ts a,"['ai', 'ts', 'a']"
Imbabura-85_meatswflesh-1,,Imbabura,85_meatswflesh,aycha,aycha,ai tʃ a,,gomez2009,526,,,,,3999,ai tʃ a,"['ai', 'tʃ', 'a']"
Inkawasi-85_meatswflesh-1,,Inkawasi,85_meatswflesh,ayča,ayča,ai tʃ a,,heggarty2005,526,,,,,3999,ai tʃ a,"['ai', 'tʃ', 'a']"
Iruhito-85_meatswflesh-1,,Iruhito,85_meatswflesh,hílyi,hílyi,h i l j i,,cerron2016,531,,,,,4002,h i l j - i,"['h', 'i', 'l', 'j', 'i']"
Jaqaru-85_meatswflesh-1,,Jaqaru,85_meatswflesh,hanči,hanči,h a n tʃ i,,heggarty2005,531,,,,,4002,h a n tʃ - i,"['h', 'a', 'n', 'tʃ', 'i']"
Kawki-85_meatswflesh-1,,Kawki,85_meatswflesh,hanči,hanči,h a n tʃ i,,heggarty2005,531,,,,,4002,h a n tʃ - i,"['h', 'a', 'n', 'tʃ', 'i']"
Lamas-85_meatswflesh-1,,Lamas,85_meatswflesh,aycha,aycha,ai tʃ a,,taylor2006,526,,,,,3999,ai tʃ a,"['ai', 'tʃ', 'a']"
Laraos-85_meatswflesh-1,,Laraos,85_meatswflesh,ayča,ayča,ai tʃ a,,heggarty2005,526,,,,,3999,ai tʃ a,"['ai', 'tʃ', 'a']"
Lincha-Tana-85_meatswflesh-1,,Lincha-Tana,85_meatswflesh,aycha,aycha,ai tʃ a,,shimelman2017,526,,,,,3999,ai tʃ a,"['ai', 'tʃ', 'a']"
Maragua-85_meatswflesh-1,,Maragua,85_meatswflesh,ayča,ayča,ai tʃ a,,heggarty2005,526,,,,,3999,ai tʃ a,"['ai', 'tʃ', 'a']"
Napo-85_meatswflesh-1,,Napo,85_meatswflesh,aicha,aicha,ai tʃ a,,orrwrisley1981,526,,,,,3999,ai tʃ a,"['ai', 'tʃ', 'a']"
Pacaraos-85_meatswflesh-1,,Pacaraos,85_meatswflesh,aysa,aysa,ai s a,,adelaar1982,526,,,,,3999,ai s a,"['ai', 's', 'a']"
Pastaza-85_meatswflesh-1,,Pastaza,85_meatswflesh,aycha,aycha,ai tʃ a,,landerman1973,526,,,,,3999,ai tʃ a,"['ai', 'tʃ', 'a']"
Pocona-85_meatswflesh-1,,Pocona,85_meatswflesh,ayča,ayča,ai tʃ a,,heggarty2005,526,,,,,3999,ai tʃ a,"['ai', 'tʃ', 'a']"
Puki-85_meatswflesh-1,,Puki,85_meatswflesh,ayča,ayča,ai tʃ a,,heggarty2005,413,,,,,335,ai tʃ a,"['ai', 'tʃ', 'a']"
Puno-85_meatswflesh-1,,Puno,85_meatswflesh,ayča,ayča,ai tʃ a,,heggarty2005,526,,,,,3999,ai tʃ a,"['ai', 'tʃ', 'a']"
Putumayo-85_meatswflesh-1,,Putumayo,85_meatswflesh,aycha,aycha,ai tʃ a,,tandioy1978,526,,,,,3999,ai tʃ a,"['ai', 'tʃ', 'a']"
Raimondi-85_meatswflesh-1,,Raimondi,85_meatswflesh,aytsa,aytsa,ai ts a,,parkerchavez1976,526,,,,,3999,ai ts a,"['ai', 'ts', 'a']"
SanPedro-85_meatswflesh-1,,SanPedro,85_meatswflesh,aycha,aycha,ai tʃ a,,shimelman2017,526,,,,,3999,ai tʃ a,"['ai', 'tʃ', 'a']"
Santiagueno-85_meatswflesh-1,,Santiagueno,85_meatswflesh,aycha,aycha,ai tʃ a,,juanatey2021,526,,,,,3999,ai tʃ a,"['ai', 'tʃ', 'a']"
SantoTomas-85_meatswflesh-1,,SantoTomas,85_meatswflesh,aycha,aycha,ai tʃ a,,santotomas1951,526,,,,,3999,ai tʃ a,"['ai', 'tʃ', 'a']"
Serena-85_meatswflesh-1,,Serena,85_meatswflesh,ayča,ayča,ai tʃ a,,heggarty2005,526,,,,,3999,ai tʃ a,"['ai', 'tʃ', 'a']"
Sullkatiti-85_meatswflesh-1,,Sullkatiti,85_meatswflesh,ayča,ayča,ai tʃ a,,heggarty2005,413,,,,,335,ai tʃ a,"['ai', 'tʃ', 'a']"
Taquile-85_meatswflesh-1,,Taquile,85_meatswflesh,ayča,ayča,ai tʃ a,,heggarty2005,526,,,,,3999,ai tʃ a,"['ai', 'tʃ', 'a']"
Tarma-85_meatswflesh-1,,Tarma,85_meatswflesh,ayča,ayča,ai tʃ a,,adelaar1977,526,,,,,3999,ai tʃ a,"['ai', 'tʃ', 'a']"
Troje-85_meatswflesh-1,,Troje,85_meatswflesh,ayča,ayča,ai tʃ a,,heggarty2005,526,,,,,3999,ai tʃ a,"['ai', 'tʃ', 'a']"
Tsimu-85_meatswflesh-1,,Tsimu,85_meatswflesh,"hílye, hánkχi",hílye,h i l j e,,cerron2016,531,,,,,4002,h i l j - e,"['h', 'i', 'l', 'j', 'e']"
Tsimu-85_meatswflesh-2,,Tsimu,85_meatswflesh,"hílye, hánkχi",hánkχi,h a n k χ i,,cerron2016,531,,,,,4002,h a n k χ i,"['h', 'a', 'n', 'k', 'χ', 'i']"
Wari-85_meatswflesh-1,,Wari,85_meatswflesh,aytsa,aytsa,ai ts a,,parkerchavez1976,526,,,,,3999,ai ts a,"['ai', 'ts', 'a']"
Yanac-85_meatswflesh-1,,Yanac,85_meatswflesh,e:tsa,e:tsa,eː ts a,,heggarty2005,526,,,,,3999,eː ts a,"['eː', 'ts', 'a']"
Anonimo-86_salt-1,,Anonimo,86_salt,cachi,cachi,k a tʃ i,,valera1586,744,,,,,5237,k a tʃ i,"['k', 'a', 'tʃ', 'i']"
Apuri-86_salt-1,,Apuri,86_salt,katri,katri,k a ʈʂ i,,shimelman2017,744,,,,,5237,k a ʈʂ i,"['k', 'a', 'ʈʂ', 'i']"
Apurimac-86_salt-1,,Apurimac,86_salt,kachi,kachi,k a tʃ i,,camacho2007,744,,,,,5237,k a tʃ i,"['k', 'a', 'tʃ', 'i']"
Atalla-86_salt-1,,Atalla,86_salt,kači,kači,k a tʃ i,,heggarty2005,744,,,,,5237,k a tʃ i,"['k', 'a', 'tʃ', 'i']"
Ayacucho-86_salt-1,,Ayacucho,86_salt,kachi,kachi,k a tʃ i,,soto1976,744,,,,,5237,k a tʃ i,"['k', 'a', 'tʃ', 'i']"
Bobonaza-86_salt-1,,Bobonaza,86_salt,cachi,cachi,k a tʃ i,,orrwrisley1981,744,,,,,5237,k a tʃ i,"['k', 'a', 'tʃ', 'i']"
Cacra-Hongos-86_salt-1,,Cacra-Hongos,86_salt,katri,katri,k a ʈʂ i,,shimelman2017,744,,,,,5237,k a ʈʂ i,"['k', 'a', 'ʈʂ', 'i']"
Chachapoyas-86_salt-1,,Chachapoyas,86_salt,kaĉi,kaĉi,k a ʈʂ i,,taylor2006,744,,,,,5237,k a ʈʂ i,"['k', 'a', 'ʈʂ', 'i']"
Chacpar-86_salt-1,,Chacpar,86_salt,kači,kači,k a tʃ i,,heggarty2005,744,,,,,5237,k a tʃ i,"['k', 'a', 'tʃ', 'i']"
Chetilla-86_salt-1,,Chetilla,86_salt,kaĉi,kaĉi,k a ʈʂ i,,heggarty2005,744,,,,,5237,k a ʈʂ i,"['k', 'a', 'ʈʂ', 'i']"
Chipaya-86_salt-1,,Chipaya,86_salt,yakwu,yakwu,j a k w u,,heggarty2005,745,,,,,5238,j a k w u,"['j', 'a', 'k', 'w', 'u']"
Curva-86_salt-1,,Curva,86_salt,kači,kači,k a tʃ i,,heggarty2005,744,,,,,5237,k a tʃ i,"['k', 'a', 'tʃ', 'i']"
Cuzco-86_salt-1,,Cuzco,86_salt,kači,kači,k a tʃ i,,heggarty2005,744,,,,,5237,k a tʃ i,"['k', 'a', 'tʃ', 'i']"
CuzquenoAntiguo-86_salt-1,,CuzquenoAntiguo,86_salt,cachi,cachi,k a tʃ i,,holguin1608,744,,,,,5237,k a tʃ i,"['k', 'a', 'tʃ', 'i']"
Huallaga-86_salt-1,,Huallaga,86_salt,kači,kači,k a tʃ i,,heggarty2005,744,,,,,5237,k a tʃ i,"['k', 'a', 'tʃ', 'i']"
Huanca-86_salt-1,,Huanca,86_salt,katri,katri,k a ʈʂ i,,cerron2018,744,,,,,5237,k a ʈʂ i,"['k', 'a', 'ʈʂ', 'i']"
Huancane-86_salt-1,,Huancane,86_salt,hayu,hayu,h a j u,,heggarty2005,746,,,,,5239,h a j u,"['h', 'a', 'j', 'u']"
Huangascar-86_salt-1,,Huangascar,86_salt,katri,katri,k a ʈʂ i,,shimelman2017,744,,,,,5237,k a ʈʂ i,"['k', 'a', 'ʈʂ', 'i']"
HuarazHuailas-86_salt-1,,HuarazHuailas,86_salt,kachi,kachi,k a tʃ i,,parkerchavez1976,744,,,,,5237,k a tʃ i,"['k', 'a', 'tʃ', 'i']"
Imbabura-86_salt-1,,Imbabura,86_salt,kachi,kachi,k a tʃ i,,gomez2009,744,,,,,5237,k a tʃ i,"['k', 'a', 'tʃ', 'i']"
Inkawasi-86_salt-1,,Inkawasi,86_salt,kaĉi,kaĉi,k a ʈʂ i,,heggarty2005,744,,,,,5237,k a ʈʂ i,"['k', 'a', 'ʈʂ', 'i']"
Iruhito-86_salt-1,,Iruhito,86_salt,yé:ku:,yé:ku:,j eː k uː,,cerron2016,745,,,,,5238,j eː k - uː,"['j', 'eː', 'k', 'uː']"
Jaqaru-86_salt-1,,Jaqaru,86_salt,katyi,katyi,k a tʲ i,,heggarty2005,414,,,,,336,k a tʲ i,"['k', 'a', 'tʲ', 'i']"
Kawki-86_salt-1,,Kawki,86_salt,katyi,katyi,k a tʲ i,,heggarty2005,414,,,,,336,k a tʲ i,"['k', 'a', 'tʲ', 'i']"
Lamas-86_salt-1,,Lamas,86_salt,kachi,kachi,k a tʃ i,,taylor2006,744,,,,,5237,k a tʃ i,"['k', 'a', 'tʃ', 'i']"
Laraos-86_salt-1,,Laraos,86_salt,kaĉi,kaĉi,k a ʈʂ i,,heggarty2005,744,,,,,5237,k a ʈʂ i,"['k', 'a', 'ʈʂ', 'i']"
Lincha-Tana-86_salt-1,,Lincha-Tana,86_salt,katri,katri,k a ʈʂ i,,shimelman2017,744,,,,,5237,k a ʈʂ i,"['k', 'a', 'ʈʂ', 'i']"
Maragua-86_salt-1,,Maragua,86_salt,kači,kači,k a tʃ i,,heggarty2005,744,,,,,5237,k a tʃ i,"['k', 'a', 'tʃ', 'i']"
Napo-86_salt-1,,Napo,86_salt,cachi,cachi,k a tʃ i,,orrwrisley1981,744,,,,,5237,k a tʃ i,"['k', 'a', 'tʃ', 'i']"
Pacaraos-86_salt-1,,Pacaraos,86_salt,katri,katri,k a ʈʂ i,,adelaar1982,744,,,,,5237,k a ʈʂ i,"['k', 'a', 'ʈʂ', 'i']"
Pastaza-86_salt-1,,Pastaza,86_salt,cachi,cachi,k a tʃ i,,landerman1973,744,,,,,5237,k a tʃ i,"['k', 'a', 'tʃ', 'i']"
Pocona-86_salt-1,,Pocona,86_salt,kači,kači,k a tʃ i,,heggarty2005,744,,,,,5237,k a tʃ i,"['k', 'a', 'tʃ', 'i']"
Puki-86_salt-1,,Puki,86_salt,χayu,χayu,χ a j u,,heggarty2005,746,,,,,5239,χ a j u,"['χ', 'a', 'j', 'u']"
Puno-86_salt-1,,Puno,86_salt,kači,kači,k a tʃ i,,heggarty2005,744,,,,,5237,k a tʃ i,"['k', 'a', 'tʃ', 'i']"
Putumayo-86_salt-1,,Putumayo,86_salt,cachi,cachi,k a tʃ i,,tandioy1978,744,,,,,5237,k a tʃ i,"['k', 'a', 'tʃ', 'i']"
Raimondi-86_salt-1,,Raimondi,86_salt,kachi,kachi,k a tʃ i,,parkerchavez1976,744,,,,,5237,k a tʃ i,"['k', 'a', 'tʃ', 'i']"
SanPedro-86_salt-1,,SanPedro,86_salt,katri,katri,k a ʈʂ i,,shimelman2017,744,,,,,5237,k a ʈʂ i,"['k', 'a', 'ʈʂ', 'i']"
Santiagueno-86_salt-1,,Santiagueno,86_salt,kachi,kachi,k a tʃ i,,juanatey2021,744,,,,,5237,k a tʃ i,"['k', 'a', 'tʃ', 'i']"
SantoTomas-86_salt-1,,SantoTomas,86_salt,kachi,kachi,k a tʃ i,,santotomas1951,744,,,,,5237,k a tʃ i,"['k', 'a', 'tʃ', 'i']"
Serena-86_salt-1,,Serena,86_salt,kači,kači,k a tʃ i,,heggarty2005,744,,,,,5237,k a tʃ i,"['k', 'a', 'tʃ', 'i']"
Sullkatiti-86_salt-1,,Sullkatiti,86_salt,hayu,hayu,h a j u,,heggarty2005,746,,,,,5239,h a j u,"['h', 'a', 'j', 'u']"
Taquile-86_salt-1,,Taquile,86_salt,kači,kači,k a tʃ i,,heggarty2005,744,,,,,5237,k a tʃ i,"['k', 'a', 'tʃ', 'i']"
Tarma-86_salt-1,,Tarma,86_salt,kaĉi,kaĉi,k a ʈʂ i,,adelaar1977,744,,,,,5237,k a ʈʂ i,"['k', 'a', 'ʈʂ', 'i']"
Troje-86_salt-1,,Troje,86_salt,kači,kači,k a tʃ i,,heggarty2005,744,,,,,5237,k a tʃ i,"['k', 'a', 'tʃ', 'i']"
Tsimu-86_salt-1,,Tsimu,86_salt,yí:co:,yí:co:,j iː k oː,,cerron2016,745,,,,,5238,j iː k - oː,"['j', 'iː', 'k', 'oː']"
Wari-86_salt-1,,Wari,86_salt,kachi,kachi,k a tʃ i,,parkerchavez1976,744,,,,,5237,k a tʃ i,"['k', 'a', 'tʃ', 'i']"
Yanac-86_salt-1,,Yanac,86_salt,kaĉi,kaĉi,k a ʈʂ i,,heggarty2005,744,,,,,5237,k a ʈʂ i,"['k', 'a', 'ʈʂ', 'i']"
Anonimo-87_fatgrease-1,,Anonimo,87_fatgrease,"vicicici, mapa",vicicici,w i s i s i s i,,valera1586,330,,,,,287,w i s i s i s i,"['w', 'i', 's', 'i', 's', 'i', 's', 'i']"
Anonimo-87_fatgrease-2,,Anonimo,87_fatgrease,"vicicici, mapa",mapa,m a p a,,valera1586,146,,,,,1793,m a p a,"['m', 'a', 'p', 'a']"
Apuri-87_fatgrease-1,,Apuri,87_fatgrease,wira,wira,w i ɾ a,,shimelman2017,140,,,,,1788,w i ɾ a,"['w', 'i', 'ɾ', 'a']"
Apurimac-87_fatgrease-1,,Apurimac,87_fatgrease,untu,untu,u n t u,,camacho2007,141,,,,,1789,u n t u,"['u', 'n', 't', 'u']"
Apurimac-87_fatgrease-2,,Apurimac,87_fatgrease,wira,wira,w i r a,,camacho2007,140,,,,,1788,w i r a,"['w', 'i', 'r', 'a']"
Arma-87_fatgrease-1,,Arma,87_fatgrease,wira,wira,w i ɾ a,,galvez2003,140,,,,,1788,w i ɾ a,"['w', 'i', 'ɾ', 'a']"
Atalla-87_fatgrease-1,,Atalla,87_fatgrease,wira,wira,w i r a,,heggarty2005,140,,,,,1788,w i r a,"['w', 'i', 'r', 'a']"
Ayacucho-87_fatgrease-1,,Ayacucho,87_fatgrease,wira,wira,w i ɾ a,,soto1976,140,,,,,1788,w i ɾ a,"['w', 'i', 'ɾ', 'a']"
Cacra-Hongos-87_fatgrease-1,,Cacra-Hongos,87_fatgrease,wira,wira,w i l a,,shimelman2017,140,,,,,1788,w i l a,"['w', 'i', 'l', 'a']"
Chachapoyas-87_fatgrease-1,,Chachapoyas,87_fatgrease,wira,wira,w i r a,,taylor2006,140,,,,,1788,w i r a,"['w', 'i', 'r', 'a']"
Chacpar-87_fatgrease-1,,Chacpar,87_fatgrease,wira,wira,w i r a,,heggarty2005,140,,,,,1788,w i r a,"['w', 'i', 'r', 'a']"
Chetilla-87_fatgrease-1,,Chetilla,87_fatgrease,wira,wira,w i r a,,heggarty2005,140,,,,,1788,w i r a,"['w', 'i', 'r', 'a']"
Chipaya-87_fatgrease-1,,Chipaya,87_fatgrease,khewa,khewa,kʰ e w a,,heggarty2005,143,,,,,1790,kʰ e w a,"['kʰ', 'e', 'w', 'a']"
Curva-87_fatgrease-1,,Curva,87_fatgrease,wira,wira,w i r a,,heggarty2005,140,,,,,1788,w i r a,"['w', 'i', 'r', 'a']"
Cuzco-87_fatgrease-1,,Cuzco,87_fatgrease,wira,wira,w i r a,,heggarty2005,140,,,,,1788,w i r a,"['w', 'i', 'r', 'a']"
CuzquenoAntiguo-87_fatgrease-1,,CuzquenoAntiguo,87_fatgrease,vicicici,vicicici,w i s i s i s i,,holguin1608,330,,,,,287,w i s i s i s i,"['w', 'i', 's', 'i', 's', 'i', 's', 'i']"
Huallaga-87_fatgrease-1,,Huallaga,87_fatgrease,wira,wira,w i r a,,heggarty2005,140,,,,,1788,w i r a,"['w', 'i', 'r', 'a']"
Huanca-87_fatgrease-1,,Huanca,87_fatgrease,wila,wila,w i l a,,cerron2018,140,,,,,1788,w i l a,"['w', 'i', 'l', 'a']"
Huancane-87_fatgrease-1,,Huancane,87_fatgrease,lik'i,lik'i,l i kʼ i,,heggarty2005,144,,,,,1791,l i kʼ i,"['l', 'i', 'kʼ', 'i']"
Huangascar-87_fatgrease-1,,Huangascar,87_fatgrease,wira,wira,w i ɾ a,,shimelman2017,140,,,,,1788,w i ɾ a,"['w', 'i', 'ɾ', 'a']"
HuarazHuailas-87_fatgrease-1,,HuarazHuailas,87_fatgrease,wira,wira,w i ɾ a,,parkerchavez1976,140,,,,,1788,w i ɾ a,"['w', 'i', 'ɾ', 'a']"
Imbabura-87_fatgrease-1,,Imbabura,87_fatgrease,vira,vira,ɸ i ɾ a,,gomez2009,140,,,,,1788,ɸ i ɾ a,"['ɸ', 'i', 'ɾ', 'a']"
Inkawasi-87_fatgrease-1,,Inkawasi,87_fatgrease,wira,wira,w i r a,,heggarty2005,140,,,,,1788,w i r a,"['w', 'i', 'r', 'a']"
Jaqaru-87_fatgrease-1,,Jaqaru,87_fatgrease,nik'i,nik'i,n i kʼ i,,heggarty2005,144,,,,,1791,n i kʼ i,"['n', 'i', 'kʼ', 'i']"
Kawki-87_fatgrease-1,,Kawki,87_fatgrease,ñik'i,ñik'i,ɲ i kʼ i,,heggarty2005,144,,,,,1791,ɲ i kʼ i,"['ɲ', 'i', 'kʼ', 'i']"
Lamas-87_fatgrease-1,,Lamas,87_fatgrease,wira,wira,w i r a,,taylor2006,140,,,,,1788,w i r a,"['w', 'i', 'r', 'a']"
Laraos-87_fatgrease-1,,Laraos,87_fatgrease,wira,wira,w i r a,,heggarty2005,140,,,,,1788,w i r a,"['w', 'i', 'r', 'a']"
Lincha-Tana-87_fatgrease-1,,Lincha-Tana,87_fatgrease,wira,wira,w i ɾ a,,shimelman2017,140,,,,,1788,w i ɾ a,"['w', 'i', 'ɾ', 'a']"
Maragua-87_fatgrease-1,,Maragua,87_fatgrease,wira,wira,w i r a,,heggarty2005,140,,,,,1788,w i r a,"['w', 'i', 'r', 'a']"
Pacaraos-87_fatgrease-1,,Pacaraos,87_fatgrease,wira,wira,w i ɾ a,,adelaar1982,140,,,,,1788,w i ɾ a,"['w', 'i', 'ɾ', 'a']"
Pastaza-87_fatgrease-1,,Pastaza,87_fatgrease,grasa,grasa,g r a s a,,landerman1973,145,,,,esp,1792,g r a s a,"['g', 'r', 'a', 's', 'a']"
Pocona-87_fatgrease-1,,Pocona,87_fatgrease,wira,wira,w i r a,,heggarty2005,140,,,,,1788,w i r a,"['w', 'i', 'r', 'a']"
Puki-87_fatgrease-1,,Puki,87_fatgrease,lik'i,lik'i,l i kʼ i,,heggarty2005,144,,,,,1791,l i kʼ i,"['l', 'i', 'kʼ', 'i']"
Puno-87_fatgrease-1,,Puno,87_fatgrease,wira,wira,w i r a,,heggarty2005,140,,,,,1788,w i r a,"['w', 'i', 'r', 'a']"
Putumayo-87_fatgrease-1,,Putumayo,87_fatgrease,huira,huira,w i r a,,tandioy1978,140,,,,,1788,w i r a,"['w', 'i', 'r', 'a']"
Raimondi-87_fatgrease-1,,Raimondi,87_fatgrease,wira,wira,w i ɾ a,,parkerchavez1976,140,,,,,1788,w i ɾ a,"['w', 'i', 'ɾ', 'a']"
SanPedro-87_fatgrease-1,,SanPedro,87_fatgrease,wira,wira,w i ɾ a,,shimelman2017,140,,,,,1788,w i ɾ a,"['w', 'i', 'ɾ', 'a']"
Santiagueno-87_fatgrease-1,,Santiagueno,87_fatgrease,wira,wira,w i ɾ a,,juanatey2021,140,,,,,1788,w i ɾ a,"['w', 'i', 'ɾ', 'a']"
SantoTomas-87_fatgrease-1,,SantoTomas,87_fatgrease,vira,vira,w i r a,,santotomas1996,140,,,,,1788,w i r a,"['w', 'i', 'r', 'a']"
Serena-87_fatgrease-1,,Serena,87_fatgrease,ira,ira,i r a,,heggarty2005,140,,,,,1788,- i r a,"['i', 'r', 'a']"
Sullkatiti-87_fatgrease-1,,Sullkatiti,87_fatgrease,lik'i,lik'i,l i kʼ i,,heggarty2005,144,,,,,1791,l i kʼ i,"['l', 'i', 'kʼ', 'i']"
Taquile-87_fatgrease-1,,Taquile,87_fatgrease,wira,wira,w i r a,,heggarty2005,140,,,,,1788,w i r a,"['w', 'i', 'r', 'a']"
Tarma-87_fatgrease-1,,Tarma,87_fatgrease,wira,wira,w i ɾ a,,adelaar1977,140,,,,,1788,w i ɾ a,"['w', 'i', 'ɾ', 'a']"
Troje-87_fatgrease-1,,Troje,87_fatgrease,wira,wira,w i r a,,heggarty2005,140,,,,,1788,w i r a,"['w', 'i', 'r', 'a']"
Wari-87_fatgrease-1,,Wari,87_fatgrease,wira,wira,w i ɾ a,,parkerchavez1976,140,,,,,1788,w i ɾ a,"['w', 'i', 'ɾ', 'a']"
Yanac-87_fatgrease-1,,Yanac,87_fatgrease,wira,wira,w i r a,,heggarty2005,140,,,,,1788,w i r a,"['w', 'i', 'r', 'a']"
Anonimo-88_seed-1,,Anonimo,88_seed,muru,muru,m u r u,,valera1586,327,,,,,284,m u r u,"['m', 'u', 'r', 'u']"
Apurimac-88_seed-1,,Apurimac,88_seed,"muju, muhu, muqu",muju,m u χ u,,camacho2007,153,,,,,184,m u χ u,"['m', 'u', 'χ', 'u']"
Apurimac-88_seed-2,,Apurimac,88_seed,"muju, muhu, muqu",muhu,m u h u,,camacho2007,311,,,,,276,m u h u,"['m', 'u', 'h', 'u']"
Apurimac-88_seed-3,,Apurimac,88_seed,"muju, muhu, muqu",muqu,m u q u,,camacho2007,153,,,,,184,m u q u,"['m', 'u', 'q', 'u']"
Arma-88_seed-1,,Arma,88_seed,muru,muru,m u ɾ u,,galvez2003,327,,,,,284,m u ɾ u,"['m', 'u', 'ɾ', 'u']"
Atalla-88_seed-1,,Atalla,88_seed,muxu,muxu,m u x u,,heggarty2005,153,,,,,184,m u x u,"['m', 'u', 'x', 'u']"
Ayacucho-88_seed-1,,Ayacucho,88_seed,"muru, muya",muru,m u ɾ u,,soto1976,327,,,,,284,m u ɾ u,"['m', 'u', 'ɾ', 'u']"
Ayacucho-88_seed-2,,Ayacucho,88_seed,"muru, muya",muya,m u j a,,soto1976,311,,,,,276,m u j a,"['m', 'u', 'j', 'a']"
Bobonaza-88_seed-1,,Bobonaza,88_seed,muyu,muyu,m u j u,,orrwrisley1981,311,,,,,276,m u j u,"['m', 'u', 'j', 'u']"
Chachapoyas-88_seed-1,,Chachapoyas,88_seed,muru,muru,m u r u,,taylor2006,327,,,,,284,m u r u,"['m', 'u', 'r', 'u']"
Chacpar-88_seed-1,,Chacpar,88_seed,muru,muru,m u r u,,heggarty2005,327,,,,,284,m u r u,"['m', 'u', 'r', 'u']"
Chetilla-88_seed-1,,Chetilla,88_seed,muru,muru,m u r u,,quesada1976,327,,,,,284,m u r u,"['m', 'u', 'r', 'u']"
Curva-88_seed-1,,Curva,88_seed,muxu,muxu,m u x u,,heggarty2005,153,,,,,184,m u x u,"['m', 'u', 'x', 'u']"
Cuzco-88_seed-1,,Cuzco,88_seed,muxu,muxu,m u x u,,heggarty2005,153,,,,,184,m u x u,"['m', 'u', 'x', 'u']"
CuzquenoAntiguo-88_seed-1,,CuzquenoAntiguo,88_seed,muhu,muhu,m u h u,,holguin1608,153,,,,,184,m u h u,"['m', 'u', 'h', 'u']"
Huallaga-88_seed-1,,Huallaga,88_seed,muru,muru,m u r u,,heggarty2005,327,,,,,284,m u r u,"['m', 'u', 'r', 'u']"
Huanca-88_seed-1,,Huanca,88_seed,muhu,muhu,m u h u,,cerron2018,153,,,,,184,m u h u,"['m', 'u', 'h', 'u']"
Jauja-88_seed-1,,Jauja,88_seed,muhu,muhu,m u h u,,cerron1976,153,,,,,184,m u h u,"['m', 'u', 'h', 'u']"
Huancane-88_seed-1,,Huancane,88_seed,hatha,hatha,h a tʰ a,,heggarty2005,776,,,,,5415,h a tʰ a,"['h', 'a', 'tʰ', 'a']"
HuarazHuailas-88_seed-1,,HuarazHuailas,88_seed,muru,muru,m u ɾ u,,parkerchavez1976,327,,,,,284,m u ɾ u,"['m', 'u', 'ɾ', 'u']"
Imbabura-88_seed-1,,Imbabura,88_seed,muyu,muyu,m u j u,,gomez2009,311,,,,,276,m u j u,"['m', 'u', 'j', 'u']"
Inkawasi-88_seed-1,,Inkawasi,88_seed,semilla,semilla,s e m i ʎ a,,heggarty2005,338,,,,esp,291,s e m i ʎ a,"['s', 'e', 'm', 'i', 'ʎ', 'a']"
Iruhito-88_seed-1,,Iruhito,88_seed,nó:ni,nó:ni,n oː n i,sh en superscript,cerron2016,329,,,,,286,n oː n i,"['n', 'oː', 'n', 'i']"
Jaqaru-88_seed-1,,Jaqaru,88_seed,atha,atha,a tʰ a,,heggarty2005,776,,,,,5415,- a tʰ a,"['a', 'tʰ', 'a']"
Kawki-88_seed-1,,Kawki,88_seed,aĉa,aĉa,a ʈʂ a,,heggarty2005,776,,,,,5415,- a ʈʂ a,"['a', 'ʈʂ', 'a']"
Lamas-88_seed-1,,Lamas,88_seed,muru,muru,m u r u,,taylor2006,327,,,,,284,m u r u,"['m', 'u', 'r', 'u']"
Laraos-88_seed-1,,Laraos,88_seed,muni,muni,m u n i,,heggarty2005,329,,,,,286,m u n i,"['m', 'u', 'n', 'i']"
Maragua-88_seed-1,,Maragua,88_seed,muhu,muhu,m u h u,,heggarty2005,153,,,,,184,m u h u,"['m', 'u', 'h', 'u']"
Napo-88_seed-1,,Napo,88_seed,muyu,muyu,m u j u,,orrwrisley1981,311,,,,,276,m u j u,"['m', 'u', 'j', 'u']"
Pacaraos-88_seed-1,,Pacaraos,88_seed,muru,muru,m u ɾ u,,adelaar1982,327,,,,,284,m u ɾ u,"['m', 'u', 'ɾ', 'u']"
Pastaza-88_seed-1,,Pastaza,88_seed,muyu,muyu,m u j u,,landerman1973,311,,,,,276,m u j u,"['m', 'u', 'j', 'u']"
Pocona-88_seed-1,,Pocona,88_seed,muhu,muhu,m u h u,,heggarty2005,153,,,,,184,m u h u,"['m', 'u', 'h', 'u']"
Puki-88_seed-1,,Puki,88_seed,semilla,semilla,s e m i ʎ a,,heggarty2005,775,,,,,5414,s e m i ʎ a,"['s', 'e', 'm', 'i', 'ʎ', 'a']"
Puno-88_seed-1,,Puno,88_seed,muxu,muxu,m u x u,,heggarty2005,153,,,,,184,m u x u,"['m', 'u', 'x', 'u']"
Putumayo-88_seed-1,,Putumayo,88_seed,muyu,muyu,m u j u,,tandioy1978,311,,,,,276,m u j u,"['m', 'u', 'j', 'u']"
Raimondi-88_seed-1,,Raimondi,88_seed,muru,muru,m u ɾ u,,parkerchavez1976,327,,,,,284,m u ɾ u,"['m', 'u', 'ɾ', 'u']"
SantoTomas-88_seed-1,,SantoTomas,88_seed,"moho, moni",moho,m o h o,"""o"" suggests velar friccative, early variation?",santotomas1951,153,,,,,184,m o h o,"['m', 'o', 'h', 'o']"
SantoTomas-88_seed-2,,SantoTomas,88_seed,"moho, moni",moni,m o n i,,santotomas1951,329,,,,,286,m o n i,"['m', 'o', 'n', 'i']"
Serena-88_seed-1,,Serena,88_seed,muyu,muyu,m u j u,,heggarty2005,311,,,,,276,m u j u,"['m', 'u', 'j', 'u']"
Sullkatiti-88_seed-1,,Sullkatiti,88_seed,hatha,hatha,h a tʰ a,,heggarty2005,776,,,,,5415,h a tʰ a,"['h', 'a', 'tʰ', 'a']"
Taquile-88_seed-1,,Taquile,88_seed,muxu,muxu,m u x u,,heggarty2005,153,,,,,184,m u x u,"['m', 'u', 'x', 'u']"
Tarma-88_seed-1,,Tarma,88_seed,muru,muru,m u ɾ u,,adelaar1977,327,,,,,284,m u ɾ u,"['m', 'u', 'ɾ', 'u']"
Troje-88_seed-1,,Troje,88_seed,muyu,muyu,m u j u,,heggarty2005,311,,,,,276,m u j u,"['m', 'u', 'j', 'u']"
Tsimu-88_seed-1,,Tsimu,88_seed,mú:χo,mú:χo,m uː χ o,,cerron2016,327,,,,,284,m uː χ o,"['m', 'uː', 'χ', 'o']"
Wari-88_seed-1,,Wari,88_seed,muru,muru,m u ɾ u,,parkerchavez1976,327,,,,,284,m u ɾ u,"['m', 'u', 'ɾ', 'u']"
Yanac-88_seed-1,,Yanac,88_seed,muru,muru,m u r u,,heggarty2005,327,,,,,284,m u r u,"['m', 'u', 'r', 'u']"
Anonimo-89_tree-1,,Anonimo,89_tree,"hacha, cacha (Chin)",hacha,h a tʃ a,,valera1586,930,,,,,7023,h a tʃ a ( - ),"['h', 'a', 'tʃ', 'a']"
Anonimo-89_tree-2,,Anonimo,89_tree,"hacha, cacha (Chin)",cacha,s a tʃ a,,valera1586,930,,,,,7023,s a tʃ a ( - ),"['s', 'a', 'tʃ', 'a']"
Apuri-89_tree-1,,Apuri,89_tree,qiru,qiru,q e ɾ u,,shimelman2017,217,,,,,221,q e ɾ u,"['q', 'e', 'ɾ', 'u']"
Apurimac-89_tree-1,,Apurimac,89_tree,pisonay,pisonay,p i s o n a,,camacho2007,932,,,,,7025,p i s o n a,"['p', 'i', 's', 'o', 'n', 'a']"
Apurimac-89_tree-2,,Apurimac,89_tree,sacha,sacha,s a tʃ a,,camacho2007,930,,,,,7023,s a tʃ a ( - ),"['s', 'a', 'tʃ', 'a']"
Atalla-89_tree-1,,Atalla,89_tree,sača,sača,s a tʃ a,,heggarty2005,930,,,,,7023,s a tʃ a ( - ),"['s', 'a', 'tʃ', 'a']"
Ayacucho-89_tree-1,,Ayacucho,89_tree,sacha,sacha,s a tʃ a,,soto1976,930,,,,,7023,s a tʃ a ( - ),"['s', 'a', 'tʃ', 'a']"
Bobonaza-89_tree-1,,Bobonaza,89_tree,ruya,ruya,r u j a,,orrwrisley1981,931,,,,,7024,r u j a,"['r', 'u', 'j', 'a']"
Cacra-Hongos-89_tree-1,,Cacra-Hongos,89_tree,qiru,qiru,q !e/i l u,,shimelman2017,217,,,,,221,q !e/i l u,"['q', '!e/i', 'l', 'u']"
Chachapoyas-89_tree-1,,Chachapoyas,89_tree,yura,yura,j u r a,,taylor2006,931,,,,,7024,j u r a,"['j', 'u', 'r', 'a']"
Chacpar-89_tree-1,,Chacpar,89_tree,hača,hača,h a tʃ a,,heggarty2005,930,,,,,7023,h a tʃ a ( - ),"['h', 'a', 'tʃ', 'a']"
Chetilla-89_tree-1,,Chetilla,89_tree,qiru,qiru,q i r u,,heggarty2005,217,,,,,221,q i r u,"['q', 'i', 'r', 'u']"
Curva-89_tree-1,,Curva,89_tree,sač'a,sač'a,s a tʃʼ a,,heggarty2005,930,,,,,7023,s a tʃʼ a ( - ),"['s', 'a', 'tʃʼ', 'a']"
Cuzco-89_tree-1,,Cuzco,89_tree,maλki,maλki,m a ʎ k i,,heggarty2005,933,,,,,7027,m a ʎ k i,"['m', 'a', 'ʎ', 'k', 'i']"
CuzquenoAntiguo-89_tree-1,,CuzquenoAntiguo,89_tree,hachha,hachha,h a tʃʰ a,,holguin1608,930,,,,,7023,h a tʃʰ a ( - ),"['h', 'a', 'tʃʰ', 'a']"
Huallaga-89_tree-1,,Huallaga,89_tree,qiru,qiru,q i r u,,heggarty2005,217,,,,,221,q i r u,"['q', 'i', 'r', 'u']"
Huanca-89_tree-1,,Huanca,89_tree,hatra,hatra,h a ʈʂ a,,cerron2018,930,,,,,7023,h a ʈʂ a ( - ),"['h', 'a', 'ʈʂ', 'a']"
Huancane-89_tree-1,,Huancane,89_tree,quqa,quqa,q u q a,,heggarty2005,222,,,,,222,q u q a,"['q', 'u', 'q', 'a']"
Huangascar-89_tree-1,,Huangascar,89_tree,qiru,qiru,q e ɾ u,,shimelman2017,217,,,,,221,q e ɾ u,"['q', 'e', 'ɾ', 'u']"
HuarazHuailas-89_tree-1,,HuarazHuailas,89_tree,qeru,qeru,q e ɾ u,,parkerchavez1976,217,,,,,221,q e ɾ u,"['q', 'e', 'ɾ', 'u']"
Imbabura-89_tree-1,,Imbabura,89_tree,yura,yura,j u ɾ a,,gomez2009,931,,,,,7024,j u ɾ a,"['j', 'u', 'ɾ', 'a']"
Inkawasi-89_tree-1,,Inkawasi,89_tree,χiru,χiru,χ i r u,,heggarty2005,217,,,,,221,χ i r u,"['χ', 'i', 'r', 'u']"
Iruhito-89_tree-1,,Iruhito,89_tree,pá:r̂a,pá:r̂a,p aː r a,,cerron2016,122,,,,,169,p aː r a,"['p', 'aː', 'r', 'a']"
Jaqaru-89_tree-1,,Jaqaru,89_tree,arbuli,arbuli,a r b u l i,,heggarty2005,770,,,,esp,538,a r b u l i,"['a', 'r', 'b', 'u', 'l', 'i']"
Kawki-89_tree-1,,Kawki,89_tree,arbuli,arbuli,a r b u l i,,heggarty2005,771,,,,esp,539,a r b u l i,"['a', 'r', 'b', 'u', 'l', 'i']"
Lamas-89_tree-1,,Lamas,89_tree,yura,yura,j u r a,,taylor2006,931,,,,,7024,j u r a,"['j', 'u', 'r', 'a']"
Laraos-89_tree-1,,Laraos,89_tree,munti,munti,m u n t i,,heggarty2005,934,,,,,7029,m u n t i,"['m', 'u', 'n', 't', 'i']"
Lincha-Tana-89_tree-1,,Lincha-Tana,89_tree,qiru,qiru,q e ɾ u,,shimelman2017,217,,,,,221,q e ɾ u,"['q', 'e', 'ɾ', 'u']"
Maragua-89_tree-1,,Maragua,89_tree,sač'a,sač'a,s a tʃʼ a,,heggarty2005,930,,,,,7023,s a tʃʼ a ( - ),"['s', 'a', 'tʃʼ', 'a']"
Napo-89_tree-1,,Napo,89_tree,ruya,ruya,r u j a,,orrwrisley1981,931,,,,,7024,r u j a,"['r', 'u', 'j', 'a']"
Pacaraos-89_tree-1,,Pacaraos,89_tree,qiru,qiru,χ e ɾ u,,adelaar1982,217,,,,,221,χ e ɾ u,"['χ', 'e', 'ɾ', 'u']"
Pastaza-89_tree-1,,Pastaza,89_tree,caspi,caspi,k a s p i,,landerman1973,935,,,,,7030,k a s p i,"['k', 'a', 's', 'p', 'i']"
Pocona-89_tree-1,,Pocona,89_tree,sač'a,sač'a,s a tʃʼ a,,heggarty2005,930,,,,,7023,s a tʃʼ a ( - ),"['s', 'a', 'tʃʼ', 'a']"
Puki-89_tree-1,,Puki,89_tree,quqa,quqa,q u q a,,heggarty2005,222,,,,,222,q u q a,"['q', 'u', 'q', 'a']"
Puno-89_tree-1,,Puno,89_tree,quqa,quqa,q u q a,,heggarty2005,826,,,,aymara,571,q u q a,"['q', 'u', 'q', 'a']"
Putumayo-89_tree-1,,Putumayo,89_tree,sacha,sacha,s a tʃ a,,tandioy1978,930,,,,,7023,s a tʃ a ( - ),"['s', 'a', 'tʃ', 'a']"
SanPedro-89_tree-1,,SanPedro,89_tree,qiru,qiru,q e ɾ u,,shimelman2017,217,,,,,221,q e ɾ u,"['q', 'e', 'ɾ', 'u']"
Santiagueno-89_tree-1,,Santiagueno,89_tree,taqo,taqo,t a χ o,,juanatey2021,936,,,,,7031,t a χ o,"['t', 'a', 'χ', 'o']"
SantoTomas-89_tree-1,,SantoTomas,89_tree,çacha,çacha,s a tʃ a,,santotomas1951,930,,,,,7023,s a tʃ a ( - ),"['s', 'a', 'tʃ', 'a']"
Serena-89_tree-1,,Serena,89_tree,yura,yura,j u r a,,heggarty2005,931,,,,,7024,j u r a,"['j', 'u', 'r', 'a']"
Sullkatiti-89_tree-1,,Sullkatiti,89_tree,quqa,quqa,q u q a,,heggarty2005,222,,,,,222,q u q a,"['q', 'u', 'q', 'a']"
Taquile-89_tree-1,,Taquile,89_tree,sač'a,sač'a,s a tʃʼ a,,heggarty2005,930,,,,,7023,s a tʃʼ a ( - ),"['s', 'a', 'tʃʼ', 'a']"
Tarma-89_tree-1,,Tarma,89_tree,xiru,xiru,χ e ɾ u,,adelaar1977,217,,,,,221,χ e ɾ u,"['χ', 'e', 'ɾ', 'u']"
Troje-89_tree-1,,Troje,89_tree,yura,yura,j u r a,,heggarty2005,931,,,,,7024,j u r a,"['j', 'u', 'r', 'a']"
Tsimu-89_tree-1,,Tsimu,89_tree,p!ár̂a,p!ár̂a,p a r a,,cerron2016,122,,,,,169,p a r a,"['p', 'a', 'r', 'a']"
Wari-89_tree-1,,Wari,89_tree,qeru,qeru,q e ɾ u,,parkerchavez1976,217,,,,,221,q e ɾ u,"['q', 'e', 'ɾ', 'u']"
Yanac-89_tree-1,,Yanac,89_tree,aĉa,aĉa,a ʈʂ a,,heggarty2005,930,,,,,7023,- a ʈʂ a ( - ),"['a', 'ʈʂ', 'a']"
Anonimo-9_nine-1,,Anonimo,9_nine,yʃcon,yʃcon,i !s̺/s k ɔ n,,valera1586,618,,,,,4514,( - ) i !s̺/s k ɔ n,"['i', '!s̺/s', 'k', 'ɔ', 'n']"
Apuri-9_nine-1,,Apuri,9_nine,isqun,isqun,e s q u n,,shimelman2017,618,,,,,4514,( - ) e s q u n,"['e', 's', 'q', 'u', 'n']"
Apurimac-9_nine-1,,Apurimac,9_nine,isqon,isqon,i s q o n,,camacho2007,618,,,,,4514,( - ) i s q o n,"['i', 's', 'q', 'o', 'n']"
Arma-9_nine-1,,Arma,9_nine,isqun,isqun,i s χ u ŋ,,galvez2003,618,,,,,4514,( - ) i s χ u ŋ,"['i', 's', 'χ', 'u', 'ŋ']"
Atalla-9_nine-1,,Atalla,9_nine,isχun,isχun,i s χ u n,,heggarty2005,618,,,,,4514,( - ) i s χ u n,"['i', 's', 'χ', 'u', 'n']"
Ayacucho-9_nine-1,,Ayacucho,9_nine,isqon,isqon,i s χ o ŋ,,soto1976,618,,,,,4514,( - ) i s χ o ŋ,"['i', 's', 'χ', 'o', 'ŋ']"
Bobonaza-9_nine-1,,Bobonaza,9_nine,iscun,iscun,i s k u n,,orrwrisley1981,618,,,,,4514,( - ) i s k u n,"['i', 's', 'k', 'u', 'n']"
Cacra-Hongos-9_nine-1,,Cacra-Hongos,9_nine,isqun,isqun,!e/i s q u n,,shimelman2017,618,,,,,4514,( - ) !e/i s q u n,"['!e/i', 's', 'q', 'u', 'n']"
Chachapoyas-9_nine-1,,Chachapoyas,9_nine,iskun,iskun,i s k u n,,taylor2006,618,,,,,4514,( - ) i s k u n,"['i', 's', 'k', 'u', 'n']"
Chacpar-9_nine-1,,Chacpar,9_nine,isqun,isqun,i s q u n,,heggarty2005,618,,,,,4514,( - ) i s q u n,"['i', 's', 'q', 'u', 'n']"
Chetilla-9_nine-1,,Chetilla,9_nine,isγun,isγun,i s ʁ u n,,heggarty2005,618,,,,,4514,( - ) i s ʁ u n,"['i', 's', 'ʁ', 'u', 'n']"
Chipaya-9_nine-1,,Chipaya,9_nine,λa.λa.tunka,λa.λa.tunka,ʎ a ʎ a t u n k a,,heggarty2005,619,,,,,4515,ʎ a ʎ a t u n k a,"['ʎ', 'a', 'ʎ', 'a', 't', 'u', 'n', 'k', 'a']"
Curva-9_nine-1,,Curva,9_nine,isqun,isqun,i s q u n,,heggarty2005,618,,,,,4514,( - ) i s q u n,"['i', 's', 'q', 'u', 'n']"
Cuzco-9_nine-1,,Cuzco,9_nine,isqun,isqun,i s q u n,,heggarty2005,618,,,,,4514,( - ) i s q u n,"['i', 's', 'q', 'u', 'n']"
CuzquenoAntiguo-9_nine-1,,CuzquenoAntiguo,9_nine,yʃccun,yʃccun,i s χ u n,,holguin1608,618,,,,,4514,( - ) i s χ u n,"['i', 's', 'χ', 'u', 'n']"
Huallaga-9_nine-1,,Huallaga,9_nine,isqun,isqun,i s q u n,,heggarty2005,618,,,,,4514,( - ) i s q u n,"['i', 's', 'q', 'u', 'n']"
Huanca-9_nine-1,,Huanca,9_nine,isqun,isqun,i s ʔ u n,,cerron1976,618,,,,,4514,( - ) i s ʔ u n,"['i', 's', 'ʔ', 'u', 'n']"
Huancane-9_nine-1,,Huancane,9_nine,λa:.tunka,λa:.tunka,ʎ aː t u n k a,,heggarty2005,619,,,,,4515,ʎ aː - - t u n k a,"['ʎ', 'aː', 't', 'u', 'n', 'k', 'a']"
Huangascar-9_nine-1,,Huangascar,9_nine,isqun,isqun,e s q u n,,shimelman2017,618,,,,,4514,( - ) e s q u n,"['e', 's', 'q', 'u', 'n']"
HuarazHuailas-9_nine-1,,HuarazHuailas,9_nine,isqun,isqun,i s q u ɲ,,parkerchavez1976,618,,,,,4514,( - ) i s q u ɲ,"['i', 's', 'q', 'u', 'ɲ']"
Imbabura-9_nine-1,,Imbabura,9_nine,iskun,iskun,i s k u n,,gomez2009,618,,,,,4514,( - ) i s k u n,"['i', 's', 'k', 'u', 'n']"
Inkawasi-9_nine-1,,Inkawasi,9_nine,nueve,nueve,n u e v e,,heggarty2005,621,,,,esp,4518,n u e v e,"['n', 'u', 'e', 'v', 'e']"
Iruhito-9_nine-1,,Iruhito,9_nine,sánaχko,sánaχko,s a n a χ k o,,cerron2016,620,,,,,4517,s a n a χ k o,"['s', 'a', 'n', 'a', 'χ', 'k', 'o']"
Jaqaru-9_nine-1,,Jaqaru,9_nine,isquña,isquña,i s q u ɲ a,,heggarty2005,415,,,,,337,- i s q u ɲ ( a ),"['i', 's', 'q', 'u', 'ɲ', 'a']"
Kawki-9_nine-1,,Kawki,9_nine,isquña,isquña,i s q u ɲ a,,heggarty2005,415,,,,,337,- i s q u ɲ ( a ),"['i', 's', 'q', 'u', 'ɲ', 'a']"
Lamas-9_nine-1,,Lamas,9_nine,iskun,iskun,i s k u n,,taylor2006,618,,,,,4514,( - ) i s k u n,"['i', 's', 'k', 'u', 'n']"
Laraos-9_nine-1,,Laraos,9_nine,isqun,isqun,i s q u n,,heggarty2005,618,,,,,4514,( - ) i s q u n,"['i', 's', 'q', 'u', 'n']"
Lincha-Tana-9_nine-1,,Lincha-Tana,9_nine,isqun,isqun,e s q u n,,shimelman2017,618,,,,,4514,( - ) e s q u n,"['e', 's', 'q', 'u', 'n']"
Maragua-9_nine-1,,Maragua,9_nine,išqun,išqun,i ʃ q u n,,heggarty2005,618,,,,,4514,( - ) i ʃ q u n,"['i', 'ʃ', 'q', 'u', 'n']"
Napo-9_nine-1,,Napo,9_nine,iscun,iscun,i s k u n,,orrwrisley1981,618,,,,,4514,( - ) i s k u n,"['i', 's', 'k', 'u', 'n']"
Pacaraos-9_nine-1,,Pacaraos,9_nine,isqun,isqun,i s χ o ŋ,,adelaar1982,618,,,,,4514,( - ) i s χ o ŋ,"['i', 's', 'χ', 'o', 'ŋ']"
Pastaza-9_nine-1,,Pastaza,9_nine,iscun,iscun,i s k u n,,landerman1973,618,,,,,4514,( - ) i s k u n,"['i', 's', 'k', 'u', 'n']"
Pocona-9_nine-1,,Pocona,9_nine,"hisγ'un, isγun",hisγ'un,h i s !ʁʼ/ʁ u n,,heggarty2005,618,,,,,4514,( h ) i s !ʁʼ/ʁ u n,"['h', 'i', 's', '!ʁʼ/ʁ', 'u', 'n']"
Pocona-9_nine-2,,Pocona,9_nine,"hisγ'un, isγun",isγun,i s ʁ u n,,heggarty2005,618,,,,,4514,( - ) i s ʁ u n,"['i', 's', 'ʁ', 'u', 'n']"
Puki-9_nine-1,,Puki,9_nine,λa:.tunka,λa:.tunka,ʎ aː t u n k a,,heggarty2005,619,,,,,4515,ʎ aː - - t u n k a,"['ʎ', 'aː', 't', 'u', 'n', 'k', 'a']"
Puno-9_nine-1,,Puno,9_nine,isqun,isqun,i s q u n,,heggarty2005,618,,,,,4514,( - ) i s q u n,"['i', 's', 'q', 'u', 'n']"
Putumayo-9_nine-1,,Putumayo,9_nine,iscun,iscun,i s k u n,,tandioy1978,618,,,,,4514,( - ) i s k u n,"['i', 's', 'k', 'u', 'n']"
Raimondi-9_nine-1,,Raimondi,9_nine,isqun,isqun,i s q u ɲ,,parkerchavez1976,618,,,,,4514,( - ) i s q u ɲ,"['i', 's', 'q', 'u', 'ɲ']"
SanPedro-9_nine-1,,SanPedro,9_nine,isqun,isqun,e s q u n,,shimelman2017,618,,,,,4514,( - ) e s q u n,"['e', 's', 'q', 'u', 'n']"
Santiagueno-9_nine-1,,Santiagueno,9_nine,eshqon,eshqon,e ʃ q o n,in disuse,juanatey2021,618,,,,,4514,( - ) e ʃ q o n,"['e', 'ʃ', 'q', 'o', 'n']"
SantoTomas-9_nine-1,,SantoTomas,9_nine,yzcon,yzcon,i s k o n,,santotomas1951,618,,,,,4514,( - ) i s k o n,"['i', 's', 'k', 'o', 'n']"
Serena-9_nine-1,,Serena,9_nine,iskun,iskun,i s k u n,,heggarty2005,618,,,,,4514,( - ) i s k u n,"['i', 's', 'k', 'u', 'n']"
Sullkatiti-9_nine-1,,Sullkatiti,9_nine,λa:.tunka,λa:.tunka,ʎ aː t u n k a,,heggarty2005,619,,,,,4515,ʎ aː - - t u n k a,"['ʎ', 'aː', 't', 'u', 'n', 'k', 'a']"
Taquile-9_nine-1,,Taquile,9_nine,isqun,isqun,i s q u n,,heggarty2005,618,,,,,4514,( - ) i s q u n,"['i', 's', 'q', 'u', 'n']"
Tarma-9_nine-1,,Tarma,9_nine,isxun̊,isxun̊,e s χ u ŋ,,adelaar1977,618,,,,,4514,( - ) e s χ u ŋ,"['e', 's', 'χ', 'u', 'ŋ']"
Troje-9_nine-1,,Troje,9_nine,iskun,iskun,i s k u n,,heggarty2005,618,,,,,4514,( - ) i s k u n,"['i', 's', 'k', 'u', 'n']"
Tsimu-9_nine-1,,Tsimu,9_nine,sánko,sánko,s a n k o,,cerron2016,620,,,,,4517,s a n - - k o,"['s', 'a', 'n', 'k', 'o']"
Wari-9_nine-1,,Wari,9_nine,isqun,isqun,i s q u ɲ,,parkerchavez1976,618,,,,,4514,( - ) i s q u ɲ,"['i', 's', 'q', 'u', 'ɲ']"
Yanac-9_nine-1,,Yanac,9_nine,isqun,isqun,i s q u n,,heggarty2005,618,,,,,4514,( - ) i s q u n,"['i', 's', 'q', 'u', 'n']"
Anonimo-90_root-1,,Anonimo,90_root,çapi,çapi,s a p i,,valera1586,721,,,,,5127,s a p i,"['s', 'a', 'p', 'i']"
Apuri-90_root-1,,Apuri,90_root,sapi,sapi,s a p i,,shimelman2017,721,,,,,5127,s a p i,"['s', 'a', 'p', 'i']"
Apurimac-90_root-1,,Apurimac,90_root,sapi,sapi,s a p i,,camacho2007,721,,,,,5127,s a p i,"['s', 'a', 'p', 'i']"
Arma-90_root-1,,Arma,90_root,sapi,sapi,s a p i,,galvez2003,721,,,,,5127,s a p i,"['s', 'a', 'p', 'i']"
Atalla-90_root-1,,Atalla,90_root,sapi,sapi,s a p i,,heggarty2005,721,,,,,5127,s a p i,"['s', 'a', 'p', 'i']"
Ayacucho-90_root-1,,Ayacucho,90_root,sapi,sapi,s a p i,,soto1976,721,,,,,5127,s a p i,"['s', 'a', 'p', 'i']"
Bobonaza-90_root-1,,Bobonaza,90_root,angu,angu,a n g u,,orrwrisley1981,722,,,,,5128,a n g u,"['a', 'n', 'g', 'u']"
Cacra-Hongos-90_root-1,,Cacra-Hongos,90_root,sapi,sapi,s a p i,,shimelman2017,721,,,,,5127,s a p i,"['s', 'a', 'p', 'i']"
Chachapoyas-90_root-1,,Chachapoyas,90_root,sapi,sapi,s a p i,,taylor2006,721,,,,,5127,s a p i,"['s', 'a', 'p', 'i']"
Chacpar-90_root-1,,Chacpar,90_root,matsu,matsu,m a ts u,,heggarty2005,723,,,,,5129,m a ts u,"['m', 'a', 'ts', 'u']"
Chetilla-90_root-1,,Chetilla,90_root,ĉupa,ĉupa,ʈʂ u p a,,heggarty2005,114,,,,,166,ʈʂ u p a,"['ʈʂ', 'u', 'p', 'a']"
Chipaya-90_root-1,,Chipaya,90_root,zep'a,zep'a,z e pʼ a,,heggarty2005,418,,,,,338,z e pʼ a,"['z', 'e', 'pʼ', 'a']"
Curva-90_root-1,,Curva,90_root,saphi,saphi,s a pʰ i,,heggarty2005,721,,,,,5127,s a pʰ i,"['s', 'a', 'pʰ', 'i']"
Cuzco-90_root-1,,Cuzco,90_root,saphi,saphi,s a pʰ i,,heggarty2005,721,,,,,5127,s a pʰ i,"['s', 'a', 'pʰ', 'i']"
CuzquenoAntiguo-90_root-1,,CuzquenoAntiguo,90_root,"çapi, pichi",çapi,s a p i,,holguin1608,721,,,,,5127,s a p i,"['s', 'a', 'p', 'i']"
CuzquenoAntiguo-90_root-2,,CuzquenoAntiguo,90_root,"çapi, pichi",pichi,p i tʃ i,,holguin1608,472,,,,,369,p i tʃ i,"['p', 'i', 'tʃ', 'i']"
Huallaga-90_root-1,,Huallaga,90_root,sapi,sapi,s a p i,,heggarty2005,721,,,,,5127,s a p i,"['s', 'a', 'p', 'i']"
Jauja-90_root-1,,Jauja,90_root,sipi,sipi,s i p i,,cerron1976,721,,,,,5127,s i p i,"['s', 'i', 'p', 'i']"
Huanca-90_root-1,,Huanca,90_root,sipi,sipi,s i p i,,cerron1976,721,,,,,5127,s i p i,"['s', 'i', 'p', 'i']"
Huancane-90_root-1,,Huancane,90_root,sapha,sapha,s a pʰ a,,heggarty2005,419,,,,,339,s a pʰ a,"['s', 'a', 'pʰ', 'a']"
Huangascar-90_root-1,,Huangascar,90_root,sapi,sapi,s a p i,,shimelman2017,721,,,,,5127,s a p i,"['s', 'a', 'p', 'i']"
Imbabura-90_root-1,,Imbabura,90_root,sapi,sapi,s a p i,,gomez2009,721,,,,,5127,s a p i,"['s', 'a', 'p', 'i']"
Inkawasi-90_root-1,,Inkawasi,90_root,ĉupa,ĉupa,ʈʂ u p a,,heggarty2005,114,,,,,166,ʈʂ u p a,"['ʈʂ', 'u', 'p', 'a']"
Iruhito-90_root-1,,Iruhito,90_root,tuk,tuk,t u k,,cerron2016,115,,,,,167,t u k -,"['t', 'u', 'k']"
Jaqaru-90_root-1,,Jaqaru,90_root,asu,asu,a s u,,heggarty2005,116,,,,,168,a s u,"['a', 's', 'u']"
Kawki-90_root-1,,Kawki,90_root,asu,asu,a s u,,heggarty2005,116,,,,,168,a s u,"['a', 's', 'u']"
Lamas-90_root-1,,Lamas,90_root,sapi,sapi,s a p i,,taylor2006,721,,,,,5127,s a p i,"['s', 'a', 'p', 'i']"
Laraos-90_root-1,,Laraos,90_root,raíz,raíz,r a i z,,heggarty2005,725,,,,esp,5130,r a i z,"['r', 'a', 'i', 'z']"
Lincha-Tana-90_root-1,,Lincha-Tana,90_root,sapi,sapi,s a p i,,shimelman2017,721,,,,,5127,s a p i,"['s', 'a', 'p', 'i']"
Maragua-90_root-1,,Maragua,90_root,saphi,saphi,s a pʰ i,,heggarty2005,721,,,,,5127,s a pʰ i,"['s', 'a', 'pʰ', 'i']"
Napo-90_root-1,,Napo,90_root,angu,angu,a n g u,,orrwrisley1981,722,,,,,5128,a n g u,"['a', 'n', 'g', 'u']"
Pacaraos-90_root-1,,Pacaraos,90_root,sapi,sapi,s a p i,,adelaar1982,721,,,,,5127,s a p i,"['s', 'a', 'p', 'i']"
Pastaza-90_root-1,,Pastaza,90_root,angu,angu,a n g u,,landerman1973,722,,,,,5128,a n g u,"['a', 'n', 'g', 'u']"
Pocona-90_root-1,,Pocona,90_root,saphi,saphi,s a pʰ i,,heggarty2005,721,,,,,5127,s a pʰ i,"['s', 'a', 'pʰ', 'i']"
Puki-90_root-1,,Puki,90_root,saphi,saphi,s a pʰ i,,heggarty2005,419,,,,,339,s a pʰ i,"['s', 'a', 'pʰ', 'i']"
Puno-90_root-1,,Puno,90_root,saphi,saphi,s a pʰ i,,heggarty2005,721,,,,,5127,s a pʰ i,"['s', 'a', 'pʰ', 'i']"
Putumayo-90_root-1,,Putumayo,90_root,angu,angu,a n g u,,tandioy1978,722,,,,,5128,a n g u,"['a', 'n', 'g', 'u']"
Raimondi-90_root-1,,Raimondi,90_root,matsi,matsi,m a ts i,,parkerchavez1976,723,,,,,5129,m a ts i,"['m', 'a', 'ts', 'i']"
SanPedro-90_root-1,,SanPedro,90_root,sapi,sapi,s a p i,,shimelman2017,721,,,,,5127,s a p i,"['s', 'a', 'p', 'i']"
Santiagueno-90_root-1,,Santiagueno,90_root,sapi,sapi,s a p i,,juanatey2021,721,,,,,5127,s a p i,"['s', 'a', 'p', 'i']"
SantoTomas-90_root-1,,SantoTomas,90_root,çapi,çapi,s a p i,,santotomas1951,721,,,,,5127,s a p i,"['s', 'a', 'p', 'i']"
Serena-90_root-1,,Serena,90_root,angu,angu,a n g u,,heggarty2005,722,,,,,5128,a n g u,"['a', 'n', 'g', 'u']"
Sullkatiti-90_root-1,,Sullkatiti,90_root,saphi,saphi,s a pʰ i,,heggarty2005,419,,,,,339,s a pʰ i,"['s', 'a', 'pʰ', 'i']"
Taquile-90_root-1,,Taquile,90_root,saphi,saphi,s a pʰ i,,heggarty2005,721,,,,,5127,s a pʰ i,"['s', 'a', 'pʰ', 'i']"
Tarma-90_root-1,,Tarma,90_root,sapi,sapi,s a p i,,adelaar1977,721,,,,,5127,s a p i,"['s', 'a', 'p', 'i']"
Troje-90_root-1,,Troje,90_root,"sapi, sipi, pisi",sapi,s a p i,,heggarty2005,721,,,,,5127,s a p i,"['s', 'a', 'p', 'i']"
Troje-90_root-2,,Troje,90_root,"sapi, sipi, pisi",sipi,s i p i,,heggarty2005,721,,,,,5127,s i p i,"['s', 'i', 'p', 'i']"
Troje-90_root-3,,Troje,90_root,"sapi, sipi, pisi",pisi,p i s i,,heggarty2005,476,,,,,370,p i s i,"['p', 'i', 's', 'i']"
Tsimu-90_root-1,,Tsimu,90_root,tó:ka,tó:ka,t oː k a,,cerron2016,115,,,,,167,t oː k a,"['t', 'oː', 'k', 'a']"
Wari-90_root-1,,Wari,90_root,matsu,matsu,m a ts u,,parkerchavez1976,723,,,,,5129,m a ts u,"['m', 'a', 'ts', 'u']"
Yanac-90_root-1,,Yanac,90_root,ĉapa,ĉapa,ʈʂ a p a,,heggarty2005,114,,,,,166,ʈʂ a p a,"['ʈʂ', 'a', 'p', 'a']"
Anonimo-91_branch-1,,Anonimo,91_branch,"callma, tanca",callma,k a ʎ m a,,valera1586,728,,,,,516,k a ʎ m a,"['k', 'a', 'ʎ', 'm', 'a']"
Anonimo-91_branch-2,,Anonimo,91_branch,"callma, tanca",tanca,t a n k a,,valera1586,206,,,,,216,t a n k a,"['t', 'a', 'n', 'k', 'a']"
Apuri-91_branch-1,,Apuri,91_branch,chapra,chapra,tʃ a p ɾ a,,shimelman2017,729,,,,,517,tʃ a p ɾ a,"['tʃ', 'a', 'p', 'ɾ', 'a']"
Apurimac-91_branch-1,,Apurimac,91_branch,pallqa,pallqa,p a ʎ q a,,camacho2007,205,,,,,215,p a ʎ q a,"['p', 'a', 'ʎ', 'q', 'a']"
Atalla-91_branch-1,,Atalla,91_branch,čapra,čapra,tʃ a p r a,,heggarty2005,729,,,,,517,tʃ a p r a,"['tʃ', 'a', 'p', 'r', 'a']"
Ayacucho-91_branch-1,,Ayacucho,91_branch,kallma,kallma,k a ʎ m a,,soto1976,728,,,,,516,k a ʎ m a,"['k', 'a', 'ʎ', 'm', 'a']"
Bobonaza-91_branch-1,,Bobonaza,91_branch,pallca,pallca,p a ʎ k a,,orrwrisley1981,205,,,,,215,p a ʎ k a,"['p', 'a', 'ʎ', 'k', 'a']"
Cacra-Hongos-91_branch-1,,Cacra-Hongos,91_branch,chapla,chapla,tʃ a p l a,,shimelman2017,729,,,,,517,tʃ a p l a,"['tʃ', 'a', 'p', 'l', 'a']"
Chacpar-91_branch-1,,Chacpar,91_branch,räma,räma,r aː m a,,heggarty2005,148,,,,esp,180,r aː m a,"['r', 'aː', 'm', 'a']"
Chetilla-91_branch-1,,Chetilla,91_branch,rikra,rikra,r i k r a,,heggarty2005,972,,,,,7575,r i k r a,"['r', 'i', 'k', 'r', 'a']"
Curva-91_branch-1,,Curva,91_branch,č'apra,č'apra,tʃʼ a p r a,,heggarty2005,729,,,,,517,tʃʼ a p r a,"['tʃʼ', 'a', 'p', 'r', 'a']"
Cuzco-91_branch-1,,Cuzco,91_branch,k'aλma,k'aλma,kʼ a ʎ m a,,heggarty2005,728,,,,,516,kʼ a ʎ m a,"['kʼ', 'a', 'ʎ', 'm', 'a']"
CuzquenoAntiguo-91_branch-1,,CuzquenoAntiguo,91_branch,carpa,carpa,k a r p a,,holguin1608,287,,,,,26,k a r p a,"['k', 'a', 'r', 'p', 'a']"
Huallaga-91_branch-1,,Huallaga,91_branch,čapsa,čapsa,tʃ a p s a,,heggarty2005,729,,,,,517,tʃ a p s a,"['tʃ', 'a', 'p', 's', 'a']"
Huanca-91_branch-1,,Huanca,91_branch,chapla,chapla,tʃ a p l a,(para leña),cerron1976,729,,,,,517,tʃ a p l a,"['tʃ', 'a', 'p', 'l', 'a']"
Huancane-91_branch-1,,Huancane,91_branch,rama,rama,r a m a,,heggarty2005,604,,,,esp,446,r a m a,"['r', 'a', 'm', 'a']"
Huangascar-91_branch-1,,Huangascar,91_branch,chapra,chapra,tʃ a p ɾ a,,shimelman2017,729,,,,,517,tʃ a p ɾ a,"['tʃ', 'a', 'p', 'ɾ', 'a']"
Imbabura-91_branch-1,,Imbabura,91_branch,malki,malki,m a l k i,,gomez2009,731,,,,,518,m a l k i,"['m', 'a', 'l', 'k', 'i']"
Inkawasi-91_branch-1,,Inkawasi,91_branch,rikra,rikra,r i k r a,,heggarty2005,972,,,,,7575,r i k r a,"['r', 'i', 'k', 'r', 'a']"
Jaqaru-91_branch-1,,Jaqaru,91_branch,rama,rama,r a m a,,heggarty2005,611,,,,esp,447,r a m a,"['r', 'a', 'm', 'a']"
Kawki-91_branch-1,,Kawki,91_branch,rama,rama,r a m a,,heggarty2005,613,,,,esp,448,r a m a,"['r', 'a', 'm', 'a']"
Laraos-91_branch-1,,Laraos,91_branch,rama,rama,r a m a,,heggarty2005,614,,,,esp,449,r a m a,"['r', 'a', 'm', 'a']"
Lincha-Tana-91_branch-1,,Lincha-Tana,91_branch,chapra,chapra,tʃ a p ɾ a,,shimelman2017,729,,,,,517,tʃ a p ɾ a,"['tʃ', 'a', 'p', 'ɾ', 'a']"
Maragua-91_branch-1,,Maragua,91_branch,č'aχra,č'aχra,tʃʼ a χ r a,,heggarty2005,729,,,,,517,tʃʼ a χ r a,"['tʃʼ', 'a', 'χ', 'r', 'a']"
Napo-91_branch-1,,Napo,91_branch,pallca,pallca,p a ʎ k a,,orrwrisley1981,205,,,,,215,p a ʎ k a,"['p', 'a', 'ʎ', 'k', 'a']"
Pastaza-91_branch-1,,Pastaza,91_branch,ɾama,ɾama,ɾ a m a,,landerman1973,616,,,,esp,450,ɾ a m a,"['ɾ', 'a', 'm', 'a']"
Pocona-91_branch-1,,Pocona,91_branch,rama,rama,r a m a,,heggarty2005,617,,,,esp,451,r a m a,"['r', 'a', 'm', 'a']"
Puki-91_branch-1,,Puki,91_branch,rama,rama,r a m a,,heggarty2005,622,,,,esp,452,r a m a,"['r', 'a', 'm', 'a']"
Puno-91_branch-1,,Puno,91_branch,rama,rama,r a m a,,heggarty2005,421,,,,esp,340,r a m a,"['r', 'a', 'm', 'a']"
Putumayo-91_branch-1,,Putumayo,91_branch,malqui,malqui,m a l x i,,tandioy1978,731,,,,,518,m a l x i,"['m', 'a', 'l', 'x', 'i']"
SanPedro-91_branch-1,,SanPedro,91_branch,chapra,chapra,tʃ a p ɾ a,,shimelman2017,729,,,,,517,tʃ a p ɾ a,"['tʃ', 'a', 'p', 'ɾ', 'a']"
SantoTomas-91_branch-1,,SantoTomas,91_branch,pallca,pallca,p a ʎ k a,,santotomas1951,205,,,,,215,p a ʎ k a,"['p', 'a', 'ʎ', 'k', 'a']"
Serena-91_branch-1,,Serena,91_branch,paλka,paλka,p a ʎ k a,,heggarty2005,205,,,,,215,p a ʎ k a,"['p', 'a', 'ʎ', 'k', 'a']"
Sullkatiti-91_branch-1,,Sullkatiti,91_branch,čaχiλa,čaχiλa,tʃ a χ i ʎ a,LingQ pp. 177,heggarty2005,422,,,,,341,tʃ a χ ( i ) ʎ a,"['tʃ', 'a', 'χ', 'i', 'ʎ', 'a']"
Taquile-91_branch-1,,Taquile,91_branch,sač'a.n,sač'a.n,s a tʃʼ a n,,heggarty2005,930,,,,,7023,s a tʃʼ a ( n ),"['s', 'a', 'tʃʼ', 'a', 'n']"
Troje-91_branch-1,,Troje,91_branch,mažki,mažki,m a ʒ k i,,heggarty2005,731,,,,,518,m a ʒ k i,"['m', 'a', 'ʒ', 'k', 'i']"
Yanac-91_branch-1,,Yanac,91_branch,aĉa,aĉa,a ʈʂ a,,heggarty2005,930,,,,,7023,- a ʈʂ a ( - ),"['a', 'ʈʂ', 'a']"
Anonimo-92_leaf-1,,Anonimo,92_leaf,rapi,rapi,r a p i,,valera1586,1033,,,,,97,r a p i,"['r', 'a', 'p', 'i']"
Apuri-92_leaf-1,,Apuri,92_leaf,rapri,rapri,ɾ a p ɾ i,,shimelman2017,424,,,,,3427,ɾ a p ɾ i,"['ɾ', 'a', 'p', 'ɾ', 'i']"
Apuri-92_leaf-2,,Apuri,92_leaf,yura,yura,j u ɾ a,,shimelman2017,931,,,,,7024,j u ɾ a,"['j', 'u', 'ɾ', 'a']"
Apurimac-92_leaf-1,,Apurimac,92_leaf,rapi,rapi,r a p i,,camacho2007,1033,,,,,97,r a p i,"['r', 'a', 'p', 'i']"
Arma-92_leaf-1,,Arma,92_leaf,"llaqi, rapra",llaqi,ʎ a χ i,,galvez2003,465,,,,,365,ʎ a χ i,"['ʎ', 'a', 'χ', 'i']"
Arma-92_leaf-2,,Arma,92_leaf,"llaqi, rapra",rapra,ɾ a p ɾ a,,galvez2003,424,,,,,3427,ɾ a p ɾ a,"['ɾ', 'a', 'p', 'ɾ', 'a']"
Atalla-92_leaf-1,,Atalla,92_leaf,rapi,rapi,r a p i,,heggarty2005,1033,,,,,97,r a p i,"['r', 'a', 'p', 'i']"
Ayacucho-92_leaf-1,,Ayacucho,92_leaf,"llaqe, rapi",llaqe,ʎ a χ e,,soto1976,465,,,,,365,ʎ a χ e,"['ʎ', 'a', 'χ', 'e']"
Ayacucho-92_leaf-2,,Ayacucho,92_leaf,"llaqe, rapi",rapi,ɾ a p i,,soto1976,1033,,,,,97,ɾ a p i,"['ɾ', 'a', 'p', 'i']"
Bobonaza-92_leaf-1,,Bobonaza,92_leaf,panga,panga,p a n g a,,orrwrisley1981,425,,,,,3428,p a n g a,"['p', 'a', 'n', 'g', 'a']"
Cacra-Hongos-92_leaf-1,,Cacra-Hongos,92_leaf,lapla,lapla,l a p l a,,shimelman2017,424,,,,,3427,l a p l a,"['l', 'a', 'p', 'l', 'a']"
Cacra-Hongos-92_leaf-2,,Cacra-Hongos,92_leaf,luya,luya,ʃ u j a,,shimelman2017,226,,,,,226,ʃ u j a,"['ʃ', 'u', 'j', 'a']"
Chachapoyas-92_leaf-1,,Chachapoyas,92_leaf,rapra,rapra,r a p r a,,taylor2006,424,,,,,3427,r a p r a,"['r', 'a', 'p', 'r', 'a']"
Chacpar-92_leaf-1,,Chacpar,92_leaf,rapra,rapra,r a p r a,,heggarty2005,424,,,,,3427,r a p r a,"['r', 'a', 'p', 'r', 'a']"
Chetilla-92_leaf-1,,Chetilla,92_leaf,rapra,rapra,r a p r a,,heggarty2005,424,,,,,3427,r a p r a,"['r', 'a', 'p', 'r', 'a']"
Chipaya-92_leaf-1,,Chipaya,92_leaf,chhañi,chhañi,tʃ h a ɲ i,,heggarty2005,426,,,,,3429,tʃ h a ɲ i,"['tʃ', 'h', 'a', 'ɲ', 'i']"
Curva-92_leaf-1,,Curva,92_leaf,raphi,raphi,r a pʰ i,,heggarty2005,1033,,,,,97,r a pʰ i,"['r', 'a', 'pʰ', 'i']"
Cuzco-92_leaf-1,,Cuzco,92_leaf,"rap'i, rapha, rap'a, raphi",rap'i,r a pʼ i,,heggarty2005,1033,,,,,97,r a pʼ i,"['r', 'a', 'pʼ', 'i']"
Cuzco-92_leaf-2,,Cuzco,92_leaf,"rap'i, rapha, rap'a, raphi",rapha,r a pʰ a,,heggarty2005,1033,,,,,97,r a pʰ a,"['r', 'a', 'pʰ', 'a']"
Cuzco-92_leaf-3,,Cuzco,92_leaf,"rap'i, rapha, rap'a, raphi",rap'a,r a pʼ a,,heggarty2005,1033,,,,,97,r a pʼ a,"['r', 'a', 'pʼ', 'a']"
Cuzco-92_leaf-4,,Cuzco,92_leaf,"rap'i, rapha, rap'a, raphi",raphi,r a pʰ i,,heggarty2005,1033,,,,,97,r a pʰ i,"['r', 'a', 'pʰ', 'i']"
CuzquenoAntiguo-92_leaf-1,,CuzquenoAntiguo,92_leaf,rapi,rapi,r a p i,,holguin1608,1033,,,,,97,r a p i,"['r', 'a', 'p', 'i']"
Huallaga-92_leaf-1,,Huallaga,92_leaf,rapra,rapra,r a p r a,,heggarty2005,424,,,,,3427,r a p r a,"['r', 'a', 'p', 'r', 'a']"
Huanca-92_leaf-1,,Huanca,92_leaf,lapla,lapla,l a p l a,,cerron2018,424,,,,,3427,l a p l a,"['l', 'a', 'p', 'l', 'a']"
Huancane-92_leaf-1,,Huancane,92_leaf,laphi,laphi,l a pʰ i,,heggarty2005,423,,,,,342,l a pʰ - i,"['l', 'a', 'pʰ', 'i']"
Huangascar-92_leaf-1,,Huangascar,92_leaf,rapra,rapra,ɾ a p ɾ a,,shimelman2017,424,,,,,3427,ɾ a p ɾ a,"['ɾ', 'a', 'p', 'ɾ', 'a']"
Huangascar-92_leaf-2,,Huangascar,92_leaf,yura,yura,j u ɾ a,,shimelman2017,931,,,,,7024,j u ɾ a,"['j', 'u', 'ɾ', 'a']"
Imbabura-92_leaf-1,,Imbabura,92_leaf,fanga,fanga,f a n g a,,gomez2009,425,,,,,3428,f a n g a,"['f', 'a', 'n', 'g', 'a']"
Inkawasi-92_leaf-1,,Inkawasi,92_leaf,řapra,řapra,!r̝/r a p r a,,heggarty2005,424,,,,,3427,!r̝/r a p r a,"['!r̝/r', 'a', 'p', 'r', 'a']"
Iruhito-92_leaf-1,,Iruhito,92_leaf,túk,túk,t u k,,cerron2016,428,,,,,3431,t u k -,"['t', 'u', 'k']"
Jaqaru-92_leaf-1,,Jaqaru,92_leaf,naphra,naphra,n a pʰ r a,,heggarty2005,427,,,,,343,n a pʰ r a,"['n', 'a', 'pʰ', 'r', 'a']"
Kawki-92_leaf-1,,Kawki,92_leaf,naphra,naphra,n a pʰ r a,,heggarty2005,427,,,,,343,n a pʰ r a,"['n', 'a', 'pʰ', 'r', 'a']"
Lamas-92_leaf-1,,Lamas,92_leaf,rapra,rapra,r a p r a,,taylor2006,424,,,,,3427,r a p r a,"['r', 'a', 'p', 'r', 'a']"
Laraos-92_leaf-1,,Laraos,92_leaf,lapra,lapra,l a p r a,,heggarty2005,424,,,,,3427,l a p r a,"['l', 'a', 'p', 'r', 'a']"
Maragua-92_leaf-1,,Maragua,92_leaf,laqhi,laqhi,l a qʰ i,,heggarty2005,1033,,,,,97,l a qʰ i,"['l', 'a', 'qʰ', 'i']"
Napo-92_leaf-1,,Napo,92_leaf,panga,panga,p a n g a,,orrwrisley1981,425,,,,,3428,p a n g a,"['p', 'a', 'n', 'g', 'a']"
Pacaraos-92_leaf-1,,Pacaraos,92_leaf,rapra,rapra,ɾ a p ɾ a,,adelaar1982,424,,,,,3427,ɾ a p ɾ a,"['ɾ', 'a', 'p', 'ɾ', 'a']"
Pastaza-92_leaf-1,,Pastaza,92_leaf,panga,panga,p a n g a,,landerman1973,425,,,,,3428,p a n g a,"['p', 'a', 'n', 'g', 'a']"
Pocona-92_leaf-1,,Pocona,92_leaf,laqhi,laqhi,l a qʰ i,,heggarty2005,1033,,,,,97,l a qʰ i,"['l', 'a', 'qʰ', 'i']"
Puki-92_leaf-1,,Puki,92_leaf,laphi,laphi,l a pʰ i,,heggarty2005,423,,,,,342,l a pʰ - i,"['l', 'a', 'pʰ', 'i']"
Puno-92_leaf-1,,Puno,92_leaf,laphi,laphi,l a pʰ i,,heggarty2005,1033,,,,,97,l a pʰ i,"['l', 'a', 'pʰ', 'i']"
Putumayo-92_leaf-1,,Putumayo,92_leaf,panga,panga,p a n g a,,tandioy1978,425,,,,,3428,p a n g a,"['p', 'a', 'n', 'g', 'a']"
SanPedro-92_leaf-1,,SanPedro,92_leaf,rapra,rapra,ɾ a p ɾ a,,shimelman2017,424,,,,,3427,ɾ a p ɾ a,"['ɾ', 'a', 'p', 'ɾ', 'a']"
SantoTomas-92_leaf-1,,SantoTomas,92_leaf,"rapra, chapra, rapi",rapra,r a p r a,,santotomas1951,424,,,,,3427,r a p r a,"['r', 'a', 'p', 'r', 'a']"
SantoTomas-92_leaf-2,,SantoTomas,92_leaf,"rapra, chapra, rapi",chapra,tʃ a p r a,,santotomas1951,424,,,,,3427,tʃ a p r a,"['tʃ', 'a', 'p', 'r', 'a']"
SantoTomas-92_leaf-3,,SantoTomas,92_leaf,"rapra, chapra, rapi",rapi,r a p i,,santotomas1951,1033,,,,,97,r a p i,"['r', 'a', 'p', 'i']"
Serena-92_leaf-1,,Serena,92_leaf,panga,panga,p a n g a,,heggarty2005,425,,,,,3428,p a n g a,"['p', 'a', 'n', 'g', 'a']"
Sullkatiti-92_leaf-1,,Sullkatiti,92_leaf,laphi,laphi,l a pʰ i,,heggarty2005,423,,,,,342,l a pʰ - i,"['l', 'a', 'pʰ', 'i']"
Taquile-92_leaf-1,,Taquile,92_leaf,laphi,laphi,l a pʰ i,,heggarty2005,1033,,,,,97,l a pʰ i,"['l', 'a', 'pʰ', 'i']"
Tarma-92_leaf-1,,Tarma,92_leaf,rapra,rapra,!ʐ/r a p r a,,adelaar1977,424,,,,,3427,!ʐ/r a p r a,"['!ʐ/r', 'a', 'p', 'r', 'a']"
Troje-92_leaf-1,,Troje,92_leaf,phanga,phanga,pʰ a n g a,,heggarty2005,425,,,,,3428,pʰ a n g a,"['pʰ', 'a', 'n', 'g', 'a']"
Tsimu-92_leaf-1,,Tsimu,92_leaf,túka,túka,t u k a,,cerron2016,428,,,,,3431,t u k a,"['t', 'u', 'k', 'a']"
HuarazHuailas-92_leaf-1,,HuarazHuailas,92_leaf,rapra,rapra,ɾ a p ɾ a,,parkerchavez1976,424,,,,,3427,ɾ a p ɾ a,"['ɾ', 'a', 'p', 'ɾ', 'a']"
Yanac-92_leaf-1,,Yanac,92_leaf,rapra,rapra,r a p r a,,heggarty2005,424,,,,,3427,r a p r a,"['r', 'a', 'p', 'r', 'a']"
Anonimo-93_grass-1,,Anonimo,93_grass,cachu,cachu,k a tʃ u,,valera1586,332,,,,,288,k a tʃ u,"['k', 'a', 'tʃ', 'u']"
Apuri-93_grass-1,,Apuri,93_grass,qiwa,qiwa,q e w a,,shimelman2017,202,,,,,212,q e w a,"['q', 'e', 'w', 'a']"
Apurimac-93_grass-1,,Apurimac,93_grass,qora,qora,q o r a,,camacho2007,271,,,,,2522,q o r a,"['q', 'o', 'r', 'a']"
Arma-93_grass-1,,Arma,93_grass,qura,qura,χ u ɾ a,,galvez2003,271,,,,,2522,χ u ɾ a,"['χ', 'u', 'ɾ', 'a']"
Atalla-93_grass-1,,Atalla,93_grass,χura,χura,χ u r a,,heggarty2005,271,,,,,2522,χ u r a,"['χ', 'u', 'r', 'a']"
Ayacucho-93_grass-1,,Ayacucho,93_grass,qora,qora,χ o ɾ a,,soto1976,271,,,,,2522,χ o ɾ a,"['χ', 'o', 'ɾ', 'a']"
Bobonaza-93_grass-1,,Bobonaza,93_grass,quihua,quihua,k i w a,,orrwrisley1981,202,,,,,212,k i w a,"['k', 'i', 'w', 'a']"
Cacra-Hongos-93_grass-1,,Cacra-Hongos,93_grass,qiwa,qiwa,q !e/i w a,,shimelman2017,202,,,,,212,q !e/i w a,"['q', '!e/i', 'w', 'a']"
Chachapoyas-93_grass-1,,Chachapoyas,93_grass,"kiwa, waylla",kiwa,k i w a,,taylor2006,202,,,,,212,k i w a,"['k', 'i', 'w', 'a']"
Chachapoyas-93_grass-2,,Chachapoyas,93_grass,"kiwa, waylla",waylla,w ai dʑ a,,taylor2006,275,,,,,2529,w ai dʑ a,"['w', 'ai', 'dʑ', 'a']"
Chacpar-93_grass-1,,Chacpar,93_grass,qura,qura,q u r a,,heggarty2005,271,,,,,2522,q u r a,"['q', 'u', 'r', 'a']"
Chetilla-93_grass-1,,Chetilla,93_grass,qiwa,qiwa,q i w a,,heggarty2005,202,,,,,212,q i w a,"['q', 'i', 'w', 'a']"
Chipaya-93_grass-1,,Chipaya,93_grass,ch'ojña,ch'ojña,tʃʼ oi ɲ a,,heggarty2005,272,,,,,2523,tʃʼ oi ɲ a,"['tʃʼ', 'oi', 'ɲ', 'a']"
Curva-93_grass-1,,Curva,93_grass,qura,qura,q u r a,,heggarty2005,271,,,,,2522,q u r a,"['q', 'u', 'r', 'a']"
Cuzco-93_grass-1,,Cuzco,93_grass,qura,qura,q u r a,,heggarty2005,271,,,,,2522,q u r a,"['q', 'u', 'r', 'a']"
CuzquenoAntiguo-93_grass-1,,CuzquenoAntiguo,93_grass,cachhu,cachhu,k a tʃʰ u,,holguin1608,332,,,,,288,k a tʃʰ u,"['k', 'a', 'tʃʰ', 'u']"
Huallaga-93_grass-1,,Huallaga,93_grass,čuqu,čuqu,tʃ u q u,also present in weber1998,heggarty2005,273,,,,,2524,tʃ u q u,"['tʃ', 'u', 'q', 'u']"
Huanca-93_grass-1,,Huanca,93_grass,qula,qula,q u l a,,cerron1976,271,,,,,2522,q u l a,"['q', 'u', 'l', 'a']"
Huanca-93_grass-2,,Huanca,93_grass,"iwa, hiwa",hiwa,h i w a,,cerron2018,202,,,,,212,h i w a,"['h', 'i', 'w', 'a']"
Huancane-93_grass-1,,Huancane,93_grass,qura,qura,q u r a,,heggarty2005,429,,,,,344,q u r a,"['q', 'u', 'r', 'a']"
Huangascar-93_grass-1,,Huangascar,93_grass,qiwa,qiwa,q e w a,,shimelman2017,202,,,,,212,q e w a,"['q', 'e', 'w', 'a']"
HuarazHuailas-93_grass-1,,HuarazHuailas,93_grass,qewa,qewa,q e w a,,parkerchavez1976,202,,,,,212,q e w a,"['q', 'e', 'w', 'a']"
Imbabura-93_grass-1,,Imbabura,93_grass,jiwa,jiwa,x i w a,,gomez2009,202,,,,,212,x i w a,"['x', 'i', 'w', 'a']"
Inkawasi-93_grass-1,,Inkawasi,93_grass,χiwa,χiwa,χ i w a,,heggarty2005,202,,,,,212,χ i w a,"['χ', 'i', 'w', 'a']"
Jaqaru-93_grass-1,,Jaqaru,93_grass,hierba,hierba,j e r b a,,heggarty2005,652,,,,esp,471,j e r b a,"['j', 'e', 'r', 'b', 'a']"
Kawki-93_grass-1,,Kawki,93_grass,qiwa,qiwa,q i w a,,heggarty2005,430,,,,,345,q i w a,"['q', 'i', 'w', 'a']"
Lamas-93_grass-1,,Lamas,93_grass,"kiwa, waylla",kiwa,k i w a,,taylor2006,202,,,,,212,k i w a,"['k', 'i', 'w', 'a']"
Lamas-93_grass-2,,Lamas,93_grass,"kiwa, waylla",waylla,w ai dʑ a,,taylor2006,275,,,,,2529,w ai dʑ a,"['w', 'ai', 'dʑ', 'a']"
Laraos-93_grass-1,,Laraos,93_grass,qiwa,qiwa,q i w a,,heggarty2005,202,,,,,212,q i w a,"['q', 'i', 'w', 'a']"
Lincha-Tana-93_grass-1,,Lincha-Tana,93_grass,qiwa,qiwa,q e w a,,shimelman2017,202,,,,,212,q e w a,"['q', 'e', 'w', 'a']"
Maragua-93_grass-1,,Maragua,93_grass,qura,qura,q u r a,,heggarty2005,271,,,,,2522,q u r a,"['q', 'u', 'r', 'a']"
Napo-93_grass-1,,Napo,93_grass,quihua,quihua,k i w a,,orrwrisley1981,202,,,,,212,k i w a,"['k', 'i', 'w', 'a']"
Pacaraos-93_grass-1,,Pacaraos,93_grass,qiwa,qiwa,χ e w a,,adelaar1982,202,,,,,212,χ e w a,"['χ', 'e', 'w', 'a']"
Pastaza-93_grass-1,,Pastaza,93_grass,quiwa,quiwa,k i w a,,landerman1973,202,,,,,212,k i w a,"['k', 'i', 'w', 'a']"
Pocona-93_grass-1,,Pocona,93_grass,hierba,hierba,j e r b a,,heggarty2005,656,,,,esp,473,j e r b a,"['j', 'e', 'r', 'b', 'a']"
Puki-93_grass-1,,Puki,93_grass,hierba,hierba,j e r b a,,heggarty2005,274,,,,esp,2527,j e r b a,"['j', 'e', 'r', 'b', 'a']"
Puno-93_grass-1,,Puno,93_grass,qura,qura,q u r a,,heggarty2005,271,,,,,2522,q u r a,"['q', 'u', 'r', 'a']"
Putumayo-93_grass-1,,Putumayo,93_grass,ugsa,ugsa,u x s a,cognate with Uru ”flower”,tandioy1978,198,,,,,210,- u x s a,"['u', 'x', 's', 'a']"
Raimondi-93_grass-1,,Raimondi,93_grass,qewa,qewa,q e w a,,parkerchavez1976,202,,,,,212,q e w a,"['q', 'e', 'w', 'a']"
SanPedro-93_grass-1,,SanPedro,93_grass,qiwa,qiwa,q e w a,,shimelman2017,202,,,,,212,q e w a,"['q', 'e', 'w', 'a']"
Santiagueno-93_grass-1,,Santiagueno,93_grass,yuyu,yuyu,j u j u,,juanatey2021,151,,,,,183,j u j u,"['j', 'u', 'j', 'u']"
SantoTomas-93_grass-1,,SantoTomas,93_grass,cacha,cacha,k a tʃ a,,santotomas1951,332,,,,,288,k a tʃ a,"['k', 'a', 'tʃ', 'a']"
Serena-93_grass-1,,Serena,93_grass,kiwa,kiwa,k i w a,,heggarty2005,202,,,,,212,k i w a,"['k', 'i', 'w', 'a']"
Sullkatiti-93_grass-1,,Sullkatiti,93_grass,qura,qura,q u r a,,heggarty2005,429,,,,,344,q u r a,"['q', 'u', 'r', 'a']"
Taquile-93_grass-1,,Taquile,93_grass,qura,qura,q u r a,,heggarty2005,271,,,,,2522,q u r a,"['q', 'u', 'r', 'a']"
Tarma-93_grass-1,,Tarma,93_grass,xiwa,xiwa,χ e w a,,adelaar1977,202,,,,,212,χ e w a,"['χ', 'e', 'w', 'a']"
Troje-93_grass-1,,Troje,93_grass,khiwa,khiwa,kʰ i w a,,heggarty2005,202,,,,,212,kʰ i w a,"['kʰ', 'i', 'w', 'a']"
Wari-93_grass-1,,Wari,93_grass,qewa,qewa,q e w a,,parkerchavez1976,202,,,,,212,q e w a,"['q', 'e', 'w', 'a']"
Yanac-93_grass-1,,Yanac,93_grass,qura,qura,q u r a,,heggarty2005,271,,,,,2522,q u r a,"['q', 'u', 'r', 'a']"
Anonimo-94_flower-1,,Anonimo,94_flower,"ciça, inquill",ciça,s i s a,,valera1586,175,,,,,1987,s i s a,"['s', 'i', 's', 'a']"
Anonimo-94_flower-2,,Anonimo,94_flower,"ciça, inquill",inquill,i n k i ʎ,,valera1586,176,,,,,1988,i n k i ʎ,"['i', 'n', 'k', 'i', 'ʎ']"
Apuri-94_flower-1,,Apuri,94_flower,sisa,sisa,s i s a,,shimelman2017,175,,,,,1987,s i s a,"['s', 'i', 's', 'a']"
Apuri-94_flower-2,,Apuri,94_flower,wayta,wayta,w ai t a,,shimelman2017,177,,,,,1989,w ai t a,"['w', 'ai', 't', 'a']"
Apurimac-94_flower-1,,Apurimac,94_flower,tika,tika,t i k a,,camacho2007,185,,,,,203,t i k a,"['t', 'i', 'k', 'a']"
Apurimac-94_flower-2,,Apurimac,94_flower,wayta,wayta,w ai t a,,camacho2007,177,,,,,1989,w ai t a,"['w', 'ai', 't', 'a']"
Arma-94_flower-1,,Arma,94_flower,"wayta, sisa",wayta,w ai t a,,galvez2003,177,,,,,1989,w ai t a,"['w', 'ai', 't', 'a']"
Arma-94_flower-2,,Arma,94_flower,"wayta, sisa",sisa,s i s a,,galvez2003,175,,,,,1987,s i s a,"['s', 'i', 's', 'a']"
Atalla-94_flower-1,,Atalla,94_flower,wayta,wayta,w ai t a,,heggarty2005,177,,,,,1989,w ai t a,"['w', 'ai', 't', 'a']"
Ayacucho-94_flower-1,,Ayacucho,94_flower,wayta,wayta,w ai t a,,soto1976,177,,,,,1989,w ai t a,"['w', 'ai', 't', 'a']"
Bobonaza-94_flower-1,,Bobonaza,94_flower,sisa,sisa,s i s a,,orrwrisley1981,175,,,,,1987,s i s a,"['s', 'i', 's', 'a']"
Cacra-Hongos-94_flower-1,,Cacra-Hongos,94_flower,sisa,sisa,h i s a,,shimelman2017,175,,,,,1987,h i s a,"['h', 'i', 's', 'a']"
Cacra-Hongos-94_flower-2,,Cacra-Hongos,94_flower,wayta,wayta,w ai t a,,shimelman2017,177,,,,,1989,w ai t a,"['w', 'ai', 't', 'a']"
Chachapoyas-94_flower-1,,Chachapoyas,94_flower,wayta,wayta,w ai t a,,taylor2006,177,,,,,1989,w ai t a,"['w', 'ai', 't', 'a']"
Chacpar-94_flower-1,,Chacpar,94_flower,tuktu,tuktu,t u k t u,,heggarty2005,179,,,,,1990,t u k t u,"['t', 'u', 'k', 't', 'u']"
Chetilla-94_flower-1,,Chetilla,94_flower,tuktu,tuktu,t u k t u,,heggarty2005,179,,,,,1990,t u k t u,"['t', 'u', 'k', 't', 'u']"
Chipaya-94_flower-1,,Chipaya,94_flower,paqhalla,paqhalla,p a qʰ a ʎ a,,heggarty2005,193,,,,,206,p a - qʰ a ʎ a,"['p', 'a', 'qʰ', 'a', 'ʎ', 'a']"
Curva-94_flower-1,,Curva,94_flower,t'ika,t'ika,tʼ i k a,,heggarty2005,185,,,,,203,tʼ i k a,"['tʼ', 'i', 'k', 'a']"
Cuzco-94_flower-1,,Cuzco,94_flower,t'ika,t'ika,tʼ i k a,,heggarty2005,185,,,,,203,tʼ i k a,"['tʼ', 'i', 'k', 'a']"
CuzquenoAntiguo-94_flower-1,,CuzquenoAntiguo,94_flower,"ciça, ynquill",ciça,s i s a,,holguin1608,175,,,,,1987,s i s a,"['s', 'i', 's', 'a']"
CuzquenoAntiguo-94_flower-2,,CuzquenoAntiguo,94_flower,"ciça, ynquill",ynquill,i n χ i ʎ,,holguin1608,176,,,,,1988,i n χ i ʎ,"['i', 'n', 'χ', 'i', 'ʎ']"
Huallaga-94_flower-1,,Huallaga,94_flower,tuktu,tuktu,t u k t u,,heggarty2005,179,,,,,1990,t u k t u,"['t', 'u', 'k', 't', 'u']"
Huanca-94_flower-1,,Huanca,94_flower,wayta,wayta,w ai t a,,cerron2018,177,,,,,1989,w ai t a,"['w', 'ai', 't', 'a']"
Huanca-94_flower-2,,Huanca,94_flower,sisa,sisa,s i s a,(de sembrío),cerron2018,175,,,,,1987,s i s a,"['s', 'i', 's', 'a']"
Huancane-94_flower-1,,Huancane,94_flower,panqara,panqara,p a n q a r a,begonia,heggarty2005,193,,,,,206,p a n q a r a,"['p', 'a', 'n', 'q', 'a', 'r', 'a']"
Huangascar-94_flower-1,,Huangascar,94_flower,sisa,sisa,s i s a,,shimelman2017,175,,,,,1987,s i s a,"['s', 'i', 's', 'a']"
Huangascar-94_flower-2,,Huangascar,94_flower,wayta,wayta,w ai t a,,shimelman2017,177,,,,,1989,w ai t a,"['w', 'ai', 't', 'a']"
HuarazHuailas-94_flower-1,,HuarazHuailas,94_flower,wayta,wayta,w ai t a,,parkerchavez1976,177,,,,,1989,w ai t a,"['w', 'ai', 't', 'a']"
Imbabura-94_flower-1,,Imbabura,94_flower,sisa,sisa,s i s a,,gomez2009,175,,,,,1987,s i s a,"['s', 'i', 's', 'a']"
Inkawasi-94_flower-1,,Inkawasi,94_flower,tuktu,tuktu,t u k t u,,heggarty2005,179,,,,,1990,t u k t u,"['t', 'u', 'k', 't', 'u']"
Iruhito-94_flower-1,,Iruhito,94_flower,pankár̂a,pankár̂a,p a n k a r a,,cerron2016,193,,,,,206,p a n k a r a,"['p', 'a', 'n', 'k', 'a', 'r', 'a']"
Jaqaru-94_flower-1,,Jaqaru,94_flower,wayta,wayta,w ai t a,,heggarty2005,431,,,,,346,w ai t a,"['w', 'ai', 't', 'a']"
Kawki-94_flower-1,,Kawki,94_flower,waytya,waytya,w ai tʲ a,,heggarty2005,431,,,,,346,w ai tʲ a,"['w', 'ai', 'tʲ', 'a']"
Lamas-94_flower-1,,Lamas,94_flower,sisa,sisa,s i s a,,taylor2006,175,,,,,1987,s i s a,"['s', 'i', 's', 'a']"
Laraos-94_flower-1,,Laraos,94_flower,wayta,wayta,w ai t a,,heggarty2005,177,,,,,1989,w ai t a,"['w', 'ai', 't', 'a']"
Lincha-Tana-94_flower-1,,Lincha-Tana,94_flower,sisa,sisa,s i s a,,shimelman2017,175,,,,,1987,s i s a,"['s', 'i', 's', 'a']"
Lincha-Tana-94_flower-2,,Lincha-Tana,94_flower,wayta,wayta,w ai t a,,shimelman2017,177,,,,,1989,w ai t a,"['w', 'ai', 't', 'a']"
Maragua-94_flower-1,,Maragua,94_flower,t'ika,t'ika,tʼ i k a,,heggarty2005,185,,,,,203,tʼ i k a,"['tʼ', 'i', 'k', 'a']"
Napo-94_flower-1,,Napo,94_flower,sisa,sisa,s i s a,,orrwrisley1981,175,,,,,1987,s i s a,"['s', 'i', 's', 'a']"
Pacaraos-94_flower-1,,Pacaraos,94_flower,waycha,waycha,w ai tʃ a,,adelaar1982,177,,,,,1989,w ai tʃ a,"['w', 'ai', 'tʃ', 'a']"
Pastaza-94_flower-1,,Pastaza,94_flower,sisa,sisa,s i s a,,landerman1973,175,,,,,1987,s i s a,"['s', 'i', 's', 'a']"
Pocona-94_flower-1,,Pocona,94_flower,t'ika,t'ika,tʼ i k a,,heggarty2005,185,,,,,203,tʼ i k a,"['tʼ', 'i', 'k', 'a']"
Puki-94_flower-1,,Puki,94_flower,t'ika,t'ika,tʼ i k a,,heggarty2005,185,,,,,203,tʼ i k a,"['tʼ', 'i', 'k', 'a']"
Puno-94_flower-1,,Puno,94_flower,t'ika,t'ika,tʼ i k a,,heggarty2005,185,,,,,203,tʼ i k a,"['tʼ', 'i', 'k', 'a']"
Putumayo-94_flower-1,,Putumayo,94_flower,tugtu,tugtu,t u x t u,,tandioy1978,179,,,,,1990,t u x t u,"['t', 'u', 'x', 't', 'u']"
Raimondi-94_flower-1,,Raimondi,94_flower,wayta,wayta,w ai t a,,parkerchavez1976,177,,,,,1989,w ai t a,"['w', 'ai', 't', 'a']"
SanPedro-94_flower-1,,SanPedro,94_flower,sisa,sisa,s i s a,,shimelman2017,175,,,,,1987,s i s a,"['s', 'i', 's', 'a']"
SanPedro-94_flower-2,,SanPedro,94_flower,wayta,wayta,w ai t a,,shimelman2017,177,,,,,1989,w ai t a,"['w', 'ai', 't', 'a']"
Santiagueno-94_flower-1,,Santiagueno,94_flower,sisa,sisa,s i s a,,juanatey2021,175,,,,,1987,s i s a,"['s', 'i', 's', 'a']"
SantoTomas-94_flower-1,,SantoTomas,94_flower,ciçoy,ciçoy,s i s oi,,santotomas1951,175,,,,,1987,s i s oi,"['s', 'i', 's', 'oi']"
Serena-94_flower-1,,Serena,94_flower,sisa,sisa,s i s a,,heggarty2005,175,,,,,1987,s i s a,"['s', 'i', 's', 'a']"
Sullkatiti-94_flower-1,,Sullkatiti,94_flower,panqara,panqara,p a n q a r a,begonia,heggarty2005,193,,,,,206,p a n q a r a,"['p', 'a', 'n', 'q', 'a', 'r', 'a']"
Taquile-94_flower-1,,Taquile,94_flower,t'ika,t'ika,tʼ i k a,,heggarty2005,185,,,,,203,tʼ i k a,"['tʼ', 'i', 'k', 'a']"
Tarma-94_flower-1,,Tarma,94_flower,wayta,wayta,w ai t a,,adelaar1977,177,,,,,1989,w ai t a,"['w', 'ai', 't', 'a']"
Troje-94_flower-1,,Troje,94_flower,sisa,sisa,s i s a,,heggarty2005,175,,,,,1987,s i s a,"['s', 'i', 's', 'a']"
Tsimu-94_flower-1,,Tsimu,94_flower,"p’ó:χsa, ú:χsa",p’ó:χsa,pʼ oː χ s a,,cerron2016,198,,,,,210,pʼ oː χ s a,"['pʼ', 'oː', 'χ', 's', 'a']"
Tsimu-94_flower-2,,Tsimu,94_flower,"p’ó:χsa, ú:χsa",ú:χsa,uː χ s a,,cerron2016,198,,,,,210,- uː χ s a,"['uː', 'χ', 's', 'a']"
Wari-94_flower-1,,Wari,94_flower,wayta,wayta,w ai t a,,parkerchavez1976,177,,,,,1989,w ai t a,"['w', 'ai', 't', 'a']"
Yanac-94_flower-1,,Yanac,94_flower,we:ta,we:ta,w eː t a,,heggarty2005,177,,,,,1989,w eː t a,"['w', 'eː', 't', 'a']"
Anonimo-95_rope-1,,Anonimo,95_rope,"queshua, huaʃca",queshua,k e !s̺/s w a,,valera1586,730,,,,,5179,k e !s̺/s w a,"['k', 'e', '!s̺/s', 'w', 'a']"
Anonimo-95_rope-2,,Anonimo,95_rope,"queshua, huaʃca",huaʃca,w a !s̺/s k a,,valera1586,732,,,,,5180,w a ( - - ) !s̺/s k a,"['w', 'a', '!s̺/s', 'k', 'a']"
Apuri-95_rope-1,,Apuri,95_rope,waska,waska,w a s k a,,shimelman2017,732,,,,,5180,w a ( - - ) s k a,"['w', 'a', 's', 'k', 'a']"
Apurimac-95_rope-1,,Apurimac,95_rope,waska,waska,w a s k a,,camacho2007,732,,,,,5180,w a ( - - ) s k a,"['w', 'a', 's', 'k', 'a']"
Arma-95_rope-1,,Arma,95_rope,waska,waska,w a s k a,,galvez2003,732,,,,,5180,w a ( - - ) s k a,"['w', 'a', 's', 'k', 'a']"
Atalla-95_rope-1,,Atalla,95_rope,waskha,waskha,w a s kʰ a,,heggarty2005,732,,,,,5180,w a ( - - ) s kʰ a,"['w', 'a', 's', 'kʰ', 'a']"
Ayacucho-95_rope-1,,Ayacucho,95_rope,waska,waska,w a s k a,,soto1976,732,,,,,5180,w a ( - - ) s k a,"['w', 'a', 's', 'k', 'a']"
Bobonaza-95_rope-1,,Bobonaza,95_rope,huasca,huasca,w a s k a,,orrwrisley1981,732,,,,,5180,w a ( - - ) s k a,"['w', 'a', 's', 'k', 'a']"
Cacra-Hongos-95_rope-1,,Cacra-Hongos,95_rope,waska,waska,w a s k a,,shimelman2017,732,,,,,5180,w a ( - - ) s k a,"['w', 'a', 's', 'k', 'a']"
Chachapoyas-95_rope-1,,Chachapoyas,95_rope,waska,waska,w a s k a,,taylor2006,732,,,,,5180,w a ( - - ) s k a,"['w', 'a', 's', 'k', 'a']"
Chacpar-95_rope-1,,Chacpar,95_rope,waska,waska,w a s k a,,heggarty2005,732,,,,,5180,w a ( - - ) s k a,"['w', 'a', 's', 'k', 'a']"
Chetilla-95_rope-1,,Chetilla,95_rope,waska,waska,w a s k a,,heggarty2005,732,,,,,5180,w a ( - - ) s k a,"['w', 'a', 's', 'k', 'a']"
Chipaya-95_rope-1,,Chipaya,95_rope,quch; chiki; moloq'o;,quch,q u tʃ,etc.,heggarty2005,977,,,,,76,q u tʃ - -,"['q', 'u', 'tʃ']"
Chipaya-95_rope-2,,Chipaya,95_rope,quch; chiki; moloq'o;,chiki,tʃ i k i,etc.,heggarty2005,736,,,,,5184,tʃ i k i,"['tʃ', 'i', 'k', 'i']"
Chipaya-95_rope-3,,Chipaya,95_rope,quch; chiki; moloq'o;,moloq'o,m o l o qʼ o,etc.,heggarty2005,737,,,,,5186,m o l o qʼ o,"['m', 'o', 'l', 'o', 'qʼ', 'o']"
Curva-95_rope-1,,Curva,95_rope,waskha,waskha,w a s kʰ a,,heggarty2005,732,,,,,5180,w a ( - - ) s kʰ a,"['w', 'a', 's', 'kʰ', 'a']"
Cuzco-95_rope-1,,Cuzco,95_rope,waskha,waskha,w a s kʰ a,,heggarty2005,732,,,,,5180,w a ( - - ) s kʰ a,"['w', 'a', 's', 'kʰ', 'a']"
CuzquenoAntiguo-95_rope-1,,CuzquenoAntiguo,95_rope,huaʃca,huaʃca,w a s k a,,holguin1608,732,,,,,5180,w a ( - - ) s k a,"['w', 'a', 's', 'k', 'a']"
Huallaga-95_rope-1,,Huallaga,95_rope,waska,waska,w a s k a,,heggarty2005,732,,,,,5180,w a ( - - ) s k a,"['w', 'a', 's', 'k', 'a']"
Huanca-95_rope-1,,Huanca,95_rope,waska,waska,w a s k a,,cerron2018,732,,,,,5180,w a ( - - ) s k a,"['w', 'a', 's', 'k', 'a']"
Huancane-95_rope-1,,Huancane,95_rope,phala,phala,pʰ a l a,,heggarty2005,733,,,,,5181,pʰ a l a,"['pʰ', 'a', 'l', 'a']"
Huangascar-95_rope-1,,Huangascar,95_rope,waska,waska,w a s k a,,shimelman2017,732,,,,,5180,w a ( - - ) s k a,"['w', 'a', 's', 'k', 'a']"
HuarazHuailas-95_rope-1,,HuarazHuailas,95_rope,waska,waska,w a s k a,,parkerchavez1976,732,,,,,5180,w a ( - - ) s k a,"['w', 'a', 's', 'k', 'a']"
Imbabura-95_rope-1,,Imbabura,95_rope,waska,waska,w a s k a,,gomez2009,732,,,,,5180,w a ( - - ) s k a,"['w', 'a', 's', 'k', 'a']"
Inkawasi-95_rope-1,,Inkawasi,95_rope,waska,waska,w a s k a,,heggarty2005,732,,,,,5180,w a ( - - ) s k a,"['w', 'a', 's', 'k', 'a']"
Iruhito-95_rope-1,,Iruhito,95_rope,kar̂u,kar̂u,k a r u,,cerron2016,994,,,,,78,k a r u,"['k', 'a', 'r', 'u']"
Jaqaru-95_rope-1,,Jaqaru,95_rope,čawara,čawara,tʃ a w a r a,,heggarty2005,734,,,,,5182,tʃ a w a r a,"['tʃ', 'a', 'w', 'a', 'r', 'a']"
Kawki-95_rope-1,,Kawki,95_rope,ñaqaya,ñaqaya,ɲ a q a j a,,heggarty2005,735,,,,,5183,ɲ a q a j a,"['ɲ', 'a', 'q', 'a', 'j', 'a']"
Lamas-95_rope-1,,Lamas,95_rope,waska,waska,w a s k a,,taylor2006,732,,,,,5180,w a ( - - ) s k a,"['w', 'a', 's', 'k', 'a']"
Laraos-95_rope-1,,Laraos,95_rope,waska,waska,w a s k a,,heggarty2005,732,,,,,5180,w a ( - - ) s k a,"['w', 'a', 's', 'k', 'a']"
Maragua-95_rope-1,,Maragua,95_rope,waškha,waškha,w a ʃ kʰ a,,heggarty2005,732,,,,,5180,w a ( - - ) ʃ kʰ a,"['w', 'a', 'ʃ', 'kʰ', 'a']"
Napo-95_rope-1,,Napo,95_rope,huasca,huasca,w a s k a,,orrwrisley1981,732,,,,,5180,w a ( - - ) s k a,"['w', 'a', 's', 'k', 'a']"
Pacaraos-95_rope-1,,Pacaraos,95_rope,waska,waska,w a s k a,,adelaar1982,732,,,,,5180,w a ( - - ) s k a,"['w', 'a', 's', 'k', 'a']"
Pastaza-95_rope-1,,Pastaza,95_rope,wasca,wasca,w a s k a,,landerman1973,732,,,,,5180,w a ( - - ) s k a,"['w', 'a', 's', 'k', 'a']"
Pocona-95_rope-1,,Pocona,95_rope,waska,waska,w a s k a,,heggarty2005,732,,,,,5180,w a ( - - ) s k a,"['w', 'a', 's', 'k', 'a']"
Puki-95_rope-1,,Puki,95_rope,wiska,wiska,w i s k a,,heggarty2005,432,,,,,347,w i ( - - ) s k a,"['w', 'i', 's', 'k', 'a']"
Puno-95_rope-1,,Puno,95_rope,wiskha,wiskha,w i s kʰ a,,heggarty2005,732,,,,,5180,w i ( - - ) s kʰ a,"['w', 'i', 's', 'kʰ', 'a']"
Putumayo-95_rope-1,,Putumayo,95_rope,huasca,huasca,w a s k a,,tandioy1978,732,,,,,5180,w a ( - - ) s k a,"['w', 'a', 's', 'k', 'a']"
Raimondi-95_rope-1,,Raimondi,95_rope,waska,waska,w a s k a,,parkerchavez1976,732,,,,,5180,w a ( - - ) s k a,"['w', 'a', 's', 'k', 'a']"
SanPedro-95_rope-1,,SanPedro,95_rope,"kachu, waska",waska,w a s k a,,shimelman2017,732,,,,,5180,w a ( - - ) s k a,"['w', 'a', 's', 'k', 'a']"
Santiagueno-95_rope-1,,Santiagueno,95_rope,waska,waska,w a s k a,,juanatey2021,732,,,,,5180,w a ( - - ) s k a,"['w', 'a', 's', 'k', 'a']"
SantoTomas-95_rope-1,,SantoTomas,95_rope,"guacaʃca, guaz",guacaʃca,w a k a s k a,,santotomas1951,732,,,,,5180,w a ( k a ) s k a,"['w', 'a', 'k', 'a', 's', 'k', 'a']"
SantoTomas-95_rope-2,,SantoTomas,95_rope,"guacaʃca, guaz",guaz,w a s,,santotomas1951,732,,,,,5180,w a ( - - ) s - -,"['w', 'a', 's']"
Serena-95_rope-1,,Serena,95_rope,waska,waska,w a s k a,,heggarty2005,732,,,,,5180,w a ( - - ) s k a,"['w', 'a', 's', 'k', 'a']"
Sullkatiti-95_rope-1,,Sullkatiti,95_rope,č'awara,č'awara,tʃʼ a w a r a,,heggarty2005,734,,,,,5182,tʃʼ a w a r a,"['tʃʼ', 'a', 'w', 'a', 'r', 'a']"
Taquile-95_rope-1,,Taquile,95_rope,waskha,waskha,w a s kʰ a,,heggarty2005,732,,,,,5180,w a ( - - ) s kʰ a,"['w', 'a', 's', 'kʰ', 'a']"
Tarma-95_rope-1,,Tarma,95_rope,wasga,wasga,w a s g a,,adelaar1977,732,,,,,5180,w a ( - - ) s g a,"['w', 'a', 's', 'g', 'a']"
Troje-95_rope-1,,Troje,95_rope,waska,waska,w a s k a,,heggarty2005,732,,,,,5180,w a ( - - ) s k a,"['w', 'a', 's', 'k', 'a']"
Tsimu-95_rope-1,,Tsimu,95_rope,kar̂u,kar̂u,k a r u,,cerron2016,994,,,,,78,k a r u,"['k', 'a', 'r', 'u']"
Wari-95_rope-1,,Wari,95_rope,waska,waska,w a s k a,,parkerchavez1976,732,,,,,5180,w a ( - - ) s k a,"['w', 'a', 's', 'k', 'a']"
Yanac-95_rope-1,,Yanac,95_rope,waska,waska,w a s k a,,heggarty2005,732,,,,,5180,w a ( - - ) s k a,"['w', 'a', 's', 'k', 'a']"
Anonimo-96_road-1,,Anonimo,96_road,ñan,ñan,ɲ a n,,valera1586,711,,,,,5083,ɲ a n,"['ɲ', 'a', 'n']"
Apurimac-96_road-1,,Apurimac,96_road,ñan,ñan,ɲ a n,,camacho2007,711,,,,,5083,ɲ a n,"['ɲ', 'a', 'n']"
Atalla-96_road-1,,Atalla,96_road,camino,camino,k a m i n o,,heggarty2005,706,,,,esp,504,k a m i n o,"['k', 'a', 'm', 'i', 'n', 'o']"
Ayacucho-96_road-1,,Ayacucho,96_road,ñan,ñan,ɲ a ŋ,,soto1976,711,,,,,5083,ɲ a ŋ,"['ɲ', 'a', 'ŋ']"
Bobonaza-96_road-1,,Bobonaza,96_road,ñambi,ñambi,ɲ a m + b i,,orrwrisley1981,711,,,,,5083 0,ɲ a m + b i,"['ɲ', 'a', 'm', '+', 'b', 'i']"
Chachapoyas-96_road-1,,Chachapoyas,96_road,ñan,ñan,ɲ a n,,taylor2006,711,,,,,5083,ɲ a n,"['ɲ', 'a', 'n']"
Chacpar-96_road-1,,Chacpar,96_road,na:ni,na:ni,n aː n i,,heggarty2005,477,,,,,371,n aː n i,"['n', 'aː', 'n', 'i']"
Chetilla-96_road-1,,Chetilla,96_road,ñan,ñan,ɲ a n,,heggarty2005,711,,,,,5083,ɲ a n,"['ɲ', 'a', 'n']"
Chipaya-96_road-1,,Chipaya,96_road,"hikz, hikza",hikz,h i k z,,heggarty2005,713,,,,,5085,h i k - - z,"['h', 'i', 'k', 'z']"
Curva-96_road-1,,Curva,96_road,ñan,ñan,ɲ a n,,heggarty2005,711,,,,,5083,ɲ a n,"['ɲ', 'a', 'n']"
Cuzco-96_road-1,,Cuzco,96_road,ñan,ñan,ɲ a n,,heggarty2005,711,,,,,5083,ɲ a n,"['ɲ', 'a', 'n']"
CuzquenoAntiguo-96_road-1,,CuzquenoAntiguo,96_road,ñan,ñan,ɲ a n,,holguin1608,711,,,,,5083,ɲ a n,"['ɲ', 'a', 'n']"
Huallaga-96_road-1,,Huallaga,96_road,na:ni,na:ni,n aː n i,,heggarty2005,477,,,,,371,n aː n i,"['n', 'aː', 'n', 'i']"
Huanca-96_road-1,,Huanca,96_road,pulina,pulina,p u l i + n a,,cerron1976,940,,,,,7121 0,p u l i + n a,"['p', 'u', 'l', 'i', '+', 'n', 'a']"
Huancane-96_road-1,,Huancane,96_road,camino,camino,k a m i n o,,heggarty2005,712,,,,,5084,k a m i n o,"['k', 'a', 'm', 'i', 'n', 'o']"
HuarazHuailas-96_road-1,,HuarazHuailas,96_road,naani,naani,ɲ aː ɲ i,,parkerchavez1976,477,,,,,371,ɲ aː ɲ i,"['ɲ', 'aː', 'ɲ', 'i']"
Imbabura-96_road-1,,Imbabura,96_road,ñan,ñan,ɲ a n,,gomez2009,711,,,,,5083,ɲ a n,"['ɲ', 'a', 'n']"
Inkawasi-96_road-1,,Inkawasi,96_road,nan,nan,n a n,,heggarty2005,711,,,,,5083,n a n,"['n', 'a', 'n']"
Iruhito-96_road-1,,Iruhito,96_road,lí:ksʰi,lí:ksʰi,l iː k sʰ i,,cerron2016,713,,,,,5085,l iː k sʰ i -,"['l', 'iː', 'k', 'sʰ', 'i']"
Jaqaru-96_road-1,,Jaqaru,96_road,thaki,thaki,tʰ a k i,,heggarty2005,714,,,,,5087,tʰ a k i,"['tʰ', 'a', 'k', 'i']"
Kawki-96_road-1,,Kawki,96_road,ĉaki,ĉaki,ʈʂ a k i,,heggarty2005,714,,,,,5087,ʈʂ a k i,"['ʈʂ', 'a', 'k', 'i']"
Lamas-96_road-1,,Lamas,96_road,ñan,ñan,ɲ a n,,taylor2006,711,,,,,5083,ɲ a n,"['ɲ', 'a', 'n']"
Laraos-96_road-1,,Laraos,96_road,kaminu,kaminu,k a m i n u,,heggarty2005,708,,,,esp,506,k a m i n u,"['k', 'a', 'm', 'i', 'n', 'u']"
Maragua-96_road-1,,Maragua,96_road,yan,yan,j a n,,heggarty2005,711,,,,,5083,j a n,"['j', 'a', 'n']"
Napo-96_road-1,,Napo,96_road,ñambi,ñambi,ɲ a m + b i,,orrwrisley1981,711,,,,,5083 0,ɲ a m + b i,"['ɲ', 'a', 'm', '+', 'b', 'i']"
Pastaza-96_road-1,,Pastaza,96_road,ñambi,ñambi,ɲ a m + b i,,landerman1973,711,,,,,5083 0,ɲ a m + b i,"['ɲ', 'a', 'm', '+', 'b', 'i']"
Pastaza-96_road-2,,Pastaza,96_road,trucha,trucha,ʈʂ u tʃ a,,landerman1973,715,,,,,5089,ʈʂ u tʃ a,"['ʈʂ', 'u', 'tʃ', 'a']"
Pocona-96_road-1,,Pocona,96_road,yan,yan,j a n,,heggarty2005,711,,,,,5083,j a n,"['j', 'a', 'n']"
Puki-96_road-1,,Puki,96_road,thaki,thaki,tʰ a k i,,heggarty2005,714,,,,,5087,tʰ a k i,"['tʰ', 'a', 'k', 'i']"
Puno-96_road-1,,Puno,96_road,ñan,ñan,ɲ a n,,heggarty2005,711,,,,,5083,ɲ a n,"['ɲ', 'a', 'n']"
Putumayo-96_road-1,,Putumayo,96_road,ñambi,ñambi,ɲ a m + b i,,tandioy1978,711,,,,,5083 0,ɲ a m + b i,"['ɲ', 'a', 'm', '+', 'b', 'i']"
Raimondi-96_road-1,,Raimondi,96_road,naani,naani,ɲ aː ɲ i,,parkerchavez1976,477,,,,,371,ɲ aː ɲ i,"['ɲ', 'aː', 'ɲ', 'i']"
Santiagueno-96_road-1,,Santiagueno,96_road,ñan,ñan,ɲ a n,,juanatey2021,711,,,,,5083,ɲ a n,"['ɲ', 'a', 'n']"
SantoTomas-96_road-1,,SantoTomas,96_road,ñan,ñan,ɲ a n,,santotomas1951,711,,,,,5083,ɲ a n,"['ɲ', 'a', 'n']"
Serena-96_road-1,,Serena,96_road,ñan,ñan,ɲ a n,,heggarty2005,711,,,,,5083,ɲ a n,"['ɲ', 'a', 'n']"
Sullkatiti-96_road-1,,Sullkatiti,96_road,tupu,tupu,t u p u,,heggarty2005,968,,,,,75,t u p u,"['t', 'u', 'p', 'u']"
Taquile-96_road-1,,Taquile,96_road,ñan,ñan,ɲ a n,,heggarty2005,711,,,,,5083,ɲ a n,"['ɲ', 'a', 'n']"
Tarma-96_road-1,,Tarma,96_road,kaminu,kaminu,k a m i n u,,adelaar1977,707,,,,esp,505,k a m i n u,"['k', 'a', 'm', 'i', 'n', 'u']"
Troje-96_road-1,,Troje,96_road,ñan,ñan,ɲ a n,,heggarty2005,711,,,,,5083,ɲ a n,"['ɲ', 'a', 'n']"
Tsimu-96_road-1,,Tsimu,96_road,lí:tr̂is,lí:tr̂is,l iː t r i s,,cerron2016,713,,,,,5085,l iː t r i s,"['l', 'iː', 't', 'r', 'i', 's']"
Wari-96_road-1,,Wari,96_road,naani,naani,ɲ aː ɲ i,,parkerchavez1976,477,,,,,371,ɲ aː ɲ i,"['ɲ', 'aː', 'ɲ', 'i']"
Yanac-96_road-1,,Yanac,96_road,na:ni,na:ni,n aː n i,,heggarty2005,477,,,,,371,n aː n i,"['n', 'aː', 'n', 'i']"
Anonimo-97_black-1,,Anonimo,97_black,yana,yana,j a n a,,valera1586,466,,,,,366,j a n a,"['j', 'a', 'n', 'a']"
Apuri-97_black-1,,Apuri,97_black,yana,yana,j a n a,,shimelman2017,466,,,,,366,j a n a,"['j', 'a', 'n', 'a']"
Apurimac-97_black-1,,Apurimac,97_black,yana,yana,j a n a,,camacho2007,466,,,,,366,j a n a,"['j', 'a', 'n', 'a']"
Arma-97_black-1,,Arma,97_black,yana,yana,j a n a,,galvez2003,466,,,,,366,j a n a,"['j', 'a', 'n', 'a']"
Atalla-97_black-1,,Atalla,97_black,yana,yana,j a n a,,heggarty2005,466,,,,,366,j a n a,"['j', 'a', 'n', 'a']"
Ayacucho-97_black-1,,Ayacucho,97_black,yana,yana,j a n a,,soto1976,466,,,,,366,j a n a,"['j', 'a', 'n', 'a']"
Bobonaza-97_black-1,,Bobonaza,97_black,yana,yana,j a n a,,orrwrisley1981,466,,,,,366,j a n a,"['j', 'a', 'n', 'a']"
Cacra-Hongos-97_black-1,,Cacra-Hongos,97_black,yana,yana,j a n a,,shimelman2017,466,,,,,366,j a n a,"['j', 'a', 'n', 'a']"
Chachapoyas-97_black-1,,Chachapoyas,97_black,yana,yana,j a n a,,taylor2006,466,,,,,366,j a n a,"['j', 'a', 'n', 'a']"
Chacpar-97_black-1,,Chacpar,97_black,yana,yana,j a n a,,heggarty2005,466,,,,,366,j a n a,"['j', 'a', 'n', 'a']"
Chetilla-97_black-1,,Chetilla,97_black,yana,yana,j a n a,,heggarty2005,466,,,,,366,j a n a,"['j', 'a', 'n', 'a']"
Chipaya-97_black-1,,Chipaya,97_black,tsok,tsok,ts o k,,heggarty2005,467,,,,,367,ts o k - - - -,"['ts', 'o', 'k']"
Curva-97_black-1,,Curva,97_black,yana,yana,j a n a,,heggarty2005,466,,,,,366,j a n a,"['j', 'a', 'n', 'a']"
Cuzco-97_black-1,,Cuzco,97_black,yana,yana,j a n a,,heggarty2005,466,,,,,366,j a n a,"['j', 'a', 'n', 'a']"
CuzquenoAntiguo-97_black-1,,CuzquenoAntiguo,97_black,yana,yana,j a n a,,holguin1608,466,,,,,366,j a n a,"['j', 'a', 'n', 'a']"
Huallaga-97_black-1,,Huallaga,97_black,yana,yana,j a n a,,heggarty2005,466,,,,,366,j a n a,"['j', 'a', 'n', 'a']"
Huanca-97_black-1,,Huanca,97_black,yana,yana,j a n a,,cerron2018,466,,,,,366,j a n a,"['j', 'a', 'n', 'a']"
Huancane-97_black-1,,Huancane,97_black,č'a:ra,č'a:ra,tʃʼ aː r a,,heggarty2005,468,,,,,368,tʃʼ aː r a - -,"['tʃʼ', 'aː', 'r', 'a']"
Huangascar-97_black-1,,Huangascar,97_black,yana,yana,j a n a,,shimelman2017,466,,,,,366,j a n a,"['j', 'a', 'n', 'a']"
HuarazHuailas-97_black-1,,HuarazHuailas,97_black,yana,yana,j a ɲ a,,parkerchavez1976,466,,,,,366,j a ɲ a,"['j', 'a', 'ɲ', 'a']"
Imbabura-97_black-1,,Imbabura,97_black,yana,yana,j a n a,,gomez2009,466,,,,,366,j a n a,"['j', 'a', 'n', 'a']"
Inkawasi-97_black-1,,Inkawasi,97_black,yana,yana,j a n a,,heggarty2005,466,,,,,366,j a n a,"['j', 'a', 'n', 'a']"
Iruhito-97_black-1,,Iruhito,97_black,"tš’ókini, tš’óχkini",tš’ókini,tʃʼ o k i n i,,cerron2016,467,,,,,367,tʃʼ o k - i n i,"['tʃʼ', 'o', 'k', 'i', 'n', 'i']"
Iruhito-97_black-2,,Iruhito,97_black,"tš’ókini, tš’óχkini",tš’óχkini,tʃʼ o χ k i n i,,cerron2016,467,,,,,367,tʃʼ o χ k i n i,"['tʃʼ', 'o', 'χ', 'k', 'i', 'n', 'i']"
Jaqaru-97_black-1,,Jaqaru,97_black,ts'irara,ts'irara,tsʼ i r a r a,,heggarty2005,468,,,,,368,tsʼ i r a r a,"['tsʼ', 'i', 'r', 'a', 'r', 'a']"
Kawki-97_black-1,,Kawki,97_black,ĉ'irara,ĉ'irara,ʈʂʼ i r a r a,,heggarty2005,468,,,,,368,ʈʂʼ i r a r a,"['ʈʂʼ', 'i', 'r', 'a', 'r', 'a']"
Lamas-97_black-1,,Lamas,97_black,yana,yana,j a n a,,taylor2006,466,,,,,366,j a n a,"['j', 'a', 'n', 'a']"
Laraos-97_black-1,,Laraos,97_black,yana,yana,j a n a,,heggarty2005,466,,,,,366,j a n a,"['j', 'a', 'n', 'a']"
Lincha-Tana-97_black-1,,Lincha-Tana,97_black,yana,yana,j a n a,,shimelman2017,466,,,,,366,j a n a,"['j', 'a', 'n', 'a']"
Maragua-97_black-1,,Maragua,97_black,yana,yana,j a n a,,heggarty2005,466,,,,,366,j a n a,"['j', 'a', 'n', 'a']"
Napo-97_black-1,,Napo,97_black,yana,yana,j a n a,,orrwrisley1981,466,,,,,366,j a n a,"['j', 'a', 'n', 'a']"
Pacaraos-97_black-1,,Pacaraos,97_black,yana,yana,j a n a,,adelaar1982,466,,,,,366,j a n a,"['j', 'a', 'n', 'a']"
Pastaza-97_black-1,,Pastaza,97_black,yana,yana,j a n a,,landerman1973,466,,,,,366,j a n a,"['j', 'a', 'n', 'a']"
Pocona-97_black-1,,Pocona,97_black,yana,yana,j a n a,,heggarty2005,466,,,,,366,j a n a,"['j', 'a', 'n', 'a']"
Puki-97_black-1,,Puki,97_black,"č'ara, č'iyara",č'ara,tʃʼ a r a,,heggarty2005,468,,,,,368,tʃʼ a r a - -,"['tʃʼ', 'a', 'r', 'a']"
Puki-97_black-2,,Puki,97_black,"č'ara, č'iyara",č'iyara,tʃʼ i j a r a,,heggarty2005,468,,,,,368,tʃʼ i j a r a,"['tʃʼ', 'i', 'j', 'a', 'r', 'a']"
Puno-97_black-1,,Puno,97_black,yana,yana,j a n a,,heggarty2005,466,,,,,366,j a n a,"['j', 'a', 'n', 'a']"
Putumayo-97_black-1,,Putumayo,97_black,yana,yana,j a n a,,tandioy1978,466,,,,,366,j a n a,"['j', 'a', 'n', 'a']"
Raimondi-97_black-1,,Raimondi,97_black,yana,yana,j a ɲ a,,parkerchavez1976,466,,,,,366,j a ɲ a,"['j', 'a', 'ɲ', 'a']"
SanPedro-97_black-1,,SanPedro,97_black,yana,yana,j a n a,,shimelman2017,466,,,,,366,j a n a,"['j', 'a', 'n', 'a']"
Santiagueno-97_black-1,,Santiagueno,97_black,yana,yana,j a n a,,juanatey2021,466,,,,,366,j a n a,"['j', 'a', 'n', 'a']"
SantoTomas-97_black-1,,SantoTomas,97_black,yana,yana,j a n a,,santotomas1951,466,,,,,366,j a n a,"['j', 'a', 'n', 'a']"
Serena-97_black-1,,Serena,97_black,yana,yana,j a n a,,heggarty2005,466,,,,,366,j a n a,"['j', 'a', 'n', 'a']"
Sullkatiti-97_black-1,,Sullkatiti,97_black,č'iyara,č'iyara,tʃʼ i j a r a,,heggarty2005,468,,,,,368,tʃʼ i j a r a,"['tʃʼ', 'i', 'j', 'a', 'r', 'a']"
Taquile-97_black-1,,Taquile,97_black,yana,yana,j a n a,,heggarty2005,466,,,,,366,j a n a,"['j', 'a', 'n', 'a']"
Tarma-97_black-1,,Tarma,97_black,yana,yana,j a n a,,adelaar1977,466,,,,,366,j a n a,"['j', 'a', 'n', 'a']"
Troje-97_black-1,,Troje,97_black,yana,yana,j a n a,,heggarty2005,466,,,,,366,j a n a,"['j', 'a', 'n', 'a']"
Tsimu-97_black-1,,Tsimu,97_black,tš’í:sña,tš’í:sña,tʃʼ iː s ɲ a,,cerron2016,108,,,,,163,tʃʼ iː s - - ɲ a,"['tʃʼ', 'iː', 's', 'ɲ', 'a']"
Wari-97_black-1,,Wari,97_black,yana,yana,j a ɲ a,,parkerchavez1976,466,,,,,366,j a ɲ a,"['j', 'a', 'ɲ', 'a']"
Yanac-97_black-1,,Yanac,97_black,yana,yana,j a n a,,heggarty2005,466,,,,,366,j a n a,"['j', 'a', 'n', 'a']"
Anonimo-98_white-1,,Anonimo,98_white,yurac,yurac,j u r a k,,valera1586,961,,,,,7430,j u r a k,"['j', 'u', 'r', 'a', 'k']"
Apuri-98_white-1,,Apuri,98_white,yuraq,yuraq,j u ɾ a q,,shimelman2017,961,,,,,7430,j u ɾ a q,"['j', 'u', 'ɾ', 'a', 'q']"
Apurimac-98_white-1,,Apurimac,98_white,yuraq,yuraq,j u r a q,,camacho2007,961,,,,,7430,j u r a q,"['j', 'u', 'r', 'a', 'q']"
Arma-98_white-1,,Arma,98_white,yuraq,yuraq,j u ɾ a χ,,galvez2003,961,,,,,7430,j u ɾ a χ,"['j', 'u', 'ɾ', 'a', 'χ']"
Atalla-98_white-1,,Atalla,98_white,"ruyaχ, yuraχ",ruyaχ,r u j a χ,,heggarty2005,961,,,,,7430,r u j a χ,"['r', 'u', 'j', 'a', 'χ']"
Atalla-98_white-2,,Atalla,98_white,"ruyaχ, yuraχ",yuraχ,j u r a χ,,heggarty2005,961,,,,,7430,j u r a χ,"['j', 'u', 'r', 'a', 'χ']"
Ayacucho-98_white-1,,Ayacucho,98_white,yuraq,yuraq,j u ɾ a χ,,soto1976,961,,,,,7430,j u ɾ a χ,"['j', 'u', 'ɾ', 'a', 'χ']"
Bobonaza-98_white-1,,Bobonaza,98_white,ruyaj,ruyaj,r u j a χ,,orrwrisley1981,961,,,,,7430,r u j a χ,"['r', 'u', 'j', 'a', 'χ']"
Cacra-Hongos-98_white-1,,Cacra-Hongos,98_white,yuraq,yuraq,j u l a q,,shimelman2017,961,,,,,7430,j u l a q,"['j', 'u', 'l', 'a', 'q']"
Chachapoyas-98_white-1,,Chachapoyas,98_white,yurak,yurak,j u r a k,,taylor2006,961,,,,,7430,j u r a k,"['j', 'u', 'r', 'a', 'k']"
Chacpar-98_white-1,,Chacpar,98_white,yulax,yulax,j u l a x,,heggarty2005,961,,,,,7430,j u l a x,"['j', 'u', 'l', 'a', 'x']"
Chetilla-98_white-1,,Chetilla,98_white,yuraq,yuraq,j u r a q,,heggarty2005,961,,,,,7430,j u r a q,"['j', 'u', 'r', 'a', 'q']"
Chipaya-98_white-1,,Chipaya,98_white,chiwi,chiwi,tʃ i w i,,heggarty2005,962,,,,,7433,tʃ i w i,"['tʃ', 'i', 'w', 'i']"
Curva-98_white-1,,Curva,98_white,yuraχ,yuraχ,j u r a χ,,heggarty2005,961,,,,,7430,j u r a χ,"['j', 'u', 'r', 'a', 'χ']"
Cuzco-98_white-1,,Cuzco,98_white,yuraχ,yuraχ,j u r a χ,,heggarty2005,961,,,,,7430,j u r a χ,"['j', 'u', 'r', 'a', 'χ']"
CuzquenoAntiguo-98_white-1,,CuzquenoAntiguo,98_white,yurac,yurac,j u r a k,,holguin1608,961,,,,,7430,j u r a k,"['j', 'u', 'r', 'a', 'k']"
Huallaga-98_white-1,,Huallaga,98_white,yuraχ,yuraχ,j u r a χ,,heggarty2005,961,,,,,7430,j u r a χ,"['j', 'u', 'r', 'a', 'χ']"
Huanca-98_white-1,,Huanca,98_white,yulaq,yulaq,j u l a ʔ,,cerron1976,961,,,,,7430,j u l a ʔ,"['j', 'u', 'l', 'a', 'ʔ']"
Huancane-98_white-1,,Huancane,98_white,hanq'u,hanq'u,h a n qʼ u,,heggarty2005,963,,,,,7434,h a n qʼ u,"['h', 'a', 'n', 'qʼ', 'u']"
Huangascar-98_white-1,,Huangascar,98_white,yuraq,yuraq,j u ɾ a q,,shimelman2017,961,,,,,7430,j u ɾ a q,"['j', 'u', 'ɾ', 'a', 'q']"
HuarazHuailas-98_white-1,,HuarazHuailas,98_white,yulaq,yulaq,j u l a q,,parkerchavez1976,961,,,,,7430,j u l a q,"['j', 'u', 'l', 'a', 'q']"
Imbabura-98_white-1,,Imbabura,98_white,yuraj,yuraj,j u ɾ a x,,gomez2009,961,,,,,7430,j u ɾ a x,"['j', 'u', 'ɾ', 'a', 'x']"
Inkawasi-98_white-1,,Inkawasi,98_white,yuraq,yuraq,j u r a q,,heggarty2005,961,,,,,7430,j u r a q,"['j', 'u', 'r', 'a', 'q']"
Jaqaru-98_white-1,,Jaqaru,98_white,hanq'u,hanq'u,h a n qʼ u,,heggarty2005,963,,,,,7434,h a n qʼ u,"['h', 'a', 'n', 'qʼ', 'u']"
Kawki-98_white-1,,Kawki,98_white,hanq'u,hanq'u,h a n qʼ u,,heggarty2005,963,,,,,7434,h a n qʼ u,"['h', 'a', 'n', 'qʼ', 'u']"
Lamas-98_white-1,,Lamas,98_white,yurak,yurak,j u r a k,,taylor2006,961,,,,,7430,j u r a k,"['j', 'u', 'r', 'a', 'k']"
Laraos-98_white-1,,Laraos,98_white,yuraχ,yuraχ,j u r a χ,,heggarty2005,961,,,,,7430,j u r a χ,"['j', 'u', 'r', 'a', 'χ']"
Lincha-Tana-98_white-1,,Lincha-Tana,98_white,yuraq,yuraq,j u ɾ a q,,shimelman2017,961,,,,,7430,j u ɾ a q,"['j', 'u', 'ɾ', 'a', 'q']"
Maragua-98_white-1,,Maragua,98_white,yuraχ,yuraχ,j u r a χ,,heggarty2005,961,,,,,7430,j u r a χ,"['j', 'u', 'r', 'a', 'χ']"
Napo-98_white-1,,Napo,98_white,ruyaj,ruyaj,r u j a χ,,orrwrisley1981,961,,,,,7430,r u j a χ,"['r', 'u', 'j', 'a', 'χ']"
Pacaraos-98_white-1,,Pacaraos,98_white,yuraq,yuraq,j u ɾ a χ,,adelaar1982,961,,,,,7430,j u ɾ a χ,"['j', 'u', 'ɾ', 'a', 'χ']"
Pastaza-98_white-1,,Pastaza,98_white,yura,yura,j u r a,,landerman1973,961,,,,,7430,j u r a -,"['j', 'u', 'r', 'a']"
Pocona-98_white-1,,Pocona,98_white,yuraχ,yuraχ,j u r a χ,,heggarty2005,961,,,,,7430,j u r a χ,"['j', 'u', 'r', 'a', 'χ']"
Puki-98_white-1,,Puki,98_white,hanq'u,hanq'u,h a n qʼ u,,heggarty2005,963,,,,,7434,h a n qʼ u,"['h', 'a', 'n', 'qʼ', 'u']"
Puno-98_white-1,,Puno,98_white,yuraχ,yuraχ,j u r a χ,,heggarty2005,961,,,,,7430,j u r a χ,"['j', 'u', 'r', 'a', 'χ']"
Putumayo-98_white-1,,Putumayo,98_white,yura,yura,j u r a,,tandioy1978,961,,,,,7430,j u r a -,"['j', 'u', 'r', 'a']"
Raimondi-98_white-1,,Raimondi,98_white,yullaq,yullaq,j u ʎ a q,,parkerchavez1976,961,,,,,7430,j u ʎ a q,"['j', 'u', 'ʎ', 'a', 'q']"
SanPedro-98_white-1,,SanPedro,98_white,yuraq,yuraq,j u ɾ a q,,shimelman2017,961,,,,,7430,j u ɾ a q,"['j', 'u', 'ɾ', 'a', 'q']"
Santiagueno-98_white-1,,Santiagueno,98_white,yuraq,yuraq,j u ɾ a χ,,juanatey2021,961,,,,,7430,j u ɾ a χ,"['j', 'u', 'ɾ', 'a', 'χ']"
SantoTomas-98_white-1,,SantoTomas,98_white,yurac,yurac,j u r a k,,santotomas1951,961,,,,,7430,j u r a k,"['j', 'u', 'r', 'a', 'k']"
Serena-98_white-1,,Serena,98_white,yurax,yurax,j u r a x,,heggarty2005,961,,,,,7430,j u r a x,"['j', 'u', 'r', 'a', 'x']"
Sullkatiti-98_white-1,,Sullkatiti,98_white,hanq'u,hanq'u,h a n qʼ u,,heggarty2005,963,,,,,7434,h a n qʼ u,"['h', 'a', 'n', 'qʼ', 'u']"
Taquile-98_white-1,,Taquile,98_white,yuraχ,yuraχ,j u r a χ,,heggarty2005,961,,,,,7430,j u r a χ,"['j', 'u', 'r', 'a', 'χ']"
Tarma-98_white-1,,Tarma,98_white,yurax,yurax,j u ɾ a χ,,adelaar1977,961,,,,,7430,j u ɾ a χ,"['j', 'u', 'ɾ', 'a', 'χ']"
Troje-98_white-1,,Troje,98_white,yurax,yurax,j u r a x,,heggarty2005,961,,,,,7430,j u r a x,"['j', 'u', 'r', 'a', 'x']"
Wari-98_white-1,,Wari,98_white,yuraq,yuraq,j u ɾ a q,,parkerchavez1976,961,,,,,7430,j u ɾ a q,"['j', 'u', 'ɾ', 'a', 'q']"
Yanac-98_white-1,,Yanac,98_white,yuraq,yuraq,j u r a q,,heggarty2005,961,,,,,7430,j u r a q,"['j', 'u', 'r', 'a', 'q']"
Anonimo-99_red-1,,Anonimo,99_red,paco,paco,p a k ɔ,,valera1586,685,,,,,4938,p a k ɔ,"['p', 'a', 'k', 'ɔ']"
Apuri-99_red-1,,Apuri,99_red,puka,puka,p u k a,,shimelman2017,685,,,,,4938,p u k a,"['p', 'u', 'k', 'a']"
Apurimac-99_red-1,,Apurimac,99_red,puka,puka,p u k a,,camacho2007,685,,,,,4938,p u k a,"['p', 'u', 'k', 'a']"
Arma-99_red-1,,Arma,99_red,puka,puka,p u k a,,galvez2003,685,,,,,4938,p u k a,"['p', 'u', 'k', 'a']"
Atalla-99_red-1,,Atalla,99_red,puka,puka,p u k a,,heggarty2005,685,,,,,4938,p u k a,"['p', 'u', 'k', 'a']"
Ayacucho-99_red-1,,Ayacucho,99_red,puka,puka,p u k a,,soto1976,685,,,,,4938,p u k a,"['p', 'u', 'k', 'a']"
Bobonaza-99_red-1,,Bobonaza,99_red,puca,puca,p u k a,,orrwrisley1981,685,,,,,4938,p u k a,"['p', 'u', 'k', 'a']"
Cacra-Hongos-99_red-1,,Cacra-Hongos,99_red,puka,puka,p u k a,,shimelman2017,685,,,,,4938,p u k a,"['p', 'u', 'k', 'a']"
Chachapoyas-99_red-1,,Chachapoyas,99_red,puka,puka,p u k a,,taylor2006,685,,,,,4938,p u k a,"['p', 'u', 'k', 'a']"
Chacpar-99_red-1,,Chacpar,99_red,puka,puka,p u k a,,heggarty2005,685,,,,,4938,p u k a,"['p', 'u', 'k', 'a']"
Chetilla-99_red-1,,Chetilla,99_red,čupika,čupika,tʃ u p i k a,,heggarty2005,666,,,,,48,tʃ u p i k a,"['tʃ', 'u', 'p', 'i', 'k', 'a']"
Chipaya-99_red-1,,Chipaya,99_red,ljok,ljok,l j o k,,heggarty2005,686,,,,,4939,l j o k,"['l', 'j', 'o', 'k']"
Curva-99_red-1,,Curva,99_red,puka,puka,p u k a,,heggarty2005,685,,,,,4938,p u k a,"['p', 'u', 'k', 'a']"
Cuzco-99_red-1,,Cuzco,99_red,puka,puka,p u k a,,heggarty2005,685,,,,,4938,p u k a,"['p', 'u', 'k', 'a']"
CuzquenoAntiguo-99_red-1,,CuzquenoAntiguo,99_red,paco,paco,p a k u,,holguin1608,685,,,,,4938,p a k u,"['p', 'a', 'k', 'u']"
Huallaga-99_red-1,,Huallaga,99_red,puka,puka,p u k a,,heggarty2005,685,,,,,4938,p u k a,"['p', 'u', 'k', 'a']"
Huanca-99_red-1,,Huanca,99_red,puka,puka,p u k a,,cerron2018,685,,,,,4938,p u k a,"['p', 'u', 'k', 'a']"
Huancane-99_red-1,,Huancane,99_red,čupika,čupika,tʃ u p i k a,,heggarty2005,666,,,,,48,tʃ u p i k a,"['tʃ', 'u', 'p', 'i', 'k', 'a']"
Huangascar-99_red-1,,Huangascar,99_red,puka,puka,p u k a,,shimelman2017,685,,,,,4938,p u k a,"['p', 'u', 'k', 'a']"
HuarazHuailas-99_red-1,,HuarazHuailas,99_red,puka,puka,p u k a,,parkerchavez1976,685,,,,,4938,p u k a,"['p', 'u', 'k', 'a']"
Imbabura-99_red-1,,Imbabura,99_red,puka,puka,p u k a,,gomez2009,685,,,,,4938,p u k a,"['p', 'u', 'k', 'a']"
Inkawasi-99_red-1,,Inkawasi,99_red,čupika,čupika,tʃ u p i k a,,heggarty2005,666,,,,,48,tʃ u p i k a,"['tʃ', 'u', 'p', 'i', 'k', 'a']"
Jaqaru-99_red-1,,Jaqaru,99_red,čukapa,čukapa,tʃ u k a p a,,heggarty2005,666,,,,,48,tʃ u k a p a,"['tʃ', 'u', 'k', 'a', 'p', 'a']"
Kawki-99_red-1,,Kawki,99_red,čukipi,čukipi,tʃ u k i p i,,heggarty2005,666,,,,,48,tʃ u k i p i,"['tʃ', 'u', 'k', 'i', 'p', 'i']"
Lamas-99_red-1,,Lamas,99_red,puka,puka,p u k a,,taylor2006,685,,,,,4938,p u k a,"['p', 'u', 'k', 'a']"
Laraos-99_red-1,,Laraos,99_red,puka,puka,p u k a,,heggarty2005,685,,,,,4938,p u k a,"['p', 'u', 'k', 'a']"
Lincha-Tana-99_red-1,,Lincha-Tana,99_red,puka,puka,p u k a,,shimelman2017,685,,,,,4938,p u k a,"['p', 'u', 'k', 'a']"
Maragua-99_red-1,,Maragua,99_red,puka,puka,p u k a,,heggarty2005,685,,,,,4938,p u k a,"['p', 'u', 'k', 'a']"
Napo-99_red-1,,Napo,99_red,puca,puca,p u k a,,orrwrisley1981,685,,,,,4938,p u k a,"['p', 'u', 'k', 'a']"
Pacaraos-99_red-1,,Pacaraos,99_red,puka,puka,p u k a,,adelaar1982,685,,,,,4938,p u k a,"['p', 'u', 'k', 'a']"
Pastaza-99_red-1,,Pastaza,99_red,puca,puca,p u k a,,landerman1973,685,,,,,4938,p u k a,"['p', 'u', 'k', 'a']"
Pocona-99_red-1,,Pocona,99_red,puka,puka,p u k a,,heggarty2005,685,,,,,4938,p u k a,"['p', 'u', 'k', 'a']"
Puki-99_red-1,,Puki,99_red,wila,wila,w i l a,,heggarty2005,688,,,,,4940,w i l a,"['w', 'i', 'l', 'a']"
Puno-99_red-1,,Puno,99_red,puka,puka,p u k a,,heggarty2005,685,,,,,4938,p u k a,"['p', 'u', 'k', 'a']"
Putumayo-99_red-1,,Putumayo,99_red,"pichi, puca",pichi,p i tʃ i,,tandioy1978,650,,,,,47,p i tʃ i,"['p', 'i', 'tʃ', 'i']"
Putumayo-99_red-2,,Putumayo,99_red,"pichi, puca",puca,p u k a,,tandioy1978,685,,,,,4938,p u k a,"['p', 'u', 'k', 'a']"
Raimondi-99_red-1,,Raimondi,99_red,puka,puka,p u k a,,parkerchavez1976,685,,,,,4938,p u k a,"['p', 'u', 'k', 'a']"
SanPedro-99_red-1,,SanPedro,99_red,puka,puka,p u k a,,shimelman2017,685,,,,,4938,p u k a,"['p', 'u', 'k', 'a']"
Santiagueno-99_red-1,,Santiagueno,99_red,puka,puka,p u x a,,juanatey2021,685,,,,,4938,p u x a,"['p', 'u', 'x', 'a']"
SantoTomas-99_red-1,,SantoTomas,99_red,paco,paco,p a k o,,santotomas1951,685,,,,,4938,p a k o,"['p', 'a', 'k', 'o']"
Serena-99_red-1,,Serena,99_red,puka,puka,p u k a,,heggarty2005,685,,,,,4938,p u k a,"['p', 'u', 'k', 'a']"
Sullkatiti-99_red-1,,Sullkatiti,99_red,wila,wila,w i l a,,heggarty2005,688,,,,,4940,w i l a,"['w', 'i', 'l', 'a']"
Taquile-99_red-1,,Taquile,99_red,puka,puka,p u k a,,heggarty2005,685,,,,,4938,p u k a,"['p', 'u', 'k', 'a']"
Tarma-99_red-1,,Tarma,99_red,puga,puga,p u g a,,adelaar1977,685,,,,,4938,p u g a,"['p', 'u', 'g', 'a']"
Troje-99_red-1,,Troje,99_red,puka,puka,p u k a,,heggarty2005,685,,,,,4938,p u k a,"['p', 'u', 'k', 'a']"
Wari-99_red-1,,Wari,99_red,puka,puka,p u k a,,parkerchavez1976,685,,,,,4938,p u k a,"['p', 'u', 'k', 'a']"
Yanac-99_red-1,,Yanac,99_red,puka,puka,p u k a,,heggarty2005,685,,,,,4938,p u k a,"['p', 'u', 'k', 'a']"
Anonimo-50_bird-2,,Anonimo,50_bird,"piʃco, pichin",piʃco,p i s k ɔ,,valera1586,279,,,,,256,p i s k ɔ,"['p', 'i', 's', 'k', 'ɔ']"
Chipaya-96_road-2,,Chipaya,96_road,"hikz, hikza",hikza,h i k z a,,heggarty2005,713,,,,,5085,h i k z a -,"['h', 'i', 'k', 'z', 'a']"
Anonimo-119_dry-2,,Anonimo,119_dry,chaqui chaquiʃca,chaqui chaquiʃca,tʃ a k i + !s̺/s k a,,valera1586,40,,,,,1223 0,tʃ a k i + !s̺/s k a,"['tʃ', 'a', 'k', 'i', '+', '!s̺/s', 'k', 'a']"
Anonimo-123_goto-2,,Anonimo,123_goto,rini ricuni,rini ricuni,r i + k u + n i,,valera1586,254,,,,,2413 0 0,r i + k u + n i,"['r', 'i', '+', 'k', 'u', '+', 'n', 'i']"
Chetilla-134_suckto-1,,Chetilla,134_suckto,ñuñu,ñuñu,ɲ u ɲ u,,quesada1976,862,,,,,609,ɲ u ɲ u,"['ɲ', 'u', 'ɲ', 'u']"
Azuay-1_one-1,,Azuay,1_one,shug,shug,ʃ u g,,cordero1955,663,,,,,4783,ʃ u g,"['ʃ', 'u', 'g']"
Azuay-2_two-1,,Azuay,2_two,ishcay,ishcay,i ʃ k ai,,cordero1955,937,,,,,7072,i ʃ ( - ) k ai,"['i', 'ʃ', 'k', 'ai']"
Azuay-3_three-1,,Azuay,3_three,quimsa,quimsa,k i m s a,,cordero1955,914,,,,,6799,k i m s a,"['k', 'i', 'm', 's', 'a']"
Azuay-4_four-1,,Azuay,4_four,chuscu,chuscu,tʃ u s k u,,cordero1955,219,,,,,2215,tʃ u s k u,"['tʃ', 'u', 's', 'k', 'u']"
Azuay-5_five-1,,Azuay,5_five,pichca,pichca,p i tʃ k a,,cordero1955,167,,,,,1936,p i tʃ k a,"['p', 'i', 'tʃ', 'k', 'a']"
Azuay-6_six-1,,Azuay,6_six,sogta,sogta,s o g t a,,cordero1955,837,,,,,5767,s o g t a,"['s', 'o', 'g', 't', 'a']"
Azuay-7_seven-1,,Azuay,7_seven,canchis,canchis,k a n tʃ i s,,cordero1955,782,,,,,5464,k a n tʃ i s,"['k', 'a', 'n', 'tʃ', 'i', 's']"
Azuay-8_eight-1,,Azuay,8_eight,pusag,pusag,p u s a g,,cordero1955,81,,,,,1458,p u s a g,"['p', 'u', 's', 'a', 'g']"
Azuay-9_nine-1,,Azuay,9_nine,iscun,iscun,i s k u n,,cordero1955,618,,,,,4514,( - ) i s k u n,"['i', 's', 'k', 'u', 'n']"
Azuay-10_ten-1,,Azuay,10_ten,chunga,chunga,tʃ u n g a,,cordero1955,897,,,,,6604,tʃ u n g a,"['tʃ', 'u', 'n', 'g', 'a']"
Azuay-11_year-1,,Azuay,11_year,huata,huata,w a t a,,cordero1955,991,,,,,7768,w a t a,"['w', 'a', 't', 'a']"
Azuay-12_righthandside-1,,Azuay,12_righthandside,alli maqui,alli maqui,a ʎ i + m a k i,maki: hand,cordero1955,694,,,,,4987 0,a ʎ i - + m a k i,"['a', 'ʎ', 'i', '+', 'm', 'a', 'k', 'i']"
Azuay-13_lefthandside-1,,Azuay,13_lefthandside,lluqui,lluqui,ʎ u k i,,cordero1955,434,,,,,3483,ʎ u k i,"['ʎ', 'u', 'k', 'i']"
Azuay-14_weinclusive-1,,Azuay,14_weinclusive,ñuxanchi,ñuxanchi,ɲ u q a n tʃ i,,cordero1955,954,,,,,7301,ɲ u q a n tʃ i -,"['ɲ', 'u', 'q', 'a', 'n', 'tʃ', 'i']"
Azuay-15_thouyousg-1,,Azuay,15_thouyousg,can,can,k a n,,cordero1955,912,,,,,6747,k a n,"['k', 'a', 'n']"
Azuay-16_not-1,,Azuay,16_not,mana,mana,m a n a,,cordero1955,635,,,,,4618,m a n a,"['m', 'a', 'n', 'a']"
Azuay-17_what-1,,Azuay,17_what,ima,ima,i m a,,cordero1955,957,,,,,7384,i m a,"['i', 'm', 'a']"
Azuay-18_who-1,,Azuay,18_who,pi,pi,p i,,cordero1955,964,,,,,7479,p i,"['p', 'i']"
Azuay-19_this-1,,Azuay,19_this,cay,cay,k ai,,cordero1955,910,,,,,6702,k ai,"['k', 'ai']"
Azuay-20_with-1,,Azuay,20_with,-huan,-huan,w a n,suffix,cordero1955,978,,,,,7626,w a n,"['w', 'a', 'n']"
Azuay-21_head-1,,Azuay,21_head,uma,uma,u m a,,cordero1955,312,,,,,2769,( - ) u m a,"['u', 'm', 'a']"
Azuay-22_face-1,,Azuay,22_face,ñahui,ñahui,ɲ a w i,,cordero1955,109,,,,,1632,ɲ a w i,"['ɲ', 'a', 'w', 'i']"
Azuay-23_forehead-1,,Azuay,23_forehead,mati,mati,m a t i,,cordero1955,207,,,,,2160,m a ( - ) t i,"['m', 'a', 't', 'i']"
Azuay-24_hair-1,,Azuay,24_hair,agcha,agcha,a g tʃ a,,cordero1955,290,,,,,2616,( - ) a g tʃ a,"['a', 'g', 'tʃ', 'a']"
Azuay-25_eye-1,,Azuay,25_eye,ñahui,ñahui,ɲ a w i,,cordero1955,109,,,,,1632,ɲ a w i,"['ɲ', 'a', 'w', 'i']"
Azuay-26_nose-1,,Azuay,26_nose,singa,singa,s i n g a,,cordero1955,627,,,,,4569,s i n g a,"['s', 'i', 'n', 'g', 'a']"
Azuay-27_ear-1,,Azuay,27_ear,ringri,ringri,ɾ i n ɾ i,,cordero1955,48,,,,,1279,ɾ i n ɾ i ( - ),"['ɾ', 'i', 'n', 'ɾ', 'i']"
Azuay-28_mouth-1,,Azuay,28_mouth,shimi,shimi,ʃ i m i,,cordero1955,565,,,,,4220,ʃ i m i,"['ʃ', 'i', 'm', 'i']"
Azuay-29_lip-1,,Azuay,29_lip,huirpa,huirpa,w i ɾ p a,ya en desuso,cordero1955,469,,,,,3684,w i ɾ p a,"['w', 'i', 'ɾ', 'p', 'a']"
Azuay-30_tongue-1,,Azuay,30_tongue,callu,callu,k a ʎ u,,cordero1955,923,,,,,6920,k a ʎ u,"['k', 'a', 'ʎ', 'u']"
Azuay-31_tooth-1,,Azuay,31_tooth,quiru,quiru,k i ɾ u,,cordero1955,925,,,,,6974,k i ɾ u,"['k', 'i', 'ɾ', 'u']"
Azuay-32_hand-1,,Azuay,32_hand,maqui,maqui,m a k i,,cordero1955,298,,,,,2670,m a k i,"['m', 'a', 'k', 'i']"
Azuay-33_elbow-1,,Azuay,33_elbow,rigra mucu,rigra mucu,ɾ i g ɾ a + m u k u,,cordero1955,972,,,,,7575 3272,ɾ i g ɾ a + m u k u,"['ɾ', 'i', 'g', 'ɾ', 'a', '+', 'm', 'u', 'k', 'u']"
Azuay-34_neck-1,,Azuay,34_neck,cunga,cunga,k u n g a,,cordero1955,590,,,,,4367,k u n g a,"['k', 'u', 'n', 'g', 'a']"
Azuay-35_back-1,,Azuay,35_back,huasha,huasha,w a ʃ a,,cordero1955,717,,,,,51,w a ʃ a,"['w', 'a', 'ʃ', 'a']"
Azuay-36_foot-1,,Azuay,36_foot,chaqui,chaqui,tʃ a k i,,cordero1955,928,,,,,70,tʃ a k i,"['tʃ', 'a', 'k', 'i']"
Azuay-37_leg-1,,Azuay,37_leg,changa,changa,tʃ a n g a,,cordero1955,442,,,,,3533,tʃ a n g a,"['tʃ', 'a', 'n', 'g', 'a']"
Azuay-38_knee-1,,Azuay,38_knee,cunguri,cunguri,k u n g u ɾ i,,cordero1955,399,,,,,3271,k u n g u ( ɾ i ),"['k', 'u', 'n', 'g', 'u', 'ɾ', 'i']"
Azuay-39_blood-1,,Azuay,39_blood,yahuar,yahuar,j a w a r,,cordero1955,558,,,,,417,j a.w.a r,"['j', 'a.w.a', 'r']"
Azuay-40_bone-1,,Azuay,40_bone,tullu,tullu,t u ʎ u,,cordero1955,648,,,,,468,t u ʎ u,"['t', 'u', 'ʎ', 'u']"
Azuay-41_skin-1,,Azuay,41_skin,cara,cara,k a ɾ a,,cordero1955,843,,,,,5816,k a ɾ a,"['k', 'a', 'ɾ', 'a']"
Azuay-42_fingernail-1,,Azuay,42_fingernail,shillu,shillu,ʃ i ʎ u,,cordero1955,152,,,,,1838,ʃ i ʎ u,"['ʃ', 'i', 'ʎ', 'u']"
Azuay-43_bellystomach-1,,Azuay,43_bellystomach,huigsa,huigsa,w i χ a,,cordero1955,89,,,,,150,w i χ - a,"['w', 'i', 'χ', 'a']"
Azuay-44_navel-1,,Azuay,44_navel,pupu,pupu,p u p u,,cordero1955,581,,,,,4318,p u p u ( - - ),"['p', 'u', 'p', 'u']"
Azuay-45_breast-1,,Azuay,45_breast,quinzhu,"quinzhu, pugru",q i n ʒ u,,cordero1955,859,,,,,606,q i n ʒ u,"['q', 'i', 'n', 'ʒ', 'u']"
Azuay-46_heart-1,,Azuay,46_heart,shungu,shungu,ʃ u n g u,,cordero1955,331,,,,,2878,ʃ u n g u,"['ʃ', 'u', 'n', 'g', 'u']"
Azuay-47_dog-1,,Azuay,47_dog,allcu,allcu,a ʎ k u,,cordero1955,19,,,,,1109,a ʎ k u,"['a', 'ʎ', 'k', 'u']"
Azuay-48_fox-1,,Azuay,48_fox,añas,"yalu, añas",a ɲ a s,añas: zorro hediondo,cordero1955,229,,,,,2267,a ɲ a s,"['a', 'ɲ', 'a', 's']"
Azuay-49_mouse-1,,Azuay,49_mouse,ucu-cha,ucu-cha,u k u + tʃ a,,cordero1955,555,,,,,4157 352,- u k u + tʃ a,"['u', 'k', 'u', '+', 'tʃ', 'a']"
Azuay-50_bird-1,,Azuay,50_bird,pishcu,pishcu,p i ʃ k u,,cordero1955,279,,,,,256,p i ʃ k u,"['p', 'i', 'ʃ', 'k', 'u']"
Azuay-51_worm-1,,Azuay,51_worm,curu,curu,k u ɾ u,,cordero1955,989,,,,,7717,k u ɾ u,"['k', 'u', 'ɾ', 'u']"
Azuay-52_louse-1,,Azuay,52_louse,usa,usa,u s a,,cordero1955,488,,,,,3790,u s a,"['u', 's', 'a']"
Azuay-53_egg-1,,Azuay,53_egg,rurru,rurru,ɾ u r u,,cordero1955,187,,,,,205,ɾ u r u,"['ɾ', 'u', 'r', 'u']"
Azuay-54_horn-1,,Azuay,54_horn,gachu,gachu,g a tʃ u,,cordero1955,662,,,,esp,478,g a tʃ u,"['g', 'a', 'tʃ', 'u']"
Azuay-55_tail-1,,Azuay,55_tail,chupa,chupa,tʃ u p a,,cordero1955,893,,,,,6554,tʃ u p a,"['tʃ', 'u', 'p', 'a']"
Azuay-57_manswperson-1,,Azuay,57_manswperson,shug runa,shug runa,ʃ u g + ɾ u n a,,cordero1955,505,,,,,0 3892,ʃ u g + ɾ u n a,"['ʃ', 'u', 'g', '+', 'ɾ', 'u', 'n', 'a']"
Azuay-58_manswadultmale-1,,Azuay,58_manswadultmale,cari,cari,k a ɾ i,,cordero1955,496,,,,,3842,k a ɾ i,"['k', 'a', 'ɾ', 'i']"
Azuay-59_woman-1,,Azuay,59_woman,huarmi,huarmi,w a ɾ m i,,cordero1955,984,,,,,7661,w a ɾ m i,"['w', 'a', 'ɾ', 'm', 'i']"
Azuay-60_name-1,,Azuay,60_name,shuti,shuti,ʃ u t i,,cordero1955,574,,,,,4269,ʃ u t i,"['ʃ', 'u', 't', 'i']"
Azuay-61_brothermans-1,,Azuay,61_brothermans,huauqui,huauqui,w au k i,,cordero1955,904,,,,,666,w au k i,"['w', 'au', 'k', 'i']"
Azuay-62_brotherwomans-1,,Azuay,62_brotherwomans,turi,turi,t u ɾ i,,cordero1955,944,,,,,716,t u ɾ i,"['t', 'u', 'ɾ', 'i']"
Azuay-63_sistermans-1,,Azuay,63_sistermans,pani,pani,p a n i,,cordero1955,810,,,,,5624,p a n i,"['p', 'a', 'n', 'i']"
Azuay-64_sisterwomans-1,,Azuay,64_sisterwomans,ñaña,ñaña,ɲ a ɲ a,,cordero1955,819,,,,,5669,ɲ a ɲ a,"['ɲ', 'a', 'ɲ', 'a']"
Azuay-65_husband-1,,Azuay,65_husband,cusa,cusa,k u s a,,cordero1955,389,,,,,3216,k u s a,"['k', 'u', 's', 'a']"
Azuay-66_day-1,,Azuay,66_day,punzha,punzha,p u n ʒ a,,cordero1955,1036,,,,,998,p u n ʒ a,"['p', 'u', 'n', 'ʒ', 'a']"
Azuay-67_night-1,,Azuay,67_night,tuta,tuta,t u t a,,cordero1955,605,,,,,4463,t u t a,"['t', 'u', 't', 'a']"
Azuay-69_moon-1,,Azuay,69_moon,quilla,quilla,k i ʎ a,,cordero1955,537,,,,,4054,k i ʎ a,"['k', 'i', 'ʎ', 'a']"
Azuay-70_star-1,,Azuay,70_star,cuillur,cuillur,k ui ʎ u ɾ,,cordero1955,869,,,,,6225,k ui ʎ u ɾ,"['k', 'ui', 'ʎ', 'u', 'ɾ']"
Azuay-71_shadow-1,,Azuay,71_shadow,llandu,llandu,ʎ a n d u,,cordero1955,801,,,,,5572,ʎ a n d u,"['ʎ', 'a', 'n', 'd', 'u']"
Azuay-72_water-1,,Azuay,72_water,yacu,yacu,j a k u,,cordero1955,337,,,,,290,j a k u,"['j', 'a', 'k', 'u']"
Azuay-73_river-1,,Azuay,73_river,jatun yacu,jatun yacu,h a t u n + j a k u,,cordero1955,478,,,,,372 290,h a t u n + j a k u,"['h', 'a', 't', 'u', 'n', '+', 'j', 'a', 'k', 'u']"
Azuay-74_mountain-1,,Azuay,74_mountain,urcu,urcu,u ɾ k u,,cordero1955,547,,,,,4106,u ɾ k u,"['u', 'ɾ', 'k', 'u']"
Azuay-75_fire-1,,Azuay,75_fire,nina,nina,n i n a,,cordero1955,158,,,,,1887,n i n a,"['n', 'i', 'n', 'a']"
Azuay-76_smoke-1,,Azuay,76_smoke,cusni,cusni,k u s n i,,cordero1955,851,,,,,5991,k u s n i,"['k', 'u', 's', 'n', 'i']"
Azuay-77_ash-1,,Azuay,77_ash,uchupa,uchupa,u tʃ u p a,,cordero1955,2,,,,,1,u tʃ ( u ) p a,"['u', 'tʃ', 'u', 'p', 'a']"
Azuay-78_stone-1,,Azuay,78_stone,rumi,rumi,ɾ u m i,,cordero1955,873,,,,,6287,ɾ u m i,"['ɾ', 'u', 'm', 'i']"
Azuay-79_sand-1,,Azuay,79_sand,tiu,tiu,t i j u,,cordero1955,752,,,,,5285,t i j u,"['t', 'i', 'j', 'u']"
Azuay-80_gold-1,,Azuay,80_gold,curi,curi,k u ɾ i,,cordero1955,263,,,,,2470,k u ɾ i,"['k', 'u', 'ɾ', 'i']"
Azuay-81_rain-1,,Azuay,81_rain,tamia,tamia,t a m j a,,cordero1955,677,,,,,4885,t a m j a,"['t', 'a', 'm', 'j', 'a']"
Azuay-82_cloud-1,,Azuay,82_cloud,puyu,puyu,p u j u,,cordero1955,983,,,,,766,p u j u,"['p', 'u', 'j', 'u']"
Azuay-83_wind-1,,Azuay,83_wind,huayra,huayra,w ai ɾ a,,cordero1955,969,,,,,7526,w ai ɾ a,"['w', 'ai', 'ɾ', 'a']"
Azuay-84_bread-1,,Azuay,84_bread,tanda,tanda,t a n d a,,cordero1955,804,,,,,558,t a n d a,"['t', 'a', 'n', 'd', 'a']"
Azuay-85_meatswflesh-1,,Azuay,85_meatswflesh,aycha,aycha,ai tʃ a,,cordero1955,526,,,,,3999,ai tʃ a,"['ai', 'tʃ', 'a']"
Azuay-86_salt-1,,Azuay,86_salt,cachi,cachi,k a tʃ i,,cordero1955,744,,,,,5237,k a tʃ i,"['k', 'a', 'tʃ', 'i']"
Azuay-87_fatgrease-1,,Azuay,87_fatgrease,huira,huira,w i ɾ a,,cordero1955,140,,,,,1788,w i ɾ a,"['w', 'i', 'ɾ', 'a']"
Azuay-88_seed-1,,Azuay,88_seed,muyu,muyu,m u j u,,cordero1955,311,,,,,276,m u j u,"['m', 'u', 'j', 'u']"
Azuay-89_tree-1,,Azuay,89_tree,yura,yura,j u ɾ a,,cordero1955,931,,,,,7024,j u ɾ a,"['j', 'u', 'ɾ', 'a']"
Azuay-90_root-1,,Azuay,90_root,sapi,sapi,s a p i,,cordero1955,721,,,,,5127,s a p i,"['s', 'a', 'p', 'i']"
Azuay-91_branch-1,,Azuay,91_branch,callma,"callma, tanca",k a ʎ m a,,cordero1955,728,,,,,516,k a ʎ m a,"['k', 'a', 'ʎ', 'm', 'a']"
Azuay-92_leaf-1,,Azuay,92_leaf,panga,panga,p a n g a,,cordero1955,425,,,,,3428,p a n g a,"['p', 'a', 'n', 'g', 'a']"
Azuay-93_grass-1,,Azuay,93_grass,quihua,"quihua, yuyu",k i w a,,cordero1955,202,,,,,212,k i w a,"['k', 'i', 'w', 'a']"
Azuay-94_flower-1,,Azuay,94_flower,sisa,sisa,s i s a,,cordero1955,175,,,,,1987,s i s a,"['s', 'i', 's', 'a']"
Azuay-95_rope-1,,Azuay,95_rope,huasca,huasca,w a s k a,,cordero1955,732,,,,,5180,w a ( - - ) s k a,"['w', 'a', 's', 'k', 'a']"
Azuay-96_road-1,,Azuay,96_road,ñan,ñan,ɲ a n,,cordero1955,711,,,,,5083,ɲ a n,"['ɲ', 'a', 'n']"
Azuay-97_black-1,,Azuay,97_black,yana,yana,j a n a,,cordero1955,466,,,,,366,j a n a,"['j', 'a', 'n', 'a']"
Azuay-98_white-1,,Azuay,98_white,yurag,yurag,j u ɾ a g,,cordero1955,961,,,,,7430,j u ɾ a g,"['j', 'u', 'ɾ', 'a', 'g']"
Azuay-99_red-1,,Azuay,99_red,puca,"puca, pichi",p u k a,,cordero1955,685,,,,,4938,p u k a,"['p', 'u', 'k', 'a']"
Azuay-100_green-1,,Azuay,100_green,lumar,lumar,l u m a ɾ,,cordero1955,20,,,,,111,l u m a ɾ,"['l', 'u', 'm', 'a', 'ɾ']"
Azuay-101_yellow-1,,Azuay,101_yellow,quillu,quillu,k i ʎ u,,cordero1955,1012,,,,,82,k i ʎ u,"['k', 'i', 'ʎ', 'u']"
Azuay-102_big-1,,Azuay,102_big,jatun,jatun,h a t u n,,cordero1955,194,,,,,207,h a t u n,"['h', 'a', 't', 'u', 'n']"
Azuay-103_highup-1,,Azuay,103_highup,jahuapi,jahuapi,h a w a + p i,,cordero1955,124,,,,,17 0,h a w a + p i,"['h', 'a', 'w', 'a', '+', 'p', 'i']"
Azuay-104_small-1,,Azuay,104_small,uchilla,"uchilla, cutu",u tʃ i + ʎ a,,cordero1955,504,,,,,389 0,- u tʃ i + ʎ a,"['u', 'tʃ', 'i', '+', 'ʎ', 'a']"
Azuay-105_youngfemale-1,,Azuay,105_youngfemale,huambra,huambra,w a m b ɾ a,,cordero1955,1026,,,,,91,w a m b ɾ a,"['w', 'a', 'm', 'b', 'ɾ', 'a']"
Azuay-106_youngmale-1,,Azuay,106_youngmale,huambra,huambra,w a m b ɾ a,,cordero1955,1026,,,,,91,w a m b ɾ a,"['w', 'a', 'm', 'b', 'ɾ', 'a']"
Azuay-107_oldman-1,,Azuay,107_oldman,rucu,rucu,ɾ u k u,,cordero1955,645,,,,,4670,ɾ u k u,"['ɾ', 'u', 'k', 'u']"
Azuay-108_oldwoman-1,,Azuay,108_oldwoman,paya,paya,p a j a,,cordero1955,654,,,,,4727,p a j a,"['p', 'a', 'j', 'a']"
Azuay-109_besick-1,,Azuay,109_besick,ungu-cu-na,ungu-cu-na,u n g u + k u + n a,,cordero1955,0,,,,,99 0 0,- u n g u ( - ) + k u + n a,"['u', 'n', 'g', 'u', '+', 'k', 'u', '+', 'n', 'a']"
Azuay-110_tire-1,,Azuay,110_tire,shaycu-chi-na,shaycu-chi-na,ʃ ai k u + tʃ i + n a,,cordero1955,918,,,,,6848 0 0,ʃ ai k u ( - ) + tʃ i + n a,"['ʃ', 'ai', 'k', 'u', '+', 'tʃ', 'i', '+', 'n', 'a']"
Azuay-111_many-1,,Azuay,111_many,achca,achca,a tʃ k a,,cordero1955,515,,,,,3940,a tʃ ( - ) k a,"['a', 'tʃ', 'k', 'a']"
Azuay-112_full-1,,Azuay,112_full,junda,junda,h u n d a,,cordero1955,235,,,,,2309,h u n d a,"['h', 'u', 'n', 'd', 'a']"
Azuay-113_empty-1,,Azuay,113_empty,chushag,chushag,tʃ u ʃ a g,,cordero1955,99,,,,,1575,tʃ u ʃ a g,"['tʃ', 'u', 'ʃ', 'a', 'g']"
Azuay-114_heavy-1,,Azuay,114_heavy,llashag,llashag,ʎ a ʃ a g,,cordero1955,341,,,,,2932,ʎ a ʃ a g,"['ʎ', 'a', 'ʃ', 'a', 'g']"
Azuay-116_faraway-1,,Azuay,116_faraway,caru,caru,k a ɾ u,,cordero1955,129,,,,,1735,k a ɾ u,"['k', 'a', 'ɾ', 'u']"
Azuay-117_warmhotsw-1,,Azuay,117_warmhotsw,cunug,cunug,k u n u g,,cordero1955,946,,,,,7181,k u n u g,"['k', 'u', 'n', 'u', 'g']"
Azuay-118_cold-1,,Azuay,118_cold,chiri,chiri,tʃ i ɾ i,,cordero1955,1013,,,,,822,tʃ i ɾ i,"['tʃ', 'i', 'ɾ', 'i']"
Azuay-119_dry-1,,Azuay,119_dry,chaquishca,chaquishca,tʃ a k i + ʃ k a,,cordero1955,40,,,,,1223 0,tʃ a k i + ʃ k a,"['tʃ', 'a', 'k', 'i', '+', 'ʃ', 'k', 'a']"
Azuay-120_sweet-1,,Azuay,120_sweet,mishqui,mishqui,m i ʃ k i,,cordero1955,885,,,,,6461,m i ʃ k i,"['m', 'i', 'ʃ', 'k', 'i']"
Azuay-121_happybe-1,,Azuay,121_happybe,cushi-ug,cushi-ug,k u ʃ i + u g,,cordero1955,306,,,,,2719 0,k u ʃ i + u g,"['k', 'u', 'ʃ', 'i', '+', 'u', 'g']"
Azuay-122_new-1,,Azuay,122_new,mushug,mushug,m u ʃ u g,,cordero1955,598,,,,,4415,m u ʃ u g,"['m', 'u', 'ʃ', 'u', 'g']"
Azuay-123_goto-1,,Azuay,123_goto,ri-na,ri-na,ɾ i + n a,,cordero1955,254,,,,,2413 0,ɾ i + n a,"['ɾ', 'i', '+', 'n', 'a']"
Azuay-124_cometo-1,,Azuay,124_cometo,shamu-na,shamu-na,ʃ a m u + n a,,cordero1955,1021,,,,,877 0,ʃ a m u + n a,"['ʃ', 'a', 'm', 'u', '+', 'n', 'a']"
Azuay-125_walkto-1,,Azuay,125_walkto,purina,purina,p u ɾ i + n a,,cordero1955,940,,,,,7121 0,p u ɾ i + n a,"['p', 'u', 'ɾ', 'i', '+', 'n', 'a']"
Azuay-126_standto-1,,Azuay,126_standto,shaya-na,shaya-na,ʃ a j a + n a,,cordero1955,866,,,,,6159 0,ʃ a.j.a + n a,"['ʃ', 'a.j.a', '+', 'n', 'a']"
Azuay-127_sitto-1,,Azuay,127_sitto,tia-ri-cu-na,tia-ri-cu-na,t i j a + ɾ i + k u + n a,,cordero1955,827,,,,,5715 0 0 0,t i.j.a + ɾ i + k u + n a,"['t', 'i.j.a', '+', 'ɾ', 'i', '+', 'k', 'u', '+', 'n', 'a']"
Azuay-128_swimto-1,,Azuay,128_swimto,huambu-na,huambu-na,w a m b u + n a,,cordero1955,889,,,,,6516 0,w a m b u + n a,"['w', 'a', 'm', 'b', 'u', '+', 'n', 'a']"
Azuay-130_hideto-1,,Azuay,130_hideto,pacana,pacana,p a k a + n a,,cordero1955,350,,,,,2983 0,p a k a + n a,"['p', 'a', 'k', 'a', '+', 'n', 'a']"
Azuay-131_eatto-1,,Azuay,131_eatto,micu-na,micu-na,m i k u + n a,,cordero1955,57,,,,,1335 0,m i k u + n a,"['m', 'i', 'k', 'u', '+', 'n', 'a']"
Azuay-132_drinkto-1,,Azuay,132_drinkto,upia-na,upia-na,u p j a + n a,,cordero1955,30,,,,,1168 0,u p ( - ) j a + n a,"['u', 'p', 'j', 'a', '+', 'n', 'a']"
Azuay-133_biteto-1,,Azuay,133_biteto,cani-na,cani-na,k a n i + n a,,cordero1955,0,,,,,311 0,k a n i + n a,"['k', 'a', 'n', 'i', '+', 'n', 'a']"
Azuay-134_suckto-1,,Azuay,134_suckto,sunga-na,"sunga-na, chuchu-na",s u n g a + n a,,cordero1955,216,,,,,220 0,s u n g a + n a,"['s', 'u', 'n', 'g', 'a', '+', 'n', 'a']"
Azuay-135_lickto-1,,Azuay,135_lickto,llagua-na,llagua-na,ʎ a g w a + n a,,cordero1955,449,,,,,3584 0,ʎ a g w a + n a,"['ʎ', 'a', 'g', 'w', 'a', '+', 'n', 'a']"
Azuay-136_spitto-1,,Azuay,136_spitto,tucana,tucana,t u k a + n a,,cordero1955,865,,,,,6107 0,t u k a + n a,"['t', 'u', 'k', 'a', '+', 'n', 'a']"
Azuay-137_sleepto-1,,Azuay,137_sleepto,puñu-na,puñu-na,p u ɲ u + n a,,cordero1955,846,,,,,5866 0,p u ɲ u + n a,"['p', 'u', 'ɲ', 'u', '+', 'n', 'a']"
Azuay-138_liveto-1,,Azuay,138_liveto,causa-na,causa-na,k au s a + n a,,cordero1955,480,,,,,3737 0,k au ( - ) s a + n a,"['k', 'au', 's', 'a', '+', 'n', 'a']"
Azuay-139_dieto-1,,Azuay,139_dieto,huañuna,huañuna,w a ɲ u + n a,,cordero1955,12,,,,,1058 0,w a ɲ u + n a,"['w', 'a', 'ɲ', 'u', '+', 'n', 'a']"
Azuay-140_seeto-1,,Azuay,140_seeto,ricu-na,ricu-na,ɾ i k u + n a,,cordero1955,762,,,,,5335 0,ɾ i k u + n a,"['ɾ', 'i', 'k', 'u', '+', 'n', 'a']"
Azuay-141_hearto-1,,Azuay,141_hearto,uya-na,uya-na,u j a + n a,,cordero1955,322,,,,,2819 0,u j a + n a,"['u', 'j', 'a', '+', 'n', 'a']"
Azuay-142_knowto-1,,Azuay,142_knowto,yacha-na,yacha-na,j a tʃ a + n a,,cordero1955,409,,,,,3326 0,j a tʃ a + n a,"['j', 'a', 'tʃ', 'a', '+', 'n', 'a']"
Azuay-143_thinkoveraboutto-1,,Azuay,143_thinkoveraboutto,yuya-na,yuya-na,j u j a + n a,,cordero1955,901,,,,,6655 0,j u j a + n a,"['j', 'u', 'j', 'a', '+', 'n', 'a']"
Azuay-144_speakto-1,,Azuay,144_speakto,rima-na,rima-na,ɾ i m a + n a,,cordero1955,857,,,,,6056 0,ɾ i m a + n a,"['ɾ', 'i', 'm', 'a', '+', 'n', 'a']"
Azuay-145_laughto-1,,Azuay,145_laughto,asi-na,asi-na,a s i + n a,,cordero1955,416,,,,,3376 0,a s i + n a,"['a', 's', 'i', '+', 'n', 'a']"
Azuay-146_cryto-1,,Azuay,146_cryto,huacana,huacana,w a k a + n a,,cordero1955,1030,,,,,944 0,w a k a + n a,"['w', 'a', 'k', 'a', '+', 'n', 'a']"
Azuay-147_giveto-1,,Azuay,147_giveto,ku-na,ku-na,k u + n a,,cordero1955,245,,,,,2367 0,k u + n a,"['k', 'u', '+', 'n', 'a']"
Azuay-148_sewto-1,,Azuay,148_sewto,sirana,sirana,s i ɾ a + n a,,cordero1955,792,,,,,5518 0,s i ɾ a + n a,"['s', 'i', 'ɾ', 'a', '+', 'n', 'a']"
Azuay-149_hitto-1,,Azuay,149_hitto,huagtana,huagtana,w a g t a + n a,,cordero1955,373,,,,,3109 0,w a g t a + n a,"['w', 'a', 'g', 't', 'a', '+', 'n', 'a']"
Azuay-150_pushto-1,,Azuay,150_pushto,tangana,tangana,t a n g a + n a,,cordero1955,671,,,,,4835 0,t a n g a + n a,"['t', 'a', 'n', 'g', 'a', '+', 'n', 'a']"
Azuay-99_red-2,,Azuay,99_red,pichi,"puca, pichi",p i tʃ i,,cordero1955,650,,,,,47,p i tʃ i,"['p', 'i', 'tʃ', 'i']"
Azuay-91_branch-2,,Azuay,91_branch,tanca,"callma, tanca",t a n k a,,cordero1955,206,,,,,216,t a n k a,"['t', 'a', 'n', 'k', 'a']"
Azuay-45_breast-2,,Azuay,45_breast,pugru,"quinzhu, pugru",p u g ɾ u,,cordero1955,186,,,,,204,p u g ɾ u,"['p', 'u', 'g', 'ɾ', 'u']"
Azuay-48_fox-2,,Azuay,48_fox,yalu,"yalu, añas",j a l u,,cordero1955,1027,,,,,92,j a l u,"['j', 'a', 'l', 'u']"
Azuay-93_grass-2,,Azuay,93_grass,yuyu,"quihua, yuyu",j u j u,,cordero1955,151,,,,,183,j u j u,"['j', 'u', 'j', 'u']"
Azuay-115_lightnotheavy-1,,Azuay,115_lightnotheavy,panga-lla,"cusi, panga-lla",p a n g a + ʎ a,,cordero1955,458,,,,,3636 0,p a n g a + ʎ a,"['p', 'a', 'n', 'g', 'a', '+', 'ʎ', 'a']"
Azuay-104_small-2,,Azuay,104_small,cutu,"uchilla, cutu",k u t u,,cordero1955,125,,,,,170,k u t u,"['k', 'u', 't', 'u']"
Azuay-68_sun-1,,Azuay,68_sun,inti,inti,i n t i,,cordero1955,881,,,,,6400,i n t i,"['i', 'n', 't', 'i']"
Azuay-134_suckto-2,,Azuay,134_suckto,chuchu-na,"sunga-na, chuchu-na",tʃ u tʃ u + n a,,cordero1955,861,,,,,607 0,tʃ u tʃ u + n a,"['tʃ', 'u', 'tʃ', 'u', '+', 'n', 'a']"
Lincha-Tana-20_with-2,,Lincha-Tana,20_with,-man,-man,w a n,suffix,shimelman2017,978,,,,,7626,w a n,"['w', 'a', 'n']"
SanPedro-107_oldman-1,,SanPedro,107_oldman,machu,machu,m a tʃ u,,shimelman2017,643,,,,,4669,m a tʃ u,"['m', 'a', 'tʃ', 'u']"
Lincha-Tana-107_oldman-1,,Lincha-Tana,107_oldman,awkish,awkish,au k i ʃ,,shimelman2017,1032,,,,,96,au k i ʃ,"['au', 'k', 'i', 'ʃ']"
Cacra-Hongos-107_oldman-1,,Cacra-Hongos,107_oldman,awkish,awkish,au k i ʃ,,shimelman2017,1032,,,,,96,au k i ʃ,"['au', 'k', 'i', 'ʃ']"
Jauja-77_ash-1,,Jauja,77_ash,utrpa,utrpa,u ʈʂ p a,,cerron1976,2,,,,,1,u ʈʂ ( - ) p a,"['u', 'ʈʂ', 'p', 'a']"
Jauja-35_back-1,,Jauja,35_back,waŝa,waŝa,w a ʂ a,,cerron1976,717,,,,,51,w a ʂ a,"['w', 'a', 'ʂ', 'a']"
Jauja-109_besick-1,,Jauja,109_besick,qishyay,qishyay,h i ʃ j a,,cerron1976,3,,,,,100,h i ʃ ( - ) j a,"['h', 'i', 'ʃ', 'j', 'a']"
Jauja-72_water-1,,Jauja,72_water,yaku,yaku,j a k u,,cerron1976,337,,,,,290,j a k u,"['j', 'a', 'k', 'u']"
Jauja-11_year-1,,Jauja,11_year,wata,wata,w a t a,,cerron1976,991,,,,,7768,w a t a,"['w', 'a', 't', 'a']"
Jauja-89_tree-1,,Jauja,89_tree,satra,satra,s a ʈʂ a,,cerron1976,930,,,,,7023,s a ʈʂ a ( - ),"['s', 'a', 'ʈʂ', 'a']"
Jauja-79_sand-1,,Jauja,79_sand,aqu,aqu,a ʔ u,,cerron1976,753,,,,,5286,a ʔ u ( - ),"['a', 'ʔ', 'u']"
Jauja-103_highup-1,,Jauja,103_highup,sana,sana,s a n a,,cerron1976,360,,,,,3037,s a n a ( - ) -,"['s', 'a', 'n', 'a']"
Jauja-43_bellystomach-1,,Jauja,43_bellystomach,pata,pata,p a t a,,cerron1976,91,,,,,151,p a t a,"['p', 'a', 't', 'a']"
Jauja-102_big-1,,Jauja,102_big,hatun,hatun,h a t u n,,cerron1976,194,,,,,207,h a t u n,"['h', 'a', 't', 'u', 'n']"
Jauja-50_bird-1,,Jauja,50_bird,pishqu,pishqu,p i ʃ ʔ u,,cerron1976,279,,,,,256,p i ʃ ʔ u,"['p', 'i', 'ʃ', 'ʔ', 'u']"
Jauja-133_biteto-1,,Jauja,133_biteto,kaniy,kaniy,k a n i,,cerron1976,374,,,,,311,k a n i,"['k', 'a', 'n', 'i']"
Jauja-97_black-1,,Jauja,97_black,yana,yana,j a n a,,cerron1976,466,,,,,366,j a n a,"['j', 'a', 'n', 'a']"
Jauja-39_blood-1,,Jauja,39_blood,yawar,yawar,j a w a r,,cerron1976,558,,,,,417,j a.w.a r,"['j', 'a.w.a', 'r']"
Jauja-40_bone-1,,Jauja,40_bone,tullu,tullu,t u ʎ u,,cerron1976,648,,,,,468,t u ʎ u,"['t', 'u', 'ʎ', 'u']"
Jauja-91_branch-1,,Jauja,91_branch,chapla,chapla,tʃ a p l a,,cerron1976,729,,,,,517,tʃ a p l a,"['tʃ', 'a', 'p', 'l', 'a']"
Jauja-84_bread-1,,Jauja,84_bread,tanta,tanta,t a n t a,,cerron1976,804,,,,,558,t a n t a,"['t', 'a', 'n', 't', 'a']"
Jauja-61_brothermans-1,,Jauja,61_brothermans,wawqi,wawqi,w au ʔ i,,cerron1976,904,,,,,666,w au ʔ i,"['w', 'au', 'ʔ', 'i']"
Jauja-62_brotherwomans-1,,Jauja,62_brotherwomans,tuli,tuli,t u l i,,cerron1976,944,,,,,716,t u l i,"['t', 'u', 'l', 'i']"
Jauja-82_cloud-1,,Jauja,82_cloud,pukutay,pukutay,p u k u t ai,,cerron1976,1009,,,,,8,p u k u t ai,"['p', 'u', 'k', 'u', 't', 'ai']"
Jauja-118_cold-1,,Jauja,118_cold,alalaq,alalaq,a l a l a ʔ,,cerron1976,1014,,,,,823,a l a l a ʔ,"['a', 'l', 'a', 'l', 'a', 'ʔ']"
Jauja-124_cometo-1,,Jauja,124_cometo,aywamuy,aywamuy,ai w a + m u,,cerron1976,106,,,,,161 0,ai w a + m u,"['ai', 'w', 'a', '+', 'm', 'u']"
Jauja-146_cryto-1,,Jauja,146_cryto,waqay,waqay,w a ʔ ai,,cerron1976,1030,,,,,944,w a ʔ ai,"['w', 'a', 'ʔ', 'ai']"
Jauja-66_day-1,,Jauja,66_day,pun,pun,p u n,,cerron1976,1036,,,,,998,p u n - -,"['p', 'u', 'n']"
Jauja-139_dieto-1,,Jauja,139_dieto,wañuy,wañuy,w a ɲ u,,cerron1976,12,,,,,1058,w a ɲ u,"['w', 'a', 'ɲ', 'u']"
Jauja-47_dog-1,,Jauja,47_dog,allqu,allqu,a ʎ ʔ u,,cerron1976,19,,,,,1109,a ʎ ʔ u,"['a', 'ʎ', 'ʔ', 'u']"
Jauja-132_drinkto-1,,Jauja,132_drinkto,upyay,upyay,u p j a,,cerron1976,30,,,,,1168,u p ( - ) j a,"['u', 'p', 'j', 'a']"
Jauja-119_dry-1,,Jauja,119_dry,chaki,chaki,tʃ a k i,,cerron1976,40,,,,,1223,tʃ a k i,"['tʃ', 'a', 'k', 'i']"
Jauja-27_ear-1,,Jauja,27_ear,linli,linli,l i n l i,,cerron1976,48,,,,,1279,l i n l i ( - ),"['l', 'i', 'n', 'l', 'i']"
Jauja-131_eatto-1,,Jauja,131_eatto,mikuy,mikuy,m i k u,,cerron1976,57,,,,,1335,m i k u,"['m', 'i', 'k', 'u']"
Jauja-53_egg-1,,Jauja,53_egg,lulu,lulu,l u l u,,cerron1976,187,,,,,205,l u l u,"['l', 'u', 'l', 'u']"
Jauja-8_eight-1,,Jauja,8_eight,pusaq,pusaq,p u s a ʔ,,cerron1976,81,,,,,1458,p u s a ʔ,"['p', 'u', 's', 'a', 'ʔ']"
Jauja-33_elbow-1,,Jauja,33_elbow,kutrush,kutrush,k u ʈʂ u ʂ,,cerron1976,90,,,,,1509,k u ʈʂ u ʂ,"['k', 'u', 'ʈʂ', 'u', 'ʂ']"
Jauja-113_empty-1,,Jauja,113_empty,halkusha,halkusha,h a l k u + ʂ a,,cerron1976,101,,,,,1578 0,h a l k u + ʂ a,"['h', 'a', 'l', 'k', 'u', '+', 'ʂ', 'a']"
Jauja-25_eye-1,,Jauja,25_eye,ñawi,ñawi,ɲ a w i,,cerron1976,109,,,,,1632,ɲ a w i,"['ɲ', 'a', 'w', 'i']"
Jauja-116_faraway-1,,Jauja,116_faraway,kalu,kalu,k a l u,,cerron1976,129,,,,,1735,k a l u,"['k', 'a', 'l', 'u']"
Jauja-87_fatgrease-1,,Jauja,87_fatgrease,wila,wila,w i l a,,cerron1976,140,,,,,1788,w i l a,"['w', 'i', 'l', 'a']"
Jauja-42_fingernail-1,,Jauja,42_fingernail,shillu,shillu,ʃ i ʎ u,,cerron1976,152,,,,,1838,ʃ i ʎ u,"['ʃ', 'i', 'ʎ', 'u']"
Jauja-75_fire-1,,Jauja,75_fire,nina,nina,n i n a,,cerron1976,158,,,,,1887,n i n a,"['n', 'i', 'n', 'a']"
Jauja-5_five-1,,Jauja,5_five,pichqa,pichqa,p i tʃ ʔ a,,cerron1976,167,,,,,1936,p i tʃ ʔ a,"['p', 'i', 'tʃ', 'ʔ', 'a']"
Jauja-94_flower-1,,Jauja,94_flower,sisa,sisa,s i s a,,cerron1976,175,,,,,1987,s i s a,"['s', 'i', 's', 'a']"
Jauja-94_flower-2,,Jauja,94_flower,wayta,wayta,w ai t a,,cerron1976,177,,,,,1989,w ai t a,"['w', 'ai', 't', 'a']"
Jauja-129_flyto-1,,Jauja,129_flyto,paaliy,paaliy,p aː l i,,cerron1976,34,,,,,118,p aː l i,"['p', 'aː', 'l', 'i']"
Jauja-36_foot-1,,Jauja,36_foot,traki,traki,ʈʂ a k i,,cerron1976,928,,,,,70,ʈʂ a k i,"['ʈʂ', 'a', 'k', 'i']"
Jauja-23_forehead-1,,Jauja,23_forehead,ulku,ulku,u l k u,,cerron1976,209,,,,,2162,u l k u,"['u', 'l', 'k', 'u']"
Jauja-23_forehead-2,,Jauja,23_forehead,paqtra,paqtra,p a ʔ ʈʂ a,,cerron1976,210,,,,,2164,p a ʔ ʈʂ a,"['p', 'a', 'ʔ', 'ʈʂ', 'a']"
Jauja-4_four-1,,Jauja,4_four,trusku,trusku,ʈʂ u s k u,,cerron1976,219,,,,,2215,ʈʂ u s k u,"['ʈʂ', 'u', 's', 'k', 'u']"
Jauja-4_four-2,,Jauja,4_four,tawa,tawa,t a w a,,cerron1976,218,,,,,2214,t a.w.a,"['t', 'a.w.a']"
Jauja-48_fox-1,,Jauja,48_fox,atuq,atuq,a t u ʔ,,cerron1976,227,,,,,2264,a t u ʔ,"['a', 't', 'u', 'ʔ']"
Jauja-112_full-1,,Jauja,112_full,hunta,hunta,h u n t a,,cerron1976,235,,,,,2309,h u n t a,"['h', 'u', 'n', 't', 'a']"
Jauja-147_giveto-1,,Jauja,147_giveto,quy,quy,ʔ u,,cerron1976,245,,,,,2367,ʔ u,"['ʔ', 'u']"
Jauja-24_hair-1,,Jauja,24_hair,aqcha,aqcha,a ʔ tʃ a,,cerron1976,290,,,,,2616,( - ) a ʔ tʃ a,"['a', 'ʔ', 'tʃ', 'a']"
Jauja-32_hand-1,,Jauja,32_hand,maki,maki,m a k i,,cerron1976,298,,,,,2670,m a k i,"['m', 'a', 'k', 'i']"
Jauja-121_happybe-1,,Jauja,121_happybe,kushisha,kushisha,k u ʃ i + ʎ a,,cerron1976,306,,,,,2719 0,k u ʃ i + ʎ a,"['k', 'u', 'ʃ', 'i', '+', 'ʎ', 'a']"
Jauja-21_head-1,,Jauja,21_head,uma,uma,u m a,,cerron1976,312,,,,,2769,( - ) u m a,"['u', 'm', 'a']"
Jauja-141_hearto-1,,Jauja,141_hearto,uya,uya,u j a,,cerron1976,322,,,,,2819,u j a,"['u', 'j', 'a']"
Jauja-46_heart-1,,Jauja,46_heart,shunqu,shunqu,ʂ u n ʔ u,,cerron1976,331,,,,,2878,ʂ u n ʔ u,"['ʂ', 'u', 'n', 'ʔ', 'u']"
Jauja-114_heavy-1,,Jauja,114_heavy,llasaq,llasaq,ʎ a s a ʔ,,cerron1976,341,,,,,2932,ʎ a s a ʔ,"['ʎ', 'a', 's', 'a', 'ʔ']"
Jauja-130_hideto-1,,Jauja,130_hideto,pakay,pakay,p a k a,,cerron1976,350,,,,,2983,p a k a,"['p', 'a', 'k', 'a']"
Jauja-149_hitto-1,,Jauja,149_hitto,maqay,maqay,m a ʔ a,,cerron1976,259,,,,,244,m a ʔ a,"['m', 'a', 'ʔ', 'a']"
Jauja-54_horn-1,,Jauja,54_horn,waqla,waqla,w a ʔ l a,,cerron1976,381,,,,,3166,w a ʔ l a,"['w', 'a', 'ʔ', 'l', 'a']"
Jauja-142_knowto-1,,Jauja,142_knowto,yatray,yatray,j a ʈʂ a,,cerron1976,409,,,,,3326,j a ʈʂ a,"['j', 'a', 'ʈʂ', 'a']"
Jauja-92_leaf-1,,Jauja,92_leaf,lapla,lapla,l a p l a,,cerron1976,424,,,,,3427,l a p l a,"['l', 'a', 'p', 'l', 'a']"
Jauja-37_leg-1,,Jauja,37_leg,tranka,tranka,ʈʂ a n k a,,cerron1976,442,,,,,3533,ʈʂ a n k a,"['ʈʂ', 'a', 'n', 'k', 'a']"
Jauja-135_lickto-1,,Jauja,135_lickto,llaqway,llaqway,ʎ a ʔ w a,,cerron1976,449,,,,,3584,ʎ a ʔ w a,"['ʎ', 'a', 'ʔ', 'w', 'a']"
Jauja-29_lip-1,,Jauja,29_lip,willpa,willpa,w i ʎ p a,,cerron1976,469,,,,,3684,w i ʎ p a,"['w', 'i', 'ʎ', 'p', 'a']"
Jauja-138_liveto-1,,Jauja,138_liveto,kawsay,kawsay,k au s a,,cerron1976,480,,,,,3737,k au ( - ) s a,"['k', 'au', 's', 'a']"
Jauja-52_louse-1,,Jauja,52_louse,usa,usa,u s a,,cerron1976,488,,,,,3790,u s a,"['u', 's', 'a']"
Jauja-57_manswperson-1,,Jauja,57_manswperson,nuna,nuna,n u n a,,cerron1976,505,,,,,3892,n u n a,"['n', 'u', 'n', 'a']"
Jauja-58_manswadultmale-1,,Jauja,58_manswadultmale,ullqu,ullqu,u ʎ ʔ u,,cerron1976,497,,,,,3843,- u ʎ ʔ u,"['u', 'ʎ', 'ʔ', 'u']"
Jauja-111_many-1,,Jauja,111_many,achka,achka,a tʃ k a,,cerron1976,515,,,,,3940,a tʃ ( - ) k a,"['a', 'tʃ', 'k', 'a']"
Jauja-85_meatswflesh-1,,Jauja,85_meatswflesh,aycha,aycha,ai tʃ a,,cerron1976,526,,,,,3999,ai tʃ a,"['ai', 'tʃ', 'a']"
Jauja-69_moon-1,,Jauja,69_moon,killa,killa,k i ʎ a,,cerron1976,537,,,,,4054,k i ʎ a,"['k', 'i', 'ʎ', 'a']"
Jauja-74_mountain-1,,Jauja,74_mountain,ulqu,ulqu,u l ʔ u,,cerron1976,547,,,,,4106,u l ʔ u,"['u', 'l', 'ʔ', 'u']"
Jauja-49_mouse-1,,Jauja,49_mouse,ukush,ukush,u k u + ʂ,,cerron1976,556,,,,,4157 381,- u k u + ʂ,"['u', 'k', 'u', '+', 'ʂ']"
Jauja-28_mouth-1,,Jauja,28_mouth,shimi,shimi,ʃ i m i,,cerron1976,565,,,,,4220,ʃ i m i,"['ʃ', 'i', 'm', 'i']"
Jauja-60_name-1,,Jauja,60_name,suti,suti,s u t i,,cerron1976,574,,,,,4269,s u t i,"['s', 'u', 't', 'i']"
Jauja-44_navel-1,,Jauja,44_navel,pupu,pupu,p u p u,,cerron1976,581,,,,,4318,p u p u ( - - ),"['p', 'u', 'p', 'u']"
Jauja-34_neck-1,,Jauja,34_neck,kunka,kunka,k u n k a,,cerron1976,590,,,,,4367,k u n k a,"['k', 'u', 'n', 'k', 'a']"
Jauja-122_new-1,,Jauja,122_new,mushuq,mushuq,m u ʂ u ʔ,,cerron1976,598,,,,,4415,m u ʂ u ʔ,"['m', 'u', 'ʂ', 'u', 'ʔ']"
Jauja-67_night-1,,Jauja,67_night,tuta,tuta,t u t a,,cerron1976,605,,,,,4463,t u t a,"['t', 'u', 't', 'a']"
Jauja-9_nine-1,,Jauja,9_nine,isqun,isqun,i s ʔ u n,,cerron1976,618,,,,,4514,( - ) i s ʔ u n,"['i', 's', 'ʔ', 'u', 'n']"
Jauja-26_nose-1,,Jauja,26_nose,sinqa,sinqa,s i n ʔ a,,cerron1976,627,,,,,4569,s i n ʔ a,"['s', 'i', 'n', 'ʔ', 'a']"
Jauja-16_not-1,,Jauja,16_not,mana,mana,m a n a,,cerron1976,635,,,,,4618,m a n a,"['m', 'a', 'n', 'a']"
Jauja-107_oldman-1,,Jauja,107_oldman,awkish,awkish,au k i ʃ,,cerron1976,1032,,,,,96,au k i ʃ,"['au', 'k', 'i', 'ʃ']"
Jauja-108_oldwoman-1,,Jauja,108_oldwoman,chakwash,chakwash,tʃ a k w a ʂ,,cerron1976,655,,,,,4729,tʃ a k w a ʂ,"['tʃ', 'a', 'k', 'w', 'a', 'ʂ']"
Jauja-150_pushto-1,,Jauja,150_pushto,kumsay,kumsay,k u m s a,,cerron1976,452,,,,,359,k u m s a,"['k', 'u', 'm', 's', 'a']"
Jauja-150_pushto-2,,Jauja,150_pushto,tanqay,tanqay,t a n ʔ a,,cerron1976,671,,,,,4835,t a n ʔ a,"['t', 'a', 'n', 'ʔ', 'a']"
Jauja-81_rain-1,,Jauja,81_rain,tamya,tamya,t a m j a,,cerron1976,677,,,,,4885,t a m j a,"['t', 'a', 'm', 'j', 'a']"
Jauja-99_red-1,,Jauja,99_red,puka,puka,p u k a,,cerron1976,685,,,,,4938,p u k a,"['p', 'u', 'k', 'a']"
Jauja-73_river-1,,Jauja,73_river,mayu,mayu,m a j u,,cerron1976,704,,,,,5032,m a j u,"['m', 'a', 'j', 'u']"
Jauja-95_rope-1,,Jauja,95_rope,waska,waska,w a s k a,,cerron1976,732,,,,,5180,w a ( - - ) s k a,"['w', 'a', 's', 'k', 'a']"
Jauja-86_salt-1,,Jauja,86_salt,katri,katri,k a ʈʂ i,,cerron1976,744,,,,,5237,k a ʈʂ i,"['k', 'a', 'ʈʂ', 'i']"
Jauja-140_seeto-1,,Jauja,140_seeto,likay,likay,l i k a,,cerron1976,762,,,,,5335,l i k a,"['l', 'i', 'k', 'a']"
Jauja-63_sistermans-1,,Jauja,63_sistermans,pani,pani,p a n i,,cerron1976,810,,,,,5624,p a n i,"['p', 'a', 'n', 'i']"
Jauja-64_sisterwomans-1,,Jauja,64_sisterwomans,ñaña,ñaña,ɲ a ɲ a,,cerron1976,819,,,,,5669,ɲ a ɲ a,"['ɲ', 'a', 'ɲ', 'a']"
Jauja-6_six-1,,Jauja,6_six,suqta,suqta,s u ʔ t a,,cerron1976,837,,,,,5767,s u ʔ t a,"['s', 'u', 'ʔ', 't', 'a']"
Jauja-137_sleepto-1,,Jauja,137_sleepto,puñuy,puñuy,p u ɲ u,,cerron1976,846,,,,,5866,p u ɲ u,"['p', 'u', 'ɲ', 'u']"
Jauja-104_small-1,,Jauja,104_small,taksha,taksha,t a k ʂ a,,cerron1976,1023,,,,,89,t a k ʂ a,"['t', 'a', 'k', 'ʂ', 'a']"
Jauja-104_small-2,,Jauja,104_small,uchuk,uchuk,u tʃ u k,,cerron1976,510,,,,,390,u tʃ u k,"['u', 'tʃ', 'u', 'k']"
Jauja-144_speakto-1,,Jauja,144_speakto,limay,limay,l i m a,,cerron1976,857,,,,,6056,l i m a,"['l', 'i', 'm', 'a']"
Jauja-136_spitto-1,,Jauja,136_spitto,tuqay,tuqay,t u ʔ a,,cerron1976,865,,,,,6107,t u ʔ a,"['t', 'u', 'ʔ', 'a']"
Jauja-78_stone-1,,Jauja,78_stone,lumi,lumi,l u m i,,cerron1976,873,,,,,6287,l u m i,"['l', 'u', 'm', 'i']"
Jauja-134_suckto-1,,Jauja,134_suckto,ñuñuy,ñuñuy,ɲ u ɲ u,,cerron1976,862,,,,,609,ɲ u ɲ u,"['ɲ', 'u', 'ɲ', 'u']"
Jauja-68_sun-1,,Jauja,68_sun,inti,inti,i n t i,,cerron1976,881,,,,,6400,i n t i,"['i', 'n', 't', 'i']"
Jauja-120_sweet-1,,Jauja,120_sweet,mishki,mishki,m i ʃ k i,,cerron1976,885,,,,,6461,m i ʃ k i,"['m', 'i', 'ʃ', 'k', 'i']"
Jauja-55_tail-1,,Jauja,55_tail,trupa,trupa,ʈʂ u p a,,cerron1976,893,,,,,6554,ʈʂ u p a,"['ʈʂ', 'u', 'p', 'a']"
Jauja-10_ten-1,,Jauja,10_ten,trunka,trunka,ʈʂ u n k a,,cerron1976,897,,,,,6604,ʈʂ u n k a,"['ʈʂ', 'u', 'n', 'k', 'a']"
Jauja-19_this-1,,Jauja,19_this,kay,kay,k ai,,cerron1976,910,,,,,6702,k ai,"['k', 'ai']"
Jauja-15_thouyousg-1,,Jauja,15_thouyousg,qam,qam,q a m,,cerron1976,912,,,,,6747,q a m,"['q', 'a', 'm']"
Jauja-3_three-1,,Jauja,3_three,kimsa,kimsa,k i m s a,,cerron1976,914,,,,,6799,k i m s a,"['k', 'i', 'm', 's', 'a']"
Jauja-110_tire-2,,Jauja,110_tire,utikay,utikay,u t i k a,,cerron1976,15,,,,,107,u t i k a,"['u', 't', 'i', 'k', 'a']"
Jauja-30_tongue-1,,Jauja,30_tongue,qallu,qallu,h a ʎ u,,cerron1976,923,,,,,6920,h a ʎ u,"['h', 'a', 'ʎ', 'u']"
Jauja-31_tooth-1,,Jauja,31_tooth,kilu,kilu,k i l u,,cerron1976,925,,,,,6974,k i l u,"['k', 'i', 'l', 'u']"
Jauja-2_two-1,,Jauja,2_two,ishkay,ishkay,i ʃ k ai,,cerron1976,937,,,,,7072,i ʃ ( - ) k ai,"['i', 'ʃ', 'k', 'ai']"
Jauja-125_walkto-1,,Jauja,125_walkto,puliy,puliy,p u l i,,cerron1976,940,,,,,7121,p u l i,"['p', 'u', 'l', 'i']"
Jauja-117_warmhotsw-1,,Jauja,117_warmhotsw,akatraq,akatraq,a k a ʈʂ a q,,cerron1976,440,,,,,351,a k a ʈʂ a q,"['a', 'k', 'a', 'ʈʂ', 'a', 'q']"
Jauja-17_what-1,,Jauja,17_what,ima,ima,i m a,,cerron1976,957,,,,,7384,i m a,"['i', 'm', 'a']"
Jauja-98_white-1,,Jauja,98_white,yulaq,yulaq,j u l a ʔ,,cerron1976,961,,,,,7430,j u l a ʔ,"['j', 'u', 'l', 'a', 'ʔ']"
Jauja-18_who-1,,Jauja,18_who,pi,pi,p i,,cerron1976,964,,,,,7479,p i,"['p', 'i']"
Jauja-83_wind-1,,Jauja,83_wind,waywa,waywa,w ai w a,,cerron1976,969,,,,,7526,w ai w a,"['w', 'ai', 'w', 'a']"
Jauja-59_woman-1,,Jauja,59_woman,walmi,walmi,w a l m i,,cerron1976,984,,,,,7661,w a l m i,"['w', 'a', 'l', 'm', 'i']"
Jauja-105_youngfemale-1,,Jauja,105_youngfemale,wamla,wamla,w a m l a,,cerron1976,1002,,,,,7881,w a m l a,"['w', 'a', 'm', 'l', 'a']"
Jauja-106_youngmale-1,,Jauja,106_youngmale,walash,walash,w a l a ʂ,,cerron1976,1008,,,,,7942,w a l a ʂ,"['w', 'a', 'l', 'a', 'ʂ']"
Huanca-134_suckto-2,,Huanca,134_suckto,shuquy,shuquy,ʃ o q u,,cerron1976,877,,,,,6339,ʃ o q u,"['ʃ', 'o', 'q', 'u']"
Jauja-134_suckto-2,,Jauja,134_suckto,shuquy,shuquy,ʃ o q u,,cerron1976,877,,,,,6339,ʃ o q u,"['ʃ', 'o', 'q', 'u']"
Huanca-45_breast-2,,Huanca,45_breast,chichi,chichi,tʃ i tʃ i,,cerron1976,861,,,,,607,tʃ i tʃ i,"['tʃ', 'i', 'tʃ', 'i']"
Jauja-93_grass-1,,Jauja,93_grass,qula,qula,q u l a,,cerron1976,271,,,,,2522,q u l a,"['q', 'u', 'l', 'a']"
Jauja-93_grass-2,,Jauja,93_grass,qiwa,qiwa,q i w a,,cerron1976,202,,,,,212,q i w a,"['q', 'i', 'w', 'a']"
Jauja-103_highup-2,,Jauja,103_highup,wichan,wichan,w i tʃ a n,,cerron1976,363,,,,,3040,w i tʃ a n,"['w', 'i', 'tʃ', 'a', 'n']"
Wari-105_youngfemale-1,,Wari,105_youngfemale,shipash,shipash,ʃ i p a ʃ,,parkerchavez1976,998,,,,,7875,ʃ i p a ʃ,"['ʃ', 'i', 'p', 'a', 'ʃ']"
Raimondi-105_youngfemale-1,,Raimondi,105_youngfemale,sipas,sipas,ʃ i p a ʃ,,parkerchavez1976,998,,,,,7875,ʃ i p a ʃ,"['ʃ', 'i', 'p', 'a', 'ʃ']"
HuarazHuailas-105_youngfemale-1,,HuarazHuailas,105_youngfemale,sipas,sipas,ʃ i p a ʃ,,parkerchavez1976,998,,,,,7875,ʃ i p a ʃ,"['ʃ', 'i', 'p', 'a', 'ʃ']"
Jauja-80_gold-1,,Jauja,80_gold,curi,curi,q u r i,,cerron1976,263,,,,,2470,q u r i,"['q', 'u', 'r', 'i']"
Jauja-143_thinkoveraboutto-1,,Jauja,143_thinkoveraboutto,yalpa,yalpa,j a l p a,,cerron1976,902,,,,,6656,j a l p a,"['j', 'a', 'l', 'p', 'a']"
Jauja-51_worm-1,,Jauja,51_worm,kulu,kulu,k u l u,,cerron1976,989,,,,,7717,k u l u,"['k', 'u', 'l', 'u']"
Apuri-108_oldwoman-1,,Apuri,108_oldwoman,chakwash,chakwash,tʃ a k w a ʃ,,shimelman2017,655,,,,,4729,tʃ a k w a ʃ,"['tʃ', 'a', 'k', 'w', 'a', 'ʃ']"
Lincha-Tana-108_oldwoman-1,,Lincha-Tana,108_oldwoman,paya,paya,p a j a,,shimelman2017,654,,,,,4727,p a j a,"['p', 'a', 'j', 'a']"
SanPedro-108_oldwoman-1,,SanPedro,108_oldwoman,chakwash,chakwash,tʃ a k w a ʃ,,shimelman2017,655,,,,,4729,tʃ a k w a ʃ,"['tʃ', 'a', 'k', 'w', 'a', 'ʃ']"
Huangascar-108_oldwoman-1,,Huangascar,108_oldwoman,chakwash,chakwash,tʃ a k w a ʃ,,shimelman2017,655,,,,,4729,tʃ a k w a ʃ,"['tʃ', 'a', 'k', 'w', 'a', 'ʃ']"
Cacra-Hongos-106_youngmale-1,,Cacra-Hongos,106_youngmale,maqta,maqta,m a q t a,,shimelman2017,107,,,,,162,m a q t a,"['m', 'a', 'q', 't', 'a']"
SanPedro-106_youngmale-1,,SanPedro,106_youngmale,maqta,maqta,m a q t a,,shimelman2017,107,,,,,162,m a q t a,"['m', 'a', 'q', 't', 'a']"
SanPedro-105_youngfemale-1,,SanPedro,105_youngfemale,shipash,shipash,ʃ i p a ʃ,,shimelman2017,998,,,,,7875,ʃ i p a ʃ,"['ʃ', 'i', 'p', 'a', 'ʃ']"
Lincha-Tana-105_youngfemale-1,,Lincha-Tana,105_youngfemale,shipash,shipash,ʃ i p a ʃ,,shimelman2017,998,,,,,7875,ʃ i p a ʃ,"['ʃ', 'i', 'p', 'a', 'ʃ']"
Huangascar-105_youngfemale-1,,Huangascar,105_youngfemale,shipash,shipash,ʃ i p a ʃ,,shimelman2017,998,,,,,7875,ʃ i p a ʃ,"['ʃ', 'i', 'p', 'a', 'ʃ']"
Cacra-Hongos-105_youngfemale-1,,Cacra-Hongos,105_youngfemale,shipash,shipash,ʃ i p a ʃ,,shimelman2017,998,,,,,7875,ʃ i p a ʃ,"['ʃ', 'i', 'p', 'a', 'ʃ']"
Apuri-105_youngfemale-1,,Apuri,105_youngfemale,shipash,shipash,ʃ i p a ʃ,,shimelman2017,998,,,,,7875,ʃ i p a ʃ,"['ʃ', 'i', 'p', 'a', 'ʃ']"
Lincha-Tana-118_cold-2,,Lincha-Tana,118_cold,chiri,chiri,tʃ i ɾ i,,shimelman2017,1013,,,,,822,tʃ i ɾ i,"['tʃ', 'i', 'ɾ', 'i']"
Apuri-143_thinkoveraboutto-1,,Apuri,143_thinkoveraboutto,yuya,yuya,j u j a,,shimelman2017,901,,,,,6655,j u j a,"['j', 'u', 'j', 'a']"
Cacra-Hongos-143_thinkoveraboutto-1,,Cacra-Hongos,143_thinkoveraboutto,yuya,yuya,j u j a,,shimelman2017,901,,,,,6655,j u j a,"['j', 'u', 'j', 'a']"
Huangascar-143_thinkoveraboutto-1,,Huangascar,143_thinkoveraboutto,yuya,yuya,j u j a,,shimelman2017,901,,,,,6655,j u j a,"['j', 'u', 'j', 'a']"
Lincha-Tana-143_thinkoveraboutto-1,,Lincha-Tana,143_thinkoveraboutto,yuya,yuya,j u j a,,shimelman2017,901,,,,,6655,j u j a,"['j', 'u', 'j', 'a']"
SanPedro-143_thinkoveraboutto-1,,SanPedro,143_thinkoveraboutto,yuya,yuya,j u j a,,shimelman2017,901,,,,,6655,j u j a,"['j', 'u', 'j', 'a']"
Huangascar-23_forehead-1,,Huangascar,23_forehead,paqtra,paqtra,p a q ʈ a,,shimelman2017,210,,,,,2164,p a q ʈ a,"['p', 'a', 'q', 'ʈ', 'a']"
Serena-38_knee-2,,Serena,38_knee,"kunguri, muku",kunguri,k u n g u r i,,heggarty2005,399,,,,,3271,k u n g u ( r i ),"['k', 'u', 'n', 'g', 'u', 'r', 'i']"
Tarma-133_biteto-1,,Tarma,133_biteto,kani,kani,k a n i,"kachu as ""chew""",adelaar1977,374,,,,,311,k a n i,"['k', 'a', 'n', 'i']"
Tarma-77_ash-1,,Tarma,77_ash,ucba,ucba,u tʃ p a,,adelaar1977,2,,,,,1,u tʃ ( - ) p a,"['u', 'tʃ', 'p', 'a']"
Apurimac-101_yellow-2,,Apurimac,101_yellow,qillu,qillu,q i ʎ u,,camacho2007,1012,,,,,82,q i ʎ u,"['q', 'i', 'ʎ', 'u']"
Pacaraos-68_sun-2,,Pacaraos,68_sun,rrupay,rrupay,r u p ai,,adelaar1982,882,,,,,6401,r u p ai,"['r', 'u', 'p', 'ai']"
Chetilla-149_hitto-2,,Chetilla,149_hitto,maqa,maqa,m a q a,,quesada1976,259,,,,,244,m a q a,"['m', 'a', 'q', 'a']"
Raimondi-102_big-1,,Raimondi,102_big,hatun,hatun,h a t u n,,parkerchavez1976,194,,,,,207,h a t u n,"['h', 'a', 't', 'u', 'n']"
Wari-133_biteto-1,,Wari,133_biteto,kani,kani,k a n i,,parkerchavez1976,374,,,,,311,k a n i,"['k', 'a', 'n', 'i']"
HuarazHuailas-8_eight-1,,HuarazHuailas,8_eight,pusaq,pusaq,p u s a q,,parkerchavez1976,81,,,,,1458,p u s a q,"['p', 'u', 's', 'a', 'q']"
Raimondi-8_eight-1,,Raimondi,8_eight,pusaq,pusaq,p u s a q,,parkerchavez1976,81,,,,,1458,p u s a q,"['p', 'u', 's', 'a', 'q']"
Raimondi-33_elbow-1,,Raimondi,33_elbow,kukush,kukush,k u k u ʃ,,parkerchavez1976,495,,,,,384,k u k u ʃ,"['k', 'u', 'k', 'u', 'ʃ']"
HuarazHuailas-22_face-1,,HuarazHuailas,22_face,qaqlla,qaqlla,q a q ʎ a,,parkerchavez1976,118,,,,,1685,q a q ʎ - a,"['q', 'a', 'q', 'ʎ', 'a']"
Wari-57_manswperson-1,,Wari,57_manswperson,runa,runa,r u n a,,parkerchavez1976,505,,,,,3892,r u n a,"['r', 'u', 'n', 'a']"
Raimondi-28_mouth-1,,Raimondi,28_mouth,shimi,shimi,ʃ i m i,,parkerchavez1976,565,,,,,4220,ʃ i m i,"['ʃ', 'i', 'm', 'i']"
HuarazHuailas-67_night-1,,HuarazHuailas,67_night,paqas,paqas,p a q a s,,parkerchavez1976,606,,,,,4464,p a q a s,"['p', 'a', 'q', 'a', 's']"
HuarazHuailas-67_night-2,,HuarazHuailas,67_night,tsaqay,tsaqay,tʃ a q ai,,parkerchavez1976,438,,,,,35,tʃ a q ai,"['tʃ', 'a', 'q', 'ai']"
Raimondi-67_night-2,,Raimondi,67_night,tsaqay,tsaqay,tʃ a q ai,,parkerchavez1976,438,,,,,35,tʃ a q ai,"['tʃ', 'a', 'q', 'ai']"
Wari-67_night-2,,Wari,67_night,tsakay,tsakay,tʃ a k ai,,parkerchavez1976,438,,,,,35,tʃ a k ai,"['tʃ', 'a', 'k', 'ai']"
HuarazHuailas-90_root-1,,HuarazHuailas,90_root,sipi,sipi,s i p i,,parkerchavez1976,721,,,,,5127,s i p i,"['s', 'i', 'p', 'i']"
Raimondi-63_sistermans-1,,Raimondi,63_sistermans,pani,pani,p a n i,,parkerchavez1976,810,,,,,5624,p a n i,"['p', 'a', 'n', 'i']"
Raimondi-64_sisterwomans-1,,Raimondi,64_sisterwomans,ñaña,ñaña,ɳ a ɳ a,,parkerchavez1976,819,,,,,5669,ɳ a ɳ a,"['ɳ', 'a', 'ɳ', 'a']"
Wari-109_besick-1,,Wari,109_besick,queshya,queshya,q i ʃ j a,,parkerchavez1976,3,,,,,100,q i ʃ ( - ) j a,"['q', 'i', 'ʃ', 'j', 'a']"
HuarazHuailas-109_besick-1,,HuarazHuailas,109_besick,queshya,queshya,q i ʃ j a,,parkerchavez1976,3,,,,,100,q i ʃ ( - ) j a,"['q', 'i', 'ʃ', 'j', 'a']"
Raimondi-109_besick-1,,Raimondi,109_besick,queshya,queshya,q i ʃ j a,,parkerchavez1976,3,,,,,100,q i ʃ ( - ) j a,"['q', 'i', 'ʃ', 'j', 'a']"
Raimondi-76_smoke-1,,Raimondi,76_smoke,qoshni,qoshni,q o s n i,,parkerchavez1976,851,,,,,5991,q o s n i,"['q', 'o', 's', 'n', 'i']"
Wari-76_smoke-2,,Wari,76_smoke,qoshni,qoshni,q o s n i,,parkerchavez1976,851,,,,,5991,q o s n i,"['q', 'o', 's', 'n', 'i']"
Raimondi-89_tree-1,,Raimondi,89_tree,qeru,qeru,q e ɾ u,,parkerchavez1976,217,,,,,221,q e ɾ u,"['q', 'e', 'ɾ', 'u']"
Wari-89_tree-2,,Wari,89_tree,munti,munti,m u n t i,,parkerchavez1976,934,,,,,7029,m u n t i,"['m', 'u', 'n', 't', 'i']"
Wari-17_what-1,,Wari,17_what,ima,ima,i m a,,parkerchavez1976,957,,,,,7384,i m a,"['i', 'm', 'a']"
Raimondi-56_wing-1,,Raimondi,56_wing,rikra,rikra,r i k r a,colex. with ”brazo”,parkerchavez1976,972,,,,,7575,r i k r a,"['r', 'i', 'k', 'r', 'a']"
Lamas-16_not-1,,Lamas,16_not,mana,mana,m a n a,,taylor2006,635,,,,,4618,m a n a,"['m', 'a', 'n', 'a']"
Jauja-41_skin-1,,Jauja,41_skin,uta,uta,u t a,*jota,cerron1976,710,,,,esp,508,u t a,"['u', 't', 'a']"
Huallaga-93_grass-2,,Huallaga,93_grass,qiwa,qiwa,q e w a,,weber1998,202,,,,,212,q e w a,"['q', 'e', 'w', 'a']"
Huallaga-149_hitto-1,,Huallaga,149_hitto,maqa,maqa,m a q a,,weber1998,259,,,,,244,m a q a,"['m', 'a', 'q', 'a']"
Apurimac-110_tire-2,,Apurimac,110_tire,sayku,sayku,s ai kʼ u,,camacho2007,918,,,,,6848,s ai kʼ u ( - ),"['s', 'ai', 'kʼ', 'u']"
Cacra-Hongos-148_sewto-3,,Cacra-Hongos,148_sewto,hila,hila,h i l a,,shimelman2017,521,,,,,395,h i l a,"['h', 'i', 'l', 'a']"
HuarazHuailas-33_elbow-2,,HuarazHuailas,33_elbow,kukuchi,kukuchi,k u k u tʃ i,,parkerchavez1976,494,,,,,383,k u k u tʃ i,"['k', 'u', 'k', 'u', 'tʃ', 'i']"
Cacra-Hongos-108_oldwoman-2,,Cacra-Hongos,108_oldwoman,chakwash,chakwash,tʃ a k w a ʃ,,shimelman2017,655,,,,,4729,tʃ a k w a ʃ,"['tʃ', 'a', 'k', 'w', 'a', 'ʃ']"
Lincha-Tana-108_oldwoman-2,,Lincha-Tana,108_oldwoman,chakwash,chakwash,tʃ a k w a ʃ,,shimelman2017,655,,,,,4729,tʃ a k w a ʃ,"['tʃ', 'a', 'k', 'w', 'a', 'ʃ']"
