ID,Local_ID,Language_ID,Parameter_ID,Value,Form,Segments,Comment,Source,Cognacy,Loan,Graphemes,Profile,CU
LencaSalvador-1_agua-1,,LencaSalvador,1_agua,wal,wal,w a l,,Constenla2005,1,,^ w a l $,LencaSalvador,a
LencaHonduras-1_agua-1,,LencaHonduras,1_agua,was,was,w a s,,Constenla2005,1,,^ w a s $,LencaHonduras,a
Cacaopera-1_agua-1,,Cacaopera,1_agua,li,li,l i,,Constenla2005,2,,^ l i $,Cacaopera,b
Mayangna-1_agua-1,,Mayangna,1_agua,was,was,w a s,,Constenla2005,1,,^ w a s $,Mayangna,a
Ulwa-1_agua-1,,Ulwa,1_agua,was,was,w a s,,Constenla2005,1,,^ w a s $,Ulwa,a
Miskito-1_agua-1,,Miskito,1_agua,li,li,l i,,Constenla2005,2,,^ l i $,Miskito,b
Pech-1_agua-1,,Pech,1_agua,àsò,àsò,à/a s ò/o,,Constenla2005,3,,^ à s ò $,Pech,
Rama-1_agua-1,,Rama,1_agua,si:,si:,s iː,,Constenla2005,4,,^ s i: $,Rama,c
MalekuJaika-1_agua-1,,MalekuJaika,1_agua,ti:,ti:,t iː,,Constenla2005,4,,^ t i: $,MalekuJaika,c
Boruca-1_agua-1,,Boruca,1_agua,díʔ,díʔ,d í/i ʔ,,Constenla2005,4,,^ d í ʔ $,Boruca,c
Bribri-1_agua-1,,Bribri,1_agua,dǐʔ,dǐʔ,d ǐ/i ʔ,,Constenla2005,4,,^ d ǐ ʔ $,Bribri,c
Cabecar-1_agua-1,,Cabecar,1_agua,díkɺʊ́,díkɺʊ́,d í/i k ɺ ʊ́/ʊ,,Constenla2005,4,,^ d í k ɺ ʊ́ $,Cabecar,c
Teribe-1_agua-1,,Teribe,1_agua,dí,dí,d í/i,,Constenla2005,4,,^ d í $,Teribe,c
Ngabere-1_agua-1,,Ngabere,1_agua,ɲɤ,ɲɤ,ɲ ɤ,,Constenla2005,4,,^ ɲ ɤ $,Ngabere,c
Buglere-1_agua-1,,Buglere,1_agua,tʃi,tʃi,tʃ i,,Constenla2005,4,,^ tʃ i $,Buglere,c
Dorasque-1_agua-1,,Dorasque,1_agua,yi,yi,j i,,Constenla2005,4,,^ y i $,Dorasque,c
SanBlasKuna-1_agua-1,,SanBlasKuna,1_agua,ti:,ti:,t iː,,Constenla2005,4,,^ t i: $,SanBlasKuna,c
Cogui-1_agua-1,,Cogui,1_agua,ni,ni,n i,,Constenla2005,4,,^ n i $,Cogui,c
Arhuaco-1_agua-1,,Arhuaco,1_agua,dʒe,dʒe,dʒ e,,Constenla2005,4,,^ dʒ e $,Arhuaco,c
Malayo-1_agua-1,,Malayo,1_agua,'dʒiɾa,'dʒiɾa,'d/d ʒ i ɾ a,,Constenla2005,4,,^ 'd ʒ i ɾ a $,Malayo,c
Chimila-1_agua-1,,Chimila,1_agua,ditake:,ditake:,d i t a k eː,,Constenla2005,4,,^ d i t a k e: $,Chimila,c
Chibcha-1_agua-1,,Chibcha,1_agua,sie,sie,s i e,,Constenla2005,4,,^ s i e $,Chibcha,c
CentralTunebo-1_agua-1,,CentralTunebo,1_agua,'riʔa,'riʔa,'r/r i ʔ a,,Constenla2005,4,,^ 'r i ʔ a $,CentralTunebo,c
Bari-1_agua-1,,Bari,1_agua,sĩ: mã,sĩ: mã,s ĩː + m ã,,Constenla2005,4,,^ s ĩ: + m ã $,Bari,c
LencaSalvador-2_amarillo-1,,LencaSalvador,2_amarillo,ku,ku,k u,,Constenla2005,5,,^ k u $,LencaSalvador,
LencaHonduras-2_amarillo-1,,LencaHonduras,2_amarillo,suninga,suninga,s u n i n g a,,Constenla2005,6,,^ s u n i n g a $,LencaHonduras,
Cacaopera-2_amarillo-1,,Cacaopera,2_amarillo,maju,maju,m a j u,,Constenla2005,7,,^ m a j u $,Cacaopera,
Mayangna-2_amarillo-1,,Mayangna,2_amarillo,lalahni,lalahni,l a l a h n i,,Constenla2005,8,,^ l a l a h n i $,Mayangna,a
Ulwa-2_amarillo-1,,Ulwa,2_amarillo,lalahka,lalahka,l a l a h k a,,Constenla2005,8,,^ l a l a h k a $,Ulwa,a
Miskito-2_amarillo-1,,Miskito,2_amarillo,lalalhni,lalalhni,l a l a l h n i,,Constenla2005,8,,^ l a l a l h n i $,Miskito,a
Pech-2_amarillo-1,,Pech,2_amarillo,sè: wa,sè: wa,s èː/eː + w a,,Constenla2005,9,,^ s è: + w a $,Pech,
Rama-2_amarillo-1,,Rama,2_amarillo,nuknukŋa,nuknukŋa,n u k n u k ŋ a,,Constenla2005,10,,^ n u k n u k ŋ a $,Rama,
MalekuJaika-2_amarillo-1,,MalekuJaika,2_amarillo,ɬaxa:ɾa ɬutu iŋa,ɬaxa:ɾa ɬutu iŋa,ɬ a x aː ɾ a + ɬ u t u + i ŋ a,,Constenla2005,11,,^ ɬ a x a: ɾ a + ɬ u t u + i ŋ a $,MalekuJaika,
Boruca-2_amarillo-1,,Boruca,2_amarillo,ʃòsát,ʃòsát,ʃ ò/o s á/a t,,Constenla2005,12,,^ ʃ ò s á t $,Boruca,
Bribri-2_amarillo-1,,Bribri,2_amarillo,tsikidǐdǐ,tsikidǐdǐ,ts i k i d ǐ/i d ǐ/i,,Constenla2005,13,,^ ts i k i d ǐ d ǐ $,Bribri,b
Cabecar-2_amarillo-1,,Cabecar,2_amarillo,tsikidí,tsikidí,t s i k i d í/i,,Constenla2005,13,,^ t s i k i d í $,Cabecar,b
Teribe-2_amarillo-1,,Teribe,2_amarillo,ʃòinóɾ,ʃòinóɾ,ʃ ò/o i n ó/o ɾ,,Constenla2005,14,,^ ʃ ò i n ó ɾ $,Teribe,
Ngabere-2_amarillo-1,,Ngabere,2_amarillo,sɯbɾɯɾe,sɯbɾɯɾe,s ɯ b ɾ ɯ ɾ e,,Constenla2005,15,,^ s ɯ b ɾ ɯ ɾ e $,Ngabere,
Buglere-2_amarillo-1,,Buglere,2_amarillo,moloi,moloi,m o l o i,,Constenla2005,16,,^ m o l o i $,Buglere,
Dorasque-2_amarillo-1,,Dorasque,2_amarillo,utká,utká,u t k á/a,,Constenla2005,17,,^ u t k á $,Dorasque,
SanBlasKuna-2_amarillo-1,,SanBlasKuna,2_amarillo,kollokwa,kollokwa,k o ʎ o kʷ a,,Constenla2005,18,,^ k o ll o kw a $,SanBlasKuna,
Cogui-2_amarillo-1,,Cogui,2_amarillo,kaʃiku'ama,kaʃiku'ama,k a ʃ i k u 'a/a m a,,Constenla2005,19,,^ k a ʃ i k u 'a m a $,Cogui,c
Arhuaco-2_amarillo-1,,Arhuaco,2_amarillo,'tʃəmmi,'tʃəmmi,'tʃ/tʃ ə m i,,Constenla2005,20,,^ 'tʃ ə mm i $,Arhuaco,ch
Malayo-2_amarillo-1,,Malayo,2_amarillo,kɨʃkwama,kɨʃkwama,k ɨ ʃ kʷ a m a,,Constenla2005,19,,^ k ɨ ʃ kw a m a $,Malayo,c
Chimila-2_amarillo-1,,Chimila,2_amarillo,tʃoŋgɾagwattu,tʃoŋgɾagwattu,tʃ o ŋ g ɾ a g w a t u,,Constenla2005,21,,^ tʃ o ŋ g ɾ a g w a tt u $,Chimila,
Chibcha-2_amarillo-1,,Chibcha,2_amarillo,tɨβan,tɨβan,t ɨ β a n,,Constenla2005,20,,^ t ɨ β a n $,Chibcha,ch
CentralTunebo-2_amarillo-1,,CentralTunebo,2_amarillo,ta'waja,ta'waja,t 'a/a w a j a,,Constenla2005,20,,^ t a' w a j a $,CentralTunebo,ch
Bari-2_amarillo-1,,Bari,2_amarillo,kanikã: siũkdu,kanikã: siũkdu,k a n i k ãː + s i ũ k d u,,Constenla2005,22,,^ k a n i k ã: + s i ũ k d u $,Bari,
LencaSalvador-3_amarrar-1,,LencaSalvador,3_amarrar,waɾ,waɾ,w a ɾ,,Constenla2005,23,,^ w a ɾ $,LencaSalvador,a
LencaHonduras-3_amarrar-1,,LencaHonduras,3_amarrar,kup,kup,k u p,,Constenla2005,24,,^ k u p $,LencaHonduras,
Cacaopera-3_amarrar-1,,Cacaopera,3_amarrar,wiri,wiri,w i r i,,Constenla2005,23,,^ w i r i $,Cacaopera,a
Mayangna-3_amarrar-1,,Mayangna,3_amarrar,sit,sit,s i t,,Constenla2005,25,,^ s i t $,Mayangna,b
Ulwa-3_amarrar-1,,Ulwa,3_amarrar,sit,sit,s i t,,Constenla2005,25,,^ s i t $,Ulwa,b
Miskito-3_amarrar-1,,Miskito,3_amarrar,wilk,wilk,w i l k,,Constenla2005,23,,^ w i l k $,Miskito,a
Pech-3_amarrar-1,,Pech,3_amarrar,tìk,tìk,t ì/i k,,Constenla2005,26,,^ t ì k $,Pech,
Rama-3_amarrar-1,,Rama,3_amarrar,aŋais,aŋais,a ŋ a i s,,Constenla2005,27,,^ a ŋ a i s $,Rama,
MalekuJaika-3_amarrar-1,,MalekuJaika,3_amarrar,kera:,kera:,k e r aː,,Constenla2005,28,,^ k e r a: $,MalekuJaika,c
Boruca-3_amarrar-1,,Boruca,3_amarrar,íŋ,íŋ,í/i ŋ,,Constenla2005,29,,^ í ŋ $,Boruca,
Bribri-3_amarrar-1,,Bribri,3_amarrar,bõ,bõ,b õ,,Constenla2005,30,,^ b õ $,Bribri,ch
Cabecar-3_amarrar-1,,Cabecar,3_amarrar,bõ,bõ,b õ,,Constenla2005,30,,^ b õ $,Cabecar,ch
Teribe-3_amarrar-1,,Teribe,3_amarrar,ɸɺík,ɸɺík,ɸ ɺ í/i k,,Constenla2005,31,,^ ɸ ɺ í k $,Teribe,
Ngabere-3_amarrar-1,,Ngabere,3_amarrar,mɔgete,mɔgete,m ɔ g e t e,,Constenla2005,32,,^ m ɔ g e t e $,Ngabere,
Buglere-3_amarrar-1,,Buglere,3_amarrar,kagã,kagã,k a g ã,,Constenla2005,33,,^ k a g ã $,Buglere,
Dorasque-3_amarrar-1,,Dorasque,3_amarrar,bui,bui,b u i,,Constenla2005,30,,^ b u i $,Dorasque,ch
SanBlasKuna-3_amarrar-1,,SanBlasKuna,3_amarrar,e-tinne,e-tinne,e + t i n e,,Constenla2005,34,,^ e - t i nn e $,SanBlasKuna,d
Cogui-3_amarrar-1,,Cogui,3_amarrar,aka-lihi,aka-lihi,a k a + l i h i,,Constenla2005,34,,^ a k a - l i h i $,Cogui,d
Arhuaco-3_amarrar-1,,Arhuaco,3_amarrar,'aʔdʒ,'aʔdʒ,'a/a ʔ dʒ,,Constenla2005,35,,^ 'a ʔ dʒ $,Arhuaco,
Malayo-3_amarrar-1,,Malayo,3_amarrar,ɾinʒii,ɾinʒii,ɾ i n ʒ i i,,Constenla2005,34,,^ ɾ i n ʒ i i $,Malayo,d
Chimila-3_amarrar-1,,Chimila,3_amarrar,sikke,sikke,s i k e,,Constenla2005,25,,^ s i kk e $,Chimila,b
Chibcha-3_amarrar-1,,Chibcha,3_amarrar,kamɨ,kamɨ,k a m ɨ,,Constenla2005,36,,^ k a m ɨ $,Chibcha,
CentralTunebo-3_amarrar-1,,CentralTunebo,3_amarrar,ke'ta,ke'ta,k e 't/t a,,Constenla2005,28,,^ k e 't a $,CentralTunebo,c
Bari-3_amarrar-1,,Bari,3_amarrar,ju,ju,j u,,Constenla2005,37,,^ j u $,Bari,
LencaSalvador-4_arbol-1,,LencaSalvador,4_arbol,suN,suN,s u n,,Constenla2005,38,,^ s u N $,LencaSalvador,
LencaHonduras-4_arbol-1,,LencaHonduras,4_arbol,ili,ili,i l i,,Constenla2005,39,,^ i l i $,LencaHonduras,
Cacaopera-4_arbol-1,,Cacaopera,4_arbol,man,man,m a n,,Constenla2005,40,,^ m a n $,Cacaopera,a
Mayangna-4_arbol-1,,Mayangna,4_arbol,pan,pan,p a n,,Constenla2005,40,,^ p a n $,Mayangna,a
Ulwa-4_arbol-1,,Ulwa,4_arbol,pan,pan,p a n,,Constenla2005,40,,^ p a n $,Ulwa,a
Miskito-4_arbol-1,,Miskito,4_arbol,dus,dus,d u s,,Constenla2005,41,,^ d u s $,Miskito,
Pech-4_arbol-1,,Pech,4_arbol,pã̀jh,pã̀jh,p ã̀/ã j h,,Constenla2005,40,,^ p ã̀ j h $,Pech,a
Rama-4_arbol-1,,Rama,4_arbol,ka:t,ka:t,k aː t,,Constenla2005,42,,^ k a: t $,Rama,b
MalekuJaika-4_arbol-1,,MalekuJaika,4_arbol,ko:ɾa,ko:ɾa,k oː ɾ a,,Constenla2005,42,,^ k o: ɾ a $,MalekuJaika,b
Boruca-4_arbol-1,,Boruca,4_arbol,kɾáŋ,kɾáŋ,k ɾ á/a ŋ,,Constenla2005,42,,^ k ɾ á ŋ $,Boruca,b
Bribri-4_arbol-1,,Bribri,4_arbol,káɺ,káɺ,k á/a ɺ,,Constenla2005,42,,^ k á ɺ $,Bribri,b
Cabecar-4_arbol-1,,Cabecar,4_arbol,kaɺ,kaɺ,k a ɺ,,Constenla2005,42,,^ k a ɺ $,Cabecar,b
Teribe-4_arbol-1,,Teribe,4_arbol,kʰɔ́,kʰɔ́,kʰ ɔ́/ɔ,,Constenla2005,42,,^ kʰ ɔ́ $,Teribe,b
Ngabere-4_arbol-1,,Ngabere,4_arbol,kɾi,kɾi,k ɾ i,,Constenla2005,42,,^ k ɾ i $,Ngabere,b
Buglere-4_arbol-1,,Buglere,4_arbol,gli,gli,g l i,,Constenla2005,42,,^ g l i $,Buglere,b
Dorasque-4_arbol-1,,Dorasque,4_arbol,kalkála,kalkála,k a l k á/a l a,,Constenla2005,42,,^ k a l k á l a $,Dorasque,b
SanBlasKuna-4_arbol-1,,SanBlasKuna,4_arbol,sappi,sappi,s a p i,,Constenla2005,43,,^ s a pp i $,SanBlasKuna,
Cogui-4_arbol-1,,Cogui,4_arbol,'kali,'kali,'k/k a l i,,Constenla2005,42,,^ 'k a l i $,Cogui,b
Arhuaco-4_arbol-1,,Arhuaco,4_arbol,kən,kən,k ə n,,Constenla2005,42,,^ k ə n $,Arhuaco,b
Malayo-4_arbol-1,,Malayo,4_arbol,kɨn,kɨn,k ɨ n,,Constenla2005,42,,^ k ɨ n $,Malayo,b
Chimila-4_arbol-1,,Chimila,4_arbol,ka:,ka:,k aː,,Constenla2005,42,,^ k a: $,Chimila,b
Chibcha-4_arbol-1,,Chibcha,4_arbol,kɨe,kɨe,k ɨ e,,Constenla2005,42,,^ k ɨ e $,Chibcha,b
CentralTunebo-4_arbol-1,,CentralTunebo,4_arbol,'kaɾukwa,'kaɾukwa,'k/k a ɾ u k w a,,Constenla2005,42,,^ 'k a ɾ u k w a $,CentralTunebo,b
Bari-4_arbol-1,,Bari,4_arbol,kã:,kã:,k ãː,,Constenla2005,42,,^ k ã: $,Bari,b
LencaSalvador-5_arena-1,,LencaSalvador,5_arena,miʃea,miʃea,m i ʃ e a,,Constenla2005,44,,^ m i ʃ e a $,LencaSalvador,
LencaHonduras-5_arena-1,,LencaHonduras,5_arena,toko,toko,t o k o,,Constenla2005,45,,^ t o k o $,LencaHonduras,
Cacaopera-5_arena-1,,Cacaopera,5_arena,kui,kui,k u i,,Constenla2005,46,,^ k u i $,Cacaopera,a
Mayangna-5_arena-1,,Mayangna,5_arena,kauhmak,kauhmak,k a u h m a k,,Constenla2005,46,,^ k a u h m a k $,Mayangna,a
Ulwa-5_arena-1,,Ulwa,5_arena,ka:uhmak,ka:uhmak,k aː u h m a k,,Constenla2005,46,,^ k a: u h m a k $,Ulwa,a
Miskito-5_arena-1,,Miskito,5_arena,ahuja,ahuja,a h u j a,,Constenla2005,47,,^ a h u j a $,Miskito,
Pech-5_arena-1,,Pech,5_arena,úʔù,úʔù,ú/u ʔ ù/u,,Constenla2005,48,,^ ú ʔ ù $,Pech,b
Rama-5_arena-1,,Rama,5_arena,unta:s,unta:s,u n t aː s,,Constenla2005,48,,^ u n t a: s $,Rama,b
MalekuJaika-5_arena-1,,MalekuJaika,5_arena,uɬi:xa,uɬi:xa,u ɬ iː x a,,Constenla2005,48,,^ u ɬ i: x a $,MalekuJaika,b
Boruca-5_arena-1,,Boruca,5_arena,ùb,ùb,ù/u b,,Constenla2005,48,,^ ù b $,Boruca,b
Bribri-5_arena-1,,Bribri,5_arena,stsã̌ʔ,stsã̌ʔ,s ts ã̌/ã ʔ,,Constenla2005,49,,^ s ts ã̌ ʔ $,Bribri,c
Cabecar-5_arena-1,,Cabecar,5_arena,tsã́,tsã́,t s ã́/ã,,Constenla2005,49,,^ t s ã́ $,Cabecar,c
Teribe-5_arena-1,,Teribe,5_arena,ɺa,ɺa,ɺ a,,Constenla2005,50,,^ ɺ a $,Teribe,
Ngabere-5_arena-1,,Ngabere,5_arena,ɯma,ɯma,ɯ m a,,Constenla2005,48,,^ ɯ m a $,Ngabere,b
Buglere-5_arena-1,,Buglere,5_arena,uba,uba,u b a,,Constenla2005,48,,^ u b a $,Buglere,b
Dorasque-5_arena-1,,Dorasque,5_arena,hálgu,hálgu,h á/a l g u,,Constenla2005,51,,^ h á l g u $,Dorasque,
SanBlasKuna-5_arena-1,,SanBlasKuna,5_arena,ukkuppa,ukkuppa,u k u p a,,Constenla2005,48,,^ u kk u pp a $,SanBlasKuna,b
Cogui-5_arena-1,,Cogui,5_arena,'ui,'ui,'u/u i,,Constenla2005,48,,^ 'u i $,Cogui,b
Arhuaco-5_arena-1,,Arhuaco,5_arena,'uzu,'uzu,'u/u z u,,Constenla2005,48,,^ 'u z u $,Arhuaco,b
Malayo-5_arena-1,,Malayo,5_arena,unʒu,unʒu,u n ʒ u,,Constenla2005,48,,^ u n ʒ u $,Malayo,b
Chimila-5_arena-1,,Chimila,5_arena,saʔssaɾi,saʔssaɾi,s a ʔ s a ɾ i,,Constenla2005,49,,^ s a ʔ ss a ɾ i $,Chimila,c
Chibcha-5_arena-1,,Chibcha,5_arena,ɣuantsa,ɣuantsa,ɣ u a n ts a,,Constenla2005,48,,^ ɣ u a n ts a $,Chibcha,b
CentralTunebo-5_arena-1,,CentralTunebo,5_arena,'umita,'umita,'u/u m i t a,,Constenla2005,48,,^ 'u m i t a $,CentralTunebo,b
Bari-5_arena-1,,Bari,5_arena,ũda,ũda,ũ d a,,Constenla2005,48,,^ ũ d a $,Bari,b
LencaSalvador-6_ave-1,,LencaSalvador,6_ave,ts'imts'im,ts'imts'im,ts 'i/i m ts 'i/i m,,Constenla2005,52,,^ ts 'i m ts 'i m $,LencaSalvador,a
LencaHonduras-6_ave-1,,LencaHonduras,6_ave,siɾa,siɾa,s i ɾ a,,Constenla2005,52,,^ s i ɾ a $,LencaHonduras,a
Cacaopera-6_ave-1,,Cacaopera,6_ave,wasiri,wasiri,w a s i r i,,Constenla2005,53,,^ w a s i r i $,Cacaopera,
Mayangna-6_ave-1,,Mayangna,6_ave,uhbin,uhbin,u h b i n,,Constenla2005,54,,^ u h b i n $,Mayangna,
Ulwa-6_ave-1,,Ulwa,6_ave,di: baka,di: baka,d iː + b a k a,,Constenla2005,55,,^ d i: + b a k a $,Ulwa,
Miskito-6_ave-1,,Miskito,6_ave,pjãwiɾa,pjãwiɾa,p j ã w i ɾ a,,Constenla2005,56,,^ p j ã w i ɾ a $,Miskito,
Pech-6_ave-1,,Pech,6_ave,kwàs,kwàs,kʷ à/a s,,Constenla2005,57,,^ kw à s $,Pech,
Rama-6_ave-1,,Rama,6_ave,sin-sak,sin-sak,s i n + s a k,,Constenla2005,52,,^ s i n - s a k $,Rama,a
MalekuJaika-6_ave-1,,MalekuJaika,6_ave,ŋiskaka:,ŋiskaka:,ŋ i s k a k aː,,Constenla2005,58,,^ ŋ i s k a k a: $,MalekuJaika,
Boruca-6_ave-1,,Boruca,6_ave,dù,dù,d ù/u,,Constenla2005,59,,^ d ù $,Boruca,b
Bribri-6_ave-1,,Bribri,6_ave,dú,dú,d ú/u,,Constenla2005,59,,^ d ú $,Bribri,b
Cabecar-6_ave-1,,Cabecar,6_ave,dù,dù,d ù/u,,Constenla2005,59,,^ d ù $,Cabecar,b
Teribe-6_ave-1,,Teribe,6_ave,sínũã̀,sínũã̀,s í/i n ũ ã̀/ã,,Constenla2005,60,,^ s í n ũ ã̀ $,Teribe,
Ngabere-6_ave-1,,Ngabere,6_ave,nukwɔ,nukwɔ,n u k w ɔ,,Constenla2005,59,,^ n u k w ɔ $,Ngabere,b
Buglere-6_ave-1,,Buglere,6_ave,bdada,bdada,b d a d a,,Constenla2005,61,,^ b d a d a $,Buglere,
Dorasque-6_ave-1,,Dorasque,6_ave,dul,dul,d u l,,Constenla2005,59,,^ d u l $,Dorasque,b
SanBlasKuna-6_ave-1,,SanBlasKuna,6_ave,sikkwi,sikkwi,s i k w i,,Constenla2005,62,,^ s i kk w i $,SanBlasKuna,
Cogui-6_ave-1,,Cogui,6_ave,nu'ba,nu'ba,n u 'b/b a,,Constenla2005,59,,^ n u 'b a $,Cogui,b
Arhuaco-6_ave-1,,Arhuaco,6_ave,si'sio,si'sio,s i 's/s i o,,Constenla2005,52,,^ s i 's i o $,Arhuaco,a
Malayo-6_ave-1,,Malayo,6_ave,suɾi,suɾi,s u ɾ i,,Constenla2005,63,,^ s u ɾ i $,Malayo,c
Chimila-6_ave-1,,Chimila,6_ave,ki:tikkwi,ki:tikkwi,k iː t i k w i,,Constenla2005,64,,^ k i: t i kk w i $,Chimila,
Chibcha-6_ave-1,,Chibcha,6_ave,sue,sue,s u e,,Constenla2005,59,,^ s u e $,Chibcha,b
CentralTunebo-6_ave-1,,CentralTunebo,6_ave,ɾu'wasiɾa,ɾu'wasiɾa,ɾ u 'w/w a s i ɾ a,,Constenla2005,59,,^ ɾ u 'w a s i ɾ a $,CentralTunebo,b
Bari-6_ave-1,,Bari,6_ave,daníkbi,daníkbi,d a n í/i k b i,,Constenla2005,65,,^ d a n í k b i $,Bari,
LencaSalvador-7_bailar-1,,LencaSalvador,7_bailar,uli,uli,u l i,,Constenla2005,66,,^ u l i $,LencaSalvador,a
LencaHonduras-7_bailar-1,,LencaHonduras,7_bailar,ul,ul,u l,,Constenla2005,66,,^ u l $,LencaHonduras,a
Cacaopera-7_bailar-1,,Cacaopera,7_bailar,jaukan,jaukan,j a u k a n,,Constenla2005,67,,^ j a u k a n $,Cacaopera,
Mayangna-7_bailar-1,,Mayangna,7_bailar,ubu,ubu,u b u,,Constenla2005,68,,^ u b u $,Mayangna,
Ulwa-7_bailar-1,,Ulwa,7_bailar,aba:,aba:,a b aː,,Constenla2005,69,,^ a b a: $,Ulwa,
Miskito-7_bailar-1,,Miskito,7_bailar,dans pul,dans pul,d a n s + p u l,,Constenla2005,70,,^ d a n s + p u l $,Miskito,
Pech-7_bailar-1,,Pech,7_bailar,wiʔ,wiʔ,w i ʔ,,Constenla2005,71,,^ w i ʔ $,Pech,b
Rama-7_bailar-1,,Rama,7_bailar,katapaik,katapaik,k a t a p a i k,,Constenla2005,72,,^ k a t a p a i k $,Rama,
MalekuJaika-7_bailar-1,,MalekuJaika,7_bailar,ɬi:la,ɬi:la,ɬ iː l a,,Constenla2005,73,,^ ɬ i: l a $,MalekuJaika,
Boruca-7_bailar-1,,Boruca,7_bailar,kuìk,kuìk,k u ì/i k,,Constenla2005,71,,^ k u ì k $,Boruca,b
Bribri-7_bailar-1,,Bribri,7_bailar,kaɺʊ́tɪ,kaɺʊ́tɪ,k a ɺ ʊ́/ʊ t ɪ,,Constenla2005,74,,^ k a ɺ ʊ́ t ɪ $,Bribri,c
Cabecar-7_bailar-1,,Cabecar,7_bailar,kaɺʊ́tɪ,kaɺʊ́tɪ,k a ɺ ʊ́/ʊ t ɪ,,Constenla2005,74,,^ k a ɺ ʊ́ t ɪ $,Cabecar,c
Teribe-7_bailar-1,,Teribe,7_bailar,tʰàŋnióŋ,tʰàŋnióŋ,tʰ à/a ŋ n i ó/o ŋ,,Constenla2005,75,,^ tʰ à ŋ n i ó ŋ $,Teribe,
Ngabere-7_bailar-1,,Ngabere,7_bailar,bradʒe,bradʒe,b r a dʒ e,,Constenla2005,76,,^ b r a dʒ e $,Ngabere,
Buglere-7_bailar-1,,Buglere,7_bailar,gwie,gwie,gʷ i e,,Constenla2005,71,,^ gw i e $,Buglere,b
Dorasque-7_bailar-1,,Dorasque,7_bailar,kúyi,kúyi,k ú/u j i,,Constenla2005,71,,^ k ú y i $,Dorasque,b
SanBlasKuna-7_bailar-1,,SanBlasKuna,7_bailar,kuile,kuile,k u i l e,,Constenla2005,71,,^ k u i l e $,SanBlasKuna,b
Cogui-7_bailar-1,,Cogui,7_bailar,kuiz,kuiz,k u i z,,Constenla2005,71,,^ k u i z $,Cogui,b
Arhuaco-7_bailar-1,,Arhuaco,7_bailar,kué,kué,k u é/e,,Constenla2005,71,,^ k u é $,Arhuaco,b
Malayo-7_bailar-1,,Malayo,7_bailar,ku'i,ku'i,k 'u/u i,,Constenla2005,71,,^ k u' i $,Malayo,b
Chimila-7_bailar-1,,Chimila,7_bailar,kuiahné,kuiahné,k u i a h n é/e,,Constenla2005,71,,^ k u i a h n é $,Chimila,b
Chibcha-7_bailar-1,,Chibcha,7_bailar,tsahana,tsahana,ts a h a n a,,Constenla2005,77,,^ ts a h a n a $,Chibcha,
CentralTunebo-7_bailar-1,,CentralTunebo,7_bailar,ki'ni,ki'ni,k i 'n/n i,,Constenla2005,78,,^ k i 'n i $,CentralTunebo,
Bari-7_bailar-1,,Bari,7_bailar,asi,asi,a s i,,Constenla2005,79,,^ a s i $,Bari,
LencaSalvador-8_beber-1,,LencaSalvador,8_beber,tali,tali,t a l i,,Constenla2005,80,,^ t a l i $,LencaSalvador,a
LencaHonduras-8_beber-1,,LencaHonduras,8_beber,tal,tal,t a l,,Constenla2005,80,,^ t a l $,LencaHonduras,a
Cacaopera-8_beber-1,,Cacaopera,8_beber,dipa,dipa,d i p a,,Constenla2005,81,,^ d i p a $,Cacaopera,b
Mayangna-8_beber-1,,Mayangna,8_beber,di,di,d i,,Constenla2005,81,,^ d i $,Mayangna,b
Ulwa-8_beber-1,,Ulwa,8_beber,di,di,d i,,Constenla2005,81,,^ d i $,Ulwa,b
Miskito-8_beber-1,,Miskito,8_beber,di,di,d i,,Constenla2005,81,,^ d i $,Miskito,b
Pech-8_beber-1,,Pech,8_beber,tòk,tòk,t ò/o k,,Constenla2005,82,,^ t ò k $,Pech,
Rama-8_beber-1,,Rama,8_beber,ŋw,ŋw,ŋ w,,Constenla2005,83,,^ ŋ w $,Rama,
MalekuJaika-8_beber-1,,MalekuJaika,8_beber,tʃa:,tʃa:,tʃ aː,,Constenla2005,84,,^ tʃ a: $,MalekuJaika,c
Boruca-8_beber-1,,Boruca,8_beber,dʒáŋ,dʒáŋ,dʒ á/a ŋ,,Constenla2005,84,,^ dʒ á ŋ $,Boruca,c
Bribri-8_beber-1,,Bribri,8_beber,dʒa,dʒa,dʒ a,,Constenla2005,84,,^ dʒ a $,Bribri,c
Cabecar-8_beber-1,,Cabecar,8_beber,dʒɪ,dʒɪ,dʒ ɪ,,Constenla2005,84,,^ dʒ ɪ $,Cabecar,c
Teribe-8_beber-1,,Teribe,8_beber,iɪ́,iɪ́,i ɪ́/ɪ,,Constenla2005,84,,^ i ɪ́ $,Teribe,c
Ngabere-8_beber-1,,Ngabere,8_beber,ɲã,ɲã,ɲ ã,,Constenla2005,84,,^ ɲ ã $,Ngabere,c
Buglere-8_beber-1,,Buglere,8_beber,hai,hai,h a i,,Constenla2005,85,,^ h a i $,Buglere,
Dorasque-8_beber-1,,Dorasque,8_beber,bot,bot,b o t,,Constenla2005,86,,^ b o t $,Dorasque,
SanBlasKuna-8_beber-1,,SanBlasKuna,8_beber,kope,kope,k o p e,,Constenla2005,87,,^ k o p e $,SanBlasKuna,
Cogui-8_beber-1,,Cogui,8_beber,'tuʃi,'tuʃi,'t/t u ʃ i,,Constenla2005,88,,^ 't u ʃ i $,Cogui,
Arhuaco-8_beber-1,,Arhuaco,8_beber,aʔg,aʔg,a ʔ g,,Constenla2005,89,,^ a ʔ g $,Arhuaco,ch
Malayo-8_beber-1,,Malayo,8_beber,anga,anga,a n g a,,Constenla2005,89,,^ a n g a $,Malayo,ch
Chimila-8_beber-1,,Chimila,8_beber,uk,uk,u k,,Constenla2005,90,,^ u k $,Chimila,
Chibcha-8_beber-1,,Chibcha,8_beber,iohotɨ,iohotɨ,i o h o t ɨ,,Constenla2005,91,,^ i o h o t ɨ $,Chibcha,
CentralTunebo-8_beber-1,,CentralTunebo,8_beber,'jaʔa,'jaʔa,'j/j a ʔ a,,Constenla2005,84,,^ 'j a ʔ a $,CentralTunebo,c
Bari-8_beber-1,,Bari,8_beber,a:ksa,a:ksa,aː k s a,,Constenla2005,92,,^ a: k s a $,Bari,
LencaSalvador-9_blanco-1,,LencaSalvador,9_blanco,ʃoko,ʃoko,ʃ o k o,,Constenla2005,93,,^ ʃ o k o $,LencaSalvador,a
LencaHonduras-9_blanco-1,,LencaHonduras,9_blanco,soko,soko,s o k o,,Constenla2005,93,,^ s o k o $,LencaHonduras,a
Cacaopera-9_blanco-1,,Cacaopera,9_blanco,sahu,sahu,s a h u,,Constenla2005,94,,^ s a h u $,Cacaopera,
Mayangna-9_blanco-1,,Mayangna,9_blanco,pihni,pihni,p i h n i,,Constenla2005,95,,^ p i h n i $,Mayangna,b
Ulwa-9_blanco-1,,Ulwa,9_blanco,pihka,pihka,p i h k a,,Constenla2005,95,,^ p i h k a $,Ulwa,b
Miskito-9_blanco-1,,Miskito,9_blanco,pihni,pihni,p i h n i,,Constenla2005,95,,^ p i h n i $,Miskito,b
Pech-9_blanco-1,,Pech,9_blanco,kàbísás,kàbísás,k à/a b í/i s á/a s,,Constenla2005,96,,^ k à b í s á s $,Pech,
Rama-9_blanco-1,,Rama,9_blanco,plu:ma,plu:ma,p l uː m a,,Constenla2005,97,,^ p l u: m a $,Rama,ch
MalekuJaika-9_blanco-1,,MalekuJaika,9_blanco,ʝaki: pala: iŋa:,ʝaki: pala: iŋa:,ʝ a k iː + p a l aː + i ŋ aː,,Constenla2005,98,,^ ʝ a k i: + p a l a: + i ŋ a: $,MalekuJaika,
Boruca-9_blanco-1,,Boruca,9_blanco,suát,suát,s u á/a t,,Constenla2005,99,,^ s u á t $,Boruca,
Bribri-9_blanco-1,,Bribri,9_blanco,sadǔdǔ,sadǔdǔ,s a d ǔ/u d ǔ/u,,Constenla2005,97,,^ s a d ǔ d ǔ $,Bribri,ch
Cabecar-9_blanco-1,,Cabecar,9_blanco,sadúù,sadúù,s a d ú/u ù/u,,Constenla2005,97,,^ s a d ú ù $,Cabecar,ch
Teribe-9_blanco-1,,Teribe,9_blanco,ɸɺùɾún,ɸɺùɾún,ɸ ɺ ù/u ɾ ú/u n,,Constenla2005,100,,^ ɸ ɺ ù ɾ ú n $,Teribe,c
Ngabere-9_blanco-1,,Ngabere,9_blanco,ŋweɲe,ŋweɲe,ŋ w e ɲ e,,Constenla2005,101,,^ ŋ w e ɲ e $,Ngabere,
Buglere-9_blanco-1,,Buglere,9_blanco,hutɾe,hutɾe,h u t ɾ e,,Constenla2005,102,,^ h u t ɾ e $,Buglere,
Dorasque-9_blanco-1,,Dorasque,9_blanco,bokkála,bokkála,b o k á/a l a,,Constenla2005,103,,^ b o kk á l a $,Dorasque,
SanBlasKuna-9_blanco-1,,SanBlasKuna,9_blanco,sippu,sippu,s i p u,,Constenla2005,104,,^ s i pp u $,SanBlasKuna,
Cogui-9_blanco-1,,Cogui,9_blanco,a'butʃi,a'butʃi,a 'b/b u tʃ i,,Constenla2005,105,,^ a 'b u tʃ i $,Cogui,
Arhuaco-9_blanco-1,,Arhuaco,9_blanco,'bunsi kawa,'bunsi kawa,'b/b u n s i + k a w a,,Constenla2005,100,,^ 'b u n s i + k a w a $,Arhuaco,c
Malayo-9_blanco-1,,Malayo,9_blanco,ambɨnʃi,ambɨnʃi,a m b ɨ n ʃ i,,Constenla2005,100,,^ a m b ɨ n ʃ i $,Malayo,c
Chimila-9_blanco-1,,Chimila,9_blanco,so:motu:,so:motu:,s oː m o t uː,,Constenla2005,106,,^ s o: m o t u: $,Chimila,
Chibcha-9_blanco-1,,Chibcha,9_blanco,pkɨhɨsio,pkɨhɨsio,p k ɨ h ɨ s i o,,Constenla2005,107,,^ p k ɨ h ɨ s i o $,Chibcha,
CentralTunebo-9_blanco-1,,CentralTunebo,9_blanco,kwa'sajɾo,kwa'sajɾo,k w 'a/a s a j ɾ o,,Constenla2005,108,,^ k w a' s a j ɾ o $,CentralTunebo,
Bari-9_blanco-1,,Bari,9_blanco,batti,batti,b a t i,,Constenla2005,109,,^ b a tt i $,Bari,
LencaSalvador-10_boca-1,,LencaSalvador,10_boca,ints'ats'a,ints'ats'a,i n ts 'a/a ts 'a/a,,Constenla2005,110,,^ i n ts 'a ts 'a $,LencaSalvador,a
LencaHonduras-10_boca-1,,LencaHonduras,10_boca,in,in,i n,,Constenla2005,110,,^ i n $,LencaHonduras,a
Cacaopera-10_boca-1,,Cacaopera,10_boca,tawa,tawa,t a w a,,Constenla2005,111,,^ t a w a $,Cacaopera,b
Mayangna-10_boca-1,,Mayangna,10_boca,tapas,tapas,t a p a s,,Constenla2005,111,,^ t a p a s $,Mayangna,b
Ulwa-10_boca-1,,Ulwa,10_boca,tapas,tapas,t a p a s,,Constenla2005,111,,^ t a p a s $,Ulwa,b
Miskito-10_boca-1,,Miskito,10_boca,bila,bila,b i l a,,Constenla2005,112,,^ b i l a $,Miskito,
Pech-10_boca-1,,Pech,10_boca,sà:pà,sà:pà,s àː/aː p à/a,,Constenla2005,111,,^ s à: p à $,Pech,b
Rama-10_boca-1,,Rama,10_boca,ka-ka:,ka-ka:,k a + k aː,,Constenla2005,113,,^ k a - k a: $,Rama,c
MalekuJaika-10_boca-1,,MalekuJaika,10_boca,koki:,koki:,k o k iː,,Constenla2005,113,,^ k o k i: $,MalekuJaika,c
Boruca-10_boca-1,,Boruca,10_boca,ká-sà,ká-sà,k á/a + s à/a,,Constenla2005,113,,^ k á - s à $,Boruca,c
Bribri-10_boca-1,,Bribri,10_boca,axkʊ́,axkʊ́,a x k ʊ́/ʊ,,Constenla2005,113,,^ a x k ʊ́ $,Bribri,c
Cabecar-10_boca-1,,Cabecar,10_boca,hkʊ́,hkʊ́,h k ʊ́/ʊ,,Constenla2005,113,,^ h k ʊ́ $,Cabecar,c
Teribe-10_boca-1,,Teribe,10_boca,kʰá-mo,kʰá-mo,kʰ á/a + m o,,Constenla2005,113,,^ kʰ á - m o $,Teribe,c
Ngabere-10_boca-1,,Ngabere,10_boca,ka-da,ka-da,k a + d a,,Constenla2005,113,,^ k a - d a $,Ngabere,c
Buglere-10_boca-1,,Buglere,10_boca,ka,ka,k a,,Constenla2005,113,,^ k a $,Buglere,c
Dorasque-10_boca-1,,Dorasque,10_boca,ka-ga,ka-ga,k a + g a,,Constenla2005,113,,^ k a - g a $,Dorasque,c
SanBlasKuna-10_boca-1,,SanBlasKuna,10_boca,ka-kka,ka-kka,k a + k a,,Constenla2005,113,,^ k a - kk a $,SanBlasKuna,c
Cogui-10_boca-1,,Cogui,10_boca,'ka-ka,'ka-ka,'k/k a + k a,,Constenla2005,113,,^ 'k a - k a $,Cogui,c
Arhuaco-10_boca-1,,Arhuaco,10_boca,kə-kka,kə-kka,k ə + k a,,Constenla2005,113,,^ k ə - kk a $,Arhuaco,c
Malayo-10_boca-1,,Malayo,10_boca,kə'-ka,kə'-ka,k 'ə/ə + k a,,Constenla2005,113,,^ k ə' - k a $,Malayo,c
Chimila-10_boca-1,,Chimila,10_boca,ka-kkwa,ka-kkwa,k a + k w a,,Constenla2005,113,,^ k a - kk w a $,Chimila,c
Chibcha-10_boca-1,,Chibcha,10_boca,kɨhɨka,kɨhɨka,k ɨ h ɨ k a,,Constenla2005,113,,^ k ɨ h ɨ k a $,Chibcha,c
CentralTunebo-10_boca-1,,CentralTunebo,10_boca,'kah-ka,'kah-ka,'k/k a h + k a,,Constenla2005,113,,^ 'k a h - k a $,CentralTunebo,c
Bari-10_boca-1,,Bari,10_boca,ka-ksiu:,ka-ksiu:,k a + k s i uː,,Constenla2005,113,,^ k a - k s i u: $,Bari,c
LencaSalvador-11_bosque-1,,LencaSalvador,11_bosque,kotaN,kotaN,k o t a n,,Constenla2005,114,,^ k o t a N $,LencaSalvador,a
LencaHonduras-11_bosque-1,,LencaHonduras,11_bosque,kotan,kotan,k o t a n,,Constenla2005,114,,^ k o t a n $,LencaHonduras,a
Cacaopera-11_bosque-1,,Cacaopera,11_bosque,jura,jura,j u r a,,Constenla2005,115,,^ j u r a $,Cacaopera,
Mayangna-11_bosque-1,,Mayangna,11_bosque,asaŋpas,asaŋpas,a s a ŋ p a s,,Constenla2005,116,,^ a s a ŋ p a s $,Mayangna,b
Ulwa-11_bosque-1,,Ulwa,11_bosque,asaŋpas,asaŋpas,a s a ŋ p a s,,Constenla2005,116,,^ a s a ŋ p a s $,Ulwa,b
Miskito-11_bosque-1,,Miskito,11_bosque,unta,unta,u n t a,,Constenla2005,117,,^ u n t a $,Miskito,
Pech-11_bosque-1,,Pech,11_bosque,wàhà,wàhà,w à/a h à/a,,Constenla2005,118,,^ w à h à $,Pech,
Rama-11_bosque-1,,Rama,11_bosque,sulaik,sulaik,s u l a i k,,Constenla2005,119,,^ s u l a i k $,Rama,
MalekuJaika-11_bosque-1,,MalekuJaika,11_bosque,tuɾu:,tuɾu:,t u ɾ uː,,Constenla2005,120,,^ t u ɾ u: $,MalekuJaika,
Boruca-11_bosque-1,,Boruca,11_bosque,dʒàbáʔtʃìk,dʒàbáʔtʃìk,dʒ à/a b á/a ʔ tʃ ì/i k,,Constenla2005,121,,^ dʒ à b á ʔ tʃ ì k $,Boruca,
Bribri-11_bosque-1,,Bribri,11_bosque,káɺdʒʊ̀k,káɺdʒʊ̀k,k á/a ɺ dʒ ʊ̀/ʊ k,,Constenla2005,122,,^ k á ɺ dʒ ʊ̀ k $,Bribri,c
Cabecar-11_bosque-1,,Cabecar,11_bosque,kàɺdʒakà,kàɺdʒakà,k à/a ɺ dʒ a k à/a,,Constenla2005,122,,^ k à ɺ dʒ a k à $,Cabecar,c
Teribe-11_bosque-1,,Teribe,11_bosque,ɸʊ́,ɸʊ́,ɸ ʊ́/ʊ,,Constenla2005,123,,^ ɸ ʊ́ $,Teribe,ch
Ngabere-11_bosque-1,,Ngabere,11_bosque,kɔtuguɔ,kɔtuguɔ,k ɔ t u g u ɔ,,Constenla2005,124,,^ k ɔ t u g u ɔ $,Ngabere,
Buglere-11_bosque-1,,Buglere,11_bosque,glínaŋa,glínaŋa,g l í/i n a ŋ a,,Constenla2005,125,,^ g l í n a ŋ a $,Buglere,
Dorasque-11_bosque-1,,Dorasque,11_bosque,kalkalgó,kalkalgó,k a l k a l g ó/o,,Constenla2005,126,,^ k a l k a l g ó $,Dorasque,d
SanBlasKuna-11_bosque-1,,SanBlasKuna,11_bosque,sappuɾu,sappuɾu,s a p u ɾ u,,Constenla2005,127,,^ s a pp u ɾ u $,SanBlasKuna,
Cogui-11_bosque-1,,Cogui,11_bosque,kal'kala,kal'kala,k a l 'k/k a l a,,Constenla2005,126,,^ k a l 'k a l a $,Cogui,d
Arhuaco-11_bosque-1,,Arhuaco,11_bosque,'kənkəni,'kənkəni,'k/k ə n k ə n i,,Constenla2005,126,,^ 'k ə n k ə n i $,Arhuaco,d
Malayo-11_bosque-1,,Malayo,11_bosque,kɨnkɨna,kɨnkɨna,k ɨ n k ɨ n a,,Constenla2005,126,,^ k ɨ n k ɨ n a $,Malayo,d
Chimila-11_bosque-1,,Chimila,11_bosque,ɾuhŋa,ɾuhŋa,ɾ u h ŋ a,,Constenla2005,128,,^ ɾ u h ŋ a $,Chimila,
Chibcha-11_bosque-1,,Chibcha,11_bosque,kɨe,kɨe,k ɨ e,,Constenla2005,129,,^ k ɨ e $,Chibcha,
CentralTunebo-11_bosque-1,,CentralTunebo,11_bosque,'bowaɾa,'bowaɾa,'b/b o w a ɾ a,,Constenla2005,123,,^ 'b o w a ɾ a $,CentralTunebo,ch
Bari-11_bosque-1,,Bari,11_bosque,kaikbé,kaikbé,k a i k b é/e,,Constenla2005,130,,^ k a i k b é $,Bari,
LencaSalvador-12_bueno-1,,LencaSalvador,12_bueno,ʃam,ʃam,ʃ a m,,Constenla2005,131,,^ ʃ a m $,LencaSalvador,a
LencaHonduras-12_bueno-1,,LencaHonduras,12_bueno,sa,sa,s a,,Constenla2005,131,,^ s a $,LencaHonduras,a
Cacaopera-12_bueno-1,,Cacaopera,12_bueno,kua,kua,k u a,,Constenla2005,132,,^ k u a $,Cacaopera,
Mayangna-12_bueno-1,,Mayangna,12_bueno,jamni,jamni,j a m n i,,Constenla2005,131,,^ j a m n i $,Mayangna,a
Ulwa-12_bueno-1,,Ulwa,12_bueno,jamka,jamka,j a m k a,,Constenla2005,131,,^ j a m k a $,Ulwa,a
Miskito-12_bueno-1,,Miskito,12_bueno,jamni,jamni,j a m n i,,Constenla2005,131,,^ j a m n i $,Miskito,a
Pech-12_bueno-1,,Pech,12_bueno,ã́jjã̀,ã́jjã̀,ã́/ã j ã̀/ã,,Constenla2005,133,,^ ã́ jj ã̀ $,Pech,b
Rama-12_bueno-1,,Rama,12_bueno,mali:ma,mali:ma,m a l iː m a,,Constenla2005,134,,^ m a l i: m a $,Rama,
MalekuJaika-12_bueno-1,,MalekuJaika,12_bueno,maɾa:la:ɸaɾiŋa:,maɾa:la:ɸaɾiŋa:,m a ɾ aː l aː ɸ a ɾ i ŋ aː,,Constenla2005,135,,^ m a ɾ a: l a: ɸ a ɾ i ŋ a: $,MalekuJaika,
Boruca-12_bueno-1,,Boruca,12_bueno,mòɾéŋ,mòɾéŋ,m ò/o ɾ é/e ŋ,,Constenla2005,136,,^ m ò ɾ é ŋ $,Boruca,
Bribri-12_bueno-1,,Bribri,12_bueno,buǎʔ,buǎʔ,b u ǎ/a ʔ,,Constenla2005,137,,^ b u ǎ ʔ $,Bribri,
Cabecar-12_bueno-1,,Cabecar,12_bueno,bʊ́ɪ,bʊ́ɪ,b ʊ́/ʊ ɪ,,Constenla2005,138,,^ b ʊ́ ɪ $,Cabecar,
Teribe-12_bueno-1,,Teribe,12_bueno,kʰóbe,kʰóbe,kʰ ó/o b e,,Constenla2005,139,,^ kʰ ó b e $,Teribe,
Ngabere-12_bueno-1,,Ngabere,12_bueno,kɔ̃ɪ̃,kɔ̃ɪ̃,k ɔ̃ ɪ̃,,Constenla2005,140,,^ k ɔ̃ ɪ̃ $,Ngabere,
Buglere-12_bueno-1,,Buglere,12_bueno,no,no,n o,,Constenla2005,141,,^ n o $,Buglere,c
Dorasque-12_bueno-1,,Dorasque,12_bueno,apé,apé,a p é/e,,Constenla2005,142,,^ a p é $,Dorasque,
SanBlasKuna-12_bueno-1,,SanBlasKuna,12_bueno,nu-eti,nu-eti,n u + e t i,,Constenla2005,141,,^ n u - e t i $,SanBlasKuna,c
Cogui-12_bueno-1,,Cogui,12_bueno,hantʃi'dʒe,hantʃi'dʒe,h a n tʃ i 'd/d ʒ e,,Constenla2005,143,,^ h a n tʃ i 'd ʒ e $,Cogui,
Arhuaco-12_bueno-1,,Arhuaco,12_bueno,du kawa,du kawa,d u + k a w a,,Constenla2005,144,,^ d u + k a w a $,Arhuaco,
Malayo-12_bueno-1,,Malayo,12_bueno,ʒi'koka,ʒi'koka,ʒ i 'k/k o k a,,Constenla2005,145,,^ ʒ i 'k o k a $,Malayo,
Chimila-12_bueno-1,,Chimila,12_bueno,be: ŋatte,be: ŋatte,b eː + ŋ a t e,,Constenla2005,146,,^ b e: + ŋ a tt e $,Chimila,
Chibcha-12_bueno-1,,Chibcha,12_bueno,tʲo,tʲo,tʲ o,,Constenla2005,147,,^ tʲ o $,Chibcha,
CentralTunebo-12_bueno-1,,CentralTunebo,12_bueno,'aj,'aj,'a/a j,,Constenla2005,133,,^ 'a j $,CentralTunebo,b
Bari-12_bueno-1,,Bari,12_bueno,sabãĩnĩ,sabãĩnĩ,s a b ã ĩ n ĩ,,Constenla2005,148,,^ s a b ã ĩ n ĩ $,Bari,
LencaSalvador-13_cabello-1,,LencaSalvador,13_cabello,alah,alah,a l a h,,Constenla2005,149,,^ a l a h $,LencaSalvador,a
LencaHonduras-13_cabello-1,,LencaHonduras,13_cabello,asa,asa,a s a,,Constenla2005,149,,^ a s a $,LencaHonduras,a
Cacaopera-13_cabello-1,,Cacaopera,13_cabello,kili,kili,k i l i,,Constenla2005,150,,^ k i l i $,Cacaopera,
Mayangna-13_cabello-1,,Mayangna,13_cabello,bas,bas,b a s,,Constenla2005,151,,^ b a s $,Mayangna,b
Ulwa-13_cabello-1,,Ulwa,13_cabello,bas,bas,b a s,,Constenla2005,151,,^ b a s $,Ulwa,b
Miskito-13_cabello-1,,Miskito,13_cabello,tãwa,tãwa,t ã w a,,Constenla2005,152,,^ t ã w a $,Miskito,
Pech-13_cabello-1,,Pech,13_cabello,ṹs,ṹs,ṹ/ũ s,,Constenla2005,153,,^ ṹ s $,Pech,
Rama-13_cabello-1,,Rama,13_cabello,uli:s,uli:s,u l iː s,,Constenla2005,154,,^ u l i: s $,Rama,
MalekuJaika-13_cabello-1,,MalekuJaika,13_cabello,i:ɬa,i:ɬa,iː ɬ a,,Constenla2005,155,,^ i: ɬ a $,MalekuJaika,
Boruca-13_cabello-1,,Boruca,13_cabello,ʃíxtkà,ʃíxtkà,ʃ í/i x t k à/a,,Constenla2005,156,,^ ʃ í x t k à $,Boruca,
Bribri-13_cabello-1,,Bribri,13_cabello,tsã́,tsã́,ts ã́/ã,,Constenla2005,157,,^ ts ã́ $,Bribri,c
Cabecar-13_cabello-1,,Cabecar,13_cabello,tsã́-kṹ kʊ,tsã́-kṹ kʊ,t s ã́/ã + k ṹ/ũ + k ʊ,,Constenla2005,158,,^ t s ã́ - k ṹ + k ʊ $,Cabecar,
Teribe-13_cabello-1,,Teribe,13_cabello,kóŋzò,kóŋzò,k ó/o ŋ z ò/o,,Constenla2005,157,,^ k ó ŋ z ò $,Teribe,c
Ngabere-13_cabello-1,,Ngabere,13_cabello,dokwɔdɾɯ,dokwɔdɾɯ,d o k w ɔ d ɾ ɯ,,Constenla2005,159,,^ d o k w ɔ d ɾ ɯ $,Ngabere,
Buglere-13_cabello-1,,Buglere,13_cabello,tʃugaga,tʃugaga,tʃ u g a g a,,Constenla2005,160,,^ tʃ u g a g a $,Buglere,
Dorasque-13_cabello-1,,Dorasque,13_cabello,ogá,ogá,o g á/a,,Constenla2005,161,,^ o g á $,Dorasque,
SanBlasKuna-13_cabello-1,,SanBlasKuna,13_cabello,sa-ila,sa-ila,s a + i l a,,Constenla2005,157,,^ s a - i l a $,SanBlasKuna,c
Cogui-13_cabello-1,,Cogui,13_cabello,'sã-ĩ,'sã-ĩ,'s/s ã + ĩ,,Constenla2005,157,,^ 's ã - ĩ $,Cogui,c
Arhuaco-13_cabello-1,,Arhuaco,13_cabello,'sa-gənɨ,'sa-gənɨ,'s/s a + g ə n ɨ,,Constenla2005,157,,^ 's a - g ə n ɨ $,Arhuaco,c
Malayo-13_cabello-1,,Malayo,13_cabello,ʃa,ʃa,ʃ a,,Constenla2005,157,,^ ʃ a $,Malayo,c
Chimila-13_cabello-1,,Chimila,13_cabello,'a,'a,'a/a,,Constenla2005,162,,^ 'a $,Chimila,
Chibcha-13_cabello-1,,Chibcha,13_cabello,tsɨe,tsɨe,ts ɨ e,,Constenla2005,157,,^ ts ɨ e $,Chibcha,c
CentralTunebo-13_cabello-1,,CentralTunebo,13_cabello,ana'ɾa,ana'ɾa,a n 'a/a ɾ a,,Constenla2005,163,,^ a n a' ɾ a $,CentralTunebo,
Bari-13_cabello-1,,Bari,13_cabello,kã:tũ,kã:tũ,k ãː t ũ,,Constenla2005,164,,^ k ã: t ũ $,Bari,
LencaSalvador-14_cabeza-1,,LencaSalvador,14_cabeza,oso,oso,o s o,,Constenla2005,165,,^ o s o $,LencaSalvador,
LencaHonduras-14_cabeza-1,,LencaHonduras,14_cabeza,tɾoh,tɾoh,t ɾ o h,,Constenla2005,166,,^ t ɾ o h $,LencaHonduras,a
Cacaopera-14_cabeza-1,,Cacaopera,14_cabeza,wara,wara,w a r a,,Constenla2005,167,,^ w a r a $,Cacaopera,
Mayangna-14_cabeza-1,,Mayangna,14_cabeza,tun,tun,t u n,,Constenla2005,166,,^ t u n $,Mayangna,a
Ulwa-14_cabeza-1,,Ulwa,14_cabeza,tun,tun,t u n,,Constenla2005,166,,^ t u n $,Ulwa,a
Miskito-14_cabeza-1,,Miskito,14_cabeza,lal,lal,l a l,,Constenla2005,168,,^ l a l $,Miskito,
Pech-14_cabeza-1,,Pech,14_cabeza,sã́,sã́,s ã́/ã,,Constenla2005,169,,^ s ã́ $,Pech,b
Rama-14_cabeza-1,,Rama,14_cabeza,ki:ŋ,ki:ŋ,k iː ŋ,,Constenla2005,170,,^ k i: ŋ $,Rama,
MalekuJaika-14_cabeza-1,,MalekuJaika,14_cabeza,tʃa:,tʃa:,tʃ aː,,Constenla2005,169,,^ tʃ a: $,MalekuJaika,b
Boruca-14_cabeza-1,,Boruca,14_cabeza,sà-gɾá,sà-gɾá,s à/a + g ɾ á/a,,Constenla2005,169,,^ s à - g ɾ á $,Boruca,b
Bribri-14_cabeza-1,,Bribri,14_cabeza,uʊ̂kìd,uʊ̂kìd,u ʊ̂/ʊ k ì/i d,,Constenla2005,171,,^ u ʊ̂ k ì d $,Bribri,
Cabecar-14_cabeza-1,,Cabecar,14_cabeza,tsã́-kṹ,tsã́-kṹ,t s ã́/ã + k ṹ/ũ,,Constenla2005,169,,^ t s ã́ - k ṹ $,Cabecar,b
Teribe-14_cabeza-1,,Teribe,14_cabeza,kógo,kógo,k ó/o g o,,Constenla2005,172,,^ k ó g o $,Teribe,
Ngabere-14_cabeza-1,,Ngabere,14_cabeza,dokwɔ,dokwɔ,d o k w ɔ,,Constenla2005,173,,^ d o k w ɔ $,Ngabere,c
Buglere-14_cabeza-1,,Buglere,14_cabeza,tʃuga,tʃuga,tʃ u g a,,Constenla2005,173,,^ tʃ u g a $,Buglere,c
Dorasque-14_cabeza-1,,Dorasque,14_cabeza,dukú,dukú,d u k ú/u,,Constenla2005,173,,^ d u k ú $,Dorasque,c
SanBlasKuna-14_cabeza-1,,SanBlasKuna,14_cabeza,nono,nono,n o n o,,Constenla2005,174,,^ n o n o $,SanBlasKuna,
Cogui-14_cabeza-1,,Cogui,14_cabeza,'sa-nkala,'sa-nkala,'s/s a + n k a l a,,Constenla2005,169,,^ 's a - n k a l a $,Cogui,b
Arhuaco-14_cabeza-1,,Arhuaco,14_cabeza,sa'-kuku,sa'-kuku,s 'a/a + k u k u,,Constenla2005,169,,^ s a' - k u k u $,Arhuaco,b
Malayo-14_cabeza-1,,Malayo,14_cabeza,ʃa'-munku,ʃa'-munku,ʃ 'a/a + m u n k u,,Constenla2005,169,,^ ʃ a' - m u n k u $,Malayo,b
Chimila-14_cabeza-1,,Chimila,14_cabeza,ha:kɾa,ha:kɾa,h aː k ɾ a,,Constenla2005,175,,^ h a: k ɾ a $,Chimila,
Chibcha-14_cabeza-1,,Chibcha,14_cabeza,tsɨskɨ,tsɨskɨ,ts ɨ s k ɨ,,Constenla2005,169,,^ ts ɨ s k ɨ $,Chibcha,b
CentralTunebo-14_cabeza-1,,CentralTunebo,14_cabeza,'kwisa,'kwisa,'k/k w i s a,,Constenla2005,176,,^ 'k w i s a $,CentralTunebo,
Bari-14_cabeza-1,,Bari,14_cabeza,sa:,sa:,s aː,,Constenla2005,169,,^ s a: $,Bari,b
LencaSalvador-15_caer-1,,LencaSalvador,15_caer,pit,pit,p i t,,Constenla2005,177,,^ p i t $,LencaSalvador,
LencaHonduras-15_caer-1,,LencaHonduras,15_caer,kaɾau,kaɾau,k a ɾ a u,,Constenla2005,178,,^ k a ɾ a u $,LencaHonduras,
Cacaopera-15_caer-1,,Cacaopera,15_caer,winwa'jam,winwa'jam,w i n w a 'j/j a m,,Constenla2005,179,,^ w i n w a 'j a m $,Cacaopera,
Mayangna-15_caer-1,,Mayangna,15_caer,buk,buk,b u k,,Constenla2005,180,,^ b u k $,Mayangna,
Ulwa-15_caer-1,,Ulwa,15_caer,wauhda,wauhda,w a u h d a,,Constenla2005,181,,^ w a u h d a $,Ulwa,
Miskito-15_caer-1,,Miskito,15_caer,kahw,kahw,k a h w,,Constenla2005,182,,^ k a h w $,Miskito,
Pech-15_caer-1,,Pech,15_caer,ã̀h,ã̀h,ã̀/ã h,,Constenla2005,183,,^ ã̀ h $,Pech,a
Rama-15_caer-1,,Rama,15_caer,kaiɾk,kaiɾk,k a i ɾ k,,Constenla2005,184,,^ k a i ɾ k $,Rama,
MalekuJaika-15_caer-1,,MalekuJaika,15_caer,mini:,mini:,m i n iː,,Constenla2005,185,,^ m i n i: $,MalekuJaika,
Boruca-15_caer-1,,Boruca,15_caer,trùʔ,trùʔ,t r ù/u ʔ,,Constenla2005,186,,^ t r ù ʔ $,Boruca,
Bribri-15_caer-1,,Bribri,15_caer,ã́d,ã́d,ã́/ã d,,Constenla2005,183,,^ ã́ d $,Bribri,a
Cabecar-15_caer-1,,Cabecar,15_caer,hã́d,hã́d,h ã́/ã d,,Constenla2005,183,,^ h ã́ d $,Cabecar,a
Teribe-15_caer-1,,Teribe,15_caer,bɪgɪ́,bɪgɪ́,b ɪ g ɪ́/ɪ,,Constenla2005,187,,^ b ɪ g ɪ́ $,Teribe,
Ngabere-15_caer-1,,Ngabere,15_caer,nɤtɤ,nɤtɤ,n ɤ t ɤ,,Constenla2005,188,,^ n ɤ t ɤ $,Ngabere,
Buglere-15_caer-1,,Buglere,15_caer,hãɪ̃́,hãɪ̃́,h ã ɪ̃́/ɪ̃,,Constenla2005,189,,^ h ã ɪ̃́ $,Buglere,
Dorasque-15_caer-1,,Dorasque,15_caer,dudiglá,dudiglá,d u d i g l á/a,,Constenla2005,190,,^ d u d i g l á $,Dorasque,
SanBlasKuna-15_caer-1,,SanBlasKuna,15_caer,aɾkwanne,aɾkwanne,a ɾ kʷ a n e,,Constenla2005,191,,^ a ɾ kw a nn e $,SanBlasKuna,
Cogui-15_caer-1,,Cogui,15_caer,'pen,'pen,'p/p e n,,Constenla2005,192,,^ 'p e n $,Cogui,
Arhuaco-15_caer-1,,Arhuaco,15_caer,'waʔn,'waʔn,'w/w a ʔ n,,Constenla2005,193,,^ 'w a ʔ n $,Arhuaco,
Malayo-15_caer-1,,Malayo,15_caer,ʃeʒ,ʃeʒ,ʃ e ʒ,,Constenla2005,194,,^ ʃ e ʒ $,Malayo,
Chimila-15_caer-1,,Chimila,15_caer,'kutti,'kutti,'k/k u t i,,Constenla2005,195,,^ 'k u tt i $,Chimila,
Chibcha-15_caer-1,,Chibcha,15_caer,ma,ma,m a,,Constenla2005,196,,^ m a $,Chibcha,
CentralTunebo-15_caer-1,,CentralTunebo,15_caer,tih'kan,tih'kan,t i h 'k/k a n,,Constenla2005,197,,^ t i h 'k a n $,CentralTunebo,
Bari-15_caer-1,,Bari,15_caer,sinakai,sinakai,s i n a k a i,,Constenla2005,198,,^ s i n a k a i $,Bari,
LencaSalvador-16_caliente-1,,LencaSalvador,16_caliente,aʃa,aʃa,a ʃ a,,Constenla2005,199,,^ a ʃ a $,LencaSalvador,a
LencaHonduras-16_caliente-1,,LencaHonduras,16_caliente,siwa,siwa,s i w a,,Constenla2005,200,,^ s i w a $,LencaHonduras,
Cacaopera-16_caliente-1,,Cacaopera,16_caliente,dindinka,dindinka,d i n d i n k a,,Constenla2005,201,,^ d i n d i n k a $,Cacaopera,
Mayangna-16_caliente-1,,Mayangna,16_caliente,dajni,dajni,d a j n i,,Constenla2005,202,,^ d a j n i $,Mayangna,b
Ulwa-16_caliente-1,,Ulwa,16_caliente,dajhka,dajhka,d a j h k a,,Constenla2005,202,,^ d a j h k a $,Ulwa,b
Miskito-16_caliente-1,,Miskito,16_caliente,lapta,lapta,l a p t a,,Constenla2005,203,,^ l a p t a $,Miskito,
Pech-16_caliente-1,,Pech,16_caliente,patàʔok,patàʔok,p a t à/a ʔ o k,,Constenla2005,204,,^ p a t à ʔ o k $,Pech,
Rama-16_caliente-1,,Rama,16_caliente,tuku:-ba,tuku:-ba,t u k uː + b a,,Constenla2005,205,,^ t u k u: - b a $,Rama,c
MalekuJaika-16_caliente-1,,MalekuJaika,16_caliente,toke:-ʝa,toke:-ʝa,t o k eː + ʝ a,,Constenla2005,205,,^ t o k e: - ʝ a $,MalekuJaika,c
Boruca-16_caliente-1,,Boruca,16_caliente,dʒìká,dʒìká,dʒ ì/i k á/a,,Constenla2005,206,,^ dʒ ì k á $,Boruca,ch
Bribri-16_caliente-1,,Bribri,16_caliente,bâbbǎ,bâbbǎ,b â/a b ǎ/a,,Constenla2005,207,,^ b â bb ǎ $,Bribri,
Cabecar-16_caliente-1,,Cabecar,16_caliente,buɪ́,buɪ́,b u ɪ́/ɪ,,Constenla2005,208,,^ b u ɪ́ $,Cabecar,
Teribe-16_caliente-1,,Teribe,16_caliente,kʰɺík,kʰɺík,kʰ ɺ í/i k,,Constenla2005,209,,^ kʰ ɺ í k $,Teribe,
Ngabere-16_caliente-1,,Ngabere,16_caliente,ŋiɾe,ŋiɾe,ŋ i ɾ e,,Constenla2005,206,,^ ŋ i ɾ e $,Ngabere,ch
Buglere-16_caliente-1,,Buglere,16_caliente,hute,hute,h u t e,,Constenla2005,210,,^ h u t e $,Buglere,
Dorasque-16_caliente-1,,Dorasque,16_caliente,ubi,ubi,u b i,,Constenla2005,211,,^ u b i $,Dorasque,
SanBlasKuna-16_caliente-1,,SanBlasKuna,16_caliente,ueti,ueti,u e t i,,Constenla2005,212,,^ u e t i $,SanBlasKuna,d
Cogui-16_caliente-1,,Cogui,16_caliente,'uanuakse,'uanuakse,'u/u a n u a k s e,,Constenla2005,213,,^ 'u a n u a k s e $,Cogui,
Arhuaco-16_caliente-1,,Arhuaco,16_caliente,'wiwi kawa,'wiwi kawa,'w/w i w i + k a w a,,Constenla2005,214,,^ 'w i w i + k a w a $,Arhuaco,
Malayo-16_caliente-1,,Malayo,16_caliente,wianʒɨnga,wianʒɨnga,w i a n ʒ ɨ n g a,,Constenla2005,212,,^ w i a n ʒ ɨ n g a $,Malayo,d
Chimila-16_caliente-1,,Chimila,16_caliente,we:,we:,w eː,,Constenla2005,212,,^ w e: $,Chimila,d
Chibcha-16_caliente-1,,Chibcha,16_caliente,tʲiptupkwa,tʲiptupkwa,tʲ i p t u p kʷ a,,Constenla2005,215,,^ tʲ i p t u p kw a $,Chibcha,
CentralTunebo-16_caliente-1,,CentralTunebo,16_caliente,kih'kitɾo,kih'kitɾo,k i h 'k/k i t ɾ o,,Constenla2005,216,,^ k i h 'k i t ɾ o $,CentralTunebo,
Bari-16_caliente-1,,Bari,16_caliente,asã́a,asã́a,a s ã́/ã a,,Constenla2005,199,,^ a s ã́ a $,Bari,a
LencaSalvador-17_caminar-1,,LencaSalvador,17_caminar,o,o,o,,Constenla2005,217,,^ o $,LencaSalvador,a
LencaHonduras-17_caminar-1,,LencaHonduras,17_caminar,u,u,u,,Constenla2005,217,,^ u $,LencaHonduras,a
Cacaopera-17_caminar-1,,Cacaopera,17_caminar,di-u,di-u,d i + u,,Constenla2005,218,,^ d i - u $,Cacaopera,b
Mayangna-17_caminar-1,,Mayangna,17_caminar,lapak,lapak,l a p a k,,Constenla2005,219,,^ l a p a k $,Mayangna,
Ulwa-17_caminar-1,,Ulwa,17_caminar,wa:tda,wa:tda,w aː t d a,,Constenla2005,220,,^ w a: t d a $,Ulwa,c
Miskito-17_caminar-1,,Miskito,17_caminar,wap,wap,w a p,,Constenla2005,220,,^ w a p $,Miskito,c
Pech-17_caminar-1,,Pech,17_caminar,té-ʃ,té-ʃ,t é/e + ʃ,,Constenla2005,218,,^ t é - ʃ $,Pech,b
Rama-17_caminar-1,,Rama,17_caminar,ta:-k,ta:-k,t aː + k,,Constenla2005,221,,^ t a: - k $,Rama,ch
MalekuJaika-17_caminar-1,,MalekuJaika,17_caminar,ɸa:ki,ɸa:ki,ɸ aː k i,,Constenla2005,222,,^ ɸ a: k i $,MalekuJaika,
Boruca-17_caminar-1,,Boruca,17_caminar,dè-k,dè-k,d è/e + k,,Constenla2005,218,,^ d è - k $,Boruca,b
Bribri-17_caminar-1,,Bribri,17_caminar,ʃka,ʃka,ʃ k a,,Constenla2005,223,,^ ʃ k a $,Bribri,d
Cabecar-17_caminar-1,,Cabecar,17_caminar,ʃkɪ,ʃkɪ,ʃ k ɪ,,Constenla2005,223,,^ ʃ k ɪ $,Cabecar,d
Teribe-17_caminar-1,,Teribe,17_caminar,hɪ́k,hɪ́k,h ɪ́/ɪ k,,Constenla2005,224,,^ h ɪ́ k $,Teribe,
Ngabere-17_caminar-1,,Ngabere,17_caminar,nɔ̃,nɔ̃,n ɔ̃,,Constenla2005,221,,^ n ɔ̃ $,Ngabere,ch
Buglere-17_caminar-1,,Buglere,17_caminar,tʃa-ge,tʃa-ge,tʃ a + g e,,Constenla2005,221,,^ tʃ a - g e $,Buglere,ch
Dorasque-17_caminar-1,,Dorasque,17_caminar,duɾi'ɾi:,duɾi'ɾi:,d u ɾ i 'ɾ/ɾ iː,,Constenla2005,225,,^ d u ɾ i 'ɾ i: $,Dorasque,
SanBlasKuna-17_caminar-1,,SanBlasKuna,17_caminar,nanae,nanae,n a n a e,,Constenla2005,221,,^ n a n a e $,SanBlasKuna,ch
Cogui-17_caminar-1,,Cogui,17_caminar,'nai,'nai,'n/n a i,,Constenla2005,218,,^ 'n a i $,Cogui,b
Arhuaco-17_caminar-1,,Arhuaco,17_caminar,'naʒ,'naʒ,'n/n a ʒ,,Constenla2005,218,,^ 'n a ʒ $,Arhuaco,b
Malayo-17_caminar-1,,Malayo,17_caminar,naj,naj,n a j,,Constenla2005,218,,^ n a j $,Malayo,b
Chimila-17_caminar-1,,Chimila,17_caminar,dʒuʔu,dʒuʔu,dʒ u ʔ u,,Constenla2005,226,,^ dʒ u ʔ u $,Chimila,
Chibcha-17_caminar-1,,Chibcha,17_caminar,nɨ-n,nɨ-n,n ɨ + n,,Constenla2005,221,,^ n ɨ - n $,Chibcha,ch
CentralTunebo-17_caminar-1,,CentralTunebo,17_caminar,'benɾo,'benɾo,'b/b e n ɾ o,,Constenla2005,227,,^ 'b e n ɾ o $,CentralTunebo,
Bari-17_caminar-1,,Bari,17_caminar,ta:kta:k,ta:kta:k,t aː k t aː k,,Constenla2005,228,,^ t a: k t a: k $,Bari,
LencaSalvador-18_camino-1,,LencaSalvador,18_camino,k'in,k'in,k 'i/i n,,Constenla2005,229,,^ k 'i n $,LencaSalvador,a
LencaHonduras-18_camino-1,,LencaHonduras,18_camino,kin,kin,k i n,,Constenla2005,229,,^ k i n $,LencaHonduras,a
Cacaopera-18_camino-1,,Cacaopera,18_camino,lap,lap,l a p,,Constenla2005,230,,^ l a p $,Cacaopera,
Mayangna-18_camino-1,,Mayangna,18_camino,ta:,ta:,t aː,,Constenla2005,231,,^ t a: $,Mayangna,b
Ulwa-18_camino-1,,Ulwa,18_camino,ta:,ta:,t aː,,Constenla2005,231,,^ t a: $,Ulwa,b
Miskito-18_camino-1,,Miskito,18_camino,jabal,jabal,j a b a l,,Constenla2005,232,,^ j a b a l $,Miskito,
Pech-18_camino-1,,Pech,18_camino,ta:h,ta:h,t aː h,,Constenla2005,231,,^ t a: h $,Pech,b
Rama-18_camino-1,,Rama,18_camino,ŋunŋun,ŋunŋun,ŋ u n ŋ u n,,Constenla2005,233,,^ ŋ u n ŋ u n $,Rama,
MalekuJaika-18_camino-1,,MalekuJaika,18_camino,ʝu:,ʝu:,ʝ uː,,Constenla2005,234,,^ ʝ u: $,MalekuJaika,
Boruca-18_camino-1,,Boruca,18_camino,néŋ,néŋ,n é/e ŋ,,Constenla2005,235,,^ n é ŋ $,Boruca,
Bribri-18_camino-1,,Bribri,18_camino,dʒaɺã́,dʒaɺã́,dʒ a ɺ ã́/ã,,Constenla2005,236,,^ dʒ a ɺ ã́ $,Bribri,c
Cabecar-18_camino-1,,Cabecar,18_camino,dʒaɺã̀,dʒaɺã̀,dʒ a ɺ ã̀/ã,,Constenla2005,236,,^ dʒ a ɺ ã̀ $,Cabecar,c
Teribe-18_camino-1,,Teribe,18_camino,i᷅-ɾbó-bòŋ,i᷅-ɾbó-bòŋ,i᷅/i + ɾ b ó/o + b ò/o ŋ,,Constenla2005,237,,^ i᷅ - ɾ b ó - b ò ŋ $,Teribe,ch
Ngabere-18_camino-1,,Ngabere,18_camino,hi,hi,h i,,Constenla2005,237,,^ h i $,Ngabere,ch
Buglere-18_camino-1,,Buglere,18_camino,ho,ho,h o,,Constenla2005,238,,^ h o $,Buglere,
Dorasque-18_camino-1,,Dorasque,18_camino,ʃi'ta,ʃi'ta,ʃ i 't/t a,,Constenla2005,239,,^ ʃ i 't a $,Dorasque,
SanBlasKuna-18_camino-1,,SanBlasKuna,18_camino,i-kala,i-kala,i + k a l a,,Constenla2005,237,,^ i - k a l a $,SanBlasKuna,ch
Cogui-18_camino-1,,Cogui,18_camino,'hi-ũgula,'hi-ũgula,'h/h i + ũ g u l a,,Constenla2005,237,,^ 'h i - ũ g u l a $,Cogui,ch
Arhuaco-18_camino-1,,Arhuaco,18_camino,'i-ngwənɨ,'i-ngwənɨ,'i/i + n gʷ ə n ɨ,,Constenla2005,237,,^ 'i - n gw ə n ɨ $,Arhuaco,ch
Malayo-18_camino-1,,Malayo,18_camino,i-nguna,i-nguna,i + n g u n a,,Constenla2005,237,,^ i - n g u n a $,Malayo,ch
Chimila-18_camino-1,,Chimila,18_camino,hi:,hi:,h iː,,Constenla2005,237,,^ h i: $,Chimila,ch
Chibcha-18_camino-1,,Chibcha,18_camino,ie,ie,i e,,Constenla2005,237,,^ i e $,Chibcha,ch
CentralTunebo-18_camino-1,,CentralTunebo,18_camino,'i-bita,'i-bita,'i/i + b i t a,,Constenla2005,237,,^ 'i - b i t a $,CentralTunebo,ch
Bari-18_camino-1,,Bari,18_camino,sikɨ,sikɨ,s i k ɨ,,Constenla2005,240,,^ s i k ɨ $,Bari,
LencaSalvador-19_cantar-1,,LencaSalvador,19_cantar,ihwa,ihwa,i h w a,,Constenla2005,241,,^ i h w a $,LencaSalvador,a
LencaHonduras-19_cantar-1,,LencaHonduras,19_cantar,ikwa,ikwa,i k w a,,Constenla2005,241,,^ i k w a $,LencaHonduras,a
Cacaopera-19_cantar-1,,Cacaopera,19_cantar,bu,bu,b u,,Constenla2005,242,,^ b u $,Cacaopera,
Mayangna-19_cantar-1,,Mayangna,19_cantar,umbau,umbau,u m b a u,,Constenla2005,243,,^ u m b a u $,Mayangna,b
Ulwa-19_cantar-1,,Ulwa,19_cantar,unbau,unbau,u n b a u,,Constenla2005,243,,^ u n b a u $,Ulwa,b
Miskito-19_cantar-1,,Miskito,19_cantar,ajwan,ajwan,a j w a n,,Constenla2005,244,,^ a j w a n $,Miskito,
Pech-19_cantar-1,,Pech,19_cantar,èjèʃ,èjèʃ,è/e j è/e ʃ,,Constenla2005,245,,^ è j è ʃ $,Pech,
Rama-19_cantar-1,,Rama,19_cantar,a:kis,a:kis,aː k i s,,Constenla2005,246,,^ a: k i s $,Rama,
MalekuJaika-19_cantar-1,,MalekuJaika,19_cantar,poɾe:te,poɾe:te,p o ɾ eː t e,,Constenla2005,247,,^ p o ɾ e: t e $,MalekuJaika,
Boruca-19_cantar-1,,Boruca,19_cantar,tàbádʒèŋ,tàbádʒèŋ,t à/a b á/a dʒ è/e ŋ,,Constenla2005,248,,^ t à b á dʒ è ŋ $,Boruca,
Bribri-19_cantar-1,,Bribri,19_cantar,stsɪ,stsɪ,s ts ɪ,,Constenla2005,249,,^ s ts ɪ $,Bribri,c
Cabecar-19_cantar-1,,Cabecar,19_cantar,ksɪ,ksɪ,k s ɪ,,Constenla2005,249,,^ k s ɪ $,Cabecar,c
Teribe-19_cantar-1,,Teribe,19_cantar,tɪ́,tɪ́,t ɪ́/ɪ,,Constenla2005,249,,^ t ɪ́ $,Teribe,c
Ngabere-19_cantar-1,,Ngabere,19_cantar,ka,ka,k a,,Constenla2005,250,,^ k a $,Ngabere,d
Buglere-19_cantar-1,,Buglere,19_cantar,mo gate,mo gate,m o + g a t e,,Constenla2005,251,,^ m o + g a t e $,Buglere,
Dorasque-19_cantar-1,,Dorasque,19_cantar,kayi,kayi,k a j i,,Constenla2005,250,,^ k a y i $,Dorasque,d
SanBlasKuna-19_cantar-1,,SanBlasKuna,19_cantar,na-makke,na-makke,n a + m a k e,,Constenla2005,252,,^ n a - m a kk e $,SanBlasKuna,ch
Cogui-19_cantar-1,,Cogui,19_cantar,'mai,'mai,'m/m a i,,Constenla2005,253,,^ 'm a i $,Cogui,e
Arhuaco-19_cantar-1,,Arhuaco,19_cantar,za'maʒ,za'maʒ,z 'a/a m a ʒ,,Constenla2005,253,,^ z a' m a ʒ $,Arhuaco,e
Malayo-19_cantar-1,,Malayo,19_cantar,ʒamai,ʒamai,ʒ a m a i,,Constenla2005,253,,^ ʒ a m a i $,Malayo,e
Chimila-19_cantar-1,,Chimila,19_cantar,kitta,kitta,k i t a,,Constenla2005,254,,^ k i tt a $,Chimila,
Chibcha-19_cantar-1,,Chibcha,19_cantar,tɨ,tɨ,t ɨ,,Constenla2005,252,,^ t ɨ $,Chibcha,ch
CentralTunebo-19_cantar-1,,CentralTunebo,19_cantar,'ta,'ta,'t/t a,,Constenla2005,252,,^ 't a $,CentralTunebo,ch
Bari-19_cantar-1,,Bari,19_cantar,tiba:,tiba:,t i b aː,,Constenla2005,255,,^ t i b a: $,Bari,
LencaSalvador-20_carne-1,,LencaSalvador,20_carne,waʃa,waʃa,w a ʃ a,,Constenla2005,256,,^ w a ʃ a $,LencaSalvador,a
LencaHonduras-20_carne-1,,LencaHonduras,20_carne,rak,rak,r a k,,Constenla2005,257,,^ r a k $,LencaHonduras,
Cacaopera-20_carne-1,,Cacaopera,20_carne,nakat,nakat,n a k a t,,Constenla2005,258,,^ n a k a t $,Cacaopera,
Mayangna-20_carne-1,,Mayangna,20_carne,di muihni,di muihni,d i + m u i h n i,,Constenla2005,259,,^ d i + m u i h n i $,Mayangna,
Ulwa-20_carne-1,,Ulwa,20_carne,di muihka,di muihka,d i + m u i h k a,,Constenla2005,260,,^ d i + m u i h k a $,Ulwa,
Miskito-20_carne-1,,Miskito,20_carne,wina,wina,w i n a,,Constenla2005,256,,^ w i n a $,Miskito,a
Pech-20_carne-1,,Pech,20_carne,jùku,jùku,j ù/u k u,,Constenla2005,261,,^ j ù k u $,Pech,
Rama-20_carne-1,,Rama,20_carne,kas,kas,k a s,,Constenla2005,262,,^ k a s $,Rama,
MalekuJaika-20_carne-1,,MalekuJaika,20_carne,ɬiki:,ɬiki:,ɬ i k iː,,Constenla2005,263,,^ ɬ i k i: $,MalekuJaika,c
Boruca-20_carne-1,,Boruca,20_carne,ùɾáŋ,ùɾáŋ,ù/u ɾ á/a ŋ,,Constenla2005,264,,^ ù ɾ á ŋ $,Boruca,ch
Bribri-20_carne-1,,Bribri,20_carne,tʃká,tʃká,tʃ k á/a,,Constenla2005,265,,^ tʃ k á $,Bribri,d
Cabecar-20_carne-1,,Cabecar,20_carne,dʒaka,dʒaka,dʒ a k a,,Constenla2005,265,,^ dʒ a k a $,Cabecar,d
Teribe-20_carne-1,,Teribe,20_carne,ʃò,ʃò,ʃ ò/o,,Constenla2005,266,,^ ʃ ò $,Teribe,e
Ngabere-20_carne-1,,Ngabere,20_carne,ŋɔtɔ,ŋɔtɔ,ŋ ɔ t ɔ,,Constenla2005,267,,^ ŋ ɔ t ɔ $,Ngabere,f
Buglere-20_carne-1,,Buglere,20_carne,udá,udá,u d á/a,,Constenla2005,264,,^ u d á $,Buglere,ch
Dorasque-20_carne-1,,Dorasque,20_carne,síá,síá,s í/i á/a,,Constenla2005,266,,^ s í á $,Dorasque,e
SanBlasKuna-20_carne-1,,SanBlasKuna,20_carne,sana,sana,s a n a,,Constenla2005,267,,^ s a n a $,SanBlasKuna,f
Cogui-20_carne-1,,Cogui,20_carne,'gata,'gata,'g/g a t a,,Constenla2005,267,,^ 'g a t a $,Cogui,f
Arhuaco-20_carne-1,,Arhuaco,20_carne,'gətʃɨ,'gətʃɨ,'g/g ə tʃ ɨ,,Constenla2005,267,,^ 'g ə tʃ ɨ $,Arhuaco,f
Malayo-20_carne-1,,Malayo,20_carne,gɨ'ta,gɨ'ta,g ɨ 't/t a,,Constenla2005,267,,^ g ɨ 't a $,Malayo,f
Chimila-20_carne-1,,Chimila,20_carne,eŋŋatta,eŋŋatta,e ŋ a t a,,Constenla2005,267,,^ e ŋŋ a tt a $,Chimila,f
Chibcha-20_carne-1,,Chibcha,20_carne,tʲihika,tʲihika,tʲ i h i k a,,Constenla2005,263,,^ tʲ i h i k a $,Chibcha,c
CentralTunebo-20_carne-1,,CentralTunebo,20_carne,'ɾuwa,'ɾuwa,'ɾ/ɾ u w a,,Constenla2005,268,,^ 'ɾ u w a $,CentralTunebo,
Bari-20_carne-1,,Bari,20_carne,aidi.,aidi.,a i d i,,Constenla2005,269,,^ a i d i . $,Bari,
LencaSalvador-21_ceniza-1,,LencaSalvador,21_ceniza,pilil,pilil,p i l i l,,Constenla2005,270,,^ p i l i l $,LencaSalvador,a
LencaHonduras-21_ceniza-1,,LencaHonduras,21_ceniza,pokko,pokko,p o k o,,Constenla2005,271,,^ p o kk o $,LencaHonduras,
Cacaopera-21_ceniza-1,,Cacaopera,21_ceniza,wabu,wabu,w a b u,,Constenla2005,272,,^ w a b u $,Cacaopera,b
Mayangna-21_ceniza-1,,Mayangna,21_ceniza,wan,wan,w a n,,Constenla2005,272,,^ w a n $,Mayangna,b
Ulwa-21_ceniza-1,,Ulwa,21_ceniza,kauh,kauh,k a u h,,Constenla2005,273,,^ k a u h $,Ulwa,
Miskito-21_ceniza-1,,Miskito,21_ceniza,jamhpus,jamhpus,j a m h p u s,,Constenla2005,274,,^ j a m h p u s $,Miskito,
Pech-21_ceniza-1,,Pech,21_ceniza,tokó,tokó,t o k ó/o,,Constenla2005,275,,^ t o k ó $,Pech,
Rama-21_ceniza-1,,Rama,21_ceniza,pluŋ,pluŋ,p l u ŋ,,Constenla2005,270,,^ p l u ŋ $,Rama,a
MalekuJaika-21_ceniza-1,,MalekuJaika,21_ceniza,puɾu:,puɾu:,p u ɾ uː,,Constenla2005,270,,^ p u ɾ u: $,MalekuJaika,a
Boruca-21_ceniza-1,,Boruca,21_ceniza,bɾùŋ,bɾùŋ,b ɾ ù/u ŋ,,Constenla2005,270,,^ b ɾ ù ŋ $,Boruca,a
Bribri-21_ceniza-1,,Bribri,21_ceniza,buɺṹ,buɺṹ,b u ɺ ṹ/ũ,,Constenla2005,270,,^ b u ɺ ṹ $,Bribri,a
Cabecar-21_ceniza-1,,Cabecar,21_ceniza,buɺi᷅tú,buɺi᷅tú,b u ɺ i᷅/i t ú/u,,Constenla2005,270,,^ b u ɺ i᷅ t ú $,Cabecar,a
Teribe-21_ceniza-1,,Teribe,21_ceniza,ɸɺúŋ,ɸɺúŋ,ɸ ɺ ú/u ŋ,,Constenla2005,270,,^ ɸ ɺ ú ŋ $,Teribe,a
Ngabere-21_ceniza-1,,Ngabere,21_ceniza,ŋɯbɾɯ,ŋɯbɾɯ,ŋ ɯ b ɾ ɯ,,Constenla2005,270,,^ ŋ ɯ b ɾ ɯ $,Ngabere,a
Buglere-21_ceniza-1,,Buglere,21_ceniza,mnu,mnu,m n u,,Constenla2005,270,,^ m n u $,Buglere,a
Dorasque-21_ceniza-1,,Dorasque,21_ceniza,bulku,bulku,b u l k u,,Constenla2005,270,,^ b u l k u $,Dorasque,a
SanBlasKuna-21_ceniza-1,,SanBlasKuna,21_ceniza,puɾu,puɾu,p u ɾ u,,Constenla2005,270,,^ p u ɾ u $,SanBlasKuna,a
Cogui-21_ceniza-1,,Cogui,21_ceniza,'muli,'muli,'m/m u l i,,Constenla2005,270,,^ 'm u l i $,Cogui,a
Arhuaco-21_ceniza-1,,Arhuaco,21_ceniza,'bunzəga,'bunzəga,'b/b u n z ə g a,,Constenla2005,270,,^ 'b u n z ə g a $,Arhuaco,a
Malayo-21_ceniza-1,,Malayo,21_ceniza,bɨn,bɨn,b ɨ n,,Constenla2005,270,,^ b ɨ n $,Malayo,a
Chimila-21_ceniza-1,,Chimila,21_ceniza,'buhŋaʔ,'buhŋaʔ,'b/b u h ŋ a ʔ,,Constenla2005,270,,^ 'b u h ŋ a ʔ $,Chimila,a
Chibcha-21_ceniza-1,,Chibcha,21_ceniza,βuskɨ,βuskɨ,β u s k ɨ,,Constenla2005,270,,^ β u s k ɨ $,Chibcha,a
CentralTunebo-21_ceniza-1,,CentralTunebo,21_ceniza,'buɾa,'buɾa,'b/b u ɾ a,,Constenla2005,270,,^ 'b u ɾ a $,CentralTunebo,a
Bari-21_ceniza-1,,Bari,21_ceniza,ibũdɪ̃,ibũdɪ̃,i b ũ d ɪ̃,,Constenla2005,270,,^ i b ũ d ɪ̃ $,Bari,a
LencaSalvador-22_cinco-1,,LencaSalvador,22_cinco,ts'aj,ts'aj,ts 'a/a j,,Constenla2005,276,,^ ts 'a j $,LencaSalvador,a
LencaHonduras-22_cinco-1,,LencaHonduras,22_cinco,saj,saj,s a j,,Constenla2005,276,,^ s a j $,LencaHonduras,a
Cacaopera-22_cinco-1,,Cacaopera,22_cinco,dukan panaka,dukan panaka,d u k a n + p a n a k a,,Constenla2005,277,,^ d u k a n + p a n a k a $,Cacaopera,
Mayangna-22_cinco-1,,Mayangna,22_cinco,sinka,sinka,s i n k a,,Constenla2005,278,,^ s i n k a $,Mayangna,b
Ulwa-22_cinco-1,,Ulwa,22_cinco,sinka,sinka,s i n k a,,Constenla2005,278,,^ s i n k a $,Ulwa,b
Miskito-22_cinco-1,,Miskito,22_cinco,matsip,matsip,m a t s i p,,Constenla2005,279,,^ m a t s i p $,Miskito,
Pech-22_cinco-1,,Pech,22_cinco,ṍki,ṍki,ṍ/õ k i,,Constenla2005,280,,^ ṍ k i $,Pech,
Rama-22_cinco-1,,Rama,22_cinco,kwikistaɾ,kwikistaɾ,k w i k i s t a ɾ,,Constenla2005,281,,^ k w i k i s t a ɾ $,Rama,
MalekuJaika-22_cinco-1,,MalekuJaika,22_cinco,otiŋ,otiŋ,o t i ŋ,,Constenla2005,282,,^ o t i ŋ $,MalekuJaika,c
Boruca-22_cinco-1,,Boruca,22_cinco,ʃìskáŋ,ʃìskáŋ,ʃ ì/i s k á/a ŋ,,Constenla2005,283,,^ ʃ ì s k á ŋ $,Boruca,ch
Bribri-22_cinco-1,,Bribri,22_cinco,skẽ,skẽ,s k ẽ,,Constenla2005,283,,^ s k ẽ $,Bribri,ch
Cabecar-22_cinco-1,,Cabecar,22_cinco,skẽ,skẽ,s k ẽ,,Constenla2005,283,,^ s k ẽ $,Cabecar,ch
Teribe-22_cinco-1,,Teribe,22_cinco,ʃkíŋ,ʃkíŋ,ʃ k í/i ŋ,,Constenla2005,283,,^ ʃ k í ŋ $,Teribe,ch
Ngabere-22_cinco-1,,Ngabere,22_cinco,ɾike,ɾike,ɾ i k e,,Constenla2005,283,,^ ɾ i k e $,Ngabere,ch
Buglere-22_cinco-1,,Buglere,22_cinco,tiga,tiga,t i g a,,Constenla2005,283,,^ t i g a $,Buglere,ch
Dorasque-22_cinco-1,,Dorasque,22_cinco,male,male,m a l e,,Constenla2005,284,,^ m a l e $,Dorasque,
SanBlasKuna-22_cinco-1,,SanBlasKuna,22_cinco,attale,attale,a t a l e,,Constenla2005,285,,^ a tt a l e $,SanBlasKuna,
Cogui-22_cinco-1,,Cogui,22_cinco,ha'tʃigua,ha'tʃigua,h a 't/t ʃ i g u a,,Constenla2005,282,,^ h a 't ʃ i g u a $,Cogui,c
Arhuaco-22_cinco-1,,Arhuaco,22_cinco,a'sewa,a'sewa,'a/a s e w a,,Constenla2005,282,,^ a' s e w a $,Arhuaco,c
Malayo-22_cinco-1,,Malayo,22_cinco,əhtʃigua,əhtʃigua,ə h tʃ i g u a,,Constenla2005,282,,^ ə h tʃ i g u a $,Malayo,c
Chimila-22_cinco-1,,Chimila,22_cinco,dʒe:mekenta,dʒe:mekenta,dʒ eː m e k e n t a,,Constenla2005,286,,^ dʒ e: m e k e n t a $,Chimila,
Chibcha-22_cinco-1,,Chibcha,22_cinco,hɨtska,hɨtska,h ɨ ts k a,,Constenla2005,282,,^ h ɨ ts k a $,Chibcha,c
CentralTunebo-22_cinco-1,,CentralTunebo,22_cinco,e'sia,e'sia,e 's/s i a,,Constenla2005,282,,^ e 's i a $,CentralTunebo,c
Bari-22_cinco-1,,Bari,22_cinco,koba,koba,k o b a,,Constenla2005,287,,^ k o b a $,Bari,
LencaSalvador-23_cola-1,,LencaSalvador,23_cola,ts'oh,ts'oh,ts 'o/o h,,Constenla2005,288,,^ ts 'o h $,LencaSalvador,
LencaHonduras-23_cola-1,,LencaHonduras,23_cola,wan,wan,w a n,,Constenla2005,289,,^ w a n $,LencaHonduras,a
Cacaopera-23_cola-1,,Cacaopera,23_cola,kuna,kuna,k u n a,,Constenla2005,290,,^ k u n a $,Cacaopera,
Mayangna-23_cola-1,,Mayangna,23_cola,mamah,mamah,m a m a h,,Constenla2005,291,,^ m a m a h $,Mayangna,
Ulwa-23_cola-1,,Ulwa,23_cola,umah,umah,u m a h,,Constenla2005,292,,^ u m a h $,Ulwa,
Miskito-23_cola-1,,Miskito,23_cola,wajka,wajka,w a j k a,,Constenla2005,289,,^ w a j k a $,Miskito,a
Pech-23_cola-1,,Pech,23_cola,pàɾ,pàɾ,p à/a ɾ,,Constenla2005,293,,^ p à ɾ $,Pech,b
Rama-23_cola-1,,Rama,23_cola,tuk,tuk,t u k,,Constenla2005,294,,^ t u k $,Rama,c
MalekuJaika-23_cola-1,,MalekuJaika,23_cola,tuki:,tuki:,t u k iː,,Constenla2005,294,,^ t u k i: $,MalekuJaika,c
Boruca-23_cola-1,,Boruca,23_cola,kuàntsá,kuàntsá,k u à/a n ts á/a,,Constenla2005,295,,^ k u à n ts á $,Boruca,
Bribri-23_cola-1,,Bribri,23_cola,baɺḗk,baɺḗk,b a ɺ ẽ́/ẽ k,,Constenla2005,293,,^ b a ɺ ḗ k $,Bribri,b
Cabecar-23_cola-1,,Cabecar,23_cola,baɺḗk,baɺḗk,b a ɺ ẽ́/ẽ k,,Constenla2005,293,,^ b a ɺ ḗ k $,Cabecar,b
Teribe-23_cola-1,,Teribe,23_cola,ɸɺàk,ɸɺàk,ɸ ɺ à/a k,,Constenla2005,293,,^ ɸ ɺ à k $,Teribe,b
Ngabere-23_cola-1,,Ngabere,23_cola,kɯbaɾa,kɯbaɾa,k ɯ b a ɾ a,,Constenla2005,293,,^ k ɯ b a ɾ a $,Ngabere,b
Buglere-23_cola-1,,Buglere,23_cola,skugda,skugda,s k u g d a,,Constenla2005,296,,^ s k u g d a $,Buglere,
Dorasque-23_cola-1,,Dorasque,23_cola,dug,dug,d u g,,Constenla2005,294,,^ d u g $,Dorasque,c
SanBlasKuna-23_cola-1,,SanBlasKuna,23_cola,punnu,punnu,p u n u,,Constenla2005,297,,^ p u nn u $,SanBlasKuna,ch
Cogui-23_cola-1,,Cogui,23_cola,'nugi,'nugi,'n/n u g i,,Constenla2005,294,,^ 'n u g i $,Cogui,c
Arhuaco-23_cola-1,,Arhuaco,23_cola,'dʒoʔo,'dʒoʔo,'d/d ʒ o ʔ o,,Constenla2005,294,,^ 'd ʒ o ʔ o $,Arhuaco,c
Malayo-23_cola-1,,Malayo,23_cola,duʃkɨna,duʃkɨna,d u ʃ k ɨ n a,,Constenla2005,294,,^ d u ʃ k ɨ n a $,Malayo,c
Chimila-23_cola-1,,Chimila,23_cola,bukɾa,bukɾa,b u k ɾ a,,Constenla2005,297,,^ b u k ɾ a $,Chimila,ch
Chibcha-23_cola-1,,Chibcha,23_cola,suhuka,suhuka,s u h u k a,,Constenla2005,294,,^ s u h u k a $,Chibcha,c
CentralTunebo-23_cola-1,,CentralTunebo,23_cola,ɾusta'ɾa,ɾusta'ɾa,ɾ u s t 'a/a ɾ a,,Constenla2005,294,,^ ɾ u s t a' ɾ a $,CentralTunebo,c
Bari-23_cola-1,,Bari,23_cola,anikku,anikku,a n i k u,,Constenla2005,298,,^ a n i kk u $,Bari,
LencaSalvador-24_comer-1,,LencaSalvador,24_comer,rom,rom,r o m,,Constenla2005,299,,^ r o m $,LencaSalvador,
LencaHonduras-24_comer-1,,LencaHonduras,24_comer,koɾ,koɾ,k o ɾ,,Constenla2005,300,,^ k o ɾ $,LencaHonduras,a
Cacaopera-24_comer-1,,Cacaopera,24_comer,duri,duri,d u r i,,Constenla2005,301,,^ d u r i $,Cacaopera,
Mayangna-24_comer-1,,Mayangna,24_comer,kas,kas,k a s,,Constenla2005,300,,^ k a s $,Mayangna,a
Ulwa-24_comer-1,,Ulwa,24_comer,kas,kas,k a s,,Constenla2005,300,,^ k a s $,Ulwa,a
Miskito-24_comer-1,,Miskito,24_comer,pi,pi,p i,,Constenla2005,302,,^ p i $,Miskito,
Pech-24_comer-1,,Pech,24_comer,ã̀ʔ,ã̀ʔ,ã̀/ã ʔ,,Constenla2005,303,,^ ã̀ ʔ $,Pech,
Rama-24_comer-1,,Rama,24_comer,altuŋwa,altuŋwa,a l t u ŋ w a,,Constenla2005,304,,^ a l t u ŋ w a $,Rama,b
MalekuJaika-24_comer-1,,MalekuJaika,24_comer,laki:,laki:,l a k iː,,Constenla2005,305,,^ l a k i: $,MalekuJaika,
Boruca-24_comer-1,,Boruca,24_comer,túʔ,túʔ,t ú/u ʔ,,Constenla2005,304,,^ t ú ʔ $,Boruca,b
Bribri-24_comer-1,,Bribri,24_comer,tʃka,tʃka,tʃ k a,,Constenla2005,306,,^ tʃ k a $,Bribri,c
Cabecar-24_comer-1,,Cabecar,24_comer,dʒakɪ,dʒakɪ,dʒ a k ɪ,,Constenla2005,306,,^ dʒ a k ɪ $,Cabecar,c
Teribe-24_comer-1,,Teribe,24_comer,ií,ií,i í/i,,Constenla2005,307,,^ i í $,Teribe,
Ngabere-24_comer-1,,Ngabere,24_comer,mɾɣɾe,mɾɣɾe,m ɾ ɤ ɾ e,,Constenla2005,308,,^ m ɾ ɣ ɾ e $,Ngabere,ch
Buglere-24_comer-1,,Buglere,24_comer,bliɾe,bliɾe,b l i ɾ e,,Constenla2005,308,,^ b l i ɾ e $,Buglere,ch
Dorasque-24_comer-1,,Dorasque,24_comer,kut,kut,k u t,,Constenla2005,309,,^ k u t $,Dorasque,d
SanBlasKuna-24_comer-1,,SanBlasKuna,24_comer,kunne,kunne,k u n e,,Constenla2005,309,,^ k u nn e $,SanBlasKuna,d
Cogui-24_comer-1,,Cogui,24_comer,'za,'za,'z/z a,,Constenla2005,310,,^ 'z a $,Cogui,e
Arhuaco-24_comer-1,,Arhuaco,24_comer,'z,'z,'z/z,,Constenla2005,310,,^ 'z $,Arhuaco,e
Malayo-24_comer-1,,Malayo,24_comer,ʒa,ʒa,ʒ a,,Constenla2005,310,,^ ʒ a $,Malayo,e
Chimila-24_comer-1,,Chimila,24_comer,'kenne,'kenne,'k/k e n e,,Constenla2005,311,,^ 'k e nn e $,Chimila,
Chibcha-24_comer-1,,Chibcha,24_comer,so,so,s o,,Constenla2005,312,,^ s o $,Chibcha,
CentralTunebo-24_comer-1,,CentralTunebo,24_comer,ja'jin,ja'jin,j 'a/a j i n,,Constenla2005,313,,^ j a' j i n $,CentralTunebo,
Bari-24_comer-1,,Bari,24_comer,dà,dà,d à/a,,Constenla2005,314,,^ d à $,Bari,
LencaSalvador-25_con-1,,LencaSalvador,25_con,teN,teN,t e n,,Constenla2005,315,,^ t e N $,LencaSalvador,a
LencaHonduras-25_con-1,,LencaHonduras,25_con,man,man,m a n,,Constenla2005,316,,^ m a n $,LencaHonduras,b
Cacaopera-25_con-1,,Cacaopera,25_con,tiwa,tiwa,t i w a,,Constenla2005,315,,^ t i w a $,Cacaopera,a
Mayangna-25_con-1,,Mayangna,25_con,karak,karak,k a r a k,,Constenla2005,317,,^ k a r a k $,Mayangna,c
Ulwa-25_con-1,,Ulwa,25_con,karak,karak,k a r a k,,Constenla2005,317,,^ k a r a k $,Ulwa,c
Miskito-25_con-1,,Miskito,25_con,wal,wal,w a l,,Constenla2005,318,,^ w a l $,Miskito,
Pech-25_con-1,,Pech,25_con,jó,jó,j ó/o,,Constenla2005,319,,^ j ó $,Pech,ch
Rama-25_con-1,,Rama,25_con,u,u,u,,Constenla2005,319,,^ u $,Rama,ch
MalekuJaika-25_con-1,,MalekuJaika,25_con,ʝu,ʝu,ʝ u,,Constenla2005,319,,^ ʝ u $,MalekuJaika,ch
Boruca-25_con-1,,Boruca,25_con,màŋ,màŋ,m à/a ŋ,,Constenla2005,316,,^ m à ŋ $,Boruca,b
Bribri-25_con-1,,Bribri,25_con,tã̀,tã̀,t ã̀/ã,,Constenla2005,320,,^ t ã̀ $,Bribri,d
Cabecar-25_con-1,,Cabecar,25_con,dà,dà,d à/a,,Constenla2005,321,,^ d à $,Cabecar,e
Teribe-25_con-1,,Teribe,25_con,tʰó,tʰó,tʰ ó/o,,Constenla2005,320,,^ tʰ ó $,Teribe,d
Ngabere-25_con-1,,Ngabere,25_con,be,be,b e,,Constenla2005,316,,^ b e $,Ngabere,b
Buglere-25_con-1,,Buglere,25_con,ole,ole,o l e,,Constenla2005,322,,^ o l e $,Buglere,
Dorasque-25_con-1,,Dorasque,25_con,ba,ba,b a,,Constenla2005,316,,^ b a $,Dorasque,b
SanBlasKuna-25_con-1,,SanBlasKuna,25_con,pa,pa,p a,,Constenla2005,316,,^ p a $,SanBlasKuna,b
Cogui-25_con-1,,Cogui,25_con,na,na,n a,,Constenla2005,321,,^ n a $,Cogui,e
Arhuaco-25_con-1,,Arhuaco,25_con,sin,sin,s i n,,Constenla2005,323,,^ s i n $,Arhuaco,
Malayo-25_con-1,,Malayo,25_con,nɨn,nɨn,n ɨ n,,Constenla2005,321,,^ n ɨ n $,Malayo,e
Chimila-25_con-1,,Chimila,25_con,ah,ah,a h,,Constenla2005,324,,^ a h $,Chimila,f
Chibcha-25_con-1,,Chibcha,25_con,βohotsa,βohotsa,β o h o ts a,,Constenla2005,325,,^ β o h o ts a $,Chibcha,
CentralTunebo-25_con-1,,CentralTunebo,25_con,ʃor,ʃor,ʃ o r,,Constenla2005,326,,^ ʃ o r $,CentralTunebo,
Bari-25_con-1,,Bari,25_con,ãhã,ãhã,ã h ã,,Constenla2005,324,,^ ã h ã $,Bari,f
LencaSalvador-26_cortar-1,,LencaSalvador,26_cortar,t'ih,t'ih,t 'i/i h,,Constenla2005,327,,^ t 'i h $,LencaSalvador,a
LencaHonduras-26_cortar-1,,LencaHonduras,26_cortar,taj,taj,t a j,,Constenla2005,327,,^ t a j $,LencaHonduras,a
Cacaopera-26_cortar-1,,Cacaopera,26_cortar,kat,kat,k a t,,Constenla2005,328,,^ k a t $,Cacaopera,
Mayangna-26_cortar-1,,Mayangna,26_cortar,dak,dak,d a k,,Constenla2005,327,,^ d a k $,Mayangna,a
Ulwa-26_cortar-1,,Ulwa,26_cortar,dak,dak,d a k,,Constenla2005,327,,^ d a k $,Ulwa,a
Miskito-26_cortar-1,,Miskito,26_cortar,klak,klak,k l a k,,Constenla2005,329,,^ k l a k $,Miskito,
Pech-26_cortar-1,,Pech,26_cortar,tàs,tàs,t à/a s,,Constenla2005,330,,^ t à s $,Pech,b
Rama-26_cortar-1,,Rama,26_cortar,a: ŋtk,a: ŋtk,aː + ŋ t k,,Constenla2005,331,,^ a: + ŋ t k $,Rama,c
MalekuJaika-26_cortar-1,,MalekuJaika,26_cortar,ɬati:,ɬati:,ɬ a t iː,,Constenla2005,332,,^ ɬ a t i: $,MalekuJaika,
Boruca-26_cortar-1,,Boruca,26_cortar,tàs,tàs,t à/a s,,Constenla2005,330,,^ t à s $,Boruca,b
Bribri-26_cortar-1,,Bribri,26_cortar,tɪ,tɪ,t ɪ,,Constenla2005,333,,^ t ɪ $,Bribri,ch
Cabecar-26_cortar-1,,Cabecar,26_cortar,tɪ,tɪ,t ɪ,,Constenla2005,333,,^ t ɪ $,Cabecar,ch
Teribe-26_cortar-1,,Teribe,26_cortar,zí,zí,z í/i,,Constenla2005,334,,^ z í $,Teribe,
Ngabere-26_cortar-1,,Ngabere,26_cortar,tikekɔ,tikekɔ,t i k e k ɔ,,Constenla2005,333,,^ t i k e k ɔ $,Ngabere,ch
Buglere-26_cortar-1,,Buglere,26_cortar,date,date,d a t e,,Constenla2005,335,,^ d a t e $,Buglere,
Dorasque-26_cortar-1,,Dorasque,26_cortar,togli,togli,t o g l i,,Constenla2005,336,,^ t o g l i $,Dorasque,
SanBlasKuna-26_cortar-1,,SanBlasKuna,26_cortar,sikke,sikke,s i k e,,Constenla2005,337,,^ s i kk e $,SanBlasKuna,
Cogui-26_cortar-1,,Cogui,26_cortar,'men,'men,'m/m e n,,Constenla2005,338,,^ 'm e n $,Cogui,
Arhuaco-26_cortar-1,,Arhuaco,26_cortar,ɾeʔ'beis,ɾeʔ'beis,ɾ e ʔ 'b/b e i s,,Constenla2005,339,,^ ɾ e ʔ 'b e i s $,Arhuaco,
Malayo-26_cortar-1,,Malayo,26_cortar,koʃ,koʃ,k o ʃ,,Constenla2005,340,,^ k o ʃ $,Malayo,
Chimila-26_cortar-1,,Chimila,26_cortar,'ukkwa,'ukkwa,'u/u k w a,,Constenla2005,341,,^ 'u kk w a $,Chimila,
Chibcha-26_cortar-1,,Chibcha,26_cortar,kɨhɨtɨ,kɨhɨtɨ,k ɨ h ɨ t ɨ,,Constenla2005,342,,^ k ɨ h ɨ t ɨ $,Chibcha,
CentralTunebo-26_cortar-1,,CentralTunebo,26_cortar,kwi'ki,kwi'ki,k w i 'k/k i,,Constenla2005,343,,^ k w i 'k i $,CentralTunebo,
Bari-26_cortar-1,,Bari,26_cortar,a:kd,a:kd,aː k d,,Constenla2005,331,,^ a: k d $,Bari,c
LencaSalvador-27_corteza-1,,LencaSalvador,27_corteza,ts'ats'a,ts'ats'a,ts 'a/a ts 'a/a,,Constenla2005,344,,^ ts 'a ts 'a $,LencaSalvador,
LencaHonduras-27_corteza-1,,LencaHonduras,27_corteza,jos,jos,j o s,,Constenla2005,345,,^ j o s $,LencaHonduras,
Cacaopera-27_corteza-1,,Cacaopera,27_corteza,kuta,kuta,k u t a,,Constenla2005,346,,^ k u t a $,Cacaopera,a
Mayangna-27_corteza-1,,Mayangna,27_corteza,utak,utak,u t a k,,Constenla2005,346,,^ u t a k $,Mayangna,a
Ulwa-27_corteza-1,,Ulwa,27_corteza,utak,utak,u t a k,,Constenla2005,346,,^ u t a k $,Ulwa,a
Miskito-27_corteza-1,,Miskito,27_corteza,taja,taja,t a j a,,Constenla2005,347,,^ t a j a $,Miskito,
Pech-27_corteza-1,,Pech,27_corteza,kã́wã̀,kã́wã̀,k ã́/ã w ã̀/ã,,Constenla2005,348,,^ k ã́ w ã̀ $,Pech,
Rama-27_corteza-1,,Rama,27_corteza,u:k,u:k,uː k,,Constenla2005,349,,^ u: k $,Rama,b
MalekuJaika-27_corteza-1,,MalekuJaika,27_corteza,leki:,leki:,l e k iː,,Constenla2005,350,,^ l e k i: $,MalekuJaika,
Boruca-27_corteza-1,,Boruca,27_corteza,kuáʔs,kuáʔs,k u á/a ʔ s,,Constenla2005,349,,^ k u á ʔ s $,Boruca,b
Bribri-27_corteza-1,,Bribri,27_corteza,axkuʊ́,axkuʊ́,a x k u ʊ́/ʊ,,Constenla2005,349,,^ a x k u ʊ́ $,Bribri,b
Cabecar-27_corteza-1,,Cabecar,27_corteza,hkuʊ́,hkuʊ́,h k u ʊ́/ʊ,,Constenla2005,349,,^ h k u ʊ́ $,Cabecar,b
Teribe-27_corteza-1,,Teribe,27_corteza,kuótà,kuótà,k u ó/o t à/a,,Constenla2005,349,,^ k u ó t à $,Teribe,b
Ngabere-27_corteza-1,,Ngabere,27_corteza,kwata,kwata,k w a t a,,Constenla2005,349,,^ k w a t a $,Ngabere,b
Buglere-27_corteza-1,,Buglere,27_corteza,kwaɾa,kwaɾa,k w a ɾ a,,Constenla2005,349,,^ k w a ɾ a $,Buglere,b
Dorasque-27_corteza-1,,Dorasque,27_corteza,ugá,ugá,u g á/a,,Constenla2005,349,,^ u g á $,Dorasque,b
SanBlasKuna-27_corteza-1,,SanBlasKuna,27_corteza,ukka,ukka,u k a,,Constenla2005,349,,^ u kk a $,SanBlasKuna,b
Cogui-27_corteza-1,,Cogui,27_corteza,huba,huba,h u b a,,Constenla2005,351,,^ h u b a $,Cogui,c
Arhuaco-27_corteza-1,,Arhuaco,27_corteza,'zomɨ,'zomɨ,'z/z o m ɨ,,Constenla2005,352,,^ 'z o m ɨ $,Arhuaco,ch
Malayo-27_corteza-1,,Malayo,27_corteza,ʒoma,ʒoma,ʒ o m a,,Constenla2005,352,,^ ʒ o m a $,Malayo,ch
Chimila-27_corteza-1,,Chimila,27_corteza,ma:nta,ma:nta,m aː n t a,,Constenla2005,353,,^ m a: n t a $,Chimila,
Chibcha-27_corteza-1,,Chibcha,27_corteza,huka,huka,h u k a,,Constenla2005,349,,^ h u k a $,Chibcha,b
CentralTunebo-27_corteza-1,,CentralTunebo,27_corteza,u'ma,u'ma,u 'm/m a,,Constenla2005,351,,^ u 'm a $,CentralTunebo,c
Bari-27_corteza-1,,Bari,27_corteza,aɨksu,aɨksu,a ɨ k s u,,Constenla2005,354,,^ a ɨ k s u $,Bari,
LencaSalvador-28_cuatro-1,,LencaSalvador,28_cuatro,sa,sa,s a,,Constenla2005,355,,^ s a $,LencaSalvador,
LencaHonduras-28_cuatro-1,,LencaHonduras,28_cuatro,aɾia,aɾia,a ɾ i a,,Constenla2005,356,,^ a ɾ i a $,LencaHonduras,a
Cacaopera-28_cuatro-1,,Cacaopera,28_cuatro,butaru,butaru,b u t a r u,,Constenla2005,357,,^ b u t a r u $,Cacaopera,
Mayangna-28_cuatro-1,,Mayangna,28_cuatro,arunka,arunka,a r u n k a,,Constenla2005,356,,^ a r u n k a $,Mayangna,a
Ulwa-28_cuatro-1,,Ulwa,28_cuatro,arunka,arunka,a r u n k a,,Constenla2005,356,,^ a r u n k a $,Ulwa,a
Miskito-28_cuatro-1,,Miskito,28_cuatro,walhwal,walhwal,w a l h w a l,,Constenla2005,358,,^ w a l h w a l $,Miskito,
Pech-28_cuatro-1,,Pech,28_cuatro,kàh,kàh,k à/a h,,Constenla2005,359,,^ k à h $,Pech,
Rama-28_cuatro-1,,Rama,28_cuatro,kunkunbi,kunkunbi,k u n k u n b i,,Constenla2005,360,,^ k u n k u n b i $,Rama,
MalekuJaika-28_cuatro-1,,MalekuJaika,28_cuatro,pake:kiri:,pake:kiri:,p a k eː k i r iː,,Constenla2005,361,,^ p a k e: k i r i: $,MalekuJaika,b
Boruca-28_cuatro-1,,Boruca,28_cuatro,báxkàŋ,báxkàŋ,b á/a x k à/a ŋ,,Constenla2005,361,,^ b á x k à ŋ $,Boruca,b
Bribri-28_cuatro-1,,Bribri,28_cuatro,tkɪ,tkɪ,t k ɪ,,Constenla2005,361,,^ t k ɪ $,Bribri,b
Cabecar-28_cuatro-1,,Cabecar,28_cuatro,tki,tki,t k i,,Constenla2005,361,,^ t k i $,Cabecar,b
Teribe-28_cuatro-1,,Teribe,28_cuatro,bkíŋ,bkíŋ,b k í/i ŋ,,Constenla2005,361,,^ b k í ŋ $,Teribe,b
Ngabere-28_cuatro-1,,Ngabere,28_cuatro,bɔkɔ,bɔkɔ,b ɔ k ɔ,,Constenla2005,361,,^ b ɔ k ɔ $,Ngabere,b
Buglere-28_cuatro-1,,Buglere,28_cuatro,baga,baga,b a g a,,Constenla2005,361,,^ b a g a $,Buglere,b
Dorasque-28_cuatro-1,,Dorasque,28_cuatro,paka,paka,p a k a,,Constenla2005,361,,^ p a k a $,Dorasque,b
SanBlasKuna-28_cuatro-1,,SanBlasKuna,28_cuatro,pakke,pakke,p a k e,,Constenla2005,361,,^ p a kk e $,SanBlasKuna,b
Cogui-28_cuatro-1,,Cogui,28_cuatro,ma'keua,ma'keua,m a 'k/k e u a,,Constenla2005,361,,^ m a 'k e u a $,Cogui,b
Arhuaco-28_cuatro-1,,Arhuaco,28_cuatro,maʔ'keiwa,maʔ'keiwa,m a ʔ 'k/k e i w a,,Constenla2005,361,,^ m a ʔ 'k e i w a $,Arhuaco,b
Malayo-28_cuatro-1,,Malayo,28_cuatro,makegwa,makegwa,m a k e gʷ a,,Constenla2005,361,,^ m a k e gw a $,Malayo,b
Chimila-28_cuatro-1,,Chimila,28_cuatro,bridʒeʔe,bridʒeʔe,b r i dʒ e ʔ e,,Constenla2005,362,,^ b r i dʒ e ʔ e $,Chimila,
Chibcha-28_cuatro-1,,Chibcha,28_cuatro,mɨhɨka,mɨhɨka,m ɨ h ɨ k a,,Constenla2005,361,,^ m ɨ h ɨ k a $,Chibcha,b
CentralTunebo-28_cuatro-1,,CentralTunebo,28_cuatro,ba'kaja,ba'kaja,b 'a/a k a j a,,Constenla2005,361,,^ b a' k a j a $,CentralTunebo,b
Bari-28_cuatro-1,,Bari,28_cuatro,asanikdãɪ̃,asanikdãɪ̃,a s a n i k d ã ɪ̃,,Constenla2005,363,,^ a s a n i k d ã ɪ̃ $,Bari,
LencaSalvador-29_cuello-1,,LencaSalvador,29_cuello,t'aNt'aN,t'aNt'aN,t 'a/a n t 'a/a n,,Constenla2005,364,,^ t 'a N t 'a N $,LencaSalvador,
LencaHonduras-29_cuello-1,,LencaHonduras,29_cuello,sala,sala,s a l a,,Constenla2005,365,,^ s a l a $,LencaHonduras,
Cacaopera-29_cuello-1,,Cacaopera,29_cuello,tsaw,tsaw,ts a w,,Constenla2005,366,,^ ts a w $,Cacaopera,
Mayangna-29_cuello-1,,Mayangna,29_cuello,dimak,dimak,d i m a k,,Constenla2005,367,,^ d i m a k $,Mayangna,
Ulwa-29_cuello-1,,Ulwa,29_cuello,ma:mak,ma:mak,m aː m a k,,Constenla2005,368,,^ m a: m a k $,Ulwa,
Miskito-29_cuello-1,,Miskito,29_cuello,nana,nana,n a n a,,Constenla2005,369,,^ n a n a $,Miskito,a
Pech-29_cuello-1,,Pech,29_cuello,táwásã́,táwásã́,t á/a w á/a s ã́/ã,,Constenla2005,370,,^ t á w á s ã́ $,Pech,
Rama-29_cuello-1,,Rama,29_cuello,ki:ŋkat,ki:ŋkat,k iː ŋ k a t,,Constenla2005,371,,^ k i: ŋ k a t $,Rama,
MalekuJaika-29_cuello-1,,MalekuJaika,29_cuello,ko:lo,ko:lo,k oː l o,,Constenla2005,372,,^ k o: l o $,MalekuJaika,b
Boruca-29_cuello-1,,Boruca,29_cuello,ìŋsá,ìŋsá,ì/i ŋ s á/a,,Constenla2005,373,,^ ì ŋ s á $,Boruca,
Bribri-29_cuello-1,,Bribri,29_cuello,kuɺǐʔ,kuɺǐʔ,k u ɺ ǐ/i ʔ,,Constenla2005,374,,^ k u ɺ ǐ ʔ $,Bribri,c
Cabecar-29_cuello-1,,Cabecar,29_cuello,kulí,kulí,k u l í/i,,Constenla2005,374,,^ k u l í $,Cabecar,c
Teribe-29_cuello-1,,Teribe,29_cuello,bɪ̀ŋdó,bɪ̀ŋdó,b ɪ̀/ɪ ŋ d ó/o,,Constenla2005,375,,^ b ɪ̀ ŋ d ó $,Teribe,
Ngabere-29_cuello-1,,Ngabere,29_cuello,ɾɔɾɔ,ɾɔɾɔ,ɾ ɔ ɾ ɔ,,Constenla2005,369,,^ ɾ ɔ ɾ ɔ $,Ngabere,a
Buglere-29_cuello-1,,Buglere,29_cuello,siɾoska,siɾoska,s i ɾ o s k a,,Constenla2005,376,,^ s i ɾ o s k a $,Buglere,
Dorasque-29_cuello-1,,Dorasque,29_cuello,polé,polé,p o l é/e,,Constenla2005,377,,^ p o l é $,Dorasque,ch
SanBlasKuna-29_cuello-1,,SanBlasKuna,29_cuello,tukkarwala,tukkarwala,t u k a r w a l a,,Constenla2005,378,,^ t u kk a r w a l a $,SanBlasKuna,
Cogui-29_cuello-1,,Cogui,29_cuello,'gagla,'gagla,'g/g a g l a,,Constenla2005,372,,^ 'g a g l a $,Cogui,b
Arhuaco-29_cuello-1,,Arhuaco,29_cuello,'gaʔnɨ,'gaʔnɨ,'g/g a ʔ n ɨ,,Constenla2005,372,,^ 'g a ʔ n ɨ $,Arhuaco,b
Malayo-29_cuello-1,,Malayo,29_cuello,'gana,'gana,'g/g a n a,,Constenla2005,372,,^ 'g a n a $,Malayo,b
Chimila-29_cuello-1,,Chimila,29_cuello,'ɾuggwaʔ,'ɾuggwaʔ,'ɾ/ɾ u g w a ʔ,,Constenla2005,379,,^ 'ɾ u gg w a ʔ $,Chimila,
Chibcha-29_cuello-1,,Chibcha,29_cuello,gɨ,gɨ,g ɨ,,Constenla2005,372,,^ g ɨ $,Chibcha,b
CentralTunebo-29_cuello-1,,CentralTunebo,29_cuello,'jaʔnkukaɾa,'jaʔnkukaɾa,'j/j a ʔ n k u k a ɾ a,,Constenla2005,380,,^ 'j a ʔ n k u k a ɾ a $,CentralTunebo,
Bari-29_cuello-1,,Bari,29_cuello,bo:,bo:,b oː,,Constenla2005,377,,^ b o: $,Bari,ch
LencaSalvador-30_dar-1,,LencaSalvador,30_dar,mik,mik,m i k,,Constenla2005,381,,^ m i k $,LencaSalvador,a
LencaHonduras-30_dar-1,,LencaHonduras,30_dar,jaɾ,jaɾ,j a ɾ,,Constenla2005,382,,^ j a ɾ $,LencaHonduras,
Cacaopera-30_dar-1,,Cacaopera,30_dar,a,a,a,,Constenla2005,383,,^ a $,Cacaopera,b
Mayangna-30_dar-1,,Mayangna,30_dar,a:,a:,aː,,Constenla2005,383,,^ a: $,Mayangna,b
Ulwa-30_dar-1,,Ulwa,30_dar,a:,a:,aː,,Constenla2005,383,,^ a: $,Ulwa,b
Miskito-30_dar-1,,Miskito,30_dar,k,k,k,,Constenla2005,384,,^ k $,Miskito,
Pech-30_dar-1,,Pech,30_dar,ã̀h,ã̀h,ã̀/ã h,,Constenla2005,383,,^ ã̀ h $,Pech,b
Rama-30_dar-1,,Rama,30_dar,taŋ,taŋ,t a ŋ,,Constenla2005,385,,^ t a ŋ $,Rama,c
MalekuJaika-30_dar-1,,MalekuJaika,30_dar,ta:,ta:,t aː,,Constenla2005,385,,^ t a: $,MalekuJaika,c
Boruca-30_dar-1,,Boruca,30_dar,dóʔ,dóʔ,d ó/o ʔ,,Constenla2005,386,,^ d ó ʔ $,Boruca,ch
Bribri-30_dar-1,,Bribri,30_dar,abẽ,abẽ,a b ẽ,,Constenla2005,387,,^ a b ẽ $,Bribri,d
Cabecar-30_dar-1,,Cabecar,30_dar,bẽ,bẽ,b ẽ,,Constenla2005,387,,^ b ẽ $,Cabecar,d
Teribe-30_dar-1,,Teribe,30_dar,sɪ́ŋ,sɪ́ŋ,s ɪ́/ɪ ŋ,,Constenla2005,388,,^ s ɪ́ ŋ $,Teribe,
Ngabere-30_dar-1,,Ngabere,30_dar,bĩ,bĩ,b ĩ,,Constenla2005,387,,^ b ĩ $,Ngabere,d
Buglere-30_dar-1,,Buglere,30_dar,kete,kete,k e t e,,Constenla2005,389,,^ k e t e $,Buglere,
Dorasque-30_dar-1,,Dorasque,30_dar,do,do,d o,,Constenla2005,386,,^ d o $,Dorasque,ch
SanBlasKuna-30_dar-1,,SanBlasKuna,30_dar,ukke,ukke,u k e,,Constenla2005,390,,^ u kk e $,SanBlasKuna,
Cogui-30_dar-1,,Cogui,30_dar,a'kau,a'kau,a 'k/k a u,,Constenla2005,391,,^ a 'k a u $,Cogui,e
Arhuaco-30_dar-1,,Arhuaco,30_dar,aʔ'wes,aʔ'wes,a ʔ 'w/w e s,,Constenla2005,392,,^ a ʔ 'w e s $,Arhuaco,
Malayo-30_dar-1,,Malayo,30_dar,akau,akau,a k a u,,Constenla2005,391,,^ a k a u $,Malayo,e
Chimila-30_dar-1,,Chimila,30_dar,seʔdʒdʒaʔ,seʔdʒdʒaʔ,s e ʔ dʒ dʒ a ʔ,,Constenla2005,393,,^ s e ʔ dʒ dʒ a ʔ $,Chimila,
Chibcha-30_dar-1,,Chibcha,30_dar,nɨ,nɨ,n ɨ,,Constenla2005,385,,^ n ɨ $,Chibcha,c
CentralTunebo-30_dar-1,,CentralTunebo,30_dar,'wik,'wik,'w/w i k,,Constenla2005,381,,^ 'w i k $,CentralTunebo,a
Bari-30_dar-1,,Bari,30_dar,ina,ina,i n a,,Constenla2005,385,,^ i n a $,Bari,c
LencaSalvador-31_decir-1,,LencaSalvador,31_decir,aj,aj,a j,,Constenla2005,394,,^ a j $,LencaSalvador,a
LencaHonduras-31_decir-1,,LencaHonduras,31_decir,aj,aj,a j,,Constenla2005,394,,^ a j $,LencaHonduras,a
Cacaopera-31_decir-1,,Cacaopera,31_decir,na,na,n a,,Constenla2005,395,,^ n a $,Cacaopera,
Mayangna-31_decir-1,,Mayangna,31_decir,at,at,a t,,Constenla2005,396,,^ a t $,Mayangna,b
Ulwa-31_decir-1,,Ulwa,31_decir,at,at,a t,,Constenla2005,396,,^ a t $,Ulwa,b
Miskito-31_decir-1,,Miskito,31_decir,wi,wi,w i,,Constenla2005,397,,^ w i $,Miskito,
Pech-31_decir-1,,Pech,31_decir,tìʔ,tìʔ,t ì/i ʔ,,Constenla2005,398,,^ t ì ʔ $,Pech,
Rama-31_decir-1,,Rama,31_decir,auŋ,auŋ,a u ŋ,,Constenla2005,399,,^ a u ŋ $,Rama,
MalekuJaika-31_decir-1,,MalekuJaika,31_decir,ki:,ki:,k iː,,Constenla2005,400,,^ k i: $,MalekuJaika,c
Boruca-31_decir-1,,Boruca,31_decir,dʒuàk,dʒuàk,dʒ u à/a k,,Constenla2005,401,,^ dʒ u à k $,Boruca,ch
Bribri-31_decir-1,,Bribri,31_decir,dʒɪ,dʒɪ,dʒ ɪ,,Constenla2005,400,,^ dʒ ɪ $,Bribri,c
Cabecar-31_decir-1,,Cabecar,31_decir,dʒɪ,dʒɪ,dʒ ɪ,,Constenla2005,400,,^ dʒ ɪ $,Cabecar,c
Teribe-31_decir-1,,Teribe,31_decir,ɺí,ɺí,ɺ í/i,,Constenla2005,402,,^ ɺ í $,Teribe,
Ngabere-31_decir-1,,Ngabere,31_decir,ŋeɾe,ŋeɾe,ŋ e ɾ e,,Constenla2005,403,,^ ŋ e ɾ e $,Ngabere,
Buglere-31_decir-1,,Buglere,31_decir,dgwenedu,dgwenedu,d gʷ e n e d u,,Constenla2005,404,,^ d gw e n e d u $,Buglere,
SanBlasKuna-31_decir-1,,SanBlasKuna,31_decir,soke,soke,s o k e,,Constenla2005,401,,^ s o k e $,SanBlasKuna,ch
Cogui-31_decir-1,,Cogui,31_decir,'guaʃ,'guaʃ,'g/g u a ʃ,,Constenla2005,401,,^ 'g u a ʃ $,Cogui,ch
Arhuaco-31_decir-1,,Arhuaco,31_decir,gwak,gwak,gʷ a k,,Constenla2005,401,,^ gw a k $,Arhuaco,ch
Malayo-31_decir-1,,Malayo,31_decir,gwaʃ,gwaʃ,gʷ a ʃ,,Constenla2005,401,,^ gw a ʃ $,Malayo,ch
Chimila-31_decir-1,,Chimila,31_decir,dʒakk,dʒakk,dʒ a k,,Constenla2005,406,,^ dʒ a kk $,Chimila,
Chibcha-31_decir-1,,Chibcha,31_decir,gu,gu,g u,,Constenla2005,401,,^ g u $,Chibcha,ch
CentralTunebo-31_decir-1,,CentralTunebo,31_decir,wa'ki,wa'ki,w 'a/a k i,,Constenla2005,401,,^ w a' k i $,CentralTunebo,ch
Bari-31_decir-1,,Bari,31_decir,ib,ib,i b,,Constenla2005,407,,^ i b $,Bari,
LencaSalvador-32_diente-1,,LencaSalvador,32_diente,neh,neh,n e h,,Constenla2005,408,,^ n e h $,LencaSalvador,a
LencaHonduras-32_diente-1,,LencaHonduras,32_diente,nek,nek,n e k,,Constenla2005,408,,^ n e k $,LencaHonduras,a
Cacaopera-32_diente-1,,Cacaopera,32_diente,nini,nini,n i n i,,Constenla2005,408,,^ n i n i $,Cacaopera,a
Mayangna-32_diente-1,,Mayangna,32_diente,ana,ana,a n a,,Constenla2005,409,,^ a n a $,Mayangna,b
Ulwa-32_diente-1,,Ulwa,32_diente,ana,ana,a n a,,Constenla2005,409,,^ a n a $,Ulwa,b
Miskito-32_diente-1,,Miskito,32_diente,napa,napa,n a p a,,Constenla2005,409,,^ n a p a $,Miskito,b
Pech-32_diente-1,,Pech,32_diente,kĩ́ʔ,kĩ́ʔ,k ĩ́/ĩ ʔ,,Constenla2005,410,,^ k ĩ́ ʔ $,Pech,
Rama-32_diente-1,,Rama,32_diente,si:k,si:k,s iː k,,Constenla2005,408,,^ s i: k $,Rama,a
MalekuJaika-32_diente-1,,MalekuJaika,32_diente,oka:,oka:,o k aː,,Constenla2005,411,,^ o k a: $,MalekuJaika,c
Boruca-32_diente-1,,Boruca,32_diente,síʔ,síʔ,s í/i ʔ,,Constenla2005,412,,^ s í ʔ $,Boruca,
Bribri-32_diente-1,,Bribri,32_diente,aká,aká,a k á/a,,Constenla2005,411,,^ a k á $,Bribri,c
Cabecar-32_diente-1,,Cabecar,32_diente,kà,kà,k à/a,,Constenla2005,411,,^ k à $,Cabecar,c
Teribe-32_diente-1,,Teribe,32_diente,kòuó,kòuó,k ò/o u ó/o,,Constenla2005,411,,^ k ò u ó $,Teribe,c
Ngabere-32_diente-1,,Ngabere,32_diente,tu,tu,t u,,Constenla2005,413,,^ t u $,Ngabere,ch
Buglere-32_diente-1,,Buglere,32_diente,dau,dau,d a u,,Constenla2005,414,,^ d a u $,Buglere,
Dorasque-32_diente-1,,Dorasque,32_diente,su,su,s u,,Constenla2005,413,,^ s u $,Dorasque,ch
SanBlasKuna-32_diente-1,,SanBlasKuna,32_diente,nukala,nukala,n u k a l a,,Constenla2005,413,,^ n u k a l a $,SanBlasKuna,ch
Cogui-32_diente-1,,Cogui,32_diente,hu'ala,hu'ala,h u 'a/a l a,,Constenla2005,415,,^ h u 'a l a $,Cogui,
Arhuaco-32_diente-1,,Arhuaco,32_diente,'kəkkɨ,'kəkkɨ,'k/k ə k ɨ,,Constenla2005,416,,^ 'k ə kk ɨ $,Arhuaco,d
Malayo-32_diente-1,,Malayo,32_diente,kɨ'kka,kɨ'kka,k ɨ 'k/k a,,Constenla2005,416,,^ k ɨ 'kk a $,Malayo,d
Chimila-32_diente-1,,Chimila,32_diente,di:,di:,d iː,,Constenla2005,408,,^ d i: $,Chimila,a
Chibcha-32_diente-1,,Chibcha,32_diente,sika,sika,s i k a,,Constenla2005,408,,^ s i k a $,Chibcha,a
CentralTunebo-32_diente-1,,CentralTunebo,32_diente,'ɾuʔɾa,'ɾuʔɾa,'ɾ/ɾ u ʔ ɾ a,,Constenla2005,417,,^ 'ɾ u ʔ ɾ a $,CentralTunebo,e
Bari-32_diente-1,,Bari,32_diente,nunu:,nunu:,n u n uː,,Constenla2005,417,,^ n u n u: $,Bari,e
LencaSalvador-33_dormir-1,,LencaSalvador,33_dormir,pa,pa,p a,,Constenla2005,418,,^ p a $,LencaSalvador,
LencaHonduras-33_dormir-1,,LencaHonduras,33_dormir,saɾ,saɾ,s a ɾ,,Constenla2005,419,,^ s a ɾ $,LencaHonduras,a
Cacaopera-33_dormir-1,,Cacaopera,33_dormir,jabuna,jabuna,j a b u n a,,Constenla2005,420,,^ j a b u n a $,Cacaopera,b
Mayangna-33_dormir-1,,Mayangna,33_dormir,kami,kami,k a m i,,Constenla2005,421,,^ k a m i $,Mayangna,c
Ulwa-33_dormir-1,,Ulwa,33_dormir,ama,ama,a m a,,Constenla2005,421,,^ a m a $,Ulwa,c
Miskito-33_dormir-1,,Miskito,33_dormir,jap,jap,j a p,,Constenla2005,420,,^ j a p $,Miskito,b
Pech-33_dormir-1,,Pech,33_dormir,ók,ók,ó/o k,,Constenla2005,422,,^ ó k $,Pech,
Rama-33_dormir-1,,Rama,33_dormir,kami,kami,k a m i,,Constenla2005,421,,^ k a m i $,Rama,c
MalekuJaika-33_dormir-1,,MalekuJaika,33_dormir,tʃu:xi,tʃu:xi,tʃ uː x i,,Constenla2005,423,,^ tʃ u: x i $,MalekuJaika,
Boruca-33_dormir-1,,Boruca,33_dormir,kàb,kàb,k à/a b,,Constenla2005,421,,^ k à b $,Boruca,c
Bribri-33_dormir-1,,Bribri,33_dormir,kapɪ,kapɪ,k a p ɪ,,Constenla2005,421,,^ k a p ɪ $,Bribri,c
Cabecar-33_dormir-1,,Cabecar,33_dormir,kapɪ,kapɪ,k a p ɪ,,Constenla2005,421,,^ k a p ɪ $,Cabecar,c
Teribe-33_dormir-1,,Teribe,33_dormir,pɪ́,pɪ́,p ɪ́/ɪ,,Constenla2005,421,,^ p ɪ́ $,Teribe,c
Ngabere-33_dormir-1,,Ngabere,33_dormir,kimɪ̃,kimɪ̃,k i m ɪ̃,,Constenla2005,421,,^ k i m ɪ̃ $,Ngabere,c
Buglere-33_dormir-1,,Buglere,33_dormir,gbe,gbe,g b e,,Constenla2005,421,,^ g b e $,Buglere,c
Dorasque-33_dormir-1,,Dorasque,33_dormir,kabi,kabi,k a b i,,Constenla2005,421,,^ k a b i $,Dorasque,c
SanBlasKuna-33_dormir-1,,SanBlasKuna,33_dormir,kape,kape,k a p e,,Constenla2005,421,,^ k a p e $,SanBlasKuna,c
Cogui-33_dormir-1,,Cogui,33_dormir,ka'ba,ka'ba,k a 'b/b a,,Constenla2005,421,,^ k a 'b a $,Cogui,c
Arhuaco-33_dormir-1,,Arhuaco,33_dormir,'kəmm,'kəmm,'k/k ə m,,Constenla2005,421,,^ 'k ə mm $,Arhuaco,c
Malayo-33_dormir-1,,Malayo,33_dormir,kɨũ,kɨũ,k ɨ ũ,,Constenla2005,421,,^ k ɨ ũ $,Malayo,c
Chimila-33_dormir-1,,Chimila,33_dormir,sa:ɾa,sa:ɾa,s aː ɾ a,,Constenla2005,419,,^ s a: ɾ a $,Chimila,a
Chibcha-33_dormir-1,,Chibcha,33_dormir,kɨβɨ,kɨβɨ,k ɨ β ɨ,,Constenla2005,421,,^ k ɨ β ɨ $,Chibcha,c
CentralTunebo-33_dormir-1,,CentralTunebo,33_dormir,'kami,'kami,'k/k a m i,,Constenla2005,421,,^ 'k a m i $,CentralTunebo,c
Bari-33_dormir-1,,Bari,33_dormir,kab,kab,k a b,,Constenla2005,421,,^ k a b $,Bari,c
LencaSalvador-34_dos-1,,LencaSalvador,34_dos,pe,pe,p e,,Constenla2005,424,,^ p e $,LencaSalvador,a
LencaHonduras-34_dos-1,,LencaHonduras,34_dos,pe,pe,p e,,Constenla2005,424,,^ p e $,LencaHonduras,a
Cacaopera-34_dos-1,,Cacaopera,34_dos,buru,buru,b u r u,,Constenla2005,424,,^ b u r u $,Cacaopera,a
Mayangna-34_dos-1,,Mayangna,34_dos,bu,bu,b u,,Constenla2005,424,,^ b u $,Mayangna,a
Ulwa-34_dos-1,,Ulwa,34_dos,bu,bu,b u,,Constenla2005,424,,^ b u $,Ulwa,a
Miskito-34_dos-1,,Miskito,34_dos,wal,wal,w a l,,Constenla2005,425,,^ w a l $,Miskito,
Pech-34_dos-1,,Pech,34_dos,pók,pók,p ó/o k,,Constenla2005,424,,^ p ó k $,Pech,a
Rama-34_dos-1,,Rama,34_dos,puksak,puksak,p u k s a k,,Constenla2005,424,,^ p u k s a k $,Rama,a
MalekuJaika-34_dos-1,,MalekuJaika,34_dos,pauŋka,pauŋka,p a u ŋ k a,,Constenla2005,424,,^ p a u ŋ k a $,MalekuJaika,a
Boruca-34_dos-1,,Boruca,34_dos,búʔk,búʔk,b ú/u ʔ k,,Constenla2005,424,,^ b ú ʔ k $,Boruca,a
Bribri-34_dos-1,,Bribri,34_dos,bʊ,bʊ,b ʊ,,Constenla2005,424,,^ b ʊ $,Bribri,a
Cabecar-34_dos-1,,Cabecar,34_dos,bo,bo,b o,,Constenla2005,424,,^ b o $,Cabecar,a
Teribe-34_dos-1,,Teribe,34_dos,bʊ́,bʊ́,b ʊ́/ʊ,,Constenla2005,424,,^ b ʊ́ $,Teribe,a
Ngabere-34_dos-1,,Ngabere,34_dos,bu,bu,b u,,Constenla2005,424,,^ b u $,Ngabere,a
Buglere-34_dos-1,,Buglere,34_dos,boke,boke,b o k e,,Constenla2005,424,,^ b o k e $,Buglere,a
Dorasque-34_dos-1,,Dorasque,34_dos,mo,mo,m o,,Constenla2005,424,,^ m o $,Dorasque,a
SanBlasKuna-34_dos-1,,SanBlasKuna,34_dos,po:,po:,p oː,,Constenla2005,424,,^ p o: $,SanBlasKuna,a
Cogui-34_dos-1,,Cogui,34_dos,'mauʒua,'mauʒua,'m/m a u ʒ u a,,Constenla2005,424,,^ 'm a u ʒ u a $,Cogui,a
Arhuaco-34_dos-1,,Arhuaco,34_dos,'mouga,'mouga,'m/m o u g a,,Constenla2005,424,,^ 'm o u g a $,Arhuaco,a
Malayo-34_dos-1,,Malayo,34_dos,mowa,mowa,m o w a,,Constenla2005,424,,^ m o w a $,Malayo,a
Chimila-34_dos-1,,Chimila,34_dos,buhna,buhna,b u h n a,,Constenla2005,424,,^ b u h n a $,Chimila,a
Chibcha-34_dos-1,,Chibcha,34_dos,bo,bo,b o,,Constenla2005,424,,^ b o $,Chibcha,a
CentralTunebo-34_dos-1,,CentralTunebo,34_dos,bu'kaja,bu'kaja,b u 'k/k a j a,,Constenla2005,424,,^ b u 'k a j a $,CentralTunebo,a
Bari-34_dos-1,,Bari,34_dos,ĩsãmĩ,ĩsãmĩ,ĩ s ã m ĩ,,Constenla2005,426,,^ ĩ s ã m ĩ $,Bari,
LencaSalvador-35_el-1,,LencaSalvador,35_el,inani,inani,i n a n i,,Constenla2005,427,,^ i n a n i $,LencaSalvador,a
LencaHonduras-35_el-1,,LencaHonduras,35_el,inan,inan,i n a n,,Constenla2005,427,,^ i n a n $,LencaHonduras,a
Cacaopera-35_el-1,,Cacaopera,35_el,'karahi,'karahi,'k/k a r a h i,,Constenla2005,428,,^ 'k a r a h i $,Cacaopera,b
Mayangna-35_el-1,,Mayangna,35_el,witiŋ,witiŋ,w i t i ŋ,,Constenla2005,429,,^ w i t i ŋ $,Mayangna,c
Ulwa-35_el-1,,Ulwa,35_el,alas,alas,a l a s,,Constenla2005,428,,^ a l a s $,Ulwa,b
Miskito-35_el-1,,Miskito,35_el,witin,witin,w i t i n,,Constenla2005,429,,^ w i t i n $,Miskito,c
Pech-35_el-1,,Pech,35_el,èkà,èkà,è/e k à/a,,Constenla2005,430,,^ è k à $,Pech,ch
Rama-35_el-1,,Rama,35_el,jaiŋ,jaiŋ,j a i ŋ,,Constenla2005,427,,^ j a i ŋ $,Rama,a
MalekuJaika-35_el-1,,MalekuJaika,35_el,ni:,ni:,n iː,,Constenla2005,431,,^ n i: $,MalekuJaika,d
Boruca-35_el-1,,Boruca,35_el,ì,ì,ì/i,,Constenla2005,427,,^ ì $,Boruca,a
Bribri-35_el-1,,Bribri,35_el,iěʔ,iěʔ,i ě/e ʔ,,Constenla2005,427,,^ i ě ʔ $,Bribri,a
Cabecar-35_el-1,,Cabecar,35_el,hié,hié,h i é/e,,Constenla2005,427,,^ h i é $,Cabecar,a
Teribe-35_el-1,,Teribe,35_el,è,è,è/e,,Constenla2005,430,,^ è $,Teribe,ch
Ngabere-35_el-1,,Ngabere,35_el,niaɾa,niaɾa,n i a ɾ a,,Constenla2005,431,,^ n i a ɾ a $,Ngabere,d
Buglere-35_el-1,,Buglere,35_el,ama,ama,a m a,,Constenla2005,432,,^ a m a $,Buglere,e
Dorasque-35_el-1,,Dorasque,35_el,kúi,kúi,k ú/u i,,Constenla2005,433,,^ k ú i $,Dorasque,
SanBlasKuna-35_el-1,,SanBlasKuna,35_el,itti,itti,i t i,,Constenla2005,427,,^ i tt i $,SanBlasKuna,a
Cogui-35_el-1,,Cogui,35_el,'ale,'ale,'a/a l e,,Constenla2005,432,,^ 'a l e $,Cogui,e
Arhuaco-35_el-1,,Arhuaco,35_el,a,a,a,,Constenla2005,432,,^ a $,Arhuaco,e
Malayo-35_el-1,,Malayo,35_el,na,na,n a,,Constenla2005,434,,^ n a $,Malayo,
Chimila-35_el-1,,Chimila,35_el,noggwe,noggwe,n o g w e,,Constenla2005,435,,^ n o gg w e $,Chimila,
Chibcha-35_el-1,,Chibcha,35_el,asɨ,asɨ,a s ɨ,,Constenla2005,430,,^ a s ɨ $,Chibcha,ch
CentralTunebo-35_el-1,,CentralTunebo,35_el,'eja,'eja,'e/e j a,,Constenla2005,430,,^ 'e j a $,CentralTunebo,ch
Bari-35_el-1,,Bari,35_el,obãĩ́,obãĩ́,o b ã ĩ́/ĩ,,Constenla2005,436,,^ o b ã ĩ́ $,Bari,
LencaSalvador-36_en-1,,LencaSalvador,36_en,k'ati,k'ati,k 'a/a t i,,Constenla2005,437,,^ k 'a t i $,LencaSalvador,a
LencaHonduras-36_en-1,,LencaHonduras,36_en,ap,ap,a p,,Constenla2005,438,,^ a p $,LencaHonduras,b
Cacaopera-36_en-1,,Cacaopera,36_en,m,m,m,,Constenla2005,438,,^ m $,Cacaopera,b
Mayangna-36_en-1,,Mayangna,36_en,kat,kat,k a t,,Constenla2005,437,,^ k a t $,Mayangna,a
Ulwa-36_en-1,,Ulwa,36_en,kat,kat,k a t,,Constenla2005,437,,^ k a t $,Ulwa,a
Miskito-36_en-1,,Miskito,36_en,ɾa,ɾa,ɾ a,,Constenla2005,439,,^ ɾ a $,Miskito,c
Pech-36_en-1,,Pech,36_en,jã́,jã́,j ã́/ã,,Constenla2005,440,,^ j ã́ $,Pech,ch
Rama-36_en-1,,Rama,36_en,ka,ka,k a,,Constenla2005,437,,^ k a $,Rama,a
MalekuJaika-36_en-1,,MalekuJaika,36_en,ko,ko,k o,,Constenla2005,437,,^ k o $,MalekuJaika,a
Boruca-36_en-1,,Boruca,36_en,kà,kà,k à/a,,Constenla2005,437,,^ k à $,Boruca,a
Bribri-36_en-1,,Bribri,36_en,iã̀,iã̀,i ã̀/ã,,Constenla2005,440,,^ i ã̀ $,Bribri,ch
Cabecar-36_en-1,,Cabecar,36_en,skà,skà,s k à/a,,Constenla2005,441,,^ s k à $,Cabecar,d
Teribe-36_en-1,,Teribe,36_en,ʃkò,ʃkò,ʃ k ò/o,,Constenla2005,441,,^ ʃ k ò $,Teribe,d
Ngabere-36_en-1,,Ngabere,36_en,te,te,t e,,Constenla2005,442,,^ t e $,Ngabere,
Buglere-36_en-1,,Buglere,36_en,ske,ske,s k e,,Constenla2005,441,,^ s k e $,Buglere,d
Dorasque-36_en-1,,Dorasque,36_en,ga,ga,g a,,Constenla2005,437,,^ g a $,Dorasque,a
SanBlasKuna-36_en-1,,SanBlasKuna,36_en,ki,ki,k i,,Constenla2005,443,,^ k i $,SanBlasKuna,e
Cogui-36_en-1,,Cogui,36_en,ka,ka,k a,,Constenla2005,437,,^ k a $,Cogui,a
Arhuaco-36_en-1,,Arhuaco,36_en,ekɨ,ekɨ,e k ɨ,,Constenla2005,437,,^ e k ɨ $,Arhuaco,a
Malayo-36_en-1,,Malayo,36_en,ka,ka,k a,,Constenla2005,437,,^ k a $,Malayo,a
Chimila-36_en-1,,Chimila,36_en,la,la,l a,,Constenla2005,439,,^ l a $,Chimila,c
Chibcha-36_en-1,,Chibcha,36_en,na,na,n a,,Constenla2005,443,,^ n a $,Chibcha,e
CentralTunebo-36_en-1,,CentralTunebo,36_en,kwi'taɾa,kwi'taɾa,k w i 't/t a ɾ a,,Constenla2005,444,,^ k w i 't a ɾ a $,CentralTunebo,
Bari-36_en-1,,Bari,36_en,aki,aki,a k i,,Constenla2005,443,,^ a k i $,Bari,e
LencaSalvador-37_este-1,,LencaSalvador,37_este,inaga,inaga,i n a g a,,Constenla2005,445,,^ i n a g a $,LencaSalvador,a
LencaHonduras-37_este-1,,LencaHonduras,37_este,na,na,n a,,Constenla2005,446,,^ n a $,LencaHonduras,b
Cacaopera-37_este-1,,Cacaopera,37_este,irahi,irahi,i r a h i,,Constenla2005,445,,^ i r a h i $,Cacaopera,a
Mayangna-37_este-1,,Mayangna,37_este,a:dika,a:dika,aː d i k a,,Constenla2005,447,,^ a: d i k a $,Mayangna,c
Ulwa-37_este-1,,Ulwa,37_este,a:ka,a:ka,aː k a,,Constenla2005,447,,^ a: k a $,Ulwa,c
Miskito-37_este-1,,Miskito,37_este,nãhã,nãhã,n ã h ã,,Constenla2005,446,,^ n ã h ã $,Miskito,b
Pech-37_este-1,,Pech,37_este,ĩ́,ĩ́,ĩ́/ĩ,,Constenla2005,445,,^ ĩ́ $,Pech,a
Rama-37_este-1,,Rama,37_este,niŋ,niŋ,n i ŋ,,Constenla2005,448,,^ n i ŋ $,Rama,ch
MalekuJaika-37_este-1,,MalekuJaika,37_este,ni:,ni:,n iː,,Constenla2005,448,,^ n i: $,MalekuJaika,ch
Boruca-37_este-1,,Boruca,37_este,uéʔ,uéʔ,u é/e ʔ,,Constenla2005,449,,^ u é ʔ $,Boruca,d
Bribri-37_este-1,,Bribri,37_este,ɪ̌ʔ,ɪ̌ʔ,ɪ̌/ɪ ʔ,,Constenla2005,445,,^ ɪ̌ ʔ $,Bribri,a
Cabecar-37_este-1,,Cabecar,37_este,hí,hí,h í/i,,Constenla2005,445,,^ h í $,Cabecar,a
Teribe-37_este-1,,Teribe,37_este,hũ,hũ,h ũ,,Constenla2005,450,,^ h ũ $,Teribe,e
Ngabere-37_este-1,,Ngabere,37_este,ne,ne,n e,,Constenla2005,446,,^ n e $,Ngabere,b
Buglere-37_este-1,,Buglere,37_este,ai,ai,a i,,Constenla2005,451,,^ a i $,Buglere,
SanBlasKuna-37_este-1,,SanBlasKuna,37_este,we,we,w e,,Constenla2005,449,,^ w e $,SanBlasKuna,d
Cogui-37_este-1,,Cogui,37_este,'hale,'hale,'h/h a l e,,Constenla2005,453,,^ 'h a l e $,Cogui,
Arhuaco-37_este-1,,Arhuaco,37_este,'ema,'ema,'e/e m a,,Constenla2005,445,,^ 'e m a $,Arhuaco,a
Malayo-37_este-1,,Malayo,37_este,ima,ima,i m a,,Constenla2005,445,,^ i m a $,Malayo,a
Chimila-37_este-1,,Chimila,37_este,naʔna,naʔna,n a ʔ n a,,Constenla2005,446,,^ n a ʔ n a $,Chimila,b
Chibcha-37_este-1,,Chibcha,37_este,sisɨ,sisɨ,s i s ɨ,,Constenla2005,448,,^ s i s ɨ $,Chibcha,ch
CentralTunebo-37_este-1,,CentralTunebo,37_este,'uʃa,'uʃa,'u/u ʃ a,,Constenla2005,450,,^ 'u ʃ a $,CentralTunebo,e
Bari-37_este-1,,Bari,37_este,inabãi,inabãi,i n a b ã i,,Constenla2005,445,,^ i n a b ã i $,Bari,a
LencaSalvador-38_flor-1,,LencaSalvador,38_flor,ʃil-a,ʃil-a,ʃ i l + a,,Constenla2005,454,,^ ʃ i l - a $,LencaSalvador,a
LencaHonduras-38_flor-1,,LencaHonduras,38_flor,sun-a,sun-a,s u n + a,,Constenla2005,454,,^ s u n - a $,LencaHonduras,a
Cacaopera-38_flor-1,,Cacaopera,38_flor,bas,bas,b a s,,Constenla2005,455,,^ b a s $,Cacaopera,
Mayangna-38_flor-1,,Mayangna,38_flor,pulu,pulu,p u l u,,Constenla2005,456,,^ p u l u $,Mayangna,b
Ulwa-38_flor-1,,Ulwa,38_flor,pulu,pulu,p u l u,,Constenla2005,456,,^ p u l u $,Ulwa,b
Miskito-38_flor-1,,Miskito,38_flor,taŋni,taŋni,t a ŋ n i,,Constenla2005,457,,^ t a ŋ n i $,Miskito,
Pech-38_flor-1,,Pech,38_flor,ãwhá,ãwhá,ã w h á/a,,Constenla2005,458,,^ ã w h á $,Pech,
Rama-38_flor-1,,Rama,38_flor,uɾuk,uɾuk,u ɾ u k,,Constenla2005,459,,^ u ɾ u k $,Rama,
MalekuJaika-38_flor-1,,MalekuJaika,38_flor,ɬu:t-u,ɬu:t-u,ɬ uː t + u,,Constenla2005,454,,^ ɬ u: t - u $,MalekuJaika,a
Boruca-38_flor-1,,Boruca,38_flor,sɾùt,sɾùt,s ɾ ù/u t,,Constenla2005,454,,^ s ɾ ù t $,Boruca,a
Bribri-38_flor-1,,Bribri,38_flor,duká,duká,d u k á/a,,Constenla2005,460,,^ d u k á $,Bribri,c
Cabecar-38_flor-1,,Cabecar,38_flor,uʊ́dkuà,uʊ́dkuà,u ʊ́/ʊ d k u à/a,,Constenla2005,460,,^ u ʊ́ d k u à $,Cabecar,c
Teribe-38_flor-1,,Teribe,38_flor,kʰólòŋ,kʰólòŋ,kʰ ó/o l ò/o ŋ,,Constenla2005,461,,^ kʰ ó l ò ŋ $,Teribe,
Ngabere-38_flor-1,,Ngabere,38_flor,blɯ,blɯ,b l ɯ,,Constenla2005,456,,^ b l ɯ $,Ngabere,b
Buglere-38_flor-1,,Buglere,38_flor,hɾa,hɾa,h ɾ a,,Constenla2005,462,,^ h ɾ a $,Buglere,
Dorasque-38_flor-1,,Dorasque,38_flor,shii,shii,s h i i,,Constenla2005,463,,^ s h i i $,Dorasque,
SanBlasKuna-38_flor-1,,SanBlasKuna,38_flor,tutt-u,tutt-u,t u t + u,,Constenla2005,454,,^ t u tt - u $,SanBlasKuna,a
Cogui-38_flor-1,,Cogui,38_flor,'humʃi,'humʃi,'h/h u m ʃ i,,Constenla2005,464,,^ 'h u m ʃ i $,Cogui,
Arhuaco-38_flor-1,,Arhuaco,38_flor,tin'sana,tin'sana,t i n 's/s a n a,,Constenla2005,465,,^ t i n 's a n a $,Arhuaco,
Malayo-38_flor-1,,Malayo,38_flor,ʃoma,ʃoma,ʃ o m a,,Constenla2005,466,,^ ʃ o m a $,Malayo,ch
Chimila-38_flor-1,,Chimila,38_flor,'kusaŋgɾa,'kusaŋgɾa,'k/k u s a ŋ g ɾ a,,Constenla2005,467,,^ 'k u s a ŋ g ɾ a $,Chimila,
Chibcha-38_flor-1,,Chibcha,38_flor,uβa,uβa,u β a,,Constenla2005,468,,^ u β a $,Chibcha,
CentralTunebo-38_flor-1,,CentralTunebo,38_flor,'suwa,'suwa,'s/s u w a,,Constenla2005,469,,^ 's u w a $,CentralTunebo,
Bari-38_flor-1,,Bari,38_flor,sũd-ũ,sũd-ũ,s ũ d + ũ,,Constenla2005,454,,^ s ũ d - ũ $,Bari,a
LencaSalvador-39_frio-1,,LencaSalvador,39_frio,ts'ana,ts'ana,ts 'a/a n a,,Constenla2005,470,,^ ts 'a n a $,LencaSalvador,a
LencaHonduras-39_frio-1,,LencaHonduras,39_frio,miti,miti,m i t i,,Constenla2005,471,,^ m i t i $,LencaHonduras,
Cacaopera-39_frio-1,,Cacaopera,39_frio,tusni,tusni,t u s n i,,Constenla2005,472,,^ t u s n i $,Cacaopera,
Mayangna-39_frio-1,,Mayangna,39_frio,saŋni,saŋni,s a ŋ n i,,Constenla2005,470,,^ s a ŋ n i $,Mayangna,a
Ulwa-39_frio-1,,Ulwa,39_frio,ripka,ripka,r i p k a,,Constenla2005,473,,^ r i p k a $,Ulwa,
Miskito-39_frio-1,,Miskito,39_frio,kahula,kahula,k a h u l a,,Constenla2005,474,,^ k a h u l a $,Miskito,
Pech-39_frio-1,,Pech,39_frio,sã̀jwá,sã̀jwá,s ã̀/ã j w á/a,,Constenla2005,470,,^ s ã̀ j w á $,Pech,a
Rama-39_frio-1,,Rama,39_frio,saima,saima,s a i m a,,Constenla2005,470,,^ s a i m a $,Rama,a
MalekuJaika-39_frio-1,,MalekuJaika,39_frio,tʃitʃi:xa,tʃitʃi:xa,tʃ i tʃ iː x a,,Constenla2005,470,,^ tʃ i tʃ i: x a $,MalekuJaika,a
Boruca-39_frio-1,,Boruca,39_frio,sèxká,sèxká,s è/e x k á/a,,Constenla2005,470,,^ s è x k á $,Boruca,a
Bribri-39_frio-1,,Bribri,39_frio,sẽ̂ssẽ̌,sẽ̂ssẽ̌,s ẽ̂/ẽ s ẽ̌/ẽ,,Constenla2005,470,,^ s ẽ̂ ss ẽ̌ $,Bribri,a
Cabecar-39_frio-1,,Cabecar,39_frio,tsḗ,tsḗ,t s ẽ́/ẽ,,Constenla2005,470,,^ t s ḗ $,Cabecar,a
Teribe-39_frio-1,,Teribe,39_frio,séntè,séntè,s é/e n t è/e,,Constenla2005,470,,^ s é n t è $,Teribe,a
Ngabere-39_frio-1,,Ngabere,39_frio,tibo,tibo,t i b o,,Constenla2005,470,,^ t i b o $,Ngabere,a
Buglere-39_frio-1,,Buglere,39_frio,skeke,skeke,s k e k e,,Constenla2005,470,,^ s k e k e $,Buglere,a
Dorasque-39_frio-1,,Dorasque,39_frio,saiga,saiga,s a i g a,,Constenla2005,470,,^ s a i g a $,Dorasque,a
SanBlasKuna-39_frio-1,,SanBlasKuna,39_frio,tiopikwa,tiopikwa,t i o p i kʷ a,,Constenla2005,475,,^ t i o p i kw a $,SanBlasKuna,
Cogui-39_frio-1,,Cogui,39_frio,ʃu'izala,ʃu'izala,ʃ u 'i/i z a l a,,Constenla2005,476,,^ ʃ u 'i z a l a $,Cogui,
Arhuaco-39_frio-1,,Arhuaco,39_frio,kɨ kawa,kɨ kawa,k ɨ + k a w a,,Constenla2005,477,,^ k ɨ + k a w a $,Arhuaco,
Malayo-39_frio-1,,Malayo,39_frio,se,se,s e,,Constenla2005,470,,^ s e $,Malayo,a
Chimila-39_frio-1,,Chimila,39_frio,sa:hnihka:,sa:hnihka:,s aː h n i h k aː,,Constenla2005,470,,^ s a: h n i h k a: $,Chimila,a
Chibcha-39_frio-1,,Chibcha,39_frio,nɨko,nɨko,n ɨ k o,,Constenla2005,478,,^ n ɨ k o $,Chibcha,
CentralTunebo-39_frio-1,,CentralTunebo,39_frio,'seroa,'seroa,'s/s e r o a,,Constenla2005,470,,^ 's e r o a $,CentralTunebo,a
Bari-39_frio-1,,Bari,39_frio,te:,te:,t eː,,Constenla2005,470,,^ t e: $,Bari,a
LencaSalvador-40_fuego-1,,LencaSalvador,40_fuego,ik'aN,ik'aN,i k 'a/a n,,Constenla2005,479,,^ i k 'a N $,LencaSalvador,a
LencaHonduras-40_fuego-1,,LencaHonduras,40_fuego,juka,juka,j u k a,,Constenla2005,479,,^ j u k a $,LencaHonduras,a
Cacaopera-40_fuego-1,,Cacaopera,40_fuego,lawali,lawali,l a w a l i,,Constenla2005,480,,^ l a w a l i $,Cacaopera,
Mayangna-40_fuego-1,,Mayangna,40_fuego,kuh,kuh,k u h,,Constenla2005,481,,^ k u h $,Mayangna,b
Ulwa-40_fuego-1,,Ulwa,40_fuego,kuh,kuh,k u h,,Constenla2005,481,,^ k u h $,Ulwa,b
Miskito-40_fuego-1,,Miskito,40_fuego,pawta,pawta,p a w t a,,Constenla2005,482,,^ p a w t a $,Miskito,c
Pech-40_fuego-1,,Pech,40_fuego,tã̀jwã́,tã̀jwã́,t ã̀/ã j w ã́/ã,,Constenla2005,483,,^ t ã̀ j w ã́ $,Pech,
Rama-40_fuego-1,,Rama,40_fuego,abuŋ,abuŋ,a b u ŋ,,Constenla2005,484,,^ a b u ŋ $,Rama,
MalekuJaika-40_fuego-1,,MalekuJaika,40_fuego,kue:,kue:,k u eː,,Constenla2005,481,,^ k u e: $,MalekuJaika,b
Boruca-40_fuego-1,,Boruca,40_fuego,dʒìkɾá,dʒìkɾá,dʒ ì/i k ɾ á/a,,Constenla2005,485,,^ dʒ ì k ɾ á $,Boruca,ch
Bribri-40_fuego-1,,Bribri,40_fuego,bʊ̌uʊ̀,bʊ̌uʊ̀,b ʊ̌/ʊ u ʊ̀/ʊ,,Constenla2005,482,,^ b ʊ̌ u ʊ̀ $,Bribri,c
Cabecar-40_fuego-1,,Cabecar,40_fuego,dʒʊkʊ́,dʒʊkʊ́,dʒ ʊ k ʊ́/ʊ,,Constenla2005,479,,^ dʒ ʊ k ʊ́ $,Cabecar,a
Teribe-40_fuego-1,,Teribe,40_fuego,iʊ̀k,iʊ̀k,i ʊ̀/ʊ k,,Constenla2005,479,,^ i ʊ̀ k $,Teribe,a
Ngabere-40_fuego-1,,Ngabere,40_fuego,ɲukwɔ,ɲukwɔ,ɲ u k w ɔ,,Constenla2005,479,,^ ɲ u k w ɔ $,Ngabere,a
Buglere-40_fuego-1,,Buglere,40_fuego,hita,hita,h i t a,,Constenla2005,485,,^ h i t a $,Buglere,ch
Dorasque-40_fuego-1,,Dorasque,40_fuego,kebú,kebú,k e b ú/u,,Constenla2005,485,,^ k e b ú $,Dorasque,ch
SanBlasKuna-40_fuego-1,,SanBlasKuna,40_fuego,so:,so:,s oː,,Constenla2005,486,,^ s o: $,SanBlasKuna,d
Cogui-40_fuego-1,,Cogui,40_fuego,gauk'sei,gauk'sei,g a u k 's/s e i,,Constenla2005,486,,^ g a u k 's e i $,Cogui,d
Arhuaco-40_fuego-1,,Arhuaco,40_fuego,gei,gei,g e i,,Constenla2005,485,,^ g e i $,Arhuaco,ch
Malayo-40_fuego-1,,Malayo,40_fuego,gie,gie,g i e,,Constenla2005,485,,^ g i e $,Malayo,ch
Chimila-40_fuego-1,,Chimila,40_fuego,pɾi:mu,pɾi:mu,p ɾ iː m u,,Constenla2005,487,,^ p ɾ i: m u $,Chimila,
Chibcha-40_fuego-1,,Chibcha,40_fuego,ɣata,ɣata,ɣ a t a,,Constenla2005,485,,^ ɣ a t a $,Chibcha,ch
CentralTunebo-40_fuego-1,,CentralTunebo,40_fuego,'oka,'oka,'o/o k a,,Constenla2005,486,,^ 'o k a $,CentralTunebo,d
Bari-40_fuego-1,,Bari,40_fuego,kane,kane,k a n e,,Constenla2005,488,,^ k a n e $,Bari,
LencaSalvador-41_golpear-1,,LencaSalvador,41_golpear,maʃ,maʃ,m a ʃ,,Constenla2005,489,,^ m a ʃ $,LencaSalvador,a
LencaHonduras-41_golpear-1,,LencaHonduras,41_golpear,imas,imas,i m a s,,Constenla2005,489,,^ i m a s $,LencaHonduras,a
Cacaopera-41_golpear-1,,Cacaopera,41_golpear,du,du,d u,,Constenla2005,490,,^ d u $,Cacaopera,
Mayangna-41_golpear-1,,Mayangna,41_golpear,bau,bau,b a u,,Constenla2005,491,,^ b a u $,Mayangna,b
Ulwa-41_golpear-1,,Ulwa,41_golpear,bau,bau,b a u,,Constenla2005,491,,^ b a u $,Ulwa,b
Miskito-41_golpear-1,,Miskito,41_golpear,pruk,pruk,p r u k,,Constenla2005,492,,^ p r u k $,Miskito,
Pech-41_golpear-1,,Pech,41_golpear,màs,màs,m à/a s,,Constenla2005,489,,^ m à s $,Pech,a
Rama-41_golpear-1,,Rama,41_golpear,kaŋ,kaŋ,k a ŋ,,Constenla2005,493,,^ k a ŋ $,Rama,
MalekuJaika-41_golpear-1,,MalekuJaika,41_golpear,koro:,koro:,k o r oː,,Constenla2005,494,,^ k o r o: $,MalekuJaika,
Boruca-41_golpear-1,,Boruca,41_golpear,báxt,báxt,b á/a x t,,Constenla2005,495,,^ b á x t $,Boruca,c
Bribri-41_golpear-1,,Bribri,41_golpear,tɪ,tɪ,t ɪ,,Constenla2005,496,,^ t ɪ $,Bribri,ch
Cabecar-41_golpear-1,,Cabecar,41_golpear,tɪ,tɪ,t ɪ,,Constenla2005,496,,^ t ɪ $,Cabecar,ch
Teribe-41_golpear-1,,Teribe,41_golpear,ʃpók,ʃpók,ʃ p ó/o k,,Constenla2005,497,,^ ʃ p ó k $,Teribe,
Ngabere-41_golpear-1,,Ngabere,41_golpear,met,met,m e t,,Constenla2005,495,,^ m e t $,Ngabere,c
Buglere-41_golpear-1,,Buglere,41_golpear,bate,bate,b a t e,,Constenla2005,495,,^ b a t e $,Buglere,c
SanBlasKuna-41_golpear-1,,SanBlasKuna,41_golpear,saɾsoke,saɾsoke,s a ɾ s o k e,,Constenla2005,499,,^ s a ɾ s o k e $,SanBlasKuna,d
Cogui-41_golpear-1,,Cogui,41_golpear,'muʃ,'muʃ,'m/m u ʃ,,Constenla2005,500,,^ 'm u ʃ $,Cogui,e
Arhuaco-41_golpear-1,,Arhuaco,41_golpear,agu'pəss,agu'pəss,a g u 'p/p ə s,,Constenla2005,501,,^ a g u 'p ə ss $,Arhuaco,f
Malayo-41_golpear-1,,Malayo,41_golpear,'paʃ,'paʃ,'p/p a ʃ,,Constenla2005,501,,^ 'p a ʃ $,Malayo,f
Chimila-41_golpear-1,,Chimila,41_golpear,ha: sagɾi,ha: sagɾi,h aː + s a g ɾ i,,Constenla2005,502,,^ h a: + s a g ɾ i $,Chimila,
Chibcha-41_golpear-1,,Chibcha,41_golpear,ɣɨi,ɣɨi,ɣ ɨ i,,Constenla2005,499,,^ ɣ ɨ i $,Chibcha,d
CentralTunebo-41_golpear-1,,CentralTunebo,41_golpear,bu'ki,bu'ki,b u 'k/k i,,Constenla2005,500,,^ b u 'k i $,CentralTunebo,e
Bari-41_golpear-1,,Bari,41_golpear,da,da,d a,,Constenla2005,503,,^ d a $,Bari,
LencaSalvador-42_grande-1,,LencaSalvador,42_grande,puka,puka,p u k a,,Constenla2005,504,,^ p u k a $,LencaSalvador,a
LencaHonduras-42_grande-1,,LencaHonduras,42_grande,puki,puki,p u k i,,Constenla2005,504,,^ p u k i $,LencaHonduras,a
Cacaopera-42_grande-1,,Cacaopera,42_grande,bajaka,bajaka,b a j a k a,,Constenla2005,505,,^ b a j a k a $,Cacaopera,b
Mayangna-42_grande-1,,Mayangna,42_grande,nuhni,nuhni,n u h n i,,Constenla2005,506,,^ n u h n i $,Mayangna,
Ulwa-42_grande-1,,Ulwa,42_grande,sikka,sikka,s i k a,,Constenla2005,507,,^ s i kk a $,Ulwa,
Miskito-42_grande-1,,Miskito,42_grande,ta:ɾa,ta:ɾa,t aː ɾ a,,Constenla2005,508,,^ t a: ɾ a $,Miskito,c
Pech-42_grande-1,,Pech,42_grande,àʔká,àʔká,à/a ʔ k á/a,,Constenla2005,509,,^ à ʔ k á $,Pech,
Rama-42_grande-1,,Rama,42_grande,ta:ɾa,ta:ɾa,t aː ɾ a,,Constenla2005,508,,^ t a: ɾ a $,Rama,c
MalekuJaika-42_grande-1,,MalekuJaika,42_grande,ni:kaŋe:,ni:kaŋe:,n iː k a ŋ eː,,Constenla2005,510,,^ n i: k a ŋ e: $,MalekuJaika,
Boruca-42_grande-1,,Boruca,42_grande,kɾíʔ,kɾíʔ,k ɾ í/i ʔ,,Constenla2005,511,,^ k ɾ í ʔ $,Boruca,ch
Bribri-42_grande-1,,Bribri,42_grande,bɪ̌diè,bɪ̌diè,b ɪ̌/ɪ d i è/e,,Constenla2005,512,,^ b ɪ̌ d i è $,Bribri,
Cabecar-42_grande-1,,Cabecar,42_grande,tã́ĩ́,tã́ĩ́,t ã́/ã ĩ́/ĩ,,Constenla2005,513,,^ t ã́ ĩ́ $,Cabecar,d
Teribe-42_grande-1,,Teribe,42_grande,kɪ́s,kɪ́s,k ɪ́/ɪ s,,Constenla2005,514,,^ k ɪ́ s $,Teribe,
Ngabere-42_grande-1,,Ngabere,42_grande,kɾi,kɾi,k ɾ i,,Constenla2005,511,,^ k ɾ i $,Ngabere,ch
Buglere-42_grande-1,,Buglere,42_grande,kweɾi,kweɾi,k w e ɾ i,,Constenla2005,515,,^ k w e ɾ i $,Buglere,e
Dorasque-42_grande-1,,Dorasque,42_grande,óci,óci,ó/o c i,,Constenla2005,516,,^ ó c i $,Dorasque,
SanBlasKuna-42_grande-1,,SanBlasKuna,42_grande,tumma,tumma,t u m a,,Constenla2005,517,,^ t u mm a $,SanBlasKuna,
Cogui-42_grande-1,,Cogui,42_grande,a'tema,a'tema,a 't/t e m a,,Constenla2005,513,,^ a 't e m a $,Cogui,d
Arhuaco-42_grande-1,,Arhuaco,42_grande,a'wənʔ kawa,a'wənʔ kawa,'a/a w ə n ʔ + k a w a,,Constenla2005,518,,^ a' w ə n ʔ + k a w a $,Arhuaco,
Malayo-42_grande-1,,Malayo,42_grande,aiku'ia,aiku'ia,a i k 'u/u i a,,Constenla2005,519,,^ a i k u' i a $,Malayo,
Chimila-42_grande-1,,Chimila,42_grande,ku'e:ɾi'tuʔ,ku'e:ɾi'tuʔ,k u 'eː/eː ɾ i 't/t u ʔ,,Constenla2005,515,,^ k u 'e: ɾ i 't u ʔ $,Chimila,e
Chibcha-42_grande-1,,Chibcha,42_grande,kuhuma,kuhuma,k u h u m a,,Constenla2005,520,,^ k u h u m a $,Chibcha,f
CentralTunebo-42_grande-1,,CentralTunebo,42_grande,'kumakɾo,'kumakɾo,'k/k u m a k ɾ o,,Constenla2005,520,,^ 'k u m a k ɾ o $,CentralTunebo,f
Bari-42_grande-1,,Bari,42_grande,ba,ba,b a,,Constenla2005,505,,^ b a $,Bari,b
LencaSalvador-43_gusano-1,,LencaSalvador,43_gusano,ts'its'a,ts'its'a,ts 'i/i ts 'a/a,,Constenla2005,521,,^ ts 'i ts 'a $,LencaSalvador,
LencaHonduras-43_gusano-1,,LencaHonduras,43_gusano,suɾu,suɾu,s u ɾ u,,Constenla2005,522,,^ s u ɾ u $,LencaHonduras,
Cacaopera-43_gusano-1,,Cacaopera,43_gusano,bil,bil,b i l,,Constenla2005,523,,^ b i l $,Cacaopera,a
Mayangna-43_gusano-1,,Mayangna,43_gusano,ba:bil,ba:bil,b aː b i l,,Constenla2005,523,,^ b a: b i l $,Mayangna,a
Ulwa-43_gusano-1,,Ulwa,43_gusano,bil,bil,b i l,,Constenla2005,523,,^ b i l $,Ulwa,a
Miskito-43_gusano-1,,Miskito,43_gusano,liwa,liwa,l i w a,,Constenla2005,524,,^ l i w a $,Miskito,
Pech-43_gusano-1,,Pech,43_gusano,wíʔ,wíʔ,w í/i ʔ,,Constenla2005,525,,^ w í ʔ $,Pech,b
Rama-43_gusano-1,,Rama,43_gusano,bi:ɾu,bi:ɾu,b iː ɾ u,,Constenla2005,523,,^ b i: ɾ u $,Rama,a
MalekuJaika-43_gusano-1,,MalekuJaika,43_gusano,kara:ki,kara:ki,k a r aː k i,,Constenla2005,526,,^ k a r a: k i $,MalekuJaika,
Boruca-43_gusano-1,,Boruca,43_gusano,dʒíŋ,dʒíŋ,dʒ í/i ŋ,,Constenla2005,527,,^ dʒ í ŋ $,Boruca,c
Bribri-43_gusano-1,,Bribri,43_gusano,ɪ̃̂,ɪ̃̂,ɪ̃̀/ɪ,,Constenla2005,527,,^ ɪ̃̂ $,Bribri,c
Cabecar-43_gusano-1,,Cabecar,43_gusano,hĩ́,hĩ́,h ĩ́/ĩ,,Constenla2005,527,,^ h ĩ́ $,Cabecar,c
Teribe-43_gusano-1,,Teribe,43_gusano,ʃtó,ʃtó,ʃ t ó/o,,Constenla2005,528,,^ ʃ t ó $,Teribe,
Ngabere-43_gusano-1,,Ngabere,43_gusano,ŋĩ,ŋĩ,ŋ ĩ,,Constenla2005,527,,^ ŋ ĩ $,Ngabere,c
Buglere-43_gusano-1,,Buglere,43_gusano,gwi,gwi,gʷ i,,Constenla2005,525,,^ gw i $,Buglere,b
Dorasque-43_gusano-1,,Dorasque,43_gusano,kisi,kisi,k i s i,,Constenla2005,527,,^ k i s i $,Dorasque,c
SanBlasKuna-43_gusano-1,,SanBlasKuna,43_gusano,nusu,nusu,n u s u,,Constenla2005,529,,^ n u s u $,SanBlasKuna,
Cogui-43_gusano-1,,Cogui,43_gusano,ʒi,ʒi,ʒ i,,Constenla2005,527,,^ ʒ i $,Cogui,c
Arhuaco-43_gusano-1,,Arhuaco,43_gusano,zi,zi,z i,,Constenla2005,527,,^ z i $,Arhuaco,c
Malayo-43_gusano-1,,Malayo,43_gusano,di,di,d i,,Constenla2005,527,,^ d i $,Malayo,c
Chimila-43_gusano-1,,Chimila,43_gusano,'bɾuuʔ,'bɾuuʔ,'b/b ɾ u u ʔ,,Constenla2005,523,,^ 'b ɾ u u ʔ $,Chimila,a
Chibcha-43_gusano-1,,Chibcha,43_gusano,tsina,tsina,ts i n a,,Constenla2005,527,,^ ts i n a $,Chibcha,c
CentralTunebo-43_gusano-1,,CentralTunebo,43_gusano,ɾim'ja,ɾim'ja,ɾ i m 'j/j a,,Constenla2005,530,,^ ɾ i m 'j a $,CentralTunebo,
Bari-43_gusano-1,,Bari,43_gusano,iʃanaba,iʃanaba,i ʃ a n a b a,,Constenla2005,527,,^ i ʃ a n a b a $,Bari,c
LencaSalvador-44_hablar-1,,LencaSalvador,44_hablar,ʃakini,ʃakini,ʃ a k i n i,,Constenla2005,531,,^ ʃ a k i n i $,LencaSalvador,
LencaHonduras-44_hablar-1,,LencaHonduras,44_hablar,mol,mol,m o l,,Constenla2005,532,,^ m o l $,LencaHonduras,
Cacaopera-44_hablar-1,,Cacaopera,44_hablar,piswa,piswa,p i s w a,,Constenla2005,533,,^ p i s w a $,Cacaopera,
Mayangna-44_hablar-1,,Mayangna,44_hablar,jul,jul,j u l,,Constenla2005,534,,^ j u l $,Mayangna,a
Ulwa-44_hablar-1,,Ulwa,44_hablar,julbau,julbau,j u l b a u,,Constenla2005,534,,^ j u l b a u $,Ulwa,a
Miskito-44_hablar-1,,Miskito,44_hablar,ajs,ajs,a j s,,Constenla2005,535,,^ a j s $,Miskito,
Pech-44_hablar-1,,Pech,44_hablar,kapáʃ,kapáʃ,k a p á/a ʃ,,Constenla2005,536,,^ k a p á ʃ $,Pech,
Rama-44_hablar-1,,Rama,44_hablar,baltiŋ,baltiŋ,b a l t i ŋ,,Constenla2005,537,,^ b a l t i ŋ $,Rama,
MalekuJaika-44_hablar-1,,MalekuJaika,44_hablar,ɬai:-ki,ɬai:-ki,ɬ a iː + k i,,Constenla2005,538,,^ ɬ a i: - k i $,MalekuJaika,b
Boruca-44_hablar-1,,Boruca,44_hablar,tè-k,tè-k,t è/e + k,,Constenla2005,538,,^ t è - k $,Boruca,b
Bribri-44_hablar-1,,Bribri,44_hablar,ut,ut,u t,,Constenla2005,539,,^ u t $,Bribri,c
Cabecar-44_hablar-1,,Cabecar,44_hablar,utɪ,utɪ,u t ɪ,,Constenla2005,539,,^ u t ɪ $,Cabecar,c
Teribe-44_hablar-1,,Teribe,44_hablar,thẽɺẽ́,thẽɺẽ́,t h ẽ ɺ ẽ́/ẽ,,Constenla2005,540,,^ t h ẽ ɺ ẽ́ $,Teribe,
Ngabere-44_hablar-1,,Ngabere,44_hablar,blit,blit,b l i t,,Constenla2005,541,,^ b l i t $,Ngabere,
Buglere-44_hablar-1,,Buglere,44_hablar,geɾule,geɾule,g e ɾ u l e,,Constenla2005,542,,^ g e ɾ u l e $,Buglere,
Dorasque-44_hablar-1,,Dorasque,44_hablar,se-t,se-t,s e + t,,Constenla2005,538,,^ s e - t $,Dorasque,b
SanBlasKuna-44_hablar-1,,SanBlasKuna,44_hablar,sunmakke,sunmakke,s u n m a k e,,Constenla2005,539,,^ s u n m a kk e $,SanBlasKuna,c
Cogui-44_hablar-1,,Cogui,44_hablar,'neʃ,'neʃ,'n/n e ʃ,,Constenla2005,543,,^ 'n e ʃ $,Cogui,
Arhuaco-44_hablar-1,,Arhuaco,44_hablar,a-sei,a-sei,a + s e i,,Constenla2005,538,,^ a - s e i $,Arhuaco,b
Malayo-44_hablar-1,,Malayo,44_hablar,a-shé,a-shé,a + s h é/e,,Constenla2005,538,,^ a - s h é $,Malayo,b
Chimila-44_hablar-1,,Chimila,44_hablar,ta:ɾaŋ,ta:ɾaŋ,t aː ɾ a ŋ,,Constenla2005,544,,^ t a: ɾ a ŋ $,Chimila,
Chibcha-44_hablar-1,,Chibcha,44_hablar,kuβu,kuβu,k u β u,,Constenla2005,545,,^ k u β u $,Chibcha,
CentralTunebo-44_hablar-1,,CentralTunebo,44_hablar,te'winɾo,te'winɾo,t e 'w/w i n ɾ o,,Constenla2005,546,,^ t e 'w i n ɾ o $,CentralTunebo,
Bari-44_hablar-1,,Bari,44_hablar,ana,ana,a n a,,Constenla2005,547,,^ a n a $,Bari,
LencaSalvador-45_hermana-1,,LencaSalvador,45_hermana,peleh,peleh,p e l e h,,Constenla2005,548,,^ p e l e h $,LencaSalvador,a
LencaHonduras-45_hermana-1,,LencaHonduras,45_hermana,pela,pela,p e l a,,Constenla2005,548,,^ p e l a $,LencaHonduras,a
Cacaopera-45_hermana-1,,Cacaopera,45_hermana,tʃa,tʃa,tʃ a,,Constenla2005,549,,^ tʃ a $,Cacaopera,
Mayangna-45_hermana-1,,Mayangna,45_hermana,ami,ami,a m i,,Constenla2005,550,,^ a m i $,Mayangna,b
Ulwa-45_hermana-1,,Ulwa,45_hermana,ami:,ami:,a m iː,,Constenla2005,550,,^ a m i: $,Ulwa,b
Miskito-45_hermana-1,,Miskito,45_hermana,lakra,lakra,l a k r a,,Constenla2005,551,,^ l a k r a $,Miskito,
Pech-45_hermana-1,,Pech,45_hermana,pàʔʃà,pàʔʃà,p à/a ʔ ʃ à/a,,Constenla2005,552,,^ p à ʔ ʃ à $,Pech,
Rama-45_hermana-1,,Rama,45_hermana,sa:suk,sa:suk,s aː s u k,,Constenla2005,553,,^ s a: s u k $,Rama,
MalekuJaika-45_hermana-1,,MalekuJaika,45_hermana,ɬaka:tʃuma:,ɬaka:tʃuma:,ɬ a k aː tʃ u m aː,,Constenla2005,554,,^ ɬ a k a: tʃ u m a: $,MalekuJaika,
Boruca-45_hermana-1,,Boruca,45_hermana,suíʔ,suíʔ,s u í/i ʔ,,Constenla2005,555,,^ s u í ʔ $,Boruca,
Bribri-45_hermana-1,,Bribri,45_hermana,kutá,kutá,k u t á/a,,Constenla2005,556,,^ k u t á $,Bribri,c
Cabecar-45_hermana-1,,Cabecar,45_hermana,kutà,kutà,k u t à/a,,Constenla2005,556,,^ k u t à $,Cabecar,c
Teribe-45_hermana-1,,Teribe,45_hermana,dóɾ,dóɾ,d ó/o ɾ,,Constenla2005,557,,^ d ó ɾ $,Teribe,
Ngabere-45_hermana-1,,Ngabere,45_hermana,ŋuãĩ,ŋuãĩ,ŋ u ã ĩ,,Constenla2005,558,,^ ŋ u ã ĩ $,Ngabere,
Buglere-45_hermana-1,,Buglere,45_hermana,da'baia,da'baia,d a 'b/b a i a,,Constenla2005,559,,^ d a 'b a i a $,Buglere,
Dorasque-45_hermana-1,,Dorasque,45_hermana,bek,bek,b e k,,Constenla2005,560,,^ b e k $,Dorasque,
SanBlasKuna-45_hermana-1,,SanBlasKuna,45_hermana,puna,puna,p u n a,,Constenla2005,561,,^ p u n a $,SanBlasKuna,
Cogui-45_hermana-1,,Cogui,45_hermana,'nu,'nu,'n/n u,,Constenla2005,562,,^ 'n u $,Cogui,
Arhuaco-45_hermana-1,,Arhuaco,45_hermana,'zati,'zati,'z/z a t i,,Constenla2005,563,,^ 'z a t i $,Arhuaco,
Malayo-45_hermana-1,,Malayo,45_hermana,'asi,'asi,'a/a s i,,Constenla2005,564,,^ 'a s i $,Malayo,
Chimila-45_hermana-1,,Chimila,45_hermana,dʒe:,dʒe:,dʒ eː,,Constenla2005,565,,^ dʒ e: $,Chimila,
Chibcha-45_hermana-1,,Chibcha,45_hermana,ɣuahatsa,ɣuahatsa,ɣ u a h a ts a,,Constenla2005,566,,^ ɣ u a h a ts a $,Chibcha,
CentralTunebo-45_hermana-1,,CentralTunebo,45_hermana,ʃi'ta,ʃi'ta,ʃ i 't/t a,,Constenla2005,556,,^ ʃ i 't a $,CentralTunebo,c
Bari-45_hermana-1,,Bari,45_hermana,sí,sí,s í/i,,Constenla2005,556,,^ s í $,Bari,c
LencaSalvador-46_higado-1,,LencaSalvador,46_higado,muts'u,muts'u,m u ts 'u/u,,Constenla2005,567,,^ m u ts 'u $,LencaSalvador,a
LencaHonduras-46_higado-1,,LencaHonduras,46_higado,musu,musu,m u s u,,Constenla2005,567,,^ m u s u $,LencaHonduras,a
Cacaopera-46_higado-1,,Cacaopera,46_higado,kawa,kawa,k a w a,,Constenla2005,568,,^ k a w a $,Cacaopera,b
Mayangna-46_higado-1,,Mayangna,46_higado,isiŋ,isiŋ,i s i ŋ,,Constenla2005,569,,^ i s i ŋ $,Mayangna,
Ulwa-46_higado-1,,Ulwa,46_higado,asuŋ,asuŋ,a s u ŋ,,Constenla2005,570,,^ a s u ŋ $,Ulwa,
Miskito-46_higado-1,,Miskito,46_higado,awja,awja,a w j a,,Constenla2005,571,,^ a w j a $,Miskito,
Pech-46_higado-1,,Pech,46_higado,hɾá,hɾá,h ɾ á/a,,Constenla2005,572,,^ h ɾ á $,Pech,
Rama-46_higado-1,,Rama,46_higado,psa,psa,p s a,,Constenla2005,573,,^ p s a $,Rama,c
MalekuJaika-46_higado-1,,MalekuJaika,46_higado,kua:-ki,kua:-ki,k u aː + k i,,Constenla2005,568,,^ k u a: - k i $,MalekuJaika,b
Boruca-46_higado-1,,Boruca,46_higado,kóʔ-k,kóʔ-k,k ó/o ʔ + k,,Constenla2005,568,,^ k ó ʔ - k $,Boruca,b
Bribri-46_higado-1,,Bribri,46_higado,ẽ̂d,ẽ̂d,ẽ̂/ẽ d,,Constenla2005,574,,^ ẽ̂ d $,Bribri,ch
Cabecar-46_higado-1,,Cabecar,46_higado,hẽ̂d,hẽ̂d,h ẽ̂/ẽ d,,Constenla2005,574,,^ h ẽ̂ d $,Cabecar,ch
Teribe-46_higado-1,,Teribe,46_higado,uò,uò,u ò/o,,Constenla2005,575,,^ u ò $,Teribe,
Ngabere-46_higado-1,,Ngabere,46_higado,mɔtɔ,mɔtɔ,m ɔ t ɔ,,Constenla2005,573,,^ m ɔ t ɔ $,Ngabere,c
Buglere-46_higado-1,,Buglere,46_higado,ta-kwa,ta-kwa,t a + k w a,,Constenla2005,576,,^ t a - k w a $,Buglere,d
Dorasque-46_higado-1,,Dorasque,46_higado,hókoa,hókoa,h ó/o k o a,,Constenla2005,577,,^ h ó k o a $,Dorasque,
SanBlasKuna-46_higado-1,,SanBlasKuna,46_higado,pi:na,pi:na,p iː n a,,Constenla2005,573,,^ p i: n a $,SanBlasKuna,c
Cogui-46_higado-1,,Cogui,46_higado,a'bita,a'bita,a 'b/b i t a,,Constenla2005,573,,^ a 'b i t a $,Cogui,c
Arhuaco-46_higado-1,,Arhuaco,46_higado,'higəɾu,'higəɾu,'h/h i g ə ɾ u,,Constenla2005,578,,^ 'h i g ə ɾ u $,Arhuaco,
Malayo-46_higado-1,,Malayo,46_higado,anʒbita,anʒbita,a n ʒ b i t a,,Constenla2005,573,,^ a n ʒ b i t a $,Malayo,c
Chimila-46_higado-1,,Chimila,46_higado,'ka:wiʔ,'ka:wiʔ,'k/k aː w i ʔ,,Constenla2005,568,,^ 'k a: w i ʔ $,Chimila,b
Chibcha-46_higado-1,,Chibcha,46_higado,tɨhɨ-βa,tɨhɨ-βa,t ɨ h ɨ + β a,,Constenla2005,576,,^ t ɨ h ɨ - β a $,Chibcha,d
CentralTunebo-46_higado-1,,CentralTunebo,46_higado,'tanuba,'tanuba,'t/t a n u b a,,Constenla2005,576,,^ 't a n u b a $,CentralTunebo,d
Bari-46_higado-1,,Bari,46_higado,a:bĩba,a:bĩba,aː b ĩ b a,,Constenla2005,579,,^ a: b ĩ b a $,Bari,
LencaSalvador-47_hoja-1,,LencaSalvador,47_hoja,aw,aw,a w,,Constenla2005,580,,^ a w $,LencaSalvador,a
LencaHonduras-47_hoja-1,,LencaHonduras,47_hoja,wala,wala,w a l a,,Constenla2005,581,,^ w a l a $,LencaHonduras,b
Cacaopera-47_hoja-1,,Cacaopera,47_hoja,taka,taka,t a k a,,Constenla2005,582,,^ t a k a $,Cacaopera,
Mayangna-47_hoja-1,,Mayangna,47_hoja,bas,bas,b a s,,Constenla2005,583,,^ b a s $,Mayangna,c
Ulwa-47_hoja-1,,Ulwa,47_hoja,bas,bas,b a s,,Constenla2005,583,,^ b a s $,Ulwa,c
Miskito-47_hoja-1,,Miskito,47_hoja,waha,waha,w a h a,,Constenla2005,581,,^ w a h a $,Miskito,b
Pech-47_hoja-1,,Pech,47_hoja,á,á,á/a,,Constenla2005,584,,^ á $,Pech,ch
Rama-47_hoja-1,,Rama,47_hoja,ka:,ka:,k aː,,Constenla2005,584,,^ k a: $,Rama,ch
MalekuJaika-47_hoja-1,,MalekuJaika,47_hoja,au:ki,au:ki,a uː k i,,Constenla2005,580,,^ a u: k i $,MalekuJaika,a
Boruca-47_hoja-1,,Boruca,47_hoja,ká,ká,k á/a,,Constenla2005,584,,^ k á $,Boruca,ch
Bribri-47_hoja-1,,Bribri,47_hoja,kʊ́,kʊ́,k ʊ́/ʊ,,Constenla2005,584,,^ k ʊ́ $,Bribri,ch
Cabecar-47_hoja-1,,Cabecar,47_hoja,kʊ́,kʊ́,k ʊ́/ʊ,,Constenla2005,584,,^ k ʊ́ $,Cabecar,ch
Teribe-47_hoja-1,,Teribe,47_hoja,kʰɺógà,kʰɺógà,kʰ ɺ ó/o g à/a,,Constenla2005,585,,^ kʰ ɺ ó g à $,Teribe,
Ngabere-47_hoja-1,,Ngabere,47_hoja,kʔ,kʔ,k ʔ,,Constenla2005,584,,^ k ʔ $,Ngabere,ch
Buglere-47_hoja-1,,Buglere,47_hoja,ga,ga,g a,,Constenla2005,584,,^ g a $,Buglere,ch
Dorasque-47_hoja-1,,Dorasque,47_hoja,kaláʔka,kaláʔka,k a l á/a ʔ k a,,Constenla2005,584,,^ k a l á ʔ k a $,Dorasque,ch
SanBlasKuna-47_hoja-1,,SanBlasKuna,47_hoja,ka:,ka:,k aː,,Constenla2005,584,,^ k a: $,SanBlasKuna,ch
Cogui-47_hoja-1,,Cogui,47_hoja,kai,kai,k a i,,Constenla2005,584,,^ k a i $,Cogui,ch
Arhuaco-47_hoja-1,,Arhuaco,47_hoja,'atʃɨ,'atʃɨ,'a/a tʃ ɨ,,Constenla2005,586,,^ 'a tʃ ɨ $,Arhuaco,d
Malayo-47_hoja-1,,Malayo,47_hoja,ata,ata,a t a,,Constenla2005,586,,^ a t a $,Malayo,d
Chimila-47_hoja-1,,Chimila,47_hoja,ka:,ka:,k aː,,Constenla2005,584,,^ k a: $,Chimila,ch
Chibcha-47_hoja-1,,Chibcha,47_hoja,kɨe,kɨe,k ɨ e,,Constenla2005,584,,^ k ɨ e $,Chibcha,ch
CentralTunebo-47_hoja-1,,CentralTunebo,47_hoja,'kaja,'kaja,'k/k a j a,,Constenla2005,584,,^ 'k a j a $,CentralTunebo,ch
Bari-47_hoja-1,,Bari,47_hoja,ka,ka,k a,,Constenla2005,584,,^ k a $,Bari,ch
LencaSalvador-48_hombre-1,,LencaSalvador,48_hombre,iʃku,iʃku,i ʃ k u,,Constenla2005,587,,^ i ʃ k u $,LencaSalvador,
LencaHonduras-48_hombre-1,,LencaHonduras,48_hombre,misu,misu,m i s u,,Constenla2005,588,,^ m i s u $,LencaHonduras,a
Cacaopera-48_hombre-1,,Cacaopera,48_hombre,misil,misil,m i s i l,,Constenla2005,588,,^ m i s i l $,Cacaopera,a
Mayangna-48_hombre-1,,Mayangna,48_hombre,al,al,a l,,Constenla2005,589,,^ a l $,Mayangna,b
Ulwa-48_hombre-1,,Ulwa,48_hombre,al,al,a l,,Constenla2005,589,,^ a l $,Ulwa,b
Miskito-48_hombre-1,,Miskito,48_hombre,wajtna,wajtna,w a j t n a,,Constenla2005,590,,^ w a j t n a $,Miskito,
Pech-48_hombre-1,,Pech,48_hombre,àɾwã́,àɾwã́,à/a ɾ w ã́/ã,,Constenla2005,589,,^ à ɾ w ã́ $,Pech,b
Rama-48_hombre-1,,Rama,48_hombre,nki:kna,nki:kna,n k iː k n a,,Constenla2005,591,,^ n k i: k n a $,Rama,
MalekuJaika-48_hombre-1,,MalekuJaika,48_hombre,otʃa:paka:,otʃa:paka:,o tʃ aː p a k aː,,Constenla2005,592,,^ o tʃ a: p a k a: $,MalekuJaika,
Boruca-48_hombre-1,,Boruca,48_hombre,kóŋróxk,kóŋróxk,k ó/o ŋ r ó/o x k,,Constenla2005,593,,^ k ó ŋ r ó x k $,Boruca,
Bribri-48_hombre-1,,Bribri,48_hombre,uɪ̂b,uɪ̂b,u ɪ̂/ɪ b,,Constenla2005,594,,^ u ɪ̂ b $,Bribri,
Cabecar-48_hombre-1,,Cabecar,48_hombre,hadʒɪ́uàʔ,hadʒɪ́uàʔ,h a dʒ ɪ́/ɪ u à/a ʔ,,Constenla2005,595,,^ h a dʒ ɪ́ u à ʔ $,Cabecar,
Teribe-48_hombre-1,,Teribe,48_hombre,dòbén,dòbén,d ò/o b é/e n,,Constenla2005,596,,^ d ò b é n $,Teribe,
Ngabere-48_hombre-1,,Ngabere,48_hombre,bɾaɾe,bɾaɾe,b ɾ a ɾ e,,Constenla2005,597,,^ b ɾ a ɾ e $,Ngabere,c
Buglere-48_hombre-1,,Buglere,48_hombre,blále,blále,b l á/a l e,,Constenla2005,597,,^ b l á l e $,Buglere,c
Dorasque-48_hombre-1,,Dorasque,48_hombre,taro,taro,t a r o,,Constenla2005,598,,^ t a r o $,Dorasque,
SanBlasKuna-48_hombre-1,,SanBlasKuna,48_hombre,matʃeɾet,matʃeɾet,m a tʃ e ɾ e t,,Constenla2005,599,,^ m a tʃ e ɾ e t $,SanBlasKuna,
Cogui-48_hombre-1,,Cogui,48_hombre,si'gi,si'gi,s i 'g/g i,,Constenla2005,600,,^ s i 'g i $,Cogui,
Arhuaco-48_hombre-1,,Arhuaco,48_hombre,'tʃeiɾwa,'tʃeiɾwa,'tʃ/tʃ e i ɾ w a,,Constenla2005,601,,^ 'tʃ e i ɾ w a $,Arhuaco,ch
Malayo-48_hombre-1,,Malayo,48_hombre,te'ɾua,te'ɾua,t e 'ɾ/ɾ u a,,Constenla2005,601,,^ t e 'ɾ u a $,Malayo,ch
Chimila-48_hombre-1,,Chimila,48_hombre,sa:wiɾi,sa:wiɾi,s aː w i ɾ i,,Constenla2005,601,,^ s a: w i ɾ i $,Chimila,ch
Chibcha-48_hombre-1,,Chibcha,48_hombre,tʲa,tʲa,tʲ a,,Constenla2005,601,,^ tʲ a $,Chibcha,ch
CentralTunebo-48_hombre-1,,CentralTunebo,48_hombre,'seɾa,'seɾa,'s/s e ɾ a,,Constenla2005,601,,^ 's e ɾ a $,CentralTunebo,ch
Bari-48_hombre-1,,Bari,48_hombre,na,na,n a,,Constenla2005,602,,^ n a $,Bari,
LencaSalvador-49_hueso-1,,LencaSalvador,49_hueso,ts'eh,ts'eh,ts 'e/e h,,Constenla2005,603,,^ ts 'e h $,LencaSalvador,a
LencaHonduras-49_hueso-1,,LencaHonduras,49_hueso,sek,sek,s e k,,Constenla2005,603,,^ s e k $,LencaHonduras,a
Cacaopera-49_hueso-1,,Cacaopera,49_hueso,naman,naman,n a m a n,,Constenla2005,604,,^ n a m a n $,Cacaopera,
Mayangna-49_hueso-1,,Mayangna,49_hueso,wakal,wakal,w a k a l,,Constenla2005,605,,^ w a k a l $,Mayangna,b
Ulwa-49_hueso-1,,Ulwa,49_hueso,wakal,wakal,w a k a l,,Constenla2005,605,,^ w a k a l $,Ulwa,b
Miskito-49_hueso-1,,Miskito,49_hueso,dusa,dusa,d u s a,,Constenla2005,606,,^ d u s a $,Miskito,
Pech-49_hueso-1,,Pech,49_hueso,pájã̀,pájã̀,p á/a j ã̀/ã,,Constenla2005,607,,^ p á j ã̀ $,Pech,
Rama-49_hueso-1,,Rama,49_hueso,a:luk,a:luk,aː l u k,,Constenla2005,608,,^ a: l u k $,Rama,
MalekuJaika-49_hueso-1,,MalekuJaika,49_hueso,ko:ɾa,ko:ɾa,k oː ɾ a,,Constenla2005,609,,^ k o: ɾ a $,MalekuJaika,c
Boruca-49_hueso-1,,Boruca,49_hueso,dèt-kɾá,dèt-kɾá,d è/e t + k ɾ á/a,,Constenla2005,610,,^ d è t - k ɾ á $,Boruca,
Bribri-49_hueso-1,,Bribri,49_hueso,ditʃǎʔ,ditʃǎʔ,d i tʃ ǎ/a ʔ,,Constenla2005,611,,^ d i tʃ ǎ ʔ $,Bribri,ch
Cabecar-49_hueso-1,,Cabecar,49_hueso,tʃitʃʔá,tʃitʃʔá,tʃ i tʃ ʔ á/a,,Constenla2005,611,,^ tʃ i tʃ ʔ á $,Cabecar,ch
Teribe-49_hueso-1,,Teribe,49_hueso,dobógɺo,dobógɺo,d o b ó/o g ɺ o,,Constenla2005,612,,^ d o b ó g ɺ o $,Teribe,
Ngabere-49_hueso-1,,Ngabere,49_hueso,kɾɔ,kɾɔ,k ɾ ɔ,,Constenla2005,609,,^ k ɾ ɔ $,Ngabere,c
Buglere-49_hueso-1,,Buglere,49_hueso,gda,gda,g d a,,Constenla2005,609,,^ g d a $,Buglere,c
Dorasque-49_hueso-1,,Dorasque,49_hueso,koné,koné,k o n é/e,,Constenla2005,613,,^ k o n é $,Dorasque,
SanBlasKuna-49_hueso-1,,SanBlasKuna,49_hueso,kala,kala,k a l a,,Constenla2005,609,,^ k a l a $,SanBlasKuna,c
Cogui-49_hueso-1,,Cogui,49_hueso,zala-kala,zala-kala,z a l a + k a l a,,Constenla2005,614,,^ z a l a - k a l a $,Cogui,
Arhuaco-49_hueso-1,,Arhuaco,49_hueso,'wesu,'wesu,'w/w e s u,,Constenla2005,615,,^ 'w e s u $,Arhuaco,
Malayo-49_hueso-1,,Malayo,49_hueso,kɨ-kɨɾa,kɨ-kɨɾa,k ɨ + k ɨ ɾ a,,Constenla2005,616,,^ k ɨ - k ɨ ɾ a $,Malayo,
Chimila-49_hueso-1,,Chimila,49_hueso,kɨ:-kɾaʔ,kɨ:-kɾaʔ,k ɨː + k ɾ a ʔ,,Constenla2005,617,,^ k ɨ: - k ɾ a ʔ $,Chimila,
Chibcha-49_hueso-1,,Chibcha,49_hueso,kɨnɨ,kɨnɨ,k ɨ n ɨ,,Constenla2005,609,,^ k ɨ n ɨ $,Chibcha,c
CentralTunebo-49_hueso-1,,CentralTunebo,49_hueso,'kaɾaɾa,'kaɾaɾa,'k/k a ɾ a ɾ a,,Constenla2005,609,,^ 'k a ɾ a ɾ a $,CentralTunebo,c
Bari-49_hueso-1,,Bari,49_hueso,kana,kana,k a n a,,Constenla2005,609,,^ k a n a $,Bari,c
LencaSalvador-50_humo-1,,LencaSalvador,50_humo,mo,mo,m o,,Constenla2005,618,,^ m o $,LencaSalvador,a
LencaHonduras-50_humo-1,,LencaHonduras,50_humo,po:ɾo,po:ɾo,p oː ɾ o,,Constenla2005,618,,^ p o: ɾ o $,LencaHonduras,a
Cacaopera-50_humo-1,,Cacaopera,50_humo,kiba,kiba,k i b a,,Constenla2005,619,,^ k i b a $,Cacaopera,b
Mayangna-50_humo-1,,Mayangna,50_humo,wajau,wajau,w a j a u,,Constenla2005,620,,^ w a j a u $,Mayangna,c
Ulwa-50_humo-1,,Ulwa,50_humo,waju,waju,w a j u,,Constenla2005,620,,^ w a j u $,Ulwa,c
Miskito-50_humo-1,,Miskito,50_humo,kjasma,kjasma,k j a s m a,,Constenla2005,619,,^ k j a s m a $,Miskito,b
Pech-50_humo-1,,Pech,50_humo,wãs,wãs,w ã s,,Constenla2005,620,,^ w ã s $,Pech,c
Rama-50_humo-1,,Rama,50_humo,sawa,sawa,s a w a,,Constenla2005,621,,^ s a w a $,Rama,ch
MalekuJaika-50_humo-1,,MalekuJaika,50_humo,uxu:ma,uxu:ma,u x uː m a,,Constenla2005,622,,^ u x u: m a $,MalekuJaika,
Boruca-50_humo-1,,Boruca,50_humo,dʒìdʒà,dʒìdʒà,dʒ ì/i dʒ à/a,,Constenla2005,623,,^ dʒ ì dʒ à $,Boruca,
Bribri-50_humo-1,,Bribri,50_humo,ʃkaɺã̂,ʃkaɺã̂,ʃ k a ɺ ã̂/ã,,Constenla2005,624,,^ ʃ k a ɺ ã̂ $,Bribri,d
Cabecar-50_humo-1,,Cabecar,50_humo,ʃkaɺã́,ʃkaɺã́,ʃ k a ɺ ã́/ã,,Constenla2005,624,,^ ʃ k a ɺ ã́ $,Cabecar,d
Teribe-50_humo-1,,Teribe,50_humo,ɲó,ɲó,ɲ ó/o,,Constenla2005,625,,^ ɲ ó $,Teribe,e
Ngabere-50_humo-1,,Ngabere,50_humo,ŋɯbɯ,ŋɯbɯ,ŋ ɯ b ɯ,,Constenla2005,626,,^ ŋ ɯ b ɯ $,Ngabere,
Buglere-50_humo-1,,Buglere,50_humo,hiã́,hiã́,h i ã́/ã,,Constenla2005,627,,^ h i ã́ $,Buglere,
Dorasque-50_humo-1,,Dorasque,50_humo,kébu-sa,kébu-sa,k é/e b u + s a,,Constenla2005,621,,^ k é b u - s a $,Dorasque,ch
SanBlasKuna-50_humo-1,,SanBlasKuna,50_humo,wa:,wa:,w aː,,Constenla2005,620,,^ w a: $,SanBlasKuna,c
Cogui-50_humo-1,,Cogui,50_humo,ihia,ihia,i h i a,,Constenla2005,625,,^ i h i a $,Cogui,e
Arhuaco-50_humo-1,,Arhuaco,50_humo,'zatʃa,'zatʃa,'z/z a tʃ a,,Constenla2005,628,,^ 'z a tʃ a $,Arhuaco,
Malayo-50_humo-1,,Malayo,50_humo,suta,suta,s u t a,,Constenla2005,629,,^ s u t a $,Malayo,
Chimila-50_humo-1,,Chimila,50_humo,'iŋŋaʔ,'iŋŋaʔ,'i/i ŋ a ʔ,,Constenla2005,625,,^ 'i ŋŋ a ʔ $,Chimila,e
Chibcha-50_humo-1,,Chibcha,50_humo,i-e,i-e,i + e,,Constenla2005,625,,^ i - e $,Chibcha,e
CentralTunebo-50_humo-1,,CentralTunebo,50_humo,'ijaɾa,'ijaɾa,'i/i j a ɾ a,,Constenla2005,625,,^ 'i j a ɾ a $,CentralTunebo,e
Bari-50_humo-1,,Bari,50_humo,inakba,inakba,i n a k b a,,Constenla2005,625,,^ i n a k b a $,Bari,e
LencaSalvador-51_largo-1,,LencaSalvador,51_largo,kota,kota,k o t a,,Constenla2005,630,,^ k o t a $,LencaSalvador,
LencaHonduras-51_largo-1,,LencaHonduras,51_largo,kasi,kasi,k a s i,,Constenla2005,631,,^ k a s i $,LencaHonduras,
Cacaopera-51_largo-1,,Cacaopera,51_largo,wisnika,wisnika,w i s n i k a,,Constenla2005,632,,^ w i s n i k a $,Cacaopera,
Mayangna-51_largo-1,,Mayangna,51_largo,najni,najni,n a j n i,,Constenla2005,633,,^ n a j n i $,Mayangna,
Ulwa-51_largo-1,,Ulwa,51_largo,juhka,juhka,j u h k a,,Constenla2005,634,,^ j u h k a $,Ulwa,
Miskito-51_largo-1,,Miskito,51_largo,jaɾi,jaɾi,j a ɾ i,,Constenla2005,635,,^ j a ɾ i $,Miskito,
Pech-51_largo-1,,Pech,51_largo,bà:jkti,bà:jkti,b àː/aː j k t i,,Constenla2005,636,,^ b à: j k t i $,Pech,
Rama-51_largo-1,,Rama,51_largo,suma,suma,s u m a,,Constenla2005,637,,^ s u m a $,Rama,
MalekuJaika-51_largo-1,,MalekuJaika,51_largo,ɬaɾa:tene:,ɬaɾa:tene:,ɬ a ɾ aː t e n eː,,Constenla2005,638,,^ ɬ a ɾ a: t e n e: $,MalekuJaika,
Boruca-51_largo-1,,Boruca,51_largo,biògát,biògát,b i ò/o g á/a t,,Constenla2005,639,,^ b i ò g á t $,Boruca,
Bribri-51_largo-1,,Bribri,51_largo,bitsĩ̌,bitsĩ̌,b i ts ĩ̌/ĩ,,Constenla2005,640,,^ b i ts ĩ̌ $,Bribri,a
Cabecar-51_largo-1,,Cabecar,51_largo,batsĩ́,batsĩ́,b a t s ĩ́/ĩ,,Constenla2005,640,,^ b a t s ĩ́ $,Cabecar,a
Teribe-51_largo-1,,Teribe,51_largo,kʰɺòtáɾeŋ,kʰɺòtáɾeŋ,kʰ ɺ ò/o t á/a ɾ e ŋ,,Constenla2005,641,,^ kʰ ɺ ò t á ɾ e ŋ $,Teribe,
Ngabere-51_largo-1,,Ngabere,51_largo,ŋa,ŋa,ŋ a,,Constenla2005,642,,^ ŋ a $,Ngabere,b
Buglere-51_largo-1,,Buglere,51_largo,heike,heike,h e i k e,,Constenla2005,643,,^ h e i k e $,Buglere,
Dorasque-51_largo-1,,Dorasque,51_largo,kiágal,kiágal,k i á/a g a l,,Constenla2005,644,,^ k i á g a l $,Dorasque,
SanBlasKuna-51_largo-1,,SanBlasKuna,51_largo,suiti,suiti,s u i t i,,Constenla2005,645,,^ s u i t i $,SanBlasKuna,
Cogui-51_largo-1,,Cogui,51_largo,'ueĩʒiluka,'ueĩʒiluka,'u/u e ĩ ʒ i l u k a,,Constenla2005,646,,^ 'u e ĩ ʒ i l u k a $,Cogui,
Arhuaco-51_largo-1,,Arhuaco,51_largo,'ga-ɾi,'ga-ɾi,'g/g a + ɾ i,,Constenla2005,642,,^ 'g a - ɾ i $,Arhuaco,b
Malayo-51_largo-1,,Malayo,51_largo,ɾiinukka,ɾiinukka,ɾ i i n u k a,,Constenla2005,647,,^ ɾ i i n u kk a $,Malayo,
Chimila-51_largo-1,,Chimila,51_largo,ga-ɾihŋa:te,ga-ɾihŋa:te,g a + ɾ i h ŋ aː t e,,Constenla2005,642,,^ g a - ɾ i h ŋ a: t e $,Chimila,b
Chibcha-51_largo-1,,Chibcha,51_largo,ɣahasio,ɣahasio,ɣ a h a s i o,,Constenla2005,642,,^ ɣ a h a s i o $,Chibcha,b
CentralTunebo-51_largo-1,,CentralTunebo,51_largo,ena'ɾa,ena'ɾa,e n 'a/a ɾ a,,Constenla2005,648,,^ e n a' ɾ a $,CentralTunebo,
Bari-51_largo-1,,Bari,51_largo,akbakɨ,akbakɨ,a k b a k ɨ,,Constenla2005,649,,^ a k b a k ɨ $,Bari,
LencaSalvador-52_lavar-1,,LencaSalvador,52_lavar,ts'ih,ts'ih,ts 'i/i h,,Constenla2005,650,,^ ts 'i h $,LencaSalvador,a
LencaHonduras-52_lavar-1,,LencaHonduras,52_lavar,sak,sak,s a k,,Constenla2005,650,,^ s a k $,LencaHonduras,a
Cacaopera-52_lavar-1,,Cacaopera,52_lavar,saka,saka,s a k a,,Constenla2005,650,,^ s a k a $,Cacaopera,a
Mayangna-52_lavar-1,,Mayangna,52_lavar,suh,suh,s u h,,Constenla2005,651,,^ s u h $,Mayangna,b
Ulwa-52_lavar-1,,Ulwa,52_lavar,suh,suh,s u h,,Constenla2005,651,,^ s u h $,Ulwa,b
Miskito-52_lavar-1,,Miskito,52_lavar,tusk,tusk,t u s k,,Constenla2005,652,,^ t u s k $,Miskito,
Pech-52_lavar-1,,Pech,52_lavar,súk,súk,s ú/u k,,Constenla2005,651,,^ s ú k $,Pech,b
Rama-52_lavar-1,,Rama,52_lavar,suk,suk,s u k,,Constenla2005,651,,^ s u k $,Rama,b
MalekuJaika-52_lavar-1,,MalekuJaika,52_lavar,ɬoki:,ɬoki:,ɬ o k iː,,Constenla2005,651,,^ ɬ o k i: $,MalekuJaika,b
Boruca-52_lavar-1,,Boruca,52_lavar,túxk,túxk,t ú/u x k,,Constenla2005,651,,^ t ú x k $,Boruca,b
Bribri-52_lavar-1,,Bribri,52_lavar,suk,suk,s u k,,Constenla2005,651,,^ s u k $,Bribri,b
Cabecar-52_lavar-1,,Cabecar,52_lavar,sku,sku,s k u,,Constenla2005,651,,^ s k u $,Cabecar,b
Teribe-52_lavar-1,,Teribe,52_lavar,kuóʃkuɪ̀,kuóʃkuɪ̀,k u ó/o ʃ k u ɪ̀/ɪ,,Constenla2005,651,,^ k u ó ʃ k u ɪ̀ $,Teribe,b
Ngabere-52_lavar-1,,Ngabere,52_lavar,bɔtete,bɔtete,b ɔ t e t e,,Constenla2005,653,,^ b ɔ t e t e $,Ngabere,
Buglere-52_lavar-1,,Buglere,52_lavar,glige,glige,g l i g e,,Constenla2005,654,,^ g l i g e $,Buglere,
SanBlasKuna-52_lavar-1,,SanBlasKuna,52_lavar,enukke,enukke,e n u k e,,Constenla2005,651,,^ e n u kk e $,SanBlasKuna,b
Cogui-52_lavar-1,,Cogui,52_lavar,ihi'ʒihiĩ,ihi'ʒihiĩ,i h i 'ʒ/ʒ i h i ĩ,,Constenla2005,656,,^ i h i 'ʒ i h i ĩ $,Cogui,
Arhuaco-52_lavar-1,,Arhuaco,52_lavar,aʔ'tʃukkw,aʔ'tʃukkw,a ʔ 'tʃ/tʃ u k w,,Constenla2005,651,,^ a ʔ 'tʃ u kk w $,Arhuaco,b
Malayo-52_lavar-1,,Malayo,52_lavar,atukw,atukw,a t u kʷ,,Constenla2005,651,,^ a t u kw $,Malayo,b
Chimila-52_lavar-1,,Chimila,52_lavar,'tukkua,'tukkua,'t/t u k u a,,Constenla2005,651,,^ 't u kk u a $,Chimila,b
Chibcha-52_lavar-1,,Chibcha,52_lavar,tʲuhu,tʲuhu,tʲ u h u,,Constenla2005,651,,^ tʲ u h u $,Chibcha,b
CentralTunebo-52_lavar-1,,CentralTunebo,52_lavar,su'kwi,su'kwi,s u 'k/k w i,,Constenla2005,651,,^ s u 'k w i $,CentralTunebo,b
Bari-52_lavar-1,,Bari,52_lavar,duk,duk,d u k,,Constenla2005,651,,^ d u k $,Bari,b
LencaSalvador-53_lejos-1,,LencaSalvador,53_lejos,kota,kota,k o t a,,Constenla2005,657,,^ k o t a $,LencaSalvador,a
LencaHonduras-53_lejos-1,,LencaHonduras,53_lejos,kota,kota,k o t a,,Constenla2005,657,,^ k o t a $,LencaHonduras,a
Cacaopera-53_lejos-1,,Cacaopera,53_lejos,ataptika,ataptika,a t a p t i k a,,Constenla2005,658,,^ a t a p t i k a $,Cacaopera,
Mayangna-53_lejos-1,,Mayangna,53_lejos,nai,nai,n a i,,Constenla2005,659,,^ n a i $,Mayangna,b
Ulwa-53_lejos-1,,Ulwa,53_lejos,bai,bai,b a i,,Constenla2005,660,,^ b a i $,Ulwa,
Miskito-53_lejos-1,,Miskito,53_lejos,lajhura,lajhura,l a j h u r a,,Constenla2005,659,,^ l a j h u r a $,Miskito,b
Pech-53_lejos-1,,Pech,53_lejos,kã:ɾà,kã:ɾà,k ãː ɾ à/a,,Constenla2005,661,,^ k ã: ɾ à $,Pech,c
Rama-53_lejos-1,,Rama,53_lejos,naɾbik,naɾbik,n a ɾ b i k,,Constenla2005,662,,^ n a ɾ b i k $,Rama,
MalekuJaika-53_lejos-1,,MalekuJaika,53_lejos,kartau:ni,kartau:ni,k a r t a uː n i,,Constenla2005,661,,^ k a r t a u: n i $,MalekuJaika,c
Boruca-53_lejos-1,,Boruca,53_lejos,káuìk,káuìk,k á/a u ì/i k,,Constenla2005,663,,^ k á u ì k $,Boruca,
Bribri-53_lejos-1,,Bribri,53_lejos,kã̂bĩ̌,kã̂bĩ̌,k ã̂/ã b ĩ̌/ĩ,,Constenla2005,664,,^ k ã̂ b ĩ̌ $,Bribri,ch
Cabecar-53_lejos-1,,Cabecar,53_lejos,kãbĩ̂ĩ̂,kãbĩ̂ĩ̂,k ã b ĩ̂/ĩ ĩ̂/ĩ,,Constenla2005,664,,^ k ã b ĩ̂ ĩ̂ $,Cabecar,ch
Teribe-53_lejos-1,,Teribe,53_lejos,ɸòla,ɸòla,ɸ ò/o l a,,Constenla2005,665,,^ ɸ ò l a $,Teribe,
Ngabere-53_lejos-1,,Ngabere,53_lejos,mẽte,mẽte,m ẽ t e,,Constenla2005,666,,^ m ẽ t e $,Ngabere,d
Buglere-53_lejos-1,,Buglere,53_lejos,bate,bate,b a t e,,Constenla2005,666,,^ b a t e $,Buglere,d
Dorasque-53_lejos-1,,Dorasque,53_lejos,héppe,héppe,h é/e p e,,Constenla2005,667,,^ h é pp e $,Dorasque,
SanBlasKuna-53_lejos-1,,SanBlasKuna,53_lejos,panna,panna,p a n a,,Constenla2005,666,,^ p a nn a $,SanBlasKuna,d
Cogui-53_lejos-1,,Cogui,53_lejos,male'zenka,male'zenka,m a l e 'z/z e n k a,,Constenla2005,668,,^ m a l e 'z e n k a $,Cogui,e
Arhuaco-53_lejos-1,,Arhuaco,53_lejos,'peikɨ,'peikɨ,'p/p e i k ɨ,,Constenla2005,669,,^ 'p e i k ɨ $,Arhuaco,
Malayo-53_lejos-1,,Malayo,53_lejos,ma'ɾaʒanekka,ma'ɾaʒanekka,m 'a/a ɾ a ʒ a n e k a,,Constenla2005,668,,^ m a' ɾ a ʒ a n e kk a $,Malayo,e
Chimila-53_lejos-1,,Chimila,53_lejos,matta,matta,m a t a,,Constenla2005,666,,^ m a tt a $,Chimila,d
Chibcha-53_lejos-1,,Chibcha,53_lejos,ahuen maɣue,ahuen maɣue,a h u e n + m a ɣ u e,,Constenla2005,670,,^ a h u e n + m a ɣ u e $,Chibcha,
CentralTunebo-53_lejos-1,,CentralTunebo,53_lejos,bi'ɾa,bi'ɾa,b i 'ɾ/ɾ a,,Constenla2005,671,,^ b i 'ɾ a $,CentralTunebo,
Bari-53_lejos-1,,Bari,53_lejos,ittikkiɲa,ittikkiɲa,i t i k i ɲ a,,Constenla2005,672,,^ i tt i kk i ɲ a $,Bari,
LencaSalvador-54_lengua-1,,LencaSalvador,54_lengua,nepal,nepal,n e p a l,,Constenla2005,673,,^ n e p a l $,LencaSalvador,a
LencaHonduras-54_lengua-1,,LencaHonduras,54_lengua,nepel,nepel,n e p e l,,Constenla2005,673,,^ n e p e l $,LencaHonduras,a
Cacaopera-54_lengua-1,,Cacaopera,54_lengua,tum,tum,t u m,,Constenla2005,674,,^ t u m $,Cacaopera,b
Mayangna-54_lengua-1,,Mayangna,54_lengua,tu,tu,t u,,Constenla2005,674,,^ t u $,Mayangna,b
Ulwa-54_lengua-1,,Ulwa,54_lengua,tu,tu,t u,,Constenla2005,674,,^ t u $,Ulwa,b
Miskito-54_lengua-1,,Miskito,54_lengua,twisa,twisa,t w i s a,,Constenla2005,674,,^ t w i s a $,Miskito,b
Pech-54_lengua-1,,Pech,54_lengua,ùwà,ùwà,ù/u w à/a,,Constenla2005,675,,^ ù w à $,Pech,c
Rama-54_lengua-1,,Rama,54_lengua,ku:p,ku:p,k uː p,,Constenla2005,676,,^ k u: p $,Rama,e
MalekuJaika-54_lengua-1,,MalekuJaika,54_lengua,ku:,ku:,k uː,,Constenla2005,676,,^ k u: $,MalekuJaika,e
Boruca-54_lengua-1,,Boruca,54_lengua,kuátkuà,kuátkuà,k u á/a t k u à/a,,Constenla2005,675,,^ k u á t k u à $,Boruca,c
Bribri-54_lengua-1,,Bribri,54_lengua,kǔʔ,kǔʔ,k ǔ/u ʔ,,Constenla2005,676,,^ k ǔ ʔ $,Bribri,e
Cabecar-54_lengua-1,,Cabecar,54_lengua,kú,kú,k ú/u,,Constenla2005,675,,^ k ú $,Cabecar,c
Teribe-54_lengua-1,,Teribe,54_lengua,kʰèɾkuó,kʰèɾkuó,kʰ è/e ɾ k u ó/o,,Constenla2005,677,,^ kʰ è ɾ k u ó $,Teribe,
Ngabere-54_lengua-1,,Ngabere,54_lengua,tɯdɾɔ,tɯdɾɔ,t ɯ d ɾ ɔ,,Constenla2005,674,,^ t ɯ d ɾ ɔ $,Ngabere,b
Buglere-54_lengua-1,,Buglere,54_lengua,kwiɾa,kwiɾa,k w i ɾ a,,Constenla2005,676,,^ k w i ɾ a $,Buglere,e
Dorasque-54_lengua-1,,Dorasque,54_lengua,kuba,kuba,k u b a,,Constenla2005,676,,^ k u b a $,Dorasque,e
SanBlasKuna-54_lengua-1,,SanBlasKuna,54_lengua,kwapinni,kwapinni,kʷ a p i n i,,Constenla2005,676,,^ kw a p i nn i $,SanBlasKuna,e
Cogui-54_lengua-1,,Cogui,54_lengua,hu'angala,hu'angala,h u 'a/a n g a l a,,Constenla2005,678,,^ h u 'a n g a l a $,Cogui,
Arhuaco-54_lengua-1,,Arhuaco,54_lengua,ko'ɾiʔgənɨ,ko'ɾiʔgənɨ,k o 'ɾ/ɾ i ʔ g ə n ɨ,,Constenla2005,676,,^ k o 'ɾ i ʔ g ə n ɨ $,Arhuaco,e
Malayo-54_lengua-1,,Malayo,54_lengua,kongɨɾa,kongɨɾa,k o n g ɨ ɾ a,,Constenla2005,675,,^ k o n g ɨ ɾ a $,Malayo,c
Chimila-54_lengua-1,,Chimila,54_lengua,ku'a:ʔ,ku'a:ʔ,k u 'aː/aː ʔ,,Constenla2005,675,,^ k u 'a: ʔ $,Chimila,c
Chibcha-54_lengua-1,,Chibcha,54_lengua,pkua,pkua,p k u a,,Constenla2005,675,,^ p k u a $,Chibcha,c
CentralTunebo-54_lengua-1,,CentralTunebo,54_lengua,'kuwa,'kuwa,'k/k u w a,,Constenla2005,676,,^ 'k u w a $,CentralTunebo,e
Bari-54_lengua-1,,Bari,54_lengua,kobẽ:,kobẽ:,k o b ẽː,,Constenla2005,676,,^ k o b ẽ: $,Bari,e
LencaSalvador-55_luna-1,,LencaSalvador,55_luna,lets'a,lets'a,l e ts 'a/a,,Constenla2005,679,,^ l e ts 'a $,LencaSalvador,
LencaHonduras-55_luna-1,,LencaHonduras,55_luna,mesti,mesti,m e s t i,,Constenla2005,680,,^ m e s t i $,LencaHonduras,
Cacaopera-55_luna-1,,Cacaopera,55_luna,ajku,ajku,a j k u,,Constenla2005,681,,^ a j k u $,Cacaopera,a
Mayangna-55_luna-1,,Mayangna,55_luna,wajku,wajku,w a j k u,,Constenla2005,681,,^ w a j k u $,Mayangna,a
Ulwa-55_luna-1,,Ulwa,55_luna,wajku,wajku,w a j k u,,Constenla2005,681,,^ w a j k u $,Ulwa,a
Miskito-55_luna-1,,Miskito,55_luna,kãti,kãti,k ã t i,,Constenla2005,682,,^ k ã t i $,Miskito,
Pech-55_luna-1,,Pech,55_luna,jwì,jwì,j w ì/i,,Constenla2005,683,,^ j w ì $,Pech,
Rama-55_luna-1,,Rama,55_luna,tukan,tukan,t u k a n,,Constenla2005,684,,^ t u k a n $,Rama,
MalekuJaika-55_luna-1,,MalekuJaika,55_luna,ɬixi:,ɬixi:,ɬ i x iː,,Constenla2005,685,,^ ɬ i x i: $,MalekuJaika,b
Boruca-55_luna-1,,Boruca,55_luna,tèbéx,tèbéx,t è/e b é/e x,,Constenla2005,686,,^ t è b é x $,Boruca,
Bribri-55_luna-1,,Bribri,55_luna,sǐuʊ̀,sǐuʊ̀,s ǐ/i u ʊ̀/ʊ,,Constenla2005,685,,^ s ǐ u ʊ̀ $,Bribri,b
Cabecar-55_luna-1,,Cabecar,55_luna,tuɺù,tuɺù,t u ɺ ù/u,,Constenla2005,687,,^ t u ɺ ù $,Cabecar,
Teribe-55_luna-1,,Teribe,55_luna,mók,mók,m ó/o k,,Constenla2005,688,,^ m ó k $,Teribe,
Ngabere-55_luna-1,,Ngabere,55_luna,sɣ,sɣ,s ɤ,,Constenla2005,685,,^ s ɣ $,Ngabere,b
Buglere-55_luna-1,,Buglere,55_luna,dai,dai,d a i,,Constenla2005,689,,^ d a i $,Buglere,
Dorasque-55_luna-1,,Dorasque,55_luna,sirila,sirila,s i r i l a,,Constenla2005,685,,^ s i r i l a $,Dorasque,b
SanBlasKuna-55_luna-1,,SanBlasKuna,55_luna,ni:,ni:,n iː,,Constenla2005,685,,^ n i: $,SanBlasKuna,b
Cogui-55_luna-1,,Cogui,55_luna,'saka,'saka,'s/s a k a,,Constenla2005,690,,^ 's a k a $,Cogui,e
Arhuaco-55_luna-1,,Arhuaco,55_luna,'tima,'tima,'t/t i m a,,Constenla2005,685,,^ 't i m a $,Arhuaco,b
Malayo-55_luna-1,,Malayo,55_luna,saga,saga,s a g a,,Constenla2005,690,,^ s a g a $,Malayo,e
Chimila-55_luna-1,,Chimila,55_luna,maʔmasu,maʔmasu,m a ʔ m a s u,,Constenla2005,691,,^ m a ʔ m a s u $,Chimila,
Chibcha-55_luna-1,,Chibcha,55_luna,tʲie,tʲie,tʲ i e,,Constenla2005,685,,^ tʲ i e $,Chibcha,b
CentralTunebo-55_luna-1,,CentralTunebo,55_luna,siʔ'joɾa,siʔ'joɾa,s i ʔ 'j/j o ɾ a,,Constenla2005,685,,^ s i ʔ 'j o ɾ a $,CentralTunebo,b
Bari-55_luna-1,,Bari,55_luna,tiba:,tiba:,t i b aː,,Constenla2005,685,,^ t i b a: $,Bari,b
LencaSalvador-56_llorar-1,,LencaSalvador,56_llorar,kaj,kaj,k a j,,Constenla2005,692,,^ k a j $,LencaSalvador,
LencaHonduras-56_llorar-1,,LencaHonduras,56_llorar,aj,aj,a j,,Constenla2005,693,,^ a j $,LencaHonduras,a
Cacaopera-56_llorar-1,,Cacaopera,56_llorar,walwa,walwa,w a l w a,,Constenla2005,694,,^ w a l w a $,Cacaopera,
Mayangna-56_llorar-1,,Mayangna,56_llorar,ajdi,ajdi,a j d i,,Constenla2005,693,,^ a j d i $,Mayangna,a
Ulwa-56_llorar-1,,Ulwa,56_llorar,ajda,ajda,a j d a,,Constenla2005,693,,^ a j d a $,Ulwa,a
Miskito-56_llorar-1,,Miskito,56_llorar,in,in,i n,,Constenla2005,695,,^ i n $,Miskito,
Pech-56_llorar-1,,Pech,56_llorar,àkàh,àkàh,à/a k à/a h,,Constenla2005,696,,^ à k à h $,Pech,
Rama-56_llorar-1,,Rama,56_llorar,paun,paun,p a u n,,Constenla2005,697,,^ p a u n $,Rama,b
MalekuJaika-56_llorar-1,,MalekuJaika,56_llorar,xue:,xue:,x u eː,,Constenla2005,698,,^ x u e: $,MalekuJaika,
Boruca-56_llorar-1,,Boruca,56_llorar,bò,bò,b ò/o,,Constenla2005,697,,^ b ò $,Boruca,b
Bribri-56_llorar-1,,Bribri,56_llorar,iĩ,iĩ,i ĩ,,Constenla2005,699,,^ i ĩ $,Bribri,c
Cabecar-56_llorar-1,,Cabecar,56_llorar,hĩ,hĩ,h ĩ,,Constenla2005,699,,^ h ĩ $,Cabecar,c
Teribe-56_llorar-1,,Teribe,56_llorar,sɾáɾ,sɾáɾ,s ɾ á/a ɾ,,Constenla2005,700,,^ s ɾ á ɾ $,Teribe,
Ngabere-56_llorar-1,,Ngabere,56_llorar,mui,mui,m u i,,Constenla2005,697,,^ m u i $,Ngabere,b
Buglere-56_llorar-1,,Buglere,56_llorar,moe,moe,m o e,,Constenla2005,697,,^ m o e $,Buglere,b
Dorasque-56_llorar-1,,Dorasque,56_llorar,bos,bos,b o s,,Constenla2005,697,,^ b o s $,Dorasque,b
SanBlasKuna-56_llorar-1,,SanBlasKuna,56_llorar,po,po,p o,,Constenla2005,697,,^ p o $,SanBlasKuna,b
Cogui-56_llorar-1,,Cogui,56_llorar,'mau,'mau,'m/m a u,,Constenla2005,697,,^ 'm a u $,Cogui,b
Arhuaco-56_llorar-1,,Arhuaco,56_llorar,mau,mau,m a u,,Constenla2005,697,,^ m a u $,Arhuaco,b
Malayo-56_llorar-1,,Malayo,56_llorar,áuau,áuau,á/a u a u,,Constenla2005,701,,^ á u a u $,Malayo,
Chimila-56_llorar-1,,Chimila,56_llorar,'o:ni,'o:ni,'oː/oː n i,,Constenla2005,702,,^ 'o: n i $,Chimila,
Chibcha-56_llorar-1,,Chibcha,56_llorar,kon,kon,k o n,,Constenla2005,703,,^ k o n $,Chibcha,ch
CentralTunebo-56_llorar-1,,CentralTunebo,56_llorar,ko'ni,ko'ni,k o 'n/n i,,Constenla2005,703,,^ k o 'n i $,CentralTunebo,ch
Bari-56_llorar-1,,Bari,56_llorar,kona,kona,k o n a,,Constenla2005,703,,^ k o n a $,Bari,ch
LencaSalvador-57_madre-1,,LencaSalvador,57_madre,laNke,laNke,l a n k e,,Constenla2005,704,,^ l a N k e $,LencaSalvador,
LencaHonduras-57_madre-1,,LencaHonduras,57_madre,mina,mina,m i n a,,Constenla2005,705,,^ m i n a $,LencaHonduras,a
Cacaopera-57_madre-1,,Cacaopera,57_madre,ami,ami,a m i,,Constenla2005,705,,^ a m i $,Cacaopera,a
Mayangna-57_madre-1,,Mayangna,57_madre,itaŋ,itaŋ,i t a ŋ,,Constenla2005,706,,^ i t a ŋ $,Mayangna,b
Ulwa-57_madre-1,,Ulwa,57_madre,itaŋ,itaŋ,i t a ŋ,,Constenla2005,706,,^ i t a ŋ $,Ulwa,b
Miskito-57_madre-1,,Miskito,57_madre,japti,japti,j a p t i,,Constenla2005,707,,^ j a p t i $,Miskito,
Pech-57_madre-1,,Pech,57_madre,kákì,kákì,k á/a k ì/i,,Constenla2005,708,,^ k á k ì $,Pech,
Rama-57_madre-1,,Rama,57_madre,aiɾuŋ,aiɾuŋ,a i ɾ u ŋ,,Constenla2005,709,,^ a i ɾ u ŋ $,Rama,
MalekuJaika-57_madre-1,,MalekuJaika,57_madre,su:,su:,s uː,,Constenla2005,710,,^ s u: $,MalekuJaika,
Boruca-57_madre-1,,Boruca,57_madre,bè,bè,b è/e,,Constenla2005,711,,^ b è $,Boruca,c
Bribri-57_madre-1,,Bribri,57_madre,abĩ́,abĩ́,a b ĩ́/ĩ,,Constenla2005,705,,^ a b ĩ́ $,Bribri,a
Cabecar-57_madre-1,,Cabecar,57_madre,bĩ́daã̀,bĩ́daã̀,b ĩ́/ĩ d a ã̀/ã,,Constenla2005,705,,^ b ĩ́ d a ã̀ $,Cabecar,a
Teribe-57_madre-1,,Teribe,57_madre,mé,mé,m é/e,,Constenla2005,711,,^ m é $,Teribe,c
Ngabere-57_madre-1,,Ngabere,57_madre,meje,meje,m e j e,,Constenla2005,711,,^ m e j e $,Ngabere,c
Buglere-57_madre-1,,Buglere,57_madre,tʃebi,tʃebi,tʃ e b i,,Constenla2005,712,,^ tʃ e b i $,Buglere,
Dorasque-57_madre-1,,Dorasque,57_madre,toó,toó,t o ó/o,,Constenla2005,713,,^ t o ó $,Dorasque,
SanBlasKuna-57_madre-1,,SanBlasKuna,57_madre,nana,nana,n a n a,,Constenla2005,714,,^ n a n a $,SanBlasKuna,
Cogui-57_madre-1,,Cogui,57_madre,'haba,'haba,'h/h a b a,,Constenla2005,715,,^ 'h a b a $,Cogui,ch
Arhuaco-57_madre-1,,Arhuaco,57_madre,'zaku,'zaku,'z/z a k u,,Constenla2005,716,,^ 'z a k u $,Arhuaco,
Malayo-57_madre-1,,Malayo,57_madre,abu,abu,a b u,,Constenla2005,715,,^ a b u $,Malayo,ch
Chimila-57_madre-1,,Chimila,57_madre,ka:hmanta,ka:hmanta,k aː h m a n t a,,Constenla2005,717,,^ k a: h m a n t a $,Chimila,
Chibcha-57_madre-1,,Chibcha,57_madre,ɣuaia,ɣuaia,ɣ u a i a,,Constenla2005,718,,^ ɣ u a i a $,Chibcha,
CentralTunebo-57_madre-1,,CentralTunebo,57_madre,a'ba,a'ba,'a/a b a,,Constenla2005,715,,^ a' b a $,CentralTunebo,ch
Bari-57_madre-1,,Bari,57_madre,abama,abama,a b a m a,,Constenla2005,715,,^ a b a m a $,Bari,ch
LencaSalvador-58_malo-1,,LencaSalvador,58_malo,ʃamtoa,ʃamtoa,ʃ a m t o a,,Constenla2005,719,,^ ʃ a m t o a $,LencaSalvador,a
LencaHonduras-58_malo-1,,LencaHonduras,58_malo,kiauɾu,kiauɾu,k i a u ɾ u,,Constenla2005,720,,^ k i a u ɾ u $,LencaHonduras,
Cacaopera-58_malo-1,,Cacaopera,58_malo,jamua,jamua,j a m u a,,Constenla2005,719,,^ j a m u a $,Cacaopera,a
Mayangna-58_malo-1,,Mayangna,58_malo,dutni,dutni,d u t n i,,Constenla2005,721,,^ d u t n i $,Mayangna,b
Ulwa-58_malo-1,,Ulwa,58_malo,dutka,dutka,d u t k a,,Constenla2005,721,,^ d u t k a $,Ulwa,b
Miskito-58_malo-1,,Miskito,58_malo,sawɾa,sawɾa,s a w ɾ a,,Constenla2005,722,,^ s a w ɾ a $,Miskito,
Pech-58_malo-1,,Pech,58_malo,wàɾkwá,wàɾkwá,w à/a ɾ kʷ á/a,,Constenla2005,723,,^ w à ɾ kw á $,Pech,c
Rama-58_malo-1,,Rama,58_malo,kwahala,kwahala,k w a h a l a,,Constenla2005,723,,^ k w a h a l a $,Rama,c
MalekuJaika-58_malo-1,,MalekuJaika,58_malo,eme: koka:ɾiŋa,eme: koka:ɾiŋa,e m eː + k o k aː ɾ i ŋ a,,Constenla2005,724,,^ e m e: + k o k a: ɾ i ŋ a $,MalekuJaika,
Boruca-58_malo-1,,Boruca,58_malo,sádʒèŋ,sádʒèŋ,s á/a dʒ è/e ŋ,,Constenla2005,725,,^ s á dʒ è ŋ $,Boruca,
Bribri-58_malo-1,,Bribri,58_malo,suɺǔ,suɺǔ,s u ɺ ǔ/u,,Constenla2005,726,,^ s u ɺ ǔ $,Bribri,ch
Cabecar-58_malo-1,,Cabecar,58_malo,saɺuí,saɺuí,s a ɺ u í/i,,Constenla2005,726,,^ s a ɺ u í $,Cabecar,ch
Teribe-58_malo-1,,Teribe,58_malo,ó,ó,ó/o,,Constenla2005,727,,^ ó $,Teribe,
Ngabere-58_malo-1,,Ngabere,58_malo,kɔme,kɔme,k ɔ m e,,Constenla2005,728,,^ k ɔ m e $,Ngabere,
Buglere-58_malo-1,,Buglere,58_malo,me no,me no,m e + n o,,Constenla2005,729,,^ m e + n o $,Buglere,
Dorasque-58_malo-1,,Dorasque,58_malo,irógla,irógla,i r ó/o g l a,,Constenla2005,730,,^ i r ó g l a $,Dorasque,
SanBlasKuna-58_malo-1,,SanBlasKuna,58_malo,itʃakkwakwa,itʃakkwakwa,i tʃ a k w a kʷ a,,Constenla2005,731,,^ i tʃ a kk w a kw a $,SanBlasKuna,
Cogui-58_malo-1,,Cogui,58_malo,'ʃane,'ʃane,'ʃ/ʃ a n e,,Constenla2005,732,,^ 'ʃ a n e $,Cogui,
Arhuaco-58_malo-1,,Arhuaco,58_malo,du naʔ neika,du naʔ neika,d u + n a ʔ + n e i k a,,Constenla2005,733,,^ d u + n a ʔ + n e i k a $,Arhuaco,
Malayo-58_malo-1,,Malayo,58_malo,unanduanéka,unanduanéka,u n a n d u a n é/e k a,,Constenla2005,734,,^ u n a n d u a n é k a $,Malayo,
Chimila-58_malo-1,,Chimila,58_malo,dʒo:ta,dʒo:ta,dʒ oː t a,,Constenla2005,735,,^ dʒ o: t a $,Chimila,
Chibcha-58_malo-1,,Chibcha,58_malo,atʲuentsa,atʲuentsa,a tʲ u e n ts a,,Constenla2005,736,,^ a tʲ u e n ts a $,Chibcha,
CentralTunebo-58_malo-1,,CentralTunebo,58_malo,aj batɾo,aj batɾo,a j + b a t ɾ o,,Constenla2005,737,,^ a j + b a t ɾ o $,CentralTunebo,
Bari-58_malo-1,,Bari,58_malo,atakkasu,atakkasu,a t a k a s u,,Constenla2005,738,,^ a t a kk a s u $,Bari,
LencaSalvador-59_mano-1,,LencaSalvador,59_mano,koʃaka,koʃaka,k o ʃ a k a,,Constenla2005,739,,^ k o ʃ a k a $,LencaSalvador,a
LencaHonduras-59_mano-1,,LencaHonduras,59_mano,kulala,kulala,k u l a l a,,Constenla2005,739,,^ k u l a l a $,LencaHonduras,a
Cacaopera-59_mano-1,,Cacaopera,59_mano,panam,panam,p a n a m,,Constenla2005,740,,^ p a n a m $,Cacaopera,
Mayangna-59_mano-1,,Mayangna,59_mano,tin,tin,t i n,,Constenla2005,741,,^ t i n $,Mayangna,b
Ulwa-59_mano-1,,Ulwa,59_mano,tin,tin,t i n,,Constenla2005,741,,^ t i n $,Ulwa,b
Miskito-59_mano-1,,Miskito,59_mano,mihta,mihta,m i h t a,,Constenla2005,742,,^ m i h t a $,Miskito,
Pech-59_mano-1,,Pech,59_mano,swà,swà,s w à/a,,Constenla2005,743,,^ s w à $,Pech,
Rama-59_mano-1,,Rama,59_mano,kwi:k,kwi:k,k w iː k,,Constenla2005,744,,^ k w i: k $,Rama,c
MalekuJaika-59_mano-1,,MalekuJaika,59_mano,kuki:,kuki:,k u k iː,,Constenla2005,744,,^ k u k i: $,MalekuJaika,c
Boruca-59_mano-1,,Boruca,59_mano,dʒùɾéʔ,dʒùɾéʔ,dʒ ù/u ɾ é/e ʔ,,Constenla2005,745,,^ dʒ ù ɾ é ʔ $,Boruca,ch
Bribri-59_mano-1,,Bribri,59_mano,uɺa,uɺa,u ɺ a,,Constenla2005,745,,^ u ɺ a $,Bribri,ch
Cabecar-59_mano-1,,Cabecar,59_mano,huɺà,huɺà,h u ɺ à/a,,Constenla2005,745,,^ h u ɺ à $,Cabecar,ch
Teribe-59_mano-1,,Teribe,59_mano,óɾkuò,óɾkuò,ó/o ɾ k u ò/o,,Constenla2005,746,,^ ó ɾ k u ò $,Teribe,d
Ngabere-59_mano-1,,Ngabere,59_mano,kise,kise,k i s e,,Constenla2005,747,,^ k i s e $,Ngabere,
Buglere-59_mano-1,,Buglere,59_mano,ko,ko,k o,,Constenla2005,739,,^ k o $,Buglere,a
Dorasque-59_mano-1,,Dorasque,59_mano,kul,kul,k u l,,Constenla2005,745,,^ k u l $,Dorasque,ch
SanBlasKuna-59_mano-1,,SanBlasKuna,59_mano,aɾkan,aɾkan,a ɾ k a n,,Constenla2005,746,,^ a ɾ k a n $,SanBlasKuna,d
Cogui-59_mano-1,,Cogui,59_mano,'kokala,'kokala,'k/k o k a l a,,Constenla2005,739,,^ 'k o k a l a $,Cogui,a
Arhuaco-59_mano-1,,Arhuaco,59_mano,'gunnɨ,'gunnɨ,'g/g u n ɨ,,Constenla2005,745,,^ 'g u nn ɨ $,Arhuaco,ch
Malayo-59_mano-1,,Malayo,59_mano,'gula,'gula,'g/g u l a,,Constenla2005,745,,^ 'g u l a $,Malayo,ch
Atanque-59_mano-1,,Atanque,59_mano,gúna,gúna,g ú/u n a,,Constenla2005,745,,^ g ú n a $,Atanque,ch
Chimila-59_mano-1,,Chimila,59_mano,hattakɾa,hattakɾa,h a t a k ɾ a,,Constenla2005,748,,^ h a tt a k ɾ a $,Chimila,e
Chibcha-59_mano-1,,Chibcha,59_mano,ɨta,ɨta,ɨ t a,,Constenla2005,748,,^ ɨ t a $,Chibcha,e
CentralTunebo-59_mano-1,,CentralTunebo,59_mano,'atkaɾa,'atkaɾa,'a/a t k a ɾ a,,Constenla2005,748,,^ 'a t k a ɾ a $,CentralTunebo,e
Bari-60_matar-1,,Bari,60_matar,akdu,akdu,a k d u,,Constenla2005,749,,^ a k d u $,Bari,
LencaSalvador-60_matar-1,,LencaSalvador,60_matar,ʃil,ʃil,ʃ i l,,Constenla2005,750,,^ ʃ i l $,LencaSalvador,
LencaHonduras-60_matar-1,,LencaHonduras,60_matar,kas,kas,k a s,,Constenla2005,751,,^ k a s $,LencaHonduras,
Cacaopera-60_matar-1,,Cacaopera,60_matar,kulina,kulina,k u l i n a,,Constenla2005,752,,^ k u l i n a $,Cacaopera,
Mayangna-60_matar-1,,Mayangna,60_matar,i:,i:,iː,,Constenla2005,753,,^ i: $,Mayangna,a
Ulwa-60_matar-1,,Ulwa,60_matar,i:,i:,iː,,Constenla2005,753,,^ i: $,Ulwa,a
Miskito-60_matar-1,,Miskito,60_matar,ik,ik,i k,,Constenla2005,753,,^ i k $,Miskito,a
Pech-60_matar-1,,Pech,60_matar,àmàs,àmàs,à/a m à/a s,,Constenla2005,754,,^ à m à s $,Pech,
Rama-60_matar-1,,Rama,60_matar,maliŋ,maliŋ,m a l i ŋ,,Constenla2005,755,,^ m a l i ŋ $,Rama,
MalekuJaika-60_matar-1,,MalekuJaika,60_matar,kua:,kua:,k u aː,,Constenla2005,756,,^ k u a: $,MalekuJaika,b
Boruca-60_matar-1,,Boruca,60_matar,áiʔ,áiʔ,á/a i ʔ,,Constenla2005,757,,^ á i ʔ $,Boruca,
Bribri-60_matar-1,,Bribri,60_matar,kʊt,kʊt,k ʊ t,,Constenla2005,758,,^ k ʊ t $,Bribri,c
Cabecar-60_matar-1,,Cabecar,60_matar,kot,kot,k o t,,Constenla2005,758,,^ k o t $,Cabecar,c
Teribe-60_matar-1,,Teribe,60_matar,zɾʊ́k,zɾʊ́k,z ɾ ʊ́/ʊ k,,Constenla2005,759,,^ z ɾ ʊ́ k $,Teribe,
Ngabere-60_matar-1,,Ngabere,60_matar,kɔmike,kɔmike,k ɔ m i k e,,Constenla2005,760,,^ k ɔ m i k e $,Ngabere,
Buglere-60_matar-1,,Buglere,60_matar,gweda,gweda,gʷ e d a,,Constenla2005,756,,^ gw e d a $,Buglere,b
SanBlasKuna-60_matar-1,,SanBlasKuna,60_matar,opurkwe,opurkwe,o p u r kʷ e,,Constenla2005,762,,^ o p u r kw e $,SanBlasKuna,
Cogui-60_matar-1,,Cogui,60_matar,gu'aʃ,gu'aʃ,g u 'a/a ʃ,,Constenla2005,756,,^ g u 'a ʃ $,Cogui,b
Arhuaco-60_matar-1,,Arhuaco,60_matar,'gwak,'gwak,'g/g w a k,,Constenla2005,756,,^ 'g w a k $,Arhuaco,b
Malayo-60_matar-1,,Malayo,60_matar,gwaʒ,gwaʒ,gʷ a ʒ,,Constenla2005,756,,^ gw a ʒ $,Malayo,b
Chimila-60_matar-1,,Chimila,60_matar,gwah,gwah,g w a h,,Constenla2005,756,,^ g w a h $,Chimila,b
Chibcha-60_matar-1,,Chibcha,60_matar,ɣu,ɣu,ɣ u,,Constenla2005,756,,^ ɣ u $,Chibcha,b
CentralTunebo-60_matar-1,,CentralTunebo,60_matar,ja'uwi,ja'uwi,j 'a/a u w i,,Constenla2005,763,,^ j a' u w i $,CentralTunebo,
Bari-60_matar-2,,Bari,60_matar,so,so,s o,,Constenla2005,764,,^ s o $,Bari,
LencaSalvador-61_montana-1,,LencaSalvador,61_montana,kotaN,kotaN,k o t a n,,Constenla2005,765,,^ k o t a N $,LencaSalvador,a
LencaHonduras-61_montana-1,,LencaHonduras,61_montana,kotaN,kotaN,k o t a n,,Constenla2005,765,,^ k o t a N $,LencaHonduras,a
Cacaopera-61_montana-1,,Cacaopera,61_montana,karan,karan,k a r a n,,Constenla2005,765,,^ k a r a n $,Cacaopera,a
Mayangna-61_montana-1,,Mayangna,61_montana,asaŋ,asaŋ,a s a ŋ,,Constenla2005,766,,^ a s a ŋ $,Mayangna,b
Ulwa-61_montana-1,,Ulwa,61_montana,asaŋ,asaŋ,a s a ŋ,,Constenla2005,766,,^ a s a ŋ $,Ulwa,b
Miskito-61_montana-1,,Miskito,61_montana,asaŋ taɾa,asaŋ taɾa,a s a ŋ + t a ɾ a,,Constenla2005,766,,^ a s a ŋ + t a ɾ a $,Miskito,b
Pech-61_montana-1,,Pech,61_montana,ʃókà,ʃókà,ʃ ó/o k à/a,,Constenla2005,767,,^ ʃ ó k à $,Pech,
Rama-61_montana-1,,Rama,61_montana,ta:sup,ta:sup,t aː s u p,,Constenla2005,768,,^ t a: s u p $,Rama,
MalekuJaika-61_montana-1,,MalekuJaika,61_montana,okteki:,okteki:,o k t e k iː,,Constenla2005,769,,^ o k t e k i: $,MalekuJaika,
Boruca-61_montana-1,,Boruca,61_montana,dʒàbáʔtáŋ,dʒàbáʔtáŋ,dʒ à/a b á/a ʔ t á/a ŋ,,Constenla2005,770,,^ dʒ à b á ʔ t á ŋ $,Boruca,
Bribri-61_montana-1,,Bribri,61_montana,kã̂ batà,kã̂ batà,k ã̂/ã + b a t à/a,,Constenla2005,771,,^ k ã̂ + b a t à $,Bribri,c
Cabecar-61_montana-1,,Cabecar,61_montana,kã́ batà,kã́ batà,k ã́/ã + b a t à/a,,Constenla2005,771,,^ k ã́ + b a t à $,Cabecar,c
Teribe-61_montana-1,,Teribe,61_montana,dɺùb,dɺùb,d ɺ ù/u b,,Constenla2005,772,,^ d ɺ ù b $,Teribe,
Ngabere-61_montana-1,,Ngabere,61_montana,ŋutio,ŋutio,ŋ u t i o,,Constenla2005,773,,^ ŋ u t i o $,Ngabere,
Buglere-61_montana-1,,Buglere,61_montana,hwitʃuga,hwitʃuga,h w i tʃ u g a,,Constenla2005,774,,^ h w i tʃ u g a $,Buglere,d
Dorasque-61_montana-1,,Dorasque,61_montana,tuú,tuú,t u ú/u,,Constenla2005,775,,^ t u ú $,Dorasque,
SanBlasKuna-61_montana-1,,SanBlasKuna,61_montana,jala,jala,j a l a,,Constenla2005,776,,^ j a l a $,SanBlasKuna,
Cogui-61_montana-1,,Cogui,61_montana,ge'ka,ge'ka,g e 'k/k a,,Constenla2005,777,,^ g e 'k a $,Cogui,
Arhuaco-61_montana-1,,Arhuaco,61_montana,'gwiɾkənɨ,'gwiɾkənɨ,'g/g w i ɾ k ə n ɨ,,Constenla2005,774,,^ 'g w i ɾ k ə n ɨ $,Arhuaco,d
Malayo-61_montana-1,,Malayo,61_montana,ʃimu'rua,ʃimu'rua,ʃ i m 'u/u r u a,,Constenla2005,778,,^ ʃ i m u' r u a $,Malayo,
Chimila-61_montana-1,,Chimila,61_montana,ittikoŋkɾa,ittikoŋkɾa,i t i k o ŋ k ɾ a,,Constenla2005,779,,^ i tt i k o ŋ k ɾ a $,Chimila,
Chibcha-61_montana-1,,Chibcha,61_montana,ɣua,ɣua,ɣ u a,,Constenla2005,774,,^ ɣ u a $,Chibcha,d
CentralTunebo-61_montana-1,,CentralTunebo,61_montana,'kubaɾa,'kubaɾa,'k/k u b a ɾ a,,Constenla2005,780,,^ 'k u b a ɾ a $,CentralTunebo,
Bari-61_montana-1,,Bari,61_montana,ɲena,ɲena,ɲ e n a,,Constenla2005,781,,^ ɲ e n a $,Bari,
LencaSalvador-62_morder-1,,LencaSalvador,62_morder,ti,ti,t i,,Constenla2005,782,,^ t i $,LencaSalvador,
LencaHonduras-62_morder-1,,LencaHonduras,62_morder,kaj,kaj,k a j,,Constenla2005,783,,^ k a j $,LencaHonduras,a
Cacaopera-62_morder-1,,Cacaopera,62_morder,api,api,a p i,,Constenla2005,784,,^ a p i $,Cacaopera,
Mayangna-62_morder-1,,Mayangna,62_morder,kas,kas,k a s,,Constenla2005,783,,^ k a s $,Mayangna,a
Ulwa-62_morder-1,,Ulwa,62_morder,kas,kas,k a s,,Constenla2005,783,,^ k a s $,Ulwa,a
Miskito-62_morder-1,,Miskito,62_morder,sam,sam,s a m,,Constenla2005,785,,^ s a m $,Miskito,
Pech-62_morder-1,,Pech,62_morder,sáhkɾàh,sáhkɾàh,s á/a h k ɾ à/a h,,Constenla2005,786,,^ s á h k ɾ à h $,Pech,
Rama-62_morder-1,,Rama,62_morder,aɾŋul,aɾŋul,a ɾ ŋ u l,,Constenla2005,787,,^ a ɾ ŋ u l $,Rama,
MalekuJaika-62_morder-1,,MalekuJaika,62_morder,tʃiu:,tʃiu:,tʃ i uː,,Constenla2005,788,,^ tʃ i u: $,MalekuJaika,
Boruca-62_morder-1,,Boruca,62_morder,túʔ,túʔ,t ú/u ʔ,,Constenla2005,789,,^ t ú ʔ $,Boruca,
Bribri-62_morder-1,,Bribri,62_morder,kʊ,kʊ,k ʊ,,Constenla2005,790,,^ k ʊ $,Bribri,b
Cabecar-62_morder-1,,Cabecar,62_morder,kʊ,kʊ,k ʊ,,Constenla2005,790,,^ k ʊ $,Cabecar,b
Teribe-62_morder-1,,Teribe,62_morder,uɪ́,uɪ́,u ɪ́/ɪ,,Constenla2005,791,,^ u ɪ́ $,Teribe,
Ngabere-62_morder-1,,Ngabere,62_morder,kwet,kwet,k w e t,,Constenla2005,792,,^ k w e t $,Ngabere,c
Buglere-62_morder-1,,Buglere,62_morder,gute,gute,g u t e,,Constenla2005,792,,^ g u t e $,Buglere,c
SanBlasKuna-62_morder-1,,SanBlasKuna,62_morder,kunn,kunn,k u n,,Constenla2005,792,,^ k u nn $,SanBlasKuna,c
Cogui-62_morder-1,,Cogui,62_morder,hau'lihiĩ,hau'lihiĩ,h a u 'l/l i h i ĩ,,Constenla2005,794,,^ h a u 'l i h i ĩ $,Cogui,
Arhuaco-62_morder-1,,Arhuaco,62_morder,kə'kus,kə'kus,k ə 'k/k u s,,Constenla2005,795,,^ k ə 'k u s $,Arhuaco,
Malayo-62_morder-1,,Malayo,62_morder,ʒangaka,ʒangaka,ʒ a n g a k a,,Constenla2005,796,,^ ʒ a n g a k a $,Malayo,
Chimila-62_morder-1,,Chimila,62_morder,ɾa:gwa,ɾa:gwa,ɾ aː g w a,,Constenla2005,797,,^ ɾ a: g w a $,Chimila,
Chibcha-62_morder-1,,Chibcha,62_morder,ka,ka,k a,,Constenla2005,783,,^ k a $,Chibcha,a
CentralTunebo-62_morder-1,,CentralTunebo,62_morder,'koʔ,'koʔ,'k/k o ʔ,,Constenla2005,790,,^ 'k o ʔ $,CentralTunebo,b
Bari-62_morder-1,,Bari,62_morder,ko,ko,k o,,Constenla2005,790,,^ k o $,Bari,b
LencaSalvador-63_mujer-1,,LencaSalvador,63_mujer,sija,sija,s i j a,,Constenla2005,798,,^ s i j a $,LencaSalvador,
LencaHonduras-63_mujer-1,,LencaHonduras,63_mujer,mop,mop,m o p,,Constenla2005,799,,^ m o p $,LencaHonduras,
Cacaopera-63_mujer-1,,Cacaopera,63_mujer,juara,juara,j u a r a,,Constenla2005,800,,^ j u a r a $,Cacaopera,a
Mayangna-63_mujer-1,,Mayangna,63_mujer,jal,jal,j a l,,Constenla2005,800,,^ j a l $,Mayangna,a
Ulwa-63_mujer-1,,Ulwa,63_mujer,jal,jal,j a l,,Constenla2005,800,,^ j a l $,Ulwa,a
Miskito-63_mujer-1,,Miskito,63_mujer,majrin,majrin,m a j r i n,,Constenla2005,801,,^ m a j r i n $,Miskito,b
Pech-63_mujer-1,,Pech,63_mujer,kóɾtà,kóɾtà,k ó/o ɾ t à/a,,Constenla2005,802,,^ k ó ɾ t à $,Pech,c
Rama-63_mujer-1,,Rama,63_mujer,kuma:,kuma:,k u m aː,,Constenla2005,803,,^ k u m a: $,Rama,
MalekuJaika-63_mujer-1,,MalekuJaika,63_mujer,kuɾi:xuɾi:,kuɾi:xuɾi:,k u ɾ iː x u ɾ iː,,Constenla2005,802,,^ k u ɾ i: x u ɾ i: $,MalekuJaika,c
Boruca-63_mujer-1,,Boruca,63_mujer,ɾamɾóxk,ɾamɾóxk,ɾ a m ɾ ó/o x k,,Constenla2005,804,,^ ɾ a m ɾ ó x k $,Boruca,ch
Bribri-63_mujer-1,,Bribri,63_mujer,aɺá-kʊ̀ɺ,aɺá-kʊ̀ɺ,a ɺ á/a + k ʊ̀/ʊ ɺ,,Constenla2005,804,,^ a ɺ á - k ʊ̀ ɺ $,Bribri,ch
Cabecar-63_mujer-1,,Cabecar,63_mujer,aɺâ-kɺʊ̀,aɺâ-kɺʊ̀,a ɺ â/a + k ɺ ʊ̀/ʊ,,Constenla2005,804,,^ a ɺ â - k ɺ ʊ̀ $,Cabecar,ch
Teribe-63_mujer-1,,Teribe,63_mujer,uàɺɪ́,uàɺɪ́,u à/a ɺ ɪ́/ɪ,,Constenla2005,805,,^ u à ɺ ɪ́ $,Teribe,
Ngabere-63_mujer-1,,Ngabere,63_mujer,meɾi,meɾi,m e ɾ i,,Constenla2005,801,,^ m e ɾ i $,Ngabere,b
Buglere-63_mujer-1,,Buglere,63_mujer,mũĩŋa,mũĩŋa,m ũ ĩ ŋ a,,Constenla2005,806,,^ m ũ ĩ ŋ a $,Buglere,
Dorasque-63_mujer-1,,Dorasque,63_mujer,biá,biá,b i á/a,,Constenla2005,807,,^ b i á $,Dorasque,e
SanBlasKuna-63_mujer-1,,SanBlasKuna,63_mujer,ome,ome,o m e,,Constenla2005,808,,^ o m e $,SanBlasKuna,
Cogui-63_mujer-1,,Cogui,63_mujer,'munʒi,'munʒi,'m/m u n ʒ i,,Constenla2005,809,,^ 'm u n ʒ i $,Cogui,d
Arhuaco-63_mujer-1,,Arhuaco,63_mujer,aʔ'mia,aʔ'mia,a ʔ 'm/m i a,,Constenla2005,810,,^ a ʔ 'm i a $,Arhuaco,
Malayo-63_mujer-1,,Malayo,63_mujer,'mena,'mena,'m/m e n a,,Constenla2005,801,,^ 'm e n a $,Malayo,b
Chimila-63_mujer-1,,Chimila,63_mujer,dʒuwiɾi,dʒuwiɾi,dʒ u w i ɾ i,,Constenla2005,811,,^ dʒ u w i ɾ i $,Chimila,
Chibcha-63_mujer-1,,Chibcha,63_mujer,βuhutʲa,βuhutʲa,β u h u tʲ a,,Constenla2005,809,,^ β u h u tʲ a $,Chibcha,d
CentralTunebo-63_mujer-1,,CentralTunebo,63_mujer,wi'wa,wi'wa,w i 'w/w a,,Constenla2005,812,,^ w i 'w a $,CentralTunebo,
Bari-63_mujer-1,,Bari,63_mujer,bio,bio,b i o,,Constenla2005,807,,^ b i o $,Bari,e
LencaSalvador-64_nariz-1,,LencaSalvador,64_nariz,nepkuɾu,nepkuɾu,n e p k u ɾ u,,Constenla2005,813,,^ n e p k u ɾ u $,LencaSalvador,a
LencaHonduras-64_nariz-1,,LencaHonduras,64_nariz,nepsek,nepsek,n e p s e k,,Constenla2005,813,,^ n e p s e k $,LencaHonduras,a
Cacaopera-64_nariz-1,,Cacaopera,64_nariz,namn,namn,n a m n,,Constenla2005,813,,^ n a m n $,Cacaopera,a
Mayangna-64_nariz-1,,Mayangna,64_nariz,nam,nam,n a m,,Constenla2005,813,,^ n a m $,Mayangna,a
Ulwa-64_nariz-1,,Ulwa,64_nariz,nantak,nantak,n a n t a k,,Constenla2005,813,,^ n a n t a k $,Ulwa,a
Miskito-64_nariz-1,,Miskito,64_nariz,kakma,kakma,k a k m a,,Constenla2005,814,,^ k a k m a $,Miskito,
Pech-64_nariz-1,,Pech,64_nariz,tã́jsá,tã́jsá,t ã́/ã j s á/a,,Constenla2005,813,,^ t ã́ j s á $,Pech,a
Rama-64_nariz-1,,Rama,64_nariz,taik,taik,t a i k,,Constenla2005,813,,^ t a i k $,Rama,a
MalekuJaika-64_nariz-1,,MalekuJaika,64_nariz,tai:ki,tai:ki,t a iː k i,,Constenla2005,813,,^ t a i: k i $,MalekuJaika,a
Boruca-64_nariz-1,,Boruca,64_nariz,ʃìská,ʃìská,ʃ ì/i s k á/a,,Constenla2005,815,,^ ʃ ì s k á $,Boruca,
Bribri-64_nariz-1,,Bribri,64_nariz,dʒɪ̂k,dʒɪ̂k,dʒ ɪ̂/ɪ k,,Constenla2005,813,,^ dʒ ɪ̂ k $,Bribri,a
Cabecar-64_nariz-1,,Cabecar,64_nariz,dʒík,dʒík,dʒ í/i k,,Constenla2005,813,,^ dʒ í k $,Cabecar,a
Teribe-64_nariz-1,,Teribe,64_nariz,nékuò,nékuò,n é/e k u ò/o,,Constenla2005,813,,^ n é k u ò $,Teribe,a
Ngabere-64_nariz-1,,Ngabere,64_nariz,ĩsɔ̃,ĩsɔ̃,ĩ s ɔ̃,,Constenla2005,816,,^ ĩ s ɔ̃ $,Ngabere,
Buglere-64_nariz-1,,Buglere,64_nariz,se,se,s e,,Constenla2005,817,,^ s e $,Buglere,
Dorasque-64_nariz-1,,Dorasque,64_nariz,nekó,nekó,n e k ó/o,,Constenla2005,813,,^ n e k ó $,Dorasque,a
SanBlasKuna-64_nariz-1,,SanBlasKuna,64_nariz,asu,asu,a s u,,Constenla2005,818,,^ a s u $,SanBlasKuna,
Cogui-64_nariz-1,,Cogui,64_nariz,hũ'nũkala,hũ'nũkala,h ũ 'n/n ũ k a l a,,Constenla2005,819,,^ h ũ 'n ũ k a l a $,Cogui,
Arhuaco-64_nariz-1,,Arhuaco,64_nariz,mi'suŋɨ,mi'suŋɨ,m i 's/s u ŋ ɨ,,Constenla2005,820,,^ m i 's u ŋ ɨ $,Arhuaco,b
Malayo-64_nariz-1,,Malayo,64_nariz,mĩʃu'a,mĩʃu'a,m ĩ ʃ 'u/u a,,Constenla2005,821,,^ m ĩ ʃ u' a $,Malayo,
Chimila-64_nariz-1,,Chimila,64_nariz,da:,da:,d aː,,Constenla2005,813,,^ d a: $,Chimila,a
Chibcha-64_nariz-1,,Chibcha,64_nariz,saka,saka,s a k a,,Constenla2005,813,,^ s a k a $,Chibcha,a
CentralTunebo-64_nariz-1,,CentralTunebo,64_nariz,'reʃa,'reʃa,'r/r e ʃ a,,Constenla2005,813,,^ 'r e ʃ a $,CentralTunebo,a
Bari-64_nariz-1,,Bari,64_nariz,nissa,nissa,n i s a,,Constenla2005,813,,^ n i ss a $,Bari,a
LencaSalvador-65_negro-1,,LencaSalvador,65_negro,sinka,sinka,s i n k a,,Constenla2005,822,,^ s i n k a $,LencaSalvador,a
LencaHonduras-65_negro-1,,LencaHonduras,65_negro,siɾi,siɾi,s i ɾ i,,Constenla2005,822,,^ s i ɾ i $,LencaHonduras,a
Cacaopera-65_negro-1,,Cacaopera,65_negro,mulka,mulka,m u l k a,,Constenla2005,823,,^ m u l k a $,Cacaopera,
Mayangna-65_negro-1,,Mayangna,65_negro,sa:ni,sa:ni,s aː n i,,Constenla2005,824,,^ s a: n i $,Mayangna,b
Ulwa-65_negro-1,,Ulwa,65_negro,baraska,baraska,b a r a s k a,,Constenla2005,825,,^ b a r a s k a $,Ulwa,c
Miskito-65_negro-1,,Miskito,65_negro,siksa,siksa,s i k s a,,Constenla2005,822,,^ s i k s a $,Miskito,a
Pech-65_negro-1,,Pech,65_negro,sã̀wnkwa,sã̀wnkwa,s ã̀/ã w n kʷ a,,Constenla2005,826,,^ s ã̀ w n kw a $,Pech,
Rama-65_negro-1,,Rama,65_negro,paɾŋa,paɾŋa,p a ɾ ŋ a,,Constenla2005,825,,^ p a ɾ ŋ a $,Rama,c
MalekuJaika-65_negro-1,,MalekuJaika,65_negro,utʃu:li iŋa:,utʃu:li iŋa:,u tʃ uː l i + i ŋ aː,,Constenla2005,827,,^ u tʃ u: l i + i ŋ a: $,MalekuJaika,
Boruca-65_negro-1,,Boruca,65_negro,tùɾìnát,tùɾìnát,t ù/u ɾ ì/i n á/a t,,Constenla2005,828,,^ t ù ɾ ì n á t $,Boruca,
Bribri-65_negro-1,,Bribri,65_negro,daɺǒɺǒ,daɺǒɺǒ,d a ɺ ǒ/o ɺ ǒ/o,,Constenla2005,829,,^ d a ɺ ǒ ɺ ǒ $,Bribri,ch
Cabecar-65_negro-1,,Cabecar,65_negro,doɺódã̀,doɺódã̀,d o ɺ ó/o d ã̀/ã,,Constenla2005,829,,^ d o ɺ ó d ã̀ $,Cabecar,ch
Teribe-65_negro-1,,Teribe,65_negro,sòksĩ́,sòksĩ́,s ò/o k s ĩ́/ĩ,,Constenla2005,830,,^ s ò k s ĩ́ $,Teribe,
Ngabere-65_negro-1,,Ngabere,65_negro,dɾɯne,dɾɯne,d ɾ ɯ n e,,Constenla2005,825,,^ d ɾ ɯ n e $,Ngabere,c
Buglere-65_negro-1,,Buglere,65_negro,heɾe,heɾe,h e ɾ e,,Constenla2005,831,,^ h e ɾ e $,Buglere,
Dorasque-65_negro-1,,Dorasque,65_negro,saná,saná,s a n á/a,,Constenla2005,824,,^ s a n á $,Dorasque,b
SanBlasKuna-65_negro-1,,SanBlasKuna,65_negro,sitʃi,sitʃi,s i tʃ i,,Constenla2005,832,,^ s i tʃ i $,SanBlasKuna,
Cogui-65_negro-1,,Cogui,65_negro,a'baksɯ,a'baksɯ,a 'b/b a k s ɯ,,Constenla2005,825,,^ a 'b a k s ɯ $,Cogui,c
Arhuaco-65_negro-1,,Arhuaco,65_negro,twi kawa,twi kawa,t w i + k a w a,,Constenla2005,833,,^ t w i + k a w a $,Arhuaco,
Malayo-65_negro-1,,Malayo,65_negro,amɨkʃi,amɨkʃi,a m ɨ k ʃ i,,Constenla2005,825,,^ a m ɨ k ʃ i $,Malayo,c
Chimila-65_negro-1,,Chimila,65_negro,sih'tu,sih'tu,s i h 't/t u,,Constenla2005,822,,^ s i h 't u $,Chimila,a
Chibcha-65_negro-1,,Chibcha,65_negro,mɨhɨsio,mɨhɨsio,m ɨ h ɨ s i o,,Constenla2005,825,,^ m ɨ h ɨ s i o $,Chibcha,c
CentralTunebo-65_negro-1,,CentralTunebo,65_negro,ti'kaja,ti'kaja,t i 'k/k a j a,,Constenla2005,834,,^ t i 'k a j a $,CentralTunebo,
Bari-65_negro-1,,Bari,65_negro,ma:,ma:,m aː,,Constenla2005,824,,^ m a: $,Bari,b
LencaSalvador-66_nino-1,,LencaSalvador,66_nino,wewe,wewe,w e w e,,Constenla2005,835,,^ w e w e $,LencaSalvador,a
LencaHonduras-66_nino-1,,LencaHonduras,66_nino,wewe,wewe,w e w e,,Constenla2005,835,,^ w e w e $,LencaHonduras,a
Cacaopera-66_nino-1,,Cacaopera,66_nino,misa,misa,m i s a,,Constenla2005,836,,^ m i s a $,Cacaopera,
Mayangna-66_nino-1,,Mayangna,66_nino,muihbin,muihbin,m u i h b i n,,Constenla2005,837,,^ m u i h b i n $,Mayangna,
Ulwa-66_nino-1,,Ulwa,66_nino,baka,baka,b a k a,,Constenla2005,838,,^ b a k a $,Ulwa,b
Miskito-66_nino-1,,Miskito,66_nino,tuktan,tuktan,t u k t a n,,Constenla2005,839,,^ t u k t a n $,Miskito,
Pech-66_nino-1,,Pech,66_nino,jé,jé,j é/e,,Constenla2005,840,,^ j é $,Pech,
Rama-66_nino-1,,Rama,66_nino,ti:skama,ti:skama,t iː s k a m a,,Constenla2005,841,,^ t i: s k a m a $,Rama,
MalekuJaika-66_nino-1,,MalekuJaika,66_nino,aɾaptʃa:,aɾaptʃa:,a ɾ a p tʃ aː,,Constenla2005,842,,^ a ɾ a p tʃ a: $,MalekuJaika,c
Boruca-66_nino-1,,Boruca,66_nino,uáʔ,uáʔ,u á/a ʔ,,Constenla2005,835,,^ u á ʔ $,Boruca,a
Bribri-66_nino-1,,Bribri,66_nino,aɺá,aɺá,a ɺ á/a,,Constenla2005,842,,^ a ɺ á $,Bribri,c
Cabecar-66_nino-1,,Cabecar,66_nino,dʒabà,dʒabà,dʒ a b à/a,,Constenla2005,843,,^ dʒ a b à $,Cabecar,d
Teribe-66_nino-1,,Teribe,66_nino,ã́ũã̀,ã́ũã̀,ã́/ã ũ ã̀/ã,,Constenla2005,844,,^ ã́ ũ ã̀ $,Teribe,
Ngabere-66_nino-1,,Ngabere,66_nino,nɔbɔgɾe,nɔbɔgɾe,n ɔ b ɔ g ɾ e,,Constenla2005,843,,^ n ɔ b ɔ g ɾ e $,Ngabere,d
Buglere-66_nino-1,,Buglere,66_nino,kiɾogwa,kiɾogwa,k i ɾ o gʷ a,,Constenla2005,845,,^ k i ɾ o gw a $,Buglere,
Dorasque-66_nino-1,,Dorasque,66_nino,áni,áni,á/a n i,,Constenla2005,842,,^ á n i $,Dorasque,c
SanBlasKuna-66_nino-1,,SanBlasKuna,66_nino,matʃikwa,matʃikwa,m a tʃ i kʷ a,,Constenla2005,846,,^ m a tʃ i kw a $,SanBlasKuna,
Cogui-66_nino-1,,Cogui,66_nino,'sukua,'sukua,'s/s u k u a,,Constenla2005,847,,^ 's u k u a $,Cogui,
Arhuaco-66_nino-1,,Arhuaco,66_nino,gəmmɨ'sinɨ,gəmmɨ'sinɨ,g ə m ɨ 's/s i n ɨ,,Constenla2005,843,,^ g ə mm ɨ 's i n ɨ $,Arhuaco,d
Malayo-66_nino-1,,Malayo,66_nino,gɨmɨntina,gɨmɨntina,g ɨ m ɨ n t i n a,,Constenla2005,843,,^ g ɨ m ɨ n t i n a $,Malayo,d
Chimila-66_nino-1,,Chimila,66_nino,'oggwe,'oggwe,'o/o g w e,,Constenla2005,848,,^ 'o gg w e $,Chimila,
Chibcha-66_nino-1,,Chibcha,66_nino,ɣuasɣua,ɣuasɣua,ɣ u a s ɣ u a,,Constenla2005,835,,^ ɣ u a s ɣ u a $,Chibcha,a
CentralTunebo-66_nino-1,,CentralTunebo,66_nino,'saha,'saha,'s/s a h a,,Constenla2005,849,,^ 's a h a $,CentralTunebo,
Bari-66_nino-1,,Bari,66_nino,baku,baku,b a k u,,Constenla2005,838,,^ b a k u $,Bari,b
LencaSalvador-67_no-1,,LencaSalvador,67_no,ke,ke,k e,,Constenla2005,850,,^ k e $,LencaSalvador,a
LencaHonduras-67_no-1,,LencaHonduras,67_no,te,te,t e,,Constenla2005,851,,^ t e $,LencaHonduras,b
Cacaopera-67_no-1,,Cacaopera,67_no,san,san,s a n,,Constenla2005,852,,^ s a n $,Cacaopera,c
Mayangna-67_no-1,,Mayangna,67_no,sa,sa,s a,,Constenla2005,852,,^ s a $,Mayangna,c
Ulwa-67_no-1,,Ulwa,67_no,sa,sa,s a,,Constenla2005,852,,^ s a $,Ulwa,c
Miskito-67_no-1,,Miskito,67_no,s,s,s,,Constenla2005,852,,^ s $,Miskito,c
Pech-67_no-1,,Pech,67_no,t,t,t,,Constenla2005,851,,^ t $,Pech,b
Rama-67_no-1,,Rama,67_no,a:,a:,aː,,Constenla2005,853,,^ a: $,Rama,
MalekuJaika-67_no-1,,MalekuJaika,67_no,e:pe,e:pe,eː p e,,Constenla2005,854,,^ e: p e $,MalekuJaika,ch
Boruca-67_no-1,,Boruca,67_no,íʔʃì,íʔʃì,í/i ʔ ʃ ì/i,,Constenla2005,855,,^ í ʔ ʃ ì $,Boruca,
Bribri-67_no-1,,Bribri,67_no,kɪ́,kɪ́,k ɪ́/ɪ,,Constenla2005,850,,^ k ɪ́ $,Bribri,a
Cabecar-67_no-1,,Cabecar,67_no,ká,ká,k á/a,,Constenla2005,850,,^ k á $,Cabecar,a
Teribe-67_no-1,,Teribe,67_no,ʒɪ́m,ʒɪ́m,ʒ ɪ́/ɪ m,,Constenla2005,856,,^ ʒ ɪ́ m $,Teribe,
Ngabere-67_no-1,,Ngabere,67_no,ɲakaɾe,ɲakaɾe,ɲ a k a ɾ e,,Constenla2005,857,,^ ɲ a k a ɾ e $,Ngabere,
Buglere-67_no-1,,Buglere,67_no,me,me,m e,,Constenla2005,854,,^ m e $,Buglere,ch
SanBlasKuna-67_no-1,,SanBlasKuna,67_no,suli,suli,s u l i,,Constenla2005,859,,^ s u l i $,SanBlasKuna,
Cogui-67_no-1,,Cogui,67_no,sa,sa,s a,,Constenla2005,852,,^ s a $,Cogui,c
Arhuaco-67_no-1,,Arhuaco,67_no,uʔ,uʔ,u ʔ,,Constenla2005,860,,^ u ʔ $,Arhuaco,d
Malayo-67_no-1,,Malayo,67_no,ung,ung,u n g,,Constenla2005,860,,^ u n g $,Malayo,d
Chimila-67_no-1,,Chimila,67_no,dʒumma,dʒumma,dʒ u m a,,Constenla2005,861,,^ dʒ u mm a $,Chimila,
Chibcha-67_no-1,,Chibcha,67_no,tsa,tsa,ts a,,Constenla2005,862,,^ ts a $,Chibcha,
CentralTunebo-67_no-1,,CentralTunebo,67_no,'baɾ,'baɾ,'b/b a ɾ,,Constenla2005,863,,^ 'b a ɾ $,CentralTunebo,
Bari-67_no-1,,Bari,67_no,akkaba,akkaba,a k a b a,,Constenla2005,864,,^ a kk a b a $,Bari,
LencaSalvador-68_noche-1,,LencaSalvador,68_noche,ts'upa,ts'upa,ts 'u/u p a,,Constenla2005,865,,^ ts 'u p a $,LencaSalvador,
LencaHonduras-68_noche-1,,LencaHonduras,68_noche,taNki,taNki,t a n k i,,Constenla2005,866,,^ t a N k i $,LencaHonduras,
Cacaopera-68_noche-1,,Cacaopera,68_noche,iran,iran,i r a n,,Constenla2005,867,,^ i r a n $,Cacaopera,
Mayangna-68_noche-1,,Mayangna,68_noche,pukta,pukta,p u k t a,,Constenla2005,868,,^ p u k t a $,Mayangna,a
Ulwa-68_noche-1,,Ulwa,68_noche,pukka,pukka,p u k a,,Constenla2005,868,,^ p u kk a $,Ulwa,a
Miskito-68_noche-1,,Miskito,68_noche,tihmja,tihmja,t i h m j a,,Constenla2005,869,,^ t i h m j a $,Miskito,
Pech-68_noche-1,,Pech,68_noche,kàká,kàká,k à/a k á/a,,Constenla2005,870,,^ k à k á $,Pech,
Rama-68_noche-1,,Rama,68_noche,kik,kik,k i k,,Constenla2005,871,,^ k i k $,Rama,
MalekuJaika-68_noche-1,,MalekuJaika,68_noche,tiu:ɾika:,tiu:ɾika:,t i uː ɾ i k aː,,Constenla2005,872,,^ t i u: ɾ i k a: $,MalekuJaika,b
Boruca-68_noche-1,,Boruca,68_noche,bìgát,bìgát,b ì/i g á/a t,,Constenla2005,873,,^ b ì g á t $,Boruca,
Bribri-68_noche-1,,Bribri,68_noche,dadʒẽ̂uè,dadʒẽ̂uè,d a dʒ ẽ̂/ẽ u è/e,,Constenla2005,874,,^ d a dʒ ẽ̂ u è $,Bribri,
Cabecar-68_noche-1,,Cabecar,68_noche,tauídã̀,tauídã̀,t a u í/i d ã̀/ã,,Constenla2005,872,,^ t a u í d ã̀ $,Cabecar,b
Teribe-68_noche-1,,Teribe,68_noche,ʃkɪ́,ʃkɪ́,ʃ k ɪ́/ɪ,,Constenla2005,875,,^ ʃ k ɪ́ $,Teribe,
Ngabere-68_noche-1,,Ngabere,68_noche,deu,deu,d e u,,Constenla2005,876,,^ d e u $,Ngabere,
Buglere-68_noche-1,,Buglere,68_noche,ŋaheɾe,ŋaheɾe,ŋ a h e ɾ e,,Constenla2005,877,,^ ŋ a h e ɾ e $,Buglere,
Dorasque-68_noche-1,,Dorasque,68_noche,be,be,b e,,Constenla2005,878,,^ b e $,Dorasque,
SanBlasKuna-68_noche-1,,SanBlasKuna,68_noche,muttikki,muttikki,m u t i k i,,Constenla2005,879,,^ m u tt i kk i $,SanBlasKuna,
Cogui-68_noche-1,,Cogui,68_noche,'sesɯn,'sesɯn,'s/s e s ɯ n,,Constenla2005,880,,^ 's e s ɯ n $,Cogui,c
Arhuaco-68_noche-1,,Arhuaco,68_noche,'seiaʔ,'seiaʔ,'s/s e i a ʔ,,Constenla2005,880,,^ 's e i a ʔ $,Arhuaco,c
Malayo-68_noche-1,,Malayo,68_noche,ʃe,ʃe,ʃ e,,Constenla2005,880,,^ ʃ e $,Malayo,c
Chimila-68_noche-1,,Chimila,68_noche,'sihnaka,'sihnaka,'s/s i h n a k a,,Constenla2005,880,,^ 's i h n a k a $,Chimila,c
Chibcha-68_noche-1,,Chibcha,68_noche,tsa,tsa,ts a,,Constenla2005,880,,^ ts a $,Chibcha,c
CentralTunebo-68_noche-1,,CentralTunebo,68_noche,'ʃejkaɾa,'ʃejkaɾa,'ʃ/ʃ e j k a ɾ a,,Constenla2005,880,,^ 'ʃ e j k a ɾ a $,CentralTunebo,c
Bari-68_noche-1,,Bari,68_noche,sẽẽ,sẽẽ,s ẽ ẽ,,Constenla2005,880,,^ s ẽ ẽ $,Bari,c
LencaSalvador-69_nosotros-1,,LencaSalvador,69_nosotros,pinani,pinani,p i n a n i,,Constenla2005,881,,^ p i n a n i $,LencaSalvador,a
LencaHonduras-69_nosotros-1,,LencaHonduras,69_nosotros,apinan,apinan,a p i n a n,,Constenla2005,881,,^ a p i n a n $,LencaHonduras,a
Cacaopera-69_nosotros-1,,Cacaopera,69_nosotros,jam-takahi,jam-takahi,j a m + t a k a h i,,Constenla2005,882,,^ j a m - t a k a h i $,Cacaopera,
Mayangna-69_nosotros-1,,Mayangna,69_nosotros,jaŋ-na,jaŋ-na,j a ŋ + n a,,Constenla2005,883,,^ j a ŋ - n a $,Mayangna,b
Ulwa-69_nosotros-1,,Ulwa,69_nosotros,jaŋ-na,jaŋ-na,j a ŋ + n a,,Constenla2005,883,,^ j a ŋ - n a $,Ulwa,b
Miskito-69_nosotros-1,,Miskito,69_nosotros,jaŋ-nani,jaŋ-nani,j a ŋ + n a n i,,Constenla2005,884,,^ j a ŋ - n a n i $,Miskito,
Arhuaco-69_nosotros-1,,Arhuaco,69_nosotros,untàs,untàs,u n t à/a s,,Constenla2005,885,,^ u n t à s $,Arhuaco,
Rama-69_nosotros-1,,Rama,69_nosotros,nusut,nusut,n u s u t,,Constenla2005,886,,^ n u s u t $,Rama,c
MalekuJaika-69_nosotros-1,,MalekuJaika,69_nosotros,toi:,toi:,t o iː,,Constenla2005,887,,^ t o i: $,MalekuJaika,
Boruca-69_nosotros-1,,Boruca,69_nosotros,dìʔ ɾóxk,dìʔ ɾóxk,d ì/i ʔ + ɾ ó/o x k,,Constenla2005,888,,^ d ì ʔ + ɾ ó x k $,Boruca,ch
Bribri-69_nosotros-1,,Bribri,69_nosotros,sǎʔ,sǎʔ,s ǎ/a ʔ,,Constenla2005,889,,^ s ǎ ʔ $,Bribri,d
Cabecar-69_nosotros-1,,Cabecar,69_nosotros,sá,sá,s á/a,,Constenla2005,889,,^ s á $,Cabecar,d
Teribe-69_nosotros-1,,Teribe,69_nosotros,tʰã̀ũã́,tʰã̀ũã́,tʰ ã̀/ã ũ ã́/ã,,Constenla2005,890,,^ tʰ ã̀ ũ ã́ $,Teribe,
Ngabere-69_nosotros-1,,Ngabere,69_nosotros,nũ,nũ,n ũ,,Constenla2005,886,,^ n ũ $,Ngabere,c
Buglere-69_nosotros-1,,Buglere,69_nosotros,tʃe,tʃe,tʃ e,,Constenla2005,891,,^ tʃ e $,Buglere,
Dorasque-69_nosotros-1,,Dorasque,69_nosotros,kuχúok,kuχúok,k u χ ú/u o k,,Constenla2005,892,,^ k u χ ú o k $,Dorasque,
SanBlasKuna-69_nosotros-1,,SanBlasKuna,69_nosotros,anmala,anmala,a n m a l a,,Constenla2005,893,,^ a n m a l a $,SanBlasKuna,
Cogui-69_nosotros-1,,Cogui,69_nosotros,'nasɯn,'nasɯn,'n/n a s ɯ n,,Constenla2005,894,,^ 'n a s ɯ n $,Cogui,
Arhuaco-69_nosotros-2,,Arhuaco,69_nosotros,'níwi,'níwi,'n/n í/i w i,,Constenla2005,888,,^ 'n í w i $,Arhuaco,ch
Malayo-69_nosotros-1,,Malayo,69_nosotros,nawindina,nawindina,n a w i n d i n a,,Constenla2005,895,,^ n a w i n d i n a $,Malayo,
CentralTunebo-69_nosotros-1,,CentralTunebo,69_nosotros,'isa,'isa,'i/i s a,,Constenla2005,896,,^ 'i s a $,CentralTunebo,
Chimila-69_nosotros-1,,Chimila,69_nosotros,na:ɾiɾaʔ,na:ɾiɾaʔ,n aː ɾ i ɾ a ʔ,,Constenla2005,897,,^ n a: ɾ i ɾ a ʔ $,Chimila,
Chibcha-69_nosotros-1,,Chibcha,69_nosotros,tʲie,tʲie,tʲ i e,,Constenla2005,898,,^ tʲ i e $,Chibcha,e
Bari-69_nosotros-1,,Bari,69_nosotros,tiɲi,tiɲi,t i ɲ i,,Constenla2005,898,,^ t i ɲ i $,Bari,e
LencaSalvador-70_nube-1,,LencaSalvador,70_nube,ts'upa,ts'upa,ts 'u/u p a,,Constenla2005,899,,^ ts 'u p a $,LencaSalvador,a
LencaHonduras-70_nube-1,,LencaHonduras,70_nube,tsopata,tsopata,t s o p a t a,,Constenla2005,899,,^ t s o p a t a $,LencaHonduras,a
Cacaopera-70_nube-1,,Cacaopera,70_nube,amu,amu,a m u,,Constenla2005,900,,^ a m u $,Cacaopera,b
Mayangna-70_nube-1,,Mayangna,70_nube,mukus,mukus,m u k u s,,Constenla2005,900,,^ m u k u s $,Mayangna,b
Ulwa-70_nube-1,,Ulwa,70_nube,mukus,mukus,m u k u s,,Constenla2005,900,,^ m u k u s $,Ulwa,b
Miskito-70_nube-1,,Miskito,70_nube,kasbrika,kasbrika,k a s b r i k a,,Constenla2005,901,,^ k a s b r i k a $,Miskito,
Pech-70_nube-1,,Pech,70_nube,wanàk,wanàk,w a n à/a k,,Constenla2005,902,,^ w a n à k $,Pech,
Rama-70_nube-1,,Rama,70_nube,nu:nikka:s,nu:nikka:s,n uː n i k aː s,,Constenla2005,903,,^ n u: n i kk a: s $,Rama,
MalekuJaika-70_nube-1,,MalekuJaika,70_nube,piu:,piu:,p i uː,,Constenla2005,900,,^ p i u: $,MalekuJaika,b
Boruca-70_nube-1,,Boruca,70_nube,bók,bók,b ó/o k,,Constenla2005,900,,^ b ó k $,Boruca,b
Bribri-70_nube-1,,Bribri,70_nube,bṍ,bṍ,b ṍ/õ,,Constenla2005,900,,^ b ṍ $,Bribri,b
Cabecar-70_nube-1,,Cabecar,70_nube,bõ̀,bõ̀,b õ̀/õ,,Constenla2005,900,,^ b õ̀ $,Cabecar,b
Teribe-70_nube-1,,Teribe,70_nube,ɸóŋ,ɸóŋ,ɸ ó/o ŋ,,Constenla2005,900,,^ ɸ ó ŋ $,Teribe,b
Ngabere-70_nube-1,,Ngabere,70_nube,mɯta,mɯta,m ɯ t a,,Constenla2005,900,,^ m ɯ t a $,Ngabere,b
Buglere-70_nube-1,,Buglere,70_nube,boga,boga,b o g a,,Constenla2005,900,,^ b o g a $,Buglere,b
Dorasque-70_nube-1,,Dorasque,70_nube,bókála,bókála,b ó/o k á/a l a,,Constenla2005,900,,^ b ó k á l a $,Dorasque,b
SanBlasKuna-70_nube-1,,SanBlasKuna,70_nube,mola,mola,m o l a,,Constenla2005,900,,^ m o l a $,SanBlasKuna,b
Cogui-70_nube-1,,Cogui,70_nube,'maui,'maui,'m/m a u i,,Constenla2005,900,,^ 'm a u i $,Cogui,b
Arhuaco-70_nube-1,,Arhuaco,70_nube,'məɲɨ,'məɲɨ,'m/m ə ɲ ɨ,,Constenla2005,900,,^ 'm ə ɲ ɨ $,Arhuaco,b
Malayo-70_nube-1,,Malayo,70_nube,moɲa,moɲa,m o ɲ a,,Constenla2005,900,,^ m o ɲ a $,Malayo,b
Chimila-70_nube-1,,Chimila,70_nube,monse,monse,m o n s e,,Constenla2005,900,,^ m o n s e $,Chimila,b
Chibcha-70_nube-1,,Chibcha,70_nube,ʔaoa,ʔaoa,ʔ a o a,,Constenla2005,900,,^ ʔ a o a $,Chibcha,b
CentralTunebo-70_nube-1,,CentralTunebo,70_nube,bowa'ɾa,bowa'ɾa,b o w 'a/a ɾ a,,Constenla2005,900,,^ b o w a' ɾ a $,CentralTunebo,b
Bari-70_nube-1,,Bari,70_nube,nĩɲĩkɨ,nĩɲĩkɨ,n ĩ ɲ ĩ k ɨ,,Constenla2005,904,,^ n ĩ ɲ ĩ k ɨ $,Bari,
LencaSalvador-71_nuevo-1,,LencaSalvador,71_nuevo,tuja,tuja,t u j a,,Constenla2005,905,,^ t u j a $,LencaSalvador,a
LencaHonduras-71_nuevo-1,,LencaHonduras,71_nuevo,tuja,tuja,t u j a,,Constenla2005,905,,^ t u j a $,LencaHonduras,a
Cacaopera-71_nuevo-1,,Cacaopera,71_nuevo,misinan,misinan,m i s i n a n,,Constenla2005,906,,^ m i s i n a n $,Cacaopera,b
Mayangna-71_nuevo-1,,Mayangna,71_nuevo,wisam,wisam,w i s a m,,Constenla2005,906,,^ w i s a m $,Mayangna,b
Ulwa-71_nuevo-1,,Ulwa,71_nuevo,bata:ka,bata:ka,b a t aː k a,,Constenla2005,907,,^ b a t a: k a $,Ulwa,
Miskito-71_nuevo-1,,Miskito,71_nuevo,raja,raja,r a j a,,Constenla2005,908,,^ r a j a $,Miskito,
Pech-71_nuevo-1,,Pech,71_nuevo,wàjʔkà,wàjʔkà,w à/a j ʔ k à/a,,Constenla2005,909,,^ w à j ʔ k à $,Pech,
Rama-71_nuevo-1,,Rama,71_nuevo,abi:sa,abi:sa,a b iː s a,,Constenla2005,906,,^ a b i: s a $,Rama,b
MalekuJaika-71_nuevo-1,,MalekuJaika,71_nuevo,ɬa:ŋalu:ɾi,ɬa:ŋalu:ɾi,ɬ aː ŋ a l uː ɾ i,,Constenla2005,910,,^ ɬ a: ŋ a l u: ɾ i $,MalekuJaika,
Boruca-71_nuevo-1,,Boruca,71_nuevo,kìnká,kìnká,k ì/i n k á/a,,Constenla2005,911,,^ k ì n k á $,Boruca,
Bribri-71_nuevo-1,,Bribri,71_nuevo,pã̌ã̀ɺĩ̀,pã̌ã̀ɺĩ̀,p ã̌/ã ã̀/ã ɺ ĩ̀/ĩ,,Constenla2005,912,,^ p ã̌ ã̀ ɺ ĩ̀ $,Bribri,
Cabecar-71_nuevo-1,,Cabecar,71_nuevo,spã́'nã̀,spã́'nã̀,s p ã́/ã 'n/n ã̀/ã,,Constenla2005,913,,^ s p ã́ 'n ã̀ $,Cabecar,
Teribe-71_nuevo-1,,Teribe,71_nuevo,tàgɺɪ́ŋ,tàgɺɪ́ŋ,t à/a g ɺ ɪ́/ɪ ŋ,,Constenla2005,914,,^ t à g ɺ ɪ́ ŋ $,Teribe,c
Ngabere-71_nuevo-1,,Ngabere,71_nuevo,mɣtɣ,mɣtɣ,m ɤ t ɤ,,Constenla2005,906,,^ m ɣ t ɣ $,Ngabere,b
Buglere-71_nuevo-1,,Buglere,71_nuevo,hageɾe,hageɾe,h a g e ɾ e,,Constenla2005,915,,^ h a g e ɾ e $,Buglere,
Dorasque-71_nuevo-1,,Dorasque,71_nuevo,ponol,ponol,p o n o l,,Constenla2005,916,,^ p o n o l $,Dorasque,
SanBlasKuna-71_nuevo-1,,SanBlasKuna,71_nuevo,pi:ni,pi:ni,p iː n i,,Constenla2005,906,,^ p i: n i $,SanBlasKuna,b
Cogui-71_nuevo-1,,Cogui,71_nuevo,a'bisa,a'bisa,a 'b/b i s a,,Constenla2005,906,,^ a 'b i s a $,Cogui,b
Arhuaco-71_nuevo-1,,Arhuaco,71_nuevo,a'bitti,a'bitti,'a/a b i t i,,Constenla2005,906,,^ a' b i tt i $,Arhuaco,b
Malayo-71_nuevo-1,,Malayo,71_nuevo,ambɨ'si,ambɨ'si,a m b ɨ 's/s i,,Constenla2005,906,,^ a m b ɨ 's i $,Malayo,b
Chimila-71_nuevo-1,,Chimila,71_nuevo,'takkeʔ,'takkeʔ,'t/t a k e ʔ,,Constenla2005,914,,^ 't a kk e ʔ $,Chimila,c
Chibcha-71_nuevo-1,,Chibcha,71_nuevo,βihitsa,βihitsa,β i h i ts a,,Constenla2005,906,,^ β i h i ts a $,Chibcha,b
CentralTunebo-71_nuevo-1,,CentralTunebo,71_nuevo,'ibsoja,'ibsoja,'i/i b s o j a,,Constenla2005,906,,^ 'i b s o j a $,CentralTunebo,b
Bari-71_nuevo-1,,Bari,71_nuevo,okdo,okdo,o k d o,,Constenla2005,917,,^ o k d o $,Bari,
LencaSalvador-72_oir-1,,LencaSalvador,72_oir,eni,eni,e n i,,Constenla2005,918,,^ e n i $,LencaSalvador,a
LencaHonduras-72_oir-1,,LencaHonduras,72_oir,en,en,e n,,Constenla2005,918,,^ e n $,LencaHonduras,a
Cacaopera-72_oir-1,,Cacaopera,72_oir,ara,ara,a r a,,Constenla2005,919,,^ a r a $,Cacaopera,b
Mayangna-72_oir-1,,Mayangna,72_oir,daka,daka,d a k a,,Constenla2005,920,,^ d a k a $,Mayangna,c
Ulwa-72_oir-1,,Ulwa,72_oir,daka,daka,d a k a,,Constenla2005,920,,^ d a k a $,Ulwa,c
Miskito-72_oir-1,,Miskito,72_oir,wal,wal,w a l,,Constenla2005,919,,^ w a l $,Miskito,b
Pech-72_oir-1,,Pech,72_oir,weʃ,weʃ,w e ʃ,,Constenla2005,921,,^ w e ʃ $,Pech,
Rama-72_oir-1,,Rama,72_oir,alkuk,alkuk,a l k u k,,Constenla2005,922,,^ a l k u k $,Rama,ch
MalekuJaika-72_oir-1,,MalekuJaika,72_oir,tai:ki,tai:ki,t a iː k i,,Constenla2005,920,,^ t a i: k i $,MalekuJaika,c
Boruca-72_oir-1,,Boruca,72_oir,dóxk,dóxk,d ó/o x k,,Constenla2005,923,,^ d ó x k $,Boruca,d
Bribri-72_oir-1,,Bribri,72_oir,stsɪ,stsɪ,s ts ɪ,,Constenla2005,924,,^ s ts ɪ $,Bribri,e
Cabecar-72_oir-1,,Cabecar,72_oir,ksɪ,ksɪ,k s ɪ,,Constenla2005,924,,^ k s ɪ $,Cabecar,e
Teribe-72_oir-1,,Teribe,72_oir,kúk,kúk,k ú/u k,,Constenla2005,922,,^ k ú k $,Teribe,ch
Ngabere-72_oir-1,,Ngabere,72_oir,nu,nu,n u,,Constenla2005,923,,^ n u $,Ngabere,d
Buglere-72_oir-1,,Buglere,72_oir,tʃuge,tʃuge,tʃ u g e,,Constenla2005,923,,^ tʃ u g e $,Buglere,d
Dorasque-72_oir-1,,Dorasque,72_oir,tuktá,tuktá,t u k t á/a,,Constenla2005,925,,^ t u k t á $,Dorasque,
SanBlasKuna-72_oir-1,,SanBlasKuna,72_oir,itto,itto,i t o,,Constenla2005,926,,^ i tt o $,SanBlasKuna,
Cogui-72_oir-1,,Cogui,72_oir,'nuk,'nuk,'n/n u k,,Constenla2005,923,,^ 'n u k $,Cogui,d
Arhuaco-72_oir-1,,Arhuaco,72_oir,'noʔkw,'noʔkw,'n/n o ʔ kʷ,,Constenla2005,923,,^ 'n o ʔ kw $,Arhuaco,d
Malayo-72_oir-1,,Malayo,72_oir,nɨh'kwa,nɨh'kwa,n ɨ h 'k/k w a,,Constenla2005,923,,^ n ɨ h 'k w a $,Malayo,d
Chimila-72_oir-1,,Chimila,72_oir,nok,nok,n o k,,Constenla2005,923,,^ n o k $,Chimila,d
Chibcha-72_oir-1,,Chibcha,72_oir,nɨpkua,nɨpkua,n ɨ p k u a,,Constenla2005,919,,^ n ɨ p k u a $,Chibcha,b
CentralTunebo-72_oir-1,,CentralTunebo,72_oir,ɾaʔ,ɾaʔ,ɾ a ʔ,,Constenla2005,919,,^ ɾ a ʔ $,CentralTunebo,b
Bari-72_oir-1,,Bari,72_oir,ana:,ana:,a n aː,,Constenla2005,919,,^ a n a: $,Bari,b
LencaSalvador-73_ojo-1,,LencaSalvador,73_ojo,sap,sap,s a p,,Constenla2005,927,,^ s a p $,LencaSalvador,a
LencaHonduras-73_ojo-1,,LencaHonduras,73_ojo,sarin,sarin,s a r i n,,Constenla2005,927,,^ s a r i n $,LencaHonduras,a
Cacaopera-73_ojo-1,,Cacaopera,73_ojo,kunn,kunn,k u n,,Constenla2005,928,,^ k u nn $,Cacaopera,
Mayangna-73_ojo-1,,Mayangna,73_ojo,makpa,makpa,m a k p a,,Constenla2005,929,,^ m a k p a $,Mayangna,b
Ulwa-73_ojo-1,,Ulwa,73_ojo,makdaka,makdaka,m a k d a k a,,Constenla2005,929,,^ m a k d a k a $,Ulwa,b
Miskito-73_ojo-1,,Miskito,73_ojo,nakra,nakra,n a k r a,,Constenla2005,930,,^ n a k r a $,Miskito,
Pech-73_ojo-1,,Pech,73_ojo,wà,wà,w à/a,,Constenla2005,931,,^ w à $,Pech,c
Rama-73_ojo-1,,Rama,73_ojo,up,up,u p,,Constenla2005,931,,^ u p $,Rama,c
MalekuJaika-73_ojo-1,,MalekuJaika,73_ojo,ɸiɬi,ɸiɬi,ɸ i ɬ i,,Constenla2005,932,,^ ɸ i ɬ i $,MalekuJaika,
Boruca-73_ojo-1,,Boruca,73_ojo,kàʔíʃ kúb,kàʔíʃ kúb,k à/a ʔ í/i ʃ + k ú/u b,,Constenla2005,933,,^ k à ʔ í ʃ + k ú b $,Boruca,
Bribri-73_ojo-1,,Bribri,73_ojo,uʊ́baɺà,uʊ́baɺà,u ʊ́/ʊ b a ɺ à/a,,Constenla2005,931,,^ u ʊ́ b a ɺ à $,Bribri,c
Cabecar-73_ojo-1,,Cabecar,73_ojo,uʊ́baɺà,uʊ́baɺà,u ʊ́/ʊ b a ɺ à/a,,Constenla2005,931,,^ u ʊ́ b a ɺ à $,Cabecar,c
Teribe-73_ojo-1,,Teribe,73_ojo,bòkuò,bòkuò,b ò/o k u ò/o,,Constenla2005,931,,^ b ò k u ò $,Teribe,c
Ngabere-73_ojo-1,,Ngabere,73_ojo,okwɔ,okwɔ,o k w ɔ,,Constenla2005,934,,^ o k w ɔ $,Ngabere,ch
Buglere-73_ojo-1,,Buglere,73_ojo,gwagwa,gwagwa,gʷ a gʷ a,,Constenla2005,931,,^ gw a gw a $,Buglere,c
Dorasque-73_ojo-1,,Dorasque,73_ojo,okó,okó,o k ó/o,,Constenla2005,934,,^ o k ó $,Dorasque,ch
SanBlasKuna-73_ojo-1,,SanBlasKuna,73_ojo,ipia,ipia,i p i a,,Constenla2005,935,,^ i p i a $,SanBlasKuna,
Cogui-73_ojo-1,,Cogui,73_ojo,'uba,'uba,'u/u b a,,Constenla2005,931,,^ 'u b a $,Cogui,c
Arhuaco-73_ojo-1,,Arhuaco,73_ojo,'umɨ,'umɨ,'u/u m ɨ,,Constenla2005,931,,^ 'u m ɨ $,Arhuaco,c
Malayo-73_ojo-1,,Malayo,73_ojo,uma,uma,u m a,,Constenla2005,931,,^ u m a $,Malayo,c
Chimila-73_ojo-1,,Chimila,73_ojo,wa:kwa,wa:kwa,w aː k w a,,Constenla2005,931,,^ w a: k w a $,Chimila,c
Chibcha-73_ojo-1,,Chibcha,73_ojo,upkua,upkua,u p k u a,,Constenla2005,931,,^ u p k u a $,Chibcha,c
CentralTunebo-73_ojo-1,,CentralTunebo,73_ojo,'uba,'uba,'u/u b a,,Constenla2005,931,,^ 'u b a $,CentralTunebo,c
Bari-73_ojo-1,,Bari,73_ojo,o:,o:,oː,,Constenla2005,931,,^ o: $,Bari,c
LencaSalvador-74_oler-1,,LencaSalvador,74_oler,ʃuʃi,ʃuʃi,ʃ u ʃ i,,Constenla2005,936,,^ ʃ u ʃ i $,LencaSalvador,a
LencaHonduras-74_oler-1,,LencaHonduras,74_oler,suis,suis,s u i s,,Constenla2005,936,,^ s u i s $,LencaHonduras,a
Cacaopera-74_oler-1,,Cacaopera,74_oler,alawa,alawa,a l a w a,,Constenla2005,937,,^ a l a w a $,Cacaopera,b
Mayangna-74_oler-1,,Mayangna,74_oler,walap,walap,w a l a p,,Constenla2005,937,,^ w a l a p $,Mayangna,b
Ulwa-74_oler-1,,Ulwa,74_oler,um,um,u m,,Constenla2005,938,,^ u m $,Ulwa,
Miskito-74_oler-1,,Miskito,74_oler,kja wal,kja wal,k j a + w a l,,Constenla2005,939,,^ k j a + w a l $,Miskito,
Pech-74_oler-1,,Pech,74_oler,õ̀h,õ̀h,õ̀/õ h,,Constenla2005,940,,^ õ̀ h $,Pech,
Rama-74_oler-1,,Rama,74_oler,ŋu:k,ŋu:k,ŋ uː k,,Constenla2005,941,,^ ŋ u: k $,Rama,
MalekuJaika-74_oler-1,,MalekuJaika,74_oler,u:ɬa,u:ɬa,uː ɬ a,,Constenla2005,942,,^ u: ɬ a $,MalekuJaika,
Boruca-74_oler-1,,Boruca,74_oler,súk,súk,s ú/u k,,Constenla2005,943,,^ s ú k $,Boruca,
Bribri-74_oler-1,,Bribri,74_oler,aɺá stsɪ,aɺá stsɪ,a ɺ á/a + s ts ɪ,,Constenla2005,944,,^ a ɺ á + s ts ɪ $,Bribri,c
Cabecar-74_oler-1,,Cabecar,74_oler,haɺa ssɪ,haɺa ssɪ,h a ɺ a + s ɪ,,Constenla2005,944,,^ h a ɺ a + ss ɪ $,Cabecar,c
Teribe-74_oler-1,,Teribe,74_oler,ɺoʃík,ɺoʃík,ɺ o ʃ í/i k,,Constenla2005,945,,^ ɺ o ʃ í k $,Teribe,
Ngabere-74_oler-1,,Ngabere,74_oler,ɾɔse,ɾɔse,ɾ ɔ s e,,Constenla2005,944,,^ ɾ ɔ s e $,Ngabere,c
Buglere-74_oler-1,,Buglere,74_oler,ɲáhwẽ,ɲáhwẽ,ɲ á/a h w ẽ,,Constenla2005,946,,^ ɲ á h w ẽ $,Buglere,
SanBlasKuna-74_oler-1,,SanBlasKuna,74_oler,u,u,u,,Constenla2005,948,,^ u $,SanBlasKuna,
Cogui-74_oler-1,,Cogui,74_oler,'hungu,'hungu,'h/h u n g u,,Constenla2005,949,,^ 'h u n g u $,Cogui,
Arhuaco-74_oler-1,,Arhuaco,74_oler,ɾeʔbuss,ɾeʔbuss,ɾ e ʔ b u s,,Constenla2005,950,,^ ɾ e ʔ b u ss $,Arhuaco,
Malayo-74_oler-1,,Malayo,74_oler,nɨkɨnatuʒi,nɨkɨnatuʒi,n ɨ k ɨ n a t u ʒ i,,Constenla2005,951,,^ n ɨ k ɨ n a t u ʒ i $,Malayo,
Chimila-74_oler-1,,Chimila,74_oler,'mo:,'mo:,'m/m oː,,Constenla2005,952,,^ 'm o: $,Chimila,
Chibcha-74_oler-1,,Chibcha,74_oler,mɨskɨ,mɨskɨ,m ɨ s k ɨ,,Constenla2005,953,,^ m ɨ s k ɨ $,Chibcha,
CentralTunebo-74_oler-1,,CentralTunebo,74_oler,'ina jah,'ina jah,'i/i n a + j a h,,Constenla2005,954,,^ 'i n a + j a h $,CentralTunebo,
Bari-74_oler-1,,Bari,74_oler,atu,atu,a t u,,Constenla2005,955,,^ a t u $,Bari,
LencaSalvador-75_oreja-1,,LencaSalvador,75_oreja,tokoro,tokoro,t o k o r o,,Constenla2005,956,,^ t o k o r o $,LencaSalvador,a
LencaHonduras-75_oreja-1,,LencaHonduras,75_oreja,jaN,jaN,j a n,,Constenla2005,957,,^ j a N $,LencaHonduras,
Cacaopera-75_oreja-1,,Cacaopera,75_oreja,tupa,tupa,t u p a,,Constenla2005,958,,^ t u p a $,Cacaopera,b
Mayangna-75_oreja-1,,Mayangna,75_oreja,tapa,tapa,t a p a,,Constenla2005,958,,^ t a p a $,Mayangna,b
Ulwa-75_oreja-1,,Ulwa,75_oreja,tapa,tapa,t a p a,,Constenla2005,958,,^ t a p a $,Ulwa,b
Miskito-75_oreja-1,,Miskito,75_oreja,kjama,kjama,k j a m a,,Constenla2005,959,,^ k j a m a $,Miskito,
Pech-75_oreja-1,,Pech,75_oreja,sũh,sũh,s ũ h,,Constenla2005,960,,^ s ũ h $,Pech,
Rama-75_oreja-1,,Rama,75_oreja,ku-ka:,ku-ka:,k u + k aː,,Constenla2005,961,,^ k u - k a: $,Rama,c
MalekuJaika-75_oreja-1,,MalekuJaika,75_oreja,toko:,toko:,t o k oː,,Constenla2005,956,,^ t o k o: $,MalekuJaika,a
Boruca-75_oreja-1,,Boruca,75_oreja,kuágàx,kuágàx,k u á/a g à/a x,,Constenla2005,961,,^ k u á g à x $,Boruca,c
Bribri-75_oreja-1,,Bribri,75_oreja,kukʊ́,kukʊ́,k u k ʊ́/ʊ,,Constenla2005,961,,^ k u k ʊ́ $,Bribri,c
Cabecar-75_oreja-1,,Cabecar,75_oreja,kukʊ́,kukʊ́,k u k ʊ́/ʊ,,Constenla2005,961,,^ k u k ʊ́ $,Cabecar,c
Teribe-75_oreja-1,,Teribe,75_oreja,kuòŋ-uó,kuòŋ-uó,k u ò/o ŋ + u ó/o,,Constenla2005,961,,^ k u ò ŋ - u ó $,Teribe,c
Ngabere-75_oreja-1,,Ngabere,75_oreja,olo,olo,o l o,,Constenla2005,962,,^ o l o $,Ngabere,ch
Buglere-75_oreja-1,,Buglere,75_oreja,olo,olo,o l o,,Constenla2005,962,,^ o l o $,Buglere,ch
Dorasque-75_oreja-1,,Dorasque,75_oreja,ku-gá,ku-gá,k u + g á/a,,Constenla2005,961,,^ k u - g á $,Dorasque,c
SanBlasKuna-75_oreja-1,,SanBlasKuna,75_oreja,uaja,uaja,u a j a,,Constenla2005,963,,^ u a j a $,SanBlasKuna,
Cogui-75_oreja-1,,Cogui,75_oreja,'ku-ka,'ku-ka,'k/k u + k a,,Constenla2005,961,,^ 'k u - k a $,Cogui,c
Arhuaco-75_oreja-1,,Arhuaco,75_oreja,'kukkwɨ,'kukkwɨ,'k/k u k w ɨ,,Constenla2005,961,,^ 'k u kk w ɨ $,Arhuaco,c
Malayo-75_oreja-1,,Malayo,75_oreja,ku'-kwa,ku'-kwa,k 'u/u + kʷ a,,Constenla2005,961,,^ k u' - kw a $,Malayo,c
Chimila-75_oreja-1,,Chimila,75_oreja,ku:sa-ka,ku:sa-ka,k uː s a + k a,,Constenla2005,961,,^ k u: s a - k a $,Chimila,c
Chibcha-75_oreja-1,,Chibcha,75_oreja,kuhu-ka,kuhu-ka,k u h u + k a,,Constenla2005,961,,^ k u h u - k a $,Chibcha,c
CentralTunebo-75_oreja-1,,CentralTunebo,75_oreja,kuh-ka'ha,kuh-ka'ha,k u h + k 'a/a h a,,Constenla2005,961,,^ k u h - k a' h a $,CentralTunebo,c
Bari-75_oreja-1,,Bari,75_oreja,kokti,kokti,k o k t i,,Constenla2005,961,,^ k o k t i $,Bari,c
LencaSalvador-76_padre-1,,LencaSalvador,76_padre,t'ani,t'ani,t 'a/a n i,,Constenla2005,964,,^ t 'a n i $,LencaSalvador,
LencaHonduras-76_padre-1,,LencaHonduras,76_padre,papa,papa,p a p a,,Constenla2005,965,,^ p a p a $,LencaHonduras,a
Cacaopera-76_padre-1,,Cacaopera,76_padre,wapa,wapa,w a p a,,Constenla2005,965,,^ w a p a $,Cacaopera,a
Mayangna-76_padre-1,,Mayangna,76_padre,papaŋ,papaŋ,p a p a ŋ,,Constenla2005,965,,^ p a p a ŋ $,Mayangna,a
Ulwa-76_padre-1,,Ulwa,76_padre,papaŋ,papaŋ,p a p a ŋ,,Constenla2005,965,,^ p a p a ŋ $,Ulwa,a
Miskito-76_padre-1,,Miskito,76_padre,ajsa,ajsa,a j s a,,Constenla2005,966,,^ a j s a $,Miskito,
Pech-76_padre-1,,Pech,76_padre,tù:s,tù:s,t ùː/uː s,,Constenla2005,967,,^ t ù: s $,Pech,b
Rama-76_padre-1,,Rama,76_padre,tuŋ,tuŋ,t u ŋ,,Constenla2005,967,,^ t u ŋ $,Rama,b
MalekuJaika-76_padre-1,,MalekuJaika,76_padre,sa,sa,s a,,Constenla2005,968,,^ s a $,MalekuJaika,
Boruca-76_padre-1,,Boruca,76_padre,dʒèbèxt,dʒèbèxt,dʒ è/e b è/e x t,,Constenla2005,969,,^ dʒ è b è x t $,Boruca,
Bribri-76_padre-1,,Bribri,76_padre,dʒɪ̂,dʒɪ̂,dʒ ɪ̂/ɪ,,Constenla2005,970,,^ dʒ ɪ̂ $,Bribri,
Cabecar-76_padre-1,,Cabecar,76_padre,kákà,kákà,k á/a k à/a,,Constenla2005,971,,^ k á k à $,Cabecar,c
Teribe-76_padre-1,,Teribe,76_padre,kʰók,kʰók,kʰ ó/o k,,Constenla2005,971,,^ kʰ ó k $,Teribe,c
Ngabere-76_padre-1,,Ngabere,76_padre,rɯ̃,rɯ̃,r ɯ̃,,Constenla2005,972,,^ r ɯ̃ $,Ngabere,
Buglere-76_padre-1,,Buglere,76_padre,ɲenu,ɲenu,ɲ e n u,,Constenla2005,973,,^ ɲ e n u $,Buglere,
Dorasque-76_padre-1,,Dorasque,76_padre,su,su,s u,,Constenla2005,974,,^ s u $,Dorasque,
SanBlasKuna-76_padre-1,,SanBlasKuna,76_padre,papa,papa,p a p a,,Constenla2005,965,,^ p a p a $,SanBlasKuna,a
Cogui-76_padre-1,,Cogui,76_padre,'hate,'hate,'h/h a t e,,Constenla2005,975,,^ 'h a t e $,Cogui,ch
Arhuaco-76_padre-1,,Arhuaco,76_padre,'kakɨ,'kakɨ,'k/k a k ɨ,,Constenla2005,971,,^ 'k a k ɨ $,Arhuaco,c
Malayo-76_padre-1,,Malayo,76_padre,ade,ade,a d e,,Constenla2005,975,,^ a d e $,Malayo,ch
Atanque-76_padre-1,,Atanque,76_padre,káke,káke,k á/a k e,,Constenla2005,971,,^ k á k e $,Atanque,c
Chimila-76_padre-1,,Chimila,76_padre,dʒiaw,dʒiaw,dʒ i a w,,Constenla2005,976,,^ dʒ i a w $,Chimila,
Chibcha-76_padre-1,,Chibcha,76_padre,paβa,paβa,p a β a,,Constenla2005,977,,^ p a β a $,Chibcha,
CentralTunebo-76_padre-1,,CentralTunebo,76_padre,te'ta,te'ta,t e 't/t a,,Constenla2005,978,,^ t e 't a $,CentralTunebo,d
Bari-76_padre-1,,Bari,76_padre,taikda,taikda,t a i k d a,,Constenla2005,978,,^ t a i k d a $,Bari,d
LencaSalvador-77_pequeno-1,,LencaSalvador,77_pequeno,ts'iriʃki,ts'iriʃki,ts 'i/i r i ʃ k i,,Constenla2005,979,,^ ts 'i r i ʃ k i $,LencaSalvador,a
LencaHonduras-77_pequeno-1,,LencaHonduras,77_pequeno,pori,pori,p o r i,,Constenla2005,980,,^ p o r i $,LencaHonduras,
Cacaopera-77_pequeno-1,,Cacaopera,77_pequeno,tʃiki,tʃiki,tʃ i k i,,Constenla2005,979,,^ tʃ i k i $,Cacaopera,a
Mayangna-77_pequeno-1,,Mayangna,77_pequeno,bi-ni,bi-ni,b i + n i,,Constenla2005,981,,^ b i - n i $,Mayangna,b
Ulwa-77_pequeno-1,,Ulwa,77_pequeno,ba-ka,ba-ka,b a + k a,,Constenla2005,981,,^ b a - k a $,Ulwa,b
Miskito-77_pequeno-1,,Miskito,77_pequeno,sirpi,sirpi,s i r p i,,Constenla2005,979,,^ s i r p i $,Miskito,a
Pech-77_pequeno-1,,Pech,77_pequeno,jéʔ,jéʔ,j é/e ʔ,,Constenla2005,982,,^ j é ʔ $,Pech,
Rama-77_pequeno-1,,Rama,77_pequeno,suksuk,suksuk,s u k s u k,,Constenla2005,983,,^ s u k s u k $,Rama,
MalekuJaika-77_pequeno-1,,MalekuJaika,77_pequeno,noko:tʃa:,noko:tʃa:,n o k oː tʃ aː,,Constenla2005,984,,^ n o k o: tʃ a: $,MalekuJaika,
Boruca-77_pequeno-1,,Boruca,77_pequeno,ìstàmúɾá,ìstàmúɾá,ì/i s t à/a m ú/u ɾ á/a,,Constenla2005,985,,^ ì s t à m ú ɾ á $,Boruca,
Bribri-77_pequeno-1,,Bribri,77_pequeno,tsǐd,tsǐd,ts ǐ/i d,,Constenla2005,979,,^ ts ǐ d $,Bribri,a
Cabecar-77_pequeno-1,,Cabecar,77_pequeno,dʒuɺɪ́ɺà,dʒuɺɪ́ɺà,dʒ u ɺ ɪ́/ɪ ɺ à/a,,Constenla2005,986,,^ dʒ u ɺ ɪ́ ɺ à $,Cabecar,
Teribe-77_pequeno-1,,Teribe,77_pequeno,tíɾà,tíɾà,t í/i ɾ à/a,,Constenla2005,979,,^ t í ɾ à $,Teribe,a
Ngabere-77_pequeno-1,,Ngabere,77_pequeno,tʃi,tʃi,tʃ i,,Constenla2005,979,,^ tʃ i $,Ngabere,a
Buglere-77_pequeno-1,,Buglere,77_pequeno,soli,soli,s o l i,,Constenla2005,987,,^ s o l i $,Buglere,
Dorasque-77_pequeno-1,,Dorasque,77_pequeno,chital,chital,c h i t a l,,Constenla2005,979,,^ c h i t a l $,Dorasque,a
SanBlasKuna-77_pequeno-1,,SanBlasKuna,77_pequeno,tottokwa,tottokwa,t o t o kʷ a,,Constenla2005,988,,^ t o tt o kw a $,SanBlasKuna,
Cogui-77_pequeno-1,,Cogui,77_pequeno,'nanguze,'nanguze,'n/n a n g u z e,,Constenla2005,989,,^ 'n a n g u z e $,Cogui,
Arhuaco-77_pequeno-1,,Arhuaco,77_pequeno,in'gɨkawa,in'gɨkawa,i n 'g/g ɨ k a w a,,Constenla2005,990,,^ i n 'g ɨ k a w a $,Arhuaco,c
Malayo-77_pequeno-1,,Malayo,77_pequeno,'akwia,'akwia,'a/a kʷ i a,,Constenla2005,991,,^ 'a kw i a $,Malayo,
Chimila-77_pequeno-1,,Chimila,77_pequeno,'dissu'tuʔ,'dissu'tuʔ,'d/d i s u 't/t u ʔ,,Constenla2005,992,,^ 'd i ss u 't u ʔ $,Chimila,
Chibcha-77_pequeno-1,,Chibcha,77_pequeno,inɣe tsunɣa,inɣe tsunɣa,i n ɣ e + ts u n ɣ a,,Constenla2005,990,,^ i n ɣ e + ts u n ɣ a $,Chibcha,c
CentralTunebo-77_pequeno-1,,CentralTunebo,77_pequeno,'konuɾo,'konuɾo,'k/k o n u ɾ o,,Constenla2005,993,,^ 'k o n u ɾ o $,CentralTunebo,
Bari-77_pequeno-1,,Bari,77_pequeno,baku,baku,b a k u,,Constenla2005,994,,^ b a k u $,Bari,
LencaSalvador-78_perro-1,,LencaSalvador,78_perro,ʃuʃu,ʃuʃu,ʃ u ʃ u,,Constenla2005,995,,^ ʃ u ʃ u $,LencaSalvador,a
LencaHonduras-78_perro-1,,LencaHonduras,78_perro,suj,suj,s u j,,Constenla2005,995,,^ s u j $,LencaHonduras,a
Cacaopera-78_perro-1,,Cacaopera,78_perro,alu,alu,a l u,,Constenla2005,996,,^ a l u $,Cacaopera,
Mayangna-78_perro-1,,Mayangna,78_perro,sulu,sulu,s u l u,,Constenla2005,995,,^ s u l u $,Mayangna,a
Ulwa-78_perro-1,,Ulwa,78_perro,sulu,sulu,s u l u,,Constenla2005,995,,^ s u l u $,Ulwa,a
Miskito-78_perro-1,,Miskito,78_perro,jul,jul,j u l,,Constenla2005,997,,^ j u l $,Miskito,
Pech-78_perro-1,,Pech,78_perro,ʃúʃù,ʃúʃù,ʃ ú/u ʃ ù/u,,Constenla2005,995,,^ ʃ ú ʃ ù $,Pech,a
Rama-78_perro-1,,Rama,78_perro,tausuŋ,tausuŋ,t a u s u ŋ,,Constenla2005,998,,^ t a u s u ŋ $,Rama,
MalekuJaika-78_perro-1,,MalekuJaika,78_perro,au:si,au:si,a uː s i,,Constenla2005,999,,^ a u: s i $,MalekuJaika,
Boruca-78_perro-1,,Boruca,78_perro,àúx,àúx,à/a ú/u x,,Constenla2005,1000,,^ à ú x $,Boruca,
Bribri-78_perro-1,,Bribri,78_perro,tʃítʃì,tʃítʃì,tʃ í/i tʃ ì/i,,Constenla2005,1001,,^ tʃ í tʃ ì $,Bribri,b
Cabecar-78_perro-1,,Cabecar,78_perro,tʃítʃì,tʃítʃì,tʃ í/i tʃ ì/i,,Constenla2005,1001,,^ tʃ í tʃ ì $,Cabecar,b
Teribe-78_perro-1,,Teribe,78_perro,ʃíʃì,ʃíʃì,ʃ í/i ʃ ì/i,,Constenla2005,1002,,^ ʃ í ʃ ì $,Teribe,
Ngabere-78_perro-1,,Ngabere,78_perro,nu,nu,n u,,Constenla2005,1003,,^ n u $,Ngabere,c
Buglere-78_perro-1,,Buglere,78_perro,to,to,t o,,Constenla2005,1003,,^ t o $,Buglere,c
Dorasque-78_perro-1,,Dorasque,78_perro,bilo,bilo,b i l o,,Constenla2005,1004,,^ b i l o $,Dorasque,
SanBlasKuna-78_perro-1,,SanBlasKuna,78_perro,atʃu,atʃu,a tʃ u,,Constenla2005,1005,,^ a tʃ u $,SanBlasKuna,
Cogui-78_perro-1,,Cogui,78_perro,'pio,'pio,'p/p i o,,Constenla2005,1006,,^ 'p i o $,Cogui,
Arhuaco-78_perro-1,,Arhuaco,78_perro,'peɾɨ,'peɾɨ,'p/p e ɾ ɨ,,Constenla2005,1007,,^ 'p e ɾ ɨ $,Arhuaco,
Malayo-78_perro-1,,Malayo,78_perro,kɨnsi,kɨnsi,k ɨ n s i,,Constenla2005,1008,,^ k ɨ n s i $,Malayo,
Chimila-78_perro-1,,Chimila,78_perro,pe:kɾu,pe:kɾu,p eː k ɾ u,,Constenla2005,1009,,^ p e: k ɾ u $,Chimila,
Chibcha-78_perro-1,,Chibcha,78_perro,to,to,t o,,Constenla2005,1003,,^ t o $,Chibcha,c
CentralTunebo-78_perro-1,,CentralTunebo,78_perro,'bajaɾa,'bajaɾa,'b/b a j a ɾ a,,Constenla2005,1010,,^ 'b a j a ɾ a $,CentralTunebo,
Bari-78_perro-1,,Bari,78_perro,nunaba.,nunaba.,n u n a b a,,Constenla2005,1011,,^ n u n a b a . $,Bari,
LencaSalvador-79_pesado-1,,LencaSalvador,79_pesado,t'ili,t'ili,t 'i/i l i,,Constenla2005,1012,,^ t 'i l i $,LencaSalvador,a
LencaHonduras-79_pesado-1,,LencaHonduras,79_pesado,tiliba,tiliba,t i l i b a,,Constenla2005,1012,,^ t i l i b a $,LencaHonduras,a
Cacaopera-79_pesado-1,,Cacaopera,79_pesado,wim,wim,w i m,,Constenla2005,1013,,^ w i m $,Cacaopera,b
Mayangna-79_pesado-1,,Mayangna,79_pesado,tihni,tihni,t i h n i,,Constenla2005,1012,,^ t i h n i $,Mayangna,a
Ulwa-79_pesado-1,,Ulwa,79_pesado,ti:ka,ti:ka,t iː k a,,Constenla2005,1012,,^ t i: k a $,Ulwa,a
Miskito-79_pesado-1,,Miskito,79_pesado,wira,wira,w i r a,,Constenla2005,1013,,^ w i r a $,Miskito,b
Pech-79_pesado-1,,Pech,79_pesado,tè na,tè na,t è/e + n a,,Constenla2005,1014,,^ t è + n a $,Pech,
MalekuJaika-79_pesado-1,,MalekuJaika,79_pesado,taikɬaka: ipiki:teŋe:,taikɬaka: ipiki:teŋe:,t a i k ɬ a k aː + i p i k iː t e ŋ eː,,Constenla2005,1016,,^ t a i k ɬ a k a: + i p i k i: t e ŋ e: $,MalekuJaika,
Boruca-79_pesado-1,,Boruca,79_pesado,tsìsóŋ,tsìsóŋ,ts ì/i s ó/o ŋ,,Constenla2005,1017,,^ ts ì s ó ŋ $,Boruca,
Bribri-79_pesado-1,,Bribri,79_pesado,ẽ̂xkẽ̌,ẽ̂xkẽ̌,ẽ̂/ẽ x k ẽ̌/ẽ,,Constenla2005,1018,,^ ẽ̂ x k ẽ̌ $,Bribri,
Cabecar-79_pesado-1,,Cabecar,79_pesado,kidíi,kidíi,k i d í/i i,,Constenla2005,1019,,^ k i d í i $,Cabecar,
Teribe-79_pesado-1,,Teribe,79_pesado,kuíŋ,kuíŋ,k u í/i ŋ,,Constenla2005,1020,,^ k u í ŋ $,Teribe,
Ngabere-79_pesado-1,,Ngabere,79_pesado,dɔbɔgɔ,dɔbɔgɔ,d ɔ b ɔ g ɔ,,Constenla2005,1021,,^ d ɔ b ɔ g ɔ $,Ngabere,
Buglere-79_pesado-1,,Buglere,79_pesado,gaba,gaba,g a b a,,Constenla2005,1022,,^ g a b a $,Buglere,
SanBlasKuna-79_pesado-1,,SanBlasKuna,79_pesado,ukkusuli,ukkusuli,u k u s u l i,,Constenla2005,1024,,^ u kk u s u l i $,SanBlasKuna,
Cogui-79_pesado-1,,Cogui,79_pesado,matʃu ak'ze,matʃu ak'ze,m a tʃ u + a k 'z/z e,,Constenla2005,1025,,^ m a tʃ u + a k 'z e $,Cogui,c
Arhuaco-79_pesado-1,,Arhuaco,79_pesado,mɨaʔ'zɨna,mɨaʔ'zɨna,m ɨ a ʔ 'z/z ɨ n a,,Constenla2005,1025,,^ m ɨ a ʔ 'z ɨ n a $,Arhuaco,c
Malayo-79_pesado-1,,Malayo,79_pesado,gɨ anʒɨnga,gɨ anʒɨnga,g ɨ + a n ʒ ɨ n g a,,Constenla2005,1026,,^ g ɨ + a n ʒ ɨ n g a $,Malayo,
Chimila-79_pesado-1,,Chimila,79_pesado,'dikkoʔ,'dikkoʔ,'d/d i k o ʔ,,Constenla2005,1027,,^ 'd i kk o ʔ $,Chimila,
Chibcha-79_pesado-1,,Chibcha,79_pesado,βihitsko,βihitsko,β i h i ts k o,,Constenla2005,1028,,^ β i h i ts k o $,Chibcha,
CentralTunebo-79_pesado-1,,CentralTunebo,79_pesado,si'naɾa,si'naɾa,s i 'n/n a ɾ a,,Constenla2005,1029,,^ s i 'n a ɾ a $,CentralTunebo,
Bari-79_pesado-1,,Bari,79_pesado,a:bani.,a:bani.,aː b a n i,,Constenla2005,1030,,^ a: b a n i . $,Bari,
LencaSalvador-80_pez-1,,LencaSalvador,80_pez,ʃok'in,ʃok'in,ʃ o k 'i/i n,,Constenla2005,1031,,^ ʃ o k 'i n $,LencaSalvador,a
LencaHonduras-80_pez-1,,LencaHonduras,80_pez,sua,sua,s u a,,Constenla2005,1031,,^ s u a $,LencaHonduras,a
Cacaopera-80_pez-1,,Cacaopera,80_pez,jal,jal,j a l,,Constenla2005,1032,,^ j a l $,Cacaopera,
Mayangna-80_pez-1,,Mayangna,80_pez,was padini,was padini,w a s + p a d i n i,,Constenla2005,1033,,^ w a s + p a d i n i $,Mayangna,b
Ulwa-80_pez-1,,Ulwa,80_pez,was padika,was padika,w a s + p a d i k a,,Constenla2005,1033,,^ w a s + p a d i k a $,Ulwa,b
Miskito-80_pez-1,,Miskito,80_pez,inska,inska,i n s k a,,Constenla2005,1034,,^ i n s k a $,Miskito,
Pech-80_pez-1,,Pech,80_pez,ùʃã̀,ùʃã̀,ù/u ʃ ã̀/ã,,Constenla2005,1035,,^ ù ʃ ã̀ $,Pech,c
Rama-80_pez-1,,Rama,80_pez,salpka,salpka,s a l p k a,,Constenla2005,1036,,^ s a l p k a $,Rama,
MalekuJaika-80_pez-1,,MalekuJaika,80_pez,muɬu:,muɬu:,m u ɬ uː,,Constenla2005,1037,,^ m u ɬ u: $,MalekuJaika,
Boruca-80_pez-1,,Boruca,80_pez,ùŋ,ùŋ,ù/u ŋ,,Constenla2005,1035,,^ ù ŋ $,Boruca,c
Bribri-80_pez-1,,Bribri,80_pez,dibã́,dibã́,d i b ã́/ã,,Constenla2005,1038,,^ d i b ã́ $,Bribri,d
Cabecar-80_pez-1,,Cabecar,80_pez,dibã̀,dibã̀,d i b ã̀/ã,,Constenla2005,1038,,^ d i b ã̀ $,Cabecar,d
Teribe-80_pez-1,,Teribe,80_pez,mà,mà,m à/a,,Constenla2005,1035,,^ m à $,Teribe,c
Ngabere-80_pez-1,,Ngabere,80_pez,gwa,gwa,g w a,,Constenla2005,1035,,^ g w a $,Ngabere,c
Buglere-80_pez-1,,Buglere,80_pez,ŋwe,ŋwe,ŋ w e,,Constenla2005,1035,,^ ŋ w e $,Buglere,c
Dorasque-80_pez-1,,Dorasque,80_pez,kisi,kisi,k i s i,,Constenla2005,1039,,^ k i s i $,Dorasque,
SanBlasKuna-80_pez-1,,SanBlasKuna,80_pez,ua,ua,u a,,Constenla2005,1035,,^ u a $,SanBlasKuna,c
Cogui-80_pez-1,,Cogui,80_pez,ũa,ũa,ũ a,,Constenla2005,1035,,^ ũ a $,Cogui,c
Arhuaco-80_pez-1,,Arhuaco,80_pez,'wakɨ,'wakɨ,'w/w a k ɨ,,Constenla2005,1035,,^ 'w a k ɨ $,Arhuaco,c
Malayo-80_pez-1,,Malayo,80_pez,waka,waka,w a k a,,Constenla2005,1035,,^ w a k a $,Malayo,c
Chimila-80_pez-1,,Chimila,80_pez,wa:ŋgɾa:ʔ,wa:ŋgɾa:ʔ,w aː ŋ g ɾ aː ʔ,,Constenla2005,1035,,^ w a: ŋ g ɾ a: ʔ $,Chimila,c
Chibcha-80_pez-1,,Chibcha,80_pez,ɣua,ɣua,ɣ u a,,Constenla2005,1035,,^ ɣ u a $,Chibcha,c
CentralTunebo-80_pez-1,,CentralTunebo,80_pez,'ɾiʔ 'ɾuwa,'ɾiʔ 'ɾuwa,'ɾ/ɾ i ʔ + 'ɾ/ɾ u w a,,Constenla2005,1040,,^ 'ɾ i ʔ + 'ɾ u w a $,CentralTunebo,
Bari-80_pez-1,,Bari,80_pez,tai.,tai.,t a i,,Constenla2005,1041,,^ t a i . $,Bari,
LencaSalvador-81_pie-1,,LencaSalvador,81_pie,waʃaka,waʃaka,w a ʃ a k a,,Constenla2005,1042,,^ w a ʃ a k a $,LencaSalvador,a
LencaHonduras-81_pie-1,,LencaHonduras,81_pie,gwal,gwal,g w a l,,Constenla2005,1042,,^ g w a l $,LencaHonduras,a
Cacaopera-81_pie-1,,Cacaopera,81_pie,si'lin,si'lin,s i 'l/l i n,,Constenla2005,1043,,^ s i 'l i n $,Cacaopera,
Mayangna-81_pie-1,,Mayangna,81_pie,kal,kal,k a l,,Constenla2005,1044,,^ k a l $,Mayangna,b
Ulwa-81_pie-1,,Ulwa,81_pie,kal,kal,k a l,,Constenla2005,1044,,^ k a l $,Ulwa,b
Miskito-81_pie-1,,Miskito,81_pie,mina,mina,m i n a,,Constenla2005,1045,,^ m i n a $,Miskito,
Pech-81_pie-1,,Pech,81_pie,tàh,tàh,t à/a h,,Constenla2005,1046,,^ t à h $,Pech,
Rama-81_pie-1,,Rama,81_pie,ka:t,ka:t,k aː t,,Constenla2005,1044,,^ k a: t $,Rama,b
MalekuJaika-81_pie-1,,MalekuJaika,81_pie,ɬo:ki tʃa:,ɬo:ki tʃa:,ɬ oː k i + tʃ aː,,Constenla2005,1047,,^ ɬ o: k i + tʃ a: $,MalekuJaika,
Boruca-81_pie-1,,Boruca,81_pie,kùɾáskuà,kùɾáskuà,k ù/u ɾ á/a s k u à/a,,Constenla2005,1048,,^ k ù ɾ á s k u à $,Boruca,
Bribri-81_pie-1,,Bribri,81_pie,kaɺʊ́,kaɺʊ́,k a ɺ ʊ́/ʊ,,Constenla2005,1044,,^ k a ɺ ʊ́ $,Bribri,b
Cabecar-81_pie-1,,Cabecar,81_pie,kaɺʊ́,kaɺʊ́,k a ɺ ʊ́/ʊ,,Constenla2005,1044,,^ k a ɺ ʊ́ $,Cabecar,b
Teribe-81_pie-1,,Teribe,81_pie,ʃkóŋ,ʃkóŋ,ʃ k ó/o ŋ,,Constenla2005,1049,,^ ʃ k ó ŋ $,Teribe,c
Ngabere-81_pie-1,,Ngabere,81_pie,ŋoto,ŋoto,ŋ o t o,,Constenla2005,1050,,^ ŋ o t o $,Ngabere,
Buglere-81_pie-1,,Buglere,81_pie,seɾa,seɾa,s e ɾ a,,Constenla2005,1051,,^ s e ɾ a $,Buglere,ch
Dorasque-81_pie-1,,Dorasque,81_pie,ser,ser,s e r,,Constenla2005,1051,,^ s e r $,Dorasque,ch
SanBlasKuna-81_pie-1,,SanBlasKuna,81_pie,naka,naka,n a k a,,Constenla2005,1049,,^ n a k a $,SanBlasKuna,c
Cogui-81_pie-1,,Cogui,81_pie,kasa,kasa,k a s a,,Constenla2005,1052,,^ k a s a $,Cogui,d
Arhuaco-81_pie-1,,Arhuaco,81_pie,'kəttɨ,'kəttɨ,'k/k ə t ɨ,,Constenla2005,1052,,^ 'k ə tt ɨ $,Arhuaco,d
Malayo-81_pie-1,,Malayo,81_pie,kɨ'sa,kɨ'sa,k ɨ 's/s a,,Constenla2005,1052,,^ k ɨ 's a $,Malayo,d
Chimila-81_pie-1,,Chimila,81_pie,ka:sa,ka:sa,k aː s a,,Constenla2005,1052,,^ k a: s a $,Chimila,d
Chibcha-81_pie-1,,Chibcha,81_pie,kihitʲa,kihitʲa,k i h i tʲ a,,Constenla2005,1052,,^ k i h i tʲ a $,Chibcha,d
CentralTunebo-81_pie-1,,CentralTunebo,81_pie,'kesa,'kesa,'k/k e s a,,Constenla2005,1052,,^ 'k e s a $,CentralTunebo,d
Bari-81_pie-1,,Bari,81_pie,kihtu:,kihtu:,k i h t uː,,Constenla2005,1052,,^ k i h t u: $,Bari,d
LencaSalvador-82_piedra-1,,LencaSalvador,82_piedra,ke,ke,k e,,Constenla2005,1053,,^ k e $,LencaSalvador,a
LencaHonduras-82_piedra-1,,LencaHonduras,82_piedra,ke,ke,k e,,Constenla2005,1053,,^ k e $,LencaHonduras,a
Cacaopera-82_piedra-1,,Cacaopera,82_piedra,apa,apa,a p a,,Constenla2005,1054,,^ a p a $,Cacaopera,b
Mayangna-82_piedra-1,,Mayangna,82_piedra,ki,ki,k i,,Constenla2005,1053,,^ k i $,Mayangna,a
Ulwa-82_piedra-1,,Ulwa,82_piedra,ki,ki,k i,,Constenla2005,1053,,^ k i $,Ulwa,a
Miskito-82_piedra-1,,Miskito,82_piedra,walpa,walpa,w a l p a,,Constenla2005,1054,,^ w a l p a $,Miskito,b
Pech-82_piedra-1,,Pech,82_piedra,sàʔ,sàʔ,s à/a ʔ,,Constenla2005,1055,,^ s à ʔ $,Pech,
Rama-82_piedra-1,,Rama,82_piedra,ŋali:ŋ,ŋali:ŋ,ŋ a l iː ŋ,,Constenla2005,1056,,^ ŋ a l i: ŋ $,Rama,
MalekuJaika-82_piedra-1,,MalekuJaika,82_piedra,oktaɾa:,oktaɾa:,o k t a ɾ aː,,Constenla2005,1057,,^ o k t a ɾ a: $,MalekuJaika,c
Boruca-82_piedra-1,,Boruca,82_piedra,káŋ,káŋ,k á/a ŋ,,Constenla2005,1053,,^ k á ŋ $,Boruca,a
Bribri-82_piedra-1,,Bribri,82_piedra,âk,âk,â/a k,,Constenla2005,1057,,^ â k $,Bribri,c
Cabecar-82_piedra-1,,Cabecar,82_piedra,hák,hák,h á/a k,,Constenla2005,1057,,^ h á k $,Cabecar,c
Teribe-82_piedra-1,,Teribe,82_piedra,àk,àk,à/a k,,Constenla2005,1057,,^ à k $,Teribe,c
Ngabere-82_piedra-1,,Ngabere,82_piedra,hɔ,hɔ,h ɔ,,Constenla2005,1057,,^ h ɔ $,Ngabere,c
Buglere-82_piedra-1,,Buglere,82_piedra,ke,ke,k e,,Constenla2005,1053,,^ k e $,Buglere,a
Dorasque-82_piedra-1,,Dorasque,82_piedra,agá,agá,a g á/a,,Constenla2005,1057,,^ a g á $,Dorasque,c
SanBlasKuna-82_piedra-1,,SanBlasKuna,82_piedra,akkwa,akkwa,a k w a,,Constenla2005,1057,,^ a kk w a $,SanBlasKuna,c
Cogui-82_piedra-1,,Cogui,82_piedra,'hagi,'hagi,'h/h a g i,,Constenla2005,1057,,^ 'h a g i $,Cogui,c
Arhuaco-82_piedra-1,,Arhuaco,82_piedra,'aʔnɨ,'aʔnɨ,'a/a ʔ n ɨ,,Constenla2005,1057,,^ 'a ʔ n ɨ $,Arhuaco,c
Malayo-82_piedra-1,,Malayo,82_piedra,ɨgina,ɨgina,ɨ g i n a,,Constenla2005,1057,,^ ɨ g i n a $,Malayo,c
Chimila-82_piedra-1,,Chimila,82_piedra,kɾe:kakwi,kɾe:kakwi,k ɾ eː k a k w i,,Constenla2005,1058,,^ k ɾ e: k a k w i $,Chimila,
Chibcha-82_piedra-1,,Chibcha,82_piedra,hɨka,hɨka,h ɨ k a,,Constenla2005,1057,,^ h ɨ k a $,Chibcha,c
CentralTunebo-82_piedra-1,,CentralTunebo,82_piedra,a'ka,a'ka,'a/a k a,,Constenla2005,1057,,^ a' k a $,CentralTunebo,c
Bari-82_piedra-1,,Bari,82_piedra,ã:,ã:,ãː,,Constenla2005,1057,,^ ã: $,Bari,c
LencaSalvador-83_pierna-1,,LencaSalvador,83_pierna,pos,pos,p o s,,Constenla2005,1059,,^ p o s $,LencaSalvador,a
LencaHonduras-83_pierna-1,,LencaHonduras,83_pierna,kila,kila,k i l a,,Constenla2005,1060,,^ k i l a $,LencaHonduras,
Cacaopera-83_pierna-1,,Cacaopera,83_pierna,sulm,sulm,s u l m,,Constenla2005,1061,,^ s u l m $,Cacaopera,
Mayangna-83_pierna-1,,Mayangna,83_pierna,barahmak,barahmak,b a r a h m a k,,Constenla2005,1062,,^ b a r a h m a k $,Mayangna,b
Ulwa-83_pierna-1,,Ulwa,83_pierna,kalba,kalba,k a l b a,,Constenla2005,1063,,^ k a l b a $,Ulwa,
Miskito-83_pierna-1,,Miskito,83_pierna,kuhma,kuhma,k u h m a,,Constenla2005,1064,,^ k u h m a $,Miskito,
Pech-83_pierna-1,,Pech,83_pierna,kapù:k,kapù:k,k a p ùː/uː k,,Constenla2005,1065,,^ k a p ù: k $,Pech,
Rama-83_pierna-1,,Rama,83_pierna,tukwa,tukwa,t u k w a,,Constenla2005,1066,,^ t u k w a $,Rama,c
MalekuJaika-83_pierna-1,,MalekuJaika,83_pierna,ɬo:ki ko:ɾa,ɬo:ki ko:ɾa,ɬ oː k i + k oː ɾ a,,Constenla2005,1067,,^ ɬ o: k i + k o: ɾ a $,MalekuJaika,
Boruca-83_pierna-1,,Boruca,83_pierna,bùsíx,bùsíx,b ù/u s í/i x,,Constenla2005,1059,,^ b ù s í x $,Boruca,a
Bribri-83_pierna-1,,Bribri,83_pierna,kaɺʊ́ kitʃà,kaɺʊ́ kitʃà,k a ɺ ʊ́/ʊ + k i tʃ à/a,,Constenla2005,1068,,^ k a ɺ ʊ́ + k i tʃ à $,Bribri,ch
Cabecar-83_pierna-1,,Cabecar,83_pierna,kaɺʊ́ kitʃà,kaɺʊ́ kitʃà,k a ɺ ʊ́/ʊ + k i tʃ à/a,,Constenla2005,1068,,^ k a ɺ ʊ́ + k i tʃ à $,Cabecar,ch
Teribe-83_pierna-1,,Teribe,83_pierna,kuóɾbò,kuóɾbò,k u ó/o ɾ b ò/o,,Constenla2005,1069,,^ k u ó ɾ b ò $,Teribe,
Ngabere-83_pierna-1,,Ngabere,83_pierna,ŋɯɾe,ŋɯɾe,ŋ ɯ ɾ e,,Constenla2005,1070,,^ ŋ ɯ ɾ e $,Ngabere,
Buglere-83_pierna-1,,Buglere,83_pierna,seɾagda,seɾagda,s e ɾ a g d a,,Constenla2005,1071,,^ s e ɾ a g d a $,Buglere,d
Dorasque-83_pierna-1,,Dorasque,83_pierna,séɾgala,séɾgala,s é/e ɾ g a l a,,Constenla2005,1071,,^ s é ɾ g a l a $,Dorasque,d
SanBlasKuna-83_pierna-1,,SanBlasKuna,83_pierna,naimali,naimali,n a i m a l i,,Constenla2005,1072,,^ n a i m a l i $,SanBlasKuna,
Cogui-83_pierna-1,,Cogui,83_pierna,kala,kala,k a l a,,Constenla2005,1062,,^ k a l a $,Cogui,b
Arhuaco-83_pierna-1,,Arhuaco,83_pierna,kánë,kánë,k á/a n ë,,Constenla2005,1062,,^ k á n ë $,Arhuaco,b
Malayo-83_pierna-1,,Malayo,83_pierna,kɨna,kɨna,k ɨ n a,,Constenla2005,1062,,^ k ɨ n a $,Malayo,b
Chimila-83_pierna-1,,Chimila,83_pierna,dukkwa,dukkwa,d u k w a,,Constenla2005,1066,,^ d u kk w a $,Chimila,c
Chibcha-83_pierna-1,,Chibcha,83_pierna,ɣoka,ɣoka,ɣ o k a,,Constenla2005,1073,,^ ɣ o k a $,Chibcha,
CentralTunebo-83_pierna-1,,CentralTunebo,83_pierna,kus'kaɾa,kus'kaɾa,k u s 'k/k a ɾ a,,Constenla2005,1074,,^ k u s 'k a ɾ a $,CentralTunebo,
Bari-83_pierna-1,,Bari,83_pierna,binĩ,binĩ,b i n ĩ,,Constenla2005,1075,,^ b i n ĩ $,Bari,
LencaSalvador-84_piojo-1,,LencaSalvador,84_piojo,tem,tem,t e m,,Constenla2005,1076,,^ t e m $,LencaSalvador,a
LencaHonduras-84_piojo-1,,LencaHonduras,84_piojo,tem,tem,t e m,,Constenla2005,1076,,^ t e m $,LencaHonduras,a
Cacaopera-84_piojo-1,,Cacaopera,84_piojo,ru,ru,r u,,Constenla2005,1077,,^ r u $,Cacaopera,
Mayangna-84_piojo-1,,Mayangna,84_piojo,u:bak,u:bak,uː b a k,,Constenla2005,1078,,^ u: b a k $,Mayangna,b
Ulwa-84_piojo-1,,Ulwa,84_piojo,u:bak,u:bak,uː b a k,,Constenla2005,1078,,^ u: b a k $,Ulwa,b
Miskito-84_piojo-1,,Miskito,84_piojo,kũa,kũa,k ũ a,,Constenla2005,1078,,^ k ũ a $,Miskito,b
Pech-84_piojo-1,,Pech,84_piojo,ù:,ù:,ùː/uː,,Constenla2005,1078,,^ ù: $,Pech,b
Rama-84_piojo-1,,Rama,84_piojo,kuŋ,kuŋ,k u ŋ,,Constenla2005,1078,,^ k u ŋ $,Rama,b
MalekuJaika-84_piojo-1,,MalekuJaika,84_piojo,ku:,ku:,k uː,,Constenla2005,1078,,^ k u: $,MalekuJaika,b
Boruca-84_piojo-1,,Boruca,84_piojo,kuá,kuá,k u á/a,,Constenla2005,1078,,^ k u á $,Boruca,b
Bribri-84_piojo-1,,Bribri,84_piojo,kṹ,kṹ,k ṹ/ũ,,Constenla2005,1078,,^ k ṹ $,Bribri,b
Cabecar-84_piojo-1,,Cabecar,84_piojo,kṹ,kṹ,k ṹ/ũ,,Constenla2005,1078,,^ k ṹ $,Cabecar,b
Teribe-84_piojo-1,,Teribe,84_piojo,kʰṹŋ,kʰṹŋ,kʰ ṹ/ũ ŋ,,Constenla2005,1078,,^ kʰ ṹ ŋ $,Teribe,b
Ngabere-84_piojo-1,,Ngabere,84_piojo,kɯ̃,kɯ̃,k ɯ̃,,Constenla2005,1078,,^ k ɯ̃ $,Ngabere,b
Buglere-84_piojo-1,,Buglere,84_piojo,kũ,kũ,k ũ,,Constenla2005,1078,,^ k ũ $,Buglere,b
Dorasque-84_piojo-1,,Dorasque,84_piojo,kũ,kũ,k ũ,,Constenla2005,1078,,^ k ũ $,Dorasque,b
SanBlasKuna-84_piojo-1,,SanBlasKuna,84_piojo,ku:,ku:,k uː,,Constenla2005,1078,,^ k u: $,SanBlasKuna,b
Cogui-84_piojo-1,,Cogui,84_piojo,ku'i,ku'i,k u 'i/i,,Constenla2005,1078,,^ k u 'i $,Cogui,b
Arhuaco-84_piojo-1,,Arhuaco,84_piojo,ku,ku,k u,,Constenla2005,1078,,^ k u $,Arhuaco,b
Malayo-84_piojo-1,,Malayo,84_piojo,sanze,sanze,s a n z e,,Constenla2005,1079,,^ s a n z e $,Malayo,
Chimila-84_piojo-1,,Chimila,84_piojo,ku:,ku:,k uː,,Constenla2005,1078,,^ k u: $,Chimila,b
Chibcha-84_piojo-1,,Chibcha,84_piojo,kue,kue,k u e,,Constenla2005,1078,,^ k u e $,Chibcha,b
CentralTunebo-84_piojo-1,,CentralTunebo,84_piojo,'kuɾia,'kuɾia,'k/k u ɾ i a,,Constenla2005,1078,,^ 'k u ɾ i a $,CentralTunebo,b
Bari-84_piojo-1,,Bari,84_piojo,ku,ku,k u,,Constenla2005,1078,,^ k u $,Bari,b
LencaSalvador-85_pluma-1,,LencaSalvador,85_pluma,ʃumah,ʃumah,ʃ u m a h,,Constenla2005,1080,,^ ʃ u m a h $,LencaSalvador,a
LencaHonduras-85_pluma-1,,LencaHonduras,85_pluma,suk,suk,s u k,,Constenla2005,1080,,^ s u k $,LencaHonduras,a
Cacaopera-85_pluma-1,,Cacaopera,85_pluma,diju,diju,d i j u,,Constenla2005,1081,,^ d i j u $,Cacaopera,
Mayangna-85_pluma-1,,Mayangna,85_pluma,butu,butu,b u t u,,Constenla2005,1082,,^ b u t u $,Mayangna,b
Ulwa-85_pluma-1,,Ulwa,85_pluma,butu,butu,b u t u,,Constenla2005,1082,,^ b u t u $,Ulwa,b
Miskito-85_pluma-1,,Miskito,85_pluma,taja,taja,t a j a,,Constenla2005,1083,,^ t a j a $,Miskito,
Pech-85_pluma-1,,Pech,85_pluma,ṹs,ṹs,ṹ/ũ s,,Constenla2005,1084,,^ ṹ s $,Pech,
Rama-85_pluma-1,,Rama,85_pluma,a:bak,a:bak,aː b a k,,Constenla2005,1085,,^ a: b a k $,Rama,
MalekuJaika-85_pluma-1,,MalekuJaika,85_pluma,i:ɬa,i:ɬa,iː ɬ a,,Constenla2005,1086,,^ i: ɬ a $,MalekuJaika,
Boruca-85_pluma-1,,Boruca,85_pluma,ká,ká,k á/a,,Constenla2005,1087,,^ k á $,Boruca,c
Bribri-85_pluma-1,,Bribri,85_pluma,kʊ́,kʊ́,k ʊ́/ʊ,,Constenla2005,1087,,^ k ʊ́ $,Bribri,c
Cabecar-85_pluma-1,,Cabecar,85_pluma,kʊ́,kʊ́,k ʊ́/ʊ,,Constenla2005,1087,,^ k ʊ́ $,Cabecar,c
Teribe-85_pluma-1,,Teribe,85_pluma,zók,zók,z ó/o k,,Constenla2005,1088,,^ z ó k $,Teribe,
Ngabere-85_pluma-1,,Ngabere,85_pluma,kɔ,kɔ,k ɔ,,Constenla2005,1087,,^ k ɔ $,Ngabere,c
Buglere-85_pluma-1,,Buglere,85_pluma,ga,ga,g a,,Constenla2005,1087,,^ g a $,Buglere,c
Dorasque-85_pluma-1,,Dorasque,85_pluma,shũl,shũl,s h ũ l,,Constenla2005,1080,,^ s h ũ l $,Dorasque,a
SanBlasKuna-85_pluma-1,,SanBlasKuna,85_pluma,apsala,apsala,a p s a l a,,Constenla2005,1089,,^ a p s a l a $,SanBlasKuna,d
Cogui-85_pluma-1,,Cogui,85_pluma,gala,gala,g a l a,,Constenla2005,1089,,^ g a l a $,Cogui,d
Arhuaco-85_pluma-1,,Arhuaco,85_pluma,'kwi,'kwi,'k/k w i,,Constenla2005,1090,,^ 'k w i $,Arhuaco,
Malayo-85_pluma-1,,Malayo,85_pluma,dungɨɾa,dungɨɾa,d u n g ɨ ɾ a,,Constenla2005,1089,,^ d u n g ɨ ɾ a $,Malayo,d
Chimila-85_pluma-1,,Chimila,85_pluma,ga:,ga:,g aː,,Constenla2005,1089,,^ g a: $,Chimila,d
Chibcha-85_pluma-1,,Chibcha,85_pluma,ɣaka,ɣaka,ɣ a k a,,Constenla2005,1091,,^ ɣ a k a $,Chibcha,
CentralTunebo-85_pluma-1,,CentralTunebo,85_pluma,ana'ɾa,ana'ɾa,a n 'a/a ɾ a,,Constenla2005,1089,,^ a n a' ɾ a $,CentralTunebo,d
Bari-85_pluma-1,,Bari,85_pluma,ãtĩ,ãtĩ,ã t ĩ,,Constenla2005,1092,,^ ã t ĩ $,Bari,
LencaSalvador-86_pocos-1,,LencaSalvador,86_pocos,tʃ'iNkira,tʃ'iNkira,tʃ 'i/i n k i r a,,Constenla2005,1093,,^ tʃ 'i N k i r a $,LencaSalvador,a
LencaHonduras-86_pocos-1,,LencaHonduras,86_pocos,suntia,suntia,s u n t i a,,Constenla2005,1094,,^ s u n t i a $,LencaHonduras,
Cacaopera-86_pocos-1,,Cacaopera,86_pocos,dambaja,dambaja,d a m b a j a,,Constenla2005,1095,,^ d a m b a j a $,Cacaopera,
Mayangna-86_pocos-1,,Mayangna,86_pocos,wajaki,wajaki,w a j a k i,,Constenla2005,1096,,^ w a j a k i $,Mayangna,b
Ulwa-86_pocos-1,,Ulwa,86_pocos,wajakiki,wajakiki,w a j a k i k i,,Constenla2005,1096,,^ w a j a k i k i $,Ulwa,b
Miskito-86_pocos-1,,Miskito,86_pocos,ria,ria,r i a,,Constenla2005,1097,,^ r i a $,Miskito,
Pech-86_pocos-1,,Pech,86_pocos,pò:kmã̀jh,pò:kmã̀jh,p òː/oː k m ã̀/ã j h,,Constenla2005,1098,,^ p ò: k m ã̀ j h $,Pech,
Rama-86_pocos-1,,Rama,86_pocos,paŋsak baik,paŋsak baik,p a ŋ s a k + b a i k,,Constenla2005,1099,,^ p a ŋ s a k + b a i k $,Rama,
MalekuJaika-86_pocos-1,,MalekuJaika,86_pocos,epe:me taikɬaka:,epe:me taikɬaka:,e p eː m e + t a i k ɬ a k aː,,Constenla2005,1100,,^ e p e: m e + t a i k ɬ a k a: $,MalekuJaika,
Boruca-86_pocos-1,,Boruca,86_pocos,dòdʒéŋ,dòdʒéŋ,d ò/o dʒ é/e ŋ,,Constenla2005,1101,,^ d ò dʒ é ŋ $,Boruca,
Bribri-86_pocos-1,,Bribri,86_pocos,uã̂uã̂d,uã̂uã̂d,u ã̂/ã u ã̂/ã d,,Constenla2005,1102,,^ u ã̂ u ã̂ d $,Bribri,c
Cabecar-86_pocos-1,,Cabecar,86_pocos,hũã́hũã́dã̀ɺà,hũã́hũã́dã̀ɺà,h ũ ã́/ã h ũ ã́/ã d ã̀/ã ɺ à/a,,Constenla2005,1102,,^ h ũ ã́ h ũ ã́ d ã̀ ɺ à $,Cabecar,c
Teribe-86_pocos-1,,Teribe,86_pocos,tíɾàksò,tíɾàksò,t í/i ɾ à/a k s ò/o,,Constenla2005,1093,,^ t í ɾ à k s ò $,Teribe,a
Ngabere-86_pocos-1,,Ngabere,86_pocos,bɾaibe,bɾaibe,b ɾ a i b e,,Constenla2005,1103,,^ b ɾ a i b e $,Ngabere,
Buglere-86_pocos-1,,Buglere,86_pocos,bedre,bedre,b e d r e,,Constenla2005,1104,,^ b e d r e $,Buglere,
Dorasque-86_pocos-1,,Dorasque,86_pocos,hebbil,hebbil,h e b i l,,Constenla2005,1105,,^ h e bb i l $,Dorasque,
SanBlasKuna-86_pocos-1,,SanBlasKuna,86_pocos,itʃekwa,itʃekwa,i tʃ e kʷ a,,Constenla2005,1106,,^ i tʃ e kw a $,SanBlasKuna,
Cogui-86_pocos-1,,Cogui,86_pocos,nauan'gaba,nauan'gaba,n a u a n 'g/g a b a,,Constenla2005,1107,,^ n a u a n 'g a b a $,Cogui,
Arhuaco-86_pocos-1,,Arhuaco,86_pocos,in'gɨ,in'gɨ,i n 'g/g ɨ,,Constenla2005,1108,,^ i n 'g ɨ $,Arhuaco,
Malayo-86_pocos-1,,Malayo,86_pocos,'ungwɨzi,'ungwɨzi,'u/u n gʷ ɨ z i,,Constenla2005,1102,,^ 'u n gw ɨ z i $,Malayo,c
Chimila-86_pocos-1,,Chimila,86_pocos,di:saʔaʔsu,di:saʔaʔsu,d iː s a ʔ a ʔ s u,,Constenla2005,1109,,^ d i: s a ʔ a ʔ s u $,Chimila,
Chibcha-86_pocos-1,,Chibcha,86_pocos,hitʲɨkɨ,hitʲɨkɨ,h i tʲ ɨ k ɨ,,Constenla2005,1110,,^ h i tʲ ɨ k ɨ $,Chibcha,
CentralTunebo-86_pocos-1,,CentralTunebo,86_pocos,'konua,'konua,'k/k o n u a,,Constenla2005,1111,,^ 'k o n u a $,CentralTunebo,
Bari-86_pocos-1,,Bari,86_pocos,kobakkani.,kobakkani.,k o b a k a n i,,Constenla2005,1112,,^ k o b a kk a n i . $,Bari,
LencaSalvador-87_que-1,,LencaSalvador,87_que,kas,kas,k a s,,Constenla2005,1113,,^ k a s $,LencaSalvador,a
LencaHonduras-87_que-1,,LencaHonduras,87_que,kari,kari,k a r i,,Constenla2005,1113,,^ k a r i $,LencaHonduras,a
Cacaopera-87_que-1,,Cacaopera,87_que,pi,pi,p i,,Constenla2005,1114,,^ p i $,Cacaopera,
Mayangna-87_que-1,,Mayangna,87_que,di,di,d i,,Constenla2005,1115,,^ d i $,Mayangna,b
Ulwa-87_que-1,,Ulwa,87_que,di,di,d i,,Constenla2005,1115,,^ d i $,Ulwa,b
Miskito-87_que-1,,Miskito,87_que,dia,dia,d i a,,Constenla2005,1115,,^ d i a $,Miskito,b
Pech-87_que-1,,Pech,87_que,ĩ́,ĩ́,ĩ́/ĩ,,Constenla2005,1116,,^ ĩ́ $,Pech,c
Rama-87_que-1,,Rama,87_que,ja:kal,ja:kal,j aː k a l,,Constenla2005,1116,,^ j a: k a l $,Rama,c
MalekuJaika-87_que-1,,MalekuJaika,87_que,oro:ki,oro:ki,o r oː k i,,Constenla2005,1117,,^ o r o: k i $,MalekuJaika,
Boruca-87_que-1,,Boruca,87_que,í,í,í/i,,Constenla2005,1116,,^ í $,Boruca,c
Bribri-87_que-1,,Bribri,87_que,í,í,í/i,,Constenla2005,1116,,^ í $,Bribri,c
Cabecar-87_que-1,,Cabecar,87_que,hìdʊ́,hìdʊ́,h ì/i d ʊ́/ʊ,,Constenla2005,1116,,^ h ì d ʊ́ $,Cabecar,c
Teribe-87_que-1,,Teribe,87_que,ʒɪ̀,ʒɪ̀,ʒ ɪ̀/ɪ,,Constenla2005,1118,,^ ʒ ɪ̀ $,Teribe,
Ngabere-87_que-1,,Ngabere,87_que,geɾe,geɾe,g e ɾ e,,Constenla2005,1119,,^ g e ɾ e $,Ngabere,
Buglere-87_que-1,,Buglere,87_que,dʒema,dʒema,dʒ e m a,,Constenla2005,1116,,^ dʒ e m a $,Buglere,c
Dorasque-87_que-1,,Dorasque,87_que,ee,ee,e e,,Constenla2005,1120,,^ e e $,Dorasque,
SanBlasKuna-87_que-1,,SanBlasKuna,87_que,ipi,ipi,i p i,,Constenla2005,1116,,^ i p i $,SanBlasKuna,c
Cogui-87_que-1,,Cogui,87_que,hi,hi,h i,,Constenla2005,1116,,^ h i $,Cogui,c
Arhuaco-87_que-1,,Arhuaco,87_que,'inɨ,'inɨ,'i/i n ɨ,,Constenla2005,1116,,^ 'i n ɨ $,Arhuaco,c
Malayo-87_que-1,,Malayo,87_que,ni,ni,n i,,Constenla2005,1115,,^ n i $,Malayo,b
Chimila-87_que-1,,Chimila,87_que,ki:ɾi,ki:ɾi,k iː ɾ i,,Constenla2005,1121,,^ k i: ɾ i $,Chimila,
Chibcha-87_que-1,,Chibcha,87_que,ipkua,ipkua,i p k u a,,Constenla2005,1116,,^ i p k u a $,Chibcha,c
CentralTunebo-87_que-1,,CentralTunebo,87_que,'ikuɾ,'ikuɾ,'i/i k u ɾ,,Constenla2005,1116,,^ 'i k u ɾ $,CentralTunebo,c
Bari-87_que-1,,Bari,87_que,aibi,aibi,a i b i,,Constenla2005,1122,,^ a i b i $,Bari,
LencaSalvador-88_reir-1,,LencaSalvador,88_reir,jolo,jolo,j o l o,,Constenla2005,1123,,^ j o l o $,LencaSalvador,a
LencaHonduras-88_reir-1,,LencaHonduras,88_reir,jol,jol,j o l,,Constenla2005,1123,,^ j o l $,LencaHonduras,a
Cacaopera-88_reir-1,,Cacaopera,88_reir,isnawa,isnawa,i s n a w a,,Constenla2005,1124,,^ i s n a w a $,Cacaopera,
Mayangna-88_reir-1,,Mayangna,88_reir,aɾa,aɾa,a ɾ a,,Constenla2005,1125,,^ a ɾ a $,Mayangna,b
Ulwa-88_reir-1,,Ulwa,88_reir,kawaɾa,kawaɾa,k a w a ɾ a,,Constenla2005,1125,,^ k a w a ɾ a $,Ulwa,b
Miskito-88_reir-1,,Miskito,88_reir,kik,kik,k i k,,Constenla2005,1126,,^ k i k $,Miskito,
Pech-88_reir-1,,Pech,88_reir,aɾkõ̀h,aɾkõ̀h,a ɾ k õ̀/õ h,,Constenla2005,1125,,^ a ɾ k õ̀ h $,Pech,b
Rama-88_reir-1,,Rama,88_reir,kulk,kulk,k u l k,,Constenla2005,1127,,^ k u l k $,Rama,
MalekuJaika-88_reir-1,,MalekuJaika,88_reir,oi:,oi:,o iː,,Constenla2005,1128,,^ o i: $,MalekuJaika,c
Boruca-88_reir-1,,Boruca,88_reir,ʃìt,ʃìt,ʃ ì/i t,,Constenla2005,1129,,^ ʃ ì t $,Boruca,ch
Bribri-88_reir-1,,Bribri,88_reir,adʒĩ,adʒĩ,a dʒ ĩ,,Constenla2005,1128,,^ a dʒ ĩ $,Bribri,c
Cabecar-88_reir-1,,Cabecar,88_reir,hadʒẽ,hadʒẽ,h a dʒ ẽ,,Constenla2005,1128,,^ h a dʒ ẽ $,Cabecar,c
Teribe-88_reir-1,,Teribe,88_reir,háɾ,háɾ,h á/a ɾ,,Constenla2005,1130,,^ h á ɾ $,Teribe,
Ngabere-88_reir-1,,Ngabere,88_reir,kɯdɯ,kɯdɯ,k ɯ d ɯ,,Constenla2005,1131,,^ k ɯ d ɯ $,Ngabere,
Buglere-88_reir-1,,Buglere,88_reir,gidate,gidate,g i d a t e,,Constenla2005,1132,,^ g i d a t e $,Buglere,
Dorasque-88_reir-1,,Dorasque,88_reir,"ayig, ahiása",ayig,a j i g,,Constenla2005,1128,,^ a y i g $,Dorasque,c
Dorasque-88_reir-2,,Dorasque,88_reir,"ayig, ahiása",ahiása,a h i á/a s a,,Constenla2005,1128,,^ a h i á s a $,Dorasque,c
SanBlasKuna-88_reir-1,,SanBlasKuna,88_reir,all,all,a ʎ,,Constenla2005,1125,,^ a ll $,SanBlasKuna,b
Cogui-88_reir-1,,Cogui,88_reir,'ʃimihĩ,'ʃimihĩ,'ʃ/ʃ i m i h ĩ,,Constenla2005,1133,,^ 'ʃ i m i h ĩ $,Cogui,d
Arhuaco-88_reir-1,,Arhuaco,88_reir,'sem,'sem,'s/s e m,,Constenla2005,1133,,^ 's e m $,Arhuaco,d
Malayo-88_reir-1,,Malayo,88_reir,ʒiʃim,ʒiʃim,ʒ i ʃ i m,,Constenla2005,1133,,^ ʒ i ʃ i m $,Malayo,d
Chimila-88_reir-1,,Chimila,88_reir,ha:ɾa,ha:ɾa,h aː ɾ a,,Constenla2005,1125,,^ h a: ɾ a $,Chimila,b
Chibcha-88_reir-1,,Chibcha,88_reir,ɣɨua,ɣɨua,ɣ ɨ u a,,Constenla2005,1134,,^ ɣ ɨ u a $,Chibcha,
CentralTunebo-88_reir-1,,CentralTunebo,88_reir,si'si,si'si,s i 's/s i,,Constenla2005,1129,,^ s i 's i $,CentralTunebo,ch
Bari-88_reir-1,,Bari,88_reir,an,an,a n,,Constenla2005,1125,,^ a n $,Bari,b
LencaSalvador-89_rojo-1,,LencaSalvador,89_rojo,wesaN,wesaN,w e s a n,,Constenla2005,1135,,^ w e s a N $,LencaSalvador,
LencaHonduras-89_rojo-1,,LencaHonduras,89_rojo,sewla,sewla,s e w l a,,Constenla2005,1136,,^ s e w l a $,LencaHonduras,a
Cacaopera-89_rojo-1,,Cacaopera,89_rojo,lala,lala,l a l a,,Constenla2005,1137,,^ l a l a $,Cacaopera,
Mayangna-89_rojo-1,,Mayangna,89_rojo,pawni,pawni,p a w n i,,Constenla2005,1138,,^ p a w n i $,Mayangna,b
Ulwa-89_rojo-1,,Ulwa,89_rojo,pawka,pawka,p a w k a,,Constenla2005,1138,,^ p a w k a $,Ulwa,b
Miskito-89_rojo-1,,Miskito,89_rojo,pawni,pawni,p a w n i,,Constenla2005,1138,,^ p a w n i $,Miskito,b
Pech-89_rojo-1,,Pech,89_rojo,pã́wã̀,pã́wã̀,p ã́/ã w ã̀/ã,,Constenla2005,1138,,^ p ã́ w ã̀ $,Pech,b
Rama-89_rojo-1,,Rama,89_rojo,sa:la,sa:la,s aː l a,,Constenla2005,1136,,^ s a: l a $,Rama,a
MalekuJaika-89_rojo-1,,MalekuJaika,89_rojo,kata:ɬiŋ iŋa:,kata:ɬiŋ iŋa:,k a t aː ɬ i ŋ + i ŋ aː,,Constenla2005,1139,,^ k a t a: ɬ i ŋ + i ŋ a: $,MalekuJaika,
Boruca-89_rojo-1,,Boruca,89_rojo,dɾùbát,dɾùbát,d ɾ ù/u b á/a t,,Constenla2005,1140,,^ d ɾ ù b á t $,Boruca,
Bribri-89_rojo-1,,Bribri,89_rojo,bã̌tk,bã̌tk,b ã̌/ã t k,,Constenla2005,1141,,^ b ã̌ t k $,Bribri,
Cabecar-89_rojo-1,,Cabecar,89_rojo,batsɪ́,batsɪ́,b a t s ɪ́/ɪ,,Constenla2005,1142,,^ b a t s ɪ́ $,Cabecar,
Teribe-89_rojo-1,,Teribe,89_rojo,sɾɪ̀ɾɪ́n,sɾɪ̀ɾɪ́n,s ɾ ɪ̀/ɪ ɾ ɪ́/ɪ n,,Constenla2005,1143,,^ s ɾ ɪ̀ ɾ ɪ́ n $,Teribe,
Ngabere-89_rojo-1,,Ngabere,89_rojo,tãĩ,tãĩ,t ã ĩ,,Constenla2005,1144,,^ t ã ĩ $,Ngabere,
Buglere-89_rojo-1,,Buglere,89_rojo,dabeɾe,dabeɾe,d a b e ɾ e,,Constenla2005,1145,,^ d a b e ɾ e $,Buglere,
Dorasque-89_rojo-1,,Dorasque,89_rojo,kol,kol,k o l,,Constenla2005,1146,,^ k o l $,Dorasque,
SanBlasKuna-89_rojo-1,,SanBlasKuna,89_rojo,kinnitti,kinnitti,k i n i t i,,Constenla2005,1147,,^ k i nn i tt i $,SanBlasKuna,
Cogui-89_rojo-1,,Cogui,89_rojo,atsuʃi,atsuʃi,a t s u ʃ i,,Constenla2005,1148,,^ a t s u ʃ i $,Cogui,
Arhuaco-89_rojo-1,,Arhuaco,89_rojo,ziʔ,ziʔ,z i ʔ,,Constenla2005,1149,,^ z i ʔ $,Arhuaco,c
Malayo-89_rojo-1,,Malayo,89_rojo,ɨnzisi,ɨnzisi,ɨ n z i s i,,Constenla2005,1149,,^ ɨ n z i s i $,Malayo,c
Chimila-89_rojo-1,,Chimila,89_rojo,kɾo:,kɾo:,k ɾ oː,,Constenla2005,1150,,^ k ɾ o: $,Chimila,
Chibcha-89_rojo-1,,Chibcha,89_rojo,hiiso,hiiso,h i i s o,,Constenla2005,1151,,^ h i i s o $,Chibcha,
CentralTunebo-89_rojo-1,,CentralTunebo,89_rojo,bu'wajɾo,bu'wajɾo,b u 'w/w a j ɾ o,,Constenla2005,1152,,^ b u 'w a j ɾ o $,CentralTunebo,
Bari-89_rojo-1,,Bari,89_rojo,tukdaɲou,tukdaɲou,t u k d a ɲ o u,,Constenla2005,1153,,^ t u k d a ɲ o u $,Bari,
LencaSalvador-90_ropa-1,,LencaSalvador,90_ropa,lamtara,lamtara,l a m t a r a,,Constenla2005,1154,,^ l a m t a r a $,LencaSalvador,
LencaHonduras-90_ropa-1,,LencaHonduras,90_ropa,loronina,loronina,l o r o n i n a,,Constenla2005,1155,,^ l o r o n i n a $,LencaHonduras,
Cacaopera-90_ropa-1,,Cacaopera,90_ropa,siwa,siwa,s i w a,,Constenla2005,1156,,^ s i w a $,Cacaopera,a
Mayangna-90_ropa-1,,Mayangna,90_ropa,asna,asna,a s n a,,Constenla2005,1157,,^ a s n a $,Mayangna,b
Ulwa-90_ropa-1,,Ulwa,90_ropa,asna,asna,a s n a,,Constenla2005,1157,,^ a s n a $,Ulwa,b
Miskito-90_ropa-1,,Miskito,90_ropa,kwala,kwala,k w a l a,,Constenla2005,1158,,^ k w a l a $,Miskito,
Pech-90_ropa-1,,Pech,90_ropa,tùnùk,tùnùk,t ù/u n ù/u k,,Constenla2005,1159,,^ t ù n ù k $,Pech,
Rama-90_ropa-1,,Rama,90_ropa,kalma,kalma,k a l m a,,Constenla2005,1160,,^ k a l m a $,Rama,
MalekuJaika-90_ropa-1,,MalekuJaika,90_ropa,tio:ka,tio:ka,t i oː k a,,Constenla2005,1161,,^ t i o: k a $,MalekuJaika,
Boruca-90_ropa-1,,Boruca,90_ropa,kúʔʃì,kúʔʃì,k ú/u ʔ ʃ ì/i,,Constenla2005,1162,,^ k ú ʔ ʃ ì $,Boruca,
Bribri-90_ropa-1,,Bribri,90_ropa,datsǐʔ,datsǐʔ,d a ts ǐ/i ʔ,,Constenla2005,1163,,^ d a ts ǐ ʔ $,Bribri,c
Cabecar-90_ropa-1,,Cabecar,90_ropa,datsí,datsí,d a t s í/i,,Constenla2005,1163,,^ d a t s í $,Cabecar,c
Teribe-90_ropa-1,,Teribe,90_ropa,ʃuóŋ,ʃuóŋ,ʃ u ó/o ŋ,,Constenla2005,1156,,^ ʃ u ó ŋ $,Teribe,a
Ngabere-90_ropa-1,,Ngabere,90_ropa,dɔ̃,dɔ̃,d ɔ̃,,Constenla2005,1164,,^ d ɔ̃ $,Ngabere,
Buglere-90_ropa-1,,Buglere,90_ropa,ɲometɾa,ɲometɾa,ɲ o m e t ɾ a,,Constenla2005,1165,,^ ɲ o m e t ɾ a $,Buglere,
Dorasque-90_ropa-1,,Dorasque,90_ropa,ákubi,ákubi,á/a k u b i,,Constenla2005,1166,,^ á k u b i $,Dorasque,
SanBlasKuna-90_ropa-1,,SanBlasKuna,90_ropa,mola,mola,m o l a,,Constenla2005,1167,,^ m o l a $,SanBlasKuna,
Cogui-90_ropa-1,,Cogui,90_ropa,ʒaku'a,ʒaku'a,ʒ a k u 'a/a,,Constenla2005,1168,,^ ʒ a k u 'a $,Cogui,
Arhuaco-90_ropa-1,,Arhuaco,90_ropa,mákë,mákë,m á/a k ë,,Constenla2005,1169,,^ m á k ë $,Arhuaco,ch
Malayo-90_ropa-1,,Malayo,90_ropa,mɨkɨ 'sala,mɨkɨ 'sala,m ɨ k ɨ + 's/s a l a,,Constenla2005,1169,,^ m ɨ k ɨ + 's a l a $,Malayo,ch
Chimila-90_ropa-1,,Chimila,90_ropa,'gwaʔŋaʔ,'gwaʔŋaʔ,'g/g w a ʔ ŋ a ʔ,,Constenla2005,1170,,^ 'g w a ʔ ŋ a ʔ $,Chimila,
Chibcha-90_ropa-1,,Chibcha,90_ropa,βoi,βoi,β o i,,Constenla2005,1171,,^ β o i $,Chibcha,
CentralTunebo-90_ropa-1,,CentralTunebo,90_ropa,'oja,'oja,'o/o j a,,Constenla2005,1172,,^ 'o j a $,CentralTunebo,
Bari-90_ropa-1,,Bari,90_ropa,duksa,duksa,d u k s a,,Constenla2005,1173,,^ d u k s a $,Bari,
LencaSalvador-91_saber-1,,LencaSalvador,91_saber,ti,ti,t i,,Constenla2005,1174,,^ t i $,LencaSalvador,a
LencaHonduras-91_saber-1,,LencaHonduras,91_saber,tis,tis,t i s,,Constenla2005,1174,,^ t i s $,LencaHonduras,a
Cacaopera-91_saber-1,,Cacaopera,91_saber,bi,bi,b i,,Constenla2005,1175,,^ b i $,Cacaopera,
Mayangna-91_saber-1,,Mayangna,91_saber,daka,daka,d a k a,,Constenla2005,1176,,^ d a k a $,Mayangna,
Ulwa-91_saber-1,,Ulwa,91_saber,kaŋla:wa,kaŋla:wa,k a ŋ l aː w a,,Constenla2005,1177,,^ k a ŋ l a: w a $,Ulwa,
Miskito-91_saber-1,,Miskito,91_saber,nu,nu,n u,,Constenla2005,1178,,^ n u $,Miskito,
Pech-91_saber-1,,Pech,91_saber,àɾíɾ,àɾíɾ,à/a ɾ í/i ɾ,,Constenla2005,1179,,^ à ɾ í ɾ $,Pech,
Rama-91_saber-1,,Rama,91_saber,ŋwa,ŋwa,ŋ w a,,Constenla2005,1180,,^ ŋ w a $,Rama,b
MalekuJaika-91_saber-1,,MalekuJaika,91_saber,uɾa:-xe,uɾa:-xe,u ɾ aː + x e,,Constenla2005,1180,,^ u ɾ a: - x e $,MalekuJaika,b
Boruca-91_saber-1,,Boruca,91_saber,uí,uí,u í/i,,Constenla2005,1181,,^ u í $,Boruca,c
Bribri-91_saber-1,,Bribri,91_saber,uxtʃ-ẽ,uxtʃ-ẽ,u x tʃ + ẽ,,Constenla2005,1181,,^ u x tʃ - ẽ $,Bribri,c
Cabecar-91_saber-1,,Cabecar,91_saber,hudʒ-ẽ,hudʒ-ẽ,h u dʒ + ẽ,,Constenla2005,1181,,^ h u dʒ - ẽ $,Cabecar,c
Teribe-91_saber-1,,Teribe,91_saber,hmídɪ̀,hmídɪ̀,h m í/i d ɪ̀/ɪ,,Constenla2005,1181,,^ h m í d ɪ̀ $,Teribe,c
Ngabere-91_saber-1,,Ngabere,91_saber,gaɾe,gaɾe,g a ɾ e,,Constenla2005,1182,,^ g a ɾ e $,Ngabere,
Buglere-91_saber-1,,Buglere,91_saber,uɲ-e,uɲ-e,u ɲ + e,,Constenla2005,1181,,^ u ɲ - e $,Buglere,c
SanBlasKuna-91_saber-1,,SanBlasKuna,91_saber,wisi,wisi,w i s i,,Constenla2005,1181,,^ w i s i $,SanBlasKuna,c
Cogui-91_saber-1,,Cogui,91_saber,akʃihi,akʃihi,a k ʃ i h i,,Constenla2005,1184,,^ a k ʃ i h i $,Cogui,
Arhuaco-91_saber-1,,Arhuaco,91_saber,a'gənkw,a'gənkw,'a/a g ə n kʷ,,Constenla2005,1185,,^ a' g ə n kw $,Arhuaco,ch
Malayo-91_saber-1,,Malayo,91_saber,agönihku,agönihku,a g ö n i h k u,,Constenla2005,1185,,^ a g ö n i h k u $,Malayo,ch
Chimila-91_saber-1,,Chimila,91_saber,wi,wi,w i,,Constenla2005,1181,,^ w i $,Chimila,c
Chibcha-91_saber-1,,Chibcha,91_saber,mukan,mukan,m u k a n,,Constenla2005,1186,,^ m u k a n $,Chibcha,
CentralTunebo-91_saber-1,,CentralTunebo,91_saber,is'ti,is'ti,i s 't/t i,,Constenla2005,1187,,^ i s 't i $,CentralTunebo,
Bari-91_saber-1,,Bari,91_saber,ka:ma.,ka:ma.,k aː m a,,Constenla2005,1188,,^ k a: m a . $,Bari,
LencaSalvador-92_sal-1,,LencaSalvador,92_sal,ts'epe,ts'epe,ts 'e/e p e,,Constenla2005,1189,,^ ts 'e p e $,LencaSalvador,a
LencaHonduras-92_sal-1,,LencaHonduras,92_sal,sepe,sepe,s e p e,,Constenla2005,1189,,^ s e p e $,LencaHonduras,a
Cacaopera-92_sal-1,,Cacaopera,92_sal,jabulu,jabulu,j a b u l u,,Constenla2005,1190,,^ j a b u l u $,Cacaopera,
Mayangna-92_sal-1,,Mayangna,92_sal,kuma,kuma,k u m a,,Constenla2005,1191,,^ k u m a $,Mayangna,b
Ulwa-92_sal-1,,Ulwa,92_sal,kuma,kuma,k u m a,,Constenla2005,1191,,^ k u m a $,Ulwa,b
Miskito-92_sal-1,,Miskito,92_sal,sal,sal,s a l,,Constenla2005,1192,,^ s a l $,Miskito,
Pech-92_sal-1,,Pech,92_sal,tàk-è,tàk-è,t à/a k + è/e,,Constenla2005,1193,,^ t à k - è $,Pech,c
Rama-92_sal-1,,Rama,92_sal,tauli,tauli,t a u l i,,Constenla2005,1194,,^ t a u l i $,Rama,ch
MalekuJaika-92_sal-1,,MalekuJaika,92_sal,ti: karu:,ti: karu:,t iː + k a r uː,,Constenla2005,1195,,^ t i: + k a r u: $,MalekuJaika,
Boruca-92_sal-1,,Boruca,92_sal,kí,kí,k í/i,,Constenla2005,1196,,^ k í $,Boruca,
Bribri-92_sal-1,,Bribri,92_sal,dadʒ-ɪ́,dadʒ-ɪ́,d a dʒ + ɪ́/ɪ,,Constenla2005,1193,,^ d a dʒ - ɪ́ $,Bribri,c
Cabecar-92_sal-1,,Cabecar,92_sal,dadʒ-ɪ̀,dadʒ-ɪ̀,d a dʒ + ɪ̀/ɪ,,Constenla2005,1193,,^ d a dʒ - ɪ̀ $,Cabecar,c
Teribe-92_sal-1,,Teribe,92_sal,dɺúŋ,dɺúŋ,d ɺ ú/u ŋ,,Constenla2005,1197,,^ d ɺ ú ŋ $,Teribe,
Ngabere-92_sal-1,,Ngabere,92_sal,mɾẽ,mɾẽ,m ɾ ẽ,,Constenla2005,1198,,^ m ɾ ẽ $,Ngabere,d
Buglere-92_sal-1,,Buglere,92_sal,tʃo,tʃo,tʃ o,,Constenla2005,1194,,^ tʃ o $,Buglere,ch
Dorasque-92_sal-1,,Dorasque,92_sal,báli,báli,b á/a l i,,Constenla2005,1198,,^ b á l i $,Dorasque,d
SanBlasKuna-92_sal-1,,SanBlasKuna,92_sal,palu,palu,p a l u,,Constenla2005,1198,,^ p a l u $,SanBlasKuna,d
Cogui-92_sal-1,,Cogui,92_sal,nak-u,nak-u,n a k + u,,Constenla2005,1193,,^ n a k - u $,Cogui,c
Arhuaco-92_sal-1,,Arhuaco,92_sal,'nəgg-wɨ,'nəgg-wɨ,'n/n ə g + w ɨ,,Constenla2005,1193,,^ 'n ə gg - w ɨ $,Arhuaco,c
Malayo-92_sal-1,,Malayo,92_sal,nɨng-u,nɨng-u,n ɨ n g + u,,Constenla2005,1193,,^ n ɨ n g - u $,Malayo,c
Chimila-92_sal-1,,Chimila,92_sal,'no:ʔmarinda,'no:ʔmarinda,'n/n oː ʔ m a r i n d a,,Constenla2005,1194,,^ 'n o: ʔ m a r i n d a $,Chimila,ch
Chibcha-92_sal-1,,Chibcha,92_sal,nɨg-ua,nɨg-ua,n ɨ g + u a,,Constenla2005,1193,,^ n ɨ g - u a $,Chibcha,c
CentralTunebo-92_sal-1,,CentralTunebo,92_sal,'ɾau-wa,'ɾau-wa,'ɾ/ɾ a u + w a,,Constenla2005,1193,,^ 'ɾ a u - w a $,CentralTunebo,c
Bari-92_sal-1,,Bari,92_sal,sabi,sabi,s a b i,,Constenla2005,1189,,^ s a b i $,Bari,a
LencaSalvador-93_sangre-1,,LencaSalvador,93_sangre,ala,ala,a l a,,Constenla2005,1199,,^ a l a $,LencaSalvador,a
LencaHonduras-93_sangre-1,,LencaHonduras,93_sangre,wek,wek,w e k,,Constenla2005,1200,,^ w e k $,LencaHonduras,
Cacaopera-93_sangre-1,,Cacaopera,93_sangre,aru,aru,a r u,,Constenla2005,1199,,^ a r u $,Cacaopera,a
Mayangna-93_sangre-1,,Mayangna,93_sangre,a:,a:,aː,,Constenla2005,1199,,^ a: $,Mayangna,a
Ulwa-93_sangre-1,,Ulwa,93_sangre,a:was,a:was,aː w a s,,Constenla2005,1199,,^ a: w a s $,Ulwa,a
Miskito-93_sangre-1,,Miskito,93_sangre,tala,tala,t a l a,,Constenla2005,1201,,^ t a l a $,Miskito,
Pech-93_sangre-1,,Pech,93_sangre,ù:ɾì,ù:ɾì,ùː/uː ɾ ì/i,,Constenla2005,1202,,^ ù: ɾ ì $,Pech,
Rama-93_sangre-1,,Rama,93_sangre,aiɾbi:,aiɾbi:,a i ɾ b iː,,Constenla2005,1203,,^ a i ɾ b i: $,Rama,b
MalekuJaika-93_sangre-1,,MalekuJaika,93_sangre,li:,li:,l iː,,Constenla2005,1204,,^ l i: $,MalekuJaika,
Boruca-93_sangre-1,,Boruca,93_sangre,dʒìbí,dʒìbí,dʒ ì/i b í/i,,Constenla2005,1203,,^ dʒ ì b í $,Boruca,b
Bribri-93_sangre-1,,Bribri,93_sangre,apɪ̂,apɪ̂,a p ɪ̂/ɪ,,Constenla2005,1203,,^ a p ɪ̂ $,Bribri,b
Cabecar-93_sangre-1,,Cabecar,93_sangre,pí,pí,p í/i,,Constenla2005,1203,,^ p í $,Cabecar,b
Teribe-93_sangre-1,,Teribe,93_sangre,sɾɪ́ŋ,sɾɪ́ŋ,s ɾ ɪ́/ɪ ŋ,,Constenla2005,1205,,^ s ɾ ɪ́ ŋ $,Teribe,
Ngabere-93_sangre-1,,Ngabere,93_sangre,dɔɾi,dɔɾi,d ɔ ɾ i,,Constenla2005,1206,,^ d ɔ ɾ i $,Ngabere,
Buglere-93_sangre-1,,Buglere,93_sangre,be,be,b e,,Constenla2005,1203,,^ b e $,Buglere,b
Dorasque-93_sangre-1,,Dorasque,93_sangre,havé,havé,h a v é/e,,Constenla2005,1203,,^ h a v é $,Dorasque,b
SanBlasKuna-93_sangre-1,,SanBlasKuna,93_sangre,ape,ape,a p e,,Constenla2005,1203,,^ a p e $,SanBlasKuna,b
Cogui-93_sangre-1,,Cogui,93_sangre,'abi,'abi,'a/a b i,,Constenla2005,1203,,^ 'a b i $,Cogui,b
Arhuaco-93_sangre-1,,Arhuaco,93_sangre,dʒwa,dʒwa,dʒ w a,,Constenla2005,1207,,^ dʒ w a $,Arhuaco,
Malayo-93_sangre-1,,Malayo,93_sangre,ɨma,ɨma,ɨ m a,,Constenla2005,1203,,^ ɨ m a $,Malayo,b
Chimila-93_sangre-1,,Chimila,93_sangre,'eŋŋaʔ,'eŋŋaʔ,'e/e ŋ a ʔ,,Constenla2005,1208,,^ 'e ŋŋ a ʔ $,Chimila,
Chibcha-93_sangre-1,,Chibcha,93_sangre,ba,ba,b a,,Constenla2005,1203,,^ b a $,Chibcha,b
CentralTunebo-93_sangre-1,,CentralTunebo,93_sangre,'aba,'aba,'a/a b a,,Constenla2005,1203,,^ 'a b a $,CentralTunebo,b
Bari-93_sangre-1,,Bari,93_sangre,a:bi,a:bi,aː b i,,Constenla2005,1203,,^ a: b i $,Bari,b
LencaSalvador-94_seco-1,,LencaSalvador,94_seco,tina,tina,t i n a,,Constenla2005,1209,,^ t i n a $,LencaSalvador,a
LencaHonduras-94_seco-1,,LencaHonduras,94_seco,sawa,sawa,s a w a,,Constenla2005,1210,,^ s a w a $,LencaHonduras,b
Cacaopera-94_seco-1,,Cacaopera,94_seco,sama,sama,s a m a,,Constenla2005,1210,,^ s a m a $,Cacaopera,b
Mayangna-94_seco-1,,Mayangna,94_seco,buhni,buhni,b u h n i,,Constenla2005,1211,,^ b u h n i $,Mayangna,c
Ulwa-94_seco-1,,Ulwa,94_seco,buhka,buhka,b u h k a,,Constenla2005,1211,,^ b u h k a $,Ulwa,c
Miskito-94_seco-1,,Miskito,94_seco,lawan,lawan,l a w a n,,Constenla2005,1212,,^ l a w a n $,Miskito,
Pech-94_seco-1,,Pech,94_seco,a:ɾá:ni,a:ɾá:ni,aː ɾ áː/aː n i,,Constenla2005,1213,,^ a: ɾ á: n i $,Pech,
Rama-94_seco-1,,Rama,94_seco,plu:sba,plu:sba,p l uː s b a,,Constenla2005,1214,,^ p l u: s b a $,Rama,ch
MalekuJaika-94_seco-1,,MalekuJaika,94_seco,tiɬa:-xa,tiɬa:-xa,t i ɬ aː + x a,,Constenla2005,1209,,^ t i ɬ a: - x a $,MalekuJaika,a
Boruca-94_seco-1,,Boruca,94_seco,tskènká,tskènká,ts k è/e n k á/a,,Constenla2005,1215,,^ ts k è n k á $,Boruca,
Bribri-94_seco-1,,Bribri,94_seco,pôppǒ,pôppǒ,p ô/o p ǒ/o,,Constenla2005,1216,,^ p ô pp ǒ $,Bribri,d
Cabecar-94_seco-1,,Cabecar,94_seco,pó,pó,p ó/o,,Constenla2005,1216,,^ p ó $,Cabecar,d
Teribe-94_seco-1,,Teribe,94_seco,idógɺo,idógɺo,i d ó/o g ɺ o,,Constenla2005,1217,,^ i d ó g ɺ o $,Teribe,
Ngabere-94_seco-1,,Ngabere,94_seco,nɣta-ɾe,nɣta-ɾe,n ɤ t a + ɾ e,,Constenla2005,1209,,^ n ɣ t a - ɾ e $,Ngabere,a
Buglere-94_seco-1,,Buglere,94_seco,ulen,ulen,u l e n,,Constenla2005,1218,,^ u l e n $,Buglere,
Dorasque-94_seco-1,,Dorasque,94_seco,tolótkal,tolótkal,t o l ó/o t k a l,,Constenla2005,1219,,^ t o l ó t k a l $,Dorasque,
SanBlasKuna-94_seco-1,,SanBlasKuna,94_seco,tinna,tinna,t i n a,,Constenla2005,1209,,^ t i nn a $,SanBlasKuna,a
Cogui-94_seco-1,,Cogui,94_seco,aluhu'e,aluhu'e,a l u h u 'e/e,,Constenla2005,1220,,^ a l u h u 'e $,Cogui,
Arhuaco-94_seco-1,,Arhuaco,94_seco,'dʒomɨ,'dʒomɨ,'d/d ʒ o m ɨ,,Constenla2005,1221,,^ 'd ʒ o m ɨ $,Arhuaco,
Malayo-94_seco-1,,Malayo,94_seco,ʒita,ʒita,ʒ i t a,,Constenla2005,1209,,^ ʒ i t a $,Malayo,a
Chimila-94_seco-1,,Chimila,94_seco,bɾo:nta,bɾo:nta,b ɾ oː n t a,,Constenla2005,1214,,^ b ɾ o: n t a $,Chimila,ch
Chibcha-94_seco-1,,Chibcha,94_seco,βutʲua,βutʲua,β u tʲ u a,,Constenla2005,1214,,^ β u tʲ u a $,Chibcha,ch
CentralTunebo-94_seco-1,,CentralTunebo,94_seco,buɾ-a'-buɾ-a,buɾ-a'-buɾ-a,b u ɾ + 'a/a + b u ɾ + a,,Constenla2005,1214,,^ b u ɾ - a' - b u ɾ - a $,CentralTunebo,ch
Bari-94_seco-1,,Bari,94_seco,bunũnĩ,bunũnĩ,b u n ũ n ĩ,,Constenla2005,1214,,^ b u n ũ n ĩ $,Bari,ch
LencaSalvador-95_serpiente-1,,LencaSalvador,95_serpiente,amap,amap,a m a p,,Constenla2005,1222,,^ a m a p $,LencaSalvador,
LencaHonduras-95_serpiente-1,,LencaHonduras,95_serpiente,salala,salala,s a l a l a,,Constenla2005,1223,,^ s a l a l a $,LencaHonduras,a
Cacaopera-95_serpiente-1,,Cacaopera,95_serpiente,jara,jara,j a r a,,Constenla2005,1224,,^ j a r a $,Cacaopera,
Mayangna-95_serpiente-1,,Mayangna,95_serpiente,bil,bil,b i l,,Constenla2005,1225,,^ b i l $,Mayangna,
Ulwa-95_serpiente-1,,Ulwa,95_serpiente,di:muih,di:muih,d iː m u i h,,Constenla2005,1226,,^ d i: m u i h $,Ulwa,
Miskito-95_serpiente-1,,Miskito,95_serpiente,pjẽta,pjẽta,p j ẽ t a,,Constenla2005,1227,,^ p j ẽ t a $,Miskito,
Pech-95_serpiente-1,,Pech,95_serpiente,ìs,ìs,ì/i s,,Constenla2005,1228,,^ ì s $,Pech,
Rama-95_serpiente-1,,Rama,95_serpiente,a:lbut,a:lbut,aː l b u t,,Constenla2005,1229,,^ a: l b u t $,Rama,
MalekuJaika-95_serpiente-1,,MalekuJaika,95_serpiente,ɬala:ki,ɬala:ki,ɬ a l aː k i,,Constenla2005,1223,,^ ɬ a l a: k i $,MalekuJaika,a
Boruca-95_serpiente-1,,Boruca,95_serpiente,tèbèk,tèbèk,t è/e b è/e k,,Constenla2005,1230,,^ t è b è k $,Boruca,b
Bribri-95_serpiente-1,,Bribri,95_serpiente,tkabɪ́,tkabɪ́,t k a b ɪ́/ɪ,,Constenla2005,1230,,^ t k a b ɪ́ $,Bribri,b
Cabecar-95_serpiente-1,,Cabecar,95_serpiente,tkabɪ̀,tkabɪ̀,t k a b ɪ̀/ɪ,,Constenla2005,1230,,^ t k a b ɪ̀ $,Cabecar,b
Teribe-95_serpiente-1,,Teribe,95_serpiente,bugúɾ,bugúɾ,b u g ú/u ɾ,,Constenla2005,1231,,^ b u g ú ɾ $,Teribe,
Ngabere-95_serpiente-1,,Ngabere,95_serpiente,itʃa,itʃa,i tʃ a,,Constenla2005,1232,,^ i tʃ a $,Ngabere,
Buglere-95_serpiente-1,,Buglere,95_serpiente,hoɾisi,hoɾisi,h o ɾ i s i,,Constenla2005,1233,,^ h o ɾ i s i $,Buglere,
Dorasque-95_serpiente-1,,Dorasque,95_serpiente,buli,buli,b u l i,,Constenla2005,1234,,^ b u l i $,Dorasque,
SanBlasKuna-95_serpiente-1,,SanBlasKuna,95_serpiente,nakpe,nakpe,n a k p e,,Constenla2005,1230,,^ n a k p e $,SanBlasKuna,b
Cogui-95_serpiente-1,,Cogui,95_serpiente,'tagbi,'tagbi,'t/t a g b i,,Constenla2005,1230,,^ 't a g b i $,Cogui,b
Arhuaco-95_serpiente-1,,Arhuaco,95_serpiente,gwi'omɨ,gwi'omɨ,gʷ i 'o/o m ɨ,,Constenla2005,1235,,^ gw i 'o m ɨ $,Arhuaco,c
Malayo-95_serpiente-1,,Malayo,95_serpiente,guma,guma,g u m a,,Constenla2005,1235,,^ g u m a $,Malayo,c
Chimila-95_serpiente-1,,Chimila,95_serpiente,'mannuʔ,'mannuʔ,'m/m a n u ʔ,,Constenla2005,1236,,^ 'm a nn u ʔ $,Chimila,ch
Chibcha-95_serpiente-1,,Chibcha,95_serpiente,mɨso,mɨso,m ɨ s o,,Constenla2005,1236,,^ m ɨ s o $,Chibcha,ch
Bari-95_serpiente-1,,Bari,95_serpiente,tidu,tidu,t i d u,,Constenla2005,1237,,^ t i d u $,Bari,
CentralTunebo-95_serpiente-1,,CentralTunebo,95_serpiente,kumoɾo'a,kumoɾo'a,k u m o ɾ o 'a/a,,Constenla2005,1238,,^ k u m o ɾ o 'a $,CentralTunebo,
LencaSalvador-96_sol-1,,LencaSalvador,96_sol,jaʃa,jaʃa,j a ʃ a,,Constenla2005,1239,,^ j a ʃ a $,LencaSalvador,
LencaHonduras-96_sol-1,,LencaHonduras,96_sol,ka-si,ka-si,k a + s i,,Constenla2005,1240,,^ k a - s i $,LencaHonduras,a
Cacaopera-96_sol-1,,Cacaopera,96_sol,lan,lan,l a n,,Constenla2005,1241,,^ l a n $,Cacaopera,
Mayangna-96_sol-1,,Mayangna,96_sol,ma,ma,m a,,Constenla2005,1242,,^ m a $,Mayangna,b
Ulwa-96_sol-1,,Ulwa,96_sol,ma,ma,m a,,Constenla2005,1242,,^ m a $,Ulwa,b
Miskito-96_sol-1,,Miskito,96_sol,ju,ju,j u,,Constenla2005,1243,,^ j u $,Miskito,
Pech-96_sol-1,,Pech,96_sol,ã̀:,ã̀:,ã̀ː/ãː,,Constenla2005,1240,,^ ã̀: $,Pech,a
Rama-96_sol-1,,Rama,96_sol,alka,alka,a l k a,,Constenla2005,1244,,^ a l k a $,Rama,
MalekuJaika-96_sol-1,,MalekuJaika,96_sol,to:xi,to:xi,t oː x i,,Constenla2005,1245,,^ t o: x i $,MalekuJaika,c
Boruca-96_sol-1,,Boruca,96_sol,kà-k,kà-k,k à/a + k,,Constenla2005,1240,,^ k à - k $,Boruca,a
Bribri-96_sol-1,,Bribri,96_sol,dí-uʊ̀,dí-uʊ̀,d í/i + u ʊ̀/ʊ,,Constenla2005,1246,,^ d í - u ʊ̀ $,Bribri,ch
Cabecar-96_sol-1,,Cabecar,96_sol,kã-úʊ́,kã-úʊ́,k ã + ú/u ʊ́/ʊ,,Constenla2005,1240,,^ k ã - ú ʊ́ $,Cabecar,a
Teribe-96_sol-1,,Teribe,96_sol,dɺò,dɺò,d ɺ ò/o,,Constenla2005,1247,,^ d ɺ ò $,Teribe,
Ngabere-96_sol-1,,Ngabere,96_sol,ɲɔnɔ,ɲɔnɔ,ɲ ɔ n ɔ,,Constenla2005,1248,,^ ɲ ɔ n ɔ $,Ngabere,
Buglere-96_sol-1,,Buglere,96_sol,tʃwi,tʃwi,tʃ w i,,Constenla2005,1245,,^ tʃ w i $,Buglere,c
Dorasque-96_sol-1,,Dorasque,96_sol,kerél,kerél,k e r é/e l,,Constenla2005,1249,,^ k e r é l $,Dorasque,
SanBlasKuna-96_sol-1,,SanBlasKuna,96_sol,ta-ta,ta-ta,t a + t a,,Constenla2005,1250,,^ t a - t a $,SanBlasKuna,d
Cogui-96_sol-1,,Cogui,96_sol,'niui,'niui,'n/n i u i,,Constenla2005,1245,,^ 'n i u i $,Cogui,c
Arhuaco-96_sol-1,,Arhuaco,96_sol,dʒwi,dʒwi,dʒ w i,,Constenla2005,1245,,^ dʒ w i $,Arhuaco,c
Malayo-96_sol-1,,Malayo,96_sol,'dʒui,'dʒui,'d/d ʒ u i,,Constenla2005,1245,,^ 'd ʒ u i $,Malayo,c
Chimila-96_sol-1,,Chimila,96_sol,'di-ŋŋaʔ,'di-ŋŋaʔ,'d/d i + ŋ a ʔ,,Constenla2005,1246,,^ 'd i - ŋŋ a ʔ $,Chimila,ch
Chibcha-96_sol-1,,Chibcha,96_sol,sua,sua,s u a,,Constenla2005,1245,,^ s u a $,Chibcha,c
CentralTunebo-96_sol-1,,CentralTunebo,96_sol,'ra-ʔsa,'ra-ʔsa,'r/r a + ʔ s a,,Constenla2005,1250,,^ 'r a - ʔ s a $,CentralTunebo,d
Bari-96_sol-1,,Bari,96_sol,ni-a:,ni-a:,n i + aː,,Constenla2005,1246,,^ n i - a: $,Bari,ch
LencaSalvador-97_tetas-1,,LencaSalvador,97_tetas,ts'ukiN,ts'ukiN,ts 'u/u k i n,,Constenla2005,1251,,^ ts 'u k i N $,LencaSalvador,a
LencaHonduras-97_tetas-1,,LencaHonduras,97_tetas,palaN,palaN,p a l a n,,Constenla2005,1252,,^ p a l a N $,LencaHonduras,
Cacaopera-97_tetas-1,,Cacaopera,97_tetas,sum,sum,s u m,,Constenla2005,1251,,^ s u m $,Cacaopera,a
Mayangna-97_tetas-1,,Mayangna,97_tetas,ta,ta,t a,,Constenla2005,1253,,^ t a $,Mayangna,b
Ulwa-97_tetas-1,,Ulwa,97_tetas,ta,ta,t a,,Constenla2005,1253,,^ t a $,Ulwa,b
Miskito-97_tetas-1,,Miskito,97_tetas,tjalka,tjalka,t j a l k a,,Constenla2005,1253,,^ t j a l k a $,Miskito,b
Pech-97_tetas-1,,Pech,97_tetas,tútú,tútú,t ú/u t ú/u,,Constenla2005,1251,,^ t ú t ú $,Pech,a
Rama-97_tetas-1,,Rama,97_tetas,ka:ŋali:,ka:ŋali:,k aː ŋ a l iː,,Constenla2005,1254,,^ k a: ŋ a l i: $,Rama,c
MalekuJaika-97_tetas-1,,MalekuJaika,97_tetas,ko:ɾi,ko:ɾi,k oː ɾ i,,Constenla2005,1254,,^ k o: ɾ i $,MalekuJaika,c
Boruca-97_tetas-1,,Boruca,97_tetas,kàʔ,kàʔ,k à/a ʔ,,Constenla2005,1254,,^ k à ʔ $,Boruca,c
Bribri-97_tetas-1,,Bribri,97_tetas,tsǔʔ,tsǔʔ,ts ǔ/u ʔ,,Constenla2005,1251,,^ ts ǔ ʔ $,Bribri,a
Cabecar-97_tetas-1,,Cabecar,97_tetas,tsú,tsú,t s ú/u,,Constenla2005,1251,,^ t s ú $,Cabecar,a
Teribe-97_tetas-1,,Teribe,97_tetas,nókuò,nókuò,n ó/o k u ò/o,,Constenla2005,1255,,^ n ó k u ò $,Teribe,ch
Ngabere-97_tetas-1,,Ngabere,97_tetas,kẽã,kẽã,k ẽ ã,,Constenla2005,1256,,^ k ẽ ã $,Ngabere,
Buglere-97_tetas-1,,Buglere,97_tetas,tusú,tusú,t u s ú/u,,Constenla2005,1251,,^ t u s ú $,Buglere,a
Dorasque-97_tetas-1,,Dorasque,97_tetas,nõ,nõ,n õ,,Constenla2005,1255,,^ n õ $,Dorasque,ch
SanBlasKuna-97_tetas-1,,SanBlasKuna,97_tetas,nu:,nu:,n uː,,Constenla2005,1251,,^ n u: $,SanBlasKuna,a
Cogui-97_tetas-1,,Cogui,97_tetas,su'mi,su'mi,s u 'm/m i,,Constenla2005,1251,,^ s u 'm i $,Cogui,a
Arhuaco-97_tetas-1,,Arhuaco,97_tetas,tu,tu,t u,,Constenla2005,1251,,^ t u $,Arhuaco,a
Malayo-97_tetas-1,,Malayo,97_tetas,'tudu,'tudu,'t/t u d u,,Constenla2005,1251,,^ 't u d u $,Malayo,a
Chimila-97_tetas-1,,Chimila,97_tetas,ka:ʔ,ka:ʔ,k aː ʔ,,Constenla2005,1254,,^ k a: ʔ $,Chimila,c
Chibcha-97_tetas-1,,Chibcha,97_tetas,tʲue,tʲue,tʲ u e,,Constenla2005,1251,,^ tʲ u e $,Chibcha,a
CentralTunebo-97_tetas-1,,CentralTunebo,97_tetas,su'ta,su'ta,s u 't/t a,,Constenla2005,1251,,^ s u 't a $,CentralTunebo,a
Bari-97_tetas-1,,Bari,97_tetas,tu,tu,t u,,Constenla2005,1251,,^ t u $,Bari,a
LencaSalvador-98_tierra-1,,LencaSalvador,98_tierra,omoN,omoN,o m o n,,Constenla2005,1257,,^ o m o N $,LencaSalvador,
LencaHonduras-98_tierra-1,,LencaHonduras,98_tierra,lum,lum,l u m,,Constenla2005,1258,,^ l u m $,LencaHonduras,a
Cacaopera-98_tierra-1,,Cacaopera,98_tierra,duru,duru,d u r u,,Constenla2005,1258,,^ d u r u $,Cacaopera,a
Mayangna-98_tierra-1,,Mayangna,98_tierra,saw,saw,s a w,,Constenla2005,1259,,^ s a w $,Mayangna,b
Ulwa-98_tierra-1,,Ulwa,98_tierra,saw,saw,s a w,,Constenla2005,1259,,^ s a w $,Ulwa,b
Miskito-98_tierra-1,,Miskito,98_tierra,tasba,tasba,t a s b a,,Constenla2005,1260,,^ t a s b a $,Miskito,c
Pech-98_tierra-1,,Pech,98_tierra,kúk,kúk,k ú/u k,,Constenla2005,1261,,^ k ú k $,Pech,
Rama-98_tierra-1,,Rama,98_tierra,taki,taki,t a k i,,Constenla2005,1262,,^ t a k i $,Rama,
MalekuJaika-98_tierra-1,,MalekuJaika,98_tierra,laka:,laka:,l a k aː,,Constenla2005,1263,,^ l a k a: $,MalekuJaika,
Boruca-98_tierra-1,,Boruca,98_tierra,táb,táb,t á/a b,,Constenla2005,1260,,^ t á b $,Boruca,c
Bribri-98_tierra-1,,Bribri,98_tierra,ídʒʊ̀k,ídʒʊ̀k,í/i dʒ ʊ̀/ʊ k,,Constenla2005,1264,,^ í dʒ ʊ̀ k $,Bribri,ch
Cabecar-98_tierra-1,,Cabecar,98_tierra,hĩʃkʊ́,hĩʃkʊ́,h ĩ ʃ k ʊ́/ʊ,,Constenla2005,1264,,^ h ĩ ʃ k ʊ́ $,Cabecar,ch
Teribe-98_tierra-1,,Teribe,98_tierra,kɺúŋ,kɺúŋ,k ɺ ú/u ŋ,,Constenla2005,1265,,^ k ɺ ú ŋ $,Teribe,
Ngabere-98_tierra-1,,Ngabere,98_tierra,dɔbrɔ,dɔbrɔ,d ɔ b r ɔ,,Constenla2005,1260,,^ d ɔ b r ɔ $,Ngabere,c
Buglere-98_tierra-1,,Buglere,98_tierra,dbi,dbi,d b i,,Constenla2005,1260,,^ d b i $,Buglere,c
Dorasque-98_tierra-1,,Dorasque,98_tierra,íri,íri,í/i r i,,Constenla2005,1266,,^ í r i $,Dorasque,
SanBlasKuna-98_tierra-1,,SanBlasKuna,98_tierra,nappa,nappa,n a p a,,Constenla2005,1260,,^ n a pp a $,SanBlasKuna,c
Cogui-98_tierra-1,,Cogui,98_tierra,'kagi,'kagi,'k/k a g i,,Constenla2005,1267,,^ 'k a g i $,Cogui,d
Arhuaco-98_tierra-1,,Arhuaco,98_tierra,'kaʔa,'kaʔa,'k/k a ʔ a,,Constenla2005,1267,,^ 'k a ʔ a $,Arhuaco,d
Malayo-98_tierra-1,,Malayo,98_tierra,kɨngɨma,kɨngɨma,k ɨ n g ɨ m a,,Constenla2005,1267,,^ k ɨ n g ɨ m a $,Malayo,d
Chimila-98_tierra-1,,Chimila,98_tierra,'itti,'itti,'i/i t i,,Constenla2005,1268,,^ 'i tt i $,Chimila,
Chibcha-98_tierra-1,,Chibcha,98_tierra,histʲa,histʲa,h i s tʲ a,,Constenla2005,1269,,^ h i s tʲ a $,Chibcha,e
CentralTunebo-98_tierra-1,,CentralTunebo,98_tierra,'kahka,'kahka,'k/k a h k a,,Constenla2005,1267,,^ 'k a h k a $,CentralTunebo,d
Bari-98_tierra-1,,Bari,98_tierra,istã,istã,i s t ã,,Constenla2005,1269,,^ i s t ã $,Bari,e
LencaSalvador-99_tres-1,,LencaSalvador,99_tres,lawa,lawa,l a w a,,Constenla2005,1270,,^ l a w a $,LencaSalvador,a
LencaHonduras-99_tres-1,,LencaHonduras,99_tres,lawa,lawa,l a w a,,Constenla2005,1270,,^ l a w a $,LencaHonduras,a
Cacaopera-99_tres-1,,Cacaopera,99_tres,watba,watba,w a t b a,,Constenla2005,1271,,^ w a t b a $,Cacaopera,
Mayangna-99_tres-1,,Mayangna,99_tres,bas,bas,b a s,,Constenla2005,1272,,^ b a s $,Mayangna,b
Ulwa-99_tres-1,,Ulwa,99_tres,bas,bas,b a s,,Constenla2005,1272,,^ b a s $,Ulwa,b
Miskito-99_tres-1,,Miskito,99_tres,jumhpa,jumhpa,j u m h p a,,Constenla2005,1273,,^ j u m h p a $,Miskito,
Pech-99_tres-1,,Pech,99_tres,mã́jh,mã́jh,m ã́/ã j h,,Constenla2005,1272,,^ m ã́ j h $,Pech,b
Rama-99_tres-1,,Rama,99_tres,paŋsak,paŋsak,p a ŋ s a k,,Constenla2005,1272,,^ p a ŋ s a k $,Rama,b
MalekuJaika-99_tres-1,,MalekuJaika,99_tres,poi:kiri:,poi:kiri:,p o iː k i r iː,,Constenla2005,1272,,^ p o i: k i r i: $,MalekuJaika,b
Boruca-99_tres-1,,Boruca,99_tres,máŋ,máŋ,m á/a ŋ,,Constenla2005,1272,,^ m á ŋ $,Boruca,b
Bribri-99_tres-1,,Bribri,99_tres,badʒã,badʒã,b a dʒ ã,,Constenla2005,1272,,^ b a dʒ ã $,Bribri,b
Cabecar-99_tres-1,,Cabecar,99_tres,badʒã,badʒã,b a dʒ ã,,Constenla2005,1272,,^ b a dʒ ã $,Cabecar,b
Teribe-99_tres-1,,Teribe,99_tres,miá,miá,m i á/a,,Constenla2005,1272,,^ m i á $,Teribe,b
Ngabere-99_tres-1,,Ngabere,99_tres,mɔ,mɔ,m ɔ,,Constenla2005,1272,,^ m ɔ $,Ngabere,b
Buglere-99_tres-1,,Buglere,99_tres,mai,mai,m a i,,Constenla2005,1272,,^ m a i $,Buglere,b
Dorasque-99_tres-1,,Dorasque,99_tres,mas,mas,m a s,,Constenla2005,1272,,^ m a s $,Dorasque,b
SanBlasKuna-99_tres-1,,SanBlasKuna,99_tres,pa:,pa:,p aː,,Constenla2005,1272,,^ p a: $,SanBlasKuna,b
Cogui-99_tres-1,,Cogui,99_tres,'maigua,'maigua,'m/m a i g u a,,Constenla2005,1272,,^ 'm a i g u a $,Cogui,b
Arhuaco-99_tres-1,,Arhuaco,99_tres,'maikənɨ,'maikənɨ,'m/m a i k ə n ɨ,,Constenla2005,1272,,^ 'm a i k ə n ɨ $,Arhuaco,b
Malayo-99_tres-1,,Malayo,99_tres,maigwa,maigwa,m a i gʷ a,,Constenla2005,1272,,^ m a i gw a $,Malayo,b
Chimila-99_tres-1,,Chimila,99_tres,ma:hna,ma:hna,m aː h n a,,Constenla2005,1272,,^ m a: h n a $,Chimila,b
Chibcha-99_tres-1,,Chibcha,99_tres,mika,mika,m i k a,,Constenla2005,1272,,^ m i k a $,Chibcha,b
CentralTunebo-99_tres-1,,CentralTunebo,99_tres,'baja,'baja,'b/b a j a,,Constenla2005,1272,,^ 'b a j a $,CentralTunebo,b
Bari-99_tres-1,,Bari,99_tres,miktentɨkou,miktentɨkou,m i k t e n t ɨ k o u,,Constenla2005,1274,,^ m i k t e n t ɨ k o u $,Bari,
LencaSalvador-100_tripas-1,,LencaSalvador,100_tripas,maNʃuli,maNʃuli,m a n ʃ u l i,,Constenla2005,1275,,^ m a N ʃ u l i $,LencaSalvador,a
LencaHonduras-100_tripas-1,,LencaHonduras,100_tripas,maNsuliN,maNsuliN,m a n s u l i n,,Constenla2005,1275,,^ m a N s u l i N $,LencaHonduras,a
Cacaopera-100_tripas-1,,Cacaopera,100_tripas,jusilin,jusilin,j u s i l i n,,Constenla2005,1276,,^ j u s i l i n $,Cacaopera,
Mayangna-100_tripas-1,,Mayangna,100_tripas,ba,ba,b a,,Constenla2005,1275,,^ b a $,Mayangna,a
Ulwa-100_tripas-1,,Ulwa,100_tripas,ba,ba,b a,,Constenla2005,1275,,^ b a $,Ulwa,a
Miskito-100_tripas-1,,Miskito,100_tripas,bjara,bjara,b j a r a,,Constenla2005,1275,,^ b j a r a $,Miskito,a
Pech-100_tripas-1,,Pech,100_tripas,áʔsábɾìs,áʔsábɾìs,á/a ʔ s á/a b ɾ ì/i s,,Constenla2005,1277,,^ á ʔ s á b ɾ ì s $,Pech,
Rama-100_tripas-1,,Rama,100_tripas,uɾmut sukŋuaŋ,uɾmut sukŋuaŋ,u ɾ m u t + s u k ŋ u a ŋ,,Constenla2005,1278,,^ u ɾ m u t + s u k ŋ u a ŋ $,Rama,
MalekuJaika-100_tripas-1,,MalekuJaika,100_tripas,ko: ki:ra,ko: ki:ra,k oː + k iː r a,,Constenla2005,1279,,^ k o: + k i: r a $,MalekuJaika,
Boruca-100_tripas-1,,Boruca,100_tripas,ʃuàʔ,ʃuàʔ,ʃ u à/a ʔ,,Constenla2005,1280,,^ ʃ u à ʔ $,Boruca,
Bribri-100_tripas-1,,Bribri,100_tripas,dʒã̂ stsè,dʒã̂ stsè,dʒ ã̂/ã + s ts è/e,,Constenla2005,1281,,^ dʒ ã̂ + s ts è $,Bribri,
Cabecar-100_tripas-1,,Cabecar,100_tripas,dʒã́ batʃiɺí,dʒã́ batʃiɺí,dʒ ã́/ã + b a tʃ i ɺ í/i,,Constenla2005,1282,,^ dʒ ã́ + b a tʃ i ɺ í $,Cabecar,
Teribe-100_tripas-1,,Teribe,100_tripas,ʒàkógɺo,ʒàkógɺo,ʒ à/a k ó/o g ɺ o,,Constenla2005,1283,,^ ʒ à k ó g ɺ o $,Teribe,
Ngabere-100_tripas-1,,Ngabere,100_tripas,ŋɔ̃gɾɔ,ŋɔ̃gɾɔ,ŋ ɔ̃ g ɾ ɔ,,Constenla2005,1284,,^ ŋ ɔ̃ g ɾ ɔ $,Ngabere,b
Buglere-100_tripas-1,,Buglere,100_tripas,hẽgɾa,hẽgɾa,h ẽ g ɾ a,,Constenla2005,1284,,^ h ẽ g ɾ a $,Buglere,b
Dorasque-100_tripas-1,,Dorasque,100_tripas,koɾegol,koɾegol,k o ɾ e g o l,,Constenla2005,1285,,^ k o ɾ e g o l $,Dorasque,
SanBlasKuna-100_tripas-1,,SanBlasKuna,100_tripas,saki,saki,s a k i,,Constenla2005,1286,,^ s a k i $,SanBlasKuna,
Cogui-100_tripas-1,,Cogui,100_tripas,ganukʃiʒa,ganukʃiʒa,g a n u k ʃ i ʒ a,,Constenla2005,1287,,^ g a n u k ʃ i ʒ a $,Cogui,
Arhuaco-100_tripas-1,,Arhuaco,100_tripas,ga'siɾo,ga'siɾo,g 'a/a s i ɾ o,,Constenla2005,1288,,^ g a' s i ɾ o $,Arhuaco,c
Malayo-100_tripas-1,,Malayo,100_tripas,gaʒina,gaʒina,g a ʒ i n a,,Constenla2005,1289,,^ g a ʒ i n a $,Malayo,
Chimila-100_tripas-1,,Chimila,100_tripas,'kutti 'kwe:ɾiniʔ,'kutti 'kwe:ɾiniʔ,'k/k u t i + 'k/k w eː ɾ i n i ʔ,,Constenla2005,1290,,^ 'k u tt i + 'k w e: ɾ i n i ʔ $,Chimila,
Chibcha-100_tripas-1,,Chibcha,100_tripas,tsimsua,tsimsua,ts i m s u a,,Constenla2005,1291,,^ ts i m s u a $,Chibcha,
CentralTunebo-100_tripas-1,,CentralTunebo,100_tripas,buk'ʃiɾa,buk'ʃiɾa,b u k 'ʃ/ʃ i ɾ a,,Constenla2005,1292,,^ b u k 'ʃ i ɾ a $,CentralTunebo,
Bari-100_tripas-1,,Bari,100_tripas,a:si,a:si,aː s i,,Constenla2005,1288,,^ a: s i $,Bari,c
LencaSalvador-101_tu-1,,LencaSalvador,101_tu,manani,manani,m a n a n i,,Constenla2005,1293,,^ m a n a n i $,LencaSalvador,a
LencaHonduras-101_tu-1,,LencaHonduras,101_tu,amnan,amnan,a m n a n,,Constenla2005,1293,,^ a m n a n $,LencaHonduras,a
Cacaopera-101_tu-1,,Cacaopera,101_tu,mani,mani,m a n i,,Constenla2005,1293,,^ m a n i $,Cacaopera,a
Mayangna-101_tu-1,,Mayangna,101_tu,man,man,m a n,,Constenla2005,1293,,^ m a n $,Mayangna,a
Ulwa-101_tu-1,,Ulwa,101_tu,man,man,m a n,,Constenla2005,1293,,^ m a n $,Ulwa,a
Miskito-101_tu-1,,Miskito,101_tu,man,man,m a n,,Constenla2005,1293,,^ m a n $,Miskito,a
Pech-101_tu-1,,Pech,101_tu,pa,pa,p a,,Constenla2005,1293,,^ p a $,Pech,a
Rama-101_tu-1,,Rama,101_tu,ma:,ma:,m aː,,Constenla2005,1293,,^ m a: $,Rama,a
MalekuJaika-101_tu-1,,MalekuJaika,101_tu,po:,po:,p oː,,Constenla2005,1293,,^ p o: $,MalekuJaika,a
Boruca-101_tu-1,,Boruca,101_tu,bá,bá,b á/a,,Constenla2005,1293,,^ b á $,Boruca,a
Bribri-101_tu-1,,Bribri,101_tu,běʔ,běʔ,b ě/e ʔ,,Constenla2005,1293,,^ b ě ʔ $,Bribri,a
Cabecar-101_tu-1,,Cabecar,101_tu,bá,bá,b á/a,,Constenla2005,1293,,^ b á $,Cabecar,a
Teribe-101_tu-1,,Teribe,101_tu,ɸà,ɸà,ɸ à/a,,Constenla2005,1293,,^ ɸ à $,Teribe,a
Ngabere-101_tu-1,,Ngabere,101_tu,mɔ,mɔ,m ɔ,,Constenla2005,1293,,^ m ɔ $,Ngabere,a
Buglere-101_tu-1,,Buglere,101_tu,ba,ba,b a,,Constenla2005,1293,,^ b a $,Buglere,a
Dorasque-101_tu-1,,Dorasque,101_tu,bá,bá,b á/a,,Constenla2005,1293,,^ b á $,Dorasque,a
SanBlasKuna-101_tu-1,,SanBlasKuna,101_tu,pe,pe,p e,,Constenla2005,1293,,^ p e $,SanBlasKuna,a
Cogui-101_tu-1,,Cogui,101_tu,ma,ma,m a,,Constenla2005,1293,,^ m a $,Cogui,a
Arhuaco-101_tu-1,,Arhuaco,101_tu,ma,ma,m a,,Constenla2005,1293,,^ m a $,Arhuaco,a
Malayo-101_tu-1,,Malayo,101_tu,ma,ma,m a,,Constenla2005,1293,,^ m a $,Malayo,a
Chimila-101_tu-1,,Chimila,101_tu,'amma,'amma,'a/a m a,,Constenla2005,1294,,^ 'a mm a $,Chimila,
Chibcha-101_tu-1,,Chibcha,101_tu,mɨe,mɨe,m ɨ e,,Constenla2005,1293,,^ m ɨ e $,Chibcha,a
CentralTunebo-101_tu-1,,CentralTunebo,101_tu,'baʔa,'baʔa,'b/b a ʔ a,,Constenla2005,1293,,^ 'b a ʔ a $,CentralTunebo,a
Bari-101_tu-1,,Bari,101_tu,bai,bai,b a i,,Constenla2005,1293,,^ b a i $,Bari,a
LencaSalvador-102_uno-1,,LencaSalvador,102_uno,pis,pis,p i s,,Constenla2005,1295,,^ p i s $,LencaSalvador,a
LencaHonduras-102_uno-1,,LencaHonduras,102_uno,eta,eta,e t a,,Constenla2005,1296,,^ e t a $,LencaHonduras,b
Cacaopera-102_uno-1,,Cacaopera,102_uno,bas,bas,b a s,,Constenla2005,1295,,^ b a s $,Cacaopera,a
Mayangna-102_uno-1,,Mayangna,102_uno,as,as,a s,,Constenla2005,1297,,^ a s $,Mayangna,c
Ulwa-102_uno-1,,Ulwa,102_uno,as,as,a s,,Constenla2005,1297,,^ a s $,Ulwa,c
Miskito-102_uno-1,,Miskito,102_uno,kumi,kumi,k u m i,,Constenla2005,1298,,^ k u m i $,Miskito,
Pech-102_uno-1,,Pech,102_uno,ás,ás,á/a s,,Constenla2005,1297,,^ á s $,Pech,c
Rama-102_uno-1,,Rama,102_uno,saimiŋ,saimiŋ,s a i m i ŋ,,Constenla2005,1299,,^ s a i m i ŋ $,Rama,
MalekuJaika-102_uno-1,,MalekuJaika,102_uno,ana:katʃuma:,ana:katʃuma:,a n aː k a tʃ u m aː,,Constenla2005,1300,,^ a n a: k a tʃ u m a: $,MalekuJaika,
Boruca-102_uno-1,,Boruca,102_uno,éʔtsi,éʔtsi,é/e ʔ ts i,,Constenla2005,1296,,^ é ʔ ts i $,Boruca,b
Bribri-102_uno-1,,Bribri,102_uno,e,e,e,,Constenla2005,1296,,^ e $,Bribri,b
Cabecar-102_uno-1,,Cabecar,102_uno,é,é,é/e,,Constenla2005,1296,,^ é $,Cabecar,b
Teribe-102_uno-1,,Teribe,102_uno,ɾa,ɾa,ɾ a,,Constenla2005,1301,,^ ɾ a $,Teribe,
Ngabere-102_uno-1,,Ngabere,102_uno,ti,ti,t i,,Constenla2005,1302,,^ t i $,Ngabere,ch
Buglere-102_uno-1,,Buglere,102_uno,ite,ite,i t e,,Constenla2005,1302,,^ i t e $,Buglere,ch
Dorasque-102_uno-1,,Dorasque,102_uno,e,e,e,,Constenla2005,1296,,^ e $,Dorasque,b
SanBlasKuna-102_uno-1,,SanBlasKuna,102_uno,kwenna,kwenna,kʷ e n a,,Constenla2005,1303,,^ kw e nn a $,SanBlasKuna,
Cogui-102_uno-1,,Cogui,102_uno,'ezua,'ezua,'e/e z u a,,Constenla2005,1296,,^ 'e z u a $,Cogui,b
Arhuaco-102_uno-1,,Arhuaco,102_uno,'inʔgwi,'inʔgwi,'i/i n ʔ gʷ i,,Constenla2005,1304,,^ 'i n ʔ gw i $,Arhuaco,d
Malayo-102_uno-1,,Malayo,102_uno,ingwi,ingwi,i n gʷ i,,Constenla2005,1304,,^ i n gw i $,Malayo,d
Chimila-102_uno-1,,Chimila,102_uno,te,te,t e,,Constenla2005,1302,,^ t e $,Chimila,ch
Chibcha-102_uno-1,,Chibcha,102_uno,ata,ata,a t a,,Constenla2005,1296,,^ a t a $,Chibcha,b
CentralTunebo-102_uno-1,,CentralTunebo,102_uno,'ubistia,'ubistia,'u/u b i s t i a,,Constenla2005,1305,,^ 'u b i s t i a $,CentralTunebo,
Bari-102_uno-1,,Bari,102_uno,ĩtou.,ĩtou.,ĩ t o u,,Constenla2005,1306,,^ ĩ t o u . $,Bari,
LencaSalvador-103_ustedes-1,,LencaSalvador,103_ustedes,kinani,kinani,k i n a n i,,Constenla2005,1307,,^ k i n a n i $,LencaSalvador,
LencaHonduras-103_ustedes-1,,LencaHonduras,103_ustedes,ajnan,ajnan,a j n a n,,Constenla2005,1308,,^ a j n a n $,LencaHonduras,
Cacaopera-103_ustedes-1,,Cacaopera,103_ustedes,maniwalhi,maniwalhi,m a n i w a l h i,,Constenla2005,1309,,^ m a n i w a l h i $,Cacaopera,
Mayangna-103_ustedes-1,,Mayangna,103_ustedes,manna,manna,m a n a,,Constenla2005,1310,,^ m a nn a $,Mayangna,a
Ulwa-103_ustedes-1,,Ulwa,103_ustedes,manna,manna,m a n a,,Constenla2005,1310,,^ m a nn a $,Ulwa,a
Miskito-103_ustedes-1,,Miskito,103_ustedes,manani,manani,m a n a n i,,Constenla2005,1310,,^ m a n a n i $,Miskito,a
Pech-103_ustedes-1,,Pech,103_ustedes,pahwa,pahwa,p a h w a,,Constenla2005,1311,,^ p a h w a $,Pech,
Rama-103_ustedes-1,,Rama,103_ustedes,mulut,mulut,m u l u t,,Constenla2005,1312,,^ m u l u t $,Rama,b
MalekuJaika-103_ustedes-1,,MalekuJaika,103_ustedes,po: maɾa:ma,po: maɾa:ma,p oː + m a ɾ aː m a,,Constenla2005,1313,,^ p o: + m a ɾ a: m a $,MalekuJaika,c
Boruca-103_ustedes-1,,Boruca,103_ustedes,biʔ ɾóxk,biʔ ɾóxk,b i ʔ + ɾ ó/o x k,,Constenla2005,1314,,^ b i ʔ + ɾ ó x k $,Boruca,ch
Bribri-103_ustedes-1,,Bribri,103_ustedes,ǎʔ,ǎʔ,ǎ/a ʔ,,Constenla2005,1315,,^ ǎ ʔ $,Bribri,
Cabecar-103_ustedes-1,,Cabecar,103_ustedes,bás,bás,b á/a s,,Constenla2005,1316,,^ b á s $,Cabecar,
Teribe-103_ustedes-1,,Teribe,103_ustedes,ɸãĩ,ɸãĩ,ɸ ã ĩ,,Constenla2005,1317,,^ ɸ ã ĩ $,Teribe,
Ngabere-103_ustedes-1,,Ngabere,103_ustedes,mũ,mũ,m ũ,,Constenla2005,1312,,^ m ũ $,Ngabere,b
Buglere-103_ustedes-1,,Buglere,103_ustedes,bádre,bádre,b á/a d r e,,Constenla2005,1318,,^ b á d r e $,Buglere,
SanBlasKuna-103_ustedes-1,,SanBlasKuna,103_ustedes,pemala,pemala,p e m a l a,,Constenla2005,1313,,^ p e m a l a $,SanBlasKuna,c
Cogui-103_ustedes-1,,Cogui,103_ustedes,main,main,m a i n,,Constenla2005,1320,,^ m a i n $,Cogui,
Arhuaco-103_ustedes-1,,Arhuaco,103_ustedes,'miwi,'miwi,'m/m i w i,,Constenla2005,1314,,^ 'm i w i $,Arhuaco,ch
Malayo-103_ustedes-1,,Malayo,103_ustedes,mawindina,mawindina,m a w i n d i n a,,Constenla2005,1321,,^ m a w i n d i n a $,Malayo,
Chimila-103_ustedes-1,,Chimila,103_ustedes,'ammaɾaʔ,'ammaɾaʔ,'a/a m a ɾ a ʔ,,Constenla2005,1322,,^ 'a mm a ɾ a ʔ $,Chimila,
Chibcha-103_ustedes-1,,Chibcha,103_ustedes,mie,mie,m i e,,Constenla2005,1314,,^ m i e $,Chibcha,ch
CentralTunebo-103_ustedes-1,,CentralTunebo,103_ustedes,'ba,'ba,'b/b a,,Constenla2005,1323,,^ 'b a $,CentralTunebo,
Bari-103_ustedes-1,,Bari,103_ustedes,biɲi,biɲi,b i ɲ i,,Constenla2005,1314,,^ b i ɲ i $,Bari,ch
LencaSalvador-104_venir-1,,LencaSalvador,104_venir,po,po,p o,,Constenla2005,1324,,^ p o $,LencaSalvador,a
LencaHonduras-104_venir-1,,LencaHonduras,104_venir,pu,pu,p u,,Constenla2005,1324,,^ p u $,LencaHonduras,a
Cacaopera-104_venir-1,,Cacaopera,104_venir,ajra,ajra,a j r a,,Constenla2005,1325,,^ a j r a $,Cacaopera,b
Mayangna-104_venir-1,,Mayangna,104_venir,ajwa,ajwa,a j w a,,Constenla2005,1325,,^ a j w a $,Mayangna,b
Ulwa-104_venir-1,,Ulwa,104_venir,ajwa,ajwa,a j w a,,Constenla2005,1325,,^ a j w a $,Ulwa,b
Miskito-104_venir-1,,Miskito,104_venir,bal,bal,b a l,,Constenla2005,1324,,^ b a l $,Miskito,a
Pech-104_venir-1,,Pech,104_venir,tèʔk,tèʔk,t è/e ʔ k,,Constenla2005,1326,,^ t è ʔ k $,Pech,c
Rama-104_venir-1,,Rama,104_venir,si:k,si:k,s iː k,,Constenla2005,1326,,^ s i: k $,Rama,c
MalekuJaika-104_venir-1,,MalekuJaika,104_venir,to-ki:,to-ki:,t o + k iː,,Constenla2005,1327,,^ t o - k i: $,MalekuJaika,ch
Boruca-104_venir-1,,Boruca,104_venir,dàbàk,dàbàk,d à/a b à/a k,,Constenla2005,1328,,^ d à b à k $,Boruca,
Bribri-104_venir-1,,Bribri,104_venir,dɪ,dɪ,d ɪ,,Constenla2005,1326,,^ d ɪ $,Bribri,c
Cabecar-104_venir-1,,Cabecar,104_venir,de,de,d e,,Constenla2005,1326,,^ d e $,Cabecar,c
Teribe-104_venir-1,,Teribe,104_venir,ték,ték,t é/e k,,Constenla2005,1329,,^ t é k $,Teribe,
Ngabere-104_venir-1,,Ngabere,104_venir,kite,kite,k i t e,,Constenla2005,1330,,^ k i t e $,Ngabere,
Buglere-104_venir-1,,Buglere,104_venir,tʃige,tʃige,tʃ i g e,,Constenla2005,1326,,^ tʃ i g e $,Buglere,c
Dorasque-104_venir-1,,Dorasque,104_venir,berik,berik,b e r i k,,Constenla2005,1331,,^ b e r i k $,Dorasque,
SanBlasKuna-104_venir-1,,SanBlasKuna,104_venir,ta-ke,ta-ke,t a + k e,,Constenla2005,1327,,^ t a - k e $,SanBlasKuna,ch
Cogui-104_venir-1,,Cogui,104_venir,'na-ʃ,'na-ʃ,'n/n a + ʃ,,Constenla2005,1327,,^ 'n a - ʃ $,Cogui,ch
Arhuaco-104_venir-1,,Arhuaco,104_venir,'na-k,'na-k,'n/n a + k,,Constenla2005,1327,,^ 'n a - k $,Arhuaco,ch
Malayo-104_venir-1,,Malayo,104_venir,na-k,na-k,n a + k,,Constenla2005,1327,,^ n a - k $,Malayo,ch
Chimila-104_venir-1,,Chimila,104_venir,hatta,hatta,h a t a,,Constenla2005,1333,,^ h a tt a $,Chimila,
Chibcha-104_venir-1,,Chibcha,104_venir,nɨ,nɨ,n ɨ,,Constenla2005,1327,,^ n ɨ $,Chibcha,ch
CentralTunebo-104_venir-1,,CentralTunebo,104_venir,'beki,'beki,'b/b e k i,,Constenla2005,1334,,^ 'b e k i $,CentralTunebo,
Bari-104_venir-1,,Bari,104_venir,abãi,abãi,a b ã i,,Constenla2005,1335,,^ a b ã i $,Bari,
LencaSalvador-105_ver-1,,LencaSalvador,105_ver,yot,yot,j o t,,Constenla2005,1336,,^ y o t $,LencaSalvador,
LencaHonduras-105_ver-1,,LencaHonduras,105_ver,is,is,i s,,Constenla2005,1337,,^ i s $,LencaHonduras,a
Cacaopera-105_ver-1,,Cacaopera,105_ver,la,la,l a,,Constenla2005,1338,,^ l a $,Cacaopera,
Mayangna-105_ver-1,,Mayangna,105_ver,tal,tal,t a l,,Constenla2005,1339,,^ t a l $,Mayangna,b
Ulwa-105_ver-1,,Ulwa,105_ver,tal,tal,t a l,,Constenla2005,1339,,^ t a l $,Ulwa,b
Miskito-105_ver-1,,Miskito,105_ver,kajk,kajk,k a j k,,Constenla2005,1340,,^ k a j k $,Miskito,
Pech-105_ver-1,,Pech,105_ver,ʃã̀ʔ,ʃã̀ʔ,ʃ ã̀/ã ʔ,,Constenla2005,1341,,^ ʃ ã̀ ʔ $,Pech,
Rama-105_ver-1,,Rama,105_ver,suŋ,suŋ,s u ŋ,,Constenla2005,1342,,^ s u ŋ $,Rama,c
MalekuJaika-105_ver-1,,MalekuJaika,105_ver,kua:ki,kua:ki,k u aː k i,,Constenla2005,1343,,^ k u a: k i $,MalekuJaika,
Boruca-105_ver-1,,Boruca,105_ver,íʃt,íʃt,í/i ʃ t,,Constenla2005,1337,,^ í ʃ t $,Boruca,a
Bribri-105_ver-1,,Bribri,105_ver,sũ,sũ,s ũ,,Constenla2005,1342,,^ s ũ $,Bribri,c
Cabecar-105_ver-1,,Cabecar,105_ver,sũ,sũ,s ũ,,Constenla2005,1342,,^ s ũ $,Cabecar,c
Teribe-105_ver-1,,Teribe,105_ver,ĩ́k,ĩ́k,ĩ́/ĩ k,,Constenla2005,1344,,^ ĩ́ k $,Teribe,
Ngabere-105_ver-1,,Ngabere,105_ver,tũ,tũ,t ũ,,Constenla2005,1342,,^ t ũ $,Ngabere,c
Buglere-105_ver-1,,Buglere,105_ver,tiẽ,tiẽ,t i ẽ,,Constenla2005,1345,,^ t i ẽ $,Buglere,
Dorasque-105_ver-1,,Dorasque,105_ver,okosí,okosí,o k o s í/i,,Constenla2005,1346,,^ o k o s í $,Dorasque,
SanBlasKuna-105_ver-1,,SanBlasKuna,105_ver,takke,takke,t a k e,,Constenla2005,1347,,^ t a kk e $,SanBlasKuna,
Cogui-105_ver-1,,Cogui,105_ver,tũ,tũ,t ũ,,Constenla2005,1342,,^ t ũ $,Cogui,c
Arhuaco-105_ver-1,,Arhuaco,105_ver,'tʃw,'tʃw,'tʃ/tʃ w,,Constenla2005,1342,,^ 'tʃ w $,Arhuaco,c
Malayo-105_ver-1,,Malayo,105_ver,tu'a,tu'a,t 'u/u a,,Constenla2005,1342,,^ t u' a $,Malayo,c
Chimila-105_ver-1,,Chimila,105_ver,tu:,tu:,t uː,,Constenla2005,1342,,^ t u: $,Chimila,c
Chibcha-105_ver-1,,Chibcha,105_ver,ihistɨ,ihistɨ,i h i s t ɨ,,Constenla2005,1337,,^ i h i s t ɨ $,Chibcha,a
CentralTunebo-105_ver-1,,CentralTunebo,105_ver,is'ti,is'ti,i s 't/t i,,Constenla2005,1337,,^ i s 't i $,CentralTunebo,a
Bari-105_ver-1,,Bari,105_ver,ma:di,ma:di,m aː d i,,Constenla2005,1348,,^ m a: d i $,Bari,
LencaSalvador-106_verde-1,,LencaSalvador,106_verde,ts'ahjaN,ts'ahjaN,ts 'a/a h j a n,,Constenla2005,1349,,^ ts 'a h j a N $,LencaSalvador,a
LencaHonduras-106_verde-1,,LencaHonduras,106_verde,siga,siga,s i g a,,Constenla2005,1350,,^ s i g a $,LencaHonduras,
Cacaopera-106_verde-1,,Cacaopera,106_verde,sasaka,sasaka,s a s a k a,,Constenla2005,1349,,^ s a s a k a $,Cacaopera,a
Mayangna-106_verde-1,,Mayangna,106_verde,saŋni,saŋni,s a ŋ n i,,Constenla2005,1349,,^ s a ŋ n i $,Mayangna,a
Ulwa-106_verde-1,,Ulwa,106_verde,saŋka,saŋka,s a ŋ k a,,Constenla2005,1349,,^ s a ŋ k a $,Ulwa,a
Miskito-106_verde-1,,Miskito,106_verde,saŋni,saŋni,s a ŋ n i,,Constenla2005,1349,,^ s a ŋ n i $,Miskito,a
Pech-106_verde-1,,Pech,106_verde,sáʔka,sáʔka,s á/a ʔ k a,,Constenla2005,1349,,^ s á ʔ k a $,Pech,a
Rama-106_verde-1,,Rama,106_verde,ŋaɾŋaɾiŋma,ŋaɾŋaɾiŋma,ŋ a ɾ ŋ a ɾ i ŋ m a,,Constenla2005,1351,,^ ŋ a ɾ ŋ a ɾ i ŋ m a $,Rama,
MalekuJaika-106_verde-1,,MalekuJaika,106_verde,ɬa:ŋa,ɬa:ŋa,ɬ aː ŋ a,,Constenla2005,1349,,^ ɬ a: ŋ a $,MalekuJaika,a
Boruca-106_verde-1,,Boruca,106_verde,uàʔká,uàʔká,u à/a ʔ k á/a,,Constenla2005,1352,,^ u à ʔ k á $,Boruca,
Bribri-106_verde-1,,Bribri,106_verde,tsipâsipǎ,tsipâsipǎ,ts i p â/a s i p ǎ/a,,Constenla2005,1353,,^ ts i p â s i p ǎ $,Bribri,
Cabecar-106_verde-1,,Cabecar,106_verde,spã́,spã́,s p ã́/ã,,Constenla2005,1354,,^ s p ã́ $,Cabecar,
Teribe-106_verde-1,,Teribe,106_verde,dìŋdíŋ,dìŋdíŋ,d ì/i ŋ d í/i ŋ,,Constenla2005,1355,,^ d ì ŋ d í ŋ $,Teribe,
Ngabere-106_verde-1,,Ngabere,106_verde,kaɾe,kaɾe,k a ɾ e,,Constenla2005,1356,,^ k a ɾ e $,Ngabere,b
Buglere-106_verde-1,,Buglere,106_verde,leɾeɾe,leɾeɾe,l e ɾ e ɾ e,,Constenla2005,1357,,^ l e ɾ e ɾ e $,Buglere,
Dorasque-106_verde-1,,Dorasque,106_verde,yíama,yíama,j í/i a m a,,Constenla2005,1358,,^ y í a m a $,Dorasque,
SanBlasKuna-106_verde-1,,SanBlasKuna,106_verde,aɾati,aɾati,a ɾ a t i,,Constenla2005,1359,,^ a ɾ a t i $,SanBlasKuna,
Cogui-106_verde-1,,Cogui,106_verde,a'taʃi,a'taʃi,a 't/t a ʃ i,,Constenla2005,1360,,^ a 't a ʃ i $,Cogui,c
Arhuaco-106_verde-1,,Arhuaco,106_verde,'tʃiki'ɾuɾu,'tʃiki'ɾuɾu,'tʃ/tʃ i k i 'ɾ/ɾ u ɾ u,,Constenla2005,1361,,^ 'tʃ i k i 'ɾ u ɾ u $,Arhuaco,ch
Malayo-106_verde-1,,Malayo,106_verde,'itiki,'itiki,'i/i t i k i,,Constenla2005,1361,,^ 'i t i k i $,Malayo,ch
Chimila-106_verde-1,,Chimila,106_verde,'ka:ɾasah,'ka:ɾasah,'k/k aː ɾ a s a h,,Constenla2005,1356,,^ 'k a: ɾ a s a h $,Chimila,b
Chibcha-106_verde-1,,Chibcha,106_verde,tʲɨskiko,tʲɨskiko,tʲ ɨ s k i k o,,Constenla2005,1349,,^ tʲ ɨ s k i k o $,Chibcha,a
CentralTunebo-106_verde-1,,CentralTunebo,106_verde,ti'kaja,ti'kaja,t i 'k/k a j a,,Constenla2005,1361,,^ t i 'k a j a $,CentralTunebo,ch
Bari-106_verde-1,,Bari,106_verde,binaikana,binaikana,b i n a i k a n a,,Constenla2005,1362,,^ b i n a i k a n a $,Bari,
LencaSalvador-107_viejo-1,,LencaSalvador,107_viejo,koko,koko,k o k o,,Constenla2005,1363,,^ k o k o $,LencaSalvador,
LencaHonduras-107_viejo-1,,LencaHonduras,107_viejo,tahoi,tahoi,t a h o i,,Constenla2005,1364,,^ t a h o i $,LencaHonduras,
Cacaopera-107_viejo-1,,Cacaopera,107_viejo,uskam,uskam,u s k a m,,Constenla2005,1365,,^ u s k a m $,Cacaopera,
Mayangna-107_viejo-1,,Mayangna,107_viejo,umani,umani,u m a n i,,Constenla2005,1366,,^ u m a n i $,Mayangna,a
Ulwa-107_viejo-1,,Ulwa,107_viejo,umana,umana,u m a n a,,Constenla2005,1366,,^ u m a n a $,Ulwa,a
Miskito-107_viejo-1,,Miskito,107_viejo,almuk,almuk,a l m u k,,Constenla2005,1367,,^ a l m u k $,Miskito,
Pech-107_viejo-1,,Pech,107_viejo,ámã̀ʔ,ámã̀ʔ,á/a m ã̀/ã ʔ,,Constenla2005,1368,,^ á m ã̀ ʔ $,Pech,
Rama-107_viejo-1,,Rama,107_viejo,juwa,juwa,j u w a,,Constenla2005,1369,,^ j u w a $,Rama,
MalekuJaika-107_viejo-1,,MalekuJaika,107_viejo,saxa:saxa:,saxa:saxa:,s a x aː s a x aː,,Constenla2005,1370,,^ s a x a: s a x a: $,MalekuJaika,
Boruca-107_viejo-1,,Boruca,107_viejo,ùɾàŋká,ùɾàŋká,ù/u ɾ à/a ŋ k á/a,,Constenla2005,1371,,^ ù ɾ à ŋ k á $,Boruca,b
Bribri-107_viejo-1,,Bribri,107_viejo,akɪ́tʃkè,akɪ́tʃkè,a k ɪ́/ɪ tʃ k è/e,,Constenla2005,1372,,^ a k ɪ́ tʃ k è $,Bribri,c
Cabecar-107_viejo-1,,Cabecar,107_viejo,kɪ̂dʒakè,kɪ̂dʒakè,k ɪ̂/ɪ dʒ a k è/e,,Constenla2005,1372,,^ k ɪ̂ dʒ a k è $,Cabecar,c
Teribe-107_viejo-1,,Teribe,107_viejo,kɪ̀:gɪ́,kɪ̀:gɪ́,k ɪ̀ː/ɪː g ɪ́/ɪ,,Constenla2005,1372,,^ k ɪ̀: g ɪ́ $,Teribe,c
Ngabere-107_viejo-1,,Ngabere,107_viejo,ũbɾe,ũbɾe,ũ b ɾ e,,Constenla2005,1366,,^ ũ b ɾ e $,Ngabere,a
Buglere-107_viejo-1,,Buglere,107_viejo,huda,huda,h u d a,,Constenla2005,1371,,^ h u d a $,Buglere,b
Dorasque-107_viejo-1,,Dorasque,107_viejo,taré,taré,t a r é/e,,Constenla2005,1373,,^ t a r é $,Dorasque,
SanBlasKuna-107_viejo-1,,SanBlasKuna,107_viejo,seɾeti,seɾeti,s e ɾ e t i,,Constenla2005,1374,,^ s e ɾ e t i $,SanBlasKuna,
Cogui-107_viejo-1,,Cogui,107_viejo,tuma,tuma,t u m a,,Constenla2005,1375,,^ t u m a $,Cogui,
Arhuaco-107_viejo-1,,Arhuaco,107_viejo,a'tʃənna,a'tʃənna,'a/a tʃ ə n a,,Constenla2005,1376,,^ a' tʃ ə nn a $,Arhuaco,ch
Malayo-107_viejo-1,,Malayo,107_viejo,ɨttɨna,ɨttɨna,ɨ t ɨ n a,,Constenla2005,1376,,^ ɨ tt ɨ n a $,Malayo,ch
Chimila-107_viejo-1,,Chimila,107_viejo,pe:naɾi,pe:naɾi,p eː n a ɾ i,,Constenla2005,1377,,^ p e: n a ɾ i $,Chimila,
Chibcha-107_viejo-1,,Chibcha,107_viejo,saka,saka,s a k a,,Constenla2005,1378,,^ s a k a $,Chibcha,
CentralTunebo-107_viejo-1,,CentralTunebo,107_viejo,'kumatɾo,'kumatɾo,'k/k u m a t ɾ o,,Constenla2005,1379,,^ 'k u m a t ɾ o $,CentralTunebo,
Bari-107_viejo-1,,Bari,107_viejo,sakdou,sakdou,s a k d o u,,Constenla2005,1380,,^ s a k d o u $,Bari,
LencaSalvador-108_viento-1,,LencaSalvador,108_viento,uʃeka,uʃeka,u ʃ e k a,,Constenla2005,1381,,^ u ʃ e k a $,LencaSalvador,
LencaHonduras-108_viento-1,,LencaHonduras,108_viento,soror,soror,s o r o r,,Constenla2005,1382,,^ s o r o r $,LencaHonduras,
Cacaopera-108_viento-1,,Cacaopera,108_viento,win,win,w i n,,Constenla2005,1383,,^ w i n $,Cacaopera,a
Mayangna-108_viento-1,,Mayangna,108_viento,win,win,w i n,,Constenla2005,1383,,^ w i n $,Mayangna,a
Ulwa-108_viento-1,,Ulwa,108_viento,win,win,w i n,,Constenla2005,1383,,^ w i n $,Ulwa,a
Miskito-108_viento-1,,Miskito,108_viento,pasa,pasa,p a s a,,Constenla2005,1384,,^ p a s a $,Miskito,
Pech-108_viento-1,,Pech,108_viento,ṹpìʃ,ṹpìʃ,ṹ/ũ p ì/i ʃ,,Constenla2005,1385,,^ ṹ p ì ʃ $,Pech,
Rama-108_viento-1,,Rama,108_viento,pulkat,pulkat,p u l k a t,,Constenla2005,1386,,^ p u l k a t $,Rama,b
MalekuJaika-108_viento-1,,MalekuJaika,108_viento,pu:ɾa,pu:ɾa,p uː ɾ a,,Constenla2005,1386,,^ p u: ɾ a $,MalekuJaika,b
Boruca-108_viento-1,,Boruca,108_viento,ʃùŋ,ʃùŋ,ʃ ù/u ŋ,,Constenla2005,1387,,^ ʃ ù ŋ $,Boruca,c
Bribri-108_viento-1,,Bribri,108_viento,siuaã̌ʔ,siuaã̌ʔ,s i u a ã̌/ã ʔ,,Constenla2005,1387,,^ s i u a ã̌ ʔ $,Bribri,c
Cabecar-108_viento-1,,Cabecar,108_viento,siuã́,siuã́,s i u ã́/ã,,Constenla2005,1387,,^ s i u ã́ $,Cabecar,c
Teribe-108_viento-1,,Teribe,108_viento,ɸɺúk,ɸɺúk,ɸ ɺ ú/u k,,Constenla2005,1386,,^ ɸ ɺ ú k $,Teribe,b
Ngabere-108_viento-1,,Ngabere,108_viento,muɾie,muɾie,m u ɾ i e,,Constenla2005,1386,,^ m u ɾ i e $,Ngabere,b
Buglere-108_viento-1,,Buglere,108_viento,mlie,mlie,m l i e,,Constenla2005,1386,,^ m l i e $,Buglere,b
Dorasque-108_viento-1,,Dorasque,108_viento,ʃatú,ʃatú,ʃ a t ú/u,,Constenla2005,1388,,^ ʃ a t ú $,Dorasque,
SanBlasKuna-108_viento-1,,SanBlasKuna,108_viento,purwa,purwa,p u r w a,,Constenla2005,1386,,^ p u r w a $,SanBlasKuna,b
Cogui-108_viento-1,,Cogui,108_viento,mul'kala,mul'kala,m u l 'k/k a l a,,Constenla2005,1386,,^ m u l 'k a l a $,Cogui,b
Arhuaco-108_viento-1,,Arhuaco,108_viento,'buntikənɨ,'buntikənɨ,'b/b u n t i k ə n ɨ,,Constenla2005,1386,,^ 'b u n t i k ə n ɨ $,Arhuaco,b
Malayo-108_viento-1,,Malayo,108_viento,buɾta,buɾta,b u ɾ t a,,Constenla2005,1386,,^ b u ɾ t a $,Malayo,b
Chimila-108_viento-1,,Chimila,108_viento,ke:dʒaʔ,ke:dʒaʔ,k eː dʒ a ʔ,,Constenla2005,1389,,^ k e: dʒ a ʔ $,Chimila,
Chibcha-108_viento-1,,Chibcha,108_viento,βiβa,βiβa,β i β a,,Constenla2005,1390,,^ β i β a $,Chibcha,
CentralTunebo-108_viento-1,,CentralTunebo,108_viento,'seɾoa,'seɾoa,'s/s e ɾ o a,,Constenla2005,1391,,^ 's e ɾ o a $,CentralTunebo,
Bari-108_viento-1,,Bari,108_viento,saba,saba,s a b a,,Constenla2005,1392,,^ s a b a $,Bari,
LencaSalvador-109_vientre-1,,LencaSalvador,109_vientre,k'omo,k'omo,k 'o/o m o,,Constenla2005,1393,,^ k 'o m o $,LencaSalvador,a
LencaHonduras-109_vientre-1,,LencaHonduras,109_vientre,maNkera,maNkera,m a n k e r a,,Constenla2005,1394,,^ m a N k e r a $,LencaHonduras,b
Cacaopera-109_vientre-1,,Cacaopera,109_vientre,kawam,kawam,k a w a m,,Constenla2005,1393,,^ k a w a m $,Cacaopera,a
Mayangna-109_vientre-1,,Mayangna,109_vientre,ba,ba,b a,,Constenla2005,1394,,^ b a $,Mayangna,b
Ulwa-109_vientre-1,,Ulwa,109_vientre,ba,ba,b a,,Constenla2005,1394,,^ b a $,Ulwa,b
Miskito-109_vientre-1,,Miskito,109_vientre,bjara,bjara,b j a r a,,Constenla2005,1394,,^ b j a r a $,Miskito,b
Pech-109_vientre-1,,Pech,109_vientre,já,já,j á/a,,Constenla2005,1395,,^ j á $,Pech,
Rama-109_vientre-1,,Rama,109_vientre,uɾmut,uɾmut,u ɾ m u t,,Constenla2005,1396,,^ u ɾ m u t $,Rama,
MalekuJaika-109_vientre-1,,MalekuJaika,109_vientre,ŋo:ki,ŋo:ki,ŋ oː k i,,Constenla2005,1397,,^ ŋ o: k i $,MalekuJaika,
Boruca-109_vientre-1,,Boruca,109_vientre,kúà,kúà,k ú/u à/a,,Constenla2005,1393,,^ k ú à $,Boruca,a
Bribri-109_vientre-1,,Bribri,109_vientre,dʒã̂uì,dʒã̂uì,dʒ ã̂/ã u ì/i,,Constenla2005,1398,,^ dʒ ã̂ u ì $,Bribri,
Cabecar-109_vientre-1,,Cabecar,109_vientre,dʒã́hkù,dʒã́hkù,dʒ ã́/ã h k ù/u,,Constenla2005,1399,,^ dʒ ã́ h k ù $,Cabecar,
Teribe-109_vientre-1,,Teribe,109_vientre,bʊ̀uó,bʊ̀uó,b ʊ̀/ʊ u ó/o,,Constenla2005,1400,,^ b ʊ̀ u ó $,Teribe,
Ngabere-109_vientre-1,,Ngabere,109_vientre,bule,bule,b u l e,,Constenla2005,1401,,^ b u l e $,Ngabere,
Buglere-109_vientre-1,,Buglere,109_vientre,bdísuli,bdísuli,b d í/i s u l i,,Constenla2005,1402,,^ b d í s u l i $,Buglere,
Dorasque-109_vientre-1,,Dorasque,109_vientre,korigú,korigú,k o r i g ú/u,,Constenla2005,1403,,^ k o r i g ú $,Dorasque,
SanBlasKuna-109_vientre-1,,SanBlasKuna,109_vientre,sapana,sapana,s a p a n a,,Constenla2005,1404,,^ s a p a n a $,SanBlasKuna,
Cogui-109_vientre-1,,Cogui,109_vientre,'ʒiʒa,'ʒiʒa,'ʒ/ʒ i ʒ a,,Constenla2005,1405,,^ 'ʒ i ʒ a $,Cogui,
Arhuaco-109_vientre-1,,Arhuaco,109_vientre,'zunkənɨ,'zunkənɨ,'z/z u n k ə n ɨ,,Constenla2005,1406,,^ 'z u n k ə n ɨ $,Arhuaco,
Malayo-109_vientre-1,,Malayo,109_vientre,tɨmɨkɨna,tɨmɨkɨna,t ɨ m ɨ k ɨ n a,,Constenla2005,1407,,^ t ɨ m ɨ k ɨ n a $,Malayo,
Chimila-109_vientre-1,,Chimila,109_vientre,ke:ɾu,ke:ɾu,k eː ɾ u,,Constenla2005,1408,,^ k e: ɾ u $,Chimila,
Chibcha-109_vientre-1,,Chibcha,109_vientre,ie,ie,i e,,Constenla2005,1409,,^ i e $,Chibcha,
CentralTunebo-109_vientre-1,,CentralTunebo,109_vientre,'jiɾa,'jiɾa,'j/j i ɾ a,,Constenla2005,1410,,^ 'j i ɾ a $,CentralTunebo,
Bari-109_vientre-1,,Bari,109_vientre,i:si,i:si,iː s i,,Constenla2005,1411,,^ i: s i $,Bari,
LencaSalvador-110_yo-1,,LencaSalvador,110_yo,unani,unani,u n a n i,,Constenla2005,1412,,^ u n a n i $,LencaSalvador,a
LencaHonduras-110_yo-1,,LencaHonduras,110_yo,unan,unan,u n a n,,Constenla2005,1412,,^ u n a n $,LencaHonduras,a
Cacaopera-110_yo-1,,Cacaopera,110_yo,jami,jami,j a m i,,Constenla2005,1413,,^ j a m i $,Cacaopera,b
Mayangna-110_yo-1,,Mayangna,110_yo,jaŋ,jaŋ,j a ŋ,,Constenla2005,1413,,^ j a ŋ $,Mayangna,b
Ulwa-110_yo-1,,Ulwa,110_yo,jaŋ,jaŋ,j a ŋ,,Constenla2005,1413,,^ j a ŋ $,Ulwa,b
Miskito-110_yo-1,,Miskito,110_yo,jaŋ,jaŋ,j a ŋ,,Constenla2005,1413,,^ j a ŋ $,Miskito,b
Pech-110_yo-1,,Pech,110_yo,tas,tas,t a s,,Constenla2005,1414,,^ t a s $,Pech,c
Rama-110_yo-1,,Rama,110_yo,na:s,na:s,n aː s,,Constenla2005,1414,,^ n a: s $,Rama,c
MalekuJaika-110_yo-1,,MalekuJaika,110_yo,ton,ton,t o n,,Constenla2005,1414,,^ t o n $,MalekuJaika,c
Boruca-110_yo-1,,Boruca,110_yo,át,át,á/a t,,Constenla2005,1415,,^ á t $,Boruca,ch
Bribri-110_yo-1,,Bribri,110_yo,dʒěʔ,dʒěʔ,dʒ ě/e ʔ,,Constenla2005,1414,,^ dʒ ě ʔ $,Bribri,c
Cabecar-110_yo-1,,Cabecar,110_yo,dʒís,dʒís,dʒ í/i s,,Constenla2005,1414,,^ dʒ í s $,Cabecar,c
Teribe-110_yo-1,,Teribe,110_yo,tʰà,tʰà,tʰ à/a,,Constenla2005,1416,,^ tʰ à $,Teribe,
Ngabere-110_yo-1,,Ngabere,110_yo,ti,ti,t i,,Constenla2005,1417,,^ t i $,Ngabere,
Buglere-110_yo-1,,Buglere,110_yo,tʃa,tʃa,tʃ a,,Constenla2005,1414,,^ tʃ a $,Buglere,c
Dorasque-110_yo-1,,Dorasque,110_yo,kura,kura,k u r a,,Constenla2005,1418,,^ k u r a $,Dorasque,
SanBlasKuna-110_yo-1,,SanBlasKuna,110_yo,ani,ani,a n i,,Constenla2005,1415,,^ a n i $,SanBlasKuna,ch
Cogui-110_yo-1,,Cogui,110_yo,nas,nas,n a s,,Constenla2005,1414,,^ n a s $,Cogui,c
Arhuaco-110_yo-1,,Arhuaco,110_yo,nən,nən,n ə n,,Constenla2005,1414,,^ n ə n $,Arhuaco,c
Malayo-110_yo-1,,Malayo,110_yo,ɾa,ɾa,ɾ a,,Constenla2005,1414,,^ ɾ a $,Malayo,c
Chimila-110_yo-1,,Chimila,110_yo,na:ɾi,na:ɾi,n aː ɾ i,,Constenla2005,1414,,^ n a: ɾ i $,Chimila,c
Chibcha-110_yo-1,,Chibcha,110_yo,hɨtʲa,hɨtʲa,h ɨ tʲ a,,Constenla2005,1415,,^ h ɨ tʲ a $,Chibcha,ch
CentralTunebo-110_yo-1,,CentralTunebo,110_yo,'asa,'asa,'a/a s a,,Constenla2005,1415,,^ 'a s a $,CentralTunebo,ch
Bari-110_yo-1,,Bari,110_yo,nãĩ,nãĩ,n ã ĩ,,Constenla2005,1414,,^ n ã ĩ $,Bari,c
