ID,Local_ID,Language_ID,Parameter_ID,Value,Form,Segments,Comment,Source,Cognacy,Loan,Graphemes,Profile
cojubim-1_i-1,,cojubim,1_i,waza,waza,w a z a,,Duran2000,1,,^ w a z a $,default
kitemoka-1_i-1,,kitemoka,1_i,waja,waja,w a j a,,CrequiMontfortRivet1913,1,,^ w a j a $,default
more-1_i-1,,more,1_i,waʒ̟a,waʒ̟a,w a ʒ̟ a,,Angenot2002;Leigue1957,1,,^ w a ʒ̟ a $,default
orowin-1_i-1,,orowin,1_i,wataʔ,wataʔ,w a t a ʔ,,Birchall2016;deFranca2002,1,,^ w a t a ʔ $,default
tapakura-1_i-1,,tapakura,1_i,waja,waja,w a j a,,CrequiMontfortRivet1913,1,,^ w a j a $,default
tora-1_i-1,,tora,1_i,waza,waza,w a z a,,Nimuendaju1925;Nimuendaju1923,1,,^ w a z a $,default
urupa-1_i-1,,urupa,1_i,wata,wata,w a t a,,Nimuendaju1925,1,,^ w a t a $,default
wanyam-1_i-1,,wanyam,1_i,wataʔ,wataʔ,w a t a ʔ,,Ribeiro1998;Hanke1975,1,,^ w a t a ʔ $,default
wari-1_i-1,,wari,1_i,wataʔ,wataʔ,w a t a ʔ,,EverettKern1997;Kern1996,1,,^ w a t a ʔ $,default
cojubim-2_yousg-1,,cojubim,2_yousg,um,um,u m,,Duran2000,2,,^ u m $,default
kitemoka-2_yousg-1,,kitemoka,2_yousg,ahum,ahum,a h u m,,CrequiMontfortRivet1913,2,,^ a h u m $,default
more-2_yousg-1,,more,2_yousg,momra,momra,m o m r a,,Angenot2002;Leigue1957,2,,^ m o m r a $,default
orowin-2_yousg-1,,orowin,2_yousg,wym,wym,w y m,,Birchall2016;deFranca2002,2,,^ w y m $,default
tapakura-2_yousg-1,,tapakura,2_yousg,awimo,awimo,a w i m o,,CrequiMontfortRivet1913,2,,^ a w i m o $,default
tora-2_yousg-1,,tora,2_yousg,webm,webm,w e b m,,Nimuendaju1925;Nimuendaju1923,2,,^ w e b m $,default
urupa-2_yousg-1,,urupa,2_yousg,vim,vim,v i m,,Nimuendaju1925,2,,^ v i m $,default
wanyam-2_yousg-1,,wanyam,2_yousg,im,im,i m,,Ribeiro1998;Hanke1975,2,,^ i m $,default
wari-2_yousg-1,,wari,2_yousg,wum,wum,w u m,,EverettKern1997;Kern1996,2,,^ w u m $,default
kitemoka-3_he-1,,kitemoka,3_he,ariko,ariko,a r i k o,,CrequiMontfortRivet1913,3,,^ a r i k o $,default
more-3_he-1,,more,3_he,korari,korari,k o r a r i,,Angenot2002;Leigue1957,3,,^ k o r a r i $,default
orowin-3_he-1,,orowin,3_he,woriko,woriko,w o r i k o,,Birchall2016;deFranca2002,3,,^ w o r i k o $,default
tapakura-3_he-1,,tapakura,3_he,arikahu,arikahu,a r i k a h u,,CrequiMontfortRivet1913,3,,^ a r i k a h u $,default
tora-3_he-1,,tora,3_he,wariko,wariko,w a r i k o,,Nimuendaju1925;Nimuendaju1923,3,,^ w a r i k o $,default
urupa-3_he-1,,urupa,3_he,okain,okain,o k a i n,,Nimuendaju1925,3,,^ o k a i n $,default
wanyam-3_he-1,,wanyam,3_he,arukwan,arukwan,a r u k w a n,,Ribeiro1998;Hanke1975,3,,^ a r u kw a n $,default
wari-3_he-1,,wari,3_he,wiriko,wiriko,w i r i k o,,EverettKern1997;Kern1996,3,,^ w i r i k o $,default
kitemoka-4_we-1,,kitemoka,4_we,watʃe,watʃe,w a tʃ e,,CrequiMontfortRivet1913,4,,^ w a tʃ e $,default
more-4_we-1,,more,4_we,watiʔ,watiʔ,w a t i ʔ,,Angenot2002;Leigue1957,4,,^ w a t i ʔ $,default
orowin-4_we-1,,orowin,4_we,wariʔ,wariʔ,w a r i ʔ,,Birchall2016;deFranca2002,4,,^ w a r i ʔ $,default
tapakura-4_we-1,,tapakura,4_we,wajahu,wajahu,w a j a h u,,CrequiMontfortRivet1913,4,,^ w a j a h u $,default
tora-4_we-1,,tora,4_we,wazati,wazati,w a z a t i,,Nimuendaju1925;Nimuendaju1923,4,,^ w a z a t i $,default
urupa-4_we-1,,urupa,4_we,wari,wari,w a r i,,Nimuendaju1925,4,,^ w a r i $,default
wanyam-4_we-1,,wanyam,4_we,wari,wari,w a r i,,Ribeiro1998;Hanke1975,4,,^ w a r i $,default
wari-4_we-1,,wari,4_we,wariʔ,wariʔ,w a r i ʔ,,EverettKern1997;Kern1996,4,,^ w a r i ʔ $,default
more-5_youpl-1,,more,5_youpl,wura,wura,w u r a,,Angenot2002;Leigue1957,5,,^ w u r a $,default
orowin-5_youpl-1,,orowin,5_youpl,fuʔ,fuʔ,f u ʔ,,Birchall2016;deFranca2002,5,,^ f u ʔ $,default
tora-5_youpl-1,,tora,5_youpl,wihu,wihu,w i h u,,Nimuendaju1925;Nimuendaju1923,5,,^ w i h u $,default
wari-5_youpl-1,,wari,5_youpl,wahuʔ,wahuʔ,w a h u ʔ,,EverettKern1997;Kern1996,5,,^ w a h u ʔ $,default
orowin-6_they-1,,orowin,6_they,worikoko,worikoko,w o r i k o k o,,Birchall2016;deFranca2002,6,,^ w o r i k o k o $,default
tora-6_they-1,,tora,6_they,wariko bap,wariko bap,w a r i k o + b a p,,Nimuendaju1925;Nimuendaju1923,6,,^ w a r i k o + b a p $,default
wari-6_they-1,,wari,6_they,wirikoko,wirikoko,w i r i k o k o,,EverettKern1997;Kern1996,6,,^ w i r i k o k o $,default
more-6_they-1,,more,6_they,omapu,omapu,o m a p u,,Angenot2002;Leigue1957,7,,^ o m a p u $,default
tapakura-6_they-1,,tapakura,6_they,aʃiri,aʃiri,a ʃ i r i,,CrequiMontfortRivet1913,8,,^ a ʃ i r i $,default
more-7_whowhat-1,,more,7_whowhat,ati,ati,a t i,,Angenot2002;Leigue1957,9,,^ a t i $,default
orowin-7_whowhat-1,,orowin,7_whowhat,ati,ati,a t i,,Birchall2016;deFranca2002,9,,^ a t i $,default
more-7_whowhat-2,,more,7_whowhat,tikow,tikow,t i k o w,,Angenot2002;Leigue1957,10,,^ t i k o w $,default
tora-7_whowhat-1,,tora,7_whowhat,teokaj,teokaj,t e o k a j,,Nimuendaju1925;Nimuendaju1923,10,,^ t e o k a j $,default
wari-7_whowhat-1,,wari,7_whowhat,kaɲ,kaɲ,k a ɲ,,EverettKern1997;Kern1996,10,,^ k a ɲ $,default
orowin-8_many-1,,orowin,8_many,mijaʔ,mijaʔ,m i j a ʔ,,Birchall2016;deFranca2002,11,,^ m i j a ʔ $,default
tora-8_many-1,,tora,8_many,jab,jab,j a b,,Nimuendaju1925;Nimuendaju1923,11,,^ j a b $,default
wari-8_many-1,,wari,8_many,mija,mija,m i j a,,EverettKern1997;Kern1996,11,,^ m i j a $,default
cojubim-8_many-1,,cojubim,8_many,napa,napa,n a p a,,Duran2000,12,,^ n a p a $,default
more-8_many-1,,more,8_many,napa,napa,n a p a,,Angenot2002;Leigue1957,12,,^ n a p a $,default
orowin-8_many-2,,orowin,8_many,napa,napa,n a p a,,Birchall2016;deFranca2002,12,,^ n a p a $,default
urupa-8_many-1,,urupa,8_many,katimisam,katimisam,k a t i m i s a m,,Nimuendaju1925,13,,^ k a t i m i s a m $,default
tora-8_many-2,,tora,8_many,asinëji,asinëji,a s i n ë j i,,Nimuendaju1925;Nimuendaju1923,14,,^ a s i n ë j i $,default
kitemoka-8_many-1,,kitemoka,8_many,patiako,patiako,p a t i a k o,,CrequiMontfortRivet1913,15,,^ p a t i a k o $,default
wari-9_few-1,,wari,9_few,parik,parik,p a r i k,,EverettKern1997;Kern1996,16,,^ p a r i k $,default
wanyam-9_few-1,,wanyam,9_few,irakaw,irakaw,i r a k a w,,Ribeiro1998;Hanke1975,17,,^ i r a k a w $,default
orowin-9_few-1,,orowin,9_few,kawasan toman,kawasan toman,k a w a s a n + t o m a n,,Birchall2016;deFranca2002,18,,^ k a w a s a n + t o m a n $,default
wari-9_few-2,,wari,9_few,tokwan,tokwan,t o k w a n,,EverettKern1997;Kern1996,18,,^ t o kw a n $,default
more-9_few-1,,more,9_few,pun as,pun as,p u n + a s,,Angenot2002;Leigue1957,19,,^ p u n + a s $,default
tapakura-9_few-1,,tapakura,9_few,matia,matia,m a t i a,,CrequiMontfortRivet1913,20,,^ m a t i a $,default
cojubim-10_one-1,,cojubim,10_one,tan,tan,t a n,,Duran2000,21,,^ t a n $,default
more-10_one-1,,more,10_one,tan,tan,t a n,,Angenot2002;Leigue1957,21,,^ t a n $,default
orowin-10_one-1,,orowin,10_one,kawasan,kawasan,k a w a s a n,,Birchall2016;deFranca2002,21,,^ k a w a s a n $,default
tapakura-10_one-1,,tapakura,10_one,tan kua,tan kua,t a n + k u a,,CrequiMontfortRivet1913,21,,^ t a n + k u a $,default
tora-10_one-1,,tora,10_one,kwatadn,kwatadn,k w a t a d n,,Nimuendaju1925;Nimuendaju1923,21,,^ kw a t a d n $,default
wanyam-10_one-1,,wanyam,10_one,kawatʃyk,kawatʃyk,k a w a tʃ y k,,Ribeiro1998;Hanke1975,21,,^ k a w a tʃ y k $,default
urupa-10_one-1,,urupa,10_one,munim,munim,m u n i m,,Nimuendaju1925,22,,^ m u n i m $,default
kitemoka-10_one-1,,kitemoka,10_one,mamai-omaitʃe,mamai-omaitʃe,m a m a i + o m a i tʃ e,,CrequiMontfortRivet1913,23,,^ m a m a i - o m a i tʃ e $,default
cojubim-11_two-1,,cojubim,11_two,wakoran,wakoran,w a k o r a n,,Duran2000,24,,^ w a k o r a n $,default
more-11_two-1,,more,11_two,pokoran,pokoran,p o k o r a n,,Angenot2002;Leigue1957,24,,^ p o k o r a n $,default
tapakura-11_two-1,,tapakura,11_two,wagaragatan,wagaragatan,w a g a r a g a t a n,,CrequiMontfortRivet1913,24,,^ w a g a r a g a t a n $,default
tora-11_two-1,,tora,11_two,kuradn,kuradn,k u r a d n,,Nimuendaju1925;Nimuendaju1923,24,,^ k u r a d n $,default
wanyam-11_two-1,,wanyam,11_two,karikan,karikan,k a r i k a n,,Ribeiro1998;Hanke1975,24,,^ k a r i k a n $,default
wari-11_two-1,,wari,11_two,tyky karakan,tyky karakan,t y k y + k a r a k a n,,EverettKern1997;Kern1996,24,,^ t y k y + k a r a k a n $,default
orowin-11_two-1,,orowin,11_two,jiksam,jiksam,j i k s a m,,Birchall2016;deFranca2002,25,,^ j i ks a m $,default
tapakura-11_two-2,,tapakura,11_two,ajuken,ajuken,a j u k e n,,CrequiMontfortRivet1913,26,,^ a j u k e n $,default
jaru-12_big-1,,jaru,12_big,hora,hora,h o r a,,Rondon1948,27,,^ h o r a $,default
orowin-12_big-1,,orowin,12_big,foraʔ,foraʔ,f o r a ʔ,,Birchall2016;deFranca2002,27,,^ f o r a ʔ $,default
wari-12_big-1,,wari,12_big,hwaraʔ,hwaraʔ,h w a r a ʔ,,EverettKern1997;Kern1996,27,,^ hw a r a ʔ $,default
orowin-12_big-2,,orowin,12_big,ekem,ekem,e k e m,,Birchall2016;deFranca2002,28,,^ e k e m $,default
tora-12_big-1,,tora,12_big,ukadn,ukadn,u k a d n,,Nimuendaju1925;Nimuendaju1923,28,,^ u k a d n $,default
urupa-12_big-1,,urupa,12_big,evekem,evekem,e v e k e m,,Nimuendaju1925,28,,^ e v e k e m $,default
wari-12_big-2,,wari,12_big,kote ne,kote ne,k o t e + n e,,EverettKern1997;Kern1996,29,,^ k o t e + n e $,default
cojubim-12_big-1,,cojubim,12_big,ina,ina,i n a,,Duran2000,30,,^ i n a $,default
more-12_big-1,,more,12_big,ina,ina,i n a,,Angenot2002;Leigue1957,30,,^ i n a $,default
wanyam-12_big-1,,wanyam,12_big,iparinaj,iparinaj,i p a r i n a j,,Ribeiro1998;Hanke1975,31,,^ i p a r i n a j $,default
tapakura-12_big-1,,tapakura,12_big,kowikon,kowikon,k o w i k o n,,CrequiMontfortRivet1913,32,,^ k o w i k o n $,default
kitemoka-12_big-1,,kitemoka,12_big,karatsaiko,karatsaiko,k a r a ts a i k o,,CrequiMontfortRivet1913,33,,^ k a r a ts a i k o $,default
orowin-13_small-1,,orowin,13_small,wijaman,wijaman,w i j a m a n,,Birchall2016;deFranca2002,34,,^ w i j a m a n $,default
urupa-13_small-1,,urupa,13_small,iamaj,iamaj,i a m a j,,Nimuendaju1925,34,,^ i a m a j $,default
wanyam-13_small-1,,wanyam,13_small,wijikun,wijikun,w i j i k u n,,Ribeiro1998;Hanke1975,34,,^ w i j i k u n $,default
wari-13_small-1,,wari,13_small,wijima,wijima,w i j i m a,,EverettKern1997;Kern1996,34,,^ w i j i m a $,default
kitemoka-13_small-1,,kitemoka,13_small,piʃitiko,piʃitiko,p i ʃ i t i k o,,CrequiMontfortRivet1913,35,,^ p i ʃ i t i k o $,default
tapakura-13_small-1,,tapakura,13_small,mitʃitikon,mitʃitikon,m i tʃ i t i k o n,,CrequiMontfortRivet1913,35,,^ m i tʃ i t i k o n $,default
cojubim-13_small-1,,cojubim,13_small,e,e,e,,Duran2000,36,,^ e $,default
more-13_small-1,,more,13_small,eje,eje,e j e,,Angenot2002;Leigue1957,36,,^ e j e $,default
tora-13_small-1,,tora,13_small,nyaetʃidn,nyaetʃidn,n y a e tʃ i d n,,Nimuendaju1925;Nimuendaju1923,37,,^ n y a e tʃ i d n $,default
jaru-13_small-1,,jaru,13_small,ip,ip,i p,,Rondon1948,38,,^ i p $,default
jaru-14_woman-1,,jaru,14_woman,jamiriman,jamiriman,j a m i r i m a n,,Rondon1948,39,,^ j a m i r i m a n $,default
orowin-14_woman-1,,orowin,14_woman,jamirima,jamirima,j a m i r i m a,,Birchall2016;deFranca2002,39,,^ j a m i r i m a $,default
urupa-14_woman-1,,urupa,14_woman,jamra,jamra,j a m r a,,Nimuendaju1925,39,,^ j a m r a $,default
wanyam-14_woman-1,,wanyam,14_woman,jamarimaʔ,jamarimaʔ,j a m a r i m a ʔ,,Ribeiro1998;Hanke1975,39,,^ j a m a r i m a ʔ $,default
wari-14_woman-1,,wari,14_woman,narimaʔ,narimaʔ,n a r i m a ʔ,,EverettKern1997;Kern1996,39,,^ n a r i m a ʔ $,default
cojubim-14_woman-1,,cojubim,14_woman,tanaman,tanaman,t a n a m a n,,Duran2000,40,,^ t a n a m a n $,default
more-14_woman-1,,more,14_woman,tanaman,tanaman,t a n a m a n,,Angenot2002;Leigue1957,40,,^ t a n a m a n $,default
kitemoka-14_woman-1,,kitemoka,14_woman,ɲamaki,ɲamaki,ɲ a m a k i,,CrequiMontfortRivet1913,41,,^ ɲ a m a k i $,default
tapakura-14_woman-1,,tapakura,14_woman,jamake,jamake,j a m a k e,,CrequiMontfortRivet1913,41,,^ j a m a k e $,default
tora-14_woman-1,,tora,14_woman,nakamin,nakamin,n a k a m i n,,Nimuendaju1925;Nimuendaju1923,41,,^ n a k a m i n $,default
jaru-15_man-1,,jaru,15_man,kitraman,kitraman,k i t r a m a n,,Rondon1948,42,,^ k i t r a m a n $,default
orowin-15_man-1,,orowin,15_man,kitrama,kitrama,k i t r a m a,,Birchall2016;deFranca2002,42,,^ k i t r a m a $,default
urupa-15_man-1,,urupa,15_man,kitrama,kitrama,k i t r a m a,,Nimuendaju1925,42,,^ k i t r a m a $,default
wanyam-15_man-1,,wanyam,15_man,kitaramaʔ,kitaramaʔ,k i t a r a m a ʔ,,Ribeiro1998;Hanke1975,42,,^ k i t a r a m a ʔ $,default
wari-15_man-1,,wari,15_man,taramaʔ,taramaʔ,t a r a m a ʔ,,EverettKern1997;Kern1996,42,,^ t a r a m a ʔ $,default
cojubim-15_man-1,,cojubim,15_man,namakon,namakon,n a m a k o n,,Duran2000,43,,^ n a m a k o n $,default
more-15_man-1,,more,15_man,namakon,namakon,n a m a k o n,,Angenot2002;Leigue1957,43,,^ n a m a k o n $,default
tora-15_man-1,,tora,15_man,nakon,nakon,n a k o n,,Nimuendaju1925;Nimuendaju1923,43,,^ n a k o n $,default
jaru-16_human-1,,jaru,16_human,wanjan,wanjan,w a n j a n,,Rondon1948,44,,^ w a n j a n $,default
more-16_human-1,,more,16_human,wanjam,wanjam,w a n j a m,,Angenot2002;Leigue1957,44,,^ w a n j a m $,default
orowin-16_human-1,,orowin,16_human,wajam,wajam,w a j a m,,Birchall2016;deFranca2002,44,,^ w a j a m $,default
wanyam-16_human-1,,wanyam,16_human,wanjam,wanjam,w a n j a m,,Ribeiro1998;Hanke1975,44,,^ w a n j a m $,default
wari-16_human-1,,wari,16_human,wijam,wijam,w i j a m,,EverettKern1997;Kern1996,44,,^ w i j a m $,default
jaru-17_child-1,,jaru,17_child,onjan,onjan,o n j a n,,Rondon1948,45,,^ o n j a n $,default
more-17_child-1,,more,17_child,joma,joma,j o m a,,Angenot2002;Leigue1957,45,,^ j o m a $,default
orowin-17_child-1,,orowin,17_child,ifijama,ifijama,i f i j a m a,,Birchall2016;deFranca2002,45,,^ i f i j a m a $,default
urupa-17_child-1,,urupa,17_child,uhunjam,uhunjam,u h u n j a m,,Nimuendaju1925,45,,^ u h u n j a m $,default
wanyam-17_child-1,,wanyam,17_child,marahujama,marahujama,m a r a h u j a m a,,Ribeiro1998;Hanke1975,45,,^ m a r a h u j a m a $,default
wari-17_child-1,,wari,17_child,hwijimaʔ,hwijimaʔ,h w i j i m a ʔ,,EverettKern1997;Kern1996,45,,^ hw i j i m a ʔ $,default
wari-17_child-2,,wari,17_child,pijeʔ,pijeʔ,p i j e ʔ,,EverettKern1997;Kern1996,46,,^ p i j e ʔ $,default
cojubim-17_child-1,,cojubim,17_child,rato,rato,r a t o,,Duran2000,47,,^ r a t o $,default
more-17_child-2,,more,17_child,ratoʔ,ratoʔ,r a t o ʔ,,Angenot2002;Leigue1957,47,,^ r a t o ʔ $,default
tora-17_child-1,,tora,17_child,irato,irato,i r a t o,,Nimuendaju1925;Nimuendaju1923,47,,^ i r a t o $,default
kitemoka-17_child-1,,kitemoka,17_child,etiw,etiw,e t i w,,CrequiMontfortRivet1913,48,,^ e t i w $,default
tapakura-17_child-1,,tapakura,17_child,witʃitikun,witʃitikun,w i tʃ i t i k u n,,CrequiMontfortRivet1913,49,,^ w i tʃ i t i k u n $,default
cojubim-18_mother-1,,cojubim,18_mother,inaʔ,inaʔ,i n a ʔ,,Duran2000,50,,^ i n a ʔ $,default
more-18_mother-1,,more,18_mother,inaʔ,inaʔ,i n a ʔ,,Angenot2002;Leigue1957,50,,^ i n a ʔ $,default
orowin-18_mother-1,,orowin,18_mother,ina,ina,i n a,,Birchall2016;deFranca2002,50,,^ i n a $,default
tora-18_mother-1,,tora,18_mother,inja,inja,i n j a,,Nimuendaju1925;Nimuendaju1923,50,,^ i n j a $,default
wanyam-18_mother-1,,wanyam,18_mother,inaʔ,inaʔ,i n a ʔ,,Ribeiro1998;Hanke1975,50,,^ i n a ʔ $,default
wari-18_mother-1,,wari,18_mother,naʔ,naʔ,n a ʔ,,EverettKern1997;Kern1996,50,,^ n a ʔ $,default
cojubim-18_mother-2,,cojubim,18_mother,uweʔ,uweʔ,u w e ʔ,,Duran2000,51,,^ u w e ʔ $,default
jaru-18_mother-1,,jaru,18_mother,uwe,uwe,u w e,,Rondon1948,51,,^ u w e $,default
more-18_mother-2,,more,18_mother,uweʔ,uweʔ,u w e ʔ,,Angenot2002;Leigue1957,51,,^ u w e ʔ $,default
orowin-18_mother-2,,orowin,18_mother,ywe,ywe,y w e,,Birchall2016;deFranca2002,51,,^ y w e $,default
tora-18_mother-2,,tora,18_mother,iwi,iwi,i w i,,Nimuendaju1925;Nimuendaju1923,51,,^ i w i $,default
urupa-18_mother-1,,urupa,18_mother,ive,ive,i v e,,Nimuendaju1925,51,,^ i v e $,default
wanyam-18_mother-2,,wanyam,18_mother,ewiʔ,ewiʔ,e w i ʔ,,Ribeiro1998;Hanke1975,51,,^ e w i ʔ $,default
wari-18_mother-2,,wari,18_mother,we,we,w e,,EverettKern1997;Kern1996,51,,^ w e $,default
cojubim-19_father-1,,cojubim,19_father,ite,ite,i t e,,Duran2000,52,,^ i t e $,default
jaru-19_father-1,,jaru,19_father,ete,ete,e t e,,Rondon1948,52,,^ e t e $,default
kitemoka-19_father-1,,kitemoka,19_father,tatia,tatia,t a t i a,,CrequiMontfortRivet1913,52,,^ t a t i a $,default
more-19_father-1,,more,19_father,ite,ite,i t e,,Angenot2002;Leigue1957,52,,^ i t e $,default
orowin-19_father-1,,orowin,19_father,iteʔ,iteʔ,i t e ʔ,,Birchall2016;deFranca2002,52,,^ i t e ʔ $,default
tapakura-19_father-1,,tapakura,19_father,tia-tia,tia-tia,t i a + t i a,,CrequiMontfortRivet1913,52,,^ t i a - t i a $,default
tora-19_father-1,,tora,19_father,ite,ite,i t e,,Nimuendaju1925;Nimuendaju1923,52,,^ i t e $,default
urupa-19_father-1,,urupa,19_father,ete,ete,e t e,,Nimuendaju1925,52,,^ e t e $,default
wanyam-19_father-1,,wanyam,19_father,tata,tata,t a t a,,Ribeiro1998;Hanke1975,52,,^ t a t a $,default
wari-19_father-1,,wari,19_father,te,te,t e,,EverettKern1997;Kern1996,52,,^ t e $,default
cojubim-20_animal-1,,cojubim,20_animal,patiʔ,patiʔ,p a t i ʔ,,Duran2000,53,,^ p a t i ʔ $,default
more-20_animal-1,,more,20_animal,patiʔ,patiʔ,p a t i ʔ,,Angenot2002;Leigue1957,53,,^ p a t i ʔ $,default
wanyam-20_animal-1,,wanyam,20_animal,patiʔ,patiʔ,p a t i ʔ,,Ribeiro1998;Hanke1975,53,,^ p a t i ʔ $,default
wari-20_animal-1,,wari,20_animal,karawa,karawa,k a r a w a,,EverettKern1997;Kern1996,54,,^ k a r a w a $,default
jaru-21_fish-1,,jaru,21_fish,ihamʔ,ihamʔ,i h a m ʔ,,Rondon1948,55,,^ i h a m ʔ $,default
kitemoka-21_fish-1,,kitemoka,21_fish,iham,iham,i h a m,,CrequiMontfortRivet1913,55,,^ i h a m $,default
orowin-21_fish-1,,orowin,21_fish,ifam,ifam,i f a m,,Birchall2016;deFranca2002,55,,^ i f a m $,default
tapakura-21_fish-1,,tapakura,21_fish,ihuam,ihuam,i h u a m,,CrequiMontfortRivet1913,55,,^ i h u a m $,default
tora-21_fish-1,,tora,21_fish,hoam,hoam,h o a m,,Nimuendaju1925;Nimuendaju1923,55,,^ h o a m $,default
urupa-21_fish-1,,urupa,21_fish,iham,iham,i h a m,,Nimuendaju1925,55,,^ i h a m $,default
wanyam-21_fish-1,,wanyam,21_fish,iham,iham,i h a m,,Ribeiro1998;Hanke1975,55,,^ i h a m $,default
wari-21_fish-1,,wari,21_fish,hwam,hwam,h w a m,,EverettKern1997;Kern1996,55,,^ hw a m $,default
cojubim-22_bird-1,,cojubim,22_bird,ume,ume,u m e,,Duran2000,56,,^ u m e $,default
jaru-22_bird-1,,jaru,22_bird,ume,ume,u m e,,Rondon1948,56,,^ u m e $,default
kitemoka-22_bird-1,,kitemoka,22_bird,hume,hume,h u m e,,CrequiMontfortRivet1913,56,,^ h u m e $,default
more-22_bird-1,,more,22_bird,ume,ume,u m e,,Angenot2002;Leigue1957,56,,^ u m e $,default
orowin-22_bird-1,,orowin,22_bird,yme,yme,y m e,,Birchall2016;deFranca2002,56,,^ y m e $,default
tapakura-22_bird-1,,tapakura,22_bird,ime,ime,i m e,,CrequiMontfortRivet1913,56,,^ i m e $,default
tora-22_bird-1,,tora,22_bird,uma,uma,u m a,,Nimuendaju1925;Nimuendaju1923,56,,^ u m a $,default
urupa-22_bird-1,,urupa,22_bird,ume,ume,u m e,,Nimuendaju1925,56,,^ u m e $,default
wanyam-22_bird-1,,wanyam,22_bird,imeʔ,imeʔ,i m e ʔ,,Ribeiro1998;Hanke1975,56,,^ i m e ʔ $,default
wari-22_bird-1,,wari,22_bird,me,me,m e,,EverettKern1997;Kern1996,56,,^ m e $,default
cojubim-23_peccary-1,,cojubim,23_peccary,tokowan,tokowan,t o k o w a n,,Duran2000,57,,^ t o k o w a n $,default
kitemoka-23_peccary-1,,kitemoka,23_peccary,tukawan,tukawan,t u k a w a n,,CrequiMontfortRivet1913,57,,^ t u k a w a n $,default
more-23_peccary-1,,more,23_peccary,tokowan,tokowan,t o k o w a n,,Angenot2002;Leigue1957,57,,^ t o k o w a n $,default
tapakura-23_peccary-1,,tapakura,23_peccary,tukawa,tukawa,t u k a w a,,CrequiMontfortRivet1913,57,,^ t u k a w a $,default
tora-23_peccary-1,,tora,23_peccary,tukawadn,tukawadn,t u k a w a d n,,Nimuendaju1925;Nimuendaju1923,57,,^ t u k a w a d n $,default
wanyam-23_peccary-1,,wanyam,23_peccary,tokawan,tokawan,t o k a w a n,,Ribeiro1998;Hanke1975,57,,^ t o k a w a n $,default
wari-23_peccary-1,,wari,23_peccary,katatʃik,katatʃik,k a t a tʃ i k,,EverettKern1997;Kern1996,58,,^ k a t a tʃ i k $,default
orowin-23_peccary-1,,orowin,23_peccary,oro jaman,oro jaman,o r o + j a m a n,,Birchall2016;deFranca2002,59,,^ o r o + j a m a n $,default
jaru-24_deer-1,,jaru,24_deer,wijemu,wijemu,w i j e m u,,Rondon1948,60,,^ w i j e m u $,default
more-24_deer-1,,more,24_deer,jimop,jimop,j i m o p,,Angenot2002;Leigue1957,60,,^ j i m o p $,default
tora-24_deer-1,,tora,24_deer,vijemop,vijemop,v i j e m o p,,Nimuendaju1925;Nimuendaju1923,60,,^ v i j e m o p $,default
urupa-24_deer-1,,urupa,24_deer,jemob,jemob,j e m o b,,Nimuendaju1925,60,,^ j e m o b $,default
jaru-24_deer-2,,jaru,24_deer,komem,komem,k o m e m,,Rondon1948,61,,^ k o m e m $,default
wari-24_deer-1,,wari,24_deer,komem,komem,k o m e m,,EverettKern1997;Kern1996,61,,^ k o m e m $,default
kitemoka-24_deer-1,,kitemoka,24_deer,kimari,kimari,k i m a r i,,CrequiMontfortRivet1913,62,,^ k i m a r i $,default
tapakura-24_deer-1,,tapakura,24_deer,kimari,kimari,k i m a r i,,CrequiMontfortRivet1913,62,,^ k i m a r i $,default
wanyam-24_deer-1,,wanyam,24_deer,imariʔ,imariʔ,i m a r i ʔ,,Ribeiro1998;Hanke1975,62,,^ i m a r i ʔ $,default
orowin-24_deer-1,,orowin,24_deer,aranasi,aranasi,a r a n a s i,,Birchall2016;deFranca2002,63,,^ a r a n a s i $,default
cojubim-24_deer-1,,cojubim,24_deer,towam,towam,t o w a m,,Duran2000,64,,^ t o w a m $,default
cojubim-25_louse-1,,cojubim,25_louse,iw,iw,i w,,Duran2000,65,,^ i w $,default
kitemoka-25_louse-1,,kitemoka,25_louse,ahihi,ahihi,a h i h i,,CrequiMontfortRivet1913,65,,^ a h i h i $,default
more-25_louse-1,,more,25_louse,iw,iw,i w,,Angenot2002;Leigue1957,65,,^ i w $,default
orowin-25_louse-1,,orowin,25_louse,iwisi,iwisi,i w i s i,,Birchall2016;deFranca2002,65,,^ i w i s i $,default
tapakura-25_louse-1,,tapakura,25_louse,awi,awi,a w i,,CrequiMontfortRivet1913,65,,^ a w i $,default
tora-25_louse-1,,tora,25_louse,iw,iw,i w,,Nimuendaju1925;Nimuendaju1923,65,,^ i w $,default
urupa-25_louse-1,,urupa,25_louse,iw,iw,i w,,Nimuendaju1925,65,,^ i w $,default
wanyam-25_louse-1,,wanyam,25_louse,iwi,iwi,i w i,,Ribeiro1998;Hanke1975,65,,^ i w i $,default
wari-25_louse-1,,wari,25_louse,iwʔ,iwʔ,i w ʔ,,EverettKern1997;Kern1996,65,,^ i w ʔ $,default
cojubim-26_snake-1,,cojubim,26_snake,karakaw,karakaw,k a r a k a w,,Duran2000,66,,^ k a r a k a w $,default
jaru-26_snake-1,,jaru,26_snake,krakaon,krakaon,k r a k a o n,,Rondon1948,66,,^ k r a k a o n $,default
more-26_snake-1,,more,26_snake,karakaw,karakaw,k a r a k a w,,Angenot2002;Leigue1957,66,,^ k a r a k a w $,default
orowin-26_snake-1,,orowin,26_snake,karakaw,karakaw,k a r a k a w,,Birchall2016;deFranca2002,66,,^ k a r a k a w $,default
tora-26_snake-1,,tora,26_snake,karakaw,karakaw,k a r a k a w,,Nimuendaju1925;Nimuendaju1923,66,,^ k a r a k a w $,default
urupa-26_snake-1,,urupa,26_snake,krakaw,krakaw,k r a k a w,,Nimuendaju1925,66,,^ k r a k a w $,default
wanyam-26_snake-1,,wanyam,26_snake,karakaw,karakaw,k a r a k a w,,Ribeiro1998;Hanke1975,66,,^ k a r a k a w $,default
wari-26_snake-1,,wari,26_snake,emʔ,emʔ,e m ʔ,,EverettKern1997;Kern1996,67,,^ e m ʔ $,default
jaru-27_worm-1,,jaru,27_worm,emete,emete,e m e t e,,Rondon1948,68,,^ e m e t e $,default
orowin-27_worm-1,,orowin,27_worm,emeteʔ,emeteʔ,e m e t e ʔ,,Birchall2016;deFranca2002,68,,^ e m e t e ʔ $,default
wari-27_worm-1,,wari,27_worm,meteʔ,meteʔ,m e t e ʔ,,EverettKern1997;Kern1996,68,,^ m e t e ʔ $,default
more-27_worm-1,,more,27_worm,natanatan,natanatan,n a t a n a t a n,,Angenot2002;Leigue1957,69,,^ n a t a n a t a n $,default
wanyam-27_worm-1,,wanyam,27_worm,akak,akak,a k a k,,Ribeiro1998;Hanke1975,70,,^ a k a k $,default
kitemoka-28_forest-1,,kitemoka,28_forest,omi,omi,o m i,,CrequiMontfortRivet1913,71,,^ o m i $,default
more-28_forest-1,,more,28_forest,umi,umi,u m i,,Angenot2002;Leigue1957,71,,^ u m i $,default
orowin-28_forest-1,,orowin,28_forest,omi,omi,o m i,,Birchall2016;deFranca2002,71,,^ o m i $,default
tora-28_forest-1,,tora,28_forest,umi,umi,u m i,,Nimuendaju1925;Nimuendaju1923,71,,^ u m i $,default
wanyam-28_forest-1,,wanyam,28_forest,omi,omi,o m i,,Ribeiro1998;Hanke1975,71,,^ o m i $,default
wari-28_forest-1,,wari,28_forest,mi,mi,m i,,EverettKern1997;Kern1996,71,,^ m i $,default
jaru-28_forest-1,,jaru,28_forest,horoam,horoam,h o r o a m,,Rondon1948,72,,^ h o r o a m $,default
tapakura-28_forest-1,,tapakura,28_forest,witip,witip,w i t i p,,CrequiMontfortRivet1913,73,,^ w i t i p $,default
cojubim-29_stick-1,,cojubim,29_stick,pana,pana,p a n a,,Duran2000,74,,^ p a n a $,default
jaru-29_stick-1,,jaru,29_stick,pana,pana,p a n a,,Rondon1948,74,,^ p a n a $,default
more-29_stick-1,,more,29_stick,pana,pana,p a n a,,Angenot2002;Leigue1957,74,,^ p a n a $,default
orowin-29_stick-1,,orowin,29_stick,pana,pana,p a n a,,Birchall2016;deFranca2002,74,,^ p a n a $,default
tapakura-29_stick-1,,tapakura,29_stick,pane,pane,p a n e,,CrequiMontfortRivet1913,74,,^ p a n e $,default
tora-29_stick-1,,tora,29_stick,pana,pana,p a n a,,Nimuendaju1925;Nimuendaju1923,74,,^ p a n a $,default
urupa-29_stick-1,,urupa,29_stick,pana,pana,p a n a,,Nimuendaju1925,74,,^ p a n a $,default
wanyam-29_stick-1,,wanyam,29_stick,pana,pana,p a n a,,Ribeiro1998;Hanke1975,74,,^ p a n a $,default
wari-29_stick-1,,wari,29_stick,pana,pana,p a n a,,EverettKern1997;Kern1996,74,,^ p a n a $,default
cojubim-30_fruit-1,,cojubim,30_fruit,upeji pana,upeji pana,u p e j i + p a n a,,Duran2000,75,,^ u p e j i + p a n a $,default
jaru-30_fruit-1,,jaru,30_fruit,opiã pana,opiã pana,o p i ã + p a n a,,Rondon1948,75,,^ o p i ã + p a n a $,default
more-30_fruit-1,,more,30_fruit,upeje pana,upeje pana,u p e j e + p a n a,,Angenot2002;Leigue1957,75,,^ u p e j e + p a n a $,default
orowin-30_fruit-1,,orowin,30_fruit,ipijam,ipijam,i p i j a m,,Birchall2016;deFranca2002,75,,^ i p i j a m $,default
wanyam-30_fruit-1,,wanyam,30_fruit,ipijam,ipijam,i p i j a m,,Ribeiro1998;Hanke1975,75,,^ i p i j a m $,default
wari-30_fruit-1,,wari,30_fruit,memem,memem,m e m e m,,EverettKern1997;Kern1996,76,,^ m e m e m $,default
tapakura-30_fruit-1,,tapakura,30_fruit,maritia,maritia,m a r i t i a,,CrequiMontfortRivet1913,77,,^ m a r i t i a $,default
kitemoka-30_fruit-1,,kitemoka,30_fruit,pekoɲoɲi,pekoɲoɲi,p e k o ɲ o ɲ i,,CrequiMontfortRivet1913,78,,^ p e k o ɲ o ɲ i $,default
cojubim-31_leaf-1,,cojubim,31_leaf,tan,tan,t a n,,Duran2000,79,,^ t a n $,default
more-31_leaf-1,,more,31_leaf,tan,tan,t a n,,Angenot2002;Leigue1957,79,,^ t a n $,default
orowin-31_leaf-1,,orowin,31_leaf,tajinan,tajinan,t a j i n a n,,Birchall2016;deFranca2002,79,,^ t a j i n a n $,default
wanyam-31_leaf-1,,wanyam,31_leaf,tain,tain,t a i n,,Ribeiro1998;Hanke1975,79,,^ t a i n $,default
wari-31_leaf-1,,wari,31_leaf,taji,taji,t a j i,,EverettKern1997;Kern1996,79,,^ t a j i $,default
tora-31_leaf-1,,tora,31_leaf,murami,murami,m u r a m i,,Nimuendaju1925;Nimuendaju1923,80,,^ m u r a m i $,default
kitemoka-31_leaf-1,,kitemoka,31_leaf,atia,atia,a t i a,,CrequiMontfortRivet1913,81,,^ a t i a $,default
tapakura-31_leaf-1,,tapakura,31_leaf,ʃuɲu,ʃuɲu,ʃ u ɲ u,,CrequiMontfortRivet1913,82,,^ ʃ u ɲ u $,default
orowin-32_root-1,,orowin,32_root,sikinan,sikinan,s i k i n a n,,Birchall2016;deFranca2002,83,,^ s i k i n a n $,default
wari-32_root-1,,wari,32_root,katʃima,katʃima,k a tʃ i m a,,EverettKern1997;Kern1996,83,,^ k a tʃ i m a $,default
cojubim-33_flower-1,,cojubim,33_flower,piwan,piwan,p i w a n,,Duran2000,84,,^ p i w a n $,default
jaru-33_flower-1,,jaru,33_flower,piwan,piwan,p i w a n,,Rondon1948,84,,^ p i w a n $,default
more-33_flower-1,,more,33_flower,piwan,piwan,p i w a n,,Angenot2002;Leigue1957,84,,^ p i w a n $,default
orowin-33_flower-1,,orowin,33_flower,piwan,piwan,p i w a n,,Birchall2016;deFranca2002,84,,^ p i w a n $,default
tora-33_flower-1,,tora,33_flower,piwaj,piwaj,p i w a j,,Nimuendaju1925;Nimuendaju1923,84,,^ p i w a j $,default
wari-33_flower-1,,wari,33_flower,piwaɲ,piwaɲ,p i w a ɲ,,EverettKern1997;Kern1996,84,,^ p i w a ɲ $,default
kitemoka-33_flower-1,,kitemoka,33_flower,tohot ɲe,tohot ɲe,t o h o t + ɲ e,,CrequiMontfortRivet1913,85,,^ t o h o t + ɲ e $,default
tapakura-33_flower-1,,tapakura,33_flower,tahune,tahune,t a h u n e,,CrequiMontfortRivet1913,85,,^ t a h u n e $,default
wari-34_grass-1,,wari,34_grass,tononoɲ,tononoɲ,t o n o n o ɲ,,EverettKern1997;Kern1996,86,,^ t o n o n o ɲ $,default
jaru-34_grass-1,,jaru,34_grass,iwip,iwip,i w i p,,Rondon1948,87,,^ i w i p $,default
wanyam-34_grass-1,,wanyam,34_grass,iwijip,iwijip,i w i j i p,,Ribeiro1998;Hanke1975,87,,^ i w i j i p $,default
orowin-34_grass-1,,orowin,34_grass,kawawaʔ,kawawaʔ,k a w a w a ʔ,,Birchall2016;deFranca2002,88,,^ k a w a w a ʔ $,default
kitemoka-34_grass-1,,kitemoka,34_grass,wiwiti,wiwiti,w i w i t i,,CrequiMontfortRivet1913,89,,^ w i w i t i $,default
tapakura-34_grass-1,,tapakura,34_grass,wiʃiti morutam,wiʃiti morutam,w i ʃ i t i + m o r u t a m,,CrequiMontfortRivet1913,89,,^ w i ʃ i t i + m o r u t a m $,default
more-34_grass-1,,more,34_grass,towan,towan,t o w a n,,Angenot2002;Leigue1957,90,,^ t o w a n $,default
cojubim-35_rope-1,,cojubim,35_rope,mokon,mokon,m o k o n,,Duran2000,91,,^ m o k o n $,default
more-35_rope-1,,more,35_rope,mokon,mokon,m o k o n,,Angenot2002;Leigue1957,91,,^ m o k o n $,default
orowin-35_rope-1,,orowin,35_rope,mokorikon,mokorikon,m o k o r i k o n,,Birchall2016;deFranca2002,91,,^ m o k o r i k o n $,default
urupa-35_rope-1,,urupa,35_rope,mukon,mukon,m u k o n,,Nimuendaju1925,91,,^ m u k o n $,default
wanyam-35_rope-1,,wanyam,35_rope,mokon,mokon,m o k o n,,Ribeiro1998;Hanke1975,91,,^ m o k o n $,default
wari-35_rope-1,,wari,35_rope,makon,makon,m a k o n,,EverettKern1997;Kern1996,91,,^ m a k o n $,default
jaru-35_rope-1,,jaru,35_rope,kurupi,kurupi,k u r u p i,,Rondon1948,92,,^ k u r u p i $,default
tora-35_rope-1,,tora,35_rope,tukuripa,tukuripa,t u k u r i p a,,Nimuendaju1925;Nimuendaju1923,92,,^ t u k u r i p a $,default
jaru-36_skin-1,,jaru,36_skin,tuparesi,tuparesi,t u p a r e s i,,Rondon1948,93,,^ t u p a r e s i $,default
kitemoka-36_skin-1,,kitemoka,36_skin,paritʃe,paritʃe,p a r i tʃ e,,CrequiMontfortRivet1913,93,,^ p a r i tʃ e $,default
more-36_skin-1,,more,36_skin,topan,topan,t o p a n,,Angenot2002;Leigue1957,93,,^ t o p a n $,default
orowin-36_skin-1,,orowin,36_skin,toporisi,toporisi,t o p o r i s i,,Birchall2016;deFranca2002,93,,^ t o p o r i s i $,default
tapakura-36_skin-1,,tapakura,36_skin,tuparitʃi,tuparitʃi,t u p a r i tʃ i,,CrequiMontfortRivet1913,93,,^ t u p a r i tʃ i $,default
tora-36_skin-1,,tora,36_skin,tupara,tupara,t u p a r a,,Nimuendaju1925;Nimuendaju1923,93,,^ t u p a r a $,default
urupa-36_skin-1,,urupa,36_skin,tuparisi,tuparisi,t u p a r i s i,,Nimuendaju1925,93,,^ t u p a r i s i $,default
wanyam-36_skin-1,,wanyam,36_skin,tupariʃiʔ,tupariʃiʔ,t u p a r i ʃ i ʔ,,Ribeiro1998;Hanke1975,93,,^ t u p a r i ʃ i ʔ $,default
wari-36_skin-1,,wari,36_skin,taparitʃiʔ,taparitʃiʔ,t a p a r i tʃ i ʔ,,EverettKern1997;Kern1996,93,,^ t a p a r i tʃ i ʔ $,default
jaru-37_meat-1,,jaru,37_meat,ikekren,ikekren,i k e k r e n,,Rondon1948,94,,^ i k e k r e n $,default
more-37_meat-1,,more,37_meat,ukun,ukun,u k u n,,Angenot2002;Leigue1957,94,,^ u k u n $,default
orowin-37_meat-1,,orowin,37_meat,ykeresi,ykeresi,y k e r e s i,,Birchall2016;deFranca2002,94,,^ y k e r e s i $,default
wanyam-37_meat-1,,wanyam,37_meat,ikerem,ikerem,i k e r e m,,Ribeiro1998;Hanke1975,94,,^ i k e r e m $,default
wari-37_meat-1,,wari,37_meat,kweretʃiʔ,kweretʃiʔ,k w e r e tʃ i ʔ,,EverettKern1997;Kern1996,94,,^ kw e r e tʃ i ʔ $,default
jaru-38_blood-1,,jaru,38_blood,wit,wit,w i t,,Rondon1948,95,,^ w i t $,default
kitemoka-38_blood-1,,kitemoka,38_blood,aweitʃe,aweitʃe,a w e i tʃ e,,CrequiMontfortRivet1913,95,,^ a w e i tʃ e $,default
more-38_blood-1,,more,38_blood,wyk,wyk,w y k,,Angenot2002;Leigue1957,95,,^ w y k $,default
orowin-38_blood-1,,orowin,38_blood,wikisi,wikisi,w i k i s i,,Birchall2016;deFranca2002,95,,^ w i k i s i $,default
tapakura-38_blood-1,,tapakura,38_blood,awi,awi,a w i,,CrequiMontfortRivet1913,95,,^ a w i $,default
tora-38_blood-1,,tora,38_blood,wi,wi,w i,,Nimuendaju1925;Nimuendaju1923,95,,^ w i $,default
urupa-38_blood-1,,urupa,38_blood,wikisi,wikisi,w i k i s i,,Nimuendaju1925,95,,^ w i k i s i $,default
wanyam-38_blood-1,,wanyam,38_blood,wiki,wiki,w i k i,,Ribeiro1998;Hanke1975,95,,^ w i k i $,default
wari-38_blood-1,,wari,38_blood,kitʃiʔ,kitʃiʔ,k i tʃ i ʔ,,EverettKern1997;Kern1996,95,,^ k i tʃ i ʔ $,default
cojubim-39_bone-1,,cojubim,39_bone,at,at,a t,,Duran2000,96,,^ a t $,default
jaru-39_bone-1,,jaru,39_bone,rasi,rasi,r a s i,,Rondon1948,96,,^ r a s i $,default
kitemoka-39_bone-1,,kitemoka,39_bone,taritʃe,taritʃe,t a r i tʃ e,,CrequiMontfortRivet1913,96,,^ t a r i tʃ e $,default
more-39_bone-1,,more,39_bone,at,at,a t,,Angenot2002;Leigue1957,96,,^ a t $,default
orowin-39_bone-1,,orowin,39_bone,aran,aran,a r a n,,Birchall2016;deFranca2002,96,,^ a r a n $,default
tapakura-39_bone-1,,tapakura,39_bone,atat,atat,a t a t,,CrequiMontfortRivet1913,96,,^ a t a t $,default
tora-39_bone-1,,tora,39_bone,ataʃi,ataʃi,a t a ʃ i,,Nimuendaju1925;Nimuendaju1923,96,,^ a t a ʃ i $,default
urupa-39_bone-1,,urupa,39_bone,arasi,arasi,a r a s i,,Nimuendaju1925,96,,^ a r a s i $,default
wanyam-39_bone-1,,wanyam,39_bone,araj,araj,a r a j,,Ribeiro1998;Hanke1975,96,,^ a r a j $,default
wari-39_bone-1,,wari,39_bone,aratʃiʔ,aratʃiʔ,a r a tʃ i ʔ,,EverettKern1997;Kern1996,96,,^ a r a tʃ i ʔ $,default
cojubim-40_fat-1,,cojubim,40_fat,mapum,mapum,m a p u m,,Duran2000,97,,^ m a p u m $,default
jaru-40_fat-1,,jaru,40_fat,ahomi,ahomi,a h o m i,,Rondon1948,97,,^ a h o m i $,default
more-40_fat-1,,more,40_fat,mapom,mapom,m a p o m,,Angenot2002;Leigue1957,97,,^ m a p o m $,default
orowin-40_fat-1,,orowin,40_fat,mafomasi,mafomasi,m a f o m a s i,,Birchall2016;deFranca2002,97,,^ m a f o m a s i $,default
tapakura-40_fat-1,,tapakura,40_fat,momikum-kiru,momikum-kiru,m o m i k u m + k i r u,,CrequiMontfortRivet1913,97,,^ m o m i k u m - k i r u $,default
tora-40_fat-1,,tora,40_fat,taahon,taahon,t aː h o n,,Nimuendaju1925;Nimuendaju1923,97,,^ t aa h o n $,default
wanyam-40_fat-1,,wanyam,40_fat,wahumajn,wahumajn,w a h u m a j n,,Ribeiro1998;Hanke1975,97,,^ w a h u m a j n $,default
wari-40_fat-1,,wari,40_fat,homaɲ,homaɲ,h o m a ɲ,,EverettKern1997;Kern1996,97,,^ h o m a ɲ $,default
kitemoka-40_fat-1,,kitemoka,40_fat,mitaikongo,mitaikongo,m i t a i k o n g o,,CrequiMontfortRivet1913,98,,^ m i t a i k o n g o $,default
cojubim-41_egg-1,,cojubim,41_egg,ari jaɲ,ari jaɲ,a r i + j a ɲ,,Duran2000,99,,^ a r i + j a ɲ $,default
jaru-41_egg-1,,jaru,41_egg,rejen,rejen,r e j e n,,Rondon1948,99,,^ r e j e n $,default
kitemoka-41_egg-1,,kitemoka,41_egg,tirantia,tirantia,t i r a n t i a,,CrequiMontfortRivet1913,99,,^ t i r a n t i a $,default
more-41_egg-1,,more,41_egg,ariʒ̟a,ariʒ̟a,a r i ʒ̟ a,,Angenot2002;Leigue1957,99,,^ a r i ʒ̟ a $,default
orowin-41_egg-1,,orowin,41_egg,arikon,arikon,a r i k o n,,Birchall2016;deFranca2002,99,,^ a r i k o n $,default
tapakura-41_egg-1,,tapakura,41_egg,ateranta,ateranta,a t e r a n t a,,CrequiMontfortRivet1913,99,,^ a t e r a n t a $,default
tora-41_egg-1,,tora,41_egg,azeron,azeron,a z e r o n,,Nimuendaju1925;Nimuendaju1923,99,,^ a z e r o n $,default
urupa-41_egg-1,,urupa,41_egg,erejen,erejen,e r e j e n,,Nimuendaju1925,99,,^ e r e j e n $,default
wanyam-41_egg-1,,wanyam,41_egg,arikon,arikon,a r i k o n,,Ribeiro1998;Hanke1975,99,,^ a r i k o n $,default
wari-41_egg-1,,wari,41_egg,arajeɲ,arajeɲ,a r a j e ɲ,,EverettKern1997;Kern1996,99,,^ a r a j e ɲ $,default
kitemoka-42_horn-1,,kitemoka,42_horn,pitʃi,pitʃi,p i tʃ i,,CrequiMontfortRivet1913,100,,^ p i tʃ i $,default
orowin-42_horn-1,,orowin,42_horn,pitikon,pitikon,p i t i k o n,,Birchall2016;deFranca2002,100,,^ p i t i k o n $,default
wari-42_horn-1,,wari,42_horn,pitʃinaɲ,pitʃinaɲ,p i tʃ i n a ɲ,,EverettKern1997;Kern1996,100,,^ p i tʃ i n a ɲ $,default
cojubim-42_horn-1,,cojubim,42_horn,tataw,tataw,t a t a w,,Duran2000,101,,^ t a t a w $,default
more-42_horn-1,,more,42_horn,tataw,tataw,t a t a w,,Angenot2002;Leigue1957,101,,^ t a t a w $,default
wanyam-42_horn-1,,wanyam,42_horn,tatawi,tatawi,t a t a w i,,Ribeiro1998;Hanke1975,101,,^ t a t a w i $,default
jaru-42_horn-1,,jaru,42_horn,ileken,ileken,i l e k e n,,Rondon1948,102,,^ i l e k e n $,default
tapakura-42_horn-1,,tapakura,42_horn,injawan,injawan,i n j a w a n,,CrequiMontfortRivet1913,103,,^ i n j a w a n $,default
cojubim-43_tail-1,,cojubim,43_tail,kipun,kipun,k i p u n,,Duran2000,104,,^ k i p u n $,default
more-43_tail-1,,more,43_tail,kipun,kipun,k i p u n,,Angenot2002;Leigue1957,104,,^ k i p u n $,default
orowin-43_tail-1,,orowin,43_tail,keferesi,keferesi,k e f e r e s i,,Birchall2016;deFranca2002,104,,^ k e f e r e s i $,default
wanyam-43_tail-1,,wanyam,43_tail,kahire,kahire,k a h i r e,,Ribeiro1998;Hanke1975,104,,^ k a h i r e $,default
wari-43_tail-1,,wari,43_tail,kahwereɲ,kahwereɲ,k a h w e r e ɲ,,EverettKern1997;Kern1996,104,,^ k a hw e r e ɲ $,default
kitemoka-43_tail-1,,kitemoka,43_tail,sokotʃetitʃe,sokotʃetitʃe,s o k o tʃ e t i tʃ e,,CrequiMontfortRivet1913,105,,^ s o k o tʃ e t i tʃ e $,default
tapakura-43_tail-1,,tapakura,43_tail,tʃipitʃi,tʃipitʃi,tʃ i p i tʃ i,,CrequiMontfortRivet1913,105,,^ tʃ i p i tʃ i $,default
cojubim-44_hair-1,,cojubim,44_hair,tuna,tuna,t u n a,,Duran2000,106,,^ t u n a $,default
jaru-44_hair-1,,jaru,44_hair,tinji,tinji,t i n j i,,Rondon1948,106,,^ t i n j i $,default
kitemoka-44_hair-1,,kitemoka,44_hair,tʃumitʃe,tʃumitʃe,tʃ u m i tʃ e,,CrequiMontfortRivet1913,106,,^ tʃ u m i tʃ e $,default
more-44_hair-1,,more,44_hair,tuneɲ,tuneɲ,t u n e ɲ,,Angenot2002;Leigue1957,106,,^ t u n e ɲ $,default
orowin-44_hair-1,,orowin,44_hair,tynesi,tynesi,t y n e s i,,Birchall2016;deFranca2002,106,,^ t y n e s i $,default
tapakura-44_hair-1,,tapakura,44_hair,tʃumitʃi,tʃumitʃi,tʃ u m i tʃ i,,CrequiMontfortRivet1913,106,,^ tʃ u m i tʃ i $,default
tora-44_hair-1,,tora,44_hair,tuni,tuni,t u n i,,Nimuendaju1925;Nimuendaju1923,106,,^ t u n i $,default
wanyam-44_hair-1,,wanyam,44_hair,tiniʃiʔ,tiniʃiʔ,t i n i ʃ i ʔ,,Ribeiro1998;Hanke1975,106,,^ t i n i ʃ i ʔ $,default
wari-44_hair-1,,wari,44_hair,tenenetʃiʔ,tenenetʃiʔ,t e n e n e tʃ i ʔ,,EverettKern1997;Kern1996,106,,^ t e n e n e tʃ i ʔ $,default
jaru-44_hair-2,,jaru,44_hair,juhenesi,juhenesi,j u h e n e s i,,Rondon1948,107,,^ j u h e n e s i $,default
urupa-44_hair-1,,urupa,44_hair,yvenesi,yvenesi,y v e n e s i,,Nimuendaju1925,107,,^ y v e n e s i $,default
jaru-44_hair-3,,jaru,44_hair,jupisi,jupisi,j u p i s i,,Rondon1948,108,,^ j u p i s i $,default
cojubim-45_head-1,,cojubim,45_head,upek,upek,u p e k,,Duran2000,109,,^ u p e k $,default
kitemoka-45_head-1,,kitemoka,45_head,paitʃe,paitʃe,p a i tʃ e,,CrequiMontfortRivet1913,109,,^ p a i tʃ e $,default
more-45_head-1,,more,45_head,upwik,upwik,u p w i k,,Angenot2002;Leigue1957,109,,^ u pw i k $,default
orowin-45_head-1,,orowin,45_head,ipijisi,ipijisi,i p i j i s i,,Birchall2016;deFranca2002,109,,^ i p i j i s i $,default
tapakura-45_head-1,,tapakura,45_head,upatʃi,upatʃi,u p a tʃ i,,CrequiMontfortRivet1913,109,,^ u p a tʃ i $,default
tora-45_head-1,,tora,45_head,upujeʃi,upujeʃi,u p u j e ʃ i,,Nimuendaju1925;Nimuendaju1923,109,,^ u p u j e ʃ i $,default
urupa-45_head-1,,urupa,45_head,ypirisi,ypirisi,y p i r i s i,,Nimuendaju1925,109,,^ y p i r i s i $,default
wanyam-45_head-1,,wanyam,45_head,ipijiʃiʔ,ipijiʃiʔ,i p i j i ʃ i ʔ,,Ribeiro1998;Hanke1975,109,,^ i p i j i ʃ i ʔ $,default
wari-45_head-1,,wari,45_head,winatʃiʔ,winatʃiʔ,w i n a tʃ i ʔ,,EverettKern1997;Kern1996,110,,^ w i n a tʃ i ʔ $,default
jaru-45_head-1,,jaru,45_head,totepisi,totepisi,t o t e p i s i,,Rondon1948,111,,^ t o t e p i s i $,default
jaru-46_ear-1,,jaru,46_ear,traisi,traisi,t r a i s i,,Rondon1948,112,,^ t r a i s i $,default
kitemoka-46_ear-1,,kitemoka,46_ear,tatiatatʃe,tatiatatʃe,t a t i a t a tʃ e,,CrequiMontfortRivet1913,112,,^ t a t i a t a tʃ e $,default
orowin-46_ear-1,,orowin,46_ear,trajisi,trajisi,t r a j i s i,,Birchall2016;deFranca2002,112,,^ t r a j i s i $,default
tapakura-46_ear-1,,tapakura,46_ear,taitatatʃi,taitatatʃi,t a i t a t a tʃ i,,CrequiMontfortRivet1913,112,,^ t a i t a t a tʃ i $,default
urupa-46_ear-1,,urupa,46_ear,traisi,traisi,t r a i s i,,Nimuendaju1925,112,,^ t r a i s i $,default
wanyam-46_ear-1,,wanyam,46_ear,tarajiʃiʔ,tarajiʃiʔ,t a r a j i ʃ i ʔ,,Ribeiro1998;Hanke1975,112,,^ t a r a j i ʃ i ʔ $,default
wari-46_ear-1,,wari,46_ear,tarajitʃiʔ,tarajitʃiʔ,t a r a j i tʃ i ʔ,,EverettKern1997;Kern1996,112,,^ t a r a j i tʃ i ʔ $,default
cojubim-46_ear-1,,cojubim,46_ear,tenetet,tenetet,t e n e t e t,,Duran2000,113,,^ t e n e t e t $,default
more-46_ear-1,,more,46_ear,tenetet,tenetet,t e n e t e t,,Angenot2002;Leigue1957,113,,^ t e n e t e t $,default
tora-46_ear-1,,tora,46_ear,tetete,tetete,t e t e t e,,Nimuendaju1925;Nimuendaju1923,113,,^ t e t e t e $,default
cojubim-47_eye-1,,cojubim,47_eye,tok,tok,t o k,,Duran2000,114,,^ t o k $,default
jaru-47_eye-1,,jaru,47_eye,tekisi,tekisi,t e k i s i,,Rondon1948,114,,^ t e k i s i $,default
kitemoka-47_eye-1,,kitemoka,47_eye,kutʃi,kutʃi,k u tʃ i,,CrequiMontfortRivet1913,114,,^ k u tʃ i $,default
more-47_eye-1,,more,47_eye,tok,tok,t o k,,Angenot2002;Leigue1957,114,,^ t o k $,default
orowin-47_eye-1,,orowin,47_eye,tokisi,tokisi,t o k i s i,,Birchall2016;deFranca2002,114,,^ t o k i s i $,default
tapakura-47_eye-1,,tapakura,47_eye,tukutʃi,tukutʃi,t u k u tʃ i,,CrequiMontfortRivet1913,114,,^ t u k u tʃ i $,default
tora-47_eye-1,,tora,47_eye,tok,tok,t o k,,Nimuendaju1925;Nimuendaju1923,114,,^ t o k $,default
urupa-47_eye-1,,urupa,47_eye,tukesi,tukesi,t u k e s i,,Nimuendaju1925,114,,^ t u k e s i $,default
wanyam-47_eye-1,,wanyam,47_eye,tokiʃiʔ,tokiʃiʔ,t o k i ʃ i ʔ,,Ribeiro1998;Hanke1975,114,,^ t o k i ʃ i ʔ $,default
wari-47_eye-1,,wari,47_eye,tokotʃiʔ,tokotʃiʔ,t o k o tʃ i ʔ,,EverettKern1997;Kern1996,114,,^ t o k o tʃ i ʔ $,default
cojubim-48_nose-1,,cojubim,48_nose,ur,ur,u r,,Duran2000,115,,^ u r $,default
jaru-48_nose-1,,jaru,48_nose,jolisi,jolisi,j o l i s i,,Rondon1948,115,,^ j o l i s i $,default
kitemoka-48_nose-1,,kitemoka,48_nose,turutʃe,turutʃe,t u r u tʃ e,,CrequiMontfortRivet1913,115,,^ t u r u tʃ e $,default
more-48_nose-1,,more,48_nose,uʒ̟,uʒ̟,u ʒ̟,,Angenot2002;Leigue1957,115,,^ u ʒ̟ $,default
orowin-48_nose-1,,orowin,48_nose,yrysi,yrysi,y r y s i,,Birchall2016;deFranca2002,115,,^ y r y s i $,default
tapakura-48_nose-1,,tapakura,48_nose,uturutʃi,uturutʃi,u t u r u tʃ i,,CrequiMontfortRivet1913,115,,^ u t u r u tʃ i $,default
tora-48_nose-1,,tora,48_nose,uj,uj,u j,,Nimuendaju1925;Nimuendaju1923,115,,^ u j $,default
urupa-48_nose-1,,urupa,48_nose,juresi,juresi,j u r e s i,,Nimuendaju1925,115,,^ j u r e s i $,default
wanyam-48_nose-1,,wanyam,48_nose,iriʃiʔ,iriʃiʔ,i r i ʃ i ʔ,,Ribeiro1998;Hanke1975,115,,^ i r i ʃ i ʔ $,default
wari-48_nose-1,,wari,48_nose,weretʃiʔ,weretʃiʔ,w e r e tʃ i ʔ,,EverettKern1997;Kern1996,115,,^ w e r e tʃ i ʔ $,default
jaru-49_mouth-1,,jaru,49_mouth,tupakasi,tupakasi,t u p a k a s i,,Rondon1948,116,,^ t u p a k a s i $,default
more-49_mouth-1,,more,49_mouth,topak,topak,t o p a k,,Angenot2002;Leigue1957,116,,^ t o p a k $,default
orowin-49_mouth-1,,orowin,49_mouth,topakasi,topakasi,t o p a k a s i,,Birchall2016;deFranca2002,116,,^ t o p a k a s i $,default
tapakura-49_mouth-1,,tapakura,49_mouth,tupakatʃi,tupakatʃi,t u p a k a tʃ i,,CrequiMontfortRivet1913,116,,^ t u p a k a tʃ i $,default
urupa-49_mouth-1,,urupa,49_mouth,tupakasi,tupakasi,t u p a k a s i,,Nimuendaju1925,116,,^ t u p a k a s i $,default
wanyam-49_mouth-1,,wanyam,49_mouth,topakaʃiʔ,topakaʃiʔ,t o p a k a ʃ i ʔ,,Ribeiro1998;Hanke1975,116,,^ t o p a k a ʃ i ʔ $,default
wari-49_mouth-1,,wari,49_mouth,topak,topak,t o p a k,,EverettKern1997;Kern1996,116,,^ t o p a k $,default
kitemoka-49_mouth-1,,kitemoka,49_mouth,rikajatʃi,rikajatʃi,r i k a j a tʃ i,,CrequiMontfortRivet1913,117,,^ r i k a j a tʃ i $,default
tora-49_mouth-1,,tora,49_mouth,tuaraw,tuaraw,t u a r a w,,Nimuendaju1925;Nimuendaju1923,118,,^ t u a r a w $,default
jaru-50_tooth-1,,jaru,50_tooth,itisi,itisi,i t i s i,,Rondon1948,119,,^ i t i s i $,default
kitemoka-50_tooth-1,,kitemoka,50_tooth,ijaditʃe,ijaditʃe,i j a d i tʃ e,,CrequiMontfortRivet1913,119,,^ i j a d i tʃ e $,default
more-50_tooth-1,,more,50_tooth,jat,jat,j a t,,Angenot2002;Leigue1957,119,,^ j a t $,default
orowin-50_tooth-1,,orowin,50_tooth,ijitisi,ijitisi,i j i t i s i,,Birchall2016;deFranca2002,119,,^ i j i t i s i $,default
tapakura-50_tooth-1,,tapakura,50_tooth,jatitʃi,jatitʃi,j a t i tʃ i,,CrequiMontfortRivet1913,119,,^ j a t i tʃ i $,default
tora-50_tooth-1,,tora,50_tooth,jatiʃi,jatiʃi,j a t i ʃ i,,Nimuendaju1925;Nimuendaju1923,119,,^ j a t i ʃ i $,default
urupa-50_tooth-1,,urupa,50_tooth,jetisi,jetisi,j e t i s i,,Nimuendaju1925,119,,^ j e t i s i $,default
wanyam-50_tooth-1,,wanyam,50_tooth,ijitiʃiʔ,ijitiʃiʔ,i j i t i ʃ i ʔ,,Ribeiro1998;Hanke1975,119,,^ i j i t i ʃ i ʔ $,default
wari-50_tooth-1,,wari,50_tooth,tʃitʃiʔ,tʃitʃiʔ,tʃ i tʃ i ʔ,,EverettKern1997;Kern1996,119,,^ tʃ i tʃ i ʔ $,default
orowin-51_tongue-1,,orowin,51_tongue,tepekejesi,tepekejesi,t e p e k e j e s i,,Birchall2016;deFranca2002,120,,^ t e p e k e j e s i $,default
tapakura-51_tongue-1,,tapakura,51_tongue,tapuitakatʃi,tapuitakatʃi,t a p u i t a k a tʃ i,,CrequiMontfortRivet1913,120,,^ t a p u i t a k a tʃ i $,default
wari-51_tongue-1,,wari,51_tongue,petehwet,petehwet,p e t e h w e t,,EverettKern1997;Kern1996,120,,^ p e t e hw e t $,default
cojubim-51_tongue-1,,cojubim,51_tongue,kapajak,kapajak,k a p a j a k,,Duran2000,121,,^ k a p a j a k $,default
jaru-51_tongue-1,,jaru,51_tongue,kapiakasi,kapiakasi,k a p i a k a s i,,Rondon1948,121,,^ k a p i a k a s i $,default
kitemoka-51_tongue-1,,kitemoka,51_tongue,kapikakatʃe,kapikakatʃe,k a p i k a k a tʃ e,,CrequiMontfortRivet1913,121,,^ k a p i k a k a tʃ e $,default
more-51_tongue-1,,more,51_tongue,kapajak,kapajak,k a p a j a k,,Angenot2002;Leigue1957,121,,^ k a p a j a k $,default
tora-51_tongue-1,,tora,51_tongue,kapiakiʃiʔ,kapiakiʃiʔ,k a p i a k i ʃ i ʔ,,Nimuendaju1925;Nimuendaju1923,121,,^ k a p i a k i ʃ i ʔ $,default
urupa-51_tongue-1,,urupa,51_tongue,kapiakasi,kapiakasi,k a p i a k a s i,,Nimuendaju1925,121,,^ k a p i a k a s i $,default
wanyam-51_tongue-1,,wanyam,51_tongue,kapijakaʃiʔ,kapijakaʃiʔ,k a p i j a k a ʃ i ʔ,,Ribeiro1998;Hanke1975,121,,^ k a p i j a k a ʃ i ʔ $,default
wari-51_tongue-2,,wari,51_tongue,kapijatʃiʔ,kapijatʃiʔ,k a p i j a tʃ i ʔ,,EverettKern1997;Kern1996,121,,^ k a p i j a tʃ i ʔ $,default
jaru-52_fingernail-1,,jaru,52_fingernail,pisikinisi,pisikinisi,p i s i k i n i s i,,Rondon1948,122,,^ p i s i k i n i s i $,default
orowin-52_fingernail-1,,orowin,52_fingernail,sykynesi,sykynesi,s y k y n e s i,,Birchall2016;deFranca2002,122,,^ s y k y n e s i $,default
tora-52_fingernail-1,,tora,52_fingernail,pesoro,pesoro,p e s o r o,,Nimuendaju1925;Nimuendaju1923,122,,^ p e s o r o $,default
wanyam-52_fingernail-1,,wanyam,52_fingernail,pikinaʃiʔ,pikinaʃiʔ,p i k i n a ʃ i ʔ,,Ribeiro1998;Hanke1975,122,,^ p i k i n a ʃ i ʔ $,default
wari-52_fingernail-1,,wari,52_fingernail,tʃikinatʃiʔ,tʃikinatʃiʔ,tʃ i k i n a tʃ i ʔ,,EverettKern1997;Kern1996,122,,^ tʃ i k i n a tʃ i ʔ $,default
cojubim-52_fingernail-1,,cojubim,52_fingernail,tupi,tupi,t u p i,,Duran2000,123,,^ t u p i $,default
more-52_fingernail-1,,more,52_fingernail,tupi,tupi,t u p i,,Angenot2002;Leigue1957,123,,^ t u p i $,default
tapakura-52_fingernail-1,,tapakura,52_fingernail,naimitʃi,naimitʃi,n a i m i tʃ i,,CrequiMontfortRivet1913,124,,^ n a i m i tʃ i $,default
jaru-53_foot-1,,jaru,53_foot,katimasi,katimasi,k a t i m a s i,,Rondon1948,125,,^ k a t i m a s i $,default
kitemoka-53_foot-1,,kitemoka,53_foot,kaimatʃe,kaimatʃe,k a i m a tʃ e,,CrequiMontfortRivet1913,125,,^ k a i m a tʃ e $,default
tapakura-53_foot-1,,tapakura,53_foot,kaimatʃi,kaimatʃi,k a i m a tʃ i,,CrequiMontfortRivet1913,125,,^ k a i m a tʃ i $,default
tora-53_foot-1,,tora,53_foot,kazima,kazima,k a z i m a,,Nimuendaju1925;Nimuendaju1923,125,,^ k a z i m a $,default
urupa-53_foot-1,,urupa,53_foot,katimasi,katimasi,k a t i m a s i,,Nimuendaju1925,125,,^ k a t i m a s i $,default
wanyam-53_foot-1,,wanyam,53_foot,katimaʃiʔ,katimaʃiʔ,k a t i m a ʃ i ʔ,,Ribeiro1998;Hanke1975,125,,^ k a t i m a ʃ i ʔ $,default
wari-53_foot-1,,wari,53_foot,katʃimatʃiʔ,katʃimatʃiʔ,k a tʃ i m a tʃ i ʔ,,EverettKern1997;Kern1996,125,,^ k a tʃ i m a tʃ i ʔ $,default
orowin-53_foot-1,,orowin,53_foot,pasomasi,pasomasi,p a s o m a s i,,Birchall2016;deFranca2002,126,,^ p a s o m a s i $,default
wari-53_foot-2,,wari,53_foot,pitʃijatʃiʔ,pitʃijatʃiʔ,p i tʃ i j a tʃ i ʔ,,EverettKern1997;Kern1996,126,,^ p i tʃ i j a tʃ i ʔ $,default
cojubim-53_foot-1,,cojubim,53_foot,tʃinak,tʃinak,tʃ i n a k,,Duran2000,127,,^ tʃ i n a k $,default
more-53_foot-1,,more,53_foot,tʃinak,tʃinak,tʃ i n a k,,Angenot2002;Leigue1957,127,,^ tʃ i n a k $,default
tapakura-53_foot-2,,tapakura,53_foot,tʃikitʃi,tʃikitʃi,tʃ i k i tʃ i,,CrequiMontfortRivet1913,127,,^ tʃ i k i tʃ i $,default
tora-53_foot-2,,tora,53_foot,ʃikiniʃi,ʃikiniʃi,ʃ i k i n i ʃ i,,Nimuendaju1925;Nimuendaju1923,127,,^ ʃ i k i n i ʃ i $,default
cojubim-54_leg-1,,cojubim,54_leg,pok,pok,p o k,,Duran2000,128,,^ p o k $,default
jaru-54_leg-1,,jaru,54_leg,ekisi,ekisi,e k i s i,,Rondon1948,128,,^ e k i s i $,default
kitemoka-54_leg-1,,kitemoka,54_leg,kohotʃi,kohotʃi,k o h o tʃ i,,CrequiMontfortRivet1913,128,,^ k o h o tʃ i $,default
more-54_leg-1,,more,54_leg,pok,pok,p o k,,Angenot2002;Leigue1957,128,,^ p o k $,default
orowin-54_leg-1,,orowin,54_leg,fokisi,fokisi,f o k i s i,,Birchall2016;deFranca2002,128,,^ f o k i s i $,default
tapakura-54_leg-1,,tapakura,54_leg,ukutʃi,ukutʃi,u k u tʃ i,,CrequiMontfortRivet1913,128,,^ u k u tʃ i $,default
tora-54_leg-1,,tora,54_leg,hok,hok,h o k,,Nimuendaju1925;Nimuendaju1923,128,,^ h o k $,default
wanyam-54_leg-1,,wanyam,54_leg,hokiʃiʔ,hokiʃiʔ,h o k i ʃ i ʔ,,Ribeiro1998;Hanke1975,128,,^ h o k i ʃ i ʔ $,default
wari-54_leg-1,,wari,54_leg,kokotʃiʔ,kokotʃiʔ,k o k o tʃ i ʔ,,EverettKern1997;Kern1996,128,,^ k o k o tʃ i ʔ $,default
orowin-55_knee-1,,orowin,55_knee,makaramasi,makaramasi,m a k a r a m a s i,,Birchall2016;deFranca2002,129,,^ m a k a r a m a s i $,default
wanyam-55_knee-1,,wanyam,55_knee,warakaramaʃiʔ,warakaramaʃiʔ,w a r a k a r a m a ʃ i ʔ,,Ribeiro1998;Hanke1975,129,,^ w a r a k a r a m a ʃ i ʔ $,default
wari-55_knee-1,,wari,55_knee,karamatʃiʔ,karamatʃiʔ,k a r a m a tʃ i ʔ,,EverettKern1997;Kern1996,129,,^ k a r a m a tʃ i ʔ $,default
orowin-55_knee-2,,orowin,55_knee,mafonasi,mafonasi,m a f o n a s i,,Birchall2016;deFranca2002,130,,^ m a f o n a s i $,default
cojubim-55_knee-1,,cojubim,55_knee,tokozim,tokozim,t o k o z i m,,Duran2000,131,,^ t o k o z i m $,default
jaru-55_knee-1,,jaru,55_knee,toketekilipasi,toketekilipasi,t o k e t e k i l i p a s i,,Rondon1948,131,,^ t o k e t e k i l i p a s i $,default
kitemoka-55_knee-1,,kitemoka,55_knee,tukaivatʃe,tukaivatʃe,t u k a i v a tʃ e,,CrequiMontfortRivet1913,131,,^ t u k a i v a tʃ e $,default
more-55_knee-1,,more,55_knee,tukuʒ̟im,tukuʒ̟im,t u k u ʒ̟ i m,,Angenot2002;Leigue1957,131,,^ t u k u ʒ̟ i m $,default
tapakura-55_knee-1,,tapakura,55_knee,tukaimatʃi,tukaimatʃi,t u k a i m a tʃ i,,CrequiMontfortRivet1913,131,,^ t u k a i m a tʃ i $,default
tora-55_knee-1,,tora,55_knee,tukazim,tukazim,t u k a z i m,,Nimuendaju1925;Nimuendaju1923,131,,^ t u k a z i m $,default
kitemoka-56_hand-1,,kitemoka,56_hand,umajo,umajo,u m a j o,,CrequiMontfortRivet1913,132,,^ u m a j o $,default
more-56_hand-1,,more,56_hand,um,um,u m,,Angenot2002;Leigue1957,132,,^ u m $,default
tapakura-56_hand-1,,tapakura,56_hand,umitʃi,umitʃi,u m i tʃ i,,CrequiMontfortRivet1913,132,,^ u m i tʃ i $,default
tora-56_hand-1,,tora,56_hand,umu,umu,u m u,,Nimuendaju1925;Nimuendaju1923,132,,^ u m u $,default
wari-56_hand-1,,wari,56_hand,mitʃiʔ,mitʃiʔ,m i tʃ i ʔ,,EverettKern1997;Kern1996,132,,^ m i tʃ i ʔ $,default
cojubim-56_hand-1,,cojubim,56_hand,tipan,tipan,t i p a n,,Duran2000,133,,^ t i p a n $,default
jaru-56_hand-1,,jaru,56_hand,tiprasi,tiprasi,t i p r a s i,,Rondon1948,133,,^ t i p r a s i $,default
kitemoka-56_hand-2,,kitemoka,56_hand,tʃeparaju,tʃeparaju,tʃ e p a r a j u,,CrequiMontfortRivet1913,133,,^ tʃ e p a r a j u $,default
more-56_hand-2,,more,56_hand,tipan,tipan,t i p a n,,Angenot2002;Leigue1957,133,,^ t i p a n $,default
orowin-56_hand-1,,orowin,56_hand,tiprasi,tiprasi,t i p r a s i,,Birchall2016;deFranca2002,133,,^ t i p r a s i $,default
tapakura-56_hand-2,,tapakura,56_hand,itʃoparatʃi,itʃoparatʃi,i tʃ o p a r a tʃ i,,CrequiMontfortRivet1913,133,,^ i tʃ o p a r a tʃ i $,default
tora-56_hand-2,,tora,56_hand,tipara,tipara,t i p a r a,,Nimuendaju1925;Nimuendaju1923,133,,^ t i p a r a $,default
urupa-56_hand-1,,urupa,56_hand,tiprasi,tiprasi,t i p r a s i,,Nimuendaju1925,133,,^ t i p r a s i $,default
wanyam-56_hand-1,,wanyam,56_hand,tiparaʃiʔ,tiparaʃiʔ,t i p a r a ʃ i ʔ,,Ribeiro1998;Hanke1975,133,,^ t i p a r a ʃ i ʔ $,default
wari-56_hand-2,,wari,56_hand,taparatʃiʔ,taparatʃiʔ,t a p a r a tʃ i ʔ,,EverettKern1997;Kern1996,133,,^ t a p a r a tʃ i ʔ $,default
cojubim-57_wing-1,,cojubim,57_wing,nipat,nipat,n i p a t,,Duran2000,134,,^ n i p a t $,default
kitemoka-57_wing-1,,kitemoka,57_wing,ipati-ko,ipati-ko,i p a t i + k o,,CrequiMontfortRivet1913,134,,^ i p a t i - k o $,default
more-57_wing-1,,more,57_wing,nipat,nipat,n i p a t,,Angenot2002;Leigue1957,134,,^ n i p a t $,default
orowin-57_wing-1,,orowin,57_wing,napatinan,napatinan,n a p a t i n a n,,Birchall2016;deFranca2002,134,,^ n a p a t i n a n $,default
tapakura-57_wing-1,,tapakura,57_wing,hipatʃi,hipatʃi,h i p a tʃ i,,CrequiMontfortRivet1913,134,,^ h i p a tʃ i $,default
wanyam-57_wing-1,,wanyam,57_wing,nipat,nipat,n i p a t,,Ribeiro1998;Hanke1975,134,,^ n i p a t $,default
wari-57_wing-1,,wari,57_wing,tapatʃi,tapatʃi,t a p a tʃ i,,EverettKern1997;Kern1996,134,,^ t a p a tʃ i $,default
jaru-58_belly-1,,jaru,58_belly,tokotepasi,tokotepasi,t o k o t e p a s i,,Rondon1948,135,,^ t o k o t e p a s i $,default
kitemoka-58_belly-1,,kitemoka,58_belly,kimotʃe,kimotʃe,k i m o tʃ e,,CrequiMontfortRivet1913,135,,^ k i m o tʃ e $,default
more-58_belly-1,,more,58_belly,tim,tim,t i m,,Angenot2002;Leigue1957,135,,^ t i m $,default
orowin-58_belly-1,,orowin,58_belly,kimi,kimi,k i m i,,Birchall2016;deFranca2002,135,,^ k i m i $,default
tapakura-58_belly-1,,tapakura,58_belly,tekematʃe,tekematʃe,t e k e m a tʃ e,,CrequiMontfortRivet1913,135,,^ t e k e m a tʃ e $,default
tora-58_belly-1,,tora,58_belly,tosipa,tosipa,t o s i p a,,Nimuendaju1925;Nimuendaju1923,135,,^ t o s i p a $,default
wanyam-58_belly-1,,wanyam,58_belly,kimijekin,kimijekin,k i m i j e k i n,,Ribeiro1998;Hanke1975,135,,^ k i m i j e k i n $,default
orowin-58_belly-2,,orowin,58_belly,tapawakon,tapawakon,t a p a w a k o n,,Birchall2016;deFranca2002,136,,^ t a p a w a k o n $,default
cojubim-58_belly-1,,cojubim,58_belly,tʃakaw ta,tʃakaw ta,tʃ a k a w + t a,,Duran2000,137,,^ tʃ a k a w + t a $,default
more-58_belly-2,,more,58_belly,tʃakaw,tʃakaw,tʃ a k a w,,Angenot2002;Leigue1957,137,,^ tʃ a k a w $,default
wari-58_belly-1,,wari,58_belly,pemenetʃiʔ,pemenetʃiʔ,p e m e n e tʃ i ʔ,,EverettKern1997;Kern1996,138,,^ p e m e n e tʃ i ʔ $,default
cojubim-59_guts-1,,cojubim,59_guts,kirimonʔ,kirimonʔ,k i r i m o n ʔ,,Duran2000,139,,^ k i r i m o n ʔ $,default
jaru-59_guts-1,,jaru,59_guts,menesi,menesi,m e n e s i,,Rondon1948,139,,^ m e n e s i $,default
kitemoka-59_guts-1,,kitemoka,59_guts,waememitʃe,waememitʃe,w a e m e m i tʃ e,,CrequiMontfortRivet1913,139,,^ w a e m e m i tʃ e $,default
more-59_guts-1,,more,59_guts,mukuri mon,mukuri mon,m u k u r i + m o n,,Angenot2002;Leigue1957,139,,^ m u k u r i + m o n $,default
orowin-59_guts-1,,orowin,59_guts,monosi,monosi,m o n o s i,,Birchall2016;deFranca2002,139,,^ m o n o s i $,default
tapakura-59_guts-1,,tapakura,59_guts,amunitʃi,amunitʃi,a m u n i tʃ i,,CrequiMontfortRivet1913,139,,^ a m u n i tʃ i $,default
wari-59_guts-1,,wari,59_guts,monotʃiʔ,monotʃiʔ,m o n o tʃ i ʔ,,EverettKern1997;Kern1996,139,,^ m o n o tʃ i ʔ $,default
wanyam-59_guts-1,,wanyam,59_guts,karapap wajiʃiʔ,karapap wajiʃiʔ,k a r a p a p + w a j i ʃ i ʔ,,Ribeiro1998;Hanke1975,140,,^ k a r a p a p + w a j i ʃ i ʔ $,default
kitemoka-59_guts-2,,kitemoka,59_guts,anteretʃe,anteretʃe,a n t e r e tʃ e,,CrequiMontfortRivet1913,141,,^ a n t e r e tʃ e $,default
cojubim-60_neck-1,,cojubim,60_neck,patam,patam,p a t a m,,Duran2000,142,,^ p a t a m $,default
jaru-60_neck-1,,jaru,60_neck,upramasi,upramasi,u p r a m a s i,,Rondon1948,142,,^ u p r a m a s i $,default
more-60_neck-1,,more,60_neck,patam,patam,p a t a m,,Angenot2002;Leigue1957,142,,^ p a t a m $,default
orowin-60_neck-1,,orowin,60_neck,oparamasi,oparamasi,o p a r a m a s i,,Birchall2016;deFranca2002,142,,^ o p a r a m a s i $,default
tora-60_neck-1,,tora,60_neck,patama,patama,p a t a m a,,Nimuendaju1925;Nimuendaju1923,142,,^ p a t a m a $,default
wanyam-60_neck-1,,wanyam,60_neck,uparamaʃiʔ,uparamaʃiʔ,u p a r a m a ʃ i ʔ,,Ribeiro1998;Hanke1975,142,,^ u p a r a m a ʃ i ʔ $,default
wari-60_neck-1,,wari,60_neck,paramatʃiʔ,paramatʃiʔ,p a r a m a tʃ i ʔ,,EverettKern1997;Kern1996,142,,^ p a r a m a tʃ i ʔ $,default
kitemoka-60_neck-1,,kitemoka,60_neck,aikeɲemitʃe,aikeɲemitʃe,a i k e ɲ e m i tʃ e,,CrequiMontfortRivet1913,143,,^ a i k e ɲ e m i tʃ e $,default
tapakura-60_neck-1,,tapakura,60_neck,hukiminitʃi,hukiminitʃi,h u k i m i n i tʃ i,,CrequiMontfortRivet1913,143,,^ h u k i m i n i tʃ i $,default
wari-60_neck-2,,wari,60_neck,kanemitʃiʔ,kanemitʃiʔ,k a n e m i tʃ i ʔ,,EverettKern1997;Kern1996,143,,^ k a n e m i tʃ i ʔ $,default
cojubim-61_back-1,,cojubim,61_back,ataw,ataw,a t a w,,Duran2000,144,,^ a t a w $,default
jaru-61_back-1,,jaru,61_back,arawasi,arawasi,a r a w a s i,,Rondon1948,144,,^ a r a w a s i $,default
kitemoka-61_back-1,,kitemoka,61_back,totojatʃe,totojatʃe,t o t o j a tʃ e,,CrequiMontfortRivet1913,144,,^ t o t o j a tʃ e $,default
more-61_back-1,,more,61_back,ataw,ataw,a t a w,,Angenot2002;Leigue1957,144,,^ a t a w $,default
orowin-61_back-1,,orowin,61_back,arawasi,arawasi,a r a w a s i,,Birchall2016;deFranca2002,144,,^ a r a w a s i $,default
tapakura-61_back-1,,tapakura,61_back,otowatʃi,otowatʃi,o t o w a tʃ i,,CrequiMontfortRivet1913,144,,^ o t o w a tʃ i $,default
tora-61_back-1,,tora,61_back,wuritim,wuritim,w u r i t i m,,Nimuendaju1925;Nimuendaju1923,144,,^ w u r i t i m $,default
urupa-61_back-1,,urupa,61_back,erawasi,erawasi,e r a w a s i,,Nimuendaju1925,144,,^ e r a w a s i $,default
wanyam-61_back-1,,wanyam,61_back,awaraʃiʔ,awaraʃiʔ,a w a r a ʃ i ʔ,,Ribeiro1998;Hanke1975,144,,^ a w a r a ʃ i ʔ $,default
wari-61_back-1,,wari,61_back,waratʃiʔ,waratʃiʔ,w a r a tʃ i ʔ,,EverettKern1997;Kern1996,144,,^ w a r a tʃ i ʔ $,default
cojubim-62_breast-1,,cojubim,62_breast,katat,katat,k a t a t,,Duran2000,145,,^ k a t a t $,default
more-62_breast-1,,more,62_breast,katat,katat,k a t a t,,Angenot2002;Leigue1957,145,,^ k a t a t $,default
orowin-62_breast-1,,orowin,62_breast,karatisi,karatisi,k a r a t i s i,,Birchall2016;deFranca2002,145,,^ k a r a t i s i $,default
tora-62_breast-1,,tora,62_breast,katasan,katasan,k a t a s a n,,Nimuendaju1925;Nimuendaju1923,145,,^ k a t a s a n $,default
urupa-62_breast-1,,urupa,62_breast,karatisi,karatisi,k a r a t i s i,,Nimuendaju1925,145,,^ k a r a t i s i $,default
wanyam-62_breast-1,,wanyam,62_breast,karatiʃiʔ,karatiʃiʔ,k a r a t i ʃ i ʔ,,Ribeiro1998;Hanke1975,145,,^ k a r a t i ʃ i ʔ $,default
wari-62_breast-1,,wari,62_breast,karatʃitʃiʔ,karatʃitʃiʔ,k a r a tʃ i tʃ i ʔ,,EverettKern1997;Kern1996,145,,^ k a r a tʃ i tʃ i ʔ $,default
jaru-62_breast-1,,jaru,62_breast,ikimasi,ikimasi,i k i m a s i,,Rondon1948,146,,^ i k i m a s i $,default
kitemoka-62_breast-1,,kitemoka,62_breast,kematakama,kematakama,k e m a t a k a m a,,CrequiMontfortRivet1913,146,,^ k e m a t a k a m a $,default
more-62_breast-2,,more,62_breast,kima,kima,k i m a,,Angenot2002;Leigue1957,146,,^ k i m a $,default
orowin-62_breast-2,,orowin,62_breast,ikimasi,ikimasi,i k i m a s i,,Birchall2016;deFranca2002,146,,^ i k i m a s i $,default
tora-62_breast-2,,tora,62_breast,ikima,ikima,i k i m a,,Nimuendaju1925;Nimuendaju1923,146,,^ i k i m a $,default
wari-62_breast-2,,wari,62_breast,kimatʃiʔ,kimatʃiʔ,k i m a tʃ i ʔ,,EverettKern1997;Kern1996,146,,^ k i m a tʃ i ʔ $,default
cojubim-63_heart-1,,cojubim,63_heart,toku ru tim,toku ru tim,t o k u + r u + t i m,,Duran2000,147,,^ t o k u + r u + t i m $,default
jaru-63_heart-1,,jaru,63_heart,temisi,temisi,t e m i s i,,Rondon1948,147,,^ t e m i s i $,default
kitemoka-63_heart-1,,kitemoka,63_heart,simitʃe,simitʃe,s i m i tʃ e,,CrequiMontfortRivet1913,147,,^ s i m i tʃ e $,default
more-63_heart-1,,more,63_heart,tuku ritim,tuku ritim,t u k u + r i t i m,,Angenot2002;Leigue1957,147,,^ t u k u + r i t i m $,default
orowin-63_heart-1,,orowin,63_heart,timisi,timisi,t i m i s i,,Birchall2016;deFranca2002,147,,^ t i m i s i $,default
tapakura-63_heart-1,,tapakura,63_heart,simitʃi,simitʃi,s i m i tʃ i,,CrequiMontfortRivet1913,147,,^ s i m i tʃ i $,default
tora-63_heart-1,,tora,63_heart,timu,timu,t i m u,,Nimuendaju1925;Nimuendaju1923,147,,^ t i m u $,default
wanyam-63_heart-1,,wanyam,63_heart,timiʃiʔ,timiʃiʔ,t i m i ʃ i ʔ,,Ribeiro1998;Hanke1975,147,,^ t i m i ʃ i ʔ $,default
wari-63_heart-1,,wari,63_heart,tʃimitʃiʔ,tʃimitʃiʔ,tʃ i m i tʃ i ʔ,,EverettKern1997;Kern1996,147,,^ tʃ i m i tʃ i ʔ $,default
cojubim-64_liver-1,,cojubim,64_liver,tʃawan,tʃawan,tʃ a w a n,,Duran2000,148,,^ tʃ a w a n $,default
jaru-64_liver-1,,jaru,64_liver,trawanasi,trawanasi,t r a w a n a s i,,Rondon1948,148,,^ t r a w a n a s i $,default
more-64_liver-1,,more,64_liver,sawan,sawan,s a w a n,,Angenot2002;Leigue1957,148,,^ s a w a n $,default
orowin-64_liver-1,,orowin,64_liver,trawrisi,trawrisi,t r a w r i s i,,Birchall2016;deFranca2002,148,,^ t r a w r i s i $,default
tora-64_liver-1,,tora,64_liver,trawana,trawana,t r a w a n a,,Nimuendaju1925;Nimuendaju1923,148,,^ t r a w a n a $,default
wanyam-64_liver-1,,wanyam,64_liver,tarawaneʃiʔ,tarawaneʃiʔ,t a r a w a n e ʃ i ʔ,,Ribeiro1998;Hanke1975,148,,^ t a r a w a n e ʃ i ʔ $,default
wari-64_liver-1,,wari,64_liver,tarawanatʃiʔ,tarawanatʃiʔ,t a r a w a n a tʃ i ʔ,,EverettKern1997;Kern1996,148,,^ t a r a w a n a tʃ i ʔ $,default
cojubim-65_drink-1,,cojubim,65_drink,tok,tok,t o k,,Duran2000,149,,^ t o k $,default
kitemoka-65_drink-1,,kitemoka,65_drink,kot,kot,k o t,,CrequiMontfortRivet1913,149,,^ k o t $,default
more-65_drink-1,,more,65_drink,tok,tok,t o k,,Angenot2002;Leigue1957,149,,^ t o k $,default
orowin-65_drink-1,,orowin,65_drink,tok,tok,t o k,,Birchall2016;deFranca2002,149,,^ t o k $,default
tora-65_drink-1,,tora,65_drink,tuk,tuk,t u k,,Nimuendaju1925;Nimuendaju1923,149,,^ t u k $,default
urupa-65_drink-1,,urupa,65_drink,tok,tok,t o k,,Nimuendaju1925,149,,^ t o k $,default
wanyam-65_drink-1,,wanyam,65_drink,tuka,tuka,t u k a,,Ribeiro1998;Hanke1975,149,,^ t u k a $,default
wari-65_drink-1,,wari,65_drink,tok,tok,t o k,,EverettKern1997;Kern1996,149,,^ t o k $,default
cojubim-66_eat-1,,cojubim,66_eat,kawʔ,kawʔ,k a w ʔ,,Duran2000,150,,^ k a w ʔ $,default
jaru-66_eat-1,,jaru,66_eat,kaw,kaw,k a w,,Rondon1948,150,,^ k a w $,default
kitemoka-66_eat-1,,kitemoka,66_eat,kaw,kaw,k a w,,CrequiMontfortRivet1913,150,,^ k a w $,default
more-66_eat-1,,more,66_eat,kaw,kaw,k a w,,Angenot2002;Leigue1957,150,,^ k a w $,default
orowin-66_eat-1,,orowin,66_eat,kaw,kaw,k a w,,Birchall2016;deFranca2002,150,,^ k a w $,default
tapakura-66_eat-1,,tapakura,66_eat,kaw,kaw,k a w,,CrequiMontfortRivet1913,150,,^ k a w $,default
tora-66_eat-1,,tora,66_eat,kaw,kaw,k a w,,Nimuendaju1925;Nimuendaju1923,150,,^ k a w $,default
urupa-66_eat-1,,urupa,66_eat,kaw,kaw,k a w,,Nimuendaju1925,150,,^ k a w $,default
wanyam-66_eat-1,,wanyam,66_eat,kaw,kaw,k a w,,Ribeiro1998;Hanke1975,150,,^ k a w $,default
wari-66_eat-1,,wari,66_eat,kaw,kaw,k a w,,EverettKern1997;Kern1996,150,,^ k a w $,default
cojubim-67_bite-1,,cojubim,67_bite,kiwʔ,kiwʔ,k i w ʔ,,Duran2000,151,,^ k i w ʔ $,default
more-67_bite-1,,more,67_bite,kiw,kiw,k i w,,Angenot2002;Leigue1957,151,,^ k i w $,default
orowin-67_bite-1,,orowin,67_bite,kiw,kiw,k i w,,Birchall2016;deFranca2002,151,,^ k i w $,default
tora-67_bite-1,,tora,67_bite,kiw,kiw,k i w,,Nimuendaju1925;Nimuendaju1923,151,,^ k i w $,default
wanyam-67_bite-1,,wanyam,67_bite,kiw,kiw,k i w,,Ribeiro1998;Hanke1975,151,,^ k i w $,default
wari-67_bite-1,,wari,67_bite,kiw,kiw,k i w,,EverettKern1997;Kern1996,151,,^ k i w $,default
jaru-67_bite-1,,jaru,67_bite,tapitʔ,tapitʔ,t a p i t ʔ,,Rondon1948,152,,^ t a p i t ʔ $,default
cojubim-68_suck-1,,cojubim,68_suck,tʃak,tʃak,tʃ a k,,Duran2000,153,,^ tʃ a k $,default
more-68_suck-1,,more,68_suck,tʃak,tʃak,tʃ a k,,Angenot2002;Leigue1957,153,,^ tʃ a k $,default
orowin-68_suck-1,,orowin,68_suck,itak,itak,i t a k,,Birchall2016;deFranca2002,153,,^ i t a k $,default
wanyam-68_suck-1,,wanyam,68_suck,ʃak,ʃak,ʃ a k,,Ribeiro1998;Hanke1975,153,,^ ʃ a k $,default
wari-68_suck-1,,wari,68_suck,tʃak,tʃak,tʃ a k,,EverettKern1997;Kern1996,153,,^ tʃ a k $,default
cojubim-69_vomit-1,,cojubim,69_vomit,weʔ,weʔ,w e ʔ,,Duran2000,154,,^ w e ʔ $,default
jaru-69_vomit-1,,jaru,69_vomit,we,we,w e,,Rondon1948,154,,^ w e $,default
more-69_vomit-1,,more,69_vomit,we,we,w e,,Angenot2002;Leigue1957,154,,^ w e $,default
orowin-69_vomit-1,,orowin,69_vomit,yweʔ,yweʔ,y w e ʔ,,Birchall2016;deFranca2002,154,,^ y w e ʔ $,default
wanyam-69_vomit-1,,wanyam,69_vomit,we,we,w e,,Ribeiro1998;Hanke1975,154,,^ w e $,default
wari-69_vomit-1,,wari,69_vomit,weʔ,weʔ,w e ʔ,,EverettKern1997;Kern1996,154,,^ w e ʔ $,default
more-70_breathe-1,,more,70_breathe,awi ram,awi ram,a w i + r a m,,Angenot2002;Leigue1957,155,,^ a w i + r a m $,default
orowin-70_breathe-1,,orowin,70_breathe,woram,woram,w o r a m,,Birchall2016;deFranca2002,155,,^ w o r a m $,default
wanyam-70_breathe-1,,wanyam,70_breathe,uram,uram,u r a m,,Ribeiro1998;Hanke1975,155,,^ u r a m $,default
wari-70_breathe-1,,wari,70_breathe,wereme,wereme,w e r e m e,,EverettKern1997;Kern1996,155,,^ w e r e m e $,default
cojubim-70_breathe-1,,cojubim,70_breathe,zak,zak,z a k,,Duran2000,156,,^ z a k $,default
more-70_breathe-2,,more,70_breathe,ʒ̟ak,ʒ̟ak,ʒ̟ a k,,Angenot2002;Leigue1957,156,,^ ʒ̟ a k $,default
cojubim-71_laugh-1,,cojubim,71_laugh,tasam,tasam,t a s a m,,Duran2000,157,,^ t a s a m $,default
more-71_laugh-1,,more,71_laugh,tasam,tasam,t a s a m,,Angenot2002;Leigue1957,157,,^ t a s a m $,default
orowin-71_laugh-1,,orowin,71_laugh,tarim,tarim,t a r i m,,Birchall2016;deFranca2002,157,,^ t a r i m $,default
wanyam-71_laugh-1,,wanyam,71_laugh,trahum,trahum,t r a h u m,,Ribeiro1998;Hanke1975,157,,^ t r a h u m $,default
wari-71_laugh-1,,wari,71_laugh,tatamʔ,tatamʔ,t a t a m ʔ,,EverettKern1997;Kern1996,157,,^ t a t a m ʔ $,default
tapakura-71_laugh-1,,tapakura,71_laugh,matimuiara,matimuiara,m a t i m u i a r a,,CrequiMontfortRivet1913,158,,^ m a t i m u i a r a $,default
kitemoka-71_laugh-1,,kitemoka,71_laugh,eva,eva,e v a,,CrequiMontfortRivet1913,159,,^ e v a $,default
cojubim-72_see-1,,cojubim,72_see,kirik,kirik,k i r i k,,Duran2000,160,,^ k i r i k $,default
kitemoka-72_see-1,,kitemoka,72_see,tirig,tirig,t i r i g,,CrequiMontfortRivet1913,160,,^ t i r i g $,default
more-72_see-1,,more,72_see,kirik,kirik,k i r i k,,Angenot2002;Leigue1957,160,,^ k i r i k $,default
orowin-72_see-1,,orowin,72_see,kirik,kirik,k i r i k,,Birchall2016;deFranca2002,160,,^ k i r i k $,default
tapakura-72_see-1,,tapakura,72_see,kirik,kirik,k i r i k,,CrequiMontfortRivet1913,160,,^ k i r i k $,default
tora-72_see-1,,tora,72_see,krid,krid,k r i d,,Nimuendaju1925;Nimuendaju1923,160,,^ k r i d $,default
wanyam-72_see-1,,wanyam,72_see,kirik,kirik,k i r i k,,Ribeiro1998;Hanke1975,160,,^ k i r i k $,default
wari-72_see-1,,wari,72_see,kerek,kerek,k e r e k,,EverettKern1997;Kern1996,160,,^ k e r e k $,default
cojubim-73_hear-1,,cojubim,73_hear,rapat,rapat,r a p a t,,Duran2000,161,,^ r a p a t $,default
more-73_hear-1,,more,73_hear,arapat,arapat,a r a p a t,,Angenot2002;Leigue1957,161,,^ a r a p a t $,default
orowin-73_hear-1,,orowin,73_hear,worapat,worapat,w o r a p a t,,Birchall2016;deFranca2002,161,,^ w o r a p a t $,default
wanyam-73_hear-1,,wanyam,73_hear,warapat,warapat,w a r a p a t,,Ribeiro1998;Hanke1975,161,,^ w a r a p a t $,default
cojubim-74_fear-1,,cojubim,74_fear,ininʔ,ininʔ,i n i n ʔ,,Duran2000,162,,^ i n i n ʔ $,default
jaru-74_fear-1,,jaru,74_fear,injin,injin,i n j i n,,Rondon1948,162,,^ i n j i n $,default
more-74_fear-1,,more,74_fear,ijin,ijin,i j i n,,Angenot2002;Leigue1957,162,,^ i j i n $,default
orowin-74_fear-1,,orowin,74_fear,ijin,ijin,i j i n,,Birchall2016;deFranca2002,162,,^ i j i n $,default
tora-74_fear-1,,tora,74_fear,ejidn,ejidn,e j i d n,,Nimuendaju1925;Nimuendaju1923,162,,^ e j i d n $,default
wanyam-74_fear-1,,wanyam,74_fear,inin,inin,i n i n,,Ribeiro1998;Hanke1975,162,,^ i n i n $,default
wari-74_fear-1,,wari,74_fear,jinʔ,jinʔ,j i n ʔ,,EverettKern1997;Kern1996,162,,^ j i n ʔ $,default
cojubim-75_sleep-1,,cojubim,75_sleep,upin,upin,u p i n,,Duran2000,163,,^ u p i n $,default
jaru-75_sleep-1,,jaru,75_sleep,upejamʔ,upejamʔ,u p e j a m ʔ,,Rondon1948,163,,^ u p e j a m ʔ $,default
more-75_sleep-1,,more,75_sleep,upen,upen,u p e n,,Angenot2002;Leigue1957,163,,^ u p e n $,default
orowin-75_sleep-1,,orowin,75_sleep,ypen,ypen,y p e n,,Birchall2016;deFranca2002,163,,^ y p e n $,default
tora-75_sleep-1,,tora,75_sleep,upoɲ,upoɲ,u p o ɲ,,Nimuendaju1925;Nimuendaju1923,163,,^ u p o ɲ $,default
urupa-75_sleep-1,,urupa,75_sleep,ypen,ypen,y p e n,,Nimuendaju1925,163,,^ y p e n $,default
wanyam-75_sleep-1,,wanyam,75_sleep,ipen,ipen,i p e n,,Ribeiro1998;Hanke1975,163,,^ i p e n $,default
wari-75_sleep-1,,wari,75_sleep,piʔ am,piʔ am,p i ʔ + a m,,EverettKern1997;Kern1996,163,,^ p i ʔ + a m $,default
tapakura-75_sleep-1,,tapakura,75_sleep,watʃiahe,watʃiahe,w a tʃ i a h e,,CrequiMontfortRivet1913,164,,^ w a tʃ i a h e $,default
kitemoka-75_sleep-1,,kitemoka,75_sleep,ootʃe,ootʃe,oː tʃ e,,CrequiMontfortRivet1913,165,,^ oo tʃ e $,default
cojubim-76_die-1,,cojubim,76_die,imiʔ,imiʔ,i m i ʔ,,Duran2000,166,,^ i m i ʔ $,default
jaru-76_die-1,,jaru,76_die,imi,imi,i m i,,Rondon1948,166,,^ i m i $,default
more-76_die-1,,more,76_die,imi,imi,i m i,,Angenot2002;Leigue1957,166,,^ i m i $,default
orowin-76_die-1,,orowin,76_die,imiʔ,imiʔ,i m i ʔ,,Birchall2016;deFranca2002,166,,^ i m i ʔ $,default
tora-76_die-1,,tora,76_die,imi,imi,i m i,,Nimuendaju1925;Nimuendaju1923,166,,^ i m i $,default
wanyam-76_die-1,,wanyam,76_die,imi,imi,i m i,,Ribeiro1998;Hanke1975,166,,^ i m i $,default
wari-76_die-1,,wari,76_die,miʔ,miʔ,m i ʔ,,EverettKern1997;Kern1996,166,,^ m i ʔ $,default
cojubim-77_kill-1,,cojubim,77_kill,paʔ,paʔ,p a ʔ,,Duran2000,167,,^ p a ʔ $,default
jaru-77_kill-1,,jaru,77_kill,pa,pa,p a,,Rondon1948,167,,^ p a $,default
more-77_kill-1,,more,77_kill,pa,pa,p a,,Angenot2002;Leigue1957,167,,^ p a $,default
orowin-77_kill-1,,orowin,77_kill,paʔ,paʔ,p a ʔ,,Birchall2016;deFranca2002,167,,^ p a ʔ $,default
tora-77_kill-1,,tora,77_kill,pa,pa,p a,,Nimuendaju1925;Nimuendaju1923,167,,^ p a $,default
urupa-77_kill-1,,urupa,77_kill,tupab,tupab,t u p a b,,Nimuendaju1925,167,,^ t u p a b $,default
wanyam-77_kill-1,,wanyam,77_kill,pa,pa,p a,,Ribeiro1998;Hanke1975,167,,^ p a $,default
wari-77_kill-1,,wari,77_kill,paʔ,paʔ,p a ʔ,,EverettKern1997;Kern1996,167,,^ p a ʔ $,default
kitemoka-77_kill-1,,kitemoka,77_kill,tioakko,tioakko,t i o a k k o,,CrequiMontfortRivet1913,168,,^ t i o a k k o $,default
tapakura-77_kill-1,,tapakura,77_kill,tuakun,tuakun,t u a k u n,,CrequiMontfortRivet1913,168,,^ t u a k u n $,default
orowin-78_fight-1,,orowin,78_fight,tamanaʔ,tamanaʔ,t a m a n a ʔ,,Birchall2016;deFranca2002,169,,^ t a m a n a ʔ $,default
wari-78_fight-1,,wari,78_fight,manaʔ,manaʔ,m a n a ʔ,,EverettKern1997;Kern1996,169,,^ m a n a ʔ $,default
wari-78_fight-2,,wari,78_fight,mitʃitaʔ,mitʃitaʔ,m i tʃ i t a ʔ,,EverettKern1997;Kern1996,170,,^ m i tʃ i t a ʔ $,default
more-78_fight-1,,more,78_fight,arami je,arami je,a r a m i + j e,,Angenot2002;Leigue1957,171,,^ a r a m i + j e $,default
wanyam-78_fight-1,,wanyam,78_fight,aʃeremi,aʃeremi,a ʃ e r e m i,,Ribeiro1998;Hanke1975,171,,^ a ʃ e r e m i $,default
jaru-78_fight-1,,jaru,78_fight,eke,eke,e k e,,Rondon1948,172,,^ e k e $,default
more-78_fight-2,,more,78_fight,jim,jim,j i m,,Angenot2002;Leigue1957,173,,^ j i m $,default
cojubim-79_shoot-1,,cojubim,79_shoot,puru,puru,p u r u,,Duran2000,174,,^ p u r u $,default
more-79_shoot-1,,more,79_shoot,puru,puru,p u r u,,Angenot2002;Leigue1957,174,,^ p u r u $,default
orowin-79_shoot-1,,orowin,79_shoot,friʔ,friʔ,f r i ʔ,,Birchall2016;deFranca2002,174,,^ f r i ʔ $,default
wanyam-79_shoot-1,,wanyam,79_shoot,hiri,hiri,h i r i,,Ribeiro1998;Hanke1975,174,,^ h i r i $,default
wari-79_shoot-1,,wari,79_shoot,hyry,hyry,h y r y,,EverettKern1997;Kern1996,174,,^ h y r y $,default
tora-79_shoot-1,,tora,79_shoot,tap,tap,t a p,,Nimuendaju1925;Nimuendaju1923,175,,^ t a p $,default
jaru-79_shoot-1,,jaru,79_shoot,keu,keu,k e u,,Rondon1948,176,,^ k e u $,default
more-80_hit-1,,more,80_hit,ton,ton,t o n,,Angenot2002;Leigue1957,177,,^ t o n $,default
orowin-80_hit-1,,orowin,80_hit,toʔ,toʔ,t o ʔ,,Birchall2016;deFranca2002,177,,^ t o ʔ $,default
urupa-80_hit-1,,urupa,80_hit,tupan,tupan,t u p a n,,Nimuendaju1925,177,,^ t u p a n $,default
wanyam-80_hit-1,,wanyam,80_hit,to,to,t o,,Ribeiro1998;Hanke1975,177,,^ t o $,default
wari-80_hit-1,,wari,80_hit,toʔ,toʔ,t o ʔ,,EverettKern1997;Kern1996,177,,^ t o ʔ $,default
cojubim-80_hit-1,,cojubim,80_hit,pap,pap,p a p,,Duran2000,178,,^ p a p $,default
orowin-80_hit-2,,orowin,80_hit,pak,pak,p a k,,Birchall2016;deFranca2002,178,,^ p a k $,default
tora-80_hit-1,,tora,80_hit,pak,pak,p a k,,Nimuendaju1925;Nimuendaju1923,178,,^ p a k $,default
cojubim-81_cut-1,,cojubim,81_cut,taʔ,taʔ,t a ʔ,,Duran2000,179,,^ t a ʔ $,default
jaru-81_cut-1,,jaru,81_cut,ta,ta,t a,,Rondon1948,179,,^ t a $,default
more-81_cut-1,,more,81_cut,ta,ta,t a,,Angenot2002;Leigue1957,179,,^ t a $,default
orowin-81_cut-1,,orowin,81_cut,ta kat,ta kat,t a + k a t,,Birchall2016;deFranca2002,179,,^ t a + k a t $,default
tora-81_cut-1,,tora,81_cut,ta,ta,t a,,Nimuendaju1925;Nimuendaju1923,179,,^ t a $,default
wanyam-81_cut-1,,wanyam,81_cut,takat,takat,t a k a t,,Ribeiro1998;Hanke1975,179,,^ t a k a t $,default
wari-81_cut-1,,wari,81_cut,ta,ta,t a,,EverettKern1997;Kern1996,179,,^ t a $,default
cojubim-81_cut-2,,cojubim,81_cut,wak,wak,w a k,,Duran2000,180,,^ w a k $,default
more-81_cut-2,,more,81_cut,wok,wok,w o k,,Angenot2002;Leigue1957,180,,^ w o k $,default
orowin-81_cut-2,,orowin,81_cut,wak,wak,w a k,,Birchall2016;deFranca2002,180,,^ w a k $,default
wari-81_cut-2,,wari,81_cut,wak,wak,w a k,,EverettKern1997;Kern1996,180,,^ w a k $,default
orowin-81_cut-3,,orowin,81_cut,pit,pit,p i t,,Birchall2016;deFranca2002,181,,^ p i t $,default
tapakura-81_cut-1,,tapakura,81_cut,pitʃiram,pitʃiram,p i tʃ i r a m,,CrequiMontfortRivet1913,181,,^ p i tʃ i r a m $,default
wanyam-81_cut-2,,wanyam,81_cut,pit kiran,pit kiran,p i t + k i r a n,,Ribeiro1998;Hanke1975,181,,^ p i t + k i r a n $,default
wari-81_cut-3,,wari,81_cut,pit,pit,p i t,,EverettKern1997;Kern1996,181,,^ p i t $,default
cojubim-82_dig-1,,cojubim,82_dig,tuk,tuk,t u k,,Duran2000,182,,^ t u k $,default
orowin-82_dig-1,,orowin,82_dig,tiki,tiki,t i k i,,Birchall2016;deFranca2002,182,,^ t i k i $,default
wanyam-82_dig-1,,wanyam,82_dig,kit,kit,k i t,,Ribeiro1998;Hanke1975,182,,^ k i t $,default
wari-82_dig-1,,wari,82_dig,tikiʔ,tikiʔ,t i k i ʔ,,EverettKern1997;Kern1996,182,,^ t i k i ʔ $,default
more-82_dig-1,,more,82_dig,putum,putum,p u t u m,,Angenot2002;Leigue1957,183,,^ p u t u m $,default
orowin-83_swim-1,,orowin,83_swim,jy,jy,j y,,Birchall2016;deFranca2002,184,,^ j y $,default
wanyam-83_swim-1,,wanyam,83_swim,ji,ji,j i,,Ribeiro1998;Hanke1975,184,,^ j i $,default
wari-83_swim-1,,wari,83_swim,pan kam,pan kam,p a n + k a m,,EverettKern1997;Kern1996,185,,^ p a n + k a m $,default
jaru-83_swim-1,,jaru,83_swim,he,he,h e,,Rondon1948,186,,^ h e $,default
more-83_swim-1,,more,83_swim,kawak,kawak,k a w a k,,Angenot2002;Leigue1957,187,,^ k a w a k $,default
tapakura-83_swim-1,,tapakura,83_swim,kawa ko,kawa ko,k a w a + k o,,CrequiMontfortRivet1913,187,,^ k a w a + k o $,default
cojubim-83_swim-1,,cojubim,83_swim,marakujan,marakujan,m a r a k u j a n,,Duran2000,188,,^ m a r a k u j a n $,default
orowin-84_fly-1,,orowin,84_fly,taki,taki,t a k i,,Birchall2016;deFranca2002,189,,^ t a k i $,default
wanyam-84_fly-1,,wanyam,84_fly,taki,taki,t a k i,,Ribeiro1998;Hanke1975,189,,^ t a k i $,default
wari-84_fly-1,,wari,84_fly,takiʔ,takiʔ,t a k i ʔ,,EverettKern1997;Kern1996,189,,^ t a k i ʔ $,default
orowin-84_fly-2,,orowin,84_fly,ijam,ijam,i j a m,,Birchall2016;deFranca2002,190,,^ i j a m $,default
cojubim-84_fly-1,,cojubim,84_fly,ze,ze,z e,,Duran2000,191,,^ z e $,default
more-84_fly-1,,more,84_fly,ʒ̟e,ʒ̟e,ʒ̟ e,,Angenot2002;Leigue1957,191,,^ ʒ̟ e $,default
cojubim-85_walk-1,,cojubim,85_walk,tot,tot,t o t,,Duran2000,192,,^ t o t $,default
jaru-85_walk-1,,jaru,85_walk,tet,tet,t e t,,Rondon1948,192,,^ t e t $,default
more-85_walk-1,,more,85_walk,tut,tut,t u t,,Angenot2002;Leigue1957,192,,^ t u t $,default
orowin-85_walk-1,,orowin,85_walk,tyt,tyt,t y t,,Birchall2016;deFranca2002,192,,^ t y t $,default
wanyam-85_walk-1,,wanyam,85_walk,tit,tit,t i t,,Ribeiro1998;Hanke1975,192,,^ t i t $,default
wari-85_walk-1,,wari,85_walk,tʃyt,tʃyt,tʃ y t,,EverettKern1997;Kern1996,192,,^ tʃ y t $,default
orowin-86_come-1,,orowin,86_come,maki,maki,m a k i,,Birchall2016;deFranca2002,193,,^ m a k i $,default
tora-86_come-1,,tora,86_come,makiʔ,makiʔ,m a k i ʔ,,Nimuendaju1925;Nimuendaju1923,193,,^ m a k i ʔ $,default
wari-86_come-1,,wari,86_come,makiʔ,makiʔ,m a k i ʔ,,EverettKern1997;Kern1996,193,,^ m a k i ʔ $,default
cojubim-86_come-1,,cojubim,86_come,iwan,iwan,i w a n,,Duran2000,194,,^ i w a n $,default
more-86_come-1,,more,86_come,iwan,iwan,i w a n,,Angenot2002;Leigue1957,194,,^ i w a n $,default
wanyam-86_come-1,,wanyam,86_come,iwan,iwan,i w a n,,Ribeiro1998;Hanke1975,194,,^ i w a n $,default
tapakura-86_come-1,,tapakura,86_come,mana,mana,m a n a,,CrequiMontfortRivet1913,195,,^ m a n a $,default
kitemoka-86_come-1,,kitemoka,86_come,nia,nia,n i a,,CrequiMontfortRivet1913,196,,^ n i a $,default
cojubim-87_lie-1,,cojubim,87_lie,titimʔ,titimʔ,t i t i m ʔ,,Duran2000,197,,^ t i t i m ʔ $,default
jaru-87_lie-1,,jaru,87_lie,trem,trem,t r e m,,Rondon1948,197,,^ t r e m $,default
orowin-87_lie-1,,orowin,87_lie,tim,tim,t i m,,Birchall2016;deFranca2002,197,,^ t i m $,default
tora-87_lie-1,,tora,87_lie,wuritimi,wuritimi,w u r i t i m i,,Nimuendaju1925;Nimuendaju1923,197,,^ w u r i t i m i $,default
wanyam-87_lie-1,,wanyam,87_lie,tarim,tarim,t a r i m,,Ribeiro1998;Hanke1975,197,,^ t a r i m $,default
wari-87_lie-1,,wari,87_lie,teremʔ,teremʔ,t e r e m ʔ,,EverettKern1997;Kern1996,197,,^ t e r e m ʔ $,default
kitemoka-87_lie-1,,kitemoka,87_lie,tʃekom,tʃekom,tʃ e k o m,,CrequiMontfortRivet1913,198,,^ tʃ e k o m $,default
orowin-87_lie-2,,orowin,87_lie,tokoʔ,tokoʔ,t o k o ʔ,,Birchall2016;deFranca2002,198,,^ t o k o ʔ $,default
wari-87_lie-2,,wari,87_lie,tokoʔ,tokoʔ,t o k o ʔ,,EverettKern1997;Kern1996,198,,^ t o k o ʔ $,default
jaru-87_lie-2,,jaru,87_lie,ta,ta,t a,,Rondon1948,199,,^ t a $,default
more-87_lie-1,,more,87_lie,ʒ̟ak,ʒ̟ak,ʒ̟ a k,,Angenot2002;Leigue1957,199,,^ ʒ̟ a k $,default
urupa-87_lie-1,,urupa,87_lie,tak,tak,t a k,,Nimuendaju1925,199,,^ t a k $,default
wari-87_lie-3,,wari,87_lie,tak,tak,t a k,,EverettKern1997;Kern1996,199,,^ t a k $,default
tapakura-87_lie-1,,tapakura,87_lie,wa,wa,w a,,CrequiMontfortRivet1913,200,,^ w a $,default
cojubim-88_sit-1,,cojubim,88_sit,pe,pe,p e,,Duran2000,201,,^ p e $,default
more-88_sit-1,,more,88_sit,pwe,pwe,p w e,,Angenot2002;Leigue1957,201,,^ pw e $,default
orowin-88_sit-1,,orowin,88_sit,pe,pe,p e,,Birchall2016;deFranca2002,201,,^ p e $,default
tapakura-88_sit-1,,tapakura,88_sit,pepe,pepe,p e p e,,CrequiMontfortRivet1913,201,,^ p e p e $,default
tora-88_sit-1,,tora,88_sit,pi,pi,p i,,Nimuendaju1925;Nimuendaju1923,201,,^ p i $,default
wanyam-88_sit-1,,wanyam,88_sit,pe,pe,p e,,Ribeiro1998;Hanke1975,201,,^ p e $,default
wari-88_sit-1,,wari,88_sit,peʔ,peʔ,p e ʔ,,EverettKern1997;Kern1996,201,,^ p e ʔ $,default
cojubim-89_stand-1,,cojubim,89_stand,tak,tak,t a k,,Duran2000,202,,^ t a k $,default
more-89_stand-1,,more,89_stand,taki,taki,t a k i,,Angenot2002;Leigue1957,202,,^ t a k i $,default
tapakura-89_stand-1,,tapakura,89_stand,tekipepe,tekipepe,t e k i p e p e,,CrequiMontfortRivet1913,202,,^ t e k i p e p e $,default
wari-89_stand-1,,wari,89_stand,tekiʔ pe,tekiʔ pe,t e k i ʔ + p e,,EverettKern1997;Kern1996,202,,^ t e k i ʔ + p e $,default
orowin-89_stand-1,,orowin,89_stand,pan,pan,p a n,,Birchall2016;deFranca2002,203,,^ p a n $,default
kitemoka-89_stand-1,,kitemoka,89_stand,sed,sed,s e d,,CrequiMontfortRivet1913,204,,^ s e d $,default
wari-89_stand-2,,wari,89_stand,tʃat,tʃat,tʃ a t,,EverettKern1997;Kern1996,204,,^ tʃ a t $,default
cojubim-90_fall-1,,cojubim,90_fall,ipan,ipan,i p a n,,Duran2000,205,,^ i p a n $,default
more-90_fall-1,,more,90_fall,ipan,ipan,i p a n,,Angenot2002;Leigue1957,205,,^ i p a n $,default
orowin-90_fall-1,,orowin,90_fall,ipan,ipan,i p a n,,Birchall2016;deFranca2002,205,,^ i p a n $,default
tora-90_fall-1,,tora,90_fall,ipad,ipad,i p a d,,Nimuendaju1925;Nimuendaju1923,205,,^ i p a d $,default
wanyam-90_fall-1,,wanyam,90_fall,ipan,ipan,i p a n,,Ribeiro1998;Hanke1975,205,,^ i p a n $,default
wari-90_fall-1,,wari,90_fall,panʔ,panʔ,p a n ʔ,,EverettKern1997;Kern1996,205,,^ p a n ʔ $,default
wari-90_fall-2,,wari,90_fall,kamaraʔ,kamaraʔ,k a m a r a ʔ,,EverettKern1997;Kern1996,206,,^ k a m a r a ʔ $,default
cojubim-91_give-1,,cojubim,91_give,miʔ,miʔ,m i ʔ,,Duran2000,207,,^ m i ʔ $,default
kitemoka-91_give-1,,kitemoka,91_give,me,me,m e,,CrequiMontfortRivet1913,207,,^ m e $,default
more-91_give-1,,more,91_give,mi,mi,m i,,Angenot2002;Leigue1957,207,,^ m i $,default
orowin-91_give-1,,orowin,91_give,miʔ,miʔ,m i ʔ,,Birchall2016;deFranca2002,207,,^ m i ʔ $,default
tapakura-91_give-1,,tapakura,91_give,mi,mi,m i,,CrequiMontfortRivet1913,207,,^ m i $,default
tora-91_give-1,,tora,91_give,miʔ,miʔ,m i ʔ,,Nimuendaju1925;Nimuendaju1923,207,,^ m i ʔ $,default
wanyam-91_give-1,,wanyam,91_give,min,min,m i n,,Ribeiro1998;Hanke1975,207,,^ m i n $,default
wari-91_give-1,,wari,91_give,miʔ,miʔ,m i ʔ,,EverettKern1997;Kern1996,207,,^ m i ʔ $,default
jaru-92_wash-1,,jaru,92_wash,rokon,rokon,r o k o n,,Rondon1948,208,,^ r o k o n $,default
orowin-92_wash-1,,orowin,92_wash,wirikom,wirikom,w i r i k o m,,Birchall2016;deFranca2002,208,,^ w i r i k o m $,default
wanyam-92_wash-1,,wanyam,92_wash,irokon,irokon,i r o k o n,,Ribeiro1998;Hanke1975,208,,^ i r o k o n $,default
wari-92_wash-1,,wari,92_wash,hohok,hohok,h o h o k,,EverettKern1997;Kern1996,209,,^ h o h o k $,default
cojubim-92_wash-1,,cojubim,92_wash,tʃaw,tʃaw,tʃ a w,,Duran2000,210,,^ tʃ a w $,default
more-92_wash-1,,more,92_wash,tʃaw,tʃaw,tʃ a w,,Angenot2002;Leigue1957,210,,^ tʃ a w $,default
wanyam-92_wash-2,,wanyam,92_wash,ʃawa,ʃawa,ʃ a w a,,Ribeiro1998;Hanke1975,210,,^ ʃ a w a $,default
cojubim-93_pull-1,,cojubim,93_pull,ko,ko,k o,,Duran2000,211,,^ k o $,default
more-93_pull-1,,more,93_pull,ko,ko,k o,,Angenot2002;Leigue1957,211,,^ k o $,default
orowin-93_pull-1,,orowin,93_pull,kok tBot,kok tBot,k o k + t b o t,,Birchall2016;deFranca2002,211,,^ k o k + t B o t $,default
wari-93_pull-1,,wari,93_pull,køk,køk,k ø k,,EverettKern1997;Kern1996,211,,^ k ø k $,default
cojubim-94_push-1,,cojubim,94_push,jok,jok,j o k,,Duran2000,212,,^ j o k $,default
orowin-94_push-1,,orowin,94_push,jyk,jyk,j y k,,Birchall2016;deFranca2002,212,,^ j y k $,default
wanyam-94_push-1,,wanyam,94_push,jek,jek,j e k,,Ribeiro1998;Hanke1975,212,,^ j e k $,default
wari-94_push-1,,wari,94_push,jøk,jøk,j ø k,,EverettKern1997;Kern1996,212,,^ j ø k $,default
more-94_push-1,,more,94_push,tun,tun,t u n,,Angenot2002;Leigue1957,213,,^ t u n $,default
orowin-95_throw-1,,orowin,95_throw,sin,sin,s i n,,Birchall2016;deFranca2002,214,,^ s i n $,default
wanyam-95_throw-1,,wanyam,95_throw,ʃin,ʃin,ʃ i n,,Ribeiro1998;Hanke1975,214,,^ ʃ i n $,default
wari-95_throw-1,,wari,95_throw,tʃin,tʃin,tʃ i n,,EverettKern1997;Kern1996,214,,^ tʃ i n $,default
cojubim-95_throw-1,,cojubim,95_throw,pin,pin,p i n,,Duran2000,215,,^ p i n $,default
more-95_throw-1,,more,95_throw,pwin,pwin,p w i n,,Angenot2002;Leigue1957,215,,^ pw i n $,default
more-96_tie-1,,more,96_tie,paw,paw,p a w,,Angenot2002;Leigue1957,216,,^ p a w $,default
orowin-96_tie-1,,orowin,96_tie,paw,paw,p a w,,Birchall2016;deFranca2002,216,,^ p a w $,default
wanyam-96_tie-1,,wanyam,96_tie,paw,paw,p a w,,Ribeiro1998;Hanke1975,216,,^ p a w $,default
wari-96_tie-1,,wari,96_tie,pawʔ,pawʔ,p a w ʔ,,EverettKern1997;Kern1996,216,,^ p a w ʔ $,default
cojubim-96_tie-1,,cojubim,96_tie,pip,pip,p i p,,Duran2000,217,,^ p i p $,default
more-96_tie-2,,more,96_tie,pip,pip,p i p,,Angenot2002;Leigue1957,217,,^ p i p $,default
kitemoka-97_say-1,,kitemoka,97_say,tumi,tumi,t u m i,,CrequiMontfortRivet1913,218,,^ t u m i $,default
tapakura-97_say-1,,tapakura,97_say,timi,timi,t i m i,,CrequiMontfortRivet1913,218,,^ t i m i $,default
wari-97_say-1,,wari,97_say,tomiʔ,tomiʔ,t o m i ʔ,,EverettKern1997;Kern1996,218,,^ t o m i ʔ $,default
orowin-97_say-1,,orowin,97_say,naʔ,naʔ,n a ʔ,,Birchall2016;deFranca2002,219,,^ n a ʔ $,default
wanyam-97_say-1,,wanyam,97_say,wanjam,wanjam,w a n j a m,,Ribeiro1998;Hanke1975,220,,^ w a n j a m $,default
urupa-97_say-1,,urupa,97_say,pa,pa,p a,,Nimuendaju1925,221,,^ p a $,default
cojubim-97_say-1,,cojubim,97_say,ja,ja,j a,,Duran2000,222,,^ j a $,default
kitemoka-97_say-2,,kitemoka,97_say,jajara,jajara,j a j a r a,,CrequiMontfortRivet1913,222,,^ j a j a r a $,default
more-97_say-1,,more,97_say,ja,ja,j a,,Angenot2002;Leigue1957,222,,^ j a $,default
orowin-98_sing-1,,orowin,98_sing,kom,kom,k o m,,Birchall2016;deFranca2002,223,,^ k o m $,default
wanyam-98_sing-1,,wanyam,98_sing,kum,kum,k u m,,Ribeiro1998;Hanke1975,223,,^ k u m $,default
wari-98_sing-1,,wari,98_sing,kom,kom,k o m,,EverettKern1997;Kern1996,223,,^ k o m $,default
jaru-98_sing-1,,jaru,98_sing,haka,haka,h a k a,,Rondon1948,224,,^ h a k a $,default
cojubim-98_sing-1,,cojubim,98_sing,wo,wo,w o,,Duran2000,225,,^ w o $,default
more-98_sing-1,,more,98_sing,wo ki,wo ki,w o + k i,,Angenot2002;Leigue1957,225,,^ w o + k i $,default
more-98_sing-2,,more,98_sing,atʃimara,atʃimara,a tʃ i m a r a,,Angenot2002;Leigue1957,226,,^ a tʃ i m a r a $,default
cojubim-99_sun-1,,cojubim,99_sun,mapitoʔ,mapitoʔ,m a p i t o ʔ,,Duran2000,227,,^ m a p i t o ʔ $,default
kitemoka-99_sun-1,,kitemoka,99_sun,papuitio,papuitio,p a p u i t i o,,CrequiMontfortRivet1913,227,,^ p a p u i t i o $,default
more-99_sun-1,,more,99_sun,mapwito,mapwito,m a p w i t o,,Angenot2002;Leigue1957,227,,^ m a pw i t o $,default
tapakura-99_sun-1,,tapakura,99_sun,wapuito,wapuito,w a p u i t o,,CrequiMontfortRivet1913,227,,^ w a p u i t o $,default
tora-99_sun-1,,tora,99_sun,apito,apito,a p i t o,,Nimuendaju1925;Nimuendaju1923,227,,^ a p i t o $,default
wanyam-99_sun-1,,wanyam,99_sun,wapiru,wapiru,w a p i r u,,Ribeiro1998;Hanke1975,227,,^ w a p i r u $,default
wari-99_sun-1,,wari,99_sun,tʃina,tʃina,tʃ i n a,,EverettKern1997;Kern1996,228,,^ tʃ i n a $,default
jaru-99_sun-1,,jaru,99_sun,komem,komem,k o m e m,,Rondon1948,229,,^ k o m e m $,default
urupa-99_sun-1,,urupa,99_sun,kumen,kumen,k u m e n,,Nimuendaju1925,229,,^ k u m e n $,default
orowin-99_sun-1,,orowin,99_sun,fakamiʔ,fakamiʔ,f a k a m i ʔ,,Birchall2016;deFranca2002,230,,^ f a k a m i ʔ $,default
cojubim-100_moon-1,,cojubim,100_moon,panawoʔ,panawoʔ,p a n a w o ʔ,,Duran2000,231,,^ p a n a w o ʔ $,default
jaru-100_moon-1,,jaru,100_moon,panau,panau,p a n a u,,Rondon1948,231,,^ p a n a u $,default
kitemoka-100_moon-1,,kitemoka,100_moon,pnato,pnato,p n a t o,,CrequiMontfortRivet1913,231,,^ p n a t o $,default
more-100_moon-1,,more,100_moon,panawoʔ,panawoʔ,p a n a w o ʔ,,Angenot2002;Leigue1957,231,,^ p a n a w o ʔ $,default
tapakura-100_moon-1,,tapakura,100_moon,panato,panato,p a n a t o,,CrequiMontfortRivet1913,231,,^ p a n a t o $,default
tora-100_moon-1,,tora,100_moon,panao,panao,p a n a o,,Nimuendaju1925;Nimuendaju1923,231,,^ p a n a o $,default
urupa-100_moon-1,,urupa,100_moon,panaoʔ,panaoʔ,p a n a o ʔ,,Nimuendaju1925,231,,^ p a n a o ʔ $,default
wanyam-100_moon-1,,wanyam,100_moon,panawoʔ,panawoʔ,p a n a w o ʔ,,Ribeiro1998;Hanke1975,231,,^ p a n a w o ʔ $,default
wari-100_moon-1,,wari,100_moon,panawoʔ,panawoʔ,p a n a w o ʔ,,EverettKern1997;Kern1996,231,,^ p a n a w o ʔ $,default
cojubim-101_star-1,,cojubim,101_star,pi pijo,pi pijo,p i + p i j o,,Duran2000,232,,^ p i + p i j o $,default
jaru-101_star-1,,jaru,101_star,upiu,upiu,u p i u,,Rondon1948,232,,^ u p i u $,default
kitemoka-101_star-1,,kitemoka,101_star,pilʔahu,pilʔahu,p i l ʔ a h u,,CrequiMontfortRivet1913,232,,^ p i l ʔ a h u $,default
more-101_star-1,,more,101_star,pipijo,pipijo,p i p i j o,,Angenot2002;Leigue1957,232,,^ p i p i j o $,default
tapakura-101_star-1,,tapakura,101_star,wipijao,wipijao,w i p i j a o,,CrequiMontfortRivet1913,232,,^ w i p i j a o $,default
tora-101_star-1,,tora,101_star,pipijo,pipijo,p i p i j o,,Nimuendaju1925;Nimuendaju1923,232,,^ p i p i j o $,default
urupa-101_star-1,,urupa,101_star,upijo,upijo,u p i j o,,Nimuendaju1925,232,,^ u p i j o $,default
wanyam-101_star-1,,wanyam,101_star,upijuʔ,upijuʔ,u p i j u ʔ,,Ribeiro1998;Hanke1975,232,,^ u p i j u ʔ $,default
wari-101_star-1,,wari,101_star,pijoʔ,pijoʔ,p i j o ʔ,,EverettKern1997;Kern1996,232,,^ p i j o ʔ $,default
orowin-101_star-1,,orowin,101_star,oro jawin,oro jawin,o r o + j a w i n,,Birchall2016;deFranca2002,233,,^ o r o + j a w i n $,default
cojubim-102_water-1,,cojubim,102_water,kom,kom,k o m,,Duran2000,234,,^ k o m $,default
jaru-102_water-1,,jaru,102_water,ko,ko,k o,,Rondon1948,234,,^ k o $,default
kitemoka-102_water-1,,kitemoka,102_water,ako,ako,a k o,,CrequiMontfortRivet1913,234,,^ a k o $,default
more-102_water-1,,more,102_water,kom,kom,k o m,,Angenot2002;Leigue1957,234,,^ k o m $,default
orowin-102_water-1,,orowin,102_water,kom,kom,k o m,,Birchall2016;deFranca2002,234,,^ k o m $,default
tapakura-102_water-1,,tapakura,102_water,akum,akum,a k u m,,CrequiMontfortRivet1913,234,,^ a k u m $,default
tora-102_water-1,,tora,102_water,kom,kom,k o m,,Nimuendaju1925;Nimuendaju1923,234,,^ k o m $,default
urupa-102_water-1,,urupa,102_water,kom,kom,k o m,,Nimuendaju1925,234,,^ k o m $,default
wanyam-102_water-1,,wanyam,102_water,kom,kom,k o m,,Ribeiro1998;Hanke1975,234,,^ k o m $,default
wari-102_water-1,,wari,102_water,kom,kom,k o m,,EverettKern1997;Kern1996,234,,^ k o m $,default
jaru-103_rain-1,,jaru,103_rain,soi,soi,s o i,,Rondon1948,235,,^ s o i $,default
more-103_rain-1,,more,103_rain,tʃuwe,tʃuwe,tʃ u w e,,Angenot2002;Leigue1957,235,,^ tʃ u w e $,default
orowin-103_rain-1,,orowin,103_rain,sowiʔ,sowiʔ,s o w i ʔ,,Birchall2016;deFranca2002,235,,^ s o w i ʔ $,default
urupa-103_rain-1,,urupa,103_rain,sui,sui,s u i,,Nimuendaju1925,235,,^ s u i $,default
wanyam-103_rain-1,,wanyam,103_rain,ʃuwiʔ,ʃuwiʔ,ʃ u w i ʔ,,Ribeiro1998;Hanke1975,235,,^ ʃ u w i ʔ $,default
wari-103_rain-1,,wari,103_rain,tʃowiʔ,tʃowiʔ,tʃ o w i ʔ,,EverettKern1997;Kern1996,235,,^ tʃ o w i ʔ $,default
cojubim-104_stone-1,,cojubim,104_stone,pikun,pikun,p i k u n,,Duran2000,236,,^ p i k u n $,default
jaru-104_stone-1,,jaru,104_stone,paken,paken,p a k e n,,Rondon1948,236,,^ p a k e n $,default
kitemoka-104_stone-1,,kitemoka,104_stone,pikui,pikui,p i k u i,,CrequiMontfortRivet1913,236,,^ p i k u i $,default
more-104_stone-1,,more,104_stone,pikun,pikun,p i k u n,,Angenot2002;Leigue1957,236,,^ p i k u n $,default
orowin-104_stone-1,,orowin,104_stone,pekyn,pekyn,p e k y n,,Birchall2016;deFranca2002,236,,^ p e k y n $,default
tapakura-104_stone-1,,tapakura,104_stone,pekun,pekun,p e k u n,,CrequiMontfortRivet1913,236,,^ p e k u n $,default
tora-104_stone-1,,tora,104_stone,pikun,pikun,p i k u n,,Nimuendaju1925;Nimuendaju1923,236,,^ p i k u n $,default
urupa-104_stone-1,,urupa,104_stone,pakyn,pakyn,p a k y n,,Nimuendaju1925,236,,^ p a k y n $,default
wanyam-104_stone-1,,wanyam,104_stone,pekin,pekin,p e k i n,,Ribeiro1998;Hanke1975,236,,^ p e k i n $,default
wari-104_stone-1,,wari,104_stone,pakyn,pakyn,p a k y n,,EverettKern1997;Kern1996,236,,^ p a k y n $,default
jaru-105_sand-1,,jaru,105_sand,namajekun,namajekun,n a m a j e k u n,,Rondon1948,237,,^ n a m a j e k u n $,default
more-105_sand-1,,more,105_sand,mimaʒ̟,mimaʒ̟,m i m a ʒ̟,,Angenot2002;Leigue1957,237,,^ m i m a ʒ̟ $,default
orowin-105_sand-1,,orowin,105_sand,namajiʔ,namajiʔ,n a m a j i ʔ,,Birchall2016;deFranca2002,237,,^ n a m a j i ʔ $,default
tora-105_sand-1,,tora,105_sand,mijmaj,mijmaj,m i j m a j,,Nimuendaju1925;Nimuendaju1923,237,,^ m i j m a j $,default
wanyam-105_sand-1,,wanyam,105_sand,nimajiʔ,nimajiʔ,n i m a j i ʔ,,Ribeiro1998;Hanke1975,237,,^ n i m a j i ʔ $,default
wari-105_sand-1,,wari,105_sand,namaji,namaji,n a m a j i,,EverettKern1997;Kern1996,237,,^ n a m a j i $,default
kitemoka-105_sand-1,,kitemoka,105_sand,mate,mate,m a t e,,CrequiMontfortRivet1913,238,,^ m a t e $,default
tapakura-105_sand-1,,tapakura,105_sand,umati,umati,u m a t i,,CrequiMontfortRivet1913,238,,^ u m a t i $,default
cojubim-106_earth-1,,cojubim,106_earth,namakan,namakan,n a m a k a n,,Duran2000,239,,^ n a m a k a n $,default
jaru-106_earth-1,,jaru,106_earth,manakan,manakan,m a n a k a n,,Rondon1948,239,,^ m a n a k a n $,default
kitemoka-106_earth-1,,kitemoka,106_earth,emakan,emakan,e m a k a n,,CrequiMontfortRivet1913,239,,^ e m a k a n $,default
more-106_earth-1,,more,106_earth,namakan,namakan,n a m a k a n,,Angenot2002;Leigue1957,239,,^ n a m a k a n $,default
orowin-106_earth-1,,orowin,106_earth,namakan,namakan,n a m a k a n,,Birchall2016;deFranca2002,239,,^ n a m a k a n $,default
tapakura-106_earth-1,,tapakura,106_earth,jamakan,jamakan,j a m a k a n,,CrequiMontfortRivet1913,239,,^ j a m a k a n $,default
urupa-106_earth-1,,urupa,106_earth,manaka,manaka,m a n a k a,,Nimuendaju1925,239,,^ m a n a k a $,default
wanyam-106_earth-1,,wanyam,106_earth,namakan,namakan,n a m a k a n,,Ribeiro1998;Hanke1975,239,,^ n a m a k a n $,default
wari-106_earth-1,,wari,106_earth,makanʔ,makanʔ,m a k a n ʔ,,EverettKern1997;Kern1996,239,,^ m a k a n ʔ $,default
cojubim-106_earth-2,,cojubim,106_earth,timak,timak,t i m a k,,Duran2000,240,,^ t i m a k $,default
kitemoka-106_earth-2,,kitemoka,106_earth,tʃema,tʃema,tʃ e m a,,CrequiMontfortRivet1913,240,,^ tʃ e m a $,default
more-106_earth-2,,more,106_earth,timak,timak,t i m a k,,Angenot2002;Leigue1957,240,,^ t i m a k $,default
tapakura-106_earth-2,,tapakura,106_earth,tʃimak,tʃimak,tʃ i m a k,,CrequiMontfortRivet1913,240,,^ tʃ i m a k $,default
tora-106_earth-1,,tora,106_earth,timak,timak,t i m a k,,Nimuendaju1925;Nimuendaju1923,240,,^ t i m a k $,default
cojubim-107_sky-1,,cojubim,107_sky,awin,awin,a w i n,,Duran2000,241,,^ a w i n $,default
jaru-107_sky-1,,jaru,107_sky,awi,awi,a w i,,Rondon1948,241,,^ a w i $,default
kitemoka-107_sky-1,,kitemoka,107_sky,awen,awen,a w e n,,CrequiMontfortRivet1913,241,,^ a w e n $,default
more-107_sky-1,,more,107_sky,awin,awin,a w i n,,Angenot2002;Leigue1957,241,,^ a w i n $,default
orowin-107_sky-1,,orowin,107_sky,awin,awin,a w i n,,Birchall2016;deFranca2002,241,,^ a w i n $,default
tapakura-107_sky-1,,tapakura,107_sky,awin,awin,a w i n,,CrequiMontfortRivet1913,241,,^ a w i n $,default
tora-107_sky-1,,tora,107_sky,awin,awin,a w i n,,Nimuendaju1925;Nimuendaju1923,241,,^ a w i n $,default
urupa-107_sky-1,,urupa,107_sky,awin,awin,a w i n,,Nimuendaju1925,241,,^ a w i n $,default
wanyam-107_sky-1,,wanyam,107_sky,awin,awin,a w i n,,Ribeiro1998;Hanke1975,241,,^ a w i n $,default
wari-107_sky-1,,wari,107_sky,nanawin,nanawin,n a n a w i n,,EverettKern1997;Kern1996,241,,^ n a n a w i n $,default
orowin-108_wind-1,,orowin,108_wind,pafotiʔ,pafotiʔ,p a f o t i ʔ,,Birchall2016;deFranca2002,242,,^ p a f o t i ʔ $,default
tora-108_wind-1,,tora,108_wind,pahuzi,pahuzi,p a h u z i,,Nimuendaju1925;Nimuendaju1923,242,,^ p a h u z i $,default
wanyam-108_wind-1,,wanyam,108_wind,pahotiʔ,pahotiʔ,p a h o t i ʔ,,Ribeiro1998;Hanke1975,242,,^ p a h o t i ʔ $,default
wari-108_wind-1,,wari,108_wind,hotowa,hotowa,h o t o w a,,EverettKern1997;Kern1996,242,,^ h o t o w a $,default
jaru-108_wind-1,,jaru,108_wind,kaho,kaho,k a h o,,Rondon1948,243,,^ k a h o $,default
urupa-108_wind-1,,urupa,108_wind,kako,kako,k a k o,,Nimuendaju1925,243,,^ k a k o $,default
cojubim-108_wind-1,,cojubim,108_wind,pujani,pujani,p u j a n i,,Duran2000,244,,^ p u j a n i $,default
more-108_wind-1,,more,108_wind,pujani,pujani,p u j a n i,,Angenot2002;Leigue1957,244,,^ p u j a n i $,default
kitemoka-108_wind-1,,kitemoka,108_wind,irin,irin,i r i n,,CrequiMontfortRivet1913,245,,^ i r i n $,default
cojubim-109_smoke-1,,cojubim,109_smoke,iwiʔ,iwiʔ,i w i ʔ,,Duran2000,246,,^ i w i ʔ $,default
jaru-109_smoke-1,,jaru,109_smoke,iwi,iwi,i w i,,Rondon1948,246,,^ i w i $,default
more-109_smoke-1,,more,109_smoke,iwi,iwi,i w i,,Angenot2002;Leigue1957,246,,^ i w i $,default
tora-109_smoke-1,,tora,109_smoke,iwiʔ,iwiʔ,i w i ʔ,,Nimuendaju1925;Nimuendaju1923,246,,^ i w i ʔ $,default
urupa-109_smoke-1,,urupa,109_smoke,iwi,iwi,i w i,,Nimuendaju1925,246,,^ i w i $,default
wanyam-109_smoke-1,,wanyam,109_smoke,iwi,iwi,i w i,,Ribeiro1998;Hanke1975,246,,^ i w i $,default
wari-109_smoke-1,,wari,109_smoke,taɲʔ,taɲʔ,t a ɲ ʔ,,EverettKern1997;Kern1996,247,,^ t a ɲ ʔ $,default
orowin-109_smoke-1,,orowin,109_smoke,torotoʔ,torotoʔ,t o r o t o ʔ,,Birchall2016;deFranca2002,248,,^ t o r o t o ʔ $,default
cojubim-110_fire-1,,cojubim,110_fire,itʃe,itʃe,i tʃ e,,Duran2000,249,,^ i tʃ e $,default
jaru-110_fire-1,,jaru,110_fire,ise,ise,i s e,,Rondon1948,249,,^ i s e $,default
kitemoka-110_fire-1,,kitemoka,110_fire,ise,ise,i s e,,CrequiMontfortRivet1913,249,,^ i s e $,default
more-110_fire-1,,more,110_fire,itʃe,itʃe,i tʃ e,,Angenot2002;Leigue1957,249,,^ i tʃ e $,default
orowin-110_fire-1,,orowin,110_fire,ise,ise,i s e,,Birchall2016;deFranca2002,249,,^ i s e $,default
tapakura-110_fire-1,,tapakura,110_fire,ise,ise,i s e,,CrequiMontfortRivet1913,249,,^ i s e $,default
tora-110_fire-1,,tora,110_fire,iʃeʔ,iʃeʔ,i ʃ e ʔ,,Nimuendaju1925;Nimuendaju1923,249,,^ i ʃ e ʔ $,default
urupa-110_fire-1,,urupa,110_fire,ise,ise,i s e,,Nimuendaju1925,249,,^ i s e $,default
wanyam-110_fire-1,,wanyam,110_fire,iʃeʔ,iʃeʔ,i ʃ e ʔ,,Ribeiro1998;Hanke1975,249,,^ i ʃ e ʔ $,default
wari-110_fire-1,,wari,110_fire,tʃe,tʃe,tʃ e,,EverettKern1997;Kern1996,249,,^ tʃ e $,default
jaru-111_ashes-1,,jaru,111_ashes,burete pakon,burete pakon,b u r e t e + p a k o n,,Rondon1948,250,,^ b u r e t e + p a k o n $,default
more-111_ashes-1,,more,111_ashes,rupitsikon,rupitsikon,r u p i ts i k o n,,Angenot2002;Leigue1957,250,,^ r u p i ts i k o n $,default
orowin-111_ashes-1,,orowin,111_ashes,morotipakon,morotipakon,m o r o t i p a k o n,,Birchall2016;deFranca2002,250,,^ m o r o t i p a k o n $,default
tora-111_ashes-1,,tora,111_ashes,murooton,murooton,m u r oː t o n,,Nimuendaju1925;Nimuendaju1923,250,,^ m u r oo t o n $,default
urupa-111_ashes-1,,urupa,111_ashes,murupatekon,murupatekon,m u r u p a t e k o n,,Nimuendaju1925,250,,^ m u r u p a t e k o n $,default
wari-111_ashes-1,,wari,111_ashes,topakon,topakon,t o p a k o n,,EverettKern1997;Kern1996,250,,^ t o p a k o n $,default
cojubim-112_road-1,,cojubim,112_road,wana,wana,w a n a,,Duran2000,251,,^ w a n a $,default
more-112_road-1,,more,112_road,wana,wana,w a n a,,Angenot2002;Leigue1957,251,,^ w a n a $,default
orowin-112_road-1,,orowin,112_road,wanaʔ,wanaʔ,w a n a ʔ,,Birchall2016;deFranca2002,251,,^ w a n a ʔ $,default
tora-112_road-1,,tora,112_road,wana,wana,w a n a,,Nimuendaju1925;Nimuendaju1923,251,,^ w a n a $,default
wanyam-112_road-1,,wanyam,112_road,wanaʔ,wanaʔ,w a n a ʔ,,Ribeiro1998;Hanke1975,251,,^ w a n a ʔ $,default
wari-112_road-1,,wari,112_road,wana,wana,w a n a,,EverettKern1997;Kern1996,251,,^ w a n a $,default
cojubim-113_red-1,,cojubim,113_red,mem,mem,m e m,,Duran2000,252,,^ m e m $,default
more-113_red-1,,more,113_red,mem,mem,m e m,,Angenot2002;Leigue1957,252,,^ m e m $,default
orowin-113_red-1,,orowin,113_red,mem,mem,m e m,,Birchall2016;deFranca2002,252,,^ m e m $,default
tora-113_red-1,,tora,113_red,mëbn,mëbn,m ë b n,,Nimuendaju1925;Nimuendaju1923,252,,^ m ë b n $,default
wanyam-113_red-1,,wanyam,113_red,pakaɲikon,pakaɲikon,p a k a ɲ i k o n,,Ribeiro1998;Hanke1975,253,,^ p a k a ɲ i k o n $,default
wari-113_red-1,,wari,113_red,pakaʔ,pakaʔ,p a k a ʔ,,EverettKern1997;Kern1996,253,,^ p a k a ʔ $,default
jaru-113_red-1,,jaru,113_red,temʔ,temʔ,t e m ʔ,,Rondon1948,254,,^ t e m ʔ $,default
urupa-113_red-1,,urupa,113_red,tym,tym,t y m,,Nimuendaju1925,254,,^ t y m $,default
kitemoka-113_red-1,,kitemoka,113_red,tiopatʃene,tiopatʃene,t i o p a tʃ e n e,,CrequiMontfortRivet1913,255,,^ t i o p a tʃ e n e $,default
tapakura-113_red-1,,tapakura,113_red,tupatʃini,tupatʃini,t u p a tʃ i n i,,CrequiMontfortRivet1913,255,,^ t u p a tʃ i n i $,default
wari-114_yellow-1,,wari,114_yellow,kotʃik,kotʃik,k o tʃ i k,,EverettKern1997;Kern1996,256,,^ k o tʃ i k $,default
more-114_yellow-1,,more,114_yellow,sasik,sasik,s a s i k,,Angenot2002;Leigue1957,257,,^ s a s i k $,default
kitemoka-114_yellow-1,,kitemoka,114_yellow,atʃiwi,atʃiwi,a tʃ i w i,,CrequiMontfortRivet1913,258,,^ a tʃ i w i $,default
tapakura-114_yellow-1,,tapakura,114_yellow,ituwi,ituwi,i t u w i,,CrequiMontfortRivet1913,258,,^ i t u w i $,default
cojubim-115_white-1,,cojubim,115_white,towaʔ,towaʔ,t o w a ʔ,,Duran2000,259,,^ t o w a ʔ $,default
jaru-115_white-1,,jaru,115_white,toa,toa,t o a,,Rondon1948,259,,^ t o a $,default
more-115_white-1,,more,115_white,towa,towa,t o w a,,Angenot2002;Leigue1957,259,,^ t o w a $,default
orowin-115_white-1,,orowin,115_white,towaʔ,towaʔ,t o w a ʔ,,Birchall2016;deFranca2002,259,,^ t o w a ʔ $,default
tora-115_white-1,,tora,115_white,tuag,tuag,t u a g,,Nimuendaju1925;Nimuendaju1923,259,,^ t u a g $,default
urupa-115_white-1,,urupa,115_white,tua,tua,t u a,,Nimuendaju1925,259,,^ t u a $,default
wanyam-115_white-1,,wanyam,115_white,towa,towa,t o w a,,Ribeiro1998;Hanke1975,259,,^ t o w a $,default
wari-115_white-1,,wari,115_white,towoʔ,towoʔ,t o w o ʔ,,EverettKern1997;Kern1996,259,,^ t o w o ʔ $,default
kitemoka-115_white-1,,kitemoka,115_white,tihoti,tihoti,t i h o t i,,CrequiMontfortRivet1913,260,,^ t i h o t i $,default
tapakura-115_white-1,,tapakura,115_white,tahuti,tahuti,t a h u t i,,CrequiMontfortRivet1913,260,,^ t a h u t i $,default
orowin-116_black-1,,orowin,116_black,mesem,mesem,m e s e m,,Birchall2016;deFranca2002,261,,^ m e s e m $,default
tora-116_black-1,,tora,116_black,morem,morem,m o r e m,,Nimuendaju1925;Nimuendaju1923,261,,^ m o r e m $,default
wari-116_black-1,,wari,116_black,mitʃem,mitʃem,m i tʃ e m,,EverettKern1997;Kern1996,261,,^ m i tʃ e m $,default
wanyam-116_black-1,,wanyam,116_black,tukan,tukan,t u k a n,,Ribeiro1998;Hanke1975,262,,^ t u k a n $,default
jaru-116_black-1,,jaru,116_black,sagaj,sagaj,s a g a j,,Rondon1948,263,,^ s a g a j $,default
urupa-116_black-1,,urupa,116_black,skaid,skaid,s k a i d,,Nimuendaju1925,263,,^ s k a i d $,default
kitemoka-116_black-1,,kitemoka,116_black,juitamake,juitamake,j u i t a m a k e,,CrequiMontfortRivet1913,264,,^ j u i t a m a k e $,default
tapakura-116_black-1,,tapakura,116_black,witam,witam,w i t a m,,CrequiMontfortRivet1913,264,,^ w i t a m $,default
cojubim-116_black-1,,cojubim,116_black,tom,tom,t o m,,Duran2000,265,,^ t o m $,default
more-116_black-1,,more,116_black,tom,tom,t o m,,Angenot2002;Leigue1957,265,,^ t o m $,default
orowin-116_black-2,,orowin,116_black,tom,tom,t o m,,Birchall2016;deFranca2002,265,,^ t o m $,default
wari-116_black-2,,wari,116_black,tom,tom,t o m,,EverettKern1997;Kern1996,265,,^ t o m $,default
cojubim-117_night-1,,cojubim,117_night,isim,isim,i s i m,,Duran2000,266,,^ i s i m $,default
jaru-117_night-1,,jaru,117_night,etimʔ,etimʔ,e t i m ʔ,,Rondon1948,266,,^ e t i m ʔ $,default
kitemoka-117_night-1,,kitemoka,117_night,paitin,paitin,p a i t i n,,CrequiMontfortRivet1913,266,,^ p a i t i n $,default
more-117_night-1,,more,117_night,isim,isim,i s i m,,Angenot2002;Leigue1957,266,,^ i s i m $,default
orowin-117_night-1,,orowin,117_night,itim,itim,i t i m,,Birchall2016;deFranca2002,266,,^ i t i m $,default
tapakura-117_night-1,,tapakura,117_night,paitin,paitin,p a i t i n,,CrequiMontfortRivet1913,266,,^ p a i t i n $,default
tora-117_night-1,,tora,117_night,ijsibm,ijsibm,i j s i b m,,Nimuendaju1925;Nimuendaju1923,266,,^ i js i b m $,default
wanyam-117_night-1,,wanyam,117_night,itim,itim,i t i m,,Ribeiro1998;Hanke1975,266,,^ i t i m $,default
wari-117_night-1,,wari,117_night,tʃim,tʃim,tʃ i m,,EverettKern1997;Kern1996,266,,^ tʃ i m $,default
jaru-118_day-1,,jaru,118_day,toa,toa,t o a,,Rondon1948,267,,^ t o a $,default
orowin-118_day-1,,orowin,118_day,towa,towa,t o w a,,Birchall2016;deFranca2002,267,,^ t o w a $,default
tapakura-118_day-1,,tapakura,118_day,tuwa,tuwa,t u w a,,CrequiMontfortRivet1913,267,,^ t u w a $,default
tora-118_day-1,,tora,118_day,toa,toa,t o a,,Nimuendaju1925;Nimuendaju1923,267,,^ t o a $,default
wanyam-118_day-1,,wanyam,118_day,towa,towa,t o w a,,Ribeiro1998;Hanke1975,267,,^ t o w a $,default
wari-118_day-1,,wari,118_day,towa,towa,t o w a,,EverettKern1997;Kern1996,267,,^ t o w a $,default
wari-118_day-2,,wari,118_day,tʃek,tʃek,tʃ e k,,EverettKern1997;Kern1996,268,,^ tʃ e k $,default
cojubim-118_day-1,,cojubim,118_day,tipat,tipat,t i p a t,,Duran2000,269,,^ t i p a t $,default
more-118_day-1,,more,118_day,tijipat,tijipat,t i j i p a t,,Angenot2002;Leigue1957,269,,^ t i j i p a t $,default
tora-118_day-2,,tora,118_day,anapat,anapat,a n a p a t,,Nimuendaju1925;Nimuendaju1923,269,,^ a n a p a t $,default
cojubim-119_summer-1,,cojubim,119_summer,kawaziʔ,kawaziʔ,k a w a z i ʔ,,Duran2000,270,,^ k a w a z i ʔ $,default
more-119_summer-1,,more,119_summer,kawaʒ̟i,kawaʒ̟i,k a w a ʒ̟ i,,Angenot2002;Leigue1957,270,,^ k a w a ʒ̟ i $,default
orowin-119_summer-1,,orowin,119_summer,kawatiʔ,kawatiʔ,k a w a t i ʔ,,Birchall2016;deFranca2002,270,,^ k a w a t i ʔ $,default
wanyam-119_summer-1,,wanyam,119_summer,kawatiʔ,kawatiʔ,k a w a t i ʔ,,Ribeiro1998;Hanke1975,270,,^ k a w a t i ʔ $,default
wari-119_summer-1,,wari,119_summer,kawatʃiʔ,kawatʃiʔ,k a w a tʃ i ʔ,,EverettKern1997;Kern1996,270,,^ k a w a tʃ i ʔ $,default
cojubim-120_cold-1,,cojubim,120_cold,tʃiwʔ,tʃiwʔ,tʃ i w ʔ,,Duran2000,271,,^ tʃ i w ʔ $,default
more-120_cold-1,,more,120_cold,tʃiw,tʃiw,tʃ i w,,Angenot2002;Leigue1957,271,,^ tʃ i w $,default
orowin-120_cold-1,,orowin,120_cold,surimi,surimi,s u r i m i,,Birchall2016;deFranca2002,271,,^ s u r i m i $,default
tora-120_cold-1,,tora,120_cold,siuni,siuni,s i u n i,,Nimuendaju1925;Nimuendaju1923,271,,^ s i u n i $,default
urupa-120_cold-1,,urupa,120_cold,siv,siv,s i v,,Nimuendaju1925,271,,^ s i v $,default
wari-120_cold-1,,wari,120_cold,tʃiw,tʃiw,tʃ i w,,EverettKern1997;Kern1996,271,,^ tʃ i w $,default
wanyam-120_cold-1,,wanyam,120_cold,kipin,kipin,k i p i n,,Ribeiro1998;Hanke1975,272,,^ k i p i n $,default
orowin-121_new-1,,orowin,121_new,sokori,sokori,s o k o r i,,Birchall2016;deFranca2002,273,,^ s o k o r i $,default
tora-121_new-1,,tora,121_new,tukurudn,tukurudn,t u k u r u d n,,Nimuendaju1925;Nimuendaju1923,273,,^ t u k u r u d n $,default
wari-121_new-1,,wari,121_new,tʃokori,tʃokori,tʃ o k o r i,,EverettKern1997;Kern1996,273,,^ tʃ o k o r i $,default
more-121_new-1,,more,121_new,takan,takan,t a k a n,,Angenot2002;Leigue1957,274,,^ t a k a n $,default
orowin-122_old-1,,orowin,122_old,foron,foron,f o r o n,,Birchall2016;deFranca2002,275,,^ f o r o n $,default
wanyam-122_old-1,,wanyam,122_old,marahoron,marahoron,m a r a h o r o n,,Ribeiro1998;Hanke1975,275,,^ m a r a h o r o n $,default
wari-122_old-1,,wari,122_old,horon,horon,h o r o n,,EverettKern1997;Kern1996,275,,^ h o r o n $,default
tora-122_old-1,,tora,122_old,serati,serati,s e r a t i,,Nimuendaju1925;Nimuendaju1923,276,,^ s e r a t i $,default
kitemoka-122_old-1,,kitemoka,122_old,tarakon,tarakon,t a r a k o n,,CrequiMontfortRivet1913,277,,^ t a r a k o n $,default
tapakura-122_old-1,,tapakura,122_old,itarakun,itarakun,i t a r a k u n,,CrequiMontfortRivet1913,277,,^ i t a r a k u n $,default
more-122_old-1,,more,122_old,ukut,ukut,u k u t,,Angenot2002;Leigue1957,278,,^ u k u t $,default
orowin-123_good-1,,orowin,123_good,awi,awi,a w i,,Birchall2016;deFranca2002,279,,^ a w i $,default
wari-123_good-1,,wari,123_good,awiʔ,awiʔ,a w i ʔ,,EverettKern1997;Kern1996,279,,^ a w i ʔ $,default
jaru-123_good-1,,jaru,123_good,asap,asap,a s a p,,Rondon1948,280,,^ a s a p $,default
kitemoka-123_good-1,,kitemoka,123_good,navisaja,navisaja,n a v i s a j a,,CrequiMontfortRivet1913,280,,^ n a v i s a j a $,default
orowin-123_good-2,,orowin,123_good,isap,isap,i s a p,,Birchall2016;deFranca2002,280,,^ i s a p $,default
tapakura-123_good-1,,tapakura,123_good,nawasa,nawasa,n a w a s a,,CrequiMontfortRivet1913,280,,^ n a w a s a $,default
urupa-123_good-1,,urupa,123_good,wasab,wasab,w a s a b,,Nimuendaju1925,280,,^ w a s a b $,default
cojubim-123_good-1,,cojubim,123_good,namiʔ,namiʔ,n a m i ʔ,,Duran2000,281,,^ n a m i ʔ $,default
wanyam-123_good-1,,wanyam,123_good,ija,ija,i j a,,Ribeiro1998;Hanke1975,281,,^ i j a $,default
tora-123_good-1,,tora,123_good,itera,itera,i t e r a,,Nimuendaju1925;Nimuendaju1923,282,,^ i t e r a $,default
more-123_good-1,,more,123_good,piriman,piriman,p i r i m a n,,Angenot2002;Leigue1957,283,,^ p i r i m a n $,default
more-124_name-1,,more,124_name,wit,wit,w i t,,Angenot2002;Leigue1957,284,,^ w i t $,default
orowin-124_name-1,,orowin,124_name,witi,witi,w i t i,,Birchall2016;deFranca2002,284,,^ w i t i $,default
tora-124_name-1,,tora,124_name,viti,viti,v i t i,,Nimuendaju1925;Nimuendaju1923,284,,^ v i t i $,default
urupa-124_name-1,,urupa,124_name,yvyty,yvyty,y v y t y,,Nimuendaju1925,284,,^ y v y t y $,default
wanyam-124_name-1,,wanyam,124_name,uwaw,uwaw,u w a w,,Ribeiro1998;Hanke1975,284,,^ u w a w $,default
wari-124_name-1,,wari,124_name,witʃi,witʃi,w i tʃ i,,EverettKern1997;Kern1996,284,,^ w i tʃ i $,default
cojubim-125_afternoon-1,,cojubim,125_afternoon,irawin,irawin,i r a w i n,,Duran2000,285,,^ i r a w i n $,default
more-125_afternoon-1,,more,125_afternoon,irawin,irawin,i r a w i n,,Angenot2002;Leigue1957,285,,^ i r a w i n $,default
orowin-125_afternoon-1,,orowin,125_afternoon,irawin,irawin,i r a w i n,,Birchall2016;deFranca2002,285,,^ i r a w i n $,default
tora-125_afternoon-1,,tora,125_afternoon,ireawidn,ireawidn,i r e a w i d n,,Nimuendaju1925;Nimuendaju1923,285,,^ i r e a w i d n $,default
wanyam-125_afternoon-1,,wanyam,125_afternoon,irawin,irawin,i r a w i n,,Ribeiro1998;Hanke1975,285,,^ i r a w i n $,default
wari-125_afternoon-1,,wari,125_afternoon,irawin,irawin,i r a w i n,,EverettKern1997;Kern1996,285,,^ i r a w i n $,default
