ID,Local_ID,Language_ID,Parameter_ID,Value,Form,Segments,Comment,Source,Cognacy,Loan,Graphemes,Profile,Partial_Cognacy,Borrowings,Patterns,Morpheme_Glosses
Abipon-85_blood-1,,Abipon,85_blood,naoigRa,naoigRa,n a w i g ʁ a,,najlis1966,,,,,1 2 3,0,0,?
Abipon-59_mouth-1,,Abipon,59_mouth,naagRat,naagRat,n a g ʁ a t,,najlis1966,,,,,4 5,0,0,?
Abipon-79_head-1,,Abipon,79_head,lapañik,l+apañik,l + a p a ɲ i k,,najlis1966,,,,,6 7,0,0,_:poss: head
Abipon-79_head-2,,Abipon,79_head,lemaRat,l+ema+Rat,l + e m a ʁ a t,,najlis1966,,,,,6 8 9,0,0,_:poss: head
Abipon-56_hand-1,,Abipon,56_hand,ñapakena,ña+pakena,ɲ a + p a k e n a,,najlis1966,,,,,11 12,0,0,_:poss hand
Abipon-53_ear-1,,Abipon,53_ear,ketal,ketal,k e t a l,,najlis1966,,,,,16,0,0,?
Abipon-37_husband-1,,Abipon,37_husband,laoenek,l+aoenek,l + a w e n e k,,najlis1966,,,,,6 26 27,0,0,_:poss spouse
Abipon-38_wife-1,,Abipon,38_wife,graoene,graoene,g r a w e n e,,najlis1966,,,,,28 29 30,0,0,?
Abipon-138_hear-1,,Abipon,138_hear,oahipat,oahipat,w a h i p a t,,najlis1966,,,,,31 32,0,0,?
Abipon-138_hear-2,,Abipon,138_hear,haoaqa,haoaqa,h a w a q a,,najlis1966,,,,,33 34,0,0,?
Abipon-187_bird-1,,Abipon,187_bird,netegRanak,netegRanak,n + e t e g + ʁ a n a k,,najlis1966,,,,,1 35 36,0,0,?
Abipon-187_bird-2,,Abipon,187_bird,kata,kata,k a t a,,najlis1966,,,,,37,0,0,?
Abipon-97_fish-1,,Abipon,97_fish,noai,noai,n w ai,,najlis1966,,,,,38,0,0,?
Abipon-130_louse-1,,Abipon,130_louse,noapaRat,n+oapaRat,n + w a p a ʁ a t,,najlis1966,,,,,1 43 9,0,0,_:poss louse
Abipon-129_dog-1,,Abipon,129_dog,netegink,netegink,n e t e g i ŋ k,,najlis1966,,,,,1 44 45,0,0,?
Abipon-251_tongue-1,,Abipon,251_tongue,liaciRat,li+aciRat,l i + a tʃ i ʁ a t,,najlis1966,,,,,46 47 9,0,0,_:poss tongue
Abipon-78_breastofwoman-1,,Abipon,78_breastofwoman,gracici,gracici,g r a + tʃ i tʃ i,,najlis1966,,,,,49,0,0,_:poss breast
Abipon-78_breastofwoman-2,,Abipon,78_breastofwoman,lateta,la+teta,l a + t e t a,,najlis1966,,,,,49,0,0,_:poss breast
Abipon-98_wing-1,,Abipon,98_wing,laoa,l+aoa,l + a w a,,najlis1966,,,,,6 50,0,0,_:poss wing
Abipon-82_back-1,,Abipon,82_back,naalete,naalete,n aː l e t e,,najlis1966,,,,,51 52,0,0,?
Abipon-82_back-2,,Abipon,82_back,nakal,nakal,n a k a l,,najlis1966,,,,,51,0,0,?
Abipon-83_bone-1,,Abipon,83_bone,ipiink,i+piink,i + p iː ŋ k,,najlis1966,,,,,53 54,0,0,_:poss bone
Abipon-120_leg-1,,Abipon,120_leg,nici,ni+ci,n i + tʃ i,,najlis1966,,,,,55 56,0,0,_:poss leg
Abipon-246_foot-1,,Abipon,246_foot,iacaRhaq,iacaRhaq,j a tʃ a ʁ h a q,,najlis1966,,,,,53 57 58,0,0,?
Abipon-261_heart-1,,Abipon,261_heart,naoel,n+aoel,n + a w e l,,najlis1966,,,,,1 60,0,0,_:poss heart
Abipon-261_heart-2,,Abipon,261_heart,neoetRanatRa,neoetRanatRa,n e o e t ʁ a n a t ʁ a,,najlis1966,,,,,1 61 62 15 63 3,0,0,?
Abipon-125_sleep-1,,Abipon,125_sleep,roate,roate,r w a t e,,najlis1966,,,,,64,0,0,?
Abipon-114_tail-1,,Abipon,114_tail,keit,keit,k ei t,,najlis1966,,,,,65,0,0,?
Abipon-75_skinhide-1,,Abipon,75_skinhide,halak,halak,h a l + a k,,najlis1966,,,,,70 71,0,0,_:poss skin
Abipon-44_feather-1,,Abipon,44_feather,letegk,l+etegk,l + e t e g k,,najlis1966,,,,,6 75,0,0,_:poss hair
Abipon-154_four-1,,Abipon,154_four,naatapici,naatapici,n aː t a p i tʃ i,,najlis1966,,,,,1 83 84,0,0,?
Abipon-154_four-2,,Abipon,154_four,keienk ñate,keienk ñate,k e j e ŋ k + ɲ a t e,,najlis1966,,,,,85 83,0,0,ostrich paws
Abipon-167_yellow-1,,Abipon,167_yellow,aoig,aoig,a w i g,,najlis1966,,,,,87,0,0,?
Abipon-167_yellow-2,,Abipon,167_yellow,ikai,i+kai,i k ai,,najlis1966,,,,,53 88,0,0,?
Abipon-167_yellow-3,,Abipon,167_yellow,keiñi,keiñi,k ei ɲ i,,najlis1966,,,,,88,0,0,?
Abipon-133_flyvb-1,,Abipon,133_flyvb,natahegem,nata+hegem,n + a t a + h e g e m,,najlis1966,,,,,1 18 89,0,0,move _:up
Abipon-297_root-1,,Abipon,297_root,pana,pana,p a n a,,najlis1966,,,,,90,0,0,?
Abipon-67_lake-1,,Abipon,67_lake,kahim,kahim,k a h i m,,najlis1966,,,,,92,0,0,?
Abipon-243_black-1,,Abipon,243_black,aooraie,aooraie,a w o r a j e,,najlis1966,,,,,93 94,0,0,?
Abipon-243_black-2,,Abipon,243_black,naoe,naoe,n + a w e,,najlis1966,,,,,95,0,0,_:3sg black
Abipon-243_black-3,,Abipon,243_black,nenegin,nenegin,n e n e g i n,,najlis1966,,,,,96,0,0,?
Abipon-164_dust-1,,Abipon,164_dust,nagmaiaRa,nagmaiaRa,n a g m a j a ʁ a,,najlis1966,,,,,99 3,0,0,?
Abipon-168_star-1,,Abipon,168_star,eergRaik,eergRaik,eː r g ʁ ai k,,najlis1966,,,,,102 103,0,0,?
Abipon-66_mother-1,,Abipon,66_mother,late,l+ate,l + a t e,,najlis1966,,,,,6 80,0,0,_:poss mother
Abipon-279_come-1,,Abipon,279_come,anek,anek,a n e k,,najlis1966,,,,,113,0,0,?
Abipon-279_come-2,,Abipon,279_come,ñaoe,ñaoe,ɲ a w e,,najlis1966,,,,,107 114,0,0,?
Abipon-43_leaf-1,,Abipon,43_leaf,letegk,l+etegk,l + e t e g k,,najlis1966,,,,,6 75,0,0,_:poss hair
Abipon-93_sky-1,,Abipon,93_sky,hipigem,hipigem,h i + p i g e m,,najlis1966,,,,,115,0,0,_:/hi sky
Abipon-90_bark-1,,Abipon,90_bark,laoelagRa,laoelagRa,l a w e l a g ʁ a,,najlis1966,,,,,6 118 3,0,0,?
Abipon-90_bark-2,,Abipon,90_bark,halak,hal+ak,h a l + a k,,najlis1966,,,,,70 71,0,0,_:poss skin
Abipon-90_bark-3,,Abipon,90_bark,loahi,loahi,l w a h i,,najlis1966,,,,,6 119,0,0,?
Abipon-153_three-1,,Abipon,153_three,iñoaka iekaiñi,iñoaka iekaiñi,i ɲ w a k a + j e k a i ɲ i,,najlis1966,,,,,125 126 127,0,0,two ?
Abipon-153_three-2,,Abipon,153_three,keienk ñate,keienk ñate,k e j e ŋ k + ɲ a t e,,najlis1966,,,,,85 125,0,0,ostrich paws
Abipon-244_white-1,,Abipon,244_white,ialak,ialak,j a l a k,,najlis1966,,,,,53 128,0,0,?
Abipon-106_year-1,,Abipon,106_year,iñiega,iñiega,i ɲ j e g a,,najlis1966,,,,,136,0,0,?
Abipon-162_drink-1,,Abipon,162_drink,ñañam,ñañam,ɲ a ɲ a m,,najlis1966,,,,,107 137,0,0,?
Abipon-162_drink-2,,Abipon,162_drink,neet,n+eet,n eː t,,najlis1966,,,,,1 138,0,0,?
Abipon-162_drink-3,,Abipon,162_drink,oik,oik,w i k,,najlis1966,,,,,139,0,0,?
Abipon-248_flower-1,,Abipon,248_flower,lenoigRaik,l+enoig+Raik,l + e n w i + g ʁ ai + k,,najlis1966,,,,,6 140 141,0,0,_:poss blossom _:adj _:masc
Abipon-264_know-1,,Abipon,264_know,riaRaik,ri+aRai+k,r i a ʁ ai k,,najlis1966,,,,,145 146 17,0,0,?
Abipon-264_know-2,,Abipon,264_know,iakatege,i+akat+ege,j a k a t e g e,,najlis1966,,,,,53 147 148,0,0,?
Abipon-264_know-3,,Abipon,264_know,iaren,i+aren,j a r e n,,najlis1966,,,,,53 149,0,0,?
Abipon-264_know-4,,Abipon,264_know,ñeton,ñ+eton,ɲ e t o n,,najlis1966,,,,,107 149,0,0,?
Abipon-274_ashes-1,,Abipon,274_ashes,aci,aci,a tʃ i,,najlis1966,,,,,152,0,0,?
Abipon-65_largebig-1,,Abipon,65_largebig,laa,laa,l aː,,najlis1966,,,,,153,0,0,?
Abipon-65_largebig-2,,Abipon,65_largebig,latenka,latenka,l a t e ŋ k a,,najlis1966,,,,,154 155,0,0,?
Abipon-148_short-1,,Abipon,148_short,larici,larici,l a r i tʃ i,,najlis1966,,,,,156,0,0,?
Abipon-149_five-1,,Abipon,149_five,hanamhegem,h+anam+hegem,h + a n a m + h e g e m,,najlis1966,,,,,163 164 89,0,0,_:1sg finish _:dir
Abipon-149_five-2,,Abipon,149_five,neen halak,n+een h+alak,n + eː n + h a l + a k,,najlis1966,,,,,1 165 163 166,0,0,_:3sg good _:poss skin
Abipon-276_eat-1,,Abipon,276_eat,iaek,iaek,i a e k,,najlis1966,,,,,53 167,0,0,?
Abipon-276_eat-2,,Abipon,276_eat,rkeñe,rkeñe,r k e ɲ e,,najlis1966,,,,,20 168,0,0,?
Abipon-276_eat-3,,Abipon,276_eat,aharo,aharo,a h a r o,,najlis1966,,,,,168,0,0,?
Abipon-263_everyall-1,,Abipon,263_everyall,aoge,aoge,a o g e,,najlis1966,,,,,169,0,0,?
Abipon-291_name-1,,Abipon,291_name,lakalatoe,lakalatoe,l a k a l a t w e,,najlis1966,,,,,6 171 172,0,0,?
Abipon-282_father-1,,Abipon,282_father,leta,le+ta,l e + t a,,najlis1966,,,,,176 177,0,0,_:poss father
Abipon-100_smalllittle-1,,Abipon,100_smalllittle,aolk,aolk,a o l k,,najlis1966,,,,,178,0,0,?
Abipon-100_smalllittle-2,,Abipon,100_smalllittle,leneci,leneci,l e n e tʃ i,,najlis1966,,,,,179 180,0,0,?
Abipon-15_long-1,,Abipon,15_long,larek,larek,l a r e k,,najlis1966,,,,,187,0,0,?
Abipon-275_intestinesguts-1,,Abipon,275_intestinesguts,kama,kama,k a m a,,najlis1966,,,,,189 190,0,0,?
Abipon-188_smellvbtrans-1,,Abipon,188_smellvbtrans,kat,kat,k a t,,najlis1966,,,,,193,0,0,?
Abipon-52_treecf08600-1,,Abipon,52_treecf08600,loahi,loahi,l w a h i,,najlis1966,,,,,6 194,0,0,?
Abipon-74_seed-1,,Abipon,74_seed,lpeta,l+peta,l + p e t a,,najlis1966,,,,,6 197,0,0,_:poss seed
Abipon-47_sun-1,,Abipon,47_sun,grahaolai,grahaolai,g r a h a o l ai,,najlis1966,,,,,198,0,0,?
Abipon-47_sun-2,,Abipon,47_sun,mpaeRa,mpaeRa,m p a e ʁ a,,najlis1966,,,,,199 200 3,0,0,?
Abipon-283_give-1,,Abipon,283_give,iaat,iaat,j aː t,,najlis1966,,,,,211,0,0,?
Abipon-283_give-2,,Abipon,283_give,-o(en)-,-oen-,w e n,,najlis1966,,,,,212 213,0,0,?
Abipon-283_give-3,,Abipon,283_give,-eien-,-eien-,e j + e n,,najlis1966,,,,,213,0,0,_:3sg give
Abipon-136_littlequantityfew-1,,Abipon,136_littlequantityfew,aolka,aolka,a o l k a,,najlis1966,,,,,214,0,0,?
Abipon-136_littlequantityfew-2,,Abipon,136_littlequantityfew,leneci,leneci,l e n e tʃ i,,najlis1966,,,,,6 76,0,0,?
Abipon-147_muchmany-1,,Abipon,147_muchmany,aierete,aierete,a j e r e t e,,najlis1966,,,,,217,0,0,?
Abipon-147_muchmany-2,,Abipon,147_muchmany,eneoge,eneoge,e n e o g e,,najlis1966,,,,,218,0,0,?
Abipon-147_muchmany-3,,Abipon,147_muchmany,lam,lam,l a m,,najlis1966,,,,,219,0,0,?
Abipon-147_muchmany-4,,Abipon,147_muchmany,latenk,latenk,l a t e ŋ k,,najlis1966,,,,,217,0,0,?
Abipon-266_cold-1,,Abipon,266_cold,latak,latak,l a t a k,,najlis1966,,,,,6 18 17,0,0,?
Abipon-39_sit-1,,Abipon,39_sit,aña,aña,a ɲ a,,najlis1966,,,,,221,0,0,?
Abipon-39_sit-2,,Abipon,39_sit,aiañiiñi,aiañiiñi,a j a ɲ i ɲ i,,najlis1966,,,,,222 221 223,0,0,?
Abipon-285_fruit-1,,Abipon,285_fruit,lpeta,l+peta,l + p e t a,,najlis1966,,,,,6 227,0,0,_:poss fruit
Abipon-46_animal-1,,Abipon,46_animal,lela,le+la,l e + l a,,najlis1966,,,,,6 229 230,0,0,_:poss animal
Abipon-46_animal-2,,Abipon,46_animal,iegek,iegek,j e g e k,,najlis1966,,,,,231 17,0,0,?
Abipon-290_mosquito-1,,Abipon,290_mosquito,ait,ait,ai t,,najlis1966,,,,,232,0,0,?
Abipon-290_mosquito-2,,Abipon,290_mosquito,apataie,apataie,a p a t a j e,,najlis1966,,,,,232 233,0,0,?
Abipon-35_spider-1,,Abipon,35_spider,aoalin,aoalin,a w a l i n,,najlis1966,,,,,234,0,0,?
Abipon-57_arm-1,,Abipon,57_arm,kaalRat,kaal+Rat,k aː l + ʁ a t,,najlis1966,,,,,235 9,0,0,hug _:nmlz
Abipon-102_horn-1,,Abipon,102_horn,lahate,l+ahate,l + a h a t e,,najlis1966,,,,,6 237,0,0,_:poss horn
Abipon-58_beard-1,,Abipon,58_beard,nahip eoe,n+ahip+eoe,n + a h i p + e w e,,najlis1966,,,,,1 238 239,0,0,_:pos lip hair
Abipon-254_chest-1,,Abipon,254_chest,ioala,ioala,i w a l a,,najlis1966,,,,,53 241,0,0,?
Abipon-61_chin-1,,Abipon,61_chin,anar,anar,a n a r,,najlis1966,,,,,242,0,0,?
Abipon-62_lip-1,,Abipon,62_lip,ñahipi,ñ+ahipi,ɲ + a h i p i,,najlis1966,,,,,107 238 53,0,0,_:poss lip
Abipon-64_finger-1,,Abipon,64_finger,ñate,ñ+ate,ɲ + a t e,,najlis1966,,,,,107 244,0,0,_:poss finger
Abipon-281_elbow-1,,Abipon,281_elbow,kaage,kaage,k aː g e,,najlis1966,,,,,245,0,0,?
Abipon-94_fingernail-1,,Abipon,94_fingernail,enac,enac,e n a tʃ,,najlis1966,,,,,246,0,0,?
Abipon-299_thunder-1,,Abipon,299_thunder,iigigi,iigigi,iː g i g i,,najlis1966,,,,,250 251,0,0,?
Abipon-109_lightning-1,,Abipon,109_lightning,kahagRanRa,kahag+Ran+Ra,k a h a g ʁ a n ʁ a,,najlis1966,,,,,255 15 3,0,0,?
Abipon-126_liedown-1,,Abipon,126_liedown,ahaoaRañi,ahaoaRañi,a h a w a ʁ a ɲ i,,najlis1966,,,,,256 257 258 259,0,0,?
Abipon-126_liedown-2,,Abipon,126_liedown,ahaoi,ahaoi,a h a w i,,najlis1966,,,,,256 260 53,0,0,?
Abipon-72_house-1,,Abipon,72_house,lëëRiki,lëëRiki,l eː ʁ i k i,,najlis1966,,,,,6 268 269,0,0,?
Abipon-72_house-2,,Abipon,72_house,niik,niik,n iː k,,najlis1966,,,,,1 270,0,0,?
Abipon-150_ten-1,,Abipon,150_ten,lanamerihegem,l+anam+eri+hegem,l + a n a m + e r i + h e g e m,,najlis1966,,,,,6 164 271 89,0,0,_:poss finish _:pl _:dir
Abipon-110_fightvb-1,,Abipon,110_fightvb,im,im,i m,,najlis1966,,,,,272,0,0,?
Abipon-110_fightvb-2,,Abipon,110_fightvb,roelaki,r+oelaki,r + w e l a k i,,najlis1966,,,,,20 273,0,0,_:3p fight
Abipon-110_fightvb-3,,Abipon,110_fightvb,oici,oici,w i tʃ i,,najlis1966,,,,,274,0,0,?
Abipon-293_owl-1,,Abipon,293_owl,kaalekaoalk,kaalekaoalk,k aː l e k a w a l k,,najlis1966,,,,,276 277,0,0,?
Abipon-293_owl-2,,Abipon,293_owl,kikik,kikik,k i k i k,,najlis1966,,,,,277,0,0,?
Abipon-273_cat-1,,Abipon,273_cat,kapaik,kapaik,k a p ai k,,najlis1966,,,,,281 282,0,0,?
Abipon-55_bee-1,,Abipon,55_bee,aloei,aloei,a l w ei,,najlis1966,,,,,283,0,0,?
Abipon-289_parrot-1,,Abipon,289_parrot,kahaoRa,kahaoRa,k a h a o ʁ a,,najlis1966,,,,,284 3,0,0,?
Abipon-289_parrot-2,,Abipon,289_parrot,natalgela,natalgela,n a t a l g e l a,,najlis1966,,,,,285,0,0,?
Abipon-289_parrot-3,,Abipon,289_parrot,natalgela latenk,natalgela latenk,n a t a l g e l a + l a t e ŋ k,,najlis1966,,,,,285 286,0,0,? big
Abipon-128_flea-1,,Abipon,128_flea,netegink loapaRat,netegink l+oapaRat,n e t e g i ŋ k + l + w a p a ʁ a t,,najlis1966,,,,,1 287 288 289 290,0,0,dog _:poss insect
Abipon-166_deer-1,,Abipon,166_deer,hëëgehaq,hëëgehaq,h eː g e h a q,,najlis1966,,,,,293 294,0,0,?
Abipon-166_deer-2,,Abipon,166_deer,oacigranigal,oacigranigal,w a tʃ i g r a n i g a l,,najlis1966,,,,,295,0,0,?
Abipon-118_ant-1,,Abipon,118_ant,oehek,oehek,w e h e k,,najlis1966,,,,,299,0,0,?
Abipon-99_palmofhand-1,,Abipon,99_palmofhand,napakena laoel,na+pakena la+oel,n a + p a k e n a + l a + w e l,,najlis1966,,,,,300 301 302 303,0,0,_:poss hand _:poss interior
Abipon-89_fur-1,,Abipon,89_fur,letegk,l+etegk,l + e t e g k,,najlis1966,,,,,6 75,0,0,_:poss hair
Abipon-42_hairhead-1,,Abipon,42_hairhead,eoe,eoe,e w e,,najlis1966,,,,,239,0,0,hair
Abipon-42_hairhead-2,,Abipon,42_hairhead,letegk,l+etegk,l + e t e g k,,najlis1966,,,,,6 75,0,0,_:poss hair
Abipon-249_penis-1,,Abipon,249_penis,ligRat,ligRat,l i g ʁ a t,,najlis1966,,,,,6 305 9,0,0,?
Abipon-124_bed-1,,Abipon,124_bed,naoalna,naoalna,n a w a l n a,,najlis1966,,,,,1 316 317,0,0,?
Abipon-60_doorgate-1,,Abipon,60_doorgate,laham,l+aham,l + a h a m,,najlis1966,,,,,6 324,0,0,_:poss door
Abipon-123_burnvbintrans-1,,Abipon,123_burnvbintrans,ahimag,ahimag,a h i m a g,,najlis1966,,,,,325,0,0,?
Abipon-123_burnvbintrans-2,,Abipon,123_burnvbintrans,malahiñi,malahiñi,m a l a h i ɲ i,,najlis1966,,,,,326 327 328,0,0,?
Abipon-123_burnvbintrans-3,,Abipon,123_burnvbintrans,nkaate,nkaate,ŋ k aː t e,,najlis1966,,,,,1 329 330,0,0,?
Abipon-103_club-1,,Abipon,103_club,hepiginRankate,hepiginRankate,h e p i g i n ʁ a ŋ k a t e,,najlis1966,,,,,333 334 15 335,0,0,?
Abipon-103_club-2,,Abipon,103_club,noahilate,noahilate,n w a h i l a t e,,najlis1966,,,,,1 336 335,0,0,?
Abipon-103_club-3,,Abipon,103_club,ioele,ioele,i w e l e,,najlis1966,,,,,53 337,0,0,?
Abipon-156_seven-1,,Abipon,156_seven,iñoaka loahatahete,iñoaka loahatahete,i ɲ w a k a + l w a h a t a h e t e,,najlis1966,,,,,125 341,0,0,two ?
Abipon-169_knife-1,,Abipon,169_knife,napiaRanRat,napiaRanRat,n a p j a ʁ a n ʁ a t,,najlis1966,,,,,1 342 15 9,0,0,?
Abipon-169_knife-2,,Abipon,169_knife,nicaRaRanRat,nicaRaRanRat,n i tʃ a ʁ a ʁ a n ʁ a t,,najlis1966,,,,,1 343 15 9,0,0,?
Abipon-104_soulspirit-1,,Abipon,104_soulspirit,lkihi,l+kihi,l + k i h i,,najlis1966,,,,,6 344,0,0,_:poss soul
Abipon-104_soulspirit-2,,Abipon,104_soulspirit,loakal,l+oakal,l + w a k a l,,najlis1966,,,,,6 345,0,0,_:poss soul
Abipon-104_soulspirit-3,,Abipon,104_soulspirit,ehal,ehal,e h a l,,najlis1966,,,,,344,0,0,?
Abipon-277_cryweep-1,,Abipon,277_cryweep,reokatari,reokatari,r e o k a t a r i,,najlis1966,,,,,20 347 348,0,0,?
Abipon-287_maizecorn-1,,Abipon,287_maizecorn,nemelk,nemelk,n e m e l k,,najlis1966,,,,,350,0,0,?
Abipon-206_oldman-1,,Abipon,206_oldman,kacergaik,kacergaik,k a tʃ e r g ai + k,,najlis1966,,,,,353 42 17,0,0,old _:masc
Abipon-206_oldman-2,,Abipon,206_oldman,ikame,ikame,i k a m e,,najlis1966,,,,,53 354,0,0,?
Abipon-206_oldman-3,,Abipon,206_oldman,kereRaik,kereRaik,k e r e ʁ ai + k,,najlis1966,,,,,354 355 17,0,0,old _:masc
Abipon-151_twenty-1,,Abipon,151_twenty,lanamerihegem kat gracaRhaqa (?) anamicirihegem,l+anam+erihegem kat gracaRhaqa anamicirihegem,l + a n a m + e r i + h e g e m + k a t + g r a tʃ a ʁ h a q a + a n a m + i tʃ i + r i + h e g e m,,najlis1966,,,,,6 164 356 357 358 359,0,0,_:3sg finish _:pl _:dir _:? feet _:3sg finish _:? _:pl _:dir
Abipon-300_tobacco-1,,Abipon,300_tobacco,npetegk,npetegk,n p e t e g k,,najlis1966,,,,,1 360 75,0,0,?
Abipon-159_cook-1,,Abipon,159_cook,eoa,eoa,e w a,,najlis1966,,,,,378,0,0,?
Abipon-207_oldwoman-1,,Abipon,207_oldwoman,kacergaie,kacergaie,k a tʃ e r g a j e,,najlis1966,,,,,388 42 30,0,0,?
Abipon-207_oldwoman-2,,Abipon,207_oldwoman,kereRaie,kereRaie,k e r e ʁ a j e,,najlis1966,,,,,389 390 30,0,0,?
Abipon-252_cow-1,,Abipon,252_cow,oaka,oaka,w a k a,,najlis1966,,,,,297,0,0,?
Abipon-173_lizard-1,,Abipon,173_lizard,greiagal,greiagal,g r e j a g a l,,najlis1966,,,,,394 395,0,0,?
Abipon-267_nest-1,,Abipon,267_nest,niciRa,niciRa,n i tʃ i ʁ a,,najlis1966,,,,,1 396 3,0,0,?
Abipon-267_nest-2,,Abipon,267_nest,lpatage,l+patage,l + p a t a g e,,najlis1966,,,,,6 396,0,0,_:poss nest
Abipon-302_pig-1,,Abipon,302_pig,ahergRanRailate,ahergRanRai+l+ate,a h e r g ʁ a n ʁ ai + l a t e,,najlis1966,,,,,398 399,0,0,boar _:poss mother
Abipon-174_dove-1,,Abipon,174_dove,napiginik,napiginik,n a p i g i n i k,,najlis1966,,,,,1 405 406,0,0,?
Abipon-260_crocodilealligator-1,,Abipon,260_crocodilealligator,kaëpeRhaq,kaëpeRhaq,k a e p e ʁ h a q,,najlis1966,,,,,407 408,0,0,?
Abipon-260_crocodilealligator-2,,Abipon,260_crocodilealligator,peoe,peoe,p e w e,,najlis1966,,,,,409,0,0,?
Abipon-245_snail-1,,Abipon,245_snail,nalagink,nalagink,n a l a g i ŋ k,,najlis1966,,,,,421 422,0,0,?
Abipon-160_fox-1,,Abipon,160_fox,liceRa,liceRa,l i tʃ e ʁ a,,najlis1966,,,,,6 425 3,0,0,?
Abipon-131_insect-1,,Abipon,131_insect,oapa,oapa,w a p a,,najlis1966,,,,,428,0,0,?
Abipon-113_horseequine-1,,Abipon,113_horseequine,ahëpegaq,ahëpegaq,a h e p e g a q,,najlis1966,,,,,435,0,0,?
Abipon-208_mule-1,,Abipon,208_mule,ketelq,ketelq,k e t e l q,,najlis1966,,,,,443,0,0,?
Abipon-91_fishscale-1,,Abipon,91_fishscale,leha,l+eha,l e + h a,,najlis1966,,,,,6 444,0,0,_:poss fishscale
Abipon-265_goose-1,,Abipon,265_goose,netegRanak,netegRanak,n e t e g ʁ a n a k,,najlis1966,,,,,1 445 15 446,0,0,?
Abipon-265_goose-2,,Abipon,265_goose,neketetak,neketetak,n e k e t e t a k,,najlis1966,,,,,445,0,0,?
Abipon-115_sheep-1,,Abipon,115_sheep,akaireta,akaireta,a k ai r e t a,,najlis1966,,,,,448 449,0,0,?
Abipon-115_sheep-2,,Abipon,115_sheep,caga,caga,tʃ a g a,,najlis1966,,,,,449,0,0,?
Abipon-256_bull-1,,Abipon,256_bull,ioihak,ioihak,i w i h a k,,najlis1966,,,,,452 17,0,0,?
Abipon-255_ox-1,,Abipon,255_ox,ioihak,ioihak,i w i h a k,,najlis1966,,,,,454 17,0,0,_:masc
Abipon-253_bear-1,,Abipon,253_bear,heteiRei,heteiRei,h e t ei ʁ ei,,najlis1966,,,,,455 456,0,0,?
Abipon-242_assdonkey-1,,Abipon,242_assdonkey,aakciñi,aakciñi,aː k tʃ i ɲ i,,najlis1966,,,,,457,0,0,?
Abipon-284_hawk-1,,Abipon,284_hawk,kataigit,kataigit,k a t ai g i t,,najlis1966,,,,,17 18 458,0,0,?
Abipon-257_wasp-1,,Abipon,257_wasp,naatek,naatek,n aː t e k,,najlis1966,,,,,459,0,0,?
Abipon-257_wasp-2,,Abipon,257_wasp,nahaorek,nahaorek,n a h a o r e k,,najlis1966,,,,,1 460 461,0,0,?
Abipon-259_eyelash-1,,Abipon,259_eyelash,iare,i+are,j + a r e,,najlis1966,,,,,53 474,0,0,_:poss eyelash
Abipon-121_footprint-1,,Abipon,121_footprint,kataik lacaRhaqa,kataik lacaRhaqa,k a t a i k + l a tʃ a ʁ h a q a,,najlis1966,,,,,17 18 482 483,0,0,? ?
Abipon-258_poison-1,,Abipon,258_poison,loahagRanRat,loahagRanRat,l w a h a g ʁ a n ʁ a t,,najlis1966,,,,,6 484 15 9,0,0,?
Abipon-301_urinate-1,,Abipon,301_urinate,oaci,oaci,w a tʃ i,,najlis1966,,,,,487,0,0,?
Abipon-68_womb-1,,Abipon,68_womb,akam,akam,a k a m,,najlis1966,,,,,497,0,0,?
Abipon-84_veinartery-1,,Abipon,84_veinartery,letata,l+etata,l + e t a t a,,najlis1966,,,,,6 498,0,0,_:poss vein
Abipon-71_window-1,,Abipon,71_window,laham aolk,l+aham aolk,l + a h a m + a o l k,,najlis1966,,,,,6 512 178,0,0,_:poss door small
Abipon-127_cousin-1,,Abipon,127_cousin,gnakirek,gnakirek,g n a k i r e k,,najlis1966,,,,,513 514,0,0,?
Abipon-87_place-1,,Abipon,87_place,nañaRa,nañaRa,n a ɲ a ʁ a,,najlis1966,,,,,1 515 3,0,0,?
Abipon-105_shadeshadow-1,,Abipon,105_shadeshadow,lkihi,l+kihi,l + k i h i,,najlis1966,,,,,6 523,0,0,_:poss shade
Abipon-165_write-1,,Abipon,165_write,eier-,eier-,e j e r,,najlis1966,,,,,524,0,0,?
Abipon-122_altar-1,,Abipon,122_altar,lëëtRa,lëëtRa,l eː t ʁ a,,najlis1966,,,,,6 3839 3,0,0,?
Abipon-107_summer-1,,Abipon,107_summer,iñiega,iñiega,i ɲ j e g a,,najlis1966,,,,,136,0,0,?
Ava-85_blood-1,,Ava,85_blood,tugwɨ,t+ugwɨ,t + u ɣʷ ɨ,,dietrich2015,,,,,537 538,0,0,_:poss blood
Ava-59_mouth-1,,Ava,59_mouth,chejuru,juru,dʒ u r u,,dietrich2015,,,,,541 542,0,0,?
Ava-79_head-1,,Ava,79_head,cheãka,ãka,ã k a,,dietrich2015,,,,,541 543,0,0,?
Ava-56_hand-1,,Ava,56_hand,chẽpo,po,p o,,dietrich2015,,,,,541 545,0,0,?
Ava-53_ear-1,,Ava,53_ear,nambi,nambi,n a ⁿb i,,dietrich2015,,,,,547,0,0,?
Ava-50_red-1,,Ava,50_red,pɨ̃ta,pɨ̃ta,p ɨ̃ t a,,dietrich2015,,,,,550,0,0,?
Ava-163_see-1,,Ava,163_see,echa; esa,echa,e tʃ a,,dietrich2015,,,,,553,0,0,eye
Ava-163_see-2,,Ava,163_see,echa; esa,esa,e s a,,dietrich2015,,,,,553,0,0,eye
Ava-37_husband-1,,Ava,37_husband,chẽme,me,m e,,dietrich2015,,,,,541 555,0,0,?
Ava-38_wife-1,,Ava,38_wife,hembireko,h+embireko,h + e ⁿb i r e k o,,dietrich2015,,,,,539 28 556,0,0,_:poss wife
Ava-138_hear-1,,Ava,138_hear,endu,endu,e ⁿd u,,dietrich2015,,,,,557,0,0,?
Ava-187_bird-1,,Ava,187_bird,gwɨra,gwɨra,ɣʷ ɨ r a,,dietrich2015,,,,,558,0,0,?
Ava-97_fish-1,,Ava,97_fish,pira,pira,p i r a,,dietrich2015,,,,,559,0,0,?
Ava-130_louse-1,,Ava,130_louse,chekɨ; kɨɨ,kɨ,k ɨ,,dietrich2015,,,,,541 562,0,0,?
Ava-130_louse-2,,Ava,130_louse,chekɨ; kɨɨ,kɨɨ,k ɨ ɨ,,dietrich2015,,,,,562,0,0,?
Ava-129_dog-1,,Ava,129_dog,hɨmba,h+ɨmba,h + ɨ ⁿb a,,dietrich2015,,,,,539 563,0,0,_:poss dog
Ava-251_tongue-1,,Ava,251_tongue,chẽku; kũu,ku,k u,,dietrich2015,,,,,541 564,0,0,?
Ava-251_tongue-2,,Ava,251_tongue,chẽku; kũu,kũu,k ũ u,,dietrich2015,,,,,564,0,0,?
Ava-78_breastofwoman-1,,Ava,78_breastofwoman,kambɨ,kambɨ,k a ⁿb ɨ,,dietrich2015,,,,,567,0,0,?
Ava-98_wing-1,,Ava,98_wing,chepepo,che+pepo,p e p o,,dietrich2015,,,,,541 568,0,0,?
Ava-82_back-1,,Ava,82_back,kupe,kupe,k u p e,,dietrich2015,,,,,541 569,0,0,?
Ava-83_bone-1,,Ava,83_bone,kãngwe,kãngwe,k ã n ɣʷ e,,dietrich2015,,,,,570,0,0,?
Ava-120_leg-1,,Ava,120_leg,chetɨ̃ma; chetɨ̃maka,tɨ̃ma,t ɨ̃ m a,,dietrich2015,,,,,541 571,0,0,?
Ava-120_leg-2,,Ava,120_leg,chetɨ̃ma; chetɨ̃maka,tɨ̃maka,t ɨ̃ m a k a,,dietrich2015,,,,,541 571,0,0,?
Ava-246_foot-1,,Ava,246_foot,chẽpɨ,pɨ,p ɨ,,dietrich2015,,,,,541 572,0,0,?
Ava-261_heart-1,,Ava,261_heart,chekorasõ; pɨa,korasõ,k o r a s õ,,dietrich2015,,,,,541 574,0,0,?
Ava-261_heart-2,,Ava,261_heart,chekorasõ; pɨa,pɨa,p ɨ a,,dietrich2015,,,,,575,0,0,?
Ava-125_sleep-1,,Ava,125_sleep,ake,ake,k e,,dietrich2015,,,,,576,0,0,?
Ava-114_tail-1,,Ava,114_tail,huwai,h+uwai,h + u w ai,,dietrich2015,,,,,539 577,0,0,_:poss tail
Ava-111_kill-1,,Ava,111_kill,ajuka,juka,dʒ u k a,,dietrich2015,,,,,579,0,0,?
Ava-75_skinhide-1,,Ava,75_skinhide,chepire,che+pire,p i r e,,dietrich2015,,,,,580,0,0,?
Ava-44_feather-1,,Ava,44_feather,aa,aa,aː,,dietrich2015,,,,,582,0,0,?
Ava-139_earthgroundsoil-1,,Ava,139_earthgroundsoil,ɨwɨ,ɨwɨ,ɨ ʋ ɨ,,dietrich2015,,,,,583,0,0,?
Ava-154_four-1,,Ava,154_four,irundɨ,irundɨ,i r u ⁿd ɨ,,dietrich2015,,,,,83,0,0,?
Ava-167_yellow-1,,Ava,167_yellow,cheju; iju,ju,dʒ u,,dietrich2015,,,,,541 590,0,0,?
Ava-133_flyvb-1,,Ava,133_flyvb,wewe,wewe,ʋ e ʋ e,,dietrich2015,,,,,591,0,0,?
Ava-297_root-1,,Ava,297_root,hapo,h+apo,h + a p o,,dietrich2015,,,,,539 592,0,0,_:poss root
Ava-67_lake-1,,Ava,67_lake,ɨpa,ɨ+pa,ɨ + p a,,dietrich2015,,,,,594 595,0,0,water _:all
Ava-243_black-1,,Ava,243_black,hũu,hũu,h ũ u,,dietrich2015,,,,,596,0,0,?
Ava-164_dust-1,,Ava,164_dust,ɨwɨkui; ɨwɨkwĩti,ɨwɨ+kui,ɨ ʋ ɨ + k ui,,dietrich2015,,,,,599 600,0,0,earth made.powder
Ava-164_dust-2,,Ava,164_dust,ɨwɨkui; ɨwɨkwĩti,ɨwɨ+kwĩti,ɨ ʋ ɨ + k w ĩ t i,,dietrich2015,,,,,599 601,0,0,earth made.powder
Ava-168_star-1,,Ava,168_star,jasɨ tata,jasɨ tata,dʒ a s ɨ + t a t a,,dietrich2015,,,,,605 606,0,0,moon fire
Ava-280_personhumanbeing-1,,Ava,280_personhumanbeing,karai; mbya,karai,k a r a i,,dietrich2015,,,,,607,0,0,?
Ava-280_personhumanbeing-2,,Ava,280_personhumanbeing,karai; mbya,mbya,ⁿb ɨ a,,dietrich2015,,,,,608,0,0,?
Ava-66_mother-1,,Ava,66_mother,chesɨ; ichɨ,sɨ,s ɨ,,dietrich2015,,,,,541 613,0,0,?
Ava-66_mother-2,,Ava,66_mother,chesɨ; ichɨ,ichɨ,i tʃ ɨ,,dietrich2015,,,,,80,0,0,?
Ava-145_nearadv-1,,Ava,145_nearadv,ko; kõi; kõñõ,ko,k o,,dietrich2015,,,,,615,0,0,?
Ava-145_nearadv-2,,Ava,145_nearadv,ko; kõi; kõñõ,kõi,k õ i,,dietrich2015,,,,,615,0,0,?
Ava-145_nearadv-3,,Ava,145_nearadv,ko; kõi; kõñõ,kõ+ñõ,k õ ɲ õ,,dietrich2015,,,,,615 616,0,0,?
Ava-92_cloud-1,,Ava,92_cloud,ãma; ãma pɨ̃tu,ãma,ã m a,,dietrich2015,,,,,617,0,0,?
Ava-92_cloud-2,,Ava,92_cloud,ãma; ãma pɨ̃tu,ãma pɨ̃tu,ã m a + p ɨ̃ t u,,dietrich2015,,,,,617 618,0,0,rain night
Ava-279_come-1,,Ava,279_come,aju,a+ju,dʒ u,,dietrich2015,,,,,621 622,0,0,?
Ava-43_leaf-1,,Ava,43_leaf,hoki; ho'o; roo,h+oki,h + o k i,,dietrich2015,,,,,539 623,0,0,_:poss leaf
Ava-43_leaf-2,,Ava,43_leaf,hoki; ho'o; roo,ho'o,h + o ʔ o,,dietrich2015,,,,,624,0,0,_:poss leaf
Ava-43_leaf-3,,Ava,43_leaf,hoki; ho'o; roo,roo,r + oː,,dietrich2015,,,,,625,0,0,_:poss leaf
Ava-93_sky-1,,Ava,93_sky,ara,ara,a r a,,dietrich2015,,,,,628,0,0,?
Ava-90_bark-1,,Ava,90_bark,ɨwɨra pire,ɨwɨra pire,ɨ ʋ ɨ r a + p i r e,,dietrich2015,,,,,118 580,0,0,tree skin
Ava-140_where-1,,Ava,140_where,keapepa,kea+pe+pa,k e a + p e + p a,,dietrich2015,,,,,639 640 604,0,0,where _:in _:int
Ava-298_ropecord-1,,Ava,298_ropecord,sã; tɨmãsa,sã,s ã,,dietrich2015,,,,,643,0,0,?
Ava-298_ropecord-2,,Ava,298_ropecord,sã; tɨmãsa,tɨmãsa,t ɨ m ã s a,,dietrich2015,,,,,644,0,0,?
Ava-141_how-1,,Ava,141_how,kerẽipa,kerẽi+pa,k e r ẽ i + p a,,dietrich2015,,,,,645 604,0,0,how _:int
Ava-153_three-1,,Ava,153_three,mbapɨ,mbapɨ,ⁿb a p ɨ,,dietrich2015,,,,,646,0,0,?
Ava-244_white-1,,Ava,244_white,tĩi,tĩi,t ĩ i,,dietrich2015,,,,,647,0,0,?
Ava-146_faradv-1,,Ava,146_faradv,mombɨrɨ,mombɨrɨ,m o ⁿb ɨ r ɨ,,dietrich2015,,,,,649,0,0,?
Ava-106_year-1,,Ava,106_year,ara; roɨ,ara,a r a,,dietrich2015,,,,,651,0,0,?
Ava-106_year-2,,Ava,106_year,ara; roɨ,roɨ,r o ɨ,,dietrich2015,,,,,651,0,0,?
Ava-162_drink-1,,Ava,162_drink,u,u,u,,dietrich2015,,,,,652,0,0,?
Ava-248_flower-1,,Ava,248_flower,chepotɨ,potɨ,p o t ɨ,,dietrich2015,,,,,541 653,0,0,?
Ava-41_fall-1,,Ava,41_fall,a,a,a,,dietrich2015,,,,,656,0,0,?
Ava-264_know-1,,Ava,264_know,kwaa,kwaa,k w aː,,dietrich2015,,,,,148,0,0,?
Ava-274_ashes-1,,Ava,274_ashes,tanimbu,tanimbu,t a n i ⁿb u,,dietrich2015,,,,,658,0,0,?
Ava-65_largebig-1,,Ava,65_largebig,gwasu; tuicha,gwasu,ɣʷ a s u,,dietrich2015,,,,,659,0,0,?
Ava-65_largebig-2,,Ava,65_largebig,gwasu; tuicha,tuicha,t w i tʃ a,,dietrich2015,,,,,660,0,0,?
Ava-148_short-1,,Ava,148_short,chutu,chutu,tʃ u t u,,dietrich2015,,,,,661,0,0,?
Ava-149_five-1,,Ava,149_five,pandepo,pa+nde+po,p a + ⁿd e + p o,,dietrich2015,,,,,595 670 671,0,0,all your hand
Ava-276_eat-1,,Ava,276_eat,karu; u,karu,k a r u,,dietrich2015,,,,,168,0,0,?
Ava-276_eat-2,,Ava,276_eat,karu; u,u,u,,dietrich2015,,,,,672,0,0,?
Ava-191_grass-1,,Ava,191_grass,kapii,kapii,k a p iː,,dietrich2015,,,,,674,0,0,?
Ava-152_one-1,,Ava,152_one,mopẽti,mopẽti,m o + p ẽ t i,,dietrich2015,,,,,675 676,0,0,? one
Ava-263_everyall-1,,Ava,263_everyall,ñãwo; opa,ñãwo,ɲ ã ʋ o,,dietrich2015,,,,,677,0,0,?
Ava-263_everyall-2,,Ava,263_everyall,ñãwo; opa,opa,o p a,,dietrich2015,,,,,678,0,0,?
Ava-291_name-1,,Ava,291_name,hee,h+ee,h + eː,,dietrich2015,,,,,680 681,0,0,_:poss name
Ava-292_old-1,,Ava,292_old,ndechi,ndechi,ⁿd e tʃ i,,dietrich2015,,,,,682,0,0,?
Ava-282_father-1,,Ava,282_father,cheru; tu; tuu,che+ru,r + u,,dietrich2015,,,,,541 683,0,0,_:poss father
Ava-282_father-2,,Ava,282_father,cheru; tu; tuu,t+u,t + u,,dietrich2015,,,,,537 684,0,0,_:poss father
Ava-282_father-3,,Ava,282_father,cheru; tu; tuu,t+uu,t + uː,,dietrich2015,,,,,537 684,0,0,_:poss father
Ava-100_smalllittle-1,,Ava,100_smalllittle,michi,michi,m i tʃ i,,dietrich2015,,,,,180,0,0,?
Ava-135_two-1,,Ava,135_two,mõkoi,mõkoi,m õ k oi,,dietrich2015,,,,,687,0,0,?
Ava-15_long-1,,Ava,15_long,puku,puku,p u k u,,dietrich2015,,,,,688,0,0,?
Ava-275_intestinesguts-1,,Ava,275_intestinesguts,chechuri; ichuri; tɨe,churi,tʃ u r i,,dietrich2015,,,,,541 690,0,0,?
Ava-275_intestinesguts-2,,Ava,275_intestinesguts,chechuri; ichuri; tɨe,t+ɨe,t + ɨ e,,dietrich2015,,,,,537 190,0,0,_:poss intestines
Ava-188_smellvbtrans-1,,Ava,188_smellvbtrans,aẽtu,aẽtu,ẽ t u,,dietrich2015,,,,,695,0,0,?
Ava-52_treecf08600-1,,Ava,52_treecf08600,ɨwɨra,ɨwɨra,ɨ ʋ ɨ r a,,dietrich2015,,,,,698,0,0,?
Ava-74_seed-1,,Ava,74_seed,hãɨ; temĩtɨ,hãɨ,h + ã ɨ,,dietrich2015,,,,,704,0,0,_:poss seed
Ava-74_seed-2,,Ava,74_seed,hãɨ; temĩtɨ,temĩ+tɨ,t e m ĩ t ɨ,,dietrich2015,,,,,704 197,0,0,?
Ava-47_sun-1,,Ava,47_sun,kwaraɨ; kwarasɨ,kwaraɨ,k w a r a ɨ,,dietrich2015,,,,,198,0,0,?
Ava-47_sun-2,,Ava,47_sun,kwaraɨ; kwarasɨ,kwarasɨ,k w a r a s ɨ,,dietrich2015,,,,,198,0,0,?
Ava-283_give-1,,Ava,283_give,mẽẽ,mẽẽ,m ẽː,,dietrich2015,,,,,710,0,0,?
Ava-136_littlequantityfew-1,,Ava,136_littlequantityfew,michi,michi,m i tʃ i,,dietrich2015,,,,,711,0,0,?
Ava-147_muchmany-1,,Ava,147_muchmany,heta,h+eta,h + e t a,,dietrich2015,,,,,713 217,0,0,_:3sg many
Ava-266_cold-1,,Ava,266_cold,roɨ; rõɨsa,roɨ,r + o ɨ,,dietrich2015,,,,,716,0,0,_:poss cold
Ava-266_cold-2,,Ava,266_cold,roɨ; rõɨsa,rõɨsa,r + õ ɨ + s a,,dietrich2015,,,,,716,0,0,_:poss cold _:suff/sa
Ava-39_sit-1,,Ava,39_sit,gwapɨ,gwapɨ,ɣʷ a p ɨ,,dietrich2015,,,,,717,0,0,?
Ava-285_fruit-1,,Ava,285_fruit,aa; ia,aa,aː,,dietrich2015,,,,,729,0,0,?
Ava-323_hold-1,,Ava,323_hold,nõi; pɨsɨ,nõi,n õ i,,dietrich2015,,,,,730,0,0,?
Ava-323_hold-2,,Ava,323_hold,nõi; pɨsɨ,pɨsɨ,p ɨ s ɨ,,dietrich2015,,,,,731,0,0,?
Ava-46_animal-1,,Ava,46_animal,mɨmba; che mbae mɨmba,mɨmba,m ɨ ⁿb a,,dietrich2015,,,,,734,0,0,?
Ava-290_mosquito-1,,Ava,290_mosquito,ñatɨu,ñatɨu,ɲ a t ɨ u,,dietrich2015,,,,,735,0,0,?
Ava-35_spider-1,,Ava,35_spider,yanduti,yanduti,dʒ a ⁿd u + t i,,dietrich2015,,,,,736,0,0,spider _:?
Ava-95_claw-1,,Ava,95_claw,poãpe,poãpe,p o + ã p e,,dietrich2015,,,,,737,0,0,hand back
Ava-95_claw-2,,Ava,95_claw,poãpe,po+ãpe,p o + ã p e,,dietrich2015,,,,,738 671 737,0,0,hand back
Ava-57_arm-1,,Ava,57_arm,jĩwa,jĩwa,dʒ ĩ w a,,dietrich2015,,,,,541 739,0,0,?
Ava-102_horn-1,,Ava,102_horn,hãti,h+ãti,h + ã t i,,dietrich2015,,,,,539 237,0,0,_:3sg horn
Ava-58_beard-1,,Ava,58_beard,hendɨwaa,h+endɨwaa,h + e ⁿd ɨ ʋ aː,,dietrich2015,,,,,539 741,0,0,_:poss beard
Ava-254_chest-1,,Ava,254_chest,pɨtia,pɨtia,p ɨ t i a,,dietrich2015,,,,,541 743,0,0,?
Ava-61_chin-1,,Ava,61_chin,hendɨwawa,h+endɨwawa,h + e ⁿd ɨ ʋ a ʋ a,,dietrich2015,,,,,539 744,0,0,_:poss chin
Ava-62_lip-1,,Ava,62_lip,hembe,h+embe,h + e ⁿb e,,dietrich2015,,,,,539 745,0,0,_:poss lip
Ava-64_finger-1,,Ava,64_finger,chepoãka,po+ãka,p o + ã k a,,dietrich2015,,,,,541 671 749,0,0,hand head
Ava-281_elbow-1,,Ava,281_elbow,cherendɨwanga; hendiwanga,r+endɨwanga,r + e ⁿd ɨ ʋ a ŋ g a,,dietrich2015,,,,,541 750 751,0,0,_:poss elbow
Ava-281_elbow-2,,Ava,281_elbow,cherendɨwanga; hendiwanga,h+endiwanga,h + e ⁿd i ʋ a ŋ g a,,dietrich2015,,,,,539 751,0,0,_:poss elbow
Ava-94_fingernail-1,,Ava,94_fingernail,chepãpe; poãpe,che+pãpe,p ã p e,,dietrich2015,,,,,541 752,0,0,?
Ava-94_fingernail-2,,Ava,94_fingernail,chepãpe; poãpe,po+ãpe,p o + ã p e,,dietrich2015,,,,,671 752,0,0,hand top
Ava-299_thunder-1,,Ava,299_thunder,ama rɨapu,ama+r+ɨapu,a m a + r + ɨ a p u,,dietrich2015,,,,,754 755 756,0,0,rain _:poss ?
Ava-109_lightning-1,,Ava,109_lightning,amatɨrɨrɨ; amawera,ama+tɨrɨrɨ,a m a + t ɨ r ɨ r ɨ,,dietrich2015,,,,,758 759,0,0,rain ?
Ava-109_lightning-2,,Ava,109_lightning,amatɨrɨrɨ; amawera,ama+wera,a m a + ʋ e r a,,dietrich2015,,,,,758 759,0,0,rain ?
Ava-126_liedown-1,,Ava,126_liedown,ajapakwa,ajapakwa,dʒ a p a k w a,,dietrich2015,,,,,760,0,0,?
Ava-72_house-1,,Ava,72_house,ãiña; cheroo; hoo; oo,ãiñ+a,i ɲ a,,dietrich2015,,,,,765 766,0,0,?
Ava-72_house-2,,Ava,72_house,ãiña; cheroo; hoo; oo,oo,oː,,dietrich2015,,,,,766,0,0,?
Ava-101_child-1,,Ava,101_child,membɨ; mĩchia,membɨ,m e ⁿb ɨ,,dietrich2015,,,,,767,0,0,?
Ava-101_child-2,,Ava,101_child,membɨ; mĩchia,mĩchia,m ĩ tʃ i a,,dietrich2015,,,,,768,0,0,?
Ava-296_road-1,,Ava,296_road,hape,h+ape,h + a p e,,dietrich2015,,,,,539 769,0,0,_:poss road
Ava-150_ten-1,,Ava,150_ten,payandepo,pa+yande+po,p a + dʒ a ⁿd e + p o,,dietrich2015,,,,,595 715 671,0,0,all our hand
Ava-132_float-1,,Ava,132_float,wewi,wewi,ʋ e ʋ i,,dietrich2015,,,,,770,0,0,?
Ava-110_fightvb-1,,Ava,110_fightvb,ñorãro,ñorãro,ɲ o r ã r o,,dietrich2015,,,,,771,0,0,?
Ava-293_owl-1,,Ava,293_owl,kaagwere,kaagwere,k aː ɣʷ e r e,,dietrich2015,,,,,773,0,0,?
Ava-273_cat-1,,Ava,273_cat,mĩta,mĩta,m ĩ t a,,dietrich2015,,,,,776,0,0,?
Ava-55_bee-1,,Ava,55_bee,eituu,ei+tuu,e i + t + uː,,dietrich2015,,,,,777 778,0,0,honey _:poss father
Ava-289_parrot-1,,Ava,289_parrot,ajuru,ajuru,a dʒ u r u,,dietrich2015,,,,,779,0,0,?
Ava-128_flea-1,,Ava,128_flea,chepiki,che+piki,p i k i,,dietrich2015,,,,,541 287,0,0,?
Ava-166_deer-1,,Ava,166_deer,gwahu; gwasu,gwahu,ɣʷ a h u,,dietrich2015,,,,,781,0,0,?
Ava-166_deer-2,,Ava,166_deer,gwahu; gwasu,gwasu,ɣʷ a s u,,dietrich2015,,,,,781,0,0,?
Ava-118_ant-1,,Ava,118_ant,tahɨ; tasɨ,tahɨ,t a h ɨ,,dietrich2015,,,,,785,0,0,?
Ava-118_ant-2,,Ava,118_ant,tahɨ; tasɨ,tasɨ,t a s ɨ,,dietrich2015,,,,,785,0,0,?
Ava-99_palmofhand-1,,Ava,99_palmofhand,chepo pɨte; pombɨte,po pɨte,p o + p ɨ t e,,dietrich2015,,,,,541 671 786,0,0,hand _:footsole
Ava-99_palmofhand-2,,Ava,99_palmofhand,chepo pɨte; pombɨte,po+mbɨte,p o + ⁿb ɨ t e,,dietrich2015,,,,,671 786,0,0,hand _:footsole
Ava-89_fur-1,,Ava,89_fur,pire,pire,p i r e,,dietrich2015,,,,,787,0,0,?
Ava-42_hairhead-1,,Ava,42_hairhead,a; haa; raa,aa,aː,,dietrich2015,,,,,788,0,0,?
Ava-249_penis-1,,Ava,249_penis,hakwa; hembo,h+akwa,h + a k w a,,dietrich2015,,,,,539 792,0,0,_:poss penis
Ava-249_penis-2,,Ava,249_penis,hakwa; hembo,h+embo,h + e ⁿb o,,dietrich2015,,,,,539 793,0,0,_:poss penis
Ava-88_skull-1,,Ava,88_skull,ãka kãngwe,ãka kãngwe,ã k a + k ã n ɣʷ e,,dietrich2015,,,,,796 797,0,0,head bone
Ava-288_lung-1,,Ava,288_lung,chepɨtũe,pɨtũe,p ɨ t ũ e,,dietrich2015,,,,,541 803,0,0,?
Ava-200_testicle-1,,Ava,200_testicle,tapia,t+apia,t + a p i a,,dietrich2015,,,,,537 807,0,0,_:poss testicle
Ava-262_under-1,,Ava,262_under,i gwɨpe,i gwɨ+pe,i + ɣʷ ɨ + p e,,dietrich2015,,,,,814 815 816,0,0,_:3sg under _:in
Ava-124_bed-1,,Ava,124_bed,tupa,t+upa,t + u p a,,dietrich2015,,,,,541 819,0,0,_:poss bed
Ava-143_plantvb-1,,Ava,143_plantvb,añõti,ñõti,ɲ õ t i,,dietrich2015,,,,,823,0,0,?
Ava-73_village-1,,Ava,73_village,tẽta,t+ẽta,t + ẽ t a,,dietrich2015,,,,,537 827,0,0,_:poss village
Ava-268_upabove-1,,Ava,268_upabove,aramo; ɨwate,aramo,a r a m o,,dietrich2015,,,,,828,0,0,?
Ava-268_upabove-2,,Ava,268_upabove,aramo; ɨwate,ɨwate,ɨ ʋ a t e,,dietrich2015,,,,,829,0,0,?
Ava-60_doorgate-1,,Ava,60_doorgate,hõke,õke,õ k e,,dietrich2015,,,,,832 833,0,0,?
Ava-76_cover-1,,Ava,76_cover,mbujasoi,mbu+jasoi,ⁿb u + dʒ a s o i,,dietrich2015,,,,,834 835,0,0,_:caus cover
Ava-278_buy-1,,Ava,278_buy,gwa; wa,gwa,ɣʷ a,,dietrich2015,,,,,836,0,0,?
Ava-123_burnvbintrans-1,,Ava,123_burnvbintrans,akai,akai,k ai,,dietrich2015,,,,,329,0,0,?
Ava-158_nine-1,,Ava,158_nine,chao,chao,tʃ a o,,dietrich2015,,,,,839,0,0,?
Ava-103_club-1,,Ava,103_club,ɨwɨra punga,ɨwɨra+punga,ɨ ʋ ɨ r a + p u n g a,,dietrich2015,,,,,698 840,0,0,wood ?
Ava-271_sweetpotato-1,,Ava,271_sweetpotato,jetɨ,jetɨ,dʒ e t ɨ,,dietrich2015,,,,,846,0,0,?
Ava-156_seven-1,,Ava,156_seven,chiu,chiu,tʃ i u,,dietrich2015,,,,,847,0,0,?
Ava-86_path-1,,Ava,86_path,tape ipɨraɨ,t+ape i+pɨraɨ,t + a p e + i p ɨ r a ɨ,,dietrich2015,,,,,537 769 851 852,0,0,_:poss path ?
Ava-169_knife-1,,Ava,169_knife,kɨse,kɨse,k ɨ s e,,dietrich2015,,,,,343,0,0,?
Ava-170_needle-1,,Ava,170_needle,juu,juu,dʒ uː,,dietrich2015,,,,,854,0,0,?
Ava-104_soulspirit-1,,Ava,104_soulspirit,ã,ã,ã,,dietrich2015,,,,,855,0,0,?
Ava-277_cryweep-1,,Ava,277_cryweep,ajajo; ayaeo,jajo,dʒ a dʒ o,,dietrich2015,,,,,859,0,0,?
Ava-277_cryweep-2,,Ava,277_cryweep,ajajo; ayaeo,yaeo,dʒ a e o,,dietrich2015,,,,,860,0,0,?
Ava-155_six-1,,Ava,155_six,owa,owa,o ʋ a,,dietrich2015,,,,,861,0,0,?
Ava-287_maizecorn-1,,Ava,287_maizecorn,awati,awati,a ʋ a t i,,dietrich2015,,,,,864,0,0,?
Ava-206_oldman-1,,Ava,206_oldman,tamɨ̃i ramɨ̃i,ramɨ̃i,r a m ɨ̃ i,,dietrich2015,,,,,870 354,0,0,?
Ava-151_twenty-1,,Ava,151_twenty,mõkoi pa yande po; mõkoi opa,mõkoi+pa+yande+po,m õ k oi + p a + dʒ a ⁿd e + p o,,dietrich2015,,,,,872 595 715 671,0,0,two all our hand
Ava-151_twenty-2,,Ava,151_twenty,mõkoi pa yande po; mõkoi opa,mõkoi+opa,m õ k oi + o p a,,dietrich2015,,,,,872 678,0,0,two all
Ava-300_tobacco-1,,Ava,300_tobacco,pẽtɨ,pẽtɨ,p ẽ t ɨ,,dietrich2015,,,,,360,0,0,?
Ava-295_ripe-1,,Ava,295_ripe,agwɨye,agwɨye,a ɣʷ ɨ dʒ e,,dietrich2015,,,,,877,0,0,?
Ava-270_tapiocamanioccassava-1,,Ava,270_tapiocamanioccassava,mandio,mandio,m a ⁿd i o,,dietrich2015,,,,,884,0,0,?
Ava-157_eight-1,,Ava,157_eight,huri,huri,h u r i,,dietrich2015,,,,,886,0,0,?
Ava-159_cook-1,,Ava,159_cook,amõi; ayembiapo; mboyɨ,mõi,m õ i,,dietrich2015,,,,,899,0,0,?
Ava-159_cook-2,,Ava,159_cook,amõi; ayembiapo; mboyɨ,yembiapo,dʒ e ⁿb j a p o,,dietrich2015,,,,,900,0,0,?
Ava-159_cook-3,,Ava,159_cook,amõi; ayembiapo; mboyɨ,mbo+yɨ,ⁿb o + dʒ ɨ,,dietrich2015,,,,,641 901,0,0,_:caus cooked
Ava-207_oldwoman-1,,Ava,207_oldwoman,tɨãno; tɨãro,tɨãno,t ɨ ã n o,,dietrich2015,,,,,904,0,0,?
Ava-207_oldwoman-2,,Ava,207_oldwoman,tɨãno; tɨãro,t+ɨãro,t + ɨ ã r o,,dietrich2015,,,,,905 389,0,0,_:poss old.woman
Ava-142_sap-1,,Ava,142_sap,ɨwɨra itɨ,ɨwɨra itɨ,ɨ ʋ ɨ r a + i t ɨ,,dietrich2015,,,,,698 906,0,0,tree ?
Ava-36_spiderweb-1,,Ava,36_spiderweb,hapãa; yanduti rupaa,hapãa,h a p ã a,,dietrich2015,,,,,908,0,0,?
Ava-36_spiderweb-2,,Ava,36_spiderweb,hapãa; yanduti rupaa,yanduti r+upaa,dʒ a ⁿd u + t i + r + u p aː,,dietrich2015,,,,,909 910 908,0,0,spider _:? _:poss bed
Ava-252_cow-1,,Ava,252_cow,waka,waka,ʋ a k a,,dietrich2015,,,,,297,0,0,?
Ava-173_lizard-1,,Ava,173_lizard,teju,teju,t e dʒ u,,dietrich2015,,,,,914,0,0,?
Ava-267_nest-1,,Ava,267_nest,haitɨ,h+aitɨ,h + a i t ɨ,,dietrich2015,,,,,539 396,0,0,_:poss nest
Ava-116_goat-1,,Ava,116_goat,kapura,kapura,k a p u r a,,dietrich2015,,,,,916,0,0,?
Ava-302_pig-1,,Ava,302_pig,kuchi; kusi,kuchi,k u tʃ i,,dietrich2015,,,,,920,0,0,?
Ava-302_pig-2,,Ava,302_pig,kuchi; kusi,kusi,k u s i,,dietrich2015,,,,,920,0,0,?
Ava-174_dove-1,,Ava,174_dove,jeruti; pikasu,jeruti,dʒ e r u t i,,dietrich2015,,,,,923,0,0,?
Ava-174_dove-2,,Ava,174_dove,jeruti; pikasu,pikasu,p i k a s u,,dietrich2015,,,,,405,0,0,?
Ava-260_crocodilealligator-1,,Ava,260_crocodilealligator,pãicha; yakare,pãicha,p ã i tʃ a,,dietrich2015,,,,,924,0,0,?
Ava-260_crocodilealligator-2,,Ava,260_crocodilealligator,pãicha; yakare,yakare,dʒ a k a r e,,dietrich2015,,,,,925,0,0,?
Ava-186_shell-1,,Ava,186_shell,ape,ape,a p e,,dietrich2015,,,,,930,0,0,?
Ava-245_snail-1,,Ava,245_snail,jatɨta,jatɨta,dʒ a t ɨ t a,,dietrich2015,,,,,937,0,0,?
Ava-160_fox-1,,Ava,160_fox,agwara,agwara,a ɣʷ a r a,,dietrich2015,,,,,940,0,0,?
Ava-286_grasshopper-1,,Ava,286_grasshopper,tuku,tuku,t u k u,,dietrich2015,,,,,943,0,0,?
Ava-113_horseequine-1,,Ava,113_horseequine,chekawayu,kawayu,k a w a j u,,dietrich2015,,,,,541 928,0,0,?
Ava-208_mule-1,,Ava,208_mule,mburika; mburiga gwasu,mburiga gwasu,ⁿb u r i g a + ɣʷ a s u,,dietrich2015,,,,,953 954,0,0,donkey big
Ava-91_fishscale-1,,Ava,91_fishscale,ape,ape,a p e,,dietrich2015,,,,,930,0,0,?
Ava-2_beehive-1,,Ava,2_beehive,ei+tu+renda,ei+tu+renda,e i + t + u + r + e ⁿd a,,dietrich2015,,,,,960 961 962,0,0,honey _:poss father _:poss place
Ava-96_findorsal-1,,Ava,96_findorsal,pira pepo,pira pepo,p i r a + p e p o,,dietrich2015,,,,,963 964,0,0,fish wing
Ava-256_bull-1,,Ava,256_bull,waka kuimbae,waka kuimbae,ʋ a k a + k w i ⁿb a e,,dietrich2015,,,,,968 880,0,0,cow male
Ava-255_ox-1,,Ava,255_ox,gweye,gweye,ɣʷ e dʒ e,,dietrich2015,,,,,969,0,0,?
Ava-242_assdonkey-1,,Ava,242_assdonkey,mburika,mburika,ⁿb u r i k a,,dietrich2015,,,,,970,0,0,?
Ava-284_hawk-1,,Ava,284_hawk,gwɨrakee,gwɨra+kee,ɣʷ ɨ r a + k eː,,dietrich2015,,,,,971 972,0,0,bird ?
Ava-257_wasp-1,,Ava,257_wasp,kawẽe,kawẽe,k a ʋ ẽ e,,dietrich2015,,,,,973,0,0,?
Ava-70_eyelid-1,,Ava,70_eyelid,hesapire,h+esa+pire,h + e s a + p i r e,,dietrich2015,,,,,539 553 580,0,0,_:poss eye skin
Ava-40_borntobe-1,,Ava,40_borntobe,aa,aa,aː,,dietrich2015,,,,,988,0,0,?
Ava-259_eyelash-1,,Ava,259_eyelash,hopea,h+opea,h + o p e a,,dietrich2015,,,,,539 992,0,0,_:poss eyelash
Ava-121_footprint-1,,Ava,121_footprint,taĩkwere,t+aĩkwere,t + a ĩ k w e r e,,dietrich2015,,,,,537 482,0,0,_:poss footprint
Ava-258_poison-1,,Ava,258_poison,mbayachɨ; tendɨrasɨ,mbayachɨ,ⁿb a dʒ a tʃ ɨ,,dietrich2015,,,,,1013,0,0,?
Ava-258_poison-2,,Ava,258_poison,mbayachɨ; tendɨrasɨ,tendɨ+rasɨ,t e ⁿd ɨ + r + a s ɨ,,dietrich2015,,,,,1014 484,0,0,saliva _:poss sick
Ava-301_urinate-1,,Ava,301_urinate,akwaru,akwaru,k w a r u,,dietrich2015,,,,,487,0,0,?
Ava-77_nippleteat-1,,Ava,77_nippleteat,chekambu ĩti,kambu ĩ+ti,k a ⁿb u + ĩ + t i,,dietrich2015,,,,,541 1023 1024 1025,0,0,breast _:poss nose
Ava-81_spine-1,,Ava,81_spine,ñu rãti,ñu+r+ãti,ɲ u + r + ã t i,,dietrich2015,,,,,1040 1041 1042,0,0,? _:poss horn
Ava-294_pus-1,,Ava,294_pus,peu,peu,p e u,,dietrich2015,,,,,1050,0,0,?
Ava-68_womb-1,,Ava,68_womb,hɨru,h+ɨru,h + ɨ r u,,dietrich2015,,,,,539 1054,0,0,_:poss womb
Ava-84_veinartery-1,,Ava,84_veinartery,tuwɨ rɨru,t+uwɨ r+ɨru,t + u ʋ ɨ + r + ɨ r u,,dietrich2015,,,,,537 1055 1056 1057,0,0,_:poss blood _:poss womb
Ava-144_mute-1,,Ava,144_mute,ñẽembae,ñẽe+mbae,ɲ ẽ e + ⁿb a e,,dietrich2015,,,,,1067 1068,0,0,words _:less
Ava-63_thumb-1,,Ava,63_thumb,poakã gwasu; poakã rusu,po+akã+gwasu,p o + a k ã + ɣʷ a s u,,dietrich2015,,,,,671 1072 1073,0,0,hand head big
Ava-63_thumb-2,,Ava,63_thumb,poakã gwasu; poakã rusu,po+akã+rusu,p o + a k ã + r u s u,,dietrich2015,,,,,671 1072 1073,0,0,hand head big
Ava-80_beak-1,,Ava,80_beak,tĩ,tĩ,t ĩ,,dietrich2015,,,,,1074,0,0,?
Ava-134_itch-1,,Ava,134_itch,hẽmi,h+ẽmi,h + ẽ m i,,dietrich2015,,,,,539 1081,0,0,_:3sg itch
Ava-269_wakeup-1,,Ava,269_wakeup,pa,pa,p a,,dietrich2015,,,,,1086,0,0,?
Ava-127_cousin-1,,Ava,127_cousin,tɨkeɨ,t+ɨkeɨ,t + ɨ k e ɨ,,dietrich2015,,,,,537 514,0,0,_:poss cousin
Ava-87_place-1,,Ava,87_place,henda,h+enda,h + e ⁿd a,,dietrich2015,,,,,539 515,0,0,_:poss place
Ava-137_potter-1,,Ava,137_potter,ñãe ijapoa,ñãe i+japo+a,ɲ ã e + i + dʒ a p o + a,,dietrich2015,,,,,1104 1105 1106 1107,0,0,bowl _:3sg make _:nmlz
Ava-105_shadeshadow-1,,Ava,105_shadeshadow,ã,ã,ã,,dietrich2015,,,,,1109,0,0,?
Ava-69_parents-1,,Ava,69_parents,ɨpɨreta,ɨpɨ+reta,ɨ p ɨ + r e t a,,dietrich2015,,,,,1110 1111,0,0,parent _:pl
Ava-165_write-1,,Ava,165_write,aikwatia,aikwatia,k w a t j a,,dietrich2015,,,,,1112,0,0,?
Ava-107_summer-1,,Ava,107_summer,araku,ar+aku,a r + a k u,,dietrich2015,,,,,1122 764,0,0,time hot
Ayoreo-85_blood-1,,Ayoreo,85_blood,iñojna; iyoi,iñojna,i ɲ o n̥ a,,benz2020;schmeda1998;briggs2015,,,,,1123 1124,0,0,?
Ayoreo-85_blood-2,,Ayoreo,85_blood,iñojna; iyoi,iyoi,i j oi,,benz2020;schmeda1998;briggs2015,,,,,1124 1123,0,0,?
Ayoreo-59_mouth-1,,Ayoreo,59_mouth,pijnani,pijnani,p i n̥ a n + i,,benz2020;schmeda1998;briggs2015,,,,,4,0,0,mouth _:masc.sg
Ayoreo-79_head-1,,Ayoreo,79_head,gatode,gaatoi,g aː t oi,,benz2020;schmeda1998;briggs2015,,,,,1125 1126,0,0,?
Ayoreo-56_hand-1,,Ayoreo,56_hand,jmanai,jmanai,m̥ a n aː i,,benz2020;schmeda1998;briggs2015,,,,,1127,0,0,?
Ayoreo-53_ear-1,,Ayoreo,53_ear,angorone,angorone,a ŋ o ɹ o n e,,benz2020;schmeda1998;briggs2015,,,,,1131,0,0,?
Ayoreo-50_red-1,,Ayoreo,50_red,caratai,cara+tai,k a ɹ a t aː i,,benz2020;schmeda1998;briggs2015,,,,,1136 1137,0,0,?
Ayoreo-50_red-2,,Ayoreo,50_red,ngatĩjna,ngatĩjna,ŋ a t ĩ n̥ a,,benz2020;schmeda1998;briggs2015,,,,,550,0,0,?
Ayoreo-163_see-1,,Ayoreo,163_see,chimo jnoque,chi+mo jnoque,tʃ i + m o + n̥ o k e,,benz2020;schmeda1998;briggs2015,,,,,66 1142 1143,0,0,_:3sg see ?
Ayoreo-163_see-2,,Ayoreo,163_see,imo,i+mo,i m o ʔ,,benz2020;schmeda1998;briggs2015,,,,,1144 1142,0,0,see
Ayoreo-37_husband-1,,Ayoreo,37_husband,abai,abai,a b ai,,benz2020;schmeda1998;briggs2015,,,,,555 1148,0,0,?
Ayoreo-38_wife-1,,Ayoreo,38_wife,dacote,d+acote,d + a k o t e,,benz2020;schmeda1998;briggs2015,,,,,1149 556,0,0,_:poss wife
Ayoreo-138_hear-1,,Ayoreo,138_hear,chudute,udute,u d u t e ʔ,,benz2020;schmeda1998;briggs2015,,,,,871 557,0,0,?
Ayoreo-138_hear-2,,Ayoreo,138_hear,tangari,t+angai,t + a ŋ ai,,benz2020;schmeda1998;briggs2015,,,,,32 1150,0,0,:3sg hear
Ayoreo-187_bird-1,,Ayoreo,187_bird,chunguperẽ,chunguperẽ,tʃ u ŋ u p e ɹ ẽ,,benz2020;schmeda1998;briggs2015,,,,,1151,0,0,?
Ayoreo-97_fish-1,,Ayoreo,97_fish,oyidi,oyidi,o j i d i,,benz2020;schmeda1998;briggs2015,,,,,1152,0,0,?
Ayoreo-130_louse-1,,Ayoreo,130_louse,jnarii,jnarii,n̥ a r iː,,benz2020;schmeda1998;briggs2015,,,,,1155 1156,0,0,?
Ayoreo-129_dog-1,,Ayoreo,129_dog,tamocoi,tamoco+i,t a m o k o + i,,benz2020;schmeda1998;briggs2015,,,,,1157 1158,0,0,dog _:masc.sg
Ayoreo-251_tongue-1,,Ayoreo,251_tongue,areei,areei,a ɹ eː i,,benz2020;schmeda1998;briggs2015,,,,,1159 1160 1161,0,0,?
Ayoreo-78_breastofwoman-1,,Ayoreo,78_breastofwoman,"aobe, ijnanie",jnani aobe,n̥ a n i + a o b e,,benz2020;schmeda1998;briggs2015,,,,,1163,0,0,woman chest
Ayoreo-78_breastofwoman-2,,Ayoreo,78_breastofwoman,"aobe, ijnanie",ijna,i n̥ a,,benz2020;schmeda1998;briggs2015,,,,,1164 567,0,0,?
Ayoreo-98_wing-1,,Ayoreo,98_wing,ujnoi,ujno+i,u n̥ oː i,,benz2020;schmeda1998;briggs2015,,,,,1165 1166,0,0,?
Ayoreo-82_back-1,,Ayoreo,82_back,guidoboi,guidobo+i,g iː d o b oː + i,,benz2020;schmeda1998;briggs2015,,,,,569 52 1167,0,0,back _:masc.sg
Ayoreo-83_bone-1,,Ayoreo,83_bone,ajnoquei,ajoque+i,a n̥ o k eː + i,,benz2020;schmeda1998;briggs2015,,,,,570 1168,0,0,bone _:masc.sg
Ayoreo-120_leg-1,,Ayoreo,120_leg,"etaudi, otadi",eta+udi,e t a u d i,,benz2020;schmeda1998;briggs2015,,,,,571 56,0,0,?
Ayoreo-120_leg-2,,Ayoreo,120_leg,"etaudi, otadi",ota+di,oː t a d i,,benz2020;schmeda1998;briggs2015,,,,,571 56,0,0,?
Ayoreo-246_foot-1,,Ayoreo,246_foot,guidai,guidai,g iː d aː i,,benz2020;schmeda1998;briggs2015,,,,,57 1169,0,0,?
Ayoreo-261_heart-1,,Ayoreo,261_heart,iyobie,iyo+bie,i j o b j e,,benz2020;schmeda1998;briggs2015,,,,,1171 575,0,0,?
Ayoreo-261_heart-2,,Ayoreo,261_heart,bayipie,ba+yipie,b a j i p j e,,benz2020;schmeda1998;briggs2015,,,,,575 1172,0,0,?
Ayoreo-125_sleep-1,,Ayoreo,125_sleep,emoto; imo,imo,i m o ʔ,,benz2020;schmeda1998;briggs2015,,,,,1174,0,0,see
Ayoreo-114_tail-1,,Ayoreo,114_tail,cari,cari,k a ɹ i,,benz2020;schmeda1998;briggs2015,,,,,1176,0,0,?
Ayoreo-111_kill-1,,Ayoreo,111_kill,chuje,ch+u+je,tʃ + u h e,,benz2020;schmeda1998;briggs2015,,,,,871 1180 1181,0,0,_:3sg kill
Ayoreo-75_skinhide-1,,Ayoreo,75_skinhide,aoi,aoi,a oi,,benz2020;schmeda1998;briggs2015,,,,,1182,0,0,?
Ayoreo-44_feather-1,,Ayoreo,44_feather,ãrama,ãrama,ã ɹ a m a,,benz2020;schmeda1998;briggs2015,,,,,582,0,0,?
Ayoreo-44_feather-2,,Ayoreo,44_feather,cucha ama,cucha ama,k u tʃ a + a m a,,benz2020;schmeda1998;briggs2015,,,,,1185 582,0,0,thing feather
Ayoreo-44_feather-3,,Ayoreo,44_feather,ojode,ojo+de,o h o + d e,,benz2020;schmeda1998;briggs2015,,,,,1186 1185,0,0,feather _:pl
Ayoreo-139_earthgroundsoil-1,,Ayoreo,139_earthgroundsoil,ẽami,ẽami,ẽ a m i,,benz2020;schmeda1998;briggs2015,,,,,1187,0,0,?
Ayoreo-139_earthgroundsoil-2,,Ayoreo,139_earthgroundsoil,jnumi,jnumi,n̥ u m i,,benz2020;schmeda1998;briggs2015,,,,,1187,0,0,?
Ayoreo-139_earthgroundsoil-3,,Ayoreo,139_earthgroundsoil,jnupe,jnupe,n̥ u p e,,benz2020;schmeda1998;briggs2015,,,,,1187,0,0,?
Ayoreo-154_four-1,,Ayoreo,154_four,ngagajni; gagajni,gagajni,g a ŋ a n̥ i,,benz2020;schmeda1998;briggs2015,,,,,1198,0,0,?
Ayoreo-167_yellow-1,,Ayoreo,167_yellow,peipi; sãre,peipi,p ei p i,,benz2020;schmeda1998;briggs2015,,,,,1202,0,0,?
Ayoreo-167_yellow-2,,Ayoreo,167_yellow,peipi; sãre,sãre,s ã ɹ e,,benz2020;schmeda1998;briggs2015,,,,,1203,0,0,?
Ayoreo-133_flyvb-1,,Ayoreo,133_flyvb,cho; iyo,cho,tʃ o,,benz2020;schmeda1998;briggs2015,,,,,1204,0,0,?
Ayoreo-133_flyvb-2,,Ayoreo,133_flyvb,cho; iyo,iyo,iː j o ʔ,,benz2020;schmeda1998;briggs2015,,,,,1205,0,0,?
Ayoreo-297_root-1,,Ayoreo,297_root,ei; taposi,ei,ei,,benz2020;schmeda1998;briggs2015,,,,,1206,0,0,?
Ayoreo-297_root-2,,Ayoreo,297_root,ei; taposi,taposi,t a p o s i,,benz2020;schmeda1998;briggs2015,,,,,592,0,0,?
Ayoreo-67_lake-1,,Ayoreo,67_lake,gajño,gajño,g aː ɲ̊ oː,,benz2020;schmeda1998;briggs2015,,,,,1208,0,0,?
Ayoreo-67_lake-2,,Ayoreo,67_lake,tie,tie,t i e,,benz2020;schmeda1998;briggs2015,,,,,1209,0,0,?
Ayoreo-243_black-1,,Ayoreo,243_black,autata,autata,a + u t a t a,,benz2020;schmeda1998;briggs2015,,,,,1210,0,0,skin black
Ayoreo-243_black-2,,Ayoreo,243_black,juduque,juduque,h u d u k e,,benz2020;schmeda1998;briggs2015,,,,,96,0,0,?
Ayoreo-243_black-3,,Ayoreo,243_black,utata,utata,u t a t a,,benz2020;schmeda1998;briggs2015,,,,,1210,0,0,?
Ayoreo-164_dust-1,,Ayoreo,164_dust,ijnõi,ijnõi,i n̥ õ + i,,benz2020;schmeda1998;briggs2015,,,,,1218,0,0,dust _:masc
Ayoreo-164_dust-2,,Ayoreo,164_dust,uñujna,uñujna,u ɲ u n̥ a,,benz2020;schmeda1998;briggs2015,,,,,1218,0,0,?
Ayoreo-164_dust-3,,Ayoreo,164_dust,uñojna; urui,uru+i,u ɹ u + i,,benz2020;schmeda1998;briggs2015,,,,,1219 1220,0,0,dust _:masc.sg
Ayoreo-168_star-1,,Ayoreo,168_star,guedo,guedo,g eː d o,,benz2020;schmeda1998;briggs2015,,,,,605,0,0,?
Ayoreo-280_personhumanbeing-1,,Ayoreo,280_personhumanbeing,ayore,ayore,a j o ɹ e,,benz2020;schmeda1998;briggs2015,,,,,1225 1226,0,0,?
Ayoreo-66_mother-1,,Ayoreo,66_mother,ite; date,da+te,d aː + t e,,benz2020;schmeda1998;briggs2015,,,,,80 1235,0,0,_:poss mother
Ayoreo-145_nearadv-1,,Ayoreo,145_nearadv,idogosi,idogosi,i d o g o s i ʔ,,benz2020;schmeda1998;briggs2015,,,,,1237,0,0,?
Ayoreo-92_cloud-1,,Ayoreo,92_cloud,gueabuja,gue+abuja,g e + a b u h a,,benz2020;schmeda1998;briggs2015,,,,,1242 1241,0,0,cloud beard
Ayoreo-92_cloud-2,,Ayoreo,92_cloud,gueode; guei,gue+ode,g e + o d e,,benz2020;schmeda1998;briggs2015,,,,,1242 618,0,0,cloud _:masc.pl
Ayoreo-92_cloud-3,,Ayoreo,92_cloud,gueode; guei,gue+i,g e + i,,benz2020;schmeda1998;briggs2015,,,,,1242 1243,0,0,cloud _:masc.sg
Ayoreo-92_cloud-4,,Ayoreo,92_cloud,tiya gueode,tiya gue+ode,t i j a + g e + o d e,,benz2020;schmeda1998;briggs2015,,,,,1244 1242 618,0,0,drizzle cloud _:masc.pl
Ayoreo-279_come-1,,Ayoreo,279_come,di; ibagi,di,d i,,benz2020;schmeda1998;briggs2015,,,,,622,0,0,?
Ayoreo-279_come-2,,Ayoreo,279_come,di; ibagi,ibagi,i b a g i,,benz2020;schmeda1998;briggs2015,,,,,1247,0,0,?
Ayoreo-279_come-3,,Ayoreo,279_come,chajnãine,cha+jnãine,tʃ a + n̥ ã i n e,,benz2020;schmeda1998;briggs2015,,,,,622,0,0,_:3sg come
Ayoreo-279_come-4,,Ayoreo,279_come,ngani,ngani,ŋ aː n i,,benz2020;schmeda1998;briggs2015,,,,,113,0,0,?
Ayoreo-279_come-5,,Ayoreo,279_come,toãji,toãji,t o ã h i,,benz2020;schmeda1998;briggs2015,,,,,622,0,0,?
Ayoreo-43_leaf-1,,Ayoreo,43_leaf,acai; porãakarai,por+ãakarai,p oː ɹ + ãː k a ɹ aː i,,benz2020;schmeda1998;briggs2015,,,,,1249 623,0,0,tree hair
Ayoreo-43_leaf-2,,Ayoreo,43_leaf,aoi,ao+i,a oi,,benz2020;schmeda1998;briggs2015,,,,,1250 1248,0,0,?
Ayoreo-93_sky-1,,Ayoreo,93_sky,gate; gatei,gate,g aː t eː i,,benz2020;schmeda1998;briggs2015,,,,,1252,0,0,?
Ayoreo-93_sky-2,,Ayoreo,93_sky,ateta,ateta,a t e t a,,benz2020;schmeda1998;briggs2015,,,,,1252,0,0,?
Ayoreo-93_sky-3,,Ayoreo,93_sky,gueode,gue+ode,g e o + d e,,benz2020;schmeda1998;briggs2015,,,,,1253 1252,0,0,cloud _:pl
Ayoreo-93_sky-4,,Ayoreo,93_sky,gueode,dabidi,d a b i d i,,benz2020;schmeda1998;briggs2015,,,,,1252,0,0,?
Ayoreo-90_bark-1,,Ayoreo,90_bark,poraoi,por+aoi,p oː ɹ + a oː i,,benz2020;schmeda1998;briggs2015,,,,,580 1182,0,0,tree skin
Ayoreo-140_where-1,,Ayoreo,140_where,deique; dehi rike e; tia,deique,d e h i + i k e,,benz2020;schmeda1998;briggs2015,,,,,1274,0,0,there.be _:indet
Ayoreo-298_ropecord-1,,Ayoreo,298_ropecord,chaguejnai; enuei,chaguejnai,tʃ a g e n̥ ai,,benz2020;schmeda1998;briggs2015,,,,,644 1285,0,0,?
Ayoreo-298_ropecord-2,,Ayoreo,298_ropecord,chaguejnai; enuei,enuei,e n w ei,,benz2020;schmeda1998;briggs2015,,,,,1285,0,0,?
Ayoreo-141_how-1,,Ayoreo,141_how,isokarike,isokarike,iː s o k aː ɹ i k e,,benz2020;schmeda1998;briggs2015,,,,,645,0,0,?
Ayoreo-153_three-1,,Ayoreo,153_three,gadioque; gadiogue; gadioi,gadioque,g a d i o k,,benz2020;schmeda1998;briggs2015,,,,,1286,0,0,?
Ayoreo-244_white-1,,Ayoreo,244_white,po; pororoi,pororo+i,p o ɹ o ɹ o,,benz2020;schmeda1998;briggs2015,,,,,1288 647,0,0,?
Ayoreo-146_faradv-1,,Ayoreo,146_faradv,idaja,idaja,i d a h a ʔ,,benz2020;schmeda1998;briggs2015,,,,,1291 1292,0,0,?
Ayoreo-106_year-1,,Ayoreo,106_year,sique; sekere,sekere,s e k eː ɹ e,,benz2020;schmeda1998;briggs2015,,,,,1296,0,0,?
Ayoreo-162_drink-1,,Ayoreo,162_drink,choji; ohi,ohi,oː h i,,benz2020;schmeda1998;briggs2015,,,,,138,0,0,?
Ayoreo-248_flower-1,,Ayoreo,248_flower,pojangue; asigue,pojan+gue,p o h a ŋ e,,benz2020;schmeda1998;briggs2015,,,,,653 1299,0,0,?
Ayoreo-248_flower-2,,Ayoreo,248_flower,pojangue; asigue,asigue,a s i g e,,benz2020;schmeda1998;briggs2015,,,,,1300,0,0,?
Ayoreo-248_flower-3,,Ayoreo,248_flower,pojna,pojna,p o n̥ a,,benz2020;schmeda1998;briggs2015,,,,,653,0,0,?
Ayoreo-41_fall-1,,Ayoreo,41_fall,basaja; ĩkorã,bas+aja,b a s + a h a,,benz2020;schmeda1998;briggs2015,,,,,1303 1304,0,0,fall _:loc
Ayoreo-41_fall-2,,Ayoreo,41_fall,basaja; ĩkorã,ĩkorã,ĩː k oː ɹ ã ʔ,,benz2020;schmeda1998;briggs2015,,,,,1305,0,0,?
Ayoreo-41_fall-3,,Ayoreo,41_fall,base,ba+s+e,b a s e,,benz2020;schmeda1998;briggs2015,,,,,1303 1306 656,0,0,?
Ayoreo-41_fall-4,,Ayoreo,41_fall,basiji,ba+s+iji,b a s + i h i,,benz2020;schmeda1998;briggs2015,,,,,1303 1306 1304,0,0,fall _:loc
Ayoreo-41_fall-5,,Ayoreo,41_fall,coã,coã,k o ã,,benz2020;schmeda1998;briggs2015,,,,,1305,0,0,?
Ayoreo-264_know-1,,Ayoreo,264_know,chiaja; imo,chi+aja,tʃ + i a h a,,benz2020;schmeda1998;briggs2015,,,,,149 1307,0,0,_:3sg know
Ayoreo-264_know-2,,Ayoreo,264_know,chiaja; imo,imo,i m o ʔ,,benz2020;schmeda1998;briggs2015,,,,,148,0,0,see
Ayoreo-274_ashes-1,,Ayoreo,274_ashes,puchucui; uchukurui,uchukurui,uː tʃ u k u ɹ ui,,benz2020;schmeda1998;briggs2015,,,,,152 1311 1310,0,0,?
Ayoreo-274_ashes-2,,Ayoreo,274_ashes,ui,ui,ui,,benz2020;schmeda1998;briggs2015,,,,,1310 1312,0,0,?
Ayoreo-65_largebig-1,,Ayoreo,65_largebig,ejumeque,ejumeque,e h u m e k e,,benz2020;schmeda1998;briggs2015,,,,,1313,0,0,?
Ayoreo-65_largebig-2,,Ayoreo,65_largebig,queru; kerua; kerui,queru,k e ɹ uː,,benz2020;schmeda1998;briggs2015,,,,,155,0,0,?
Ayoreo-65_largebig-3,,Ayoreo,65_largebig,uejna,uejna,u e n̥ a,,benz2020;schmeda1998;briggs2015,,,,,1314,0,0,?
Ayoreo-148_short-1,,Ayoreo,148_short,catade,catade,k a t a d e,,benz2020;schmeda1998;briggs2015,,,,,1315 661,0,0,?
Ayoreo-148_short-2,,Ayoreo,148_short,cotote,cotote,k o t o t e,,benz2020;schmeda1998;briggs2015,,,,,1315,0,0,?
Ayoreo-148_short-3,,Ayoreo,148_short,utugude,utugude,u t u g u d e,,benz2020;schmeda1998;briggs2015,,,,,1316 661,0,0,?
Ayoreo-148_short-4,,Ayoreo,148_short,yajuque,yajuque,j a h u k e,,benz2020;schmeda1998;briggs2015,,,,,1317,0,0,?
Ayoreo-149_five-1,,Ayoreo,149_five,cheja ñimanai; chejna yijmanai,chejna yijmanai,tʃ e n̥ a + j i + m̥ a n aː i,,benz2020;schmeda1998;briggs2015,,,,,164 1328 1329,0,0,complete _:poss hand
Ayoreo-276_eat-1,,Ayoreo,276_eat,chamo; tagu; ake,chamo,tʃ a m o,,benz2020;schmeda1998;briggs2015,,,,,871 1331,0,0,?
Ayoreo-276_eat-2,,Ayoreo,276_eat,chamo; agu; ake,agu,a g u,,benz2020;schmeda1998;briggs2015,,,,,1332,0,0,?
Ayoreo-276_eat-3,,Ayoreo,276_eat,chamo; agu; ake,ake,a k e,,benz2020;schmeda1998;briggs2015,,,,,1333,0,0,?
Ayoreo-276_eat-4,,Ayoreo,276_eat,pose,pose,p o s e,,benz2020;schmeda1998;briggs2015,,,,,1334,0,0,?
Ayoreo-276_eat-5,,Ayoreo,276_eat,potei,potei,p o t ei,,benz2020;schmeda1998;briggs2015,,,,,1334 672,0,0,?
Ayoreo-276_eat-6,,Ayoreo,276_eat,yajo,yajo,j a h o,,benz2020;schmeda1998;briggs2015,,,,,1330 1332,0,0,?
Ayoreo-191_grass-1,,Ayoreo,191_grass,eapijnoningãi; jnakarai,eapijnoningãi,e a p i n̥ o n i ŋ ã i,,benz2020;schmeda1998;briggs2015,,,,,1338,0,0,?
Ayoreo-191_grass-2,,Ayoreo,191_grass,eapijnoningãi; jnakarai,jnakarai,n̥ aː k a ɹ aː i,,benz2020;schmeda1998;briggs2015,,,,,1339,0,0,?
Ayoreo-152_one-1,,Ayoreo,152_one,choma; chõjmãrã,chõjmãrã,tʃ õ m̥ ã ɹ ã,,benz2020;schmeda1998;briggs2015,,,,,675,0,0,?
Ayoreo-263_everyall-1,,Ayoreo,263_everyall,jnese,jnese,n̥ eː s e ʔ,,benz2020;schmeda1998;briggs2015,,,,,677,0,0,?
Ayoreo-291_name-1,,Ayoreo,291_name,i i,i,iː,,benz2020;schmeda1998;briggs2015,,,,,681,0,0,?
Ayoreo-292_old-1,,Ayoreo,292_old,choquijna; chokijnai; gata; uata,choquijna,tʃ o k i n̥ a,,benz2020;schmeda1998;briggs2015,,,,,1343,0,0,?
Ayoreo-292_old-2,,Ayoreo,292_old,choquijna; chokijnai; gata; uata,gata,g aː t a,,benz2020;schmeda1998;briggs2015,,,,,682,0,0,?
Ayoreo-292_old-3,,Ayoreo,292_old,choquijna; chokijnai; gata; uata,uata,u a t a,,benz2020;schmeda1998;briggs2015,,,,,682,0,0,?
Ayoreo-282_father-1,,Ayoreo,282_father,dai; daye,yapade,j + a p a + d e,,benz2020;schmeda1998;briggs2015,,,,,177,0,0,_:poss father _:m.pl
Ayoreo-282_father-2,,Ayoreo,282_father,dai; daye,daye,d aː j e,,benz2020;schmeda1998;briggs2015,,,,,177 1351,0,0,?
Ayoreo-100_smalllittle-1,,Ayoreo,100_smalllittle,ajamami; atiami; atiamia,ajamami,a h a m a m i,,benz2020;schmeda1998;briggs2015,,,,,1352 1353,0,0,?
Ayoreo-100_smalllittle-2,,Ayoreo,100_smalllittle,ajamami; atiami; atiamia,atiami,aː t j a m i,,benz2020;schmeda1998;briggs2015,,,,,1353,0,0,?
Ayoreo-100_smalllittle-3,,Ayoreo,100_smalllittle,ajnami,ajnami,a n̥ a m i,,benz2020;schmeda1998;briggs2015,,,,,1355 1353,0,0,?
Ayoreo-100_smalllittle-4,,Ayoreo,100_smalllittle,atĩape,atĩape,a t ĩ a p e,,benz2020;schmeda1998;briggs2015,,,,,1353,0,0,?
Ayoreo-100_smalllittle-5,,Ayoreo,100_smalllittle,pataque,pataque,p a t a k e,,benz2020;schmeda1998;briggs2015,,,,,1356,0,0,?
Ayoreo-135_two-1,,Ayoreo,135_two,gae; gare,gare,g a ɹ e ʔ,,benz2020;schmeda1998;briggs2015,,,,,1360,0,0,?
Ayoreo-15_long-1,,Ayoreo,15_long,umae; yoiko; yoiko+i,uma+e,u m a + e,,benz2020;schmeda1998;briggs2015,,,,,1363 1364,0,0,?
Ayoreo-15_long-2,,Ayoreo,15_long,umae; yoiko; yoiko+i,yoiko,j oi k o,,benz2020;schmeda1998;briggs2015,,,,,1365,0,0,?
Ayoreo-15_long-3,,Ayoreo,15_long,umae; yoiko; yoiko+i,yoiko+i,j oi k o + i,,benz2020;schmeda1998;briggs2015,,,,,1365 1364,0,0,?
Ayoreo-15_long-4,,Ayoreo,15_long,umaeja,uma+eja,u m a + e n̥ a,,benz2020;schmeda1998;briggs2015,,,,,1363 1366,0,0,?
Ayoreo-15_long-5,,Ayoreo,15_long,umaningai,uma+ningai,u m a + n i ŋ ai,,benz2020;schmeda1998;briggs2015,,,,,1363 1366,0,0,?
Ayoreo-15_long-6,,Ayoreo,15_long,umaejna,uma+ejna,u m a + e n̥ a,,benz2020;schmeda1998;briggs2015,,,,,1363 1366,0,0,?
Ayoreo-188_smellvbtrans-1,,Ayoreo,188_smellvbtrans,chojae; ojare,ojare,o h a ɹ e ʔ,,benz2020;schmeda1998;briggs2015,,,,,1375,0,0,?
Ayoreo-52_treecf08600-1,,Ayoreo,52_treecf08600,pore; pori; poria; poria,poori,p oː ɹ i,,benz2020;schmeda1998;briggs2015,,,,,698,0,0,?
Ayoreo-74_seed-1,,Ayoreo,74_seed,ajunie; ajnua,ajunie,a h u n j e,,benz2020;schmeda1998;briggs2015,,,,,1388,0,0,?
Ayoreo-74_seed-2,,Ayoreo,74_seed,ajunie; ajnua,ajnu+a,a n̥ u a,,benz2020;schmeda1998;briggs2015,,,,,1388 1389,0,0,?
Ayoreo-74_seed-3,,Ayoreo,74_seed,cuchase,cuchase,k u tʃ a s e,,benz2020;schmeda1998;briggs2015,,,,,704,0,0,?
Ayoreo-47_sun-1,,Ayoreo,47_sun,guede; guede,guede,g eː d e ʔ,,benz2020;schmeda1998;briggs2015,,,,,1390,0,0,?
Ayoreo-283_give-1,,Ayoreo,283_give,chisi; isi; isiome,isi,iː s i ʔ,,benz2020;schmeda1998;briggs2015,,,,,1402,0,0,?
Ayoreo-283_give-2,,Ayoreo,283_give,chisi; isi; isiome,isi+ome,iː s i + o m e ʔ,,benz2020;schmeda1998;briggs2015,,,,,1402 710,0,0,give _:?
Ayoreo-136_littlequantityfew-1,,Ayoreo,136_littlequantityfew,ajnami,ajn+ami,a n̥ a m i,,benz2020;schmeda1998;briggs2015,,,,,1403 1404,0,0,?
Ayoreo-136_littlequantityfew-2,,Ayoreo,136_littlequantityfew,gaosi; garosi; garosia,gaosi,g a r oː s i,,benz2020;schmeda1998;briggs2015,,,,,1405,0,0,?
Ayoreo-136_littlequantityfew-3,,Ayoreo,136_littlequantityfew,quingape,quingape,k i ŋ a p e,,benz2020;schmeda1998;briggs2015,,,,,1406,0,0,?
Ayoreo-147_muchmany-1,,Ayoreo,147_muchmany,baseja; uasejna; uasẽjnãi,uasejna,u aː s e n̥ a,,benz2020;schmeda1998;briggs2015,,,,,1409 1410,0,0,?
Ayoreo-147_muchmany-2,,Ayoreo,147_muchmany,jiei,jie+i,h j e i,,benz2020;schmeda1998;briggs2015,,,,,1410 1411,0,0,?
Ayoreo-147_muchmany-3,,Ayoreo,147_muchmany,yocujuya,yocujuya,j o k u h u j a,,benz2020;schmeda1998;briggs2015,,,,,1412,0,0,?
Ayoreo-266_cold-1,,Ayoreo,266_cold,tejnu; tejnui; tejnunge,tejnu,t e n̥ uː,,benz2020;schmeda1998;briggs2015,,,,,1413,0,0,?
Ayoreo-39_sit-1,,Ayoreo,39_sit,akarihi,akarihi,a k a r + i h i ʔ,,benz2020;schmeda1998;briggs2015,,,,,871 1415 222,0,0,remain _:loc
Ayoreo-285_fruit-1,,Ayoreo,285_fruit,a,a,aː,,benz2020;schmeda1998;briggs2015,,,,,729,0,0,?
Ayoreo-323_hold-1,,Ayoreo,323_hold,chidota,chidota,tʃ i d o t a,,benz2020;schmeda1998;briggs2015,,,,,1426,0,0,?
Ayoreo-323_hold-2,,Ayoreo,323_hold,chigau,chigau,tʃ i g a u,,benz2020;schmeda1998;briggs2015,,,,,1427,0,0,?
Ayoreo-323_hold-3,,Ayoreo,323_hold,chisa,chisa,tʃ + i s aː ʔ,,benz2020;schmeda1998;briggs2015,,,,,1427,0,0,_:3sg hold
Ayoreo-46_animal-1,,Ayoreo,46_animal,cuchiso,cuchiisooi,k u tʃ iː s oː + i,,benz2020;schmeda1998;briggs2015,,,,,1430,0,0,animal _:masc.sg
Ayoreo-290_mosquito-1,,Ayoreo,290_mosquito,ijnão; coboto,ijnão,i n̥ ã o,,benz2020;schmeda1998;briggs2015,,,,,735,0,0,?
Ayoreo-290_mosquito-2,,Ayoreo,290_mosquito,ijnão; coboto,coboto,k o b o t o,,benz2020;schmeda1998;briggs2015,,,,,232,0,0,?
Ayoreo-35_spider-1,,Ayoreo,35_spider,jobe; jesabe,jobe,h o b e,,benz2020;schmeda1998;briggs2015,,,,,1431,0,0,?
Ayoreo-35_spider-2,,Ayoreo,35_spider,jobe; jesabe,jesabe,h eː s a b e,,benz2020;schmeda1998;briggs2015,,,,,1431,0,0,?
Ayoreo-95_claw-1,,Ayoreo,95_claw,usugurui,usugurui,uː s u g u ɹ ui,,benz2020;schmeda1998;briggs2015,,,,,1432,0,0,?
Ayoreo-57_arm-1,,Ayoreo,57_arm,manecai; jmanekai; jmanero,jmanekai,m̥ a n e k aː + i,,benz2020;schmeda1998;briggs2015,,,,,1433,0,0,arm _:masc.sg
Ayoreo-57_arm-2,,Ayoreo,57_arm,manecai; jmanekai; jmanero,jmanero,m̥ a n e ɹ o,,benz2020;schmeda1998;briggs2015,,,,,1433,0,0,?
Ayoreo-102_horn-1,,Ayoreo,102_horn,ue,ue,u ei,,benz2020;schmeda1998;briggs2015,,,,,1437,0,0,?
Ayoreo-58_beard-1,,Ayoreo,58_beard,ajugo,ajugo,a h u g o,,benz2020;schmeda1998;briggs2015,,,,,1438,0,0,?
Ayoreo-58_beard-2,,Ayoreo,58_beard,abujadie; abujasi,abuja+die,a b u h a + d j e,,benz2020;schmeda1998;briggs2015,,,,,1438 1439,0,0,beard _:fem.pl
Ayoreo-58_beard-3,,Ayoreo,58_beard,abujadie; abujasi,abuja+si,a b u h aː + s iː,,benz2020;schmeda1998;briggs2015,,,,,1438 1440,0,0,beard _:?
Ayoreo-254_chest-1,,Ayoreo,254_chest,arobe,aobe,a ɹ o b e,,benz2020;schmeda1998;briggs2015,,,,,1442,0,0,?
Ayoreo-61_chin-1,,Ayoreo,61_chin,abuja,abuja,a b u h aː,,benz2020;schmeda1998;briggs2015,,,,,242,0,0,?
Ayoreo-62_lip-1,,Ayoreo,62_lip,pijnanai,pijnanai,p i n̥ a n + aː i,,benz2020;schmeda1998;briggs2015,,,,,1443,0,0,mouth skin
Ayoreo-64_finger-1,,Ayoreo,64_finger,jmane,jmane,m̥ a n e,,benz2020;schmeda1998;briggs2015,,,,,1447,0,0,?
Ayoreo-281_elbow-1,,Ayoreo,281_elbow,ucadodie,ucado,u k a d o,,benz2020;schmeda1998;briggs2015,,,,,245 1448,0,0,?
Ayoreo-94_fingernail-1,,Ayoreo,94_fingernail,usugui; usurugui,usurugui,uː s u ɹ u g u i,,benz2020;schmeda1998;briggs2015,,,,,1449,0,0,?
Ayoreo-299_thunder-1,,Ayoreo,299_thunder,gueode e nae; gueode uruode,gueode e nae,g e o + d e + e + n a e,,benz2020;schmeda1998;briggs2015,,,,,1452 1453 1454,0,0,cloud _:pl ? ?
Ayoreo-299_thunder-2,,Ayoreo,299_thunder,gueode e nae; gueode uruode,gue+ode uru+ode,g eː + o d e + u ɹ uː + o d e,,benz2020;schmeda1998;briggs2015,,,,,251 1455 755 1452,0,0,cloud _:pl word _:pl
Ayoreo-299_thunder-3,,Ayoreo,299_thunder,puode,puode,p u o d e,,benz2020;schmeda1998;briggs2015,,,,,1456 1452,0,0,?
Ayoreo-109_lightning-1,,Ayoreo,109_lightning,ajnoapiedie; ajnorapie,ajnoapie+die,a n̥ o r aː p j e,,benz2020;schmeda1998;briggs2015,,,,,1457 1458,0,0,?
Ayoreo-126_liedown-1,,Ayoreo,126_liedown,tereta; ijmaraja,tereta,t e ɹ e t a,,benz2020;schmeda1998;briggs2015,,,,,1459,0,0,?
Ayoreo-126_liedown-2,,Ayoreo,126_liedown,tereta; ijmaraja,ijmar+aja,i m̥ a ɹ + a h a,,benz2020;schmeda1998;briggs2015,,,,,1460 259,0,0,lie _:loc
Ayoreo-72_house-1,,Ayoreo,72_house,guiguijna; iguijnai,igui+jnai,i g i n̥ aː i,,benz2020;schmeda1998;briggs2015,,,,,269 765,0,0,?
Ayoreo-72_house-2,,Ayoreo,72_house,cochocoia,cochocoia,k o tʃ o k o j a,,benz2020;schmeda1998;briggs2015,,,,,269,0,0,?
Ayoreo-101_child-1,,Ayoreo,101_child,ayoabi,ayo+abi,a j o + a b i,,benz2020;schmeda1998;briggs2015,,,,,1468 1469,0,0,man _:dim
Ayoreo-101_child-2,,Ayoreo,101_child,disi; disabi,disi,d i s i,,benz2020;schmeda1998;briggs2015,,,,,1470,0,0,?
Ayoreo-101_child-3,,Ayoreo,101_child,disi; disabi,dis+abi,d i s + a b i,,benz2020;schmeda1998;briggs2015,,,,,1470 1469,0,0,child _:dim
Ayoreo-101_child-4,,Ayoreo,101_child,pataque,pataque,p aː t a k e,,benz2020;schmeda1998;briggs2015,,,,,1471,0,0,?
Ayoreo-296_road-1,,Ayoreo,296_road,dajei; dajere,dajere,d a h e r e,,benz2020;schmeda1998;briggs2015,,,,,1472 1473,0,0,?
Ayoreo-150_ten-1,,Ayoreo,150_ten,cheja ñimanañone; chejna yijmanayone,chejna yijmana+yone,tʃ e n̥ a + j i + m̥ a n ai + o n e,,benz2020;schmeda1998;briggs2015,,,,,1474 1475 1476,0,0,complete _:1.poss hand _:pl
Ayoreo-132_float-1,,Ayoreo,132_float,diguigai,diguigai,d i g i g ai,,benz2020;schmeda1998;briggs2015,,,,,1477,0,0,?
Ayoreo-110_fightvb-1,,Ayoreo,110_fightvb,chuje; o yijokaninga,ch+uje,tʃ + u h e,,benz2020;schmeda1998;briggs2015,,,,,871 1479 1480,0,0,_:3sg fight
Ayoreo-110_fightvb-2,,Ayoreo,110_fightvb,chuje; o yijokaninga,o yijokaninga,oː + j i h o k a n i ŋ a ʔ,,benz2020;schmeda1998;briggs2015,,,,,1479 1481,0,0,? ?
Ayoreo-293_owl-1,,Ayoreo,293_owl,cojoi,cojo+i,k oː h oi,,benz2020;schmeda1998;briggs2015,,,,,277 1485,0,0,?
Ayoreo-293_owl-2,,Ayoreo,293_owl,digorocoi,digoco+i,d i g o r o k oi,,benz2020;schmeda1998;briggs2015,,,,,1486 1485,0,0,?
Ayoreo-293_owl-3,,Ayoreo,293_owl,jnoñami,jnoñami,n̥ o ɲ a m i,,benz2020;schmeda1998;briggs2015,,,,,1487,0,0,?
Ayoreo-273_cat-1,,Ayoreo,273_cat,karijnai,karijnai,k aː ɹ i n̥ ai,,benz2020;schmeda1998;briggs2015,,,,,1490 1491,0,0,?
Ayoreo-55_bee-1,,Ayoreo,55_bee,cuteĩ,cute+ĩ,k u t eĩ,,benz2020;schmeda1998;briggs2015,,,,,1492 777,0,0,?
Ayoreo-55_bee-2,,Ayoreo,55_bee,noñai; ajidi,noña+i,n o ɲ ai,,benz2020;schmeda1998;briggs2015,,,,,1493 777,0,0,?
Ayoreo-55_bee-3,,Ayoreo,55_bee,noñai; ajidi,ajidi,a h i d i,,benz2020;schmeda1998;briggs2015,,,,,1494,0,0,?
Ayoreo-289_parrot-1,,Ayoreo,289_parrot,suaria,suaia,s u a r i a,,benz2020;schmeda1998;briggs2015,,,,,1495,0,0,?
Ayoreo-128_flea-1,,Ayoreo,128_flea,cucha acayato,cucha+acaya+to,k u tʃ a + a k a j a + t o,,benz2020;schmeda1998;briggs2015,,,,,287 1496 1497,0,0,thing hair ?
Ayoreo-166_deer-1,,Ayoreo,166_deer,aramoro,aramoro,a ɹ a m o ɹ o,,benz2020;schmeda1998;briggs2015,,,,,1724,0,0,deer
Ayoreo-118_ant-1,,Ayoreo,118_ant,casecade,caasecaa+i,k aː s e k aː + i,,benz2020;schmeda1998;briggs2015,,,,,1503 785,0,0,ant _:masc.sg
Ayoreo-99_palmofhand-1,,Ayoreo,99_palmofhand,jmanai ãjaro,jmanai ãjaro,m̥ a n ai + ã h a ɹ o,,benz2020;schmeda1998;briggs2015,,,,,300 1505,0,0,hand middle
Ayoreo-89_fur-1,,Ayoreo,89_fur,aoi; cuchaoi,cucha+oi,k u tʃ a + a oi,,benz2020;schmeda1998;briggs2015,,,,,1508 1506,0,0,thing skin
Ayoreo-42_hairhead-1,,Ayoreo,42_hairhead,ojo; gaterero,ojo+de,o h o + d e,,benz2020;schmeda1998;briggs2015,,,,,1509,0,0,hair _:pl
Ayoreo-42_hairhead-2,,Ayoreo,42_hairhead,ojo; gaterero,gaterero,g aː t e ɹ e ɹ o,,benz2020;schmeda1998;briggs2015,,,,,1510,0,0,?
Ayoreo-42_hairhead-3,,Ayoreo,42_hairhead,gateodi,gateodi,g a t e o d i,,benz2020;schmeda1998;briggs2015,,,,,1510 1511,0,0,?
Ayoreo-249_penis-1,,Ayoreo,249_penis,amuani; gapudi,amuani,a m u a n i,,benz2020;schmeda1998;briggs2015,,,,,793,0,0,?
Ayoreo-249_penis-2,,Ayoreo,249_penis,amuani; gapudi,gapudi,g a p u d i,,benz2020;schmeda1998;briggs2015,,,,,1514,0,0,?
Ayoreo-288_lung-1,,Ayoreo,288_lung,pujuone; pujnui,puju+one,p u h u o n e,,benz2020;schmeda1998;briggs2015,,,,,803 1524,0,0,?
Ayoreo-288_lung-2,,Ayoreo,288_lung,pujuone; pujnui,pujnui,p u n̥ ui,,benz2020;schmeda1998;briggs2015,,,,,803,0,0,?
Ayoreo-262_under-1,,Ayoreo,262_under,udi,udi,u d i,,benz2020;schmeda1998;briggs2015,,,,,1541,0,0,?
Ayoreo-124_bed-1,,Ayoreo,124_bed,mochapi,mochapi,m o tʃ aː p iː,,benz2020;schmeda1998;briggs2015,,,,,1543 819,0,0,?
Ayoreo-143_plantvb-1,,Ayoreo,143_plantvb,chaca,ch+aca,a k a ʔ,,benz2020;schmeda1998;briggs2015,,,,,871 1546,0,0,?
Ayoreo-73_village-1,,Ayoreo,73_village,guidai,guidai,g iː d aː i,,benz2020;schmeda1998;briggs2015,,,,,1553 827,0,0,?
Ayoreo-268_upabove-1,,Ayoreo,268_upabove,gai,gai,g ai,,benz2020;schmeda1998;briggs2015,,,,,1556,0,0,?
Ayoreo-268_upabove-2,,Ayoreo,268_upabove,gate,gate,g aː t eː,,benz2020;schmeda1998;briggs2015,,,,,829,0,0,?
Ayoreo-268_upabove-3,,Ayoreo,268_upabove,ojo,ojo,o h o,,benz2020;schmeda1998;briggs2015,,,,,1556,0,0,?
Ayoreo-60_doorgate-1,,Ayoreo,60_doorgate,piagoi,piagoi,p j a g oi,,benz2020;schmeda1998;briggs2015,,,,,1559,0,0,?
Ayoreo-76_cover-1,,Ayoreo,76_cover,joide; juide,joide,h oi d e,,benz2020;schmeda1998;briggs2015,,,,,1560,0,0,?
Ayoreo-278_buy-1,,Ayoreo,278_buy,gaidode; iji oredie,gaidode,g ai d o d e,,benz2020;schmeda1998;briggs2015,,,,,1561,0,0,?
Ayoreo-278_buy-2,,Ayoreo,278_buy,gaidode; iji oredie,iji ore+die,i h i + oː ɹ e + d j e,,benz2020;schmeda1998;briggs2015,,,,,1562 1563 836,0,0,_:loc ? _:pl
Ayoreo-278_buy-3,,Ayoreo,278_buy,doi,doi,d oi,,benz2020;schmeda1998;briggs2015,,,,,836,0,0,?
Ayoreo-278_buy-4,,Ayoreo,278_buy,be,be,b e,,benz2020;schmeda1998;briggs2015,,,,,1564,0,0,?
Ayoreo-278_buy-5,,Ayoreo,278_buy,yigaite,yigaite,j i g ai t e,,benz2020;schmeda1998;briggs2015,,,,,1565 1561,0,0,?
Ayoreo-123_burnvbintrans-1,,Ayoreo,123_burnvbintrans,ãru,ãru,ã ɹ u,,benz2020;schmeda1998;briggs2015,,,,,327,0,0,?
Ayoreo-158_nine-1,,Ayoreo,158_nine,ngangaji ti; gagajni ihi yijmanuña,ngangaji ti,ŋ a ŋ a n̥ i + i t i,,benz2020;schmeda1998;briggs2015,,,,,1566 839,0,0,four there
Ayoreo-158_nine-2,,Ayoreo,158_nine,ngangaji ti; gagajni ihi yijmanuña,gagajni ihi yijman+uña,g a g a n̥ i + i h i + j i + m̥ a n u ɲ a,,benz2020;schmeda1998;briggs2015,,,,,1566 1567 1568 1569,0,0,four _:loc _:poss hands
Ayoreo-103_club-1,,Ayoreo,103_club,ogue,ogue,o g e,,benz2020;schmeda1998;briggs2015,,,,,840,0,0,?
Ayoreo-271_sweetpotato-1,,Ayoreo,271_sweetpotato,imosedie,imosedie,i m o s e d j e,,benz2020;schmeda1998;briggs2015,,,,,1576 846,0,0,?
Ayoreo-271_sweetpotato-2,,Ayoreo,271_sweetpotato,pujucuode,pujucuode,p u h u k u o d e,,benz2020;schmeda1998;briggs2015,,,,,1577,0,0,?
Ayoreo-156_seven-1,,Ayoreo,156_seven,gai ti; gare iji yijmanuñai,gae iti,g a e + i t i,,benz2020;schmeda1998;briggs2015,,,,,1578 847,0,0,two there
Ayoreo-156_seven-2,,Ayoreo,156_seven,gai ti; gare iji yijmanuñai,gare iji yijman+uña+i,g a ɹ e + i h i + j i + m̥ a n u j ai,,benz2020;schmeda1998;briggs2015,,,,,1578 1579 1580 1581 1582,0,0,two _:loc _:poss hands
Ayoreo-86_path-1,,Ayoreo,86_path,dajei; gabi; pijoi,daje+i,d a h ei,,benz2020;schmeda1998;briggs2015,,,,,1589 851,0,0,?
Ayoreo-86_path-2,,Ayoreo,86_path,dajei; gabi; pijoi,gabi,g aː b i,,benz2020;schmeda1998;briggs2015,,,,,1590,0,0,?
Ayoreo-86_path-3,,Ayoreo,86_path,dajei; gabi; pijoi,pijoi,p iː h oː i,,benz2020;schmeda1998;briggs2015,,,,,852,0,0,?
Ayoreo-169_knife-1,,Ayoreo,169_knife,quesei,quese+i,k eː s eː i,,benz2020;schmeda1998;briggs2015,,,,,343 1595,0,0,?
Ayoreo-170_needle-1,,Ayoreo,170_needle,ojnai; ojnai,ojna+i,oː n̥ aː i,,benz2020;schmeda1998;briggs2015,,,,,1596 1597,0,0,?
Ayoreo-104_soulspirit-1,,Ayoreo,104_soulspirit,ajepis; ayipie,ayipie,aː j i p j e,,benz2020;schmeda1998;briggs2015,,,,,1598,0,0,?
Ayoreo-277_cryweep-1,,Ayoreo,277_cryweep,yibo; ibo,ibo,iː b o,,benz2020;schmeda1998;briggs2015,,,,,860 1616,0,0,?
Ayoreo-277_cryweep-2,,Ayoreo,277_cryweep,po,po,p o,,benz2020;schmeda1998;briggs2015,,,,,1616,0,0,?
Ayoreo-155_six-1,,Ayoreo,155_six,chomai ti; chojmara ihi yijmanuñai,chomai ti,tʃ o m a + i t i,,benz2020;schmeda1998;briggs2015,,,,,1617 1618,0,0,one there
Ayoreo-155_six-2,,Ayoreo,155_six,chomai ti; chojmara ihi yijmanuñai,chojmara ihi yijmanuñai,tʃ o m̥ a ɹ a + i h i + j i + m̥ a n u ɲ ai,,benz2020;schmeda1998;briggs2015,,,,,1617 1619 1620 1621 1622,0,0,one _:loc _:1.poss hands
Ayoreo-287_maizecorn-1,,Ayoreo,287_maizecorn,nguejnai; edo etoi; edo uajadi,nguejna+i,ŋ e n̥ a + i,,benz2020;schmeda1998;briggs2015,,,,,1627 1628,0,0,maiz _:sg
Ayoreo-287_maizecorn-2,,Ayoreo,287_maizecorn,nguejnai; edo etoi; edo uajadi,edo etoi,e d o + e t oi,,benz2020;schmeda1998;briggs2015,,,,,864 1629,0,0,eye ?
Ayoreo-287_maizecorn-3,,Ayoreo,287_maizecorn,nguejnai; edo etoi; edo uajadi,edo uaja+di,e d o + u a h a d i,,benz2020;schmeda1998;briggs2015,,,,,864 1627 1629,0,0,eye ?
Ayoreo-151_twenty-1,,Ayoreo,151_twenty,chejañu; chejna yu,chieja ayoe choma,tʃ e h a + a j oi + tʃ o m a,,benz2020;schmeda1998;briggs2015,,,,,1642,0,0,complete person one
Ayoreo-151_twenty-2,,Ayoreo,151_twenty,chejañu; chejna yu,chejna yu,tʃ e n̥ a + j u,,benz2020;schmeda1998;briggs2015,,,,,1642 1643,0,0,complete ?
Ayoreo-300_tobacco-1,,Ayoreo,300_tobacco,sidi,sidi,s i d i,,benz2020;schmeda1998;briggs2015,,,,,1644 360,0,0,?
Ayoreo-295_ripe-1,,Ayoreo,295_ripe,timate; kangurai,timate,t i m a t e,,benz2020;schmeda1998;briggs2015,,,,,1650,0,0,?
Ayoreo-295_ripe-2,,Ayoreo,295_ripe,timate; kangurai,kanguraa,k a ŋ u ɹ aː,,benz2020;schmeda1998;briggs2015,,,,,1651 1652,0,0,?
Ayoreo-270_tapiocamanioccassava-1,,Ayoreo,270_tapiocamanioccassava,bacaode; pejei,bacaode,b a k a o d e,,benz2020;schmeda1998;briggs2015,,,,,0,0,0,?
Ayoreo-270_tapiocamanioccassava-2,,Ayoreo,270_tapiocamanioccassava,bacaode; pejei,pejei,p e h ei,,benz2020;schmeda1998;briggs2015,,,,,1661,0,0,?
Ayoreo-157_eight-1,,Ayoreo,157_eight,gadiogui ti; gadiog iji yijmanuña,gadiogui ti,g a d j o k + i t i,,benz2020;schmeda1998;briggs2015,,,,,1665 1666,0,0,three there
Ayoreo-157_eight-2,,Ayoreo,157_eight,gadiogui ti; gadiog iji yijmanuña,gadiog iji yijman+uña,g a d j o g + i h i + j i + m̥ a n u ɲ a,,benz2020;schmeda1998;briggs2015,,,,,1665 1667 1668 1669,0,0,three _:loc _:poss hands
Ayoreo-159_cook-1,,Ayoreo,159_cook,yiboe,yiboe,j i b o e,,benz2020;schmeda1998;briggs2015,,,,,901 1698,0,0,?
Ayoreo-159_cook-2,,Ayoreo,159_cook,chaeẽi,chaeẽi,tʃ a e ẽ i,,benz2020;schmeda1998;briggs2015,,,,,1696 1698 1697,0,0,?
Ayoreo-159_cook-3,,Ayoreo,159_cook,chiajnue,chiajnue,tʃ i a n̥ u e,,benz2020;schmeda1998;briggs2015,,,,,871 1699,0,0,?
Ayoreo-159_cook-4,,Ayoreo,159_cook,dichagaja,dichagaja,d i tʃ a g a h a,,benz2020;schmeda1998;briggs2015,,,,,1696 1700 1699 1701,0,0,?
Ayoreo-159_cook-5,,Ayoreo,159_cook,ñaejna,ñaejna,ɲ a e n̥ a,,benz2020;schmeda1998;briggs2015,,,,,1699,0,0,?
Ayoreo-207_oldwoman-1,,Ayoreo,207_oldwoman,gata,gata,g a t a,,benz2020;schmeda1998;briggs2015,,,,,904,0,0,?
Ayoreo-142_sap-1,,Ayoreo,142_sap,irisi; poria irisi,poria irisi,p o ɹ i a + i ɹ i s i,,benz2020;schmeda1998;briggs2015,,,,,1706 1707,0,0,tree milk
Ayoreo-36_spiderweb-1,,Ayoreo,36_spiderweb,jesabia,jesabia,h eː s a b i a,,benz2020;schmeda1998;briggs2015,,,,,909 908,0,0,?
Ayoreo-252_cow-1,,Ayoreo,252_cow,aquiajna; akira; kabayua,aquiajna,a k j a n̥ a,,benz2020;schmeda1998;briggs2015,,,,,1709,0,0,?
Ayoreo-252_cow-2,,Ayoreo,252_cow,aquiajna; akira; kabayua,akira,a k i ɹ a,,benz2020;schmeda1998;briggs2015,,,,,297,0,0,?
Ayoreo-252_cow-3,,Ayoreo,252_cow,aquiajna; akira; kabayua,kabayua,k a b aː j u a,,benz2020;schmeda1998;briggs2015,,,,,1710,0,0,?
Ayoreo-173_lizard-1,,Ayoreo,173_lizard,nene,nene,n eː n ei,,benz2020;schmeda1998;briggs2015,,,,,1718,0,0,?
Ayoreo-173_lizard-2,,Ayoreo,173_lizard,utedi,utedi,u t e d i,,benz2020;schmeda1998;briggs2015,,,,,914,0,0,?
Ayoreo-173_lizard-3,,Ayoreo,173_lizard,neo,neo,n e o,,benz2020;schmeda1998;briggs2015,,,,,1718,0,0,?
Ayoreo-267_nest-1,,Ayoreo,267_nest,iguijai; iguijnai,iguija+i,i g i n̥ aː i,,benz2020;schmeda1998;briggs2015,,,,,1719 1720,0,0,?
Ayoreo-267_nest-2,,Ayoreo,267_nest,ubie,ubie,u b i e,,benz2020;schmeda1998;briggs2015,,,,,1721,0,0,?
Ayoreo-116_goat-1,,Ayoreo,116_goat,aramoro quedejna,aramoro+quedejna,a ɹ a m o ɹ o + k e d e n̥ a,,benz2020;schmeda1998;briggs2015,,,,,1724 59,0,0,deer false
Ayoreo-117_hegoat-1,,Ayoreo,117_hegoat,aramoro quedejnai,aramoro+quedejnai,a ɹ a m o ɹ o + k e d e n̥ ai,,benz2020;schmeda1998;briggs2015,,,,,1724 59,0,0,deer false
Ayoreo-302_pig-1,,Ayoreo,302_pig,cuichajua,cuichajua,k w i tʃ a h u a,,benz2020;schmeda1998;briggs2015,,,,,920,0,0,?
Ayoreo-302_pig-2,,Ayoreo,302_pig,ñacõe,ñacõe,ɲ a k õ e,,benz2020;schmeda1998;briggs2015,,,,,1737,0,0,?
Ayoreo-302_pig-3,,Ayoreo,302_pig,totodie; dosipei,toto+die,t o t o d j e,,benz2020;schmeda1998;briggs2015,,,,,920 399,0,0,?
Ayoreo-302_pig-4,,Ayoreo,302_pig,totodie; dosipei,dosipei,d o s i p eː i,,benz2020;schmeda1998;briggs2015,,,,,1738,0,0,?
Ayoreo-174_dove-1,,Ayoreo,174_dove,cucujui,cucujui,k uː k u h uː i,,benz2020;schmeda1998;briggs2015,,,,,406,0,0,?
Ayoreo-260_crocodilealligator-1,,Ayoreo,260_crocodilealligator,ãrokona quedejnai,ãrokona quede+jnai,ã ɹ o k o n a + k e d e n̥ ai,,benz2020;schmeda1998;briggs2015,,,,,1746 1747 924 1748,0,0,? false
Ayoreo-186_shell-1,,Ayoreo,186_shell,karichai,karichai,k a ɹ i tʃ ai,,benz2020;schmeda1998;briggs2015,,,,,1756,0,0,?
Ayoreo-245_snail-1,,Ayoreo,245_snail,aoigaminoi,aoi+gaminoi,a oi + g a m i n oi,,benz2020;schmeda1998;briggs2015,,,,,1772 1773 1774,0,0,skin _:about
Ayoreo-245_snail-2,,Ayoreo,245_snail,nocame; jaro,nocame,n o k a m e,,benz2020;schmeda1998;briggs2015,,,,,1775,0,0,?
Ayoreo-245_snail-3,,Ayoreo,245_snail,nocame; jaro,jaro,h a ɹ o,,benz2020;schmeda1998;briggs2015,,,,,421,0,0,?
Ayoreo-160_fox-1,,Ayoreo,160_fox,arapurujnangue,arapurujnangue,a ɹ a p u ɹ u n̥ a ŋ e,,benz2020;schmeda1998;briggs2015,,,,,1779,0,0,?
Ayoreo-286_grasshopper-1,,Ayoreo,286_grasshopper,quisabi; chuguyuga,quisabi,k i s a b i,,benz2020;schmeda1998;briggs2015,,,,,1782 1783,0,0,?
Ayoreo-286_grasshopper-2,,Ayoreo,286_grasshopper,quisabi; chuguyuga,chuguyuga,tʃ u g u j u g a,,benz2020;schmeda1998;briggs2015,,,,,1784,0,0,?
Ayoreo-113_horseequine-1,,Ayoreo,113_horseequine,burikai,burika+i,b u ɹ i k a + i,,benz2020;schmeda1998;briggs2015,,,,,970 1787,0,0,equine _:masc
Ayoreo-208_mule-1,,Ayoreo,208_mule,burikai,burika+i,b u ɹ i k a + i,,benz2020;schmeda1998;briggs2015,,,,,970 1795,0,0,equine _:masc
Ayoreo-2_beehive-1,,Ayoreo,2_beehive,ahidi; cũterĩ,ahidi,a h i d i,,benz2020;schmeda1998;briggs2015,,,,,962,0,0,?
Ayoreo-2_beehive-2,,Ayoreo,2_beehive,ahidi; cũterĩ,cũterĩ,k ũ t e ɹ ĩ,,benz2020;schmeda1998;briggs2015,,,,,960,0,0,?
Ayoreo-115_sheep-1,,Ayoreo,115_sheep,ayasa; ayasadie,ayasa+die,a j a s a + d j e,,benz2020;schmeda1998;briggs2015,,,,,1799 449,0,0,sheep _:fem.pl
Ayoreo-96_findorsal-1,,Ayoreo,96_findorsal,ojnai,ojnai,o n̥ ai,,benz2020;schmeda1998;briggs2015,,,,,1800,0,0,?
Ayoreo-256_bull-1,,Ayoreo,256_bull,cabayui,cabayu+i,k a b aː j u + i,,benz2020;schmeda1998;briggs2015,,,,,1802 1803,0,0,bull _:masc.sg
Ayoreo-255_ox-1,,Ayoreo,255_ox,cabayu aberai,cabayu aberai,k a b aː j u + a b e ɹ aː i,,benz2020;schmeda1998;briggs2015,,,,,969 1805,0,0,tapir ?
Ayoreo-253_bear-1,,Ayoreo,253_bear,yajogue,yajogue,j a h o g e,,benz2020;schmeda1998;briggs2015,,,,,1806,0,0,?
Ayoreo-242_assdonkey-1,,Ayoreo,242_assdonkey,burika quedejna,burika quedejna,b u ɹ i k a + k e d e n̥ a,,benz2020;schmeda1998;briggs2015,,,,,970,0,0,equine false
Ayoreo-70_eyelid-1,,Ayoreo,70_eyelid,edogatei,edo+gatei,e d o + g aː t eː i,,benz2020;schmeda1998;briggs2015,,,,,986 1818,0,0,eye above
Ayoreo-40_borntobe-1,,Ayoreo,40_borntobe,yibase,yibase,j i + b aː s e,,benz2020;schmeda1998;briggs2015,,,,,1819 1820,0,0,_:pers be.born
Ayoreo-40_borntobe-2,,Ayoreo,40_borntobe,batigai,batigai,b a t i g ai,,benz2020;schmeda1998;briggs2015,,,,,1821 1822,0,0,?
Ayoreo-40_borntobe-3,,Ayoreo,40_borntobe,basiji,basi+ji,b a s i + x i,,benz2020;schmeda1998;briggs2015,,,,,1820,0,0,be.born _:loc
Ayoreo-259_eyelash-1,,Ayoreo,259_eyelash,edabidie; edabia,ed+abi+die,eː d a + b i a,,benz2020;schmeda1998;briggs2015,,,,,1831 992 1832,0,0,eye ?
Ayoreo-121_footprint-1,,Ayoreo,121_footprint,aro,aro,a ɹ o,,benz2020;schmeda1998;briggs2015,,,,,1853,0,0,?
Ayoreo-258_poison-1,,Ayoreo,258_poison,bisidi,bisidi,b i s i d i,,benz2020;schmeda1998;briggs2015,,,,,484 1014,0,0,?
Ayoreo-301_urinate-1,,Ayoreo,301_urinate,te; ere,ere,e r e ʔ,,benz2020;schmeda1998;briggs2015,,,,,1864 1865,0,0,?
Ayoreo-77_nippleteat-1,,Ayoreo,77_nippleteat,ijna pijnani,ijna pijnani,i n̥ a + p i n̥ a n i,,benz2020;schmeda1998;briggs2015,,,,,1866 1867,0,0,breast mouth
Ayoreo-81_spine-1,,Ayoreo,81_spine,oji,oji,oː h i,,benz2020;schmeda1998;briggs2015,,,,,1040,0,0,?
Ayoreo-294_pus-1,,Ayoreo,294_pus,urone,urone,u ɹ o n e,,benz2020;schmeda1998;briggs2015,,,,,1901 1902,0,0,?
Ayoreo-68_womb-1,,Ayoreo,68_womb,ica,ica,i k a,,benz2020;schmeda1998;briggs2015,,,,,497,0,0,?
Ayoreo-84_veinartery-1,,Ayoreo,84_veinartery,cucurai,cu+cura+i,k u k u ɹ ai,,benz2020;schmeda1998;briggs2015,,,,,1906 1057 1907,0,0,?
Ayoreo-144_mute-1,,Ayoreo,144_mute,isorangojmai,isora+ngojmai,i s oː ɹ aː + ŋ o m̥ ai,,benz2020;schmeda1998;briggs2015,,,,,1912 1068,0,0,? ?
Ayoreo-63_thumb-1,,Ayoreo,63_thumb,jmanenate,jmane+nate,m̥ a n e + n aː t e,,benz2020;schmeda1998;briggs2015,,,,,1918 1919,0,0,finger mother
Ayoreo-80_beak-1,,Ayoreo,80_beak,pãtarãi,pãtarã+i,p ã t a ɹ ãː + i,,benz2020;schmeda1998;briggs2015,,,,,1920,0,0,beak _:masc.sg
Ayoreo-134_itch-1,,Ayoreo,134_itch,chigase; dorite,dorite,d o ɹ i t e ʔ,,benz2020;schmeda1998;briggs2015,,,,,1930,0,0,?
Ayoreo-269_wakeup-1,,Ayoreo,269_wakeup,chingai,chi+ingai,tʃ iː ŋ ai,,benz2020;schmeda1998;briggs2015,,,,,1932 1933,0,0,?
Ayoreo-269_wakeup-2,,Ayoreo,269_wakeup,maijĩ,ma+ijĩ,m a + i h ĩ,,benz2020;schmeda1998;briggs2015,,,,,1934 1933,0,0,wake.up _:loc
Ayoreo-269_wakeup-3,,Ayoreo,269_wakeup,ñingãe; iriji; o cuyuc,ñ+ingãe,ɲ i ŋ ã e,,benz2020;schmeda1998;briggs2015,,,,,1935 1933,0,0,?
Ayoreo-269_wakeup-4,,Ayoreo,269_wakeup,"iriji, ñihi",iriji,i ɹ i h i ʔ,,benz2020;schmeda1998;briggs2015,,,,,1933,0,0,?
Ayoreo-269_wakeup-5,,Ayoreo,269_wakeup,ñingãe; iriji; o cuyuc,o cuyuc,oː + k u j u k,,benz2020;schmeda1998;briggs2015,,,,,1936 1937,0,0,? ?
Ayoreo-71_window-1,,Ayoreo,71_window,guiguijnai edo,guigui+jnai edo,g i g i n̥ ai + e d o,,benz2020;schmeda1998;briggs2015,,,,,1942 1943 1944,0,0,house eye
Ayoreo-127_cousin-1,,Ayoreo,127_cousin,jõrai,jõra+i,h õ ɹ a + i,,benz2020;schmeda1998;briggs2015,,,,,1958 1959,0,0,cousin _:masc.sg
Ayoreo-87_place-1,,Ayoreo,87_place,jogadi,joga+di,h o g a d i,,benz2020;schmeda1998;briggs2015,,,,,515 1961,0,0,?
Ayoreo-137_potter-1,,Ayoreo,137_potter,dachorasorĩ,dachorasorĩ,d a tʃ o ɹ a s o ɹ ĩ,,benz2020;schmeda1998;briggs2015,,,,,1105 1971 1972,0,0,?
Ayoreo-105_shadeshadow-1,,Ayoreo,105_shadeshadow,oedie; ore,oedie,oː r e,,benz2020;schmeda1998;briggs2015,,,,,1976,0,0,?
Ayoreo-105_shadeshadow-2,,Ayoreo,105_shadeshadow,pudi,p+udi,p uː d i,,benz2020;schmeda1998;briggs2015,,,,,1977 1976,0,0,?
Ayoreo-69_parents-1,,Ayoreo,69_parents,yocaiode; daiode,dai+ode,d + a j + o d e,,benz2020;schmeda1998;briggs2015,,,,,1980 1111,0,0,_:poss father _:pl
Ayoreo-165_write-1,,Ayoreo,165_write,chuũsãe; ũrusãre,ũrusãre,ũ ɹ u s ã ɹ e,,benz2020;schmeda1998;briggs2015,,,,,1982,0,0,?
Ayoreo-122_altar-1,,Ayoreo,122_altar,gaserani,gaaserani,g aː s e ɹ a n i,,benz2020;schmeda1998;briggs2015,,,,,1994 1995,0,0,?
Cerriteno-85_blood-1,,Cerriteno,85_blood,ntago,n+tago,n + t a g o,,messineo2009,,,,,2002 2003,0,0,_:poss blood
Cerriteno-59_mouth-1,,Cerriteno,59_mouth,halap,hal+ap,h a l + a p,,messineo2009,,,,,2005 2006,0,0,_:poss mouth
Cerriteno-79_head-1,,Cerriteno,79_head,lqayc,l+qayc,l + q ai k,,messineo2009,,,,,2007 2008,0,0,_:poss: head
Cerriteno-56_hand-1,,Cerriteno,56_hand,lwaq,l+waq,l + w a q,,messineo2009,,,,,2011 1127,0,0,_:poss hand
Cerriteno-53_ear-1,,Cerriteno,53_ear,ltela,l+tela,l + t e l a,,messineo2009,,,,,2013 16,0,0,_:poss ear
Cerriteno-50_red-1,,Cerriteno,50_red,toq,toq,t o q,,messineo2009,,,,,1137,0,0,?
Cerriteno-37_husband-1,,Cerriteno,37_husband,ỹeua,ỹe+ua,j e + w a,,messineo2009,,,,,2018 26,0,0,_:poss spouse
Cerriteno-37_husband-2,,Cerriteno,37_husband,ỹamoxogoua,ỹ+amoxogoua,j + a m o ʁ o g o w a,,messineo2009,,,,,2018 2019 26,0,0,_:poss spouse
Cerriteno-38_wife-1,,Cerriteno,38_wife,ỹeua,ỹe+ua,j e + w a,,messineo2009,,,,,2020 29,0,0,_:poss wife
Cerriteno-38_wife-2,,Cerriteno,38_wife,ỹamoxogoua,ỹ+amoxogoua,j + a m o ʁ o g o w a,,messineo2009,,,,,2020 556 29,0,0,_:poss wife
Cerriteno-187_bird-1,,Cerriteno,187_bird,qoỹole,qoỹo+le,q o j o + l e,,messineo2009,,,,,37 558,0,0,bird _:dim
Cerriteno-97_fish-1,,Cerriteno,97_fish,qote,qote,q o t e,,messineo2009,,,,,2021,0,0,?
Cerriteno-97_fish-2,,Cerriteno,97_fish,nỹaq,nỹaq,n j a q,,messineo2009,,,,,2022,0,0,?
Cerriteno-97_fish-3,,Cerriteno,97_fish,nallim,nallim,n a ʎ i m,,messineo2009,,,,,559,0,0,?
Cerriteno-130_louse-1,,Cerriteno,130_louse,dalaaxat,d+alaaxat,d + a l aː ʁ a t,,messineo2009,,,,,2029 2030,0,0,_:poss louse
Cerriteno-129_dog-1,,Cerriteno,129_dog,pỹoq,pỹoq,p j o q,,messineo2009,,,,,44,0,0,?
Cerriteno-251_tongue-1,,Cerriteno,251_tongue,lachaxat,l+achaxat,l + a tʃ a ʁ a t,,messineo2009,,,,,46 1160,0,0,_:poss tongue
Cerriteno-98_wing-1,,Cerriteno,98_wing,laua,la+ua,l + a w a,,messineo2009,,,,,2032 50,0,0,_:poss wing
Cerriteno-82_back-1,,Cerriteno,82_back,lalaq,la+laq,l a + l a q,,messineo2009,,,,,2033 2034,0,0,_:poss back
Cerriteno-83_bone-1,,Cerriteno,83_bone,olbiinek,ol+biinek,o l + b iː n e k,,messineo2009,,,,,2035 54,0,0,_:poss bone
Cerriteno-120_leg-1,,Cerriteno,120_leg,liche,li+che,l i + tʃ e,,messineo2009,,,,,2036 56,0,0,_:poss leg
Cerriteno-246_foot-1,,Cerriteno,246_foot,napia,n+apia,n + a p j a,,messineo2009,,,,,2037 572,0,0,_:poss foot
Cerriteno-261_heart-1,,Cerriteno,261_heart,licyaqte,l+icyaqte,l + i k ʒ a q t e,,messineo2009,,,,,2043 2044,0,0,_:poss heart
Cerriteno-125_sleep-1,,Cerriteno,125_sleep,doche,d+och+e,d + o tʃ e,,messineo2009,,,,,64 2045 1173,0,0,_:3sg sleep
Cerriteno-114_tail-1,,Cerriteno,114_tail,ladaxashet,l+adaxashet,l + a d a ʁ a ʃ e t,,messineo2009,,,,,2046 2047,0,0,_:poss tail
Cerriteno-111_kill-1,,Cerriteno,111_kill,ỹalawat,ỹ+alawat,j + a l a w a t,,messineo2009,,,,,2049 2050,0,0,_:3sg kill
Cerriteno-75_skinhide-1,,Cerriteno,75_skinhide,lo'oq,lo+'oq,l o + ʔ o q,,messineo2009,,,,,2051 2052,0,0,_:poss skin
Cerriteno-44_feather-1,,Cerriteno,44_feather,laue,l+aue,l + a w e,,messineo2009,,,,,2054 2055,0,0,_:poss hair
Cerriteno-139_earthgroundsoil-1,,Cerriteno,139_earthgroundsoil,alhua,alhua,a l w a,,messineo2009,,,,,583,0,0,?
Cerriteno-167_yellow-1,,Cerriteno,167_yellow,ỹoqbi,ỹo+qbi,j o + q o w i,,messineo2009,,,,,2058 88,0,0,_:3sg yellow
Cerriteno-133_flyvb-1,,Cerriteno,133_flyvb,huaỹo,hu+aỹo,w + a j o,,messineo2009,,,,,2059 1205,0,0,_:3sg fly
Cerriteno-297_root-1,,Cerriteno,297_root,lopa'a,lo+pa'a,l o + p a ʔ a,,messineo2009,,,,,90,0,0,_:poss root
Cerriteno-67_lake-1,,Cerriteno,67_lake,shedec,shedec,ʃ e d e k,,messineo2009,,,,,2061,0,0,?
Cerriteno-67_lake-2,,Cerriteno,67_lake,ỹaqata,ỹaqata,j a q a t a,,messineo2009,,,,,2061,0,0,?
Cerriteno-243_black-1,,Cerriteno,243_black,naue,n+aue,n + a w e,,messineo2009,,,,,95 93,0,0,_:3sg black
Cerriteno-243_black-2,,Cerriteno,243_black,ladaxaic,l+ada+xai,l + a d a + ʁ ai,,messineo2009,,,,,2062 1210 94 2063,0,0,_:3sg black _:adj
Cerriteno-164_dust-1,,Cerriteno,164_dust,alhua soochi,alhua soochi,a l w a + s oː tʃ i,,messineo2009,,,,,2068 2069,0,0,earth grind
Cerriteno-168_star-1,,Cerriteno,168_star,huaqajñi,huaqajñi,w a q a h ɲ i,,messineo2009,,,,,2070 2071 2072 2073,0,0,?
Cerriteno-280_personhumanbeing-1,,Cerriteno,280_personhumanbeing,shexaỹagaua,shexaỹagaua,ʃ e ʁ a j a g a w a,,messineo2009,,,,,1225 2074,0,0,?
Cerriteno-66_mother-1,,Cerriteno,66_mother,ỹate'e,ỹ+ate'e,j + a t e ʔ e,,messineo2009,,,,,2075 80,0,0,_:poss mother
Cerriteno-66_mother-2,,Cerriteno,66_mother,te'te,te'te,t e ʔ t e,,messineo2009,,,,,80,0,0,?
Cerriteno-145_nearadv-1,,Cerriteno,145_nearadv,neuocte,neuocte,n e w o k t e,,messineo2009,,,,,2077,0,0,?
Cerriteno-92_cloud-1,,Cerriteno,92_cloud,lo'oq,lo+'oq,l o + ʔ o q,,messineo2009,,,,,2078 2079,0,0,_:poss skin
Cerriteno-92_cloud-2,,Cerriteno,92_cloud,piguem lo'oq,piguem lo+'oq,p i g e m + l o + ʔ o q,,messineo2009,,,,,2080 2078 2079,0,0,sky _:poss skin
Cerriteno-279_come-1,,Cerriteno,279_come,hannaq,hannaq,h a nː a q,,messineo2009,,,,,113,0,0,?
Cerriteno-279_come-2,,Cerriteno,279_come,ñamaq,ñ+amaq,ɲ + a m a q,,messineo2009,,,,,113,0,0,_:hither send
Cerriteno-43_leaf-1,,Cerriteno,43_leaf,laue,la+ue,l + a w e,,messineo2009,,,,,2081 2082,0,0,_:poss hair
Cerriteno-93_sky-1,,Cerriteno,93_sky,piguem,piguem,p i g e m,,messineo2009,,,,,2080,0,0,?
Cerriteno-140_where-1,,Cerriteno,140_where,heoxocne huaña,heoxocne huaña,h e o ʁ o k n e + w a ɲ a,,messineo2009,,,,,639 2089,0,0,? be/stay
Cerriteno-141_how-1,,Cerriteno,141_how,qaica eetec,qaica eetec,q ai k a + eː t e k,,messineo2009,,,,,645 2090,0,0,_:neg thus
Cerriteno-153_three-1,,Cerriteno,153_three,tresolqa,tresolqa,t r e s o l q a,,messineo2009,,,,,2091 126,0,0,?
Cerriteno-244_white-1,,Cerriteno,244_white,lapagaxaic,la+pagax+ai,l a + p a g a ʁ + ai,,messineo2009,,,,,2092 1288 647 128,0,0,_:poss white _:adj
Cerriteno-146_faradv-1,,Cerriteno,146_faradv,qaỹa'a,qaỹa'a,q a j a ʔ a,,messineo2009,,,,,2093,0,0,?
Cerriteno-106_year-1,,Cerriteno,106_year,bi'i,bi'i,b i ʔ i,,messineo2009,,,,,2098,0,0,?
Cerriteno-248_flower-1,,Cerriteno,248_flower,lauoxo,l+auoxo,l + a w o ʁ o,,messineo2009,,,,,2099 141,0,0,_:poss flower
Cerriteno-41_fall-1,,Cerriteno,41_fall,naqañi,n+aqa+ñi,n + a q a + ɲ i,,messineo2009,,,,,2100 1305 1304,0,0,_:3sg fall _:dir
Cerriteno-274_ashes-1,,Cerriteno,274_ashes,halo,halo,h a l o,,messineo2009,,,,,1311,0,0,?
Cerriteno-274_ashes-2,,Cerriteno,274_ashes,nodec halo,nodec halo,n o d e k + h a l o,,messineo2009,,,,,152 1311,0,0,fire ash
Cerriteno-65_largebig-1,,Cerriteno,65_largebig,poq,poq,p o q,,messineo2009,,,,,2101,0,0,?
Cerriteno-148_short-1,,Cerriteno,148_short,sa qaloc,sa+qaloc,s a + q a l o k,,messineo2009,,,,,2102 2103,0,0,not long
Cerriteno-191_grass-1,,Cerriteno,191_grass,pixanaxaic,pixanaxaic,p i ʁ a n a ʁ ai k,,messineo2009,,,,,2107 2108 1339 2109,0,0,?
Cerriteno-191_grass-2,,Cerriteno,191_grass,auaqpi ltolec,auaq+pi l+tolec,a w a q + p i + l + t o l e k,,messineo2009,,,,,2110 2107 2111 2112,0,0,grass _:pl _:poss ?
Cerriteno-152_one-1,,Cerriteno,152_one,onolec,onolec,o n + o l e,,messineo2009,,,,,2113 2114,0,0,one _:dim
Cerriteno-292_old-1,,Cerriteno,292_old,hote ltoxoic,hote l+toxoic,h o t e + l + t o ʁ oi k,,messineo2009,,,,,682 2115 2116,0,0,_:? _:poss old
Cerriteno-282_father-1,,Cerriteno,282_father,ita'a,i+ta'a,i + t a ʔ a,,messineo2009,,,,,684 177 2117,0,0,_:poss father
Cerriteno-100_smalllittle-1,,Cerriteno,100_smalllittle,qapi,qapi,q a p i,,messineo2009,,,,,2118,0,0,?
Cerriteno-135_two-1,,Cerriteno,135_two,dosolqa,dosolqa,d o s o l q a,,messineo2009,,,,,2119 687,0,0,?
Cerriteno-15_long-1,,Cerriteno,15_long,haloc,haloc,h a l o k,,messineo2009,,,,,187,0,0,?
Cerriteno-275_intestinesguts-1,,Cerriteno,275_intestinesguts,naillishi,na+illi+shi,n + ai ʎ i ʃ i,,messineo2009,,,,,2120 2121,0,0,_:poss interior _:?
Cerriteno-52_treecf08600-1,,Cerriteno,52_treecf08600,epaq,epaq,e p a q,,messineo2009,,,,,194,0,0,?
Cerriteno-74_seed-1,,Cerriteno,74_seed,nala,n+ala,n + a l a,,messineo2009,,,,,2332 2129,0,0,_:poss seed
Cerriteno-47_sun-1,,Cerriteno,47_sun,nala',nala',n a l a ʔ,,messineo2009,,,,,2130,0,0,?
Cerriteno-283_give-1,,Cerriteno,283_give,ỹañi,ỹ+a+ñi,j + a n + ɲ i,,messineo2009,,,,,2133 212 213,0,0,_:3sg give _:dir
Cerriteno-136_littlequantityfew-1,,Cerriteno,136_littlequantityfew,qapi,qapi,q a p i,,messineo2009,,,,,1406,0,0,?
Cerriteno-136_littlequantityfew-2,,Cerriteno,136_littlequantityfew,hote qapi,hote qapi,h o t e + q a p i,,messineo2009,,,,,2134 1406,0,0,? few
Cerriteno-147_muchmany-1,,Cerriteno,147_muchmany,qalota,qalota,q a l o t a,,messineo2009,,,,,217,0,0,?
Cerriteno-39_sit-1,,Cerriteno,39_sit,nso'oñi,n+so'o+ñi,n + s o ʔ o + ɲ i,,messineo2009,,,,,2137 2138 221,0,0,_:3sg sit _:dir
Cerriteno-285_fruit-1,,Cerriteno,285_fruit,hala,h+ala,h a l a,,messineo2009,,,,,2143 2144,0,0,?
Cerriteno-323_hold-1,,Cerriteno,323_hold,ỹakona,ỹ+akona,j + a k o n a,,messineo2009,,,,,2145 730,0,0,_:3sg hold
Cerriteno-46_animal-1,,Cerriteno,46_animal,Sigiyaq,Sigiyaq,ʃ i g i j a q,,messineo2009,,,,,2147,0,0,?
Cerriteno-35_spider-1,,Cerriteno,35_spider,palachelxaxa,palachelxaxa,p a l a tʃ e l ʁ a ʁ a,,messineo2009,,,,,2148,0,0,?
Cerriteno-95_claw-1,,Cerriteno,95_claw,n'at,n+'at,n + ʔ a t,,messineo2009,,,,,2149 2150,0,0,_:poss nail
Cerriteno-57_arm-1,,Cerriteno,57_arm,lapique,lapique,l + a p i k e,,messineo2009,,,,,2151,0,0,_:poss arm
Cerriteno-102_horn-1,,Cerriteno,102_horn,lecue,le+cue,l e + k w e,,messineo2009,,,,,2154 2155,0,0,_:poss horn
Cerriteno-58_beard-1,,Cerriteno,58_beard,lqa' laue,l+qa'+l+aue,l + q a ʔ + l + a w e,,messineo2009,,,,,2156 2157 2156 239,0,0,_:poss chin _:poss hair
Cerriteno-58_beard-2,,Cerriteno,58_beard,nashep laue,nashep l+aue,n + a ʃ e p + l + a w e,,messineo2009,,,,,238 2156 239,0,0,_:poss lip _:poss hair
Cerriteno-254_chest-1,,Cerriteno,254_chest,holtogue,hol+togue,h o l + t o g e,,messineo2009,,,,,2160 2161,0,0,_:poss chest
Cerriteno-61_chin-1,,Cerriteno,61_chin,lqa',l+qa',l + q a ʔ,,messineo2009,,,,,2162 2163,0,0,_:poss chin
Cerriteno-62_lip-1,,Cerriteno,62_lip,halap laỹi,hal+ap laỹi,h a l + a p + l a j i,,messineo2009,,,,,2164 2165 2166,0,0,_:poss mouth side
Cerriteno-64_finger-1,,Cerriteno,64_finger,ñaxata,ñ+axata,ɲ + a ʁ a t a,,messineo2009,,,,,2169 244,0,0,_:poss finger
Cerriteno-64_finger-2,,Cerriteno,64_finger,llaxata,ll+axata,ʎ + a ʁ a t a,,messineo2009,,,,,2170 244,0,0,_:poss finger
Cerriteno-281_elbow-1,,Cerriteno,281_elbow,loqote,lo+qote,l o + q o t e,,messineo2009,,,,,2171 245,0,0,_:poss elbow
Cerriteno-94_fingernail-1,,Cerriteno,94_fingernail,n'at,n+'at,n + ʔ a t,,messineo2009,,,,,246 2172,0,0,_:poss nail
Cerriteno-299_thunder-1,,Cerriteno,299_thunder,qasojnaxa,qasojnaxa,q a s o h n a ʁ a,,messineo2009,,,,,2174,0,0,?
Cerriteno-109_lightning-1,,Cerriteno,109_lightning,qashelxanaq,qashelxan+aq,q a ʃ e l + ʁ a n a q,,messineo2009,,,,,255 2175,0,0,strike _:nmlz
Cerriteno-126_liedown-1,,Cerriteno,126_liedown,natanñi,n+atan+ñi,n a + t a + ɲ i,,messineo2009,,,,,2176 2177 259,0,0,come _:asp _:dir
Cerriteno-72_house-1,,Cerriteno,72_house,lma,l+ma,l + m a,,messineo2009,,,,,2179 270,0,0,_:poss place
Cerriteno-101_child-1,,Cerriteno,101_child,negotolec,negotole+c,n e g o t o l e + k,,messineo2009,,,,,2180 2181,0,0,child _:masc
Cerriteno-296_road-1,,Cerriteno,296_road,qa'aic,qa'aic,q a ʔ ai k,,messineo2009,,,,,2182,0,0,?
Cerriteno-132_float-1,,Cerriteno,132_float,huaỹoxoota,hu+aỹo+xoo+ta,w + a j o + ʁ oː + t a,,messineo2009,,,,,2183 2184 2185 1477,0,0,_:3sg fly _:vblz _:asp
Cerriteno-132_float-2,,Cerriteno,132_float,huaỹoxon,hu+aỹo+xon,w + a j o + ʁ o n,,messineo2009,,,,,2183 2184 2185,0,0,_:3sg fly _:vblz
Cerriteno-132_float-3,,Cerriteno,132_float,nahuaỹoxootashiguem,na+hu+aỹo+xoo+ta+shiguem,n a w a j o + ʁ oː + t a + ʃ i g e m,,messineo2009,,,,,2186 2183 2184 2185 1477 2187,0,0,_:3sg fly _:vblz _:asp _:dir
Cerriteno-293_owl-1,,Cerriteno,293_owl,qolonqoq,qolonqoq,q o l o n q o q,,messineo2009,,,,,277,0,0,?
Cerriteno-273_cat-1,,Cerriteno,273_cat,yeegaato,yeegaato,ʒ eː g aː t o,,messineo2009,,,,,2192,0,0,?
Cerriteno-55_bee-1,,Cerriteno,55_bee,altela,altela,a l t e l a,,messineo2009,,,,,2193,0,0,?
Cerriteno-289_parrot-1,,Cerriteno,289_parrot,ele',ele',e l e ʔ,,messineo2009,,,,,2194,0,0,?
Cerriteno-128_flea-1,,Cerriteno,128_flea,pỹoxol lalaaxat,pỹox+ol l+alaaxat,p j o ʁ + o l + l + a l aː ʁ a t,,messineo2009,,,,,2195 2196 289 290,0,0,dog _:poss insect
Cerriteno-118_ant-1,,Cerriteno,118_ant,qaguesaq,qaguesaq,q a g e s a q,,messineo2009,,,,,1503 299,0,0,?
Cerriteno-99_palmofhand-1,,Cerriteno,99_palmofhand,lhuaq lauel,l+huaq l+auel,l + w a q + l + a w e l,,messineo2009,,,,,302 2203 2204 303,0,0,_:poss hand _:poss interior
Cerriteno-89_fur-1,,Cerriteno,89_fur,lo'oq,lo+'oq,l o + ʔ o q,,messineo2009,,,,,2205 2206,0,0,_:poss skin
Cerriteno-42_hairhead-1,,Cerriteno,42_hairhead,laue,l+aue,l + a w e,,messineo2009,,,,,2207 2208,0,0,_:poss hair
Cerriteno-88_skull-1,,Cerriteno,88_skull,lqaic lbiinec,l+qaic l+biinec,l + q ai k + l + b iː n e k,,messineo2009,,,,,2210 2211 2212 2213,0,0,_:poss head _:poss bone
Cerriteno-288_lung-1,,Cerriteno,288_lung,lache,l+ache,l + a tʃ e,,messineo2009,,,,,2220 2221,0,0,_:poss lung
Cerriteno-262_under-1,,Cerriteno,262_under,paañi,paa+ñi,p aː + ɲ i,,messineo2009,,,,,816 2227,0,0,stay _:dir
Cerriteno-124_bed-1,,Cerriteno,124_bed,laqanec,laqanec,l a q a n e k,,messineo2009,,,,,2229,0,0,?
Cerriteno-124_bed-2,,Cerriteno,124_bed,lo'ochaxala,lo+'och+axa+la,l o + ʔ o tʃ + a ʁ a + l a,,messineo2009,,,,,2230 2231 2232 2233,0,0,_:poss sleep _:val _:loc
Cerriteno-268_upabove-1,,Cerriteno,268_upabove,huetashiguem,hue+ta+shiguem,w e + t a + ʃ i g e m,,messineo2009,,,,,2234 2235 2236,0,0,stay _:asp _:dir
Cerriteno-60_doorgate-1,,Cerriteno,60_doorgate,hasom,hasom,h a s o m,,messineo2009,,,,,324,0,0,?
Cerriteno-278_buy-1,,Cerriteno,278_buy,sheenaxana,sheenaxana,ʃ eː n + a ʁ a n + a,,messineo2009,,,,,2237,0,0,buy _:val _:3O
Cerriteno-123_burnvbintrans-1,,Cerriteno,123_burnvbintrans,habic,habic,h + a w i k,,messineo2009,,,,,2238 325,0,0,_:3sg burn
Cerriteno-271_sweetpotato-1,,Cerriteno,271_sweetpotato,watata,watata,w a t a t a,,messineo2009,,,,,846,0,0,?
Cerriteno-86_path-1,,Cerriteno,86_path,qa'aic,qa'aic,q a ʔ ai k,,messineo2009,,,,,2242,0,0,?
Cerriteno-170_needle-1,,Cerriteno,170_needle,qana,qana,q a n a,,messineo2009,,,,,1596,0,0,?
Cerriteno-287_maizecorn-1,,Cerriteno,287_maizecorn,auaxa,auaxa,a w a ʁ a,,messineo2009,,,,,864,0,0,?
Cerriteno-206_oldman-1,,Cerriteno,206_oldman,hote ỹaxaic,hote ỹaxai+c,h o t e + j a ʁ ai + k,,messineo2009,,,,,353 355 42,0,0,_:? old _:masc
Cerriteno-300_tobacco-1,,Cerriteno,300_tobacco,lashedec,lashedec,l + a ʃ e d e k,,messineo2009,,,,,1644,0,0,_:poss tobacco
Cerriteno-300_tobacco-2,,Cerriteno,300_tobacco,coliguishik,coliguishik,k o l i g i ʃ i k,,messineo2009,,,,,2247 2248,0,0,?
Cerriteno-270_tapiocamanioccassava-1,,Cerriteno,270_tapiocamanioccassava,mayooqa,mayooqa,m a ʒ oː q a,,messineo2009,,,,,884,0,0,?
Cerriteno-36_spiderweb-1,,Cerriteno,36_spiderweb,poq palachelxaxa,poq palachelxaxa,p o q + p a l a tʃ e l ʁ a ʁ a,,messineo2009,,,,,908 2271,0,0,? spider
Cerriteno-252_cow-1,,Cerriteno,252_cow,huaaca,huaaca,w aː k a,,messineo2009,,,,,297,0,0,?
Cerriteno-173_lizard-1,,Cerriteno,173_lizard,tamelta'a,tame+l+ta+'a,t a m e + l + t a ʔ a,,messineo2009,,,,,2273 2274 914 2275,0,0,? _:poss father
Cerriteno-267_nest-1,,Cerriteno,267_nest,ỹetek lma,ỹetek l+ma,j e t e k + l + m a,,messineo2009,,,,,396 2276 2277,0,0,_:? _:poss place
Cerriteno-267_nest-2,,Cerriteno,267_nest,qoỹole lma,qoỹo+le l+ma,q o j o + l e + l + m a,,messineo2009,,,,,2278 2279 2276 2277,0,0,bird _:dim _:poss place
Cerriteno-267_nest-3,,Cerriteno,267_nest,qoỹole lpata,qoỹo+le l+pata,q o j o + l e + l + p a t a,,messineo2009,,,,,2278 2280 2276 396,0,0,bird _:dim _:poss nest
Cerriteno-302_pig-1,,Cerriteno,302_pig,cos late'e,cos l+ate'e,k o s + l + a t e ʔ e,,messineo2009,,,,,920 2284 399,0,0,boar _:poss mother
Cerriteno-174_dove-1,,Cerriteno,174_dove,qoto,qoto,q o t o,,messineo2009,,,,,923,0,0,?
Cerriteno-260_crocodilealligator-1,,Cerriteno,260_crocodilealligator,delok,delok,d e + l + o k,,messineo2009,,,,,1746,0,0,strong _:poss skin
Cerriteno-245_snail-1,,Cerriteno,245_snail,nashigỹo',nashigỹo',n a ʃ i g j o ʔ,,messineo2009,,,,,1773,0,0,?
Cerriteno-160_fox-1,,Cerriteno,160_fox,huaỹaxa,huaỹaxa,w a j a ʁ a,,messineo2009,,,,,940,0,0,?
Cerriteno-113_horseequine-1,,Cerriteno,113_horseequine,caaỹo,caaỹo,k aː j o,,messineo2009,,,,,2299,0,0,?
Cerriteno-208_mule-1,,Cerriteno,208_mule,moola,moola,m oː l a,,messineo2009,,,,,953,0,0,?
Cerriteno-115_sheep-1,,Cerriteno,115_sheep,qaeta,qaeta,q a e t a,,messineo2009,,,,,2311,0,0,?
Cerriteno-256_bull-1,,Cerriteno,256_bull,todo,todo,t o d o,,messineo2009,,,,,2312,0,0,?
Cerriteno-242_assdonkey-1,,Cerriteno,242_assdonkey,ashna,ashna,a ʃ n a,,messineo2009,,,,,457,0,0,?
Cerriteno-257_wasp-1,,Cerriteno,257_wasp,ne'laxala huadolala't,ne'laxala huadolala't,n e ʔ l a ʁ a l a + w a d o l a l a ʔ t,,messineo2009,,,,,2315 2316,0,0,? ?
Cerriteno-70_eyelid-1,,Cerriteno,70_eyelid,n'ae lapo,n+'ae+l+apo,n + ʔ ai + l + a p o,,messineo2009,,,,,2332 2333 2334 2783,0,0,_:poss eye _:poss cover
Cerriteno-70_eyelid-2,,Cerriteno,70_eyelid,l'aete lo'oq,l+'aete lo+'oq,l + ʔ ai t e + l o + ʔ o q,,messineo2009,,,,,2336 2333 986 2334 2052,0,0,_:poss eye _:poss skin
Cerriteno-40_borntobe-1,,Cerriteno,40_borntobe,negueñi,negue+ñi,n e g e + ɲ i,,messineo2009,,,,,2338 2339 2338,0,0,be.born _:down
Cerriteno-259_eyelash-1,,Cerriteno,259_eyelash,nlote,n+lote,n + l o t e,,messineo2009,,,,,2332 1831,0,0,_:poss eyelash
Cerriteno-258_poison-1,,Cerriteno,258_poison,nalataxanaxat,n+alat+axan+axat,n + a l a t + a ʁ a n + a ʁ a t,,messineo2009,,,,,2352 2353 2354,0,0,_:3sg kill _:val _:nmlz
Cerriteno-301_urinate-1,,Cerriteno,301_urinate,lte,l+te,l + t e,,messineo2009,,,,,1864,0,0,_:poss urinate
Cerriteno-81_spine-1,,Cerriteno,81_spine,lalbiinec,l+a+l+biinec,l + a + l + b iː n e k,,messineo2009,,,,,2378 2379,0,0,_:poss back _:poss bone
Cerriteno-84_veinartery-1,,Cerriteno,84_veinartery,l'ota,l+'ota,l + ʔ o t a,,messineo2009,,,,,2395 498,0,0,_:poss vein
Cerriteno-144_mute-1,,Cerriteno,144_mute,qaicaua l'aqtaqa,qaicaua l+'aqtaqa,q ai k a w a + l + ʔ a q t a q a,,messineo2009,,,,,2401 2402 2403 2404,0,0,_:neg.ex _:poss speech
Cerriteno-63_thumb-1,,Cerriteno,63_thumb,ñaxata late'e,ñ+axata l+ate'e,ɲ + a ʁ a t a + l + a t e ʔ e,,messineo2009,,,,,1918 2406 2407 1919,0,0,_:poss finger _:poss mother
Cerriteno-80_beak-1,,Cerriteno,80_beak,nashep,n+ashep,n + a ʃ e p,,messineo2009,,,,,2408 2409,0,0,_:poss beak
Cerriteno-134_itch-1,,Cerriteno,134_itch,shiqui,shiqui,ʃ i k i,,messineo2009,,,,,2423,0,0,?
Cerriteno-269_wakeup-1,,Cerriteno,269_wakeup,nelouec,ne+lo+uec,n e + l o + w e k,,messineo2009,,,,,1933 2426 2427,0,0,_:3sg look _:dir
Cerriteno-71_window-1,,Cerriteno,71_window,bentana,bentana,b e n t a n a,,messineo2009,,,,,2430,0,0,?
Cerriteno-127_cousin-1,,Cerriteno,127_cousin,ỹaqaỹa,ỹa+qaỹa,j a + q a j a,,messineo2009,,,,,2435 514,0,0,_:poss brother
Cerriteno-127_cousin-2,,Cerriteno,127_cousin,qalỹa,qa+l+ỹa,q a + l + j a,,messineo2009,,,,,514 2436 2435,0,0,brother _:poss other
Cerriteno-127_cousin-3,,Cerriteno,127_cousin,nososhic,nososhic,n o s o ʃ i k,,messineo2009,,,,,2437,0,0,?
Cerriteno-127_cousin-4,,Cerriteno,127_cousin,ỹasoshic,ỹasoshic,j a s o ʃ i k,,messineo2009,,,,,2437,0,0,?
Cerriteno-87_place-1,,Cerriteno,87_place,hueta'a,hue+ta+'a,w e + t a + ʔ a,,messineo2009,,,,,2438 1961 2439,0,0,stay _:asp _:loc
Cerriteno-105_shadeshadow-1,,Cerriteno,105_shadeshadow,paqal,paqal,p a q a l,,messineo2009,,,,,2440,0,0,?
Cerriteno-107_summer-1,,Cerriteno,107_summer,napaỹaxa,napaỹaxa,n a p a j a ʁ a,,messineo2009,,,,,2451,0,0,?
Chamacoco-79_head-1,,Chamacoco,79_head,iikut,iikut,iː k u t,,ciucci2013,,,,,543,0,0,?
Chamacoco-53_ear-1,,Chamacoco,53_ear,ãrrza,ãrrza,ã ʐ a,,ciucci2013,,,,,2452,0,0,?
Chamacoco-130_louse-1,,Chamacoco,130_louse,hnatsɨkɨta,hnatsɨkɨta,n̥ a ts ɨ k ɨ t a,,ciucci2013,,,,,2454,0,0,?
Chamacoco-83_bone-1,,Chamacoco,83_bone,lotɨbich,lotɨbich,l o t ɨ b i tɕ,,ciucci2013,,,,,2455,0,0,?
Chamacoco-164_dust-1,,Chamacoco,164_dust,ukult,ukult,u k u l t,,ciucci2013,,,,,2457,0,0,?
Chamacoco-280_personhumanbeing-1,,Chamacoco,280_personhumanbeing,dekɨtɨt,dekɨtɨt,d e k ɨ t ɨ t,,ciucci2013,,,,,2458,0,0,?
Chamacoco-298_ropecord-1,,Chamacoco,298_ropecord,ashtũrc,ashtũrc,a ɕ t ũ r tɕ,,ciucci2013,,,,,2459,0,0,?
Chamacoco-298_ropecord-2,,Chamacoco,298_ropecord,dukwerc,dukwerc,d u k w e r tɕ,,ciucci2013,,,,,2460,0,0,?
Chamacoco-274_ashes-1,,Chamacoco,274_ashes,piitsɨt,piitsɨt,p iː ts ɨ t,,ciucci2013,,,,,152,0,0,?
Chamacoco-292_old-1,,Chamacoco,292_old,ɨmatɨt,ɨmatɨt,ɨ m a t ɨ t,,ciucci2013,,,,,682,0,0,?
Chamacoco-282_father-1,,Chamacoco,282_father,deych; dii (ant); ɨhnesɨrc (viudo)ɨhnesɨ̃rc,ɨhnesɨ̃rc,ɨ n̥ e s ɨ̃ r ɕ,,ciucci2013,,,,,2463,0,0,?
Chamacoco-102_horn-1,,Chamacoco,102_horn,uuta,uuta,uː t a,,ciucci2013,,,,,237,0,0,?
Chamacoco-61_chin-1,,Chamacoco,61_chin,ahworrza,ahworrza,a w̥ o ʐ a,,ciucci2013,,,,,2465,0,0,?
Chamacoco-101_child-1,,Chamacoco,101_child,ɨhɨrmɨt,ɨhɨrmɨt,ɨ h ɨ r m ɨ t,,ciucci2013,,,,,768,0,0,?
Chamacoco-99_palmofhand-1,,Chamacoco,99_palmofhand,hmata aharrza,hmata aharrza,m̥ a t a + a h a ʐ a,,ciucci2013,,,,,786 1505,0,0,hand middle
Chamacoco-42_hairhead-1,,Chamacoco,42_hairhead,akɨrt; akɨrtɨsh (largo),akɨrt,a k ɨ̃ r t,,ciucci2013,,,,,2466,0,0,?
Chamacoco-249_penis-1,,Chamacoco,249_penis,ajɨta,ajɨta,a x ɨ t a,,ciucci2013,,,,,1514,0,0,?
Chamacoco-124_bed-1,,Chamacoco,124_bed,arpich,arpich,a r p i tɕ,,ciucci2013,,,,,819,0,0,?
Chamacoco-124_bed-2,,Chamacoco,124_bed,kamɨt,kamɨt,k a m ɨ t,,ciucci2013,,,,,1543,0,0,?
Chamacoco-124_bed-3,,Chamacoco,124_bed,ɨteẽch,ɨteẽch,ɨ t ẽː tɕ,,ciucci2013,,,,,2469,0,0,?
Chamacoco-86_path-1,,Chamacoco,86_path,ɨjich,ɨjich,ɨ x i tɕ,,ciucci2013,,,,,2471,0,0,?
Chamacoco-277_cryweep-1,,Chamacoco,277_cryweep,ɨbihich,ɨbihich,ɨ b i h i tɕ,,ciucci2013,,,,,2472,0,0,?
Chorote-85_blood-1,,Chorote,85_blood,ji-'woyis,ji+'woyis,x i + ˀw o j i s,,drayson2009;scarpa2010,,,,,8074 2479,0,0,_:poss blood
Chorote-59_mouth-1,,Chorote,59_mouth,ji-kiwet,ji+kiwet,x i + k i w e t,,drayson2009;scarpa2010,,,,,8074 5,0,0,_:poss mouth
Chorote-79_head-1,,Chorote,79_head,jl-etik,jl+etik,ʱl + e t i k,,drayson2009;scarpa2010,,,,,2007 7,0,0,_:poss head
Chorote-56_hand-1,,Chorote,56_hand,jikio',ji+kio',x i + k j o ʔ,,drayson2009;scarpa2010,,,,,8074 2606,0,0,_:poss hand
Chorote-53_ear-1,,Chorote,53_ear,jik'iote,ji+k'iote,x i + kˀ j o t e,,drayson2009;scarpa2010,,,,,8074 16,0,0,_:poss ear
Chorote-50_red-1,,Chorote,50_red,"isiat, tam",isiat,i s j a t,,drayson2009;scarpa2010,,,,,2489,0,0,?
Chorote-50_red-2,,Chorote,50_red,"isiat, tam",tam,t a m,,drayson2009;scarpa2010,,,,,1137,0,0,?
Chorote-163_see-1,,Chorote,163_see,we'en,we'en,w e ʔ e n,,drayson2009;scarpa2010,,,,,1145,0,0,?
Chorote-37_husband-1,,Chorote,37_husband,jik-'iemjla,ji+k'iemjla,x i + kˀ j e m ʱl a,,drayson2009;scarpa2010,,,,,8074 555,0,0,_:poss husband
Chorote-38_wife-1,,Chorote,38_wife,jik-'iemjla,ji+k'iemjla,x i + kˀ j e m ʱl a,,drayson2009;scarpa2010,,,,,8074 28,0,0,_:poss spouse
Chorote-138_hear-1,,Chorote,138_hear,ipi'ya; tipechi',i+pi'ya,i + p i ˀj a,,drayson2009;scarpa2010,,,,,1001 2493,0,0,_:3sg hear
Chorote-138_hear-2,,Chorote,138_hear,ipi'ya; tipechi',tipechi',t i p e tʃ i ʔ,,drayson2009;scarpa2010,,,,,557,0,0,?
Chorote-187_bird-1,,Chorote,187_bird,"ajwena, jop jiwoki, sana jlele",ajwena,a ʱw e n a,,drayson2009;scarpa2010,,,,,36 4648,0,0,?
Chorote-97_fish-1,,Chorote,97_fish,si'yus,si'yus,s i ˀj u s,,drayson2009;scarpa2010,,,,,2496,0,0,?
Chorote-130_louse-1,,Chorote,130_louse,jijlies,ji+jlies,x i + ʱl j e + s,,drayson2009;scarpa2010,,,,,8074 2501,0,0,_:poss louse _:pl
Chorote-129_dog-1,,Chorote,129_dog,alena,alena,a l eː n a,,drayson2009;scarpa2010,,,,,7891 4648,0,0,?
Chorote-251_tongue-1,,Chorote,251_tongue,jipajnat,ji+pajnat,x i + p a ʱn a t,,drayson2009;scarpa2010,,,,,8074 1160,0,0,_:poss tongue
Chorote-78_breastofwoman-1,,Chorote,78_breastofwoman,t'ajate,t+'ajate,t + ʔ a x a t e,,drayson2009;scarpa2010,,,,,2504 49,0,0,_:poss breast
Chorote-98_wing-1,,Chorote,98_wing,jijwes,ji+jwes,x i + ʱw e s,,drayson2009;scarpa2010,,,,,8074 50,0,0,_:poss wing
Chorote-82_back-1,,Chorote,82_back,jikiay,ji+kiay,x i + k j ai,,drayson2009;scarpa2010,,,,,8074 1042,0,0,_:poss back
Chorote-83_bone-1,,Chorote,83_bone,"jikeli', jleli'",ji+keli',x i + k e l i ʔ,,drayson2009;scarpa2010,,,,,8074 2508,0,0,_:poss bone
Chorote-83_bone-2,,Chorote,83_bone,"jikeli', jleli'",jleli',ʱl e l i ʔ,,drayson2009;scarpa2010,,,,,2738,0,0,?
Chorote-120_leg-1,,Chorote,120_leg,jlekijna',jl+ekijna',ʱl + e k i ʱn a ʔ,,drayson2009;scarpa2010,,,,,2036 2509,0,0,_:poss leg
Chorote-246_foot-1,,Chorote,246_foot,jisiet,ji+siet,x i + s j e t,,drayson2009;scarpa2010,,,,,8074 2511,0,0,_:poss foot
Chorote-261_heart-1,,Chorote,261_heart,t'otale,t+'otale,t + ʔ o t a l e,,drayson2009;scarpa2010,,,,,62 2513,0,0,_:body heart
Chorote-125_sleep-1,,Chorote,125_sleep,imia'a,i+mia'a,i + m j a ʔ a,,drayson2009;scarpa2010,,,,,1001 1174,0,0,_:3sg sleep
Chorote-114_tail-1,,Chorote,114_tail,jikias,ji+kias,x i + k j a s,,drayson2009;scarpa2010,,,,,8074 65,0,0,_:poss tail
Chorote-111_kill-1,,Chorote,111_kill,"ilia'an, takalanki",i+lia'an,i + l j a ʔ a n,,drayson2009;scarpa2010,,,,,1001 1181,0,0,_:3sg kill
Chorote-111_kill-2,,Chorote,111_kill,"ilia'an, takalanki",ta+ka+lan+ki,t a + k a + l a n + k i,,drayson2009;scarpa2010,,,,,579 2515 1181 2516,0,0,_:3sg ? kill _:appl
Chorote-75_skinhide-1,,Chorote,75_skinhide,t'aj,t'aj,tˀ + a x,,drayson2009;scarpa2010,,,,,2337,0,0,_:body skin
Chorote-44_feather-1,,Chorote,44_feather,wole',wole',w o l e ʔ,,drayson2009;scarpa2010,,,,,2520,0,0,?
Chorote-139_earthgroundsoil-1,,Chorote,139_earthgroundsoil,ajnat,ajnat,a ʱn a t,,drayson2009;scarpa2010,,,,,3106,0,0,?
Chorote-154_four-1,,Chorote,154_four,ijniujlits'i,i+jniujli+ts'i,i + ʱn j u ʱl i + tsˀ i,,drayson2009;scarpa2010,,,,,2529 2530 2531,0,0,_:3s fit ?
Chorote-167_yellow-1,,Chorote,167_yellow,maja',maja',m a x a ʔ,,drayson2009;scarpa2010,,,,,2533,0,0,?
Chorote-133_flyvb-1,,Chorote,133_flyvb,ijwi'ya',i+jwi'ya',i + ʱw i ˀj a ʔ,,drayson2009;scarpa2010,,,,,1001 2535,0,0,_:3sg fly
Chorote-297_root-1,,Chorote,297_root,"jijwetis, jitis",ji+jwetis,x i + ʱw e t i s,,drayson2009;scarpa2010,,,,,8074 2537,0,0,_:poss root
Chorote-297_root-2,,Chorote,297_root,"jijwetis, jitis",jitis,x i t i s,,drayson2009;scarpa2010,,,,,2537,0,0,?
Chorote-67_lake-1,,Chorote,67_lake,"tewuk iliyi, tewuk ji'wet pe, i'niat",tewuk iliyi,t e w u k + i l i j i,,drayson2009;scarpa2010,,,,,2538 594 2539 2540,0,0,river ?
Chorote-67_lake-2,,Chorote,67_lake,"tewuk iliyi, tewuk ji'wet pe, i'niat",tewuk ji'+wet pe,t e w u k + x i ʔ + w e t + p e,,drayson2009;scarpa2010,,,,,2538 2541 2542 595,0,0,river _:poss place ?
Chorote-67_lake-3,,Chorote,67_lake,"tewuk iliyi, tewuk ji'wet pe, i'niat",i'niat,i ʔ n j a t,,drayson2009;scarpa2010,,,,,2543,0,0,?
Chorote-243_black-1,,Chorote,243_black,isiojwa',isiojwa',i s j o ʱw a ʔ,,drayson2009;scarpa2010,,,,,93,0,0,?
Chorote-164_dust-1,,Chorote,164_dust,lamak m,lamak,l a m a k,,drayson2009;scarpa2010,,,,,2547,0,0,?
Chorote-168_star-1,,Chorote,168_star,kates,kates,k a t e s,,drayson2009;scarpa2010,,,,,605,0,0,?
Chorote-280_personhumanbeing-1,,Chorote,280_personhumanbeing,inyo',inyo',i n j o ʔ,,drayson2009;scarpa2010,,,,,1225,0,0,?
Chorote-66_mother-1,,Chorote,66_mother,jlet,jl+et,ʱl + e t,,drayson2009;scarpa2010,,,,,2555 80,0,0,_:poss mother
Chorote-145_nearadv-1,,Chorote,145_nearadv,ja tofwe,ja+tofwe,x a + t o f w e,,drayson2009;scarpa2010,,,,,615 2557,0,0,_:neg far
Chorote-92_cloud-1,,Chorote,92_cloud,poli,poli,p o l i,,drayson2009;scarpa2010,,,,,2560,0,0,?
Chorote-279_come-1,,Chorote,279_come,"na'am, tajle, tal, tomi",na'am,n a ʔ a m,,drayson2009;scarpa2010,,,,,1247,0,0,?
Chorote-279_come-2,,Chorote,279_come,"na'am, tajle, tal, tomi",ta+l,t a l,,drayson2009;scarpa2010,,,,,622 2562,0,0,?
Chorote-279_come-3,,Chorote,279_come,"na'am, tajle, tal, tomi",tom+i,t o m + i,,drayson2009;scarpa2010,,,,,622 621,0,0,situate _:apl
Chorote-43_leaf-1,,Chorote,43_leaf,ji'wole,ji+'wole,x i + ˀw o l e,,drayson2009;scarpa2010,,,,,8074 2082,0,0,_:poss leaf
Chorote-93_sky-1,,Chorote,93_sky,poli,poli,p o l i,,drayson2009;scarpa2010,,,,,2566,0,0,?
Chorote-140_where-1,,Chorote,140_where,"naja, naja pa",naja,n a x a,,drayson2009;scarpa2010,,,,,2574,0,0,?
Chorote-298_ropecord-1,,Chorote,298_ropecord,"t'ak, neyak",t'ak,tˀ a k,,drayson2009;scarpa2010,,,,,2578,0,0,?
Chorote-298_ropecord-2,,Chorote,298_ropecord,"t'ak, neyak",neyak,n e j a k,,drayson2009;scarpa2010,,,,,1285,0,0,?
Chorote-141_how-1,,Chorote,141_how,"naja, nit'i",naja,n a x a,,drayson2009;scarpa2010,,,,,2579,0,0,?
Chorote-141_how-2,,Chorote,141_how,"naja, nit'i",nit'i,n i tˀ i,,drayson2009;scarpa2010,,,,,2580,0,0,?
Chorote-153_three-1,,Chorote,153_three,najape,najape,n a x a p e,,drayson2009;scarpa2010,,,,,646,0,0,?
Chorote-244_white-1,,Chorote,244_white,lemi,lemi,l e m + i,,drayson2009;scarpa2010,,,,,2092,0,0,red _:appl
Chorote-146_faradv-1,,Chorote,146_faradv,tojwe,tojwe,t o ʱw + e,,drayson2009;scarpa2010,,,,,1291 2582,0,0,far _:appl
Chorote-106_year-1,,Chorote,106_year,najkap,najka+p,n a x k a p,,drayson2009;scarpa2010,,,,,1296 2585,0,0,?
Chorote-162_drink-1,,Chorote,162_drink,"i'-yaja, i-'yaje",i+'ya+ja,i + ˀj a + x a,,drayson2009;scarpa2010,,,,,1001 2586 2587,0,0,_:3sg drink _:appl
Chorote-248_flower-1,,Chorote,248_flower,jlokie,jlokie,ʱl o k j e,,drayson2009;scarpa2010,,,,,2099,0,0,?
Chorote-41_fall-1,,Chorote,41_fall,"iniuj-'li, iniuj-we'n",i+niu+j'li,i + n j u + x ʔ l i,,drayson2009;scarpa2010,,,,,1001 1304 2100,0,0,_:3sg go _:appl
Chorote-41_fall-2,,Chorote,41_fall,"iniuj-'li, iniuj-we'n",i+niuj+we'n,i + n j u x + w e ʔ n,,drayson2009;scarpa2010,,,,,1001 1304 2590,0,0,_:3sg go _:appl
Chorote-264_know-1,,Chorote,264_know,'yijene,'yi+jene,ˀj i + x e n e,,drayson2009;scarpa2010,,,,,2591 1307,0,0,_:3sg know
Chorote-274_ashes-1,,Chorote,274_ashes,"jilio', tijlat",ji+lio',x i + l j o ʔ,,drayson2009;scarpa2010,,,,,8074 152,0,0,_:poss ashes
Chorote-274_ashes-2,,Chorote,274_ashes,"jilio', tijlat",tijlat,t i ʱl a t,,drayson2009;scarpa2010,,,,,1311,0,0,?
Chorote-65_largebig-1,,Chorote,65_largebig,wuj,wuj,w u x,,drayson2009;scarpa2010,,,,,2597,0,0,?
Chorote-148_short-1,,Chorote,148_short,je toy,je toy,x e + t oi,,drayson2009;scarpa2010,,,,,615 661,0,0,_:neg long
Chorote-149_five-1,,Chorote,149_five,ifwyenni sikyoy itifwe,ifwyenni sikyoy itifwe,i ʱw j e n ʱl i + s i + k j oi + i t i f w e,,drayson2009;scarpa2010,,,,,2604 2605 2606 1227,0,0,one _:poss.pl hand finish
Chorote-276_eat-1,,Chorote,276_eat,ti'yekiu'n,ti+'yekiu+'n,t + i ˀj e k j u ˀn,,drayson2009;scarpa2010,,,,,1330 2607 1332,0,0,_:3sg eat
Chorote-191_grass-1,,Chorote,191_grass,jop,jop,x o p,,drayson2009;scarpa2010,,,,,674,0,0,?
Chorote-152_one-1,,Chorote,152_one,ijwienjli,ijwienjli,i ʱw j e n ʱl i,,drayson2009;scarpa2010,,,,,2604,0,0,?
Chorote-263_everyall-1,,Chorote,263_everyall,"pajlat, wikie'eyi",pajlat,p a ʱl a t,,drayson2009;scarpa2010,,,,,2611,0,0,?
Chorote-263_everyall-2,,Chorote,263_everyall,"pajlat, wikie'eyi",wikie'eyi,w i k j e ʔ e j i,,drayson2009;scarpa2010,,,,,2612,0,0,?
Chorote-291_name-1,,Chorote,291_name,jle',jle',ʱl + e ʔ,,drayson2009;scarpa2010,,,,,2615,0,0,_:poss name
Chorote-282_father-1,,Chorote,282_father,jinia',ji+nia',x i + n j a ʔ,,drayson2009;scarpa2010,,,,,8074 2463,0,0,_:poss father
Chorote-100_smalllittle-1,,Chorote,100_smalllittle,jlas,jl+as,ʱl + a s,,drayson2009;scarpa2010,,,,,179 2618,0,0,_:poss son
Chorote-135_two-1,,Chorote,135_two,times,ti+mes,t i + m e s,,drayson2009;scarpa2010,,,,,2119 2620,0,0,_:3sg be.two
Chorote-15_long-1,,Chorote,15_long,itiojyi,i+tio+jyi,i + t j o + x j i,,drayson2009;scarpa2010,,,,,1001 2622 2623,0,0,_:3sg ? ?
Chorote-275_intestinesguts-1,,Chorote,275_intestinesguts,"jikasjili, jlele",ji+kasjili,x i + k a s x i l i,,drayson2009;scarpa2010,,,,,8074 2626,0,0,_:poss intestines
Chorote-275_intestinesguts-2,,Chorote,275_intestinesguts,"jikasjili, jlele",jl+ele,ʱl + e l e,,drayson2009;scarpa2010,,,,,2627 2121,0,0,_:poss intestines
Chorote-52_treecf08600-1,,Chorote,52_treecf08600,a'la',a'la',a ʔ l a ʔ,,drayson2009;scarpa2010,,,,,194,0,0,?
Chorote-74_seed-1,,Chorote,74_seed,"inseliaki', jlo'",in+seliaki',i n + s e l j a k i ʔ,,drayson2009;scarpa2010,,,,,1388 2641,0,0,_:poss seed
Chorote-74_seed-2,,Chorote,74_seed,"inseliaki', jlo'",jlo',ʱl + o ʔ,,drayson2009;scarpa2010,,,,,2129,0,0,_:poss seed
Chorote-47_sun-1,,Chorote,47_sun,kilie',kilie',k i l j e ʔ,,drayson2009;scarpa2010,,,,,2130,0,0,?
Chorote-283_give-1,,Chorote,283_give,iwinki'm,i+win+ki'm,i + w i n + k i ʔ m,,drayson2009;scarpa2010,,,,,1001 213 2649,0,0,_:3sg give _:ben
Chorote-136_littlequantityfew-1,,Chorote,136_littlequantityfew,jwamjla'a,jwamjla'a,ʱw a m ʱl a ʔ a,,drayson2009;scarpa2010,,,,,1404,0,0,?
Chorote-147_muchmany-1,,Chorote,147_muchmany,"ok, wu'we, 'loj",ok,o k,,drayson2009;scarpa2010,,,,,2653,0,0,?
Chorote-147_muchmany-2,,Chorote,147_muchmany,"ok, wu'we, 'loj",wu'we,w u ˀw e,,drayson2009;scarpa2010,,,,,2654,0,0,?
Chorote-147_muchmany-3,,Chorote,147_muchmany,"ok, wu'we, 'loj",loj,l o x,,drayson2009;scarpa2010,,,,,219,0,0,?
Chorote-266_cold-1,,Chorote,266_cold,techaja',techaja',t e tʃ a x a ʔ,,drayson2009;scarpa2010,,,,,1413,0,0,?
Chorote-39_sit-1,,Chorote,39_sit,yijyi'n,y+i+jyi'n,j + i x j i ʔ + n,,drayson2009;scarpa2010,,,,,2655 222 2656,0,0,_:3sg sit _:dir
Chorote-285_fruit-1,,Chorote,285_fruit,jla',jla',ʱl + a ʔ,,drayson2009;scarpa2010,,,,,2144,0,0,_:poss fruit
Chorote-323_hold-1,,Chorote,323_hold,itiej,i+tiej,i + t j e x,,drayson2009;scarpa2010,,,,,1001 1427,0,0,_:3sg hold
Chorote-46_animal-1,,Chorote,46_animal,jiliajwa,ji+liajwa,x i + l j a ʱw a,,drayson2009;scarpa2010,,,,,8074 2663,0,0,_:poss animal
Chorote-290_mosquito-1,,Chorote,290_mosquito,"malewe', eye', jatak'i",malewe',m a l e w e ʔ,,drayson2009;scarpa2010,,,,,2664,0,0,?
Chorote-290_mosquito-2,,Chorote,290_mosquito,"malewe', eye', jatak'i",eye',e j e ʔ,,drayson2009;scarpa2010,,,,,2665,0,0,?
Chorote-290_mosquito-3,,Chorote,290_mosquito,"malewe', eye', jatak'i",jatak'i,x a t a kˀ i,,drayson2009;scarpa2010,,,,,735,0,0,?
Chorote-35_spider-1,,Chorote,35_spider,"siwalak, awechi'ni",siwalak,s i w a l a k,,drayson2009;scarpa2010,,,,,234,0,0,?
Chorote-35_spider-2,,Chorote,35_spider,"siwalak, awechi'ni",awechi'ni,a w e tʃ i ʔ n i,,drayson2009;scarpa2010,,,,,234,0,0,?
Chorote-95_claw-1,,Chorote,95_claw,jijwekiki',jijwekiki',x i ʱw e k i k i ʔ,,drayson2009;scarpa2010,,,,,2666,0,0,?
Chorote-57_arm-1,,Chorote,57_arm,jikio',ji+kio',x i + k j o ʔ,,drayson2009;scarpa2010,,,,,8074 235,0,0,_:poss arm
Chorote-102_horn-1,,Chorote,102_horn,jik'iu',ji+k'iu',x i + kˀ j u ʔ,,drayson2009;scarpa2010,,,,,8074 2670,0,0,_:poss horn
Chorote-58_beard-1,,Chorote,58_beard,jiposi',ji+posi',x i + p o s i ʔ,,drayson2009;scarpa2010,,,,,8074 1440,0,0,_:poss beard
Chorote-254_chest-1,,Chorote,254_chest,t'ot,t+'ot,t + ʔ o t,,drayson2009;scarpa2010,,,,,2161 2160,0,0,_:body chest
Chorote-61_chin-1,,Chorote,61_chin,t'akat,t'akat,tˀ a + k a t,,drayson2009;scarpa2010,,,,,2163,0,0,_:body chin
Chorote-62_lip-1,,Chorote,62_lip,jipasat,ji+pasat,x i + p a s + a t,,drayson2009;scarpa2010,,,,,8074 2674,0,0,_:poss lip _:suff/at
Chorote-64_finger-1,,Chorote,64_finger,jijwuki',ji+jwuki',x i + ʱw u k i ʔ,,drayson2009;scarpa2010,,,,,8074 2677,0,0,_:poss finger
Chorote-281_elbow-1,,Chorote,281_elbow,jikatoki,ji+katoki,x i + k a t o k i,,drayson2009;scarpa2010,,,,,8074 245,0,0,_:poss elbow
Chorote-94_fingernail-1,,Chorote,94_fingernail,jijwukit'aj,ji+jwuki+t'aj,x i + ʱw u k i + tˀ + a x,,drayson2009;scarpa2010,,,,,8074 2680 2681,0,0,_:poss finger _:body skin
Chorote-299_thunder-1,,Chorote,299_thunder,"yek'isia'm, isiultijni",yek'isia'm,j e k + ʔ i s j a ʔ m,,drayson2009;scarpa2010,,,,,2683,0,0,hit _:down
Chorote-299_thunder-2,,Chorote,299_thunder,"yek'isia'm, isiultijni",isiultijni,i s j u l t i ʱn i,,drayson2009;scarpa2010,,,,,2684,0,0,?
Chorote-109_lightning-1,,Chorote,109_lightning,tak'ajyi',tak'ajyi',t a kˀ a x j i ʔ,,drayson2009;scarpa2010,,,,,2686 2687,0,0,?
Chorote-126_liedown-1,,Chorote,126_liedown,ijiojwe'n,i+jiojwe'n,i + x j o ʱw e ʔ n,,drayson2009;scarpa2010,,,,,1001 2688,0,0,_:3sg lie.down
Chorote-72_house-1,,Chorote,72_house,ji'wuk,ji+'wuk,x i + ˀw u k,,drayson2009;scarpa2010,,,,,8074 2698,0,0,_:poss house
Chorote-72_house-2,,Chorote,72_house,wet,wet,w e t,,drayson2009;scarpa2010,,,,,2699,0,0,?
Chorote-101_child-1,,Chorote,101_child,kia'le,kia'le,k j a ʔ l e,,drayson2009;scarpa2010,,,,,2181,0,0,?
Chorote-296_road-1,,Chorote,296_road,jika'wu,ji+ka'wu,x i + k a ˀw u,,drayson2009;scarpa2010,,,,,8074 2182,0,0,_:poss road
Chorote-150_ten-1,,Chorote,150_ten,itifwami nuwa sikyoyey,itifwami nuwa si+kyoy+ey,i n t a k + n u w a + s i + k j oi + ei,,drayson2009;scarpa2010,,,,,2701 2702 2605 2606 2705,0,0,two _:det _:poss.pl hand _:pl
Chorote-132_float-1,,Chorote,132_float,ey anat ape'e,ey anat+ape'e,ei + a n a t + a p e ʔ e,,drayson2009;scarpa2010,,,,,2184 2186 2706,0,0,go water _:on
Chorote-110_fightvb-1,,Chorote,110_fightvb,"t'ekiye, tak'ali, inila'an, ini'noma",t+'ekiye,t + ʔ e k i j e,,drayson2009;scarpa2010,,,,,1478 2707,0,0,_:3sg fight
Chorote-110_fightvb-2,,Chorote,110_fightvb,"t'ekiye, tak'ali, inila'an, ini'noma",t+ak'ali,t + a kˀ a l i,,drayson2009;scarpa2010,,,,,1478 2708,0,0,_:3sg fight
Chorote-110_fightvb-3,,Chorote,110_fightvb,"t'ekiye, tak'ali, inila'an, ini'noma",ini+la'an,i n i + l a ʔ a n,,drayson2009;scarpa2010,,,,,1480 2709,0,0,_:3sg fight
Chorote-110_fightvb-4,,Chorote,110_fightvb,"t'ekiye, tak'ali, inila'an, ini'noma",ini'n+oma,i n i ʔ n + o m a,,drayson2009;scarpa2010,,,,,1480 272,0,0,_:3sg fight
Chorote-293_owl-1,,Chorote,293_owl,k'iusta,k'iusta,kˀ j u s t a,,drayson2009;scarpa2010,,,,,2711,0,0,?
Chorote-273_cat-1,,Chorote,273_cat,"michi, tiniuk, siliakayitie, siliaka'",michi,m i tʃ i,,drayson2009;scarpa2010,,,,,776,0,0,?
Chorote-273_cat-2,,Chorote,273_cat,"michi, tiniuk, siliakayitie, siliaka'",tiniuk,t i n j u k,,drayson2009;scarpa2010,,,,,282,0,0,?
Chorote-273_cat-3,,Chorote,273_cat,"michi, tiniuk, siliakayitie, siliaka'",siliaka+yitie,s i l j a k a + j i + t j e,,drayson2009;scarpa2010,,,,,2714 776,0,0,wild.cat _:poss big
Chorote-273_cat-4,,Chorote,273_cat,"michi, tiniuk, siliakayitie, siliaka'",siliaka',s i l j a k a ʔ,,drayson2009;scarpa2010,,,,,2714 2715,0,0,?
Chorote-55_bee-1,,Chorote,55_bee,"majsa', nakyiwo, jlepis",majsa',m a x s a ʔ,,drayson2009;scarpa2010,,,,,2716,0,0,?
Chorote-55_bee-2,,Chorote,55_bee,"majsa', nakyiwo, jlepis",nakyiwo,n a k j i w o,,drayson2009;scarpa2010,,,,,1493 2717,0,0,?
Chorote-55_bee-3,,Chorote,55_bee,"majsa', nakyiwo, jlepis",jlepis,ʱl e p i s,,drayson2009;scarpa2010,,,,,2718,0,0,?
Chorote-289_parrot-1,,Chorote,289_parrot,ele',ele',e l e ʔ,,drayson2009;scarpa2010,,,,,2194,0,0,?
Chorote-128_flea-1,,Chorote,128_flea,lata' f,lata',l a t a ʔ,,drayson2009;scarpa2010,,,,,1497,0,0,?
Chorote-166_deer-1,,Chorote,166_deer,siajnana,siajnana,s j a ʱn a n a,,drayson2009;scarpa2010,,,,,2720,0,0,?
Chorote-118_ant-1,,Chorote,118_ant,"k'ijlies, tokis, tontiek jlele, tosieta'as, insotpe",k'ijlies,kˀ i ʱl j e s,,drayson2009;scarpa2010,,,,,1503,0,0,?
Chorote-118_ant-2,,Chorote,118_ant,"k'ijlies, tokis, tontiek jlele, tosieta'as, insotpe",tokis,t o k i s,,drayson2009;scarpa2010,,,,,785,0,0,?
Chorote-118_ant-3,,Chorote,118_ant,"k'ijlies, tokis, tontiek jlele, tosieta'as, insotpe",tontiek jlele,t o n t j e k + ʱl e l e,,drayson2009;scarpa2010,,,,,2722 2723,0,0,tuna.plant native
Chorote-118_ant-4,,Chorote,118_ant,"k'ijlies, tokis, tontiek jlele, tosieta'as, insotpe",tosie+ta'as,t o s j e + t a ʔ a s,,drayson2009;scarpa2010,,,,,785 2724,0,0,smoke cooking.pot
Chorote-118_ant-5,,Chorote,118_ant,"k'ijlies, tokis, tontiek jlele, tosieta'as, insotpe",insot+pe,i n s o t + p e,,drayson2009;scarpa2010,,,,,2725,0,0,stink _:?
Chorote-99_palmofhand-1,,Chorote,99_palmofhand,kyoy t'ot,kyoy+t'ot,k j oi + tˀ o t,,drayson2009;scarpa2010,,,,,2726 2727,0,0,hand chest
Chorote-89_fur-1,,Chorote,89_fur,t'aj,t'aj,tˀ + a x,,drayson2009;scarpa2010,,,,,2206,0,0,_:body skin
Chorote-42_hairhead-1,,Chorote,42_hairhead,ji'wole,ji+'wole,x i + ˀw o l e,,drayson2009;scarpa2010,,,,,8074 2208,0,0,_:poss hair
Chorote-249_penis-1,,Chorote,249_penis,jlo',jlo',ʱl + o ʔ,,drayson2009;scarpa2010,,,,,2735,0,0,_:poss penis
Chorote-88_skull-1,,Chorote,88_skull,ijnetik jleli',ijnetik jleli',i + ʱn e t i k + ʱl + e l i ʔ,,drayson2009;scarpa2010,,,,,2213 2738,0,0,_:poss head _:poss bone
Chorote-288_lung-1,,Chorote,288_lung,yeljiwetiki,yeljiwetiki,j e l x i w e t i k i,,drayson2009;scarpa2010,,,,,2748,0,0,?
Chorote-200_testicle-1,,Chorote,200_testicle,jikianis,ji+kianis,x i + k j a n i s,,drayson2009;scarpa2010,,,,,8074 2756,0,0,_:poss testicle
Chorote-262_under-1,,Chorote,262_under,kiajwe; 'yijma'm; isia'm,kiajwe,k j a ʱw e,,drayson2009;scarpa2010,,,,,2763,0,0,?
Chorote-262_under-2,,Chorote,262_under,kiajwe; 'yijma'm; isia'm,yijma'm,j i x m a ʔ m,,drayson2009;scarpa2010,,,,,2764,0,0,?
Chorote-262_under-3,,Chorote,262_under,kiajwe; 'yijma'm; isia'm,isia'm,i s j a ʔ m,,drayson2009;scarpa2010,,,,,2764,0,0,?
Chorote-124_bed-1,,Chorote,124_bed,jlo'wet,jl+o'wet,ʱl o ʔ + w e t,,drayson2009;scarpa2010,,,,,2230 2231,0,0,? place
Chorote-143_plantvb-1,,Chorote,143_plantvb,iyo'om,iyo'om,i j o ʔ o m,,drayson2009;scarpa2010,,,,,1001 2767 2768,0,0,?
Chorote-73_village-1,,Chorote,73_village,isi'i,isi'i,i s i ʔ i,,drayson2009;scarpa2010,,,,,2774,0,0,?
Chorote-268_upabove-1,,Chorote,268_upabove,"pijia'm, tenen",pijia'm,p i x j a ʔ m,,drayson2009;scarpa2010,,,,,2775,0,0,?
Chorote-268_upabove-2,,Chorote,268_upabove,"pijia'm, tenen",tenen,t e n e n,,drayson2009;scarpa2010,,,,,1556,0,0,?
Chorote-60_doorgate-1,,Chorote,60_doorgate,'wuk kiuwet,'wuk kiwet,ˀw u k + k i w e t,,drayson2009;scarpa2010,,,,,2780 2781,0,0,house mouth
Chorote-76_cover-1,,Chorote,76_cover,"ip'ione, its'i'n ape'e",its'i'n ape'e,i tsˀ i ʔ n + a p e ʔ e,,drayson2009;scarpa2010,,,,,2782 2783,0,0,extend _:over
Chorote-76_cover-2,,Chorote,76_cover,"ip'ione, its'i'n ape'e",i+p'ione,i + pˀ j o n e,,drayson2009;scarpa2010,,,,,1001 2785,0,0,_:3sg cover
Chorote-278_buy-1,,Chorote,278_buy,"tik'iajwa, ink'iajwankiye, yame",ti+k'iajwa,t i + kˀ j a ʱw a,,drayson2009;scarpa2010,,,,,836 2786,0,0,_:3sg buy
Chorote-278_buy-2,,Chorote,278_buy,"tik'iajwa, ink'iajwankiye, yame",y+am+e,j a m + e,,drayson2009;scarpa2010,,,,,1565 2788 2789,0,0,go _:apl
Chorote-123_burnvbintrans-1,,Chorote,123_burnvbintrans,yat'e,yat'e,j a tˀ e,,drayson2009;scarpa2010,,,,,2790,0,0,?
Chorote-158_nine-1,,Chorote,158_nine,pawlitsi tom nejeye,pawlitsi tom nejeye,p a w l i ts i + t o m + n e x e j e,,drayson2009;scarpa2010,,,,,2794 839 2795,0,0,four add ?
Chorote-103_club-1,,Chorote,103_club,ji'kiu',ji+k'iu',x i + kˀ j u ʔ,,drayson2009;scarpa2010,,,,,8074 2797,0,0,_:poss club
Chorote-271_sweetpotato-1,,Chorote,271_sweetpotato,witie,witie,w i t j e,,drayson2009;scarpa2010,,,,,846,0,0,?
Chorote-86_path-1,,Chorote,86_path,'nayi,'nayi,ʔ n a j i,,drayson2009;scarpa2010,,,,,2813,0,0,?
Chorote-169_knife-1,,Chorote,169_knife,"jiti-sajnat, sijnat",jiti+sajnat,x i t i + s a ʱn a t,,drayson2009;scarpa2010,,,,,343 2819,0,0,? knife
Chorote-169_knife-2,,Chorote,169_knife,"jiti-sajnat, sijnat",sijnat,s i ʱn a t,,drayson2009;scarpa2010,,,,,2819,0,0,?
Chorote-170_needle-1,,Chorote,170_needle,k'itie'n,k'itie'n,kˀ i t j e ʔ n,,drayson2009;scarpa2010,,,,,2820,0,0,?
Chorote-104_soulspirit-1,,Chorote,104_soulspirit,"jles, jlosik",jles,ʱl e s,,drayson2009;scarpa2010,,,,,2821,0,0,?
Chorote-104_soulspirit-2,,Chorote,104_soulspirit,"jles, jlosik",jlosik,ʱl o s i k,,drayson2009;scarpa2010,,,,,2822,0,0,?
Chorote-277_cryweep-1,,Chorote,277_cryweep,yap,yap,j a p,,drayson2009;scarpa2010,,,,,2826,0,0,?
Chorote-287_maizecorn-1,,Chorote,287_maizecorn,ipiata,ipiata,i p j a t a,,drayson2009;scarpa2010,,,,,864,0,0,?
Chorote-206_oldman-1,,Chorote,206_oldman,kiji'il,kiji'il,k i x i ʔ i l,,drayson2009;scarpa2010,,,,,2832,0,0,?
Chorote-300_tobacco-1,,Chorote,300_tobacco,wuju',wuju',w u x u ʔ,,drayson2009;scarpa2010,,,,,2834,0,0,?
Chorote-295_ripe-1,,Chorote,295_ripe,'yo'we,'yo'we,ˀj o ˀw e,,drayson2009;scarpa2010,,,,,2837,0,0,?
Chorote-270_tapiocamanioccassava-1,,Chorote,270_tapiocamanioccassava,niwak,niwak,n i w a k,,drayson2009;scarpa2010,,,,,2843,0,0,?
Chorote-157_eight-1,,Chorote,157_eight,iwye'tsyela tom nejeye,iwye'tsyela tom nejeye,i w j e ʔ ts j e l a + t o m + n e x e j e,,drayson2009;scarpa2010,,,,,2847 1666 2848,0,0,three add ?
Chorote-159_cook-1,,Chorote,159_cook,"ipi'in, takapijna'n, ''yojwati",i+pi'in,i + p i ʔ i n,,drayson2009;scarpa2010,,,,,1001 1698,0,0,_:3sg cook
Chorote-159_cook-2,,Chorote,159_cook,"ipi'in, takapijna'n, ''yojwati",ta+kapijna'n,t a + k a p i ʱn a ʔ n,,drayson2009;scarpa2010,,,,,1696 2865 1698 2866,0,0,_:3sg cook
Chorote-159_cook-3,,Chorote,159_cook,"ipi'in, takapijna'n, ''yojwati",'y+ojw+ati,ˀj + o ʱw + a t i,,drayson2009;scarpa2010,,,,,901 378 1696,0,0,_:3sg cook _:asp
Chorote-207_oldwoman-1,,Chorote,207_oldwoman,kijilaki',kijil+aki',k i x i l + a k i ʔ,,drayson2009;scarpa2010,,,,,2870 2871,0,0,old.man _:fem
Chorote-142_sap-1,,Chorote,142_sap,jlets'i,jlets'i,ʱl + e tsˀ i,,drayson2009;scarpa2010,,,,,2872 2873,0,0,_:poss sap
Chorote-36_spiderweb-1,,Chorote,36_spiderweb,siwalak ijlek,siwalak ijlek,s i w a l a k + i ʱl e k,,drayson2009;scarpa2010,,,,,2875 2876,0,0,spider ?
Chorote-252_cow-1,,Chorote,252_cow,wakia,wakia,w a k j a,,drayson2009;scarpa2010,,,,,297,0,0,?
Chorote-173_lizard-1,,Chorote,173_lizard,"at'isiena, kalasi'ni, kie'la, kinijlie'e, nakowi'",at'isiena,a tˀ i s j e n a,,drayson2009;scarpa2010,,,,,2881,0,0,?
Chorote-173_lizard-2,,Chorote,173_lizard,"at'isiena, kalasi'ni, kie'la, kinijlie'e, nakowi'",kalasi'ni,k a l a s i ʔ n i,,drayson2009;scarpa2010,,,,,2882,0,0,?
Chorote-173_lizard-3,,Chorote,173_lizard,"at'isiena, kalasi'ni, kie'la, kinijlie'e, nakowi'",kie'la,k j e ʔ l a,,drayson2009;scarpa2010,,,,,395,0,0,?
Chorote-173_lizard-4,,Chorote,173_lizard,"at'isiena, kalasi'ni, kie'la, kinijlie'e, nakowi'",kinijlie'e,k i n i ʱl j e ʔ e,,drayson2009;scarpa2010,,,,,2882,0,0,?
Chorote-173_lizard-5,,Chorote,173_lizard,"at'isiena, kalasi'ni, kie'la, kinijlie'e, nakowi'",nakowi',n a k o w i ʔ,,drayson2009;scarpa2010,,,,,2883,0,0,?
Chorote-267_nest-1,,Chorote,267_nest,jlop,jlop,ʱl + o p,,drayson2009;scarpa2010,,,,,2276,0,0,_:poss nest
Chorote-116_goat-1,,Chorote,116_goat,sontatok,sonta+tok,s o n t a + t o k,,drayson2009;scarpa2010,,,,,2886 1725,0,0,goat false
Chorote-117_hegoat-1,,Chorote,117_hegoat,sonta yinye,sonta yinye,s o n t a + j i n j e,,drayson2009;scarpa2010,,,,,2886 2892,0,0,goat male
Chorote-302_pig-1,,Chorote,302_pig,ijnisiet'io,ijnisie+t'io,i ʱn i l s j e + tˀ j o,,drayson2009;scarpa2010,,,,,2893 399,0,0,boar _:aug
Chorote-174_dove-1,,Chorote,174_dove,ojwotiok,ojwo+tiok,o ʱw o + t j o k,,drayson2009;scarpa2010,,,,,2901 2902,0,0,dove _:aug
Chorote-174_dove-2,,Chorote,174_dove,pop,pop,p o p,,drayson2009;scarpa2010,,,,,2903,0,0,?
Chorote-260_crocodilealligator-1,,Chorote,260_crocodilealligator,ajliutie,ajliu+tie,a ʱl j u + t j e,,drayson2009;scarpa2010,,,,,1746 925,0,0,lizard _:aum
Chorote-186_shell-1,,Chorote,186_shell,taj,taj,t + a x,,drayson2009;scarpa2010,,,,,2913,0,0,_:body skin
Chorote-245_snail-1,,Chorote,245_snail,"jle'el, lap'i",jle'el,ʱl e ʔ e l,,drayson2009;scarpa2010,,,,,2922,0,0,?
Chorote-245_snail-2,,Chorote,245_snail,"jle'el, lap'i",lap'i,l a pˀ i,,drayson2009;scarpa2010,,,,,2922,0,0,?
Chorote-160_fox-1,,Chorote,160_fox,yos,yos,j o s,,drayson2009;scarpa2010,,,,,2923,0,0,?
Chorote-131_insect-1,,Chorote,131_insect,fweleki',fweleki',f w e l e k i ʔ,,drayson2009;scarpa2010,,,,,2924,0,0,?
Chorote-286_grasshopper-1,,Chorote,286_grasshopper,kyol,kyol,k j o l,,drayson2009;scarpa2010,,,,,2925,0,0,?
Chorote-113_horseequine-1,,Chorote,113_horseequine,a'lenta,a'len+ta,a ʔ l e n + t a,,drayson2009;scarpa2010,,,,,2929 776,0,0,dog _:aug
Chorote-208_mule-1,,Chorote,208_mule,malekia,malekia,m a l e k j a,,drayson2009;scarpa2010,,,,,953,0,0,?
Chorote-91_fishscale-1,,Chorote,91_fishscale,jlot,jlot,ʱl o t,,drayson2009;scarpa2010,,,,,2938,0,0,?
Chorote-265_goose-1,,Chorote,265_goose,inoljimpe,inol+jimpe,i n o l + x i + m p e,,drayson2009;scarpa2010,,,,,2939 2940,0,0,? _:poss similar
Chorote-2_beehive-1,,Chorote,2_beehive,iwos katsitun,iwos katsitun,i w o s + k a ts i t u n,,drayson2009;scarpa2010,,,,,2947 962,0,0,?
Chorote-115_sheep-1,,Chorote,115_sheep,'wolepo',sonta 'wolepo',s o n t a + ˀw o l e p o ʔ,,drayson2009;scarpa2010,,,,,2 8 8 6   ?,0,0,goat sheep
Chorote-96_findorsal-1,,Chorote,96_findorsal,"jikiaski', jlojwana, jle'e",ji+kias+ki',x i + k j a s + k i ʔ,,drayson2009;scarpa2010,,,,,8074 2950 2951,0,0,_:poss tail _:fem
Chorote-96_findorsal-2,,Chorote,96_findorsal,"jikiaski', jlojwana, jle'e",jlojwana,ʱl o ʱw a n a,,drayson2009;scarpa2010,,,,,2952,0,0,?
Chorote-96_findorsal-3,,Chorote,96_findorsal,"jikiaski', jlojwana, jle'e",jle'e,ʱl e ʔ e,,drayson2009;scarpa2010,,,,,2949,0,0,?
Chorote-256_bull-1,,Chorote,256_bull,tolo,tolo,t o l o,,drayson2009;scarpa2010,,,,,2312,0,0,?
Chorote-255_ox-1,,Chorote,255_ox,tolo inkijmayejiwo',tolo inkijmayejiwo',t o l o + i n + k i x m a j e + x i + w o ʔ,,drayson2009;scarpa2010,,,,,1805 2955,0,0,bull _:poss work _:poss maker
Chorote-253_bear-1,,Chorote,253_bear,"so'olie, so'oliet'io",so'olie,s o ʔ o l j e,,drayson2009;scarpa2010,,,,,2956,0,0,?
Chorote-253_bear-2,,Chorote,253_bear,"so'olie, so'oliet'io",so'olie+t'io,s o ʔ o l j e + tˀ j o,,drayson2009;scarpa2010,,,,,2956 2957,0,0,bear _:aum
Chorote-242_assdonkey-1,,Chorote,242_assdonkey,malekiatiok,malekia+tiok,m a l e k j a + t j o k,,drayson2009;scarpa2010,,,,,970 1807,0,0,mule _:false
Chorote-161_wolf-1,,Chorote,161_wolf,yositie,yos+i+tie,j o s + i + t j e,,drayson2009;scarpa2010,,,,,2958 2959 2960,0,0,fox _:epent _:aum
Chorote-284_hawk-1,,Chorote,284_hawk,ojwos jikie',ojwos ji+kie',o ʱw o s + x i + k j e ʔ,,drayson2009;scarpa2010,,,,,2961 8074 972,0,0,dove _:poss _:aug
Chorote-257_wasp-1,,Chorote,257_wasp,"siniewini, wona', wosa'a, ajnati'nik, akiot, aniti, a'lawo', inlejeye, jlepis, kiots'i",siniewini,s i n j e w i n i,,drayson2009;scarpa2010,,,,,973,0,0,?
Chorote-257_wasp-2,,Chorote,257_wasp,"siniewini, wona', wosa'a, ajnati'nik, akiot, aniti, a'lawo', inlejeye, jlepis, kiots'i",wona',w o n a ʔ,,drayson2009;scarpa2010,,,,,2962,0,0,?
Chorote-257_wasp-3,,Chorote,257_wasp,"siniewini, wona', wosa'a, ajnati'nik, akiot, aniti, a'lawo', inlejeye, jlepis, kiots'i",wosa'a,w o s a ʔ a,,drayson2009;scarpa2010,,,,,2962,0,0,?
Chorote-257_wasp-4,,Chorote,257_wasp,"siniewini, wona', wosa'a, ajnati'nik, akiot, aniti, a'lawo', inlejeye, jlepis, kiots'i",ajnat+i'nik,a ʱn a t + i ʔ n i k,,drayson2009;scarpa2010,,,,,3106 2963,0,0,earth ?
Chorote-257_wasp-5,,Chorote,257_wasp,"siniewini, wona', wosa'a, ajnati'nik, akiot, aniti, a'lawo', inlejeye, jlepis, kiots'i",akiot,a k j o t,,drayson2009;scarpa2010,,,,,460,0,0,?
Chorote-257_wasp-6,,Chorote,257_wasp,"siniewini, wona', wosa'a, ajnati'nik, akiot, aniti, a'lawo', inlejeye, jlepis, kiots'i",aniti,a n i t i,,drayson2009;scarpa2010,,,,,459,0,0,?
Chorote-257_wasp-7,,Chorote,257_wasp,"siniewini, wona', wosa'a, ajnati'nik, akiot, aniti, a'lawo', inlejeye, jlepis, kiots'i",a'la+wo',a ʔ l a + w o ʔ,,drayson2009;scarpa2010,,,,,2500 2498,0,0,tree inhabitant
Chorote-257_wasp-8,,Chorote,257_wasp,"siniewini, wona', wosa'a, ajnati'nik, akiot, aniti, a'lawo', inlejeye, jlepis, kiots'i",inlejeye,i n l e x e j e,,drayson2009;scarpa2010,,,,,2965,0,0,?
Chorote-257_wasp-9,,Chorote,257_wasp,"siniewini, wona', wosa'a, ajnati'nik, akiot, aniti, a'lawo', inlejeye, jlepis, kiots'i",jlepis,ʱl e p i s,,drayson2009;scarpa2010,,,,,2966,0,0,?
Chorote-257_wasp-10,,Chorote,257_wasp,"siniewini, wona', wosa'a, ajnati'nik, akiot, aniti, a'lawo', inlejeye, jlepis, kiots'i",kiots'i,k j o tsˀ i,,drayson2009;scarpa2010,,,,,460,0,0,?
Chorote-70_eyelid-1,,Chorote,70_eyelid,jitiett'aj,ji+tiet+t'aj,x i + t j e t + tˀ + a x,,drayson2009;scarpa2010,,,,,8074 540 2337,0,0,_:poss eye _:body skin
Chorote-40_borntobe-1,,Chorote,40_borntobe,yijyi'n,yijyi'n,j i + x j i + ʔ n,,drayson2009;scarpa2010,,,,,1819 988 2990,0,0,_:3sg be.born _:clitic
Chorote-259_eyelash-1,,Chorote,259_eyelash,jitiase',ji+tiase',x i + t j a s e ʔ,,drayson2009;scarpa2010,,,,,8 0 7 4   1 8 3 2   ?,0,0,_:poss eyelash
Chorote-121_footprint-1,,Chorote,121_footprint,jikajia',ji+kaj+ia',x i + k a x j a ʔ,,drayson2009;scarpa2010,,,,,8074 3017 3018,0,0,_:poss footprint
Chorote-258_poison-1,,Chorote,258_poison,kakye inyo ilyen,kakye inyo ilyen,k a k j e + i n j o + i l j e n,,drayson2009;scarpa2010,,,,,3019 3020 2353,0,0,drug person ?
Chorote-301_urinate-1,,Chorote,301_urinate,"t'ejliu', t'ol, ''yujlie'n",t'e+jliu',tˀ + e ʱl j u ʔ,,drayson2009;scarpa2010,,,,,1864 3029,0,0,_:3sg urinate
Chorote-301_urinate-2,,Chorote,301_urinate,"t'ejliu', t'ol, ''yujlie'n",t+'ol,t + ʔ o l,,drayson2009;scarpa2010,,,,,1864 3030,0,0,_:3sg urinate
Chorote-301_urinate-3,,Chorote,301_urinate,"t'ejliu', t'ol, ''yujlie'n",'yujlie'n,ˀj u ʱl j e ˀn,,drayson2009;scarpa2010,,,,,3031,0,0,?
Chorote-77_nippleteat-1,,Chorote,77_nippleteat,ete'; t'ate',ete',e t e ʔ,,drayson2009;scarpa2010,,,,,3032,0,0,?
Chorote-77_nippleteat-2,,Chorote,77_nippleteat,ete'; t'ate',t'+ate',tˀ + a t e ʔ,,drayson2009;scarpa2010,,,,,3033 3032,0,0,_:body teat
Chorote-81_spine-1,,Chorote,81_spine,kyey jiwe'lak,kyey+ji+we'lak,k j ei + x i + w e ʔ l a k,,drayson2009;scarpa2010,,,,,1042 8074 3053,0,0,back _:poss bone
Chorote-294_pus-1,,Chorote,294_pus,t'iliak,t'i+liak,tˀ i + l j a k,,drayson2009;scarpa2010,,,,,3066 3067,0,0,_:poss pus
Chorote-68_womb-1,,Chorote,68_womb,jitiowe,ji+tiowe,x i + t j o w e,,drayson2009;scarpa2010,,,,,8074 3075,0,0,_:poss womb
Chorote-84_veinartery-1,,Chorote,84_veinartery,jisiataki,ji+siataki,x i + s j a t a k i,,drayson2009;scarpa2010,,,,,8074 498,0,0,_:poss vein
Chorote-144_mute-1,,Chorote,144_mute,'ne'lia,'ne'lia,ʔ n e ʔ l j a,,drayson2009;scarpa2010,,,,,1067,0,0,?
Chorote-63_thumb-1,,Chorote,63_thumb,yesikiwu,yesiki+wu,j e s i k i + w u,,drayson2009;scarpa2010,,,,,3082 1072,0,0,finger big
Chorote-80_beak-1,,Chorote,80_beak,jipasat,ji+pasat,x i + p a s + a t,,drayson2009;scarpa2010,,,,,8074 2674,0,0,_:poss lip _:suff/at
Chorote-134_itch-1,,Chorote,134_itch,a'lajwo'ni,a'lajwo'ni,a ʔ l a ʱw o ʔ n i,,drayson2009;scarpa2010,,,,,3091,0,0,?
Chorote-269_wakeup-1,,Chorote,269_wakeup,"t'ojwataja'n, t'ojwe'n, ''yujwat'en",'yujwat'en,ˀj u ʱw a tˀ e n,,drayson2009;scarpa2010,,,,,1935 2427 3092,0,0,?
Chorote-71_window-1,,Chorote,71_window,jijnietawoki,ji+jnietawo+ki,x i + ʱn j e t a w o + k i,,drayson2009;scarpa2010,,,,,8074 3096 1942,0,0,_:poss nose _:fem
Chorote-127_cousin-1,,Chorote,127_cousin,tyelas,tyelas,t j e l a s,,drayson2009;scarpa2010,,,,,3103,0,0,?
Chorote-87_place-1,,Chorote,87_place,"jiwe, ji'wet",jiwe,x i + w e,,drayson2009;scarpa2010,,,,,2438,0,0,_:poss place
Chorote-87_place-2,,Chorote,87_place,"jiwe, ji'wet",ji'wet,x i + ˀw e t,,drayson2009;scarpa2010,,,,,2438,0,0,_:poss place
Chorote-105_shadeshadow-1,,Chorote,105_shadeshadow,jipe'el,ji+pe'el,x i + p e ʔ e l,,drayson2009;scarpa2010,,,,,8074 2440,0,0,_:poss shadow
Chorote-69_parents-1,,Chorote,69_parents,nawot; nyewot,nawot,n a w o t,,drayson2009;scarpa2010,,,,,3114,0,0,?
Chorote-69_parents-2,,Chorote,69_parents,nawot; nyewot,nyewot,n j e w o t,,drayson2009;scarpa2010,,,,,3114,0,0,?
Chorote-165_write-1,,Chorote,165_write,"'yite'e, ip'isi'n",'yi+te'e,ˀj i + t e ʔ e,,drayson2009;scarpa2010,,,,,1987 1983,0,0,_:3sg write
Chorote-165_write-2,,Chorote,165_write,"'yite'e, ip'isi'n",i+p'isi'n,i + pˀ i s i ʔ n,,drayson2009;scarpa2010,,,,,1001 3115,0,0,_:3sg write
Chorote-122_altar-1,,Chorote,122_altar,t'ajsaa,t'ajsaa,tˀ a x s aː,,drayson2009;scarpa2010,,,,,3132,0,0,?
Chorote-107_summer-1,,Chorote,107_summer,akat-ip,akat+ip,a k a t + i p,,drayson2009;scarpa2010,,,,,3140 3141,0,0,hot _:season
Enlhet-85_blood-1,,Enlhet,85_blood,eema,eema,eː m a,,unruh1997;kalisch2015;arenas1981,,,,,3142,0,0,?
Enlhet-59_mouth-1,,Enlhet,59_mouth,engaatong,eng+aatong,e ŋ + aː t o ŋ,,unruh1997;kalisch2015;arenas1981,,,,,3143 3407,0,0,_:poss mouth
Enlhet-79_head-1,,Enlhet,79_head,empa'tec,em+pa'tec,e m + p a ʔ t e k,,unruh1997;kalisch2015;arenas1981,,,,,3145 7,0,1 2,_:poss head
Enlhet-56_hand-1,,Enlhet,56_hand,engmec,eng+mec,e ŋ + m e k,,unruh1997;kalisch2015;arenas1981,,,,,3143 3511,0,0,_:poss hand
Enlhet-53_ear-1,,Enlhet,53_ear,enghaycoc,eng+haycoc,e ŋ + h ai k o k,,unruh1997;kalisch2015;arenas1981,,,,,3143 3147,0,0,_:poss ear
Enlhet-50_red-1,,Enlhet,50_red,acyelhvaseem; cas,ac+yelhvas+eem,a k + j e ɬ w a s + eː m,,unruh1997;kalisch2015;arenas1981,,,,,2101 3155 3156,0,0,_:fem red _:inf
Enlhet-50_red-2,,Enlhet,50_red,acyelhvaseem; cas,cas,k a s,,unruh1997;kalisch2015;arenas1981,,,,,3157,0,0,red
Enlhet-163_see-1,,Enlhet,163_see,nengvetay'; nengvetay'o,neng+vet+ay',n e ŋ + w e t + ai ʔ,,unruh1997;kalisch2015;arenas1981,,,,,3161 67 3162,0,0,_:1pl see _:inf
Enlhet-163_see-2,,Enlhet,163_see,nengvetay'; nengvetay'o,neng+vet+ay'+o,n e ŋ + w e t + ai ʔ + o,,unruh1997;kalisch2015;arenas1981,,,,,3161 67 3162 1144,0,0,_:1pl see _:inf _:int
Enlhet-37_husband-1,,Enlhet,37_husband,entaava'; nenlhaalhma,en+taava',e n + t aː w a ʔ,,unruh1997;kalisch2015;arenas1981,,,,,3163 3164,0,0,_:poss spouse
Enlhet-37_husband-2,,Enlhet,37_husband,entaava'; nenlhaalhma,nen+lhaalhma,n e n + ɬ aː ɬ m a,,unruh1997;kalisch2015;arenas1981,,,,,3148 3165,0,0,_:1pl companion
Enlhet-38_wife-1,,Enlhet,38_wife,entaava'; nenlhaalhma,en+taava',e n + t aː w a ʔ,,unruh1997;kalisch2015;arenas1981,,,,,3163 3164,0,0,_:poss spouse
Enlhet-38_wife-2,,Enlhet,38_wife,entaava'; nenlhaalhma,nen+lhaalhma,n e n + ɬ aː ɬ m a,,unruh1997;kalisch2015;arenas1981,,,,,3148 3166,0,0,_:1pl companion
Enlhet-138_hear-1,,Enlhet,138_hear,nenglengay',neng+leng+ay',n e ŋ + l e ŋ + ai ʔ,,unruh1997;kalisch2015;arenas1981,,,,,3161 3167 2493,0,0,_:1pl hear _:inf
Enlhet-187_bird-1,,Enlhet,187_bird,anaata,anaata,a n aː t a,,unruh1997;kalisch2015;arenas1981,,,,,1457,0,0,?
Enlhet-97_fish-1,,Enlhet,97_fish,quelasma,quelasma,k e l a s m a,,unruh1997;kalisch2015;arenas1981,,,,,2950,0,0,?
Enlhet-130_louse-1,,Enlhet,130_louse,peetem,peetem,p eː t e m,,unruh1997;kalisch2015;arenas1981,,,,,3172,0,0,louse
Enlhet-129_dog-1,,Enlhet,129_dog,semheng,semheng,s e m h e ŋ,,unruh1997;kalisch2015;arenas1981,,,,,3173,0,0,dog
Enlhet-251_tongue-1,,Enlhet,251_tongue,engalhcoc,eng+alhcoc,e ŋ + a ɬ k o k,,unruh1997;kalisch2015;arenas1981,,,,,3143 3174,0,0,_:poss tongue
Enlhet-78_breastofwoman-1,,Enlhet,78_breastofwoman,neme engac,neme,n e m e,,unruh1997;kalisch2015;arenas1981,,,,,567,0,0,?
Enlhet-98_wing-1,,Enlhet,98_wing,alhempenec; alhempancoc,a+lhempenec,a + ɬ e m p e n e k,,unruh1997;kalisch2015;arenas1981,,,,,1166 2952,0,0,_:fem wing
Enlhet-98_wing-2,,Enlhet,98_wing,alhempenec; alhempancoc,a+lhempancoc,a + ɬ e m p a ŋ k o k,,unruh1997;kalisch2015;arenas1981,,,,,1166 3177,0,0,_:fem wings
Enlhet-82_back-1,,Enlhet,82_back,engcapoc,eng+capoc,e ŋ + k a p o k,,unruh1997;kalisch2015;arenas1981,,,,,3143 569,0,0,_:poss back
Enlhet-83_bone-1,,Enlhet,83_bone,engelhcapoc,eng+elhcapoc,e ŋ + e ɬ k a p o k,,unruh1997;kalisch2015;arenas1981,,,,,3143,0,0,_:poss bone
Enlhet-120_leg-1,,Enlhet,120_leg,engyoc,eng+yoc,e ŋ + j o k,,unruh1997;kalisch2015;arenas1981,,,,,3143 3178,0,0,_:poss leg
Enlhet-246_foot-1,,Enlhet,246_foot,engmenec,eng+menec,e ŋ + m e n e k,,unruh1997;kalisch2015;arenas1981,,,,,3143 3151,0,0,_:poss foot
Enlhet-261_heart-1,,Enlhet,261_heart,yepheem engac,yepheem,j e pʰ eː m,,unruh1997;kalisch2015;arenas1981,,,,,1172 3176,0,0,?
Enlhet-125_sleep-1,,Enlhet,125_sleep,nenteyanma,nen+teyan+ma,n e n + t e j a n + m a,,unruh1997;kalisch2015;arenas1981,,,,,3148 3180 3160,0,0,_:1pl sleep _:inf
Enlhet-114_tail-1,,Enlhet,114_tail,aypacyec,aypacyec,ai p a k j e k,,unruh1997;kalisch2015;arenas1981,,,,,3181,0,0,?
Enlhet-111_kill-1,,Enlhet,111_kill,nenga'heem; nengelnapma; nengyamongquelhma,neng+a'heem,n e ŋ + a ʔ h + eː m,,unruh1997;kalisch2015;arenas1981,,,,,3161 3186,0,0,_:1pl kill _:inf
Enlhet-111_kill-2,,Enlhet,111_kill,nenga'heem; nengelnapma; nengyamongquelhma,neng+elnap+ma,n e ŋ + e l + n a p + m a,,unruh1997;kalisch2015;arenas1981,,,,,3161 3187 3160,0,0,_:1pl _:dist kill _:inf
Enlhet-111_kill-3,,Enlhet,111_kill,nenga'heem; nengelnapma; nengyamongquelhma,neng+yamongquelh+ma,n e ŋ + j a m o ŋ k e ɬ + m a,,unruh1997;kalisch2015;arenas1981,,,,,3161 3188 3160,0,0,_:1pl kill _:inf
Enlhet-75_skinhide-1,,Enlhet,75_skinhide,engyempehec,eng+yempehec,e ŋ + j e m p e h e k,,unruh1997;kalisch2015;arenas1981,,,,,3143 119,0,0,_:poss skin
Enlhet-44_feather-1,,Enlhet,44_feather,aava'; anaata 'va',aa+va',aː + w a ʔ,,unruh1997;kalisch2015;arenas1981,,,,,239 3190,0,0,_:poss hair
Enlhet-44_feather-2,,Enlhet,44_feather,aava'; anaata 'va',anaata '+va',a n aː t a + w a ʔ,,unruh1997;kalisch2015;arenas1981,,,,,1457 2054 3190,0,0,bird hair
Enlhet-139_earthgroundsoil-1,,Enlhet,139_earthgroundsoil,lhoop'actec; naalhpop; amyep,lhoop'actec,ɬ oː pˀ a k t e k,,unruh1997;kalisch2015;arenas1981,,,,,3191 3192,0,0,earth
Enlhet-139_earthgroundsoil-2,,Enlhet,139_earthgroundsoil,lhoop'actec; naalhpop; amyep,naalhpop,n aː ɬ p o p,,unruh1997;kalisch2015;arenas1981,,,,,1187,0,0,earth
Enlhet-139_earthgroundsoil-3,,Enlhet,139_earthgroundsoil,lhoop'actec; naalhpop; amyep,amyep,a m j e p,,unruh1997;kalisch2015;arenas1981,,,,,3193,0,0,?
Enlhet-154_four-1,,Enlhet,154_four,nooc-nekha'; cuatro,nooc-nekha',n oː k + n e kʰ a ʔ,,unruh1997;kalisch2015;arenas1981,,,,,3200 2795,0,0,? side
Enlhet-167_yellow-1,,Enlhet,167_yellow,acyaatectama; tap,ac+yaatec+tama,a k + j aː t e k t a + m a,,unruh1997;kalisch2015;arenas1981,,,,,2101 2058 3203,0,0,_:fem yellow _:inf
Enlhet-167_yellow-2,,Enlhet,167_yellow,acyaatectama; tap,tap,t a p,,unruh1997;kalisch2015;arenas1981,,,,,3204,0,0,?
Enlhet-133_flyvb-1,,Enlhet,133_flyvb,nengempay',neng+emp+ay',n e ŋ + e m p ai ʔ,,unruh1997;kalisch2015;arenas1981,,,,,3161 3205 1205,0,0,_:1pl fly
Enlhet-297_root-1,,Enlhet,297_root,avhac; ayquepmenec,avhac,a w h a k,,unruh1997;kalisch2015;arenas1981,,,,,3206,0,0,plant
Enlhet-297_root-2,,Enlhet,297_root,avhac; ayquepmenec,ayquepmenec,ai k e p m e n e k,,unruh1997;kalisch2015;arenas1981,,,,,3207,0,0,?
Enlhet-67_lake-1,,Enlhet,67_lake,ava'lhoc; yangcomelh; saanga; pangcalhva; va'atsam'-actong,yangcomelh,j a ŋ k o m e ɬ,,unruh1997;kalisch2015;arenas1981,,,,,3210,0,0,?
Enlhet-67_lake-2,,Enlhet,67_lake,ava'lhoc; yangcomelh; saanga; pangcalhva; va'atsam'-actong,saanga,s aː ŋ a,,unruh1997;kalisch2015;arenas1981,,,,,1208,0,0,?
Enlhet-67_lake-3,,Enlhet,67_lake,ava'lhoc; yangcomelh; saanga; pangcalhva; va'atsam'-actong,pangcalhva,p a ŋ k a ɬ w a,,unruh1997;kalisch2015;arenas1981,,,,,3210,0,0,?
Enlhet-67_lake-4,,Enlhet,67_lake,ava'lhoc; yangcomelh; saanga; pangcalhva; va'atsam'-actong,va'atsam'-actong,w a ʔ a ts a m ʔ + a k t o ŋ,,unruh1997;kalisch2015;arenas1981,,,,,3198 733,0,0,river arm
Enlhet-243_black-1,,Enlhet,243_black,acpaasyam',ac+paas+yam',a k + p aː s + j a m ʔ,,unruh1997;kalisch2015;arenas1981,,,,,2101 3211 3212,0,0,_:fem black _:inf
Enlhet-164_dust-1,,Enlhet,164_dust,aanec; acpa'anma (lhoop'actec),aanec,aː n e k,,unruh1997;kalisch2015;arenas1981,,,,,1218,0,0,dust
Enlhet-164_dust-2,,Enlhet,164_dust,aanec; acpa'anma (lhoop'actec),ac+pa'an+ma lhoop'actec,a k + p a ʔ a n + m a + ɬ oː pˀ a k t e k,,unruh1997;kalisch2015;arenas1981,,,,,2101 600 3160 3217,0,0,_:fem smoke _:inf earth
Enlhet-168_star-1,,Enlhet,168_star,apyav'a,apyav'a,a p + j a w ʔ a,,unruh1997;kalisch2015;arenas1981,,,,,3222,0,0,_:poss star
Enlhet-280_personhumanbeing-1,,Enlhet,280_personhumanbeing,enlhet,enlhet,e n ɬ e t,,unruh1997;kalisch2015;arenas1981,,,,,3223,0,0,?
Enlhet-66_mother-1,,Enlhet,66_mother,meeme engac; angquen',meeme,m eː m e,,unruh1997;kalisch2015;arenas1981,,,,,6840,0,0,mother
Enlhet-66_mother-2,,Enlhet,66_mother,meeme engac; angquen',ang+quen',a ŋ k e n ʔ,,unruh1997;kalisch2015;arenas1981,,,,,3230 3231,0,0,?
Enlhet-145_nearadv-1,,Enlhet,145_nearadv,nenga'to',nenga'to',n e ŋ + a ʔ t + o ʔ,,unruh1997;kalisch2015;arenas1981,,,,,3233,0,0,_:1pl face _:int
Enlhet-92_cloud-1,,Enlhet,92_cloud,yephopay',yephopay',j e pʰ o p ai ʔ,,unruh1997;kalisch2015;arenas1981,,,,,3237,0,0,?
Enlhet-279_come-1,,Enlhet,279_come,nengeelhyeyaam'; nenlhengayaam'; nengmeyayquenta'; nengyo'oecta'; nengvay'; nengva'aecta',neng+eelhye+yaam',n e ŋ + eː ɬ j e + j aː m ʔ,,unruh1997;kalisch2015;arenas1981,,,,,3161 3241 3154,0,0,_:1pl arrive _:inf
Enlhet-279_come-2,,Enlhet,279_come,nengeelhyeyaam'; nenlhengayaam'; nengmeyayquenta'; nengyo'oecta'; nengvay'; nengva'aecta',nen+lhenga+yaam',n e n + ɬ e ŋ a + j aː m ʔ,,unruh1997;kalisch2015;arenas1981,,,,,3148 2562 3154,0,0,_:1pl go _:inf
Enlhet-279_come-3,,Enlhet,279_come,nengeelhyeyaam'; nenlhengayaam'; nengmeyayquenta'; nengyo'oecta'; nengvay'; nengva'aecta',neng+meyay+quenta',n e ŋ + m ei ai + k e n t a ʔ,,unruh1997;kalisch2015;arenas1981,,,,,3161 3242 3243,0,0,_:1pl go _:vent
Enlhet-279_come-4,,Enlhet,279_come,nengeelhyeyaam'; nenlhengayaam'; nengmeyayquenta'; nengyo'oecta'; nengvay'; nengva'aecta',neng+yo'oecta',n e ŋ + j o ʔ + o e k t a ʔ,,unruh1997;kalisch2015;arenas1981,,,,,3 1 6 1   ?,0,0,_:1pl go _:loc
Enlhet-279_come-5,,Enlhet,279_come,nengeelhyeyaam'; nenlhengayaam'; nengmeyayquenta'; nengyo'oecta'; nengvay'; nengva'aecta',neng+vay',n e ŋ + w ai ʔ,,unruh1997;kalisch2015;arenas1981,,,,,3161 3245,0,0,_:1pl come
Enlhet-279_come-6,,Enlhet,279_come,nengeelhyeyaam'; nenlhengayaam'; nengmeyayquenta'; nengyo'oecta'; nengvay'; nengva'aecta',nengva'aecta',n e ŋ + w a ʔ a e + k t a ʔ,,unruh1997;kalisch2015;arenas1981,,,,,3 1 6 1   ?,0,0,_:1pl come _:vent
Enlhet-43_leaf-1,,Enlhet,43_leaf,aava'; yamta' aava',aava',aː + w a ʔ,,unruh1997;kalisch2015;arenas1981,,,,,3190,0,0,_:fem hair
Enlhet-43_leaf-2,,Enlhet,43_leaf,aava'; yamta' aava',yamta' aava',j a m t a ʔ + aː + w a ʔ,,unruh1997;kalisch2015;arenas1981,,,,,3246 3190,0,0,? _:fem hair
Enlhet-93_sky-1,,Enlhet,93_sky,neeten,neeten,n eː t e n,,unruh1997;kalisch2015;arenas1981,,,,,3247,0,0,?
Enlhet-90_bark-1,,Enlhet,90_bark,ayempehec (yaamet),a+yempehec yaamet,a + j e m p e h e k + j aː m e t,,unruh1997;kalisch2015;arenas1981,,,,,3258 119 5638,0,0,_:poss skin tree
Enlhet-140_where-1,,Enlhet,140_where,coho; co lha'a; (co) lha'a m'a; (co) lha' acpayhoo; (co) lha' acyetna,coho,k o h o,,unruh1997;kalisch2015;arenas1981,,,,,645,0,0,where
Enlhet-140_where-2,,Enlhet,140_where,coho; co lha'a; (co) lha'a m'a; (co) lha' acpayhoo; (co) lha' acyetna,co lha'a,k o + ɬ a ʔ a,,unruh1997;kalisch2015;arenas1981,,,,,639 3264,0,0,where _:part
Enlhet-140_where-3,,Enlhet,140_where,coho; co lha'a; (co) lha'a m'a; (co) lha' acpayhoo; (co) lha' acyetna,co lha'a m'a,k o + ɬ a ʔ a + m ʔ a,,unruh1997;kalisch2015;arenas1981,,,,,639 3264 1275,0,0,where _:part _:dem
Enlhet-140_where-4,,Enlhet,140_where,coho; co lha'a; (co) lha'a m'a; (co) lha' acpayhoo; (co) lha' acyetna,co lha' acpayhoo,k o + ɬ a ʔ + a k + p ai h oː,,unruh1997;kalisch2015;arenas1981,,,,,639 3264 3265,0,0,where _:part _:fem extend
Enlhet-140_where-5,,Enlhet,140_where,coho; co lha'a; (co) lha'a m'a; (co) lha' acpayhoo; (co) lha' acyetna,co lha' acyetna,k o + ɬ a ʔ + a k + j e t n + a,,unruh1997;kalisch2015;arenas1981,,,,,639 3264 3266,0,0,where _:part _:fem lie _:subj
Enlhet-298_ropecord-1,,Enlhet,298_ropecord,taama'; taama cyevey'; alhaata'aoc,taama',t aː m a ʔ,,unruh1997;kalisch2015;arenas1981,,,,,644,0,0,?
Enlhet-298_ropecord-2,,Enlhet,298_ropecord,taama'; taama cyevey'; alhaata'aoc,taama cyevey',t aː m a + k + j e w ei ʔ,,unruh1997;kalisch2015;arenas1981,,,,,644 3274,0,0,rope _:pred big
Enlhet-298_ropecord-3,,Enlhet,298_ropecord,taama'; taama cyevey'; alhaata'aoc,alhaata'aoc,a ɬ aː t a ʔ a o k,,unruh1997;kalisch2015;arenas1981,,,,,3275 2578,0,0,?
Enlhet-141_how-1,,Enlhet,141_how,coho; co lha'; lha' acteema; lha'a m'aa ye,coho,k o h o,,unruh1997;kalisch2015;arenas1981,,,,,645,0,0,_:int
Enlhet-141_how-2,,Enlhet,141_how,coho; co lha'; lha' acteema; lha'a m'aa ye,co lha',k o + ɬ a ʔ,,unruh1997;kalisch2015;arenas1981,,,,,645 3276,0,0,how _:int
Enlhet-141_how-3,,Enlhet,141_how,coho; co lha'; lha' acteema; lha'a m'aa ye,lha' acteema,ɬ a ʔ + a k + t eː + m a,,unruh1997;kalisch2015;arenas1981,,,,,3276 3277,0,0,_:int _:ind be _:nmlz
Enlhet-141_how-4,,Enlhet,141_how,coho; co lha'; lha' acteema; lha'a m'aa ye,lha'a m'aa ye,ɬ a ʔ a + m ʔ aː + j e,,unruh1997;kalisch2015;arenas1981,,,,,3276 3278 3279,0,0,_:int _:det _:emph
Enlhet-153_three-1,,Enlhet,153_three,na'atque'; tres,na'atque',n a ʔ a t k e ʔ,,unruh1997;kalisch2015;arenas1981,,,,,1286,0,0,?
Enlhet-244_white-1,,Enlhet,244_white,acmopoy'; pac,ac+mop+oy',a k + m o p + oi ʔ,,unruh1997;kalisch2015;arenas1981,,,,,2101 3280 3281,0,0,_:fem white _:inf
Enlhet-244_white-2,,Enlhet,244_white,acmopoy'; pac,pac,p a k,,unruh1997;kalisch2015;arenas1981,,,,,1287,0,0,?
Enlhet-146_faradv-1,,Enlhet,146_faradv,makhay'; cat,makhay',m a kʰ ai ʔ,,unruh1997;kalisch2015;arenas1981,,,,,2093,0,0,?
Enlhet-146_faradv-2,,Enlhet,146_faradv,makhay'; cat,cat,k a t,,unruh1997;kalisch2015;arenas1981,,,,,3282,0,0,long
Enlhet-106_year-1,,Enlhet,106_year,aanyo; mokhetma; peyaam',aanyo,aː n j o,,unruh1997;kalisch2015;arenas1981,,,,,3285,0,0,?
Enlhet-106_year-2,,Enlhet,106_year,aanyo; mokhetma; peyaam',mokhetma,m o kʰ e t m a,,unruh1997;kalisch2015;arenas1981,,,,,3140,0,0,year/summer
Enlhet-106_year-3,,Enlhet,106_year,aanyo; mokhetma; peyaam',peyaam',p e j aː m ʔ,,unruh1997;kalisch2015;arenas1981,,,,,3153,0,0,?
Enlhet-162_drink-1,,Enlhet,162_drink,nengyaam,neng+ya+am,n e ŋ + j a + a m,,unruh1997;kalisch2015;arenas1981,,,,,3161 2586 137,0,0,_:1pl drink _:inf
Enlhet-248_flower-1,,Enlhet,248_flower,elhnamoc; cooques,elhnamoc,e ɬ n a m o k,,unruh1997;kalisch2015;arenas1981,,,,,140,0,0,?
Enlhet-248_flower-2,,Enlhet,248_flower,elhnamoc; cooques,cooques,k oː k e s,,unruh1997;kalisch2015;arenas1981,,,,,3286,0,0,?
Enlhet-41_fall-1,,Enlhet,41_fall,nenteeyam'; nempalleyaam',nen+tee+yam',n e n + t eː + j a m ʔ,,unruh1997;kalisch2015;arenas1981,,,,,3148 3289 3290,0,0,_:1pl fall _:inf
Enlhet-41_fall-2,,Enlhet,41_fall,nenteeyam'; nempalleyaam',nem+palle+yaam',n e m + p a l l e + j aː m ʔ,,unruh1997;kalisch2015;arenas1981,,,,,3159 3291 3154,0,0,_:1pl fall _:inf
Enlhet-264_know-1,,Enlhet,264_know,nengmovaan; nengya'ascamcoo; nengyecpelqueemoo; angyaap,neng+movaan,n e ŋ + m o w aː n,,unruh1997;kalisch2015;arenas1981,,,,,3161 148 149,0,0,_:1pl know
Enlhet-264_know-2,,Enlhet,264_know,nengmovaan; nengya'ascamcoo; nengyecpelqueemoo; angyaap,neng+ya'as+camcoo,n e ŋ + j a ʔ a s + k a m k oː,,unruh1997;kalisch2015;arenas1981,,,,,3161 3292 148,0,0,_:1pl know _:inf
Enlhet-264_know-3,,Enlhet,264_know,nengmovaan; nengya'ascamcoo; nengyecpelqueemoo; angyaap,neng+yecpel+queemoo,n e ŋ + j e k p e l k eː m oː,,unruh1997;kalisch2015;arenas1981,,,,,3161 3293 148,0,0,_:1pl know
Enlhet-274_ashes-1,,Enlhet,274_ashes,taahap,taahap,t aː h a p,,unruh1997;kalisch2015;arenas1981,,,,,3297,0,0,?
Enlhet-65_largebig-1,,Enlhet,65_largebig,acyevey'; acmelay'; acya'yeem; ayeelhahaycam',ac+yevey',a k + j e w ei ʔ,,unruh1997;kalisch2015;arenas1981,,,,,2101 2597 3298,0,0,_:fem big
Enlhet-65_largebig-2,,Enlhet,65_largebig,acyevey'; acmelay'; acya'yeem; ayeelhahaycam',ac+melay',a k + m e l ai ʔ,,unruh1997;kalisch2015;arenas1981,,,,,2101 3299 3298,0,0,_:fem big
Enlhet-65_largebig-3,,Enlhet,65_largebig,acyevey'; acmelay'; acya'yeem; ayeelhahaycam',ac+ya'ye+em,a k + j a ˀj e + e m,,unruh1997;kalisch2015;arenas1981,,,,,2101 2597 3300,0,0,_:fem big _:poss
Enlhet-65_largebig-4,,Enlhet,65_largebig,acyevey'; acmelay'; acya'yeem; ayeelhahaycam',ayeelhahaycam',a j eː ɬ a h ai k a m ʔ,,unruh1997;kalisch2015;arenas1981,,,,,3301 3299 3298,0,0,?
Enlhet-148_short-1,,Enlhet,148_short,acya'vateem,ac+ya'vate+em,a k + j a ˀw a t e + e m,,unruh1997;kalisch2015;arenas1981,,,,,2101 3302 3303,0,0,_:fem short _:poss
Enlhet-149_five-1,,Enlhet,149_five,lhama-emec; singco,lhama+emec,ɬ a m a + e + m e k,,unruh1997;kalisch2015;arenas1981,,,,,3316 166,0,0,one _:poss hand
Enlhet-276_eat-1,,Enlhet,276_eat,nentom,nen+tom,n e n + t o + m,,unruh1997;kalisch2015;arenas1981,,,,,3148 1330,0,0,_:1pl eat _:inf
Enlhet-191_grass-1,,Enlhet,191_grass,manten; pa'at,manten,m a n t e n,,unruh1997;kalisch2015;arenas1981,,,,,3319,0,0,grass
Enlhet-191_grass-2,,Enlhet,191_grass,manten; pa'at,pa'at,p a ʔ a t,,unruh1997;kalisch2015;arenas1981,,,,,674,0,0,grass
Enlhet-152_one-1,,Enlhet,152_one,lhama,lhama,ɬ a m a,,unruh1997;kalisch2015;arenas1981,,,,,3316,0,0,one
Enlhet-263_everyall-1,,Enlhet,263_everyall,yav'aclhoho; lha'maclhoho; alaanaalhcoo / alaanammalhcoo,yav'aclhoho,j a w ʔ a + k ɬ + o h o,,unruh1997;kalisch2015;arenas1981,,,,,3320,0,0,star _:dup _:int
Enlhet-263_everyall-2,,Enlhet,263_everyall,yav'aclhoho; lha'maclhoho; alaanaalhcoo / alaanammalhcoo,lha'm+aclho+ho,ɬ a m a + k ɬ + o h o,,unruh1997;kalisch2015;arenas1981,,,,,3321 169 3322,0,0,one _:dup _:int
Enlhet-263_everyall-3,,Enlhet,263_everyall,yav'aclhoho; lha'maclhoho; alaanaalhcoo / alaanammalhcoo,alaanam+malhcoo,a l + aː n + a m + a ɬ k oː,,unruh1997;kalisch2015;arenas1981,,,,,3323 3324,0,0,_:dist make _:mid _:int
Enlhet-291_name-1,,Enlhet,291_name,nengvesey',neng+vesey',n e ŋ + w e s ei ʔ,,unruh1997;kalisch2015;arenas1981,,,,,3161 2615,0,0,_:1pl name
Enlhet-292_old-1,,Enlhet,292_old,nengvaanyam',neng+vaanyam',n e ŋ + w aː n j a m ʔ,,unruh1997;kalisch2015;arenas1981,,,,,3161 3329 3330,0,0,_:1pl old
Enlhet-282_father-1,,Enlhet,282_father,taata engac; angyaap,taata,t aː t a,,unruh1997;kalisch2015;arenas1981,,,,,177 3176,0,0,?
Enlhet-282_father-2,,Enlhet,282_father,taata engac; angyaap,angyaap,a ŋ + j aː p,,unruh1997;kalisch2015;arenas1981,,,,,3333,0,0,_:1pl father
Enlhet-100_smalllittle-1,,Enlhet,100_smalllittle,atquetsec; ayetcoc; tes,at+quetsec,a t + k e ts e k,,unruh1997;kalisch2015;arenas1981,,,,,180 3195,0,0,_:fem small
Enlhet-100_smalllittle-2,,Enlhet,100_smalllittle,atquetsec; ayetcoc; tes,ayetcoc,a j e t k o k,,unruh1997;kalisch2015;arenas1981,,,,,3334,0,0,?
Enlhet-100_smalllittle-3,,Enlhet,100_smalllittle,atquetsec; ayetcoc; tes,tes,t e s,,unruh1997;kalisch2015;arenas1981,,,,,3196,0,0,?
Enlhet-135_two-1,,Enlhet,135_two,a'net; tos,a'net,a ʔ n e t,,unruh1997;kalisch2015;arenas1981,,,,,3337,0,0,two
Enlhet-135_two-2,,Enlhet,135_two,a'net; tos,tos,t o s,,unruh1997;kalisch2015;arenas1981,,,,,2119,0,0,?
Enlhet-15_long-1,,Enlhet,15_long,acvena'teem; cat,ac+vena'teem,a k + w e n a ʔ t eː m,,unruh1997;kalisch2015;arenas1981,,,,,2101 3342,0,0,_:fem long
Enlhet-15_long-2,,Enlhet,15_long,acvena'teem; cat,cat,k a t,,unruh1997;kalisch2015;arenas1981,,,,,3282,0,0,long
Enlhet-275_intestinesguts-1,,Enlhet,275_intestinesguts,engye'; engye lhangcoc,eng+ye',e ŋ + j e ʔ,,unruh1997;kalisch2015;arenas1981,,,,,3143 3344,0,0,_:poss intestines
Enlhet-275_intestinesguts-2,,Enlhet,275_intestinesguts,engye'; engye lhangcoc,eng+ye lhangcoc,e ŋ + j e + ɬ a ŋ k o k,,unruh1997;kalisch2015;arenas1981,,,,,3143 3344 3345,0,0,_:poss excrement place
Enlhet-188_smellvbtrans-1,,Enlhet,188_smellvbtrans,nentekhaneem; nenglengay',nen+tekhaneem,n e n + t e kʰ a n eː m,,unruh1997;kalisch2015;arenas1981,,,,,3148 3349,0,0,_:1pl smell
Enlhet-188_smellvbtrans-2,,Enlhet,188_smellvbtrans,nentekhaneem; nenglengay',neng+leng+ay',n e ŋ + l e ŋ + ai ʔ,,unruh1997;kalisch2015;arenas1981,,,,,3161 3350 3351,0,0,_:1pl feel _:inf
Enlhet-52_treecf08600-1,,Enlhet,52_treecf08600,yaamet; yaamet avhac,yaamet,j aː m e t,,unruh1997;kalisch2015;arenas1981,,,,,5638,0,0,tree
Enlhet-52_treecf08600-2,,Enlhet,52_treecf08600,yaamet; yaamet avhac,yaamet avhac,j aː m e t + a w h a k,,unruh1997;kalisch2015;arenas1981,,,,,5638 3206,0,0,tree wild
Enlhet-74_seed-1,,Enlhet,74_seed,actec,actec,a k t e k,,unruh1997;kalisch2015;arenas1981,,,,,3360,0,0,?
Enlhet-47_sun-1,,Enlhet,47_sun,acnem',acnem',a k n e m ʔ,,unruh1997;kalisch2015;arenas1981,,,,,3218,0,0,sun
Enlhet-283_give-1,,Enlhet,283_give,nengmeescama; nengahayaam',neng+mees+cama,n e ŋ + m eː s + k a m a,,unruh1997;kalisch2015;arenas1981,,,,,3161 710 2649,0,0,_:1pl give _:inf
Enlhet-283_give-2,,Enlhet,283_give,nengmeescama; nengahayaam',neng+ahaya+am',n e ŋ + a h a j + aː m ʔ,,unruh1997;kalisch2015;arenas1981,,,,,3161 3374 3375,0,0,_:1pl give _:inf
Enlhet-136_littlequantityfew-1,,Enlhet,136_littlequantityfew,a'net; a'neto'; moclham'a; atquetsec; acmaselhte; ayaaselhteeycaoc; tes,a'net,a ʔ n e t,,unruh1997;kalisch2015;arenas1981,,,,,3337,0,0,two
Enlhet-136_littlequantityfew-2,,Enlhet,136_littlequantityfew,a'net; a'neto'; moclham'a; atquetsec; acmaselhte; ayaaselhteeycaoc; tes,a'net+o',a ʔ n e t + o ʔ,,unruh1997;kalisch2015;arenas1981,,,,,3337 3376,0,0,two _:int
Enlhet-136_littlequantityfew-3,,Enlhet,136_littlequantityfew,a'net; a'neto'; moclham'a; atquetsec; acmaselhte; ayaaselhteeycaoc; tes,moclham'a,m o k ɬ a m ʔ a,,unruh1997;kalisch2015;arenas1981,,,,,1404,0,0,?
Enlhet-136_littlequantityfew-4,,Enlhet,136_littlequantityfew,a'net; a'neto'; moclham'a; atquetsec; acmaselhte; ayaaselhteeycaoc; tes,at+quetsec,a t + k e ts e k,,unruh1997;kalisch2015;arenas1981,,,,,180 3195,0,0,_:fem small
Enlhet-136_littlequantityfew-5,,Enlhet,136_littlequantityfew,a'net; a'neto'; moclham'a; atquetsec; acmaselhte; ayaaselhteeycaoc; tes,ac+maselhte,a k + m a s e ɬ t e,,unruh1997;kalisch2015;arenas1981,,,,,2101 711 2134,0,0,_:fem small
Enlhet-136_littlequantityfew-6,,Enlhet,136_littlequantityfew,a'net; a'neto'; moclham'a; atquetsec; acmaselhte; ayaaselhteeycaoc; tes,ayaaselhteeycaoc,a j aː s e ɬ t eː i k a o k,,unruh1997;kalisch2015;arenas1981,,,,,3378 2134 3379,0,0,?
Enlhet-136_littlequantityfew-7,,Enlhet,136_littlequantityfew,a'net; a'neto'; moclham'a; atquetsec; acmaselhte; ayaaselhteeycaoc; tes,tes,t e s,,unruh1997;kalisch2015;arenas1981,,,,,3196,0,0,small
Enlhet-147_muchmany-1,,Enlhet,147_muchmany,aclha'maeclha'; aclha'maclha'; lha'moo'; acpentalhnama; acpentalhnaclha'; tac; soj; caascama; catlaycaoc; motso; acpocyahascaoc; avanhe'; acyevey'; acyav'aclha',ac+lha'ma+eclha',a k + ɬ a ʔ m a + e k ɬ a ʔ,,unruh1997;kalisch2015;arenas1981,,,,,2101 219 3372,0,0,_:fem one _:nom.ob
Enlhet-147_muchmany-2,,Enlhet,147_muchmany,aclha'maeclha'; aclha'maclha'; lha'moo'; acpentalhnama; acpentalhnaclha'; tac; soj; caascama; catlaycaoc; motso; acpocyahascaoc; avanhe'; acyevey'; acyav'aclha',ac+lha'ma+clha',a k + ɬ a ʔ m a + k ɬ a ʔ,,unruh1997;kalisch2015;arenas1981,,,,,2101 219 3326,0,0,_:fem one _:nom.ob
Enlhet-147_muchmany-3,,Enlhet,147_muchmany,aclha'maeclha'; aclha'maclha'; lha'moo'; acpentalhnama; acpentalhnaclha'; tac; soj; caascama; catlaycaoc; motso; acpocyahascaoc; avanhe'; acyevey'; acyav'aclha',lha'mo+o',ɬ a ʔ m o + o ʔ,,unruh1997;kalisch2015;arenas1981,,,,,219 3376,0,0,one _:int
Enlhet-147_muchmany-4,,Enlhet,147_muchmany,aclha'maeclha'; aclha'maclha'; lha'moo'; acpentalhnama; acpentalhnaclha'; tac; soj; caascama; catlaycaoc; motso; acpocyahascaoc; avanhe'; acyevey'; acyav'aclha',ac+pentalhna+ma,a k + p e n t a ɬ n a + m a,,unruh1997;kalisch2015;arenas1981,,,,,2101 1408 3160,0,0,_:fem many _:inf
Enlhet-147_muchmany-5,,Enlhet,147_muchmany,aclha'maeclha'; aclha'maclha'; lha'moo'; acpentalhnama; acpentalhnaclha'; tac; soj; caascama; catlaycaoc; motso; acpocyahascaoc; avanhe'; acyevey'; acyav'aclha',ac+pentalhna+clha',a k + p e n t a ɬ n a + k ɬ a ʔ,,unruh1997;kalisch2015;arenas1981,,,,,2101 1408 3326,0,0,_:fem many _:nom.ob
Enlhet-147_muchmany-6,,Enlhet,147_muchmany,aclha'maeclha'; aclha'maclha'; lha'moo'; acpentalhnama; acpentalhnaclha'; tac; soj; caascama; catlaycaoc; motso; acpocyahascaoc; avanhe'; acyevey'; acyav'aclha',tac,t a k,,unruh1997;kalisch2015;arenas1981,,,,,2653,0,0,?
Enlhet-147_muchmany-7,,Enlhet,147_muchmany,aclha'maeclha'; aclha'maclha'; lha'moo'; acpentalhnama; acpentalhnaclha'; tac; soj; caascama; catlaycaoc; motso; acpocyahascaoc; avanhe'; acyevey'; acyav'aclha',soj,s o x ʔ,,unruh1997;kalisch2015;arenas1981,,,,,1409,0,0,?
Enlhet-147_muchmany-8,,Enlhet,147_muchmany,aclha'maeclha'; aclha'maclha'; lha'moo'; acpentalhnama; acpentalhnaclha'; tac; soj; caascama; catlaycaoc; motso; acpocyahascaoc; avanhe'; acyevey'; acyav'aclha',caascama,k aː s k a m a,,unruh1997;kalisch2015;arenas1981,,,,,3382,0,0,?
Enlhet-147_muchmany-9,,Enlhet,147_muchmany,aclha'maeclha'; aclha'maclha'; lha'moo'; acpentalhnama; acpentalhnaclha'; tac; soj; caascama; catlaycaoc; motso; acpocyahascaoc; avanhe'; acyevey'; acyav'aclha',cat+laycaoc,k a t + l ai k a o k,,unruh1997;kalisch2015;arenas1981,,,,,3282 219 3383,0,0,long ?
Enlhet-147_muchmany-10,,Enlhet,147_muchmany,aclha'maeclha'; aclha'maclha'; lha'moo'; acpentalhnama; acpentalhnaclha'; tac; soj; caascama; catlaycaoc; motso; acpocyahascaoc; avanhe'; acyevey'; acyav'aclha',motso,m o ts o,,unruh1997;kalisch2015;arenas1981,,,,,217,0,0,?
Enlhet-147_muchmany-11,,Enlhet,147_muchmany,aclha'maeclha'; aclha'maclha'; lha'moo'; acpentalhnama; acpentalhnaclha'; tac; soj; caascama; catlaycaoc; motso; acpocyahascaoc; avanhe'; acyevey'; acyav'aclha',ac+pocyahascaoc,a k + p o k j a h a s k a o k,,unruh1997;kalisch2015;arenas1981,,,,,2101 3382,0,0,_:fem many
Enlhet-147_muchmany-12,,Enlhet,147_muchmany,aclha'maeclha'; aclha'maclha'; lha'moo'; acpentalhnama; acpentalhnaclha'; tac; soj; caascama; catlaycaoc; motso; acpocyahascaoc; avanhe'; acyevey'; acyav'aclha',avanhe',a w a n h e ʔ,,unruh1997;kalisch2015;arenas1981,,,,,3384,0,0,?
Enlhet-147_muchmany-13,,Enlhet,147_muchmany,aclha'maeclha'; aclha'maclha'; lha'moo'; acpentalhnama; acpentalhnaclha'; tac; soj; caascama; catlaycaoc; motso; acpocyahascaoc; avanhe'; acyevey'; acyav'aclha',ac+yevey',a k + j e w ei ʔ,,unruh1997;kalisch2015;arenas1981,,,,,2101 3385 3326,0,0,_:fem big
Enlhet-147_muchmany-14,,Enlhet,147_muchmany,aclha'maeclha'; aclha'maclha'; lha'moo'; acpentalhnama; acpentalhnaclha'; tac; soj; caascama; catlaycaoc; motso; acpocyahascaoc; avanhe'; acyevey'; acyav'aclha',ac+yav'a+clha',a k + j a w + ʔ a k ɬ a ʔ,,unruh1997;kalisch2015;arenas1981,,,,,2101 3385 3326,0,0,_:fem star _:nom
Enlhet-266_cold-1,,Enlhet,266_cold,eequey; quey; acmalhqueemoo,eequey,eː k ei,,unruh1997;kalisch2015;arenas1981,,,,,3387 3388,0,0,?
Enlhet-266_cold-2,,Enlhet,266_cold,eequey; quey; acmalhqueemoo,quey,k ei,,unruh1997;kalisch2015;arenas1981,,,,,3388,0,0,?
Enlhet-266_cold-3,,Enlhet,266_cold,eequey; quey; acmalhqueemoo,ac+malhqueem+oo,a k + m a ɬ k eː m + oː,,unruh1997;kalisch2015;arenas1981,,,,,2101 3389 3388 3390,0,0,_:fem cold _:int
Enlhet-39_sit-1,,Enlhet,39_sit,nentahanma; nengma,nen+tahan+ma,n e n + t a h a n + m a,,unruh1997;kalisch2015;arenas1981,,,,,3148 2138 3160,0,0,_:1pl sit _:inf
Enlhet-39_sit-2,,Enlhet,39_sit,nentahanma; nengma,neng+ma,n e ŋ + m + a,,unruh1997;kalisch2015;arenas1981,,,,,3161 3391,0,0,_:1pl sit _:inf
Enlhet-285_fruit-1,,Enlhet,285_fruit,acyelhna; acyelhnama,ac+yelhna,a k + j e ɬ n a,,unruh1997;kalisch2015;arenas1981,,,,,2101 3396,0,0,_:fem fruit
Enlhet-285_fruit-2,,Enlhet,285_fruit,acyelhna; acyelhnama,ac+yelhna+ma,a k + j e ɬ n a + m a,,unruh1997;kalisch2015;arenas1981,,,,,2101 3396 3160,0,0,_:fem fruit _:inf
Enlhet-323_hold-1,,Enlhet,323_hold,nengmaycam'; nengmaycaoc,neng+m+aycam',n e ŋ + m + ai k a m ʔ,,unruh1997;kalisch2015;arenas1981,,,,,3161 3397 3398,0,0,_:1pl hold _:loc
Enlhet-323_hold-2,,Enlhet,323_hold,nengmaycam'; nengmaycaoc,neng+m+aycaoc,n e ŋ + m + ai k a o k,,unruh1997;kalisch2015;arenas1981,,,,,3161 3397 3398,0,0,_:1pl hold _:loc
Enlhet-46_animal-1,,Enlhet,46_animal,a'soc-navhac; a'soc-navhac nentooscama,a'soc-navhac,a ʔ s o k + n a w h a k,,unruh1997;kalisch2015;arenas1981,,,,,3399 3400,0,0,thing wild
Enlhet-46_animal-2,,Enlhet,46_animal,a'soc-navhac; a'soc-navhac nentooscama,a'soc-navhac nen+tooscama,a ʔ s o k + n a w h a k + n e n + t oː s k a m a,,unruh1997;kalisch2015;arenas1981,,,,,3399 3400 3148 734,0,0,thing wild _:poss pet
Enlhet-290_mosquito-1,,Enlhet,290_mosquito,paaya; paalac,paaya,p aː j a,,unruh1997;kalisch2015;arenas1981,,,,,3401,0,0,?
Enlhet-290_mosquito-2,,Enlhet,290_mosquito,paaya; paalac,paalac,p aː l a k,,unruh1997;kalisch2015;arenas1981,,,,,3401,0,0,?
Enlhet-35_spider-1,,Enlhet,35_spider,savaalac; yavayque'; melanma,savaalac,s a w aː l a k,,unruh1997;kalisch2015;arenas1981,,,,,234,0,0,spider
Enlhet-35_spider-2,,Enlhet,35_spider,savaalac; yavayque'; melanma,yavayque',j a w ai k e ʔ,,unruh1997;kalisch2015;arenas1981,,,,,3402,0,0,?
Enlhet-35_spider-3,,Enlhet,35_spider,savaalac; yavayque'; melanma,melanma,m e l a n m a,,unruh1997;kalisch2015;arenas1981,,,,,3403,0,0,?
Enlhet-95_claw-1,,Enlhet,95_claw,apheoc,apheoc,a pʰ e o k,,unruh1997;kalisch2015;arenas1981,,,,,737,0,0,?
Enlhet-57_arm-1,,Enlhet,57_arm,engectong,eng+ectong,e ŋ + e k t o ŋ,,unruh1997;kalisch2015;arenas1981,,,,,3143 3404,0,0,_:poss arm
Enlhet-102_horn-1,,Enlhet,102_horn,angquepeetec,ang+quepeetec,a ŋ + k e p eː t e k,,unruh1997;kalisch2015;arenas1981,,,,,3230 3405 3406,0,0,_:poss horn
Enlhet-58_beard-1,,Enlhet,58_beard,aava-engaatong,aava-eng+aatong,aː + w a + e ŋ + aː t o ŋ,,unruh1997;kalisch2015;arenas1981,,,,,239 3190 3143 3407,0,0,_:poss hair _:poss mouth
Enlhet-254_chest-1,,Enlhet,254_chest,engneenyec,eng+neenyec,e ŋ + n eː n j e k,,unruh1997;kalisch2015;arenas1981,,,,,3143 3731,0,0,_:poss chest
Enlhet-61_chin-1,,Enlhet,61_chin,cooneng-engaatong,cooneng-eng+aatong,k oː n e ŋ + e ŋ + aː t o ŋ,,unruh1997;kalisch2015;arenas1981,,,,,3410 3143 3407,0,0,under _:poss mouth
Enlhet-62_lip-1,,Enlhet,62_lip,engaatong ayempehec,eng+aatong a+yempe+hec,e ŋ + aː t o ŋ + a + j e m p e h e k,,unruh1997;kalisch2015;arenas1981,,,,,3143 3407 3411 3412 2164,0,0,_:poss mouth _:fem body
Enlhet-64_finger-1,,Enlhet,64_finger,engephehec,eng+ephehec,e ŋ + e pʰ e h e k,,unruh1997;kalisch2015;arenas1981,,,,,3143 3415 3416,0,0,_:poss finger
Enlhet-281_elbow-1,,Enlhet,281_elbow,empengqueptec,em+pengqueptec,e m + p e ŋ k e p t e k,,unruh1997;kalisch2015;arenas1981,,,,,3145 3417 3418,0,0,_:poss elbow
Enlhet-94_fingernail-1,,Enlhet,94_fingernail,acmopoy' engephehec,ac+mop+oy' eng+ephehec,a k + m o p + oi ʔ + e ŋ + e pʰ e h e k,,unruh1997;kalisch2015;arenas1981,,,,,2101 3280 3419 3143 752 2681,0,0,_:fem white _:inf _:poss finger
Enlhet-299_thunder-1,,Enlhet,299_thunder,quelhtengyaveyaam',quelhtengyaveyaam',k e ɬ t e ŋ j a w e j aː m ʔ,,unruh1997;kalisch2015;arenas1981,,,,,2175 2684 3154,0,0,?
Enlhet-109_lightning-1,,Enlhet,109_lightning,quelyenmayaam'; anaata,quelyenmayaam',k e l j e n m a j aː m ʔ,,unruh1997;kalisch2015;arenas1981,,,,,2175 3425 3154,0,0,?
Enlhet-109_lightning-2,,Enlhet,109_lightning,quelyenmayaam'; anaata,anaata,a n aː t a,,unruh1997;kalisch2015;arenas1981,,,,,1457,0,0,bird
Enlhet-72_house-1,,Enlhet,72_house,tengma; pa'at,tengma,t e ŋ m a,,unruh1997;kalisch2015;arenas1981,,,,,3436,0,0,house
Enlhet-72_house-2,,Enlhet,72_house,tengma; pa'at,pa'at,p a ʔ a t,,unruh1997;kalisch2015;arenas1981,,,,,674,0,0,grass
Enlhet-101_child-1,,Enlhet,101_child,seca'a; eeven; seca'a yetcoc; seca'a pquetcoc,seca'a,s e k a ʔ a,,unruh1997;kalisch2015;arenas1981,,,,,2181,0,0,child
Enlhet-101_child-2,,Enlhet,101_child,seca'a; eeven; seca'a yetcoc; seca'a pquetcoc,eeven,eː w e n,,unruh1997;kalisch2015;arenas1981,,,,,3437,0,0,?
Enlhet-101_child-3,,Enlhet,101_child,seca'a; eeven; seca'a yetcoc; seca'a pquetcoc,seca'a yetcoc,s e k a ʔ a + j e t k o k,,unruh1997;kalisch2015;arenas1981,,,,,2181 2935,0,0,child small/son
Enlhet-101_child-4,,Enlhet,101_child,seca'a; eeven; seca'a yetcoc; seca'a pquetcoc,seca'a pqu+etcoc,s e k a ʔ a + p k + e t k o k,,unruh1997;kalisch2015;arenas1981,,,,,2181 3431 2202,0,0,child _:masc small/child
Enlhet-296_road-1,,Enlhet,296_road,aamay,aamay,aː m ai,,unruh1997;kalisch2015;arenas1981,,,,,3438,0,0,?
Enlhet-150_ten-1,,Enlhet,150_ten,savhooc-emeoc; tyes,savhoo+c-emeoc,s a w h oː k + e + m e o k,,unruh1997;kalisch2015;arenas1981,,,,,3439 2175 3440,0,0,complete _:poss hands
Enlhet-150_ten-2,,Enlhet,150_ten,savhooc-emeoc; tyes,tyes,t j e s,,unruh1997;kalisch2015;arenas1981,,,,,3441,0,0,?
Enlhet-132_float-1,,Enlhet,132_float,acpatmeeycam' yengmen,ac+patme+eycam' yengmen,a k + p a t m e + ei k a m ʔ + j e ŋ m e n,,unruh1997;kalisch2015;arenas1981,,,,,2101 3442 2187 3216,0,0,_:fem carry _:loc water
Enlhet-110_fightvb-1,,Enlhet,110_fightvb,nengelnaapommalhca'; nengempokhay',neng+elnaap+omma+lhca',n e ŋ + e l + n aː p + o m m a ɬ k a ʔ,,unruh1997;kalisch2015;arenas1981,,,,,3161 3443 272 273,0,0,_:1pl fight _:mid/inf
Enlhet-110_fightvb-2,,Enlhet,110_fightvb,nengelnaapommalhca'; nengempokhay',neng+empokhay',n e ŋ + e m p o kʰ ai ʔ,,unruh1997;kalisch2015;arenas1981,,,,,3161 272 273,0,0,_:1pl fight
Enlhet-293_owl-1,,Enlhet,293_owl,savaaya,savaaya,s a w aː j a,,unruh1997;kalisch2015;arenas1981,,,,,3446,0,0,?
Enlhet-273_cat-1,,Enlhet,273_cat,cames; quelhcaalhec,cames,k a m e s,,unruh1997;kalisch2015;arenas1981,,,,,776,0,0,?
Enlhet-273_cat-2,,Enlhet,273_cat,cames; quelhcaalhec,quelhcaalhec,k e ɬ k aː ɬ e k,,unruh1997;kalisch2015;arenas1981,,,,,3451,0,0,?
Enlhet-55_bee-1,,Enlhet,55_bee,yavhan; yavheene'; yaamyavheene'; yaanec; peeyem; yelpa-pactec,yavhan,j au h a n,,unruh1997;kalisch2015;arenas1981,,,,,3452,0,0,bee
Enlhet-55_bee-2,,Enlhet,55_bee,yavhan; yavheene'; yaamyavheene'; yaanec; peeyem; yelpa-pactec,yavheene',j au h eː n e ʔ,,unruh1997;kalisch2015;arenas1981,,,,,3452 3453,0,0,?
Enlhet-55_bee-3,,Enlhet,55_bee,yavhan; yavheene'; yaamyavheene'; yaanec; peeyem; yelpa-pactec,yaam+yavheene',j aː m + j au h eː n e ʔ,,unruh1997;kalisch2015;arenas1981,,,,,3433 3452 3453,0,0,_:false bee
Enlhet-55_bee-4,,Enlhet,55_bee,yavhan; yavheene'; yaamyavheene'; yaanec; peeyem; yelpa-pactec,yaanec,j aː n e k,,unruh1997;kalisch2015;arenas1981,,,,,3452,0,0,?
Enlhet-55_bee-5,,Enlhet,55_bee,yavhan; yavheene'; yaamyavheene'; yaanec; peeyem; yelpa-pactec,peeyem,p eː j e m,,unruh1997;kalisch2015;arenas1981,,,,,2717 1493,0,0,?
Enlhet-55_bee-6,,Enlhet,55_bee,yavhan; yavheene'; yaamyavheene'; yaanec; peeyem; yelpa-pactec,yelpa+p+actec,j e l p a + p + a k t e k,,unruh1997;kalisch2015;arenas1981,,,,,2718 3431 3360,0,0,mud _:poss seed
Enlhet-289_parrot-1,,Enlhet,289_parrot,ta'va'; tamnavsa; satavaaya; caasec,ta'va',t a ˀw a ʔ,,unruh1997;kalisch2015;arenas1981,,,,,3454,0,0,?
Enlhet-289_parrot-2,,Enlhet,289_parrot,ta'va'; tamnavsa; satavaaya; caasec,tamnavsa,t a m n a w s a,,unruh1997;kalisch2015;arenas1981,,,,,3455,0,0,?
Enlhet-289_parrot-3,,Enlhet,289_parrot,ta'va'; tamnavsa; satavaaya; caasec,satavaaya,s a t a w aː j a,,unruh1997;kalisch2015;arenas1981,,,,,3456,0,0,?
Enlhet-289_parrot-4,,Enlhet,289_parrot,ta'va'; tamnavsa; satavaaya; caasec,caasec,k aː s e k,,unruh1997;kalisch2015;arenas1981,,,,,284,0,0,?
Enlhet-128_flea-1,,Enlhet,128_flea,maaleng-ascoc; semheng-ascoc; tata'-ascoc; lhaapen-'pascoc; pomaap-apascoc,maaleng-ascoc,m aː l e ŋ + a s k o k,,unruh1997;kalisch2015;arenas1981,,,,,3457 3458,0,0,fox bug
Enlhet-128_flea-2,,Enlhet,128_flea,maaleng-ascoc; semheng-ascoc; tata'-ascoc; lhaapen-'pascoc; pomaap-apascoc,semheng-ascoc,s e m h e ŋ + a s k o k,,unruh1997;kalisch2015;arenas1981,,,,,3173 3458,0,0,dog bug
Enlhet-128_flea-3,,Enlhet,128_flea,maaleng-ascoc; semheng-ascoc; tata'-ascoc; lhaapen-'pascoc; pomaap-apascoc,tata'-ascoc,t a t a ʔ + a s k o k,,unruh1997;kalisch2015;arenas1981,,,,,3447 3458,0,0,chicken bug
Enlhet-128_flea-4,,Enlhet,128_flea,maaleng-ascoc; semheng-ascoc; tata'-ascoc; lhaapen-'pascoc; pomaap-apascoc,lhaapen-'pascoc,ɬ aː p e n + ʔ p + a s k o k,,unruh1997;kalisch2015;arenas1981,,,,,3457 3459,0,0,ostrich _:poss bug
Enlhet-128_flea-5,,Enlhet,128_flea,maaleng-ascoc; semheng-ascoc; tata'-ascoc; lhaapen-'pascoc; pomaap-apascoc,pomaap-apascoc,p o m aː p + a p + a s k o k,,unruh1997;kalisch2015;arenas1981,,,,,3460 3458,0,0,pig _:poss bug
Enlhet-166_deer-1,,Enlhet,166_deer,popyet; lanaep,popyet,p o p j e t,,unruh1997;kalisch2015;arenas1981,,,,,3463,0,0,deer
Enlhet-166_deer-2,,Enlhet,166_deer,popyet; lanaep,lanaep,l a n a e p,,unruh1997;kalisch2015;arenas1981,,,,,3464,0,0,deer
Enlhet-118_ant-1,,Enlhet,118_ant,malhtentep; haapong; maaya'moc; toome-enghapamcoc; yevey-pcatcoc; yeeta'; pascongcong; ya'yempe'oc; na'tamaaleng,malhtentep,m a ɬ t e n t e p,,unruh1997;kalisch2015;arenas1981,,,,,2722,0,0,?
Enlhet-118_ant-2,,Enlhet,118_ant,malhtentep; haapong; maaya'moc; toome-enghapamcoc; yevey-pcatcoc; yeeta'; pascongcong; ya'yempe'oc; na'tamaaleng,haapong,h aː p o ŋ,,unruh1997;kalisch2015;arenas1981,,,,,3468,0,0,?
Enlhet-118_ant-3,,Enlhet,118_ant,malhtentep; haapong; maaya'moc; toome-enghapamcoc; yevey-pcatcoc; yeeta'; pascongcong; ya'yempe'oc; na'tamaaleng,maaya'moc,m aː j a ʔ m o k,,unruh1997;kalisch2015;arenas1981,,,,,3469,0,0,?
Enlhet-118_ant-4,,Enlhet,118_ant,malhtentep; haapong; maaya'moc; toome-enghapamcoc; yevey-pcatcoc; yeeta'; pascongcong; ya'yempe'oc; na'tamaaleng,toome-eng+hapamcoc,t oː m e + e ŋ + h a p a m k o k,,unruh1997;kalisch2015;arenas1981,,,,,3470 3143 3471,0,0,? _:poss brain
Enlhet-118_ant-5,,Enlhet,118_ant,malhtentep; haapong; maaya'moc; toome-enghapamcoc; yevey-pcatcoc; yeeta'; pascongcong; ya'yempe'oc; na'tamaaleng,yevey+p+catcoc,j e w ei + p + k a t k o k,,unruh1997;kalisch2015;arenas1981,,,,,6831 3431 3471,0,0,big _:poss heads
Enlhet-118_ant-6,,Enlhet,118_ant,malhtentep; haapong; maaya'moc; toome-enghapamcoc; yevey-pcatcoc; yeeta'; pascongcong; ya'yempe'oc; na'tamaaleng,yeeta',j eː t a ʔ,,unruh1997;kalisch2015;arenas1981,,,,,3473,0,0,?
Enlhet-118_ant-7,,Enlhet,118_ant,malhtentep; haapong; maaya'moc; toome-enghapamcoc; yevey-pcatcoc; yeeta'; pascongcong; ya'yempe'oc; na'tamaaleng,pascongcong,p a s k o ŋ k o ŋ,,unruh1997;kalisch2015;arenas1981,,,,,3474,0,0,?
Enlhet-118_ant-8,,Enlhet,118_ant,malhtentep; haapong; maaya'moc; toome-enghapamcoc; yevey-pcatcoc; yeeta'; pascongcong; ya'yempe'oc; na'tamaaleng,ya'yempe'oc,j a ˀj e m p e ʔ o k,,unruh1997;kalisch2015;arenas1981,,,,,3475 3472 299,0,0,?
Enlhet-118_ant-9,,Enlhet,118_ant,malhtentep; haapong; maaya'moc; toome-enghapamcoc; yevey-pcatcoc; yeeta'; pascongcong; ya'yempe'oc; na'tamaaleng,na'ta+maaleng,n a ʔ t a + m aː l e ŋ,,unruh1997;kalisch2015;arenas1981,,,,,3476 3457,0,0,? fox
Enlhet-99_palmofhand-1,,Enlhet,99_palmofhand,ava'lhoc engmec,a+va'lhoc eng+mec,a + w a ʔ ɬ o k + e ŋ + m e k,,unruh1997;kalisch2015;arenas1981,,,,,303 3143 3143 3511,0,0,_:poss interior _:poss hand
Enlhet-89_fur-1,,Enlhet,89_fur,ayempehec,a+yempehec,a + j e m p e h e k,,unruh1997;kalisch2015;arenas1981,,,,,1507 3477 2206,0,0,_:fem skin
Enlhet-42_hairhead-1,,Enlhet,42_hairhead,engva',eng+va',e ŋ + w a ʔ,,unruh1997;kalisch2015;arenas1981,,,,,3143 3190,0,0,_:poss hair
Enlhet-249_penis-1,,Enlhet,249_penis,entelhla',en+telhla',e n + t e ɬ l a ʔ,,unruh1997;kalisch2015;arenas1981,,,,,3163 2735,0,0,_:poss penis
Enlhet-88_skull-1,,Enlhet,88_skull,empa'te lhcapoc,em+pa'te lhcapoc,e m + p a ʔ t e + ɬ k a p o k,,unruh1997;kalisch2015;arenas1981,,,,,3145 2213 2211,0,0,_:poss head bone
Enlhet-288_lung-1,,Enlhet,288_lung,cohoj engac,cohoj eng+ac,k o h o x,,unruh1997;kalisch2015;arenas1981,,,,,3485 3143 2101,0,0,?
Enlhet-200_testicle-1,,Enlhet,200_testicle,empopoc,em+popoc,e m + p o p o k,,unruh1997;kalisch2015;arenas1981,,,,,3145 3488,0,0,_:poss testicles
Enlhet-262_under-1,,Enlhet,262_under,cooneng,cooneng,k oː n e ŋ,,unruh1997;kalisch2015;arenas1981,,,,,3410,0,0,under
Enlhet-124_bed-1,,Enlhet,124_bed,yetnamaclha-neeten; nengyetnamaclha-neeten,yetna+ma+clha-neeten,j e t n + a m + a k ɬ a + n eː t e n,,unruh1997;kalisch2015;arenas1981,,,,,3252 1543 2233 3247,0,0,lie _:ti _:nmlz/ob above
Enlhet-143_plantvb-1,,Enlhet,143_plantvb,nenganma; nengenaeclha' (yaamet avhac / peheya lhquepcoc,neng+an+ma,n e ŋ + a n + m a,,unruh1997;kalisch2015;arenas1981,,,,,3161 3494 3160,0,0,_:1pl plant _:inf
Enlhet-143_plantvb-2,,Enlhet,143_plantvb,nenganma; nengenaeclha' (yaamet avhac / peheya lhquepcoc,neng+en+a+eclha',n e ŋ + e n + a e k ɬ a ʔ,,unruh1997;kalisch2015;arenas1981,,,,,3161 3494 2766 3372,0,0,_:1pl plant _:nom.ob
Enlhet-73_village-1,,Enlhet,73_village,tengma; naatengma; apmoolhama,tengma,t e ŋ m a,,unruh1997;kalisch2015;arenas1981,,,,,3436,0,0,house
Enlhet-73_village-2,,Enlhet,73_village,tengma; naatengma; apmoolhama,naa+tengma,n aː + t e ŋ m a,,unruh1997;kalisch2015;arenas1981,,,,,1553 3436,0,0,_:collec house
Enlhet-73_village-3,,Enlhet,73_village,tengma; naatengma; apmoolhama,ap+moolhama,a p + m oː ɬ a m a,,unruh1997;kalisch2015;arenas1981,,,,,3431 3498,0,0,_:poss neighbourhood
Enlhet-268_upabove-1,,Enlhet,268_upabove,neeten,neeten,n eː t e n,,unruh1997;kalisch2015;arenas1981,,,,,3247,0,0,above
Enlhet-60_doorgate-1,,Enlhet,60_doorgate,aatong,aatong,aː t o ŋ,,unruh1997;kalisch2015;arenas1981,,,,,3407,0,0,?
Enlhet-76_cover-1,,Enlhet,76_cover,nengapma; nengahapquescama,neng+ap+ma,n e ŋ + a p + m a,,unruh1997;kalisch2015;arenas1981,,,,,3161 2782 3160,0,0,_:1pl cover _:inf
Enlhet-76_cover-2,,Enlhet,76_cover,nengapma; nengahapquescama,neng+ahap+ques+cama,n e ŋ + a h a p + k e s k a + m a,,unruh1997;kalisch2015;arenas1981,,,,,3161 2782 3504 834,0,0,_:1pl cover _:caus _:inf
Enlhet-278_buy-1,,Enlhet,278_buy,nengmaam,neng+ma+am,n e ŋ + m a + a m,,unruh1997;kalisch2015;arenas1981,,,,,3161 3505 2788,0,0,_:1pl buy _:inf
Enlhet-123_burnvbintrans-1,,Enlhet,123_burnvbintrans,acmeesma,ac+mees+ma,a k + m eː s + m a,,unruh1997;kalisch2015;arenas1981,,,,,2101 3506 3160,0,0,_:fem burn _:inf
Enlhet-158_nine-1,,Enlhet,158_nine,nooc-nekha'-mooc-eemec; nueve,nooc-nekha'-mooc-eemec,n oː k + n e kʰ a ʔ + m oː k + eː m e k,,unruh1997;kalisch2015;arenas1981,,,,,3509 2795 3510 3511,0,0,? side other hand
Enlhet-103_club-1,,Enlhet,103_club,yohong; ya'yeem-vaahec,yohong,j o h o ŋ,,unruh1997;kalisch2015;arenas1981,,,,,3352,0,0,?
Enlhet-103_club-2,,Enlhet,103_club,yohong; ya'yeem-vaahec,ya'yeem-vaahec,j a ˀj eː m + w aː h e k,,unruh1997;kalisch2015;arenas1981,,,,,3352 336,0,0,round nose
Enlhet-271_sweetpotato-1,,Enlhet,271_sweetpotato,peheya',peheya',p e h e j a ʔ,,unruh1997;kalisch2015;arenas1981,,,,,3520,0,0,?
Enlhet-156_seven-1,,Enlhet,156_seven,a'net-mooc-eemec; syete,a'net-mooc-eemec,a ʔ n e t + m oː k + eː m e k,,unruh1997;kalisch2015;arenas1981,,,,,3337 3510 3511,0,0,two other hand
Enlhet-86_path-1,,Enlhet,86_path,aamay 'yetcoc; entamnec,aamay 'y+etcoc,aː m ai + ˀj + e t k o k,,unruh1997;kalisch2015;arenas1981,,,,,3438 2813 2202,0,0,path _:fem small/child
Enlhet-86_path-2,,Enlhet,86_path,aamay 'yetcoc; entamnec,en+tamnec,e n + t a m n e k,,unruh1997;kalisch2015;arenas1981,,,,,3163 1589,0,0,_:poss path
Enlhet-169_knife-1,,Enlhet,169_knife,sovov,sovov,s o w o w,,unruh1997;kalisch2015;arenas1981,,,,,3524,0,0,?
Enlhet-170_needle-1,,Enlhet,170_needle,quetaama',quetaama',k e t aː m a ʔ,,unruh1997;kalisch2015;arenas1981,,,,,2820,0,0,?
Enlhet-104_soulspirit-1,,Enlhet,104_soulspirit,nengvanmongcama; enghangaoc; engva'lhoc,neng+van+mong+cama,n e ŋ + w a n m o ŋ k a m a,,unruh1997;kalisch2015;arenas1981,,,,,3161 2758 3526 344,0,0,_:1pl soul
Enlhet-104_soulspirit-2,,Enlhet,104_soulspirit,nengvanmongcama; enghangaoc; engva'lhoc,eng+hangaoc,e ŋ + h a ŋ a o k,,unruh1997;kalisch2015;arenas1981,,,,,3143 2822,0,0,_:poss soul
Enlhet-104_soulspirit-3,,Enlhet,104_soulspirit,nengvanmongcama; enghangaoc; engva'lhoc,eng+va'lhoc,e ŋ + w a ʔ ɬ o k,,unruh1997;kalisch2015;arenas1981,,,,,3143 3143,0,0,_:poss interior
Enlhet-277_cryweep-1,,Enlhet,277_cryweep,nengveenama; nengyapcalheem; nengeleclhangveeycam',neng+veen+ama,n e ŋ + w eː n a + m a,,unruh1997;kalisch2015;arenas1981,,,,,3161 860 3529,0,0,_:1pl cry _:inf
Enlhet-277_cryweep-2,,Enlhet,277_cryweep,nengveenama; nengyapcalheem; nengeleclhangveeycam',neng+yapcalh+eem,n e ŋ + j a p k a ɬ + eː m,,unruh1997;kalisch2015;arenas1981,,,,,3161 2826 3529,0,0,_:1pl weep _:inf
Enlhet-277_cryweep-3,,Enlhet,277_cryweep,nengveenama; nengyapcalheem; nengeleclhangveeycam',neng+e+leclhang+veeycam',n e ŋ + e + l e k ɬ a ŋ + w eː j k a m ʔ,,unruh1997;kalisch2015;arenas1981,,,,,3161 3530 3531,0,0,_:1pl _:ep weep _:inf
Enlhet-155_six-1,,Enlhet,155_six,lhama-mooc-eemec; seis,lhama-mooc-eemec,ɬ a m a + m oː k + eː m e k,,unruh1997;kalisch2015;arenas1981,,,,,3316 3510 3511,0,0,one other hand
Enlhet-287_maizecorn-1,,Enlhet,287_maizecorn,se'he'; latsehe',se'he',s e ʔ h e ʔ,,unruh1997;kalisch2015;arenas1981,,,,,3535,0,0,?
Enlhet-287_maizecorn-2,,Enlhet,287_maizecorn,se'he'; latsehe',latsehe',l a ts e h e ʔ,,unruh1997;kalisch2015;arenas1981,,,,,3536 3535,0,0,?
Enlhet-206_oldman-1,,Enlhet,206_oldman,quelaphopa; seta pvaanyam',quelaphopa,k e l a pʰ o p a,,unruh1997;kalisch2015;arenas1981,,,,,3538,0,0,?
Enlhet-206_oldman-2,,Enlhet,206_oldman,quelaphopa; seta pvaanyam',seta pvaanyam',s e t a + p + w aː n j a m ʔ,,unruh1997;kalisch2015;arenas1981,,,,,3 5 3   3 4 3 1   ?,0,0,grandfather _:masc old
Enlhet-151_twenty-1,,Enlhet,151_twenty,savhooc-emancoc; veinte,savhooc-emancoc,s a w h oː k + e + m a ŋ k o k,,unruh1997;kalisch2015;arenas1981,,,,,3543 872,0,0,complete _:poss feet
Enlhet-300_tobacco-1,,Enlhet,300_tobacco,heena',heena',h eː n a ʔ,,unruh1997;kalisch2015;arenas1981,,,,,3544,0,0,?
Enlhet-295_ripe-1,,Enlhet,295_ripe,angmakheetec; aatay; acmakhetma,ang+makheet+ec,a ŋ + m a kʰ eː t + e k,,unruh1997;kalisch2015;arenas1981,,,,,3230 3546 3547,0,0,_:fem ripe _:prim
Enlhet-295_ripe-2,,Enlhet,295_ripe,angmakheetec; aatay; acmakhetma,aatay,aː t ai,,unruh1997;kalisch2015;arenas1981,,,,,1650,0,0,?
Enlhet-295_ripe-3,,Enlhet,295_ripe,angmakheetec; aatay; acmakhetma,ac+makhet+ma,a k + m a kʰ e t + m a,,unruh1997;kalisch2015;arenas1981,,,,,2101 3546 3160,0,0,_:fem ripe _:inf
Enlhet-270_tapiocamanioccassava-1,,Enlhet,270_tapiocamanioccassava,seppo,seppo,s e pː o,,unruh1997;kalisch2015;arenas1981,,,,,6869,0,0,manioc
Enlhet-157_eight-1,,Enlhet,157_eight,na'atque-mooc-eemec; ocho,na'atque-mooc-eemec,n a ʔ a t k e + m oː k + eː m e k,,unruh1997;kalisch2015;arenas1981,,,,,1665 3510 3511,0,0,three other hand
Enlhet-159_cook-1,,Enlhet,159_cook,nenghanma,neng+han+ma,n e ŋ + h a n + m a,,unruh1997;kalisch2015;arenas1981,,,,,3161 2866 3160,0,0,_:1pl cook _:inf
Enlhet-207_oldwoman-1,,Enlhet,207_oldwoman,quel'apa; seema cvaanyam',quel'apa,k e l ʔ a p a,,unruh1997;kalisch2015;arenas1981,,,,,389,0,0,?
Enlhet-207_oldwoman-2,,Enlhet,207_oldwoman,quel'apa; seema cvaanyam',seema cvaanyam',s eː m a + k + w aː n j a m ʔ,,unruh1997;kalisch2015;arenas1981,,,,,3584 3585,0,0,grandmother _:pred old
Enlhet-142_sap-1,,Enlhet,142_sap,anye'; ayeyva'aoc,anye',a n j e ʔ,,unruh1997;kalisch2015;arenas1981,,,,,3586,0,0,?
Enlhet-142_sap-2,,Enlhet,142_sap,anye'; ayeyva'aoc,ayeyva'aoc,a j ei w a ʔ a o k,,unruh1997;kalisch2015;arenas1981,,,,,3587,0,0,?
Enlhet-36_spiderweb-1,,Enlhet,36_spiderweb,savaalac-eeten; savaalac taam 'pac,savaalac-eeten,s a w aː l a k + eː t e n,,unruh1997;kalisch2015;arenas1981,,,,,234 3254,0,0,spider smoke
Enlhet-36_spiderweb-2,,Enlhet,36_spiderweb,savaalac-eeten; savaalac taam 'pac,savaalac taam 'pac,s a w aː l a k + t aː m + ʔ p a k,,unruh1997;kalisch2015;arenas1981,,,,,234 3589 908,0,0,spider thread _:poss
Enlhet-252_cow-1,,Enlhet,252_cow,vaetque ngquelvaan,vaetque ng+quelvaan,w a e t k e + ŋ + k e l w aː n,,unruh1997;kalisch2015;arenas1981,,,,,2694 3591 2313,0,0,cow _:f female
Enlhet-173_lizard-1,,Enlhet,173_lizard,peehe; pooma; yaatepooma; poohohoy; setaaha'; yaamsetaaha'; setaayet,peehe,p eː h e,,unruh1997;kalisch2015;arenas1981,,,,,2273,0,0,?
Enlhet-173_lizard-2,,Enlhet,173_lizard,peehe; pooma; yaatepooma; poohohoy; setaaha'; yaamsetaaha'; setaayet,poome,p oː m e,,unruh1997;kalisch2015;arenas1981,,,,,2273,0,0,?
Enlhet-173_lizard-3,,Enlhet,173_lizard,peehe; pooma; yaatepooma; poohohoy; setaaha'; yaamsetaaha'; setaayet,yaatepooma,j aː t e p oː m a,,unruh1997;kalisch2015;arenas1981,,,,,2273,0,0,?
Enlhet-173_lizard-4,,Enlhet,173_lizard,peehe; pooma; yaatepooma; poohohoy; setaaha'; yaamsetaaha'; setaayet,poohohoy,p oː h o h oi,,unruh1997;kalisch2015;arenas1981,,,,,2273,0,0,?
Enlhet-173_lizard-5,,Enlhet,173_lizard,peehe; pooma; yaatepooma; poohohoy; setaaha'; yaamsetaaha'; setaayet,setaaha',s e t aː h a ʔ,,unruh1997;kalisch2015;arenas1981,,,,,3596,0,0,lizard
Enlhet-173_lizard-6,,Enlhet,173_lizard,peehe; pooma; yaatepooma; poohohoy; setaaha'; yaamsetaaha'; setaayet,yaam+setaaha',j aː m + s e t aː h a ʔ,,unruh1997;kalisch2015;arenas1981,,,,,3433 3596,0,0,_:false lizard
Enlhet-173_lizard-7,,Enlhet,173_lizard,peehe; pooma; yaatepooma; poohohoy; setaaha'; yaamsetaaha'; setaayet,setaayet,s e t aː j e t,,unruh1997;kalisch2015;arenas1981,,,,,3596,0,0,?
Enlhet-267_nest-1,,Enlhet,267_nest,alhangcoc,a+lhangcoc,a + ɬ a ŋ k o k,,unruh1997;kalisch2015;arenas1981,,,,,1720 3345,0,0,place
Enlhet-116_goat-1,,Enlhet,116_goat,yaata'ay' apquelvaan,yaata'ay' ap+quelvaan,j aː t a ʔ ai ʔ + a p + k e l w aː n,,unruh1997;kalisch2015;arenas1981,,,,,3595 3431 2313,0,0,goat _:poss female
Enlhet-117_hegoat-1,,Enlhet,117_hegoat,yaata'ay' apquennaavo',yaata'ay' ap+quennaavo',j aː t a ʔ ai ʔ + a p + k e n n aː w o ʔ,,unruh1997;kalisch2015;arenas1981,,,,,3595 3431 3552,0,0,goat _:poss male
Enlhet-302_pig-1,,Enlhet,302_pig,pomaap; ya'havay; paava; yaatepomaap,pomaap,p o m aː p,,unruh1997;kalisch2015;arenas1981,,,,,3460,0,0,pig
Enlhet-302_pig-2,,Enlhet,302_pig,pomaap; ya'havay; paava; yaatepomaap,ya'havay,j a ʔ h a w ai,,unruh1997;kalisch2015;arenas1981,,,,,3466,0,0,?
Enlhet-302_pig-3,,Enlhet,302_pig,pomaap; ya'havay; paava; yaatepomaap,paava,p aː w a,,unruh1997;kalisch2015;arenas1981,,,,,3603,0,0,?
Enlhet-302_pig-4,,Enlhet,302_pig,pomaap; ya'havay; paava; yaatepomaap,yaate+pomaap,j aː t e + p o m aː p,,unruh1997;kalisch2015;arenas1981,,,,,1737 3460,0,0,_:aum pig
Enlhet-174_dove-1,,Enlhet,174_dove,vaalha'ay'; ta'almehet; quelamyaapa; sapop; yaatsapop; yaamvaalha'ay',vaalha'ay',w aː ɬ a ʔ ai ʔ,,unruh1997;kalisch2015;arenas1981,,,,,3607,0,0,dove
Enlhet-174_dove-2,,Enlhet,174_dove,vaalha'ay'; ta'almehet; quelamyaapa; sapop; yaatsapop; yaamvaalha'ay',ta'almehet,t a ʔ a l m e h e t,,unruh1997;kalisch2015;arenas1981,,,,,3608,0,0,dove
Enlhet-174_dove-3,,Enlhet,174_dove,vaalha'ay'; ta'almehet; quelamyaapa; sapop; yaatsapop; yaamvaalha'ay',quelamyaapa,k e l a m j aː p a,,unruh1997;kalisch2015;arenas1981,,,,,3609,0,0,dove
Enlhet-174_dove-4,,Enlhet,174_dove,vaalha'ay'; ta'almehet; quelamyaapa; sapop; yaatsapop; yaamvaalha'ay',sapop,s a p o p,,unruh1997;kalisch2015;arenas1981,,,,,2903,0,0,dove
Enlhet-174_dove-5,,Enlhet,174_dove,vaalha'ay'; ta'almehet; quelamyaapa; sapop; yaatsapop; yaamvaalha'ay',yaat+sapop,j aː t + s a p o p,,unruh1997;kalisch2015;arenas1981,,,,,3466 2903,0,0,_:aum dove
Enlhet-174_dove-6,,Enlhet,174_dove,vaalha'ay'; ta'almehet; quelamyaapa; sapop; yaatsapop; yaamvaalha'ay',yaam+vaalha'ay',j aː m + w aː ɬ a ʔ ai ʔ,,unruh1997;kalisch2015;arenas1981,,,,,3433 3607,0,0,_:false dove
Enlhet-260_crocodilealligator-1,,Enlhet,260_crocodilealligator,yaatepeyem,yaate+peyem,j aː t e + p e j e m,,unruh1997;kalisch2015;arenas1981,,,,,1737 409,0,0,_:aum lizard
Enlhet-245_snail-1,,Enlhet,245_snail,quelpa'loom; acpong; maateyempehec,quelpa'loom,k e l p a ʔ l oː m,,unruh1997;kalisch2015;arenas1981,,,,,3619,0,0,?
Enlhet-245_snail-2,,Enlhet,245_snail,quelpa'loom; acpong; maateyempehec,acpong,a k p o ŋ,,unruh1997;kalisch2015;arenas1981,,,,,3620,0,0,?
Enlhet-245_snail-3,,Enlhet,245_snail,quelpa'loom; acpong; maateyempehec,maate+yempe+hec,m aː t e + j e m p e h e k,,unruh1997;kalisch2015;arenas1981,,,,,3621 3622 3623,0,0,? skin
Enlhet-160_fox-1,,Enlhet,160_fox,maaleng,maaleng,m aː l e ŋ,,unruh1997;kalisch2015;arenas1981,,,,,3457,0,0,?
Enlhet-131_insect-1,,Enlhet,131_insect,ascoc,ascoc,a s k o k,,unruh1997;kalisch2015;arenas1981,,,,,3458,0,0,bug
Enlhet-286_grasshopper-1,,Enlhet,286_grasshopper,sava'; queeye; yeeta'; seeyeta'; quelangqueesques,sava',s a w a ʔ,,unruh1997;kalisch2015;arenas1981,,,,,3625,0,0,?
Enlhet-286_grasshopper-2,,Enlhet,286_grasshopper,sava'; queeye; yeeta'; seeyeta'; quelangqueesques,queeye,k eː j e,,unruh1997;kalisch2015;arenas1981,,,,,2925,0,0,?
Enlhet-286_grasshopper-3,,Enlhet,286_grasshopper,sava'; queeye; yeeta'; seeyeta'; quelangqueesques,yeeta',j eː t a ʔ,,unruh1997;kalisch2015;arenas1981,,,,,3626,0,0,?
Enlhet-286_grasshopper-4,,Enlhet,286_grasshopper,sava'; queeye; yeeta'; seeyeta'; quelangqueesques,seeyeta',s eː + j e t a ʔ,,unruh1997;kalisch2015;arenas1981,,,,,3627 3626,0,0,? grasshopper
Enlhet-286_grasshopper-5,,Enlhet,286_grasshopper,sava'; queeye; yeeta'; seeyeta'; quelangqueesques,quelangqueesques,k e l a ŋ k eː s k e s,,unruh1997;kalisch2015;arenas1981,,,,,3628,0,0,?
Enlhet-113_horseequine-1,,Enlhet,113_horseequine,noolheng,noolheng,n oː ɬ e ŋ,,unruh1997;kalisch2015;arenas1981,,,,,2928,0,0,horse
Enlhet-208_mule-1,,Enlhet,208_mule,ye'haycoc,ye'haycoc,j e ʔ h ai k o k,,unruh1997;kalisch2015;arenas1981,,,,,3634,0,0,mule
Enlhet-91_fishscale-1,,Enlhet,91_fishscale,ayempehec (quelasma),a+yempe+hec,a + j e m p e h e k,,unruh1997;kalisch2015;arenas1981,,,,,3635 930 444,0,0,_:fem skin
Enlhet-265_goose-1,,Enlhet,265_goose,yaamtata'a,yaam+tata'a,j aː m + t a t a ʔ a,,unruh1997;kalisch2015;arenas1981,,,,,3433 445,0,0,_:false hen
Enlhet-2_beehive-1,,Enlhet,2_beehive,yavhan aplhangcoc; yaamyavheene plhangcoc,yavhan ap+lhangcoc,j au h a n + a p + ɬ a ŋ k o k,,unruh1997;kalisch2015;arenas1981,,,,,3452 3431 3345,0,0,bee _:poss place
Enlhet-2_beehive-2,,Enlhet,2_beehive,yavhan aplhangcoc; yaamyavheene plhangcoc,yaam+yavheen+e p+lhangcoc,j aː m + j au h eː n e + p + ɬ a ŋ k o k,,unruh1997;kalisch2015;arenas1981,,,,,3433 3452 960 3431 3345,0,0,_:false bee _:poss place
Enlhet-115_sheep-1,,Enlhet,115_sheep,nepqueesec,nepqueesec,n e p k eː s e k,,unruh1997;kalisch2015;arenas1981,,,,,3590,0,0,sheep
Enlhet-96_findorsal-1,,Enlhet,96_findorsal,quelasma alhempenec,quelasma a+lhempenec,k e l a s m a + a + ɬ e m p e n e k,,unruh1997;kalisch2015;arenas1981,,,,,2950 3639 2952,0,0,fish _:fem wing
Enlhet-256_bull-1,,Enlhet,256_bull,vaetque ngquennaavo',vaetque ng+quennaavo',w a e t k e + ŋ + k e n n aː w o ʔ,,unruh1997;kalisch2015;arenas1981,,,,,2694 3642 3552,0,0,cow _:pred male
Enlhet-255_ox-1,,Enlhet,255_ox,vaetque yaamquelvaan,vaetque yaam+quelvaan,w a e t k e + j aː m + k e l w aː n,,unruh1997;kalisch2015;arenas1981,,,,,2694 3433 2313,0,0,cow _:false female
Enlhet-242_assdonkey-1,,Enlhet,242_assdonkey,yaamelye'haycoc; moola,yaam+el+ye'haycoc,j aː m + e l + j e ʔ h ai k o k,,unruh1997;kalisch2015;arenas1981,,,,,3433 3250 3634,0,0,_:false _:dist mule
Enlhet-242_assdonkey-2,,Enlhet,242_assdonkey,yaamelye'haycoc; moola,moola,m oː l a,,unruh1997;kalisch2015;arenas1981,,,,,970,0,0,mule
Enlhet-284_hawk-1,,Enlhet,284_hawk,quelyecmehet,quelyecmehet,k e l j e k m e h e t,,unruh1997;kalisch2015;arenas1981,,,,,3644,0,0,?
Enlhet-257_wasp-1,,Enlhet,257_wasp,maha'; quenaavet; va'he'; tohom; na'aymong; popom,maha',m a h a ʔ,,unruh1997;kalisch2015;arenas1981,,,,,2963,0,0,?
Enlhet-257_wasp-2,,Enlhet,257_wasp,maha'; quenaavet; va'he'; tohom; na'aymong; popom,quenaavet,k e n aː w e t,,unruh1997;kalisch2015;arenas1981,,,,,973,0,0,?
Enlhet-257_wasp-3,,Enlhet,257_wasp,maha'; quenaavet; va'he'; tohom; na'aymong; popom,va'he',w a ʔ h e ʔ,,unruh1997;kalisch2015;arenas1981,,,,,2963,0,0,?
Enlhet-257_wasp-4,,Enlhet,257_wasp,maha'; quenaavet; va'he'; tohom; na'aymong; popom,tohom,t o h o m,,unruh1997;kalisch2015;arenas1981,,,,,460,0,0,?
Enlhet-257_wasp-5,,Enlhet,257_wasp,maha'; quenaavet; va'he'; tohom; na'aymong; popom,na'aymong,n a ʔ ai m o ŋ,,unruh1997;kalisch2015;arenas1981,,,,,3645,0,0,?
Enlhet-257_wasp-6,,Enlhet,257_wasp,maha'; quenaavet; va'he'; tohom; na'aymong; popom,popom,p o p o m,,unruh1997;kalisch2015;arenas1981,,,,,3646,0,0,?
Enlhet-70_eyelid-1,,Enlhet,70_eyelid,enga'te yempehec,eng+a'te yempehec,e ŋ + a ʔ t e + j e m p e h e k,,unruh1997;kalisch2015;arenas1981,,,,,3143 986 2335 2333,0,0,_:poss eye skin
Enlhet-40_borntobe-1,,Enlhet,40_borntobe,nenteeyam'; nempalleyaam',nen+tee+yam',n e n + t eː + j a m ʔ,,unruh1997;kalisch2015;arenas1981,,,,,3148 1822 3212,0,0,_:1pl be.born _:inf
Enlhet-40_borntobe-2,,Enlhet,40_borntobe,nenteeyam'; nempalleyaam',nem+palle+yaam',n e m + p a lː e + j aː m ʔ,,unruh1997;kalisch2015;arenas1981,,,,,3159 3663 3154,0,0,_:1pl be.born _:inf
Enlhet-259_eyelash-1,,Enlhet,259_eyelash,aava' enga'tec,aava' eng+a'tec,aː w a ʔ + e ŋ + a ʔ t e k,,unruh1997;kalisch2015;arenas1981,,,,,3190 3143 540,0,0,hair _:poss eye
Enlhet-121_footprint-1,,Enlhet,121_footprint,engmenec; entamnec,eng+menec,e ŋ + m e n e k,,unruh1997;kalisch2015;arenas1981,,,,,3143 3151,0,0,_:poss foot
Enlhet-121_footprint-2,,Enlhet,121_footprint,engmenec; entamnec,en+tamnec,e n + t a m n e k,,unruh1997;kalisch2015;arenas1981,,,,,3163 1589,0,0,_:poss path
Enlhet-258_poison-1,,Enlhet,258_poison,paana'teem,paana'teem,p aː n a ʔ t eː m,,unruh1997;kalisch2015;arenas1981,,,,,3701,0,0,medicine
Enlhet-301_urinate-1,,Enlhet,301_urinate,nengyesvoom; nengyoosekhay',neng+yesvo+om',n e ŋ + j e s w o + o m ʔ,,unruh1997;kalisch2015;arenas1981,,,,,3161 3709 3710,0,0,_:1pl urinate _:inf
Enlhet-301_urinate-2,,Enlhet,301_urinate,nengyesvoom; nengyoosekhay',neng+yoosekhay',n e ŋ + j oː s e kʰ ai ʔ,,unruh1997;kalisch2015;arenas1981,,,,,3161 3711,0,0,_:1pl urinate
Enlhet-77_nippleteat-1,,Enlhet,77_nippleteat,neme pvakhec,neme pvakhec,n e m e + p w a kʰ e k,,unruh1997;kalisch2015;arenas1981,,,,,567 3712,0,0,breast nipple
Enlhet-81_spine-1,,Enlhet,81_spine,engcapo-lhcapoc,eng+capo-lhcapoc,e ŋ + k a p o + ɬ k a p o k,,unruh1997;kalisch2015;arenas1981,,,,,3143 1042 2211,0,0,_:poss back bone
Enlhet-294_pus-1,,Enlhet,294_pus,caaven,caaven,k aː w e n,,unruh1997;kalisch2015;arenas1981,,,,,3747,0,0,?
Enlhet-68_womb-1,,Enlhet,68_womb,seca'a-lhangcoc,seca'a-lhangcoc,s e k a ʔ a + ɬ a ŋ k o k,,unruh1997;kalisch2015;arenas1981,,,,,2181 3345,0,0,child place
Enlhet-84_veinartery-1,,Enlhet,84_veinartery,eema lhangcoc; eema aamay ac,eema lhangcoc,eː m a + ɬ a ŋ k o k,,unruh1997;kalisch2015;arenas1981,,,,,3142 3345,0,0,blood place
Enlhet-84_veinartery-2,,Enlhet,84_veinartery,eema lhangcoc; eema aamay ac,eema aamay ac,eː m a + aː m ai + a k,,unruh1997;kalisch2015;arenas1981,,,,,3142 3438 2101,0,0,blood path _:fem
Enlhet-144_mute-1,,Enlhet,144_mute,camovaana'ay',camo+vaana'ay',k a m o + w aː n a ʔ ai ʔ,,unruh1997;kalisch2015;arenas1981,,,,,2401 3757,0,0,_:neg be.able
Enlhet-63_thumb-1,,Enlhet,63_thumb,engephehec acyevey',eng+ephehec ac+yevey',e ŋ + e pʰ e h e k + a k + j e w ei ʔ,,unruh1997;kalisch2015;arenas1981,,,,,3143 3762 2101 3763 3764,0,0,_:poss finger _:fem big
Enlhet-80_beak-1,,Enlhet,80_beak,am'aoc,am'aoc,a m ʔ a o k,,unruh1997;kalisch2015;arenas1981,,,,,3765,0,0,tooth
Enlhet-134_itch-1,,Enlhet,134_itch,acmavsay'; altaclhama engyempehec,ac+m+avs+ay',a k + m a w s + ai ʔ,,unruh1997;kalisch2015;arenas1981,,,,,2101 1081 3776 3777,0,0,_:fem itch _:inf
Enlhet-134_itch-2,,Enlhet,134_itch,acmavsay'; altaclhama engyempehec,al+taclhama eng+yempehec,a l + t a k ɬ a + m a + e ŋ + j e m p e h e k,,unruh1997;kalisch2015;arenas1981,,,,,3778 3779 3143 3780 3781,0,0,_:dist bite _:inf _:poss body
Enlhet-269_wakeup-1,,Enlhet,269_wakeup,nenlhaatekhay',nen+lhaatekhay',n e n + ɬ aː t e kʰ a j ʔ,,unruh1997;kalisch2015;arenas1981,,,,,3148 3785 3786,0,0,_:1pl wake.up
Enlhet-71_window-1,,Enlhet,71_window,aatong-'yetcoc,aatong-'y+etcoc,aː t o ŋ + ˀj + e t k o k,,unruh1997;kalisch2015;arenas1981,,,,,3407 3792 2202,0,0,door _:poss small/child
Enlhet-127_cousin-1,,Enlhet,127_cousin,nentemeem engyaalheng'; nentemeem haavoc/engyepma'; nentemeem yaaya/engyaalho',nen+tem+eem eng+yaalheng',n e n + t e m + eː m + e ŋ + j aː ɬ e ŋ ʔ,,unruh1997;kalisch2015;arenas1981,,,,,3148 3800 3801 3143 3103,0,0,_:1pl become _:inf _:poss younger_sibling
Enlhet-127_cousin-2,,Enlhet,127_cousin,nentemeem engyaalheng'; nentemeem haavoc/engyepma'; nentemeem yaaya/engyaalho',nen+tem+eem haavoc,n e n + t e m + eː m + h aː w o k,,unruh1997;kalisch2015;arenas1981,,,,,3148 3800 3801 3802,0,0,_:1pl become _:inf older_brother
Enlhet-127_cousin-3,,Enlhet,127_cousin,nentemeem engyaalheng'; nentemeem haavoc/engyepma'; nentemeem yaaya/engyaalho',eng+yepma',e ŋ + j e p m a ʔ,,unruh1997;kalisch2015;arenas1981,,,,,3143 3103,0,0,_:poss older_brother
Enlhet-127_cousin-4,,Enlhet,127_cousin,nentemeem engyaalheng'; nentemeem haavoc/engyepma'; nentemeem yaaya/engyaalho',nen+tem+eem yaaya,n e n + t e m + eː m + j aː j a,,unruh1997;kalisch2015;arenas1981,,,,,3148 3800 3801 2435,0,0,_:1pl become _:inf older_sister
Enlhet-127_cousin-5,,Enlhet,127_cousin,nentemeem engyaalheng'; nentemeem haavoc/engyepma'; nentemeem yaaya/engyaalho',eng+yaalho',e ŋ + j aː ɬ o ʔ,,unruh1997;kalisch2015;arenas1981,,,,,3143 3103,0,0,_:poss older_sister
Enlhet-87_place-1,,Enlhet,87_place,alhma',alhma',a ɬ m a ʔ,,unruh1997;kalisch2015;arenas1981,,,,,3807,0,0,?
Enlhet-137_potter-1,,Enlhet,137_potter,quellaaney'o-yaatengva'alhva,quellaaney'o-yaatengva'alhva,k e l + l aː n ei + ʔ o + j aː t e ŋ w a ʔ a ɬ w a,,unruh1997;kalisch2015;arenas1981,,,,,3811 3812,0,0,_:dist make _:nmlz bowl
Enlhet-105_shadeshadow-1,,Enlhet,105_shadeshadow,pesquesca,pesquesca,p e s k e s k a,,unruh1997;kalisch2015;arenas1981,,,,,3814,0,0,?
Enlhet-69_parents-1,,Enlhet,69_parents,angcanaec,ang+canaec,a ŋ + k a n a e k,,unruh1997;kalisch2015;arenas1981,,,,,3230 3815,0,0,_:poss mothers
Enlhet-165_write-1,,Enlhet,165_write,nentaalhoscama; nengelcahascama,nen+taalhos+cama,n e n + t aː ɬ o + s k a m a,,unruh1997;kalisch2015;arenas1981,,,,,3148 3820 932,0,0,_:1pl write _:caus
Enlhet-165_write-2,,Enlhet,165_write,nentaalhoscama; nengelcahascama,neng+elcaha+scama,n e ŋ + e l + k a h a + s k a m a,,unruh1997;kalisch2015;arenas1981,,,,,3161 3820 932,0,0,_:1pl _:dist draw _:caus
Enlhet-107_summer-1,,Enlhet,107_summer,mokhetma,mokhetma,m o kʰ e t m a,,unruh1997;kalisch2015;arenas1981,,,,,3140,0,0,?
Guarani-85_blood-1,,Guarani,85_blood,tuguy,t+uguy,t + u ɣʷ ɨ,,guasch1995;seelwische1980;carol2018,,,,,541 538,0,0,_:poss blood
Guarani-59_mouth-1,,Guarani,59_mouth,juru,juru,dʒ u r u,,guasch1995;seelwische1980;carol2018,,,,,542,0,0,?
Guarani-79_head-1,,Guarani,79_head,akã,akã,a k ã,,guasch1995;seelwische1980;carol2018,,,,,543,0,0,?
Guarani-56_hand-1,,Guarani,56_hand,po,po,p o,,guasch1995;seelwische1980;carol2018,,,,,545,0,0,?
Guarani-53_ear-1,,Guarani,53_ear,nambi,nambi,n a ⁿb i,,guasch1995;seelwische1980;carol2018,,,,,547,0,0,?
Guarani-50_red-1,,Guarani,50_red,pytã,pytã,p ɨ t ã,,guasch1995;seelwische1980;carol2018,,,,,550,0,0,?
Guarani-163_see-1,,Guarani,163_see,ohecha,hecha,h e ʃ a,,guasch1995;seelwische1980;carol2018,,,,,553,0,0,eye
Guarani-37_husband-1,,Guarani,37_husband,ména,ména,m e n a,,guasch1995;seelwische1980;carol2018,,,,,3148,0,0,?
Guarani-38_wife-1,,Guarani,38_wife,tembireko,t+embireko,t + e ⁿb i r e k o,,guasch1995;seelwische1980;carol2018,,,,,541 556,0,0,_:poss wife
Guarani-138_hear-1,,Guarani,138_hear,ohendu,hendu,h e ⁿd u,,guasch1995;seelwische1980;carol2018,,,,,1180 557,0,0,?
Guarani-187_bird-1,,Guarani,187_bird,guyra,guyra,ɣʷ ɨ r a,,guasch1995;seelwische1980;carol2018,,,,,558,0,0,?
Guarani-97_fish-1,,Guarani,97_fish,pira,pira,p i r a,,guasch1995;seelwische1980;carol2018,,,,,559,0,0,?
Guarani-130_louse-1,,Guarani,130_louse,ky,ky,k ɨ,,guasch1995;seelwische1980;carol2018,,,,,562,0,0,?
Guarani-129_dog-1,,Guarani,129_dog,jagua,jagua,dʒ a ɣʷ a,,guasch1995;seelwische1980;carol2018,,,,,1158,0,0,?
Guarani-251_tongue-1,,Guarani,251_tongue,kũ,kũ,k ũ,,guasch1995;seelwische1980;carol2018,,,,,564,0,0,?
Guarani-78_breastofwoman-1,,Guarani,78_breastofwoman,káma,káma,k a m a,,guasch1995;seelwische1980;carol2018,,,,,567,0,0,?
Guarani-98_wing-1,,Guarani,98_wing,pepo,pe+po,p e p o,,guasch1995;seelwische1980;carol2018,,,,,568 3845,0,0,?
Guarani-82_back-1,,Guarani,82_back,"atukupe, ape",atukupe,a t u + k u p e,,guasch1995;seelwische1980;carol2018,,,,,569,0,0,neck behind
Guarani-82_back-2,,Guarani,82_back,"atukupe, ape",ape,a p e,,guasch1995;seelwische1980;carol2018,,,,,569,0,0,?
Guarani-83_bone-1,,Guarani,83_bone,kangue,ka+ngue,k a n ɣʷ e,,guasch1995;seelwische1980;carol2018,,,,,2507 570,0,0,?
Guarani-120_leg-1,,Guarani,120_leg,tetyma,t+etyma,t + e t ɨ m a,,guasch1995;seelwische1980;carol2018,,,,,541 571,0,0,_:poss leg
Guarani-246_foot-1,,Guarani,246_foot,py,py,p ɨ,,guasch1995;seelwische1980;carol2018,,,,,572,0,0,?
Guarani-261_heart-1,,Guarani,261_heart,"korasõ, py'a, ñe'ã",korasõ,k o r a s õ,,guasch1995;seelwische1980;carol2018,,,,,574,0,0,?
Guarani-261_heart-2,,Guarani,261_heart,"korasõ, py'a, ñe'ã",py'a,p ɨ ʔ a,,guasch1995;seelwische1980;carol2018,,,,,575,0,0,?
Guarani-261_heart-3,,Guarani,261_heart,"korasõ, py'a, ñe'ã",ñe'ã,ɲ e ʔ ã,,guasch1995;seelwische1980;carol2018,,,,,575,0,0,?
Guarani-125_sleep-1,,Guarani,125_sleep,oke,o+ke,k e,,guasch1995;seelwische1980;carol2018,,,,,1180 576,0,0,?
Guarani-114_tail-1,,Guarani,114_tail,tuguai,t+uguai,t + u ɣʷ ai,,guasch1995;seelwische1980;carol2018,,,,,541 577,0,0,_:poss tail
Guarani-111_kill-1,,Guarani,111_kill,"ojuka; mombytu'u, mbohesapiru; mbopytupa; momano",juka,dʒ u k a,,guasch1995;seelwische1980;carol2018,,,,,1180 579,0,0,?
Guarani-111_kill-2,,Guarani,111_kill,"ojuka; mombytu'u, mbohesapiru; mbopytupa; momano",mo+mbytu'u,m o + ⁿb ɨ t u ʔ u,,guasch1995;seelwische1980;carol2018,,,,,3847 579,0,0,_:caus darken
Guarani-111_kill-3,,Guarani,111_kill,"ojuka; mombytu'u, mbohesapiru; mbopytupa; momano",mbo+h+esa+piru,ⁿb o + h + e s a + p i r u,,guasch1995;seelwische1980;carol2018,,,,,3847 3848 1179 579,0,0,_:caus _:poss eye dry
Guarani-111_kill-4,,Guarani,111_kill,"ojuka; mombytu'u, mbohesapiru; mbopytupa; momano",mbo+pytu+pa,ⁿb o + p ɨ t u + p a,,guasch1995;seelwische1980;carol2018,,,,,3847 579 3849,0,0,_:caus darken _:all
Guarani-111_kill-5,,Guarani,111_kill,"ojuka; mombytu'u, mbohesapiru; mbopytupa; momano",mo+mano,m o + m a n o,,guasch1995;seelwische1980;carol2018,,,,,3847 3850,0,0,_:cause die
Guarani-75_skinhide-1,,Guarani,75_skinhide,pire,pire,p i r e,,guasch1995;seelwische1980;carol2018,,,,,580,0,0,?
Guarani-44_feather-1,,Guarani,44_feather,tague,t+ague,t + a ɣʷ e,,guasch1995;seelwische1980;carol2018,,,,,541 3851,0,0,_:poss feather
Guarani-139_earthgroundsoil-1,,Guarani,139_earthgroundsoil,yvy,yvy,ɨ ʋ ɨ,,guasch1995;seelwische1980;carol2018,,,,,583,0,0,?
Guarani-154_four-1,,Guarani,154_four,irundy,irundy,i r u ⁿd ɨ,,guasch1995;seelwische1980;carol2018,,,,,83,0,0,?
Guarani-167_yellow-1,,Guarani,167_yellow,sa'yju,sa'yju,s a ʔ ɨ dʒ u,,guasch1995;seelwische1980;carol2018,,,,,3853,0,0,?
Guarani-133_flyvb-1,,Guarani,133_flyvb,oveve,veve,ʋ e ʋ e,,guasch1995;seelwische1980;carol2018,,,,,1180 591,0,0,?
Guarani-297_root-1,,Guarani,297_root,tapo,t+apo,t + a p o,,guasch1995;seelwische1980;carol2018,,,,,541 592,0,0,_:poss root
Guarani-67_lake-1,,Guarani,67_lake,"ypa, yrenda",y+pa,ɨ + p a,,guasch1995;seelwische1980;carol2018,,,,,594 595,0,0,water _:all
Guarani-67_lake-2,,Guarani,67_lake,"ypa, yrenda",y+renda,ɨ + r + e ⁿd a,,guasch1995;seelwische1980;carol2018,,,,,594 3854,0,0,water _:poss place
Guarani-243_black-1,,Guarani,243_black,hũ,hũ,h ũ,,guasch1995;seelwische1980;carol2018,,,,,596,0,0,?
Guarani-164_dust-1,,Guarani,164_dust,yvy timbo,yvy+timbo,ɨ ʋ ɨ + t i ⁿb o,,guasch1995;seelwische1980;carol2018,,,,,599 3856,0,0,earth dust
Guarani-168_star-1,,Guarani,168_star,mbyja,mbyja,ⁿb ɨ dʒ a,,guasch1995;seelwische1980;carol2018,,,,,605,0,0,?
Guarani-280_personhumanbeing-1,,Guarani,280_personhumanbeing,"áva, tekove, yvypóra",áva,a ʋ a,,guasch1995;seelwische1980;carol2018,,,,,2074,0,0,?
Guarani-280_personhumanbeing-2,,Guarani,280_personhumanbeing,"áva, tekove, yvypóra",yvy+póra,ɨ ʋ ɨ + p o r a,,guasch1995;seelwische1980;carol2018,,,,,2074 607,0,0,earth soul
Guarani-66_mother-1,,Guarani,66_mother,sy,sy,s ɨ,,guasch1995;seelwische1980;carol2018,,,,,613,0,0,?
Guarani-145_nearadv-1,,Guarani,145_nearadv,"águi, ypype",águi,a ɣʷ i,,guasch1995;seelwische1980;carol2018,,,,,615,0,0,?
Guarani-145_nearadv-2,,Guarani,145_nearadv,"águi, ypype",ypy+pe,ɨ p ɨ + p e,,guasch1995;seelwische1980;carol2018,,,,,3860 3861,0,0,near _:loc
Guarani-92_cloud-1,,Guarani,92_cloud,arai,arai,a r a i,,guasch1995;seelwische1980;carol2018,,,,,3862,0,0,?
Guarani-279_come-1,,Guarani,279_come,aju,a+ju,dʒ u,,guasch1995;seelwische1980;carol2018,,,,,621 622,0,0,?
Guarani-43_leaf-1,,Guarani,43_leaf,togue,t+ogue,t + o ɣʷ e,,guasch1995;seelwische1980;carol2018,,,,,541 623,0,0,_:poss leaf
Guarani-93_sky-1,,Guarani,93_sky,yvága,yv+ága,ɨ ʋ a g a,,guasch1995;seelwische1980;carol2018,,,,,3863 115,0,0,?
Guarani-90_bark-1,,Guarani,90_bark,"ape, pire",ape,a p e,,guasch1995;seelwische1980;carol2018,,,,,119,0,0,?
Guarani-90_bark-2,,Guarani,90_bark,"ape, pire",pire,p i r e,,guasch1995;seelwische1980;carol2018,,,,,580,0,0,?
Guarani-140_where-1,,Guarani,140_where,"moõ, mamo",moõ,m o õ,,guasch1995;seelwische1980;carol2018,,,,,1275,0,0,?
Guarani-298_ropecord-1,,Guarani,298_ropecord,"sã, tukumbo",sã,s ã,,guasch1995;seelwische1980;carol2018,,,,,643,0,0,?
Guarani-298_ropecord-2,,Guarani,298_ropecord,"sã, tukumbo",tukumbo,t u k u ⁿb o,,guasch1995;seelwische1980;carol2018,,,,,644,0,0,?
Guarani-141_how-1,,Guarani,141_how,mba'éichapa,mba'é+icha+pa,ⁿb a ʔ e + i ʃ a + p a,,guasch1995;seelwische1980;carol2018,,,,,3278 3276 2579,0,0,what _:comp _:int
Guarani-153_three-1,,Guarani,153_three,mbohapy,mbohapy,ⁿb o h a p ɨ,,guasch1995;seelwische1980;carol2018,,,,,646,0,0,?
Guarani-244_white-1,,Guarani,244_white,morotĩ,morotĩ,m o r o + t ĩ,,guasch1995;seelwische1980;carol2018,,,,,3868,0,0,? white
Guarani-146_faradv-1,,Guarani,146_faradv,mombyry,mombyry,m o ⁿb ɨ r ɨ,,guasch1995;seelwische1980;carol2018,,,,,649,0,0,?
Guarani-106_year-1,,Guarani,106_year,ary,ary,a r ɨ,,guasch1995;seelwische1980;carol2018,,,,,651,0,0,?
Guarani-162_drink-1,,Guarani,162_drink,y'u,y+'u,ɨ + ʔ u,,guasch1995;seelwische1980;carol2018,,,,,652 138,0,0,water eat
Guarani-248_flower-1,,Guarani,248_flower,yvoty,yvoty,ɨ ʋ o t ɨ,,guasch1995;seelwische1980;carol2018,,,,,3869 653,0,0,?
Guarani-41_fall-1,,Guarani,41_fall,"a (ha'a, re'a), x",a,a,,guasch1995;seelwische1980;carol2018,,,,,656,0,0,?
Guarani-264_know-1,,Guarani,264_know,oikuaa,kuaa,k w aː,,guasch1995;seelwische1980;carol2018,,,,,3842 148,0,0,?
Guarani-274_ashes-1,,Guarani,274_ashes,"kusugue, tanimbu",kusugue,k u s u ɣʷ e,,guasch1995;seelwische1980;carol2018,,,,,3873,0,0,?
Guarani-274_ashes-2,,Guarani,274_ashes,"kusugue, tanimbu",tanimbu,t a n i ⁿb u,,guasch1995;seelwische1980;carol2018,,,,,658,0,0,?
Guarani-65_largebig-1,,Guarani,65_largebig,guasu,guasu,ɣʷ a s u,,guasch1995;seelwische1980;carol2018,,,,,659,0,0,?
Guarani-148_short-1,,Guarani,148_short,mbyky,mbyky,ⁿb ɨ k ɨ,,guasch1995;seelwische1980;carol2018,,,,,3874,0,0,?
Guarani-149_five-1,,Guarani,149_five,po,po,p o,,guasch1995;seelwische1980;carol2018,,,,,3878,0,0,hand
Guarani-276_eat-1,,Guarani,276_eat,"akaru, ha'u",karu,k a r u,,guasch1995;seelwische1980;carol2018,,,,,168,0,0,?
Guarani-276_eat-2,,Guarani,276_eat,"akaru, ha'u",ha'u,h a ʔ u,,guasch1995;seelwische1980;carol2018,,,,,168,0,0,?
Guarani-191_grass-1,,Guarani,191_grass,kapi'ipe,kapi'i+pe,k a p i ʔ i + p e,,guasch1995;seelwische1980;carol2018,,,,,674 2107,0,0,grass _:in
Guarani-152_one-1,,Guarani,152_one,peteĩ,peteĩ,p e t e ĩ,,guasch1995;seelwische1980;carol2018,,,,,676,0,0,?
Guarani-263_everyall-1,,Guarani,263_everyall,"opa, mayma",opa,o p a,,guasch1995;seelwische1980;carol2018,,,,,678,0,0,?
Guarani-263_everyall-2,,Guarani,263_everyall,"opa, mayma",mayma,m aɨ m a,,guasch1995;seelwische1980;carol2018,,,,,3879,0,0,?
Guarani-291_name-1,,Guarani,291_name,téra,t+éra,t + e r a,,guasch1995;seelwische1980;carol2018,,,,,541 3880,0,0,_:poss name
Guarani-292_old-1,,Guarani,292_old,tuja,tuja,t u dʒ a,,guasch1995;seelwische1980;carol2018,,,,,682,0,0,?
Guarani-282_father-1,,Guarani,282_father,tuva,t+u+va,t + u ʋ a,,guasch1995;seelwische1980;carol2018,,,,,541 684 3881,0,0,_:poss father
Guarani-100_smalllittle-1,,Guarani,100_smalllittle,michi,michĩ,m i ʃ ĩ,,guasch1995;seelwische1980;carol2018,,,,,180,0,0,?
Guarani-135_two-1,,Guarani,135_two,mokõi,mokõi,m o k õi,,guasch1995;seelwische1980;carol2018,,,,,687,0,0,?
Guarani-15_long-1,,Guarani,15_long,puku,puku,p u k u,,guasch1995;seelwische1980;carol2018,,,,,688,0,0,?
Guarani-275_intestinesguts-1,,Guarani,275_intestinesguts,tye,t+ye,t + ɨ e,,guasch1995;seelwische1980;carol2018,,,,,541 190,0,0,_:poss intestintes
Guarani-188_smellvbtrans-1,,Guarani,188_smellvbtrans,hetũ,hetũ,h e t ũ,,guasch1995;seelwische1980;carol2018,,,,,695,0,0,?
Guarani-52_treecf08600-1,,Guarani,52_treecf08600,yvyra,yvyra,ɨ ʋ ɨ r a,,guasch1995;seelwische1980;carol2018,,,,,3887 698,0,0,?
Guarani-74_seed-1,,Guarani,74_seed,"añotý, ta'ýi",ta'ýi,t + a ʔ ɨ i,,guasch1995;seelwische1980;carol2018,,,,,704,0,0,_:poss seed
Guarani-47_sun-1,,Guarani,47_sun,kuarahy,kuarahy,k u a r a h ɨ,,guasch1995;seelwische1980;carol2018,,,,,198,0,0,?
Guarani-283_give-1,,Guarani,283_give,omo'ã,mo'ã,m ẽ ʔ ẽ,,guasch1995;seelwische1980;carol2018,,,,,1180 710,0,0,?
Guarani-136_littlequantityfew-1,,Guarani,136_littlequantityfew,mbovy,mbovy,ⁿb o ʋ ɨ,,guasch1995;seelwische1980;carol2018,,,,,711,0,0,?
Guarani-147_muchmany-1,,Guarani,147_muchmany,heta,heta,h + e t a,,guasch1995;seelwische1980;carol2018,,,,,217,0,0,_:3sg many
Guarani-266_cold-1,,Guarani,266_cold,"ro'y, ho'ysã",ro'y,r + o ʔ ɨ,,guasch1995;seelwische1980;carol2018,,,,,716,0,0,_:poss cold
Guarani-266_cold-2,,Guarani,266_cold,"ro'y, ho'ysã",ho'ysã,h + o ʔ ɨ s ã,,guasch1995;seelwische1980;carol2018,,,,,716,0,0,_:poss cold _:suff/sa
Guarani-39_sit-1,,Guarani,39_sit,guapy,guapy,ɣʷ a p ɨ,,guasch1995;seelwische1980;carol2018,,,,,717,0,0,?
Guarani-285_fruit-1,,Guarani,285_fruit,yva,yva,ɨ ʋ a,,guasch1995;seelwische1980;carol2018,,,,,3891,0,0,?
Guarani-323_hold-1,,Guarani,323_hold,ojoko,joko,dʒ o k o,,guasch1995;seelwische1980;carol2018,,,,,1180 1427,0,0,?
Guarani-46_animal-1,,Guarani,46_animal,"tymba, mymba",mymba,m ɨ ⁿb a,,guasch1995;seelwische1980;carol2018,,,,,734,0,0,?
Guarani-290_mosquito-1,,Guarani,290_mosquito,ñati'ũ,ñati'ũ,ɲ a t i ʔ ũ,,guasch1995;seelwische1980;carol2018,,,,,735,0,0,?
Guarani-35_spider-1,,Guarani,35_spider,ñandu,ñandu,ɲ a ⁿd u,,guasch1995;seelwische1980;carol2018,,,,,736,0,0,?
Guarani-95_claw-1,,Guarani,95_claw,pyapẽ,py+apẽ,p ɨ + a p ẽ,,guasch1995;seelwische1980;carol2018,,,,,3892 737,0,0,foot back
Guarani-57_arm-1,,Guarani,57_arm,jyva,jyva,dʒ ɨ ʋ a,,guasch1995;seelwische1980;carol2018,,,,,739,0,0,?
Guarani-102_horn-1,,Guarani,102_horn,tatĩ,t+atĩ,t + a t ĩ,,guasch1995;seelwische1980;carol2018,,,,,541 237,0,0,_:3sg horn
Guarani-58_beard-1,,Guarani,58_beard,tendyva,t+endyva,t + e ⁿd ɨ ʋ a,,guasch1995;seelwische1980;carol2018,,,,,1439 741,0,0,_:poss beard
Guarani-254_chest-1,,Guarani,254_chest,pyti'a,pyti'a,p ɨ t i ʔ a,,guasch1995;seelwische1980;carol2018,,,,,743,0,0,?
Guarani-61_chin-1,,Guarani,61_chin,tañykã,t+añykã,t + a ɲ ɨ k ã,,guasch1995;seelwische1980;carol2018,,,,,541 242,0,0,_:poss chin
Guarani-62_lip-1,,Guarani,62_lip,tembe,t+embe,t + e ⁿb e,,guasch1995;seelwische1980;carol2018,,,,,541 745,0,0,_:poss lip
Guarani-64_finger-1,,Guarani,64_finger,kuã,kuã,k w ã,,guasch1995;seelwische1980;carol2018,,,,,749,0,0,?
Guarani-281_elbow-1,,Guarani,281_elbow,"jyvaanga, teñyvanga",jyvaanga,dʒ ɨ ʋ a + a ŋ g a,,guasch1995;seelwische1980;carol2018,,,,,751,0,0,arm ?
Guarani-281_elbow-2,,Guarani,281_elbow,"jyvaanga, teñyvanga",teñyvanga,t + e ɲ ɨ ʋ a ŋ g a,,guasch1995;seelwische1980;carol2018,,,,,751,0,0,_:poss elbow
Guarani-94_fingernail-1,,Guarani,94_fingernail,"poapẽ, pyapẽ",po+apẽ,p o + a p ẽ,,guasch1995;seelwische1980;carol2018,,,,,3894 752,0,0,hand top
Guarani-94_fingernail-2,,Guarani,94_fingernail,"poapẽ, pyapẽ",py+apẽ,p ɨ + a p ẽ,,guasch1995;seelwische1980;carol2018,,,,,3894 752,0,0,? top
Guarani-299_thunder-1,,Guarani,299_thunder,"sununu, arasunu",sununu,s u n u n u,,guasch1995;seelwische1980;carol2018,,,,,2174,0,0,?
Guarani-299_thunder-2,,Guarani,299_thunder,"sununu, arasunu",arasunu,a r a + s u n u,,guasch1995;seelwische1980;carol2018,,,,,755,0,0,weather ?
Guarani-109_lightning-1,,Guarani,109_lightning,"aravera, aratiri",aravera,a r a + ʋ e r a,,guasch1995;seelwische1980;carol2018,,,,,759,0,0,day ?
Guarani-109_lightning-2,,Guarani,109_lightning,"aravera, aratiri",aratiri,a r a + t i r i,,guasch1995;seelwische1980;carol2018,,,,,759,0,0,day ?
Guarani-126_liedown-1,,Guarani,126_liedown,oñeno,o+ñeno,ɲ e n o,,guasch1995;seelwische1980;carol2018,,,,,1180 259,0,0,?
Guarani-72_house-1,,Guarani,72_house,oga,oga,o g a,,guasch1995;seelwische1980;carol2018,,,,,269,0,0,?
Guarani-101_child-1,,Guarani,101_child,mitã,mitã,m i t ã,,guasch1995;seelwische1980;carol2018,,,,,768,0,0,?
Guarani-296_road-1,,Guarani,296_road,tape,t+ape,t + a p e,,guasch1995;seelwische1980;carol2018,,,,,541 769,0,0,_:poss road
Guarani-150_ten-1,,Guarani,150_ten,pa,pa,p a,,guasch1995;seelwische1980;carol2018,,,,,2702,0,0,complete
Guarani-132_float-1,,Guarani,132_float,vevui,vevui,ʋ e ʋ ui,,guasch1995;seelwische1980;carol2018,,,,,770,0,0,?
Guarani-110_fightvb-1,,Guarani,110_fightvb,oñorairõ,ñorairõ,ɲ o r ai r õ,,guasch1995;seelwische1980;carol2018,,,,,1180 771,0,0,?
Guarani-293_owl-1,,Guarani,293_owl,urukure'a,uru+kure'a,u r u + k u r e ʔ a,,guasch1995;seelwische1980;carol2018,,,,,276 773,0,0,chicken ?
Guarani-273_cat-1,,Guarani,273_cat,mbarakaja,mbarakaja,ⁿb a r a k a dʒ a,,guasch1995;seelwische1980;carol2018,,,,,776,0,0,?
Guarani-55_bee-1,,Guarani,55_bee,"eiru, kuañetĩ, káva, apyngua rei, eira yvyguy, tape su'a, tumbykyasa, kavyta; kavichu'i",eiru,e i + r + u,,guasch1995;seelwische1980;carol2018,,,,,3902,0,0,honey _:poss father
Guarani-55_bee-2,,Guarani,55_bee,"eiru, kuañetĩ, káva, apyngua rei, eira yvyguy, tape su'a, tumbykyasa, kavyta; kavichu'i",kuañetĩ,k w a + ɲ e t ĩ,,guasch1995;seelwische1980;carol2018,,,,,1494,0,0,_:similar mosquito
Guarani-55_bee-3,,Guarani,55_bee,"eiru, kuañetĩ, káva, apyngua rei, eira yvyguy, tape su'a, tumbykyasa, kavyta; kavichu'i",káva,k a ʋ a,,guasch1995;seelwische1980;carol2018,,,,,1492,0,0,?
Guarani-55_bee-4,,Guarani,55_bee,"eiru, kuañetĩ, káva, apyngua rei, eira yvyguy, tape su'a, tumbykyasa, kavyta; kavichu'i",apyngua rei,a p ɨ n ɣʷ a + r e i,,guasch1995;seelwische1980;carol2018,,,,,2718 3902,0,0,nose _:frust
Guarani-55_bee-5,,Guarani,55_bee,"eiru, kuañetĩ, káva, apyngua rei, eira yvyguy, tape su'a, tumbykyasa, kavyta; kavichu'i",eira yvy+guy,e i r a + ɨ ʋ ɨ + ɣʷ ɨ,,guasch1995;seelwische1980;carol2018,,,,,3902 1492 3903,0,0,bee earth _:under
Guarani-55_bee-6,,Guarani,55_bee,"eiru, kuañetĩ, káva, apyngua rei, eira yvyguy, tape su'a, tumbykyasa, kavyta; kavichu'i",tapesu'a,t a p e s u ʔ a,,guasch1995;seelwische1980;carol2018,,,,,541 2718 3904,0,0,?
Guarani-55_bee-7,,Guarani,55_bee,"eiru, kuañetĩ, káva, apyngua rei, eira yvyguy, tape su'a, tumbykyasa, kavyta; kavichu'i",tumbykyasa,t u ⁿb ɨ k ɨ + a s a,,guasch1995;seelwische1980;carol2018,,,,,2193,0,0,rump cross
Guarani-55_bee-8,,Guarani,55_bee,"eiru, kuañetĩ, káva, apyngua rei, eira yvyguy, tape su'a, tumbykyasa, kavyta; kavichu'i",kavytã,k a ʋ ɨ t ã,,guasch1995;seelwische1980;carol2018,,,,,1492 778,0,0,?
Guarani-55_bee-9,,Guarani,55_bee,"eiru, kuañetĩ, káva, apyngua rei, eira yvyguy, tape su'a, tumbykyasa, kavyta; kavichu'i",kavichu+'i,k a ʋ i ʃ u + ʔ i,,guasch1995;seelwische1980;carol2018,,,,,1492 3904,0,0,wasp _:dim
Guarani-128_flea-1,,Guarani,128_flea,tungusu,tungusu,t u n g u s u,,guasch1995;seelwische1980;carol2018,,,,,1497,0,0,?
Guarani-166_deer-1,,Guarani,166_deer,guasu,guasu,ɣʷ a s u,,guasch1995;seelwische1980;carol2018,,,,,781,0,0,?
Guarani-118_ant-1,,Guarani,118_ant,tahyi,tahyi,t a h ɨ i,,guasch1995;seelwische1980;carol2018,,,,,785,0,0,?
Guarani-99_palmofhand-1,,Guarani,99_palmofhand,popyte,popyte,p o + p ɨ t e,,guasch1995;seelwische1980;carol2018,,,,,786,0,0,hand _:footsole
Guarani-42_hairhead-1,,Guarani,42_hairhead,tague,t+ague,t + a ɣʷ e,,guasch1995;seelwische1980;carol2018,,,,,541 2728,0,0,_.poss hair
Guarani-249_penis-1,,Guarani,249_penis,tembo,t+embo,t + e ⁿb o,,guasch1995;seelwische1980;carol2018,,,,,541 793,0,0,_:poss penis
Guarani-88_skull-1,,Guarani,88_skull,akã kangue,akã kangue,a k ã + k a n ɣʷ e,,guasch1995;seelwische1980;carol2018,,,,,796 797,0,0,head bone
Guarani-200_testicle-1,,Guarani,200_testicle,taỹi,t+aỹi,t + a ɨ̃ i,,guasch1995;seelwische1980;carol2018,,,,,541 807,0,0,_:poss testicle
Guarani-262_under-1,,Guarani,262_under,guy,guy,ɣʷ ɨ,,guasch1995;seelwische1980;carol2018,,,,,815,0,0,?
Guarani-124_bed-1,,Guarani,124_bed,tupa,t+upa,t + u p a,,guasch1995;seelwische1980;carol2018,,,,,541 819,0,0,_:poss bed
Guarani-143_plantvb-1,,Guarani,143_plantvb,añoty,ñoty,ɲ o t ɨ,,guasch1995;seelwische1980;carol2018,,,,,2766 823,0,0,?
Guarani-73_village-1,,Guarani,73_village,tava,tava,t a ʋ a,,guasch1995;seelwische1980;carol2018,,,,,827,0,0,?
Guarani-268_upabove-1,,Guarani,268_upabove,yvate,yvate,ɨ ʋ a t e,,guasch1995;seelwische1980;carol2018,,,,,829,0,0,?
Guarani-60_doorgate-1,,Guarani,60_doorgate,okẽ,okẽ,o k ẽ,,guasch1995;seelwische1980;carol2018,,,,,833,0,0,?
Guarani-278_buy-1,,Guarani,278_buy,jogua,jogua,dʒ o ɣʷ a,,guasch1995;seelwische1980;carol2018,,,,,836,0,0,?
Guarani-123_burnvbintrans-1,,Guarani,123_burnvbintrans,"kai, jepota, tendy",kai,k ai,,guasch1995;seelwische1980;carol2018,,,,,329,0,0,?
Guarani-123_burnvbintrans-2,,Guarani,123_burnvbintrans,"kai, jepota, tendy",jepota,dʒ e p o t a,,guasch1995;seelwische1980;carol2018,,,,,328,0,0,?
Guarani-123_burnvbintrans-3,,Guarani,123_burnvbintrans,"kai, jepota, tendy",h+endy,h + e ⁿd ɨ,,guasch1995;seelwische1980;carol2018,,,,,541 328,0,0,_:3sg flame
Guarani-158_nine-1,,Guarani,158_nine,porundy,porundy,p o + r u ⁿd ɨ,,guasch1995;seelwische1980;carol2018,,,,,2794,0,0,five four
Guarani-103_club-1,,Guarani,103_club,"pokoka, takape, yvyra akambagua, yvyra popegua",pokoka,p o k o k a,,guasch1995;seelwische1980;carol2018,,,,,840,0,0,?
Guarani-103_club-2,,Guarani,103_club,"pokoka, takape, yvyra akambagua, yvyra popegua",takape,t a k a p e,,guasch1995;seelwische1980;carol2018,,,,,3908,0,0,?
Guarani-103_club-3,,Guarani,103_club,"pokoka, takape, yvyra akambagua, yvyra popegua",yvyra+akambagua,ɨ ʋ ɨ r a + a k a ⁿb a ɣʷ a,,guasch1995;seelwische1980;carol2018,,,,,337 840,0,0,wood hammer
Guarani-103_club-4,,Guarani,103_club,"pokoka, takape, yvyra akambagua, yvyra popegua",yvyra+popegua,ɨ ʋ ɨ r a + p o + p e + ɣʷ a,,guasch1995;seelwische1980;carol2018,,,,,337 840,0,0,wood hand _:in _:from
Guarani-271_sweetpotato-1,,Guarani,271_sweetpotato,"jety, mykychi",jety,dʒ e t ɨ,,guasch1995;seelwische1980;carol2018,,,,,846,0,0,?
Guarani-271_sweetpotato-2,,Guarani,271_sweetpotato,"jety, mykychi",mykychi,m ɨ k ɨ ʃ i,,guasch1995;seelwische1980;carol2018,,,,,1576,0,0,?
Guarani-156_seven-1,,Guarani,156_seven,pokõi,pokõi,p o + k õ i,,guasch1995;seelwische1980;carol2018,,,,,3909,0,0,five two
Guarani-86_path-1,,Guarani,86_path,t-ape,t+ape,t + a p e,,guasch1995;seelwische1980;carol2018,,,,,541 1590,0,0,_:poss path
Guarani-169_knife-1,,Guarani,169_knife,kyse,kyse,k ɨ s e,,guasch1995;seelwische1980;carol2018,,,,,343,0,0,?
Guarani-170_needle-1,,Guarani,170_needle,ju,ju,dʒ u,,guasch1995;seelwische1980;carol2018,,,,,854,0,0,?
Guarani-104_soulspirit-1,,Guarani,104_soulspirit,anga,anga,a ŋ a,,guasch1995;seelwische1980;carol2018,,,,,3912,0,0,?
Guarani-277_cryweep-1,,Guarani,277_cryweep,"t-asẽ, hapirõ, jahe'o",t-asẽ,t + a s ẽ,,guasch1995;seelwische1980;carol2018,,,,,541 859,0,0,_:3sg cry
Guarani-277_cryweep-2,,Guarani,277_cryweep,"t-asẽ, hapirõ, jahe'o",hapirõ,h a p i r õ,,guasch1995;seelwische1980;carol2018,,,,,3915,0,0,?
Guarani-277_cryweep-3,,Guarani,277_cryweep,"t-asẽ, hapirõ, jahe'o",jahe'o,dʒ a h e ʔ o,,guasch1995;seelwische1980;carol2018,,,,,859,0,0,?
Guarani-155_six-1,,Guarani,155_six,poteĩ,poteĩ,p o + t e ĩ,,guasch1995;seelwische1980;carol2018,,,,,3916,0,0,five one
Guarani-287_maizecorn-1,,Guarani,287_maizecorn,avati,avati,a ʋ a t i,,guasch1995;seelwische1980;carol2018,,,,,864,0,0,?
Guarani-206_oldman-1,,Guarani,206_oldman,tuja,tuja,t u dʒ a,,guasch1995;seelwische1980;carol2018,,,,,353,0,0,?
Guarani-151_twenty-1,,Guarani,151_twenty,mokoĩ-pa,mokoĩ+pa,m o k oĩ + p a,,guasch1995;seelwische1980;carol2018,,,,,872 3920,0,0,two all
Guarani-270_tapiocamanioccassava-1,,Guarani,270_tapiocamanioccassava,mandi'o,mandi'o,m a ⁿd i ʔ o,,guasch1995;seelwische1980;carol2018,,,,,884,0,0,?
Guarani-157_eight-1,,Guarani,157_eight,pohapy,po+hapy,p o + h a p ɨ,,guasch1995;seelwische1980;carol2018,,,,,3924 886,0,0,hand three
Guarani-159_cook-1,,Guarani,159_cook,"(ojapo) tembi'u, ojy, ombojy",japo tembi'u,dʒ a p o + t e ⁿb i ʔ u,,guasch1995;seelwische1980;carol2018,,,,,1180 1696 899,0,0,make food
Guarani-159_cook-2,,Guarani,159_cook,"(ojapo) tembi'u, ojy, ombojy",jy,dʒ ɨ,,guasch1995;seelwische1980;carol2018,,,,,1180 1696,0,0,?
Guarani-159_cook-3,,Guarani,159_cook,"(ojapo) tembi'u, ojy, ombojy",mbo+jy,ⁿb o + dʒ ɨ,,guasch1995;seelwische1980;carol2018,,,,,1180 899 1696,0,0,_:caus cooked
Guarani-207_oldwoman-1,,Guarani,207_oldwoman,"guaigui, guaivi",guaigui,ɣʷ ai ɣʷ i,,guasch1995;seelwische1980;carol2018,,,,,2870,0,0,?
Guarani-207_oldwoman-2,,Guarani,207_oldwoman,"guaigui, guaivi",guaivi,ɣʷ ai ʋ i,,guasch1995;seelwische1980;carol2018,,,,,2870,0,0,?
Guarani-142_sap-1,,Guarani,142_sap,"yvyra ysy, yvyra ruguy, yvyra rykue",yvyra+ysy,ɨ ʋ ɨ r a + ɨ s ɨ,,guasch1995;seelwische1980;carol2018,,,,,3929 1707,0,0,tree resin
Guarani-142_sap-2,,Guarani,142_sap,"yvyra ysy, yvyra ruguy, yvyra rykue",yvyra+ruguy,ɨ ʋ ɨ r a + r + u ɣʷ ɨ,,guasch1995;seelwische1980;carol2018,,,,,3929 1707,0,0,tree _:poss blood
Guarani-142_sap-3,,Guarani,142_sap,"yvyra ysy, yvyra ruguy, yvyra rykue",yvyra+rykue,ɨ ʋ ɨ r a + r + ɨ k u e,,guasch1995;seelwische1980;carol2018,,,,,3929 1707,0,0,tree _:poss juice
Guarani-36_spiderweb-1,,Guarani,36_spiderweb,"ñanduti, ñandu renimbo",ñanduti,ɲ a ⁿd u + t i,,guasch1995;seelwische1980;carol2018,,,,,909 3589,0,0,spider _:?
Guarani-36_spiderweb-2,,Guarani,36_spiderweb,"ñanduti, ñandu renimbo",ñandu+renimbo,ɲ a ⁿd u + r + e n i ⁿb o,,guasch1995;seelwische1980;carol2018,,,,,909 3930,0,0,spider _:poss thread
Guarani-252_cow-1,,Guarani,252_cow,vaka,vaka,ʋ a k a,,guasch1995;seelwische1980;carol2018,,,,,297,0,0,?
Guarani-173_lizard-1,,Guarani,173_lizard,teju,teju,t e dʒ u,,guasch1995;seelwische1980;carol2018,,,,,914,0,0,?
Guarani-267_nest-1,,Guarani,267_nest,"taity, tupa",t+aity,t + a i t ɨ,,guasch1995;seelwische1980;carol2018,,,,,541 396,0,0,_:poss nest
Guarani-267_nest-2,,Guarani,267_nest,"taity, tupa",tupa,t + u p a,,guasch1995;seelwische1980;carol2018,,,,,1721,0,0,_:poss nest
Guarani-116_goat-1,,Guarani,116_goat,kavara,kavara,k a ʋ a r a,,guasch1995;seelwische1980;carol2018,,,,,916,0,0,?
Guarani-117_hegoat-1,,Guarani,117_hegoat,kavara-me,kavara-me,k a ʋ a r a + m e,,guasch1995;seelwische1980;carol2018,,,,,3936 3937,0,0,goat husband
Guarani-302_pig-1,,Guarani,302_pig,"kure, tajasu",kure,k u r e,,guasch1995;seelwische1980;carol2018,,,,,920,0,0,?
Guarani-302_pig-2,,Guarani,302_pig,"kure, tajasu",tajasu,t a dʒ a s u,,guasch1995;seelwische1980;carol2018,,,,,399,0,0,?
Guarani-174_dove-1,,Guarani,174_dove,"pyku'i, pykasu, jeruti",pyku'i,p ɨ k u ʔ i,,guasch1995;seelwische1980;carol2018,,,,,405,0,0,?
Guarani-174_dove-2,,Guarani,174_dove,"pyku'i, pykasu, jeruti",pykasu,p ɨ k a s u,,guasch1995;seelwische1980;carol2018,,,,,405,0,0,?
Guarani-174_dove-3,,Guarani,174_dove,"pyku'i, pykasu, jeruti",jeruti,dʒ e r u t i,,guasch1995;seelwische1980;carol2018,,,,,923,0,0,?
Guarani-260_crocodilealligator-1,,Guarani,260_crocodilealligator,jakare,jakare,dʒ a k a r e,,guasch1995;seelwische1980;carol2018,,,,,925,0,0,?
Guarani-186_shell-1,,Guarani,186_shell,"itã, jatyta",itã,i t ã,,guasch1995;seelwische1980;carol2018,,,,,2913,0,0,?
Guarani-186_shell-2,,Guarani,186_shell,"itã, jatyta",jatyta,dʒ a t ɨ t a,,guasch1995;seelwische1980;carol2018,,,,,2913,0,0,?
Guarani-245_snail-1,,Guarani,245_snail,jatyta,jatyta,dʒ a t ɨ t a,,guasch1995;seelwische1980;carol2018,,,,,937,0,0,?
Guarani-160_fox-1,,Guarani,160_fox,"aguara, moñai",aguara,a ɣʷ a r a,,guasch1995;seelwische1980;carol2018,,,,,940,0,0,?
Guarani-160_fox-2,,Guarani,160_fox,"aguara, moñai",moñai,m o ɲ ai,,guasch1995;seelwische1980;carol2018,,,,,3952,0,0,?
Guarani-131_insect-1,,Guarani,131_insect,"yso, taso, moñai",yso,ɨ s o,,guasch1995;seelwische1980;carol2018,,,,,3953,0,0,?
Guarani-131_insect-2,,Guarani,131_insect,"yso, taso, moñai",taso,t a s o,,guasch1995;seelwische1980;carol2018,,,,,3953,0,0,?
Guarani-131_insect-3,,Guarani,131_insect,"yso, taso, moñai",moñai,m o ɲ ai,,guasch1995;seelwische1980;carol2018,,,,,3954,0,0,?
Guarani-286_grasshopper-1,,Guarani,286_grasshopper,tuku,tuku,t u k u,,guasch1995;seelwische1980;carol2018,,,,,943,0,0,?
Guarani-113_horseequine-1,,Guarani,113_horseequine,kavaju,kavaju,k a ʋ a dʒ u,,guasch1995;seelwische1980;carol2018,,,,,2299,0,0,?
Guarani-208_mule-1,,Guarani,208_mule,mburika,mburika,ⁿb u r i k a,,guasch1995;seelwische1980;carol2018,,,,,953,0,0,?
Guarani-91_fishscale-1,,Guarani,91_fishscale,pira pire,pira+pire,p i r a + p i r e,,guasch1995;seelwische1980;carol2018,,,,,3961 930,0,0,fish skin
Guarani-265_goose-1,,Guarani,265_goose,"ype, guarimbe",ype,ɨ p e,,guasch1995;seelwische1980;carol2018,,,,,2940,0,0,?
Guarani-265_goose-2,,Guarani,265_goose,"ype, guarimbe",guarimbe,ɣʷ a r i ⁿb e,,guasch1995;seelwische1980;carol2018,,,,,2940,0,0,?
Guarani-2_beehive-1,,Guarani,2_beehive,"eir+eta, eiru+raity",eir+eta,e i r + e t a,,guasch1995;seelwische1980;carol2018,,,,,960 961,0,0,bee many
Guarani-2_beehive-2,,Guarani,2_beehive,"eir+eta, eiru+raity",eiru+raity,e i r u + r + a i t ɨ,,guasch1995;seelwische1980;carol2018,,,,,960 962,0,0,bee _:poss nest
Guarani-115_sheep-1,,Guarani,115_sheep,ovecha,ovecha,o ʋ e ʃ a,,guasch1995;seelwische1980;carol2018,,,,,1799,0,0,?
Guarani-256_bull-1,,Guarani,256_bull,"toro, vaka me",toro,t o r o,,guasch1995;seelwische1980;carol2018,,,,,2312,0,0,?
Guarani-256_bull-2,,Guarani,256_bull,"toro, vaka me",vaka+me,ʋ a k a + m e,,guasch1995;seelwische1980;carol2018,,,,,968 3966,0,0,cow husband
Guarani-255_ox-1,,Guarani,255_ox,guéi,guéi,ɣʷ ei,,guasch1995;seelwische1980;carol2018,,,,,969,0,0,?
Guarani-253_bear-1,,Guarani,253_bear,"jaguaretevusu, jagua ro'ypegua, jurumi",jaguar+ete+vusu,dʒ a ɣʷ a r e t e + v u s u,,guasch1995;seelwische1980;carol2018,,,,,3968 455 3969,0,0,jaguar _:superl
Guarani-253_bear-2,,Guarani,253_bear,"jaguaretevusu, jagua ro'ypegua, jurumi",jagua ro'ypegua,dʒ a ɣʷ a + r o ʔ ɨ + p e + ɣʷ a,,guasch1995;seelwische1980;carol2018,,,,,2957 3970,0,0,dog cold _:in _:from
Guarani-253_bear-3,,Guarani,253_bear,"jaguaretevusu, jagua ro'ypegua, jurumi",jurumi,dʒ u r u m i,,guasch1995;seelwische1980;carol2018,,,,,3971,0,0,?
Guarani-242_assdonkey-1,,Guarani,242_assdonkey,"búro, mburika",búro,b u r o,,guasch1995;seelwische1980;carol2018,,,,,3972,0,0,?
Guarani-242_assdonkey-2,,Guarani,242_assdonkey,"búro, mburika",mburika,ⁿb u r i k a,,guasch1995;seelwische1980;carol2018,,,,,970,0,0,?
Guarani-161_wolf-1,,Guarani,161_wolf,jaguarundy,jagua+r+undy,dʒ a ɣʷ a + r + u ⁿd ɨ,,guasch1995;seelwische1980;carol2018,,,,,2960 3973 3974,0,0,dog _:poss ?
Guarani-284_hawk-1,,Guarani,284_hawk,"taguato, kirikiri guasu",taguato,t a ɣʷ a t o,,guasch1995;seelwische1980;carol2018,,,,,458,0,0,?
Guarani-284_hawk-2,,Guarani,284_hawk,"taguato, kirikiri guasu",kirikiri guasu,k i r i k i r i + ɣʷ a s u,,guasch1995;seelwische1980;carol2018,,,,,3975 971,0,0,'carancho' pig
Guarani-257_wasp-1,,Guarani,257_wasp,kavichu,kavichu,k a ʋ i ʃ u,,guasch1995;seelwische1980;carol2018,,,,,973,0,0,?
Guarani-70_eyelid-1,,Guarani,70_eyelid,"topepi, hope",t+ope+pi,t + o p e p i,,guasch1995;seelwische1980;carol2018,,,,,541 2335 987,0,0,_:poss eyelid
Guarani-70_eyelid-2,,Guarani,70_eyelid,"topepi, hope",h+ope,h + o p e,,guasch1995;seelwische1980;carol2018,,,,,2697 2335,0,0,_:poss eyelid
Guarani-40_borntobe-1,,Guarani,40_borntobe,"aha'arecha, reñói",ha'a+recha,h a ʔ a r e ʃ a,,guasch1995;seelwische1980;carol2018,,,,,988 3981 3982,0,0,?
Guarani-40_borntobe-2,,Guarani,40_borntobe,"aha'arecha, reñói",reñói,r e ɲ oi,,guasch1995;seelwische1980;carol2018,,,,,3982,0,0,?
Guarani-259_eyelash-1,,Guarani,259_eyelash,topea,t+ope+a,t + o p e a,,guasch1995;seelwische1980;carol2018,,,,,541 992 3985,0,0,_:poss eyelash
Guarani-121_footprint-1,,Guarani,121_footprint,"pore, takykuere",pore,p o r e,,guasch1995;seelwische1980;carol2018,,,,,1853,0,0,?
Guarani-121_footprint-2,,Guarani,121_footprint,"pore, takykuere",takykuere,t + a k ɨ k w e r e,,guasch1995;seelwische1980;carol2018,,,,,482,0,0,_:poss footprint
Guarani-258_poison-1,,Guarani,258_poison,"joha, pohã",joha,dʒ o h a,,guasch1995;seelwische1980;carol2018,,,,,1014,0,0,?
Guarani-258_poison-2,,Guarani,258_poison,"joha, pohã",pohã,p o h ã,,guasch1995;seelwische1980;carol2018,,,,,484,0,0,?
Guarani-301_urinate-1,,Guarani,301_urinate,"okuaru, ty",o+kuaru,k w a r u,,guasch1995;seelwische1980;carol2018,,,,,1180 3994,0,0,?
Guarani-301_urinate-2,,Guarani,301_urinate,"okuaru, ty",ty,t ɨ,,guasch1995;seelwische1980;carol2018,,,,,1864,0,0,?
Guarani-77_nippleteat-1,,Guarani,77_nippleteat,"kamambýi, kamaapýi, kamapu'ã",kamambýi,k a m a + ⁿb ɨ i,,guasch1995;seelwische1980;carol2018,,,,,3995,0,0,breast ?
Guarani-77_nippleteat-2,,Guarani,77_nippleteat,"kamambýi, kamaapýi, kamapu'ã",kamaapýi,k a m aː + p ɨ i,,guasch1995;seelwische1980;carol2018,,,,,3995,0,0,breast ?
Guarani-77_nippleteat-3,,Guarani,77_nippleteat,"kamambýi, kamaapýi, kamapu'ã",kamapu'ã,k a m a + p u ʔ ã,,guasch1995;seelwische1980;carol2018,,,,,3995,0,0,breast _:lift
Guarani-81_spine-1,,Guarani,81_spine,atukupe kangue rysyikue,atukupe kangue rysyikue,a t u k u p e + k a n ɣʷ e + r + ɨ s ɨ i k w e,,guasch1995;seelwische1980;carol2018,,,,,1042 4002 4003,0,0,back bone _:poss list
Guarani-294_pus-1,,Guarani,294_pus,(che)péu,péu,p e u,,guasch1995;seelwische1980;carol2018,,,,,1050,0,0,?
Guarani-68_womb-1,,Guarani,68_womb,útero: membyryru; v: tye,membyryru,m e ⁿb ɨ + r + ɨ r u,,guasch1995;seelwische1980;carol2018,,,,,4015,0,0,child _:poss womb
Guarani-68_womb-2,,Guarani,68_womb,útero: membyryru; v: tye,tye,t + ɨ e,,guasch1995;seelwische1980;carol2018,,,,,3075,0,0,_:poss womb
Guarani-84_veinartery-1,,Guarani,84_veinartery,"tuguy rape, tajy, taju",t+uguy+r+ape,t + u ɣʷ ɨ + r + a p e,,guasch1995;seelwische1980;carol2018,,,,,541 1906 1056 4016,0,0,_:poss blood _:poss path
Guarani-84_veinartery-2,,Guarani,84_veinartery,"tuguy rape, tajy, taju",tajy,t a dʒ ɨ,,guasch1995;seelwische1980;carol2018,,,,,498,0,0,?
Guarani-144_mute-1,,Guarani,144_mute,ñe'engu,ñe'e+ngu,ɲ e ʔ e + n g u,,guasch1995;seelwische1980;carol2018,,,,,1067 4019,0,0,words _:less
Guarani-63_thumb-1,,Guarani,63_thumb,kuã guasu,kuã guasu,k u ã + ɣʷ a s u,,guasch1995;seelwische1980;carol2018,,,,,1072 1073,0,0,finger big
Guarani-80_beak-1,,Guarani,80_beak,guyratĩ,guyra+tĩ,ɣʷ ɨ r a + t ĩ,,guasch1995;seelwische1980;carol2018,,,,,3083 1074,0,0,bird nose
Guarani-134_itch-1,,Guarani,134_itch,tai,tai,t ai,,guasch1995;seelwische1980;carol2018,,,,,1928,0,0,?
Guarani-269_wakeup-1,,Guarani,269_wakeup,"amombáy, apáy",mombáy,m o + ⁿb a ɨ,,guasch1995;seelwische1980;carol2018,,,,,4026,0,0,_:cause wake.up
Guarani-269_wakeup-2,,Guarani,269_wakeup,"amombáy, apáy",páy,p a ɨ,,guasch1995;seelwische1980;carol2018,,,,,1086,0,0,?
Guarani-71_window-1,,Guarani,71_window,ovetã,ovetã,o ʋ e t ã,,guasch1995;seelwische1980;carol2018,,,,,1944,0,0,?
Guarani-127_cousin-1,,Guarani,127_cousin,lopi,lopi,l o p i,,guasch1995;seelwische1980;carol2018,,,,,4032,0,0,?
Guarani-87_place-1,,Guarani,87_place,tenda,t+enda,t + e ⁿd a,,guasch1995;seelwische1980;carol2018,,,,,541 515,0,0,_:poss place
Guarani-137_potter-1,,Guarani,137_potter,"kambuchi apoha, ña'ẽ apoha, ñai'ỹ avykyha",kambuchi apoha,k a ⁿb u ʃ i + a p o h a,,guasch1995;seelwische1980;carol2018,,,,,4036 1106,0,0,pitcher maker
Guarani-137_potter-2,,Guarani,137_potter,"kambuchi apoha, ña'ẽ apoha, ñai'ỹ avykyha",ña'ẽ apoha,ɲ a ʔ ẽ + a p o h a,,guasch1995;seelwische1980;carol2018,,,,,1104 1106,0,0,bowl maker
Guarani-137_potter-3,,Guarani,137_potter,"kambuchi apoha, ña'ẽ apoha, ñai'ỹ avykyha",ñai'ỹ avykyha,ɲ ai ʔ ɨ̃ + a ʋ ɨ k ɨ h a,,guasch1995;seelwische1980;carol2018,,,,,1104 4037,0,0,tile manipulator
Guarani-105_shadeshadow-1,,Guarani,105_shadeshadow,"ã, guy, ta'anga",ã,ã,,guasch1995;seelwische1980;carol2018,,,,,1109,0,0,?
Guarani-105_shadeshadow-2,,Guarani,105_shadeshadow,"ã, guy, ta'anga",guy,ɣʷ ɨ,,guasch1995;seelwische1980;carol2018,,,,,1978,0,0,?
Guarani-105_shadeshadow-3,,Guarani,105_shadeshadow,"ã, guy, ta'anga",ta'anga,t a ʔ a n g a,,guasch1995;seelwische1980;carol2018,,,,,1978,0,0,?
Guarani-165_write-1,,Guarani,165_write,"ahai, akuatia",a+hai,h a i,,guasch1995;seelwische1980;carol2018,,,,,1981 1987,0,0,?
Guarani-165_write-2,,Guarani,165_write,"ahai, akuatia",a+kuatia,k w a t j a,,guasch1995;seelwische1980;carol2018,,,,,1981 1112,0,0,?
Guarani-122_altar-1,,Guarani,122_altar,"ita karai, ita marangatu, ita mongaraipyre",ita karai,i t a + k a r a i,,guasch1995;seelwische1980;carol2018,,,,,4050 4051,0,0,stone lord
Guarani-122_altar-2,,Guarani,122_altar,"ita karai, ita marangatu, ita mongaraipyre",ita marangatu,i t a + m a r a n g a t u,,guasch1995;seelwische1980;carol2018,,,,,4050 4052,0,0,stone saint
Guarani-122_altar-3,,Guarani,122_altar,"ita karai, ita marangatu, ita mongaraipyre",ita mongarai+pyre,i t a + m o n g a r a i + p ɨ r e,,guasch1995;seelwische1980;carol2018,,,,,4050 4053,0,0,stone bless _:nmlz
Guarani-107_summer-1,,Guarani,107_summer,ára haku,ára haku,a r a + h a k u,,guasch1995;seelwische1980;carol2018,,,,,1122 3140,0,0,time hot
Kadiweo-85_blood-1,,Kadiweo,85_blood,-awodi,-awodi,a w o d i,,griffiths2002,,,,,2 3643,0,0,?
Kadiweo-59_mouth-1,,Kadiweo,59_mouth,-ioladi,-ioladi,j o l a d i,,griffiths2002,,,,,4062,0,0,?
Kadiweo-79_head-1,,Kadiweo,79_head,-acilo,-acilo,a k i l o,,griffiths2002,,,,,4063,0,0,?
Kadiweo-56_hand-1,,Kadiweo,56_hand,-baaGadi,-baaGadi,b aː ʁ a d i,,griffiths2002,,,,,4065,0,0,?
Kadiweo-53_ear-1,,Kadiweo,53_ear,"-napaaGate, -napaaGedi",-napaaGate,n + a p aː ʁ a t e,,griffiths2002,,,,,547 4066,0,0,_:poss ear
Kadiweo-50_red-1,,Kadiweo,50_red,ixagodi,ixagodi,i tʃ a g o d i,,griffiths2002,,,,,4069,0,0,?
Kadiweo-163_see-1,,Kadiweo,163_see,-ate (tibece); -iwi; -nadi; -ole(te),-ate tibece,a t e + t i b e k e,,griffiths2002,,,,,69 4072,0,0,? ?
Kadiweo-163_see-2,,Kadiweo,163_see,-ate (tibece); -iwi; -nadi; -ole(te),-iwi,i w i,,griffiths2002,,,,,1145,0,0,?
Kadiweo-163_see-3,,Kadiweo,163_see,-ate (tibece); -iwi; -nadi; -ole(te),-nadi,n a d i,,griffiths2002,,,,,73,0,0,?
Kadiweo-163_see-4,,Kadiweo,163_see,-ate (tibece); -iwi; -nadi; -ole(te),-ole te,o l e + t e,,griffiths2002,,,,,4073 74,0,0,? ?
Kadiweo-37_husband-1,,Kadiweo,37_husband,-odawa,-odawa,o d a w a,,griffiths2002,,,,,4074 26,0,0,?
Kadiweo-38_wife-1,,Kadiweo,38_wife,-odawa,-odawa,o d a w a,,griffiths2002,,,,,1149 29,0,0,?
Kadiweo-138_hear-1,,Kadiweo,138_hear,-ajipa(ta),-ajipata,a dʒ i p a t a,,griffiths2002,,,,,557 32,0,0,?
Kadiweo-187_bird-1,,Kadiweo,187_bird,ilaaGagi; ilaaGaxo,ilaaGagi,i l aː ʁ a g i,,griffiths2002,,,,,558 37,0,0,?
Kadiweo-97_fish-1,,Kadiweo,97_fish,noGojegi,noGojegi,n o ʁ o dʒ e g i,,griffiths2002,,,,,559 1153,0,0,?
Kadiweo-129_dog-1,,Kadiweo,129_dog,nekeco,n+eke+co,n + e q e + k o,,griffiths2002,,,,,4076 1158 2502,0,0,_:poss dog _:?
Kadiweo-251_tongue-1,,Kadiweo,251_tongue,-oceligi,-oceligi,o k e l i g i,,griffiths2002,,,,,564,0,0,?
Kadiweo-78_breastofwoman-1,,Kadiweo,78_breastofwoman,-awelete,-awelete,a w e l e t e,,griffiths2002,,,,,49,0,0,?
Kadiweo-82_back-1,,Kadiweo,82_back,-eláGa; -ewagi,-eláGa,eː lː a ʁ a,,griffiths2002,,,,,4077,0,0,?
Kadiweo-82_back-2,,Kadiweo,82_back,-eláGa; -ewagi,-ewagi,e w a g i,,griffiths2002,,,,,4078,0,0,?
Kadiweo-83_bone-1,,Kadiweo,83_bone,-bitagi,-bitagi,b i t a g i,,griffiths2002,,,,,54,0,0,?
Kadiweo-120_leg-1,,Kadiweo,120_leg,-oGonagi,-oGonagi,o ʁ o n a g i,,griffiths2002,,,,,4079,0,0,?
Kadiweo-261_heart-1,,Kadiweo,261_heart,-aaleGena,-aaleGena,aː l e ʁ e n a,,griffiths2002,,,,,4080,0,0,?
Kadiweo-125_sleep-1,,Kadiweo,125_sleep,-iote,-iote,j o t e,,griffiths2002,,,,,64,0,0,?
Kadiweo-111_kill-1,,Kadiweo,111_kill,"-aije (personas), eload, nigodi (tini)",-aije,ai dʒ e,,griffiths2002,,,,,579,0,0,?
Kadiweo-111_kill-2,,Kadiweo,111_kill,"-aije (personas), eload, nigodi (tini)",eload,e l o w a d,,griffiths2002,,,,,2050,0,0,?
Kadiweo-111_kill-3,,Kadiweo,111_kill,"-aije (personas), eload, nigodi (tini)",nigodi tini,n i g o d i + t i n i,,griffiths2002,,,,,1179 579,0,0,kill _:appl
Kadiweo-44_feather-1,,Kadiweo,44_feather,namodi,n+amodi,n + a m o d i,,griffiths2002,,,,,1186,0,0,_:poss hair
Kadiweo-154_four-1,,Kadiweo,154_four,cwaatolo,cwaatolo,k w aː t o l o,,griffiths2002,,,,,4081,0,0,?
Kadiweo-297_root-1,,Kadiweo,297_root,litodi,l+itodi,l + i t o d i,,griffiths2002,,,,,2537,0,0,_:poss root
Kadiweo-67_lake-1,,Kadiweo,67_lake,"weiigi, ideloGole",weiigi,w e iː g i,,griffiths2002,,,,,4082,0,0,?
Kadiweo-67_lake-2,,Kadiweo,67_lake,"weiigi, ideloGole",ideloGole,i d e l o ʁ o l e,,griffiths2002,,,,,4083,0,0,?
Kadiweo-243_black-1,,Kadiweo,243_black,nabidi,n+abidi,n + a b i d i,,griffiths2002,,,,,96,0,0,_:3sg black
Kadiweo-168_star-1,,Kadiweo,168_star,-otedi,-otedi,o t e d i,,griffiths2002,,,,,606,0,0,?
Kadiweo-280_personhumanbeing-1,,Kadiweo,280_personhumanbeing,oko,oko,o q o,,griffiths2002,,,,,4084,0,0,?
Kadiweo-66_mother-1,,Kadiweo,66_mother,-iodo,-iodo,j o d o,,griffiths2002,,,,,80,0,0,?
Kadiweo-43_leaf-1,,Kadiweo,43_leaf,-amodi,-amodi,a m o d i,,griffiths2002,,,,,3246,0,0,?
Kadiweo-93_sky-1,,Kadiweo,93_sky,"ditibigimedi, leegitibigimece",ditibigimedi,d i t i b i g i m e d i,,griffiths2002,,,,,115,0,0,?
Kadiweo-93_sky-2,,Kadiweo,93_sky,"ditibigimedi, leegitibigimece",leegitibigimece,l eː g i t i b i g i m e k e,,griffiths2002,,,,,115,0,0,?
Kadiweo-140_where-1,,Kadiweo,140_where,agaa,agaa,a g aː,,griffiths2002,,,,,639,0,0,?
Kadiweo-153_three-1,,Kadiweo,153_three,iniwatadiGini,iniwatadiGini,i n i w a t a d i ʁ i n i,,griffiths2002,,,,,125 127,0,0,?
Kadiweo-244_white-1,,Kadiweo,244_white,"lapaceGegi, lapacaGaGa",lapaceGegi,l a + p a k e ʁ e g i,,griffiths2002,,,,,1288,0,0,_:poss white
Kadiweo-244_white-2,,Kadiweo,244_white,"lapaceGegi, lapacaGaGa",lapacaGaGa,l a + p a k a ʁ a ʁ a,,griffiths2002,,,,,1288,0,0,_:poss white
Kadiweo-106_year-1,,Kadiweo,106_year,nicaaGabi,nicaaGabi,n i k aː ʁ a b i,,griffiths2002,,,,,1296,0,0,?
Kadiweo-264_know-1,,Kadiweo,264_know,-owooGodi,-owooGodi,o w oː ʁ o d i,,griffiths2002,,,,,146,0,0,?
Kadiweo-65_largebig-1,,Kadiweo,65_largebig,"nelegi, eliodi, eloodo",nelegi,n e l e g i,,griffiths2002,,,,,1313,0,0,?
Kadiweo-65_largebig-2,,Kadiweo,65_largebig,"nelegi, eliodi, eloodo",eliodi,e l j o d i,,griffiths2002,,,,,154,0,0,?
Kadiweo-65_largebig-3,,Kadiweo,65_largebig,"nelegi, eliodi, eloodo",eloodo,e l oː d o,,griffiths2002,,,,,154,0,0,?
Kadiweo-149_five-1,,Kadiweo,149_five,nigoteno GobaaGadi,nigoteno Go+baaGadi,n i g o t e n o + ʁ o + b aː ʁ a d i,,griffiths2002,,,,,164 4090 3878,0,0,? _:poss hand
Kadiweo-276_eat-1,,Kadiweo,276_eat,"-eligo, -niodi, -noGoja",-eligo,e l i g o,,griffiths2002,,,,,1333,0,0,?
Kadiweo-276_eat-2,,Kadiweo,276_eat,"-eligo, -niodi, -noGoja",-niodi,n j o d i,,griffiths2002,,,,,4091,0,0,?
Kadiweo-276_eat-3,,Kadiweo,276_eat,"-eligo, -niodi, -noGoja",-noGoja,n o ʁ o dʒ a,,griffiths2002,,,,,4091,0,0,?
Kadiweo-191_grass-1,,Kadiweo,191_grass,nadegocawaanigi,n+adego+cawaanigi,n + a d e g o + k a w aː n i g i,,griffiths2002,,,,,4092,0,0,_:poss grass _:?
Kadiweo-152_one-1,,Kadiweo,152_one,"onidateci, onijoteci, oniniteci",onidateci,o n i d a t e k i,,griffiths2002,,,,,4093,0,0,?
Kadiweo-152_one-2,,Kadiweo,152_one,"onidateci, onijoteci, oniniteci",onijoteci,o n i dʒ o t e k i,,griffiths2002,,,,,4093,0,0,?
Kadiweo-152_one-3,,Kadiweo,152_one,"onidateci, onijoteci, oniniteci",oniniteci,o n i n i t e k i,,griffiths2002,,,,,4093,0,0,?
Kadiweo-263_everyall-1,,Kadiweo,263_everyall,idatawece,idatawece,i d a t a w e k e,,griffiths2002,,,,,4094,0,0,?
Kadiweo-291_name-1,,Kadiweo,291_name,-boonaGadi,-boonaGadi,b oː n a ʁ a d i,,griffiths2002,,,,,4095,0,0,?
Kadiweo-292_old-1,,Kadiweo,292_old,"-axokigi, oxiiGodi",-axokigi,a tʃ o q i g i,,griffiths2002,,,,,1343,0,0,?
Kadiweo-292_old-2,,Kadiweo,292_old,"-axokigi, oxiiGodi",oxiiGodi,o tʃ iː ʁ o d i,,griffiths2002,,,,,2116,0,0,?
Kadiweo-282_father-1,,Kadiweo,282_father,"-iodi, latada, (1) yata,",-iodi,j o d i,,griffiths2002,,,,,177,0,0,?
Kadiweo-282_father-2,,Kadiweo,282_father,"-iodi, latada, (1) yata,",latada,l + a t a d a,,griffiths2002,,,,,177,0,0,_:poss father
Kadiweo-282_father-3,,Kadiweo,282_father,"-iodi, latada, (1) yata,",yata,j + a t a,,griffiths2002,,,,,177,0,0,_:poss father
Kadiweo-100_smalllittle-1,,Kadiweo,100_smalllittle,"idaalogodi, lionigododi",idaalogodi,i d aː l o g o d i,,griffiths2002,,,,,1356,0,0,?
Kadiweo-100_smalllittle-2,,Kadiweo,100_smalllittle,"idaalogodi, lionigododi",lionigododi,l j o n i g o d o d i,,griffiths2002,,,,,4097,0,0,?
Kadiweo-135_two-1,,Kadiweo,135_two,"iniwata, itiodataale, itiwata, itoa",iniwata,i n i w a t a,,griffiths2002,,,,,4099,0,0,?
Kadiweo-135_two-2,,Kadiweo,135_two,"iniwata, itiodataale, itiwata, itoa",itiodataale,i t j o d a t aː l e,,griffiths2002,,,,,4099,0,0,?
Kadiweo-135_two-3,,Kadiweo,135_two,"iniwata, itiodataale, itiwata, itoa",itiwata,i t i w a t a,,griffiths2002,,,,,4099,0,0,?
Kadiweo-135_two-4,,Kadiweo,135_two,"iniwata, itiodataale, itiwata, itoa",itoa,i t o a,,griffiths2002,,,,,4099,0,0,?
Kadiweo-275_intestinesguts-1,,Kadiweo,275_intestinesguts,liwenigi (l-),liwenigi,l i w e n i g i,,griffiths2002,,,,,4101,0,0,?
Kadiweo-52_treecf08600-1,,Kadiweo,52_treecf08600,niale,niale,n j a l e,,griffiths2002,,,,,4104,0,0,?
Kadiweo-47_sun-1,,Kadiweo,47_sun,aligeGe,aligeGe,a l i g e ʁ e,,griffiths2002,,,,,198,0,0,?
Kadiweo-283_give-1,,Kadiweo,283_give,"-ajigo, -iboo",-ajigo,a dʒ i g o,,griffiths2002,,,,,1402,0,0,?
Kadiweo-283_give-2,,Kadiweo,283_give,"-ajigo, -iboo",-iboo,i b oː,,griffiths2002,,,,,2133,0,0,?
Kadiweo-136_littlequantityfew-1,,Kadiweo,136_littlequantityfew,"onateciGi (ca, da, di, jo, ni), mokateciGidiwa",onateciGi,o n a t e k i ʁ i,,griffiths2002,,,,,4108,0,0,?
Kadiweo-136_littlequantityfew-2,,Kadiweo,136_littlequantityfew,"onateciGi (ca, da, di, jo, ni), mokateciGidiwa",mokateciGidiwa,m o q a t e k i ʁ i d i w a,,griffiths2002,,,,,4108,0,0,?
Kadiweo-147_muchmany-1,,Kadiweo,147_muchmany,"daGaxa, eliodi, owidi",daGaxa,d a ʁ a tʃ a,,griffiths2002,,,,,217,0,0,?
Kadiweo-147_muchmany-2,,Kadiweo,147_muchmany,"daGaxa, eliodi, owidi",eliodi,e l j o d i,,griffiths2002,,,,,217,0,0,?
Kadiweo-147_muchmany-3,,Kadiweo,147_muchmany,"daGaxa, eliodi, owidi",owidi,o w i d i,,griffiths2002,,,,,2654,0,0,?
Kadiweo-266_cold-1,,Kadiweo,266_cold,"diwete, niwetaGa",diwete,d i + w e t + e,,griffiths2002,,,,,18,0,0,_:3sg cold _:asp
Kadiweo-266_cold-2,,Kadiweo,266_cold,"diwete, niwetaGa",niwetaGa,n i + w e t + a ʁ a,,griffiths2002,,,,,1413,0,0,_:3sg cold _:nmlz
Kadiweo-285_fruit-1,,Kadiweo,285_fruit,ela,ela,e l a,,griffiths2002,,,,,2144,0,0,?
Kadiweo-46_animal-1,,Kadiweo,46_animal,eijeeGagi,eijeeGagi,ei dʒ eː ʁ a g i,,griffiths2002,,,,,4111,0,0,?
Kadiweo-290_mosquito-1,,Kadiweo,290_mosquito,"dimijaala, Gonoodo",dimijaala,d i m i dʒ aː l a,,griffiths2002,,,,,4112,0,0,?
Kadiweo-290_mosquito-2,,Kadiweo,290_mosquito,"dimijaala, Gonoodo",Gonoodo,ʁ o n oː d o,,griffiths2002,,,,,735,0,0,?
Kadiweo-35_spider-1,,Kadiweo,35_spider,ewalaliteenigi,ewalaliteenigi,e w a l a l i t eː n i g i,,griffiths2002,,,,,2148,0,0,?
Kadiweo-95_claw-1,,Kadiweo,95_claw,naxapo,naxapo,n + a tʃ a p o,,griffiths2002,,,,,737,0,0,_:poss nail
Kadiweo-57_arm-1,,Kadiweo,57_arm,-axixaGani,-axixaGani,a tʃ i tʃ a ʁ a n i,,griffiths2002,,,,,4113,0,0,?
Kadiweo-102_horn-1,,Kadiweo,102_horn,libiwe,libiwe,l i b i w e,,griffiths2002,,,,,4114,0,0,?
Kadiweo-254_chest-1,,Kadiweo,254_chest,-natecoGodi,-natecoGodi,n + a t e k o ʁ o d i,,griffiths2002,,,,,2161,0,0,_:poss chest
Kadiweo-61_chin-1,,Kadiweo,61_chin,lakadi,lakadi,l + a q a d i,,griffiths2002,,,,,2163,0,0,_:poss chin
Kadiweo-62_lip-1,,Kadiweo,62_lip,"ligoladi, exibi",ligoladi,l i g o l a d i,,griffiths2002,,,,,4115,0,0,?
Kadiweo-62_lip-2,,Kadiweo,62_lip,"ligoladi, exibi",exibi,e tʃ i b i,,griffiths2002,,,,,2165,0,0,?
Kadiweo-64_finger-1,,Kadiweo,64_finger,nibedona,nibedona,n i + b e d o n a,,griffiths2002,,,,,4116,0,0,_:poss finger
Kadiweo-281_elbow-1,,Kadiweo,281_elbow,loGomoce,l+oGomoce,l + o ʁ o m o k e,,griffiths2002,,,,,2171 4117,0,0,_:poss elbow
Kadiweo-94_fingernail-1,,Kadiweo,94_fingernail,naxapo,naxapo,n + a tʃ a p o,,griffiths2002,,,,,752,0,0,_:poss fingernail
Kadiweo-299_thunder-1,,Kadiweo,299_thunder,"diximoGo, niximaGaGa",diximoGo,d i tʃ i m o ʁ o,,griffiths2002,,,,,4119,0,0,?
Kadiweo-299_thunder-2,,Kadiweo,299_thunder,"diximoGo, niximaGaGa",niximaGaGa,n i tʃ i m a ʁ a ʁ a,,griffiths2002,,,,,4119,0,0,?
Kadiweo-109_lightning-1,,Kadiweo,109_lightning,nalebepaGa,nalebepaGa,n a l e b e p a ʁ a,,griffiths2002,,,,,4122,0,0,?
Kadiweo-72_house-1,,Kadiweo,72_house,"diimigi, -iGeladi",diimigi,d iː m i g i,,griffiths2002,,,,,4123,0,0,?
Kadiweo-72_house-2,,Kadiweo,72_house,"diimigi, -iGeladi",-iGeladi,i ʁ e l a d i,,griffiths2002,,,,,4124,0,0,?
Kadiweo-101_child-1,,Kadiweo,101_child,nigaanigi,n+igaa+nigi,n + i g aː + n i g i,,griffiths2002,,,,,4125 2181 2180,0,0,_:poss child _:dim
Kadiweo-296_road-1,,Kadiweo,296_road,"ladigodi, naigi",ladigodi,l a d i g o d i,,griffiths2002,,,,,4126,0,0,?
Kadiweo-296_road-2,,Kadiweo,296_road,"ladigodi, naigi",naigi,n ai g i,,griffiths2002,,,,,2182,0,0,?
Kadiweo-150_ten-1,,Kadiweo,150_ten,"nigotedini, GobaaGatedi",nigotedini Go+baaGate+di,n i g o t e d i n i + ʁ o + b aː ʁ a t e + d i,,griffiths2002,,,,,4127 271 4128 1474,0,0,? _:1pl hand _:pl
Kadiweo-110_fightvb-1,,Kadiweo,110_fightvb,"-idele, -iwitide, -nakawoGo",-idele,i d e l e,,griffiths2002,,,,,274,0,0,?
Kadiweo-110_fightvb-2,,Kadiweo,110_fightvb,"-idele, -iwitide, -nakawoGo",-iwitide,i w i t i d e,,griffiths2002,,,,,274,0,0,?
Kadiweo-110_fightvb-3,,Kadiweo,110_fightvb,"-idele, -iwitide, -nakawoGo",-nakawoGo,n a q a w o ʁ o,,griffiths2002,,,,,771,0,0,?
Kadiweo-293_owl-1,,Kadiweo,293_owl,"Gonemeedi, jigiti",Gonemeedi,ʁ o n e m eː d i,,griffiths2002,,,,,4129,0,0,?
Kadiweo-293_owl-2,,Kadiweo,293_owl,"Gonemeedi, jigiti",jigiti,dʒ i g i t i,,griffiths2002,,,,,4130,0,0,?
Kadiweo-273_cat-1,,Kadiweo,273_cat,bigixeena,bigixeena,b i g i tʃ eː n a,,griffiths2002,,,,,2192,0,0,?
Kadiweo-55_bee-1,,Kadiweo,55_bee,"gote, odiiGa, oloopa",gote,g o t e,,griffiths2002,,,,,1492,0,0,?
Kadiweo-55_bee-2,,Kadiweo,55_bee,"gote, odiiGa, oloopa",odiiGa,o d iː ʁ a,,griffiths2002,,,,,3902,0,0,?
Kadiweo-55_bee-3,,Kadiweo,55_bee,"gote, odiiGa, oloopa",oloopa,o l oː p a,,griffiths2002,,,,,2718,0,0,?
Kadiweo-289_parrot-1,,Kadiweo,289_parrot,naxokoni,naxokoni,n a tʃ o q o n i,,griffiths2002,,,,,285,0,0,?
Kadiweo-128_flea-1,,Kadiweo,128_flea,"nalogo, naloko",nalogo,n a l o g o,,griffiths2002,,,,,4131,0,0,?
Kadiweo-166_deer-1,,Kadiweo,166_deer,"Galecani, oticaGanigo, napicaGaligi (blanco)",Galecani,ʁ a l e k a n i,,griffiths2002,,,,,4132,0,0,?
Kadiweo-166_deer-2,,Kadiweo,166_deer,"Galecani, oticaGanigo, napicaGaligi (blanco)",oticaGanigo,o t i k a ʁ a n i g o,,griffiths2002,,,,,295,0,0,?
Kadiweo-166_deer-3,,Kadiweo,166_deer,"Galecani, oticaGanigo, napicaGaligi (blanco)",napicaGaligi,n a p i k a ʁ a l i g i,,griffiths2002,,,,,295,0,0,?
Kadiweo-118_ant-1,,Kadiweo,118_ant,"awicijipi, dibixoGo, dawalolo (carregador), latinigi (ferrador),",awicijipi,a w i k i dʒ i p i,,griffiths2002,,,,,4133,0,0,?
Kadiweo-118_ant-2,,Kadiweo,118_ant,"awicijipi, dibixoGo, dawalolo (carregador), latinigi (ferrador),",dibixoGo,d i b i tʃ o ʁ o,,griffiths2002,,,,,2723,0,0,?
Kadiweo-118_ant-3,,Kadiweo,118_ant,"awicijipi, dibixoGo, dawalolo (carregador), latinigi (ferrador),",dawalolo,d a w a l o l o,,griffiths2002,,,,,2723,0,0,?
Kadiweo-118_ant-4,,Kadiweo,118_ant,"awicijipi, dibixoGo, dawalolo (carregador), latinigi (ferrador),",latinigi,l a t i n i g i,,griffiths2002,,,,,2722,0,0,?
Kadiweo-89_fur-1,,Kadiweo,89_fur,"ewacogo, lolaadi, lolaadogo",ewacogo,e w a k o g o,,griffiths2002,,,,,4134,0,0,?
Kadiweo-89_fur-2,,Kadiweo,89_fur,"ewacogo, lolaadi, lolaadogo",lolaadi,l o l aː d i,,griffiths2002,,,,,4135,0,0,?
Kadiweo-89_fur-3,,Kadiweo,89_fur,"ewacogo, lolaadi, lolaadogo",lolaadogo,l o l aː d o g o,,griffiths2002,,,,,4135,0,0,?
Kadiweo-42_hairhead-1,,Kadiweo,42_hairhead,-amodi,-amodi,a m o d i,,griffiths2002,,,,,1511,0,0,?
Kadiweo-249_penis-1,,Kadiweo,249_penis,eniGodi,eniGodi,e n i ʁ o d i,,griffiths2002,,,,,1514,0,0,?
Kadiweo-124_bed-1,,Kadiweo,124_bed,"-ipe, -medi",-ipe,i p e,,griffiths2002,,,,,819,0,0,?
Kadiweo-124_bed-2,,Kadiweo,124_bed,"-ipe, -medi",-medi,m e d i,,griffiths2002,,,,,1543,0,0,?
Kadiweo-143_plantvb-1,,Kadiweo,143_plantvb,-anaGa,-anaGa,a n a ʁ a,,griffiths2002,,,,,823,0,0,?
Kadiweo-60_doorgate-1,,Kadiweo,60_doorgate,"epoagi, lapoageliodi",epoagi,e p w a g i,,griffiths2002,,,,,833,0,0,?
Kadiweo-60_doorgate-2,,Kadiweo,60_doorgate,"epoagi, lapoageliodi",lapoageliodi,l a p w a g e l j o d i,,griffiths2002,,,,,833,0,0,?
Kadiweo-76_cover-1,,Kadiweo,76_cover,-apoGodi,-apoGodi,a p o ʁ o d i,,griffiths2002,,,,,1560,0,0,?
Kadiweo-278_buy-1,,Kadiweo,278_buy,-inoojete,-inoojete,i n + oː dʒ e t e,,griffiths2002,,,,,1561,0,0,_:3sg buy
Kadiweo-123_burnvbintrans-1,,Kadiweo,123_burnvbintrans,-alegi,-alegi,a l e g i,,griffiths2002,,,,,327,0,0,?
Kadiweo-158_nine-1,,Kadiweo,158_nine,noove,noove,n oː v e,,griffiths2002,,,,,3509,0,0,?
Kadiweo-103_club-1,,Kadiweo,103_club,"GadalakenaGanaGadi, Ganebo",GadalakenaGanaGadi,ʁ a d a l a q e n a ʁ a n a ʁ a d i,,griffiths2002,,,,,4142,0,0,?
Kadiweo-103_club-2,,Kadiweo,103_club,"GadalakenaGanaGadi, Ganebo",Ganebo,ʁ a n e b o,,griffiths2002,,,,,334,0,0,?
Kadiweo-271_sweetpotato-1,,Kadiweo,271_sweetpotato,apiGoje,apiGoje,a p i ʁ o dʒ e,,griffiths2002,,,,,4149,0,0,?
Kadiweo-156_seven-1,,Kadiweo,156_seven,seete,seete,s eː t e,,griffiths2002,,,,,847,0,0,?
Kadiweo-86_path-1,,Kadiweo,86_path,naigi,naigi,n ai g i,,griffiths2002,,,,,2242,0,0,?
Kadiweo-169_knife-1,,Kadiweo,169_knife,-odaajo; yotini (de mesa),-odaajo,o d aː dʒ o,,griffiths2002,,,,,343,0,0,?
Kadiweo-169_knife-2,,Kadiweo,169_knife,-odaajo; yotini (de mesa),yotini,j o t i n i,,griffiths2002,,,,,4152,0,0,?
Kadiweo-170_needle-1,,Kadiweo,170_needle,etakado,etakado,e t a q a d o,,griffiths2002,,,,,854,0,0,?
Kadiweo-104_soulspirit-1,,Kadiweo,104_soulspirit,-iwigo,-iwigo,i w i g o,,griffiths2002,,,,,345,0,0,?
Kadiweo-277_cryweep-1,,Kadiweo,277_cryweep,"-acaage, -ninya, -noe",-acaage,a k aː g e,,griffiths2002,,,,,347,0,0,?
Kadiweo-277_cryweep-2,,Kadiweo,277_cryweep,"-acaage, -ninya, -noe",-ninya,n i n j a,,griffiths2002,,,,,4156,0,0,?
Kadiweo-277_cryweep-3,,Kadiweo,277_cryweep,"-acaage, -ninya, -noe",-noe,n + o e n,,griffiths2002,,,,,4156,0,0,_:3sg cry
Kadiweo-155_six-1,,Kadiweo,155_six,dibatio,dibatio,d i b a t i o,,griffiths2002,,,,,3916,0,0,?
Kadiweo-287_maizecorn-1,,Kadiweo,287_maizecorn,etacoligi,etacoligi,e t a k o l i g i,,griffiths2002,,,,,4158,0,0,?
Kadiweo-206_oldman-1,,Kadiweo,206_oldman,oxiiGodi,oxiiGodi,o tʃ iː ʁ o d i,,griffiths2002,,,,,353,0,0,?
Kadiweo-151_twenty-1,,Kadiweo,151_twenty,onokoticoGodigo,onokoticoGodigo,o n o q o t i k o ʁ o d i g o,,griffiths2002,,,,,359,0,0,?
Kadiweo-295_ripe-1,,Kadiweo,295_ripe,jeGei,jeGei,dʒ e ʁ ei,,griffiths2002,,,,,4161,0,0,?
Kadiweo-270_tapiocamanioccassava-1,,Kadiweo,270_tapiocamanioccassava,eneewigigi,eneewigigi,e n eː w i g i g i,,griffiths2002,,,,,2843,0,0,?
Kadiweo-159_cook-1,,Kadiweo,159_cook,-oola,-oola,oː l a,,griffiths2002,,,,,4169,0,0,?
Kadiweo-207_oldwoman-1,,Kadiweo,207_oldwoman,opake,opake,o p a q e,,griffiths2002,,,,,2871,0,0,?
Kadiweo-252_cow-1,,Kadiweo,252_cow,waaca,waaca,w aː k a,,griffiths2002,,,,,297,0,0,?
Kadiweo-173_lizard-1,,Kadiweo,173_lizard,nijaaligijegi,nijaaligijegi,n i dʒ aː l i g i dʒ e g i,,griffiths2002,,,,,4172 914,0,0,?
Kadiweo-267_nest-1,,Kadiweo,267_nest,libato,libato,l i b a t o,,griffiths2002,,,,,396,0,0,?
Kadiweo-302_pig-1,,Kadiweo,302_pig,nigidagi,nigidagi,n i g i d a g i,,griffiths2002,,,,,920,0,0,?
Kadiweo-174_dove-1,,Kadiweo,174_dove,yotibi,yotibi,j o t i b i,,griffiths2002,,,,,4174,0,0,?
Kadiweo-260_crocodilealligator-1,,Kadiweo,260_crocodilealligator,ninyoGoxegi,ninyoGoxegi,n i n j o ʁ o tʃ e g i,,griffiths2002,,,,,4175,0,0,?
Kadiweo-186_shell-1,,Kadiweo,186_shell,goxaala,goxaala,g o tʃ aː l a,,griffiths2002,,,,,1756,0,0,?
Kadiweo-286_grasshopper-1,,Kadiweo,286_grasshopper,"Gonipidi, elegelegi (gde)",Gonipidi,ʁ o n i p i d i,,griffiths2002,,,,,4182,0,0,?
Kadiweo-286_grasshopper-2,,Kadiweo,286_grasshopper,"Gonipidi, elegelegi (gde)",elegelegi,e l e g e l e g i,,griffiths2002,,,,,3628,0,0,?
Kadiweo-113_horseequine-1,,Kadiweo,113_horseequine,apolicaGanaGa,apolicaGanaGa,a p o l i k a ʁ a n a ʁ a,,griffiths2002,,,,,4184,0,0,?
Kadiweo-208_mule-1,,Kadiweo,208_mule,boliico,boliico,b o l iː k o,,griffiths2002,,,,,953,0,0,?
Kadiweo-115_sheep-1,,Kadiweo,115_sheep,waxacoco,waxacoco,w a tʃ a k o k o,,griffiths2002,,,,,449,0,0,?
Kadiweo-256_bull-1,,Kadiweo,256_bull,alolanaGa,alolanaGa,a l o l a n a ʁ a,,griffiths2002,,,,,4189,0,0,?
Kadiweo-255_ox-1,,Kadiweo,255_ox,"ewalaile, GodinaGa",ewalaile,e w a l ai l e,,griffiths2002,,,,,4190,0,0,?
Kadiweo-255_ox-2,,Kadiweo,255_ox,"ewalaile, GodinaGa",GodinaGa,ʁ o d i n a ʁ a,,griffiths2002,,,,,4191,0,0,?
Kadiweo-242_assdonkey-1,,Kadiweo,242_assdonkey,"emadica, boliico",emadica,e m a d i k a,,griffiths2002,,,,,970,0,0,?
Kadiweo-242_assdonkey-2,,Kadiweo,242_assdonkey,"emadica, boliico",boliico,b o l iː k o,,griffiths2002,,,,,970,0,0,?
Kadiweo-161_wolf-1,,Kadiweo,161_wolf,diwilecoGoni,diwilecoGoni,d i w i l e k o ʁ o n i,,griffiths2002,,,,,4192,0,0,?
Kadiweo-40_borntobe-1,,Kadiweo,40_borntobe,-ani(tini); -okoloGo,-ani+tini,a n i + t i n i,,griffiths2002,,,,,2990 1822,0,0,be.born down
Kadiweo-40_borntobe-2,,Kadiweo,40_borntobe,-ani(tini); -okoloGo,-okoloGo,o q o l o ʁ o,,griffiths2002,,,,,4197,0,0,?
Kadiweo-258_poison-1,,Kadiweo,258_poison,weneeno,weneeno,w e n eː n o,,griffiths2002,,,,,4200,0,0,?
Kadiweo-301_urinate-1,,Kadiweo,301_urinate,-nipaadi,-nipaadi,n i p aː d i,,griffiths2002,,,,,487,0,0,?
Kadiweo-68_womb-1,,Kadiweo,68_womb,le; -ode,le,l e,,griffiths2002,,,,,4206,0,0,?
Kadiweo-68_womb-2,,Kadiweo,68_womb,le; -ode,-ode,o d e,,griffiths2002,,,,,3075,0,0,?
Kadiweo-144_mute-1,,Kadiweo,144_mute,ewaloGonaGa,ewaloGonaGa,e w a l o ʁ o n a ʁ a,,griffiths2002,,,,,4207,0,0,?
Kadiweo-63_thumb-1,,Kadiweo,63_thumb,neloodo,neloodo,n e l oː d o,,griffiths2002,,,,,2406,0,0,?
Kadiweo-134_itch-1,,Kadiweo,134_itch,-iwiti,-iwiti,i w i t i,,griffiths2002,,,,,4210,0,0,?
Kadiweo-269_wakeup-1,,Kadiweo,269_wakeup,-iwodi,-iwodi,i w o d i,,griffiths2002,,,,,2427,0,0,?
Kadiweo-71_window-1,,Kadiweo,71_window,lagi; nawiweneGegi,lagi,l a g i,,griffiths2002,,,,,1942,0,0,?
Kadiweo-71_window-2,,Kadiweo,71_window,lagi; nawiweneGegi,nawiweneGegi,n a w i w e n e ʁ e g i,,griffiths2002,,,,,4215,0,0,?
Kadiweo-127_cousin-1,,Kadiweo,127_cousin,ileedi,ileedi,i l eː d i,,griffiths2002,,,,,2436,0,0,?
Kadiweo-87_place-1,,Kadiweo,87_place,limedi(ta),l+imedita,l + i m e d i t a,,griffiths2002,,,,,4219 1961,0,0,_:poss place
Kadiweo-137_potter-1,,Kadiweo,137_potter,niwilanaGanaGa,niwilan+aGan+aGa,n i + w i l a + n a ʁ a n + a ʁ a,,griffiths2002,,,,,4221 1972 1971,0,0,_:3sg clay _:val _:nmlz
Kadiweo-105_shadeshadow-1,,Kadiweo,105_shadeshadow,wa,wa,w a,,griffiths2002,,,,,4222,0,0,?
Kadiweo-165_write-1,,Kadiweo,165_write,-idí,-idí,i d i,,griffiths2002,,,,,1983,0,0,?
Kadiweo-122_altar-1,,Kadiweo,122_altar,ladienigi,ladienigi,l a d j e n i g i,,griffiths2002,,,,,4050,0,0,?
Lule-85_blood-1,,Lule,85_blood,eué,eué,e w e,,machoni1878,,,,,2,0,0,?
Lule-59_mouth-1,,Lule,59_mouth,cá,cá,k a,,machoni1878,,,,,2481,0,0,?
Lule-79_head-1,,Lule,79_head,tocó,tocó,t o k o,,machoni1878,,,,,543,0,0,?
Lule-56_hand-1,,Lule,56_hand,ys,ys,i s,,machoni1878,,,,,2484,0,0,?
Lule-53_ear-1,,Lule,53_ear,cús ancp,cús ancp,k u s + a n θ p,,machoni1878,,,,,4234 4235,0,0,? leaf
Lule-50_red-1,,Lule,50_red,lapíp,lapíp,l a p i p,,machoni1878,,,,,4238,0,0,?
Lule-163_see-1,,Lule,163_see,eç,e+ç,e + ts,,machoni1878,,,,,1144 1147,0,0,see _:inf
Lule-163_see-2,,Lule,163_see,aualacíç,aualací+ç,a w a l a k i + ts,,machoni1878,,,,,4241 1147,0,0,see _:inf
Lule-37_husband-1,,Lule,37_husband,cupé,cupé,k u p e,,machoni1878,,,,,555,0,0,?
Lule-38_wife-1,,Lule,38_wife,cumué,cumué,k u m u e,,machoni1878,,,,,28,0,0,?
Lule-38_wife-2,,Lule,38_wife,eaeaup,eaeaup,e a e a u p,,machoni1878,,,,,4242,0,0,?
Lule-138_hear-1,,Lule,138_hear,yuisç,yuis+ç,i w i s + ts,,machoni1878,,,,,34 32,0,0,hear _:inf
Lule-138_hear-2,,Lule,138_hear,cusyeplúç,cusyeplú+ç,k u s j e p l u + ts,,machoni1878,,,,,4243 32,0,0,hear _:inf
Lule-187_bird-1,,Lule,187_bird,sotó,sotó,s o t o,,machoni1878,,,,,35,0,0,?
Lule-97_fish-1,,Lule,97_fish,peás,peás,p e a s,,machoni1878,,,,,559,0,0,?
Lule-130_louse-1,,Lule,130_louse,micés,micés,m i k e s,,machoni1878,,,,,4251,0,0,?
Lule-130_louse-2,,Lule,130_louse,céy,céy,k ei,,machoni1878,,,,,562,0,0,?
Lule-129_dog-1,,Lule,129_dog,culé,culé,k u l e,,machoni1878,,,,,2502,0,0,?
Lule-251_tongue-1,,Lule,251_tongue,lequy,lequy,l e k i,,machoni1878,,,,,564,0,0,?
Lule-78_breastofwoman-1,,Lule,78_breastofwoman,llhú,llhú,ɬ ʔ u,,machoni1878,,,,,4252,0,0,?
Lule-78_breastofwoman-2,,Lule,78_breastofwoman,yné,yné,i n e,,machoni1878,,,,,1164,0,0,?
Lule-98_wing-1,,Lule,98_wing,pyly,pyly,p i l i,,machoni1878,,,,,568,0,0,?
Lule-82_back-1,,Lule,82_back,cilaçíp,cilaçíp,ts i l a tʃ i p,,machoni1878,,,,,4253,0,0,?
Lule-83_bone-1,,Lule,83_bone,yssé,yssé,i s e,,machoni1878,,,,,4254,0,0,?
Lule-120_leg-1,,Lule,120_leg,ysé,ysé,i s e,,machoni1878,,,,,4255,0,0,?
Lule-246_foot-1,,Lule,246_foot,ellú,ellú,e ɬ u,,machoni1878,,,,,4256,0,0,?
Lule-261_heart-1,,Lule,261_heart,ycét,ycét,i k e t,,machoni1878,,,,,2044 62,0,0,?
Lule-125_sleep-1,,Lule,125_sleep,viç,vi+ç,w i + ts,,machoni1878,,,,,4257 64,0,0,sleep _:inf
Lule-114_tail-1,,Lule,114_tail,vatásp,vatásp,w a t a s p,,machoni1878,,,,,4258,0,0,?
Lule-111_kill-1,,Lule,111_kill,tacmóiç,tac+mói+ç,t a k + m oi + ts,,machoni1878,,,,,579 3847 1178,0,0,kill _inf
Lule-111_kill-2,,Lule,111_kill,smóiç,s+mói+ç,s + m oi + ts,,machoni1878,,,,,3848 3847 1178,0,0,kill _inf
Lule-75_skinhide-1,,Lule,75_skinhide,nacs,nacs,n a k s,,machoni1878,,,,,4260,0,0,?
Lule-44_feather-1,,Lule,44_feather,ynep,ynep,i n e p,,machoni1878,,,,,1186,0,0,?
Lule-44_feather-2,,Lule,44_feather,pily,pily,p i l i,,machoni1878,,,,,2520,0,0,?
Lule-139_earthgroundsoil-1,,Lule,139_earthgroundsoil,a,a,a,,machoni1878,,,,,4263,0,0,?
Lule-154_four-1,,Lule,154_four,locuép,locuép,l o k u e p,,machoni1878,,,,,4269,0,0,?
Lule-167_yellow-1,,Lule,167_yellow,soop,soop,s oː p,,machoni1878,,,,,4270,0,0,?
Lule-133_flyvb-1,,Lule,133_flyvb,pylyç,pyly+ç,p i l i + ts,,machoni1878,,,,,591 4271,0,0,fly _:inf
Lule-133_flyvb-2,,Lule,133_flyvb,zolépç,zolép+ç,ts o l e p + ts,,machoni1878,,,,,4272 4271,0,0,fly _:inf
Lule-297_root-1,,Lule,297_root,pys,pys,p i s,,machoni1878,,,,,90,0,0,?
Lule-243_black-1,,Lule,243_black,celép,celé+p,ts e l e + p,,machoni1878,,,,,4274 4275,0,0,black _:adj
Lule-164_dust-1,,Lule,164_dust,a,a,a,,machoni1878,,,,,1220,0,0,?
Lule-164_dust-2,,Lule,164_dust,ohó,ohó,o ʔ o,,machoni1878,,,,,600,0,0,?
Lule-168_star-1,,Lule,168_star,zocuel,zocuel,ts o k w e l,,machoni1878,,,,,4278 4279,0,0,?
Lule-168_star-2,,Lule,168_star,ayut,ayut,a u t,,machoni1878,,,,,605,0,0,?
Lule-280_personhumanbeing-1,,Lule,280_personhumanbeing,pelé,pelé,p e l e,,machoni1878,,,,,607,0,0,?
Lule-66_mother-1,,Lule,66_mother,umué,umué,u m u e,,machoni1878,,,,,3229,0,0,?
Lule-145_nearadv-1,,Lule,145_nearadv,ocoque,ocoque,o k o k e,,machoni1878,,,,,4284 615,0,0,?
Lule-145_nearadv-2,,Lule,145_nearadv,ococotá,ococotá,o k o k o t a,,machoni1878,,,,,4285 615,0,0,?
Lule-92_cloud-1,,Lule,92_cloud,yayáp,yayáp,j a j a p,,machoni1878,,,,,1244,0,0,?
Lule-279_come-1,,Lule,279_come,neç,ne+ç,n e + ts,,machoni1878,,,,,113 4289,0,0,come _:inf
Lule-43_leaf-1,,Lule,43_leaf,ançáp,ançáp,a n tʃ a p,,machoni1878,,,,,4290,0,0,?
Lule-93_sky-1,,Lule,93_sky,zó,zó,ts o,,machoni1878,,,,,1253,0,0,?
Lule-90_bark-1,,Lule,90_bark,nacíp,nacíp,n a k i p,,machoni1878,,,,,4292,0,0,?
Lule-140_where-1,,Lule,140_where,ciamá,ciamá,ts j a m a,,machoni1878,,,,,1274,0,0,?
Lule-298_ropecord-1,,Lule,298_ropecord,ualáp,ualáp,w a l a p,,machoni1878,,,,,4300,0,0,?
Lule-298_ropecord-2,,Lule,298_ropecord,nacsticciç,nacsticciç,n a k s t i k ts i ts,,machoni1878,,,,,4301,0,0,?
Lule-298_ropecord-3,,Lule,298_ropecord,nacs,nacs,n a k s,,machoni1878,,,,,1285,0,0,?
Lule-298_ropecord-4,,Lule,298_ropecord,lolóipé,lolóipé,l o l oi p e,,machoni1878,,,,,4302,0,0,?
Lule-141_how-1,,Lule,141_how,uscéma,uscéma,u s k e m a,,machoni1878,,,,,3277,0,0,?
Lule-153_three-1,,Lule,153_three,tamlip,tamlip,t a m l i p,,machoni1878,,,,,4303 4304,0,0,?
Lule-244_white-1,,Lule,244_white,poop,poo+p,p oː + p,,machoni1878,,,,,1287 4305,0,0,white _:adj
Lule-244_white-2,,Lule,244_white,tenquép,tenqué+p,t e ŋ k e + p,,machoni1878,,,,,4306 1287,0,0,white _:adj
Lule-244_white-3,,Lule,244_white,coomquép,coomqué+p,k oː m k e + p,,machoni1878,,,,,4307 1287,0,0,white _:adj
Lule-244_white-4,,Lule,244_white,amesquép,amesqué+p,a m e s k e + p,,machoni1878,,,,,4307 1287,0,0,white _:adj
Lule-146_faradv-1,,Lule,146_faradv,moquemá,moque+má,m o k e + m a,,machoni1878,,,,,3282 4308,0,0,far _:abl
Lule-146_faradv-2,,Lule,146_faradv,aytó,aytó,a t o,,machoni1878,,,,,1291,0,0,?
Lule-106_year-1,,Lule,106_year,uoó,uoó,w oː,,machoni1878,,,,,2098,0,0,?
Lule-162_drink-1,,Lule,162_drink,ucç,uc+ç,u k + ts,,machoni1878,,,,,139 1297,0,0,drink _:inf
Lule-248_flower-1,,Lule,248_flower,attohó,attohó,a tˀ o ʔ o,,machoni1878,,,,,4311,0,0,?
Lule-41_fall-1,,Lule,41_fall,tolç,tol+ç,t o l + ts,,machoni1878,,,,,3289 1306,0,0,fall _:inf
Lule-41_fall-2,,Lule,41_fall,eicuépuyaç loseapmóiç,eicuépuyaç loseapmóiç,ei k w e p w i a tʃ + l o s e a p m oi ts,,machoni1878,,,,,4314 4315,0,0,? ?
Lule-41_fall-3,,Lule,41_fall,eicuépuyaçé loçcapmoicé,eicuépuyaçé loçcapmoicé,ei k w e p w i a tʃ e + l o tʃ k a p m oi k e,,machoni1878,,,,,4314 4315,0,0,? ?
Lule-41_fall-4,,Lule,41_fall,cililisç,cililis+ç,ts i l i l i s + ts,,machoni1878,,,,,4316 1306,0,0,fall _:inf
Lule-41_fall-5,,Lule,41_fall,yacanáqui tolç,yacanáqui+tol+ç,j a k a n a k i + t o l + ts,,machoni1878,,,,,1304 3289 1306,0,0,? fall _:inf
Lule-41_fall-6,,Lule,41_fall,yelévety tolç,yelévety tol+ç,j e l e w e t i + t o l + ts,,machoni1878,,,,,4314 3289 1306,0,0,? fall _:inf
Lule-41_fall-7,,Lule,41_fall,laquy tolç,laquy tol+ç,l a k i + t o l + ts,,machoni1878,,,,,1305 3289 1306,0,0,? fall _:inf
Lule-41_fall-8,,Lule,41_fall,yeuláiç,yeulái+ç,j e w l ai + ts,,machoni1878,,,,,4314 1306,0,0,fall _:inf
Lule-41_fall-9,,Lule,41_fall,necililisç,ne+cililis+ç,n e + ts i l i l i s + ts,,machoni1878,,,,,1304 4316 1306,0,0,? fall _:inf
Lule-264_know-1,,Lule,264_know,oalecíç,oalecí+ç,o a l e k i + ts,,machoni1878,,,,,148 4317,0,0,know _:inf
Lule-274_ashes-1,,Lule,274_ashes,azupú,azupú,a ts u p u,,machoni1878,,,,,4319,0,0,?
Lule-65_largebig-1,,Lule,65_largebig,ayép,ayé+p,a e + p,,machoni1878,,,,,660 2101,0,0,big _:adj
Lule-65_largebig-2,,Lule,65_largebig,pulum,pulum,p u l u m,,machoni1878,,,,,3300,0,0,?
Lule-65_largebig-3,,Lule,65_largebig,ycép,ycé+p,i k e + p,,machoni1878,,,,,2101 4320,0,0,big _:adj
Lule-148_short-1,,Lule,148_short,cucuyutó,cucuyutó,k u k u j u t o,,machoni1878,,,,,1315,0,0,?
Lule-148_short-2,,Lule,148_short,quelquelecstó,quelquelecstó,k e l k e l e k s t o,,machoni1878,,,,,1315,0,0,?
Lule-276_eat-1,,Lule,276_eat,cayç,cay+ç,k ai + ts,,machoni1878,,,,,1333 1330,0,0,eat _:inf
Lule-276_eat-2,,Lule,276_eat,yams apóç,yams apó+ç,j a m s + a p o + ts,,machoni1878,,,,,1331 1334 1330,0,0,eat ? _:inf
Lule-276_eat-3,,Lule,276_eat,pelç,pel+ç,p e l + ts,,machoni1878,,,,,1334 1330,0,0,eat _:inf
Lule-276_eat-4,,Lule,276_eat,lerç,ler+ç,l e ɾ + ts,,machoni1878,,,,,168 1330,0,0,eat _:inf
Lule-276_eat-5,,Lule,276_eat,vesç,ves+ç,w e s + ts,,machoni1878,,,,,4325 1330,0,0,eat _:inf
Lule-276_eat-6,,Lule,276_eat,yamit,yami+t,j a m i + t,,machoni1878,,,,,1331 1330,0,0,eat _:inf
Lule-276_eat-7,,Lule,276_eat,ancç,anc+ç,a ŋ k + ts,,machoni1878,,,,,167 1330,0,0,eat _:inf
Lule-276_eat-8,,Lule,276_eat,nemúç,nemú+ç,n e m u + ts,,machoni1878,,,,,1331 1330,0,0,eat _:inf
Lule-191_grass-1,,Lule,191_grass,nahalá,nahalá,n a ʔ a l a,,machoni1878,,,,,1339,0,0,?
Lule-191_grass-2,,Lule,191_grass,çâ,çâ,ts a,,machoni1878,,,,,4327,0,0,?
Lule-152_one-1,,Lule,152_one,alapeá,alapeá,a l a p e a,,machoni1878,,,,,2114,0,0,?
Lule-263_everyall-1,,Lule,263_everyall,yaouonpan,yaouon+pan,j a w o n p + a n,,machoni1878,,,,,4328 678,0,0,all _:?
Lule-291_name-1,,Lule,291_name,uety,uety,w e t i,,machoni1878,,,,,4330,0,0,?
Lule-282_father-1,,Lule,282_father,pé,pé,p e,,machoni1878,,,,,4332,0,0,?
Lule-100_smalllittle-1,,Lule,100_smalllittle,quelelécs,quelelécs,k e l e l e k s,,machoni1878,,,,,4333,0,0,?
Lule-100_smalllittle-2,,Lule,100_smalllittle,cuelcuéltó,cuelcuéltó,k w e l k u e l t o,,machoni1878,,,,,4334,0,0,?
Lule-100_smalllittle-3,,Lule,100_smalllittle,cuésp,cués+p,k u e s + p,,machoni1878,,,,,2118 4335,0,0,small _:adj
Lule-15_long-1,,Lule,15_long,ayé+p,ayé+p,a e + p,,machoni1878,,,,,1364 4337,0,0,?
Lule-275_intestinesguts-1,,Lule,275_intestinesguts,coopéi,coopéi,k oː p ei,,machoni1878,,,,,189,0,0,?
Lule-275_intestinesguts-2,,Lule,275_intestinesguts,epocó,epocó,e p o k o,,machoni1878,,,,,4338,0,0,?
Lule-188_smellvbtrans-1,,Lule,188_smellvbtrans,usç,us+ç,u s + ts,,machoni1878,,,,,4341 695,0,0,smell _:inf
Lule-52_treecf08600-1,,Lule,52_treecf08600,e,e,e,,machoni1878,,,,,1380,0,0,?
Lule-74_seed-1,,Lule,74_seed,toclé,toclé,t o k l e,,machoni1878,,,,,3360,0,0,?
Lule-47_sun-1,,Lule,47_sun,yny,yny,i n i,,machoni1878,,,,,1390,0,0,?
Lule-283_give-1,,Lule,283_give,ceç,ce+ç,ts e + ts,,machoni1878,,,,,4353 4354,0,0,give _:inf
Lule-283_give-2,,Lule,283_give,yeplucç,yep+luc+ç,j e p + l u k + ts,,machoni1878,,,,,2133 4355 4353,0,0,hand give _:inf
Lule-283_give-3,,Lule,283_give,taclucç,tac+luc+ç,t a k + l u k + ts,,machoni1878,,,,,1402 4355 4353,0,0,feet give _:inf
Lule-136_littlequantityfew-1,,Lule,136_littlequantityfew,cecestó,cecestó,ts e ts e s t o,,machoni1878,,,,,4356,0,0,?
Lule-147_muchmany-1,,Lule,147_muchmany,euip,eui+p,e w i + p,,machoni1878,,,,,2654 4358,0,0,much _:adj
Lule-266_cold-1,,Lule,266_cold,queip,quei+p,k ei + p,,machoni1878,,,,,3388 4360,0,0,cold _:adj
Lule-39_sit-1,,Lule,39_sit,lohóç,lohó+ç,l o ʔ o + ts,,machoni1878,,,,,2138 1414,0,0,sit _:inf
Lule-285_fruit-1,,Lule,285_fruit,po,po,p o,,machoni1878,,,,,227,0,0,?
Lule-285_fruit-2,,Lule,285_fruit,uelép,uelép,w e l e p,,machoni1878,,,,,2144,0,0,?
Lule-323_hold-1,,Lule,323_hold,metç,met+ç,m e t + ts,,machoni1878,,,,,4367 4368,0,0,hold _:inf
Lule-323_hold-2,,Lule,323_hold,vátç,vát+ç,w a t + ts,,machoni1878,,,,,4367 4368,0,0,hold _:inf
Lule-323_hold-3,,Lule,323_hold,taç,ta+ç,t a + ts,,machoni1878,,,,,1427 4368,0,0,hold _:inf
Lule-323_hold-4,,Lule,323_hold,nicálç,nic+ál+ç,n i k + a l + ts,,machoni1878,,,,,730 4369 4368,0,0,? ? _:inf
Lule-323_hold-5,,Lule,323_hold,losiépiytç,losiépiyt+ç,l o s j e p iː t + ts,,machoni1878,,,,,4370 4368,0,0,hold _:inf
Lule-46_animal-1,,Lule,46_animal,uahá,uahá,w a ʔ a,,machoni1878,,,,,4377,0,0,?
Lule-46_animal-2,,Lule,46_animal,vaá,vaá,w aː,,machoni1878,,,,,4377,0,0,?
Lule-35_spider-1,,Lule,35_spider,emys,emys,e m i s,,machoni1878,,,,,4378,0,0,?
Lule-35_spider-2,,Lule,35_spider,alohy eme,alohy eme,a l o ʔ i + e m e,,machoni1878,,,,,4379 4378,0,0,? ?
Lule-35_spider-3,,Lule,35_spider,emys laps,emys laps,e m i s + l a p s,,machoni1878,,,,,4378 4380,0,0,spider red
Lule-35_spider-4,,Lule,35_spider,emys canacs,emys canacs,e m i s + k a n a k s,,machoni1878,,,,,4378 4381,0,0,spider flat
Lule-35_spider-5,,Lule,35_spider,emys celep,emys celep,e m i s + ts e l e p,,machoni1878,,,,,4378 4380,0,0,spider black
Lule-57_arm-1,,Lule,57_arm,ynhé,ynhé,i n ʔ e,,machoni1878,,,,,4382,0,0,?
Lule-102_horn-1,,Lule,102_horn,yné,yné,i n e,,machoni1878,,,,,4384,0,0,?
Lule-58_beard-1,,Lule,58_beard,cauó,cauó,k a u o,,machoni1878,,,,,2157,0,0,?
Lule-254_chest-1,,Lule,254_chest,auy llhu,auy llhu,a w i + ɬ ʔ u,,machoni1878,,,,,4385 4386,0,0,plain breast
Lule-62_lip-1,,Lule,62_lip,canús,canús,k a + n u s,,machoni1878,,,,,4387,0,0,mouth ?
Lule-62_lip-2,,Lule,62_lip,canács,canács,k a + n a k s,,machoni1878,,,,,4387,0,0,mouth skin
Lule-64_finger-1,,Lule,64_finger,ys anç,ys anç,i s + a n ts,,machoni1878,,,,,4390 2169,0,0,hand ?
Lule-64_finger-2,,Lule,64_finger,ys un ué,ys un ué,i s + u n + u e,,machoni1878,,,,,4390 2169 749,0,0,hand ? ?
Lule-64_finger-3,,Lule,64_finger,ystán,ys+tán,i s + t a n,,machoni1878,,,,,4390 2169,0,0,hand ?
Lule-64_finger-4,,Lule,64_finger,ys cué,ys cué,i s + k u e,,machoni1878,,,,,4390 749,0,0,hand ?
Lule-281_elbow-1,,Lule,281_elbow,salés,salés,s a l e s,,machoni1878,,,,,4391,0,0,?
Lule-94_fingernail-1,,Lule,94_fingernail,ysçanequé,ysçanequé,i s tʃ a n e k e,,machoni1878,,,,,1449,0,0,?
Lule-299_thunder-1,,Lule,299_thunder,tilp,tilp,t i l p,,machoni1878,,,,,4393,0,0,?
Lule-109_lightning-1,,Lule,109_lightning,lipitip,lipit+ip,l i p i t + i p,,machoni1878,,,,,4122 4394,0,0,lightning _:nmlz
Lule-126_liedown-1,,Lule,126_liedown,cotóç,cotóç,k o t o ts,,machoni1878,,,,,4395,0,0,?
Lule-126_liedown-2,,Lule,126_liedown,eléç,elé+ç,e l e + ts,,machoni1878,,,,,4396 4397,0,0,lie _:inf
Lule-72_house-1,,Lule,72_house,uyá,uyá,u a,,machoni1878,,,,,766,0,0,?
Lule-72_house-2,,Lule,72_house,enú,enú,e n u,,machoni1878,,,,,765,0,0,?
Lule-101_child-1,,Lule,101_child,cué ceces,cué ceces,k w e + ts e ts e s,,machoni1878,,,,,2181 4400,0,0,child _:dim
Lule-296_road-1,,Lule,296_road,vin,vin,w i n,,machoni1878,,,,,4401,0,0,?
Lule-150_ten-1,,Lule,150_ten,ysyauomp,ysyauomp,i s j a w o m p,,machoni1878,,,,,4402,0,0,?
Lule-110_fightvb-1,,Lule,110_fightvb,loptécç,loptéc+ç,l o p t e k + ts,,machoni1878,,,,,3443 1478,0,0,fight _:inf
Lule-110_fightvb-2,,Lule,110_fightvb,lopuátç,lopuát+ç,l o p u a t + ts,,machoni1878,,,,,3443 1478,0,0,fight _:inf
Lule-110_fightvb-3,,Lule,110_fightvb,nupláasç,nupláas+ç,n u p l aː s + ts,,machoni1878,,,,,4403 1478,0,0,fight _:inf
Lule-110_fightvb-4,,Lule,110_fightvb,nupléasç,nupléas+ç,n u p l e a s + ts,,machoni1878,,,,,4403 1478,0,0,fight _:inf
Lule-110_fightvb-5,,Lule,110_fightvb,leopç,leop+ç,l e o p + ts,,machoni1878,,,,,3443 1478,0,0,fight _:inf
Lule-293_owl-1,,Lule,293_owl,cocó,cocó,k o k o,,machoni1878,,,,,277,0,0,?
Lule-293_owl-2,,Lule,293_owl,cocoeu,cocoeu,k o k o e u,,machoni1878,,,,,277 4404,0,0,?
Lule-293_owl-3,,Lule,293_owl,zalá quiquips,zalá quiquips,ts a l a + k i k i p s,,machoni1878,,,,,276 277,0,0,? ?
Lule-293_owl-4,,Lule,293_owl,zócs,zócs,ts o k s,,machoni1878,,,,,277,0,0,?
Lule-273_cat-1,,Lule,273_cat,yliuy,yliuy,i l i w i,,machoni1878,,,,,2714,0,0,?
Lule-273_cat-2,,Lule,273_cat,sotó,sotó,s o t o,,machoni1878,,,,,776,0,0,?
Lule-273_cat-3,,Lule,273_cat,uylapíp,uylapíp,w i l a p i p,,machoni1878,,,,,2714,0,0,?
Lule-55_bee-1,,Lule,55_bee,yana acuá,yana acuá,j a n a + a k w a,,machoni1878,,,,,1494 1492,0,0,? ?
Lule-55_bee-2,,Lule,55_bee,yalám acuá,yalám acuá,j a l a m + a k w a,,machoni1878,,,,,2193 1492,0,0,? ?
Lule-55_bee-3,,Lule,55_bee,ané acuá,ané acuá,a n e + a k w a,,machoni1878,,,,,1494 1492,0,0,? ?
Lule-55_bee-4,,Lule,55_bee,cués umué acuá,cués umué acuá,k u e s + u m u e + a k w a,,machoni1878,,,,,4407 2193 1492,0,0,? ?
Lule-55_bee-5,,Lule,55_bee,coalecs acua,coalecs+acua,k o a l e k s + a k w a,,machoni1878,,,,,4408 1492,0,0,? ?
Lule-55_bee-6,,Lule,55_bee,amil acuá,amil acuá,a m i l + a k w a,,machoni1878,,,,,2193 1492,0,0,? ?
Lule-289_parrot-1,,Lule,289_parrot,ele,ele,e l e,,machoni1878,,,,,2194,0,0,?
Lule-128_flea-1,,Lule,128_flea,pinpin,pinpin,p i n p i n,,machoni1878,,,,,3457,0,0,?
Lule-166_deer-1,,Lule,166_deer,shalá,shalá,s ʔ a l a,,machoni1878,,,,,4410,0,0,?
Lule-118_ant-1,,Lule,118_ant,comá,comá,k o m a,,machoni1878,,,,,3470,0,0,?
Lule-118_ant-2,,Lule,118_ant,uahapahamá,uahapahamá,w a ʔ a p a ʔ a m a,,machoni1878,,,,,4411,0,0,?
Lule-118_ant-3,,Lule,118_ant,lasy,lasy,l a s i,,machoni1878,,,,,785,0,0,?
Lule-118_ant-4,,Lule,118_ant,lacacáy,lacacáy,l a k a k ai,,machoni1878,,,,,1503,0,0,?
Lule-118_ant-5,,Lule,118_ant,acuá,acuá,a k u a,,machoni1878,,,,,299,0,0,?
Lule-118_ant-6,,Lule,118_ant,opeopé,opeopé,o p e o p e,,machoni1878,,,,,4412,0,0,?
Lule-118_ant-7,,Lule,118_ant,uyám,uyám,u j a m,,machoni1878,,,,,3470,0,0,?
Lule-118_ant-8,,Lule,118_ant,soaás,soaás,s o aː s,,machoni1878,,,,,785,0,0,?
Lule-118_ant-9,,Lule,118_ant,cololóy,cololóy,k o l o l oi,,machoni1878,,,,,2723,0,0,?
Lule-118_ant-10,,Lule,118_ant,su,su,s u,,machoni1878,,,,,785,0,0,?
Lule-118_ant-11,,Lule,118_ant,enaná,enaná,e n a n a,,machoni1878,,,,,4413,0,0,?
Lule-89_fur-1,,Lule,89_fur,nacs,nacs,n a k s,,machoni1878,,,,,4414,0,0,?
Lule-42_hairhead-1,,Lule,42_hairhead,cauó,cauó,k a u o,,machoni1878,,,,,2728,0,0,?
Lule-42_hairhead-2,,Lule,42_hairhead,caplhé,caplhé,k a p ɬ e,,machoni1878,,,,,4415,0,0,?
Lule-42_hairhead-3,,Lule,42_hairhead,scélp,scélp,s k e l p,,machoni1878,,,,,4416,0,0,?
Lule-42_hairhead-4,,Lule,42_hairhead,scunéump,scunéump,s k u n e u m p,,machoni1878,,,,,4416,0,0,?
Lule-42_hairhead-5,,Lule,42_hairhead,sucué,sucué,s u k u e,,machoni1878,,,,,2728,0,0,?
Lule-249_penis-1,,Lule,249_penis,pesú,pesú,p e s u,,machoni1878,,,,,4418,0,0,?
Lule-88_skull-1,,Lule,88_skull,tocó ysé,tocó ysé,t o k o + i s e,,machoni1878,,,,,796 4421,0,0,head leg
Lule-262_under-1,,Lule,262_under,taquenma,taquenma,t a k e n m a,,machoni1878,,,,,4426,0,0,?
Lule-124_bed-1,,Lule,124_bed,sipé,sipé,s i p e,,machoni1878,,,,,819,0,0,?
Lule-143_plantvb-1,,Lule,143_plantvb,yácç,yác+ç,j a k + ts,,machoni1878,,,,,1546 1545,0,0,plant _:inf
Lule-73_village-1,,Lule,73_village,enu,enu,e n u,,machoni1878,,,,,1553,0,0,?
Lule-73_village-2,,Lule,73_village,yauplé,yauplé,j a u p l e,,machoni1878,,,,,4431,0,0,?
Lule-73_village-3,,Lule,73_village,yahupé,yahupé,j a ʔ u p e,,machoni1878,,,,,4431,0,0,?
Lule-268_upabove-1,,Lule,268_upabove,zomá,zo+má,ts o + m a,,machoni1878,,,,,2235 4432,0,0,top _:posp
Lule-268_upabove-2,,Lule,268_upabove,zotá,zo+tá,ts o + t a,,machoni1878,,,,,4433 2235,0,0,top _:posp
Lule-268_upabove-3,,Lule,268_upabove,zolé,zo+lé,ts o + l e,,machoni1878,,,,,2235 2234,0,0,top _:posp
Lule-268_upabove-4,,Lule,268_upabove,toipma,toip+ma,t oi p + m a,,machoni1878,,,,,2235 4432,0,0,top _:posp
Lule-60_doorgate-1,,Lule,60_doorgate,enu cá,enu cá,e n u + k a,,machoni1878,,,,,1559 833,0,0,house mouth
Lule-60_doorgate-2,,Lule,60_doorgate,caémp,caémp,k a e m p,,machoni1878,,,,,4435,0,0,?
Lule-76_cover-1,,Lule,76_cover,pacíç,pací+ç,p a k i + ts,,machoni1878,,,,,4436 4437,0,0,cover _:inf
Lule-278_buy-1,,Lule,278_buy,venécç,venéc+ç,w e n e k + ts,,machoni1878,,,,,1562 4438,0,0,buy _:inf
Lule-123_burnvbintrans-1,,Lule,123_burnvbintrans,aléç,alé+ç,a l e + ts,,machoni1878,,,,,327 4439,0,0,burn _:inf
Lule-158_nine-1,,Lule,158_nine,locuép moitlé,locuép moitlé,l o k w e p + m oi t l e,,machoni1878,,,,,4441 4442 4443,0,0,four ?
Lule-158_nine-2,,Lule,158_nine,locuép alapeâ,locuép alapeâ,l o k u e p + a l a p e a,,machoni1878,,,,,4441 4442 4444,0,0,four ?
Lule-103_club-1,,Lule,103_club,etipé,etipé,e t i p e,,machoni1878,,,,,3908,0,0,?
Lule-86_path-1,,Lule,86_path,vin,vin,w i n,,machoni1878,,,,,4448,0,0,?
Lule-169_knife-1,,Lule,169_knife,ebellú,ebellú,e b e ɬ u,,machoni1878,,,,,342,0,0,?
Lule-104_soulspirit-1,,Lule,104_soulspirit,ycé,ycé,i k e,,machoni1878,,,,,345,0,0,?
Lule-277_cryweep-1,,Lule,277_cryweep,seç,se+ç,s e + ts,,machoni1878,,,,,859 4454,0,0,cry _:inf
Lule-277_cryweep-2,,Lule,277_cryweep,uhyuhiç,uhyuhi+ç,u ˀj u ʔ i + ts,,machoni1878,,,,,859 4454,0,0,cry _:inf
Lule-287_maizecorn-1,,Lule,287_maizecorn,pilys,pilys,p i l i s,,machoni1878,,,,,4460,0,0,?
Lule-206_oldman-1,,Lule,206_oldman,umuequé,umuequé,u m w e k e,,machoni1878,,,,,354,0,0,?
Lule-300_tobacco-1,,Lule,300_tobacco,tabacó,tabacó,t a b a k o,,machoni1878,,,,,360,0,0,?
Lule-159_cook-1,,Lule,159_cook,miyrç,miyr+ç,m iː ɾ + ts,,machoni1878,,,,,899 1696,0,0,cook _:inf
Lule-159_cook-2,,Lule,159_cook,mytç,myt+ç,m i t + ts,,machoni1878,,,,,899 1696,0,0,cook _:inf
Lule-207_oldwoman-1,,Lule,207_oldwoman,uacaó,uacaó,w a k a o,,machoni1878,,,,,2871,0,0,?
Lule-36_spiderweb-1,,Lule,36_spiderweb,emys nauá,emys nauá,e m i s + n a u a,,machoni1878,,,,,4479 909,0,0,spider net
Lule-252_cow-1,,Lule,252_cow,vacá,vacá,w a k a,,machoni1878,,,,,297,0,0,?
Lule-173_lizard-1,,Lule,173_lizard,atoló,atoló,a t o l o,,machoni1878,,,,,914,0,0,?
Lule-173_lizard-2,,Lule,173_lizard,humú,humú,ʔ u m u,,machoni1878,,,,,2275,0,0,?
Lule-173_lizard-3,,Lule,173_lizard,zauyt,zauyt,ts a w i t,,machoni1878,,,,,4481,0,0,?
Lule-173_lizard-4,,Lule,173_lizard,upzán,upzán,u p ts a n,,machoni1878,,,,,4482,0,0,?
Lule-173_lizard-5,,Lule,173_lizard,yayó,yayó,j a j o,,machoni1878,,,,,4483,0,0,?
Lule-173_lizard-6,,Lule,173_lizard,taquilalá,taquilalá,t a k i l a l a,,machoni1878,,,,,914,0,0,?
Lule-173_lizard-7,,Lule,173_lizard,ayán,ayán,a j a n,,machoni1878,,,,,4482,0,0,?
Lule-173_lizard-8,,Lule,173_lizard,cuecó,cuecó,k w e k o,,machoni1878,,,,,4484,0,0,?
Lule-173_lizard-9,,Lule,173_lizard,ynhelóp,ynhelóp,i n ʔ e l o p,,machoni1878,,,,,4485,0,0,?
Lule-267_nest-1,,Lule,267_nest,lemé,lemé,l e m e,,machoni1878,,,,,2277,0,0,?
Lule-116_goat-1,,Lule,116_goat,cabra,cabra,k a b ɾ a,,machoni1878,,,,,916,0,0,?
Lule-302_pig-1,,Lule,302_pig,mán,mán,m a n,,machoni1878,,,,,4487,0,0,?
Lule-174_dove-1,,Lule,174_dove,cuhu,cuhu,k u ʔ u,,machoni1878,,,,,405,0,0,?
Lule-245_snail-1,,Lule,245_snail,cúm,cúm,k u m,,machoni1878,,,,,1775,0,0,?
Lule-160_fox-1,,Lule,160_fox,cule elésy,cule+elésy,k u l e + e l e s i,,machoni1878,,,,,4497 4498,0,0,dog wild
Lule-113_horseequine-1,,Lule,113_horseequine,caválú,caválú,k a w a l u,,machoni1878,,,,,2299,0,0,?
Lule-2_beehive-1,,Lule,2_beehive,yanameyo,yanameyo,j a n a m e j o,,machoni1878,,,,,4505,0,0,?
Lule-255_ox-1,,Lule,255_ox,vey,vey,w e,,machoni1878,,,,,454,0,0,?
Lule-253_bear-1,,Lule,253_bear,leyhú,leyhú,l ei ʔ u,,machoni1878,,,,,4506,0,0,?
Lule-161_wolf-1,,Lule,161_wolf,toculép,toculép,t o k u l e p,,machoni1878,,,,,2960,0,0,?
Lule-161_wolf-2,,Lule,161_wolf,culeéu,culeéu,k u l eː w,,machoni1878,,,,,2960,0,0,?
Lule-257_wasp-1,,Lule,257_wasp,copás,copás,k o p a s,,machoni1878,,,,,2966,0,0,?
Lule-257_wasp-2,,Lule,257_wasp,yemecece,yemecece,j e m e ts ts,,machoni1878,,,,,4507,0,0,?
Lule-257_wasp-3,,Lule,257_wasp,acy,acy,a k i,,machoni1878,,,,,461,0,0,?
Lule-257_wasp-4,,Lule,257_wasp,cipá,cipá,ts i p a,,machoni1878,,,,,2966,0,0,?
Lule-257_wasp-5,,Lule,257_wasp,nus flymslyms,nus flymslyms,n u s + s l i m ɬ i m s,,machoni1878,,,,,4508 4509,0,0,nose ?
Lule-40_borntobe-1,,Lule,40_borntobe,tolç,tolç,t o l + ts,,machoni1878,,,,,1822 2339,0,0,be.born _:inf
Lule-121_footprint-1,,Lule,121_footprint,elu uyáp,elu uyáp,e l u + w i a p,,machoni1878,,,,,1853 4527,0,0,foot ?
Lule-258_poison-1,,Lule,258_poison,nicnicmoipé,nicnicmoipé,n i k n i k m oi p e,,machoni1878,,,,,4528,0,0,?
Lule-301_urinate-1,,Lule,301_urinate,ysç,ys+ç,i s + ts,,machoni1878,,,,,3709 1864,0,0,urinate _:inf
Lule-77_nippleteat-1,,Lule,77_nippleteat,yné cazú,yné cazú,i n e + k a ts u,,machoni1878,,,,,1866 1023,0,0,breast ?
Lule-81_spine-1,,Lule,81_spine,tuquiaisep,tuquiaisep,t u k j ai s e p,,machoni1878,,,,,1042,0,0,?
Lule-84_veinartery-1,,Lule,84_veinartery,pisp,pisp,p i s p,,machoni1878,,,,,4016,0,0,?
Lule-84_veinartery-2,,Lule,84_veinartery,eué uyn,eué uyn,e u e + w i n,,machoni1878,,,,,4549 1055,0,0,blood ?
Lule-134_itch-1,,Lule,134_itch,zulç,zul+ç,ts u l + ts,,machoni1878,,,,,3778 4554,0,0,itch _:inf
Lule-269_wakeup-1,,Lule,269_wakeup,nequeiç,ne+quei+ç,n e k ei + ts,,machoni1878,,,,,1933 2427 1932,0,0,wake.up _:inf
Lule-71_window-1,,Lule,71_window,queléip,queléip,k e l ei p,,machoni1878,,,,,4556,0,0,?
Lule-105_shadeshadow-1,,Lule,105_shadeshadow,auhaá,auhaá,a u ʔ aː,,machoni1878,,,,,523,0,0,?
Lule-69_parents-1,,Lule,69_parents,pelé,pelé,p e l e,,machoni1878,,,,,4563,0,0,?
Lule-165_write-1,,Lule,165_write,saicsç,saics+ç,s ai k s + ts,,machoni1878,,,,,4564 4565,0,0,write _:inf
Lule-107_summer-1,,Lule,107_summer,alup,alup,a l u p,,machoni1878,,,,,3141,0,0,?
Maka-85_blood-1,,Maka,85_blood,athits,athits,a tʰ i ts,,gerzenstein1999;arenas1983,,,,,4571 4572,0,0,?
Maka-59_mouth-1,,Maka,59_mouth,exi',exi',e x i ʔ,,gerzenstein1999;arenas1983,,,,,2481,0,0,?
Maka-79_head-1,,Maka,79_head,xiɫa,xiɫa,x i ɬ a,,gerzenstein1999;arenas1983,,,,,4573,0,0,?
Maka-56_hand-1,,Maka,56_hand,koy,koy,k oi,,gerzenstein1999;arenas1983,,,,,4574,0,0,?
Maka-53_ear-1,,Maka,53_ear,ekfi',ekfi',e k f i ʔ,,gerzenstein1999;arenas1983,,,,,4234,0,0,?
Maka-50_red-1,,Maka,50_red,s'e'; siyixi',s'e',s ʔ e ʔ,,gerzenstein1999;arenas1983,,,,,4578,0,0,?
Maka-50_red-2,,Maka,50_red,s'e'; siyixi',siyi+xi',s i j i + x i ʔ,,gerzenstein1999;arenas1983,,,,,4579 4580,0,0,red _:in
Maka-163_see-1,,Maka,163_see,wen,wen,w e n,,gerzenstein1999;arenas1983,,,,,1145,0,0,?
Maka-37_husband-1,,Maka,37_husband,ewheye',ewheye',e w h e j e ʔ,,gerzenstein1999;arenas1983,,,,,4582,0,0,?
Maka-38_wife-1,,Maka,38_wife,ewheye',ewheye',e w h e j e ʔ,,gerzenstein1999;arenas1983,,,,,4583,0,0,?
Maka-138_hear-1,,Maka,138_hear,epiye',epiye',e p i j e ʔ,,gerzenstein1999;arenas1983,,,,,2493,0,0,?
Maka-187_bird-1,,Maka,187_bird,xunwat,xunwat,x u n w a t,,gerzenstein1999;arenas1983,,,,,558 2495,0,0,?
Maka-97_fish-1,,Maka,97_fish,sehets,sehets,s e h e ts,,gerzenstein1999;arenas1983,,,,,2496,0,0,?
Maka-130_louse-1,,Maka,130_louse,iiɫe',iiɫe',iː ɬ e ʔ,,gerzenstein1999;arenas1983,,,,,2501,0,0,?
Maka-129_dog-1,,Maka,129_dog,nunax,nunax,n u + n a x,,gerzenstein1999;arenas1983,,,,,4076,0,0,dog _:suff/nax
Maka-251_tongue-1,,Maka,251_tongue,lepep,lepep,l e p e p,,gerzenstein1999;arenas1983,,,,,46 4599,0,0,?
Maka-78_breastofwoman-1,,Maka,78_breastofwoman,eqfuti',eqfuti',e q f u t i ʔ,,gerzenstein1999;arenas1983,,,,,49,0,0,?
Maka-98_wing-1,,Maka,98_wing,ɫef,ɫef,ɬ + e f,,gerzenstein1999;arenas1983,,,,,4601,0,0,_:poss wing
Maka-82_back-1,,Maka,82_back,anu; awtala',anu,a n u,,gerzenstein1999;arenas1983,,,,,51,0,0,?
Maka-82_back-2,,Maka,82_back,anu; awtala',awtala',a w t a l a ʔ,,gerzenstein1999;arenas1983,,,,,4602,0,0,?
Maka-83_bone-1,,Maka,83_bone,enu,enu,e n u,,gerzenstein1999;arenas1983,,,,,570,0,0,?
Maka-120_leg-1,,Maka,120_leg,qanaxak,qanaxak,q a n a x a k,,gerzenstein1999;arenas1983,,,,,2509,0,0,?
Maka-246_foot-1,,Maka,246_foot,f'i',f'i',f ʔ i ʔ,,gerzenstein1999;arenas1983,,,,,572,0,0,?
Maka-261_heart-1,,Maka,261_heart,ɫiti',ɫiti',ɬ i t i ʔ,,gerzenstein1999;arenas1983,,,,,4603,0,0,?
Maka-125_sleep-1,,Maka,125_sleep,ma',ma',m a ʔ,,gerzenstein1999;arenas1983,,,,,1174,0,0,?
Maka-114_tail-1,,Maka,114_tail,ɫahatsxi',ɫa+hats+xi',ɬ + a h a ts x i ʔ,,gerzenstein1999;arenas1983,,,,,2046 4604 4580,0,0,_:poss tail
Maka-111_kill-1,,Maka,111_kill,lan,lan,l a n,,gerzenstein1999;arenas1983,,,,,1181,0,0,?
Maka-75_skinhide-1,,Maka,75_skinhide,ɫ'ax,ɫ+'ax,ɬ + ʔ a x,,gerzenstein1999;arenas1983,,,,,2276 4605,0,0,_:poss skin
Maka-44_feather-1,,Maka,44_feather,ɫewkuxux,ɫ+ewkuxux,ɬ + e w k u x u x,,gerzenstein1999;arenas1983,,,,,2276 4607,0,0,_:poss feather
Maka-139_earthgroundsoil-1,,Maka,139_earthgroundsoil,sehe',sehe',s e h e ʔ,,gerzenstein1999;arenas1983,,,,,4608,0,0,?
Maka-154_four-1,,Maka,154_four,ikwetxuɫ,i+k+wet+xuɫ,i + k + w e t + x u ɬ,,gerzenstein1999;arenas1983,,,,,2529 2339 4081 4611,0,0,_:3sg go _:apl _:apl
Maka-167_yellow-1,,Maka,167_yellow,maaxa,maaxa,m aː x a,,gerzenstein1999;arenas1983,,,,,2533,0,0,?
Maka-133_flyvb-1,,Maka,133_flyvb,aya',aya',a j a ʔ,,gerzenstein1999;arenas1983,,,,,1205,0,0,?
Maka-297_root-1,,Maka,297_root,ɫefitets,ɫe+fitets,ɬ e + f i t e ts,,gerzenstein1999;arenas1983,,,,,2341 2537,0,0,_:poss root
Maka-67_lake-1,,Maka,67_lake,imile'; kaɫi',imile',i m i l e ʔ,,gerzenstein1999;arenas1983,,,,,2541,0,0,?
Maka-67_lake-2,,Maka,67_lake,imile'; kaɫi',kaɫi',k a ɬ i ʔ,,gerzenstein1999;arenas1983,,,,,2541,0,0,?
Maka-243_black-1,,Maka,243_black,no',no',n o ʔ,,gerzenstein1999;arenas1983,,,,,95,0,0,?
Maka-164_dust-1,,Maka,164_dust,ɫ'eqhip,ɫ+'eqhip,ɬ + ʔ e qʰ i p,,gerzenstein1999;arenas1983,,,,,2276 600,0,0,_:poss dust
Maka-168_star-1,,Maka,168_star,footeki',fo+oteki',f oː + t e k i ʔ,,gerzenstein1999;arenas1983,,,,,4614 2071,0,0,white ?
Maka-66_mother-1,,Maka,66_mother,nene,nene,n e n e,,gerzenstein1999;arenas1983,,,,,4624,0,0,?
Maka-145_nearadv-1,,Maka,145_nearadv,met; nixup,met,m e t,,gerzenstein1999;arenas1983,,,,,4626,0,0,?
Maka-92_cloud-1,,Maka,92_cloud,wasi',was+i',w a s + i ʔ,,gerzenstein1999;arenas1983,,,,,4630 4631,0,0,sky _:fem
Maka-279_come-1,,Maka,279_come,nek; taɫ,nek,n e k,,gerzenstein1999;arenas1983,,,,,113,0,0,?
Maka-279_come-2,,Maka,279_come,nek; taɫ,taɫ,t a ɬ,,gerzenstein1999;arenas1983,,,,,622,0,0,?
Maka-43_leaf-1,,Maka,43_leaf,ɫesex,ɫ+esex,ɬ + e s e x,,gerzenstein1999;arenas1983,,,,,2276 623,0,0,_:poss leaf
Maka-93_sky-1,,Maka,93_sky,was,was,w a s,,gerzenstein1999;arenas1983,,,,,4630,0,0,?
Maka-140_where-1,,Maka,140_where,pan,pan,p a n,,gerzenstein1999;arenas1983,,,,,2579,0,0,?
Maka-298_ropecord-1,,Maka,298_ropecord,niyak,niyak,n i j a k,,gerzenstein1999;arenas1983,,,,,1285,0,0,?
Maka-141_how-1,,Maka,141_how,pan,pan,p a n,,gerzenstein1999;arenas1983,,,,,2579,0,0,?
Maka-153_three-1,,Maka,153_three,wetshetk'ewiɫ,wetshetk'+ewiɫ,w e ts h e t kˀ + e w i ɬ,,gerzenstein1999;arenas1983,,,,,4644 4645,0,0,two one
Maka-244_white-1,,Maka,244_white,fo',fo',f o ʔ,,gerzenstein1999;arenas1983,,,,,4614 4646,0,0,?
Maka-244_white-2,,Maka,244_white,amaxay,a+maxa+y,a + m a x a + j,,gerzenstein1999;arenas1983,,,,,647 561 184,0,0,? yellow ?
Maka-146_faradv-1,,Maka,146_faradv,toXii,toXii,t o χ + iː,,gerzenstein1999;arenas1983,,,,,1291,0,0,far _:appl
Maka-106_year-1,,Maka,106_year,ininqap,ininqap,i n i n q a + p,,gerzenstein1999;arenas1983,,,,,1296,0,0,algarrobo _:season
Maka-162_drink-1,,Maka,162_drink,iya',iya',i j a ʔ,,gerzenstein1999;arenas1983,,,,,2586,0,0,?
Maka-248_flower-1,,Maka,248_flower,ɫ'op'om,ɫ'op'om,ɬ ʔ o pˀ o m,,gerzenstein1999;arenas1983,,,,,2276 4311,0,0,?
Maka-41_fall-1,,Maka,41_fall,'amxu','am+xu',ʔ a m + x u ʔ,,gerzenstein1999;arenas1983,,,,,4652 4621,0,0,come _:down
Maka-264_know-1,,Maka,264_know,iyayix,iyayix,i j a j i x,,gerzenstein1999;arenas1983,,,,,4653,0,0,?
Maka-274_ashes-1,,Maka,274_ashes,lo',lo',l o ʔ,,gerzenstein1999;arenas1983,,,,,1311,0,0,?
Maka-65_largebig-1,,Maka,65_largebig,qi,qi,q i,,gerzenstein1999;arenas1983,,,,,1744,0,0,?
Maka-148_short-1,,Maka,148_short,ik'axiyit,ik'axiyit,i kˀ a x i j i t,,gerzenstein1999;arenas1983,,,,,2559,0,0,?
Maka-149_five-1,,Maka,149_five,leefix,leefix,l eː f i x,,gerzenstein1999;arenas1983,,,,,4658,0,0,?
Maka-191_grass-1,,Maka,191_grass,xup'elket,xup'el+ket,x u pˀ + e l,,gerzenstein1999;arenas1983,,,,,674 2109,0,0,grass _:suff
Maka-152_one-1,,Maka,152_one,ewiɫ,ewiɫ,e w i ɬ,,gerzenstein1999;arenas1983,,,,,4645,0,0,?
Maka-263_everyall-1,,Maka,263_everyall,week,week,w eː k,,gerzenstein1999;arenas1983,,,,,677,0,0,?
Maka-291_name-1,,Maka,291_name,ii,ii,iː,,gerzenstein1999;arenas1983,,,,,681,0,0,?
Maka-292_old-1,,Maka,292_old,ɫawamaX,ɫawamaX,ɬ a + w a m a χ,,gerzenstein1999;arenas1983,,,,,4659,0,0,_:poss old
Maka-282_father-1,,Maka,282_father,tata; ɫenhet,tata,t a t a,,gerzenstein1999;arenas1983,,,,,177,0,0,?
Maka-282_father-2,,Maka,282_father,tata; ɫenhet,ɫenhet,ɬ e n h e t,,gerzenstein1999;arenas1983,,,,,4661,0,0,?
Maka-100_smalllittle-1,,Maka,100_smalllittle,ɫammis,ɫammis,ɬ a mː i s,,gerzenstein1999;arenas1983,,,,,4662,0,0,?
Maka-135_two-1,,Maka,135_two,wetsxuk,wetsxuk,w e ts x u k,,gerzenstein1999;arenas1983,,,,,4644,0,0,?
Maka-15_long-1,,Maka,15_long,ixetaX,ixe+taX,i x e + t a χ,,gerzenstein1999;arenas1983,,,,,688 7548,0,0,? _:aum
Maka-275_intestinesguts-1,,Maka,275_intestinesguts,Xatay,Xatay,χ a t ai,,gerzenstein1999;arenas1983,,,,,4663,0,0,?
Maka-188_smellvbtrans-1,,Maka,188_smellvbtrans,enxeyi'ix,enxe+yi+'ix,e n x e + j i ʔ i x,,gerzenstein1999;arenas1983,,,,,4666 4667 4668,0,0,nose _:vblz
Maka-52_treecf08600-1,,Maka,52_treecf08600,naxkak,naxkak,n a x k a k,,gerzenstein1999;arenas1983,,,,,4670,0,0,?
Maka-74_seed-1,,Maka,74_seed,ɫo'; wenq'en,ɫo',ɬ + o ʔ,,gerzenstein1999;arenas1983,,,,,2129,0,0,_:poss seed
Maka-74_seed-2,,Maka,74_seed,ɫo'; wenq'en,wenq'en,w e n qˀ e n,,gerzenstein1999;arenas1983,,,,,4672,0,0,?
Maka-47_sun-1,,Maka,47_sun,xunu',xunu',x u n u ʔ,,gerzenstein1999;arenas1983,,,,,4673,0,0,?
Maka-283_give-1,,Maka,283_give,tisix,tisix,t + i s i x,,gerzenstein1999;arenas1983,,,,,1402,0,0,_:3sg give
Maka-136_littlequantityfew-1,,Maka,136_littlequantityfew,ɫamisɫe,ɫamis+ɫe,ɬ a m i s + ɬ e,,gerzenstein1999;arenas1983,,,,,1404 214,0,0,small _:?
Maka-147_muchmany-1,,Maka,147_muchmany,qi; olots,qi,q i,,gerzenstein1999;arenas1983,,,,,1744,0,0,?
Maka-147_muchmany-2,,Maka,147_muchmany,qi; olots,olots,o l o ts,,gerzenstein1999;arenas1983,,,,,4595,0,0,?
Maka-266_cold-1,,Maka,266_cold,k'wi; k'uyim,k'wi,kˀ w i,,gerzenstein1999;arenas1983,,,,,3388,0,0,?
Maka-39_sit-1,,Maka,39_sit,nxu,n+xu,n + x u,,gerzenstein1999;arenas1983,,,,,221 717,0,0,stand _:down
Maka-285_fruit-1,,Maka,285_fruit,ɫe',ɫe',ɬ + e ʔ,,gerzenstein1999;arenas1983,,,,,2144,0,0,_:poss fruit
Maka-46_animal-1,,Maka,46_animal,inqamet; ɫinek,inqamet,i n q a m e t,,gerzenstein1999;arenas1983,,,,,734,0,0,?
Maka-46_animal-2,,Maka,46_animal,inqamet; ɫinek,ɫinek,ɬ i n e k,,gerzenstein1999;arenas1983,,,,,4679,0,0,?
Maka-290_mosquito-1,,Maka,290_mosquito,iye',iye',i j e ʔ,,gerzenstein1999;arenas1983,,,,,2665,0,0,?
Maka-35_spider-1,,Maka,35_spider,siwalaX,siwalaX,s i w a l a χ,,gerzenstein1999;arenas1983,,,,,234,0,0,?
Maka-95_claw-1,,Maka,95_claw,yaqsi',yaqsi',j a q s i ʔ,,gerzenstein1999;arenas1983,,,,,4680,0,0,finger
Maka-57_arm-1,,Maka,57_arm,koy,koy,k oi,,gerzenstein1999;arenas1983,,,,,4574,0,0,?
Maka-102_horn-1,,Maka,102_horn,ɫekets,ɫekets,ɬ e + k e + ts,,gerzenstein1999;arenas1983,,,,,4682,0,0,_:poss horn _:pl
Maka-58_beard-1,,Maka,58_beard,apxusi',apxusi',a p x u s i ʔ,,gerzenstein1999;arenas1983,,,,,1440,0,0,?
Maka-61_chin-1,,Maka,61_chin,qep'iyek,qep'iyek,q e pˀ i j e k,,gerzenstein1999;arenas1983,,,,,4685,0,0,?
Maka-62_lip-1,,Maka,62_lip,pas,pas,p a s,,gerzenstein1999;arenas1983,,,,,2674,0,0,lip
Maka-64_finger-1,,Maka,64_finger,yaqsi',yaqsi',j a q s i ʔ,,gerzenstein1999;arenas1983,,,,,4680,0,0,?
Maka-281_elbow-1,,Maka,281_elbow,noki',noki',n o k i ʔ,,gerzenstein1999;arenas1983,,,,,4688,0,0,?
Maka-94_fingernail-1,,Maka,94_fingernail,qofol,qofol,q o f o l,,gerzenstein1999;arenas1983,,,,,4689,0,0,?
Maka-299_thunder-1,,Maka,299_thunder,texen,texen,t e x e n,,gerzenstein1999;arenas1983,,,,,2684,0,0,?
Maka-109_lightning-1,,Maka,109_lightning,tethelun,tethelun,t e tʰ e l u n,,gerzenstein1999;arenas1983,,,,,4690,0,0,?
Maka-126_liedown-1,,Maka,126_liedown,oqoypham; wxu',oqoy+pham,o q oi + pʰ a m,,gerzenstein1999;arenas1983,,,,,4397 4581,0,0,? _:up
Maka-126_liedown-2,,Maka,126_liedown,oqoypham; wxu',w+xu',w + x u ʔ,,gerzenstein1999;arenas1983,,,,,2177 4621,0,0,lie.down _:down
Maka-72_house-1,,Maka,72_house,etsi',etsi',e ts i ʔ,,gerzenstein1999;arenas1983,,,,,4695,0,0,?
Maka-101_child-1,,Maka,101_child,omeɫas,ome+ɫ+as,o m e + ɬ + a s,,gerzenstein1999;arenas1983,,,,,767 2276 1470,0,0,minor _:poss child
Maka-296_road-1,,Maka,296_road,ikheyix,i+k+heyix,i + k + h e j i x,,gerzenstein1999;arenas1983,,,,,2529 2339 4696,0,0,_:out go _:nmlz
Maka-150_ten-1,,Maka,150_ten,weekinaqsi,week+in+y+aqsi,w eː k + i n + j a q s i,,gerzenstein1999;arenas1983,,,,,677 4697 184 2703,0,0,all _:poss finger
Maka-110_fightvb-1,,Maka,110_fightvb,ixen,ixen,i x e n,,gerzenstein1999;arenas1983,,,,,2709,0,0,?
Maka-293_owl-1,,Maka,293_owl,q'olopop,q'olopop,qˀ o l o p o p,,gerzenstein1999;arenas1983,,,,,4698,0,0,?
Maka-273_cat-1,,Maka,273_cat,"tenuk, xunkhay, i'ihataX",tenuk,t e n u k,,gerzenstein1999;arenas1983,,,,,282,0,0,?
Maka-273_cat-2,,Maka,273_cat,"tenuk, xunkhay, i'ihataX",xunkhay,x u ŋ kʰ ai,,gerzenstein1999;arenas1983,,,,,4657,0,0,?
Maka-273_cat-3,,Maka,273_cat,"tenuk, xunkhay, i'ihataX",i'ihataX,i ʔ i h a t a χ,,gerzenstein1999;arenas1983,,,,,4699 7548,0,0,?
Maka-55_bee-1,,Maka,55_bee,taqayinɫowots; ts'ilil; ts'ix'ix; wextsaX; fetsits; iixeptaX; pinu'; qets'iyohol; qotextinhe',taqayin+ɫ+owots,t a q a j i n + ɬ + o w o ts,,gerzenstein1999;arenas1983,,,,,1493 2276 4700,0,0,? _:poss seeds
Maka-55_bee-2,,Maka,55_bee,taqayinɫowots; ts'ilil; ts'ix'ix; wextsaX; fetsits; iixeptaX; pinu'; qets'iyohol; qotextinhe',ts'ilil,tsˀ i l i l,,gerzenstein1999;arenas1983,,,,,2193,0,0,?
Maka-55_bee-3,,Maka,55_bee,taqayinɫowots; ts'ilil; ts'ix'ix; wextsaX; fetsits; iixeptaX; pinu'; qets'iyohol; qotextinhe',ts'ix'ix,tsˀ i x ʔ i x,,gerzenstein1999;arenas1983,,,,,2193,0,0,?
Maka-55_bee-4,,Maka,55_bee,taqayinɫowots; ts'ilil; ts'ix'ix; wextsaX; fetsits; iixeptaX; pinu'; qets'iyohol; qotextinhe',wextsaX,w e x ts a χ,,gerzenstein1999;arenas1983,,,,,4700,0,0,?
Maka-55_bee-5,,Maka,55_bee,taqayinɫowots; ts'ilil; ts'ix'ix; wextsaX; fetsits; iixeptaX; pinu'; qets'iyohol; qotextinhe',fetsits,f e ts i ts,,gerzenstein1999;arenas1983,,,,,4700,0,0,?
Maka-55_bee-6,,Maka,55_bee,taqayinɫowots; ts'ilil; ts'ix'ix; wextsaX; fetsits; iixeptaX; pinu'; qets'iyohol; qotextinhe',iixeptaX,iː x e p + t a χ,,gerzenstein1999;arenas1983,,,,,3903 7548,0,0,? _:aug
Maka-55_bee-7,,Maka,55_bee,taqayinɫowots; ts'ilil; ts'ix'ix; wextsaX; fetsits; iixeptaX; pinu'; qets'iyohol; qotextinhe',pinu',p i n u ʔ,,gerzenstein1999;arenas1983,,,,,1494,0,0,?
Maka-55_bee-8,,Maka,55_bee,taqayinɫowots; ts'ilil; ts'ix'ix; wextsaX; fetsits; iixeptaX; pinu'; qets'iyohol; qotextinhe',qets'iyohol,q e tsˀ i j o h o l,,gerzenstein1999;arenas1983,,,,,2193,0,0,?
Maka-55_bee-9,,Maka,55_bee,taqayinɫowots; ts'ilil; ts'ix'ix; wextsaX; fetsits; iixeptaX; pinu'; qets'iyohol; qotextinhe',qotextinhe',q o t e x t i n h e ʔ,,gerzenstein1999;arenas1983,,,,,3904,0,0,?
Maka-289_parrot-1,,Maka,289_parrot,ehe',ehe',e h e ʔ,,gerzenstein1999;arenas1983,,,,,3454,0,0,?
Maka-128_flea-1,,Maka,128_flea,tsxip,tsxip,ts x i p,,gerzenstein1999;arenas1983,,,,,1497,0,0,?
Maka-166_deer-1,,Maka,166_deer,aXtinaX,aXtinaX,a χ t i n a χ,,gerzenstein1999;arenas1983,,,,,4702,0,0,?
Maka-118_ant-1,,Maka,118_ant,iftikɫeyle'; lef'ef; qalapk'as; sankuwaya',iftik+ɫ+eyle',i f t i k + ɬ + ei l e ʔ,,gerzenstein1999;arenas1983,,,,,3471 2276 3475,0,0,anthill _:poss inhabitant
Maka-118_ant-2,,Maka,118_ant,iftikɫeyle'; lef'ef; qalapk'as; sankuwaya',lef'ef,l e f ʔ e f,,gerzenstein1999;arenas1983,,,,,3475,0,0,?
Maka-118_ant-3,,Maka,118_ant,iftikɫeyle'; lef'ef; qalapk'as; sankuwaya',qalapk'as,q a l a p kˀ a s,,gerzenstein1999;arenas1983,,,,,1503,0,0,?
Maka-118_ant-4,,Maka,118_ant,iftikɫeyle'; lef'ef; qalapk'as; sankuwaya',sankuwaya',s a ŋ k u w a j a ʔ,,gerzenstein1999;arenas1983,,,,,4705,0,0,?
Maka-99_palmofhand-1,,Maka,99_palmofhand,k'ewe' witkoy,k'ewe' witkoy,kˀ e w e ʔ + w i t + k oi,,gerzenstein1999;arenas1983,,,,,303 2203,0,0,? _:poss hand
Maka-89_fur-1,,Maka,89_fur,ɫ'ax,ɫ+'ax,ɬ + ʔ a x,,gerzenstein1999;arenas1983,,,,,2276 4605,0,0,_:poss skin
Maka-42_hairhead-1,,Maka,42_hairhead,ewkuxux,ewkuxux,e w k u x u x,,gerzenstein1999;arenas1983,,,,,4607,0,0,?
Maka-249_penis-1,,Maka,249_penis,so',so',s + o ʔ,,gerzenstein1999;arenas1983,,,,,2735,0,0,_:pref/s penis
Maka-288_lung-1,,Maka,288_lung,uɫaXii,uɫaX+ii,u ɬ a χ + iː,,gerzenstein1999;arenas1983,,,,,2329 4710,0,0,breathe _:nmlz
Maka-200_testicle-1,,Maka,200_testicle,qeɫe',qeɫe',q e ɬ e ʔ,,gerzenstein1999;arenas1983,,,,,4711,0,0,?
Maka-262_under-1,,Maka,262_under,xu',xu',x u ʔ,,gerzenstein1999;arenas1983,,,,,4621,0,0,?
Maka-124_bed-1,,Maka,124_bed,whilaX,whilaX,w + h i l a χ,,gerzenstein1999;arenas1983,,,,,316,0,0,lie _:nmlz
Maka-143_plantvb-1,,Maka,143_plantvb,enxu',en+xu',e n + x u ʔ,,gerzenstein1999;arenas1983,,,,,3494 4621,0,0,stand _:down
Maka-73_village-1,,Maka,73_village,etset,etset,e ts e t,,gerzenstein1999;arenas1983,,,,,4 6 9 5   ?,0,0,?
Maka-268_upabove-1,,Maka,268_upabove,pham,pham,pʰ a m,,gerzenstein1999;arenas1983,,,,,4581,0,0,?
Maka-60_doorgate-1,,Maka,60_doorgate,ɫexi',ɫ+exi',ɬ + e x i ʔ,,gerzenstein1999;arenas1983,,,,,2276 4717,0,0,_:poss mouth
Maka-76_cover-1,,Maka,76_cover,ntaafin; it'onipxi,ntaafin,n t aː f i n,,gerzenstein1999;arenas1983,,,,,4718,0,0,?
Maka-76_cover-2,,Maka,76_cover,ntaafin; it'onipxi,it'onip+xi,i tˀ o n i p + x i,,gerzenstein1999;arenas1983,,,,,2782 4719,0,0,close _:posp
Maka-278_buy-1,,Maka,278_buy,aqhayets,aqhayets,a q h a + j e ts,,gerzenstein1999;arenas1983,,,,,4720,0,0,buy _:trans
Maka-123_burnvbintrans-1,,Maka,123_burnvbintrans,tuXxem,tuX+xem,t u χ + x e m,,gerzenstein1999;arenas1983,,,,,4439 4721,0,0,burn _:through
Maka-158_nine-1,,Maka,158_nine,ikwetxuɫtatsax,ikwetxuɫ+tatsax,i k w e t x u ɬ + t a ts a x,,gerzenstein1999;arenas1983,,,,,4723 4743,0,0,four add
Maka-103_club-1,,Maka,103_club,k'ap'axiɫeyɫa',k'ap'axi+ɫeyɫa',kˀ a pˀ a x i + ɬ + ei ɬ a ʔ,,gerzenstein1999;arenas1983,,,,,2797 4725,0,0,bulky _:poss head
Maka-271_sweetpotato-1,,Maka,271_sweetpotato,peXeyek,peXeyek,p e χ e j e k,,gerzenstein1999;arenas1983,,,,,3520,0,0,?
Maka-156_seven-1,,Maka,156_seven,wetsxuktatsay,wetsxuk+tatsay,w e ts x u k + t a ts ai,,gerzenstein1999;arenas1983,,,,,4644 4743,0,0,two add
Maka-86_path-1,,Maka,86_path,ikheyix,i+k+heyix,i + k + h e j i x,,gerzenstein1999;arenas1983,,,,,2529 2339 2813,0,0,_:out go _:nmlz
Maka-169_knife-1,,Maka,169_knife,qatsxikinetki',qatsxiki+net+ki',q a ts x i k i n e t + k i ʔ,,gerzenstein1999;arenas1983,,,,,4729 2819 343,0,0,machete _:dim
Maka-170_needle-1,,Maka,170_needle,towxenaX; itxayinhet,towxenaX,t o w x e n a χ,,gerzenstein1999;arenas1983,,,,,854,0,0,?
Maka-170_needle-2,,Maka,170_needle,towxenaX; itxayinhet,itxayinhet,i t x a j i n + h e t,,gerzenstein1999;arenas1983,,,,,2820,0,0,sew.fish _:nmlz
Maka-104_soulspirit-1,,Maka,104_soulspirit,sinqal,sinqal,s i n q a l,,gerzenstein1999;arenas1983,,,,,345,0,0,?
Maka-277_cryweep-1,,Maka,277_cryweep,ap,ap,a p,,gerzenstein1999;arenas1983,,,,,2826,0,0,?
Maka-155_six-1,,Maka,155_six,ewiɫtatsay,ewiɫ+tatsay,e w i ɬ + t a ts ai,,gerzenstein1999;arenas1983,,,,,4645 4743,0,0,one add
Maka-287_maizecorn-1,,Maka,287_maizecorn,naats'axik,naats'axik,n aː tsˀ a x i k,,gerzenstein1999;arenas1983,,,,,350,0,0,?
Maka-206_oldman-1,,Maka,206_oldman,k'utsaX,k'utsaX,kˀ u ts a χ,,gerzenstein1999;arenas1983,,,,,4732,0,0,old man
Maka-151_twenty-1,,Maka,151_twenty,weekinfuxuts,week+in+fux+uts,w eː k + i n + f u x + u ts,,gerzenstein1999;arenas1983,,,,,677 4697 4686 4735,0,0,all _:poss toe _:pl
Maka-300_tobacco-1,,Maka,300_tobacco,finak,fin+ak,f i n + a k,,gerzenstein1999;arenas1983,,,,,4736 4737,0,0,suck _:nmlz
Maka-295_ripe-1,,Maka,295_ripe,uxi',uxi',u x i ʔ,,gerzenstein1999;arenas1983,,,,,877,0,0,?
Maka-270_tapiocamanioccassava-1,,Maka,270_tapiocamanioccassava,tsipuk,tsipuk,ts i p u k,,gerzenstein1999;arenas1983,,,,,3553,0,0,?
Maka-157_eight-1,,Maka,157_eight,wetshetk'ewiɫtatsay,wetshetk'+ewiɫ+tatsay,w e ts h e t kˀ + e w i ɬ + t a ts ai,,gerzenstein1999;arenas1983,,,,,4644 4645 4743,0,0,two one add
Maka-159_cook-1,,Maka,159_cook,qatxatey,qatxatey,q a t x a t ei,,gerzenstein1999;arenas1983,,,,,4748,0,0,?
Maka-207_oldwoman-1,,Maka,207_oldwoman,k'utshe',k'utshe',kˀ u ts h + e ʔ,,gerzenstein1999;arenas1983,,,,,2870,0,0,old.man _:fem
Maka-36_spiderweb-1,,Maka,36_spiderweb,ɫesinkel siwalaX,ɫ+esinkel+siwalaX,ɬ + e s i ŋ k e l + s i w a l a χ,,gerzenstein1999;arenas1983,,,,,2276 4750 234,0,0,_:poss ? spider
Maka-252_cow-1,,Maka,252_cow,waka,waka,w a k a,,gerzenstein1999;arenas1983,,,,,297,0,0,?
Maka-173_lizard-1,,Maka,173_lizard,qawxatsilanaX; t'ok; fexii; qafitinhe',qawx+atsila+naX,q a w x + a ts i l a + n a χ,,gerzenstein1999;arenas1983,,,,,4752 914 1718,0,0,throat ? _:nmlz
Maka-173_lizard-2,,Maka,173_lizard,qawxatsilanaX; t'ok; fexii; qafitinhe',t'ok,tˀ o k,,gerzenstein1999;arenas1983,,,,,394,0,0,?
Maka-173_lizard-3,,Maka,173_lizard,qawxatsilanaX; t'ok; fexii; qafitinhe',fexii,f e x iː,,gerzenstein1999;arenas1983,,,,,4484,0,0,?
Maka-173_lizard-4,,Maka,173_lizard,qawxatsilanaX; t'ok; fexii; qafitinhe',qafitinhe',q a f i t i n h e ʔ,,gerzenstein1999;arenas1983,,,,,4753,0,0,?
Maka-267_nest-1,,Maka,267_nest,ɫup,ɫ+up,ɬ + u p,,gerzenstein1999;arenas1983,,,,,2276 1721,0,0,_:poss nest
Maka-116_goat-1,,Maka,116_goat,kots'eteyka',kots'e+teyka',k o tsˀ e + t ei k a ʔ,,gerzenstein1999;arenas1983,,,,,2311 4754,0,0,sheep _:false
Maka-302_pig-1,,Maka,302_pig,tafitaX,taf+i+taX,t a f + i + t a χ,,gerzenstein1999;arenas1983,,,,,4756 2529 7548,0,0,boar _:epent _:aug
Maka-174_dove-1,,Maka,174_dove,ofo',ofo',o f o ʔ,,gerzenstein1999;arenas1983,,,,,2901,0,0,?
Maka-260_crocodilealligator-1,,Maka,260_crocodilealligator,nayaɫenex,naya+ɫ+enex,n a j a + ɬ + e n e x,,gerzenstein1999;arenas1983,,,,,1748 2276 1747,0,0,pointy _:poss nose
Maka-186_shell-1,,Maka,186_shell,nutheti',nutheti',n u tʰ e t i ʔ,,gerzenstein1999;arenas1983,,,,,2913,0,0,?
Maka-245_snail-1,,Maka,245_snail,lok,lok,l o k,,gerzenstein1999;arenas1983,,,,,3623,0,0,?
Maka-160_fox-1,,Maka,160_fox,exenel; ts'iyaq,exenel,e x e n e l,,gerzenstein1999;arenas1983,,,,,4497,0,0,?
Maka-160_fox-2,,Maka,160_fox,exenel; ts'iyaq,ts'iyaq,tsˀ i j a q,,gerzenstein1999;arenas1983,,,,,4771,0,0,?
Maka-113_horseequine-1,,Maka,113_horseequine,tiptip,tiptip,t i p t i p,,gerzenstein1999;arenas1983,,,,,4763,0,0,?
Maka-91_fishscale-1,,Maka,91_fishscale,sehetsɫ'axits,sehets+ɫ+'axits,s e h e ts + ɬ + ʔ a x + i ts,,gerzenstein1999;arenas1983,,,,,2496 2276 4779,0,0,fish _:poss skin _:pl
Maka-265_goose-1,,Maka,265_goose,xokheyitaX,xokheyi+taX,x o kʰ e j i + t a χ,,gerzenstein1999;arenas1983,,,,,4780 7548,0,0,wild.duck _:aum
Maka-115_sheep-1,,Maka,115_sheep,kots'etaX,kots'e+taX,k o tsˀ e + t a χ,,gerzenstein1999;arenas1983,,,,,2311 7548,0,0,? _:aug
Maka-96_findorsal-1,,Maka,96_findorsal,ɫeftitsxe',ɫef+titsxe',ɬ e f + t i ts x e ʔ,,gerzenstein1999;arenas1983,,,,,4601 4783,0,0,wing ?
Maka-255_ox-1,,Maka,255_ox,koyoyoyiwo',koyoyoy+i+wo',k o j o j oi + i + w o ʔ,,gerzenstein1999;arenas1983,,,,,969 2529 454,0,0,cart _:epent _:maker
Maka-253_bear-1,,Maka,253_bear,apsinhe'; apsinhetaX,apsinhe',a p s i n h e,,gerzenstein1999;arenas1983,,,,,4785,0,0,?
Maka-253_bear-2,,Maka,253_bear,apsinhe'; apsinhetaX,apsinhe+taX,a p s i n h e + t a χ,,gerzenstein1999;arenas1983,,,,,4785 7548,0,0,bear _:aum
Maka-242_assdonkey-1,,Maka,242_assdonkey,matikkataX,matikkataX,m a t i k k a + t a χ,,gerzenstein1999;arenas1983,,,,,970 7548,0,0,? _:aug
Maka-161_wolf-1,,Maka,161_wolf,wowo,wowo,w o w o,,gerzenstein1999;arenas1983,,,,,4786,0,0,?
Maka-40_borntobe-1,,Maka,40_borntobe,nekfik'i,ne+k+fik'i,n e + k + f i kˀ i,,gerzenstein1999;arenas1983,,,,,2990 2339 3981,0,0,_:hither go _:out
Maka-259_eyelash-1,,Maka,259_eyelash,tetsi',tetsi',t e ts i ʔ,,gerzenstein1999;arenas1983,,,,,1832,0,0,?
Maka-121_footprint-1,,Maka,121_footprint,otshiwxoki',ots+hiwxo+ki',o ts + h i w x o + k i ʔ,,gerzenstein1999;arenas1983,,,,,1854 4794 3017,0,0,walk ? _:nmlz
Maka-258_poison-1,,Maka,258_poison,ɫati',ɫati',ɬ a t i ʔ,,gerzenstein1999;arenas1983,,,,,1014,0,0,?
Maka-301_urinate-1,,Maka,301_urinate,uɫ,uɫ,u ɬ,,gerzenstein1999;arenas1983,,,,,3030,0,0,?
Maka-77_nippleteat-1,,Maka,77_nippleteat,eqfuti'ɫapas,eqfuti'+ɫ+apas,e q f u t i ʔ + ɬ a + p a s,,gerzenstein1999;arenas1983,,,,,49 2276 3084,0,0,breast _:poss beak
Maka-81_spine-1,,Maka,81_spine,enu,enu,e n u,,gerzenstein1999;arenas1983,,,,,570,0,0,?
Maka-294_pus-1,,Maka,294_pus,ilka,ilka,i l k a,,gerzenstein1999;arenas1983,,,,,4811,0,0,?
Maka-68_womb-1,,Maka,68_womb,q'itsetxii; tawex,q'itsetxii,qˀ i ts e t x iː,,gerzenstein1999;arenas1983,,,,,4813 1648,0,0,?
Maka-68_womb-2,,Maka,68_womb,q'itsetxii; tawex,tawex,t a w e x,,gerzenstein1999;arenas1983,,,,,3075,0,0,?
Maka-84_veinartery-1,,Maka,84_veinartery,'asat,'asat,ʔ a s a t,,gerzenstein1999;arenas1983,,,,,498,0,0,?
Maka-144_mute-1,,Maka,144_mute,hamɫelixeye',ham+ɫ+elixe+ye',h a m + ɬ + e l i x e + j e ʔ,,gerzenstein1999;arenas1983,,,,,4789 2276 4816 4817,0,0,not _:poss language _:less
Maka-63_thumb-1,,Maka,63_thumb,qaɫ' ahalki',qaɫ' ahalki',q a + ɬ ʔ a h a l k i ʔ,,gerzenstein1999;arenas1983,,,,,4818 3082,0,0,_:med robust
Maka-80_beak-1,,Maka,80_beak,ɫapas,ɫa+pas,ɬ a + p a s,,gerzenstein1999;arenas1983,,,,,2276 2674,0,0,_:poss lip
Maka-269_wakeup-1,,Maka,269_wakeup,ompham; ixt'otshen,om+pham,o m + pʰ a m,,gerzenstein1999;arenas1983,,,,,4822 4581,0,0,? _:up
Maka-269_wakeup-2,,Maka,269_wakeup,ompham; ixt'otshen,ixt'ots+hen,i x tˀ o ts + h e n,,gerzenstein1999;arenas1983,,,,,4823 3092,0,0,wake.up _:val
Maka-127_cousin-1,,Maka,127_cousin,elpik,elpik,e l p i k,,gerzenstein1999;arenas1983,,,,,4032,0,0,?
Maka-87_place-1,,Maka,87_place,wet,wet,w e t,,gerzenstein1999;arenas1983,,,,,2818,0,0,?
Maka-105_shadeshadow-1,,Maka,105_shadeshadow,eneɫeyaX,eneɫey+aX,e n e ɬ e j + a χ,,gerzenstein1999;arenas1983,,,,,4830 1109,0,0,fresh _:nmlz
Maka-165_write-1,,Maka,165_write,ika',ika',i k a ʔ,,gerzenstein1999;arenas1983,,,,,3820,0,0,?
Maka-107_summer-1,,Maka,107_summer,ininqap,ininqa+p,i n i n q a + p,,gerzenstein1999;arenas1983,,,,,136 3141,0,0,algarrobo _:season
Manjui-85_blood-1,,Manjui,85_blood,woyis,woyis,w o j i s,,carol2018,,,,,2479,0,0,?
Manjui-59_mouth-1,,Manjui,59_mouth,aai',aai',aː i ʔ,,carol2018,,,,,2481,0,0,?
Manjui-79_head-1,,Manjui,79_head,jetek,jetek,h e t e k,,carol2018,,,,,7,0,0,?
Manjui-56_hand-1,,Manjui,56_hand,kioi',kioi',k j oi ʔ,,carol2018,,,,,2485,0,0,?
Manjui-53_ear-1,,Manjui,53_ear,oote',oote',oː t e ʔ,,carol2018,,,,,4066,0,0,?
Manjui-50_red-1,,Manjui,50_red,kiet; eti tam,kiet,k j e t,,carol2018,,,,,3157,0,0,?
Manjui-50_red-2,,Manjui,50_red,kiet; eti tam,eti tam,e t i + t a m,,carol2018,,,,,18 1137,0,0,be red
Manjui-163_see-1,,Manjui,163_see,wen,wen,ˀw e n,,carol2018,,,,,1145,0,0,?
Manjui-37_husband-1,,Manjui,37_husband,iljwa,iljwa,i l ʱw a,,carol2018,,,,,26,0,0,?
Manjui-38_wife-1,,Manjui,38_wife,iljwa,iljwa,i l ʱw a,,carol2018,,,,,26,0,0,?
Manjui-138_hear-1,,Manjui,138_hear,pe'ye'; peiziy,pe'ye',p e ˀj e ʔ,,carol2018,,,,,2493,0,0,?
Manjui-138_hear-2,,Manjui,138_hear,pe'ye'; peiziy,peiziy,p ei ʃ i j,,carol2018,,,,,2493,0,0,?
Manjui-187_bird-1,,Manjui,187_bird,ajwéna,ajwéna,a ʱw e n a,,carol2018,,,,,36,0,0,?
Manjui-97_fish-1,,Manjui,97_fish,zi'ús,zi'ús,ʃ i ʔ u s,,carol2018,,,,,2496,0,0,?
Manjui-130_louse-1,,Manjui,130_louse,jlá',jlá',ʱl a ʔ,,carol2018,,,,,2501,0,0,?
Manjui-129_dog-1,,Manjui,129_dog,nu'u,nu'u,n u ʔ u,,carol2018,,,,,4076,0,0,?
Manjui-251_tongue-1,,Manjui,251_tongue,kaj,kaj,q a h,,carol2018,,,,,564,0,0,?
Manjui-78_breastofwoman-1,,Manjui,78_breastofwoman,aate',aate',aː t e ʔ,,carol2018,,,,,49,0,0,?
Manjui-98_wing-1,,Manjui,98_wing,jijwes,ji+jwes,h i + ʱw e s,,carol2018,,,,,460 50,0,0,_:poss wing
Manjui-82_back-1,,Manjui,82_back,kieyu',kieyu',k j e j u ʔ,,carol2018,,,,,2506,0,0,?
Manjui-83_bone-1,,Manjui,83_bone,we'lek,we'lek,w e ʔ l e q,,carol2018,,,,,54,0,0,?
Manjui-120_leg-1,,Manjui,120_leg,ka'lá,ka'lá,q a ʔ l a,,carol2018,,,,,4845,0,0,?
Manjui-261_heart-1,,Manjui,261_heart,ojtele',ojtele',o h t e l e ʔ,,carol2018,,,,,2513,0,0,?
Manjui-125_sleep-1,,Manjui,125_sleep,ma'a',ma'a',m a ʔ a ʔ,,carol2018,,,,,1174,0,0,?
Manjui-114_tail-1,,Manjui,114_tail,kies,kies,k j e s,,carol2018,,,,,65,0,0,?
Manjui-111_kill-1,,Manjui,111_kill,lan,lan,l a n,,carol2018,,,,,1181,0,0,?
Manjui-75_skinhide-1,,Manjui,75_skinhide,"taj, jeki', 'ajéki'",taj,t + a h,,carol2018,,,,,4846,0,0,_:body skin
Manjui-75_skinhide-2,,Manjui,75_skinhide,"taj, jeki', 'ajéki'",jeki',h e k i ʔ,,carol2018,,,,,2052,0,0,?
Manjui-75_skinhide-3,,Manjui,75_skinhide,"taj, jeki', 'ajéki'",ajéki',a h e k i ʔ,,carol2018,,,,,4847 2052,0,0,?
Manjui-139_earthgroundsoil-1,,Manjui,139_earthgroundsoil,kizí'; ajnát,kizí',k i ʃ i ʔ,,carol2018,,,,,4608,0,0,?
Manjui-139_earthgroundsoil-2,,Manjui,139_earthgroundsoil,kizí'; ajnát,ajnát,a ʱn a t,,carol2018,,,,,1218,0,0,?
Manjui-154_four-1,,Manjui,154_four,n'séik,n'séik,n ʔ s ei q,,carol2018,,,,,3200,0,0,?
Manjui-167_yellow-1,,Manjui,167_yellow,ka'atiu',ka'atiu',q a ʔ a t j u ʔ,,carol2018,,,,,3853,0,0,?
Manjui-133_flyvb-1,,Manjui,133_flyvb,jwe'ye',jwe'ye',ʱw e ˀj e ʔ,,carol2018,,,,,2535,0,0,?
Manjui-297_root-1,,Manjui,297_root,jwetus,jwetus,ʱw e t u s,,carol2018,,,,,2537,0,0,?
Manjui-67_lake-1,,Manjui,67_lake,jla'wáj,jla'wáj,ʱl a ˀw a h,,carol2018,,,,,4850,0,0,?
Manjui-243_black-1,,Manjui,243_black,tula; eti le'ke,tula,t u l a,,carol2018,,,,,4274,0,0,?
Manjui-243_black-2,,Manjui,243_black,tula; eti le'ke,eti le'ke,e t i + l e ʔ q e,,carol2018,,,,,18 4851,0,0,be black
Manjui-164_dust-1,,Manjui,164_dust,ajnát,ajnát,a ʱn a t,,carol2018,,,,,1218,0,0,?
Manjui-168_star-1,,Manjui,168_star,katés,katés,q a t e s,,carol2018,,,,,605,0,0,?
Manjui-280_personhumanbeing-1,,Manjui,280_personhumanbeing,i'nó',i'nó',i ʔ n o ʔ,,carol2018,,,,,1225,0,0,?
Manjui-66_mother-1,,Manjui,66_mother,et; meme',et,e t,,carol2018,,,,,80,0,0,?
Manjui-66_mother-2,,Manjui,66_mother,et; meme',meme',m e m e ʔ,,carol2018,,,,,3229,0,0,?
Manjui-92_cloud-1,,Manjui,92_cloud,pule',pule',p u l e ʔ,,carol2018,,,,,2560,0,0,?
Manjui-279_come-1,,Manjui,279_come,nam; tajl,nam,n a m,,carol2018,,,,,113,0,0,?
Manjui-279_come-2,,Manjui,279_come,nam; tajl,tajl,t a ʱl,,carol2018,,,,,622,0,0,?
Manjui-43_leaf-1,,Manjui,43_leaf,a'láij ji'wole',a'láij ji+'wole',a ˀl ai h + h i + ˀw o l e ʔ,,carol2018,,,,,4859 460 2082,0,0,tree _:poss leaf
Manjui-93_sky-1,,Manjui,93_sky,pule',pule',p u l e ʔ,,carol2018,,,,,2560,0,0,?
Manjui-90_bark-1,,Manjui,90_bark,taj,taj,t + a h,,carol2018,,,,,4846,0,0,_:body skin
Manjui-140_where-1,,Manjui,140_where,napa,napa,n a p a,,carol2018,,,,,2574,0,0,?
Manjui-298_ropecord-1,,Manjui,298_ropecord,yik; ''tak,yik,j i q,,carol2018,,,,,1285,0,0,?
Manjui-298_ropecord-2,,Manjui,298_ropecord,yik; ''tak,tak,t a k,,carol2018,,,,,2578,0,0,?
Manjui-141_how-1,,Manjui,141_how,napa,napa,n a p a,,carol2018,,,,,2574,0,0,?
Manjui-153_three-1,,Manjui,153_three,wet 'zeela,wet 'zeela,w e t + ʔ ʃ eː l a,,carol2018,,,,,4866 4867,0,0,? ?
Manjui-244_white-1,,Manjui,244_white,leimi',leimi',l ei m i ʔ,,carol2018,,,,,2092,0,0,?
Manjui-146_faradv-1,,Manjui,146_faradv,toj,toj,t o h,,carol2018,,,,,1291,0,0,?
Manjui-106_year-1,,Manjui,106_year,nalkáp,nalkáp,n a l q a p,,carol2018,,,,,1296 2585,0,0,?
Manjui-162_drink-1,,Manjui,162_drink,ye'; 'yeei'; teijmiy',ye',j e ʔ,,carol2018,,,,,2586,0,0,?
Manjui-162_drink-2,,Manjui,162_drink,ye'; 'yeei'; teijmiy',yee+i',j eː + i ʔ,,carol2018,,,,,2586 1272,0,0,drink _:appl
Manjui-162_drink-3,,Manjui,162_drink,ye'; 'yeei'; teijmiy',teijmiy',t ei ʱm i j ʔ,,carol2018,,,,,4870 2586,0,0,?
Manjui-248_flower-1,,Manjui,248_flower,jlawo',jl+awo',ʱl + a w o ʔ,,carol2018,,,,,2099 1300,0,0,_:poss flower
Manjui-41_fall-1,,Manjui,41_fall,lejtam'; let izém',lejtam',l e h t + a m ʔ,,carol2018,,,,,4873 4874 3290,0,0,fall _:appl
Manjui-41_fall-2,,Manjui,41_fall,lejtam'; let izém',let izém',l e t + i ʃ e m ʔ,,carol2018,,,,,4874 3290,0,0,fall down
Manjui-264_know-1,,Manjui,264_know,ajáne; tajwele; teijnisa,ajáne,a h a n e,,carol2018,,,,,3842 1307,0,0,?
Manjui-264_know-2,,Manjui,264_know,ajáne; tajwele; teijnisa,tajwele,t a ʱw e l e,,carol2018,,,,,4875,0,0,?
Manjui-264_know-3,,Manjui,264_know,ajáne; tajwele; teijnisa,teijnisa,t ei ʱn i s a,,carol2018,,,,,4876,0,0,?
Manjui-274_ashes-1,,Manjui,274_ashes,tajlat,tajlat,t a ʱl a t,,carol2018,,,,,1311,0,0,?
Manjui-65_largebig-1,,Manjui,65_largebig,wuj,wuj,w u h,,carol2018,,,,,2583,0,0,?
Manjui-276_eat-1,,Manjui,276_eat,tujw,tujw,t u ʱw,,carol2018,,,,,1330,0,0,?
Manjui-191_grass-1,,Manjui,191_grass,jupáij,jupáij,h u p + ai h,,carol2018,,,,,674,0,0,grass _:suff
Manjui-152_one-1,,Manjui,152_one,jwanji',jwanji',ʱw a n h i ʔ,,carol2018,,,,,4877,0,0,?
Manjui-263_everyall-1,,Manjui,263_everyall,kaawa'; pijlátji',kaawa',q aː w a ʔ,,carol2018,,,,,4878,0,0,?
Manjui-263_everyall-2,,Manjui,263_everyall,kaawa'; pijlátji',pijlátji',p i ʱl a tʰ i ʔ,,carol2018,,,,,2611,0,0,?
Manjui-291_name-1,,Manjui,291_name,ei',ei',ei ʔ,,carol2018,,,,,2615,0,0,?
Manjui-292_old-1,,Manjui,292_old,ji'úsa,ji'úsa,h i ʔ u s a,,carol2018,,,,,4879,0,0,?
Manjui-282_father-1,,Manjui,282_father,"na', papa",na',n a ʔ,,carol2018,,,,,2463,0,0,?
Manjui-282_father-2,,Manjui,282_father,"na', papa",papa,p a p a,,carol2018,,,,,4332,0,0,?
Manjui-135_two-1,,Manjui,135_two,inták,inták,i n t a q,,carol2018,,,,,4099,0,0,?
Manjui-15_long-1,,Manjui,15_long,tojyiy',toj+yiy',t o h + j i j ʔ,,carol2018,,,,,1291 1272,0,0,far inside
Manjui-275_intestinesguts-1,,Manjui,275_intestinesguts,elei; kazili,elei,e l ei,,carol2018,,,,,2121,0,0,?
Manjui-275_intestinesguts-2,,Manjui,275_intestinesguts,elei; kazili,kazili,q a ʃ i l i,,carol2018,,,,,2626,0,0,?
Manjui-188_smellvbtrans-1,,Manjui,188_smellvbtrans,jnei'wen,jnei'wen,ʱn ei ˀw e n,,carol2018,,,,,4884,0,0,?
Manjui-52_treecf08600-1,,Manjui,52_treecf08600,a'lák,a'lák,a ʔ l a k,,carol2018,,,,,194,0,0,?
Manjui-74_seed-1,,Manjui,74_seed,jlemtiki'; asapki',jlemtiki',ʱl e m t i k i ʔ,,carol2018,,,,,4888,0,0,?
Manjui-74_seed-2,,Manjui,74_seed,jlemtiki'; asapki',asapki',a s a p k i ʔ,,carol2018,,,,,4889,0,0,?
Manjui-47_sun-1,,Manjui,47_sun,kilái',kilái',k i l ai ʔ,,carol2018,,,,,2130,0,0,?
Manjui-283_give-1,,Manjui,283_give,jai'; tunkiine; wen,jai',h ai ʔ,,carol2018,,,,,4892,0,0,?
Manjui-283_give-2,,Manjui,283_give,jai'; tunkiine; wen,wen,w e n,,carol2018,,,,,213,0,0,?
Manjui-136_littlequantityfew-1,,Manjui,136_littlequantityfew,jwam',jwam',ʱw a m ʔ,,carol2018,,,,,1404,0,0,?
Manjui-147_muchmany-1,,Manjui,147_muchmany,jaja'a; 'loj; wata'a,jaja'a,h a h a ʔ a,,carol2018,,,,,2654,0,0,?
Manjui-147_muchmany-2,,Manjui,147_muchmany,jaja'a; 'loj; wata'a,loj,l o h,,carol2018,,,,,219,0,0,?
Manjui-147_muchmany-3,,Manjui,147_muchmany,jaja'a; 'loj; wata'a,wata'a,w a t a ʔ a,,carol2018,,,,,2654,0,0,?
Manjui-266_cold-1,,Manjui,266_cold,eti jwi'íj; 'ui'; 'ujyam'; 'ujyiy',eti jwi'íj,e t i + ʱw i ʔ i h,,carol2018,,,,,18 4894,0,0,be cold
Manjui-266_cold-2,,Manjui,266_cold,eti jwi'íj; 'ui'; 'ujyam'; 'ujyiy',ui',ui ʔ,,carol2018,,,,,4894,0,0,?
Manjui-266_cold-3,,Manjui,266_cold,eti jwi'íj; 'ui'; 'ujyam'; 'ujyiy',uj+yam',u h + j a m ʔ,,carol2018,,,,,4894 4895,0,0,cold _:apl
Manjui-266_cold-4,,Manjui,266_cold,eti jwi'íj; 'ui'; 'ujyam'; 'ujyiy',uj+yiy',u h + j i j ʔ,,carol2018,,,,,4894 1272,0,0,cold _:apl
Manjui-39_sit-1,,Manjui,39_sit,ejyi'ne',e+jyi'+ne',e + h j i ʔ + n e ʔ,,carol2018,,,,,222 2656 221,0,0,_:3sg sit _:dir
Manjui-39_sit-2,,Manjui,39_sit,ii'ne',ii'+ne',iː ʔ + n e ʔ,,carol2018,,,,,1272 2656 221,0,0,sit _:dir
Manjui-39_sit-3,,Manjui,39_sit,waje'ne',waje'+ne',w a h e ʔ + n e ʔ,,carol2018,,,,,2656 221,0,0,sit _:dir
Manjui-285_fruit-1,,Manjui,285_fruit,jla',jla',ʱl + a ʔ,,carol2018,,,,,2144,0,0,_:poss fruit
Manjui-323_hold-1,,Manjui,323_hold,jwele,jwele,ʱw e l e,,carol2018,,,,,4897,0,0,?
Manjui-323_hold-2,,Manjui,323_hold,kieje' ne',kieje' ne',k j e h e ʔ + n e ʔ,,carol2018,,,,,3398 221,0,0,hold _:down
Manjui-323_hold-3,,Manjui,323_hold,kium,kium,k j u m,,carol2018,,,,,4367 4369,0,0,?
Manjui-46_animal-1,,Manjui,46_animal,lajwa,lajwa,l a ʱw a,,carol2018,,,,,2663,0,0,?
Manjui-290_mosquito-1,,Manjui,290_mosquito,eye',eye',e j e ʔ,,carol2018,,,,,2665,0,0,?
Manjui-35_spider-1,,Manjui,35_spider,ziwálak,ziwálak,ʃ i w a l a k,,carol2018,,,,,234,0,0,?
Manjui-102_horn-1,,Manjui,102_horn,yu',yu',j u ʔ,,carol2018,,,,,4898,0,0,?
Manjui-58_beard-1,,Manjui,58_beard,pusei,pusei,p u s ei,,carol2018,,,,,1440,0,0,?
Manjui-254_chest-1,,Manjui,254_chest,ot,ot,o t,,carol2018,,,,,2160,0,0,?
Manjui-61_chin-1,,Manjui,61_chin,ka ma'a,ka ma'a,q a + m a ʔ a,,carol2018,,,,,2163 4899,0,0,? ?
Manjui-62_lip-1,,Manjui,62_lip,pasat,pasat,p a s + a t,,carol2018,,,,,2674,0,0,lip _:suff/at
Manjui-64_finger-1,,Manjui,64_finger,yeziki',yeziki',j e ʃ i k i ʔ,,carol2018,,,,,2677,0,0,?
Manjui-281_elbow-1,,Manjui,281_elbow,kató',kató',q a t o ʔ,,carol2018,,,,,245,0,0,?
Manjui-94_fingernail-1,,Manjui,94_fingernail,yeziki' pot,yeziki' pot,j e ʃ i k i ʔ + p o t,,carol2018,,,,,2677 2172,0,0,finger cover
Manjui-299_thunder-1,,Manjui,299_thunder,kiultijniy',kiultijniy',k j u l t i ʱn i j ʔ,,carol2018,,,,,2684 4901,0,0,?
Manjui-109_lightning-1,,Manjui,109_lightning,ta'ájyiy',ta'ájyiy',t a ʔ a h j i j ʔ,,carol2018,,,,,2686 2687,0,0,?
Manjui-126_liedown-1,,Manjui,126_liedown,joo'ne',joo'ne',h oː ʔ n e ʔ,,carol2018,,,,,256 259,0,0,?
Manjui-72_house-1,,Manjui,72_house,sawo,sawo,s a w o,,carol2018,,,,,2699,0,0,?
Manjui-101_child-1,,Manjui,101_child,inéwanse',inéwanse',i n e w a n s e ʔ,,carol2018,,,,,2180 3437,0,0,?
Manjui-296_road-1,,Manjui,296_road,nayi,nayi,n a j i,,carol2018,,,,,2813,0,0,?
Manjui-293_owl-1,,Manjui,293_owl,usta,usta,u s t a,,carol2018,,,,,2711,0,0,?
Manjui-273_cat-1,,Manjui,273_cat,mis; tinúk,mis,m i s,,carol2018,,,,,776,0,0,?
Manjui-273_cat-2,,Manjui,273_cat,mis; tinúk,tinúk,t i n u k,,carol2018,,,,,282,0,0,?
Manjui-55_bee-1,,Manjui,55_bee,nakiwoo woki',nakiwoo wo+ki',n a k i w oː + w o + k i ʔ,,carol2018,,,,,1492 8181 4903,0,0,beehive inhabitant _:fem
Manjui-289_parrot-1,,Manjui,289_parrot,sa'tas; ele',ele',e l e ʔ,,carol2018,,,,,3873,0,0,?
Manjui-289_parrot-2,,Manjui,289_parrot,sa'tas; ele',sa'tas,s a ʔ t a s,,carol2018,,,,,3454,0,0,?
Manjui-166_deer-1,,Manjui,166_deer,zajlajlal; kilí'ni,zajlajlal,ʃ a ʱl a ʱl a l,,carol2018,,,,,4410,0,0,?
Manjui-166_deer-2,,Manjui,166_deer,zajlajlal; kilí'ni,kilí'ni,k i l i ʔ n i,,carol2018,,,,,4904,0,0,?
Manjui-118_ant-1,,Manjui,118_ant,tukis; tusata'a,tukis,t u k i s,,carol2018,,,,,785,0,0,?
Manjui-118_ant-2,,Manjui,118_ant,tukis; tusata'a,tusa+ta'a,t u s a + t a ʔ a,,carol2018,,,,,785 4905,0,0,smoke cooking.pot
Manjui-89_fur-1,,Manjui,89_fur,taj; jeki',taj,t + a h,,carol2018,,,,,4846,0,0,_:body skin
Manjui-89_fur-2,,Manjui,89_fur,taj; jeki',jeki',h e k i ʔ,,carol2018,,,,,2052,0,0,?
Manjui-42_hairhead-1,,Manjui,42_hairhead,wole',wole',w o l e ʔ,,carol2018,,,,,2208,0,0,?
Manjui-249_penis-1,,Manjui,249_penis,o',o',o ʔ,,carol2018,,,,,2735,0,0,?
Manjui-288_lung-1,,Manjui,288_lung,kajwójwis,kajwójwis,q a ʱw o ʱw i s,,carol2018,,,,,4907,0,0,?
Manjui-200_testicle-1,,Manjui,200_testicle,kienis,kienis,k j e n i s,,carol2018,,,,,2756,0,0,?
Manjui-262_under-1,,Manjui,262_under,izém,izém,i ʃ e m,,carol2018,,,,,2764,0,0,?
Manjui-124_bed-1,,Manjui,124_bed,ja 'wet,ja 'wet,h a ʔ + w e t,,carol2018,,,,,4908 2231,0,0,? place
Manjui-143_plantvb-1,,Manjui,143_plantvb,uut izém',uut izém',uː t + i ʃ e m ʔ,,carol2018,,,,,4909 3290,0,0,put down
Manjui-73_village-1,,Manjui,73_village,izí',izí',i ʃ i ʔ,,carol2018,,,,,2774,0,0,?
Manjui-268_upabove-1,,Manjui,268_upabove,jum,jum,h u m,,carol2018,,,,,2236,0,0,?
Manjui-60_doorgate-1,,Manjui,60_doorgate,kaai'; 'pot,kaai',q aː i ʔ,,carol2018,,,,,4717,0,0,?
Manjui-60_doorgate-2,,Manjui,60_doorgate,kaai'; 'pot,pot,p o t,,carol2018,,,,,2172,0,0,?
Manjui-76_cover-1,,Manjui,76_cover,po' apé'e'; 'po'we',po' apé'e',p o ʔ + a p e ʔ e ʔ,,carol2018,,,,,4912 2783,0,0,close _:on
Manjui-76_cover-2,,Manjui,76_cover,po' apé'e'; 'po'we',po+'we',p o + ˀw e ʔ,,carol2018,,,,,4912 4913,0,0,close ?
Manjui-278_buy-1,,Manjui,278_buy,kajái',kajái',q a h ai ʔ,,carol2018,,,,,2786,0,0,?
Manjui-271_sweetpotato-1,,Manjui,271_sweetpotato,kie'ói';,kie'ói',k j e ʔ oi ʔ,,carol2018,,,,,3520,0,0,?
Manjui-86_path-1,,Manjui,86_path,nayi,nayi,n a j i,,carol2018,,,,,2813,0,0,?
Manjui-169_knife-1,,Manjui,169_knife,sajwe',sajwe',s a ʱw e ʔ,,carol2018,,,,,3524,0,0,?
Manjui-170_needle-1,,Manjui,170_needle,itán',itán',i t a n ʔ,,carol2018,,,,,2820,0,0,?
Manjui-104_soulspirit-1,,Manjui,104_soulspirit,ei'ik; jlamój,ei'ik,ei ʔ i k,,carol2018,,,,,2822,0,0,?
Manjui-104_soulspirit-2,,Manjui,104_soulspirit,ei'ik; jlamój,jlamój,ʱl a m o h,,carol2018,,,,,2821,0,0,?
Manjui-277_cryweep-1,,Manjui,277_cryweep,ap,ap,a p,,carol2018,,,,,2826,0,0,?
Manjui-287_maizecorn-1,,Manjui,287_maizecorn,jup,jup,h u p,,carol2018,,,,,4918,0,0,?
Manjui-206_oldman-1,,Manjui,206_oldman,kijíl',kijíl',k i h i l ʔ,,carol2018,,,,,2832,0,0,?
Manjui-300_tobacco-1,,Manjui,300_tobacco,inéwit,inéwit,i n e w i t,,carol2018,,,,,4919,0,0,?
Manjui-295_ripe-1,,Manjui,295_ripe,wakajl; 'o'we',wakajl,w a q a ʱl,,carol2018,,,,,4920,0,0,?
Manjui-295_ripe-2,,Manjui,295_ripe,wakajl; 'o'we',o'we',o ˀw e ʔ,,carol2018,,,,,2837,0,0,?
Manjui-270_tapiocamanioccassava-1,,Manjui,270_tapiocamanioccassava,zimkiu'; inwá'sojnak; nawasuk,zimkiu',ʃ i m k j u ʔ,,carol2018,,,,,4921,0,0,?
Manjui-270_tapiocamanioccassava-2,,Manjui,270_tapiocamanioccassava,zimkiu'; inwá'sojnak; nawasuk,inwá'sojnak,i n w a ʔ s o ʱn a k,,carol2018,,,,,2843,0,0,?
Manjui-270_tapiocamanioccassava-3,,Manjui,270_tapiocamanioccassava,zimkiu'; inwá'sojnak; nawasuk,nawasuk,n a w a s u k,,carol2018,,,,,2843,0,0,?
Manjui-159_cook-1,,Manjui,159_cook,pen; tu'u; kapujnan; jlon,pen,p e n,,carol2018,,,,,1698,0,0,?
Manjui-159_cook-2,,Manjui,159_cook,pen; tu'u; kapujnan; jlon,tu'u,t u ʔ u,,carol2018,,,,,1696,0,0,?
Manjui-159_cook-3,,Manjui,159_cook,pen; tu'u; kapujnan; jlon,kapujnan,q a p u ʱn a n,,carol2018,,,,,1698,0,0,?
Manjui-159_cook-4,,Manjui,159_cook,pen; tu'u; kapujnan; jlon,jlon,ʱl o n,,carol2018,,,,,1698,0,0,?
Manjui-207_oldwoman-1,,Manjui,207_oldwoman,kijíla',kijíla',k i h i l + a ʔ,,carol2018,,,,,2870,0,0,old.man _:fem
Manjui-142_sap-1,,Manjui,142_sap,jlei'se',jlei'se',ʱl e + i ʔ s e ʔ,,carol2018,,,,,4923,0,0,_:poss sap
Manjui-252_cow-1,,Manjui,252_cow,wakie',wakie',w a k j e ʔ,,carol2018,,,,,297,0,0,?
Manjui-173_lizard-1,,Manjui,173_lizard,tok; kalázi'ni; kie'la; kiníjle'i,tok,t o k,,carol2018,,,,,394,0,0,?
Manjui-173_lizard-2,,Manjui,173_lizard,tok; kalázi'ni; kie'la; kiníjle'i,kalázi'ni,q a l a ʃ i ʔ n i,,carol2018,,,,,2882 1718,0,0,?
Manjui-173_lizard-3,,Manjui,173_lizard,tok; kalázi'ni; kie'la; kiníjle'i,kie'la,k j e ʔ l a,,carol2018,,,,,395,0,0,?
Manjui-173_lizard-4,,Manjui,173_lizard,tok; kalázi'ni; kie'la; kiníjle'i,kiníjle'i,k i n i ʱl e ʔ i,,carol2018,,,,,1718 2882,0,0,?
Manjui-267_nest-1,,Manjui,267_nest,jlup,jlup,ʱl + u p,,carol2018,,,,,2276,0,0,_:poss nest
Manjui-116_goat-1,,Manjui,116_goat,sonata tok,sonata tok,s o n a t a + t o k,,carol2018,,,,,2272 1725,0,0,sheep false
Manjui-302_pig-1,,Manjui,302_pig,ijnílsata; kuzi,ijnílsa+ta,i ʱn i l s a + t a,,carol2018,,,,,2889 1807,0,0,boar _:aum
Manjui-302_pig-2,,Manjui,302_pig,ijnílsata; kuzi,kuzi,q u ʃ i,,carol2018,,,,,919,0,0,?
Manjui-174_dove-1,,Manjui,174_dove,zipúp; ojwo',zipúp,ʃ i p u p,,carol2018,,,,,2903,0,0,?
Manjui-174_dove-2,,Manjui,174_dove,zipúp; ojwo',ojwo',o ʱw o ʔ,,carol2018,,,,,2901,0,0,?
Manjui-260_crocodilealligator-1,,Manjui,260_crocodilealligator,ajluta,ajluta,a ʱl u + t a,,carol2018,,,,,1746 1807,0,0,lizard _:aum
Manjui-245_snail-1,,Manjui,245_snail,la'pi,la'pi,l a ʔ p i,,carol2018,,,,,2922,0,0,?
Manjui-160_fox-1,,Manjui,160_fox,mawota; wuyiki',mawota,m a w o + t a,,carol2018,,,,,4927,0,0,fox _:aug
Manjui-160_fox-2,,Manjui,160_fox,mawota; wuyiki',wuyiki',w u j i k i ʔ,,carol2018,,,,,940,0,0,?
Manjui-113_horseequine-1,,Manjui,113_horseequine,lenata,lenata,l e n a + t a,,carol2018,,,,,2928 1807,0,0,dog _:aug
Manjui-208_mule-1,,Manjui,208_mule,maléikie',maléikie',m a l ei k j e ʔ,,carol2018,,,,,953 4931,0,0,?
Manjui-91_fishscale-1,,Manjui,91_fishscale,jluut,jluut,ʱl uː t,,carol2018,,,,,2938,0,0,?
Manjui-115_sheep-1,,Manjui,115_sheep,sonata,sonata,s o n a + t a,,carol2018,,,,,2272,0,0,? _:aug
Manjui-253_bear-1,,Manjui,253_bear,sa'úla; sa'úlata; 'wajéij jiwoki',sa'úla,s a ʔ u l a,,carol2018,,,,,2956,0,0,?
Manjui-253_bear-2,,Manjui,253_bear,sa'úla; sa'úlata; 'wajéij jiwoki',sa'úla+ta,s a ʔ u l a + t a,,carol2018,,,,,2956 1807,0,0,bear _:aum
Manjui-253_bear-3,,Manjui,253_bear,sa'úla; sa'úlata; 'wajéij jiwoki',wajéij ji+wo+ki',w a h ei h + h i + w o + k i ʔ,,carol2018,,,,,3969 460 8181 4903,0,0,? _:poss inhabitant _:fem
Manjui-242_assdonkey-1,,Manjui,242_assdonkey,maléikieta,maléikie+ta,m a l ei k j e + t a,,carol2018,,,,,970 1807,0,0,mule _:aum
Manjui-284_hawk-1,,Manjui,284_hawk,kilílik,kilílik,k i l i l i k,,carol2018,,,,,971,0,0,?
Manjui-257_wasp-1,,Manjui,257_wasp,masa wo'; matis jiwo'; wona wo'; wonaki wo'; 'waize wo'; ajú'na wo'; amta wo',masa wo',m a s a + w o ʔ,,carol2018,,,,,2963 8181,0,0,beehive inhabitant
Manjui-257_wasp-2,,Manjui,257_wasp,masa wo'; matis jiwo'; wona wo'; wonaki wo'; 'waize wo'; ajú'na wo'; amta wo',matis ji+wo',m a t i s + h i + w o ʔ,,carol2018,,,,,2963 460 8181,0,0,beehive _:poss inhabitant
Manjui-257_wasp-3,,Manjui,257_wasp,masa wo'; matis jiwo'; wona wo'; wonaki wo'; 'waize wo'; ajú'na wo'; amta wo',wona wo',w o n a + w o ʔ,,carol2018,,,,,459 8181,0,0,beehive inhabitant
Manjui-257_wasp-4,,Manjui,257_wasp,masa wo'; matis jiwo'; wona wo'; wonaki wo'; 'waize wo'; ajú'na wo'; amta wo',wonaki wo',w o n a k i + w o ʔ,,carol2018,,,,,459 8181,0,0,beehive inhabitant
Manjui-257_wasp-5,,Manjui,257_wasp,masa wo'; matis jiwo'; wona wo'; wonaki wo'; 'waize wo'; ajú'na wo'; amta wo',waize wo',w ai ʃ e + w o ʔ,,carol2018,,,,,973 8181,0,0,beehive inhabitant
Manjui-257_wasp-6,,Manjui,257_wasp,masa wo'; matis jiwo'; wona wo'; wonaki wo'; 'waize wo'; ajú'na wo'; amta wo',ajú'na wo',a h u ʔ n a + w o ʔ,,carol2018,,,,,2963 8181,0,0,beehive inhabitant
Manjui-257_wasp-7,,Manjui,257_wasp,masa wo'; matis jiwo'; wona wo'; wonaki wo'; 'waize wo'; ajú'na wo'; amta wo',amta wo',a m t a + w o ʔ,,carol2018,,,,,2963 8181,0,0,beehive inhabitant
Manjui-70_eyelid-1,,Manjui,70_eyelid,taté 'taj,taté 'taj,t a t e + ʔ t + a h,,carol2018,,,,,986 4938,0,0,eye _:body skin
Manjui-40_borntobe-1,,Manjui,40_borntobe,ejyi'ne',ejyi+'ne',e h j i + ʔ n e ʔ,,carol2018,,,,,1819 2990,0,0,be.born _:clitic
Manjui-40_borntobe-2,,Manjui,40_borntobe,ii'ne',ii'+ne',iː ʔ + n e ʔ,,carol2018,,,,,988 3212 221,0,0,be.born _:down
Manjui-40_borntobe-3,,Manjui,40_borntobe,waje'ne',waje'+ne',w a h e ʔ + n e ʔ,,carol2018,,,,,2656 221,0,0,be.born _:down
Manjui-259_eyelash-1,,Manjui,259_eyelash,tase',tase',t a s e ʔ,,carol2018,,,,,1832,0,0,?
Manjui-121_footprint-1,,Manjui,121_footprint,kayi,kayi,q a j i,,carol2018,,,,,3017,0,0,?
Manjui-301_urinate-1,,Manjui,301_urinate,ujl,ujl,u ʱl,,carol2018,,,,,3030,0,0,?
Manjui-81_spine-1,,Manjui,81_spine,kieyu we'lek,kieyu we'lek,k j e j u + w e ʔ l e q,,carol2018,,,,,1042 54,0,0,back bone
Manjui-294_pus-1,,Manjui,294_pus,kijlam',kijlam',k i ʱl a m ʔ,,carol2018,,,,,4944 4945,0,0,?
Manjui-68_womb-1,,Manjui,68_womb,towe,towe,t o w e,,carol2018,,,,,3075,0,0,?
Manjui-84_veinartery-1,,Manjui,84_veinartery,satáyik,satáyik,s a t a j i q,,carol2018,,,,,498,0,0,?
Manjui-269_wakeup-1,,Manjui,269_wakeup,yeen jlawá'a',yeen jlawá'a',j eː n + ʱl a w a ʔ a ʔ,,carol2018,,,,,1935 4948,0,0,look _:out
Manjui-127_cousin-1,,Manjui,127_cousin,kilé'; 'ini,kilé',k i l e ʔ,,carol2018,,,,,4951,0,0,?
Manjui-127_cousin-2,,Manjui,127_cousin,kilé'; 'ini,ini,i n i,,carol2018,,,,,4952,0,0,?
Manjui-87_place-1,,Manjui,87_place,wet,wet,w e t,,carol2018,,,,,2231,0,0,?
Manjui-105_shadeshadow-1,,Manjui,105_shadeshadow,peilik,peilik,p ei l + i k,,carol2018,,,,,2440,0,0,shadow _:?
Manjui-165_write-1,,Manjui,165_write,etei,et+ei,e t + ei,,carol2018,,,,,1903 1981,0,0,nail _:distal
Mapudungun-85_blood-1,,Mapudungun,85_blood,mollfüñ,mollfüñ,m o ʎ f ɨ ɲ,,catrileo2017;catrileo2015,,,,,4958,0,0,blood
Mapudungun-59_mouth-1,,Mapudungun,59_mouth,ange; wün,ange,a ŋ e,,catrileo2017;catrileo2015,,,,,279,0,0,mouth
Mapudungun-59_mouth-2,,Mapudungun,59_mouth,ange; wün,wün,w ɨ n,,catrileo2017;catrileo2015,,,,,4,0,0,mouth
Mapudungun-79_head-1,,Mapudungun,79_head,longko,longko,l o ŋ k o,,catrileo2017;catrileo2015,,,,,543,0,0,head
Mapudungun-56_hand-1,,Mapudungun,56_hand,kuwü,kuwü,k u w ɨ,,catrileo2017;catrileo2015,,,,,303,0,0,hand
Mapudungun-53_ear-1,,Mapudungun,53_ear,pilun,pilun,p i l u n,,catrileo2017;catrileo2015,,,,,4963,0,0,ear
Mapudungun-50_red-1,,Mapudungun,50_red,kelü,kelü,k e l ɨ,,catrileo2017;catrileo2015,,,,,1136,0,0,?
Mapudungun-163_see-1,,Mapudungun,163_see,pelo,pelo,p e l o,,catrileo2017;catrileo2015,,,,,4073,0,0,?
Mapudungun-37_husband-1,,Mapudungun,37_husband,wentru,wentru,w e n ʈʂ u,,catrileo2017;catrileo2015,,,,,26,0,0,man
Mapudungun-37_husband-2,,Mapudungun,37_husband,füta,füta,f ɨ t a,,catrileo2017;catrileo2015,,,,,353,0,0,big
Mapudungun-38_wife-1,,Mapudungun,38_wife,domo,domo,d o m o,,catrileo2017;catrileo2015,,,,,28,0,0,woman
Mapudungun-38_wife-2,,Mapudungun,38_wife,kure,kure,k u ɻ e,,catrileo2017;catrileo2015,,,,,28,0,0,wife
Mapudungun-138_hear-1,,Mapudungun,138_hear,allkü,allkü,a ʎ k ɨ,,catrileo2017;catrileo2015,,,,,34,0,0,?
Mapudungun-187_bird-1,,Mapudungun,187_bird,üñüm,üñüm,ɨ ɲ ɨ m,,catrileo2017;catrileo2015,,,,,36,0,0,?
Mapudungun-97_fish-1,,Mapudungun,97_fish,challwa,challwa,tʃ a ʎ w a,,catrileo2017;catrileo2015,,,,,4965,0,0,fish
Mapudungun-130_louse-1,,Mapudungun,130_louse,tün,tün,t ɨ n,,catrileo2017;catrileo2015,,,,,2029,0,0,?
Mapudungun-129_dog-1,,Mapudungun,129_dog,trewa,trewa,ʈʂ e w a,,catrileo2017;catrileo2015,,,,,4786,0,0,dog
Mapudungun-251_tongue-1,,Mapudungun,251_tongue,kewün,kewün,k e w ɨ n,,catrileo2017;catrileo2015,,,,,4968,0,0,?
Mapudungun-78_breastofwoman-1,,Mapudungun,78_breastofwoman,moyo,moyo,m o j o,,catrileo2017;catrileo2015,,,,,4970,0,0,?
Mapudungun-98_wing-1,,Mapudungun,98_wing,müpü,müpü,m ɨ p ɨ,,catrileo2017;catrileo2015,,,,,568,0,0,wing
Mapudungun-82_back-1,,Mapudungun,82_back,furi,furi,f u ɻ i,,catrileo2017;catrileo2015,,,,,4971,0,0,?
Mapudungun-83_bone-1,,Mapudungun,83_bone,foro,foro,f o ɻ o,,catrileo2017;catrileo2015,,,,,505,0,0,bone
Mapudungun-120_leg-1,,Mapudungun,120_leg,chang,chang,tʃ a ŋ,,catrileo2017;catrileo2015,,,,,3143,0,0,?
Mapudungun-246_foot-1,,Mapudungun,246_foot,namun,namun,n a m u n,,catrileo2017;catrileo2015,,,,,4973,0,0,foot
Mapudungun-261_heart-1,,Mapudungun,261_heart,piuke,piuke,p j u k e,,catrileo2017;catrileo2015,,,,,575,0,0,?
Mapudungun-125_sleep-1,,Mapudungun,125_sleep,umawnagü,umaw+nagü,u m a w + n a ɣ ɨ,,catrileo2017;catrileo2015,,,,,1174 576,0,0,sleep _:vblz
Mapudungun-125_sleep-2,,Mapudungun,125_sleep,umawtu,umaw+tu,u m a w + t u,,catrileo2017;catrileo2015,,,,,1174 64,0,0,sleep _:vblz
Mapudungun-114_tail-1,,Mapudungun,114_tail,külen,külen,k ɨ l e n,,catrileo2017;catrileo2015,,,,,1176,0,0,?
Mapudungun-111_kill-1,,Mapudungun,111_kill,langümü,langümü,l a ŋ ɨ m ɨ,,catrileo2017;catrileo2015,,,,,1181,0,0,?
Mapudungun-75_skinhide-1,,Mapudungun,75_skinhide,trülke,trülke,ʈʂ ɨ l k e,,catrileo2017;catrileo2015,,,,,4974,0,0,?
Mapudungun-75_skinhide-2,,Mapudungun,75_skinhide,trawa,trawa,ʈʂ a w a,,catrileo2017;catrileo2015,,,,,1818,0,0,skin
Mapudungun-44_feather-1,,Mapudungun,44_feather,pichuñ,pichuñ,p i tʃ u ɲ,,catrileo2017;catrileo2015,,,,,4977,0,0,?
Mapudungun-139_earthgroundsoil-1,,Mapudungun,139_earthgroundsoil,mapu,mapu,m a p u,,catrileo2017;catrileo2015,,,,,1187,0,0,earth
Mapudungun-154_four-1,,Mapudungun,154_four,meli,meli,m e l i,,catrileo2017;catrileo2015,,,,,2530,0,0,?
Mapudungun-167_yellow-1,,Mapudungun,167_yellow,chod,chod,tʃ o d,,catrileo2017;catrileo2015,,,,,4983,0,0,?
Mapudungun-133_flyvb-1,,Mapudungun,133_flyvb,müpü,müpü,m ɨ p ɨ,,catrileo2017;catrileo2015,,,,,568,0,0,wing
Mapudungun-297_root-1,,Mapudungun,297_root,folil,folil,f o l i l,,catrileo2017;catrileo2015,,,,,4985,0,0,?
Mapudungun-67_lake-1,,Mapudungun,67_lake,lafken,lafken,l a f k e n,,catrileo2017;catrileo2015,,,,,4980,0,0,sea/lake
Mapudungun-243_black-1,,Mapudungun,243_black,kurü,kurü,k u ɻ ɨ,,catrileo2017;catrileo2015,,,,,1671,0,0,?
Mapudungun-164_dust-1,,Mapudungun,164_dust,trufür,trufür,ʈʂ u f ɨ r,,catrileo2017;catrileo2015,,,,,4990,0,0,?
Mapudungun-168_star-1,,Mapudungun,168_star,wangülen,wangülen,w a ŋ ɨ l e n,,catrileo2017;catrileo2015,,,,,4991,0,0,?
Mapudungun-280_personhumanbeing-1,,Mapudungun,280_personhumanbeing,che,che,tʃ e,,catrileo2017;catrileo2015,,,,,1470,0,0,person
Mapudungun-66_mother-1,,Mapudungun,66_mother,ñuke,ñuke,ɲ u k e,,catrileo2017;catrileo2015,,,,,1979,0,0,mother
Mapudungun-145_nearadv-1,,Mapudungun,145_nearadv,pülle,pülle,p ɨ ʎ e,,catrileo2017;catrileo2015,,,,,3861,0,0,?
Mapudungun-92_cloud-1,,Mapudungun,92_cloud,tromü,tromü,ʈʂ o m ɨ,,catrileo2017;catrileo2015,,,,,617,0,0,?
Mapudungun-279_come-1,,Mapudungun,279_come,küpa,küpa,k ɨ p a,,catrileo2017;catrileo2015,,,,,1247,0,0,?
Mapudungun-43_leaf-1,,Mapudungun,43_leaf,tapül,tapül,t a p ɨ l,,catrileo2017;catrileo2015,,,,,4995,0,0,?
Mapudungun-93_sky-1,,Mapudungun,93_sky,wenu,wenu,w e n u,,catrileo2017;catrileo2015,,,,,1662,0,0,sky
Mapudungun-90_bark-1,,Mapudungun,90_bark,trolüf,trolüf,ʈʂ o l ɨ f,,catrileo2017;catrileo2015,,,,,4998,0,0,?
Mapudungun-140_where-1,,Mapudungun,140_where,chew,chew,tʃ e w,,catrileo2017;catrileo2015,,,,,1274,0,0,?
Mapudungun-298_ropecord-1,,Mapudungun,298_ropecord,llasu,llasu,ʎ a s u,,catrileo2017;catrileo2015,,,,,643,0,0,?
Mapudungun-141_how-1,,Mapudungun,141_how,chumwechi,chumwechi,tʃ u m w e tʃ i,,catrileo2017;catrileo2015,,,,,5004,0,0,?
Mapudungun-153_three-1,,Mapudungun,153_three,küla,küla,k ɨ l a,,catrileo2017;catrileo2015,,,,,4867,0,0,?
Mapudungun-244_white-1,,Mapudungun,244_white,lig,lig,l i g,,catrileo2017;catrileo2015,,,,,128,0,0,?
Mapudungun-146_faradv-1,,Mapudungun,146_faradv,kamapu,kamapu,k a m a p u,,catrileo2017;catrileo2015,,,,,5005,0,0,?
Mapudungun-106_year-1,,Mapudungun,106_year,tripantu,tripantu,ʈʂ i p a n t u,,catrileo2017;catrileo2015,,,,,5006,0,0,?
Mapudungun-162_drink-1,,Mapudungun,162_drink,pütoko; putu,pütoko,p ɨ t o k o,,catrileo2017;catrileo2015,,,,,5007,0,0,?
Mapudungun-162_drink-2,,Mapudungun,162_drink,pütoko; putu,putu,p u t u,,catrileo2017;catrileo2015,,,,,5007,0,0,?
Mapudungun-248_flower-1,,Mapudungun,248_flower,rayen,rayen,r a j e n,,catrileo2017;catrileo2015,,,,,5008,0,0,?
Mapudungun-41_fall-1,,Mapudungun,41_fall,ütrüfnagi; tranü,ütrüf+nagi,ɨ ʈʂ ɨ f + n a ɣ i,,catrileo2017;catrileo2015,,,,,5010 1304,0,0,? ?
Mapudungun-41_fall-2,,Mapudungun,41_fall,ütrüfnagi; tranü,tranü,ʈʂ a n ɨ,,catrileo2017;catrileo2015,,,,,1304,0,0,?
Mapudungun-264_know-1,,Mapudungun,264_know,kimü,kim+ü,k i m + ɨ,,catrileo2017;catrileo2015,,,,,148 1860,0,0,know _:vblz
Mapudungun-274_ashes-1,,Mapudungun,274_ashes,trufken,trufken,ʈʂ u f k e n,,catrileo2017;catrileo2015,,,,,3873,0,0,?
Mapudungun-65_largebig-1,,Mapudungun,65_largebig,füta,füta,f ɨ t a,,catrileo2017;catrileo2015,,,,,353,0,0,big
Mapudungun-148_short-1,,Mapudungun,148_short,pichi püra,pichi püra,p i tʃ i + p ɨ ɻ a,,catrileo2017;catrileo2015,,,,,180 1097,0,0,small go up
Mapudungun-149_five-1,,Mapudungun,149_five,kechu,kechu,k e tʃ u,,catrileo2017;catrileo2015,,,,,5016,0,0,?
Mapudungun-276_eat-1,,Mapudungun,276_eat,i,i,i,,catrileo2017;catrileo2015,,,,,672,0,0,?
Mapudungun-276_eat-2,,Mapudungun,276_eat,ilotu,ilotu,i l o t u,,catrileo2017;catrileo2015,,,,,4091,0,0,?
Mapudungun-191_grass-1,,Mapudungun,191_grass,kachu,kachu,k a tʃ u,,catrileo2017;catrileo2015,,,,,437,0,0,grass
Mapudungun-152_one-1,,Mapudungun,152_one,kiñe,kiñe,k i ɲ e,,catrileo2017;catrileo2015,,,,,1633,0,0,one
Mapudungun-263_everyall-1,,Mapudungun,263_everyall,kom,itrokom,i ʈʂ o k o m,,catrileo2017;catrileo2015,,,,,169,0,0,?
Mapudungun-291_name-1,,Mapudungun,291_name,üy,üy,ɨ j,,catrileo2017;catrileo2015,,,,,681,0,0,?
Mapudungun-292_old-1,,Mapudungun,292_old,fücha,fücha,f ɨ tʃ a,,catrileo2017;catrileo2015,,,,,353,0,0,old
Mapudungun-282_father-1,,Mapudungun,282_father,chaw,chaw,tʃ a w,,catrileo2017;catrileo2015,,,,,177,0,0,father
Mapudungun-100_smalllittle-1,,Mapudungun,100_smalllittle,pichi,pichi,p i tʃ i,,catrileo2017;catrileo2015,,,,,180,0,0,small
Mapudungun-135_two-1,,Mapudungun,135_two,epu,epu,e p u,,catrileo2017;catrileo2015,,,,,1360,0,0,two
Mapudungun-15_long-1,,Mapudungun,15_long,alü+amu+n,alü+amu+n,a l ɨ + a m u + n,,catrileo2017;catrileo2015,,,,,187 1363 1366,0,0,?
Mapudungun-275_intestinesguts-1,,Mapudungun,275_intestinesguts,rüku; külche,rüku,r ɨ k u,,catrileo2017;catrileo2015,,,,,5021,0,0,?
Mapudungun-275_intestinesguts-2,,Mapudungun,275_intestinesguts,rüku; külche,külche,k ɨ l tʃ e,,catrileo2017;catrileo2015,,,,,189,0,0,?
Mapudungun-188_smellvbtrans-1,,Mapudungun,188_smellvbtrans,nümütu,nümü+tu,n ɨ m ɨ + t u,,catrileo2017;catrileo2015,,,,,5023 64,0,0,_:vblz
Mapudungun-52_treecf08600-1,,Mapudungun,52_treecf08600,aliwen; mamüll,aliwen,a l i w e n,,catrileo2017;catrileo2015,,,,,3887,0,0,?
Mapudungun-74_seed-1,,Mapudungun,74_seed,kongi; tukun,kongi,k o ŋ i,,catrileo2017;catrileo2015,,,,,5028,0,0,?
Mapudungun-74_seed-2,,Mapudungun,74_seed,kongi; tukun,tuku+n,t u k u + n,,catrileo2017;catrileo2015,,,,,1546 1388,0,0,seed ?
Mapudungun-47_sun-1,,Mapudungun,47_sun,antü,antü,a n t ɨ,,catrileo2017;catrileo2015,,,,,1221,0,0,sun
Mapudungun-283_give-1,,Mapudungun,283_give,elu,elu,e l u,,catrileo2017;catrileo2015,,,,,4355,0,0,?
Mapudungun-283_give-2,,Mapudungun,283_give,ulü,ulü,u l ɨ,,catrileo2017;catrileo2015,,,,,4355,0,0,?
Mapudungun-136_littlequantityfew-1,,Mapudungun,136_littlequantityfew,pichi,pichi,p i tʃ i,,catrileo2017;catrileo2015,,,,,180,0,0,small
Mapudungun-147_muchmany-1,,Mapudungun,147_muchmany,fentren; rume,fentren,f e n ʈʂ e n,,catrileo2017;catrileo2015,,,,,1408,0,0,?
Mapudungun-147_muchmany-2,,Mapudungun,147_muchmany,fentren; rume,rume,r u m e,,catrileo2017;catrileo2015,,,,,219,0,0,?
Mapudungun-266_cold-1,,Mapudungun,266_cold,wütre; chid; atreg,wütre,w ɨ ʈʂ e,,catrileo2017;catrileo2015,,,,,18,0,0,?
Mapudungun-266_cold-2,,Mapudungun,266_cold,wütre; chid; atreg,chid,tʃ i d,,catrileo2017;catrileo2015,,,,,5030,0,0,?
Mapudungun-266_cold-3,,Mapudungun,266_cold,wütre; chid; atreg,atreg,a ʈʂ e g,,catrileo2017;catrileo2015,,,,,18,0,0,?
Mapudungun-39_sit-1,,Mapudungun,39_sit,anü,anü,a n ɨ,,catrileo2017;catrileo2015,,,,,221,0,0,sit
Mapudungun-285_fruit-1,,Mapudungun,285_fruit,fün,fün,f ɨ n,,catrileo2017;catrileo2015,,,,,5032,0,0,fruit
Mapudungun-323_hold-1,,Mapudungun,323_hold,nünie,nünie,n ɨ n j e,,catrileo2017;catrileo2015,,,,,730 5033,0,0,?
Mapudungun-46_animal-1,,Mapudungun,46_animal,kulliñ,kulliñ,k u ʎ i ɲ,,catrileo2017;catrileo2015,,,,,3605,0,0,?
Mapudungun-35_spider-1,,Mapudungun,35_spider,llalliñ,llalliñ,ʎ a ʎ i ɲ,,catrileo2017;catrileo2015,,,,,3403,0,0,?
Mapudungun-35_spider-2,,Mapudungun,35_spider,pallu,pallu,p a ʎ u,,catrileo2017;catrileo2015,,,,,4379,0,0,?
Mapudungun-95_claw-1,,Mapudungun,95_claw,wili,wili,w i l i,,catrileo2017;catrileo2015,,,,,2680,0,0,?
Mapudungun-57_arm-1,,Mapudungun,57_arm,lipang,lipang,l i p a ŋ,,catrileo2017;catrileo2015,,,,,2151,0,0,arm
Mapudungun-102_horn-1,,Mapudungun,102_horn,müta,müta,m ɨ t a,,catrileo2017;catrileo2015,,,,,237,0,0,?
Mapudungun-58_beard-1,,Mapudungun,58_beard,payun,payun,p a j u n,,catrileo2017;catrileo2015,,,,,5037,0,0,?
Mapudungun-254_chest-1,,Mapudungun,254_chest,rüku,rüku,r ɨ k u,,catrileo2017;catrileo2015,,,,,2161,0,0,?
Mapudungun-61_chin-1,,Mapudungun,61_chin,ketre,ketre,k e ʈʂ e,,catrileo2017;catrileo2015,,,,,2163,0,0,?
Mapudungun-62_lip-1,,Mapudungun,62_lip,mellfü wün,mellfü wün,m e ʎ f ɨ + w ɨ n,,catrileo2017;catrileo2015,,,,,5038 4,0,0,? mouth
Mapudungun-64_finger-1,,Mapudungun,64_finger,changüll kuwü,changüll kuwü,tʃ a ŋ ɨ ʎ + k u w ɨ,,catrileo2017;catrileo2015,,,,,747 303,0,0,finger/toe hand
Mapudungun-281_elbow-1,,Mapudungun,281_elbow,trulitruli,trulitruli,ʈʂ u l i ʈʂ u l i,,catrileo2017;catrileo2015,,,,,4391 4391,0,0,?
Mapudungun-94_fingernail-1,,Mapudungun,94_fingernail,wili,wili,w i l i,,catrileo2017;catrileo2015,,,,,2680,0,0,?
Mapudungun-299_thunder-1,,Mapudungun,299_thunder,tralkan,tralkan,ʈʂ a l k a n,,catrileo2017;catrileo2015,,,,,2684,0,0,?
Mapudungun-109_lightning-1,,Mapudungun,109_lightning,llüfke,llüfke,ʎ ɨ f k e,,catrileo2017;catrileo2015,,,,,4394,0,0,?
Mapudungun-126_liedown-1,,Mapudungun,126_liedown,kudu; tranakünuwü,kudu,k u θ u,,catrileo2017;catrileo2015,,,,,4395,0,0,?
Mapudungun-126_liedown-2,,Mapudungun,126_liedown,kudu; tranakünuwü,tranakünuwü,ʈʂ a n a k ɨ n u w ɨ,,catrileo2017;catrileo2015,,,,,259 4395 2177,0,0,?
Mapudungun-72_house-1,,Mapudungun,72_house,ruka,ruka,r u k a,,catrileo2017;catrileo2015,,,,,269,0,0,house
Mapudungun-101_child-1,,Mapudungun,101_child,pichiwentru,pichi+wentru,p i tʃ i + w e n ʈʂ u,,catrileo2017;catrileo2015,,,,,180 26,0,0,small man
Mapudungun-101_child-2,,Mapudungun,101_child,pichidomo,pichi+domo,p i tʃ i + θ o m o,,catrileo2017;catrileo2015,,,,,180 767,0,0,small woman
Mapudungun-101_child-3,,Mapudungun,101_child,altawenüy,alta+wenüy,a l t a + w e n ɨ y,,catrileo2017;catrileo2015,,,,,768 3437,0,0,? friend
Mapudungun-101_child-4,,Mapudungun,101_child,pichimalen,pichi+malen,p i tʃ i + m a l e n,,catrileo2017;catrileo2015,,,,,180 5046,0,0,small girl
Mapudungun-101_child-5,,Mapudungun,101_child,pichiülcha,pichi+ülcha,p i tʃ i + ɨ l tʃ a,,catrileo2017;catrileo2015,,,,,180 5047,0,0,small woman
Mapudungun-101_child-6,,Mapudungun,101_child,pichiche,pichi+che,p i tʃ i + tʃ e,,catrileo2017;catrileo2015,,,,,180 1470,0,0,small person
Mapudungun-296_road-1,,Mapudungun,296_road,rüpü,rüpü,r ɨ p ɨ,,catrileo2017;catrileo2015,,,,,769,0,0,?
Mapudungun-150_ten-1,,Mapudungun,150_ten,mari,mari,m a ɻ i,,catrileo2017;catrileo2015,,,,,271,0,0,ten
Mapudungun-132_float-1,,Mapudungun,132_float,künayü,künayü,k ɨ n a j ɨ,,catrileo2017;catrileo2015,,,,,2184,0,0,?
Mapudungun-110_fightvb-1,,Mapudungun,110_fightvb,kewa,kewa,k e w a,,catrileo2017;catrileo2015,,,,,2708,0,0,?
Mapudungun-293_owl-1,,Mapudungun,293_owl,chiwüd,chiwüd,tʃ i w ɨ d,,catrileo2017;catrileo2015,,,,,4130,0,0,?
Mapudungun-273_cat-1,,Mapudungun,273_cat,narki,narki,n a ɻ k i,,catrileo2017;catrileo2015,,,,,1491,0,0,?
Mapudungun-55_bee-1,,Mapudungun,55_bee,sillwiñ,sillwiñ,s i ʎ w i ɲ,,catrileo2017;catrileo2015,,,,,283,0,0,?
Mapudungun-289_parrot-1,,Mapudungun,289_parrot,choroy,choroy,tʃ o ɻ o y,,catrileo2017;catrileo2015,,,,,779,0,0,?
Mapudungun-128_flea-1,,Mapudungun,128_flea,nerüm,nerüm,n e ɻ ɨ m,,catrileo2017;catrileo2015,,,,,5051,0,0,?
Mapudungun-166_deer-1,,Mapudungun,166_deer,püdu,püdu,p ɨ θ u,,catrileo2017;catrileo2015,,,,,4410,0,0,?
Mapudungun-118_ant-1,,Mapudungun,118_ant,kollella,kollella,k o ʎ e ʎ a,,catrileo2017;catrileo2015,,,,,2723,0,0,?
Mapudungun-99_palmofhand-1,,Mapudungun,99_palmofhand,puñ kuwü,puñ+kuwü,p u ɲ + k u w ɨ,,catrileo2017;catrileo2015,,,,,671 303,0,0,hand
Mapudungun-89_fur-1,,Mapudungun,89_fur,trülke,trülke,ʈʂ ɨ l k e,,catrileo2017;catrileo2015,,,,,4974,0,0,?
Mapudungun-42_hairhead-1,,Mapudungun,42_hairhead,longko,longko,l o ŋ k o,,catrileo2017;catrileo2015,,,,,543,0,0,head
Mapudungun-249_penis-1,,Mapudungun,249_penis,pünün,pünün,p ɨ n ɨ n,,catrileo2017;catrileo2015,,,,,4418,0,0,?
Mapudungun-88_skull-1,,Mapudungun,88_skull,forolongko; lengleng,foro+longko,f o ɻ o + l o ŋ k o,,catrileo2017;catrileo2015,,,,,505 543,0,0,bone head
Mapudungun-88_skull-2,,Mapudungun,88_skull,forolongko; lengleng,lengleng,l e ŋ l e ŋ,,catrileo2017;catrileo2015,,,,,2210 2210,0,0,?
Mapudungun-288_lung-1,,Mapudungun,288_lung,ponon,ponon,p o n o n,,catrileo2017;catrileo2015,,,,,803,0,0,?
Mapudungun-200_testicle-1,,Mapudungun,200_testicle,kütraw,kütraw,k ɨ ʈʂ a w,,catrileo2017;catrileo2015,,,,,2756,0,0,?
Mapudungun-200_testicle-2,,Mapudungun,200_testicle,kudañ,kudañ,k u θ a ɲ,,catrileo2017;catrileo2015,,,,,2756,0,0,?
Mapudungun-262_under-1,,Mapudungun,262_under,minche,minche,m i n tʃ e,,catrileo2017;catrileo2015,,,,,1541,0,0,?
Mapudungun-124_bed-1,,Mapudungun,124_bed,ngütantu,ngütantu,ŋ ɨ t a n t u,,catrileo2017;catrileo2015,,,,,3247,0,0,?
Mapudungun-143_plantvb-1,,Mapudungun,143_plantvb,anümü,anümü,a n ɨ m ɨ,,catrileo2017;catrileo2015,,,,,823,0,0,?
Mapudungun-143_plantvb-2,,Mapudungun,143_plantvb,tuku,tuku,t u k u,,catrileo2017;catrileo2015,,,,,1546,0,0,seed
Mapudungun-143_plantvb-3,,Mapudungun,143_plantvb,nganü (sow),nganü,ŋ a n ɨ,,catrileo2017;catrileo2015,,,,,823,0,0,?
Mapudungun-268_upabove-1,,Mapudungun,268_upabove,wente,wente,w e n t e,,catrileo2017;catrileo2015,,,,,829,0,0,top
Mapudungun-60_doorgate-1,,Mapudungun,60_doorgate,nürüf,nürüf,n ɨ ɻ ɨ f,,catrileo2017;catrileo2015,,,,,5073,0,0,door
Mapudungun-76_cover-1,,Mapudungun,76_cover,taku,taku,t a k u,,catrileo2017;catrileo2015,,,,,835,0,0,?
Mapudungun-278_buy-1,,Mapudungun,278_buy,ngilla,ngilla,ŋ i ʎ a,,catrileo2017;catrileo2015,,,,,1562,0,0,?
Mapudungun-123_burnvbintrans-1,,Mapudungun,123_burnvbintrans,lüfü; lüpümüwü,lüfü,l ɨ f ɨ,,catrileo2017;catrileo2015,,,,,5074,0,0,?
Mapudungun-123_burnvbintrans-2,,Mapudungun,123_burnvbintrans,lüfü; lüpümüwü,lüpümüwü,l ɨ p ɨ m ɨ w ɨ,,catrileo2017;catrileo2015,,,,,5074 325,0,0,?
Mapudungun-158_nine-1,,Mapudungun,158_nine,aylla,aylla,ai ʎ a,,catrileo2017;catrileo2015,,,,,1569,0,0,?
Mapudungun-103_club-1,,Mapudungun,103_club,mamüll,mamüll,m a m ɨ ʎ,,catrileo2017;catrileo2015,,,,,5077,0,0,wood
Mapudungun-156_seven-1,,Mapudungun,156_seven,regle,regle,r e ɣ l e,,catrileo2017;catrileo2015,,,,,1578,0,0,?
Mapudungun-86_path-1,,Mapudungun,86_path,rupa peyüm,rupa+peyüm,r u p a + p e j ɨ m,,catrileo2017;catrileo2015,,,,,1590 5080,0,0,? ?
Mapudungun-169_knife-1,,Mapudungun,169_knife,kuchillu,kuchillu,k u tʃ i ʎ u,,catrileo2017;catrileo2015,,,,,343,0,0,?
Mapudungun-170_needle-1,,Mapudungun,170_needle,akucha,akucha,a k u tʃ a,,catrileo2017;catrileo2015,,,,,854,0,0,?
Mapudungun-104_soulspirit-1,,Mapudungun,104_soulspirit,püllü; am,püllü,p ɨ ʎ ɨ,,catrileo2017;catrileo2015,,,,,345,0,0,?
Mapudungun-104_soulspirit-2,,Mapudungun,104_soulspirit,püllü; am,am,a m,,catrileo2017;catrileo2015,,,,,344,0,0,?
Mapudungun-277_cryweep-1,,Mapudungun,277_cryweep,ngüma,ngüma,ŋ ɨ m a,,catrileo2017;catrileo2015,,,,,4156,0,0,?
Mapudungun-155_six-1,,Mapudungun,155_six,kayu,kayu,k a j u,,catrileo2017;catrileo2015,,,,,1621,0,0,?
Mapudungun-287_maizecorn-1,,Mapudungun,287_maizecorn,uwa,uwa,u w a,,catrileo2017;catrileo2015,,,,,864,0,0,?
Mapudungun-206_oldman-1,,Mapudungun,206_oldman,füchache,füta+che,f ɨ t a + tʃ e,,catrileo2017;catrileo2015,,,,,353 1470,0,0,big person
Mapudungun-206_oldman-2,,Mapudungun,206_oldman,fücha,fücha,f ɨ tʃ a,,catrileo2017;catrileo2015,,,,,353,0,0,old
Mapudungun-151_twenty-1,,Mapudungun,151_twenty,epu mari,epu mari,e p u + m a ɻ i,,catrileo2017;catrileo2015,,,,,1360 271,0,0,two ten
Mapudungun-300_tobacco-1,,Mapudungun,300_tobacco,pütrem; trupatrupa,pütrem,p ɨ ʈʂ e m,,catrileo2017;catrileo2015,,,,,360,0,0,?
Mapudungun-300_tobacco-2,,Mapudungun,300_tobacco,pütrem; trupatrupa,trupatrupa,ʈʂ u p a ʈʂ u p a,,catrileo2017;catrileo2015,,,,,360 360,0,0,?
Mapudungun-295_ripe-1,,Mapudungun,295_ripe,afün,afün,a f ɨ n,,catrileo2017;catrileo2015,,,,,5095,0,0,?
Mapudungun-157_eight-1,,Mapudungun,157_eight,pura,pura,p u ɻ a,,catrileo2017;catrileo2015,,,,,886,0,0,?
Mapudungun-159_cook-1,,Mapudungun,159_cook,afümü; dewma iyaelü,afümü,a f ɨ m ɨ,,catrileo2017;catrileo2015,,,,,899,0,0,?
Mapudungun-159_cook-2,,Mapudungun,159_cook,afümü; dewma iyaelü,dewma iyaelü,d e w m a + i j a e l ɨ,,catrileo2017;catrileo2015,,,,,899 4169,0,0,do food
Mapudungun-207_oldwoman-1,,Mapudungun,207_oldwoman,kuse,kuse,k u s e,,catrileo2017;catrileo2015,,,,,919,0,0,old woman
Mapudungun-36_spiderweb-1,,Mapudungun,36_spiderweb,ngüren llallin; ruka llallin,ngüren llallin,ŋ ɨ ɻ e n + ʎ a ʎ i n,,catrileo2017;catrileo2015,,,,,5105 5106,0,0,spider
Mapudungun-36_spiderweb-2,,Mapudungun,36_spiderweb,ngüren llallin; ruka llallin,ruka llallin,r u k a + ʎ a ʎ i n,,catrileo2017;catrileo2015,,,,,269 5106,0,0,house spider
Mapudungun-252_cow-1,,Mapudungun,252_cow,waka,waka,w a k a,,catrileo2017;catrileo2015,,,,,297,0,0,cow
Mapudungun-173_lizard-1,,Mapudungun,173_lizard,fillkuñ,fillkuñ,f i ʎ k u ɲ,,catrileo2017;catrileo2015,,,,,4484,0,0,?
Mapudungun-267_nest-1,,Mapudungun,267_nest,dañe; chiwe,dañe,d a ɲ e,,catrileo2017;catrileo2015,,,,,1721,0,0,?
Mapudungun-267_nest-2,,Mapudungun,267_nest,dañe; chiwe,chiwe,tʃ i w e,,catrileo2017;catrileo2015,,,,,5110,0,0,?
Mapudungun-116_goat-1,,Mapudungun,116_goat,chifu; kapüra,chifu,tʃ i f u,,catrileo2017;catrileo2015,,,,,5112,0,0,goat
Mapudungun-116_goat-2,,Mapudungun,116_goat,chifu; kapüra,kapüra,k a p ɨ ɻ a,,catrileo2017;catrileo2015,,,,,916,0,0,?
Mapudungun-117_hegoat-1,,Mapudungun,117_hegoat,chifu,chifu,tʃ i f u,,catrileo2017;catrileo2015,,,,,5112,0,0,goat
Mapudungun-302_pig-1,,Mapudungun,302_pig,sanchu,sanchu,s a n tʃ u,,catrileo2017;catrileo2015,,,,,5113,0,0,pig
Mapudungun-174_dove-1,,Mapudungun,174_dove,lloyka; kono,lloyka,ʎ oi k a,,catrileo2017;catrileo2015,,,,,5118,0,0,?
Mapudungun-174_dove-2,,Mapudungun,174_dove,lloyka; kono,kono,k o n o,,catrileo2017;catrileo2015,,,,,406,0,0,?
Mapudungun-186_shell-1,,Mapudungun,186_shell,chakantu; pelluntu,chakantu,tʃ a k a n t u,,catrileo2017;catrileo2015,,,,,5120,0,0,?
Mapudungun-186_shell-2,,Mapudungun,186_shell,chakantu; pelluntu,pelluntu,p e ʎ u n t u,,catrileo2017;catrileo2015,,,,,5120,0,0,?
Mapudungun-245_snail-1,,Mapudungun,245_snail,pidko,pidko,p i θ k o,,catrileo2017;catrileo2015,,,,,5124,0,0,?
Mapudungun-160_fox-1,,Mapudungun,160_fox,ngürü,ngürü,ŋ ɨ ɻ ɨ,,catrileo2017;catrileo2015,,,,,5125,0,0,?
Mapudungun-113_horseequine-1,,Mapudungun,113_horseequine,kawell,kawell,k a w e ʎ,,catrileo2017;catrileo2015,,,,,928,0,0,horse
Mapudungun-208_mule-1,,Mapudungun,208_mule,mula,mula,m u l a,,catrileo2017;catrileo2015,,,,,953,0,0,?
Mapudungun-91_fishscale-1,,Mapudungun,91_fishscale,trawa challwa,trawa+challwa,ʈʂ a w a + tʃ a ʎ w a,,catrileo2017;catrileo2015,,,,,1818 4965,0,0,skin fish
Mapudungun-265_goose-1,,Mapudungun,265_goose,kansu,kansu,k a n s u,,catrileo2017;catrileo2015,,,,,2939,0,0,?
Mapudungun-2_beehive-1,,Mapudungun,2_beehive,kormeña,kormeña,k o ɻ m e ɲ a,,catrileo2017;catrileo2015,,,,,5139,0,0,?
Mapudungun-115_sheep-1,,Mapudungun,115_sheep,ufisa,ufisa,u f i s a,,catrileo2017;catrileo2015,,,,,1799,0,0,?
Mapudungun-256_bull-1,,Mapudungun,256_bull,toro,toro,t o ɻ o,,catrileo2017;catrileo2015,,,,,2312,0,0,?
Mapudungun-255_ox-1,,Mapudungun,255_ox,mansun,mansun,m a n s u n,,catrileo2017;catrileo2015,,,,,5142,0,0,?
Mapudungun-161_wolf-1,,Mapudungun,161_wolf,lofo trewa,lofo trewa,l o f o + ʈʂ e w a,,catrileo2017;catrileo2015,,,,,5143 4786,0,0,dog
Mapudungun-257_wasp-1,,Mapudungun,257_wasp,pütrokiñ,pütrokiñ,p ɨ ʈʂ o k i ɲ,,catrileo2017;catrileo2015,,,,,461,0,0,?
Mapudungun-70_eyelid-1,,Mapudungun,70_eyelid,trawange,trawa+nge,ʈʂ a w a + ŋ e,,catrileo2017;catrileo2015,,,,,1818 2332,0,0,skin eye
Mapudungun-40_borntobe-1,,Mapudungun,40_borntobe,müle,müle,m ɨ l e,,catrileo2017;catrileo2015,,,,,493,0,0,?
Mapudungun-259_eyelash-1,,Mapudungun,259_eyelash,ümi,ümi,ɨ m i,,catrileo2017;catrileo2015,,,,,1012,0,0,eyelash
Mapudungun-121_footprint-1,,Mapudungun,121_footprint,pünon,pünon,p ɨ n o n,,catrileo2017;catrileo2015,,,,,5171,0,0,?
Mapudungun-258_poison-1,,Mapudungun,258_poison,fuñapuwe; lapeyüm,fuñapuwe,f u ɲ a p u w e,,catrileo2017;catrileo2015,,,,,5172,0,0,?
Mapudungun-258_poison-2,,Mapudungun,258_poison,fuñapuwe; lapeyüm,la+peyüm,l a + p e j ɨ m,,catrileo2017;catrileo2015,,,,,386 5080,0,0,die ?
Mapudungun-301_urinate-1,,Mapudungun,301_urinate,wüllü,wüllü,w ɨ ʎ ɨ,,catrileo2017;catrileo2015,,,,,487,0,0,?
Mapudungun-77_nippleteat-1,,Mapudungun,77_nippleteat,longko moyo,longko moyo,l o ŋ k o + m o j o,,catrileo2017;catrileo2015,,,,,543 4970,0,0,head breast
Mapudungun-81_spine-1,,Mapudungun,81_spine,kudi foro,kudi+foro,k u θ i + f o ɻ o,,catrileo2017;catrileo2015,,,,,1042 505,0,0,? bone
Mapudungun-294_pus-1,,Mapudungun,294_pus,trar,trar,ʈʂ a r,,catrileo2017;catrileo2015,,,,,5195,0,0,?
Mapudungun-68_womb-1,,Mapudungun,68_womb,küdiñ,küdiñ,k ɨ θ i ɲ,,catrileo2017;catrileo2015,,,,,4813,0,0,?
Mapudungun-84_veinartery-1,,Mapudungun,84_veinartery,mollfüñ rulmewe,mollfüñ rulmewe,m o ʎ f ɨ ɲ + ɻ u l m e w e,,catrileo2017;catrileo2015,,,,,4958 5200,0,0,blood ?
Mapudungun-144_mute-1,,Mapudungun,144_mute,ketro,ketro,k e ʈʂ o,,catrileo2017;catrileo2015,,,,,2401,0,0,?
Mapudungun-63_thumb-1,,Mapudungun,63_thumb,fütra changüll kuwü,fütra+changüll+kuwü,f ɨ ʈʂ a + tʃ a ŋ ɨ ʎ + k u w ɨ,,catrileo2017;catrileo2015,,,,,1072 747 303,0,0,big finger/toe hand
Mapudungun-80_beak-1,,Mapudungun,80_beak,wünüñüm,wün+üñüm,w ɨ n + ɨ ɲ ɨ m,,catrileo2017;catrileo2015,,,,,4 36,0,0,mouth bird
Mapudungun-134_itch-1,,Mapudungun,134_itch,ñayñay,ñayñay,ɲ ai ɲ ai,,catrileo2017;catrileo2015,,,,,1929 1929,0,0,?
Mapudungun-269_wakeup-1,,Mapudungun,269_wakeup,trepe; nepe,trepe,ʈʂ e p e,,catrileo2017;catrileo2015,,,,,1086,0,0,?
Mapudungun-269_wakeup-2,,Mapudungun,269_wakeup,trepe; nepe,nepe,n e p e,,catrileo2017;catrileo2015,,,,,1086,0,0,?
Mapudungun-127_cousin-1,,Mapudungun,127_cousin,müna; ñukentu,müna,m ɨ n a,,catrileo2017;catrileo2015,,,,,4952,0,0,?
Mapudungun-127_cousin-2,,Mapudungun,127_cousin,müna; ñukentu,ñukentu,ɲ u k e n t u,,catrileo2017;catrileo2015,,,,,5229,0,0,?
Mapudungun-137_potter-1,,Mapudungun,137_potter,widüfe,widüfe,w i θ ɨ f e,,catrileo2017;catrileo2015,,,,,5233 5234,0,0,?
Mapudungun-105_shadeshadow-1,,Mapudungun,105_shadeshadow,llawfeñ,llawfeñ,ʎ a w f e ɲ,,catrileo2017;catrileo2015,,,,,5236,0,0,?
Mapudungun-69_parents-1,,Mapudungun,69_parents,chaw engu ñuke,chaw engu ñuke,tʃ a w + e ŋ u + ɲ u k e,,catrileo2017;catrileo2015,,,,,177 1416 1979,0,0,father and mother
Mapudungun-165_write-1,,Mapudungun,165_write,wirintuku,wirin+tuku,w i ɻ i n + t u k u,,catrileo2017;catrileo2015,,,,,5240 1546,0,0,? seed
Mapudungun-107_summer-1,,Mapudungun,107_summer,walüng,walüng,w a l ɨ ŋ,,catrileo2017;catrileo2015,,,,,5247,0,0,?
Mbya-85_blood-1,,Mbya,85_blood,tuguy,tuguy,t + u ɣʷ ɨ,,cadogan1992,,,,,538,0,0,_:poss blood
Mbya-59_mouth-1,,Mbya,59_mouth,juru,juru,dʒ u r u,,cadogan1992,,,,,542,0,0,?
Mbya-79_head-1,,Mbya,79_head,akã,akã,a k ã,,cadogan1992,,,,,543,0,0,?
Mbya-56_hand-1,,Mbya,56_hand,po,po,p o,,cadogan1992,,,,,545,0,0,?
Mbya-53_ear-1,,Mbya,53_ear,nambi,nambi,n a ⁿb i,,cadogan1992,,,,,547,0,0,?
Mbya-50_red-1,,Mbya,50_red,pirã,pirã,p i r ã,,cadogan1992,,,,,550,0,0,?
Mbya-163_see-1,,Mbya,163_see,echa,echa,e tʃ a,,cadogan1992,,,,,553,0,0,eye
Mbya-37_husband-1,,Mbya,37_husband,me,me,m e,,cadogan1992,,,,,555,0,0,?
Mbya-38_wife-1,,Mbya,38_wife,t-a'ychy,t+a'y+chy,t + a ʔ ɨ + tʃ ɨ,,cadogan1992,,,,,5248 5249 1149,0,0,_:poss son mother
Mbya-138_hear-1,,Mbya,138_hear,endu,endu,e ⁿd u,,cadogan1992,,,,,557,0,0,?
Mbya-187_bird-1,,Mbya,187_bird,guyra,guyra,ɣʷ ɨ r a,,cadogan1992,,,,,558,0,0,?
Mbya-97_fish-1,,Mbya,97_fish,pira,pira,p i r a,,cadogan1992,,,,,559,0,0,?
Mbya-130_louse-1,,Mbya,130_louse,ky,ky,k ɨ,,cadogan1992,,,,,562,0,0,?
Mbya-129_dog-1,,Mbya,129_dog,jagua,jagua,dʒ a ɣʷ a,,cadogan1992,,,,,1158,0,0,?
Mbya-251_tongue-1,,Mbya,251_tongue,apekũ,ape+kũ,a p e + k ũ,,cadogan1992,,,,,4599 564,0,0,? tongue
Mbya-78_breastofwoman-1,,Mbya,78_breastofwoman,kã,kã,k ã,,cadogan1992,,,,,567,0,0,?
Mbya-98_wing-1,,Mbya,98_wing,pepo,pe+po,p e p o,,cadogan1992,,,,,568 3845,0,0,?
Mbya-83_bone-1,,Mbya,83_bone,kãngue,kã+ngue,k ã n ɣʷ e,,cadogan1992,,,,,2507 570,0,0,?
Mbya-120_leg-1,,Mbya,120_leg,t-etyma,t+etyma,t + e t ɨ m a,,cadogan1992,,,,,56 571,0,0,_:poss leg
Mbya-246_foot-1,,Mbya,246_foot,py,py,p ɨ,,cadogan1992,,,,,572,0,0,?
Mbya-261_heart-1,,Mbya,261_heart,py'a,py'a,p ɨ ʔ a,,cadogan1992,,,,,575,0,0,?
Mbya-125_sleep-1,,Mbya,125_sleep,ke,ke,k e,,cadogan1992,,,,,576,0,0,?
Mbya-114_tail-1,,Mbya,114_tail,t-uguái,t+uguái,t + u ɣʷ ai,,cadogan1992,,,,,4258 577,0,0,_:poss tail
Mbya-111_kill-1,,Mbya,111_kill,juka,juka,dʒ u k a,,cadogan1992,,,,,579,0,0,?
Mbya-75_skinhide-1,,Mbya,75_skinhide,pire,pire,p i r e,,cadogan1992,,,,,580,0,0,?
Mbya-44_feather-1,,Mbya,44_feather,"t-ague, a",t+a+gue,t + a ɣʷ e,,cadogan1992,,,,,1185 582 3851,0,0,_:poss feather
Mbya-44_feather-2,,Mbya,44_feather,"t-ague, a",a,a,,cadogan1992,,,,,582,0,0,?
Mbya-139_earthgroundsoil-1,,Mbya,139_earthgroundsoil,yvy,yvy,ɨ ʋ ɨ,,cadogan1992,,,,,583,0,0,?
Mbya-154_four-1,,Mbya,154_four,irundy,irundy,i r u ⁿd ɨ,,cadogan1992,,,,,83,0,0,?
Mbya-167_yellow-1,,Mbya,167_yellow,ju,ju,dʒ u,,cadogan1992,,,,,3204,0,0,?
Mbya-133_flyvb-1,,Mbya,133_flyvb,veve,veve,ʋ e ʋ e,,cadogan1992,,,,,591,0,0,?
Mbya-297_root-1,,Mbya,297_root,t-apo,t+apo,t + a p o,,cadogan1992,,,,,5252 592,0,0,_:poss root
Mbya-243_black-1,,Mbya,243_black,ũ,ũ,ũ,,cadogan1992,,,,,5253,0,0,?
Mbya-164_dust-1,,Mbya,164_dust,ku'i,ku'i,k u ʔ i,,cadogan1992,,,,,600,0,0,?
Mbya-168_star-1,,Mbya,168_star,jachy tata,jachy t+ata,dʒ a tʃ ɨ + t a t a,,cadogan1992,,,,,606 5254 605,0,0,moon fire
Mbya-280_personhumanbeing-1,,Mbya,280_personhumanbeing,mbya,mbya,ⁿb ɨ a,,cadogan1992,,,,,608,0,0,?
Mbya-66_mother-1,,Mbya,66_mother,chy,chy,tʃ ɨ,,cadogan1992,,,,,80,0,0,?
Mbya-145_nearadv-1,,Mbya,145_nearadv,"yvy íry, yvýry",yvy íry,ɨ ʋ ɨ + i r ɨ,,cadogan1992,,,,,3860 5255,0,0,earth ?
Mbya-92_cloud-1,,Mbya,92_cloud,arai,arai,a r a i,,cadogan1992,,,,,3862,0,0,?
Mbya-279_come-1,,Mbya,279_come,u,u,u,,cadogan1992,,,,,621,0,0,?
Mbya-43_leaf-1,,Mbya,43_leaf,t-o-gue,t+o+gue,t + o ɣʷ e,,cadogan1992,,,,,5258 1248 623,0,0,_:poss leaf
Mbya-93_sky-1,,Mbya,93_sky,yva,y+va,ɨ ʋ a,,cadogan1992,,,,,5259 4996,0,0,?
Mbya-90_bark-1,,Mbya,90_bark,"yvyra pekue, pe, pire",yvyra pekue,ɨ ʋ ɨ r a + p e k u e,,cadogan1992,,,,,118 2051,0,0,tree skin
Mbya-90_bark-2,,Mbya,90_bark,"yvyra pekue, pe, pire",pe,p e,,cadogan1992,,,,,580,0,0,?
Mbya-90_bark-3,,Mbya,90_bark,"yvyra pekue, pe, pire",pire,p i r e,,cadogan1992,,,,,580,0,0,?
Mbya-140_where-1,,Mbya,140_where,mamo,mamo,m a m o,,cadogan1992,,,,,1275,0,0,?
Mbya-298_ropecord-1,,Mbya,298_ropecord,chã,chã,tʃ ã,,cadogan1992,,,,,644,0,0,?
Mbya-141_how-1,,Mbya,141_how,marã,marã,m a r ã,,cadogan1992,,,,,3278,0,0,?
Mbya-153_three-1,,Mbya,153_three,mboapy,mboapy,ⁿb o a p ɨ,,cadogan1992,,,,,646,0,0,?
Mbya-244_white-1,,Mbya,244_white,chĩ,chĩ,tʃ ĩ,,cadogan1992,,,,,647,0,0,?
Mbya-146_faradv-1,,Mbya,146_faradv,mombyry,mombyry,m o ⁿb ɨ r ɨ,,cadogan1992,,,,,649,0,0,?
Mbya-106_year-1,,Mbya,106_year,araguyje,ara+guyje,a r a + ɣʷ ɨ dʒ e,,cadogan1992,,,,,651 2098,0,0,time complete
Mbya-162_drink-1,,Mbya,162_drink,"u, yu",u,u,,cadogan1992,,,,,652,0,0,?
Mbya-162_drink-2,,Mbya,162_drink,"u, yu",y+u,ɨ + u,,cadogan1992,,,,,652 5261,0,0,water eat
Mbya-248_flower-1,,Mbya,248_flower,"poty, potýra",potý+ra,p o t ɨ r a,,cadogan1992,,,,,653 141,0,0,?
Mbya-41_fall-1,,Mbya,41_fall,"'a, kúi, jepo'ói",'a,ʔ a,,cadogan1992,,,,,4652,0,0,?
Mbya-41_fall-2,,Mbya,41_fall,"'a, kúi, jepo'ói",kúi,k ui,,cadogan1992,,,,,1305,0,0,?
Mbya-41_fall-3,,Mbya,41_fall,"'a, kúi, jepo'ói",jepo'ói,dʒ e p o ʔ oi,,cadogan1992,,,,,5262,0,0,?
Mbya-264_know-1,,Mbya,264_know,kuaa,kuaa,k w aː,,cadogan1992,,,,,148,0,0,?
Mbya-65_largebig-1,,Mbya,65_largebig,guachu,guachu,ɣʷ a tʃ u,,cadogan1992,,,,,659,0,0,?
Mbya-148_short-1,,Mbya,148_short,apu'a,apu'a,a p u ʔ a,,cadogan1992,,,,,5263,0,0,?
Mbya-149_five-1,,Mbya,149_five,"peteĩ ñirũi, ñirũi",peteĩ ñirũi,p e t e ĩ + ɲ i r ũ i,,cadogan1992,,,,,3878 5266,0,0,one ?
Mbya-149_five-2,,Mbya,149_five,"peteĩ ñirũi, ñirũi",ñirũi,ɲ i r ũ i,,cadogan1992,,,,,5266,0,0,?
Mbya-276_eat-1,,Mbya,276_eat,"u, karu, mokõ, mbo'apy, upi, ere",u,u,,cadogan1992,,,,,672,0,0,?
Mbya-276_eat-2,,Mbya,276_eat,"u, karu, mokõ, mbo'apy, upi, ere",karu,k a r u,,cadogan1992,,,,,168,0,0,?
Mbya-276_eat-3,,Mbya,276_eat,"u, karu, mokõ, mbo'apy, upi, ere",mokõ,m o k õ,,cadogan1992,,,,,1333,0,0,?
Mbya-276_eat-4,,Mbya,276_eat,"u, karu, mokõ, mbo'apy, upi, ere",mbo'apy,ⁿb o ʔ a p ɨ,,cadogan1992,,,,,1334,0,0,?
Mbya-276_eat-5,,Mbya,276_eat,"u, karu, mokõ, mbo'apy, upi, ere",upi,u p i,,cadogan1992,,,,,1334,0,0,?
Mbya-276_eat-6,,Mbya,276_eat,"u, karu, mokõ, mbo'apy, upi, ere",ere,e r e,,cadogan1992,,,,,168,0,0,?
Mbya-191_grass-1,,Mbya,191_grass,kapi'i,kapi'i,k a p i ʔ i,,cadogan1992,,,,,674,0,0,?
Mbya-152_one-1,,Mbya,152_one,peteĩ,peteĩ,p e t e ĩ,,cadogan1992,,,,,676,0,0,?
Mbya-263_everyall-1,,Mbya,263_everyall,"meme, opa, -pa, pavẽ",meme,m e m e,,cadogan1992,,,,,3879,0,0,?
Mbya-263_everyall-2,,Mbya,263_everyall,"meme, opa, -pa, pavẽ",opa,o p a,,cadogan1992,,,,,678,0,0,?
Mbya-263_everyall-3,,Mbya,263_everyall,"meme, opa, -pa, pavẽ",pa,p a,,cadogan1992,,,,,678,0,0,?
Mbya-263_everyall-4,,Mbya,263_everyall,"meme, opa, -pa, pavẽ",pavẽ,p a ʋ ẽ,,cadogan1992,,,,,678 677,0,0,?
Mbya-291_name-1,,Mbya,291_name,éry,éry,e r ɨ,,cadogan1992,,,,,3880,0,0,?
Mbya-292_old-1,,Mbya,292_old,tuja,tuja,t u dʒ a,,cadogan1992,,,,,682,0,0,?
Mbya-282_father-1,,Mbya,282_father,t-u,t+u,t + u,,cadogan1992,,,,,177 684,0,0,_:poss father
Mbya-100_smalllittle-1,,Mbya,100_smalllittle,"ky, kyrĩ",ky,k ɨ,,cadogan1992,,,,,2118,0,0,?
Mbya-100_smalllittle-2,,Mbya,100_smalllittle,"ky, kyrĩ",kyrĩ,k ɨ r ĩ,,cadogan1992,,,,,2118,0,0,?
Mbya-135_two-1,,Mbya,135_two,mokõi,mokõi,m o k õi,,cadogan1992,,,,,687,0,0,?
Mbya-15_long-1,,Mbya,15_long,puku,puku,p u k u,,cadogan1992,,,,,688,0,0,?
Mbya-275_intestinesguts-1,,Mbya,275_intestinesguts,tye-kue,t+ye+kue,t + ɨ e + k w e,,cadogan1992,,,,,4663 190 189,0,0,_:poss intestines _:nom.past
Mbya-188_smellvbtrans-1,,Mbya,188_smellvbtrans,etũ,etũ,e t ũ,,cadogan1992,,,,,695,0,0,?
Mbya-52_treecf08600-1,,Mbya,52_treecf08600,yvyra,yvyra,ɨ ʋ ɨ r a,,cadogan1992,,,,,3887 698,0,0,?
Mbya-74_seed-1,,Mbya,74_seed,ta'ỹi,t+a'ỹi,t + a ʔ ɨ̃ i,,cadogan1992,,,,,197 704,0,0,_:poss seed
Mbya-47_sun-1,,Mbya,47_sun,kuaray,kuaray,k u a r a ɨ,,cadogan1992,,,,,198,0,0,?
Mbya-136_littlequantityfew-1,,Mbya,136_littlequantityfew,mbovy,mbovy,ⁿb o ʋ ɨ,,cadogan1992,,,,,711,0,0,?
Mbya-147_muchmany-1,,Mbya,147_muchmany,"teta, mire'ỹ, -ño",t+eta,t + e t a,,cadogan1992,,,,,5272 217,0,0,_:3sg many
Mbya-147_muchmany-2,,Mbya,147_muchmany,"teta, mire'ỹ, -ño",mire'ỹ,m i + r e ʔ ɨ̃,,cadogan1992,,,,,5273 219,0,0,little _:neg
Mbya-147_muchmany-3,,Mbya,147_muchmany,"teta, mire'ỹ, -ño",ño,ɲ o,,cadogan1992,,,,,1410,0,0,?
Mbya-266_cold-1,,Mbya,266_cold,yro'y,yro'y,ɨ r + o ʔ ɨ,,cadogan1992,,,,,716,0,0,_:poss cold
Mbya-39_sit-1,,Mbya,39_sit,guapy,guapy,ɣʷ a p ɨ,,cadogan1992,,,,,717,0,0,?
Mbya-285_fruit-1,,Mbya,285_fruit,yva,yva,ɨ ʋ a,,cadogan1992,,,,,3891,0,0,?
Mbya-46_animal-1,,Mbya,46_animal,"mymba, tymba",mymba,m ɨ ⁿb a,,cadogan1992,,,,,734,0,0,?
Mbya-35_spider-1,,Mbya,35_spider,ñandu,ñandu,ɲ a ⁿd u,,cadogan1992,,,,,736,0,0,?
Mbya-95_claw-1,,Mbya,95_claw,poapẽ,po+apẽ,p o + a p ẽ,,cadogan1992,,,,,3892 737,0,0,hand back
Mbya-57_arm-1,,Mbya,57_arm,jyva,jyva,dʒ ɨ ʋ a,,cadogan1992,,,,,739,0,0,?
Mbya-102_horn-1,,Mbya,102_horn,achĩ,achĩ,a tʃ ĩ,,cadogan1992,,,,,237,0,0,?
Mbya-58_beard-1,,Mbya,58_beard,tendyva,t+endyva,t + e ⁿd ɨ ʋ a,,cadogan1992,,,,,1439 741,0,0,_:poss beard
Mbya-254_chest-1,,Mbya,254_chest,"pochi'a, py'a",pochi'a,p o tʃ i ʔ a,,cadogan1992,,,,,743,0,0,?
Mbya-254_chest-2,,Mbya,254_chest,"pochi'a, py'a",py'a,p ɨ ʔ a,,cadogan1992,,,,,743,0,0,?
Mbya-62_lip-1,,Mbya,62_lip,tembe,t+embe,t + e ⁿb e,,cadogan1992,,,,,5275 745,0,0,_:poss lip
Mbya-64_finger-1,,Mbya,64_finger,kuã,kuã,k w ã,,cadogan1992,,,,,749,0,0,?
Mbya-281_elbow-1,,Mbya,281_elbow,poapĩ,po+apĩ,p o + a p ĩ,,cadogan1992,,,,,5276 5277,0,0,hand _:upper
Mbya-94_fingernail-1,,Mbya,94_fingernail,poapẽ,po+apẽ,p o + a p ẽ,,cadogan1992,,,,,3894 752,0,0,hand top
Mbya-299_thunder-1,,Mbya,299_thunder,t-yapu,t+yapu,t + ɨ a p u,,cadogan1992,,,,,1455 756,0,0,_:poss thunder
Mbya-109_lightning-1,,Mbya,109_lightning,vera,vera,ʋ e r a,,cadogan1992,,,,,759,0,0,?
Mbya-126_liedown-1,,Mbya,126_liedown,ñeno,ñeno,ɲ e n o,,cadogan1992,,,,,259,0,0,?
Mbya-72_house-1,,Mbya,72_house,o,o,o,,cadogan1992,,,,,766,0,0,?
Mbya-101_child-1,,Mbya,101_child,"pi'a, kyrĩngue, mitã",pi'a,p i ʔ a,,cadogan1992,,,,,768,0,0,?
Mbya-101_child-2,,Mbya,101_child,"pi'a, kyrĩngue, mitã",kyrĩ+ngue,k ɨ r ĩ + n ɣʷ e,,cadogan1992,,,,,2181 2180,0,0,small _:nom.past
Mbya-101_child-3,,Mbya,101_child,"pi'a, kyrĩngue, mitã",mitã,m i t ã,,cadogan1992,,,,,768,0,0,?
Mbya-296_road-1,,Mbya,296_road,"tape, vía",t+ape,t + a p e,,cadogan1992,,,,,5278 769,0,0,_:poss road
Mbya-110_fightvb-1,,Mbya,110_fightvb,"ñorarõ, pete",ñorarõ,ɲ o r a r õ,,cadogan1992,,,,,771,0,0,?
Mbya-110_fightvb-2,,Mbya,110_fightvb,"ñorarõ, pete",pete,p e t e,,cadogan1992,,,,,274,0,0,?
Mbya-293_owl-1,,Mbya,293_owl,urukure'a,uru+kure'a,u r u + k u r e ʔ a,,cadogan1992,,,,,276 773,0,0,chicken ?
Mbya-55_bee-1,,Mbya,55_bee,"eiru, evora, jate'i, mandori, ei, ei rugue",eiru,e i + r + u,,cadogan1992,,,,,3902,0,0,honey _:poss father
Mbya-55_bee-2,,Mbya,55_bee,"eiru, evora, jate'i, mandori, ei, ei rugue",evora,e ʋ o r a,,cadogan1992,,,,,3902,0,0,?
Mbya-55_bee-3,,Mbya,55_bee,"eiru, evora, jate'i, mandori, ei, ei rugue",jate'i,dʒ a t e ʔ i,,cadogan1992,,,,,3904,0,0,?
Mbya-55_bee-4,,Mbya,55_bee,"eiru, evora, jate'i, mandori, ei, ei rugue",mandori,m a ⁿd o r i,,cadogan1992,,,,,1494,0,0,?
Mbya-55_bee-5,,Mbya,55_bee,"eiru, evora, jate'i, mandori, ei, ei rugue",ei,e i,,cadogan1992,,,,,777,0,0,honey
Mbya-55_bee-6,,Mbya,55_bee,"eiru, evora, jate'i, mandori, ei, ei rugue",ei rugue,e i + r + u + ɣʷ e,,cadogan1992,,,,,777 3903,0,0,honey _:poss father _:nom.past
Mbya-289_parrot-1,,Mbya,289_parrot,"parakáo, ryvaja, arapachái",parakáo,p a r a k a o,,cadogan1992,,,,,285,0,0,?
Mbya-289_parrot-2,,Mbya,289_parrot,"parakáo, ryvaja, arapachái",ryvaja,r ɨ ʋ a dʒ a,,cadogan1992,,,,,5280,0,0,?
Mbya-289_parrot-3,,Mbya,289_parrot,"parakáo, ryvaja, arapachái",arapachái,a r a p a tʃ ai,,cadogan1992,,,,,5280,0,0,?
Mbya-128_flea-1,,Mbya,128_flea,jagua ky,jagua ky,dʒ a ɣʷ a + k ɨ,,cadogan1992,,,,,1497 287,0,0,dog louse
Mbya-166_deer-1,,Mbya,166_deer,guachu,guachu,ɣʷ a tʃ u,,cadogan1992,,,,,781,0,0,?
Mbya-118_ant-1,,Mbya,118_ant,"tarakuchĩ, tay, akykýi",tarakuchĩ,t a r a k u tʃ ĩ,,cadogan1992,,,,,785 4133,0,0,?
Mbya-118_ant-2,,Mbya,118_ant,"tarakuchĩ, tay, akykýi",tay,t a ɨ,,cadogan1992,,,,,785,0,0,?
Mbya-118_ant-3,,Mbya,118_ant,"tarakuchĩ, tay, akykýi",akykýi,a k ɨ k ɨ i,,cadogan1992,,,,,1503,0,0,?
Mbya-99_palmofhand-1,,Mbya,99_palmofhand,popyte,po+pyte,p o + p ɨ t e,,cadogan1992,,,,,671 786,0,0,hand _:footsole
Mbya-89_fur-1,,Mbya,89_fur,"mbopi, pire",mbopi,ⁿb o p i,,cadogan1992,,,,,3477,0,0,?
Mbya-89_fur-2,,Mbya,89_fur,"mbopi, pire",pire,p i r e,,cadogan1992,,,,,787,0,0,?
Mbya-42_hairhead-1,,Mbya,42_hairhead,"po, t-ague, a",po,p o,,cadogan1992,,,,,5281,0,0,?
Mbya-42_hairhead-2,,Mbya,42_hairhead,"po, t-ague, a",t+a+gue,t + a ɣʷ e,,cadogan1992,,,,,1511 788 2728,0,0,_.poss hair
Mbya-42_hairhead-3,,Mbya,42_hairhead,"po, t-ague, a",a,a,,cadogan1992,,,,,788,0,0,?
Mbya-249_penis-1,,Mbya,249_penis,akyta'a; akuãi,akyta'a,a k ɨ t a ʔ a,,cadogan1992,,,,,1514,0,0,?
Mbya-249_penis-2,,Mbya,249_penis,akyta'a; akuãi,akuãi,a k u ã i,,cadogan1992,,,,,792,0,0,?
Mbya-200_testicle-1,,Mbya,200_testicle,t-a'ỹi,t+a'ỹi,t + a ʔ ɨ̃ i,,cadogan1992,,,,,5284 807,0,0,_:poss testicle
Mbya-262_under-1,,Mbya,262_under,guy,guy,ɣʷ ɨ,,cadogan1992,,,,,815,0,0,?
Mbya-124_bed-1,,Mbya,124_bed,ñiimbe,ñiimbe,ɲ iː ⁿb e,,cadogan1992,,,,,3247,0,0,?
Mbya-143_plantvb-1,,Mbya,143_plantvb,ñoty,ñoty,ɲ o t ɨ,,cadogan1992,,,,,823,0,0,?
Mbya-268_upabove-1,,Mbya,268_upabove,yvate,yvate,ɨ ʋ a t e,,cadogan1992,,,,,2234 2235,0,0,?
Mbya-60_doorgate-1,,Mbya,60_doorgate,okẽ,okẽ,o k ẽ,,cadogan1992,,,,,833,0,0,?
Mbya-76_cover-1,,Mbya,76_cover,"jao'i, jaty",jao'i,dʒ a o ʔ i,,cadogan1992,,,,,835,0,0,?
Mbya-76_cover-2,,Mbya,76_cover,"jao'i, jaty",jaty,dʒ a t ɨ,,cadogan1992,,,,,835,0,0,?
Mbya-278_buy-1,,Mbya,278_buy,jogua,jogua,dʒ o ɣʷ a,,cadogan1992,,,,,836,0,0,?
Mbya-271_sweetpotato-1,,Mbya,271_sweetpotato,jety,jety,dʒ e t ɨ,,cadogan1992,,,,,846,0,0,?
Mbya-156_seven-1,,Mbya,156_seven,mboapy meme rire,mboapy meme rire,ⁿb o a p ɨ + m e m e + r i r e,,cadogan1992,,,,,5290 1580 1578,0,0,three ? fter
Mbya-86_path-1,,Mbya,86_path,"tape, vía",t+ape,t + a p e,,cadogan1992,,,,,5293 1590,0,0,_:poss path
Mbya-169_knife-1,,Mbya,169_knife,kyche,kyche,k ɨ tʃ e,,cadogan1992,,,,,343,0,0,?
Mbya-170_needle-1,,Mbya,170_needle,jukua,jukua,dʒ u k u a,,cadogan1992,,,,,854,0,0,?
Mbya-104_soulspirit-1,,Mbya,104_soulspirit,"ñe'ẽ, ãngue, mbogua",ñe'ẽ,ɲ e ʔ ẽ,,cadogan1992,,,,,344,0,0,?
Mbya-104_soulspirit-2,,Mbya,104_soulspirit,"ñe'ẽ, ãngue, mbogua",ã+ngue,ã n ɣʷ e,,cadogan1992,,,,,855 3912,0,0,?
Mbya-104_soulspirit-3,,Mbya,104_soulspirit,"ñe'ẽ, ãngue, mbogua",mbogua,ⁿb o ɣʷ a,,cadogan1992,,,,,5295,0,0,?
Mbya-277_cryweep-1,,Mbya,277_cryweep,"achẽ, jae'o",achẽ,a tʃ ẽ,,cadogan1992,,,,,859,0,0,?
Mbya-277_cryweep-2,,Mbya,277_cryweep,"achẽ, jae'o",jae'o,dʒ a e ʔ o,,cadogan1992,,,,,859,0,0,?
Mbya-155_six-1,,Mbya,155_six,mboapy meme,mboapy meme,ⁿb o a p ɨ + m e m e,,cadogan1992,,,,,5296 1617,0,0,three ?
Mbya-287_maizecorn-1,,Mbya,287_maizecorn,avachi,avachi,a ʋ a tʃ i,,cadogan1992,,,,,864,0,0,?
Mbya-206_oldman-1,,Mbya,206_oldman,tuja,tuja,t u dʒ a,,cadogan1992,,,,,353,0,0,?
Mbya-300_tobacco-1,,Mbya,300_tobacco,petỹ,petỹ,p e t ɨ̃,,cadogan1992,,,,,360,0,0,?
Mbya-295_ripe-1,,Mbya,295_ripe,aju,aju,a dʒ u,,cadogan1992,,,,,1650,0,0,?
Mbya-270_tapiocamanioccassava-1,,Mbya,270_tapiocamanioccassava,manji'o,manji'o,m a n dʒ i ʔ o,,cadogan1992,,,,,884,0,0,?
Mbya-159_cook-1,,Mbya,159_cook,jy,jy,dʒ ɨ,,cadogan1992,,,,,1696,0,0,?
Mbya-36_spiderweb-1,,Mbya,36_spiderweb,ñandua kya,ñandua kya,ɲ a ⁿd u a + k ɨ a,,cadogan1992,,,,,909 5106,0,0,spider hammock
Mbya-173_lizard-1,,Mbya,173_lizard,"teju, manji",teju,t e dʒ u,,cadogan1992,,,,,914,0,0,?
Mbya-173_lizard-2,,Mbya,173_lizard,"teju, manji",manji,m a n dʒ i,,cadogan1992,,,,,914,0,0,?
Mbya-267_nest-1,,Mbya,267_nest,r-aity,r-aity,r + a i t ɨ,,cadogan1992,,,,,5305 396,0,0,_:poss nest
Mbya-302_pig-1,,Mbya,302_pig,kochi,kochi,k o tʃ i,,cadogan1992,,,,,920,0,0,?
Mbya-174_dove-1,,Mbya,174_dove,"apykachu, jeruchi",apykachu,a p ɨ k a tʃ u,,cadogan1992,,,,,405,0,0,?
Mbya-174_dove-2,,Mbya,174_dove,"apykachu, jeruchi",jeruchi,dʒ e r u tʃ i,,cadogan1992,,,,,923,0,0,?
Mbya-260_crocodilealligator-1,,Mbya,260_crocodilealligator,jakare,jakare,dʒ a k a r e,,cadogan1992,,,,,925,0,0,?
Mbya-186_shell-1,,Mbya,186_shell,"itã, pe-kue",itã,i t ã,,cadogan1992,,,,,2913,0,0,?
Mbya-186_shell-2,,Mbya,186_shell,"itã, pe-kue",pekue,p e k w e,,cadogan1992,,,,,5306 5307,0,0,?
Mbya-245_snail-1,,Mbya,245_snail,jachyta,jachyta,dʒ a tʃ ɨ t a,,cadogan1992,,,,,937,0,0,?
Mbya-160_fox-1,,Mbya,160_fox,aguara-'i,aguara+'i,a ɣʷ a r a + ʔ i,,cadogan1992,,,,,940 5309,0,0,fox _:dim
Mbya-286_grasshopper-1,,Mbya,286_grasshopper,tuku,tuku,t u k u,,cadogan1992,,,,,943,0,0,?
Mbya-113_horseequine-1,,Mbya,113_horseequine,kavaju,kavaju,k a ʋ a dʒ u,,cadogan1992,,,,,2299,0,0,?
Mbya-91_fishscale-1,,Mbya,91_fishscale,pira pekue,pira pe+kue,p i r a + p e + k w e,,cadogan1992,,,,,3961 930 5311,0,0,fish skin _:nom.past
Mbya-2_beehive-1,,Mbya,2_beehive,aity eiraity,aity eira+ity,a i t ɨ + e i r a + i t ɨ,,cadogan1992,,,,,962 960 961,0,0,nest bee ?
Mbya-253_bear-1,,Mbya,253_bear,kaguare,kaguare,k a ɣʷ a r e,,cadogan1992,,,,,3968,0,0,?
Mbya-284_hawk-1,,Mbya,284_hawk,"taguato pyju, tapẽ, chyvĩ, guyraũ",taguato pyju,t a ɣʷ a t o + p ɨ dʒ u,,cadogan1992,,,,,458 5313,0,0,hawk ?
Mbya-284_hawk-2,,Mbya,284_hawk,"taguato pyju, tapẽ, chyvĩ, guyraũ",tapẽ,t a p ẽ,,cadogan1992,,,,,5314,0,0,?
Mbya-284_hawk-3,,Mbya,284_hawk,"taguato pyju, tapẽ, chyvĩ, guyraũ",chyvĩ,tʃ ɨ ʋ ĩ,,cadogan1992,,,,,5314,0,0,?
Mbya-284_hawk-4,,Mbya,284_hawk,"taguato pyju, tapẽ, chyvĩ, guyraũ",guyraũ,ɣʷ ɨ r a + ũ,,cadogan1992,,,,,971,0,0,bird black
Mbya-257_wasp-1,,Mbya,257_wasp,"ka, kavy, kave'ẽ, kyre'ỹmba, kavyju",ka,k a,,cadogan1992,,,,,461,0,0,?
Mbya-257_wasp-2,,Mbya,257_wasp,"ka, kavy, kave'ẽ, kyre'ỹmba, kavyju",kavy,k a ʋ ɨ,,cadogan1992,,,,,973,0,0,?
Mbya-257_wasp-3,,Mbya,257_wasp,"ka, kavy, kave'ẽ, kyre'ỹmba, kavyju",kave'ẽ,k a ʋ e ʔ ẽ,,cadogan1992,,,,,2962,0,0,?
Mbya-257_wasp-4,,Mbya,257_wasp,"ka, kavy, kave'ẽ, kyre'ỹmba, kavyju",kyre'ỹmba,k ɨ r e ʔ ɨ̃ ⁿb a,,cadogan1992,,,,,5315,0,0,?
Mbya-257_wasp-5,,Mbya,257_wasp,"ka, kavy, kave'ẽ, kyre'ỹmba, kavyju",kavyju,k a ʋ ɨ dʒ u,,cadogan1992,,,,,973,0,0,?
Mbya-70_eyelid-1,,Mbya,70_eyelid,"t-echa pepi, topepi",t+echa pepi,t + e tʃ a + p e p i,,cadogan1992,,,,,541 553 2335,0,0,_:poss eye skin
Mbya-70_eyelid-2,,Mbya,70_eyelid,"t-echa pepi, topepi",topepi,t + o p e p i,,cadogan1992,,,,,2335,0,0,_:poss eyelid
Mbya-40_borntobe-1,,Mbya,40_borntobe,jau; ''a,jau,dʒ a u,,cadogan1992,,,,,1822,0,0,?
Mbya-40_borntobe-2,,Mbya,40_borntobe,jau; ''a,'a,ʔ a,,cadogan1992,,,,,3981,0,0,?
Mbya-259_eyelash-1,,Mbya,259_eyelash,t-echa pepi rague,t+echa pepi r+a+gue,t + e tʃ a + p e p i + r a ɣʷ e,,cadogan1992,,,,,1832 553 992 66,0,0,_:poss eye skin hair
Mbya-121_footprint-1,,Mbya,121_footprint,py-po; taky-kue,py+po,p ɨ p o,,cadogan1992,,,,,5319 1853,0,0,?
Mbya-121_footprint-2,,Mbya,121_footprint,py-po; taky-kue,taky+kue,t + a k ɨ k w e,,cadogan1992,,,,,482 3017,0,0,_:poss footprint
Mbya-258_poison-1,,Mbya,258_poison,tái-gue,táigue,t ai ɣʷ e,,cadogan1992,,,,,1014 5320,0,0,?
Mbya-77_nippleteat-1,,Mbya,77_nippleteat,ikã apỹi,ikã apỹi,i k ã + a p ɨ̃ i,,cadogan1992,,,,,1023 3995,0,0,breast point
Mbya-294_pus-1,,Mbya,294_pus,péu,péu,p e u,,cadogan1992,,,,,1050,0,0,?
Mbya-68_womb-1,,Mbya,68_womb,yru,yru,ɨ r u,,cadogan1992,,,,,1054,0,0,?
Mbya-63_thumb-1,,Mbya,63_thumb,kuã guachu,kuã guachu,k u ã + ɣʷ a tʃ u,,cadogan1992,,,,,1072 1919,0,0,finger big
Mbya-80_beak-1,,Mbya,80_beak,chĩ,chĩ,tʃ ĩ,,cadogan1992,,,,,1074,0,0,?
Mbya-269_wakeup-1,,Mbya,269_wakeup,mbovy,mbovy,ⁿb o ʋ ɨ,,cadogan1992,,,,,1934,0,0,?
Mbya-87_place-1,,Mbya,87_place,t-enda,t+enda,t + e ⁿd a,,cadogan1992,,,,,1961 515,0,0,_:poss place
Mbya-105_shadeshadow-1,,Mbya,105_shadeshadow,"ãngue, kuaray'ã",ãngue,ã ŋ ɣʷ e,,cadogan1992,,,,,1978,0,0,?
Mbya-105_shadeshadow-2,,Mbya,105_shadeshadow,"ãngue, kuaray'ã",kuaray'ã,k u a r a ɨ ʔ + ã,,cadogan1992,,,,,523,0,0,sun _:less
Mocovi-85_blood-1,,Mocovi,85_blood,leuo',le+uo',l e + w o ʔ,,buckwalter2015b;rosso2010,,,,,5337 2479,0,0,_:poss blood
Mocovi-59_mouth-1,,Mocovi,59_mouth,lap,l+ap,l + a p,,buckwalter2015b;rosso2010,,,,,2005 2006,0,0,_:poss mouth
Mocovi-79_head-1,,Mocovi,79_head,lqahic,l+qahic,l + q a h i k,,buckwalter2015b;rosso2010,,,,,2007 2008,0,0,_:poss head
Mocovi-56_hand-1,,Mocovi,56_hand,napoquena,na+poquena,n a + p o k e n a,,buckwalter2015b;rosso2010,,,,,11 12,0,0,_:poss hand
Mocovi-53_ear-1,,Mocovi,53_ear,lque'la,l+que'la,l + k e + ʔ l a,,buckwalter2015b;rosso2010,,,,,2013 4234,0,0,_:poss _:/ke ear
Mocovi-50_red-1,,Mocovi,50_red,toc,toc,t o k,,buckwalter2015b;rosso2010,,,,,1137,0,0,?
Mocovi-163_see-1,,Mocovi,163_see,ỹauana,ỹ+auan+a,j + a w a n + a,,buckwalter2015b;rosso2010,,,,,3162 1145 1144,0,0,_:3sg see _:3O
Mocovi-37_husband-1,,Mocovi,37_husband,loua,lo+ua,l o + w a,,buckwalter2015b;rosso2010,,,,,5340 26,0,0,_:poss spouse
Mocovi-37_husband-2,,Mocovi,37_husband,lashilaxaua,l+ashilaxaua,l + a ʃ i l a ʁ a w a,,buckwalter2015b;rosso2010,,,,,5340 5341 26,0,0,_:poss spouse
Mocovi-38_wife-1,,Mocovi,38_wife,loua,lo+ua,l o + w a,,buckwalter2015b;rosso2010,,,,,5342 29,0,0,_:poss wife
Mocovi-38_wife-2,,Mocovi,38_wife,lashilaxaua,l+ashilaxaua,l + a ʃ i l a ʁ a w a,,buckwalter2015b;rosso2010,,,,,5342 5343 29,0,0,_:poss wife
Mocovi-138_hear-1,,Mocovi,138_hear,qaa,qaa,q aː,,buckwalter2015b;rosso2010,,,,,34,0,0,?
Mocovi-138_hear-2,,Mocovi,138_hear,'xaỹa,'xaỹa,ʔ ʁ a j a,,buckwalter2015b;rosso2010,,,,,5344,0,0,?
Mocovi-187_bird-1,,Mocovi,187_bird,qo'o,qo'o,q o ʔ o,,buckwalter2015b;rosso2010,,,,,37,0,0,?
Mocovi-97_fish-1,,Mocovi,97_fish,nallin,nallin,n a ʎ i n,,buckwalter2015b;rosso2010,,,,,559,0,0,?
Mocovi-130_louse-1,,Mocovi,130_louse,lapaxat,l+apaxat,l + a p a ʁ a t,,buckwalter2015b;rosso2010,,,,,2501 2030,0,0,_:poss louse
Mocovi-129_dog-1,,Mocovi,129_dog,pioq,pioq,p j o q,,buckwalter2015b;rosso2010,,,,,44,0,0,?
Mocovi-251_tongue-1,,Mocovi,251_tongue,lo'legaxanaxat,l+o'legaxanaxat,l + o ʔ l e g a ʁ a n a ʁ a t,,buckwalter2015b;rosso2010,,,,,46 3174 5346 1160,0,0,_:poss tongue
Mocovi-78_breastofwoman-1,,Mocovi,78_breastofwoman,lo'ueete,l+o'ueete,l + o ʔ u eː t e,,buckwalter2015b;rosso2010,,,,,4252 49,0,0,_:poss breast
Mocovi-98_wing-1,,Mocovi,98_wing,laua,l+aua,l + a w a,,buckwalter2015b;rosso2010,,,,,2032 50,0,0,_:poss wing
Mocovi-82_back-1,,Mocovi,82_back,lelaq,le+laq,l e + l a q,,buckwalter2015b;rosso2010,,,,,2033 2034,0,0,_:poss back
Mocovi-83_bone-1,,Mocovi,83_bone,lpi'nec,l+pi'nec,l + p i ʔ n e k,,buckwalter2015b;rosso2010,,,,,2035 54,0,0,_:poss bone
Mocovi-120_leg-1,,Mocovi,120_leg,lichi,li+chi,l i + tʃ i,,buckwalter2015b;rosso2010,,,,,2036 56,0,0,_:poss leg
Mocovi-246_foot-1,,Mocovi,246_foot,lapia',l+apia',l + a p j a ʔ,,buckwalter2015b;rosso2010,,,,,4256 572,0,0,_:poss foot
Mocovi-261_heart-1,,Mocovi,261_heart,le'taxanata,le+'taxanata,l e + ʔ t a ʁ a n a t a,,buckwalter2015b;rosso2010,,,,,2043 5348,0,0,_:poss heart
Mocovi-125_sleep-1,,Mocovi,125_sleep,laq,laq,l a q,,buckwalter2015b;rosso2010,,,,,576,0,0,?
Mocovi-114_tail-1,,Mocovi,114_tail,lqai'it,l+qai'it,l + q ai ʔ i t,,buckwalter2015b;rosso2010,,,,,2046 65,0,0,_:poss tail
Mocovi-111_kill-1,,Mocovi,111_kill,ỹalauat,ỹ+alauat,j + a l a w a t,,buckwalter2015b;rosso2010,,,,,2049 2050,0,0,_:3sg kill
Mocovi-75_skinhide-1,,Mocovi,75_skinhide,loshicmaxa,l+oshicmaxa,l + o ʃ i k m a ʁ a,,buckwalter2015b;rosso2010,,,,,6 5350,0,0,_:poss skin
Mocovi-44_feather-1,,Mocovi,44_feather,laue,l+aue,l + a w e,,buckwalter2015b;rosso2010,,,,,2054 2055,0,0,_:poss hair
Mocovi-139_earthgroundsoil-1,,Mocovi,139_earthgroundsoil,laua,laua,l a w a,,buckwalter2015b;rosso2010,,,,,583,0,0,?
Mocovi-154_four-1,,Mocovi,154_four,cuaatrolqai',cuaatro+lqai',k w aː t r o l q ai ʔ,,buckwalter2015b;rosso2010,,,,,4081 4269,0,0,?
Mocovi-167_yellow-1,,Mocovi,167_yellow,qoñi,qoñi,q o ɲ i,,buckwalter2015b;rosso2010,,,,,88,0,0,?
Mocovi-133_flyvb-1,,Mocovi,133_flyvb,ỹo,ỹo,j o,,buckwalter2015b;rosso2010,,,,,1205,0,0,fly
Mocovi-297_root-1,,Mocovi,297_root,lpa'a',l+pa'a',l + p a ʔ a ʔ,,buckwalter2015b;rosso2010,,,,,5355 90,0,0,_:poss root
Mocovi-67_lake-1,,Mocovi,67_lake,latogot,latogot,l a t o g o t,,buckwalter2015b;rosso2010,,,,,5356,0,0,?
Mocovi-243_black-1,,Mocovi,243_black,naue',n+aue',n + a w e ʔ,,buckwalter2015b;rosso2010,,,,,95 93,0,0,_:3sg black
Mocovi-164_dust-1,,Mocovi,164_dust,lamoxoỹaga,l+amoxo+ỹaga,l + a m o ʁ o + j a ʁ a,,buckwalter2015b;rosso2010,,,,,5360 3856 1219,0,0,_:poss dusty _:nmlz
Mocovi-168_star-1,,Mocovi,168_star,huaqajñi,huaqajñi,w a q a h ɲ i,,buckwalter2015b;rosso2010,,,,,2071 2073,0,0,?
Mocovi-280_personhumanbeing-1,,Mocovi,280_personhumanbeing,qom,qom,q o m,,buckwalter2015b;rosso2010,,,,,4084,0,0,?
Mocovi-66_mother-1,,Mocovi,66_mother,late'e,l+ate'e,l + a t e ʔ e,,buckwalter2015b;rosso2010,,,,,2555 80,0,0,_:poss mother
Mocovi-145_nearadv-1,,Mocovi,145_nearadv,sqoỹoxa,s+qoỹoxa,s + q o j o ʁ a,,buckwalter2015b;rosso2010,,,,,3861 5365,0,0,not far
Mocovi-92_cloud-1,,Mocovi,92_cloud,naueguelec,naueguelec,n a w e g e l e k,,buckwalter2015b;rosso2010,,,,,5366,0,0,?
Mocovi-279_come-1,,Mocovi,279_come,anac,anac,a n a k,,buckwalter2015b;rosso2010,,,,,621 113 4289,0,0,?
Mocovi-279_come-2,,Mocovi,279_come,nac,nac,n a k,,buckwalter2015b;rosso2010,,,,,113 4289,0,0,?
Mocovi-279_come-3,,Mocovi,279_come,naata,naa+ta,n aː + t a,,buckwalter2015b;rosso2010,,,,,113 622,0,0,come _:asp
Mocovi-43_leaf-1,,Mocovi,43_leaf,laue,l+aue,l + a w e,,buckwalter2015b;rosso2010,,,,,2081 2082,0,0,_:poss hair
Mocovi-93_sky-1,,Mocovi,93_sky,piguim,piguim,p i g i m,,buckwalter2015b;rosso2010,,,,,115,0,0,?
Mocovi-140_where-1,,Mocovi,140_where,hua'gue,hua'+gue,w a ʔ + g e,,buckwalter2015b;rosso2010,,,,,2089 639,0,0,go _:loc
Mocovi-298_ropecord-1,,Mocovi,298_ropecord,lequet,lequet,l e + k e t,,buckwalter2015b;rosso2010,,,,,643,0,0,_:poss cord
Mocovi-141_how-1,,Mocovi,141_how,negué',negué',n e g e ʔ,,buckwalter2015b;rosso2010,,,,,645,0,0,?
Mocovi-153_three-1,,Mocovi,153_three,treesolqai',treesolqai',t r eː s o l q ai ʔ,,buckwalter2015b;rosso2010,,,,,2091 126,0,0,?
Mocovi-244_white-1,,Mocovi,244_white,ỹ-alagaq,ỹ-alagaq,j + a l a g a q,,buckwalter2015b;rosso2010,,,,,4647 128,0,0,_:3sg white
Mocovi-146_faradv-1,,Mocovi,146_faradv,qoỹoqojlec,qo+ỹoq+oj+lec,q o j o q o + l e k,,buckwalter2015b;rosso2010,,,,,3282 5377 1291 5378,0,0,far _:loc
Mocovi-146_faradv-2,,Mocovi,146_faradv,ỹoxalom,ỹoxalom,j o ʁ a l o m,,buckwalter2015b;rosso2010,,,,,5377 5379,0,0,?
Mocovi-106_year-1,,Mocovi,106_year,ñaaxa,ñaaxa,ɲ aː ʁ a,,buckwalter2015b;rosso2010,,,,,651,0,0,?
Mocovi-162_drink-1,,Mocovi,162_drink,ne'et,ne'et,n e ʔ e t,,buckwalter2015b;rosso2010,,,,,138,0,0,?
Mocovi-248_flower-1,,Mocovi,248_flower,lenoỹaxai,l+enoỹaxai,l + e n o j + a ʁ ai,,buckwalter2015b;rosso2010,,,,,2099 5382,0,0,_:poss blossom _:nmlz
Mocovi-41_fall-1,,Mocovi,41_fall,huaañi,huaa+ñi,w aː + ɲ i,,buckwalter2015b;rosso2010,,,,,2590 1304,0,0,fall _:dir
Mocovi-41_fall-2,,Mocovi,41_fall,najñi,na+jñi,n a + h ɲ i,,buckwalter2015b;rosso2010,,,,,1304 4652,0,0,fall _:dir
Mocovi-41_fall-3,,Mocovi,41_fall,nalaqachiguiñi,nalaqa+chigui+ñi,n a l a q a tʃ i g i + ɲ i,,buckwalter2015b;rosso2010,,,,,1305 3289 1304,0,0,fall _:dir
Mocovi-41_fall-4,,Mocovi,41_fall,naquetañi,na+que+ta+ñi,n a k + t a + ɲ i,,buckwalter2015b;rosso2010,,,,,1304 1305 3289 5383,0,0,come _:asp _:dir
Mocovi-41_fall-5,,Mocovi,41_fall,taañigui,taa+ñigui,t aː + ɲ i + g i,,buckwalter2015b;rosso2010,,,,,3289 1304,0,0,go _:dir _:loc
Mocovi-41_fall-6,,Mocovi,41_fall,ỹodoochiguiñi,ỹodoo+chigui+ñi,j + o d oː + tʃ i g i + ɲ i,,buckwalter2015b;rosso2010,,,,,3289 1305 1304,0,0,_:3sg fall _:asp _:dir
Mocovi-264_know-1,,Mocovi,264_know,ỹa'den,ỹa'den,j a ʔ d e n,,buckwalter2015b;rosso2010,,,,,149,0,0,?
Mocovi-274_ashes-1,,Mocovi,274_ashes,alo,alo,a l o,,buckwalter2015b;rosso2010,,,,,1311,0,0,?
Mocovi-65_largebig-1,,Mocovi,65_largebig,lo,lo,l o,,buckwalter2015b;rosso2010,,,,,153,0,0,?
Mocovi-65_largebig-2,,Mocovi,65_largebig,late'ogue',late'ogue',l a t e ʔ o g e ʔ,,buckwalter2015b;rosso2010,,,,,5384,0,0,?
Mocovi-65_largebig-3,,Mocovi,65_largebig,lecaic,le+caic,l e + k a i k,,buckwalter2015b;rosso2010,,,,,153 155 5385 2101,0,0,_:3sg be.big
Mocovi-148_short-1,,Mocovi,148_short,se ladoguec,se+ladoguec,s e + l a d o g e k,,buckwalter2015b;rosso2010,,,,,2102 5386,0,0,not long
Mocovi-149_five-1,,Mocovi,149_five,shiincolqai',shiincolqai',ʃ iː ŋ k o l q ai ʔ,,buckwalter2015b;rosso2010,,,,,5391 5392,0,0,?
Mocovi-276_eat-1,,Mocovi,276_eat,ỹa'ic,ỹ+a'ic,j + a ʔ i k,,buckwalter2015b;rosso2010,,,,,167,0,0,_:3sg eat
Mocovi-191_grass-1,,Mocovi,191_grass,'uaqapi,'uaqapi,ʔ u a q a + p i,,buckwalter2015b;rosso2010,,,,,674,0,0,grass _:pl
Mocovi-152_one-1,,Mocovi,152_one,óna,óna,o n a,,buckwalter2015b;rosso2010,,,,,2113,0,0,?
Mocovi-263_everyall-1,,Mocovi,263_everyall,imaa,imaa,i m aː,,buckwalter2015b;rosso2010,,,,,3879,0,0,?
Mocovi-263_everyall-2,,Mocovi,263_everyall,nemeeta,ne+meeta,n e + m eː t a,,buckwalter2015b;rosso2010,,,,,677 3879 169,0,0,_:3sg complete
Mocovi-291_name-1,,Mocovi,291_name,leenaxat,l+eenaxat,l + eː n a ʁ a t,,buckwalter2015b;rosso2010,,,,,2615 4095,0,0,_:poss name
Mocovi-292_old-1,,Mocovi,292_old,itereta,iter+eta,i + t e r + e t a,,buckwalter2015b;rosso2010,,,,,1345 2116 682,0,0,_:3sg worn.out _:?
Mocovi-292_old-2,,Mocovi,292_old,leteraxaic,le+ter+axai+c,l e + t e r + a ʁ ai + k,,buckwalter2015b;rosso2010,,,,,2115 682 2116 5393,0,0,_:poss worn.out _:adj _:masc
Mocovi-292_old-3,,Mocovi,292_old,leto,leto,l e + t o,,buckwalter2015b;rosso2010,,,,,682,0,0,_:poss old
Mocovi-292_old-4,,Mocovi,292_old,ñaaue,ñaaue,ɲ aː u e,,buckwalter2015b;rosso2010,,,,,1344 1345,0,0,?
Mocovi-292_old-5,,Mocovi,292_old,qo'xoic,qo'xoi+c,q o ʔ ʁ oi + k,,buckwalter2015b;rosso2010,,,,,2116 5393,0,0,old _:masc
Mocovi-282_father-1,,Mocovi,282_father,leta'a,le+ta'a,l e + t a ʔ a,,buckwalter2015b;rosso2010,,,,,176 177,0,0,_:poss father
Mocovi-100_smalllittle-1,,Mocovi,100_smalllittle,cocho'qui',cocho'qui',k o tʃ o ʔ k i ʔ,,buckwalter2015b;rosso2010,,,,,1356,0,0,?
Mocovi-100_smalllittle-2,,Mocovi,100_smalllittle,lote',lote',l o t e ʔ,,buckwalter2015b;rosso2010,,,,,2618,0,0,?
Mocovi-135_two-1,,Mocovi,135_two,doosolqai',doosolqai',d oː s o l q ai ʔ,,buckwalter2015b;rosso2010,,,,,2119 687,0,0,?
Mocovi-15_long-1,,Mocovi,15_long,ladoc,ladoc,l a d o k,,buckwalter2015b;rosso2010,,,,,187,0,0,?
Mocovi-275_intestinesguts-1,,Mocovi,275_intestinesguts,lauelese',l+auel+ese',l + a w e l e s e ʔ,,buckwalter2015b;rosso2010,,,,,2627 2121,0,0,_:poss interior _:?
Mocovi-188_smellvbtrans-1,,Mocovi,188_smellvbtrans,nomaqatecshiguim,nomaqatec+shiguim,n o m a q a t e k + ʃ i g i m,,buckwalter2015b;rosso2010,,,,,5398 3349,0,0,? _:up
Mocovi-52_treecf08600-1,,Mocovi,52_treecf08600,qo'paq,qo+'paq,q o ʔ + p a q,,buckwalter2015b;rosso2010,,,,,5399 194,0,0,_:/qo tree
Mocovi-47_sun-1,,Mocovi,47_sun,ra'aasa,ra'aasa,r a ʔ aː s a,,buckwalter2015b;rosso2010,,,,,198,0,0,?
Mocovi-283_give-1,,Mocovi,283_give,nañan,nañ+an,n a ɲ + a n,,buckwalter2015b;rosso2010,,,,,5402 213,0,0,_:3sg give
Mocovi-283_give-2,,Mocovi,283_give,ỹaan,ỹ+aan,j + aː n,,buckwalter2015b;rosso2010,,,,,2133 213,0,0,_:3sg give
Mocovi-136_littlequantityfew-1,,Mocovi,136_littlequantityfew,sqalo,s+qalo,s + q a l o,,buckwalter2015b;rosso2010,,,,,5403 1406,0,0,not much
Mocovi-136_littlequantityfew-2,,Mocovi,136_littlequantityfew,sqovite',sqo+vite',s q o + w i t e ʔ,,buckwalter2015b;rosso2010,,,,,5403 3195,0,0,not much
Mocovi-147_muchmany-1,,Mocovi,147_muchmany,te'tegue,te'tegue,t e ʔ t e g e,,buckwalter2015b;rosso2010,,,,,3382,0,0,?
Mocovi-147_muchmany-2,,Mocovi,147_muchmany,chalego,chalego,tʃ a l e g o,,buckwalter2015b;rosso2010,,,,,217 2653,0,0,?
Mocovi-147_muchmany-3,,Mocovi,147_muchmany,chalo,chalo,tʃ a l o,,buckwalter2015b;rosso2010,,,,,217 1411,0,0,?
Mocovi-147_muchmany-4,,Mocovi,147_muchmany,viteu',viteu',w i t e w ʔ,,buckwalter2015b;rosso2010,,,,,2654,0,0,?
Mocovi-266_cold-1,,Mocovi,266_cold,om,om,o m,,buckwalter2015b;rosso2010,,,,,3390,0,0,?
Mocovi-39_sit-1,,Mocovi,39_sit,icanlec,i+can+lec,i + k a n + l e k,,buckwalter2015b;rosso2010,,,,,222 1415 5404,0,0,_:3sg put _:loc
Mocovi-39_sit-2,,Mocovi,39_sit,nelec,ne+lec,n e + l e k,,buckwalter2015b;rosso2010,,,,,221 5404,0,0,sit _:loc
Mocovi-39_sit-3,,Mocovi,39_sit,nqa'xanlec,n+qa'xan+lec,n + q a ʔ ʁ a n + l e k,,buckwalter2015b;rosso2010,,,,,221 2138 5404,0,0,_:3sg put _:loc
Mocovi-39_sit-4,,Mocovi,39_sit,neetashi'me,ne+etashi'me,n e + t a + ʃ i ʔ m + e,,buckwalter2015b;rosso2010,,,,,221 5405,0,0,stay _:asp _:dir _:loc
Mocovi-39_sit-5,,Mocovi,39_sit,nqa'aamñi,n+qa'aam+ñi,n + q a ʔ aː m + ɲ i,,buckwalter2015b;rosso2010,,,,,5406 2138 221,0,0,_:3sg sit _:dir
Mocovi-285_fruit-1,,Mocovi,285_fruit,la,la,l a,,buckwalter2015b;rosso2010,,,,,2144,0,0,?
Mocovi-323_hold-1,,Mocovi,323_hold,icoñita'guit,i+coñi+ta'guit,i + k o ɲ i + t a ʔ + g i t,,buckwalter2015b;rosso2010,,,,,2661 730 4367,0,0,_:3sg hold _:asp _:loc
Mocovi-323_hold-2,,Mocovi,323_hold,lo'qa'a,lo'qa'a,l o ʔ q a ʔ + a,,buckwalter2015b;rosso2010,,,,,3398,0,0,hold _:loc
Mocovi-323_hold-3,,Mocovi,323_hold,naqajñi,n+aqaj+ñi,n + a q a h + ɲ i,,buckwalter2015b;rosso2010,,,,,5033 3398 730,0,0,_:3sg hold _:loc
Mocovi-323_hold-4,,Mocovi,323_hold,necontagui,necon+tagui,n + e k o n + t a + g i,,buckwalter2015b;rosso2010,,,,,730 1427,0,0,_:3sg hold _:asp _:loc
Mocovi-323_hold-5,,Mocovi,323_hold,icona,i+cona,i + k o n a,,buckwalter2015b;rosso2010,,,,,2661 730,0,0,_:3sg hold
Mocovi-46_animal-1,,Mocovi,46_animal,lalo,la+lo,l a + l o,,buckwalter2015b;rosso2010,,,,,2663 5409,0,0,_:poss animal
Mocovi-46_animal-2,,Mocovi,46_animal,isecỹac,isecỹac,i s e k j a k,,buckwalter2015b;rosso2010,,,,,2147,0,0,?
Mocovi-290_mosquito-1,,Mocovi,290_mosquito,'ỹat,'ỹat,ˀj a t,,buckwalter2015b;rosso2010,,,,,232,0,0,?
Mocovi-35_spider-1,,Mocovi,35_spider,palachiregaxa,palachiregaxa,p a l a tʃ i r e g a ʁ a,,buckwalter2015b;rosso2010,,,,,2148,0,0,?
Mocovi-95_claw-1,,Mocovi,95_claw,lenat,le+nat,l e + n a t,,buckwalter2015b;rosso2010,,,,,5036 2150,0,0,_:poss nail
Mocovi-57_arm-1,,Mocovi,57_arm,lqai'laxat,l+qai'laxat,l + q ai ʔ l + a ʁ a t,,buckwalter2015b;rosso2010,,,,,5410 5411,0,0,_:poss hug _:nmlz
Mocovi-57_arm-2,,Mocovi,57_arm,laua,l+aua,l + a w a,,buckwalter2015b;rosso2010,,,,,5410 739,0,0,_:poss arm
Mocovi-102_horn-1,,Mocovi,102_horn,lasote,la+sote,l a + s o t e,,buckwalter2015b;rosso2010,,,,,2154 237,0,0,_:poss horn
Mocovi-58_beard-1,,Mocovi,58_beard,laqareue,l+aqareue,l + a q a r + e w e,,buckwalter2015b;rosso2010,,,,,2156 239 239,0,0,_:poss chin hair
Mocovi-254_chest-1,,Mocovi,254_chest,lotogue,l+otogue,l + o t o g e,,buckwalter2015b;rosso2010,,,,,4386 2161,0,0,_:poss chest
Mocovi-254_chest-2,,Mocovi,254_chest,lo'ueete,l+o'ueete,l + o ʔ u eː t e,,buckwalter2015b;rosso2010,,,,,4386 2160,0,0,_:poss chest
Mocovi-61_chin-1,,Mocovi,61_chin,laqa',l+aqa',l + a q a ʔ,,buckwalter2015b;rosso2010,,,,,2162 2163,0,0,_:poss chin
Mocovi-62_lip-1,,Mocovi,62_lip,laapi',l+aapi',l + aː p i ʔ,,buckwalter2015b;rosso2010,,,,,5413 2165,0,0,_:poss lip
Mocovi-62_lip-2,,Mocovi,62_lip,laqa',l+aqa',l + a q a ʔ,,buckwalter2015b;rosso2010,,,,,5413 2164,0,0,_:poss lip
Mocovi-62_lip-3,,Mocovi,62_lip,niñip,niñip,n + i ɲ i p,,buckwalter2015b;rosso2010,,,,,1443,0,0,_:poss lip
Mocovi-64_finger-1,,Mocovi,64_finger,lpalaaqate,l+palaaqate,l + p a l aː q a t e,,buckwalter2015b;rosso2010,,,,,2170 244,0,0,_:poss finger
Mocovi-281_elbow-1,,Mocovi,281_elbow,lqo'gue,l+qo'gue,l + q o ʔ g e,,buckwalter2015b;rosso2010,,,,,2171 245,0,0,_:poss elbow
Mocovi-94_fingernail-1,,Mocovi,94_fingernail,lenat,le+nat,l e + n a t,,buckwalter2015b;rosso2010,,,,,2680 2172,0,0,_:poss nail
Mocovi-299_thunder-1,,Mocovi,299_thunder,nalataxa,nalataxa,n a l a t a ʁ a,,buckwalter2015b;rosso2010,,,,,4119,0,0,?
Mocovi-299_thunder-2,,Mocovi,299_thunder,soxonaxa,soxonaxa,s o ʁ o n a ʁ a,,buckwalter2015b;rosso2010,,,,,2174,0,0,?
Mocovi-109_lightning-1,,Mocovi,109_lightning,nqai'legaxa,nqai'legaxa,n + q ai ʔ l e g + a ʁ a,,buckwalter2015b;rosso2010,,,,,255,0,0,_:3sg strike _:nmlz
Mocovi-126_liedown-1,,Mocovi,126_liedown,nqa'paxanegue,nqa'paxan+egue,n + q a ʔ p a ʁ a n + e g e,,buckwalter2015b;rosso2010,,,,,5417 4397,0,0,_:3sg lie.down _:loc
Mocovi-126_liedown-2,,Mocovi,126_liedown,nenantañi,nenanta+ñi,n e + n a n + t a + ɲ i,,buckwalter2015b;rosso2010,,,,,5418 259,0,0,_:3sg lie _:asp _:dir
Mocovi-126_liedown-3,,Mocovi,126_liedown,ladogoỹalec,ladogoỹa+lec,l a d o g + o j a + l e k,,buckwalter2015b;rosso2010,,,,,4397 4396,0,0,long _:vblz _:loc
Mocovi-126_liedown-4,,Mocovi,126_liedown,icanagui,icana+gui,i + k a n + a g i,,buckwalter2015b;rosso2010,,,,,4395 5419,0,0,_:3sg lie.down _:loc
Mocovi-72_house-1,,Mocovi,72_house,lauo',la+uo',l a + w o ʔ,,buckwalter2015b;rosso2010,,,,,2179 2699,0,0,_:poss house
Mocovi-72_house-2,,Mocovi,72_house,la'a',l+a'a',l + a ʔ a ʔ,,buckwalter2015b;rosso2010,,,,,2179 4695,0,0,_:poss house
Mocovi-101_child-1,,Mocovi,101_child,noctoqui',noctoqui',n o k t o k i ʔ,,buckwalter2015b;rosso2010,,,,,2180,0,0,?
Mocovi-296_road-1,,Mocovi,296_road,llicyaxac,ll+icyaxac,ʎ + i k + ʒ a ʁ a k,,buckwalter2015b;rosso2010,,,,,5422 2182,0,0,_:poss road ?
Mocovi-296_road-2,,Mocovi,296_road,nayic,nayic,n a ʒ i k,,buckwalter2015b;rosso2010,,,,,2182,0,0,?
Mocovi-150_ten-1,,Mocovi,150_ten,diesolqai',dies+olqai',d j e s o l q ai ʔ,,buckwalter2015b;rosso2010,,,,,3441 5423,0,0,?
Mocovi-132_float-1,,Mocovi,132_float,naỹoxonshiguim,na+ỹoxon+shiguim,n a + j o + ʁ o n + ʃ i g i m,,buckwalter2015b;rosso2010,,,,,2186 2185 2187,0,0,_:3sg fly _:vblz _:dir
Mocovi-132_float-2,,Mocovi,132_float,ỹaỹoxontac,ỹa+ỹoxon+tac,j a + j o + ʁ o n + t a k,,buckwalter2015b;rosso2010,,,,,2184 2185 1477,0,0,_:3sg fly _:vblz _:asp
Mocovi-110_fightvb-1,,Mocovi,110_fightvb,iloquin,i+loqui+n,i + l o k i + n,,buckwalter2015b;rosso2010,,,,,1479 273 1480,0,0,_:3sg fight _:asp
Mocovi-110_fightvb-2,,Mocovi,110_fightvb,nalauat,n+alauat,n + a l a w a t,,buckwalter2015b;rosso2010,,,,,1480 3443,0,0,_:3sg kill
Mocovi-110_fightvb-3,,Mocovi,110_fightvb,nco'ua,n+co'ua,n + k o ʔ u a,,buckwalter2015b;rosso2010,,,,,1480 2708,0,0,_:3sg fight
Mocovi-110_fightvb-4,,Mocovi,110_fightvb,nouaxan,nouaxan,n o + w a ʁ a n,,buckwalter2015b;rosso2010,,,,,771,0,0,_:3sg hit
Mocovi-293_owl-1,,Mocovi,293_owl,quichiguiguit,quichiguiguit,k i tʃ i g i g i t,,buckwalter2015b;rosso2010,,,,,4698,0,0,?
Mocovi-293_owl-2,,Mocovi,293_owl,chirit,chirit,tʃ i r i t,,buckwalter2015b;rosso2010,,,,,4130,0,0,?
Mocovi-273_cat-1,,Mocovi,273_cat,regat,regat,r e g a t,,buckwalter2015b;rosso2010,,,,,2192,0,0,?
Mocovi-273_cat-2,,Mocovi,273_cat,pollo',pollo',p o ʎ o ʔ,,buckwalter2015b;rosso2010,,,,,5426,0,0,?
Mocovi-55_bee-1,,Mocovi,55_bee,qoñi' lauoic,qoñi' lauoic,q o ɲ i ʔ + l a w oi k,,buckwalter2015b;rosso2010,,,,,1494 283,0,0,honey bee
Mocovi-55_bee-2,,Mocovi,55_bee,rapic lauoic,rapic lauoic,r a p i k + l a w oi k,,buckwalter2015b;rosso2010,,,,,2718 283,0,0,honey bee
Mocovi-55_bee-3,,Mocovi,55_bee,rapic lapaxat,rapic lapaxat,r a p i k + l + a p a ʁ a t,,buckwalter2015b;rosso2010,,,,,2718 2718,0,0,honey _:poss insect
Mocovi-55_bee-4,,Mocovi,55_bee,naqatec lauoic,naqatec lauoic,n a q a t e k + l a w oi k,,buckwalter2015b;rosso2010,,,,,1492 283,0,0,lechiguana/take.out bee
Mocovi-289_parrot-1,,Mocovi,289_parrot,tallic lase,tallic lase,t a ʎ i k + l a s e,,buckwalter2015b;rosso2010,,,,,5427 2194,0,0,? _:fem
Mocovi-289_parrot-2,,Mocovi,289_parrot,eele',eele',eː l e ʔ,,buckwalter2015b;rosso2010,,,,,2194,0,0,?
Mocovi-289_parrot-3,,Mocovi,289_parrot,quillic,quillic,k i ʎ i k,,buckwalter2015b;rosso2010,,,,,284,0,0,?
Mocovi-128_flea-1,,Mocovi,128_flea,pioq lapaxat,pioq l+apaxat,p j o q + l + a p a ʁ a t,,buckwalter2015b;rosso2010,,,,,287 289 290,0,0,dog _:poss insect
Mocovi-166_deer-1,,Mocovi,166_deer,peele,peele,p eː l e,,buckwalter2015b;rosso2010,,,,,4410,0,0,?
Mocovi-118_ant-1,,Mocovi,118_ant,chinaq,chinaq,tʃ i n a q,,buckwalter2015b;rosso2010,,,,,5429 299,0,0,?
Mocovi-99_palmofhand-1,,Mocovi,99_palmofhand,napoquena lauel,na+poquena la+uel,n a + p o k e n a + l a + w e l,,buckwalter2015b;rosso2010,,,,,300 301 302 303,0,0,_:poss hand _:poss interior
Mocovi-89_fur-1,,Mocovi,89_fur,loshicmaxa,loshicmaxa,l + o ʃ i k m a ʁ a,,buckwalter2015b;rosso2010,,,,,5430,0,0,_:poss fur
Mocovi-42_hairhead-1,,Mocovi,42_hairhead,laue,l+aue,l + a w e,,buckwalter2015b;rosso2010,,,,,2207 2208,0,0,_:poss hair
Mocovi-249_penis-1,,Mocovi,249_penis,nco'ue,n+co'ue,n + k o ˀw e,,buckwalter2015b;rosso2010,,,,,5431,0,0,_:poss penis
Mocovi-249_penis-2,,Mocovi,249_penis,no'lo,no'lo,n + o ʔ l o,,buckwalter2015b;rosso2010,,,,,5431,0,0,_:poss penis
Mocovi-88_skull-1,,Mocovi,88_skull,lqahic lpi'nec,l+qahic l+pi'nec,l + q a h i k + l + p i ʔ n e k,,buckwalter2015b;rosso2010,,,,,2210 2211 2212 2213,0,0,_:poss head _:poss bone
Mocovi-288_lung-1,,Mocovi,288_lung,lachi,l+achi,l + a tʃ i,,buckwalter2015b;rosso2010,,,,,2220 2221,0,0,_:poss lung
Mocovi-200_testicle-1,,Mocovi,200_testicle,lola,l+ola,l o + l a,,buckwalter2015b;rosso2010,,,,,5437 4711,0,0,_:poss testicle
Mocovi-124_bed-1,,Mocovi,124_bed,lómala',l+ómala',l + o m a l a ʔ,,buckwalter2015b;rosso2010,,,,,2230 2233,0,0,_:poss bed
Mocovi-124_bed-2,,Mocovi,124_bed,lo'paxala',l+o'pa+xala',l + o ʔ p + a ʁ a + l a ʔ,,buckwalter2015b;rosso2010,,,,,2230 819 2232 2233,0,0,_:poss ? _:val _:loc
Mocovi-143_plantvb-1,,Mocovi,143_plantvb,ỹanñi,ỹ+an+ñi,j + a n + ɲ i,,buckwalter2015b;rosso2010,,,,,2767 3494 823,0,0,_:3sg put _:dir
Mocovi-73_village-1,,Mocovi,73_village,na'a',na'a',n a ʔ a ʔ,,buckwalter2015b;rosso2010,,,,,2774,0,0,?
Mocovi-60_doorgate-1,,Mocovi,60_doorgate,lasom,lasom,l + a s o m,,buckwalter2015b;rosso2010,,,,,324,0,0,_:poss door
Mocovi-76_cover-1,,Mocovi,76_cover,nalolec,n+alo+lec,n + a l o + l e k,,buckwalter2015b;rosso2010,,,,,5448 5449,0,0,_:3sg extend _:loc
Mocovi-76_cover-2,,Mocovi,76_cover,napoñi,n+apo+ñi,n + a p o + ɲ i,,buckwalter2015b;rosso2010,,,,,4718 2783 5448,0,0,_:3sg close _:dir
Mocovi-76_cover-3,,Mocovi,76_cover,no'qajlec,no'qa+jlec,n o ʔ q a t + l e k,,buckwalter2015b;rosso2010,,,,,5448 5449,0,0,fill _:loc
Mocovi-76_cover-4,,Mocovi,76_cover,ỹapo'ñigui,ỹa+po'+ñigui,j + a p o ʔ + ɲ i + g i,,buckwalter2015b;rosso2010,,,,,5450 2783 5448,0,0,_:3sg close _:dir _:loc
Mocovi-278_buy-1,,Mocovi,278_buy,reshiujnaxana,re+shiujn+axan+a,r e + ʃ j u h n + a ʁ a n + a,,buckwalter2015b;rosso2010,,,,,1563 5451 2237 2789,0,0,_:3sg buy _:val _:3O
Mocovi-123_burnvbintrans-1,,Mocovi,123_burnvbintrans,nachipishiguim,nachipi+shiguim,n a tʃ i p i + ʃ i g i m,,buckwalter2015b;rosso2010,,,,,328 4721,0,0,burn _:dir
Mocovi-123_burnvbintrans-2,,Mocovi,123_burnvbintrans,ỹavic,ỹ+avic,j + a w i k,,buckwalter2015b;rosso2010,,,,,2790 325,0,0,_:3sg burn
Mocovi-158_nine-1,,Mocovi,158_nine,nueevolqai',nueevolqai',n w eː w o l q ai ʔ,,buckwalter2015b;rosso2010,,,,,3509 4441,0,0,?
Mocovi-103_club-1,,Mocovi,103_club,nepon,nepon,n e + p o n,,buckwalter2015b;rosso2010,,,,,334,0,0,_:poss club
Mocovi-271_sweetpotato-1,,Mocovi,271_sweetpotato,huatáta,huatáta,w a t a t a,,buckwalter2015b;rosso2010,,,,,846,0,0,?
Mocovi-156_seven-1,,Mocovi,156_seven,sietolqai',siet+olqai',s j e t o l q ai ʔ,,buckwalter2015b;rosso2010,,,,,847 3909,0,0,?
Mocovi-86_path-1,,Mocovi,86_path,llicyaxac,ll+icyaxac,ʎ + i k + ʒ a ʁ a k,,buckwalter2015b;rosso2010,,,,,5460 2242,0,0,_:poss path ?
Mocovi-86_path-2,,Mocovi,86_path,nayic,nayic,n a ʒ i k,,buckwalter2015b;rosso2010,,,,,2242,0,0,?
Mocovi-169_knife-1,,Mocovi,169_knife,lecat,lecat,l + e k a t,,buckwalter2015b;rosso2010,,,,,5462,0,0,_:poss knife
Mocovi-170_needle-1,,Mocovi,170_needle,na,na,n a,,buckwalter2015b;rosso2010,,,,,1596,0,0,?
Mocovi-104_soulspirit-1,,Mocovi,104_soulspirit,la'al,l+a'al,l + a ʔ a l,,buckwalter2015b;rosso2010,,,,,2821 344,0,0,_:poss soul
Mocovi-104_soulspirit-2,,Mocovi,104_soulspirit,lqui'i,l+qui'i,l + k i ʔ i,,buckwalter2015b;rosso2010,,,,,2821 344,0,0,_:poss soul
Mocovi-277_cryweep-1,,Mocovi,277_cryweep,noỹen,noỹen,n + o j e n,,buckwalter2015b;rosso2010,,,,,4156,0,0,_:3sg cry
Mocovi-277_cryweep-2,,Mocovi,277_cryweep,naualaxañi,n+aualaxa+ñi,n + a w a l a ʁ a + ɲ i,,buckwalter2015b;rosso2010,,,,,5467 3915 4156,0,0,_:3sg scream _:dir
Mocovi-155_six-1,,Mocovi,155_six,saisolqai',saisolqai',s ai s o l q ai ʔ,,buckwalter2015b;rosso2010,,,,,5468 5469,0,0,?
Mocovi-287_maizecorn-1,,Mocovi,287_maizecorn,nasoolec,nasoolec,n a s oː l e k,,buckwalter2015b;rosso2010,,,,,350,0,0,?
Mocovi-206_oldman-1,,Mocovi,206_oldman,qo'xoic,qo'xoic,q o ʔ ʁ oi + k,,buckwalter2015b;rosso2010,,,,,355,0,0,old _:masc
Mocovi-300_tobacco-1,,Mocovi,300_tobacco,laseerec,l+aseerec,l + a s eː r e k,,buckwalter2015b;rosso2010,,,,,4736 2248,0,0,_:poss tobacco
Mocovi-295_ripe-1,,Mocovi,295_ripe,yi,yi,j i,,buckwalter2015b;rosso2010,,,,,5475,0,0,?
Mocovi-270_tapiocamanioccassava-1,,Mocovi,270_tapiocamanioccassava,mayóca,mayóca,m a ʒ o k a,,buckwalter2015b;rosso2010,,,,,884,0,0,?
Mocovi-157_eight-1,,Mocovi,157_eight,'oocholqai','oocholqai',ʔ oː tʃ o l q ai ʔ,,buckwalter2015b;rosso2010,,,,,5477 5478,0,0,?
Mocovi-159_cook-1,,Mocovi,159_cook,ỹanaq,ỹ+anaq,j + a n a q,,buckwalter2015b;rosso2010,,,,,901 1699,0,0,_:3sg cook
Mocovi-207_oldwoman-1,,Mocovi,207_oldwoman,qo'xoi,qo'xoi,q o ʔ ʁ oi,,buckwalter2015b;rosso2010,,,,,389,0,0,?
Mocovi-142_sap-1,,Mocovi,142_sap,nate,nate,n a t e,,buckwalter2015b;rosso2010,,,,,906,0,0,?
Mocovi-36_spiderweb-1,,Mocovi,36_spiderweb,palachiregaxa lala',palachiregaxa la+la',p a l a tʃ i r e g a ʁ a + l a + l a ʔ,,buckwalter2015b;rosso2010,,,,,2271 5490 2876,0,0,spider _:poss ?
Mocovi-252_cow-1,,Mocovi,252_cow,huaca,huaca,w a k a,,buckwalter2015b;rosso2010,,,,,297,0,0,?
Mocovi-173_lizard-1,,Mocovi,173_lizard,lecolaxaraic,lecolaxaraic,l e k o l a ʁ a r ai k,,buckwalter2015b;rosso2010,,,,,2274 395 5495 4482 394,0,0,?
Mocovi-267_nest-1,,Mocovi,267_nest,lauaquiaxaqui,l+auaqu+iaxaqui,l + a w a k + j a ʁ a k i,,buckwalter2015b;rosso2010,,,,,2276 5110 5496 2278,0,0,_:poss hole _:nmlz
Mocovi-267_nest-2,,Mocovi,267_nest,lco'viichaxaqui,l+co'vii+chaxaqui,l + k o ˀw iː + tʃ a ʁ a k i,,buckwalter2015b;rosso2010,,,,,2276 5496 2278,0,0,_:poss egg _:nmlz
Mocovi-116_goat-1,,Mocovi,116_goat,quetaq,quetaq,k e t a q,,buckwalter2015b;rosso2010,,,,,1725,0,0,?
Mocovi-117_hegoat-1,,Mocovi,117_hegoat,quetaq,quetaq,k e t a q,,buckwalter2015b;rosso2010,,,,,1734,0,0,?
Mocovi-302_pig-1,,Mocovi,302_pig,cos,cos,k o s,,buckwalter2015b;rosso2010,,,,,920,0,0,?
Mocovi-174_dove-1,,Mocovi,174_dove,cocon,cocon,k o k o n,,buckwalter2015b;rosso2010,,,,,406,0,0,?
Mocovi-174_dove-2,,Mocovi,174_dove,coviguiñic,coviguiñic,k o w i g i ɲ i k,,buckwalter2015b;rosso2010,,,,,406,0,0,?
Mocovi-174_dove-3,,Mocovi,174_dove,co'toco',co'toco',k o ʔ t o k o ʔ,,buckwalter2015b;rosso2010,,,,,923,0,0,?
Mocovi-260_crocodilealligator-1,,Mocovi,260_crocodilealligator,naanoc,naanoc,n aː n o k,,buckwalter2015b;rosso2010,,,,,1747,0,0,?
Mocovi-186_shell-1,,Mocovi,186_shell,recona,recona,r e k o n a,,buckwalter2015b;rosso2010,,,,,5120,0,0,?
Mocovi-186_shell-2,,Mocovi,186_shell,naqalligo,naqalligo,n a q a ʎ i g o,,buckwalter2015b;rosso2010,,,,,5509,0,0,?
Mocovi-245_snail-1,,Mocovi,245_snail,leta'guellic,let+a'guellic,l e t + a ʔ g e + ʎ + i k,,buckwalter2015b;rosso2010,,,,,3623 421,0,0,wet _:loc _:poss path
Mocovi-160_fox-1,,Mocovi,160_fox,nouaxaỹaxa,nouaxaỹaxa,n o w a ʁ a j a ʁ a,,buckwalter2015b;rosso2010,,,,,940,0,0,?
Mocovi-113_horseequine-1,,Mocovi,113_horseequine,shipgaq,shipgaq,ʃ i p g a q,,buckwalter2015b;rosso2010,,,,,435,0,0,?
Mocovi-91_fishscale-1,,Mocovi,91_fishscale,leso,l+eso,l e + s o,,buckwalter2015b;rosso2010,,,,,2938 444,0,0,_:poss fishscale
Mocovi-2_beehive-1,,Mocovi,2_beehive,le'xona,le'xona,l e ʔ ʁ o n a,,buckwalter2015b;rosso2010,,,,,5535,0,0,?
Mocovi-115_sheep-1,,Mocovi,115_sheep,qagreta,qagreta,q a g r e t a,,buckwalter2015b;rosso2010,,,,,2311,0,0,?
Mocovi-96_findorsal-1,,Mocovi,96_findorsal,lelaxase,lelax+ase,l e + l a ʁ a + s e,,buckwalter2015b;rosso2010,,,,,5536 2949,0,0,_:poss back _:?
Mocovi-256_bull-1,,Mocovi,256_bull,tooro,tooro,t oː r o,,buckwalter2015b;rosso2010,,,,,2312,0,0,?
Mocovi-255_ox-1,,Mocovi,255_ox,tooro,tooro,t oː r o,,buckwalter2015b;rosso2010,,,,,1805,0,0,?
Mocovi-255_ox-2,,Mocovi,255_ox,lauegaxanaxala',l+aueg+axan+axala',l + a w e g + a ʁ a n + a ʁ a l a ʔ,,buckwalter2015b;rosso2010,,,,,5540 454 5541 1805 5542,0,0,_:poss carry _:val _:nmlz
Mocovi-255_ox-3,,Mocovi,255_ox,ñii'lola,ñii'lola,ɲ iː ʔ l o l a,,buckwalter2015b;rosso2010,,,,,5542,0,0,?
Mocovi-253_bear-1,,Mocovi,253_bear,layoraxai late'e,layoraxai l+ate'e,l a ʒ o r a ʁ ai + l + a t e ʔ e,,buckwalter2015b;rosso2010,,,,,5543 5544 455,0,0,anteater _:poss mother
Mocovi-242_assdonkey-1,,Mocovi,242_assdonkey,'ashin,'ashin,ʔ a ʃ i n,,buckwalter2015b;rosso2010,,,,,457,0,0,?
Mocovi-284_hawk-1,,Mocovi,284_hawk,niviguiñic,niviguiñic,n i w i g i ɲ i k,,buckwalter2015b;rosso2010,,,,,5545,0,0,?
Mocovi-284_hawk-2,,Mocovi,284_hawk,qatañiguit,qatañiguit,q a t a ɲ i g i t,,buckwalter2015b;rosso2010,,,,,458,0,0,?
Mocovi-257_wasp-1,,Mocovi,257_wasp,rapic,rapic,r a p i k,,buckwalter2015b;rosso2010,,,,,2966,0,0,?
Mocovi-257_wasp-2,,Mocovi,257_wasp,lauanate' leta'a,laua+nate' le+ta'a,l a w a + n a t e ʔ + l e + t a ʔ a,,buckwalter2015b;rosso2010,,,,,459 2964 460,0,0,earth _:? _:poss father
Mocovi-70_eyelid-1,,Mocovi,70_eyelid,nqote lapo',n+qote la+po',n + q o t e + l a + p o ʔ,,buckwalter2015b;rosso2010,,,,,2332 986 2334 5550,0,0,_:poss eye _:poss cover
Mocovi-70_eyelid-2,,Mocovi,70_eyelid,nqote laqa',n+qote la+qa',n + q o t e + l a + q a ʔ,,buckwalter2015b;rosso2010,,,,,2332 986 2334 5550,0,0,_:poss eye _:poss chin
Mocovi-40_borntobe-1,,Mocovi,40_borntobe,ne'qaañi,ne'qaa+ñi,n e ʔ q aː + ɲ i,,buckwalter2015b;rosso2010,,,,,2990 2339 2338,0,0,be.born _:down
Mocovi-259_eyelash-1,,Mocovi,259_eyelash,rade,r+ade,r + a d e,,buckwalter2015b;rosso2010,,,,,474 1831,0,0,_:poss eyelash
Mocovi-121_footprint-1,,Mocovi,121_footprint,lliguiñi,lligui+ñi,ʎ + i g i + ɲ i,,buckwalter2015b;rosso2010,,,,,482 1855,0,0,_:poss path/go _:dir
Mocovi-258_poison-1,,Mocovi,258_poison,ledoonaxa,le+doon+axa,l e + d oː n + a ʁ a,,buckwalter2015b;rosso2010,,,,,5173 1014 2353,0,0,_:poss poison _:nmlz
Mocovi-301_urinate-1,,Mocovi,301_urinate,nqo'xon,n+qo'xon,n + q o ʔ ʁ o n,,buckwalter2015b;rosso2010,,,,,5566 3994,0,0,_:3sg urinate
Mocovi-77_nippleteat-1,,Mocovi,77_nippleteat,lo'ueete lqahic,l+o'ueete l+qahic,l + o ʔ u eː t e + l + q a h i k,,buckwalter2015b;rosso2010,,,,,5567 3032 5568 1023,0,0,_:poss breast _:poss head
Mocovi-81_spine-1,,Mocovi,81_spine,lelaq lpi'nec,le+laq l+pi'nec,l e + l a q + l + p i ʔ n e k,,buckwalter2015b;rosso2010,,,,,2378 3053 6 54,0,0,_:poss back _:poss bone
Mocovi-294_pus-1,,Mocovi,294_pus,li'i,l+i'i,l + i ʔ i,,buckwalter2015b;rosso2010,,,,,4944 3067,0,0,_:poss pus
Mocovi-68_womb-1,,Mocovi,68_womb,lco'oxoqui,l+co'o+xoqui,l + k o ʔ o + ʁ o k i,,buckwalter2015b;rosso2010,,,,,6 4813 1054 497,0,0,_:poss conceive :nmlz
Mocovi-84_veinartery-1,,Mocovi,84_veinartery,lo'oota,lo'oota,l o + ʔ oː t a,,buckwalter2015b;rosso2010,,,,,498,0,0,_:poss vein
Mocovi-144_mute-1,,Mocovi,144_mute,moorotec,moorotec,m oː r o t e k,,buckwalter2015b;rosso2010,,,,,1068 5593,0,0,?
Mocovi-63_thumb-1,,Mocovi,63_thumb,lpalaaqate late'ogue',l+palaaqate l+ate'ogue',l + p a l aː q a t e + l + a t e ʔ o g e ʔ,,buckwalter2015b;rosso2010,,,,,2407 2406 5596 1919,0,0,_:poss finger _:poss big
Mocovi-80_beak-1,,Mocovi,80_beak,laapi',l+aapi',l + aː p i ʔ,,buckwalter2015b;rosso2010,,,,,5413 2165,0,0,_:poss lip
Mocovi-134_itch-1,,Mocovi,134_itch,reshiqui,re+shiqui,r e + ʃ i k i,,buckwalter2015b;rosso2010,,,,,5602 2423,0,0,_:3sg itch
Mocovi-269_wakeup-1,,Mocovi,269_wakeup,nelouec,ne+lo+uec,n e + l o + w e k,,buckwalter2015b;rosso2010,,,,,1933 2426 2427,0,0,_:3sg look _:dir
Mocovi-269_wakeup-2,,Mocovi,269_wakeup,nqo'xon,n+qo'xon,n + q o ʔ ʁ o n,,buckwalter2015b;rosso2010,,,,,1933 3092,0,0,_:3sg wake.up
Mocovi-71_window-1,,Mocovi,71_window,nqote,n+qote,n + q o t e,,buckwalter2015b;rosso2010,,,,,1943 1944,0,0,_:poss eye
Mocovi-127_cousin-1,,Mocovi,127_cousin,lqaỹa liỹa,l+qaỹa l+iỹa,l + q a j a + l + i j a,,buckwalter2015b;rosso2010,,,,,2436 514 5606 2435,0,0,_:poss sibling _:poss other
Mocovi-87_place-1,,Mocovi,87_place,la'a',l+a'a',l + a ʔ a ʔ,,buckwalter2015b;rosso2010,,,,,5608,0,0,_:poss place
Mocovi-87_place-2,,Mocovi,87_place,loma',lo+ma',l o + m a ʔ,,buckwalter2015b;rosso2010,,,,,5609 3807,0,0,_:poss place
Mocovi-87_place-3,,Mocovi,87_place,lo'ueetqa',l+o'ueetqa',l + o ʔ u eː t q a ʔ,,buckwalter2015b;rosso2010,,,,,5609 2439 5610,0,0,_:poss place
Mocovi-87_place-4,,Mocovi,87_place,laa'yi,l+aa'yi,l + aː ʔ ʒ i,,buckwalter2015b;rosso2010,,,,,5608,0,0,_:poss place
Mocovi-137_potter-1,,Mocovi,137_potter,cá'maq ỹo'ueetac ano no'xona 'laua,cá'maq ỹo+'uee+tac ana no'xona 'la+ua,k a ʔ m a q + j + o ʔ u eː + t a k + a n a + n o ʔ ʁ o n a + ʔ l a + w a,,buckwalter2015b;rosso2010,,,,,4036 5614 5615 1105 5616 1104 5617 5234,0,0,_:det _:3sg make _:asp _:det clay earth
Mocovi-105_shadeshadow-1,,Mocovi,105_shadeshadow,la'al,l+a'al,l + a ʔ a l,,buckwalter2015b;rosso2010,,,,,5621 2440,0,0,_:poss shade
Mocovi-69_parents-1,,Mocovi,69_parents,leta'al,le+ta'al,l e + t a ʔ a l,,buckwalter2015b;rosso2010,,,,,4563 1980,0,0,_:poss father _:pauc
Mocovi-165_write-1,,Mocovi,165_write,ỹiriñi,ỹi+r+iñi,j i + r + i ɲ i,,buckwalter2015b;rosso2010,,,,,1987 5626 1985,0,0,_:3sg write _:dir
Mocovi-165_write-2,,Mocovi,165_write,ỹi',ỹi',j i ʔ,,buckwalter2015b;rosso2010,,,,,1987,0,0,?
Mocovi-165_write-3,,Mocovi,165_write,deraxan,de+r+axan,d e + r + a ʁ a n,,buckwalter2015b;rosso2010,,,,,1983 5626 5240,0,0,_:3sg write _:val
Mocovi-122_altar-1,,Mocovi,122_altar,ncopatoxolate,n+copat+oxo+late,n + k o p a t + o ʁ o + l a t e,,buckwalter2015b;rosso2010,,,,,1995 5633 4050,0,0,_:poss burn _:val _:loc
Mocovi-107_summer-1,,Mocovi,107_summer,ñaaxa,ñaaxa,ɲ aː ʁ a,,buckwalter2015b;rosso2010,,,,,5637 1122,0,0,?
Nivacle-85_blood-1,,Nivacle,85_blood,voiyei,voi+yei,ʋ oi j ei,,seelwische1980,,,,,5638 1124,0,0,?
Nivacle-59_mouth-1,,Nivacle,59_mouth,ashi,ashi,a ʃ i,,seelwische1980,,,,,2481,0,0,?
Nivacle-79_head-1,,Nivacle,79_head,shatech,shatech,ʃ a t e tʃ,,seelwische1980,,,,,7,0,0,?
Nivacle-56_hand-1,,Nivacle,56_hand,pô'côt,pô'côt,p ɒ ʔ k ɒ t,,seelwische1980,,,,,12,0,0,?
Nivacle-53_ear-1,,Nivacle,53_ear,cfe',cfe',k f e ʔ,,seelwische1980,,,,,4234,0,0,?
Nivacle-50_red-1,,Nivacle,50_red,yuc,yuc,j u k,,seelwische1980,,,,,1137,0,0,?
Nivacle-163_see-1,,Nivacle,163_see,van,van,ʋ a n,,seelwische1980,,,,,1145,0,0,?
Nivacle-37_husband-1,,Nivacle,37_husband,ch'acfa,ch'acfa,tʃˀ a k f a,,seelwische1980,,,,,5644,0,0,?
Nivacle-38_wife-1,,Nivacle,38_wife,ch'acfa,ch'acfa,tʃˀ a k f a,,seelwische1980,,,,,5644,0,0,?
Nivacle-138_hear-1,,Nivacle,138_hear,peei,peei,p eː j,,seelwische1980,,,,,2493,0,0,?
Nivacle-187_bird-1,,Nivacle,187_bird,ajôclô,ajôclô,a x ɒ kʟ̥ ɒ,,seelwische1980,,,,,558 37,0,0,?
Nivacle-97_fish-1,,Nivacle,97_fish,sajech,sajech,s a x e tʃ,,seelwische1980,,,,,2496,0,0,?
Nivacle-130_louse-1,,Nivacle,130_louse,"achivo, lhaa",achivo,a tʃ i ʋ o,,seelwische1980,,,,,2029 5645,0,0,?
Nivacle-130_louse-2,,Nivacle,130_louse,"achivo, lhaa",lhaa,ɬ aː,,seelwische1980,,,,,289,0,0,insect
Nivacle-129_dog-1,,Nivacle,129_dog,nuu,nuu,n uː,,seelwische1980,,,,,4076,0,0,?
Nivacle-251_tongue-1,,Nivacle,251_tongue,ch'aclech,ch'aclech,tʃˀ a kʟ̥ e tʃ,,seelwische1980,,,,,372,0,0,?
Nivacle-78_breastofwoman-1,,Nivacle,78_breastofwoman,"ajte, oot",ajte,a x t e,,seelwische1980,,,,,49,0,0,?
Nivacle-78_breastofwoman-2,,Nivacle,78_breastofwoman,"ajte, oot",oot,oː t,,seelwische1980,,,,,2504,0,0,?
Nivacle-98_wing-1,,Nivacle,98_wing,af,af,a f,,seelwische1980,,,,,5648,0,0,wing
Nivacle-82_back-1,,Nivacle,82_back,ôyiish,ôyiish,ɒ j iː ʃ,,seelwische1980,,,,,2506,0,0,?
Nivacle-83_bone-1,,Nivacle,83_bone,"nu', canu",nu',n u ʔ,,seelwische1980,,,,,570,0,0,?
Nivacle-83_bone-2,,Nivacle,83_bone,"nu', canu",ca+nu,k a + n u,,seelwische1980,,,,,5028 570,0,0,_:med bone
Nivacle-120_leg-1,,Nivacle,120_leg,"caclô', t'oicha",caclô',k a kʟ̥ ɒ ʔ,,seelwische1980,,,,,2509,0,0,?
Nivacle-120_leg-2,,Nivacle,120_leg,"caclô', t'oicha",t'oicha,tˀ oi tʃ a,,seelwische1980,,,,,571,0,0,?
Nivacle-246_foot-1,,Nivacle,246_foot,fo',fo',f o ʔ,,seelwische1980,,,,,572,0,0,?
Nivacle-261_heart-1,,Nivacle,261_heart,lhiivte,lhiivte,ɬ iː ʋ t e,,seelwische1980,,,,,4603,0,0,?
Nivacle-125_sleep-1,,Nivacle,125_sleep,"mô', jo'",mô',m ɒ ʔ,,seelwische1980,,,,,1174,0,0,?
Nivacle-125_sleep-2,,Nivacle,125_sleep,"mô', jo'",jo',x o ʔ,,seelwische1980,,,,,1174,0,0,?
Nivacle-111_kill-1,,Nivacle,111_kill,clôn,clôn,kʟ̥ ɒ n,,seelwische1980,,,,,1181,0,0,?
Nivacle-75_skinhide-1,,Nivacle,75_skinhide,ôjeche,ôjeche,ɒ x + e tʃ e,,seelwische1980,,,,,4779,0,0,skin _:suff/eche
Nivacle-44_feather-1,,Nivacle,44_feather,"af, caf (recogida",af,a f,,seelwische1980,,,,,5648,0,0,?
Nivacle-44_feather-2,,Nivacle,44_feather,"af, caf (recogida",caf,k + a f,,seelwische1980,,,,,5648,0,0,_:med feather
Nivacle-139_earthgroundsoil-1,,Nivacle,139_earthgroundsoil,cotsjaat,cotsjaat,k o ts x aː t,,seelwische1980,,,,,5650,0,0,?
Nivacle-154_four-1,,Nivacle,154_four,yichatjulh,y+ich+at+julh,j + i tʃ + a t + x u ɬ,,seelwische1980,,,,,5652 84 83 4611,0,0,_:3sg go _:apl _:apl
Nivacle-167_yellow-1,,Nivacle,167_yellow,cojiyaj,coji+yaj,k o x i j a x,,seelwische1980,,,,,88 2058,0,0,?
Nivacle-133_flyvb-1,,Nivacle,133_flyvb,fô'yô,fô'yô,f ɒ ˀj ɒ,,seelwische1980,,,,,591 2535,0,0,?
Nivacle-297_root-1,,Nivacle,297_root,fetas,fetas,f e t a s,,seelwische1980,,,,,500,0,0,?
Nivacle-67_lake-1,,Nivacle,67_lake,"cachi', fashayish",cachi',k a tʃ i ʔ,,seelwische1980,,,,,2541,0,0,?
Nivacle-67_lake-2,,Nivacle,67_lake,"cachi', fashayish",fashayish,f a ʃ a j i ʃ,,seelwische1980,,,,,5656 2540,0,0,?
Nivacle-243_black-1,,Nivacle,243_black,ts'a'yôôi; yacut,ts'a'yôôi,tsˀ a ˀj ɒː j,,seelwische1980,,,,,5657,0,0,?
Nivacle-243_black-2,,Nivacle,243_black,ts'a'yôôi; yacut,yacut,j a k u t,,seelwische1980,,,,,5658,0,0,?
Nivacle-164_dust-1,,Nivacle,164_dust,"tacovo, tichanôc, cômôc, môôc",tacovo,t a k o ʋ o,,seelwische1980,,,,,5660,0,0,?
Nivacle-164_dust-2,,Nivacle,164_dust,"tacovo, tichanôc, cômôc, môôc",tichanôc,t i tʃ a n ɒ k,,seelwische1980,,,,,1218,0,0,?
Nivacle-164_dust-3,,Nivacle,164_dust,"tacovo, tichanôc, cômôc, môôc",cômôc,k ɒ + m ɒ k,,seelwische1980,,,,,2547,0,0,_:class dust
Nivacle-164_dust-4,,Nivacle,164_dust,"tacovo, tichanôc, cômôc, môôc",môôc,m ɒː k,,seelwische1980,,,,,2547,0,0,?
Nivacle-168_star-1,,Nivacle,168_star,cati'is,cati'is,k a t i ʔ i s,,seelwische1980,,,,,605,0,0,?
Nivacle-280_personhumanbeing-1,,Nivacle,280_personhumanbeing,nivacle,nivacle,n i ʋ a kʟ̥ e,,seelwische1980,,,,,5661,0,0,?
Nivacle-66_mother-1,,Nivacle,66_mother,mimi,mimi,m i m i,,seelwische1980,,,,,3229,0,0,?
Nivacle-145_nearadv-1,,Nivacle,145_nearadv,"lhech jô'nee, shalha, t'aplhaa",lhech jô'nee,ɬ e tʃ + x ɒ ʔ n eː,,seelwische1980,,,,,4626 5665,0,0,same ?
Nivacle-145_nearadv-2,,Nivacle,145_nearadv,"lhech jô'nee, shalha, t'aplhaa",shalha,ʃ a ɬ a,,seelwische1980,,,,,3861,0,0,?
Nivacle-145_nearadv-3,,Nivacle,145_nearadv,"lhech jô'nee, shalha, t'aplhaa",t'aplhaa,tˀ a p ɬ aː,,seelwische1980,,,,,3861,0,0,?
Nivacle-92_cloud-1,,Nivacle,92_cloud,vôse',vôse',ʋ ɒ s + e ʔ,,seelwische1980,,,,,2560 5666,0,0,sky _:fem
Nivacle-279_come-1,,Nivacle,279_come,"nach, nifaclit; ntacumaj",nach,n a tʃ,,seelwische1980,,,,,113,0,0,?
Nivacle-279_come-2,,Nivacle,279_come,"nach, nifaclit; ntacumaj",nifaclit,n i f a kʟ̥ i t,,seelwische1980,,,,,113,0,0,?
Nivacle-279_come-3,,Nivacle,279_come,"nach, nifaclit; ntacumaj",ntacumaj,n t a k u m a x,,seelwische1980,,,,,113,0,0,?
Nivacle-43_leaf-1,,Nivacle,43_leaf,casash,casash,k + a s a ʃ,,seelwische1980,,,,,4607,0,0,_:class leaf
Nivacle-93_sky-1,,Nivacle,93_sky,vôôs,vôôs,ʋ ɒː s,,seelwische1980,,,,,2560,0,0,?
Nivacle-90_bark-1,,Nivacle,90_bark,ôjeche,ôjeche,ɒ x e tʃ e,,seelwische1980,,,,,5679 3258 4846,0,0,?
Nivacle-140_where-1,,Nivacle,140_where,ta,ta,t a,,seelwische1980,,,,,1274,0,0,?
Nivacle-298_ropecord-1,,Nivacle,298_ropecord,vanc'ôcfajat,vanc'+ôcfa+jat,ʋ a ŋ kˀ + ɒ k f a + x a t,,seelwische1980,,,,,5684 2460 643,0,0,_:antip tie _:nmlz
Nivacle-141_how-1,,Nivacle,141_how,"e'ana, naô",e'ana,e ʔ a n a,,seelwische1980,,,,,3276,0,0,?
Nivacle-141_how-2,,Nivacle,141_how,"e'ana, naô",naô,n a ɒ,,seelwische1980,,,,,2579,0,0,?
Nivacle-153_three-1,,Nivacle,153_three,pu'ja'na,pu'ja'na,p u ʔ x a ʔ n a,,seelwische1980,,,,,5685,0,0,three
Nivacle-244_white-1,,Nivacle,244_white,clim; clop,clim,kʟ̥ i m,,seelwische1980,,,,,5686,0,0,?
Nivacle-244_white-2,,Nivacle,244_white,clim; clop,clop,kʟ̥ o p,,seelwische1980,,,,,5687,0,0,?
Nivacle-146_faradv-1,,Nivacle,146_faradv,ch'apa'; toj; ts'ee'; ts'í,ch'apa',tʃˀ a p a ʔ,,seelwische1980,,,,,1291,0,0,?
Nivacle-146_faradv-2,,Nivacle,146_faradv,ch'apa'; toj; ts'ee'; ts'í,toj,t o x,,seelwische1980,,,,,1291,0,0,?
Nivacle-146_faradv-3,,Nivacle,146_faradv,ch'apa'; toj; ts'ee'; ts'í,ts'ee',tsˀ eː ʔ,,seelwische1980,,,,,1291,0,0,?
Nivacle-146_faradv-4,,Nivacle,146_faradv,ch'apa'; toj; ts'ee'; ts'í,ts'í,tsˀ i,,seelwische1980,,,,,1291,0,0,?
Nivacle-106_year-1,,Nivacle,106_year,nincôp,n+incô+p,n i ŋ k ɒ p,,seelwische1980,,,,,5689 1296 3141,0,0,?
Nivacle-162_drink-1,,Nivacle,162_drink,yô',yô',j ɒ ʔ,,seelwische1980,,,,,2586,0,0,?
Nivacle-248_flower-1,,Nivacle,248_flower,avô,avô,a ʋ ɒ,,seelwische1980,,,,,1300,0,0,?
Nivacle-41_fall-1,,Nivacle,41_fall,"afalh, at, nat, t'(y)aclôi",afalh,a f a ɬ,,seelwische1980,,,,,5690,0,0,?
Nivacle-41_fall-2,,Nivacle,41_fall,"afalh, at, nat, t'(y)aclôi",at,a t,,seelwische1980,,,,,4874,0,0,?
Nivacle-41_fall-3,,Nivacle,41_fall,"afalh, at, nat, t'(y)aclôi",n+at,n + a t,,seelwische1980,,,,,1304 4874,0,0,_:3sg fall
Nivacle-41_fall-4,,Nivacle,41_fall,"afalh, at, nat, t'(y)aclôi",aclôi,a kʟ̥ ɒ j,,seelwische1980,,,,,1305,0,0,?
Nivacle-264_know-1,,Nivacle,264_know,a'ya',a'ya',a ˀj a ʔ,,seelwische1980,,,,,3292,0,0,?
Nivacle-274_ashes-1,,Nivacle,274_ashes,shnomaj,shnomaj,ʃ n o m a x,,seelwische1980,,,,,5692,0,0,?
Nivacle-65_largebig-1,,Nivacle,65_largebig,"caju, uj",caju,k a x u,,seelwische1980,,,,,155,0,0,?
Nivacle-65_largebig-2,,Nivacle,65_largebig,"caju, uj",uj,u x,,seelwische1980,,,,,2101,0,0,?
Nivacle-276_eat-1,,Nivacle,276_eat,t(y)tsaccun; tuj; c'ôj,tsaccun,ts a k k u n,,seelwische1980,,,,,1330,0,0,?
Nivacle-276_eat-2,,Nivacle,276_eat,t(y)tsaccun; tuj (t. arder); c'ôj (acabar con todo),tuj,t u x,,seelwische1980,,,,,1330,0,0,?
Nivacle-276_eat-3,,Nivacle,276_eat,t(y)tsaccun; tuj (t. arder); c'ôj (acabar con todo),c'ôj,kˀ ɒ x,,seelwische1980,,,,,4325,0,0,?
Nivacle-191_grass-1,,Nivacle,191_grass,yiteej,yiteej,j i t eː x,,seelwische1980,,,,,5697,0,0,?
Nivacle-263_everyall-1,,Nivacle,263_everyall,lhacom'a,lhacom'a,ɬ a k o m ʔ a,,seelwische1980,,,,,5698,0,0,?
Nivacle-291_name-1,,Nivacle,291_name,ei,ei,ei,,seelwische1980,,,,,681,0,0,?
Nivacle-292_old-1,,Nivacle,292_old,c'utsaaj,c'utsaaj,kˀ u ts aː x,,seelwische1980,,,,,5699,0,0,?
Nivacle-282_father-1,,Nivacle,282_father,"claclai, tata",claclai,kʟ̥ a kʟ̥ ai,,seelwische1980,,,,,5702,0,0,?
Nivacle-282_father-2,,Nivacle,282_father,"claclai, tata",tata,t a t a,,seelwische1980,,,,,177,0,0,?
Nivacle-100_smalllittle-1,,Nivacle,100_smalllittle,"tiqu'in, tuc'a",tiqu'in,t i kˀ i n,,seelwische1980,,,,,1355,0,0,?
Nivacle-100_smalllittle-2,,Nivacle,100_smalllittle,"tiqu'in, tuc'a",tuc'a,t u kˀ a,,seelwische1980,,,,,1355,0,0,?
Nivacle-135_two-1,,Nivacle,135_two,napu',napu',n a p u ʔ,,seelwische1980,,,,,1405,0,0,?
Nivacle-15_long-1,,Nivacle,15_long,pitej,pitej,p i t e x,,seelwische1980,,,,,2622,0,0,?
Nivacle-275_intestinesguts-1,,Nivacle,275_intestinesguts,vaacl,vaacl,ʋ aː kʟ̥,,seelwische1980,,,,,4338,0,0,?
Nivacle-188_smellvbtrans-1,,Nivacle,188_smellvbtrans,nsits'a',nsits'a',n s i tsˀ a ʔ,,seelwische1980,,,,,5707,0,0,?
Nivacle-52_treecf08600-1,,Nivacle,52_treecf08600,aacjiyuc,aac+ji+yuc,aː k x i j u k,,seelwische1980,,,,,194 5399 5708,0,0,?
Nivacle-74_seed-1,,Nivacle,74_seed,"catôsej, côjiyanche, tôsej",ca+tôsej,k a + t ɒ s e x,,seelwische1980,,,,,5028 540,0,0,_:med eye
Nivacle-74_seed-2,,Nivacle,74_seed,"catôsej, côjiyanche, tôsej",côj+iyan+che,k ɒ x i j a n + tʃ e,,seelwische1980,,,,,1546 1388 197,0,0,plant _:nmlz
Nivacle-74_seed-3,,Nivacle,74_seed,"catôsej, côjiyanche, tôsej",tôsej,t ɒ s e x,,seelwische1980,,,,,540,0,0,?
Nivacle-47_sun-1,,Nivacle,47_sun,jumcuclaai,jumcuclaai,x u m k u kʟ̥ aː j,,seelwische1980,,,,,5712,0,0,?
Nivacle-283_give-1,,Nivacle,283_give,"jut, t(y)cufai, tis",jut,x u t,,seelwische1980,,,,,5715,0,0,?
Nivacle-283_give-2,,Nivacle,283_give,"jut, t(y)cufai, tis",cufai,k u f ai,,seelwische1980,,,,,4051,0,0,?
Nivacle-283_give-3,,Nivacle,283_give,"jut, t(y)cufai, tis",tis,t i s,,seelwische1980,,,,,1402,0,0,?
Nivacle-136_littlequantityfew-1,,Nivacle,136_littlequantityfew,napu',napu',n a p u ʔ,,seelwische1980,,,,,1405,0,0,?
Nivacle-147_muchmany-1,,Nivacle,147_muchmany,"tsasô, yiyaach, acloj",tsasô,ts a s ɒ,,seelwische1980,,,,,217,0,0,?
Nivacle-147_muchmany-2,,Nivacle,147_muchmany,"tsasô, yiyaach, acloj",yiyaach,j i j aː tʃ,,seelwische1980,,,,,5717,0,0,?
Nivacle-147_muchmany-3,,Nivacle,147_muchmany,"tsasô, yiyaach, acloj",acloj,a kʟ̥ o x,,seelwische1980,,,,,2653,0,0,?
Nivacle-266_cold-1,,Nivacle,266_cold,"tajun, c'ui, t(y)avjôtsôi",tajun,t a x u n,,seelwische1980,,,,,1413,0,0,?
Nivacle-266_cold-2,,Nivacle,266_cold,"tajun, c'ui, t(y)avjôtsôi",c'ui,kˀ + ui,,seelwische1980,,,,,3388,0,0,_:preff/k cold
Nivacle-266_cold-3,,Nivacle,266_cold,"tajun, c'ui, t(y)avjôtsôi",avjôtsôi,a ʋ x ɒ ts ɒ j,,seelwische1980,,,,,5718,0,0,?
Nivacle-39_sit-1,,Nivacle,39_sit,aôv,aôv,a ɒ ʋ,,seelwische1980,,,,,222,0,0,?
Nivacle-285_fruit-1,,Nivacle,285_fruit,"yavc'as, aa, caa",yavc'as,j a ʋ kˀ a s,,seelwische1980,,,,,5722,0,0,?
Nivacle-285_fruit-2,,Nivacle,285_fruit,"yavc'as, aa, caa",aa,aː,,seelwische1980,,,,,729,0,0,?
Nivacle-285_fruit-3,,Nivacle,285_fruit,"yavc'as, aa, caa",c+aa,k + aː,,seelwische1980,,,,,5723 729,0,0,_:med fruit
Nivacle-323_hold-1,,Nivacle,323_hold,"cuum, amat, tsjôp",cuum,k uː m,,seelwische1980,,,,,4367,0,0,?
Nivacle-323_hold-2,,Nivacle,323_hold,"cuum, amat, tsjôp",amat,a m a t,,seelwische1980,,,,,4367,0,0,?
Nivacle-323_hold-3,,Nivacle,323_hold,"cuum, amat, tsjôp",tsjôp,ts x ɒ p,,seelwische1980,,,,,5724,0,0,?
Nivacle-46_animal-1,,Nivacle,46_animal,aje; yacquisit,yacquisit,j a k k i s i t,,seelwische1980,,,,,5726,0,0,?
Nivacle-290_mosquito-1,,Nivacle,290_mosquito,c'ôtsilhôj; pôclôc,c'ôtsilhôj,kˀ ɒ ts i ɬ ɒ x,,seelwische1980,,,,,5727,0,0,?
Nivacle-290_mosquito-2,,Nivacle,290_mosquito,c'ôtsilhôj; pôclôc,pôclôc,p ɒ kʟ̥ ɒ k,,seelwische1980,,,,,3401,0,0,?
Nivacle-35_spider-1,,Nivacle,35_spider,sivôclôc; ôyactsini,sivôclôc,s i ʋ ɒ kʟ̥ ɒ k,,seelwische1980,,,,,234,0,0,?
Nivacle-35_spider-2,,Nivacle,35_spider,sivôclôc; ôyactsini,ôyactsini,ɒ j a k ts i n i,,seelwische1980,,,,,5728,0,0,?
Nivacle-95_claw-1,,Nivacle,95_claw,pônôque,pônôque,p ɒ n ɒ k e,,seelwische1980,,,,,5729,0,0,?
Nivacle-57_arm-1,,Nivacle,57_arm,tuuc,tuuc,t uː k,,seelwische1980,,,,,5730,0,0,?
Nivacle-102_horn-1,,Nivacle,102_horn,c'u',c'u',kˀ u ʔ,,seelwische1980,,,,,2670,0,0,?
Nivacle-58_beard-1,,Nivacle,58_beard,pôse,pôse,p ɒ s e,,seelwische1980,,,,,1440,0,0,?
Nivacle-254_chest-1,,Nivacle,254_chest,oot,oot,oː t,,seelwische1980,,,,,2504,0,0,?
Nivacle-61_chin-1,,Nivacle,61_chin,caat,caat,k aː t,,seelwische1980,,,,,2163,0,0,?
Nivacle-62_lip-1,,Nivacle,62_lip,pôset,pôset,p ɒ s + e t,,seelwische1980,,,,,2674 81,0,0,lip _:suff/et
Nivacle-64_finger-1,,Nivacle,64_finger,pasche,pasche,p a s tʃ e,,seelwische1980,,,,,244,0,0,?
Nivacle-281_elbow-1,,Nivacle,281_elbow,fcatoo,fcatoo,f k a t oː,,seelwische1980,,,,,245,0,0,?
Nivacle-94_fingernail-1,,Nivacle,94_fingernail,fjuj lhap'oot,fjuj lh+ap'oot,f x u x + ɬ + a pˀ oː t,,seelwische1980,,,,,5732 5671 2172,0,0,toe/finger _:poss cover
Nivacle-299_thunder-1,,Nivacle,299_thunder,cuucten,cuucten,k uː k t e n,,seelwische1980,,,,,1452,0,0,?
Nivacle-109_lightning-1,,Nivacle,109_lightning,fchinaj,fchinaj,f tʃ i n a x,,seelwische1980,,,,,5736,0,0,lightning
Nivacle-126_liedown-1,,Nivacle,126_liedown,napc'asis; t(y)ashai,napc'asis,n a p kˀ a s i s,,seelwische1980,,,,,5737,0,0,?
Nivacle-126_liedown-2,,Nivacle,126_liedown,napc'asis; t(y)ashai,ashai,a ʃ ai,,seelwische1980,,,,,258,0,0,?
Nivacle-72_house-1,,Nivacle,72_house,jpôyich,jpôyich,x p ɒ j i tʃ,,seelwische1980,,,,,4695,0,0,?
Nivacle-101_child-1,,Nivacle,101_child,necjôôc; taôclaj,necjôôc,n e k x ɒː k,,seelwische1980,,,,,1471,0,0,?
Nivacle-101_child-2,,Nivacle,101_child,necjôôc; taôclaj,taôclaj,t a ɒ kʟ̥ a x,,seelwische1980,,,,,1471,0,0,?
Nivacle-296_road-1,,Nivacle,296_road,"nôyish, caôvju",nôyish,n ɒ j i ʃ,,seelwische1980,,,,,4696,0,0,?
Nivacle-296_road-2,,Nivacle,296_road,"nôyish, caôvju",caôvju,k a ɒ ʋ x u,,seelwische1980,,,,,5740,0,0,?
Nivacle-150_ten-1,,Nivacle,150_ten,napu 'najesh,napu+'najesh,n a p u + ʔ n a x e ʃ,,seelwische1980,,,,,1578 5741,0,0,two gather
Nivacle-132_float-1,,Nivacle,132_float,fatatat,fatatat,f a t a t a t,,seelwische1980,,,,,5742,0,0,?
Nivacle-110_fightvb-1,,Nivacle,110_fightvb,shan,shan,ʃ a n,,seelwische1980,,,,,2709,0,0,?
Nivacle-293_owl-1,,Nivacle,293_owl,"tocoj, uculucu; c'o'mi",tocoj,t o k o x,,seelwische1980,,,,,277,0,0,?
Nivacle-293_owl-2,,Nivacle,293_owl,"tocoj, uculucu; c'o'mi",uculucu,u k u l u k u,,seelwische1980,,,,,277,0,0,?
Nivacle-293_owl-3,,Nivacle,293_owl,"tocoj, uculucu; c'o'mi",c'o'mi,kˀ o ʔ m i,,seelwische1980,,,,,2711,0,0,?
Nivacle-273_cat-1,,Nivacle,273_cat,shclôcjai; tanuc; yijôtaj,shclôcjai,ʃ kʟ̥ ɒ k x ai,,seelwische1980,,,,,2192,0,0,?
Nivacle-273_cat-2,,Nivacle,273_cat,shclôcjai; tanuc; yijôtaj,tanuc,t a n u k,,seelwische1980,,,,,282,0,0,?
Nivacle-273_cat-3,,Nivacle,273_cat,shclôcjai; tanuc; yijôtaj,yijô+taj,j i x ɒ + t a x,,seelwische1980,,,,,776 1807,0,0,? _:aum
Nivacle-55_bee-1,,Nivacle,55_bee,"shinvo', vastsej lhavo'; votso lhavo'; poc'atsi lhavoque; pumjactsej lhavo'; shnacuvaj lhavoque",shinvo',ʃ i n ʋ o ʔ,,seelwische1980,,,,,2717,0,0,?
Nivacle-55_bee-2,,Nivacle,55_bee,"shinvo', vastsej lhavo'; votso lhavo'; poc'atsi lhavoque; pumjactsej lhavo'; shnacuvaj lhavoque",vastsej lha+vo',ʋ a s ts e x + ɬ a + ʋ o ʔ,,seelwische1980,,,,,4700 5671 2717,0,0,beehive _:poss inhabitant
Nivacle-55_bee-3,,Nivacle,55_bee,"shinvo', vastsej lhavo'; votso lhavo'; poc'atsi lhavoque; pumjactsej lhavo'; shnacuvaj lhavoque",votso lha+vo',ʋ o ts o + ɬ a + ʋ o ʔ,,seelwische1980,,,,,4700 5671 2717,0,0,swarm _:poss inhabitant
Nivacle-55_bee-4,,Nivacle,55_bee,"shinvo', vastsej lhavo'; votso lhavo'; poc'atsi lhavoque; pumjactsej lhavo'; shnacuvaj lhavoque",poc'atsi lha+vo+que,p o kˀ a ts i + ɬ a + ʋ o + k e,,seelwische1980,,,,,4700 5671 2717 1492,0,0,swarm _:poss inhabitant _:fem
Nivacle-55_bee-5,,Nivacle,55_bee,"shinvo', vastsej lhavo'; votso lhavo'; poc'atsi lhavoque; pumjactsej lhavo'; shnacuvaj lhavoque",pumjactsej lha+vo',p u m x a k ts e x + ɬ a + ʋ o ʔ,,seelwische1980,,,,,4700 5671 2717,0,0,swarm _:poss inhabitant
Nivacle-55_bee-6,,Nivacle,55_bee,"shinvo', vastsej lhavo'; votso lhavo'; poc'atsi lhavoque; pumjactsej lhavo'; shnacuvaj lhavoque",shnacuvaj lha+vo+que,ʃ n a k u ʋ a x + ɬ a + ʋ o + k e,,seelwische1980,,,,,5745 5671 2717 1492,0,0,swarm _:poss inhabitant _:fem
Nivacle-289_parrot-1,,Nivacle,289_parrot,ecle; sat'as; sat'assitaj; tej,ecle,e kʟ̥ e,,seelwische1980,,,,,5746,0,0,?
Nivacle-289_parrot-2,,Nivacle,289_parrot,ecle; sat'as; sat'assitaj; tej,sat'as,s a tˀ a s,,seelwische1980,,,,,3454,0,0,?
Nivacle-289_parrot-3,,Nivacle,289_parrot,ecle; sat'as; sat'assitaj; tej,sat'as+si+taj,s a tˀ a s + s i + t a x,,seelwische1980,,,,,3454 1495 1807,0,0,parrot _:epent _:aum
Nivacle-289_parrot-4,,Nivacle,289_parrot,ecle; sat'as; sat'assitaj; tej,tej,t e x,,seelwische1980,,,,,5427,0,0,?
Nivacle-128_flea-1,,Nivacle,128_flea,lhaa,lhaa,ɬ aː,,seelwische1980,,,,,289,0,0,?
Nivacle-166_deer-1,,Nivacle,166_deer,ôjtinaaj; tujinaj,ôjtinaaj,ɒ x t i n aː x,,seelwische1980,,,,,4702,0,0,?
Nivacle-166_deer-2,,Nivacle,166_deer,ôjtinaaj; tujinaj,tujinaj,t u x i n a x,,seelwische1980,,,,,4702,0,0,?
Nivacle-118_ant-1,,Nivacle,118_ant,tucus; tsanuuc lha'; lhafcataa,tucus,t u k u s,,seelwische1980,,,,,785,0,0,?
Nivacle-118_ant-2,,Nivacle,118_ant,tucus; tsanuuc lha'; lhafcataa,tsanuuc lha',ts a n uː k + ɬ a ʔ,,seelwische1980,,,,,2722 3475,0,0,Ruprechtia.triflora inhabitant
Nivacle-118_ant-3,,Nivacle,118_ant,tucus; tsanuuc lha'; lhafcataa,lhafcataa,ɬ a f k a t aː,,seelwische1980,,,,,4133,0,0,?
Nivacle-99_palmofhand-1,,Nivacle,99_palmofhand,pô'côt,pô'côt,p ɒ ʔ k ɒ t,,seelwische1980,,,,,12,0,0,?
Nivacle-89_fur-1,,Nivacle,89_fur,c'ôôvjeche; ôjeche; tnôjiche,c'ôôvjeche,kˀ + ɒː ʋ x e tʃ e,,seelwische1980,,,,,5749,0,0,_:poss.al fur
Nivacle-89_fur-2,,Nivacle,89_fur,c'ôôvjeche; ôjeche; tnôjiche,ôjeche,ɒ x e tʃ e,,seelwische1980,,,,,5679 1507 1508,0,0,skin
Nivacle-89_fur-3,,Nivacle,89_fur,c'ôôvjeche; ôjeche; tnôjiche,tnôjiche,t n ɒ x i tʃ e,,seelwische1980,,,,,5750,0,0,?
Nivacle-42_hairhead-1,,Nivacle,42_hairhead,cutse; tsôpjalhit,cutse,k u ts e,,seelwische1980,,,,,1511,0,0,?
Nivacle-42_hairhead-2,,Nivacle,42_hairhead,cutse; tsôpjalhit,tsôpjalhit,ts ɒ p x a ɬ i t,,seelwische1980,,,,,5751,0,0,?
Nivacle-249_penis-1,,Nivacle,249_penis,so',so',s + o ʔ,,seelwische1980,,,,,2735,0,0,_:pref/s penis
Nivacle-88_skull-1,,Nivacle,88_skull,ôtôj; shatech,ôtôj,ɒ t ɒ x,,seelwische1980,,,,,5753,0,0,?
Nivacle-88_skull-2,,Nivacle,88_skull,ôtôj; shatech,shatech,ʃ a t e tʃ,,seelwische1980,,,,,7,0,0,?
Nivacle-288_lung-1,,Nivacle,288_lung,cafof,cafof,k a f o f,,seelwische1980,,,,,4907,0,0,?
Nivacle-200_testicle-1,,Nivacle,200_testicle,cônshi,cônshi,k ɒ n ʃ i,,seelwische1980,,,,,2756,0,0,?
Nivacle-262_under-1,,Nivacle,262_under,-acfi,-acfi,a k f i,,seelwische1980,,,,,5759,0,0,?
Nivacle-124_bed-1,,Nivacle,124_bed,môjôvat,mô+jôvat,m ɒ + x ɒ ʋ a t,,seelwische1980,,,,,1543 5760 2231,0,0,sleep _:nmlz
Nivacle-143_plantvb-1,,Nivacle,143_plantvb,côjiyan; vancatsemaj,côjiyan,k ɒ x i j a n,,seelwische1980,,,,,1546 3494,0,0,?
Nivacle-143_plantvb-2,,Nivacle,143_plantvb,côjiyan; vancatsemaj,vanca+tsemaj,ʋ a ŋ k a + ts e m a x,,seelwische1980,,,,,1546 5761,0,0,_:antipas stand
Nivacle-73_village-1,,Nivacle,73_village,yitsaat,yitsaat,j i ts aː t,,seelwische1980,,,,,827,0,0,?
Nivacle-268_upabove-1,,Nivacle,268_upabove,chisham,chisham,tʃ i ʃ a m,,seelwische1980,,,,,2236,0,0,?
Nivacle-60_doorgate-1,,Nivacle,60_doorgate,ashi,ashi,a ʃ i,,seelwische1980,,,,,324,0,0,?
Nivacle-76_cover-1,,Nivacle,76_cover,capiyan,cap+iyan,k a p + i j a n,,seelwische1980,,,,,2782 5450,0,0,close _:vblz
Nivacle-278_buy-1,,Nivacle,278_buy,t(y)cashai,cashai,k a ʃ ai,,seelwische1980,,,,,2786,0,0,?
Nivacle-123_burnvbintrans-1,,Nivacle,123_burnvbintrans,tuj; macjaclôi;  ôc,tuj,t u x,,seelwische1980,,,,,4439,0,0,?
Nivacle-123_burnvbintrans-2,,Nivacle,123_burnvbintrans,tuj; macjaclôi;  ôc,macjaclôi,m a k x a kʟ̥ ɒi,,seelwische1980,,,,,325 4721 329,0,0,?
Nivacle-123_burnvbintrans-3,,Nivacle,123_burnvbintrans,tuj; macjaclôi;  ôc,ôc,ɒ k,,seelwische1980,,,,,325,0,0,?
Nivacle-158_nine-1,,Nivacle,158_nine,yichatjulh yama,yichatjulh yama,j i tʃ a t x u ɬ + j a m a,,seelwische1980,,,,,4723 1668,0,0,four goes.there
Nivacle-103_club-1,,Nivacle,103_club,"tajôvoishich, yeclô",tajôvoishich,t a x ɒ ʋ oi ʃ i tʃ,,seelwische1980,,,,,3908,0,0,?
Nivacle-103_club-2,,Nivacle,103_club,"tajôvoishich, yeclô",yeclô,j e kʟ̥ ɒ,,seelwische1980,,,,,840,0,0,?
Nivacle-271_sweetpotato-1,,Nivacle,271_sweetpotato,pejaya,pejaya,p e x a j a,,seelwische1980,,,,,3520,0,0,?
Nivacle-156_seven-1,,Nivacle,156_seven,napu yama,napu yama,n a p u + j a m a,,seelwische1980,,,,,1578 1668,0,0,two go.there
Nivacle-86_path-1,,Nivacle,86_path,"lhuiyish, nôyish",lhuiyish,ɬ u j i ʃ,,seelwische1980,,,,,2813,0,0,?
Nivacle-86_path-2,,Nivacle,86_path,"lhuiyish, nôyish",nôyish,n ɒ j i ʃ,,seelwische1980,,,,,2813,0,0,path
Nivacle-169_knife-1,,Nivacle,169_knife,clesa,clesa,kʟ̥ e s a,,seelwische1980,,,,,508,0,0,?
Nivacle-170_needle-1,,Nivacle,170_needle,vancashtilhjat; cashanach; c'utjaan; clesa,vanc+ashtilh+jat,ʋ a ŋ k + a ʃ t i ɬ + x a t,,seelwische1980,,,,,5773 5676 854,0,0,_:antipas sew _:nmlz
Nivacle-170_needle-2,,Nivacle,170_needle,vancashtilhjat; cashanach; c'utjaan; clesa,cashanach,k a ʃ a n a tʃ,,seelwische1980,,,,,1596,0,0,?
Nivacle-170_needle-3,,Nivacle,170_needle,vancashtilhjat; cashanach; c'utjaan; clesa,c'utjaan,kˀ u t x aː n,,seelwische1980,,,,,2820,0,0,?
Nivacle-170_needle-4,,Nivacle,170_needle,vancashtilhjat; cashanach; c'utjaan; clesa,clesa,kʟ̥ e s a,,seelwische1980,,,,,508,0,0,?
Nivacle-104_soulspirit-1,,Nivacle,104_soulspirit,jpecl; sô'c'ôclit; shaic'u; tsich'e',jpecl,x p e kʟ̥,,seelwische1980,,,,,5774,0,0,?
Nivacle-104_soulspirit-2,,Nivacle,104_soulspirit,jpecl; sô'c'ôclit; shaic'u; tsich'e',sô'c'ôclit,s ɒ ʔ kˀ ɒ kʟ̥ i t,,seelwische1980,,,,,5775,0,0,?
Nivacle-104_soulspirit-3,,Nivacle,104_soulspirit,jpecl; sô'c'ôclit; shaic'u; tsich'e',shaic'u,ʃ ai kˀ u,,seelwische1980,,,,,5642,0,0,?
Nivacle-104_soulspirit-4,,Nivacle,104_soulspirit,jpecl; sô'c'ôclit; shaic'u; tsich'e',tsich'e',ts i tʃˀ e ʔ,,seelwische1980,,,,,5776,0,0,?
Nivacle-277_cryweep-1,,Nivacle,277_cryweep,"ap, t'ôiyin",ap,a p,,seelwische1980,,,,,2826,0,0,?
Nivacle-277_cryweep-2,,Nivacle,277_cryweep,"ap, t'ôiyin",t'ôiyin,tˀ ɒ j i n,,seelwische1980,,,,,860,0,0,?
Nivacle-155_six-1,,Nivacle,155_six,ve'lha yama,ve'lha+yama,ʋ e ʔ ɬ a + j a m a,,seelwische1980,,,,,1619 1668,0,0,one goes.there
Nivacle-287_maizecorn-1,,Nivacle,287_maizecorn,nclôôtsich,nclôôtsich,ŋ kʟ̥ ɒː ts i tʃ,,seelwische1980,,,,,5780,0,0,?
Nivacle-206_oldman-1,,Nivacle,206_oldman,c'utsaaj,c'utsaaj,kˀ u ts aː x,,seelwische1980,,,,,2832 5782,0,0,old ?
Nivacle-300_tobacco-1,,Nivacle,300_tobacco,"finôc, lhônach",fin+ôc,f i n + ɒ k,,seelwische1980,,,,,5643 4737,0,0,suck _:nmlz
Nivacle-300_tobacco-2,,Nivacle,300_tobacco,"finôc, lhônach",lhôn+ach,ɬ ɒ n + a tʃ,,seelwische1980,,,,,4736 5783,0,0,set.fire _:nmlz
Nivacle-295_ripe-1,,Nivacle,295_ripe,pac'ôôf; iiy,pac'ôôf,p a kˀ ɒː f,,seelwische1980,,,,,4920,0,0,?
Nivacle-295_ripe-2,,Nivacle,295_ripe,pac'ôôf; iiy,iiy,iː j,,seelwische1980,,,,,5785,0,0,?
Nivacle-270_tapiocamanioccassava-1,,Nivacle,270_tapiocamanioccassava,climch'eyuc; lhavinjayuc; novoc; nucsich,clim+ch'e+yuc,kʟ̥ i m + tʃˀ e + j u k,,seelwische1980,,,,,5686 5788 5708,0,0,white _:ext _:tree
Nivacle-270_tapiocamanioccassava-2,,Nivacle,270_tapiocamanioccassava,climch'eyuc; lhavinjayuc; novoc; nucsich,lhavinjayuc,ɬ a ʋ i n x a j u k,,seelwische1980,,,,,5789 5708,0,0,?
Nivacle-270_tapiocamanioccassava-3,,Nivacle,270_tapiocamanioccassava,climch'eyuc; lhavinjayuc; novoc; nucsich,novoc,n o ʋ o k,,seelwische1980,,,,,2843,0,0,?
Nivacle-270_tapiocamanioccassava-4,,Nivacle,270_tapiocamanioccassava,climch'eyuc; lhavinjayuc; novoc; nucsich,nucsich,n u k s i tʃ,,seelwische1980,,,,,5790,0,0,?
Nivacle-157_eight-1,,Nivacle,157_eight,pu'ja'na yama,pu'ja'na yama,p u ʔ x a ʔ n a + j a m a,,seelwische1980,,,,,5685 1668,0,0,three go.there
Nivacle-159_cook-1,,Nivacle,159_cook,"ajot, cjon; t(y)atai",ajot,a x o t,,seelwische1980,,,,,5797,0,0,?
Nivacle-159_cook-2,,Nivacle,159_cook,"ajot, cjon; t(y)atai",cjon,k x o n,,seelwische1980,,,,,5798,0,0,?
Nivacle-159_cook-3,,Nivacle,159_cook,"ajot, cjon; t(y)atai",atai,a t a i,,seelwische1980,,,,,1696 1697,0,0,?
Nivacle-207_oldwoman-1,,Nivacle,207_oldwoman,coitej; c'utsja'; jeecjanjat; sôqu'iqu'i,c'uts+ja',kˀ u ts x + a ʔ,,seelwische1980,,,,,2832 2871,0,0,old.man _:fem
Nivacle-142_sap-1,,Nivacle,142_sap,t'ii,t'ii,tˀ iː,,seelwische1980,,,,,2873,0,0,?
Nivacle-36_spiderweb-1,,Nivacle,36_spiderweb,sivôclôc lhniyôc,sivôclôc lh+niyôc,s i ʋ ɒ kʟ̥ ɒ k + ɬ + n i j ɒ k,,seelwische1980,,,,,234 5671 5800,0,0,spider _:poss thread
Nivacle-252_cow-1,,Nivacle,252_cow,vôcô,vôcô,ʋ ɒ k ɒ,,seelwische1980,,,,,297,0,0,cow
Nivacle-173_lizard-1,,Nivacle,173_lizard,ôcleshchenjataj; shinvuun; shnilh'ô; shno't'aiche; c'ôfjanitaa; fashi,ôcleshchenja+taj,ɒ kʟ̥ e ʃ tʃ e n x a + t a x,,seelwische1980,,,,,5804 1807,0,0,teju.guasu _:aum
Nivacle-173_lizard-2,,Nivacle,173_lizard,ôcleshchenjataj; shinvuun; shnilh'ô; shno't'aiche; c'ôfjanitaa; fashi,shinvuun,ʃ i n ʋ uː n,,seelwische1980,,,,,5805,0,0,?
Nivacle-173_lizard-3,,Nivacle,173_lizard,ôcleshchenjataj; shinvuun; shnilh'ô; shno't'aiche; c'ôfjanitaa; fashi,shnilh'ô,ʃ n i ɬ ʔ ɒ,,seelwische1980,,,,,2882,0,0,?
Nivacle-173_lizard-4,,Nivacle,173_lizard,ôcleshchenjataj; shinvuun; shnilh'ô; shno't'aiche; c'ôfjanitaa; fashi,shno't'aiche,ʃ n o ʔ tˀ ai tʃ e,,seelwische1980,,,,,5806,0,0,?
Nivacle-173_lizard-5,,Nivacle,173_lizard,ôcleshchenjataj; shinvuun; shnilh'ô; shno't'aiche; c'ôfjanitaa; fashi,c'ôfjanitaa,kˀ ɒ f x a n i t aː,,seelwische1980,,,,,5807,0,0,?
Nivacle-173_lizard-6,,Nivacle,173_lizard,ôcleshchenjataj; shinvuun; shnilh'ô; shno't'aiche; c'ôfjanitaa; fashi,fashi,f a ʃ i,,seelwische1980,,,,,2273,0,0,?
Nivacle-267_nest-1,,Nivacle,267_nest,uup,uup,uː p,,seelwische1980,,,,,2276,0,0,?
Nivacle-116_goat-1,,Nivacle,116_goat,tashinshtaiche,tashinsh+taiche,t a ʃ i n ʃ + t ai tʃ e,,seelwische1980,,,,,5809 2886,0,0,sheep _:false
Nivacle-117_hegoat-1,,Nivacle,117_hegoat,tashinshtaiche,tashinsh+taiche,t a ʃ i n ʃ t a + i tʃ e,,seelwische1980,,,,,5813 2886,0,0,sheep _:aug
Nivacle-302_pig-1,,Nivacle,302_pig,vojotaj,vojo+taj,ʋ o x o + t a x,,seelwische1980,,,,,5814 1807,0,0,boar _:aug
Nivacle-174_dove-1,,Nivacle,174_dove,"ofo, ofotaj, oftaa, ucl'ô",ofo,o f o,,seelwische1980,,,,,2901,0,0,?
Nivacle-174_dove-2,,Nivacle,174_dove,"ofo, ofotaj, oftaa, ucl'ô",ofo+taj,o f o + t a x,,seelwische1980,,,,,2901 1807,0,0,dove _:aum
Nivacle-174_dove-3,,Nivacle,174_dove,"ofo, ofotaj, oftaa, ucl'ô",ucl'ô,u kʟ̥ ʔ ɒ,,seelwische1980,,,,,405,0,0,?
Nivacle-260_crocodilealligator-1,,Nivacle,260_crocodilealligator,alhujat,alhu+jat,a ɬ u + x a t,,seelwische1980,,,,,1746 924,0,0,lizard _:inst
Nivacle-186_shell-1,,Nivacle,186_shell,lhelh,lhelh,ɬ e ɬ,,seelwische1980,,,,,5822,0,0,?
Nivacle-245_snail-1,,Nivacle,245_snail,"lhelh, vintôj",lhelh,ɬ e ɬ,,seelwische1980,,,,,3623,0,0,?
Nivacle-245_snail-2,,Nivacle,245_snail,"lhelh, vintôj",vintôj,ʋ i n t ɒ x,,seelwische1980,,,,,5829,0,0,?
Nivacle-160_fox-1,,Nivacle,160_fox,yo'nis,yo'nis,j o ʔ n i s,,seelwische1980,,,,,2923,0,0,?
Nivacle-286_grasshopper-1,,Nivacle,286_grasshopper,côtsilhcôtsilh,côtsilh+côtsilh,k ɒ ts i ɬ k ɒ ts i ɬ,,seelwische1980,,,,,1782 5832,0,0,?
Nivacle-113_horseequine-1,,Nivacle,113_horseequine,cuvôyu,cuvôyu,k u ʋ ɒ j u,,seelwische1980,,,,,5819,0,0,?
Nivacle-208_mule-1,,Nivacle,208_mule,maclico,maclico,m a kʟ̥ i k o,,seelwische1980,,,,,953,0,0,?
Nivacle-91_fishscale-1,,Nivacle,91_fishscale,lhnôtsôclôi; t'ôjeche,t'+ôjeche,tˀ + ɒ x + e tʃ e,,seelwische1980,,,,,5839 4779,0,0,_:body skin _:suff/eche
Nivacle-265_goose-1,,Nivacle,265_goose,anotaj,ano+taj,a n o + t a x,,seelwische1980,,,,,2939 1807,0,0,duck _:aum
Nivacle-2_beehive-1,,Nivacle,2_beehive,"vastsej, p'ooc",vastsej,ʋ a s ts e x,,seelwische1980,,,,,4700,0,0,beehive
Nivacle-2_beehive-2,,Nivacle,2_beehive,"vastsej, p'ooc",p'ooc,pˀ oː k,,seelwische1980,,,,,5842,0,0,?
Nivacle-115_sheep-1,,Nivacle,115_sheep,tashinshtaj,tashinsh+taj,t a ʃ i n ʃ + t a x,,seelwische1980,,,,,5843 1807,0,0,deer _:aug
Nivacle-96_findorsal-1,,Nivacle,96_findorsal,lhaf,lh+af,ɬ + a f,,seelwische1980,,,,,5671 5648,0,0,_:poss wing
Nivacle-256_bull-1,,Nivacle,256_bull,vôcô,vôcô,ʋ ɒ k ɒ,,seelwische1980,,,,,297,0,0,?
Nivacle-255_ox-1,,Nivacle,255_ox,vôcô namqu'elhcônshiyis,vôcô namqu'elhcônshiyis,ʋ ɒ k ɒ + n a m kˀ e ɬ k ɒ n ʃ i j i s,,seelwische1980,,,,,297 5844,0,0,cow ?
Nivacle-253_bear-1,,Nivacle,253_bear,s'uclaj,s'uclaj,s ʔ u kʟ̥ a x,,seelwische1980,,,,,2956 2957,0,0,?
Nivacle-242_assdonkey-1,,Nivacle,242_assdonkey,cuvôyutaj,cuvôyu+taj,k u ʋ ɒ j u + t a x,,seelwische1980,,,,,5819 1807,0,0,horse _:aum
Nivacle-161_wolf-1,,Nivacle,161_wolf,vavo,vavo,ʋ a ʋ o,,seelwische1980,,,,,4786,0,0,?
Nivacle-284_hawk-1,,Nivacle,284_hawk,"jutsjataj, toishivo",jutsja+taj,x u ts x a + t a x,,seelwische1980,,,,,971 1807,0,0,'carancho' _:aum
Nivacle-284_hawk-2,,Nivacle,284_hawk,"jutsjataj, toishivo",toishivo,t oi ʃ i ʋ o,,seelwische1980,,,,,458 5845,0,0,?
Nivacle-257_wasp-1,,Nivacle,257_wasp,ôniti lhavo'; tsimaja; ts'aclô'ni lhavoque; voiti lhavo'; vots'omi; yiyôôj lhact'e,ôniti lha+vo',ɒ n i t i + ɬ a + ʋ o ʔ,,seelwische1980,,,,,459 5671 2717,0,0,beehive _:poss inhabitant
Nivacle-257_wasp-2,,Nivacle,257_wasp,ôniti lhavo'; tsimaja; ts'aclô'ni lhavoque; voiti lhavo'; vots'omi; yiyôôj lhact'e,tsimaja,ts i m a x a,,seelwische1980,,,,,2963,0,0,?
Nivacle-257_wasp-3,,Nivacle,257_wasp,ôniti lhavo'; tsimaja; ts'aclô'ni lhavoque; voiti lhavo'; vots'omi; yiyôôj lhact'e,ts'aclô'ni lha+vo+que,tsˀ a kʟ̥ ɒ ʔ n i + ɬ a + ʋ o + k e,,seelwische1980,,,,,2963 5671 2717 1492,0,0,beehive _:poss inhabitant _:fem
Nivacle-257_wasp-4,,Nivacle,257_wasp,ôniti lhavo'; tsimaja; ts'aclô'ni lhavoque; voiti lhavo'; vots'omi; yiyôôj lhact'e,voiti lha+vo',ʋ oi t i + ɬ a + ʋ o ʔ,,seelwische1980,,,,,973 5671 2717,0,0,beehive _:poss inhabitant
Nivacle-257_wasp-5,,Nivacle,257_wasp,ôniti lhavo'; tsimaja; ts'aclô'ni lhavoque; voiti lhavo'; vots'omi; yiyôôj lhact'e,vots'omi,ʋ o tsˀ o m i,,seelwische1980,,,,,460,0,0,?
Nivacle-257_wasp-6,,Nivacle,257_wasp,ôniti lhavo'; tsimaja; ts'aclô'ni lhavoque; voiti lhavo'; vots'omi; yiyôôj lhact'e,yiyôôj lha+ct'e,j i j ɒː x + ɬ a + k tˀ e,,seelwische1980,,,,,5846 5671 460,0,0,jaguar _:poss ?
Nivacle-70_eyelid-1,,Nivacle,70_eyelid,tôsej lhap'ô't,tôsej lha+p'ô't,t ɒ s e x + ɬ a + pˀ ɒ ʔ t,,seelwische1980,,,,,540 5671 2337,0,0,eye _:poss cover
Nivacle-40_borntobe-1,,Nivacle,40_borntobe,vat'aj,vat'aj,ʋ a tˀ a x,,seelwische1980,,,,,3981,0,0,?
Nivacle-259_eyelash-1,,Nivacle,259_eyelash,tôtsi,tôtsi,t ɒ ts i,,seelwische1980,,,,,1832,0,0,?
Nivacle-121_footprint-1,,Nivacle,121_footprint,aishivo,aishivo,ai ʃ i ʋ o,,seelwische1980,,,,,5862,0,0,?
Nivacle-258_poison-1,,Nivacle,258_poison,ftus,ftus,f t u s,,seelwische1980,,,,,5863,0,0,?
Nivacle-301_urinate-1,,Nivacle,301_urinate,ulh,ulh,u ɬ,,seelwische1980,,,,,3030,0,0,?
Nivacle-77_nippleteat-1,,Nivacle,77_nippleteat,ajte; capôset,ajte,a x t e,,seelwische1980,,,,,49,0,0,breast
Nivacle-77_nippleteat-2,,Nivacle,77_nippleteat,ajte; capôset,capôset,k a + p ɒ s + e t,,seelwische1980,,,,,3995,0,0,_:med upper.lip _:suff/et
Nivacle-81_spine-1,,Nivacle,81_spine,ôyi'sh lhaunus,ôyi'sh lhau+nus,ɒ j i ʔ ʃ + ɬ a u + n u s,,seelwische1980,,,,,5870 2378 1040,0,0,back _:poss bone
Nivacle-294_pus-1,,Nivacle,294_pus,eccô',eccô',e k k ɒ ʔ,,seelwische1980,,,,,5877,0,0,?
Nivacle-68_womb-1,,Nivacle,68_womb,felhcheyish; cachi'; ca'vot,felhche+yish,f e ɬ tʃ e j i ʃ,,seelwische1980,,,,,3075 5880,0,0,?
Nivacle-68_womb-2,,Nivacle,68_womb,felhcheyish; cachi'; ca'vot,cachi',k a tʃ i ʔ,,seelwische1980,,,,,2541,0,0,?
Nivacle-68_womb-3,,Nivacle,68_womb,felhcheyish; cachi'; ca'vot,ca'vot,k a ʔ ʋ o t,,seelwische1980,,,,,4813,0,0,?
Nivacle-84_veinartery-1,,Nivacle,84_veinartery,sôôt,sôôt,s ɒː t,,seelwische1980,,,,,498,0,0,?
Nivacle-144_mute-1,,Nivacle,144_mute,clishaclayech,clish+aclay+ech,kʟ̥ i ʃ + a kʟ̥ ai + e tʃ,,seelwische1980,,,,,2401 5883 2404,0,0,words _:less _:nmlz
Nivacle-63_thumb-1,,Nivacle,63_thumb,pasche uj,pasche uj,p a s tʃ e + u x,,seelwische1980,,,,,244 2101,0,0,finger big
Nivacle-80_beak-1,,Nivacle,80_beak,pôset,pôset,p ɒ s + e t,,seelwische1980,,,,,3084 81,0,0,?
Nivacle-134_itch-1,,Nivacle,134_itch,ôftsej,ôftsej,ɒ f ts e x,,seelwische1980,,,,,5888,0,0,?
Nivacle-269_wakeup-1,,Nivacle,269_wakeup,njat'oo; njat'otsjan,njat'oo,n x a tˀ oː,,seelwische1980,,,,,5889,0,0,?
Nivacle-71_window-1,,Nivacle,71_window,ovalhja'vat,ovalh+ja'vat,o ʋ a ɬ + x a ʔ ʋ a t,,seelwische1980,,,,,178 3095 4147,0,0,observe _:nmlz.loc
Nivacle-127_cousin-1,,Nivacle,127_cousin,checla'; ch'inish,checla',tʃ e kʟ̥ a ʔ,,seelwische1980,,,,,4951,0,0,?
Nivacle-127_cousin-2,,Nivacle,127_cousin,checla'; ch'inish,ch'inish,tʃˀ i n i ʃ,,seelwische1980,,,,,3103,0,0,?
Nivacle-87_place-1,,Nivacle,87_place,c'o'vat,c'o'+vat,kˀ o ʔ + ʋ a t,,seelwische1980,,,,,5610 4147,0,0,buttocks _:place
Nivacle-137_potter-1,,Nivacle,137_potter,co'tsjatis lhavos,co'tsjatis lha+vo+s,k o ʔ ts x a t + i s + ɬ a + ʋ o + s,,seelwische1980,,,,,5896 5671 2717 5897,0,0,earth _:pl _:poss maker _:pl
Nivacle-105_shadeshadow-1,,Nivacle,105_shadeshadow,jpecl,jpecl,x p e kʟ̥,,seelwische1980,,,,,5774,0,0,?
Nivacle-69_parents-1,,Nivacle,69_parents,"ftevot, nôvot",ftevot,f t e ʋ o t,,seelwische1980,,,,,1111 3114,0,0,?
Nivacle-69_parents-2,,Nivacle,69_parents,"ftevot, nôvot",nôvot,n ɒ ʋ o t,,seelwische1980,,,,,5238 3114,0,0,?
Nivacle-165_write-1,,Nivacle,165_write,iis;,iis,iː s,,seelwische1980,,,,,1982,0,0,?
Nivacle-122_altar-1,,Nivacle,122_altar,cufaijavat,cufai+javat,k u f ai + x a ʋ a t,,seelwische1980,,,,,4051 5633,0,0,offer _:nmlz.loc
Nivacle-107_summer-1,,Nivacle,107_summer,ônjayep; yincôôp,ônjaye+p,ɒ n x a j e + p,,seelwische1980,,,,,136 3141,0,0,bean _:season
Nivacle-107_summer-2,,Nivacle,107_summer,ônjayep; yincôôp,y+incôô+p,j i ŋ k ɒː + p,,seelwische1980,,,,,5905 3141,0,0,algarrobo _:season
Pilaga-85_blood-1,,Pilaga,85_blood,siyaeltawo',siyae+l+tawo',s i j ai + l + t a w o ʔ,,buckwalter2015;vidal2010;filipov1993,,,,,1124 289 2003,0,0,animal _:poss blood
Pilaga-85_blood-2,,Pilaga,85_blood,netawo',ne+tawo',n e + t a w o ʔ,,buckwalter2015;vidal2010;filipov1993,,,,,2002 2003,0,0,_:poss blood
Pilaga-59_mouth-1,,Pilaga,59_mouth,degaʕat,degaʕat,d e g a ʕ a t,,buckwalter2015;vidal2010;filipov1993,,,,,5,0,0,?
Pilaga-79_head-1,,Pilaga,79_head,naqaik,na+qaik,n a + q ai k,,buckwalter2015;vidal2010;filipov1993,,,,,1125 1023,0,0,_:poss head
Pilaga-56_hand-1,,Pilaga,56_hand,nowaq,no+waq,n o + w a q,,buckwalter2015;vidal2010;filipov1993,,,,,11 250,0,0,_:poss hand
Pilaga-53_ear-1,,Pilaga,53_ear,neketela,ne+ketela,n e + k e + t e l a,,buckwalter2015;vidal2010;filipov1993,,,,,547 16,0,0,_:poss _:/ke ear
Pilaga-50_red-1,,Pilaga,50_red,toʕomaʕadaik,toʕomaʕa+dai+k,t o ʕ o m a ʕ a + d ai,,buckwalter2015;vidal2010;filipov1993,,,,,5908 660 3157,0,0,red _:adj
Pilaga-163_see-1,,Pilaga,163_see,na'waachiiñi,n+a'waa+chi+iñi,n + a ˀw aː + tʃ i + i ɲ i,,buckwalter2015;vidal2010;filipov1993,,,,,5912 1145 68 1146,0,0,_:3sg see _:asp _:dir
Pilaga-37_husband-1,,Pilaga,37_husband,newa,ne+wa,n e + w a,,buckwalter2015;vidal2010;filipov1993,,,,,3148 26,0,0,_:poss spouse
Pilaga-38_wife-1,,Pilaga,38_wife,nowa,no+wa,n o + w a,,buckwalter2015;vidal2010;filipov1993,,,,,5913 29,0,0,_:poss wife
Pilaga-138_hear-1,,Pilaga,138_hear,demachi,de+machi,d e + m a tʃ i,,buckwalter2015;vidal2010;filipov1993,,,,,32 557,0,0,_:3sg hear
Pilaga-187_bird-1,,Pilaga,187_bird,mayo',mayo',m a j o ʔ,,buckwalter2015;vidal2010;filipov1993,,,,,37,0,0,?
Pilaga-97_fish-1,,Pilaga,97_fish,ñiyaq,ñiyaq,ɲ i j a q,,buckwalter2015;vidal2010;filipov1993,,,,,2022,0,0,?
Pilaga-130_louse-1,,Pilaga,130_louse,napaʕat,n+apaʕat,n + a p a ʕ a t,,buckwalter2015;vidal2010;filipov1993,,,,,1155 290,0,0,_:poss louse
Pilaga-129_dog-1,,Pilaga,129_dog,pioq,pioq,p j o q,,buckwalter2015;vidal2010;filipov1993,,,,,44,0,0,?
Pilaga-251_tongue-1,,Pilaga,251_tongue,nachaʕat,n+achaʕat,n + a tʃ a ʕ a t,,buckwalter2015;vidal2010;filipov1993,,,,,5346 1160,0,0,_:poss tongue
Pilaga-78_breastofwoman-1,,Pilaga,78_breastofwoman,lotete,lo+tete,l o + t e t e,,buckwalter2015;vidal2010;filipov1993,,,,,4252 49,0,0,_:poss breast
Pilaga-98_wing-1,,Pilaga,98_wing,lawa,l+awa,l + a w a,,buckwalter2015;vidal2010;filipov1993,,,,,289 50,0,0,_:poss wing
Pilaga-82_back-1,,Pilaga,82_back,nekap,ne+kap,n e + k a p,,buckwalter2015;vidal2010;filipov1993,,,,,51 569,0,0,_:poss back
Pilaga-82_back-2,,Pilaga,82_back,nepalte'ta,ne+palte'ta,n e + p a l t e ʔ t a,,buckwalter2015;vidal2010;filipov1993,,,,,51 5915,0,0,_:poss back
Pilaga-83_bone-1,,Pilaga,83_bone,nip'inek,ni+p'inek,n i + pˀ i n e k,,buckwalter2015;vidal2010;filipov1993,,,,,570 54,0,0,_:poss bone
Pilaga-83_bone-2,,Pilaga,83_bone,siyaelp'inek,siyae+l+p'inek,s i j a e + l + pˀ i n e k,,buckwalter2015;vidal2010;filipov1993,,,,,5917 289 54,0,0,animal _:poss bone
Pilaga-120_leg-1,,Pilaga,120_leg,niche,ni+che,n i + tʃ e,,buckwalter2015;vidal2010;filipov1993,,,,,55 56,0,0,_:poss leg
Pilaga-120_leg-2,,Pilaga,120_leg,siyaelapia',siyae+l+apia',s i j a e + l + a p j a ʔ,,buckwalter2015;vidal2010;filipov1993,,,,,5917 289 572,0,0,animal _:poss foot
Pilaga-246_foot-1,,Pilaga,246_foot,napia',n+apia',n + a p j a ʔ,,buckwalter2015;vidal2010;filipov1993,,,,,2037 572,0,0,_:poss foot
Pilaga-261_heart-1,,Pilaga,261_heart,nikidiaqte,ni+kidiaqte,n i + k i d i a q t e,,buckwalter2015;vidal2010;filipov1993,,,,,5919 574 2044,0,0,_:poss heart
Pilaga-125_sleep-1,,Pilaga,125_sleep,d'ochetak,d+'oche+tak,d + ʔ o tʃ e + t a k,,buckwalter2015;vidal2010;filipov1993,,,,,32 2045 1204,0,0,_:3sg sleep _:asp
Pilaga-114_tail-1,,Pilaga,114_tail,nate',na+te',n a + t e ʔ,,buckwalter2015;vidal2010;filipov1993,,,,,5920 4258,0,0,_:poss tail
Pilaga-114_tail-2,,Pilaga,114_tail,siyaenate',siyae+na+te',s i j a e + n a + t e ʔ,,buckwalter2015;vidal2010;filipov1993,,,,,5917 5920 4258,0,0,animal _:poss tail
Pilaga-111_kill-1,,Pilaga,111_kill,yalaat,y+alaat,j + a l aː t,,buckwalter2015;vidal2010;filipov1993,,,,,2049 2050,0,0,_:3sg kill
Pilaga-75_skinhide-1,,Pilaga,75_skinhide,no'ok,no+'ok,n o + ʔ o k,,buckwalter2015;vidal2010;filipov1993,,,,,4260 70,0,0,_:poss skin
Pilaga-75_skinhide-2,,Pilaga,75_skinhide,siyaelo'ok,siyae+lo+'ok,s i j a e + l o + ʔ o k,,buckwalter2015;vidal2010;filipov1993,,,,,5917 2051 70,0,0,animal _:poss skin
Pilaga-44_feather-1,,Pilaga,44_feather,mayo'layoqte,mayo' l+ayoqte,m a j o ʔ + l + a j o q t e,,buckwalter2015;vidal2010;filipov1993,,,,,37 289 5991,0,0,bird _:poss hair
Pilaga-44_feather-2,,Pilaga,44_feather,mayo'lawa,mayo' l+awa,m a j o ʔ + l + a w a,,buckwalter2015;vidal2010;filipov1993,,,,,37 289 50,0,0,bird _:poss feather
Pilaga-139_earthgroundsoil-1,,Pilaga,139_earthgroundsoil,alewa,alewa,a l e w a,,buckwalter2015;vidal2010;filipov1993,,,,,583,0,0,earth
Pilaga-154_four-1,,Pilaga,154_four,kwaatrolqa,kwaatr+olq+a,k w aː t r o l q a,,buckwalter2015;vidal2010;filipov1993,,,,,4081 126 2529,0,0,?
Pilaga-167_yellow-1,,Pilaga,167_yellow,yoqobi,yo+qobi,j o + q o w i,,buckwalter2015;vidal2010;filipov1993,,,,,2058 88,0,0,_:3sg yellow
Pilaga-133_flyvb-1,,Pilaga,133_flyvb,wayotak,w+ayo+tak,w + a j o + t a k,,buckwalter2015;vidal2010;filipov1993,,,,,2059 1205 1204,0,0,_:3sg fly _:asp
Pilaga-297_root-1,,Pilaga,297_root,pata',pata',p a t a ʔ,,buckwalter2015;vidal2010;filipov1993,,,,,2537,0,0,?
Pilaga-67_lake-1,,Pilaga,67_lake,pedona,pedona,p e d o n a,,buckwalter2015;vidal2010;filipov1993,,,,,2061,0,0,?
Pilaga-243_black-1,,Pilaga,243_black,ledaʕaik,l+eda+ʕai,l + e d a + ʕ a i,,buckwalter2015;vidal2010;filipov1993,,,,,1210 94 2063,0,0,_:3sg black _:adj
Pilaga-164_dust-1,,Pilaga,164_dust,soche,soche,s o tʃ e,,buckwalter2015;vidal2010;filipov1993,,,,,2069,0,0,grind
Pilaga-168_star-1,,Pilaga,168_star,waqachiñi,waqachiñi,w a q a tʃ i ɲ i,,buckwalter2015;vidal2010;filipov1993,,,,,605 2073,0,0,?
Pilaga-280_personhumanbeing-1,,Pilaga,280_personhumanbeing,siyaʕawa,siyaʕawa,s i j a ʕ a w a,,buckwalter2015;vidal2010;filipov1993,,,,,1225 2074,0,0,?
Pilaga-66_mother-1,,Pilaga,66_mother,nat'e,n+at'e,n + a tˀ e,,buckwalter2015;vidal2010;filipov1993,,,,,5931 80,0,0,_:poss mother
Pilaga-66_mother-2,,Pilaga,66_mother,chide,chide,tʃ i d e,,buckwalter2015;vidal2010;filipov1993,,,,,80,0,0,?
Pilaga-145_nearadv-1,,Pilaga,145_nearadv,sa qayake,sa+qayake,s a + q a j a k e,,buckwalter2015;vidal2010;filipov1993,,,,,2102 5365,0,0,not far
Pilaga-92_cloud-1,,Pilaga,92_cloud,lo'ok,lo+'ok,l o + ʔ o k,,buckwalter2015;vidal2010;filipov1993,,,,,2078 70,0,0,_:poss skin
Pilaga-279_come-1,,Pilaga,279_come,hanak,hanak,h a n a k,,buckwalter2015;vidal2010;filipov1993,,,,,5933 113,0,0,?
Pilaga-43_leaf-1,,Pilaga,43_leaf,epaʕalayoqte,epaʕa+l+ayoqte,e p a ʕ a + l + a j o q t e,,buckwalter2015;vidal2010;filipov1993,,,,,119 289 5991,0,0,tree _:poss hair
Pilaga-93_sky-1,,Pilaga,93_sky,piyem,piyem,p i j e m,,buckwalter2015;vidal2010;filipov1993,,,,,115,0,0,?
Pilaga-90_bark-1,,Pilaga,90_bark,lo'ok,lo+'ok,l o + ʔ o k,,buckwalter2015;vidal2010;filipov1993,,,,,6 70,0,0,_:poss skin
Pilaga-90_bark-2,,Pilaga,90_bark,epaʕalo'ok,epaʕa+lo+'ok,e p a ʕ a + l o + ʔ o k,,buckwalter2015;vidal2010;filipov1993,,,,,119 2051 70,0,0,tree _:poss skin
Pilaga-140_where-1,,Pilaga,140_where,hega,hega,h e g a,,buckwalter2015;vidal2010;filipov1993,,,,,639,0,0,?
Pilaga-298_ropecord-1,,Pilaga,298_ropecord,ñik,ñik,ɲ i k,,buckwalter2015;vidal2010;filipov1993,,,,,1285,0,0,?
Pilaga-141_how-1,,Pilaga,141_how,ha'iteeta,ha'iteeta,h a ʔ i t eː t a,,buckwalter2015;vidal2010;filipov1993,,,,,5938 5939 2090,0,0,?
Pilaga-153_three-1,,Pilaga,153_three,treesolqa,treesolqa,t r eː s o l q a,,buckwalter2015;vidal2010;filipov1993,,,,,2091 126 2529,0,0,?
Pilaga-244_white-1,,Pilaga,244_white,pagaʕaik,pagaʕ+ai+k,p a g a ʕ + ai,,buckwalter2015;vidal2010;filipov1993,,,,,1288 647 128,0,0,white _:adj
Pilaga-146_faradv-1,,Pilaga,146_faradv,qaya'age,qaya'a+ge,q a j a ʔ a + g e,,buckwalter2015;vidal2010;filipov1993,,,,,2093 5941 5942 3282,0,0,far _:loc
Pilaga-106_year-1,,Pilaga,106_year,wo'e,wo'e,w o ʔ e,,buckwalter2015;vidal2010;filipov1993,,,,,2098,0,0,?
Pilaga-162_drink-1,,Pilaga,162_drink,nakip,nakip,n a k i p,,buckwalter2015;vidal2010;filipov1993,,,,,5943,0,0,?
Pilaga-162_drink-2,,Pilaga,162_drink,niyom,ni+yom,n i + j o m,,buckwalter2015;vidal2010;filipov1993,,,,,1298 2586,0,0,_:3sg drink
Pilaga-248_flower-1,,Pilaga,248_flower,epaʕalaw'o,epaʕa+l+aw'o,e p a ʕ a + l + a w ʔ o,,buckwalter2015;vidal2010;filipov1993,,,,,119 289 3869,0,0,tree _:poss flower
Pilaga-41_fall-1,,Pilaga,41_fall,n'aqañi,n+'aqa+ñi,n + ʔ a q a + ɲ i,,buckwalter2015;vidal2010;filipov1993,,,,,2100 1305 1304,0,0,_:3sg fall _:dir
Pilaga-264_know-1,,Pilaga,264_know,yayaten,ya+yaten,j a + j a t e n,,buckwalter2015;vidal2010;filipov1993,,,,,2591 149,0,0,_:3sg know
Pilaga-274_ashes-1,,Pilaga,274_ashes,halo,halo,h a l o,,buckwalter2015;vidal2010;filipov1993,,,,,1311,0,0,?
Pilaga-65_largebig-1,,Pilaga,65_largebig,t'adaik,t'a+dai+k,tˀ a + d ai + k,,buckwalter2015;vidal2010;filipov1993,,,,,177 660 2101,0,0,father _:adj _:masc
Pilaga-148_short-1,,Pilaga,148_short,sa halok,sa+halok,s a + h a l o k,,buckwalter2015;vidal2010;filipov1993,,,,,2102 2103,0,0,not long
Pilaga-276_eat-1,,Pilaga,276_eat,deke'e,de+ke'e,d e + k e ʔ e,,buckwalter2015;vidal2010;filipov1993,,,,,32 168,0,0,_:3sg eat
Pilaga-191_grass-1,,Pilaga,191_grass,hato',hato',h a t o ʔ,,buckwalter2015;vidal2010;filipov1993,,,,,674,0,0,?
Pilaga-152_one-1,,Pilaga,152_one,onolek,on+ole+k,o n + o l e,,buckwalter2015;vidal2010;filipov1993,,,,,2113 2114 5950,0,0,one _:dim
Pilaga-263_everyall-1,,Pilaga,263_everyall,yima,yi+ma,j + i m a,,buckwalter2015;vidal2010;filipov1993,,,,,4878 3879,0,0,_:3sg complete
Pilaga-291_name-1,,Pilaga,291_name,nenaʕat,n+enaʕat,n + e n a ʕ a t,,buckwalter2015;vidal2010;filipov1993,,,,,5951 4095,0,0,_:poss name
Pilaga-292_old-1,,Pilaga,292_old,yi,yi,j i,,buckwalter2015;vidal2010;filipov1993,,,,,3330,0,0,?
Pilaga-282_father-1,,Pilaga,282_father,taʕadena',taʕade+na',t a ʕ a d e + n a ʔ,,buckwalter2015;vidal2010;filipov1993,,,,,5952 177 2463,0,0,dad _:nci
Pilaga-282_father-2,,Pilaga,282_father,net'a,ne+t'a,n e + tˀ a,,buckwalter2015;vidal2010;filipov1993,,,,,2463 177,0,0,_:poss father
Pilaga-100_smalllittle-1,,Pilaga,100_smalllittle,yadaʕak,yadaʕak,j a d a ʕ a k,,buckwalter2015;vidal2010;filipov1993,,,,,3334,0,0,?
Pilaga-100_smalllittle-2,,Pilaga,100_smalllittle,qapiñ,qapiñ,q a p i ɲ,,buckwalter2015;vidal2010;filipov1993,,,,,2118,0,0,?
Pilaga-135_two-1,,Pilaga,135_two,dosole,dosole,d o s o l e,,buckwalter2015;vidal2010;filipov1993,,,,,2119 2114,0,0,?
Pilaga-15_long-1,,Pilaga,15_long,halok,halok,h a l o k,,buckwalter2015;vidal2010;filipov1993,,,,,187,0,0,?
Pilaga-275_intestinesguts-1,,Pilaga,275_intestinesguts,npiyoʕosek,n+piyoʕosek,n + p i j o ʕ o s e k,,buckwalter2015;vidal2010;filipov1993,,,,,2120 5955,0,0,_:poss intestines
Pilaga-188_smellvbtrans-1,,Pilaga,188_smellvbtrans,yita,yi+ta,j i + t a,,buckwalter2015;vidal2010;filipov1993,,,,,4667 695,0,0,_:3sg smell
Pilaga-52_treecf08600-1,,Pilaga,52_treecf08600,epaq,epaq,e p a q,,buckwalter2015;vidal2010;filipov1993,,,,,119,0,0,?
Pilaga-74_seed-1,,Pilaga,74_seed,peta,peta,p e t a,,buckwalter2015;vidal2010;filipov1993,,,,,197,0,0,?
Pilaga-47_sun-1,,Pilaga,47_sun,k'atena,k'atena,kˀ a t e n a,,buckwalter2015;vidal2010;filipov1993,,,,,1390,0,0,?
Pilaga-283_give-1,,Pilaga,283_give,yan,y+an,j + a n,,buckwalter2015;vidal2010;filipov1993,,,,,2049 213,0,0,_:3sg give
Pilaga-136_littlequantityfew-1,,Pilaga,136_littlequantityfew,yadaʕaq,yadaʕaq,j a d a ʕ a q,,buckwalter2015;vidal2010;filipov1993,,,,,3195,0,0,?
Pilaga-147_muchmany-1,,Pilaga,147_muchmany,waʕaya't,waʕaya't,w a ʕ a j a ʔ t,,buckwalter2015;vidal2010;filipov1993,,,,,5960,0,0,?
Pilaga-147_muchmany-2,,Pilaga,147_muchmany,wo'm,wo'm,w o ʔ m,,buckwalter2015;vidal2010;filipov1993,,,,,219,0,0,?
Pilaga-266_cold-1,,Pilaga,266_cold,l'omaʕa,l'omaʕa,l + ʔ o m + a ʕ a,,buckwalter2015;vidal2010;filipov1993,,,,,2 8 9   ?   2 2 3 3,0,0,_:poss cold _:nmlz
Pilaga-39_sit-1,,Pilaga,39_sit,nes'oʕotañi,ne+s'oʕo+ta+ñi,n e + s ʔ o ʕ o + t a + ɲ i,,buckwalter2015;vidal2010;filipov1993,,,,,221 2138 1414 5961,0,0,_:3sg sit _:asp _:dir
Pilaga-285_fruit-1,,Pilaga,285_fruit,epaʕa hala,epaʕa+hala,e p a ʕ a + h a l a,,buckwalter2015;vidal2010;filipov1993,,,,,119 2144,0,0,tree fruit
Pilaga-323_hold-1,,Pilaga,323_hold,lasoqot'a,l+asoqo+t'a,l + a s o q o + tˀ a,,buckwalter2015;vidal2010;filipov1993,,,,,4897 731 4367 5964,0,0,_:3sg hold _:asp
Pilaga-46_animal-1,,Pilaga,46_animal,siyak,siyak,s i j a k,,buckwalter2015;vidal2010;filipov1993,,,,,2147,0,0,?
Pilaga-290_mosquito-1,,Pilaga,290_mosquito,wando,wando,w a n d o,,buckwalter2015;vidal2010;filipov1993,,,,,735,0,0,?
Pilaga-35_spider-1,,Pilaga,35_spider,kedoelapia',kedoe+l+apia',k e d o e + l + a p j a ʔ,,buckwalter2015;vidal2010;filipov1993,,,,,5966 289 572,0,0,jaguar _:poss foot
Pilaga-35_spider-2,,Pilaga,35_spider,pachidiyaʕa,pachidiyaʕa,p a tʃ i d i j a ʕ a,,buckwalter2015;vidal2010;filipov1993,,,,,2148,0,0,?
Pilaga-35_spider-3,,Pilaga,35_spider,pachidiyaʕa lat'edae,pachidiyaʕa l+at'e+dae,p a tʃ i d i j a ʕ a + l + a tˀ e + d a e,,buckwalter2015;vidal2010;filipov1993,,,,,2148 289 80 5966,0,0,spider _:poss mother _:adj
Pilaga-95_claw-1,,Pilaga,95_claw,lenat,le+nat,l e + n a t,,buckwalter2015;vidal2010;filipov1993,,,,,2150 2172,0,0,_:poss nail
Pilaga-57_arm-1,,Pilaga,57_arm,n'alte,n'a+lte,n ʔ a + l t e,,buckwalter2015;vidal2010;filipov1993,,,,,4382 5970,0,0,_:poss arm
Pilaga-102_horn-1,,Pilaga,102_horn,nasede,n+asede,n + a s e d e,,buckwalter2015;vidal2010;filipov1993,,,,,4384 237,0,0,_:poss horn
Pilaga-58_beard-1,,Pilaga,58_beard,laqa' layoʕot,la+qa' l+ayoʕot,l a + q a ʔ + l + a j o ʕ o t,,buckwalter2015;vidal2010;filipov1993,,,,,5972 2157 289 5991,0,0,_:poss chin _:poss hair
Pilaga-254_chest-1,,Pilaga,254_chest,netoge,ne+toge,n e + t o g e,,buckwalter2015;vidal2010;filipov1993,,,,,5975 2161,0,0,_:poss chest
Pilaga-61_chin-1,,Pilaga,61_chin,naqa',na+qa',n a + q a ʔ,,buckwalter2015;vidal2010;filipov1993,,,,,242 2157,0,0,_:poss chin
Pilaga-62_lip-1,,Pilaga,62_lip,nak,n+ak,n + a k,,buckwalter2015;vidal2010;filipov1993,,,,,5039 2164,0,0,_:poss lip
Pilaga-62_lip-2,,Pilaga,62_lip,nasep,n+asep,n + a s e p,,buckwalter2015;vidal2010;filipov1993,,,,,5039 2165,0,0,_:poss lip
Pilaga-64_finger-1,,Pilaga,64_finger,niaʕata,n+iaʕata,n + j a ʕ a t a,,buckwalter2015;vidal2010;filipov1993,,,,,2169 244,0,0,_:poss finger
Pilaga-281_elbow-1,,Pilaga,281_elbow,noqote,no+qote,n o + q o t e,,buckwalter2015;vidal2010;filipov1993,,,,,5977 245,0,0,_:poss elbow
Pilaga-94_fingernail-1,,Pilaga,94_fingernail,lenat,le+nat,l e + n a t,,buckwalter2015;vidal2010;filipov1993,,,,,2680 2172,0,0,_:poss nail
Pilaga-109_lightning-1,,Pilaga,109_lightning,qasoʕonaʕa l'edaʕa,qasoʕonaʕa l+'edaʕa,q a s o ʕ o n a ʕ a + l + ʔ e d a ʕ a,,buckwalter2015;vidal2010;filipov1993,,,,,255 289 2686,0,0,lightning _:poss shine
Pilaga-126_liedown-1,,Pilaga,126_liedown,bichiñi,bichi+ñi,w i tʃ i + ɲ i,,buckwalter2015;vidal2010;filipov1993,,,,,2177 259,0,0,lie.down _:dir
Pilaga-126_liedown-2,,Pilaga,126_liedown,nenaeñi,nenae+ñi,n e n a e + ɲ i,,buckwalter2015;vidal2010;filipov1993,,,,,5979 259,0,0,lie.down _:dir
Pilaga-72_house-1,,Pilaga,72_house,emek,emek,e m e k,,buckwalter2015;vidal2010;filipov1993,,,,,270,0,0,?
Pilaga-101_child-1,,Pilaga,101_child,nootole; lek'oqo'tepi,nootole,n oː t o l e,,buckwalter2015;vidal2010;filipov1993,,,,,2180 5046,0,0,?
Pilaga-101_child-2,,Pilaga,101_child,nootole; lek'oqo'tepi,lek'oqo'te,l e kˀ o q o ʔ t e,,buckwalter2015;vidal2010;filipov1993,,,,,5046 5981 2181 768,0,0,?
Pilaga-296_road-1,,Pilaga,296_road,na'aik,na'aik,n a ʔ ai k,,buckwalter2015;vidal2010;filipov1993,,,,,2182,0,0,?
Pilaga-132_float-1,,Pilaga,132_float,daliki,d+aliki,d a + l i k i,,buckwalter2015;vidal2010;filipov1993,,,,,32 5982,0,0,_:3sg float
Pilaga-110_fightvb-1,,Pilaga,110_fightvb,ne'waʕa'ne,ne+'waʕa'n+e,n e + ˀw a ʕ a ˀn + e,,buckwalter2015;vidal2010;filipov1993,,,,,1480 2708 5983 5984 1479,0,0,_:3sg hit _:loc
Pilaga-293_owl-1,,Pilaga,293_owl,woqo',woqo',w o q o ʔ,,buckwalter2015;vidal2010;filipov1993,,,,,277,0,0,?
Pilaga-293_owl-2,,Pilaga,293_owl,tontonolek,tontonolek,t o n t o n o l e k,,buckwalter2015;vidal2010;filipov1993,,,,,1486 276 5985,0,0,?
Pilaga-293_owl-3,,Pilaga,293_owl,chidiet,chidiet,tʃ i d j e t,,buckwalter2015;vidal2010;filipov1993,,,,,4130,0,0,?
Pilaga-273_cat-1,,Pilaga,273_cat,micha,micha,m i tʃ a,,buckwalter2015;vidal2010;filipov1993,,,,,776,0,0,?
Pilaga-55_bee-1,,Pilaga,55_bee,lapaʕat,l+apaʕat,l + a p a ʕ a t,,buckwalter2015;vidal2010;filipov1993,,,,,289 290,0,0,_:poss insect
Pilaga-289_parrot-1,,Pilaga,289_parrot,ele',ele',e l e ʔ,,buckwalter2015;vidal2010;filipov1993,,,,,2194,0,0,?
Pilaga-128_flea-1,,Pilaga,128_flea,pioʕolapaʕat,pioʕo+l+apaʕat,p j o ʕ o + l + a p a ʕ a t,,buckwalter2015;vidal2010;filipov1993,,,,,287 289 290,0,0,dog _:poss insect
Pilaga-166_deer-1,,Pilaga,166_deer,pelae,pelae,p e l ai,,buckwalter2015;vidal2010;filipov1993,,,,,4410,0,0,?
Pilaga-118_ant-1,,Pilaga,118_ant,peso',peso',p e s o ʔ,,buckwalter2015;vidal2010;filipov1993,,,,,5989,0,0,?
Pilaga-99_palmofhand-1,,Pilaga,99_palmofhand,nowaʕalaeñi,no+waʕa+l+aeñi,n o + w a ʕ a + l + a e ɲ i,,buckwalter2015;vidal2010;filipov1993,,,,,5990 303 2727 289 300,0,0,_:poss hand _:poss middle
Pilaga-89_fur-1,,Pilaga,89_fur,layoʕot,l+ayoʕot,l + a j o ʕ o t,,buckwalter2015;vidal2010;filipov1993,,,,,289 5991,0,0,_:poss hair
Pilaga-42_hairhead-1,,Pilaga,42_hairhead,nayoʕot,n+ayoʕot,n + a j o ʕ o t,,buckwalter2015;vidal2010;filipov1993,,,,,1509 5991,0,0,_:poss hair
Pilaga-249_penis-1,,Pilaga,249_penis,namo,na+mo,n + a m o,,buckwalter2015;vidal2010;filipov1993,,,,,5993 793,0,0,_:poss penis
Pilaga-88_skull-1,,Pilaga,88_skull,naqaelp'inek,na+qae+l+p'inek,n a + q a e + l + pˀ i n e k,,buckwalter2015;vidal2010;filipov1993,,,,,5995 2211 289 54,0,0,_:poss head _:poss bone
Pilaga-288_lung-1,,Pilaga,288_lung,nache',n+ache',n + a tʃ e ʔ,,buckwalter2015;vidal2010;filipov1993,,,,,1524 2221,0,0,_:poss lung
Pilaga-200_testicle-1,,Pilaga,200_testicle,lola,lo+la,l o + l a,,buckwalter2015;vidal2010;filipov1993,,,,,5437 184,0,0,_:poss testicle
Pilaga-262_under-1,,Pilaga,262_under,wet'ot,we+t+'ot,w e + t + ʔ o t,,buckwalter2015;vidal2010;filipov1993,,,,,1541 6004 6005,0,0,stay _:asp _:loc
Pilaga-124_bed-1,,Pilaga,124_bed,n'ochaʕala',n+'och+aʕala',n + ʔ o tʃ + a ʕ a + l a ʔ,,buckwalter2015;vidal2010;filipov1993,,,,,1 2231 2233 2233,0,0,_:poss sleep _:val _:loc
Pilaga-143_plantvb-1,,Pilaga,143_plantvb,lañiise,l+añ+iise,l + a ɲ + iː s e,,buckwalter2015;vidal2010;filipov1993,,,,,6007 3494 2768,0,0,_:3sg put _:?
Pilaga-268_upabove-1,,Pilaga,268_upabove,wetalege; wetasegem,we+ta+lege,w e + t a + l e g e,,buckwalter2015;vidal2010;filipov1993,,,,,1541 2235 5449,0,0,stay _:asp _:loc
Pilaga-268_upabove-2,,Pilaga,268_upabove,wetalege; wetasegem,we+ta+segem,w e + t a + s e g e m,,buckwalter2015;vidal2010;filipov1993,,,,,1541 2235 2236,0,0,stay _:asp _:dir
Pilaga-60_doorgate-1,,Pilaga,60_doorgate,som,som,s o m,,buckwalter2015;vidal2010;filipov1993,,,,,324,0,0,?
Pilaga-76_cover-1,,Pilaga,76_cover,yapadeelege,y+apadee+lege,j + a p a d eː + l e g e,,buckwalter2015;vidal2010;filipov1993,,,,,2049 1560 5449,0,0,_:3sg put.on _:loc
Pilaga-278_buy-1,,Pilaga,278_buy,newoden,ne+wode+n,n e + w o d e + n,,buckwalter2015;vidal2010;filipov1993,,,,,1562 6012,0,0,_:3sg buy _:asp
Pilaga-123_burnvbintrans-1,,Pilaga,123_burnvbintrans,yawik,y+awik,j + a w i k,,buckwalter2015;vidal2010;filipov1993,,,,,2049 325,0,0,_:3sg burn
Pilaga-103_club-1,,Pilaga,103_club,nepon,ne+pon,n e + p o n,,buckwalter2015;vidal2010;filipov1993,,,,,6015 334,0,0,_:poss club
Pilaga-271_sweetpotato-1,,Pilaga,271_sweetpotato,wataʕata,wataʕata,w a t a ʕ a t a,,buckwalter2015;vidal2010;filipov1993,,,,,846,0,0,?
Pilaga-86_path-1,,Pilaga,86_path,soʕok,soʕok,s o ʕ o k,,buckwalter2015;vidal2010;filipov1993,,,,,2242,0,0,?
Pilaga-169_knife-1,,Pilaga,169_knife,ganaʕat,ganaʕat,g a n a ʕ a t,,buckwalter2015;vidal2010;filipov1993,,,,,2819,0,0,?
Pilaga-170_needle-1,,Pilaga,170_needle,nenaikaiyi,ne+naikaiyi,n e + n ai k ai j i,,buckwalter2015;vidal2010;filipov1993,,,,,1596 6021,0,0,_:poss needle
Pilaga-104_soulspirit-1,,Pilaga,104_soulspirit,lepaqal; liki'i,le+paqal,l e + p a q a l,,buckwalter2015;vidal2010;filipov1993,,,,,2821 345,0,0,_:poss soul
Pilaga-104_soulspirit-2,,Pilaga,104_soulspirit,lepaqal; liki'i,li+ki'i,l i + k i ʔ i,,buckwalter2015;vidal2010;filipov1993,,,,,2821 344,0,0,_:poss soul
Pilaga-277_cryweep-1,,Pilaga,277_cryweep,noyen,n+oyen,n + o j e n,,buckwalter2015;vidal2010;filipov1993,,,,,4156 860,0,0,_:3sg cry
Pilaga-287_maizecorn-1,,Pilaga,287_maizecorn,tawaʕae,tawaʕae,t a w a ʕ a e,,buckwalter2015;vidal2010;filipov1993,,,,,864,0,0,?
Pilaga-206_oldman-1,,Pilaga,206_oldman,ya'aʕakachiyi,ya'aʕakachiyi,j a ʔ a ʕ a k a tʃ i j i,,buckwalter2015;vidal2010;filipov1993,,,,,355 6025,0,0,?
Pilaga-151_twenty-1,,Pilaga,151_twenty,weinte y'aʕaik,weinte y'aʕaik,w ei n t e + j ʔ a ʕ ai k,,buckwalter2015;vidal2010;filipov1993,,,,,6026 3543,0,0,twenty ?
Pilaga-300_tobacco-1,,Pilaga,300_tobacco,qoyik,qoyik,q o j i k,,buckwalter2015;vidal2010;filipov1993,,,,,2248,0,0,?
Pilaga-295_ripe-1,,Pilaga,295_ripe,yi,yi,j i,,buckwalter2015;vidal2010;filipov1993,,,,,5785,0,0,?
Pilaga-270_tapiocamanioccassava-1,,Pilaga,270_tapiocamanioccassava,madioka,madioka,m a d j o k a,,buckwalter2015;vidal2010;filipov1993,,,,,884,0,0,?
Pilaga-159_cook-1,,Pilaga,159_cook,dewose,de+wose,d e + w o s e,,buckwalter2015;vidal2010;filipov1993,,,,,32 378,0,0,_:3sg cook
Pilaga-207_oldwoman-1,,Pilaga,207_oldwoman,y'aʕena',y'aʕena',j ʔ a ʕ e n a ʔ,,buckwalter2015;vidal2010;filipov1993,,,,,6035,0,0,?
Pilaga-142_sap-1,,Pilaga,142_sap,epaʕalcha',epaʕa+l+cha',e p a ʕ a + l + tʃ a ʔ,,buckwalter2015;vidal2010;filipov1993,,,,,119 289 906,0,0,tree _:poss sap
Pilaga-36_spiderweb-1,,Pilaga,36_spiderweb,pachidiyaʕa lala',pachidiyaʕa l+ala',p a tʃ i d i j a ʕ a + l + a l a ʔ,,buckwalter2015;vidal2010;filipov1993,,,,,2148 289 2876,0,0,spider _:poss ?
Pilaga-252_cow-1,,Pilaga,252_cow,waka,waka,w a k a,,buckwalter2015;vidal2010;filipov1993,,,,,297,0,0,?
Pilaga-173_lizard-1,,Pilaga,173_lizard,malaʕaik,malaʕ+ai+k,m a l a ʕ + ai + k,,buckwalter2015;vidal2010;filipov1993,,,,,2882 647 394,0,0,blue _:adj _:masc
Pilaga-267_nest-1,,Pilaga,267_nest,mayo'pata'g,mayo' pata'g,m a j o ʔ + p a t a ʔ g,,buckwalter2015;vidal2010;filipov1993,,,,,37,0,0,bird nest
Pilaga-116_goat-1,,Pilaga,116_goat,ketaq,ketaq,k e t a q,,buckwalter2015;vidal2010;filipov1993,,,,,1725,0,0,?
Pilaga-117_hegoat-1,,Pilaga,117_hegoat,ketaq lowa',ketaq lowa',k e t a q + l o + w a ʔ,,buckwalter2015;vidal2010;filipov1993,,,,,1 7 2 5   6 0 4 5   ?,0,0,goat _:poss spouse
Pilaga-302_pig-1,,Pilaga,302_pig,koʕoche,koʕoche,k o ʕ o tʃ e,,buckwalter2015;vidal2010;filipov1993,,,,,920,0,0,?
Pilaga-174_dove-1,,Pilaga,174_dove,doqoto',doqoto',d o + q o t o ʔ,,buckwalter2015;vidal2010;filipov1993,,,,,923,0,0,? dove
Pilaga-260_crocodilealligator-1,,Pilaga,260_crocodilealligator,ñiaʕadiaq,ñiaʕadiaq,ɲ j a ʕ a d j a q,,buckwalter2015;vidal2010;filipov1993,,,,,4175,0,0,?
Pilaga-186_shell-1,,Pilaga,186_shell,lo'ok,lo+'ok,l o + ʔ o k,,buckwalter2015;vidal2010;filipov1993,,,,,5822 70,0,0,_:poss skin
Pilaga-245_snail-1,,Pilaga,245_snail,nasiyo,nasiyo,n a s i j o,,buckwalter2015;vidal2010;filipov1993,,,,,1773,0,0,?
Pilaga-160_fox-1,,Pilaga,160_fox,waʕayaʕa,waʕayaʕa,w a ʕ a j a ʕ a,,buckwalter2015;vidal2010;filipov1993,,,,,940,0,0,?
Pilaga-286_grasshopper-1,,Pilaga,286_grasshopper,qosiikioʕoi,qosiikioʕoi,q o s iː k j o ʕ oi,,buckwalter2015;vidal2010;filipov1993,,,,,6063,0,0,?
Pilaga-113_horseequine-1,,Pilaga,113_horseequine,pegaq,pegaq,p e g a q,,buckwalter2015;vidal2010;filipov1993,,,,,435,0,0,?
Pilaga-208_mule-1,,Pilaga,208_mule,mola,mola,m o l a,,buckwalter2015;vidal2010;filipov1993,,,,,953,0,0,?
Pilaga-2_beehive-1,,Pilaga,2_beehive,l+'oʕon+ek,l+'oʕon+ek,l + ʔ o ʕ o n e k,,buckwalter2015;vidal2010;filipov1993,,,,,3431 3638 6072,0,0,_:poss beehive
Pilaga-115_sheep-1,,Pilaga,115_sheep,n'anaʕate,n'anaʕate,n ʔ a n a ʕ a t e,,buckwalter2015;vidal2010;filipov1993,,,,,2311,0,0,?
Pilaga-96_findorsal-1,,Pilaga,96_findorsal,loidise,loidise,l + oi d i + s e,,buckwalter2015;vidal2010;filipov1993,,,,,4601 6073 2949,0,0,_:poss back _:?
Pilaga-256_bull-1,,Pilaga,256_bull,todo,todo,t o d o,,buckwalter2015;vidal2010;filipov1993,,,,,2312,0,0,?
Pilaga-255_ox-1,,Pilaga,255_ox,ñii'lola,ñii'lola,ɲ iː ʔ l o l a,,buckwalter2015;vidal2010;filipov1993,,,,,5542 6074 1805,0,0,?
Pilaga-253_bear-1,,Pilaga,253_bear,potae,potae,p o t ai,,buckwalter2015;vidal2010;filipov1993,,,,,455,0,0,?
Pilaga-242_assdonkey-1,,Pilaga,242_assdonkey,asena,asena,a s e n a,,buckwalter2015;vidal2010;filipov1993,,,,,457,0,0,?
Pilaga-284_hawk-1,,Pilaga,284_hawk,potaelamek,potae+lamek,p o t a e + l a m e k,,buckwalter2015;vidal2010;filipov1993,,,,,5313 6075 6076,0,0,bear liver
Pilaga-257_wasp-1,,Pilaga,257_wasp,lapaʕat,l+apaʕat,l + a p a ʕ a t,,buckwalter2015;vidal2010;filipov1993,,,,,289 290,0,0,_:poss insect
Pilaga-70_eyelid-1,,Pilaga,70_eyelid,n'aete lo'ok,n+'aete lo+'ok,n + ʔ ai t e + l o + ʔ o k,,buckwalter2015;vidal2010;filipov1993,,,,,2332 2333 986,0,0,_:poss eye _:poss skin
Pilaga-40_borntobe-1,,Pilaga,40_borntobe,niyiñi,niyi+ñi,n i j i + ɲ i,,buckwalter2015;vidal2010;filipov1993,,,,,2990 6081 2338,0,0,be.born _:down
Pilaga-259_eyelash-1,,Pilaga,259_eyelash,nloteke,n+loteke,n + l o t e k e,,buckwalter2015;vidal2010;filipov1993,,,,,2332 1831,0,0,_:poss eyelash
Pilaga-121_footprint-1,,Pilaga,121_footprint,napia'liñi,n+apia+'li+ñi,n + a p j a ʔ + l + i ɲ i,,buckwalter2015;vidal2010;filipov1993,,,,,6091 572 289 1855,0,0,_:poss foot _:poss mark
Pilaga-258_poison-1,,Pilaga,258_poison,le'wenaʕanaʕat,le+'wen+aʕan+aʕat,l e + ˀw e n + a ʕ a n + a ʕ a t,,buckwalter2015;vidal2010;filipov1993,,,,,5173 6093 484 2354,0,0,_:poss poison _:val _:nmlz
Pilaga-77_nippleteat-1,,Pilaga,77_nippleteat,lotete laqaik,lo+tete la+qaik,l o + t e t e + l a + q ai k,,buckwalter2015;vidal2010;filipov1993,,,,,5567 49 5568 1023,0,0,_:poss breast _:poss head
Pilaga-81_spine-1,,Pilaga,81_spine,loip'inek,l+oi+p'inek,l + oi + pˀ i n e k,,buckwalter2015;vidal2010;filipov1993,,,,,289 1040 54,0,0,_:poss body bone
Pilaga-294_pus-1,,Pilaga,294_pus,li'i,li'i,l + i ʔ i,,buckwalter2015;vidal2010;filipov1993,,,,,3067,0,0,_:poss pus
Pilaga-68_womb-1,,Pilaga,68_womb,nk'oʕoki,n+k'o+ʕoki,n + kˀ o + ʕ o k i,,buckwalter2015;vidal2010;filipov1993,,,,,6117 4813 497,0,0,_:poss conceive _:loc
Pilaga-84_veinartery-1,,Pilaga,84_veinartery,n'ota,n+'ota,n + ʔ o t a,,buckwalter2015;vidal2010;filipov1993,,,,,6118 498,0,0,_:poss vein
Pilaga-144_mute-1,,Pilaga,144_mute,qayawa 'te laqtaqa,qayawa'te l+aqtaqa,q a j a w a ʔ t e + l + a q t a q a,,buckwalter2015;vidal2010;filipov1993,,,,,2401 2402 6120 289 2404 5883,0,0,_:neg.ex _:poss speech
Pilaga-63_thumb-1,,Pilaga,63_thumb,niaʕata poy'ole,n+iaʕata poy'ole,n + j a ʕ a t a + p oi ʔ o l e,,buckwalter2015;vidal2010;filipov1993,,,,,1918 244 6124,0,0,_:poss finger ?
Pilaga-80_beak-1,,Pilaga,80_beak,nasep,n+asep,n + a s e p,,buckwalter2015;vidal2010;filipov1993,,,,,5039 2165,0,0,_:poss lip
Pilaga-134_itch-1,,Pilaga,134_itch,sikietpiye,sikietpiye,s i k j e + t p i j e,,buckwalter2015;vidal2010;filipov1993,,,,,2423,0,0,itch _:asp
Pilaga-269_wakeup-1,,Pilaga,269_wakeup,neloyi,ne+lo+yi,n e + l o + j i,,buckwalter2015;vidal2010;filipov1993,,,,,1933 2426 1935,0,0,_:3sg look _:dir
Pilaga-71_window-1,,Pilaga,71_window,emeel'aite,emee+l+'aite,e m eː + l + ʔ ai t e,,buckwalter2015;vidal2010;filipov1993,,,,,6128 289 1944,0,0,house _:poss eye
Pilaga-127_cousin-1,,Pilaga,127_cousin,nay'olek,nay'+ole+k,n ai ʔ + o l e + k,,buckwalter2015;vidal2010;filipov1993,,,,,6130 2114 514,0,0,cousin _:dim _:masc
Pilaga-87_place-1,,Pilaga,87_place,l'achaqa',l+'achaqa',l + ʔ a tʃ a q a ʔ,,buckwalter2015;vidal2010;filipov1993,,,,,289 5610,0,0,_:poss place
Pilaga-137_potter-1,,Pilaga,137_potter,alewa lo'o,alewa l+o'o,a l e w a + l + o ʔ o,,buckwalter2015;vidal2010;filipov1993,,,,,583 289 1104,0,0,earth _:poss master
Pilaga-105_shadeshadow-1,,Pilaga,105_shadeshadow,paqal,paqal,p a q a l,,buckwalter2015;vidal2010;filipov1993,,,,,345,0,0,?
Pilaga-69_parents-1,,Pilaga,69_parents,net'al,ne+t'a+l,n e + tˀ a + l,,buckwalter2015;vidal2010;filipov1993,,,,,5238 177 289,0,0,_:poss father _:pauc
Pilaga-165_write-1,,Pilaga,165_write,dedaʕan,de+d+aʕan,d e + d + a ʕ a n,,buckwalter2015;vidal2010;filipov1993,,,,,32 4565 484,0,0,_:3sg write _:val
Pilaga-122_altar-1,,Pilaga,122_altar,lek'oyoʕonaʕalate,le+k'oy+oʕon+aʕa+late,l e + kˀ oi + o ʕ o n + a ʕ a + l a t e,,buckwalter2015;vidal2010;filipov1993,,,,,6140 5633 6141 2233 19,0,0,_:poss burn _:val _:nmlz _:loc
Pilaga-107_summer-1,,Pilaga,107_summer,wo'e,wo'e,w o ʔ e,,buckwalter2015;vidal2010;filipov1993,,,,,2098,0,0,?
Quichua-85_blood-1,,Quichua,85_blood,yáar,yáar,j aː r,,bravo1975,,,,,1124,0,0,?
Quichua-59_mouth-1,,Quichua,59_mouth,simi,simi,s i m i,,bravo1975,,,,,6149,0,0,?
Quichua-79_head-1,,Quichua,79_head,uma,uma,u m a,,bravo1975,,,,,8,0,0,?
Quichua-56_hand-1,,Quichua,56_hand,maqui,maqui,m a k i,,bravo1975,,,,,1127,0,0,?
Quichua-53_ear-1,,Quichua,53_ear,nigri,nigri,n i g r i,,bravo1975,,,,,6150,0,0,?
Quichua-50_red-1,,Quichua,50_red,puca,puca,p u k a,,bravo1975,,,,,550,0,0,?
Quichua-163_see-1,,Quichua,163_see,ckáay,ckáa+y,q aː + j,,bravo1975,,,,,6154 3162,0,0,see _:inf
Quichua-37_husband-1,,Quichua,37_husband,ckosa,ckosa,q o s a,,bravo1975,,,,,555,0,0,?
Quichua-38_wife-1,,Quichua,38_wife,huarmi,huarmi,w a r m i,,bravo1975,,,,,28,0,0,?
Quichua-138_hear-1,,Quichua,138_hear,uyáriy,uyári+y,u j a r i + j,,bravo1975,,,,,5344 6155 6156,0,0,hear _:inf
Quichua-187_bird-1,,Quichua,187_bird,pishcko,pishcko,p i ʃ q o,,bravo1975,,,,,6157,0,0,?
Quichua-187_bird-2,,Quichua,187_bird,unchicu,unchicu,u n tʃ i k u,,bravo1975,,,,,3168,0,0,?
Quichua-97_fish-1,,Quichua,97_fish,challhua,challhua,tʃ a ʎ w a,,bravo1975,,,,,4965,0,0,?
Quichua-130_louse-1,,Quichua,130_louse,usa,usa,u s a,,bravo1975,,,,,2029,0,0,?
Quichua-130_louse-2,,Quichua,130_louse,ita,ita,i t a,,bravo1975,,,,,2029,0,0,?
Quichua-129_dog-1,,Quichua,129_dog,ashcko,ashcko,a ʃ q o,,bravo1975,,,,,1158,0,0,?
Quichua-251_tongue-1,,Quichua,251_tongue,ckallu,ckallu,q a ʎ u,,bravo1975,,,,,564,0,0,?
Quichua-78_breastofwoman-1,,Quichua,78_breastofwoman,ñuñu,ñuñu,ɲ u ɲ u,,bravo1975,,,,,1164,0,0,?
Quichua-78_breastofwoman-2,,Quichua,78_breastofwoman,chichi,chichi,tʃ i tʃ i,,bravo1975,,,,,49,0,0,?
Quichua-98_wing-1,,Quichua,98_wing,lijra,lijra,l i x r a,,bravo1975,,,,,6159,0,0,?
Quichua-82_back-1,,Quichua,82_back,huasa,huasa,w a s a,,bravo1975,,,,,4078,0,0,?
Quichua-83_bone-1,,Quichua,83_bone,tullu,tullu,t u ʎ u,,bravo1975,,,,,6160,0,0,?
Quichua-120_leg-1,,Quichua,120_leg,chunca,chunca,tʃ u ŋ k a,,bravo1975,,,,,3143,0,0,?
Quichua-246_foot-1,,Quichua,246_foot,chaqui,chaqui,tʃ a k i,,bravo1975,,,,,57,0,0,?
Quichua-261_heart-1,,Quichua,261_heart,soncko,soncko,s o ŋ q o,,bravo1975,,,,,6161,0,0,?
Quichua-125_sleep-1,,Quichua,125_sleep,puñuy,puñu+y,p u ɲ u + j,,bravo1975,,,,,1175 6162,0,0,sleep _:inf
Quichua-114_tail-1,,Quichua,114_tail,chupa,chupa,tʃ u p a,,bravo1975,,,,,6163,0,0,?
Quichua-111_kill-1,,Quichua,111_kill,huánchiy,huánchi+y,w a n tʃ i + j,,bravo1975,,,,,3850 2049,0,0,kill _:inf
Quichua-111_kill-2,,Quichua,111_kill,huañúchiy,huañú+chi+y,w a ɲ u + tʃ i + j,,bravo1975,,,,,3850 579 2049,0,0,die _:caus _:inf
Quichua-75_skinhide-1,,Quichua,75_skinhide,ckara,ckara,q a r a,,bravo1975,,,,,580,0,0,skin
Quichua-44_feather-1,,Quichua,44_feather,lijra,lijra,l i x r a,,bravo1975,,,,,6166,0,0,?
Quichua-139_earthgroundsoil-1,,Quichua,139_earthgroundsoil,ashpa,ashpa,a ʃ p a,,bravo1975,,,,,1187,0,0,?
Quichua-154_four-1,,Quichua,154_four,taa,taa,t aː,,bravo1975,,,,,83,0,0,?
Quichua-167_yellow-1,,Quichua,167_yellow,ckellu,ckellu,q e ʎ u,,bravo1975,,,,,6169,0,0,?
Quichua-133_flyvb-1,,Quichua,133_flyvb,páay,páa+y,p aː + j,,bravo1975,,,,,591 1205,0,0,fly _:inf
Quichua-297_root-1,,Quichua,297_root,sapi,sapi,s a p i,,bravo1975,,,,,592,0,0,?
Quichua-67_lake-1,,Quichua,67_lake,cocha,cocha,k o tʃ a,,bravo1975,,,,,2061,0,0,?
Quichua-243_black-1,,Quichua,243_black,yana,yana,j a n a,,bravo1975,,,,,95,0,0,?
Quichua-164_dust-1,,Quichua,164_dust,ashpa,ashpa,a ʃ p a,,bravo1975,,,,,6171,0,0,?
Quichua-168_star-1,,Quichua,168_star,ckóllur,ckóllur,q o ʎ u r,,bravo1975,,,,,6172,0,0,?
Quichua-280_personhumanbeing-1,,Quichua,280_personhumanbeing,'runa,'runa,r u n a,,bravo1975,,,,,6173,0,0,?
Quichua-280_personhumanbeing-2,,Quichua,280_personhumanbeing,ckari,ckari,q a r i,,bravo1975,,,,,607,0,0,?
Quichua-66_mother-1,,Quichua,66_mother,mama,mama,m a m a,,bravo1975,,,,,3229,0,0,?
Quichua-145_nearadv-1,,Quichua,145_nearadv,ckaylla,ckaylla,q ai ʎ a,,bravo1975,,,,,5365,0,0,?
Quichua-92_cloud-1,,Quichua,92_cloud,puyu,puyu,p u j u,,bravo1975,,,,,1244,0,0,?
Quichua-279_come-1,,Quichua,279_come,amuy,amu+y,a m u + j,,bravo1975,,,,,3242 6177,0,0,come _:inf
Quichua-93_sky-1,,Quichua,93_sky,anaj pacha,anaj pacha,a n a x + p a tʃ a,,bravo1975,,,,,4996 1252,0,0,upper part
Quichua-93_sky-2,,Quichua,93_sky,anaj manta,anaj manta,a n a x + m a n t a,,bravo1975,,,,,4996 1252,0,0,upper _:posp
Quichua-90_bark-1,,Quichua,90_bark,ckara,ckara,q a r a,,bravo1975,,,,,580,0,0,?
Quichua-140_where-1,,Quichua,140_where,may,may,m ai,,bravo1975,,,,,1275,0,0,?
Quichua-298_ropecord-1,,Quichua,298_ropecord,huasca,huasca,w a s k a,,bravo1975,,,,,6185,0,0,?
Quichua-141_how-1,,Quichua,141_how,imainataj,ima+ina+taj,i m a + i n a + t a x,,bravo1975,,,,,3277 2579 2090,0,0,what _:comp _:emph
Quichua-153_three-1,,Quichua,153_three,quimsa,quimsa,k i m s a,,bravo1975,,,,,6186,0,0,?
Quichua-244_white-1,,Quichua,244_white,yúraj,yúraj,j u r a x,,bravo1975,,,,,6187,0,0,?
Quichua-146_faradv-1,,Quichua,146_faradv,caru,caru,k a r u,,bravo1975,,,,,3282,0,0,?
Quichua-106_year-1,,Quichua,106_year,huata,huata,w a t a,,bravo1975,,,,,2098,0,0,?
Quichua-162_drink-1,,Quichua,162_drink,upiay,upia+y,u p j a + j,,bravo1975,,,,,6188 2586,0,0,drink _:inf
Quichua-248_flower-1,,Quichua,248_flower,sisa,sisa,s i s a,,bravo1975,,,,,1300,0,0,?
Quichua-41_fall-1,,Quichua,41_fall,úrmay,úrma+y,u r m a + j,,bravo1975,,,,,6190 6191,0,0,fall _:inf
Quichua-264_know-1,,Quichua,264_know,'réjsiy,'réjsi+y,r e x s i + j,,bravo1975,,,,,6192 2591,0,0,know _:inf
Quichua-264_know-2,,Quichua,264_know,yáchay,yácha+y,j a tʃ a + j,,bravo1975,,,,,149 2591,0,0,know _:inf
Quichua-274_ashes-1,,Quichua,274_ashes,ushpa,ushpa,u ʃ p a,,bravo1975,,,,,4319,0,0,?
Quichua-65_largebig-1,,Quichua,65_largebig,atun,atun,a t u n,,bravo1975,,,,,659,0,0,?
Quichua-149_five-1,,Quichua,149_five,pishcka,pishcka,p i ʃ q a,,bravo1975,,,,,6195,0,0,?
Quichua-276_eat-1,,Quichua,276_eat,mícuy,mícu+y,m i k u + j,,bravo1975,,,,,1333 167,0,0,eat _:inf
Quichua-191_grass-1,,Quichua,191_grass,yuyu,yuyu,j u j u,,bravo1975,,,,,6197,0,0,?
Quichua-191_grass-2,,Quichua,191_grass,ckora,ckora,q o r a,,bravo1975,,,,,1339,0,0,?
Quichua-152_one-1,,Quichua,152_one,suj,suj,s u x,,bravo1975,,,,,6198,0,0,?
Quichua-263_everyall-1,,Quichua,263_everyall,tucuy,tucu+y,t u k ui,,bravo1975,,,,,169 4878,0,0,?
Quichua-291_name-1,,Quichua,291_name,suti,suti,s u t i,,bravo1975,,,,,4330,0,0,?
Quichua-292_old-1,,Quichua,292_old,machu,machu,m a tʃ u,,bravo1975,,,,,682,0,0,?
Quichua-292_old-2,,Quichua,292_old,mauca,mauca,m au k a,,bravo1975,,,,,682,0,0,?
Quichua-292_old-3,,Quichua,292_old,ñaupa,ñaupa,ɲ au p a,,bravo1975,,,,,1344,0,0,?
Quichua-282_father-1,,Quichua,282_father,tata,tata,t a t a,,bravo1975,,,,,177,0,0,?
Quichua-100_smalllittle-1,,Quichua,100_smalllittle,chami,chami,tʃ a m i,,bravo1975,,,,,1353,0,0,?
Quichua-100_smalllittle-2,,Quichua,100_smalllittle,utu,utu,u t u,,bravo1975,,,,,180,0,0,?
Quichua-135_two-1,,Quichua,135_two,ishcay,ishcay,i ʃ k ai,,bravo1975,,,,,687,0,0,?
Quichua-15_long-1,,Quichua,15_long,suni,suni,s u n i,,bravo1975,,,,,1366,0,0,?
Quichua-275_intestinesguts-1,,Quichua,275_intestinesguts,chunchillu,chunchillu,tʃ u n tʃ i ʎ u,,bravo1975,,,,,6199,0,0,?
Quichua-188_smellvbtrans-1,,Quichua,188_smellvbtrans,mútquiy,mútqui+y,m u t k i + j,,bravo1975,,,,,6200 4667,0,0,smell _:inf
Quichua-52_treecf08600-1,,Quichua,52_treecf08600,tacko,tacko,t a q o,,bravo1975,,,,,5399,0,0,?
Quichua-47_sun-1,,Quichua,47_sun,inti,inti,i n t i,,bravo1975,,,,,1390,0,0,?
Quichua-283_give-1,,Quichua,283_give,ckoy,cko+y,q o + j,,bravo1975,,,,,2649 2133,0,0,give _:inf
Quichua-136_littlequantityfew-1,,Quichua,136_littlequantityfew,aslla,aslla,a s ʎ a,,bravo1975,,,,,6210,0,0,?
Quichua-136_littlequantityfew-2,,Quichua,136_littlequantityfew,utula,utula,u t u l a,,bravo1975,,,,,6211,0,0,?
Quichua-147_muchmany-1,,Quichua,147_muchmany,chica,chica,tʃ i k a,,bravo1975,,,,,3382,0,0,?
Quichua-147_muchmany-2,,Quichua,147_muchmany,ancha,ancha,a n tʃ a,,bravo1975,,,,,1408,0,0,?
Quichua-147_muchmany-3,,Quichua,147_muchmany,ashca,ashca,a ʃ k a,,bravo1975,,,,,3382,0,0,?
Quichua-266_cold-1,,Quichua,266_cold,chiri,chiri,tʃ i r i,,bravo1975,,,,,1413,0,0,?
Quichua-39_sit-1,,Quichua,39_sit,tiacuy,tia+cu+y,t j a + k u + j,,bravo1975,,,,,1414 1415 2655,0,0,be.sit _:caus _:inf
Quichua-323_hold-1,,Quichua,323_hold,apiy,api+y,a p i + j,,bravo1975,,,,,731 2145,0,0,hold _:inf
Quichua-46_animal-1,,Quichua,46_animal,uyua,uyua,u j u a,,bravo1975,,,,,6218,0,0,?
Quichua-35_spider-1,,Quichua,35_spider,apasanca,apasanca,a p a s a ŋ k a,,bravo1975,,,,,6219,0,0,?
Quichua-95_claw-1,,Quichua,95_claw,sillu,sillu,s i ʎ u,,bravo1975,,,,,6220,0,0,?
Quichua-102_horn-1,,Quichua,102_horn,huampa,huampa,w a m p a,,bravo1975,,,,,6221,0,0,?
Quichua-102_horn-2,,Quichua,102_horn,huackra,huajra,w a x r a,,bravo1975,,,,,6222,0,0,?
Quichua-62_lip-1,,Quichua,62_lip,sipriy,sipriy,s i p r i j,,bravo1975,,,,,6223,0,0,?
Quichua-94_fingernail-1,,Quichua,94_fingernail,sillu,sillu,s i ʎ u,,bravo1975,,,,,6224,0,0,?
Quichua-109_lightning-1,,Quichua,109_lightning,llipípiy,llipípi+y,ʎ i p i p i + j,,bravo1975,,,,,4122 6227,0,0,strike.lightning _:inf
Quichua-126_liedown-1,,Quichua,126_liedown,siriy,siri+y,s i r i + j,,bravo1975,,,,,258 6228,0,0,lie.down _:inf
Quichua-72_house-1,,Quichua,72_house,huasi,huasi,w a s i,,bravo1975,,,,,2699,0,0,?
Quichua-101_child-1,,Quichua,101_child,huaa,huaa,w aː,,bravo1975,,,,,3437,0,0,?
Quichua-296_road-1,,Quichua,296_road,ñan,ñan,ɲ a n,,bravo1975,,,,,4401,0,0,?
Quichua-150_ten-1,,Quichua,150_ten,chunca,chunca,tʃ u ŋ k a,,bravo1975,,,,,1474,0,0,?
Quichua-110_fightvb-1,,Quichua,110_fightvb,mackanacuy,macka+nacu+y,m a q a + n a k u + j,,bravo1975,,,,,6231 273 6232,0,0,hit _:recip _:inf
Quichua-110_fightvb-2,,Quichua,110_fightvb,liryay,lirya+y,l i r j a + i,,bravo1975,,,,,6233 6232,0,0,fight _:inf
Quichua-293_owl-1,,Quichua,293_owl,ckocko,ckocko,q o q o,,bravo1975,,,,,277,0,0,?
Quichua-293_owl-2,,Quichua,293_owl,aracucu,aracucu,a r a k u k u,,bravo1975,,,,,277,0,0,?
Quichua-293_owl-3,,Quichua,293_owl,quitilipi,quitilipi,k i t i l i p i,,bravo1975,,,,,4698,0,0,?
Quichua-273_cat-1,,Quichua,273_cat,michi,michi,m i tʃ i,,bravo1975,,,,,776,0,0,?
Quichua-55_bee-1,,Quichua,55_bee,chumalulu,chumalulu,tʃ u m a + l u l u,,bravo1975,,,,,2193,0,0,absorbe _:act
Quichua-289_parrot-1,,Quichua,289_parrot,ckala,ckala,q a l a,,bravo1975,,,,,2194,0,0,?
Quichua-118_ant-1,,Quichua,118_ant,shishi,shishi,ʃ i ʃ i,,bravo1975,,,,,785,0,0,?
Quichua-118_ant-2,,Quichua,118_ant,huajala,huajala,w a x a l a,,bravo1975,,,,,2723,0,0,?
Quichua-118_ant-3,,Quichua,118_ant,llamishu,llami+shu,ʎ a m i + ʃ u,,bravo1975,,,,,2723 785,0,0,? _:desp
Quichua-89_fur-1,,Quichua,89_fur,ckara,ckara,q a r a,,bravo1975,,,,,787,0,0,?
Quichua-42_hairhead-1,,Quichua,42_hairhead,chujcha,chujcha,tʃ u x tʃ a,,bravo1975,,,,,1511,0,0,?
Quichua-249_penis-1,,Quichua,249_penis,chinguilu,chinguilu,tʃ i ŋ g i l u,,bravo1975,,,,,4418,0,0,?
Quichua-249_penis-2,,Quichua,249_penis,mackana,macka+na,m a q a + n a,,bravo1975,,,,,792 5993,0,0,hit _:nmlz
Quichua-249_penis-3,,Quichua,249_penis,pishcko,pishcko,p i ʃ q o,,bravo1975,,,,,4418,0,0,?
Quichua-249_penis-4,,Quichua,249_penis,pinchi,pinchi,p i n tʃ i,,bravo1975,,,,,4418,0,0,?
Quichua-249_penis-5,,Quichua,249_penis,pingo,pingo,p i ŋ g o,,bravo1975,,,,,4418,0,0,?
Quichua-288_lung-1,,Quichua,288_lung,soncko yúraj,soncko yúraj,s o ŋ q o + j u r a x,,bravo1975,,,,,6236 6237,0,0,heart white
Quichua-200_testicle-1,,Quichua,200_testicle,ckorota,ckorota,q o r o t a,,bravo1975,,,,,6239,0,0,?
Quichua-200_testicle-2,,Quichua,200_testicle,'runtu,'runtu,r u n t u,,bravo1975,,,,,6239,0,0,?
Quichua-262_under-1,,Quichua,262_under,ura,ura,u r a,,bravo1975,,,,,6241,0,0,?
Quichua-124_bed-1,,Quichua,124_bed,puñuna,puñu+na,p u ɲ u + n a,,bravo1975,,,,,819 317,0,0,sleep _:loc
Quichua-73_village-1,,Quichua,73_village,llajta,llajta,ʎ a x t a,,bravo1975,,,,,6243,0,0,?
Quichua-268_upabove-1,,Quichua,268_upabove,saa,saa,s aː,,bravo1975,,,,,2235,0,0,?
Quichua-60_doorgate-1,,Quichua,60_doorgate,llojsina,llojsi+na,ʎ o x s i + n a,,bravo1975,,,,,6244 1559,0,0,leave _:nmlz
Quichua-60_doorgate-2,,Quichua,60_doorgate,puncu,puncu,p u ŋ k u,,bravo1975,,,,,833,0,0,?
Quichua-76_cover-1,,Quichua,76_cover,ckátay,ckáta+y,q a t a + j,,bravo1975,,,,,835 5450,0,0,cover _:inf
Quichua-278_buy-1,,Quichua,278_buy,'rantiy,'ranti+y,r a n t i + j,,bravo1975,,,,,2237 1565,0,0,buy _:inf
Quichua-123_burnvbintrans-1,,Quichua,123_burnvbintrans,láuray,láura+y,l a w r a + j,,bravo1975,,,,,327 2790,0,0,burn _:inf
Quichua-123_burnvbintrans-2,,Quichua,123_burnvbintrans,ninayay,nina+ya+y,n i n a + j a + j,,bravo1975,,,,,328 2790 6245,0,0,fire _:intr _:inf
Quichua-158_nine-1,,Quichua,158_nine,esckon,esckon,e s q o n,,bravo1975,,,,,6246,0,0,?
Quichua-103_club-1,,Quichua,103_club,mackana,mackana,m a q a + n a,,bravo1975,,,,,6247,0,0,hit _:nmlz
Quichua-156_seven-1,,Quichua,156_seven,ckanchis,ckanchis,q a n tʃ i s,,bravo1975,,,,,6250,0,0,?
Quichua-86_path-1,,Quichua,86_path,ñan,ñan,ɲ a n,,bravo1975,,,,,4448,0,0,?
Quichua-277_cryweep-1,,Quichua,277_cryweep,huáckay,huácka+y,w a q a + j,,bravo1975,,,,,347 6251,0,0,cry _:inf
Quichua-155_six-1,,Quichua,155_six,shojta,shojta,ʃ o x t a,,bravo1975,,,,,6252,0,0,?
Quichua-287_maizecorn-1,,Quichua,287_maizecorn,chacra,chacra,tʃ a k r a,,bravo1975,,,,,4158,0,0,?
Quichua-287_maizecorn-2,,Quichua,287_maizecorn,chamcka,chamcka,tʃ a m q a,,bravo1975,,,,,4158,0,0,?
Quichua-287_maizecorn-3,,Quichua,287_maizecorn,chaupi chacra,chaupi chacra,tʃ a w p i + tʃ a k r a,,bravo1975,,,,,1629 4158,0,0,middle maize
Quichua-287_maizecorn-4,,Quichua,287_maizecorn,choclo,choclo,tʃ o k l o,,bravo1975,,,,,4158,0,0,?
Quichua-287_maizecorn-5,,Quichua,287_maizecorn,chuchocka,chuchocka,tʃ u tʃ o q a,,bravo1975,,,,,4158,0,0,?
Quichua-287_maizecorn-6,,Quichua,287_maizecorn,ckapia,ckapia,q a p j a,,bravo1975,,,,,864,0,0,?
Quichua-287_maizecorn-7,,Quichua,287_maizecorn,ckecke,ckecke,q e q e,,bravo1975,,,,,6256,0,0,?
Quichua-287_maizecorn-8,,Quichua,287_maizecorn,pishinga,pishinga,p i ʃ i ŋ g a,,bravo1975,,,,,6257,0,0,?
Quichua-287_maizecorn-9,,Quichua,287_maizecorn,sara,sara,s a r a,,bravo1975,,,,,4158,0,0,?
Quichua-206_oldman-1,,Quichua,206_oldman,morcko,morcko,m o r q o,,bravo1975,,,,,354,0,0,?
Quichua-206_oldman-2,,Quichua,206_oldman,atun,atun,a t u n,,bravo1975,,,,,353,0,0,?
Quichua-151_twenty-1,,Quichua,151_twenty,ishcay chunca,ishcay chunca,i ʃ k ai + tʃ u ŋ k a,,bravo1975,,,,,6259 1642,0,0,two ten
Quichua-295_ripe-1,,Quichua,295_ripe,pocko,pocko,p o q o,,bravo1975,,,,,4920,0,0,?
Quichua-157_eight-1,,Quichua,157_eight,púsaj,púsaj,p u s a x,,bravo1975,,,,,886,0,0,?
Quichua-159_cook-1,,Quichua,159_cook,yánuy,yánu+y,j a n u + j,,bravo1975,,,,,1699 901,0,0,cook _:inf
Quichua-207_oldwoman-1,,Quichua,207_oldwoman,paya,paya,p a j a,,bravo1975,,,,,6263,0,0,?
Quichua-207_oldwoman-2,,Quichua,207_oldwoman,atun,atun,a t u n,,bravo1975,,,,,904,0,0,?
Quichua-36_spiderweb-1,,Quichua,36_spiderweb,llica,llica,ʎ i k a,,bravo1975,,,,,5106,0,0,?
Quichua-252_cow-1,,Quichua,252_cow,vaca,vaca,v a k a,,bravo1975,,,,,297,0,0,?
Quichua-173_lizard-1,,Quichua,173_lizard,chonckacu,chelco,tʃ e l k o,,bravo1975,,,,,914,0,0,?
Quichua-173_lizard-2,,Quichua,173_lizard,ckaracha,ckarusha,q a r u + ʃ a,,bravo1975,,,,,6264,0,0,skin _:nmlz
Quichua-173_lizard-3,,Quichua,173_lizard,chelqo,chelqo,tʃ e l q o,,bravo1975,,,,,914,0,0,?
Quichua-173_lizard-4,,Quichua,173_lizard,ckomerejo,ckomer+ejo,q o m e r + e x o,,bravo1975,,,,,395 4484,0,0,green _:nmlz
Quichua-173_lizard-5,,Quichua,173_lizard,umucuti,umucuti,u m u k u t i,,bravo1975,,,,,914,0,0,?
Quichua-173_lizard-6,,Quichua,173_lizard,ututu,ututu,u t u t u,,bravo1975,,,,,914,0,0,?
Quichua-267_nest-1,,Quichua,267_nest,mama,mama,m a m a,,bravo1975,,,,,2277,0,0,?
Quichua-117_hegoat-1,,Quichua,117_hegoat,huashckalu,huashcka+lu,w a ʃ q a + l u,,bravo1975,,,,,6266 6267,0,0,necklace _:nmlz
Quichua-302_pig-1,,Quichua,302_pig,cuchi,cuchi,k u tʃ i,,bravo1975,,,,,920,0,0,?
Quichua-174_dove-1,,Quichua,174_dove,urpila,urpila,u r p i l a,,bravo1975,,,,,6268,0,0,?
Quichua-174_dove-2,,Quichua,174_dove,ckechalita,ckechalita,q e tʃ a l + i t a,,bravo1975,,,,,923,0,0,dung _:dim
Quichua-186_shell-1,,Quichua,186_shell,ckara,ckara,q a r a,,bravo1975,,,,,1756,0,0,?
Quichua-245_snail-1,,Quichua,245_snail,ckoshulu,ckoshulu,q o ʃ u l u,,bravo1975,,,,,6272,0,0,?
Quichua-160_fox-1,,Quichua,160_fox,atoj,atoj,a t o x,,bravo1975,,,,,425,0,0,?
Quichua-131_insect-1,,Quichua,131_insect,bichu,bichu,b i tʃ u,,bravo1975,,,,,6273,0,0,?
Quichua-113_horseequine-1,,Quichua,113_horseequine,caballu,caballu,k a b a ʎ u,,bravo1975,,,,,2299,0,0,?
Quichua-265_goose-1,,Quichua,265_goose,huiti,huiti,w i t i,,bravo1975,,,,,6275,0,0,?
Quichua-2_beehive-1,,Quichua,2_beehive,tíu simi,tíu simi,t i u + s i m i,,bravo1975,,,,,961 6277,0,0,? tongue
Quichua-257_wasp-1,,Quichua,257_wasp,carán,carán,k a r a n,,bravo1975,,,,,5315,0,0,?
Quichua-257_wasp-2,,Quichua,257_wasp,shira shira,shira shira,ʃ i r a ʃ i r a,,bravo1975,,,,,5315 6278,0,0,?
Quichua-257_wasp-3,,Quichua,257_wasp,huaicuru,huaicuru,w ai k u r u,,bravo1975,,,,,5315,0,0,?
Quichua-257_wasp-4,,Quichua,257_wasp,huala puca,huala puca,w a l a + p u k a,,bravo1975,,,,,2964 461,0,0,? red
Quichua-70_eyelid-1,,Quichua,70_eyelid,ñahui ckara,ñahui ckara,ɲ a w i + q a r a,,bravo1975,,,,,1818 580,0,0,eye skin
Quichua-259_eyelash-1,,Quichua,259_eyelash,ckeshifra,ckeshifra,q e ʃ i f r a,,bravo1975,,,,,6289,0,0,?
Quichua-121_footprint-1,,Quichua,121_footprint,saru,saru,s a r u,,bravo1975,,,,,1853,0,0,?
Quichua-301_urinate-1,,Quichua,301_urinate,ishpay,ishpa+y,i ʃ p a + j,,bravo1975,,,,,3709 6306,0,0,urinate _:inf
Quichua-77_nippleteat-1,,Quichua,77_nippleteat,chichi,chichi,tʃ i tʃ i,,bravo1975,,,,,3032,0,0,?
Quichua-81_spine-1,,Quichua,81_spine,huasatullu,huasa+tullu,w a s a + t u ʎ u,,bravo1975,,,,,3053 2378,0,0,back bone
Quichua-294_pus-1,,Quichua,294_pus,ckea,ckea,q e a,,bravo1975,,,,,3747,0,0,?
Quichua-134_itch-1,,Quichua,134_itch,cáray,cára+y,k a r a + j,,bravo1975,,,,,5602 6323,0,0,itch _:inf
Quichua-134_itch-2,,Quichua,134_itch,shéjsiy,shéjsi+y,ʃ e x s i + j,,bravo1975,,,,,2423 6323,0,0,itch _:inf
Quichua-269_wakeup-1,,Quichua,269_wakeup,llíjchay,llíjcha+y,ʎ i x tʃ a + j,,bravo1975,,,,,6324 1935,0,0,wake.up _:inf
Quichua-105_shadeshadow-1,,Quichua,105_shadeshadow,llantu,llantu,ʎ a n t u,,bravo1975,,,,,6326,0,0,?
Quichua-107_summer-1,,Quichua,107_summer,ckóñiy pacha,ckóñi+y pacha,q o ɲ i + j + p a tʃ a,,bravo1975,,,,,6332 5905 6333,0,0,heat _:inf part
Quichua-107_summer-2,,Quichua,107_summer,pockoy pacha,pocko+y pacha,p o q o + j + p a tʃ a,,bravo1975,,,,,3140 5905 6333,0,0,ripe _:inf part
Quichua-107_summer-3,,Quichua,107_summer,'rupay pacha,'rupa+y pacha,r u p a + j + p a tʃ a,,bravo1975,,,,,6334 5905 6333,0,0,burn _:inf part
Toba-85_blood-1,,Toba,85_blood,ltago'q,l+tago'q,l + t a g o ʔ q,,buckwalter1980;martinez2009;cuneo2009;buckwalter2015c,,,,,6 2003,0,0,_:poss blood
Toba-59_mouth-1,,Toba,59_mouth,alap,al+ap,a l + a p,,buckwalter1980;martinez2009;cuneo2009;buckwalter2015c,,,,,5413 2006,0,0,_:poss mouth
Toba-79_head-1,,Toba,79_head,lqaic,l+qaic,l + q ai k,,buckwalter1980;martinez2009;cuneo2009;buckwalter2015c,,,,,6 2008,0,0,_:poss head
Toba-56_hand-1,,Toba,56_hand,lhuaq,l+huaq,l + w a q,,buckwalter1980;martinez2009;cuneo2009;buckwalter2015c,,,,,6 739,0,0,_:poss hand
Toba-56_hand-2,,Toba,56_hand,napocna,n+apocna,n + a p o k n a,,buckwalter1980;martinez2009;cuneo2009;buckwalter2015c,,,,,1 545 11,0,0,_:poss hand
Toba-53_ear-1,,Toba,53_ear,ltela,l+tela,l + t e l a,,buckwalter1980;martinez2009;cuneo2009;buckwalter2015c,,,,,6 2310,0,0,_:poss ear
Toba-50_red-1,,Toba,50_red,toc,toc,t o k,,buckwalter1980;martinez2009;cuneo2009;buckwalter2015c,,,,,1137,0,0,?
Toba-163_see-1,,Toba,163_see,imeten,i+meten,i + m e t e n,,buckwalter1980;martinez2009;cuneo2009;buckwalter2015c,,,,,1966 72,0,0,_:3sg see
Toba-163_see-2,,Toba,163_see,ilo,i+lo,i + l o,,buckwalter1980;martinez2009;cuneo2009;buckwalter2015c,,,,,1966 4073,0,0,_:3sg see
Toba-163_see-3,,Toba,163_see,ỹauana,ỹ+auan+a,j + a w a n + a,,buckwalter1980;martinez2009;cuneo2009;buckwalter2015c,,,,,2133 4105 1144,0,0,_:3sg see _:3O
Toba-37_husband-1,,Toba,37_husband,lhua,l+hua,l + w a,,buckwalter1980;martinez2009;cuneo2009;buckwalter2015c,,,,,6 26,0,0,_:poss spouse
Toba-37_husband-2,,Toba,37_husband,lamoxoua,l+amoxoua,l + a m o ʁ o w a,,buckwalter1980;martinez2009;cuneo2009;buckwalter2015c,,,,,6 2019 26,0,0,_:poss spouse
Toba-38_wife-1,,Toba,38_wife,lhua,l+hua,l + w a,,buckwalter1980;martinez2009;cuneo2009;buckwalter2015c,,,,,6 29,0,0,_:poss wife
Toba-38_wife-2,,Toba,38_wife,lamoxoua,l+amoxoua,l + a m o ʁ o w a,,buckwalter1980;martinez2009;cuneo2009;buckwalter2015c,,,,,6 2019 29,0,0,_:poss wife
Toba-138_hear-1,,Toba,138_hear,hua'aqa,hua'aqa,w a ʔ a q a,,buckwalter1980;martinez2009;cuneo2009;buckwalter2015c,,,,,6335 34,0,0,?
Toba-138_hear-2,,Toba,138_hear,noma,noma,n o m a,,buckwalter1980;martinez2009;cuneo2009;buckwalter2015c,,,,,6336 2492,0,0,?
Toba-187_bird-1,,Toba,187_bird,huaỹapec,hu+aỹa+pec,w + a j a + p e k,,buckwalter1980;martinez2009;cuneo2009;buckwalter2015c,,,,,2495 37 6157,0,0,_:3sg fly _:dir
Toba-187_bird-2,,Toba,187_bird,qoỹo,qoỹo,q o j o,,buckwalter1980;martinez2009;cuneo2009;buckwalter2015c,,,,,37,0,0,?
Toba-97_fish-1,,Toba,97_fish,nỹaq,nỹaq,n j a q,,buckwalter1980;martinez2009;cuneo2009;buckwalter2015c,,,,,2022,0,0,?
Toba-130_louse-1,,Toba,130_louse,lalaxat,l+alaxat,l + a l a ʁ a t,,buckwalter1980;martinez2009;cuneo2009;buckwalter2015c,,,,,6 290,0,0,_:poss louse
Toba-129_dog-1,,Toba,129_dog,pioq,pioq,p j o q,,buckwalter1980;martinez2009;cuneo2009;buckwalter2015c,,,,,287,0,0,?
Toba-251_tongue-1,,Toba,251_tongue,lachaxat,l+achaxat,l + a tʃ a ʁ a t,,buckwalter1980;martinez2009;cuneo2009;buckwalter2015c,,,,,6 1160,0,0,_:poss tongue
Toba-78_breastofwoman-1,,Toba,78_breastofwoman,ltete,l+tete,l + t e t e,,buckwalter1980;martinez2009;cuneo2009;buckwalter2015c,,,,,6 49,0,0,_:poss breast
Toba-98_wing-1,,Toba,98_wing,laua,l+aua,l + a w a,,buckwalter1980;martinez2009;cuneo2009;buckwalter2015c,,,,,6 739,0,0,_:poss wing
Toba-82_back-1,,Toba,82_back,llaq,l+laq,l + l a q,,buckwalter1980;martinez2009;cuneo2009;buckwalter2015c,,,,,6 2034,0,0,_:poss back
Toba-83_bone-1,,Toba,83_bone,lpi'inec,l+pi'inec,l + p i ʔ i n e k,,buckwalter1980;martinez2009;cuneo2009;buckwalter2015c,,,,,6 54,0,0,_:poss bone
Toba-120_leg-1,,Toba,120_leg,lchi,l+chi,l + tʃ i,,buckwalter1980;martinez2009;cuneo2009;buckwalter2015c,,,,,6 56,0,0,_:poss leg
Toba-246_foot-1,,Toba,246_foot,lapia',l+apia',l + a p j a ʔ,,buckwalter1980;martinez2009;cuneo2009;buckwalter2015c,,,,,6 572,0,0,_:poss foot
Toba-261_heart-1,,Toba,261_heart,lquiyaqte,l+quiyaqte,l + k i ʒ a q t e,,buckwalter1980;martinez2009;cuneo2009;buckwalter2015c,,,,,6 574 6296,0,0,_:poss heart
Toba-125_sleep-1,,Toba,125_sleep,do'ochi,do+'och+i,d o + ʔ o tʃ i,,buckwalter1980;martinez2009;cuneo2009;buckwalter2015c,,,,,64 2231 1173,0,0,_:3sg sleep
Toba-114_tail-1,,Toba,114_tail,l'adaxashit,l+'ad+axa+shit,l + ʔ a d a ʁ a ʃ i t,,buckwalter1980;martinez2009;cuneo2009;buckwalter2015c,,,,,6 4604 4987 577,0,0,_:poss tail
Toba-111_kill-1,,Toba,111_kill,ỹalauat,ỹ+alauat,j + a l a w a t,,buckwalter1980;martinez2009;cuneo2009;buckwalter2015c,,,,,2133 2050,0,0,_:3sg kill
Toba-75_skinhide-1,,Toba,75_skinhide,l'oc,l+'oc,l + ʔ o k,,buckwalter1980;martinez2009;cuneo2009;buckwalter2015c,,,,,6 70,0,0,_:poss skin
Toba-75_skinhide-2,,Toba,75_skinhide,loshi',l+oshi',l + o ʃ i ʔ,,buckwalter1980;martinez2009;cuneo2009;buckwalter2015c,,,,,6 6337,0,0,_:poss skin
Toba-75_skinhide-3,,Toba,75_skinhide,lvi,l+vi,l + ʋ i,,buckwalter1980;martinez2009;cuneo2009;buckwalter2015c,,,,,6 4975,0,0,_:poss skin
Toba-44_feather-1,,Toba,44_feather,laua,l+aua,l + a w a,,buckwalter1980;martinez2009;cuneo2009;buckwalter2015c,,,,,6 739,0,0,_:poss feather
Toba-44_feather-2,,Toba,44_feather,laue,l+aue,l + a w e,,buckwalter1980;martinez2009;cuneo2009;buckwalter2015c,,,,,6 239,0,0,_:poss hair
Toba-139_earthgroundsoil-1,,Toba,139_earthgroundsoil,alhua,alhua,a l w a,,buckwalter1980;martinez2009;cuneo2009;buckwalter2015c,,,,,583,0,0,?
Toba-139_earthgroundsoil-2,,Toba,139_earthgroundsoil,lma',l+ma',l + m a ʔ,,buckwalter1980;martinez2009;cuneo2009;buckwalter2015c,,,,,6 6338,0,0,_:poss place
Toba-154_four-1,,Toba,154_four,cuatrolqa,cuatr+olqa,k w a t r o l q a,,buckwalter1980;martinez2009;cuneo2009;buckwalter2015c,,,,,4081 4269,0,0,?
Toba-167_yellow-1,,Toba,167_yellow,qoñoxooic,qoñ+oxoi,q o ɲ i + o ʁ oi,,buckwalter1980;martinez2009;cuneo2009;buckwalter2015c,,,,,88 4051 620 2405,0,0,yellow _:atr
Toba-167_yellow-2,,Toba,167_yellow,qovi,qovi,q o ʋ i,,buckwalter1980;martinez2009;cuneo2009;buckwalter2015c,,,,,88,0,0,?
Toba-133_flyvb-1,,Toba,133_flyvb,huaỹo,hu+aỹo,w + a j o,,buckwalter1980;martinez2009;cuneo2009;buckwalter2015c,,,,,2059 1205,0,0,_:3sg fly
Toba-297_root-1,,Toba,297_root,lpa'a',l+pa'a',l + p a ʔ a ʔ,,buckwalter1980;martinez2009;cuneo2009;buckwalter2015c,,,,,6 90,0,0,_:poss root
Toba-67_lake-1,,Toba,67_lake,lapel,lapel,l a p e l,,buckwalter1980;martinez2009;cuneo2009;buckwalter2015c,,,,,6340,0,0,?
Toba-243_black-1,,Toba,243_black,lauedaxaaic,l+aued+axai,l + a w e d + a ʁ a i,,buckwalter1980;martinez2009;cuneo2009;buckwalter2015c,,,,,6 239 1210 4987 473 2405,0,0,_:3sg black _:adj
Toba-164_dust-1,,Toba,164_dust,namoxoỹaxa,n+amox+o+ỹaxa,n + a m o ʁ o + j a ʁ a,,buckwalter1980;martinez2009;cuneo2009;buckwalter2015c,,,,,1 3856 1220 1219,0,0,_:poss dusty _:nmlz
Toba-168_star-1,,Toba,168_star,huaqajñi,huaqajñi,w a q a h ɲ i,,buckwalter1980;martinez2009;cuneo2009;buckwalter2015c,,,,,2070 2071 2073,0,0,?
Toba-280_personhumanbeing-1,,Toba,280_personhumanbeing,qom,qom,q o m,,buckwalter1980;martinez2009;cuneo2009;buckwalter2015c,,,,,4084,0,0,?
Toba-280_personhumanbeing-2,,Toba,280_personhumanbeing,shiỹaxaua,shiỹaxaua,ʃ i j a ʁ a w a,,buckwalter1980;martinez2009;cuneo2009;buckwalter2015c,,,,,1655 2074,0,0,?
Toba-66_mother-1,,Toba,66_mother,late'e,l+ate'e,l + a t e ʔ e,,buckwalter1980;martinez2009;cuneo2009;buckwalter2015c,,,,,6 445,0,0,_:poss mother
Toba-145_nearadv-1,,Toba,145_nearadv,hueto'ot,hue+to+'ot,w e + t o + ʔ o t,,buckwalter1980;martinez2009;cuneo2009;buckwalter2015c,,,,,3860 615 4626,0,0,stay _:dur _:below
Toba-145_nearadv-2,,Toba,145_nearadv,sa qaỹapque,sa qaỹapque,s a + q a j a p k e,,buckwalter1980;martinez2009;cuneo2009;buckwalter2015c,,,,,3099 5365,0,0,not far
Toba-92_cloud-1,,Toba,92_cloud,l'oc,l+'oc,l + ʔ o k,,buckwalter1980;martinez2009;cuneo2009;buckwalter2015c,,,,,6 70,0,0,_:poss skin
Toba-279_come-1,,Toba,279_come,anac,anac,a n a k,,buckwalter1980;martinez2009;cuneo2009;buckwalter2015c,,,,,621 113,0,0,?
Toba-279_come-2,,Toba,279_come,nvi,n+vi,n + ʋ i,,buckwalter1980;martinez2009;cuneo2009;buckwalter2015c,,,,,1 114,0,0,_:3sg come
Toba-279_come-3,,Toba,279_come,anac,anac,a n a k,,buckwalter1980;martinez2009;cuneo2009;buckwalter2015c,,,,,621 113,0,0,?
Toba-43_leaf-1,,Toba,43_leaf,laue,l+aue,l + a w e,,buckwalter1980;martinez2009;cuneo2009;buckwalter2015c,,,,,6 239,0,0,_:poss hair
Toba-93_sky-1,,Toba,93_sky,piguem,piguem,p i g e m,,buckwalter1980;martinez2009;cuneo2009;buckwalter2015c,,,,,2080,0,0,?
Toba-90_bark-1,,Toba,90_bark,laso,la+so,l a + s o,,buckwalter1980;martinez2009;cuneo2009;buckwalter2015c,,,,,2051 70,0,0,_:poss bark
Toba-140_where-1,,Toba,140_where,hua'ague,hua'a+gue,w a ʔ a + g e,,buckwalter1980;martinez2009;cuneo2009;buckwalter2015c,,,,,2089 1275 3282,0,0,go _:loc
Toba-298_ropecord-1,,Toba,298_ropecord,lañic,l+añic,l + a ɲ i k,,buckwalter1980;martinez2009;cuneo2009;buckwalter2015c,,,,,6 1285,0,0,_:poss cord
Toba-141_how-1,,Toba,141_how,hua'aco',hua'aco',w a ʔ a k o ʔ,,buckwalter1980;martinez2009;cuneo2009;buckwalter2015c,,,,,6350 3276 645,0,0,?
Toba-141_how-2,,Toba,141_how,qachoxochi,qachoxochi,q a tʃ o ʁ o tʃ i,,buckwalter1980;martinez2009;cuneo2009;buckwalter2015c,,,,,645,0,0,?
Toba-153_three-1,,Toba,153_three,treesolqa,treesolqa,t r eː s o l q a,,buckwalter1980;martinez2009;cuneo2009;buckwalter2015c,,,,,2091 4269,0,0,?
Toba-244_white-1,,Toba,244_white,ỹapagaq,ỹa+pagaq,j a + p a g a q,,buckwalter1980;martinez2009;cuneo2009;buckwalter2015c,,,,,2790 1288,0,0,_:3sg white
Toba-146_faradv-1,,Toba,146_faradv,qaỹata'ague,qaỹ+a+ta+'a+gue,q a j a + t a + ʔ a + g e,,buckwalter1980;martinez2009;cuneo2009;buckwalter2015c,,,,,2093 5941 520 5942 3282,0,0,far _:dur _:loc
Toba-106_year-1,,Toba,106_year,vi'i,vi'i,ʋ i ʔ i,,buckwalter1980;martinez2009;cuneo2009;buckwalter2015c,,,,,6148,0,0,?
Toba-162_drink-1,,Toba,162_drink,nỹom,n+ỹom,n + j o m,,buckwalter1980;martinez2009;cuneo2009;buckwalter2015c,,,,,1 2586,0,0,_:3sg drink
Toba-248_flower-1,,Toba,248_flower,lauoxo,l+auoxo,l + a w o ʁ o,,buckwalter1980;martinez2009;cuneo2009;buckwalter2015c,,,,,6 141,0,0,_:poss flower
Toba-248_flower-2,,Toba,248_flower,lasoviaxa,la+sovi+axa,l + a s o ʋ i + a ʁ a,,buckwalter1980;martinez2009;cuneo2009;buckwalter2015c,,,,,2051 1300 4987,0,0,_:poss blossom _:nmlz
Toba-41_fall-1,,Toba,41_fall,huajñi; hua'aqteec; ilamaqañi; nalauec; najñi,huaj+ñi,w a h + ɲ i,,buckwalter1980;martinez2009;cuneo2009;buckwalter2015c,,,,,2590 2132,0,0,fall _:dir
Toba-41_fall-2,,Toba,41_fall,huajñi; hua'aqteec; ilamaqañi; nalauec; najñi,hua'aq+te+ec,w a ʔ a q + t e + e k,,buckwalter1980;martinez2009;cuneo2009;buckwalter2015c,,,,,2590 3289 1305,0,0,fall _:asp _:dir
Toba-41_fall-3,,Toba,41_fall,huajñi; hua'aqteec; ilamaqañi; nalauec; najñi,i+lamaq+a+ñi,i + l a m a q a + ɲ i,,buckwalter1980;martinez2009;cuneo2009;buckwalter2015c,,,,,1966 1305 656 2132,0,0,_:3sg fall _:dir
Toba-41_fall-4,,Toba,41_fall,huajñi; hua'aqteec; ilamaqañi; nalauec; najñi,na+la+uec,n a l a + w e k,,buckwalter1980;martinez2009;cuneo2009;buckwalter2015c,,,,,1304 4874 6342,0,0,fall _:dir
Toba-41_fall-5,,Toba,41_fall,huajñi; hua'aqteec; ilamaqañi; nalauec; najñi,naj+ñi,n a h + ɲ i,,buckwalter1980;martinez2009;cuneo2009;buckwalter2015c,,,,,2100 2132,0,0,fall _:dir
Toba-264_know-1,,Toba,264_know,ỹaỹaten,ỹa+ỹaten,j a + j a t e n,,buckwalter1980;martinez2009;cuneo2009;buckwalter2015c,,,,,2790 149,0,0,_:3sg know
Toba-274_ashes-1,,Toba,274_ashes,alo,alo,a l o,,buckwalter1980;martinez2009;cuneo2009;buckwalter2015c,,,,,1311,0,0,?
Toba-65_largebig-1,,Toba,65_largebig,lta'a; lta'adaic; late'e; late'edai; ''amaqtaq,l+ta'a+dai+c,l + t a ʔ a + d ai + k,,buckwalter1980;martinez2009;cuneo2009;buckwalter2015c,,,,,6 857 175 2405,0,0,_:poss father _:atr _:masc
Toba-65_largebig-2,,Toba,65_largebig,lta'a; lta'adaic; late'e; late'edai; ''amaqtaq,l+ate'e+dai,l + a t e ʔ e + d ai,,buckwalter1980;martinez2009;cuneo2009;buckwalter2015c,,,,,6 445 175,0,0,_:poss mother _:atr
Toba-65_largebig-3,,Toba,65_largebig,lta'a; lta'adaic; late'e; late'edai; ''amaqtaq,'amaqtaq,ʔ a m a q t a q,,buckwalter1980;martinez2009;cuneo2009;buckwalter2015c,,,,,6351,0,0,?
Toba-148_short-1,,Toba,148_short,pichisolec; saq aloc,pichis+ole+c,p i tʃ i s + o l e + k,,buckwalter1980;martinez2009;cuneo2009;buckwalter2015c,,,,,661 291 2405,0,0,short _:dim _:masc
Toba-148_short-2,,Toba,148_short,pichisolec; saq aloc,saq aloc,s a q + a l o k,,buckwalter1980;martinez2009;cuneo2009;buckwalter2015c,,,,,6345 2103,0,0,not long
Toba-149_five-1,,Toba,149_five,cincolqa,cincolqa,s i ŋ k o l q a,,buckwalter1980;martinez2009;cuneo2009;buckwalter2015c,,,,,5391 6356 5016,0,0,?
Toba-276_eat-1,,Toba,276_eat,"deque'e, depetaxan, nqui'aqchin (fast), nqouectac (voraciously), lqui'axac (nominalized), chic (he eats it), yau (he eats it all)",de+que'e,d e + k e ʔ e,,buckwalter1980;martinez2009;cuneo2009;buckwalter2015c,,,,,1269 4325,0,0,_:3sg eat
Toba-276_eat-2,,Toba,276_eat,"deque'e, depetaxan, nqui'aqchin (fast), nqouectac (voraciously), lqui'axac (nominalized), chic (he eats it), yau (he eats it all)",de+pe+axan,d e + p e t + a ʁ a n,,buckwalter1980;martinez2009;cuneo2009;buckwalter2015c,,,,,1269 1334 4055,0,0,_:3A eat _:val
Toba-276_eat-3,,Toba,276_eat,"deque'e, depetaxan, nqui'aqchin (fast), nqouectac (voraciously), lqui'axac (nominalized), chic (he eats it), yau (he eats it all)",n+qouec+tac,n + q o w e k + t a k,,buckwalter1980;martinez2009;cuneo2009;buckwalter2015c,,,,,1 4325 1537,0,0,_:3p.al eat.quickly _:asp
Toba-276_eat-4,,Toba,276_eat,"deque'e, depetaxan, nqui'aqchin (fast), nqouectac (voraciously), lqui'axac (nominalized), chic (he eats it), yau (he eats it all)",chec,tʃ e k,,buckwalter1980;martinez2009;cuneo2009;buckwalter2015c,,,,,1330,0,0,?
Toba-276_eat-5,,Toba,276_eat,"deque'e, depetaxan, nqui'aqchin (fast), nqouectac (voraciously), lqui'axac (nominalized), chic (he eats it), yau (he eats it all)",ỹau,j a u,,buckwalter1980;martinez2009;cuneo2009;buckwalter2015c,,,,,167,0,0,?
Toba-191_grass-1,,Toba,191_grass,auaqpi,auaq+pi,a w a q + p i,,buckwalter1980;martinez2009;cuneo2009;buckwalter2015c,,,,,2110 1608,0,0,grass _:pl
Toba-152_one-1,,Toba,152_one,oonolec,oon+ole+c,oː n + o l e,,buckwalter1980;martinez2009;cuneo2009;buckwalter2015c,,,,,2113 291 2405,0,0,one _:dim
Toba-263_everyall-1,,Toba,263_everyall,"enauac, ima, nmichiguiñi",enauac,e n a w a k,,buckwalter1980;martinez2009;cuneo2009;buckwalter2015c,,,,,677,0,0,?
Toba-263_everyall-2,,Toba,263_everyall,"enauac, ima, nmichiguiñi",i+ma,i m a,,buckwalter1980;martinez2009;cuneo2009;buckwalter2015c,,,,,1966 3879,0,0,_:3sg complete
Toba-263_everyall-3,,Toba,263_everyall,"enauac, ima, nmichiguiñi",n+mi+chiguiñi,n + m i tʃ + i g i ɲ i,,buckwalter1980;martinez2009;cuneo2009;buckwalter2015c,,,,,1 3879 169,0,0,_:3sg complete _:dir
Toba-291_name-1,,Toba,291_name,"l'enaxat; iỹaxanaxanapec, delonataxan, i-lon (all verbs)",l+'enaxat,l + ʔ e n a ʁ a t,,buckwalter1980;martinez2009;cuneo2009;buckwalter2015c,,,,,6 4095,0,0,_:poss name
Toba-291_name-2,,Toba,291_name,"l'enaxat; iỹaxanaxanapec, delonataxan, i-lon (all verbs)",i+ỹaxan+axan+apec,i + j a ʁ a n + a ʁ a n + a p e k,,buckwalter1980;martinez2009;cuneo2009;buckwalter2015c,,,,,1966 6357 4055 6358,0,0,_:3sg call _:val _:nmlz
Toba-291_name-3,,Toba,291_name,"l'enaxat; iỹaxanaxanapec, delonataxan, i-lon (all verbs)",i+lon,i + l o n,,buckwalter1980;martinez2009;cuneo2009;buckwalter2015c,,,,,1966 2615,0,0,_:3sg name
Toba-292_old-1,,Toba,292_old,"toguishic (adj), lapidaic (adj), quedoq (adj)",to+guishi+c,t o + g i ʃ i + k,,buckwalter1980;martinez2009;cuneo2009;buckwalter2015c,,,,,682 2116 5393,0,0,old _:adj _:masc
Toba-292_old-2,,Toba,292_old,"toguishic (adj), lapidaic (adj), quedoq (adj)",l+apid+ai+c,l + a p i d + ai + k,,buckwalter1980;martinez2009;cuneo2009;buckwalter2015c,,,,,2115 175 2405,0,0,_:poss grandfather _:atr _:masc
Toba-292_old-3,,Toba,292_old,"toguishic (adj), lapidaic (adj), quedoq (adj)",quedoq,k e d o q,,buckwalter1980;martinez2009;cuneo2009;buckwalter2015c,,,,,5699,0,0,?
Toba-282_father-1,,Toba,282_father,"lta'a, taxade, co'oic",l+ta'a,l + t a ʔ a,,buckwalter1980;martinez2009;cuneo2009;buckwalter2015c,,,,,6 857,0,0,_:poss father
Toba-282_father-2,,Toba,282_father,"lta'a, taxade, co'oic",taxade,t a ʁ a d e,,buckwalter1980;martinez2009;cuneo2009;buckwalter2015c,,,,,177,0,0,?
Toba-282_father-3,,Toba,282_father,"lta'a, taxade, co'oic",co'o+i+c,k o ʔ o + i + k,,buckwalter1980;martinez2009;cuneo2009;buckwalter2015c,,,,,6119 684 2405,0,0,beget _:adj _:masc
Toba-100_smalllittle-1,,Toba,100_smalllittle,"lỹalec, cocho'oñic, tai'",l+ỹale+c,l + j a l e + k,,buckwalter1980;martinez2009;cuneo2009;buckwalter2015c,,,,,6 2928 2405,0,0,_:poss small/son _:masc
Toba-100_smalllittle-2,,Toba,100_smalllittle,"lỹalec, cocho'oñic, tai'",cocho+'oñi+c,k o tʃ o ʔ o ɲ i + k,,buckwalter1980;martinez2009;cuneo2009;buckwalter2015c,,,,,1356 1352 2405,0,0,small _:masc
Toba-100_smalllittle-3,,Toba,100_smalllittle,"lỹalec, cocho'oñic, tai'",tai',t ai ʔ,,buckwalter1980;martinez2009;cuneo2009;buckwalter2015c,,,,,2618,0,0,?
Toba-135_two-1,,Toba,135_two,dos,dos,d o s,,buckwalter1980;martinez2009;cuneo2009;buckwalter2015c,,,,,2119,0,0,?
Toba-15_long-1,,Toba,15_long,a+loc,a+loc,a + l o k,,buckwalter1980;martinez2009;cuneo2009;buckwalter2015c,,,,,1364 187,0,0,long
Toba-15_long-2,,Toba,15_long,qalote+gue,qalote+gue,q a l o t e + g e,,buckwalter1980;martinez2009;cuneo2009;buckwalter2015c,,,,,187 3282,0,0,_:towards
Toba-15_long-3,,Toba,15_long,qalochi+gui+ñi,qalochi+gui+ñi,q a l o tʃ i + g i + ɲ i,,buckwalter1980;martinez2009;cuneo2009;buckwalter2015c,,,,,187 4367 2132,0,0,_:inside _:down
Toba-15_long-4,,Toba,15_long,qa+loc+sho'ole+c,qa+loc+sho'ole+c,q a + l o k + ʃ o ʔ o l e + k,,buckwalter1980;martinez2009;cuneo2009;buckwalter2015c,,,,,688 187 6359 2405,0,0,long ? _:masc
Toba-275_intestinesguts-1,,Toba,275_intestinesguts,lailshic,la+il+shic,l a + i l + ʃ i k,,buckwalter1980;martinez2009;cuneo2009;buckwalter2015c,,,,,2627 2121 4338,0,0,_:poss interior _:?
Toba-275_intestinesguts-2,,Toba,275_intestinesguts,lauel l'ec,la+uel l+'ec,l + a w e l + l + ʔ e k,,buckwalter1980;martinez2009;cuneo2009;buckwalter2015c,,,,,6 2121 6360 4338,0,0,_:poss interior _:poss native
Toba-188_smellvbtrans-1,,Toba,188_smellvbtrans,"ita, ncoỹaxana",i+ta,i + t a,,buckwalter1980;martinez2009;cuneo2009;buckwalter2015c,,,,,1966 695,0,0,_:3sg smell
Toba-188_smellvbtrans-2,,Toba,188_smellvbtrans,"ita, ncoỹaxana",n+coỹaxa+n+a,n + k o j a ʁ a + n + a,,buckwalter1980;martinez2009;cuneo2009;buckwalter2015c,,,,,1 1375 1 6362,0,0,_:3sg smell _:3O
Toba-52_treecf08600-1,,Toba,52_treecf08600,qo'ipaq,qo'ipaq,q o ʔ + i p a q,,buckwalter1980;martinez2009;cuneo2009;buckwalter2015c,,,,,340,0,0,_:/qo tree
Toba-74_seed-1,,Toba,74_seed,ala,ala,a l a,,buckwalter1980;martinez2009;cuneo2009;buckwalter2015c,,,,,2144,0,0,fruit
Toba-74_seed-2,,Toba,74_seed,danaxan,d+an+axan,d + a n + a ʁ a n,,buckwalter1980;martinez2009;cuneo2009;buckwalter2015c,,,,,1269 5628 4055,0,0,_:3sg plant _:nmlz
Toba-47_sun-1,,Toba,47_sun,nala',nala',n a l a ʔ,,buckwalter1980;martinez2009;cuneo2009;buckwalter2015c,,,,,2130,0,0,?
Toba-283_give-1,,Toba,283_give,ỹan,ỹ+a+n,j + a n,,buckwalter1980;martinez2009;cuneo2009;buckwalter2015c,,,,,2133 212 1,0,0,_:3sg give
Toba-136_littlequantityfew-1,,Toba,136_littlequantityfew,cocho'oñic,cocho'oñic,k o tʃ o ʔ o ɲ i k,,buckwalter1980;martinez2009;cuneo2009;buckwalter2015c,,,,,3195 6367,0,0,?
Toba-136_littlequantityfew-2,,Toba,136_littlequantityfew,saq 'amaqtaq,saq 'amaqtaq,s a q + ʔ a m a q t a q,,buckwalter1980;martinez2009;cuneo2009;buckwalter2015c,,,,,3099 1406 6368,0,0,not much
Toba-136_littlequantityfew-3,,Toba,136_littlequantityfew,qapiolqa,qapiolqa,q a p j o l q a,,buckwalter1980;martinez2009;cuneo2009;buckwalter2015c,,,,,1406 214,0,0,?
Toba-147_muchmany-1,,Toba,147_muchmany,amaqtaq,amaqtaq,a m a q t a q,,buckwalter1980;martinez2009;cuneo2009;buckwalter2015c,,,,,2653,0,0,?
Toba-147_muchmany-2,,Toba,147_muchmany,qalota,qalota,q a l o t a,,buckwalter1980;martinez2009;cuneo2009;buckwalter2015c,,,,,217,0,0,?
Toba-147_muchmany-3,,Toba,147_muchmany,lapa,lapa,l a p a,,buckwalter1980;martinez2009;cuneo2009;buckwalter2015c,,,,,3431,0,0,?
Toba-147_muchmany-4,,Toba,147_muchmany,sa qoue,sa qoue,s a + q o w e,,buckwalter1980;martinez2009;cuneo2009;buckwalter2015c,,,,,3099 2654,0,0,not few
Toba-266_cold-1,,Toba,266_cold,atom,atom,a t o m,,buckwalter1980;martinez2009;cuneo2009;buckwalter2015c,,,,,6370 3390,0,0,?
Toba-39_sit-1,,Toba,39_sit,nso'ooñi,n+so'oo+ñi,n + s o ʔ oː + ɲ i,,buckwalter1980;martinez2009;cuneo2009;buckwalter2015c,,,,,1 2138 2132,0,0,_:3sg sit _:dir
Toba-39_sit-2,,Toba,39_sit,nca'aañi,n+ca'aa+ñi,n + k a ʔ aː + ɲ i,,buckwalter1980;martinez2009;cuneo2009;buckwalter2015c,,,,,1 4395 2132,0,0,_:3sg stay _:dir
Toba-39_sit-3,,Toba,39_sit,ñiguiñi,ñ+igui+ñi,ɲ i + g i + ɲ i,,buckwalter1980;martinez2009;cuneo2009;buckwalter2015c,,,,,6371 1415 2132,0,0,stay _:loc _:dir
Toba-39_sit-4,,Toba,39_sit,neteu'a,n+ete+u'a,n e + t e + u ʔ a,,buckwalter1980;martinez2009;cuneo2009;buckwalter2015c,,,,,1 1414 2800,0,0,stay _:asp _:loc
Toba-285_fruit-1,,Toba,285_fruit,ala,ala,a l a,,buckwalter1980;martinez2009;cuneo2009;buckwalter2015c,,,,,2144,0,0,?
Toba-323_hold-1,,Toba,323_hold,nllañi,n+lla+ñi,n + ʎ a + ɲ i,,buckwalter1980;martinez2009;cuneo2009;buckwalter2015c,,,,,1 4897 2132,0,0,_:3p.al hold _:down
Toba-323_hold-2,,Toba,323_hold,lasoqta'a,la+soq+ta+'a,l a + s o q + t a + ʔ a,,buckwalter1980;martinez2009;cuneo2009;buckwalter2015c,,,,,2051 4369 520 5964,0,0,_:poss hold _:dur _:loc
Toba-323_hold-3,,Toba,323_hold,ỹaatagui,ỹa+a+ta+gui,j a + a + t a + g i,,buckwalter1980;martinez2009;cuneo2009;buckwalter2015c,,,,,2790 2661 520 4367,0,0,_:3A put _:dur _:inside
Toba-46_animal-1,,Toba,46_animal,ishi',ishi',i ʃ i ʔ,,buckwalter1980;martinez2009;cuneo2009;buckwalter2015c,,,,,6375,0,0,?
Toba-46_animal-2,,Toba,46_animal,lo,lo,l o,,buckwalter1980;martinez2009;cuneo2009;buckwalter2015c,,,,,2663,0,0,?
Toba-46_animal-3,,Toba,46_animal,shiguiỹac,shiguiỹac,ʃ i g i j a k,,buckwalter1980;martinez2009;cuneo2009;buckwalter2015c,,,,,2147,0,0,?
Toba-290_mosquito-1,,Toba,290_mosquito,'aỹat,'aỹat,ʔ a j a t,,buckwalter1980;martinez2009;cuneo2009;buckwalter2015c,,,,,232,0,0,?
Toba-35_spider-1,,Toba,35_spider,palachiyaxa,palachiyaxa,p a l a tʃ i ʒ a ʁ a,,buckwalter1980;martinez2009;cuneo2009;buckwalter2015c,,,,,2148,0,0,?
Toba-95_claw-1,,Toba,95_claw,"lqona, nnat, napocna",l+qona,l + q o n a,,buckwalter1980;martinez2009;cuneo2009;buckwalter2015c,,,,,6 737,0,0,_:poss toe
Toba-95_claw-2,,Toba,95_claw,"lqona, nnat, napocna",n+nat,n + n a t,,buckwalter1980;martinez2009;cuneo2009;buckwalter2015c,,,,,1 2150,0,0,_:poss nail
Toba-95_claw-3,,Toba,95_claw,"lqona, nnat, napocna",n+apocna,n + a p o k n a,,buckwalter1980;martinez2009;cuneo2009;buckwalter2015c,,,,,1 737,0,0,_:poss arm
Toba-57_arm-1,,Toba,57_arm,lapique,l+apique,l + a p i k e,,buckwalter1980;martinez2009;cuneo2009;buckwalter2015c,,,,,6 2151,0,0,_:poss arm
Toba-57_arm-2,,Toba,57_arm,lhuaq,l+huaq,l + w a q,,buckwalter1980;martinez2009;cuneo2009;buckwalter2015c,,,,,6 739,0,0,_:poss hand
Toba-57_arm-3,,Toba,57_arm,laua,l+aua,l + a w a,,buckwalter1980;martinez2009;cuneo2009;buckwalter2015c,,,,,6 739,0,0,_:poss arm
Toba-102_horn-1,,Toba,102_horn,lcoue,l+coue,l + k o w e,,buckwalter1980;martinez2009;cuneo2009;buckwalter2015c,,,,,6 2155,0,0,_:poss horn
Toba-58_beard-1,,Toba,58_beard,lqa' laue,l+qa' l+aue,l + q a ʔ + l + a w e,,buckwalter1980;martinez2009;cuneo2009;buckwalter2015c,,,,,2156 2157 6 239,0,0,_:poss chin _:poss hair
Toba-254_chest-1,,Toba,254_chest,"ltogue, lasot,",l+togue,l + t o g e,,buckwalter1980;martinez2009;cuneo2009;buckwalter2015c,,,,,6 2161,0,0,_:poss chest
Toba-254_chest-2,,Toba,254_chest,"ltogue, lasot,",l+asot,l + a s o t,,buckwalter1980;martinez2009;cuneo2009;buckwalter2015c,,,,,6 2160,0,0,_:poss chest
Toba-61_chin-1,,Toba,61_chin,lqa',l+qa',l + q a ʔ,,buckwalter1980;martinez2009;cuneo2009;buckwalter2015c,,,,,6 2157,0,0,_:poss chin
Toba-62_lip-1,,Toba,62_lip,naship (upper); alac (lower),n+aship,n + a ʃ i p,,buckwalter1980;martinez2009;cuneo2009;buckwalter2015c,,,,,1 2409,0,0,_:poss lip
Toba-62_lip-2,,Toba,62_lip,naship (upper); alac (lower),al+ac,a l + a k,,buckwalter1980;martinez2009;cuneo2009;buckwalter2015c,,,,,5413 2164,0,0,_:poss lip
Toba-64_finger-1,,Toba,64_finger,lỹaxaata,l+ỹaxaata,l + j a ʁ aː t a,,buckwalter1980;martinez2009;cuneo2009;buckwalter2015c,,,,,6 6376 6377 244,0,0,_:poss finger
Toba-281_elbow-1,,Toba,281_elbow,lqote,l+qote,l + q o t e,,buckwalter1980;martinez2009;cuneo2009;buckwalter2015c,,,,,6 245,0,0,_:poss elbow
Toba-94_fingernail-1,,Toba,94_fingernail,lnat,l+nat,l + n a t,,buckwalter1980;martinez2009;cuneo2009;buckwalter2015c,,,,,6 2150,0,0,_:poss nail
Toba-299_thunder-1,,Toba,299_thunder,"nalataxa, ỹalachigui, dellimi",na+lat+axa,n + a l a t + a ʁ a,,buckwalter1980;martinez2009;cuneo2009;buckwalter2015c,,,,,1454 754 4987,0,0,_:3sg thunder _:nmlz
Toba-299_thunder-2,,Toba,299_thunder,"nalataxa, ỹalachigui, dellimi",ỹa+lach+igui,j + a l a tʃ + i g i,,buckwalter1980;martinez2009;cuneo2009;buckwalter2015c,,,,,2790 754 464,0,0,_:3sg thunder _:loc
Toba-299_thunder-3,,Toba,299_thunder,"nalataxa, ỹalachigui, dellimi",d+ellimi,d + e ʎ i m i,,buckwalter1980;martinez2009;cuneo2009;buckwalter2015c,,,,,1269 754,0,0,_:3A thunder
Toba-109_lightning-1,,Toba,109_lightning,"nqashilegaxa, qashilectapiguiñi",n+qashileg+axa,n + q a ʃ i l e g + a ʁ a,,buckwalter1980;martinez2009;cuneo2009;buckwalter2015c,,,,,1 255 4987,0,0,_:3sg strike _:nmlz
Toba-109_lightning-2,,Toba,109_lightning,"nqashilegaxa, qashilectapiguiñi",qashilec+tapigui+ñi,q a ʃ i l e k + t a p i g i + ɲ i,,buckwalter1980;martinez2009;cuneo2009;buckwalter2015c,,,,,255 2686 2132,0,0,strike _:asp _:dir
Toba-126_liedown-1,,Toba,126_liedown,nnan,n+nan,n + n a n,,buckwalter1980;martinez2009;cuneo2009;buckwalter2015c,,,,,1 5765,0,0,_:3p.al lie
Toba-126_liedown-2,,Toba,126_liedown,nlaxaañi,n+laxa+a+ñi,n + l a ʁ a + a ɲ i,,buckwalter1980;martinez2009;cuneo2009;buckwalter2015c,,,,,1 258 257 2132,0,0,_:3p.al stretch _:dir
Toba-126_liedown-3,,Toba,126_liedown,lapaxasoxon,la+paxa+soxon,l a p a ʁ a + s o ʁ o n,,buckwalter1980;martinez2009;cuneo2009;buckwalter2015c,,,,,2051 6379 258,0,0,extend _:vblz
Toba-126_liedown-4,,Toba,126_liedown,ica'aalec,i+ca'aa+lec,i + k a ʔ aː + l e k,,buckwalter1980;martinez2009;cuneo2009;buckwalter2015c,,,,,1966 4395 5449,0,0,_:3sg stay _:loc
Toba-72_house-1,,Toba,72_house,lauo',la+uo',l a + w o ʔ,,buckwalter1980;martinez2009;cuneo2009;buckwalter2015c,,,,,6 2699,0,0,_:poss house
Toba-72_house-2,,Toba,72_house,lma',l+ma',l + m a ʔ,,buckwalter1980;martinez2009;cuneo2009;buckwalter2015c,,,,,6 6338,0,0,_:poss place
Toba-72_house-3,,Toba,72_house,noỹic,noỹic,n o j i k,,buckwalter1980;martinez2009;cuneo2009;buckwalter2015c,,,,,765,0,0,house
Toba-101_child-1,,Toba,101_child,nogotolec,nogot+ole+c,n o g o t + o l e + k,,buckwalter1980;martinez2009;cuneo2009;buckwalter2015c,,,,,2180 291 2405,0,0,child _:dim _:masc
Toba-101_child-2,,Toba,101_child,oshaic,oshai+c,o ʃ ai + k,,buckwalter1980;martinez2009;cuneo2009;buckwalter2015c,,,,,1470 2405,0,0,child _:masc
Toba-101_child-3,,Toba,101_child,soqoipi',so+qoipi',s o q oi p i ʔ,,buckwalter1980;martinez2009;cuneo2009;buckwalter2015c,,,,,1470 1469,0,0,?
Toba-101_child-4,,Toba,101_child,qoopi',qoopi',q oː p i ʔ,,buckwalter1980;martinez2009;cuneo2009;buckwalter2015c,,,,,1469,0,0,?
Toba-101_child-5,,Toba,101_child,i'o',i'o',i ʔ o ʔ,,buckwalter1980;martinez2009;cuneo2009;buckwalter2015c,,,,,3437,0,0,?
Toba-101_child-6,,Toba,101_child,chigogo',chigogo',tʃ i g o g o ʔ,,buckwalter1980;martinez2009;cuneo2009;buckwalter2015c,,,,,1471,0,0,?
Toba-296_road-1,,Toba,296_road,"nqa'aic, llic",n+qa'aic,n + q a ʔ ai k,,buckwalter1980;martinez2009;cuneo2009;buckwalter2015c,,,,,1 2242,0,0,_:poss road
Toba-296_road-2,,Toba,296_road,"nqa'aic, llic",ll+ic,ʎ + i k,,buckwalter1980;martinez2009;cuneo2009;buckwalter2015c,,,,,4477 482,0,0,_:poss road
Toba-132_float-1,,Toba,132_float,dalliqui,da+lliqui,d a + ʎ i k i,,buckwalter1980;martinez2009;cuneo2009;buckwalter2015c,,,,,1269 5982,0,0,_:3A float
Toba-110_fightvb-1,,Toba,110_fightvb,"nhuaxan, deloqui",n+huaxan,n + w a ʁ a n,,buckwalter1980;martinez2009;cuneo2009;buckwalter2015c,,,,,1 6383,0,0,_:3sg hit
Toba-110_fightvb-2,,Toba,110_fightvb,"nhuaxan, deloqui",de+loqui,d e + l o k i,,buckwalter1980;martinez2009;cuneo2009;buckwalter2015c,,,,,1269 273,0,0,_:3sg fight
Toba-293_owl-1,,Toba,293_owl,huoqo'; saquiaxai; tonolec; chiguiyiiquic; chiyit; choit,huoqo',w o q o ʔ,,buckwalter1980;martinez2009;cuneo2009;buckwalter2015c,,,,,277,0,0,?
Toba-293_owl-2,,Toba,293_owl,huoqo'; saquiaxai; tonolec; chiguiyiiquic; chiyit; choit,saqui+axai,s a k i + a ʁ ai,,buckwalter1980;martinez2009;cuneo2009;buckwalter2015c,,,,,277 2940,0,0,make.noise _:atr
Toba-293_owl-3,,Toba,293_owl,huoqo'; saquiaxai; tonolec; chiguiyiiquic; chiyit; choit,tonolec,t o n o l e k,,buckwalter1980;martinez2009;cuneo2009;buckwalter2015c,,,,,1486 291 2405,0,0,_:dim _:masc
Toba-293_owl-4,,Toba,293_owl,huoqo'; saquiaxai; tonolec; chiguiyiiquic; chiyit; choit,chiguiyiiqui+c,tʃ i g i ʒ iː k i k,,buckwalter1980;martinez2009;cuneo2009;buckwalter2015c,,,,,277 5985,0,0,?
Toba-293_owl-5,,Toba,293_owl,huoqo'; saquiaxai; tonolec; chiguiyiiquic; chiyit; choit,chiyit,tʃ i ʒ i t,,buckwalter1980;martinez2009;cuneo2009;buckwalter2015c,,,,,4130,0,0,?
Toba-293_owl-6,,Toba,293_owl,huoqo'; saquiaxai; tonolec; chiguiyiiquic; chiyit; choit,choit,tʃ oi t,,buckwalter1980;martinez2009;cuneo2009;buckwalter2015c,,,,,4130,0,0,?
Toba-273_cat-1,,Toba,273_cat,miicha,miicha,m iː tʃ a,,buckwalter1980;martinez2009;cuneo2009;buckwalter2015c,,,,,776,0,0,?
Toba-273_cat-2,,Toba,273_cat,ỹimala,ỹimala,j i m a l a,,buckwalter1980;martinez2009;cuneo2009;buckwalter2015c,,,,,5426,0,0,?
Toba-273_cat-3,,Toba,273_cat,copaic,copaic,k o p ai k,,buckwalter1980;martinez2009;cuneo2009;buckwalter2015c,,,,,281,0,0,?
Toba-273_cat-4,,Toba,273_cat,copaicalo,copaic+alo,k o p ai k + a l o,,buckwalter1980;martinez2009;cuneo2009;buckwalter2015c,,,,,281 5426,0,0,cat woman
Toba-55_bee-1,,Toba,55_bee,te'esaq,te'esaq,t e ʔ e s a q,,buckwalter1980;martinez2009;cuneo2009;buckwalter2015c,,,,,3904 1492,0,0,?
Toba-289_parrot-1,,Toba,289_parrot,"ele', quillic, qai'axañi, pagaxaguilo",ele',e l e ʔ,,buckwalter1980;martinez2009;cuneo2009;buckwalter2015c,,,,,2194,0,0,?
Toba-289_parrot-2,,Toba,289_parrot,"ele', quillic, qai'axañi, pagaxaguilo",quillic,k i ʎ i k,,buckwalter1980;martinez2009;cuneo2009;buckwalter2015c,,,,,2194 5746,0,0,?
Toba-289_parrot-3,,Toba,289_parrot,"ele', quillic, qai'axañi, pagaxaguilo",qai'axañi,q a j ʔ a ʁ a ɲ i,,buckwalter1980;martinez2009;cuneo2009;buckwalter2015c,,,,,284,0,0,?
Toba-289_parrot-4,,Toba,289_parrot,"ele', quillic, qai'axañi, pagaxaguilo",pagaxaguilo,p a g a ʁ a g i l o,,buckwalter1980;martinez2009;cuneo2009;buckwalter2015c,,,,,285,0,0,?
Toba-128_flea-1,,Toba,128_flea,pioq lalaxat,pioq l+alaxat,p j o q + l + a l a ʁ a t,,buckwalter1980;martinez2009;cuneo2009;buckwalter2015c,,,,,287 6 290,0,0,dog _:poss insect
Toba-166_deer-1,,Toba,166_deer,"chigaxango, choxol",chigaxango,tʃ i g a ʁ a n g o,,buckwalter1980;martinez2009;cuneo2009;buckwalter2015c,,,,,295,0,0,?
Toba-166_deer-2,,Toba,166_deer,"chigaxango, choxol",choxol,tʃ o ʁ o l,,buckwalter1980;martinez2009;cuneo2009;buckwalter2015c,,,,,6384,0,0,?
Toba-118_ant-1,,Toba,118_ant,qaguesaq,qaguesaq,q a g e s a q,,buckwalter1980;martinez2009;cuneo2009;buckwalter2015c,,,,,1503 1492,0,0,_:nmlz
Toba-118_ant-2,,Toba,118_ant,ñi'm,ñi'm,ɲ i ʔ m,,buckwalter1980;martinez2009;cuneo2009;buckwalter2015c,,,,,6385,0,0,?
Toba-99_palmofhand-1,,Toba,99_palmofhand,lhuaq lauel,l+huaq l+auel,l + w a q + l + a w e l,,buckwalter1980;martinez2009;cuneo2009;buckwalter2015c,,,,,6 739 6 2121,0,0,_:poss hand _:poss interior
Toba-89_fur-1,,Toba,89_fur,"l'oc, nshi', huade",l+'oc,l + ʔ o k,,buckwalter1980;martinez2009;cuneo2009;buckwalter2015c,,,,,6 70,0,0,_:poss skin
Toba-89_fur-2,,Toba,89_fur,"l'oc, nshi', huade",n+shi',n + ʃ i ʔ,,buckwalter1980;martinez2009;cuneo2009;buckwalter2015c,,,,,1 6386,0,0,_:poss fur
Toba-89_fur-3,,Toba,89_fur,"l'oc, nshi', huade",huade,w a d e,,buckwalter1980;martinez2009;cuneo2009;buckwalter2015c,,,,,1508,0,0,?
Toba-42_hairhead-1,,Toba,42_hairhead,"laue, qoue",l+aue,l + a w e,,buckwalter1980;martinez2009;cuneo2009;buckwalter2015c,,,,,2207 2208,0,0,_:poss hair
Toba-42_hairhead-2,,Toba,42_hairhead,"laue, qoue",qoue,q o w e,,buckwalter1980;martinez2009;cuneo2009;buckwalter2015c,,,,,2728 2208,0,0,?
Toba-249_penis-1,,Toba,249_penis,"nco'ue', napat, logoxoshit, namo",n+co'ue',n + k o ˀw e ʔ,,buckwalter1980;martinez2009;cuneo2009;buckwalter2015c,,,,,1 23,0,0,_:poss penis
Toba-249_penis-2,,Toba,249_penis,"nco'ue', napat, logoxoshit, namo",n+apat,n + a p a t,,buckwalter1980;martinez2009;cuneo2009;buckwalter2015c,,,,,1 499,0,0,_:poss flesh
Toba-249_penis-3,,Toba,249_penis,"nco'ue', napat, logoxoshit, namo",logo+xo+shit,l o g o + ʁ o ʃ i t,,buckwalter1980;martinez2009;cuneo2009;buckwalter2015c,,,,,792 6389 1514,0,0,clothes _:nmlz
Toba-249_penis-4,,Toba,249_penis,"nco'ue', napat, logoxoshit, namo",n+amo,n + a m o,,buckwalter1980;martinez2009;cuneo2009;buckwalter2015c,,,,,1 793,0,0,_:poss penis
Toba-88_skull-1,,Toba,88_skull,lqaic lpi'inec,l+qaic l+pi'inec,l + q ai k + l + p i ʔ i n e k,,buckwalter1980;martinez2009;cuneo2009;buckwalter2015c,,,,,6 2326 6 54,0,0,_:poss head _:poss bone
Toba-288_lung-1,,Toba,288_lung,lachi',l+achi',l + a tʃ i ʔ,,buckwalter1980;martinez2009;cuneo2009;buckwalter2015c,,,,,6 2221,0,0,_:poss lung
Toba-200_testicle-1,,Toba,200_testicle,"lola, logoxoshi'te",lo+la,l o + l a,,buckwalter1980;martinez2009;cuneo2009;buckwalter2015c,,,,,5437 4711,0,0,_:poss testicle
Toba-200_testicle-2,,Toba,200_testicle,"lola, logoxoshi'te",logo+xo+shi'+te,l o g o + ʁ o ʃ i ʔ t + e,,buckwalter1980;martinez2009;cuneo2009;buckwalter2015c,,,,,792 6390 2755 5284,0,0,relative _:nmlz _:fem
Toba-262_under-1,,Toba,262_under,hueto'ot,hue+to+'ot,w e t o + ʔ o t,,buckwalter1980;martinez2009;cuneo2009;buckwalter2015c,,,,,1541 4626,0,0,stay _:asp _:loc
Toba-124_bed-1,,Toba,124_bed,"lmala', l'ochaxala', lacana, n'ochaqchitaxala', lalolaxala'",l+mala',l + m a + l a ʔ,,buckwalter1980;martinez2009;cuneo2009;buckwalter2015c,,,,,2230,0,0,_:poss place _:loc
Toba-124_bed-2,,Toba,124_bed,"lmala', l'ochaxala', lacana, n'ochaqchitaxala', lalolaxala'",l+'och+axa+la',l + ʔ o tʃ + a ʁ a + l a ʔ,,buckwalter1980;martinez2009;cuneo2009;buckwalter2015c,,,,,2230 2231 4987 6393,0,0,_:poss sleep _:val _:loc
Toba-124_bed-3,,Toba,124_bed,"lmala', l'ochaxala', lacana, n'ochaqchitaxala', lalolaxala'",l+acan+a,l + a k a n a,,buckwalter1980;martinez2009;cuneo2009;buckwalter2015c,,,,,2230 2229 6394,0,0,_:poss bed
Toba-124_bed-4,,Toba,124_bed,"lmala', l'ochaxala', lacana, n'ochaqchitaxala', lalolaxala'",n+'och+aqchit+axa+la',n + ʔ o tʃ + a q tʃ i t + a ʁ a + l a ʔ,,buckwalter1980;martinez2009;cuneo2009;buckwalter2015c,,,,,1 2231 2469 4987 6393,0,0,_:3p.al sleep _:caus _:val _:loc
Toba-124_bed-5,,Toba,124_bed,"lmala', l'ochaxala', lacana, n'ochaqchitaxala', lalolaxala'",l+alolaxa+la',l + a l o l a + ʁ a + l a ʔ,,buckwalter1980;martinez2009;cuneo2009;buckwalter2015c,,,,,2230 2232 2233 6393,0,0,_:poss ill _:val _:loc
Toba-143_plantvb-1,,Toba,143_plantvb,"ỹaañi, i'ayiñi",ỹ+aan+i,j + aː n + ɲ i,,buckwalter1980;martinez2009;cuneo2009;buckwalter2015c,,,,,2133 3494 2766,0,0,_:3sg put _:dir
Toba-143_plantvb-2,,Toba,143_plantvb,"ỹaañi, i'ayiñi",i+'ad+iñi,i + ʔ a d + i ɲ i,,buckwalter1980;martinez2009;cuneo2009;buckwalter2015c,,,,,1966 4909 6395 2132,0,0,_:3sg bury _:dir
Toba-73_village-1,,Toba,73_village,noỹic,noỹic,n o j i k,,buckwalter1980;martinez2009;cuneo2009;buckwalter2015c,,,,,765,0,0,?
Toba-268_upabove-1,,Toba,268_upabove,pa'ashiguem,pa'a+shiguem,p a ʔ a + ʃ i g e m,,buckwalter1980;martinez2009;cuneo2009;buckwalter2015c,,,,,1118 2268,0,0,stay _:dir
Toba-60_doorgate-1,,Toba,60_doorgate,lasom,l+asom,l + a s o m,,buckwalter1980;martinez2009;cuneo2009;buckwalter2015c,,,,,6 324,0,0,_:poss door
Toba-76_cover-1,,Toba,76_cover,"ipegueelec, imoota, i'oxonot, nauequejlec, nalotalec",i+pegue+e+lec,i + p e g eː + l e k,,buckwalter1980;martinez2009;cuneo2009;buckwalter2015c,,,,,1966 4436 6398 5449,0,0,_:3sg extend _:loc
Toba-76_cover-2,,Toba,76_cover,ỹapolec,ỹ+apo+lec,j + a p o + l e k,,buckwalter1980;martinez2009;cuneo2009;buckwalter2015c,,,,,2133 2783 5449,0,0,_:3sg cover _:loc
Toba-76_cover-3,,Toba,76_cover,ỹaueguelec,ỹ+auegu+e+lec,j + a w e g e + l e k,,buckwalter1980;martinez2009;cuneo2009;buckwalter2015c,,,,,2133 4436 2784 5449,0,0,_:3sg bring _:loc
Toba-76_cover-4,,Toba,76_cover,"ipegueelec, imoota, i'oxonot, nauequejlec, nalotalec",imoo+ta,i m oː + t a,,buckwalter1980;martinez2009;cuneo2009;buckwalter2015c,,,,,834 520,0,0,full _:asp
Toba-76_cover-5,,Toba,76_cover,"ipegueelec, imoota, i'oxonot, nauequejlec, nalotalec",i+'oxon+ot,i + ʔ o ʁ o n + o t,,buckwalter1980;martinez2009;cuneo2009;buckwalter2015c,,,,,1966 6399 6400,0,0,_:3sg sew _:loc
Toba-76_cover-6,,Toba,76_cover,"ipegueelec, imoota, i'oxonot, nauequejlec, nalotalec",n+auequ+ej+lec,n + a w e k + o t + l e k,,buckwalter1980;martinez2009;cuneo2009;buckwalter2015c,,,,,1 4436 2783 5449,0,0,_:3sg bring _:loc _:loc
Toba-76_cover-7,,Toba,76_cover,"ipegueelec, imoota, i'oxonot, nauequejlec, nalotalec",n+alo+ta+lec,n + a l o + t a + l e k,,buckwalter1980;martinez2009;cuneo2009;buckwalter2015c,,,,,1 5448 520 5449,0,0,_:3sg extend _:asp _:loc
Toba-278_buy-1,,Toba,278_buy,nmen,n+men,n + m e n,,buckwalter1980;martinez2009;cuneo2009;buckwalter2015c,,,,,1 3505,0,0,_:3sg buy
Toba-278_buy-2,,Toba,278_buy,ishijnaxana,i+shijnaxan+a,i + ʃ i h n + a ʁ a n + a,,buckwalter1980;martinez2009;cuneo2009;buckwalter2015c,,,,,1966 2237 6401,0,0,buy _:val _:3O
Toba-278_buy-3,,Toba,278_buy,queu'a,que+u'a,k e + u ʔ a,,buckwalter1980;martinez2009;cuneo2009;buckwalter2015c,,,,,6402 2800,0,0,go _:loc
Toba-278_buy-4,,Toba,278_buy,nauegueec,n+auegue+ec,n + a w e g + e k,,buckwalter1980;martinez2009;cuneo2009;buckwalter2015c,,,,,1 6366 1305,0,0,_:3sg bring _:dir
Toba-123_burnvbintrans-1,,Toba,123_burnvbintrans,'edoigui,'ed+o+igui,ʔ e d + o i g i,,buckwalter1980;martinez2009;cuneo2009;buckwalter2015c,,,,,2238 330 464,0,0,burn _:loc
Toba-123_burnvbintrans-2,,Toba,123_burnvbintrans,ỹavic,ỹ+avic,j + a ʋ i k,,buckwalter1980;martinez2009;cuneo2009;buckwalter2015c,,,,,2790 325,0,0,_:3sg burn
Toba-123_burnvbintrans-3,,Toba,123_burnvbintrans,nalaqaashiguem,nalaqaa+shiguem,n a l a q aː + ʃ i g e m,,buckwalter1980;martinez2009;cuneo2009;buckwalter2015c,,,,,327 2268,0,0,burn _:dir
Toba-158_nine-1,,Toba,158_nine,noueeue,noueeue,n o w eː w e,,buckwalter1980;martinez2009;cuneo2009;buckwalter2015c,,,,,3509,0,0,?
Toba-103_club-1,,Toba,103_club,npon,n+pon,n + p o n,,buckwalter1980;martinez2009;cuneo2009;buckwalter2015c,,,,,1 334,0,0,_:poss club
Toba-271_sweetpotato-1,,Toba,271_sweetpotato,huataata,huataata,w a t aː t a,,buckwalter1980;martinez2009;cuneo2009;buckwalter2015c,,,,,846,0,0,?
Toba-156_seven-1,,Toba,156_seven,siete,siete,s j e t e,,buckwalter1980;martinez2009;cuneo2009;buckwalter2015c,,,,,847,0,0,?
Toba-86_path-1,,Toba,86_path,"qa'aic, llic",qa'aic,q a ʔ ai k,,buckwalter1980;martinez2009;cuneo2009;buckwalter2015c,,,,,2242,0,0,path
Toba-86_path-2,,Toba,86_path,"qa'aic, llic",ll+ic,ʎ + i k,,buckwalter1980;martinez2009;cuneo2009;buckwalter2015c,,,,,4477 482,0,0,_:poss path
Toba-169_knife-1,,Toba,169_knife,lailonec,la+ilonec,l a + i l o n e k,,buckwalter1980;martinez2009;cuneo2009;buckwalter2015c,,,,,6408 6409,0,0,_:poss knife
Toba-169_knife-2,,Toba,169_knife,lpelgaxanaxat,l+pelg+axan+axat,l + p e l g + a ʁ a n + a ʁ a t,,buckwalter1980;martinez2009;cuneo2009;buckwalter2015c,,,,,6 342 4055 1574,0,0,_:poss cut _:val _:nmlz
Toba-169_knife-3,,Toba,169_knife,laicaua laỹi,laicaua l+aỹi,l ai k a w a + l + a j i,,buckwalter1980;martinez2009;cuneo2009;buckwalter2015c,,,,,508 6 6410,0,0,iron _:poss side
Toba-170_needle-1,,Toba,170_needle,lqana,l+qana,l + q a n a,,buckwalter1980;martinez2009;cuneo2009;buckwalter2015c,,,,,6 1596,0,0,_:poss needle
Toba-104_soulspirit-1,,Toba,104_soulspirit,"lqui'i,",l+qui'i,l + k i ʔ i,,buckwalter1980;martinez2009;cuneo2009;buckwalter2015c,,,,,6 344,0,0,_:poss soul
Toba-277_cryweep-1,,Toba,277_cryweep,noỹin,n+oỹin,n + o j i n,,buckwalter1980;martinez2009;cuneo2009;buckwalter2015c,,,,,1 860,0,0,_:3sg cry
Toba-277_cryweep-2,,Toba,277_cryweep,n'alaxañi,n+'alax+a+ñi,n + ʔ a l a ʁ a + ɲ i,,buckwalter1980;martinez2009;cuneo2009;buckwalter2015c,,,,,1 3915 6412 2132,0,0,_:3sg scream _:dir
Toba-155_six-1,,Toba,155_six,sais,sais,s ai s,,buckwalter1980;martinez2009;cuneo2009;buckwalter2015c,,,,,5468,0,0,?
Toba-287_maizecorn-1,,Toba,287_maizecorn,'auaxa,'auaxa,ʔ a w a ʁ a,,buckwalter1980;martinez2009;cuneo2009;buckwalter2015c,,,,,864,0,0,?
Toba-206_oldman-1,,Toba,206_oldman,ỹaxaiqui,ỹaxaiqui,j a ʁ ai k i,,buckwalter1980;martinez2009;cuneo2009;buckwalter2015c,,,,,355,0,0,?
Toba-300_tobacco-1,,Toba,300_tobacco,lashiidec,l+ashiidec,l + a ʃ iː d e k,,buckwalter1980;martinez2009;cuneo2009;buckwalter2015c,,,,,6 1644 4737,0,0,_:poss tobacco
Toba-295_ripe-1,,Toba,295_ripe,ỹamoq,ỹ+amoq,j + a m o q,,buckwalter1980;martinez2009;cuneo2009;buckwalter2015c,,,,,2133 3547,0,0,_:3sg ripe
Toba-295_ripe-2,,Toba,295_ripe,ỹi,ỹi,j i,,buckwalter1980;martinez2009;cuneo2009;buckwalter2015c,,,,,6346,0,0,?
Toba-270_tapiocamanioccassava-1,,Toba,270_tapiocamanioccassava,mandioca,mandioca,m a ⁿd j o k a,,buckwalter1980;martinez2009;cuneo2009;buckwalter2015c,,,,,884,0,0,?
Toba-159_cook-1,,Toba,159_cook,deuoshi,de+uosh+i,d e + w o ʃ i,,buckwalter1980;martinez2009;cuneo2009;buckwalter2015c,,,,,1269 378 1697,0,0,_:3sg cook
Toba-207_oldwoman-1,,Toba,207_oldwoman,ỹaxaina',ỹaxaina',j a ʁ ai n a ʔ,,buckwalter1980;martinez2009;cuneo2009;buckwalter2015c,,,,,6035,0,0,?
Toba-142_sap-1,,Toba,142_sap,nate,n+ate,n a t e,,buckwalter1980;martinez2009;cuneo2009;buckwalter2015c,,,,,1 906,0,0,?
Toba-36_spiderweb-1,,Toba,36_spiderweb,l'oxonec,na l+'oxon+ec ana palachiyaxa,n a + l + ʔ o ʁ o n + e k + a n a + p a l a tʃ i ʒ a ʁ a,,buckwalter1980;martinez2009;cuneo2009;buckwalter2015c,,,,,6 5105 2876,0,0,_:det _:poss weave _:nmlz _:det spider
Toba-252_cow-1,,Toba,252_cow,huaaca,huaaca,w aː k a,,buckwalter1980;martinez2009;cuneo2009;buckwalter2015c,,,,,297,0,0,?
Toba-173_lizard-1,,Toba,173_lizard,"malaxaic, maishi' (hembra), togondai (macho), 'aqtaqlai' (especie), comailo (esp.), que'edeguesaq (esp)",malax+ai+c,m a l a ʁ + ai + k,,buckwalter1980;martinez2009;cuneo2009;buckwalter2015c,,,,,395 473 2405,0,0,blue _:adj _:masc
Toba-173_lizard-2,,Toba,173_lizard,"malaxaic, maishi' (hembra), togondai (macho), 'aqtaqlai' (especie), comailo (esp.), que'edeguesaq (esp)",maishi',m ai ʃ i ʔ,,buckwalter1980;martinez2009;cuneo2009;buckwalter2015c,,,,,2882,0,0,?
Toba-173_lizard-3,,Toba,173_lizard,"malaxaic, maishi' (hembra), togondai (macho), 'aqtaqlai' (especie), comailo (esp.), que'edeguesaq (esp)",togondai,t o g o n d ai,,buckwalter1980;martinez2009;cuneo2009;buckwalter2015c,,,,,914,0,0,?
Toba-173_lizard-4,,Toba,173_lizard,"malaxaic, maishi' (hembra), togondai (macho), 'aqtaqlai' (especie), comailo (esp.), que'edeguesaq (esp)",aqtaq+lai',a q t a q + l ai ʔ,,buckwalter1980;martinez2009;cuneo2009;buckwalter2015c,,,,,394 2882,0,0,speech side
Toba-173_lizard-5,,Toba,173_lizard,"malaxaic, maishi' (hembra), togondai (macho), 'aqtaqlai' (especie), comailo (esp.), que'edeguesaq (esp)",comailo,k o m ai l o,,buckwalter1980;martinez2009;cuneo2009;buckwalter2015c,,,,,395,0,0,?
Toba-173_lizard-6,,Toba,173_lizard,"malaxaic, maishi' (hembra), togondai (macho), 'aqtaqlai' (especie), comailo (esp.), que'edeguesaq (esp)",que'edegues+aq,k e ʔ e d e g e s a q,,buckwalter1980;martinez2009;cuneo2009;buckwalter2015c,,,,,4484 1492,0,0,_:nmlz
Toba-173_lizard-7,,Toba,173_lizard,n'adaxanaq lacho'o,n'adaxanaq l+acho'o,n ʔ a d a ʁ a n a q + l a tʃ o ʔ o,,buckwalter1980;martinez2009;cuneo2009;buckwalter2015c,,,,,1 2275 4055 1492 6 3596,0,0,snake small
Toba-267_nest-1,,Toba,267_nest,lpata'c,l+pata'c,l + p a t a ʔ k,,buckwalter1980;martinez2009;cuneo2009;buckwalter2015c,,,,,6 396,0,0,_:poss nest
Toba-267_nest-2,,Toba,267_nest,lqo'oichaqui,l+qo'oichaqqui,l + q o ʔ oi tʃ a q k i,,buckwalter1980;martinez2009;cuneo2009;buckwalter2015c,,,,,6 5496 2803,0,0,_:poss nest
Toba-267_nest-3,,Toba,267_nest,lcota'c,l+cota'c,l + k o t a ʔ k,,buckwalter1980;martinez2009;cuneo2009;buckwalter2015c,,,,,6 396,0,0,_:poss nest
Toba-116_goat-1,,Toba,116_goat,quetaq,quetaq,k e t a q,,buckwalter1980;martinez2009;cuneo2009;buckwalter2015c,,,,,1725,0,0,?
Toba-117_hegoat-1,,Toba,117_hegoat,quetac lhuadaic,quetac l+huadai+c,k e t a k + l + w a d ai + k,,buckwalter1980;martinez2009;cuneo2009;buckwalter2015c,,,,,1734 6 6422 2405,0,0,_:poss male _:masc
Toba-302_pig-1,,Toba,302_pig,"cos late'e, ỹolo, nlaxai",cos l+ate'e,k o s + l + a t e ʔ e,,buckwalter1980;martinez2009;cuneo2009;buckwalter2015c,,,,,920 6 445,0,0,boar _:poss mother
Toba-302_pig-2,,Toba,302_pig,"cos late'e, ỹolo, nlaxai",ỹolo,j o l o,,buckwalter1980;martinez2009;cuneo2009;buckwalter2015c,,,,,1737,0,0,boar
Toba-302_pig-3,,Toba,302_pig,"cos late'e, ỹolo, nlaxai",nlaxai,n l a ʁ ai,,buckwalter1980;martinez2009;cuneo2009;buckwalter2015c,,,,,6423,0,0,?
Toba-174_dove-1,,Toba,174_dove,qoto',qoto',q o t o ʔ,,buckwalter1980;martinez2009;cuneo2009;buckwalter2015c,,,,,923,0,0,?
Toba-174_dove-2,,Toba,174_dove,coiguenec,coiguenec,k oi g e n e k,,buckwalter1980;martinez2009;cuneo2009;buckwalter2015c,,,,,406,0,0,?
Toba-174_dove-3,,Toba,174_dove,huochip,huochip,w o tʃ i p,,buckwalter1980;martinez2009;cuneo2009;buckwalter2015c,,,,,4174,0,0,?
Toba-260_crocodilealligator-1,,Toba,260_crocodilealligator,da'ailoshi',da'ai+l+oshi',d a ʔ ai + l + o ʃ i ʔ,,buckwalter1980;martinez2009;cuneo2009;buckwalter2015c,,,,,925 6 6337,0,0,strong _:poss skin
Toba-260_crocodilealligator-2,,Toba,260_crocodilealligator,da'ail'oc,da'ai+l+'oc,d a ʔ ai + l + ʔ o k,,buckwalter1980;martinez2009;cuneo2009;buckwalter2015c,,,,,925 6 70,0,0,strong _:poss skin
Toba-186_shell-1,,Toba,186_shell,conec,conec,k o n e k,,buckwalter1980;martinez2009;cuneo2009;buckwalter2015c,,,,,5307,0,0,?
Toba-245_snail-1,,Toba,245_snail,nashiỹo,nashiỹo,n a ʃ i j o,,buckwalter1980;martinez2009;cuneo2009;buckwalter2015c,,,,,1773,0,0,?
Toba-160_fox-1,,Toba,160_fox,"huaxaỹaxa, qa'alaq",huaxaỹaxa,w a ʁ a j a ʁ a,,buckwalter1980;martinez2009;cuneo2009;buckwalter2015c,,,,,940,0,0,?
Toba-160_fox-2,,Toba,160_fox,"huaxaỹaxa, qa'alaq",qa'alaq,q a ʔ a l a q,,buckwalter1980;martinez2009;cuneo2009;buckwalter2015c,,,,,4497,0,0,?
Toba-131_insect-1,,Toba,131_insect,lalaxat,l+alaxat,l + a l a ʁ a t,,buckwalter1980;martinez2009;cuneo2009;buckwalter2015c,,,,,6 290,0,0,_:poss insect
Toba-131_insect-2,,Toba,131_insect,vioxonaxai,vioxon+axai,ʋ j o ʁ o n + a ʁ ai,,buckwalter1980;martinez2009;cuneo2009;buckwalter2015c,,,,,6435 2940,0,0,smell _:adj
Toba-131_insect-3,,Toba,131_insect,huacho'o,huacho'o,w a tʃ o ʔ o,,buckwalter1980;martinez2009;cuneo2009;buckwalter2015c,,,,,3953,0,0,?
Toba-131_insect-4,,Toba,131_insect,qapaq,qapaq,q a p a q,,buckwalter1980;martinez2009;cuneo2009;buckwalter2015c,,,,,428,0,0,?
Toba-113_horseequine-1,,Toba,113_horseequine,caaỹo,caaỹo,k aː j o,,buckwalter1980;martinez2009;cuneo2009;buckwalter2015c,,,,,3599,0,0,?
Toba-91_fishscale-1,,Toba,91_fishscale,lso,l+so,l + s o,,buckwalter1980;martinez2009;cuneo2009;buckwalter2015c,,,,,6 70,0,0,_:poss fishscale
Toba-265_goose-1,,Toba,265_goose,huotaxai late'e,huotaxai l+ate'e,w o t a ʁ ai + l + a t e ʔ e,,buckwalter1980;martinez2009;cuneo2009;buckwalter2015c,,,,,6275 2940 6 445,0,0,? :poss mother
Toba-265_goose-2,,Toba,265_goose,huataxañi,huat+axa+ñi,w a t a ʁ a ɲ i,,buckwalter1980;martinez2009;cuneo2009;buckwalter2015c,,,,,6275 2940 2132,0,0,?
Toba-2_beehive-1,,Toba,2_beehive,lapa,lapa,l a p a,,buckwalter1980;martinez2009;cuneo2009;buckwalter2015c,,,,,3431,0,0,?
Toba-2_beehive-2,,Toba,2_beehive,huanaic,huanaic,w a n ai k,,buckwalter1980;martinez2009;cuneo2009;buckwalter2015c,,,,,3345,0,0,?
Toba-115_sheep-1,,Toba,115_sheep,qagueta,qagueta,q a g e t a,,buckwalter1980;martinez2009;cuneo2009;buckwalter2015c,,,,,2272,0,0,?
Toba-96_findorsal-1,,Toba,96_findorsal,l-laxashi,l+lax+a+shi,l + l a ʁ a + ʃ i,,buckwalter1980;martinez2009;cuneo2009;buckwalter2015c,,,,,6 5536 3639 2949,0,0,_:poss back _:?
Toba-256_bull-1,,Toba,256_bull,huaaca,huaaca,w aː k a,,buckwalter1980;martinez2009;cuneo2009;buckwalter2015c,,,,,297,0,0,?
Toba-255_ox-1,,Toba,255_ox,huaaca,huaaca,w aː k a,,buckwalter1980;martinez2009;cuneo2009;buckwalter2015c,,,,,297,0,0,cow
Toba-255_ox-2,,Toba,255_ox,huoi,huoi,w oi,,buckwalter1980;martinez2009;cuneo2009;buckwalter2015c,,,,,454,0,0,?
Toba-253_bear-1,,Toba,253_bear,potai,potai,p o t ai,,buckwalter1980;martinez2009;cuneo2009;buckwalter2015c,,,,,455,0,0,?
Toba-242_assdonkey-1,,Toba,242_assdonkey,'ashina,'ashina,ʔ a ʃ i n a,,buckwalter1980;martinez2009;cuneo2009;buckwalter2015c,,,,,457,0,0,?
Toba-284_hawk-1,,Toba,284_hawk,qoỹo l'o',qoỹo l+'o',q o j o + l + ʔ o ʔ,,buckwalter1980;martinez2009;cuneo2009;buckwalter2015c,,,,,37 6 6440,0,0,bird _:poss master
Toba-257_wasp-1,,Toba,257_wasp,"vi'inaq, na'ilala', qo'ilala', pidoxonaq, penaxade, huotel, huashiito, sotaxala', quesaxanaxaic, saxanaxaic, qoloichiqui', nailota",vi'inaq,ʋ i ʔ i n a q,,buckwalter1980;martinez2009;cuneo2009;buckwalter2015c,,,,,2962 1492,0,0,?
Toba-257_wasp-2,,Toba,257_wasp,"vi'inaq, na'ilala', qo'ilala', pidoxonaq, penaxade, huotel, huashiito, sotaxala', quesaxanaxaic, saxanaxaic, qoloichiqui', nailota",na'ilala',n a ʔ i l a l a ʔ,,buckwalter1980;martinez2009;cuneo2009;buckwalter2015c,,,,,2316,0,0,?
Toba-257_wasp-3,,Toba,257_wasp,"vi'inaq, na'ilala', qo'ilala', pidoxonaq, penaxade, huotel, huashiito, sotaxala', quesaxanaxaic, saxanaxaic, qoloichiqui', nailota",qo'ilala',q o ʔ i l a l a ʔ,,buckwalter1980;martinez2009;cuneo2009;buckwalter2015c,,,,,2316,0,0,?
Toba-257_wasp-4,,Toba,257_wasp,"vi'inaq, na'ilala', qo'ilala', pidoxonaq, penaxade, huotel, huashiito, sotaxala', quesaxanaxaic, saxanaxaic, qoloichiqui', nailota",pidoxonaq,p i d o ʁ o n a q,,buckwalter1980;martinez2009;cuneo2009;buckwalter2015c,,,,,2966 5624 1492,0,0,?
Toba-257_wasp-5,,Toba,257_wasp,"vi'inaq, na'ilala', qo'ilala', pidoxonaq, penaxade, huotel, huashiito, sotaxala', quesaxanaxaic, saxanaxaic, qoloichiqui', nailota",penaxade,p e n a ʁ a d e,,buckwalter1980;martinez2009;cuneo2009;buckwalter2015c,,,,,459,0,0,?
Toba-257_wasp-6,,Toba,257_wasp,"vi'inaq, na'ilala', qo'ilala', pidoxonaq, penaxade, huotel, huashiito, sotaxala', quesaxanaxaic, saxanaxaic, qoloichiqui', nailota",huotel,w o t e l,,buckwalter1980;martinez2009;cuneo2009;buckwalter2015c,,,,,973,0,0,?
Toba-257_wasp-7,,Toba,257_wasp,"vi'inaq, na'ilala', qo'ilala', pidoxonaq, penaxade, huotel, huashiito, sotaxala', quesaxanaxaic, saxanaxaic, qoloichiqui', nailota",huashiito,w a ʃ iː t o,,buckwalter1980;martinez2009;cuneo2009;buckwalter2015c,,,,,973,0,0,?
Toba-257_wasp-8,,Toba,257_wasp,"vi'inaq, na'ilala', qo'ilala', pidoxonaq, penaxade, huotel, huashiito, sotaxala', quesaxanaxaic, saxanaxaic, qoloichiqui', nailota",sotaxala',s o t a ʁ a l a ʔ,,buckwalter1980;martinez2009;cuneo2009;buckwalter2015c,,,,,2316,0,0,?
Toba-257_wasp-9,,Toba,257_wasp,"vi'inaq, na'ilala', qo'ilala', pidoxonaq, penaxade, huotel, huashiito, sotaxala', quesaxanaxaic, saxanaxaic, qoloichiqui', nailota",ques+axan+axai+c,k e s a ʁ a n + a ʁ ai + k,,buckwalter1980;martinez2009;cuneo2009;buckwalter2015c,,,,,2962 4055 2940 2405,0,0,strong _:atr _:masc
Toba-257_wasp-10,,Toba,257_wasp,"vi'inaq, na'ilala', qo'ilala', pidoxonaq, penaxade, huotel, huashiito, sotaxala', quesaxanaxaic, saxanaxaic, qoloichiqui', nailota",saxan+axai+c,s a ʁ a n + a ʁ ai + k,,buckwalter1980;martinez2009;cuneo2009;buckwalter2015c,,,,,5315 2940 2405,0,0,strong _:atr _:masc
Toba-257_wasp-11,,Toba,257_wasp,"vi'inaq, na'ilala', qo'ilala', pidoxonaq, penaxade, huotel, huashiito, sotaxala', quesaxanaxaic, saxanaxaic, qoloichiqui', nailota",qoloichiqui',q o l oi tʃ i k i ʔ,,buckwalter1980;martinez2009;cuneo2009;buckwalter2015c,,,,,6441,0,0,?
Toba-257_wasp-12,,Toba,257_wasp,"vi'inaq, na'ilala', qo'ilala', pidoxonaq, penaxade, huotel, huashiito, sotaxala', quesaxanaxaic, saxanaxaic, qoloichiqui', nailota",nailota,n + ai l o t a,,buckwalter1980;martinez2009;cuneo2009;buckwalter2015c,,,,,459,0,0,_:poss clot
Toba-70_eyelid-1,,Toba,70_eyelid,l'ai lapo'te,l+'ai+l+apo+'te,l + ʔ ai + l + a p o + ʔ t e,,buckwalter1980;martinez2009;cuneo2009;buckwalter2015c,,,,,6 2333 6 2783 986,0,0,_:poss eye _:poss cover _:pauc
Toba-70_eyelid-2,,Toba,70_eyelid,l'ai'te lqa',l+'ai'te l+qa',l + ʔ ai ʔ t e + l + q a ʔ,,buckwalter1980;martinez2009;cuneo2009;buckwalter2015c,,,,,6 2333 986 6 2157,0,0,_:poss eye _:pauc _:poss chin
Toba-40_borntobe-1,,Toba,40_borntobe,"ñiguiñi, ỹañoqchit",ñigui+ñi,ɲ i g i + ɲ i,,buckwalter1980;martinez2009;cuneo2009;buckwalter2015c,,,,,2339 2339 2132,0,0,be.born _:down
Toba-259_eyelash-1,,Toba,259_eyelash,llote,l+lote,l + l o t e,,buckwalter1980;martinez2009;cuneo2009;buckwalter2015c,,,,,6 1831,0,0,_:poss eyelash
Toba-121_footprint-1,,Toba,121_footprint,llic,ll+ic,ʎ + i k,,buckwalter1980;martinez2009;cuneo2009;buckwalter2015c,,,,,4477 482,0,0,_:poss path/go
Toba-258_poison-1,,Toba,258_poison,"leuaxat, qanlem, lata'q",leu+axat,l e u + a ʁ a t,,buckwalter1980;martinez2009;cuneo2009;buckwalter2015c,,,,,2360 1574,0,0,die _:nmlz
Toba-258_poison-2,,Toba,258_poison,"leuaxat, qanlem, lata'q",qan+lem,q a n + l e m,,buckwalter1980;martinez2009;cuneo2009;buckwalter2015c,,,,,2353 5173,0,0,_:1pl.O kill
Toba-258_poison-3,,Toba,258_poison,"leuaxat, qanlem, lata'q",l+ata+'q,l + a t a + ʔ q,,buckwalter1980;martinez2009;cuneo2009;buckwalter2015c,,,,,6 1014 2353,0,0,_:poss cure _:nmlz
Toba-301_urinate-1,,Toba,301_urinate,lte,l+te,l + t e,,buckwalter1980;martinez2009;cuneo2009;buckwalter2015c,,,,,6 1864,0,0,_:poss urinate
Toba-301_urinate-2,,Toba,301_urinate,lcotela't,l+cotela't,l + k o t e l a ʔ t,,buckwalter1980;martinez2009;cuneo2009;buckwalter2015c,,,,,6 6455,0,0,_:poss urinate
Toba-301_urinate-3,,Toba,301_urinate,lchaxan,l+ch+axan,l + tʃ + a ʁ a n,,buckwalter1980;martinez2009;cuneo2009;buckwalter2015c,,,,,6 1864 4055,0,0,_:poss urinate _:val
Toba-77_nippleteat-1,,Toba,77_nippleteat,na ltete lqaic,na l+tete l+qaic,n a + l + t e t e + l + q ai k,,buckwalter1980;martinez2009;cuneo2009;buckwalter2015c,,,,,2895 6 49 6 2326,0,0,_:det _:poss breast _:poss head
Toba-81_spine-1,,Toba,81_spine,na llaq lpi'inec,na l+laq l+pi'inec,n a + l + l a q + l + p i ʔ i n e k,,buckwalter1980;martinez2009;cuneo2009;buckwalter2015c,,,,,2895 6 3053 6 54,0,0,_:det _:poss back _:poss bone
Toba-294_pus-1,,Toba,294_pus,nacham; lli'i,n+acham,n + a tʃ a m,,buckwalter1980;martinez2009;cuneo2009;buckwalter2015c,,,,,1 6459,0,0,_:poss pus
Toba-294_pus-2,,Toba,294_pus,nacham; lli'i,lli'i,ʎ + i ʔ i,,buckwalter1980;martinez2009;cuneo2009;buckwalter2015c,,,,,3067,0,0,_:poss pus
Toba-68_womb-1,,Toba,68_womb,da'am; lco'oxoqui,da+'am,d a + ʔ a m,,buckwalter1980;martinez2009;cuneo2009;buckwalter2015c,,,,,3075 6462,0,0,_:poss womb
Toba-68_womb-2,,Toba,68_womb,da'am; lco'oxoqui,l+co'o+xoqui,l + k o ʔ o + ʁ o k i,,buckwalter1980;martinez2009;cuneo2009;buckwalter2015c,,,,,6 6119 1054,0,0,_:poss conceive _:loc
Toba-84_veinartery-1,,Toba,84_veinartery,"l'ota, na ltago'q llic",l+'ota,l + ʔ o t a,,buckwalter1980;martinez2009;cuneo2009;buckwalter2015c,,,,,6 498,0,0,_:poss vein
Toba-84_veinartery-2,,Toba,84_veinartery,"l'ota, na ltago'q llic",l+tago'q ll+ic,l + t a g o ʔ q + ʎ + i k,,buckwalter1980;martinez2009;cuneo2009;buckwalter2015c,,,,,6 2003 4477 482,0,0,_:poss blood _:poss path
Toba-144_mute-1,,Toba,144_mute,qaica caua l'aqtaqa,qaica ca+ua l+'aqtaqa,q ai k a + k a + w a + l + ʔ a q t a q a,,buckwalter1980;martinez2009;cuneo2009;buckwalter2015c,,,,,2401 3098 2402 6 2404 5883,0,0,_:neg.ex _:det _:pl _:poss speech
Toba-63_thumb-1,,Toba,63_thumb,añi lỹaxaata late'e,añi l+ỹaxaata l+ate'e,a ɲ i + l + j a ʁ aː t a + l + a t e ʔ e,,buckwalter1980;martinez2009;cuneo2009;buckwalter2015c,,,,,1918 6 2406 6 445,0,0,_:det _:poss finger _:poss mother
Toba-80_beak-1,,Toba,80_beak,naship,n+aship,n + a ʃ i p,,buckwalter1980;martinez2009;cuneo2009;buckwalter2015c,,,,,1 2409,0,0,_:poss beak
Toba-134_itch-1,,Toba,134_itch,"deshiqui; chimguilo, nchimdeec",de+shiqui,d e + ʃ i k i,,buckwalter1980;martinez2009;cuneo2009;buckwalter2015c,,,,,1269 2423,0,0,_:3sg itch
Toba-134_itch-2,,Toba,134_itch,"deshiqui; chimguilo, nchimdeec",chim+gui+lo,tʃ i m + g i + l o,,buckwalter1980;martinez2009;cuneo2009;buckwalter2015c,,,,,1928 4367 6465,0,0,itch _:loc _:pl
Toba-134_itch-3,,Toba,134_itch,"deshiqui; chimguilo, nchimdeec",n+chim+de+ec,n + tʃ i m + d e + e k,,buckwalter1980;martinez2009;cuneo2009;buckwalter2015c,,,,,1 1928 1928 1305,0,0,_:3p.al itch _:pl _:dir
Toba-269_wakeup-1,,Toba,269_wakeup,"nqotoxon, nloqteneec, datom, nlouec, nloteec, nlapeguec",n+qotoxon,n + q o t o ʁ o n,,buckwalter1980;martinez2009;cuneo2009;buckwalter2015c,,,,,1 2427 5624,0,0,_:3sg wake.up
Toba-269_wakeup-2,,Toba,269_wakeup,"nqotoxon, nloqteneec, datom, nlouec, nloteec, nlapeguec",n+loqteneec,n + l o q t e n e k,,buckwalter1980;martinez2009;cuneo2009;buckwalter2015c,,,,,1 2426 6466 1305,0,0,_:3p.al wake.up
Toba-269_wakeup-3,,Toba,269_wakeup,"nqotoxon, nloqteneec, datom, nlouec, nloteec, nlapeguec",d+atom,d + a t o m,,buckwalter1980;martinez2009;cuneo2009;buckwalter2015c,,,,,1269 4822,0,0,_:3sg wake.up
Toba-269_wakeup-4,,Toba,269_wakeup,"nqotoxon, nloqteneec, datom, nlouec, nloteec, nlapeguec",n+lo+uec,n + l o + w e k,,buckwalter1980;martinez2009;cuneo2009;buckwalter2015c,,,,,1 2426 6342,0,0,_:3sg look _:dir
Toba-71_window-1,,Toba,71_window,lalloxoqui,l+all+oxoqui,l + a ʎ + o ʁ o k i,,buckwalter1980;martinez2009;cuneo2009;buckwalter2015c,,,,,6 178 1942,0,0,_:poss look _:nmlz
Toba-127_cousin-1,,Toba,127_cousin,lqaỹa l'a,l+qaỹa l+'a,l + q a j a + l + ʔ a,,buckwalter1980;martinez2009;cuneo2009;buckwalter2015c,,,,,6 514 6 6474,0,0,_:poss brother _:poss other
Toba-87_place-1,,Toba,87_place,"lma', lpa'axac, ldaqa'",l+ma',l + m a ʔ,,buckwalter1980;martinez2009;cuneo2009;buckwalter2015c,,,,,6 6338,0,0,_:poss place
Toba-87_place-2,,Toba,87_place,"lma', lpa'axac, ldaqa'",l+pa'axac,l + p a ʔ a ʁ a k,,buckwalter1980;martinez2009;cuneo2009;buckwalter2015c,,,,,6 6475,0,0,_:poss place
Toba-87_place-3,,Toba,87_place,"lma', lpa'axac, ldaqa'",l+daqa',l + d a q a ʔ,,buckwalter1980;martinez2009;cuneo2009;buckwalter2015c,,,,,6 5610,0,0,_:poss place
Toba-137_potter-1,,Toba,137_potter,'alhua l'o,'alhua l'o,ʔ a l w a + l + ʔ o,,buckwalter1980;martinez2009;cuneo2009;buckwalter2015c,,,,,6135 5615,0,0,earth _:poss master
Toba-105_shadeshadow-1,,Toba,105_shadeshadow,"paqal, depeltenaxan",paqal,p a q a l,,buckwalter1980;martinez2009;cuneo2009;buckwalter2015c,,,,,2440,0,0,?
Toba-105_shadeshadow-2,,Toba,105_shadeshadow,"paqal, depeltenaxan",de+pelten+axan,d e + p e l t e n + a ʁ a n,,buckwalter1980;martinez2009;cuneo2009;buckwalter2015c,,,,,1269 2440 4055,0,0,_:3sg cast.shadow _:nmlz
Toba-69_parents-1,,Toba,69_parents,lta'al,l+ta'a+l,l + t a ʔ a + l,,buckwalter1980;martinez2009;cuneo2009;buckwalter2015c,,,,,6 857 6,0,0,_:poss father _:pauc
Toba-165_write-1,,Toba,165_write,dedaxan,de+d+axan,d e + d + a ʁ a n,,buckwalter1980;martinez2009;cuneo2009;buckwalter2015c,,,,,1269 4565 4055,0,0,_:3sg write _:val
Toba-122_altar-1,,Toba,122_altar,lca'atoxola',l+ca'at+oxo+la',l + k a ʔ a t + o ʁ o + l a ʔ,,buckwalter1980;martinez2009;cuneo2009;buckwalter2015c,,,,,4050 5633 4051 6393,0,0,_:poss burn _:val _:loc
Toba-107_summer-1,,Toba,107_summer,vi'i,vi'i,ʋ i ʔ i,,buckwalter1980;martinez2009;cuneo2009;buckwalter2015c,,,,,6148,0,0,?
Vilela-85_blood-1,,Vilela,85_blood,awo,awo,a w o,,golluscio2009,,,,,2,0,0,?
Vilela-79_head-1,,Vilela,79_head,niscone,niscone,n i s ts o n e,,golluscio2009,,,,,6482,0,0,?
Vilela-56_hand-1,,Vilela,56_hand,isi,isi,i s i,,golluscio2009,,,,,2484,0,0,?
Vilela-53_ear-1,,Vilela,53_ear,malhup,malhup,m a ɬ u p,,golluscio2009,,,,,6484,0,0,?
Vilela-163_see-1,,Vilela,163_see,ame,ame,a m e,,golluscio2009,,,,,1142,0,0,?
Vilela-37_husband-1,,Vilela,37_husband,gima,gima,g i m a,,golluscio2009,,,,,555,0,0,?
Vilela-38_wife-1,,Vilela,38_wife,gima,gima,g i m a,,golluscio2009,,,,,28,0,0,?
Vilela-187_bird-1,,Vilela,187_bird,alej,alej,a l ei,,golluscio2009,,,,,558,0,0,?
Vilela-261_heart-1,,Vilela,261_heart,Gos,Gos,ʁ o s,,golluscio2009,,,,,574,0,0,?
Vilela-261_heart-2,,Vilela,261_heart,gose,gose,g o s e,,golluscio2009,,,,,574,0,0,?
Vilela-139_earthgroundsoil-1,,Vilela,139_earthgroundsoil,balhe,balhe,b a ɬ e,,golluscio2009,,,,,583,0,0,?
Vilela-297_root-1,,Vilela,297_root,rukpihe,rukpihe,r u k p i h e,,golluscio2009,,,,,6485 90,0,0,?
Vilela-66_mother-1,,Vilela,66_mother,nane,nane,n a n e,,golluscio2009,,,,,4624,0,0,?
Vilela-279_come-1,,Vilela,279_come,nite,n+it+e,n + i t + e,,golluscio2009,,,,,113 6488 621,0,0,?
Vilela-43_leaf-1,,Vilela,43_leaf,niLe,niLe,n i ɬ e,,golluscio2009,,,,,2082,0,0,?
Vilela-153_three-1,,Vilela,153_three,nipetwej,nipetwej,n i p e t w ei,,golluscio2009,,,,,125,0,0,?
Vilela-244_white-1,,Vilela,244_white,p'o,p'o,pˀ o,,golluscio2009,,,,,1287,0,0,?
Vilela-146_faradv-1,,Vilela,146_faradv,dah,dah,d a h,,golluscio2009,,,,,1291,0,0,?
Vilela-162_drink-1,,Vilela,162_drink,mana,man+a,m a n + a,,golluscio2009,,,,,1298 652,0,0,drink _:3sg
Vilela-41_fall-1,,Vilela,41_fall,guhe,gu+he,g u + h e,,golluscio2009,,,,,1305 4652,0,0,fall _:3sg
Vilela-274_ashes-1,,Vilela,274_ashes,sukel,sukel,s u k e l,,golluscio2009,,,,,3873 1311,0,0,?
Vilela-65_largebig-1,,Vilela,65_largebig,umbap,umbap,u m b a p,,golluscio2009,,,,,6491,0,0,?
Vilela-65_largebig-2,,Vilela,65_largebig,olem,olem,o l e m,,golluscio2009,,,,,3300,0,0,?
Vilela-276_eat-1,,Vilela,276_eat,wah,wah,w a h,,golluscio2009,,,,,4325,0,0,?
Vilela-191_grass-1,,Vilela,191_grass,ane,ane,a n e,,golluscio2009,,,,,2108,0,0,?
Vilela-263_everyall-1,,Vilela,263_everyall,label,label,l a b e l,,golluscio2009,,,,,678,0,0,?
Vilela-263_everyall-2,,Vilela,263_everyall,lapge,lapge,l a p g e,,golluscio2009,,,,,5698,0,0,?
Vilela-291_name-1,,Vilela,291_name,wat,wat,w a t,,golluscio2009,,,,,4330,0,0,?
Vilela-282_father-1,,Vilela,282_father,tate,tate,t a t e,,golluscio2009,,,,,177,0,0,?
Vilela-282_father-2,,Vilela,282_father,o,o,o,,golluscio2009,,,,,684,0,0,?
Vilela-100_smalllittle-1,,Vilela,100_smalllittle,ahtis,ahtis,a h t i s,,golluscio2009,,,,,6494 2618,0,0,?
Vilela-100_smalllittle-2,,Vilela,100_smalllittle,ch'inch'ini,ch'inch'ini,tʃˀ i n tʃˀ i n i,,golluscio2009,,,,,1355 1352,0,0,?
Vilela-135_two-1,,Vilela,135_two,uke,uke,u k e,,golluscio2009,,,,,687,0,0,?
Vilela-52_treecf08600-1,,Vilela,52_treecf08600,kire,kire,k i r e,,golluscio2009,,,,,698,0,0,?
Vilela-283_give-1,,Vilela,283_give,'umite,'um+i+te,ʔ u m + i + t e,,golluscio2009,,,,,710 212 1402,0,0,give _:it _:3sg
Vilela-283_give-2,,Vilela,283_give,yip,yip,j i p,,golluscio2009,,,,,2133,0,0,?
Vilela-147_muchmany-1,,Vilela,147_muchmany,owe,owe,o w e,,golluscio2009,,,,,2654,0,0,?
Vilela-147_muchmany-2,,Vilela,147_muchmany,otie,otie,o t j e,,golluscio2009,,,,,2654,0,0,?
Vilela-147_muchmany-3,,Vilela,147_muchmany,dupe,dupe,d u p e,,golluscio2009,,,,,219,0,0,?
Vilela-147_muchmany-4,,Vilela,147_muchmany,rupe,rupe,r u p e,,golluscio2009,,,,,219,0,0,?
Vilela-39_sit-1,,Vilela,39_sit,jasi,jasi,j a s i,,golluscio2009,,,,,2138,0,0,?
Vilela-323_hold-1,,Vilela,323_hold,are,are,a r e,,golluscio2009,,,,,6497,0,0,?
Vilela-290_mosquito-1,,Vilela,290_mosquito,ininipi,ininipi,i n i n i p i,,golluscio2009,,,,,6498,0,0,?
Vilela-126_liedown-1,,Vilela,126_liedown,ilhkite,ilh+k+it+e,i ɬ + k + i t + e,,golluscio2009,,,,,4396 4397 2177 257,0,0,lie.down go _:it _:3sg
Vilela-126_liedown-2,,Vilela,126_liedown,eli,eli,e l i,,golluscio2009,,,,,4396,0,0,?
Vilela-72_house-1,,Vilela,72_house,wane,wan,w a n,,golluscio2009,,,,,2699 766,0,0,?
Vilela-55_bee-1,,Vilela,55_bee,qahpa,qahpa,q a h p a,,golluscio2009,,,,,1492,0,0,?
Vilela-128_flea-1,,Vilela,128_flea,pim pim,pimpim,p i m p i m,,golluscio2009,,,,,3460 6499,0,0,?
Vilela-166_deer-1,,Vilela,166_deer,sale,sale,s a l e,,golluscio2009,,,,,4410,0,0,?
Vilela-118_ant-1,,Vilela,118_ant,susuli,susuli,s u s u l i,,golluscio2009,,,,,785 6501 3475,0,0,?
Vilela-42_hairhead-1,,Vilela,42_hairhead,nahu,nahu,n a h u,,golluscio2009,,,,,1510,0,0,?
Vilela-262_under-1,,Vilela,262_under,lopa,lopa,l o p a,,golluscio2009,,,,,816,0,0,?
Vilela-268_upabove-1,,Vilela,268_upabove,teberupe,teberupe,t e b e r u p e,,golluscio2009,,,,,6502,0,0,?
Vilela-268_upabove-2,,Vilela,268_upabove,lawe,lawe,l a w e,,golluscio2009,,,,,2234,0,0,?
Vilela-103_club-1,,Vilela,103_club,kiretone,kiretone,k i r e t o n e,,golluscio2009,,,,,335,0,0,?
Vilela-169_knife-1,,Vilela,169_knife,alhu,alhu,a ɬ u,,golluscio2009,,,,,6408,0,0,?
Vilela-104_soulspirit-1,,Vilela,104_soulspirit,gos,gos,g o s,,golluscio2009,,,,,344,0,0,?
Vilela-277_cryweep-1,,Vilela,277_cryweep,ej,ej,ei,,golluscio2009,,,,,6251,0,0,?
Vilela-277_cryweep-2,,Vilela,277_cryweep,ehe,ehe,e h e,,golluscio2009,,,,,859,0,0,?
Vilela-206_oldman-1,,Vilela,206_oldman,inlha,inlha,i n ɬ a,,golluscio2009,,,,,6504,0,0,?
Vilela-207_oldwoman-1,,Vilela,207_oldwoman,kilheri,kilheri,k i ɬ e r i,,golluscio2009,,,,,389,0,0,?
Vilela-173_lizard-1,,Vilela,173_lizard,ipeso,ipeso,i p e s o,,golluscio2009,,,,,2273 394,0,0,?
Vilela-302_pig-1,,Vilela,302_pig,dzini,dzini,dʒ i n i,,golluscio2009,,,,,399,0,0,?
Vilela-245_snail-1,,Vilela,245_snail,kum,kum,k u m,,golluscio2009,,,,,1775,0,0,?
Vilela-160_fox-1,,Vilela,160_fox,oqol,oqol,o q o l,,golluscio2009,,,,,4497,0,0,?
Vilela-113_horseequine-1,,Vilela,113_horseequine,kihi,kihi,k i h i,,golluscio2009,,,,,2299,0,0,?
Vilela-208_mule-1,,Vilela,208_mule,mole,mole,m o l e,,golluscio2009,,,,,953,0,0,?
Vilela-257_wasp-1,,Vilela,257_wasp,qahpa,qahpa,q a h p a,,golluscio2009,,,,,2966,0,0,?
Vilela-257_wasp-2,,Vilela,257_wasp,ameL,ameL,a m e ɬ,,golluscio2009,,,,,6510,0,0,?
Vilela-84_veinartery-1,,Vilela,84_veinartery,pis,pis,p i s,,golluscio2009,,,,,4016,0,0,?
Vilela-105_shadeshadow-1,,Vilela,105_shadeshadow,bolhom,bolhom,b o ɬ o m,,golluscio2009,,,,,2440,0,0,?
Wichi-85_blood-1,,Wichi,85_blood,law'uyis,law'uyis,l a + ˀw u j i s,,braunstein2015;suarez2010,,,,,1 1 4 9   ?,0,0,?
Wichi-59_mouth-1,,Wichi,59_mouth,lak'aj,la+k'aj,l a + qˀ a χ,,braunstein2015;suarez2010,,,,,1149 100,0,0,_:poss mouth
Wichi-79_head-1,,Wichi,79_head,lhetek,lhetek,ɬ + e t e q,,braunstein2015;suarez2010,,,,,796 7,0,0,_:poss head
Wichi-56_hand-1,,Wichi,56_hand,takwech'u,takwech'u,t a + kʷ e + tʃˀ u,,braunstein2015;suarez2010,,,,,4961 6514,0,0,_:poss hand _:?
Wichi-53_ear-1,,Wichi,53_ear,lach'ute,la+ch'ute,l a + tʃˀ u t e,,braunstein2015;suarez2010,,,,,1 1 4 9   ?,0,0,_:poss ear
Wichi-50_red-1,,Wichi,50_red,ichot,ichot,i + tʃ o t,,braunstein2015;suarez2010,,,,,1137,0,0,_:3sg red
Wichi-163_see-1,,Wichi,163_see,wen,wen,w e n,,braunstein2015;suarez2010,,,,,1145,0,0,?
Wichi-37_husband-1,,Wichi,37_husband,lach'efwa,la+ch'efwa,l a + tʃˀ e fʷ a,,braunstein2015;suarez2010,,,,,1149 26,0,0,_:poss husband
Wichi-38_wife-1,,Wichi,38_wife,lachefwa,la+chefwa,l a + tʃ e fʷ a,,braunstein2015;suarez2010,,,,,1149 29,0,0,_:poss spouse
Wichi-138_hear-1,,Wichi,138_hear,ilotey,ilotey,i l o t + ei,,braunstein2015;suarez2010,,,,,6517,0,0,hear _:appl
Wichi-187_bird-1,,Wichi,187_bird,afwenche,afwenche,a fʷ e n + tʃ e,,braunstein2015;suarez2010,,,,,36,0,0,bird _:suff/che
Wichi-97_fish-1,,Wichi,97_fish,w'ahat,w'ahat,ˀw a h a t,,braunstein2015;suarez2010,,,,,2496,0,0,?
Wichi-130_louse-1,,Wichi,130_louse,lha',lha',ɬ a ʔ,,braunstein2015;suarez2010,,,,,2501,0,0,?
Wichi-129_dog-1,,Wichi,129_dog,asinoj,asinoj,a s i n o χ,,braunstein2015;suarez2010,,,,,2502,0,0,?
Wichi-251_tongue-1,,Wichi,251_tongue,lak’aj lhech’e,lak’aj lhech’e,l a + qˀ a χ + ɬ e + tʃˀ e,,braunstein2015;suarez2010,,,,,1 1 4 9   1 1 6 0   ?,0,0,_:poss mouth _:poss foot
Wichi-78_breastofwoman-1,,Wichi,78_breastofwoman,t'ate,t'ate,tˀ + a t e,,braunstein2015;suarez2010,,,,,49,0,0,_:preff/body breast
Wichi-98_wing-1,,Wichi,98_wing,lhefw,lhefw,ɬ + e fʷ,,braunstein2015;suarez2010,,,,,2032 50,0,0,_:poss wing
Wichi-82_back-1,,Wichi,82_back,hwapulh,hwapulh,w̥ a p u ɬ,,braunstein2015;suarez2010,,,,,569 2033,0,0,?
Wichi-83_bone-1,,Wichi,83_bone,lhile,lhile,ɬ i l e,,braunstein2015;suarez2010,,,,,6160,0,0,?
Wichi-120_leg-1,,Wichi,120_leg,lheche,lheche,ɬ e + tʃ e,,braunstein2015;suarez2010,,,,,571,0,0,_:poss leg
Wichi-246_foot-1,,Wichi,246_foot,lapach'u,lapach'u,l a + p a tʃˀ u,,braunstein2015;suarez2010,,,,,1 1 4 9   ?,0,0,_:poss foot
Wichi-261_heart-1,,Wichi,261_heart,lat'utle,lat'utle,l a + tˀ + u t l e,,braunstein2015;suarez2010,,,,,1 1 4 9   ?,0,0,_:poss _:body heart
Wichi-125_sleep-1,,Wichi,125_sleep,imo',imo',i + m o,,braunstein2015;suarez2010,,,,,1174,0,0,_:3sg sleep
Wichi-114_tail-1,,Wichi,114_tail,lachos,lachos,l a + tʃ o s,,braunstein2015;suarez2010,,,,,1 1 4 9   ?,0,0,_:poss tail
Wichi-111_kill-1,,Wichi,111_kill,ilon,ilon,i + l o n,,braunstein2015;suarez2010,,,,,2050,0,0,_:3sg kill
Wichi-75_skinhide-1,,Wichi,75_skinhide,t'oh,t'oh,tˀ + o h,,braunstein2015;suarez2010,,,,,4846,0,0,_:body skin
Wichi-44_feather-1,,Wichi,44_feather,lhafw,lhafw,ɬ + a fʷ,,braunstein2015;suarez2010,,,,,2520,0,0,_:poss feather
Wichi-139_earthgroundsoil-1,,Wichi,139_earthgroundsoil,t'entah,t'entah,tˀ e n t a h,,braunstein2015;suarez2010,,,,,6520 6338,0,0,?
Wichi-167_yellow-1,,Wichi,167_yellow,ka'te',ka'te',q a ʔ t e,,braunstein2015;suarez2010,,,,,3853,0,0,?
Wichi-133_flyvb-1,,Wichi,133_flyvb,wiy'o,wiy'o,w i ˀj o,,braunstein2015;suarez2010,,,,,2535,0,0,?
Wichi-297_root-1,,Wichi,297_root,lafwetsi,lafwetsi,l a + fʷ e ts i,,braunstein2015;suarez2010,,,,,1149 2537,0,0,_:poss root
Wichi-67_lake-1,,Wichi,67_lake,lawumek,lawumek,l a w u m e q,,braunstein2015;suarez2010,,,,,2538,0,0,?
Wichi-243_black-1,,Wichi,243_black,chalaj,chalaj,tʃ a l a χ,,braunstein2015;suarez2010,,,,,4274,0,0,?
Wichi-164_dust-1,,Wichi,164_dust,hohnat muk,hohnat+muk,h o n̥ a t + m u q,,braunstein2015;suarez2010,,,,,1218 2547,0,0,earth dust
Wichi-168_star-1,,Wichi,168_star,kates,kates,q a t e s,,braunstein2015;suarez2010,,,,,605,0,0,?
Wichi-280_personhumanbeing-1,,Wichi,280_personhumanbeing,wichi,wichi,w i tʃ i,,braunstein2015;suarez2010,,,,,2074,0,0,?
Wichi-66_mother-1,,Wichi,66_mother,laku,la+ku,l a + q u,,braunstein2015;suarez2010,,,,,1 1 4 9   ?,0,0,_:poss mother
Wichi-145_nearadv-1,,Wichi,145_nearadv,nitufwayey,nitufwayey,n i t u fʷ a j ei,,braunstein2015;suarez2010,,,,,3233,0,0,?
Wichi-92_cloud-1,,Wichi,92_cloud,pule',pule',p u l e ʔ,,braunstein2015;suarez2010,,,,,2560,0,0,?
Wichi-279_come-1,,Wichi,279_come,nom,nom,n o m,,braunstein2015;suarez2010,,,,,113,0,0,?
Wichi-43_leaf-1,,Wichi,43_leaf,law'ule,law'ule,l a + ˀw u l e,,braunstein2015;suarez2010,,,,,1149 2082,0,0,_:poss leaf
Wichi-93_sky-1,,Wichi,93_sky,pele,pele,p e l e,,braunstein2015;suarez2010,,,,,2566,0,0,?
Wichi-90_bark-1,,Wichi,90_bark,t'oh,t'oh,tˀ + o h,,braunstein2015;suarez2010,,,,,4846,0,0,_:body skin
Wichi-140_where-1,,Wichi,140_where,ee' ihi,ee' ihi,eː ʔ + i h i,,braunstein2015;suarez2010,,,,,6532 3264,0,0,how in
Wichi-298_ropecord-1,,Wichi,298_ropecord,t'ak,t'ak,tˀ a q,,braunstein2015;suarez2010,,,,,2460 2578,0,0,?
Wichi-141_how-1,,Wichi,141_how,ee' ewuye,ee' ewuye,eː ʔ + e w u j e,,braunstein2015;suarez2010,,,,,3276 6534,0,0,how ?
Wichi-153_three-1,,Wichi,153_three,lajtumfwaya,lajtumfwaya,l a χ t u m fʷ a j a,,braunstein2015;suarez2010,,,,,126 6535,0,0,?
Wichi-244_white-1,,Wichi,244_white,ipelaj,ipelaj,i + p e l a χ,,braunstein2015;suarez2010,,,,,1288,0,0,_:3sg red
Wichi-146_faradv-1,,Wichi,146_faradv,tufwey,tufwey,t u fʷ + ei,,braunstein2015;suarez2010,,,,,6536,0,0,far _:appl
Wichi-106_year-1,,Wichi,106_year,nekchom,nekchom,n e q tʃ o m,,braunstein2015;suarez2010,,,,,6537,0,0,?
Wichi-162_drink-1,,Wichi,162_drink,iyo',iyo',i j o ʔ,,braunstein2015;suarez2010,,,,,2586,0,0,?
Wichi-248_flower-1,,Wichi,248_flower,lhawu,lhawu,ɬ + a w u,,braunstein2015;suarez2010,,,,,2099 1300,0,0,_:poss flower
Wichi-41_fall-1,,Wichi,41_fall,nichotcho,ni+chot+cho,n i + tʃ o t + tʃ o,,braunstein2015;suarez2010,,,,,1304 4874 3289,0,0,_:3sg fall _:down
Wichi-264_know-1,,Wichi,264_know,yahanej,yahanej,j a h a n e χ,,braunstein2015;suarez2010,,,,,3292,0,0,?
Wichi-274_ashes-1,,Wichi,274_ashes,itoj mukw,itoj mukw,i t o χ + m u kʷ,,braunstein2015;suarez2010,,,,,152 6538,0,0,fire dust
Wichi-65_largebig-1,,Wichi,65_largebig,wefw,wefw,w e fʷ,,braunstein2015;suarez2010,,,,,2597,0,0,?
Wichi-148_short-1,,Wichi,148_short,niptaja,niptaja,n i p t a χ a,,braunstein2015;suarez2010,,,,,5263,0,0,?
Wichi-276_eat-1,,Wichi,276_eat,tefw,tefw,t e fʷ,,braunstein2015;suarez2010,,,,,1330,0,0,?
Wichi-191_grass-1,,Wichi,191_grass,hep,hep,h e p,,braunstein2015;suarez2010,,,,,674,0,0,?
Wichi-152_one-1,,Wichi,152_one,hotefwajhi,hotefwajhi,h o t e fʷ a χ h i,,braunstein2015;suarez2010,,,,,676 6540 6541,0,0,?
Wichi-263_everyall-1,,Wichi,263_everyall,nilhokej,nilhokej,n i ɬ o q e χ,,braunstein2015;suarez2010,,,,,5698,0,0,?
Wichi-291_name-1,,Wichi,291_name,tolhey,to+lhey,t o + ɬ + ei,,braunstein2015;suarez2010,,,,,172 2615,0,0,_:class _:poss name
Wichi-292_old-1,,Wichi,292_old,hich'et,hich'et,h i tʃˀ e t,,braunstein2015;suarez2010,,,,,6542,0,0,?
Wichi-282_father-1,,Wichi,282_father,lafwcha,la+fwcha,l a + fʷ tʃ a,,braunstein2015;suarez2010,,,,,1 1 4 9   ?,0,0,_:poss father
Wichi-100_smalllittle-1,,Wichi,100_smalllittle,lhamsaj,lhamsaj,ɬ a m s + a χ,,braunstein2015;suarez2010,,,,,4662,0,0,small _:suff/aX
Wichi-135_two-1,,Wichi,135_two,nitokw,nitokw,n i t o kʷ,,braunstein2015;suarez2010,,,,,2119,0,0,?
Wichi-15_long-1,,Wichi,15_long,pitah,pitah,p i t a h,,braunstein2015;suarez2010,,,,,2622,0,0,?
Wichi-275_intestinesguts-1,,Wichi,275_intestinesguts,takosle,ta+kosle,t a + q o s l e,,braunstein2015;suarez2010,,,,,2626,0,0,_:poss intestines
Wichi-188_smellvbtrans-1,,Wichi,188_smellvbtrans,lanih,la+nih,l a + n i h,,braunstein2015;suarez2010,,,,,1149 4884,0,0,_:3sg smell
Wichi-74_seed-1,,Wichi,74_seed,lakoslhu',lakoslhu',l a + q o s + ɬ u,,braunstein2015;suarez2010,,,,,1149,0,0,_:poss ? seed
Wichi-47_sun-1,,Wichi,47_sun,ifwala',ifwala',i fʷ a l a,,braunstein2015;suarez2010,,,,,2130,0,0,?
Wichi-283_give-1,,Wichi,283_give,hiw'enhu,hiw'enhu,h i + ˀw e n + h u,,braunstein2015;suarez2010,,,,,4892 213 6551,0,0,_:3sg give _:appl
Wichi-136_littlequantityfew-1,,Wichi,136_littlequantityfew,niwefwa,niwefwa,n i w e fʷ a,,braunstein2015;suarez2010,,,,,1404,0,0,?
Wichi-147_muchmany-1,,Wichi,147_muchmany,nitokw,nitokw,n i t o kʷ,,braunstein2015;suarez2010,,,,,218,0,0,?
Wichi-266_cold-1,,Wichi,266_cold,nitechoj,ni+techoj,n i + t e tʃ o χ,,braunstein2015;suarez2010,,,,,1413 18,0,0,_:3sg cold
Wichi-39_sit-1,,Wichi,39_sit,tataypho,tataypho,t a + t ai pʰ o,,braunstein2015;suarez2010,,,,,6554 2656,0,0,_:3sg sit
Wichi-285_fruit-1,,Wichi,285_fruit,tokoslha',to+kos+lha',t o q o s + ɬ + a ʔ,,braunstein2015;suarez2010,,,,,227 5723 2144,0,0,? _:poss fruit
Wichi-323_hold-1,,Wichi,323_hold,hiwen,hi+wen,h i + w e n,,braunstein2015;suarez2010,,,,,5964 730,0,0,_:poss hold
Wichi-46_animal-1,,Wichi,46_animal,tshowet,tshowet,tsʰ o w e t,,braunstein2015;suarez2010,,,,,6557,0,0,?
Wichi-290_mosquito-1,,Wichi,290_mosquito,yaphin'a,yaphin'a,j a pʰ i ˀn a,,braunstein2015;suarez2010,,,,,6558,0,0,?
Wichi-35_spider-1,,Wichi,35_spider,chuhut,chuhut,tʃ u h u t,,braunstein2015;suarez2010,,,,,6559,0,0,?
Wichi-95_claw-1,,Wichi,95_claw,hwehw t'oh,hwehw t'oh,w̥ e w̥ + tˀ + o h,,braunstein2015;suarez2010,,,,,6560 6561,0,0,finger _:body skin
Wichi-57_arm-1,,Wichi,57_arm,takwey,ta+kwey,t a + kʷ ei,,braunstein2015;suarez2010,,,,,2151 6562,0,0,_:poss arm
Wichi-102_horn-1,,Wichi,102_horn,chelh,chelh,tʃ e + ɬ,,braunstein2015;suarez2010,,,,,237,0,0,horn _:pl
Wichi-58_beard-1,,Wichi,58_beard,laposey,la+posey,l a + p o s e j,,braunstein2015;suarez2010,,,,,1149 5037,0,0,_:poss beard
Wichi-254_chest-1,,Wichi,254_chest,t'ukwe,t'ukwe,tˀ u kʷ e,,braunstein2015;suarez2010,,,,,2161,0,0,?
Wichi-61_chin-1,,Wichi,61_chin,lakulun,lakulun,l a + q u l u n,,braunstein2015;suarez2010,,,,,1 1 4 9   ?,0,0,_:poss chin
Wichi-62_lip-1,,Wichi,62_lip,laposet,la+poset,l a + p o s + e t,,braunstein2015;suarez2010,,,,,1149 81,0,0,_:poss lip _:suff/et
Wichi-64_finger-1,,Wichi,64_finger,lafwefw,lafwefw,l a + fʷ e fʷ,,braunstein2015;suarez2010,,,,,1 1 4 9   ?,0,0,_:poss finger
Wichi-281_elbow-1,,Wichi,281_elbow,lakatu,la+katu,l a + q a t u,,braunstein2015;suarez2010,,,,,1 1 4 9   ?,0,0,_:poss elbow
Wichi-94_fingernail-1,,Wichi,94_fingernail,hwehw t'oh,hwehw t'oh,w̥ e w̥ + tˀ + o h,,braunstein2015;suarez2010,,,,,6568 2681,0,0,finger _:body skin
Wichi-299_thunder-1,,Wichi,299_thunder,pelhay y’iplhi,pelhay y’iplhi,p e ɬ ai + j i p ɬ i,,braunstein2015;suarez2010,,,,,754 1455,0,0,storm sing
Wichi-109_lightning-1,,Wichi,109_lightning,yoklep,yoklep,j o q l e p,,braunstein2015;suarez2010,,,,,6570 4394,0,0,?
Wichi-126_liedown-1,,Wichi,126_liedown,imokaci,i+mo+kaci,i + m o + q a ts i,,braunstein2015;suarez2010,,,,,257 1460 4395,0,0,_:3sg ? lie.down
Wichi-72_house-1,,Wichi,72_house,law'et,la+w'et,l a + ˀw e t,,braunstein2015;suarez2010,,,,,1 1 4 9   ?,0,0,_:poss house
Wichi-101_child-1,,Wichi,101_child,han'ofwaj,han'ofwaj,h a ˀn o fʷ a χ,,braunstein2015;suarez2010,,,,,6572,0,0,?
Wichi-296_road-1,,Wichi,296_road,n'oyij,n'oyij,ˀn o j i χ,,braunstein2015;suarez2010,,,,,4696,0,0,?
Wichi-150_ten-1,,Wichi,150_ten,tijwek,tijwek,t i fʷ e q,,braunstein2015;suarez2010,,,,,3441,0,0,they.crash
Wichi-132_float-1,,Wichi,132_float,i'pe' inot,i'pe' inot,i ʔ p e ʔ + i n o t,,braunstein2015;suarez2010,,,,,2706 2186,0,0,be.on water
Wichi-110_fightvb-1,,Wichi,110_fightvb,inahet,inahet,i n a h e t,,braunstein2015;suarez2010,,,,,1480,0,0,?
Wichi-293_owl-1,,Wichi,293_owl,amyolo',amyolo',a m j o l o ʔ,,braunstein2015;suarez2010,,,,,6574,0,0,?
Wichi-273_cat-1,,Wichi,273_cat,mici,mici,m i ts i,,braunstein2015;suarez2010,,,,,776,0,0,?
Wichi-55_bee-1,,Wichi,55_bee,nakuwutaj,nakuwu+taj,n a q u w u + t a χ,,braunstein2015;suarez2010,,,,,1492 449,0,0,moro.moro.bee _:aug
Wichi-289_parrot-1,,Wichi,289_parrot,ele,ele,e l e,,braunstein2015;suarez2010,,,,,2194,0,0,?
Wichi-128_flea-1,,Wichi,128_flea,mawuwu,mawuwu,m a w u w u,,braunstein2015;suarez2010,,,,,6577 6578,0,0,?
Wichi-166_deer-1,,Wichi,166_deer,ch'iwase,ch'iwase,tʃˀ i w a s e,,braunstein2015;suarez2010,,,,,6579,0,0,?
Wichi-118_ant-1,,Wichi,118_ant,siwanhas,siwanhas,s i w a n̥ a + s,,braunstein2015;suarez2010,,,,,785,0,0,ant _:pl
Wichi-99_palmofhand-1,,Wichi,99_palmofhand,takwech'u,ta+kwech'u,t a + kʷ e + tʃˀ u,,braunstein2015;suarez2010,,,,,303 2727,0,0,_:poss hand _:loc
Wichi-89_fur-1,,Wichi,89_fur,t'oj,t'oj,tˀ + o χ,,braunstein2015;suarez2010,,,,,2206,0,0,_:body skin
Wichi-42_hairhead-1,,Wichi,42_hairhead,law'ule,law'ule,l a + ˀw u l e,,braunstein2015;suarez2010,,,,,1149 6581,0,0,_:poss hair
Wichi-249_penis-1,,Wichi,249_penis,lhu',lhu',ɬ + u ʔ,,braunstein2015;suarez2010,,,,,2735,0,0,_:poss penis
Wichi-88_skull-1,,Wichi,88_skull,lhetek kucu',lhetek kucu',ɬ + e t e q + q u ts u ʔ,,braunstein2015;suarez2010,,,,,796 6583 41,0,0,_:poss head ball
Wichi-288_lung-1,,Wichi,288_lung,layalhhis,layalhhis,l a + j a ɬ h i s,,braunstein2015;suarez2010,,,,,1 1 4 9   ?,0,0,_:poss lung
Wichi-200_testicle-1,,Wichi,200_testicle,lachonis,lachonis,l a + tʃ o n i s,,braunstein2015;suarez2010,,,,,1 1 4 9   ?,0,0,_:poss testicles
Wichi-262_under-1,,Wichi,262_under,ikfwi,ikfwi,i q + fʷ i,,braunstein2015;suarez2010,,,,,5759,0,0,go _:under
Wichi-124_bed-1,,Wichi,124_bed,lamow'et,lamow'et,l a + m o + ˀw e t,,braunstein2015;suarez2010,,,,,1 1 4 9   2 2 3 1   ?,0,0,_:poss sleep place
Wichi-143_plantvb-1,,Wichi,143_plantvb,ithatcho,i+that+cho,i + tʰ a t + tʃ o,,braunstein2015;suarez2010,,,,,2766 4909 1545,0,0,_:3sg plant _:dir
Wichi-73_village-1,,Wichi,73_village,hepey,hepey,h e p ei,,braunstein2015;suarez2010,,,,,4431 6592,0,0,?
Wichi-268_upabove-1,,Wichi,268_upabove,ikpho',ik+pho',i q + pʰ o ʔ,,braunstein2015;suarez2010,,,,,6593 6594,0,0,go _:up
Wichi-60_doorgate-1,,Wichi,60_doorgate,lape',la+pe',l a + p e ʔ,,braunstein2015;suarez2010,,,,,1 1 4 9   ?,0,0,_:poss door
Wichi-76_cover-1,,Wichi,76_cover,p'upe',p'u+pe',pˀ u + p e ʔ,,braunstein2015;suarez2010,,,,,2785 2783,0,0,cover _:appl
Wichi-278_buy-1,,Wichi,278_buy,ichoj,i+choj,i + tʃ o χ,,braunstein2015;suarez2010,,,,,2789 836,0,0,_:3sg buy
Wichi-123_burnvbintrans-1,,Wichi,123_burnvbintrans,y'u,y'u,ˀj u,,braunstein2015;suarez2010,,,,,2790,0,0,?
Wichi-103_club-1,,Wichi,103_club,t'ahnat,t'ahnat,tˀ a n̥ a t,,braunstein2015;suarez2010,,,,,6597 336 6015,0,0,?
Wichi-271_sweetpotato-1,,Wichi,271_sweetpotato,watata,watata,w a t a t a,,braunstein2015;suarez2010,,,,,846,0,0,?
Wichi-86_path-1,,Wichi,86_path,totuynek,to+tuynek,t o + t ui n e q,,braunstein2015;suarez2010,,,,,5293 1589,0,0,_:poss path
Wichi-169_knife-1,,Wichi,169_knife,lachinaj,la+chinaj,l a + tʃ i n a χ,,braunstein2015;suarez2010,,,,,1 1 4 9   ?,0,0,_:poss knife
Wichi-169_knife-2,,Wichi,169_knife,lakatnhat,la+katnhat,l a + q a t n̥ a t,,braunstein2015;suarez2010,,,,,1149 2819,0,0,_:poss knife
Wichi-170_needle-1,,Wichi,170_needle,kanu,kanu,q a + n u,,braunstein2015;suarez2010,,,,,1596,0,0,_:class bone
Wichi-104_soulspirit-1,,Wichi,104_soulspirit,lahesek,la+hesek,l a + h e s e q,,braunstein2015;suarez2010,,,,,1 1 4 9   ?,0,0,_:poss soul
Wichi-277_cryweep-1,,Wichi,277_cryweep,tafwlhi,tafwlhi,t a fʷ ɬ i,,braunstein2015;suarez2010,,,,,859 6606,0,0,?
Wichi-287_maizecorn-1,,Wichi,287_maizecorn,siputka,siputka,s i p u t q a,,braunstein2015;suarez2010,,,,,864,0,0,?
Wichi-206_oldman-1,,Wichi,206_oldman,wumek,wumek,w u m e q,,braunstein2015;suarez2010,,,,,6609 354,0,0,?
Wichi-151_twenty-1,,Wichi,151_twenty,wenti,wenti,w e n t i,,braunstein2015;suarez2010,,,,,6026,0,0,?
Wichi-300_tobacco-1,,Wichi,300_tobacco,yukwas,yukwas,j u kʷ a s,,braunstein2015;suarez2010,,,,,6612,0,0,?
Wichi-295_ripe-1,,Wichi,295_ripe,y'u,y'u,ˀj u,,braunstein2015;suarez2010,,,,,5785,0,0,?
Wichi-270_tapiocamanioccassava-1,,Wichi,270_tapiocamanioccassava,manyuku,manyuku,m a n j u q u,,braunstein2015;suarez2010,,,,,884,0,0,?
Wichi-159_cook-1,,Wichi,159_cook,tapenek,tapenek,t a + p e n e q,,braunstein2015;suarez2010,,,,,1699,0,0,_:3sg cook
Wichi-207_oldwoman-1,,Wichi,207_oldwoman,wumek,wumek,w u m e q,,braunstein2015;suarez2010,,,,,6035 6623,0,0,?
Wichi-142_sap-1,,Wichi,142_sap,hal'o lhits'i,hal'o lhits'i,h a ˀl o + ɬ + i tsˀ i,,braunstein2015;suarez2010,,,,,6624 2872,0,0,tree _:poss juice
Wichi-36_spiderweb-1,,Wichi,36_spiderweb,lhakanihyey,lha+ka+nihyey,ɬ a + q a + n i h j ei,,braunstein2015;suarez2010,,,,,5490 5106 909 6625,0,0,_:poss _:med threads
Wichi-252_cow-1,,Wichi,252_cow,tulu toh acihna',tulu toh acihna',t u l u + t o h + a ts i n̥ a ʔ,,braunstein2015;suarez2010,,,,,6626 6627 1709,0,0,bull _:aug woman
Wichi-173_lizard-1,,Wichi,173_lizard,chal'a,chal'a,tʃ a ˀl a,,braunstein2015;suarez2010,,,,,3596,0,0,?
Wichi-267_nest-1,,Wichi,267_nest,lhep,lhep,ɬ + e p,,braunstein2015;suarez2010,,,,,2276,0,0,_:poss nest
Wichi-116_goat-1,,Wichi,116_goat,kayla,kayla,q ai l a,,braunstein2015;suarez2010,,,,,916,0,0,?
Wichi-117_hegoat-1,,Wichi,117_hegoat,kayla,kayla,q ai l a,,braunstein2015;suarez2010,,,,,6631,0,0,?
Wichi-302_pig-1,,Wichi,302_pig,nitsetaj,nitsetaj,n i ts e t a χ,,braunstein2015;suarez2010,,,,,2893 399,0,0,?
Wichi-174_dove-1,,Wichi,174_dove,hukwinatah,hukwina+tah,h u kʷ i n a + t a χ,,braunstein2015;suarez2010,,,,,406 449,0,0,? _:aug
Wichi-260_crocodilealligator-1,,Wichi,260_crocodilealligator,alhutaj,alhu+taj,a ɬ u + t a χ,,braunstein2015;suarez2010,,,,,1746 449,0,0,lizard _:aug
Wichi-186_shell-1,,Wichi,186_shell,lanek,lanek,l a n e q,,braunstein2015;suarez2010,,,,,5307,0,0,?
Wichi-245_snail-1,,Wichi,245_snail,nahokwe',nahokwe',n a h o kʷ e ʔ,,braunstein2015;suarez2010,,,,,1773,0,0,?
Wichi-160_fox-1,,Wichi,160_fox,mawu,mawu,m a w u,,braunstein2015;suarez2010,,,,,4927,0,0,?
Wichi-286_grasshopper-1,,Wichi,286_grasshopper,pono',pono',p o n o ʔ,,braunstein2015;suarez2010,,,,,6644,0,0,?
Wichi-113_horseequine-1,,Wichi,113_horseequine,yel'ataj,yel'ataj,j e ˀl a + t a χ,,braunstein2015;suarez2010,,,,,2929 2930,0,0,? _:aug
Wichi-208_mule-1,,Wichi,208_mule,mula,mula,m u l a,,braunstein2015;suarez2010,,,,,953,0,0,?
Wichi-91_fishscale-1,,Wichi,91_fishscale,lafwinchu',lafwinchu',l a + fʷ i n tʃ u ʔ,,braunstein2015;suarez2010,,,,,1149,0,0,_:poss fishscale
Wichi-265_goose-1,,Wichi,265_goose,tsehistaj,tsehistaj,ts e h i s + t a χ,,braunstein2015;suarez2010,,,,,6650 445,0,0,? _:aug
Wichi-115_sheep-1,,Wichi,115_sheep,tsunataj,tsunataj,ts u n a + t a χ,,braunstein2015;suarez2010,,,,,2311 449,0,0,corzuela _:aug
Wichi-256_bull-1,,Wichi,256_bull,tulu,tulu,t u l u,,braunstein2015;suarez2010,,,,,2312,0,0,?
Wichi-255_ox-1,,Wichi,255_ox,weyis,weyis,w e j i s,,braunstein2015;suarez2010,,,,,454,0,0,?
Wichi-253_bear-1,,Wichi,253_bear,selah,selah,s e l a h,,braunstein2015;suarez2010,,,,,2956,0,0,?
Wichi-242_assdonkey-1,,Wichi,242_assdonkey,asnu,asnu,a s n u,,braunstein2015;suarez2010,,,,,457,0,0,?
Wichi-161_wolf-1,,Wichi,161_wolf,mawutah,mawu+tah,m a w u + t a h,,braunstein2015;suarez2010,,,,,4786 2960,0,0,fox _:aum
Wichi-284_hawk-1,,Wichi,284_hawk,elhkut,elhkut,e ɬ q u t,,braunstein2015;suarez2010,,,,,6075 972,0,0,?
Wichi-257_wasp-1,,Wichi,257_wasp,lawus,la+wus,l a + w u s,,braunstein2015;suarez2010,,,,,1149 2962,0,0,_:poss wasp
Wichi-70_eyelid-1,,Wichi,70_eyelid,tatet'äj,tatet'äj,t a t e + tˀ + o χ,,braunstein2015;suarez2010,,,,,986 4846,0,0,eye _:body skin
Wichi-40_borntobe-1,,Wichi,40_borntobe,nichotcho,ni+chot+cho,n i + tʃ o t + tʃ o,,braunstein2015;suarez2010,,,,,2990 6443 1822,0,0,_:3sg be.born _:down
Wichi-259_eyelash-1,,Wichi,259_eyelash,tatefwis,tatefwis,t a t e + fʷ i s,,braunstein2015;suarez2010,,,,,1832 6661,0,0,eye ?
Wichi-121_footprint-1,,Wichi,121_footprint,n'oyij,n'oyij,ˀn o j i χ,,braunstein2015;suarez2010,,,,,1855,0,0,?
Wichi-258_poison-1,,Wichi,258_poison,tot'ilek,tot'ilek,t o tˀ i l e q,,braunstein2015;suarez2010,,,,,1014 6667 5173,0,0,?
Wichi-77_nippleteat-1,,Wichi,77_nippleteat,t'atewu,t'ate+wu,tˀ a t e + w u,,braunstein2015;suarez2010,,,,,3032 6674,0,0,breast ?
Wichi-81_spine-1,,Wichi,81_spine,lawhu lhile,lawhu lhile,l a + w̥ u + ɬ i l e,,braunstein2015;suarez2010,,,,,1 1 4 9   2 3 7 8   ?,0,0,_:poss back bone
Wichi-294_pus-1,,Wichi,294_pus,t'i,t'i,tˀ i,,braunstein2015;suarez2010,,,,,3067,0,0,?
Wichi-68_womb-1,,Wichi,68_womb,kahi,kahi,q a h i,,braunstein2015;suarez2010,,,,,4813,0,0,?
Wichi-84_veinartery-1,,Wichi,84_veinartery,lawuyis n’oyij,lawuyis n’oyij,l a + w u j i s + ˀn o j i χ,,braunstein2015;suarez2010,,,,,1 1 4 9   6 6 9 1   ?,0,0,_:poss blood path
Wichi-144_mute-1,,Wichi,144_mute,wowo,wowo,w o w o,,braunstein2015;suarez2010,,,,,2402,0,0,?
Wichi-63_thumb-1,,Wichi,63_thumb,lafwefw lhukwe,lafwefw lhukwe,l a + fʷ e fʷ + ɬ u kʷ e,,braunstein2015;suarez2010,,,,,1 1 4 9   1 0 7 2   ?,0,0,_:poss finger parent
Wichi-80_beak-1,,Wichi,80_beak,laposet,laposet,l a + p o s + e t,,braunstein2015;suarez2010,,,,,1149 81,0,0,_:poss beak _:suff/at
Wichi-134_itch-1,,Wichi,134_itch,hwiloh,hwiloh,w̥ i l o h,,braunstein2015;suarez2010,,,,,6701,0,0,?
Wichi-269_wakeup-1,,Wichi,269_wakeup,n'um,n'um,ˀn u m,,braunstein2015;suarez2010,,,,,1933,0,0,?
Wichi-269_wakeup-2,,Wichi,269_wakeup,hin’umhatlhi,hin’umhatlhi,h i + ˀn u m + h a t + ɬ i,,braunstein2015;suarez2010,,,,,1933 2426,0,0,_:3sg wake.up _:trans _:appl
Wichi-71_window-1,,Wichi,71_window,wentana,wentana,w e n t a n a,,braunstein2015;suarez2010,,,,,2430,0,0,?
Wichi-87_place-1,,Wichi,87_place,law'et,la+w'et,l a + ˀw e t,,braunstein2015;suarez2010,,,,,1149 2438,0,0,_:poss place
Wichi-137_potter-1,,Wichi,137_potter,tolhokwe wu,to+lhokwe+wu,t o + ɬ o kʷ e + w u,,braunstein2015;suarez2010,,,,,1105 6135 5234,0,0,_:poss bucket _:maker
Wichi-105_shadeshadow-1,,Wichi,105_shadeshadow,hipelh,hipelh,h i p e ɬ,,braunstein2015;suarez2010,,,,,2440,0,0,?
Wichi-69_parents-1,,Wichi,69_parents,hwchalis,hwcha+lis,fʷ tʃ a + l i s,,braunstein2015;suarez2010,,,,,1111 4563,0,0,father _:pl
Wichi-165_write-1,,Wichi,165_write,ilesayen,ilesayen,i l e s a j e n,,braunstein2015;suarez2010,,,,,1982 1985,0,0,?
Wichi-122_altar-1,,Wichi,122_altar,totsaw'et,totsaw'et,t o ts a ˀw e t,,braunstein2015;suarez2010,,,,,3132 5633,0,0,?
Wichi-107_summer-1,,Wichi,107_summer,yachep,yachep,j a tʃ e p,,braunstein2015;suarez2010,,,,,6721,0,0,?
Nivacle-112_guitara-1,,Nivacle,112_guitara,cuvôyu lhacoos,cuvôyu lhacoos,k u ʋ ɒ j u + ɬ + a k oː s,,seelwische1980,,,,,3313 3311 3500,0,0,horse _:poss tail
Enlhet-67_lake-5,,Enlhet,67_lake,va'lhvoc,va'lhvoc,w a ʔ ɬ w o k,,unruh1997;kalisch2015;arenas1981,,,,,,0,0,?
Manjui-109_lightning-2,,Manjui,109_lightning,aa izém',aa izém',aː + i ʃ e m ʔ,,carol2018,,,,,4640 3290,0,0,hit down
Nivacle-109_lightning-2,,Nivacle,109_lightning,yiclônshicham ca fchinaj,yi+clôn+shicham ca fchinaj,j i + kʟ̥ o n + ʃ i tʃ a m + k a + f tʃ i n a x,,seelwische1980,,,,,0 3314 3500 3501 3499 3501 3314 0 3314 3310 3310 3311 3311 3310,0,0,_:3sg hit down _:det lightning
Toba-109_lightning-3,,Toba,109_lightning,nhuaxanaxaategueñi aso qasoxonaxa,nhuaxanaxaategueñi aso qasoxonaxa,n + w a ʁ a n + a ʁ aː + t e g e ɲ i + a + s o + q a s o ʁ o n a ʁ a,,buckwalter1980;martinez2009;cuneo2009;buckwalter2015c,,,,,1 6383 6722 6723 2132 6724 6725 255,0,0,_:3sg hit _:val _:dir _:fem _:det lightning
Mocovi-109_lightning-2,,Mocovi,109_lightning,nouaxañi’ña,nouaxañi’ña,n o + w a ʁ a ɲ + i ʔ ɲ + a,,buckwalter2015b;rosso2010,,,,,,0,0,_:3sg hit _:dir _:loc
Chorote-109_lightning-2,,Chorote,109_lightning,yej isia'm,yej isia'm,j e x + i s j a ʔ m,,drayson2009;scarpa2010,,,,,,0,0,hit down
Chorote-112_guitara-1,,Chorote,112_guitara,a’lenta kias ji’wole,a’lenta kias ji’wole,a ˀl e n t a + k j a s + x i + ˀw o l e,,drayson2009;scarpa2010,,,,,0 8074 0,0,0,horse tail _:poss hair
EnxetSur-219_boerhaviacoccinea-1,,EnxetSur,219_boerhaviacoccinea,Aléwa,aléwa,ʌ l eː w ʌ,,curtis2018,,,,,6735,None,None,?
EnxetSur-220_busarellusnigricollis-1,,EnxetSur,220_busarellusnigricollis,Mópeyakkátek,mópeyakkátek,m ɔ p + e j ʌ k + k ɑː t ɪ k,,curtis2018,,,,,6738,None,None,white _:ind head
EnxetSur-308_dendrocygnabicolor-1,,EnxetSur,308_dendrocygnabicolor,Náta élyexwase,náta élyexwase,n ɑː t ʌ + ɪː l j ɪ ɬ w ʌ s e,,curtis2018,,,,,6753 6754,None,None,bird _:dist red
EnxetSur-308_dendrocygnabicolor-2,,EnxetSur,308_dendrocygnabicolor,Heyáneg,heyáneg,h ɪ j ɑː n ɪ ŋ,,curtis2018,,,,,6755,None,None,?
EnxetSur-315_echinopsisrhodotricha-1,,EnxetSur,315_echinopsisrhodotricha,Matnawa’,matnawa’,m ʌ t n ʌ w ʌ ʔ,,curtis2018,,,,,6102,None,None,?
EnxetSur-224_molothrusbonariensis-1,,EnxetSur,224_molothrusbonariensis,Móho,Móho,m ɔː h o,,curtis2018,,,,,6772,None,None,?
EnxetSur-324_ortaliscanicollis-1,,EnxetSur,324_ortaliscanicollis,Kenáteg,kenáteg,k e n aː t e ŋ,,curtis2018,,,,,3381,None,None,?
EnxetSur-201_passifloracincinnata-1,,EnxetSur,201_passifloracincinnata,Anséta’,anséta’,ʌ n s ɪː t ʌ ʔ,,curtis2018,,,,,6774,None,None,?
EnxetSur-303_pistiastratiotes-1,,EnxetSur,303_pistiastratiotes,Áteg,áteg,ɑː t ɪ ŋ,,curtis2018,,,,,6778,None,None,?
EnxetSur-171_prochiloduslineatus-1,,EnxetSur,171_prochiloduslineatus,Kamáta,kamáta,k ʌ m ɑː t ʌ,,curtis2018,,,,,6781,None,None,?
EnxetSur-185_procyoncancrivorus-1,,EnxetSur,185_procyoncancrivorus,Kelpayhamék,kelpayhamék,k ɪ l p ʌi h ʌ m ɪː k,,curtis2018,,,,,6782,None,None,_:poss _:dist flat _:ind
EnxetSur-108_prosopisalba-1,,EnxetSur,108_prosopisalba,tewes,tewes,t ɪ w ɪ s,,curtis2018,,,,,6783,None,None,?
EnxetSur-227_rostrhamussociabilis-1,,EnxetSur,227_rostrhamussociabilis,Akpog apmenek,akpog ap+menek,ʌ k p o ŋ + ʌ p + m ɪ n ɪ k,,curtis2018,,,,,1232 6728 2554,None,None,snail _:pos foot
EnxetSur-48_schinopsisbalansae-1,,EnxetSur,48_schinopsisbalansae,Máset,máset,m ɑː s ɪ t,,curtis2018,,,,,3607,None,None,?
EnxetSur-237_sennaoccidentalis-1,,EnxetSur,237_sennaoccidentalis,Hó keleyke,hó keleyke,h ɔː + k ɪ l ei k ɪ,,curtis2018,,,,,6792 6793,None,None,_:false bean
EnxetSur-182_solanumhieronymi-1,,EnxetSur,182_solanumhieronymi,Méyek,méyek,m eː j ɪ k,,curtis2018,,,,,6794,None,None,?
EnxetSur-247_tapirusterrestris-1,,EnxetSur,247_tapirusterrestris,Napóxeg,napóxeg,n ʌ p ɔː ɬ ɪ ŋ,,curtis2018,,,,,318,None,None,tapir
EnxetSur-317_tayassupecari-1,,EnxetSur,317_tayassupecari,Kelyaqhawe,kelyaqhawe,k ɪ l j ʌ q h ʌ w e,,curtis2018,,,,,2389,None,None,?
EnxetSur-229_thaliageniculata-1,,EnxetSur,229_thaliageniculata,Hó qamok étkok,hó qamok étkok,h ɔː + q ʌ m ʊ k + ɪː t k ʊ k,,curtis2018,,,,,6797 6798 6799,None,None,_:false rush small
EnxetSur-313_zeamays-1,,EnxetSur,313_zeamays,Latsehe’,latsehe’,l ʌ t s ɪ h ɪ,,curtis2018,,,,,6804,None,None,?
Enlhet-51_pycnoporussanguineus-1,,Enlhet,51_pycnoporussanguineus,namcohoy,namcohoy,n a m k o h oi,,unruh1997;kalisch2015;arenas1981,,,,,6806,None,None,?
Enlhet-304_cynodondactylon-1,,Enlhet,304_cynodondactylon,pa'at acpayheem,pa'at acpayheem,p a ʔ a t + a k + p ai h eː m,,unruh1997;kalisch2015;arenas1981,,,,,6809 6810,None,None,grass flat
Enlhet-310_hymenachneamplexicaulis-1,,Enlhet,310_hymenachneamplexicaulis,yaatep pelhquep,yaat+ep pelhquep,j aː t + e p + p e ɬ k e p,,unruh1997;kalisch2015;arenas1981,,,,,6813 6814 6815,None,None,_:aum _:poss ?
Enlhet-306_paspalumrepens-1,,Enlhet,306_paspalumrepens,pelhquep,pelhquep,p e ɬ k e p,,unruh1997;kalisch2015;arenas1981,,,,,6817,None,None,?
Enlhet-313_zeamays-1,,Enlhet,313_zeamays,latse'he',latse'he',l a ts e ʔ h e ʔ,,unruh1997;kalisch2015;arenas1981,,,,,6804,None,None,?
Enlhet-303_pistiastratiotes-1,,Enlhet,303_pistiastratiotes,aateng,aateng,aː t e ŋ,,unruh1997;kalisch2015;arenas1981,,,,,6778,None,None,?
Enlhet-205_commelinaerecta-1,,Enlhet,205_commelinaerecta,haape nengye,haape neng+ye,h aː p e + n e ŋ + j e,,unruh1997;kalisch2015;arenas1981,,,,,3682 3161 6828,None,None,weak _:1pl stomach
Enlhet-209_heterantherapeduncularis-1,,Enlhet,209_heterantherapeduncularis,yaam lhenaj ahaycoc,yaam lhenaj a+haycoc,j aː m + ɬ e n a x + a + h ai k o k,,unruh1997;kalisch2015;arenas1981,,,,,3433 6391 2762 3147,None,None,_:false deer _:poss ear
Enlhet-229_thaliageniculata-1,,Enlhet,229_thaliageniculata,camoc,camoc,k a m o k,,unruh1997;kalisch2015;arenas1981,,,,,6798,None,None,?
Enlhet-226_phoradendronliga-1,,Enlhet,226_phoradendronliga,que ngyaap,que ngyaap,k e + ŋ j aː p,,unruh1997;kalisch2015;arenas1981,,,,,860 2826,None,None,without father
Enlhet-189_chenopodiumambrosioides-1,,Enlhet,189_chenopodiumambrosioides,vaetque ctom,vaetque+c+tom,w a e t k e + k + t o m,,unruh1997;kalisch2015;arenas1981,,,,,3990 3698 5169,None,None,cow _:poss food
Enlhet-219_boerhaviacoccinea-1,,Enlhet,219_boerhaviacoccinea,alleeva,alleeva,a lː eː w a,,unruh1997;kalisch2015;arenas1981,,,,,6735,None,None,?
Enlhet-108_prosopisalba-1,,Enlhet,108_prosopisalba,teves,teves,t e w e s,,unruh1997;kalisch2015;arenas1981,,,,,6783,None,None,?
Enlhet-108_prosopisalba-2,,Enlhet,108_prosopisalba,ayvompeena,ayvompeena,ai w o m p eː n a,,unruh1997;kalisch2015;arenas1981,,,,,6849,None,None,?
Enlhet-108_prosopisalba-3,,Enlhet,108_prosopisalba,ayvom apmenec,ayvom ap+menec,ai w o m + a p + m e n e k,,unruh1997;kalisch2015;arenas1981,,,,,6849 2292 3151,None,None,toad _:pos foot
Enlhet-172_castelacoccinea-1,,Enlhet,172_castelacoccinea,pomaapin,pomaapin,p o m aː p e n,,unruh1997;kalisch2015;arenas1981,,,,,6863,None,None,?
Enlhet-225_ricinuscommunis-1,,Enlhet,225_ricinuscommunis,yav aava,yav aa+va,j a w + aː + w a,,unruh1997;kalisch2015;arenas1981,,,,,6872 4465 4935,None,None,big _:poss hair
Enlhet-48_schinopsisbalansae-1,,Enlhet,48_schinopsisbalansae,maaset,maaset,m aː s e t,,unruh1997;kalisch2015;arenas1981,,,,,3607,None,None,?
Enlhet-318_gossypiumhirsutum-1,,Enlhet,318_gossypiumhirsutum,yaateypeepa,yaateypeepa,j aː t ei p eː p a,,unruh1997;kalisch2015;arenas1981,,,,,2942,None,None,?
Enlhet-201_passifloracincinnata-1,,Enlhet,201_passifloracincinnata,anseeta,anseeta,a n s eː t a,,unruh1997;kalisch2015;arenas1981,,,,,6774,None,None,?
Enlhet-203_passifloramooreana-1,,Enlhet,203_passifloramooreana,popyet aapopoc,popyet aa+popoc,p o p j e t + aː + p o p o k,,unruh1997;kalisch2015;arenas1981,,,,,3463 4465 3488,None,None,deer _:poss testicles
Enlhet-315_echinopsisrhodotricha-1,,Enlhet,315_echinopsisrhodotricha,mat nava,mat nava,m a t n a w a,,unruh1997;kalisch2015;arenas1981,,,,,5572 6102,None,None,?
Enlhet-233_heimiasalicifolia-1,,Enlhet,233_heimiasalicifolia,cala' yaamet,cala' yaamet,k a l a ʔ + j aː m e t,,unruh1997;kalisch2015;arenas1981,,,,,6884 5638,None,None,karau tree
Enlhet-319_ipomoeacarnea-1,,Enlhet,319_ipomoeacarnea,yaam yaateypeepa,yaam yaateypeepa,j aː m + j aː t ei p eː p a,,unruh1997;kalisch2015;arenas1981,,,,,3433 6893,None,None,_:false cotton
Enlhet-213_hyptislappacea-1,,Enlhet,213_hyptislappacea,seyaana yaamet,seyaana yaamet,s e j aː n a + j aː m e t,,unruh1997;kalisch2015;arenas1981,,,,,6898 5638,None,None,heron tree
Enlhet-177_solanumeleagnifolium-1,,Enlhet,177_solanumeleagnifolium,yaam meeyac,yaam meeyac,j aː m + m eː j a k,,unruh1997;kalisch2015;arenas1981,,,,,3433 6903,None,None,_:false Solanum_hieronymi
Enlhet-177_solanumeleagnifolium-2,,Enlhet,177_solanumeleagnifolium,lhaapen aptom,lhaapen ap+tom,ɬ aː p e n + a p + t o m,,unruh1997;kalisch2015;arenas1981,,,,,935 2292 5169,None,None,ostrich _:pos food
Enlhet-181_solanumglaucophyllum-1,,Enlhet,181_solanumglaucophyllum,yelhem yaamet,yelhem yaamet,j e ɬ e m + j aː m e t,,unruh1997;kalisch2015;arenas1981,,,,,4924 5638,None,None,eel tree
Enlhet-182_solanumhieronymi-1,,Enlhet,182_solanumhieronymi,meeyac,meeyac,m eː j a k,,unruh1997;kalisch2015;arenas1981,,,,,6903,None,None,?
Enlhet-183_solanumsisymbriifolium-1,,Enlhet,183_solanumsisymbriifolium,yaam meeyac,yaam meeyac,j aː m + m eː j a k,,unruh1997;kalisch2015;arenas1981,,,,,3433 6903,None,None,_:false Solanum_hieronymi
Enlhet-232_calycophyllummultiflorum-1,,Enlhet,232_calycophyllummultiflorum,pome',pome',p o m e ʔ,,unruh1997;kalisch2015;arenas1981,,,,,6065,None,None,?
Enlhet-184_cucumismelo-1,,Enlhet,184_cucumismelo,yaam samanya,yaam samanya,j aː m + s a m a n j a,,unruh1997;kalisch2015;arenas1981,,,,,3433 6905,None,None,_:false watermelon
Enlhet-54_pectisodorata-1,,Enlhet,54_pectisodorata,ca'alh yaamet,ca'alh yaamet,k a ʔ a ɬ + j aː m e t,,unruh1997;kalisch2015;arenas1981,,,,,6908 5638,None,None,honey tree
Toba-51_pycnoporussanguineus-1,,Toba,51_pycnoporussanguineus,piilaxa ltela,piilaxa l+tela,p iː l a ʁ a + l + t e l a,,buckwalter1980;martinez2009;cuneo2009;buckwalter2015c,,,,,6917 6916 3882,None,None,Pilagá _:poss ear
Toba-51_pycnoporussanguineus-2,,Toba,51_pycnoporussanguineus,ỹaxainole ltela,ỹaxainole l+tela,j a ʁ ai n o l e + l + t e l a,,buckwalter1980;martinez2009;cuneo2009;buckwalter2015c,,,,,383 6916 3882,None,None,old_woman _:poss ear
Toba-51_pycnoporussanguineus-3,,Toba,51_pycnoporussanguineus,come ltela,come l+tela,k o m e + l + t e l a,,buckwalter1980;martinez2009;cuneo2009;buckwalter2015c,,,,,3513 6916 3882,None,None,grandmother _:poss ear
Toba-205_commelinaerecta-1,,Toba,205_commelinaerecta,paato lmi',paato l+mi',p aː t o + l + m i ʔ,,buckwalter1980;martinez2009;cuneo2009;buckwalter2015c,,,,,6927 6916 6928,None,None,duck _:poss crest
Toba-205_commelinaerecta-2,,Toba,205_commelinaerecta,paato l'aite,paato l+'aite,p aː t o + l + ʔ ai t e,,buckwalter1980;martinez2009;cuneo2009;buckwalter2015c,,,,,6927 6916 6826,None,None,duck _:poss eyes
Toba-205_commelinaerecta-3,,Toba,205_commelinaerecta,paato naship,paato n+aship,p aː t o + n + a ʃ i p,,buckwalter1980;martinez2009;cuneo2009;buckwalter2015c,,,,,6927 1602 6929,None,None,duck _:poss peak
Toba-205_commelinaerecta-4,,Toba,205_commelinaerecta,lmalaxa lauoxo,l+malaxa lauoxo,l + m a l a ʁ a + l a w o ʁ o,,buckwalter1980;martinez2009;cuneo2009;buckwalter2015c,,,,,6916 6930 5067,None,None,_:poss blue flower
Toba-205_commelinaerecta-5,,Toba,205_commelinaerecta,pilotacte',pilotacte',p i l o t a k t e ʔ,,buckwalter1980;martinez2009;cuneo2009;buckwalter2015c,,,,,6931,None,None,?
Toba-310_hymenachneamplexicaulis-1,,Toba,310_hymenachneamplexicaulis,polta'q,polta'q,p o l t a ʔ q,,buckwalter1980;martinez2009;cuneo2009;buckwalter2015c,,,,,6815,None,None,?
Toba-313_zeamays-1,,Toba,313_zeamays,auaxa,auaxa,a w a ʁ a,,buckwalter1980;martinez2009;cuneo2009;buckwalter2015c,,,,,6941,None,None,?
Toba-309_eichhorniaazurea-1,,Toba,309_eichhorniaazurea,da'ail'oc lapoto,da'ail'oc la+poto,d a ʔ ai l ʔ o k + l a + p o t o,,buckwalter1980;martinez2009;cuneo2009;buckwalter2015c,,,,,6943 184 6944,None,None,caiman _:poss dress
Toba-309_eichhorniaazurea-2,,Toba,309_eichhorniaazurea,topi,topi,t o p i,,buckwalter1980;martinez2009;cuneo2009;buckwalter2015c,,,,,6945,None,None,?
Toba-48_schinopsisbalansae-1,,Toba,48_schinopsisbalansae,cotapic,cotapic,k o t a p + i k,,buckwalter1980;martinez2009;cuneo2009;buckwalter2015c,,,,,2903 6081,None,None,autumn tree
Toba-49_schinopsislorentzii-1,,Toba,49_schinopsislorentzii,cotapic late'e,cotapic l+ate'e,k o t a p + i k + l + a t e ʔ e,,buckwalter1980;martinez2009;cuneo2009;buckwalter2015c,,,,,3313 3312 3311 3313 3314 3311 3314 3310 3312 3312 3314 6948,None,None,autumn tree _:poss mother
Toba-49_schinopsislorentzii-2,,Toba,49_schinopsislorentzii,cotapic 'añaxaic,cotapic 'añaxaic,k o t a p + i k + ʔ a ɲ a ʁ ai + k,,buckwalter1980;martinez2009;cuneo2009;buckwalter2015c,,,,,3313 3312 3311 3313 3314 3311 3314 6948,None,None,autumn tree strong _:masc
Toba-228_vallesiaglabra-1,,Toba,228_vallesiaglabra,samañic,samañic,s a m a ɲ i k,,buckwalter1980;martinez2009;cuneo2009;buckwalter2015c,,,,,6950,None,None,?
Toba-303_pistiastratiotes-1,,Toba,303_pistiastratiotes,mola ltela,mola l+tela,m o l a + l + t e l a,,buckwalter1980;martinez2009;cuneo2009;buckwalter2015c,,,,,6951 6916 3882,None,None,mule _:poss/l ear
Toba-217_bidenssubalternans-1,,Toba,217_bidenssubalternans,naxadai,naxadai,n a ʁ a d ai,,buckwalter1980;martinez2009;cuneo2009;buckwalter2015c,,,,,4121,None,None,?
Toba-189_chenopodiumambrosioides-1,,Toba,189_chenopodiumambrosioides,huesaxa lqo,huesaxa l+qo,w e s a ʁ a + l + q o,,buckwalter1980;martinez2009;cuneo2009;buckwalter2015c,,,,,5861 6916 6935,None,None,pacu _:poss food
Toba-189_chenopodiumambrosioides-2,,Toba,189_chenopodiumambrosioides,davioxon,da+vioxon,d a + ʋ j o ʁ o n,,buckwalter1980;martinez2009;cuneo2009;buckwalter2015c,,,,,5169 5861,None,None,_:3ps smell
Toba-175_crotonbonplandianus-1,,Toba,175_crotonbonplandianus,qoto lqo,qoto l+qo,q o t o + l + q o,,buckwalter1980;martinez2009;cuneo2009;buckwalter2015c,,,,,5631 6916 6935,None,None,dove _:poss food
Toba-175_crotonbonplandianus-2,,Toba,175_crotonbonplandianus,namaic,namaic,n + a m + ai + k,,buckwalter1980;martinez2009;cuneo2009;buckwalter2015c,,,,,3118,None,None,_:3sg sweet _:adj _:masc
Toba-225_ricinuscommunis-1,,Toba,225_ricinuscommunis,huaqavic,huaqavic,w a q a ʋ i k,,buckwalter1980;martinez2009;cuneo2009;buckwalter2015c,,,,,6974,None,None,?
Toba-223_crotalariaincana-1,,Toba,223_crotalariaincana,chipiaxaic,chipiaxai+c,tʃ i p i + a ʁ ai + k,,buckwalter1980;martinez2009;cuneo2009;buckwalter2015c,,,,,6981 6978,None,None,burst _:adj _:masc
Toba-223_crotalariaincana-2,,Toba,223_crotalariaincana,huaxaỹaxa lli'igoc,huaxaỹaxa ll+i'igoc,w a ʁ a j a ʁ a + ʎ + i ʔ i g o k,,buckwalter1980;martinez2009;cuneo2009;buckwalter2015c,,,,,6982 6983 6984,None,None,fox _:poss food
Toba-223_crotalariaincana-3,,Toba,223_crotalariaincana,ele' l'achaxat,ele' l'a+chaxat,e l e ʔ + l + ʔ a tʃ a ʁ a t,,buckwalter1980;martinez2009;cuneo2009;buckwalter2015c,,,,,6985 6983 6981,None,None,parrot _:poss tongue
Toba-108_prosopisalba-1,,Toba,108_prosopisalba,mapic,mapic,m a p i k,,buckwalter1980;martinez2009;cuneo2009;buckwalter2015c,,,,,6850,None,None,?
Toba-237_sennaoccidentalis-1,,Toba,237_sennaoccidentalis,huaxaỹaxa namap,huaxaỹaxa n+amap,w a ʁ a j a ʁ a + n + a m a p,,buckwalter1980;martinez2009;cuneo2009;buckwalter2015c,,,,,6982 1602 6993,None,None,fox _:poss algarroba
Toba-235_sennamorongii-1,,Toba,235_sennamorongii,huaxaỹaxa namap,huaxaỹaxa n+amap,w a ʁ a j a ʁ a + n + a m a p,,buckwalter1980;martinez2009;cuneo2009;buckwalter2015c,,,,,6982 1602 6993,None,None,fox _:poss/n algarroba
Toba-213_hyptislappacea-1,,Toba,213_hyptislappacea,huashiito lqolac,huashiito l+qolac,w a ʃ iː t o + l + q o l a k,,buckwalter1980;martinez2009;cuneo2009;buckwalter2015c,,,,,1609 6916 6995,None,None,bumblebee _:poss/l fetish
Toba-233_heimiasalicifolia-1,,Toba,233_heimiasalicifolia,piỹaxataxai,piỹaxataxai,p i j a ʁ a t a ʁ ai,,buckwalter1980;martinez2009;cuneo2009;buckwalter2015c,,,,,6996,None,None,?
Toba-233_heimiasalicifolia-2,,Toba,233_heimiasalicifolia,qovi lauoxo,qovi lauoxo,q o ʋ i + l a w o ʁ o,,buckwalter1980;martinez2009;cuneo2009;buckwalter2015c,,,,,6884 5067,None,None,yellow flower
Toba-233_heimiasalicifolia-3,,Toba,233_heimiasalicifolia,nacaga lata',nacaga l+ata',n a k a g a + l + a t a ʔ,,buckwalter1980;martinez2009;cuneo2009;buckwalter2015c,,,,,6997 6916 6998,None,None,break _:poss medicine
Toba-318_gossypiumhirsutum-1,,Toba,318_gossypiumhirsutum,hualoq,hualoq,w a l o q,,buckwalter1980;martinez2009;cuneo2009;buckwalter2015c,,,,,5135,None,None,?
Toba-218_boerhaviadiffusa-1,,Toba,218_boerhaviadiffusa,toc lpi'inec,toc l+pi'inec,t o k + l + p i ʔ i n e k,,buckwalter1980;martinez2009;cuneo2009;buckwalter2015c,,,,,6394 6916 7010,None,None,red _:poss bone
Toba-218_boerhaviadiffusa-2,,Toba,218_boerhaviadiffusa,cos lamana',cos lamana',k o s + l a m a n a ʔ,,buckwalter1980;martinez2009;cuneo2009;buckwalter2015c,,,,,5760 7011,None,None,pig interest
Toba-203_passifloramooreana-1,,Toba,203_passifloramooreana,pioq l-la,pioq l+la,p j o q + l + l a,,buckwalter1980;martinez2009;cuneo2009;buckwalter2015c,,,,,7013 6916 184,None,None,dog _:poss/l testicle
Toba-222_clematismontevidensis-1,,Toba,222_clematismontevidensis,naqolo,naqolo,n a q o l o,,buckwalter1980;martinez2009;cuneo2009;buckwalter2015c,,,,,413,None,None,?
Toba-172_castelacoccinea-1,,Toba,172_castelacoccinea,qolliguesaq lqo,qolliguesaq l+qo,q o ʎ i g e s a q + l + q o,,buckwalter1980;martinez2009;cuneo2009;buckwalter2015c,,,,,5633 6916 6935,None,None,lizard _:poss food
Toba-180_solanumargentinum-1,,Toba,180_solanumargentinum,pioq layic,pioq layic,p j o q + l a + ʒ i k,,buckwalter1980;martinez2009;cuneo2009;buckwalter2015c,,,,,7013 7024,None,None,dog _:poss friend
Toba-176_solanumaridum-1,,Toba,176_solanumaridum,mañic lqo,mañic l+qo,m a ɲ i k + l + q o,,buckwalter1980;martinez2009;cuneo2009;buckwalter2015c,,,,,6942 6916 6935,None,None,ostrich _:poss food
Toba-176_solanumaridum-2,,Toba,176_solanumaridum,n'adaxanaq lqo,n'adaxanaq l+qo,nˀ a d a ʁ a n a q + l + q o,,buckwalter1980;martinez2009;cuneo2009;buckwalter2015c,,,,,7025 6916 6935,None,None,snake _:poss food
Toba-177_solanumeleagnifolium-1,,Toba,177_solanumeleagnifolium,mañic lqo,mañic l+qo,m a ɲ i k + l + q o,,buckwalter1980;martinez2009;cuneo2009;buckwalter2015c,,,,,6942 6916 6935,None,None,ostrich _:poss food
Toba-178_solanumpalinacanthum-1,,Toba,178_solanumpalinacanthum,mañic lqo,mañic l+qo,m a ɲ i k + l + q o,,buckwalter1980;martinez2009;cuneo2009;buckwalter2015c,,,,,6942 6916 6935,None,None,ostrich _:poss food
Toba-178_solanumpalinacanthum-2,,Toba,178_solanumpalinacanthum,n'adaxanaq lqo,n'adaxanaq l+qo,nˀ a d a ʁ a n a q + l + q o,,buckwalter1980;martinez2009;cuneo2009;buckwalter2015c,,,,,7025 6916 6935,None,None,snake _:poss food
Toba-183_solanumsisymbriifolium-1,,Toba,183_solanumsisymbriifolium,nỹaq l'aite,nỹaq l+'aite,n j a q + l + ʔ ai t e,,buckwalter1980;martinez2009;cuneo2009;buckwalter2015c,,,,,6936 6916 7026,None,None,fish _:poss eye
Toba-214_aloysiapolystachya-1,,Toba,214_aloysiapolystachya,ashina,ashina,a ʃ i n a,,buckwalter1980;martinez2009;cuneo2009;buckwalter2015c,,,,,6653,None,None,donkey
Toba-193_serrasalmusmarginatus-1,,Toba,193_serrasalmusmarginatus,cote,cote,k o t e,,buckwalter1980;martinez2009;cuneo2009;buckwalter2015c,,,,,7033,None,None,?
Toba-197_pseudoplatystomacorruscans-1,,Toba,197_pseudoplatystomacorruscans,chelmec,chelmec,tʃ e l m e k,,buckwalter1980;martinez2009;cuneo2009;buckwalter2015c,,,,,7034,None,None,?
Toba-198_pseudoplatystomafasciatum-1,,Toba,198_pseudoplatystomafasciatum,chelmec,chelmec,tʃ e l m e k,,buckwalter1980;martinez2009;cuneo2009;buckwalter2015c,,,,,7035,None,None,?
Toba-192_serrasalmusspilopleura-1,,Toba,192_serrasalmusspilopleura,dapaxac,dapax+ac,d a p a ʁ + a k,,buckwalter1980;martinez2009;cuneo2009;buckwalter2015c,,,,,7037 7038,None,None,flat ?
Toba-195_piaractusmesopotamicus-1,,Toba,195_piaractusmesopotamicus,huesaxa,huesaxa,w e s a ʁ a,,buckwalter1980;martinez2009;cuneo2009;buckwalter2015c,,,,,5861,None,None,?
Toba-194_mylossomaduriventre-1,,Toba,194_mylossomaduriventre,huesaxa llale,huesaxa ll+ale,w e s a ʁ a + ʎ + a l e,,buckwalter1980;martinez2009;cuneo2009;buckwalter2015c,,,,,5861 6983 7040,None,None,pacu _:poss child
Toba-171_prochiloduslineatus-1,,Toba,171_prochiloduslineatus,nỹaq,nỹaq,n j a q,,buckwalter1980;martinez2009;cuneo2009;buckwalter2015c,,,,,6936,None,None,fish
Toba-199_salminusbrasiliensis-1,,Toba,199_salminusbrasiliensis,sa'ashinaq,sa'ashinaq,s a ʔ a ʃ i n a q,,buckwalter1980;martinez2009;cuneo2009;buckwalter2015c,,,,,7053,None,None,?
Toba-227_rostrhamussociabilis-1,,Toba,227_rostrhamussociabilis,huagaxa',huagaxa',w a g a ʁ a ʔ,,buckwalter1980;martinez2009;cuneo2009;buckwalter2015c,,,,,5364,None,None,?
Toba-311_aramidesypecaha-1,,Toba,311_aramidesypecaha,huata'a',huata'a',w a t a ʔ a ʔ,,buckwalter1980;martinez2009;cuneo2009;buckwalter2015c,,,,,7088,None,None,?
Toba-311_aramidesypecaha-2,,Toba,311_aramidesypecaha,huochaxat,huochaxat,w o tʃ a ʁ a t,,buckwalter1980;martinez2009;cuneo2009;buckwalter2015c,,,,,7088,None,None,?
Toba-220_busarellusnigricollis-1,,Toba,220_busarellusnigricollis,lapagaxai lqaic,la+pagaxai l+qaic,l a + p a g a ʁ a j + l + q ai k,,buckwalter1980;martinez2009;cuneo2009;buckwalter2015c,,,,,184 5019 6916 7036,None,None,_:poss white _:poss head
Toba-119_rheaamericana-1,,Toba,119_rheaamericana,mañic,mañic,m a ɲ i k,,buckwalter1980;martinez2009;cuneo2009;buckwalter2015c,,,,,6942,None,None,?
Toba-312_turdusamaurochalinus-1,,Toba,312_turdusamaurochalinus,moc,moc,m o k,,buckwalter1980;martinez2009;cuneo2009;buckwalter2015c,,,,,1668,None,None,?
Toba-45_pyrocephalusrubinus-1,,Toba,45_pyrocephalusrubinus,nailota,n+ailota,n + ai l o t a,,buckwalter1980;martinez2009;cuneo2009;buckwalter2015c,,,,,7111,None,None,_:poss clot
Toba-227_rostrhamussociabilis-2,,Toba,227_rostrhamussociabilis,nashiỹo l'o,nashiỹo l+'o,n a ʃ i j o + l + ʔ o,,buckwalter1980;martinez2009;cuneo2009;buckwalter2015c,,,,,6175 6916 6922,None,None,snail _:poss/l caretaker
Toba-308_dendrocygnabicolor-1,,Toba,308_dendrocygnabicolor,pedaganaxa ala,pedaganaxa ala,p e d a g a n a ʁ a + a l a,,buckwalter1980;martinez2009;cuneo2009;buckwalter2015c,,,,,7129 7130,None,None,samuu.tree fruit
Toba-211_himantopusmelanurus-1,,Toba,211_himantopusmelanurus,pioq,pioq,p j o q,,buckwalter1980;martinez2009;cuneo2009;buckwalter2015c,,,,,7013,None,None,dog
Toba-190_machetornisrixosa-1,,Toba,190_machetornisrixosa,pitoxo'n,pitoxo'n,p i t o ʁ o ʔ n,,buckwalter1980;martinez2009;cuneo2009;buckwalter2015c,,,,,7140,None,None,?
Toba-324_ortaliscanicollis-1,,Toba,324_ortaliscanicollis,qochiñi,qochiñi,q o tʃ i ɲ i,,buckwalter1980;martinez2009;cuneo2009;buckwalter2015c,,,,,3381,None,None,?
Toba-224_molothrusbonariensis-1,,Toba,224_molothrusbonariensis,qoỹo laidaxai,qoỹo laidaxai,q o j o + l ai d a ʁ ai,,buckwalter1980;martinez2009;cuneo2009;buckwalter2015c,,,,,7154 7155,None,None,bird black
Toba-224_molothrusbonariensis-2,,Toba,224_molothrusbonariensis,qoỹo laidaxai pela l'o,qoỹo laidaxai pela l+'o,q o j o + l ai d a ʁ ai + p e l a + l + ʔ o,,buckwalter1980;martinez2009;cuneo2009;buckwalter2015c,,,,,7154 7155 7158 6916 6922,None,None,bird black ? _:poss master
Toba-321_crotophagaani-1,,Toba,321_crotophagaani,tanaxai,tanaxai,t a n a ʁ ai,,buckwalter1980;martinez2009;cuneo2009;buckwalter2015c,,,,,7187,None,None,?
Toba-322_crotophagamajor-1,,Toba,322_crotophagamajor,tanaxai late'e,tanaxai l+ate'e,t a n a ʁ ai + l + a t e ʔ e,,buckwalter1980;martinez2009;cuneo2009;buckwalter2015c,,,,,2990 6916 6925,None,None,Crotophaga.ani _:poss mother
Toba-250_chaunatorquata-1,,Toba,250_chaunatorquata,taqaq,taqaq,t a q a q,,buckwalter1980;martinez2009;cuneo2009;buckwalter2015c,,,,,7188,None,None,?
Toba-308_dendrocygnabicolor-2,,Toba,308_dendrocygnabicolor,villilli',villilli',ʋ i ʎ i ʎ i ʔ,,buckwalter1980;martinez2009;cuneo2009;buckwalter2015c,,,,,7200,None,None,?
Toba-220_busarellusnigricollis-2,,Toba,220_busarellusnigricollis,ỹapaxac lqaic,ỹapaxac l+qaic,j a + p a ʁ a k + l + q ai k,,buckwalter1980;martinez2009;cuneo2009;buckwalter2015c,,,,,7204 6916 7036,None,None,_:3sg white _:poss head
Mocovi-48_schinopsisbalansae-1,,Mocovi,48_schinopsisbalansae,cotapic,cotapic,k o t a p + i k,,buckwalter2015b;rosso2010,,,,,2903 6081,None,None,autumn tree
Mocovi-108_prosopisalba-1,,Mocovi,108_prosopisalba,mapic,mapic,m a p i k,,buckwalter2015b;rosso2010,,,,,6850,None,None,?
Mocovi-233_heimiasalicifolia-1,,Mocovi,233_heimiasalicifolia,patenanqachic,patenanqachic,p a t e n a n q a tʃ i k,,buckwalter2015b;rosso2010,,,,,6997,None,None,?
Pilaga-214_aloysiapolystachya-1,,Pilaga,214_aloysiapolystachya,asena,asena,a s e n a,,buckwalter2015;vidal2010;filipov1993,,,,,457,None,None,donkey
Pilaga-310_hymenachneamplexicaulis-1,,Pilaga,310_hymenachneamplexicaulis,awaqapi poleo,awaqapi poleo,a w a q a + p i + p o l e o,,buckwalter2015;vidal2010;filipov1993,,,,,346 3913 7318,None,None,grass _:pl false
Pilaga-231_battarreastevenii-1,,Pilaga,231_battarreastevenii,dapichinamo,dapichi+namo,d a p i tʃ i + n + a m o,,buckwalter2015;vidal2010;filipov1993,,,,,7252 7253,None,None,Pleiads _:poss penis
Pilaga-51_pycnoporussanguineus-1,,Pilaga,51_pycnoporussanguineus,epaq leketela,epaq le+ketela,e p a q + l e + k e + t e l a,,buckwalter2015;vidal2010;filipov1993,,,,,119 6722 16,None,None,tree _:poss _:/ke ear
Pilaga-213_hyptislappacea-1,,Pilaga,213_hyptislappacea,idyataxaik lawenek,idyataxaik lawenek,i d j a t a ʕ ai k + l + a w e n e k,,buckwalter2015;vidal2010;filipov1993,,,,,7266 7267,None,None,cat _:poss tail
Pilaga-316_citrulluslanatus-1,,Pilaga,316_citrulluslanatus,koda',koda',k o d a ʔ,,buckwalter2015;vidal2010;filipov1993,,,,,7275,None,None,?
Pilaga-219_boerhaviacoccinea-1,,Pilaga,219_boerhaviacoccinea,kodoxona,kodoxona,k o d o ʕ o n a,,buckwalter2015;vidal2010;filipov1993,,,,,7276,None,None,?
Pilaga-233_heimiasalicifolia-1,,Pilaga,233_heimiasalicifolia,kovi law'o,kovi law'o,k o w i + l a w ʔ o,,buckwalter2015;vidal2010;filipov1993,,,,,6884 7265,None,None,yellow flower
Pilaga-219_boerhaviacoccinea-2,,Pilaga,219_boerhaviacoccinea,koxoche haloq,koxoche haloq,k o ʕ o tʃ e + h a l + o q,,buckwalter2015;vidal2010;filipov1993,,,,,920 7282,None,None,pig _:poss food
Pilaga-205_commelinaerecta-1,,Pilaga,205_commelinaerecta,mala law'o,mala law'o,m a l a + l a w ʔ o,,buckwalter2015;vidal2010;filipov1993,,,,,6930 7265,None,None,blue flower
Pilaga-108_prosopisalba-1,,Pilaga,108_prosopisalba,mapik,mapik,m a p i k,,buckwalter2015;vidal2010;filipov1993,,,,,6850,None,None,?
Pilaga-181_solanumglaucophyllum-1,,Pilaga,181_solanumglaucophyllum,nakyet,nakyet,n a k j e t,,buckwalter2015;vidal2010;filipov1993,,,,,2293,None,None,?
Pilaga-216_bidenspilosa-1,,Pilaga,216_bidenspilosa,naxadai,naxadai,n a ʕ a d ai,,buckwalter2015;vidal2010;filipov1993,,,,,5044,None,None,?
Pilaga-184_cucumismelo-1,,Pilaga,184_cucumismelo,newake,newake,n e w a k e,,buckwalter2015;vidal2010;filipov1993,,,,,7310,None,None,?
Pilaga-183_solanumsisymbriifolium-1,,Pilaga,183_solanumsisymbriifolium,niyaq laite,niyaq+laite,n i j a q + l + ai t e,,buckwalter2015;vidal2010;filipov1993,,,,,6 9 0 4   2 8 9   7 0 2 6   ?,None,None,fish _:poss eye
Pilaga-189_chenopodiumambrosioides-1,,Pilaga,189_chenopodiumambrosioides,ñadiaxaliñi',ñadiaxa+liñi',ɲ a d j a ʕ a + l i ɲ i ʔ,,buckwalter2015;vidal2010;filipov1993,,,,,5560 5170,None,None,crocodile mark
Pilaga-232_calycophyllummultiflorum-1,,Pilaga,232_calycophyllummultiflorum,paxa lo'ok,paxa lo'ok,p a ʕ a + l o + ʔ o k,,buckwalter2015;vidal2010;filipov1993,,,,,3643 6647 70,None,None,white _:poss skin
Pilaga-229_thaliageniculata-1,,Pilaga,229_thaliageniculata,pelak,pelak,p e l a k,,buckwalter2015;vidal2010;filipov1993,,,,,7317,None,None,Thalia
Pilaga-229_thaliageniculata-2,,Pilaga,229_thaliageniculata,pelak poleo,pelak+poleo,p e l a k + p o l e o,,buckwalter2015;vidal2010;filipov1993,,,,,7317 7318,None,None,Thalia false
Pilaga-233_heimiasalicifolia-2,,Pilaga,233_heimiasalicifolia,penaganaqte,penaganaqte,p e n a g a n a q t e,,buckwalter2015;vidal2010;filipov1993,,,,,6997,None,None,?
Pilaga-54_pectisodorata-1,,Pilaga,54_pectisodorata,penaxade,penaxade,p e n a ʕ a d e,,buckwalter2015;vidal2010;filipov1993,,,,,7319,None,None,wasp
Pilaga-203_passifloramooreana-1,,Pilaga,203_passifloramooreana,pioq lola,pioq+lola,p j o q + l o + l a,,buckwalter2015;vidal2010;filipov1993,,,,,44 7322 184,None,None,dog _:poss testicle
Pilaga-180_solanumargentinum-1,,Pilaga,180_solanumargentinum,pioxolarik,pioxolarik,p j o ʕ o + l a + r i k,,buckwalter2015;vidal2010;filipov1993,,,,,4268 7024,None,None,dog _:poss friend
Pilaga-238_sennapendula-1,,Pilaga,238_sennapendula,poketa halarit,poketa halarit,p o k e t a + h a l a r i t,,buckwalter2015;vidal2010;filipov1993,,,,,3840 7323,None,None,? ?
Pilaga-303_pistiastratiotes-1,,Pilaga,303_pistiastratiotes,qol,qol,q o l,,buckwalter2015;vidal2010;filipov1993,,,,,5224,None,None,?
Pilaga-175_crotonbonplandianus-1,,Pilaga,175_crotonbonplandianus,qoroxona,qoroxona,q o r o ʕ o n a,,buckwalter2015;vidal2010;filipov1993,,,,,5243,None,None,?
Pilaga-228_vallesiaglabra-1,,Pilaga,228_vallesiaglabra,samañek,samañek,s a m a ɲ e k,,buckwalter2015;vidal2010;filipov1993,,,,,6950,None,None,?
Pilaga-172_castelacoccinea-1,,Pilaga,172_castelacoccinea,selkainamaik,selkaik+namaik,s e l k ai k + n a m ai k,,buckwalter2015;vidal2010;filipov1993,,,,,718 6480,None,None,lizard algarroba
Pilaga-182_solanumhieronymi-1,,Pilaga,182_solanumhieronymi,tapañi,tapañi,t a p a ɲ i,,buckwalter2015;vidal2010;filipov1993,,,,,7344,None,None,?
Pilaga-313_zeamays-1,,Pilaga,313_zeamays,tawaxa,tawaxa,t + a w a ʕ a,,buckwalter2015;vidal2010;filipov1993,,,,,7345,None,None,_:/t maize
Pilaga-233_heimiasalicifolia-3,,Pilaga,233_heimiasalicifolia,te tedit,te tedit,t e + t e d i t,,buckwalter2015;vidal2010;filipov1993,,,,,6998 7348,None,None,? owl
Pilaga-231_battarreastevenii-2,,Pilaga,231_battarreastevenii,to'oleaxaik,to'oleaxaik,t o ʔ o l e a ʕ ai k,,buckwalter2015;vidal2010;filipov1993,,,,,7349,None,None,?
Pilaga-303_pistiastratiotes-2,,Pilaga,303_pistiastratiotes,topi,topi,t o p i,,buckwalter2015;vidal2010;filipov1993,,,,,3794,None,None,?
Pilaga-238_sennapendula-2,,Pilaga,238_sennapendula,viogonaxai,viogonaxai,w j o g o n + a ʕ ai,,buckwalter2015;vidal2010;filipov1993,,,,,7350 6081,None,None,smell _:adj
Pilaga-235_sennamorongii-1,,Pilaga,235_sennamorongii,vioxonaxai,vioxonaxai,w j o ʕ o n + a ʕ ai,,buckwalter2015;vidal2010;filipov1993,,,,,5243 6081,None,None,smell _:adj
Pilaga-175_crotonbonplandianus-2,,Pilaga,175_crotonbonplandianus,vioxonaxaik,vioxonaxai+k,w j o ʕ o n + a ʕ ai + k,,buckwalter2015;vidal2010;filipov1993,,,,,5243 6081 19,None,None,smell _:adj _:masc
Pilaga-235_sennamorongii-2,,Pilaga,235_sennamorongii,waxayaxa nasaanat,waxayaxa nasaanat,w a ʕ a j a ʕ a + n a s aː n a t,,buckwalter2015;vidal2010;filipov1993,,,,,940 7359,None,None,fox ?
Pilaga-236_sennaobtusifolia-1,,Pilaga,236_sennaobtusifolia,waxayaxa lqo,waxayaxa lqo,w a ʕ a j a ʕ a + l + q o,,buckwalter2015;vidal2010;filipov1993,,,,,9 4 0   2 8 9   ?,None,None,fox _:poss food
Pilaga-235_sennamorongii-3,,Pilaga,235_sennamorongii,waxayaxa namaik,waxayaxa namaik,w a ʕ a j a ʕ a + n a m ai k,,buckwalter2015;vidal2010;filipov1993,,,,,940 6480,None,None,fox algarroba
Pilaga-237_sennaoccidentalis-1,,Pilaga,237_sennaoccidentalis,waxayaxa namaik,waxayaxa namaik,w a ʕ a j a ʕ a + n a m ai k,,buckwalter2015;vidal2010;filipov1993,,,,,940 6480,None,None,fox algarroba
Pilaga-225_ricinuscommunis-1,,Pilaga,225_ricinuscommunis,wetep lachielik,wetep+lachielik,w e t e p + l a tʃ j e l i k,,buckwalter2015;vidal2010;filipov1993,,,,,7363 1416 3513 5666,None,None,storm small
TobaPilaga-214_aloysiapolystachya-1,,TobaPilaga,214_aloysiapolystachya,ahina,ahina,a h i n a,,arenas1993,,,,,7236,None,None,donkey
TobaPilaga-230_phyllostylonrhamnoides-1,,TobaPilaga,230_phyllostylonrhamnoides,apa'taelo patadi,apa'taelo patadi,a p a ʔ t a e l o + p a t a d i,,arenas1993,,,,,7368 7369,None,None,? ?
TobaPilaga-205_commelinaerecta-1,,TobaPilaga,205_commelinaerecta,awaqapi poleo,awaqapi poleo,a w a q a + p i + p o l e o,,arenas1993,,,,,7374 6927,None,None,grass _:pl false
TobaPilaga-51_pycnoporussanguineus-1,,TobaPilaga,51_pycnoporussanguineus,chiel ketela,chie+l+ketela,tʃ j e + l + k e + t e l a,,arenas1993,,,,,3513 7260 3882,None,None,? _:poss _:/ke ear
TobaPilaga-229_thaliageniculata-1,,TobaPilaga,229_thaliageniculata,china poleo,china poleo,tʃ i n a + p o l e o,,arenas1993,,,,,7378 7317,None,None,China.plant false
TobaPilaga-230_phyllostylonrhamnoides-2,,TobaPilaga,230_phyllostylonrhamnoides,epaq late',epaq late',e p a q + l + a t e ʔ,,arenas1993,,,,,7385 7387,None,None,tree _:poss mother
TobaPilaga-51_pycnoporussanguineus-2,,TobaPilaga,51_pycnoporussanguineus,epaq leketela,epaq le+ketela,e p a q + l e + k e + t e l a,,arenas1993,,,,,7385 6722 3882,None,None,tree _:poss _:/ke ear
TobaPilaga-219_boerhaviacoccinea-1,,TobaPilaga,219_boerhaviacoccinea,epaxa lolaxae,epaxa lolaxae,e p a ʕ a + l o l a ʕ a e,,arenas1993,,,,,7392 7393,None,None,tree sick
TobaPilaga-228_vallesiaglabra-1,,TobaPilaga,228_vallesiaglabra,hamañik,hamañik,h a m a ɲ i k,,arenas1993,,,,,6950,None,None,?
TobaPilaga-213_hyptislappacea-1,,TobaPilaga,213_hyptislappacea,hawaxaik lawenek,hawaxaik lawenek,h a w a ʕ ai k + l + a w e n e k,,arenas1993,,,,,7266 7267,None,None,lion _:poss tail
TobaPilaga-172_castelacoccinea-1,,TobaPilaga,172_castelacoccinea,helkaik namaik,helkaik namaik,h e l k ai k + n a m ai k,,arenas1993,,,,,718 7339,None,None,lizard algarroba
TobaPilaga-213_hyptislappacea-2,,TobaPilaga,213_hyptislappacea,idiagataxaik lawenek,idiagataxaik lawenek,i d j a g a t a ʕ ai k + l + a w e n e k,,arenas1993,,,,,7266 7267,None,None,cat _:poss tail
TobaPilaga-205_commelinaerecta-2,,TobaPilaga,205_commelinaerecta,kagaxa lata'a,kagaxa lata'a,k a g a ʕ a + l + a t a ʔ a,,arenas1993,,,,,7400 6916 7265,None,None,break _:poss medicine
TobaPilaga-237_sennaoccidentalis-1,,TobaPilaga,237_sennaoccidentalis,ketaxaik,ketaxaik,k e t a ʕ ai k,,arenas1993,,,,,7405,None,None,?
TobaPilaga-236_sennaobtusifolia-1,,TobaPilaga,236_sennaobtusifolia,ketaxaik,ketaxaik,k e t a ʕ ai k,,arenas1993,,,,,1298,None,None,?
TobaPilaga-205_commelinaerecta-3,,TobaPilaga,205_commelinaerecta,ketela lata'a,ketela lata'a,k e t e l a + l + a t a ʔ a,,arenas1993,,,,,3882 6916 7265,None,None,ear _:poss medicine
TobaPilaga-316_citrulluslanatus-1,,TobaPilaga,316_citrulluslanatus,koda leche,koda leche,k o d a + l e + tʃ e,,arenas1993,,,,,7275 7407,None,None,watermelon _:poss foot
TobaPilaga-219_boerhaviacoccinea-2,,TobaPilaga,219_boerhaviacoccinea,koochi loqo,koochi loqo,k oː tʃ i + l + o q o,,arenas1993,,,,,7276 7282,None,None,pig _:poss food
TobaPilaga-234_sennachloroclada-1,,TobaPilaga,234_sennachloroclada,kowi lawo,kowi lawo,k o w i + l a w o,,arenas1993,,,,,7410 2722,None,None,yellow flower
TobaPilaga-205_commelinaerecta-4,,TobaPilaga,205_commelinaerecta,mala lawo,mala lawo,m a l a + l a w o,,arenas1993,,,,,6930 2722,None,None,blue flower
TobaPilaga-217_bidenssubalternans-1,,TobaPilaga,217_bidenssubalternans,mañik leloteke,mañik le+loteke,m a ɲ i k + l e + l o t e k e,,arenas1993,,,,,5734 3423 5735,None,None,ostrich _:poss eyelash
TobaPilaga-108_prosopisalba-1,,TobaPilaga,108_prosopisalba,mapik,mapik,m a p i k,,arenas1993,,,,,6850,None,None,?
TobaPilaga-214_aloysiapolystachya-2,,TobaPilaga,214_aloysiapolystachya,mate lalge,mate lalge,m a t e + l a l g e,,arenas1993,,,,,7422 7423,None,None,mate.tea ?
TobaPilaga-229_thaliageniculata-2,,TobaPilaga,229_thaliageniculata,mola lketela,mola+l+ketela,m o l a + l + k e t e l a,,arenas1993,,,,,6944 7429 3882,None,None,mule _:poss ear
TobaPilaga-209_heterantherapeduncularis-1,,TobaPilaga,209_heterantherapeduncularis,mola lketela,mola+l+ketela,m o l a + l + k e t e l a,,arenas1993,,,,,6944 7429 3882,None,None,mule _:poss ear
TobaPilaga-309_eichhorniaazurea-1,,TobaPilaga,309_eichhorniaazurea,mola lketela,mola+l+ketela,m o l a + l + k e + t e l a,,arenas1993,,,,,6944 7429 3882,None,None,mule _:poss _:/ke ear
TobaPilaga-219_boerhaviacoccinea-3,,TobaPilaga,219_boerhaviacoccinea,nanaik loqo,nanaik loqo,n a n ai k + l + o q o,,arenas1993,,,,,7371 7282,None,None,snake _:poss food
TobaPilaga-219_boerhaviacoccinea-4,,TobaPilaga,219_boerhaviacoccinea,napam loqo,napam loqo,n a p a m + l + o q o,,arenas1993,,,,,7444 7282,None,None,? _:poss food
TobaPilaga-184_cucumismelo-1,,TobaPilaga,184_cucumismelo,newake,newake,n e w a k e,,arenas1993,,,,,7310,None,None,?
TobaPilaga-183_solanumsisymbriifolium-1,,TobaPilaga,183_solanumsisymbriifolium,niyaq laete,niyaq laete,n i j a q + l + ai t e,,arenas1993,,,,,6904 7429 7026,None,None,fish _:poss eye
TobaPilaga-233_heimiasalicifolia-1,,TobaPilaga,233_heimiasalicifolia,niyoxonaxaki,niyoxonaxaki,n i j o ʕ o n a ʕ a k i,,arenas1993,,,,,7453,None,None,?
TobaPilaga-181_solanumglaucophyllum-1,,TobaPilaga,181_solanumglaucophyllum,nokyet,nokyet,n o k j e t,,arenas1993,,,,,2293,None,None,?
TobaPilaga-233_heimiasalicifolia-2,,TobaPilaga,233_heimiasalicifolia,noxop lata'a,noxop lata'a,n o ʕ o p + l + a t a ʔ a,,arenas1993,,,,,7463 6998,None,None,water _:poss medicine
TobaPilaga-238_sennapendula-1,,TobaPilaga,238_sennapendula,noxop qoqote,noxop qoqote,n o ʕ o p + q o q o t e,,arenas1993,,,,,7463 3840,None,None,water ?
TobaPilaga-189_chenopodiumambrosioides-1,,TobaPilaga,189_chenopodiumambrosioides,ñiaxadiaq lawenek,ñiaxadiaq lawenek,ɲ j a ʕ a d j a q + l a w e n e k,,arenas1993,,,,,5560 5170,None,None,caiman tail
TobaPilaga-189_chenopodiumambrosioides-2,,TobaPilaga,189_chenopodiumambrosioides,ñiaxadiaq leñi,ñiaxadiaq leñi,ɲ j a ʕ a d j a q + l e ɲ i,,arenas1993,,,,,5560 5170,None,None,caiman mark
TobaPilaga-213_hyptislappacea-3,,TobaPilaga,213_hyptislappacea,paxa lawoik,paxa lawoik,p a ʕ a + l a w o + i k,,arenas1993,,,,,6065 7267,None,None,white flower _:tree
TobaPilaga-232_calycophyllummultiflorum-1,,TobaPilaga,232_calycophyllummultiflorum,paxa lo'ok,paxa lo'ok,p a ʕ a + l o + ʔ o k,,arenas1993,,,,,6065 6647,None,None,white _:poss skin
TobaPilaga-229_thaliageniculata-3,,TobaPilaga,229_thaliageniculata,pelak,pelak,p e l a k,,arenas1993,,,,,7317,None,None,?
TobaPilaga-233_heimiasalicifolia-3,,TobaPilaga,233_heimiasalicifolia,penagana qachedi,penagana qachedi,p e n a g a n a + q a tʃ e d i,,arenas1993,,,,,6997 7348,None,None,? ?
TobaPilaga-54_pectisodorata-1,,TobaPilaga,54_pectisodorata,penaxadi,penaxadi,p e n a ʕ a d i,,arenas1993,,,,,7319,None,None,wasp
TobaPilaga-203_passifloramooreana-1,,TobaPilaga,203_passifloramooreana,pioq lola,pioq lola,p j o q + l o + l a,,arenas1993,,,,,7013 7322 184,None,None,dog _:poss testicle
TobaPilaga-180_solanumargentinum-1,,TobaPilaga,180_solanumargentinum,pioxoladik late',pioxoladik late',p j o ʕ o + l a + d i k + l + a t e ʔ,,arenas1993,,,,,4268 7475 7475,None,None,dog _:poss friend _:poss mother
TobaPilaga-189_chenopodiumambrosioides-3,,TobaPilaga,189_chenopodiumambrosioides,poeliñi,poeliñi,p o e l i ɲ i,,arenas1993,,,,,5170,None,None,?
TobaPilaga-236_sennaobtusifolia-2,,TobaPilaga,236_sennaobtusifolia,pokoxoe,pokoxoe,p o k o ʕ o e,,arenas1993,,,,,137,None,None,?
TobaPilaga-310_hymenachneamplexicaulis-1,,TobaPilaga,310_hymenachneamplexicaulis,polchaq poleo,polchaq poleo,p o l tʃ a q + p o l e o,,arenas1993,,,,,6815 3913,None,None,grass false
TobaPilaga-175_crotonbonplandianus-1,,TobaPilaga,175_crotonbonplandianus,polgeaxana qate,polgeaxana qate,p o l g e a ʕ a n a + q a t e,,arenas1993,,,,,5243 4042,None,None,? ?
TobaPilaga-219_boerhaviacoccinea-5,,TobaPilaga,219_boerhaviacoccinea,qalgeaxaik pinik,qalgeaxaik pinik,q a l g e a ʕ ai k + p i n i k,,arenas1993,,,,,7393 7482 7371,None,None,? bone
TobaPilaga-219_boerhaviacoccinea-6,,TobaPilaga,219_boerhaviacoccinea,qaqade lenat,qaqade lenat,q a q a d e + l e + n a t,,arenas1993,,,,,7276 7484,None,None,? _:poss claw
TobaPilaga-230_phyllostylonrhamnoides-3,,TobaPilaga,230_phyllostylonrhamnoides,qasaqaik late',qasaqaik late',q a s a q ai k + l + a t e ʔ,,arenas1993,,,,,7485 7387,None,None,tree.sp _:poss mother
TobaPilaga-219_boerhaviacoccinea-7,,TobaPilaga,219_boerhaviacoccinea,qodoxona,qodoxona,q o d o ʕ o n a,,arenas1993,,,,,7276,None,None,?
TobaPilaga-309_eichhorniaazurea-2,,TobaPilaga,309_eichhorniaazurea,qol poleo,qol poleo,q o l + p o l e o,,arenas1993,,,,,7494 6944,None,None,qol false
TobaPilaga-237_sennaoccidentalis-2,,TobaPilaga,237_sennaoccidentalis,qowi lawo,qowi lawo,q o w i + l a w o,,arenas1993,,,,,1503 2722,None,None,yellow flower
TobaPilaga-233_heimiasalicifolia-4,,TobaPilaga,233_heimiasalicifolia,tanaxanaxa lche,tanaxanaxa lche,t a n a ʕ a n a ʕ a + l + tʃ e,,arenas1993,,,,,7453 6998,None,None,deer _:poss foot
TobaPilaga-233_heimiasalicifolia-5,,TobaPilaga,233_heimiasalicifolia,tanaxanaxa lepenaqate,tanaxanaxa lepenaqate,t a n a ʕ a n a ʕ a + l e + p e n a q a t e,,arenas1993,,,,,7453 6997,None,None,deer _:poss heimia.s
TobaPilaga-233_heimiasalicifolia-6,,TobaPilaga,233_heimiasalicifolia,tanaxanaxa lichi,tanaxanaxa lichi,t a n a ʕ a n a ʕ a + l i + tʃ i,,arenas1993,,,,,7453 6998,None,None,deer _:poss foot
TobaPilaga-233_heimiasalicifolia-7,,TobaPilaga,233_heimiasalicifolia,tanaxanaxa pinek,tanaxanaxa pinek,t a n a ʕ a n a ʕ a + p i n e k,,arenas1993,,,,,7453 6997,None,None,deer bone
TobaPilaga-177_solanumeleagnifolium-1,,TobaPilaga,177_solanumeleagnifolium,tapañi,tapañi,t a p a ɲ i,,arenas1993,,,,,935,None,None,?
TobaPilaga-182_solanumhieronymi-1,,TobaPilaga,182_solanumhieronymi,tapañi late',tapañi late',t a p a ɲ i + l + a t e ʔ,,arenas1993,,,,,7344 7475,None,None,Tapani _:poss mother
TobaPilaga-313_zeamays-1,,TobaPilaga,313_zeamays,tawaxa,tawaxa,t + a w a ʕ a,,arenas1993,,,,,7345,None,None,_:/t maize
TobaPilaga-219_boerhaviacoccinea-8,,TobaPilaga,219_boerhaviacoccinea,togomaxa pinaqa,togomaxa pinaqa,t o g o m a ʕ a + p i n a q a,,arenas1993,,,,,7393 7371,None,None,red bone
TobaPilaga-309_eichhorniaazurea-3,,TobaPilaga,309_eichhorniaazurea,topi,topi,t o p i,,arenas1993,,,,,6945,None,None,?
TobaPilaga-303_pistiastratiotes-1,,TobaPilaga,303_pistiastratiotes,topi,topi,t o p i,,arenas1993,,,,,3794,None,None,?
TobaPilaga-237_sennaoccidentalis-3,,TobaPilaga,237_sennaoccidentalis,vioxonaxai,vioxonaxai,w j o ʕ o n + a ʕ ai,,arenas1993,,,,,7351 6081,None,None,smelly _:adj
TobaPilaga-235_sennamorongii-1,,TobaPilaga,235_sennamorongii,vioxonaxai,vioxonaxai,w j o ʕ o n + a ʕ ai,,arenas1993,,,,,7351 6081,None,None,smelly _:adj
TobaPilaga-213_hyptislappacea-4,,TobaPilaga,213_hyptislappacea,vioxonaxaik,vioxonaxai+k,w j o ʕ o n + a ʕ ai + k,,arenas1993,,,,,7266 7510,None,None,smell _:adj _:masc
TobaPilaga-318_gossypiumhirsutum-1,,TobaPilaga,318_gossypiumhirsutum,waloxo poleo,waloxo poleo,w a l o ʕ o + p o l e o,,arenas1993,,,,,5135 5840,None,None,cotton false
TobaPilaga-230_phyllostylonrhamnoides-4,,TobaPilaga,230_phyllostylonrhamnoides,waxadik qoviye,waxadik qovi+ye,w a ʕ a d i k + q o w i j e,,arenas1993,,,,,7519 1503 7520,None,None,? yellow
TobaPilaga-235_sennamorongii-2,,TobaPilaga,235_sennamorongii,waxayaxa loqo,waxayaxa loqo,w a ʕ a j a ʕ a + l o + q o,,arenas1993,,,,,216 7521,None,None,fox _:poss food
TobaPilaga-237_sennaoccidentalis-4,,TobaPilaga,237_sennaoccidentalis,waxayaxa namaik,waxayaxa namaik,w a ʕ a j a ʕ a + n a m ai k,,arenas1993,,,,,216 6480,None,None,fox algarroba
TobaPilaga-238_sennapendula-2,,TobaPilaga,238_sennapendula,waxayaxa namaik,waxayaxa namaik,w a ʕ a j a ʕ a + n a m ai k,,arenas1993,,,,,7350 6480,None,None,fox algarroba
TobaPilaga-234_sennachloroclada-2,,TobaPilaga,234_sennachloroclada,waxayaxa namaik,waxayaxa namaik,w a ʕ a j a ʕ a + n a m ai k,,arenas1993,,,,,216 6480,None,None,fox algarroba
TobaPilaga-236_sennaobtusifolia-3,,TobaPilaga,236_sennaobtusifolia,waxayaxa namaik late',waxayaxa namaik late',w a ʕ a j a ʕ a + n a m ai k + l a t e ʔ,,arenas1993,,,,,216 6480 2586,None,None,fox algarroba mother
TobaPilaga-205_commelinaerecta-5,,TobaPilaga,205_commelinaerecta,wolcha'a,wolcha'a,w o l tʃ a ʔ a,,arenas1993,,,,,7265,None,None,?
TobaPilaga-225_ricinuscommunis-1,,TobaPilaga,225_ricinuscommunis,wotepe lachelik,wotepe lachelik,w o t e p e + l a tʃ e l i k,,arenas1993,,,,,7363 7526,None,None,storm small
TobaPilaga-230_phyllostylonrhamnoides-5,,TobaPilaga,230_phyllostylonrhamnoides,yoqowiye lawel,yo+qowi+ye lawel,j o + q o w i j e + l a + w e l,,arenas1993,,,,,7529 1503 7520 7530,None,None,_:3sg yellow _:poss stomach
Maka-172_castelacoccinea-1,,Maka,172_castelacoccinea,ahatsxinaX łaqakuk,ahatsxinaX ł+aq+akuk,a h a ts x i n a χ + ɬ + a q a k u k,,gerzenstein1999;arenas1983,,,,,7534 7535 7536 7537,None,None,lizard _:poss food
Maka-189_chenopodiumambrosioides-1,,Maka,189_chenopodiumambrosioides,tsiwanaq łefitetsii,tsiwanaq łefitets+ii,ts i w a n a q + ɬ e f i t e ts + iː,,gerzenstein1999;arenas1983,,,,,6089 5559 5558,None,None,dorado_fish medicine _:pl
Maka-223_crotalariaincana-1,,Maka,223_crotalariaincana,ts'iyaq łaqatits,ts'iyaq ł+aq+atits,tsˀ i j a q + ɬ + a q a t i ts,,gerzenstein1999;arenas1983,,,,,7541 7535 7536 7542,None,None,fox _:poss food
Maka-316_citrulluslanatus-1,,Maka,316_citrulluslanatus,etsXiłiyi,etsXiłiyi,e ts χ i ɬ i j i,,gerzenstein1999;arenas1983,,,,,7546,None,None,?
Maka-184_cucumismelo-1,,Maka,184_cucumismelo,etsXiłiyitaX,etsXiłiyi+taX,e ts χ i ɬ i j i + t a χ,,gerzenstein1999;arenas1983,,,,,7547 7548,None,None,watermelon _:aum
Maka-213_hyptislappacea-1,,Maka,213_hyptislappacea,fetsitsitaX łaqats,fetsitsitaX ł+aq+ats,f e ts i ts i t a χ + ɬ + a q + a ts,,gerzenstein1999;arenas1983,,,,,7555 7535 7536 7556,None,None,black_bee _:poss food ?
Maka-307_paspalumunispicatum-1,,Maka,307_paspalumunispicatum,fits’ekuk,fits’e+kuk,f i tsˀ e + k u k,,gerzenstein1999;arenas1983,,,,,7557 7558,None,None,poisoned-honey _:tree
Maka-305_paspalumplicatulum-1,,Maka,305_paspalumplicatulum,fits’ekuk,fits’e+kuk,f i tsˀ e + k u k,,gerzenstein1999;arenas1983,,,,,7557 7559,None,None,poisoned-honey _:tree
Maka-232_calycophyllummultiflorum-1,,Maka,232_calycophyllummultiflorum,fo’oki,fo’o+ki,f o ʔ o + k i,,gerzenstein1999;arenas1983,,,,,6065 6066,None,None,white _:loc
Maka-201_passifloracincinnata-1,,Maka,201_passifloracincinnata,how how łeqełei,how how łe+qełe+i,h o w h o w + ɬ e + q e ɬ e + i,,gerzenstein1999;arenas1983,,,,,7567 7568 7569 2529,None,None,howhow _:poss testicle _:pl
Maka-203_passifloramooreana-1,,Maka,203_passifloramooreana,how how łeqełei,how how łe+qełe+i,h o w h o w + ɬ e + q e ɬ e + i,,gerzenstein1999;arenas1983,,,,,7570 7568 7569 2529,None,None,howhow _:poss testicle _:pl
Maka-108_prosopisalba-1,,Maka,108_prosopisalba,ininqak,ininqak,i n i n q a k,,gerzenstein1999;arenas1983,,,,,7572,None,None,?
Maka-309_eichhorniaazurea-1,,Maka,309_eichhorniaazurea,xawam łek’exi łop’om,xawam łek’e+xi łop’om,x a w a m + ɬ e kˀ e + x i + ɬ o pˀ o m,,gerzenstein1999;arenas1983,,,,,7575 757 7576 2068,None,None,waterplant blue _:loc flower
Maka-51_pycnoporussanguineus-1,,Maka,51_pycnoporussanguineus,xaya lesu’,xaya lesu’,x a j a + ɬ e s u ʔ,,gerzenstein1999;arenas1983,,,,,7577 7578,None,None,bat ?
Maka-315_echinopsisrhodotricha-1,,Maka,315_echinopsisrhodotricha,xi’ilek,xi’ilek,x i ʔ i l e k,,gerzenstein1999;arenas1983,,,,,4539,None,None,?
Maka-182_solanumhieronymi-1,,Maka,182_solanumhieronymi,xiłaX,xiłaX,x i ɬ a χ,,gerzenstein1999;arenas1983,,,,,7579,None,None,?
Maka-48_schinopsisbalansae-1,,Maka,48_schinopsisbalansae,kełeikutek,kełeikutek,k e ɬ ei k u t e k,,gerzenstein1999;arenas1983,,,,,4174,None,None,?
Maka-205_commelinaerecta-1,,Maka,205_commelinaerecta,lek’exi łop’om,lek’e+xi łop’om,l e kˀ e + x i + ɬ o pˀ o m,,gerzenstein1999;arenas1983,,,,,7265 7589 2068,None,None,blue _:loc flower
Maka-303_pistiastratiotes-1,,Maka,303_pistiastratiotes,łekfiwe’i,ł+ekfi+we’i,ɬ + e k f i + w e ʔ i,,gerzenstein1999;arenas1983,,,,,7535 1951 1095,None,None,_:poss ear ?
Maka-233_heimiasalicifolia-1,,Maka,233_heimiasalicifolia,maxaxi łop’om,maxa+xi łop’om,m a x a + x i + ɬ o pˀ o m,,gerzenstein1999;arenas1983,,,,,7592 7594 2068,None,None,yellow _:loc flower
Maka-183_solanumsisymbriifolium-1,,Maka,183_solanumsisymbriifolium,moqoq łotowey,moqoq łotowey,m o q o q ɬ o t o w ei,,gerzenstein1999;arenas1983,,,,,6904 7026,None,None,?
Maka-313_zeamays-1,,Maka,313_zeamays,naats'axik,naats'axik,n aː tsˀ a x i k,,gerzenstein1999;arenas1983,,,,,7596,None,None,?
Maka-318_gossypiumhirsutum-1,,Maka,318_gossypiumhirsutum,notekeniłtaX,notekenił+taX,n o t e k e n i ɬ + t a χ,,gerzenstein1999;arenas1983,,,,,4782 7548,None,None,cotton _:aum
Maka-223_crotalariaincana-2,,Maka,223_crotalariaincana,oqhofoi łei,oqhofoi łei,o q h o f oi + ɬ ei,,gerzenstein1999;arenas1983,,,,,7609 6983,None,None,biscuit ?
Maka-230_phyllostylonrhamnoides-1,,Maka,230_phyllostylonrhamnoides,p’afam,p’afam,pˀ a f a m,,gerzenstein1999;arenas1983,,,,,7610,None,None,?
Maka-229_thaliageniculata-1,,Maka,229_thaliageniculata,qemuk,qemuk,q e m u k,,gerzenstein1999;arenas1983,,,,,6798,None,None,?
Maka-181_solanumglaucophyllum-1,,Maka,181_solanumglaucophyllum,sinxe'yuk,sinxe'+yuk,s i n x e + j u k,,gerzenstein1999;arenas1983,,,,,4496 5828,None,None,mollera tree
Maka-202_passifloramisera-1,,Maka,202_passifloramisera,wanaX łahatsxil,wanaX łahatsxi+l,w a n a χ + ɬ a h a ts x i + l,,gerzenstein1999;arenas1983,,,,,4912 5448 7632,None,None,piranha tail _:pl
Maka-202_passifloramisera-2,,Maka,202_passifloramisera,wanaX łefitetsii,wanaX łefitetsii,w a n a χ + ɬ e f i t e ts iː,,gerzenstein1999;arenas1983,,,,,4912 7582,None,None,piranha root
Maka-233_heimiasalicifolia-2,,Maka,233_heimiasalicifolia,witlat łek’e,wit+lat łek’e,w i t + l a t + ɬ e kˀ e,,gerzenstein1999;arenas1983,,,,,7348 6998 757,None,None,_:poss fur blue
Maka-320_tamanduatetradactyla-1,,Maka,320_tamanduatetradactyla,apsinhe'taX,apsinhe'+taX,a p s i n h e ʔ + t a χ,,gerzenstein1999;arenas1983,,,,,4263 7548,None,None,bear _:false
Maka-247_tapirusterrestris-1,,Maka,247_tapirusterrestris,katkunaX,katkunaX,k a t k u n a χ,,gerzenstein1999;arenas1983,,,,,7654,None,None,?
Maka-45_pyrocephalusrubinus-1,,Maka,45_pyrocephalusrubinus,kus,kus,k u s,,gerzenstein1999;arenas1983,,,,,7656,None,None,?
Maka-312_turdusamaurochalinus-1,,Maka,312_turdusamaurochalinus,maqitaX,maqitaX,m a q + i t a χ,,gerzenstein1999;arenas1983,,,,,5685,None,None,? _:aug
Maka-185_procyoncancrivorus-1,,Maka,185_procyoncancrivorus,nenekinaX,nenekinaX,n e n e k + i n a χ,,gerzenstein1999;arenas1983,,,,,7664,None,None,shell _:nmlz
Maka-324_ortaliscanicollis-1,,Maka,324_ortaliscanicollis,qanaXa,qanaXa,q a n a χ a,,gerzenstein1999;arenas1983,,,,,3381,None,None,?
Maka-250_chaunatorquata-1,,Maka,250_chaunatorquata,tsahaq,tsahaq,ts a h a q,,gerzenstein1999;arenas1983,,,,,7188,None,None,?
Maka-119_rheaamericana-1,,Maka,119_rheaamericana,waalhaX,waalhaX,w aː ɬ a χ,,gerzenstein1999;arenas1983,,,,,7679,None,None,?
Maka-192_serrasalmusspilopleura-1,,Maka,192_serrasalmusspilopleura,wanaX,wanaX,w a n a χ,,gerzenstein1999;arenas1983,,,,,4912,None,None,?
Maka-224_molothrusbonariensis-1,,Maka,224_molothrusbonariensis,wonowolhey,wonowolhey,w o n o w o ɬ ei,,gerzenstein1999;arenas1983,,,,,7681,None,None,?
Maka-311_aramidesypecaha-1,,Maka,311_aramidesypecaha,wuqa'a',wuqa'a',w u q a ʔ a ʔ,,gerzenstein1999;arenas1983,,,,,7088,None,None,?
Nivacle-311_aramidesypecaha-1,,Nivacle,311_aramidesypecaha,votôjôjitaj,votôjôj+i+taj,ʋ o t ɒ x ɒ x + i + t a x,,seelwische1980,,,,,7088 7704 4837,None,None,cock _:ep _:aum
Nivacle-215_atelocynusmicrotis-1,,Nivacle,215_atelocynusmicrotis,yo'nis yacut,yo'nis yacut,j o ʔ n i s + j a k u t,,seelwische1980,,,,,7712 1074,None,None,fox black
Nivacle-220_busarellusnigricollis-1,,Nivacle,220_busarellusnigricollis,miyotaj,miyo+taj,m i j o + t a x,,seelwische1980,,,,,7726 4837,None,None,hawk _:aum
Nivacle-221_busarellusnigricollisleucocephalus-1,,Nivacle,221_busarellusnigricollisleucocephalus,miyo,miyo,m i j o,,seelwische1980,,,,,7727,None,None,?
Nivacle-250_chaunatorquata-1,,Nivacle,250_chaunatorquata,taô',taô',t a ɒ ʔ,,seelwische1980,,,,,7735,None,None,?
Nivacle-322_crotophagamajor-1,,Nivacle,322_crotophagamajor,c'onjataj,c'onja+taj,kˀ o n x a + t a x,,seelwische1980,,,,,2338 4837,None,None,crotophaga.ani _:aug
Nivacle-321_crotophagaani-1,,Nivacle,321_crotophagaani,c'onja',c'onja',kˀ o n x a ʔ,,seelwische1980,,,,,7745,None,None,?
Nivacle-308_dendrocygnabicolor-1,,Nivacle,308_dendrocygnabicolor,sô'yi',sô'yi',s ɒ ˀj i ʔ,,seelwische1980,,,,,7753,None,None,?
Nivacle-308_dendrocygnabicolor-2,,Nivacle,308_dendrocygnabicolor,iyusinja,iyusinja,i j u s i n x a,,seelwische1980,,,,,452,None,None,?
Nivacle-308_dendrocygnabicolor-3,,Nivacle,308_dendrocygnabicolor,jayetaicha,jayeta+icha,x a j e t a + i tʃ a,,seelwische1980,,,,,968 6753,None,None,duck _:big
Nivacle-211_himantopusmelanurus-1,,Nivacle,211_himantopusmelanurus,nuu,nuu,n uː,,seelwische1980,,,,,7771,None,None,dog
Nivacle-190_machetornisrixosa-1,,Nivacle,190_machetornisrixosa,cuvôyu lha'vôôt,cuvôyu lha'vôôt,k u ʋ ɒ j u + ɬ a ʔ ʋ ɒː t,,seelwische1980,,,,,7778 7779,None,None,horse platform
Nivacle-212_peltophorumdubium-1,,Nivacle,212_peltophorumdubium,yucshiyuc,yuc+shi+yuc,j u k + ʃ i + j u k,,seelwische1980,,,,,7800 2262 2263,None,None,red _:loc _:tree
Nivacle-230_phyllostylonrhamnoides-1,,Nivacle,230_phyllostylonrhamnoides,climatayuc,clim+atayuc,kʟ̥ i m + a t a + j u k,,seelwische1980,,,,,7810 7811 2263,None,None,white ? _:tree
Nivacle-303_pistiastratiotes-1,,Nivacle,303_pistiastratiotes,lhacfevayôi,lh+acfe+vayôi,ɬ + a k f e + ʋ a j ɒi,,seelwische1980,,,,,2823 1951 1096,None,None,_:pos ear ?
Nivacle-185_procyoncancrivorus-1,,Nivacle,185_procyoncancrivorus,stsaapjatanôj,stsaapjatanôj,s + ts aː p x a t a + n ɒ x,,seelwische1980,,,,,7813 5719,None,None,? shell_spoon _:nmlz
Nivacle-108_prosopisalba-1,,Nivacle,108_prosopisalba,faaiyuc,faai+yuc,f aː j + j u k,,seelwische1980,,,,,7814 2263,None,None,algarroba _:tree
Nivacle-196_pseudoplatystoma-1,,Nivacle,196_pseudoplatystoma,c'ayooich'e,c'ayooi+ch'e,kˀ a j oː i + tʃˀ e,,seelwische1980,,,,,7818 7819,None,None,multicolour _:ext
Nivacle-197_pseudoplatystomacorruscans-1,,Nivacle,197_pseudoplatystomacorruscans,pôsenja,pôsenja,p ɒ s e n x a,,seelwische1980,,,,,7820,None,None,?
Nivacle-119_rheaamericana-1,,Nivacle,119_rheaamericana,vônjôlhôj,vônjôlhôj,ʋ ɒ n x ɒ ɬ ɒ x,,seelwische1980,,,,,7824,None,None,?
Nivacle-227_rostrhamussociabilis-1,,Nivacle,227_rostrhamussociabilis,vach'vach,vach'vach,ʋ a tʃˀ ʋ a tʃ,,seelwische1980,,,,,4856,None,None,?
Nivacle-227_rostrhamussociabilis-2,,Nivacle,227_rostrhamussociabilis,toishivo,toishivo,t oi ʃ i ʋ o,,seelwische1980,,,,,6174,None,None,?
Nivacle-227_rostrhamussociabilis-3,,Nivacle,227_rostrhamussociabilis,a'clavo,a'clavo,a ʔ kʟ̥ a ʋ o,,seelwische1980,,,,,4280,None,None,?
Nivacle-48_schinopsisbalansae-1,,Nivacle,48_schinopsisbalansae,tisuuj,tisuuj,t i s uː x,,seelwische1980,,,,,5118,None,None,?
Nivacle-49_schinopsislorentzii-1,,Nivacle,49_schinopsislorentzii,tisuujtach,tisuuj+tach,t i s uː x + t a tʃ,,seelwische1980,,,,,7829 7830,None,None,S.balansae _:aug
Nivacle-193_serrasalmusmarginatus-1,,Nivacle,193_serrasalmusmarginatus,vônaj,vônaj,ʋ ɒ n a x,,seelwische1980,,,,,7831 2657,None,None,?
Nivacle-210_sicalisflaveola-1,,Nivacle,210_sicalisflaveola,yitjataj lha'vo',yitjataj lha'vo',j i t x a t a x + ɬ a + ʔ ʋ o ʔ,,seelwische1980,,,,,7832 4837 569,None,None,grass _:poss inhabitant
Nivacle-320_tamanduatetradactyla-1,,Nivacle,320_tamanduatetradactyla,s'uclataj,s'ucla+taj,s ʔ u kʟ̥ a + t a x,,seelwische1980,,,,,2521 4837,None,None,bear _:aug
Nivacle-247_tapirusterrestris-1,,Nivacle,247_tapirusterrestris,yi'yecle,yi'yecle,j i ˀj e kʟ̥ e,,seelwische1980,,,,,7835,None,None,?
Nivacle-317_tayassupecari-1,,Nivacle,317_tayassupecari,vojo,vojo,ʋ o x o,,seelwische1980,,,,,3073,None,None,?
Nivacle-312_turdusamaurochalinus-1,,Nivacle,312_turdusamaurochalinus,moc,moc,m o k,,seelwische1980,,,,,1668,None,None,?
Chorote-231_battarreastevenii-1,,Chorote,231_battarreastevenii,imósik jló’o mpé,imósik+jló’o+mpé,i m o s i k + ʰl o ʔ o + m p e,,drayson2009;scarpa2010,,,,,7869 7870 6081,None,None,demon penis similar
Chorote-216_bidenspilosa-1,,Chorote,216_bidenspilosa,wámjla’ tyas im’pe,wámjla’+tyas+im’pe,w a m ʰl a ʔ + t j a s + i + m ʔ p e,,drayson2009;scarpa2010,,,,,3421 4120 5043,None,None,ostrich eyelash _:poss similar
Chorote-218_boerhaviadiffusa-1,,Chorote,218_boerhaviadiffusa,883 884 885 0,najátiwa+kás+jimpé,n a x a t i w a + k a s + x i + m p e,,drayson2009;scarpa2010,,,,,4908 4042 8074 6081,None,None,rabbit food _:poss similar
Chorote-232_calycophyllummultiflorum-1,,Chorote,232_calycophyllummultiflorum,kyúk,kyúk,k j u k,,drayson2009;scarpa2010,,,,,5835,None,None,?
Chorote-172_castelacoccinea-1,,Chorote,172_castelacoccinea,métsíakak,métsíakak,m e ts j a k a k,,drayson2009;scarpa2010,,,,,7537,None,None,?
Chorote-172_castelacoccinea-2,,Chorote,172_castelacoccinea,nouk’iu jikás jimpé,nouk’iu+ji+kás+jimpé,n ou kˀ j u + x i + k a s + x i + ⁿp e,,drayson2009;scarpa2010,,,,,6393 8074 4042 8074 7883,None,None,chuña_bird _:poss food _:poss similar
Chorote-189_chenopodiumambrosioides-1,,Chorote,189_chenopodiumambrosioides,siájnana jikás jimpé',siájnana+ji+kás+ji+mpé',s j a ʰn a n a + x i + k a s + x i + m p e ʔ,,drayson2009;scarpa2010,,,,,6089 8074 4042 8074 1440,None,None,deer _:poss food _:poss similar
Chorote-316_citrulluslanatus-1,,Chorote,316_citrulluslanatus,sántiye‘,sántiye‘,s a n t i j e ʔ,,drayson2009;scarpa2010,,,,,7892,None,None,?
Chorote-223_crotalariaincana-1,,Chorote,223_crotalariaincana,kilésina jikyálisis jimpé',kilésina+ji+kyálisis+ji+mpé',k i l e s i n a + x i + k j a l i s i s + x i + m p e ʔ,,drayson2009;scarpa2010,,,,,7898 8074 7899 8074 1440,None,None,rattlesnake _:poss rattle _:poss similar
Chorote-175_crotonbonplandianus-1,,Chorote,175_crotonbonplandianus,póop jikás jimpé,póop+ji+kás+jimpé,p oː p + x i + k a s + x i + m p e,,drayson2009;scarpa2010,,,,,3821 8074 4042 8074 6081,None,None,dove _:poss food _:poss similar
Chorote-184_cucumismelo-1,,Chorote,184_cucumismelo,sántiyet’iój,sántiye+t’iój,s a n t i j e + tˀ j o x,,drayson2009;scarpa2010,,,,,6905 7920,None,None,watermelon false
Chorote-304_cynodondactylon-1,,Chorote,304_cynodondactylon,jóp isím ajnáte,jóp+isím+ajnát+e,x o p + i s i m + a ʰn a t + e,,drayson2009;scarpa2010,,,,,7911 7912 6809 7913,None,None,grass grab land _:apl
Chorote-315_echinopsisrhodotricha-1,,Chorote,315_echinopsisrhodotricha,sijniékkit’iój,sijniék+ki+t’iój,s i ʰn j e k + k i + tˀ j o x,,drayson2009;scarpa2010,,,,,4539 4801 7920,None,None,spoon ? false
Chorote-309_eichhorniaazurea-1,,Chorote,309_eichhorniaazurea,a’nát jlót,a’nát+jlót,a ʔ n a t + ʰl o t,,drayson2009;scarpa2010,,,,,7930 7931,None,None,water plant
Chorote-318_gossypiumhirsutum-1,,Chorote,318_gossypiumhirsutum,lóotakinye,lóotakinye,l oː t a k i n j e,,drayson2009;scarpa2010,,,,,4782,None,None,?
Chorote-233_heimiasalicifolia-1,,Chorote,233_heimiasalicifolia,t’aká ‘t’ou’n k’ijí’n,t’aká+‘t’ou’n+k’ijí’n,tˀ a k a + ʔ tˀ o u ʔ n + kˀ i x i ʔ n,,drayson2009;scarpa2010,,,,,7951 7453 7952,None,None,rope stiff ?
Chorote-310_hymenachneamplexicaulis-1,,Chorote,310_hymenachneamplexicaulis,jóp jitió’,jóp+ji+tió’,x o p + x i + t j o ʔ,,drayson2009;scarpa2010,,,,,6814 8074 7954,None,None,grass _:poss false
Chorote-310_hymenachneamplexicaulis-2,,Chorote,310_hymenachneamplexicaulis,jóp i'niát iwét,jóp+i'niát+i+wét,x o p + i ʔ n j a t + i + w e t,,drayson2009;scarpa2010,,,,,6814 857 2824 7955,None,None,grass water ? place
Chorote-310_hymenachneamplexicaulis-3,,Chorote,310_hymenachneamplexicaulis,jóp i'niát jléle,jóp+i'niát+jléle,x o p + i ʔ n j a t + ʰl e l e,,drayson2009;scarpa2010,,,,,6814 857 3913,None,None,grass water proper
Chorote-213_hyptislappacea-1,,Chorote,213_hyptislappacea,téwk iwét jléle,téwk+i+wét+jléle,t e w k + i + w e t + ʰl e l e,,drayson2009;scarpa2010,,,,,6411 1607 7955 3913,None,None,river _:poss place proper
Chorote-319_ipomoeacarnea-1,,Chorote,319_ipomoeacarnea,lóotakinie iniát iwét,lóotakinie+iniát+i+wét,l oː t a k i n j e + i n j a t + i + w e t,,drayson2009;scarpa2010,,,,,7960 7961 7962 7955,None,None,fabric water _:epent place
Chorote-202_passifloramisera-1,,Chorote,202_passifloramisera,aléena kíanisisjimpé jitió’,aléena+kíanisisjimpé+ji+tió’,a l eː n a + k j a n i s i s + x i + m p e + x i + t j o ʔ,,drayson2009;scarpa2010,,,,,7891 4648 6399 8074 6081 8074 6141,None,None,dog testicles _:poss similar _:poss false
Chorote-203_passifloramooreana-1,,Chorote,203_passifloramooreana,aléena kiánisis jimpé,aléena+kiánisis+jimpé,a l eː n a + k j a n i s i s + x i + m p e,,drayson2009;scarpa2010,,,,,7891 4648 6399 8074 6081,None,None,dog testicles _:poss similar
Chorote-204_passifloramorifolia-1,,Chorote,204_passifloramorifolia,aléena kíanisis jimpé jitió’,aléena+kíanisis+jimpé+ji+tió’,a l eː n a + k j a n i s i s + x i + m p e + x i + t j o ʔ,,drayson2009;scarpa2010,,,,,7891 4648 6399 8074 6081 8074 6141,None,None,dog testicles _:poss similar _:poss false
Chorote-54_pectisodorata-1,,Chorote,54_pectisodorata,máati línkitis,máati+línkitis,m aː t i + l i ŋ k i t i s,,drayson2009;scarpa2010,,,,,6935 7984,None,None,bee larvae
Chorote-54_pectisodorata-2,,Chorote,54_pectisodorata,kílj i jwáetise,kílj+i+jwáetise,k i l x + i + ʰw ai t i s e,,drayson2009;scarpa2010,,,,,6908 7985 7986,None,None,flu _:poss root
Chorote-226_phoradendronliga-1,,Chorote,226_phoradendronliga,jwéjwé jikás impé',jwéjwé+ji+kás+i+mpé',ʰw e ʰw e + x i + k a s + i + m p e ʔ,,drayson2009;scarpa2010,,,,,348 8074 4042 1616 1440,None,None,some_bird _:poss food _:poss similar
Chorote-303_pistiastratiotes-1,,Chorote,303_pistiastratiotes,i’niátjlót,i’niát+jlót,i ʔ n j a t + ʰl o t,,drayson2009;scarpa2010,,,,,7988 7989,None,None,water cover
Chorote-108_prosopisalba-1,,Chorote,108_prosopisalba,jwa’áyuk,jwa’áyuk,ʰw a ʔ a j + u k,,drayson2009;scarpa2010,,,,,7992,None,None,algarroba _:tree
Chorote-51_pycnoporussanguineus-1,,Chorote,51_pycnoporussanguineus,a’lá jik’ióte jimpé,a’lá+ji+k’ióte+jimpé,a ˀl a + x i + kˀ j o t e + x i + ⁿp e,,drayson2009;scarpa2010,,,,,4050 8074 3132 8074 7999,None,None,tree _:poss ear _:poss similar
Chorote-225_ricinuscommunis-1,,Chorote,225_ricinuscommunis,yámtik,yámtik,j a m t i k,,drayson2009;scarpa2010,,,,,7526,None,None,?
Chorote-49_schinopsislorentzii-1,,Chorote,49_schinopsislorentzii,kíjilayik,kíjilayik,k i ʱl a j i k,,drayson2009;scarpa2010,,,,,8004,None,None,?
Chorote-235_sennamorongii-1,,Chorote,235_sennamorongii,yós jikájwa’á mpé,yós+ji+ká+jwa’á+mpé,j o s + x i + k a + ʰw a ʔ a + m p e,,drayson2009;scarpa2010,,,,,8005 8074 8006 7350 6081,None,None,fox _:poss _:med algarroba similar
Chorote-236_sennaobtusifolia-1,,Chorote,236_sennaobtusifolia,yós jikájwa’á mpé,yós+ji+ká+jwa’á+mpé,j o s + x i + k a + ʰw a ʔ a + m p e,,drayson2009;scarpa2010,,,,,8005 8074 8006 7350 6081,None,None,fox _:poss _:med algarroba similar
Chorote-237_sennaoccidentalis-1,,Chorote,237_sennaoccidentalis,yós jikájwa’á mpé,yós+ji+ká+jwa’á+mpé,j o s + x i + k a + ʰw a ʔ a + m p e,,drayson2009;scarpa2010,,,,,8005 8074 8006 7350 6081,None,None,fox _:poss _:med algarroba similar
Chorote-238_sennapendula-1,,Chorote,238_sennapendula,yós jikájwa’á mpé,yós+ji+ká+jwa’á+mpé,j o s + x i + k a + ʰw a ʔ a + m p e,,drayson2009;scarpa2010,,,,,8005 8074 8006 7350 6081,None,None,fox _:poss _:med algarroba similar
Chorote-180_solanumargentinum-1,,Chorote,180_solanumargentinum,siyús ityetlé jléki wáyik,siyús+i+tyetlé+jléki+wáyik,s i j u s + i + t j e t l e + ʰl e k i + w a j i k,,drayson2009;scarpa2010,,,,,7927 6339 6522 8008 4266,None,None,fish _:poss eye pupil ?
Chorote-182_solanumhieronymi-1,,Chorote,182_solanumhieronymi,jwéelie,jwéelie,ʰw eː l j e,,drayson2009;scarpa2010,,,,,1769,None,None,?
Chorote-178_solanumpalinacanthum-1,,Chorote,178_solanumpalinacanthum,jwéelie wúj,jwéelie wúj,ʰw eː l j e + w u x,,drayson2009;scarpa2010,,,,,8009 8010,None,None,jweelie _:aug
Chorote-183_solanumsisymbriifolium-1,,Chorote,183_solanumsisymbriifolium,jwéelie,jwéelie,ʰw eː l j e,,drayson2009;scarpa2010,,,,,8011,None,None,?
Chorote-229_thaliageniculata-1,,Chorote,229_thaliageniculata,a’léena jikyóte wampé,a’léena+ji+kyóte+wampé,a ʔ l eː n a + x i + k j o t e + w a m p e,,drayson2009;scarpa2010,,,,,3499 8074 3500,None,None,tapir _:poss ear ? similar
Chorote-228_vallesiaglabra-1,,Chorote,228_vallesiaglabra,istiatín ki wáyik,istiatín+ki+wáyik,i s t j a t i n + k i + w a j i k,,drayson2009;scarpa2010,,,,,8018 8019 8020,None,None,? ? ?
Chorote-313_zeamays-1,,Chorote,313_zeamays,ipiáata,ipiáata,i p j aː t a,,drayson2009;scarpa2010,,,,,7345,None,None,?
Chorote-193_serrasalmusmarginatus-1,,Chorote,193_serrasalmusmarginatus,akiusie,akiusie,a k j u s j e,,drayson2009;scarpa2010,,,,,8029,None,None,?
Chorote-197_pseudoplatystomacorruscans-1,,Chorote,197_pseudoplatystomacorruscans,askiunie',askiunie',a s k j u n j e ʔ,,drayson2009;scarpa2010,,,,,8030,None,None,?
Chorote-321_crotophagaani-1,,Chorote,321_crotophagaani,a',a',a ʔ,,drayson2009;scarpa2010,,,,,8032,None,None,?
Chorote-247_tapirusterrestris-1,,Chorote,247_tapirusterrestris,aléena,aléena,a l eː n a,,drayson2009;scarpa2010,,,,,7891 4648,None,None,?
Chorote-190_machetornisrixosa-1,,Chorote,190_machetornisrixosa,aléenata wo,aléena+ta+wo,a l eː n a t a + w o,,drayson2009;scarpa2010,,,,,7891 4648 776 8033,None,None,horse _:inhabitant
Chorote-324_ortaliscanicollis-1,,Chorote,324_ortaliscanicollis,istiajwe,istiajwe,i s t j a ʰw e,,drayson2009;scarpa2010,,,,,3380,None,None,?
Chorote-224_molothrusbonariensis-1,,Chorote,224_molothrusbonariensis,kasotiojwa,kasotiojwa,k a s o t j o ʰw a,,drayson2009;scarpa2010,,,,,8053,None,None,?
Chorote-45_pyrocephalusrubinus-1,,Chorote,45_pyrocephalusrubinus,kilie jiliajwa mpe,kilie jiliajwa+mpe,k i l j e + x i + l j a ʰw a + m p e,,drayson2009;scarpa2010,,,,,8057 8074 2409 6081,None,None,sun _:poss animal similar
Chorote-312_turdusamaurochalinus-1,,Chorote,312_turdusamaurochalinus,pakjit'iok,pakji+t'iok,p a k x i + tˀ j o k,,drayson2009;scarpa2010,,,,,4743 5477,None,None,? _:aug
Chorote-250_chaunatorquata-1,,Chorote,250_chaunatorquata,sajak,sajak,s a x a k,,drayson2009;scarpa2010,,,,,7188,None,None,?
Chorote-320_tamanduatetradactyla-1,,Chorote,320_tamanduatetradactyla,so'oliet'io,so'olie+t'io,s o ʔ o l j e + tˀ j o,,drayson2009;scarpa2010,,,,,2521 3191,None,None,bear _:false
Chorote-211_himantopusmelanurus-1,,Chorote,211_himantopusmelanurus,te'te' jit'io,te'te' ji+t'io,t e ʔ t e ʔ + x i + tˀ j o,,drayson2009;scarpa2010,,,,,8073 8074 8075,None,None,tero _:poss false
Chorote-311_aramidesypecaha-1,,Chorote,311_aramidesypecaha,yojkilie,yoj+kilie,j o x + k i l j e,,drayson2009;scarpa2010,,,,,8080 8057,None,None,clean sun
Chorote-119_rheaamericana-1,,Chorote,119_rheaamericana,'wanjla,'wanjla,ˀw a n ʰl a,,drayson2009;scarpa2010,,,,,8082,None,None,?
Iyowujwa-108_prosopisalba-1,,Iyowujwa,108_prosopisalba,jwa’áyuk,jwa’áyuk,ʰw a ʔ a j + u k,,scarpa2010,,,,,7992,None,None,algarroba _:tree
Iyowujwa-49_schinopsislorentzii-1,,Iyowujwa,49_schinopsislorentzii,kíjilayik,kíjilayik,k i ʱl a j i k,,scarpa2010,,,,,8004,None,None,?
Iyowujwa-232_calycophyllummultiflorum-1,,Iyowujwa,232_calycophyllummultiflorum,kyujúk,kyujúk,k j u x u k,,scarpa2010,,,,,5835,None,None,?
Iyowujwa-172_castelacoccinea-1,,Iyowujwa,172_castelacoccinea,jwéts’ekak,jwéts’ekak,ʰw e tsˀ e k a k,,scarpa2010,,,,,7537,None,None,?
Iyowujwa-225_ricinuscommunis-1,,Iyowujwa,225_ricinuscommunis,yémtak,yémtak,j e m t a k,,scarpa2010,,,,,7526,None,None,?
Iyowujwa-182_solanumhieronymi-1,,Iyowujwa,182_solanumhieronymi,jwéelie,jwéelie,ʰw eː l j e,,scarpa2010,,,,,1769,None,None,?
Iyowujwa-183_solanumsisymbriifolium-1,,Iyowujwa,183_solanumsisymbriifolium,jwéelie,jwéelie,ʰw eː l j e,,scarpa2010,,,,,8011,None,None,?
Iyowujwa-315_echinopsisrhodotricha-1,,Iyowujwa,315_echinopsisrhodotricha,náawa,náawa,n aː w a,,scarpa2010,,,,,6102,None,None,?
Iyowujwa-313_zeamays-1,,Iyowujwa,313_zeamays,jóp,jóp,x o p,,scarpa2010,,,,,8087,None,None,?
Iyowujwa-318_gossypiumhirsutum-1,,Iyowujwa,318_gossypiumhirsutum,wájalek,wájalek,w a x a l e k,,scarpa2010,,,,,5135,None,None,?
Iyowujwa-316_citrulluslanatus-1,,Iyowujwa,316_citrulluslanatus,ilóota’,ilóota’,i l oː t a ʔ,,scarpa2010,,,,,7275,None,None,?
Iyowujwa-319_ipomoeacarnea-1,,Iyowujwa,319_ipomoeacarnea,jóoluk ki tók,jóoluk+ki+tók,x oː l u k + k i + t o k,,scarpa2010,,,,,8100 8101 8102,None,None,? ? _:aug
Iyowujwa-183_solanumsisymbriifolium-2,,Iyowujwa,183_solanumsisymbriifolium,jwéelie jitóy,jwéelie+ji+tóy,ʰw eː l j e + x i + t oi,,scarpa2010,,,,,8011 8108 8109,None,None,jweelie _:poss false
Iyowujwa-184_cucumismelo-1,,Iyowujwa,184_cucumismelo,ilóota’tók,ilóota’+tók,i l oː t a ʔ + t o k,,scarpa2010,,,,,8110 7901,None,None,watermelon _:aum
Iyowujwa-202_passifloramisera-1,,Iyowujwa,202_passifloramisera,nó’o jikiénsisjimpé jitóy,nó’o+ji+kiénsisjimpé+ji+tóy,n o ʔ o + x i + k j e n s i s + x i + m p e + x i + t oi,,scarpa2010,,,,,8111 2409 6399 2409 6081 2409 6141,None,None,dog _:poss testicles _:poss similar _:poss false
Iyowujwa-204_passifloramorifolia-1,,Iyowujwa,204_passifloramorifolia,nó’o jikiénsisjimpe jitóy,nó’o+ji+kiénsisjimpé+ji+tóy,n o ʔ o + x i + k j e n s i s + x i + m p e + x i + t oi,,scarpa2010,,,,,8111 2409 6399 2409 6081 2409 6141,None,None,dog _:poss testicles _:poss similar _:poss false
Iyowujwa-310_hymenachneamplexicaulis-1,,Iyowujwa,310_hymenachneamplexicaulis,jupái jitóy,jupái+ji+tóy,x u p ai + x i + t oi,,scarpa2010,,,,,6814 7953 8116,None,None,grass _:pos/xi false
Iyowujwa-229_thaliageniculata-1,,Iyowujwa,229_thaliageniculata,jupái jitóy,jupái+ji+tóy,x u p ai + x i + t oi,,scarpa2010,,,,,8117 8118 8119,None,None,grass _:poss false
Iyowujwa-218_boerhaviadiffusa-1,,Iyowujwa,218_boerhaviadiffusa,sáp’itiétáj,sáp’itié+táj,s a pˀ i t j e + t a x,,scarpa2010,,,,,2469 6394,None,None,? _:aum
Iyowujwa-313_zeamays-2,,Iyowujwa,313_zeamays,ipiáatalís,ipiáata+lís,i p j aː t a + l i s,,scarpa2010,,,,,7345 8133,None,None,maize _:dim
Iyowujwa-228_vallesiaglabra-1,,Iyowujwa,228_vallesiaglabra,istájwe ká wayik,istájwe+ká+wayik,i s t a ʰw e + k a + w a j i k,,scarpa2010,,,,,8018 8019 8020,None,None,charata ? ?
Iyowujwa-172_castelacoccinea-2,,Iyowujwa,172_castelacoccinea,ojónik’iu jikás jimpé,ojónik’iu+ji+kás+jimpé,o x o n i kˀ j u + x i + k a s + x i + ⁿp e,,scarpa2010,,,,,8137 6393 7881 7882 7881 7883,None,None,chuña_bird _:pos/xi food _:pos/xi similar
Iyowujwa-180_solanumargentinum-1,,Iyowujwa,180_solanumargentinum,si’yús taté jléki wáyik,si’yús+taté+jléki+wáyik,s i ˀj u s + t a t e + ʰl e k i + w a j i k,,scarpa2010,,,,,7927 6522 8008 4266,None,None,fish eye pupil ?
Iyowujwa-180_solanumargentinum-2,,Iyowujwa,180_solanumargentinum,siyús taté jléki jimpé,siyús+taté+jléki+jimpé,s i j u s + t a t e + ʰl e k i + x i m p e,,scarpa2010,,,,,3503 3310 3500 3311 3314 3503 3310 3500 3502 3314 3503 3310 3500 3499 3314 3503 3502 3503 3312 3314 6948,None,None,fish eye pupil _:poss similar
Iyowujwa-233_heimiasalicifolia-1,,Iyowujwa,233_heimiasalicifolia,t’aká t’ou’n sesin,t’aká+t’ou’n+sesin,tˀ a k a + tˀ o u ʔ n + s e s i n,,scarpa2010,,,,,7951 7453 8138,None,None,rope stiff ?
Iyowujwa-233_heimiasalicifolia-2,,Iyowujwa,233_heimiasalicifolia,kalái t’óu’nse’in,kalái+t’óu’nse’in,k a l ai + tˀ o u ʔ n + s e ʔ i n,,scarpa2010,,,,,6884 7453,None,None,? stiff ?
Iyowujwa-235_sennamorongii-1,,Iyowujwa,235_sennamorongii,wóyki jikájwa’áy jimpé,wóyki+ji+ká+jwa’áy+jimpé,w oi k i + x i + k a + ʰw ai + x i + m p e,,scarpa2010,,,,,8140 7868 8006 7358 7868 2409,None,None,fox _:poss _:med algarroba _:poss similar
Iyowujwa-236_sennaobtusifolia-1,,Iyowujwa,236_sennaobtusifolia,wóyki jikájwa’áy jimpé,wóyki+ji+ká+jwa’áy+jimpé,w oi k i + x i + k a + x w ai + x i + m p e,,scarpa2010,,,,,8140 7868 8006 8141 7868 2409,None,None,fox _:poss _:med algarroba _:poss similar
Iyowujwa-238_sennapendula-1,,Iyowujwa,238_sennapendula,wóyki jikájwa’áy jimpé,wóyki+ji+ká+jwa’áy+jimpé,w oi k i + x i + k a + ʰw a ʔ ai + x i + m p e,,scarpa2010,,,,,8140 7868 8006 7350 7868 2409,None,None,fox _:poss _:med algarroba _:poss similar
Iyowujwa-237_sennaoccidentalis-1,,Iyowujwa,237_sennaoccidentalis,wóyki jikájwa’áy jimpé,wóyki+ji+ká+jwa’áy+jimpé,w oi k i + x i + k a + x w ai + x i + m p e,,scarpa2010,,,,,8140 7868 8006 8141 7868 2409,None,None,fox _:poss _:med algarroba _:poss similar
Iyowujwa-216_bidenspilosa-1,,Iyowujwa,216_bidenspilosa,ámjla’ tás jimpé,ámjla’+tás+jimpé,a m ʰl a ʔ + t a s + x i + m p e,,scarpa2010,,,,,3421 4120 7868 2409,None,None,ostrich eyelash _:poss similar
Iyowujwa-54_pectisodorata-1,,Iyowujwa,54_pectisodorata,ijmálsa ijwétisiu mpé,ijmálsa+i+jwétisiu+mpé,i x m a l s a + i + ʰw e t i s j u + m p e,,scarpa2010,,,,,8145 7985 7986 2409,None,None,wasp _:poss root similar
Iyowujwa-54_pectisodorata-2,,Iyowujwa,54_pectisodorata,kijwáts’i jikás jimpé,kijwáts’i+ji+kás+jimpé,k i ʰw a tsˀ i + x i + k a s + x i + m p e,,scarpa2010,,,,,8146 7986 7868 6908 7868 2409,None,None,? _:poss food _:poss similar
Iyowujwa-218_boerhaviadiffusa-2,,Iyowujwa,218_boerhaviadiffusa,undefined,ójwata+kás+jimpé,o ʰw a t a + k a s + x i + m p e,,scarpa2010,,,,,8147 5760 7868 2409,None,None,dove food _:poss similar
Iyowujwa-175_crotonbonplandianus-1,,Iyowujwa,175_crotonbonplandianus,óla’a kás jimpé,óla’a+kás+jimpé,o l a ʔ a + k a s + x i + m p e,,scarpa2010,,,,,5243 4042 7868 2409,None,None,dove food _:poss similar
Iyowujwa-175_crotonbonplandianus-2,,Iyowujwa,175_crotonbonplandianus,ójwota’a kás jimpé,ójwota’a+kás+jimpé,o ʰw o t a ʔ a + k a s + x i + m p e,,scarpa2010,,,,,5243 4042 7868 2409,None,None,dove food _:poss similar
Iyowujwa-203_passifloramooreana-1,,Iyowujwa,203_passifloramooreana,nó’o jikiénisis jimpé,n o ʔ o + x i + k i e n i s i s + x i + m p e,n o ʔ o + x i + k j e n i s i s + x i + m p e,,scarpa2010,,,,,8111 2409 6399 2409 6081,None,None,dog _:poss testicles _:poss similar
Iyowujwa-303_pistiastratiotes-1,,Iyowujwa,303_pistiastratiotes,a’nát jlót,a’nát+jlót,a ʔ n a t + ʰl o t,,scarpa2010,,,,,7988 7989,None,None,water cover
Iyowujwa-51_pycnoporussanguineus-1,,Iyowujwa,51_pycnoporussanguineus,a’lá jik’ióte mpé,a’lá+ji+k’ióte+mpé,a ˀl a + x i + kˀ j o t e + ⁿp e,,scarpa2010,,,,,4050 7999 3132 7999,None,None,tree _:poss ear similar
Iyowujwa-309_eichhorniaazurea-1,,Iyowujwa,309_eichhorniaazurea,a’leená jik’ióte wai jimpé,a’leená+ji+k’ióte+wai+jimpé,a ʔ l eː n a + x i + kˀ j o t e + w ai + x i + m p e,,scarpa2010,,,,,7930 7576 7494 8158 7868 2409,None,None,tapir _:poss ear ? _:poss similar
Iyowujwa-231_battarreastevenii-1,,Iyowujwa,231_battarreastevenii,jlamó jló’o mpé,jlamó+jló’o+mpé,ʰl a m o + ʰl o ʔ o + m p e,,scarpa2010,,,,,7253 7870 2409,None,None,demon penis similar
Iyowujwa-189_chenopodiumambrosioides-1,,Iyowujwa,189_chenopodiumambrosioides,siéjnana kás impé',siéjnana+kás+i+mpé',s j e ʰn a n a + k a s + i + m p e ʔ,,scarpa2010,,,,,6089 3698 5558 3699,None,None,deer food _:poss similar
Iyowujwa-226_phoradendronliga-1,,Iyowujwa,226_phoradendronliga,jwéjwé jikás impé',jwéjwé+ji+kás+i+mpé',ʰw e ʰw e + x i + k a s + i + m p e ʔ,,scarpa2010,,,,,348 7868 860 1616 3699,None,None,some_bird _:poss food _:poss similar
Manjui-119_rheaamericana-1,,Manjui,119_rheaamericana,amjla,amjla,a m ʰl a,,carol2018,,,,,8160,None,None,?
Manjui-224_molothrusbonariensis-1,,Manjui,224_molothrusbonariensis,ajwéjneki' itula,ajwéjneki' itula,a ʰw e ʰn e + k i ʔ + i t u l a,,carol2018,,,,,8163 8164,None,None,bird _:? black
Manjui-317_tayassupecari-1,,Manjui,317_tayassupecari,ijnílsa,ijnílsa,i ʰn i l s a,,carol2018,,,,,2391,None,None,?
Manjui-324_ortaliscanicollis-1,,Manjui,324_ortaliscanicollis,istájwe',istájwe',i s t a ʰw e ʔ,,carol2018,,,,,3380,None,None,?
Manjui-210_sicalisflaveola-1,,Manjui,210_sicalisflaveola,jupáij jlawonaa,jupáij jlawonaa,h u p ai h + ʰl a + w o n aː,,carol2018,,,,,674 8169,None,None,grass _:poss inhabitant
Manjui-247_tapirusterrestris-1,,Manjui,247_tapirusterrestris,'lináj,'lináj,ʔ l i n a h,,carol2018,,,,,8173,None,None,?
Manjui-250_chaunatorquata-1,,Manjui,250_chaunatorquata,saják,saják,s a h a q,,carol2018,,,,,7188,None,None,?
Manjui-227_rostrhamussociabilis-1,,Manjui,227_rostrhamussociabilis,wa'luwoo,wa'luwoo,w a ʔ l u w oː,,carol2018,,,,,4280,None,None,?
Manjui-320_tamanduatetradactyla-1,,Manjui,320_tamanduatetradactyla,'wajéij jiwoki','wajéij jiwoki',ˀw a h ei h + h i + w o + k i ʔ,,carol2018,,,,,5650 6520,None,None,? _:poss inhabitant _:fem
Manjui-185_procyoncancrivorus-1,,Manjui,185_procyoncancrivorus,jwikína wo',jwikína wo',ʰw i q i n a + w o ʔ,,carol2018,,,,,7664 8181,None,None,north inhabitant
Manjui-308_dendrocygnabicolor-1,,Manjui,308_dendrocygnabicolor,jwi'ni'ne,jwi'ni'ne,ʰw i ʔ n i ʔ n e,,carol2018,,,,,8182,None,None,?
Wichi-49_schinopsislorentzii-1,,Wichi,49_schinopsislorentzii,Chelhyekw,Chelhyekw,tʃ e ɬ j e kʷ,,braunstein2015;suarez2010,,,,,8186 8187,None,None,?
Wichi-228_vallesiaglabra-1,,Wichi,228_vallesiaglabra,Tsamanekw,Tsamanekw,ts a m a n e kʷ,,braunstein2015;suarez2010,,,,,6950 8187,None,None,_:tree
Wichi-225_ricinuscommunis-1,,Wichi,225_ricinuscommunis,eteq oyta hitas,Eteq+oyta+hi+tas,e t e q + oi t a + h i + t a s,,braunstein2015;suarez2010,,,,,1701 8201 2283 7312,None,None,head ache _:loc _:anomalous
Wichi-225_ricinuscommunis-2,,Wichi,225_ricinuscommunis,pelhay lhichyey,pelhay+lhichyey,p e ɬ ai + ɬ i tʃ j ei,,braunstein2015;suarez2010,,,,,8202 8203,None,None,storm plant
Wichi-241_bauhiniaargentinensis-1,,Wichi,241_bauhiniaargentinensis,Sip’iltas,Sip’il+tas,s i pˀ i l + t a s,,braunstein2015;suarez2010,,,,,8212 7312,None,None,Sip'il _:false
Wichi-241_bauhiniaargentinensis-2,,Wichi,241_bauhiniaargentinensis,mawu ka jwa'ay,mawu+ka+jwa'ay,m a w u + q a + fʷ a ʔ ai,,braunstein2015;suarez2010,,,,,4573 8213 8214,None,None,fox _:classif algarroba
Wichi-241_bauhiniaargentinensis-3,,Wichi,241_bauhiniaargentinensis,Tulu payu,Tulu+payu,t u l u + p a j u,,braunstein2015;suarez2010,,,,,8215 8216,None,None,bull foot
Wichi-241_bauhiniaargentinensis-4,,Wichi,241_bauhiniaargentinensis,Weyis payul,Weyis+payu+l,w e j i s + p a j u + l,,braunstein2015;suarez2010,,,,,8217 8216 8218,None,None,ox foot _:pl
Wichi-108_prosopisalba-1,,Wichi,108_prosopisalba,ho’o lhoq,Ho’o+lh+oq,h o ʔ o + ɬ + o q,,braunstein2015;suarez2010,,,,,8223 796 6081,None,None,chicken _:poss food
Wichi-108_prosopisalba-2,,Wichi,108_prosopisalba,jwa’ajyekw,Jwa’a+yekw,fʷ a ʔ a + j e kʷ,,braunstein2015;suarez2010,,,,,7992 8224,None,None,algarroba _:tree
Wichi-108_prosopisalba-3,,Wichi,108_prosopisalba,jwa’aytas,Jwa’ay+tas,fʷ a ʔ ai + t a s,,braunstein2015;suarez2010,,,,,7992 7312,None,None,algarroba _:anomalous
Wichi-108_prosopisalba-4,,Wichi,108_prosopisalba,Wojno’,Wojno’,w o n̥ o ʔ,,braunstein2015;suarez2010,,,,,7992,None,None,?
Wichi-234_sennachloroclada-1,,Wichi,234_sennachloroclada,amlhoj lhawayuq,Amlhoj+lhawayuq,a m ɬ o χ + ɬ a w a j u q,,braunstein2015;suarez2010,,,,,8232 8233,None,None,snake hammock
Wichi-234_sennachloroclada-2,,Wichi,234_sennachloroclada,qayla posey,Qayla+posey,q ai l a + p o s ei,,braunstein2015;suarez2010,,,,,413 414,None,None,goat beard
Wichi-234_sennachloroclada-3,,Wichi,234_sennachloroclada,yelata lhamtes,Yelata+lhamtes,j e l a t a + ɬ a m t e s,,braunstein2015;suarez2010,,,,,8234 8235,None,None,horse words
Wichi-239_sennapendulavareriocarpa-1,,Wichi,239_sennapendulavareriocarpa,mawu lhoq,Mawu+lh+oq,m a w u + ɬ + o q,,braunstein2015;suarez2010,,,,,4573 796 6081,None,None,fox _:poss food
Wichi-232_calycophyllummultiflorum-1,,Wichi,232_calycophyllummultiflorum,Halo ipelaj,Halo+i+pelaj,h a l o + i + p e l a χ,,braunstein2015;suarez2010,,,,,8242 8249 6065,None,None,tree _:3sg white
Wichi-232_calycophyllummultiflorum-2,,Wichi,232_calycophyllummultiflorum,halo lhokwe,halo+lhokwe,h a l o + ɬ o kʷ e,,braunstein2015;suarez2010,,,,,8242 8243,None,None,tree big
Wichi-232_calycophyllummultiflorum-3,,Wichi,232_calycophyllummultiflorum,Hasaq,Has+aq,h a s a q,,braunstein2015;suarez2010,,,,,8250 5835,None,None,?
Wichi-172_castelacoccinea-1,,Wichi,172_castelacoccinea,Jwisq’okw,Jwisq’+okw,hʷ i s qˀ o kʷ,,braunstein2015;suarez2010,,,,,8253 8254,None,None,?
Wichi-179_solanumamygdalifolium-1,,Wichi,179_solanumamygdalifolium,Olajtaq,olajtaq,o l a χ t a q,,braunstein2015;suarez2010,,,,,1197 7312,None,None,?
Wichi-180_solanumargentinum-1,,Wichi,180_solanumargentinum,nichajq’os,Nichaj+q’os,n i tʃ a χ + qˀ o s,,braunstein2015;suarez2010,,,,,8257 8258,None,None,boar crop
Wichi-180_solanumargentinum-2,,Wichi,180_solanumargentinum,sipep lhoq,Sipep+lh+oq,s i p e p + ɬ + o q,,braunstein2015;suarez2010,,,,,4947 796 6081,None,None,dove _:poss food
Wichi-180_solanumargentinum-3,,Wichi,180_solanumargentinum,sitojwe lhoq,Sitojwe+lh+oq,s i t o fʷ e + ɬ + o q,,braunstein2015;suarez2010,,,,,8257 796 6081,None,None,charata _:poss food
Wichi-180_solanumargentinum-4,,Wichi,180_solanumargentinum,sitojweta lhoq,Sitojwe+ta+lh+oq,s i t o fʷ e + t a + ɬ + o q,,braunstein2015;suarez2010,,,,,8257 6522 796 6081,None,None,charata _:aum _:poss food
Wichi-181_solanumglaucophyllum-1,,Wichi,181_solanumglaucophyllum,Ch’atukw,Ch’atukw,tʃˀ a t u kʷ,,braunstein2015;suarez2010,,,,,3616 4494,None,None,?
Wichi-230_phyllostylonrhamnoides-1,,Wichi,230_phyllostylonrhamnoides,halo lhukwe,Halo+lhukwe,h a l o + ɬ u kʷ e,,braunstein2015;suarez2010,,,,,8242 8259,None,None,tree big
Wichi-230_phyllostylonrhamnoides-2,,Wichi,230_phyllostylonrhamnoides,halo qatuhi,Halo+qatu+hi,h a l o + q a t u + h i,,braunstein2015;suarez2010,,,,,8242 2282 2283,None,None,tree yellow _:loc
Wichi-226_phoradendronliga-1,,Wichi,226_phoradendronliga,Nachiyekw,Nachiyekw,n a tʃ i j e kʷ,,braunstein2015;suarez2010,,,,,4454,None,None,?
Wichi-226_phoradendronliga-2,,Wichi,226_phoradendronliga,Naqlhey,Naqlhey,n a q ɬ ei,,braunstein2015;suarez2010,,,,,6251,None,None,?
Wichi-51_pycnoporussanguineus-1,,Wichi,51_pycnoporussanguineus,halo-yotey,halo-yotey,h a l o + j o t ei,,braunstein2015;suarez2010,,,,,8242 8266,None,None,tree ears
Wichi-54_pectisodorata-1,,Wichi,54_pectisodorata,tuyu-ka-haloy,tuyu-ka-haloy,t u j u + q a + h a l oi,,braunstein2015;suarez2010,,,,,8275 6908 8276,None,None,skunk _:med tree
Wichi-54_pectisodorata-2,,Wichi,54_pectisodorata,iwos-chya,iwos-chya,i w o s + tʃ j a,,braunstein2015;suarez2010,,,,,8277 8275,None,None,worm medicine
Wichi-54_pectisodorata-3,,Wichi,54_pectisodorata,pëntsaj-ka-haloy,pëntsaj-ka-haloy,p e n ts a χ + q a + h a l oi,,braunstein2015;suarez2010,,,,,7319 6908 8276,None,None,some_bee _:med tree
Wichi-315_echinopsisrhodotricha-1,,Wichi,315_echinopsisrhodotricha,nawaj,nawaj,n a w a χ,,braunstein2015;suarez2010,,,,,6102,None,None,?
Wichi-205_commelinaerecta-1,,Wichi,205_commelinaerecta,inote-lhoq,inote-lhoq,i n o t e + ɬ + o q,,braunstein2015;suarez2010,,,,,6 8 2 6   7 9 6   ?,None,None,rabbit _:poss food
Wichi-235_sennamorongii-1,,Wichi,235_sennamorongii,mawu kajwa'ay,mawu+ka+jwa'ay,m a w u + q a + fʷ a ʔ ai,,braunstein2015;suarez2010,,,,,4573 8006 8214,None,None,fox _:pref algarroba
Wichi-236_sennaobtusifolia-1,,Wichi,236_sennaobtusifolia,kajwe lhiley,kajwe+lhiley,q a w̥ e + ɬ i l ei,,braunstein2015;suarez2010,,,,,137 652,None,None,coffee plant_bone
Wichi-237_sennaoccidentalis-1,,Wichi,237_sennaoccidentalis,kajwe lhiley,kajwe+lhiley,q a w̥ e + ɬ i l ei,,braunstein2015;suarez2010,,,,,137 652,None,None,coffee plant_bone
Wichi-237_sennaoccidentalis-2,,Wichi,237_sennaoccidentalis,halo watsan,halo+watsan,h a l o + w a ts a n,,braunstein2015;suarez2010,,,,,8242 7351,None,None,tree green
Wichi-233_heimiasalicifolia-1,,Wichi,233_heimiasalicifolia,wajsati,wajsati,w a χ s a t i,,braunstein2015;suarez2010,,,,,7348,None,None,?
Wichi-218_boerhaviadiffusa-1,,Wichi,218_boerhaviadiffusa,chyulai lhoq,chyulai+lhoq,tʃ j u l ai + ɬ + o q,,braunstein2015;suarez2010,,,,,8 2 9 3   7 9 6   ?,None,None,dove _:poss food
Wichi-203_passifloramooreana-1,,Wichi,203_passifloramooreana,wanlhoj tihmay,wanlhoj+tihmay,w a n ɬ o χ + t i m̥ ai,,braunstein2015;suarez2010,,,,,8294 8295,None,None,ostrich food
Wichi-222_clematismontevidensis-1,,Wichi,222_clematismontevidensis,chitawo posey,chitawo+posey,tʃ i t a w o + p o s ei,,braunstein2015;suarez2010,,,,,8297 414,None,None,goat beard
Wichi-222_clematismontevidensis-2,,Wichi,222_clematismontevidensis,qayla posey,qayla+posey,q ai l a + p o s ei,,braunstein2015;suarez2010,,,,,413 414,None,None,goat beard
Wichi-222_clematismontevidensis-3,,Wichi,222_clematismontevidensis,Malulo posey,Malulo+posey,m a l u l o + p o s ei,,braunstein2015;suarez2010,,,,,413 414,None,None,Malulo beard
Wichi-222_clematismontevidensis-4,,Wichi,222_clematismontevidensis,tusk'al,tusk'al,t u s qˀ a l,,braunstein2015;suarez2010,,,,,415,None,None,?
Wichi-177_solanumeleagnifolium-1,,Wichi,177_solanumeleagnifolium,jwilojtaj,jwilojtaj,hʷ i l o χ + t a χ,,braunstein2015;suarez2010,,,,,1767 7366,None,None,? _:aug
Wichi-182_solanumhieronymi-1,,Wichi,182_solanumhieronymi,jwilojtaj,jwilojtaj,hʷ i l o χ t a χ,,braunstein2015;suarez2010,,,,,8301 7366,None,None,?
Wichi-183_solanumsisymbriifolium-1,,Wichi,183_solanumsisymbriifolium,jwilojtaj,jwilojtaj,hʷ i l o χ t a χ,,braunstein2015;suarez2010,,,,,8302 7366,None,None,?
Wichi-214_aloysiapolystachya-1,,Wichi,214_aloysiapolystachya,asnu,asnu,a s n u,,braunstein2015;suarez2010,,,,,7236,None,None,donkey
Guarani-311_aramidesypecaha-1,,Guarani,311_aramidesypecaha,ypeka'a,ype+ka'a,ɨ p e + k a ʔ a,,guasch1995;seelwische1980;carol2018,,,,,2931 7088,None,None,duck grass
Guarani-215_atelocynusmicrotis-1,,Guarani,215_atelocynusmicrotis,aguara hũ,aguara hũ,a ɣʷ a r a + h ũ,,guasch1995;seelwische1980;carol2018,,,,,8321 230,None,None,fox black
Guarani-221_busarellusnigricollisleucocephalus-1,,Guarani,221_busarellusnigricollisleucocephalus,taguato pytã,taguato pytã,t a ɣʷ a t o + p ɨ t ã,,guasch1995;seelwische1980;carol2018,,,,,8328 8317,None,None,hawk red
Guarani-221_busarellusnigricollisleucocephalus-2,,Guarani,221_busarellusnigricollisleucocephalus,taguato yu,taguato yu,t a ɣʷ a t o + h u,,guasch1995;seelwische1980;carol2018,,,,,8328 8329,None,None,hawk black
Guarani-250_chaunatorquata-1,,Guarani,250_chaunatorquata,chaha,chaha,ʃ a h a,,guasch1995;seelwische1980;carol2018,,,,,7188,None,None,?
Guarani-321_crotophagaani-1,,Guarani,321_crotophagaani,ano,ano,a n o,,guasch1995;seelwische1980;carol2018,,,,,8349,None,None,?
Guarani-322_crotophagamajor-1,,Guarani,322_crotophagamajor,ano guasu,ano guasu,a n o + ɣʷ a s u,,guasch1995;seelwische1980;carol2018,,,,,1819 5655,None,None,'ano' big
Guarani-308_dendrocygnabicolor-1,,Guarani,308_dendrocygnabicolor,ype suiriri pytã,ype suiriri pytã,ɨ p e + s ui r i r i + p ɨ t ã,,guasch1995;seelwische1980;carol2018,,,,,2931 8355 8317,None,None,duck ? red
Guarani-190_machetornisrixosa-1,,Guarani,190_machetornisrixosa,guyra kavaju,guyra kavaju,ɣʷ ɨ r a + k a ʋ a dʒ u,,guasch1995;seelwische1980;carol2018,,,,,5820 7778,None,None,bird horse
Guarani-224_molothrusbonariensis-1,,Guarani,224_molothrusbonariensis,guyraũ,guyraũ,ɣʷ ɨ r a + h ũ,,guasch1995;seelwische1980;carol2018,,,,,8382,None,None,bird black
Guarani-212_peltophorumdubium-1,,Guarani,212_peltophorumdubium,yvyrã pytã,yvyrã+pytã,ɨ ʋ ɨ r ã + p ɨ t ã,,guasch1995;seelwische1980;carol2018,,,,,8390 8317,None,None,tree red
Guarani-185_procyoncancrivorus-1,,Guarani,185_procyoncancrivorus,aguara pope,aguara pope,a ɣʷ a r a + p o p e,,guasch1995;seelwische1980;carol2018,,,,,8321 8399,None,None,fox ?
Guarani-196_pseudoplatystoma-1,,Guarani,196_pseudoplatystoma,suruvi,suruvi,s u r u ʋ i,,guasch1995;seelwische1980;carol2018,,,,,8401,None,None,?
Guarani-197_pseudoplatystomacorruscans-1,,Guarani,197_pseudoplatystomacorruscans,pira para surubi,pira para surubi,p i r a + p a r a + s u r u ʋ i,,guasch1995;seelwische1980;carol2018,,,,,8374 8353 8402,None,None,fish multicoloured surubi
Guarani-119_rheaamericana-1,,Guarani,119_rheaamericana,ñandu,ñandu,ɲ a ⁿd u,,guasch1995;seelwische1980;carol2018,,,,,8406,None,None,?
Guarani-227_rostrhamussociabilis-1,,Guarani,227_rostrhamussociabilis,taguato jatyta,taguato jatyta,t a ɣʷ a t o + dʒ a t ɨ t a,,guasch1995;seelwische1980;carol2018,,,,,5363 3227,None,None,hawk snail
Guarani-210_sicalisflaveola-1,,Guarani,210_sicalisflaveola,chu'i,chu'i,ʃ u ʔ i,,guasch1995;seelwische1980;carol2018,,,,,8409,None,None,?
Guarani-210_sicalisflaveola-2,,Guarani,210_sicalisflaveola,tuju,tuju,t u dʒ u,,guasch1995;seelwische1980;carol2018,,,,,8410,None,None,?
Guarani-320_tamanduatetradactyla-1,,Guarani,320_tamanduatetradactyla,kaguare,kaguare,k a ɣʷ a r e,,guasch1995;seelwische1980;carol2018,,,,,3192,None,None,?
Guarani-320_tamanduatetradactyla-2,,Guarani,320_tamanduatetradactyla,kaguaré,kaguaré,k a ɣʷ a r e,,guasch1995;seelwische1980;carol2018,,,,,3192,None,None,?
Guarani-247_tapirusterrestris-1,,Guarani,247_tapirusterrestris,mborevi,mborevi,ⁿb o r e ʋ i,,guasch1995;seelwische1980;carol2018,,,,,8414,None,None,?
Guarani-247_tapirusterrestris-2,,Guarani,247_tapirusterrestris,mborevi,mborevi,ⁿb o r e ʋ i,,guasch1995;seelwische1980;carol2018,,,,,8414,None,None,?
Guarani-317_tayassupecari-1,,Guarani,317_tayassupecari,tajykati,tajykati,t a dʒ ɨ k a t i,,guasch1995;seelwische1980;carol2018,,,,,2390,None,None,?
Guarani-317_tayassupecari-2,,Guarani,317_tayassupecari,tañykatĩ,tañykatĩ,t a ɲ ɨ k a t ĩ,,guasch1995;seelwische1980;carol2018,,,,,2390,None,None,?
Guarani-317_tayassupecari-3,,Guarani,317_tayassupecari,kure ka'aguy,kure ka'aguy,k u r e + k a ʔ a ɣʷ ɨ,,guasch1995;seelwische1980;carol2018,,,,,3753 8416,None,None,pig forest
Guarani-312_turdusamaurochalinus-1,,Guarani,312_turdusamaurochalinus,coroxire,coroxire,k o r o ʃ i r e,,guasch1995;seelwische1980;carol2018,,,,,5478,None,None,?
GuaraniIzoceno-228_vallesiaglabra-1,,GuaraniIzoceno,228_vallesiaglabra,ärakua rembiu,ärakua+rembiu,ã r a k u a + r + e ⁿb i u,,izoceno2002,,,,,8435 8436,None,None,charata _:poss food
GuaraniIzoceno-313_zeamays-1,,GuaraniIzoceno,313_zeamays,avati,avati,a ʋ a t i,,izoceno2002,,,,,7345,None,None,?
GuaraniIzoceno-172_castelacoccinea-1,,GuaraniIzoceno,172_castelacoccinea,chorimimi,chorimimi,tʃ o r i m i m i,,izoceno2002,,,,,8438,None,None,?
GuaraniIzoceno-54_pectisodorata-1,,GuaraniIzoceno,54_pectisodorata,ëira kuañetɨ,ëira+kuañetɨ,ẽ i r a + k u a ɲ e t ɨ,,izoceno2002,,,,,8439 7319,None,None,honey bee
GuaraniIzoceno-233_heimiasalicifolia-1,,GuaraniIzoceno,233_heimiasalicifolia,guäichi,guäichi,ɣʷ ãi tʃ i,,izoceno2002,,,,,7348,None,None,?
GuaraniIzoceno-179_solanumamygdalifolium-1,,GuaraniIzoceno,179_solanumamygdalifolium,guɨrakiyo guasu,guɨrakiyo guasu,ɣʷ ɨ r a + k i j o + ɣʷ a s u,,izoceno2002,,,,,1196 1002,None,None,bird ? big
GuaraniIzoceno-181_solanumglaucophyllum-1,,GuaraniIzoceno,181_solanumglaucophyllum,guɨra vevɨi,guɨra+vevɨi,ɣʷ ɨ r a + ʋ e ʋ ɨ i,,izoceno2002,,,,,4495 6062,None,None,tree light_adj
GuaraniIzoceno-189_chenopodiumambrosioides-1,,GuaraniIzoceno,189_chenopodiumambrosioides,kaäne mi,kaä+ne mi,k a ã + n e + m i,,izoceno2002,,,,,3698 5170 119,None,None,grass smelly _:dim
GuaraniIzoceno-225_ricinuscommunis-1,,GuaraniIzoceno,225_ricinuscommunis,kavujuo,kavujuo,k a ʋ u dʒ u o,,izoceno2002,,,,,7363,None,None,?
GuaraniIzoceno-234_sennachloroclada-1,,GuaraniIzoceno,234_sennachloroclada,mbuijare,mbuijare,ⁿb ui dʒ a r e,,izoceno2002,,,,,8477,None,None,?
GuaraniIzoceno-201_passifloracincinnata-1,,GuaraniIzoceno,201_passifloracincinnata,aguara mburukuya,aguara mburukuya,a ɣʷ a r a + ⁿb u r u k u j a,,izoceno2002,,,,,8432 8479,None,None,fox passionaria
GuaraniIzoceno-226_phoradendronliga-1,,GuaraniIzoceno,226_phoradendronliga,nderi rembiu,nderi+rembiu,ⁿd e r i + r e ⁿb i u,,izoceno2002,,,,,4156 8436,None,None,some_bird food
GuaraniIzoceno-316_citrulluslanatus-1,,GuaraniIzoceno,316_citrulluslanatus,sandia,sandia,s a ⁿd i a,,izoceno2002,,,,,7892,None,None,?
GuaraniIzoceno-235_sennamorongii-1,,GuaraniIzoceno,235_sennamorongii,topei,topei,t o p ei,,izoceno2002,,,,,8486,None,None,?
GuaraniIzoceno-236_sennaobtusifolia-1,,GuaraniIzoceno,236_sennaobtusifolia,tötë kumanda,tötë kumanda,t õ t ẽ + k u m a ⁿd a,,izoceno2002,,,,,8487 8465,None,None,heron bean
GuaraniIzoceno-237_sennaoccidentalis-1,,GuaraniIzoceno,237_sennaoccidentalis,tötë kumanda,tötë kumanda,t õ t ẽ + k u m a ⁿd a,,izoceno2002,,,,,8487 8465,None,None,heron bean
GuaraniIzoceno-182_solanumhieronymi-1,,GuaraniIzoceno,182_solanumhieronymi,tutia,tutia,t u t i a,,izoceno2002,,,,,8488,None,None,?
GuaraniIzoceno-178_solanumpalinacanthum-1,,GuaraniIzoceno,178_solanumpalinacanthum,tutia,tutia,t u t i a,,izoceno2002,,,,,8489,None,None,?
GuaraniIzoceno-183_solanumsisymbriifolium-1,,GuaraniIzoceno,183_solanumsisymbriifolium,tutia,tutia,t u t i a,,izoceno2002,,,,,8490,None,None,?
GuaraniIzoceno-205_commelinaerecta-1,,GuaraniIzoceno,205_commelinaerecta,yaɨmbarämatɨa,yaɨmbarämatɨa,j a ɨ ⁿb a + r ã + m a t ɨ a,,izoceno2002,,,,,8492,None,None,dog ? penis
GuaraniIzoceno-180_solanumargentinum-1,,GuaraniIzoceno,180_solanumargentinum,yaku rembiu,yaku+rembiu,dʑ a k u + r + e ⁿb i u,,izoceno2002,,,,,8008 8436,None,None,turkey _:poss food
Tapiete-228_vallesiaglabra-1,,Tapiete,228_vallesiaglabra,shɨkɨi,shɨkɨi,ʃ ɨ k ɨ i,,gonzalez2011,,,,,8436,None,None,?
Tapiete-228_vallesiaglabra-2,,Tapiete,228_vallesiaglabra,pɨkasu hɨmbɨu,pɨkasu hɨmbɨu,p ɨ k a s u + h + ɨ ⁿb ɨ u,,gonzalez2011,,,,,8499 8436,None,None,dove _:poss food
Tapiete-225_ricinuscommunis-1,,Tapiete,225_ricinuscommunis,karasɨro,karasɨro,k a r a s ɨ r o,,gonzalez2011,,,,,8507,None,None,?
Tapiete-240_sennasp-1,,Tapiete,240_sennasp,awara nɨndakarai,awara nɨndakarai,a w a r a + n ɨ ⁿd a k a r ai,,gonzalez2011,,,,,8511 8512,None,None,fox bean
Tapiete-313_zeamays-1,,Tapiete,313_zeamays,awati tantambawa,awati+tantambawa,a w a t i + t a n t a ⁿb a w a,,gonzalez2011,,,,,7345 8513,None,None,maize soft
Tapiete-51_pycnoporussanguineus-1,,Tapiete,51_pycnoporussanguineus,ɨwɨra nambi,ɨwɨra nambi,ɨ w ɨ r a + n a ⁿb i,,gonzalez2011,,,,,1994 6723 4051,None,None,tree ear
Tapiete-222_clematismontevidensis-1,,Tapiete,222_clematismontevidensis,kapura hɨndɨwa,kapura hɨndɨwa,k a p u r a + h + ɨ ⁿd ɨ w a,,gonzalez2011,,,,,8515 8297,None,None,goat _:poss beard
Tapiete-178_solanumpalinacanthum-1,,Tapiete,178_solanumpalinacanthum,toti'a párawa,toti'a párawa,t o t i ʔ a + p a r a w a,,gonzalez2011,,,,,8489 8516,None,None,toti'a multicoloured
Tapiete-180_solanumargentinum-1,,Tapiete,180_solanumargentinum,yaku rɨmbi'u,yaku rɨmbi'u,dʑ a k u + r + ɨ ⁿb i ʔ u,,gonzalez2011,,,,,8008 4267,None,None,turkey _:poss food
Ayoreo-304_cynodondactylon-1,,Ayoreo,304_cynodondactylon,acadie,acadie,a k a + d j e,,benz2020;schmeda1998;briggs2015,,,,,8522,None,None,plant ?
Ayoreo-172_castelacoccinea-1,,Ayoreo,172_castelacoccinea,chume,chume,tʃ u m e,,benz2020;schmeda1998;briggs2015,,,,,8532,None,None,?
Ayoreo-51_pycnoporussanguineus-1,,Ayoreo,51_pycnoporussanguineus,ducose,ducose,d u k o s e,,benz2020;schmeda1998;briggs2015,,,,,8542,None,None,?
Ayoreo-313_zeamays-1,,Ayoreo,313_zeamays,guejnai,guejna+i,g e n̥ ai,,benz2020;schmeda1998;briggs2015,,,,,8557 8558,None,None,?
Ayoreo-230_phyllostylonrhamnoides-1,,Ayoreo,230_phyllostylonrhamnoides,guejnaque,guejnaque,g e n̥ a k e,,benz2020;schmeda1998;briggs2015,,,,,8559 8259,None,None,?
Ayoreo-175_crotonbonplandianus-1,,Ayoreo,175_crotonbonplandianus,juga,juga,h u g a,,benz2020;schmeda1998;briggs2015,,,,,5241,None,None,?
Ayoreo-235_sennamorongii-1,,Ayoreo,235_sennamorongii,jugue quenejna,jugue+quenejna,h u g e + k e n e n̥ a,,benz2020;schmeda1998;briggs2015,,,,,7521 8567,None,None,? false
Ayoreo-316_citrulluslanatus-1,,Ayoreo,316_citrulluslanatus,mimiojo,mimiojo,m i m j o h o,,benz2020;schmeda1998;briggs2015,,,,,8570,None,None,?
Ayoreo-182_solanumhieronymi-1,,Ayoreo,182_solanumhieronymi,najneno,najneno,n a n̥ e n o,,benz2020;schmeda1998;briggs2015,,,,,6432,None,None,?
Ayoreo-108_prosopisalba-1,,Ayoreo,108_prosopisalba,najnuña,najnuña,n a n̥ u ɲ a,,benz2020;schmeda1998;briggs2015,,,,,8574,None,None,?
Ayoreo-232_calycophyllummultiflorum-1,,Ayoreo,232_calycophyllummultiflorum,ngañu,ngañu,ŋ a ɲ u,,benz2020;schmeda1998;briggs2015,,,,,5522,None,None,?
Ayoreo-201_passifloracincinnata-1,,Ayoreo,201_passifloracincinnata,ohja,ohja,o h n̥ a,,benz2020;schmeda1998;briggs2015,,,,,8584,None,None,?
Ayoreo-203_passifloramooreana-1,,Ayoreo,203_passifloramooreana,ohja,ohja,o h n̥ a,,benz2020;schmeda1998;briggs2015,,,,,4719,None,None,?
Ayoreo-177_solanumeleagnifolium-1,,Ayoreo,177_solanumeleagnifolium,patata,patata,p a t a t a,,benz2020;schmeda1998;briggs2015,,,,,8585,None,None,potato
Ayoreo-183_solanumsisymbriifolium-1,,Ayoreo,183_solanumsisymbriifolium,patata,patata,p a t a t a,,benz2020;schmeda1998;briggs2015,,,,,8585,None,None,potato
Ayoreo-234_sennachloroclada-1,,Ayoreo,234_sennachloroclada,yajogue acaratu,yajogue acaratu,j a h o g e + a k a ɹ a t u,,benz2020;schmeda1998;briggs2015,,,,,8602 8234,None,None,bear ?
Nivacle-45_pyrocephalusrubinus-1,,Nivacle,45_pyrocephalusrubinus,jumcuclaai lhclô',jumcuclaai lhclô',x u m k u kʟ̥ aː j + ɬ + kʟ̥ o ʔ,,seelwische1980,,,,,,0,0,sun _:poss animal
TobaPilaga-45_pyrocephalusrubinus-1,,TobaPilaga,45_pyrocephalusrubinus,ahewa lalo,ahewa lalo,a h e w a + l a + l o,,arenas1993,,,,,,0,0,sun _:poss animal
TobaPilaga-190_machetornisrixosa-1,,TobaPilaga,190_machetornisrixosa,pegeaxa lalo,pegeaxa lalo,p e g j a ʁ a + l a + l o,,arenas1993,,,,,,0,0,horse _:poss animal
Kadiweo-41_fall-1,,Kadiweo,41_fall,aniti,aniti,a n i + t i,,griffiths2002,,,,,,0,0,fall _:dir
Maka-123_burnvbintrans-2,,Maka,123_burnvbintrans,tuXxi',tuX+xi',t u χ + x i ʔ,,gerzenstein1999;arenas1983,,,,,4 4 3 9   ?,0,0,burn _:in
Kadiweo-98_wing-1,,Kadiweo,98_wing,le-ab:a,le-ab:a,l e + a b a,,griffiths2002,,,,,,0,0,_:poss wing
EnxetSur-37_husband-1,,EnxetSur,37_husband,entáwa,entáwa,ɪ n + t ɑː w ʌ,,curtis2018,,,,,,0,0,_:poss spouse
EnxetSur-38_wife-1,,EnxetSur,38_wife,entáwa,entáwa,ɪ n + t ɑː w ʌ,,curtis2018,,,,,,0,0,_:poss spouse
Manjui-49_schinopsislorentzii-1,,Manjui,49_schinopsislorentzii,kijleek,kijleek,k i ʱl eː k,,carol2018,,,,,,0,0,?
Chorote-144_mute-2,,Chorote,144_mute,je amti',je amti',x e + a m t i ʔ,,drayson2009;scarpa2010,,,,,615 1227,0,0,_:neg speech
Chorote-136_littlequantityfew-2,,Chorote,136_littlequantityfew,ja loj,ja loj,x a + l o x,,drayson2009;scarpa2010,,,,,6 1 5   ?,0,0,_:neg much
Maka-71_window-1,,Maka,71_window,ɫexiɫas,ɫexiɫas,ɬ + e x i + ɬ + a s,,gerzenstein1999;arenas1983,,,,,2 2 7 6   4 7 1 7   2 2 7 6   ?,0,0,_:poss door _:poss son
Maka-136_littlequantityfew-2,,Maka,136_littlequantityfew,nite' olots,nite' olots,n i t e ʔ + o l o ts,,gerzenstein1999;arenas1983,,,,,,0,0,not much
Maka-136_littlequantityfew-3,,Maka,136_littlequantityfew,nite' qi',nite' qi',n i t e ʔ + q i ʔ,,gerzenstein1999;arenas1983,,,,,,0,0,not big
Maka-148_short-2,,Maka,148_short,nite' qipham,nite' qipham,n i t e ʔ + q i + pʰ a m,,gerzenstein1999;arenas1983,,,,,,0,0,not big _:up
EnxetSur-122_altar-1,,EnxetSur,122_altar,ekwatnamáxchexa aqsok,ekwatnamáxchexa aqsok,ɪ k + w ʌ t n + ʌ m + ɑː ɬ tʃ ɪ + ɬ ʌ + ʌ q s ʊ k,,curtis2018,,,,,,0,0,_:ind burn _:ti _:mid _:nm/ob thing
EnxetSur-46_animal-1,,EnxetSur,46_animal,nentósso,nen+tósso,n ɪ n + t oː sː o,,curtis2018,,,,,,0,0,_:poss animal
EnxetSur-118_ant-1,,EnxetSur,118_ant,máyakmok,máyakmok,m ɑː j ʌ k m o k,,curtis2018,,,,,,0,0,?
EnxetSur-118_ant-2,,EnxetSur,118_ant,meyk’a,meyk’a,m εi kˀ ʌ,,curtis2018,,,,,10,0,0,?
EnxetSur-118_ant-3,,EnxetSur,118_ant,naqtamáleg,naqtamáleg,n ʌ q t ʌ + m ɑː l ɪ ŋ,,curtis2018,,,,,13,0,0,? fox
EnxetSur-118_ant-4,,EnxetSur,118_ant,échaha askok,échaha askok,ɪː tʃ ɑ h ɑ + ʌ s k ʊ k,,curtis2018,,,,,,0,0,algarrobo insect
EnxetSur-118_ant-5,,EnxetSur,118_ant,tópele,tópele,t oː p e l e,,curtis2018,,,,,,0,0,?
EnxetSur-118_ant-6,,EnxetSur,118_ant,yányensemsek,yányensemsek,j aː n + j e n s e m s e k,,curtis2018,,,,,,0,0,false 'polvorín'
EnxetSur-118_ant-7,,EnxetSur,118_ant,élyawakkatkok,élyawakkatkok,ɪː l + j ʌ w ʌ + k + ʌ t k ʊ k,,curtis2018,,,,,,0,0,_:dist big _:poss head
EnxetSur-118_ant-8,,EnxetSur,118_ant,hápog,hápog,h ɑː p o ŋ,,curtis2018,,,,,,0,0,?
EnxetSur-118_ant-9,,EnxetSur,118_ant,pexyegke,pexyegke,p e ɬ j e ŋ + k e,,curtis2018,,,,,,0,0,vibrate _:ind
EnxetSur-57_arm-1,,EnxetSur,57_arm,aktog,aktog,ʌ k t ʊ ŋ,,curtis2018,,,,,,0,0,?
EnxetSur-274_ashes-1,,EnxetSur,274_ashes,táhap,táhap,t ɑː h ʌ p,,curtis2018,,,,,,0,0,?
EnxetSur-242_assdonkey-1,,EnxetSur,242_assdonkey,yámelyeheykok,yámelyeheykok,j a m + ɪː l + j ɪ h ei k ʊ k,,curtis2018,,,,,,0,0,_:false _:dist mule
EnxetSur-82_back-1,,EnxetSur,82_back,egkapok,egkapok,ɪ ŋ + k ʌ p ʊ k,,curtis2018,,,,,,0,0,_:poss back
EnxetSur-253_bear-1,,EnxetSur,253_bear,yanneym,yanneym,j ʌ nː ɛː m,,curtis2018,,,,,,0,0,?
EnxetSur-58_beard-1,,EnxetSur,58_beard,Áwa’ apátog,áwa’ apátog,ɑː + w ʌ ʔ + ʌ p + ɑː t ʊ ŋ,,curtis2018,,,,,,0,0,_:fem hair _:masc mouth
EnxetSur-124_bed-1,,EnxetSur,124_bed,Enxagkok; Negyetnamakxa,enxagkok,ɪ n + ɬ ʌ ŋ k ʊ k,,curtis2018,,,,,14,0,0,_:1pl place
EnxetSur-124_bed-2,,EnxetSur,124_bed,Enxagkok; Negyetnamakxa,negyetnamakxa,n ɪ ŋ + j ɪ t n + ʌ m + ʌ k ɬ ʌ,,curtis2018,,,,,,0,0,_:1pl lie _:ti _:nm.ob
EnxetSur-55_bee-1,,EnxetSur,55_bee,Cha’ax,cha’ax,tʃ ʌ ʔ ʌ ɬ,,curtis2018,,,,,,0,0,?
EnxetSur-55_bee-2,,EnxetSur,55_bee,yanyawhéna',yanyawhéna',j ʌ n + j ʌu h eː n ʌ ʔ,,curtis2018,,,,,,0,0,false bee
EnxetSur-55_bee-3,,EnxetSur,55_bee,Má egweyhek,má egweyhek,m ɑː + ɪ ŋ w eː h ɪ k,,curtis2018,,,,,,0,0,? ?
EnxetSur-55_bee-4,,EnxetSur,55_bee,neymog,neymog,n ɛː m ʊ ŋ,,curtis2018,,,,,,0,0,?
EnxetSur-187_bird-1,,EnxetSur,187_bird,náta,náta,n ɑː t ʌ,,curtis2018,,,,,,0,0,?
EnxetSur-243_black-1,,EnxetSur,243_black,Ekpeyseyam,ekpeyseyam,ɪ k + p ɛː s + j ʌ m,,curtis2018,,,,,,0,0,_:fem black _:inf
EnxetSur-85_blood-1,,EnxetSur,85_blood,éma,éma,eː m ʌ,,curtis2018,,,,,,0,0,?
EnxetSur-83_bone-1,,EnxetSur,83_bone,Ẽxchapok,Ẽxchapok,ɪ̃ː + ɬ tʃ ʌ p ʊ k,,curtis2018,,,,,,0,0,_:poss bone
EnxetSur-40_borntobe-1,,EnxetSur,40_borntobe,nentéyam; Nélpalleykmoho,nentéyam,n ɪ n + t ɪ + j ʌ m,,curtis2018,,,,,,0,0,_:1pl be.born _:inf
EnxetSur-40_borntobe-2,,EnxetSur,40_borntobe,nentéyam; Nélpalleykmoho,nempalleyam,n ɪ m + p ʌ lː e + j ʌ m,,curtis2018,,,,,,0,0,_:1pl be.born _:inf
EnxetSur-78_breastofwoman-1,,EnxetSur,78_breastofwoman,nam'agkok; neme,nam'agkok,n ʌ m + ʔ ʌ ŋ k ʊ k,,curtis2018,,,,,,0,0,breast _:her
EnxetSur-78_breastofwoman-2,,EnxetSur,78_breastofwoman,nam'agkok; neme,neme,n ɪ m ɪ,,curtis2018,,,,,,0,0,?
EnxetSur-256_bull-1,,EnxetSur,256_bull,weyke,weyke,w ei k ɪ,,curtis2018,,,,,,0,0,?
EnxetSur-123_burnvbintrans-1,,EnxetSur,123_burnvbintrans,Eyálewe; Negálewáseyak,eyálewe,ɪ j + ɑː l e w + e,,curtis2018,,,,,,0,0,_:fem light.up _:inf
EnxetSur-278_buy-1,,EnxetSur,278_buy,Negma,negma,n ɪ ŋ + m + ʌ,,curtis2018,,,,,,0,0,_:1pl take _:inf
EnxetSur-278_buy-2,,EnxetSur,278_buy,Nenlánéssamo,nenlánéssamo,n ɪ n + l ɑː n ɪ sː ʌ m o,,curtis2018,,,,,,0,0,_:1pl bring.only
EnxetSur-278_buy-3,,EnxetSur,278_buy,Nentegye,nentegye,n ɪ n + t ɪ ŋ j ɪ,,curtis2018,,,,,,0,0,_:1pl search
EnxetSur-273_cat-1,,EnxetSur,273_cat,qames,qames,q ʌ m ɪ s,,curtis2018,,,,,,0,0,?
EnxetSur-254_chest-1,,EnxetSur,254_chest,Egnények,egnények,ɪ ŋ + n ɪː ŋ j ɪ k,,curtis2018,,,,,,0,0,_:1pl chest
EnxetSur-101_child-1,,EnxetSur,101_child,Áyawe,áyawe,ɑː j ʌ w ɪ,,curtis2018,,,,,,0,0,?
EnxetSur-101_child-2,,EnxetSur,101_child,Egketkok,egketkok,ɪ ŋ + k ɪ t k ʊ k,,curtis2018,,,,,,0,0,_:1pl child
EnxetSur-101_child-3,,EnxetSur,101_child,Ensakcha’a,ensakcha’a,ɪ n + s ʌ k tʃ ʌ ʔ ʌ,,curtis2018,,,,,,0,0,_:1pl child
EnxetSur-61_chin-1,,EnxetSur,61_chin,kóneg egátog,kóneg egátog,k ɔː n ɪ ŋ + ɪ ŋ + ɑː t ʊ ŋ,,curtis2018,,,,,,0,0,under _:1pl mouth
EnxetSur-95_claw-1,,EnxetSur,95_claw,Egmek,egmek,ɪ ŋ + m ɪ k,,curtis2018,,,,,,0,0,_:1pl hand
EnxetSur-92_cloud-1,,EnxetSur,92_cloud,yaphope,yaphope,j ʌ p h ɔ p e,,curtis2018,,,,,,0,0,?
EnxetSur-103_club-1,,EnxetSur,103_club,Meymog yaqye-apwéhek,meymog yaqye-apwéhek,m ɛː m ʊ ŋ + j ʌ q j ɪ + ʌ p + w eː h ɪ k,,curtis2018,,,,,,0,0,Bulnesia_sarmientoi round _:masc nose
EnxetSur-266_cold-1,,EnxetSur,266_cold,Apmopsamáge,apmopsamáge,ʌ p + m o p + s ʌ m ɑː ŋ + ɪ,,curtis2018,,,,,,0,0,_:masc _:vblz cold _:ind
EnxetSur-266_cold-2,,EnxetSur,266_cold,Ekmáxaqxo,ekmáxaqxo,ɪ k + m ɑː ɬ ʌ q + ɬ o,,curtis2018,,,,,,0,0,_:fem cold _:?
EnxetSur-266_cold-3,,EnxetSur,266_cold,Étsamáñekekxa,étsamáñekekxa,ɪː t s ʌ m ɑː ɲ ɪ k ɪ k ɬ ʌ,,curtis2018,,,,,,0,0,?
EnxetSur-266_cold-4,,EnxetSur,266_cold,Nempexyennama,nempexyennama,n ɪ m p ɪ ɬ j ɪ nː ʌ m ʌ,,curtis2018,,,,,,0,0,?
EnxetSur-159_cook-1,,EnxetSur,159_cook,Neghanma; Negmakhetchesso (t. hervir),neghanma,n ɪ ŋ + h ʌ n + m ʌ,,curtis2018,,,,,,0,0,_:1pl cook _:inf
EnxetSur-159_cook-2,,EnxetSur,159_cook,Neghanma; Negmakhetchesso (t. hervir),negmakhetchesso,n ɪ ŋ + m ʌ k h ɪ t + tʃ ɪ sː + o,,curtis2018,,,,,,0,0,_:1pl heat _:caus _:int
EnxetSur-127_cousin-1,,EnxetSur,127_cousin,Egyaha’ apketche,egyaha’ apketche,ɪ ŋ + j ʌ h ʌ ʔ + ʌ kː + ɪ t tʃ ɪ,,curtis2018,,,,,,0,0,_:poss uncle/aunt _:poss child
EnxetSur-127_cousin-2,,EnxetSur,127_cousin,Hátem étche,hátem étche,h ɑː t ɪ m + ɪː t tʃ ɪ,,curtis2018,,,,,,0,0,aunt child
EnxetSur-127_cousin-3,,EnxetSur,127_cousin,Mém’ay étche,mém’ay étche,m eː m ai + ɪː t tʃ ɪ,,curtis2018,,,,,,0,0,aunt child
EnxetSur-76_cover-1,,EnxetSur,76_cover,Ekhéwe,ekhéwe,ɪ k h eː w ɪ,,curtis2018,,,,,,0,0,?
EnxetSur-76_cover-2,,EnxetSur,76_cover,Negahakkáseykekxa’,negahakkáseykekxa’,n ɪ ŋ + ʌ h ʌ kː ɑː s ei k ɪ k ɬ ʌ ʔ,,curtis2018,,,,,,0,0,_:1pl cover
EnxetSur-76_cover-3,,EnxetSur,76_cover,Negapma,negapma,n ɪ ŋ + ʌ p + m ʌ,,curtis2018,,,,,,0,0,_:1pl cover _:inf
EnxetSur-76_cover-4,,EnxetSur,76_cover,Negaqlamaxche,negaqlamaxche,n ɪ ŋ + ʌ q l ʌ m ʌ ɬ tʃ ɪ,,curtis2018,,,,,,0,0,_:1pl cover
EnxetSur-252_cow-1,,EnxetSur,252_cow,weyke,weyke,w ei k ɪ,,curtis2018,,,,,,0,0,?
EnxetSur-260_crocodilealligator-1,,EnxetSur,260_crocodilealligator,yáteyem,yáteyem,j ɑː t ɪ j ɪ m,,curtis2018,,,,,,0,0,?
EnxetSur-277_cryweep-1,,EnxetSur,277_cryweep,Éllekxagwomaxche,éllekxagwomaxche,ɪː l + l ɪ k ɬ a ŋ + w o m + ʌ ɬ tʃ ɪ,,curtis2018,,,,,,0,0,_:dist weep _:dir _:voice
EnxetSur-277_cryweep-2,,EnxetSur,277_cryweep,Élyaqkáxamaxche,élyaqkáxamaxche,ɪː l + j ʌ q k ɑː ɬ + ʌ m + ɑ ɬ tʃ ɪ,,curtis2018,,,,,,0,0,_:dist weep _:ti _:voice
EnxetSur-277_cryweep-3,,EnxetSur,277_cryweep,Negwónama,negwónama,n ɪ ŋ + w ɔː n + ʌ m ʌ,,curtis2018,,,,,,0,0,_:1pl cry _:nmlz
EnxetSur-277_cryweep-4,,EnxetSur,277_cryweep,Negwóno,negwóno,n ɪ ŋ + w ɔː n + o,,curtis2018,,,,,,0,0,_:1pl cry _:int
EnxetSur-277_cryweep-5,,EnxetSur,277_cryweep,Negyaqkáxeykha,negyaqkáxeykha,n ɪ ŋ + j ʌ q k ɑː ɬ + ei k h ʌ,,curtis2018,,,,,,0,0,_:1pl cry _:nmlz
EnxetSur-277_cryweep-6,,EnxetSur,277_cryweep,Nélenxaqmómaxche,nélenxaqmómaxche,n ɪː + l + ɪ n ɬ ʌ q + m + ɔː m ʌ ɬ tʃ ɪ,,curtis2018,,,,,,0,0,_:1pl _:dist cry _:ti _:voice
EnxetSur-277_cryweep-7,,EnxetSur,277_cryweep,Nenlekxagweykha,nenlekxagweykha,n ɪ n + l ɪ k ɬ ʌ ŋ + w ei k h ʌ,,curtis2018,,,,,,0,0,_:1pl cry _:dir
EnxetSur-166_deer-1,,EnxetSur,166_deer,Laneyp; popyet (venado),laneyp,l ʌ n ɛː p,,curtis2018,,,,,,0,0,?
EnxetSur-166_deer-2,,EnxetSur,166_deer,Laneyp; popyet (venado),popyet,p o p j ɪ t,,curtis2018,,,,,,0,0,?
EnxetSur-129_dog-1,,EnxetSur,129_dog,semheg,semheg,s ɪ m h ɪ ŋ,,curtis2018,,,,,,0,0,?
EnxetSur-60_doorgate-1,,EnxetSur,60_doorgate,Átog,átog,ɑː t ʊ ŋ,,curtis2018,,,,,,0,0,?
EnxetSur-174_dove-1,,EnxetSur,174_dove,Kóneg maktek; wáx'ay,kóneg maktek,k ɔː n ɪ ŋ + m ʌ k t ɪ k,,curtis2018,,,,,,0,0,under Prosopis.elata
EnxetSur-174_dove-2,,EnxetSur,174_dove,Kóneg maktek; wáx'ay,wáx'ay,w aː ɬ ʔ ai,,curtis2018,,,,,,0,0,?
EnxetSur-164_dust-1,,EnxetSur,164_dust,Ánek,ánek,ɑː n ɪ k,,curtis2018,,,,,,0,0,?
EnxetSur-53_ear-1,,EnxetSur,53_ear,Egheykok,egheykok,ɪ ŋ + h ɛ i k ʊ k,,curtis2018,,,,,,0,0,_:poss ear
EnxetSur-139_earthgroundsoil-1,,EnxetSur,139_earthgroundsoil,Náxop,náxop,n ɑː ɬ o p,,curtis2018,,,,,,0,0,?
EnxetSur-276_eat-1,,EnxetSur,276_eat,Nento,nento,n ɪ n + t o,,curtis2018,,,,,,0,0,_:1pl eat
EnxetSur-263_everyall-1,,EnxetSur,263_everyall,Ekxámokxoho,ekxámokxoho,ɪ k + ɬ ɑː m ɒ + k ɬ + o h o,,curtis2018,,,,,,0,0,_:fem one _:dup _:int
EnxetSur-263_everyall-2,,EnxetSur,263_everyall,Ekyókxoho,ekyókxoho,ɪ k + j ɔː k ɬ o h o,,curtis2018,,,,,,0,0,_:fem all
EnxetSur-263_everyall-3,,EnxetSur,263_everyall,Élánamáxkoho,élánamáxkoho,ɪː l + ɑː n + ʌ m + ʌ ɬ k o h o,,curtis2018,,,,,,0,0,_:dist make _:mid _:int
EnxetSur-263_everyall-4,,EnxetSur,263_everyall,Nensawhomáxkoho,nensawhomáxkoho,n ɪ n + s ʌu h o m ɑː ɬ k o h o,,curtis2018,,,,,,0,0,_:1pl be.all
EnxetSur-259_eyelash-1,,EnxetSur,259_eyelash,Áwa’ egaqtek,áwa’ egaqtek,ɑː w ʌ ʔ + ɪ ŋ + ʌ q t ɪ k,,curtis2018,,,,,,0,0,hair _:poss eye
EnxetSur-146_faradv-1,,EnxetSur,146_faradv,Ekmágketma,ekmágketma,ɪ k + m ɑː ŋ k ɪ t + m ʌ,,curtis2018,,,,,,0,0,_:fem far _:inf
EnxetSur-146_faradv-2,,EnxetSur,146_faradv,Makhawo’,makhawo’,m ʌ k h ʌ w ʊ ʔ,,curtis2018,,,,,,0,0,?
EnxetSur-146_faradv-3,,EnxetSur,146_faradv,Makhay,makhay,m ʌ k h ai,,curtis2018,,,,,,0,0,?
EnxetSur-146_faradv-4,,EnxetSur,146_faradv,tayépe,tayépe,t a j e p e,,curtis2018,,,,,,0,0,?
EnxetSur-282_father-1,,EnxetSur,282_father,Egyáp; táta,egyáp,ɪ ŋ + j ɑː p,,curtis2018,,,,,,0,0,_:1pl father
EnxetSur-282_father-2,,EnxetSur,282_father,Egyáp; táta,táta,t ɑː t a,,curtis2018,,,,,,0,0,?
EnxetSur-44_feather-1,,EnxetSur,44_feather,Nát áwa’,nát áwa’,n ɑː t + ɑː + w ʌ ʔ,,curtis2018,,,,,,0,0,bird _:fem hair
EnxetSur-110_fightvb-1,,EnxetSur,110_fightvb,Nélmenáwásamáxche,nélmenáwásamáxche,n ɪː + l + m ɪ n ɑː w ɑ s ʌ m ɑ ɬ tʃ ɪ,,curtis2018,,,,,,0,0,_:1pl _:dist fight
EnxetSur-110_fightvb-2,,EnxetSur,110_fightvb,Nélyekpexchetamaxche,nélyekpexchetamaxche,n ɪː + l + j ɪ k p ɪ ɬ tʃ ɪ t ʌ m ʌ ɬ tʃ ɪ,,curtis2018,,,,,,0,0,_:1pl _:dist fight
EnxetSur-110_fightvb-3,,EnxetSur,110_fightvb,Némpakhe,némpakhe,n ɪː m + p ʌ k h ɛ,,curtis2018,,,,,,0,0,_:1pl fight
EnxetSur-110_fightvb-4,,EnxetSur,110_fightvb,Nennapmáxche,nennapmáxche,n ɪ n + n ʌ p m ɑː ɬ tʃ ɪ,,curtis2018,,,,,,0,0,_:1pl fight
EnxetSur-96_findorsal-1,,EnxetSur,96_findorsal,Kelasma ámek,kelasma ámek,k ɪ l ʌ s m ʌ + ɑː + m ɪ k,,curtis2018,,,,,,0,0,fish _:fem hand
EnxetSur-64_finger-1,,EnxetSur,64_finger,Egaphék,egaphék,ɪ ŋ ʌ p h ɪː k,,curtis2018,,,,,,0,0,?
EnxetSur-94_fingernail-1,,EnxetSur,94_fingernail,Egaphék ekmope,egaphék ekmope,ɪ ŋ + ʌ p h ɪː k + ɪ k + m o p e,,curtis2018,,,,,,0,0,_:poss finger _:poss white
EnxetSur-97_fish-1,,EnxetSur,97_fish,kelasma,kelasma,k ɪ l ʌ s m ʌ,,curtis2018,,,,,,0,0,?
EnxetSur-91_fishscale-1,,EnxetSur,91_fishscale,Kelasma empe’ek,kelasma empe’ek,k ɪ l ʌ s m ʌ + ɪ m p ɪ ʔ ɪ k,,curtis2018,,,,,,0,0,fish skin
EnxetSur-128_flea-1,,EnxetSur,128_flea,Máleg askok,máleg askok,m ɑː l ɪ ŋ + ʌ s k ʊ k,,curtis2018,,,,,,0,0,fox bug
EnxetSur-132_float-1,,EnxetSur,132_float,Ekmeykha takha’ yegmen,ekmeykha takha’ yegmen,ɪ k + m ei k h ʌ + t ʌ k h ʌ ʔ + j ɪ ŋ m ɪ n,,curtis2018,,,,,,0,0,_:ind use thunder water
EnxetSur-132_float-2,,EnxetSur,132_float,Ekseykha néten yegmen,ekseykha néten yegmen,ɪ k s ei k h ʌ + n eː t ɪ n + j ɪ ŋ m ɪ n,,curtis2018,,,,,,0,0,_:ind carry above water
EnxetSur-132_float-3,,EnxetSur,132_float,Ekseykha takha’ yegmen,ekseykha takha’ yegmen,ɪ k + s ei k h ʌ + t ʌ k h ʌ ʔ + j ɪ ŋ m ɪ n,,curtis2018,,,,,,0,0,_:ind carry thunder water
EnxetSur-132_float-4,,EnxetSur,132_float,Ekyetno néten yegmen,ekyetno néten yegmen,ɪ k + j ɪ t n + o + n eː t ɪ n + j ɪ ŋ m ɪ n,,curtis2018,,,,,,0,0,_:ind lie _:nmlz above water
EnxetSur-132_float-5,,EnxetSur,132_float,Negmeykha yegmen,negmeykha yegmen,n ɪ ŋ + m ei k h ʌ + j ɪ ŋ m ɪ n,,curtis2018,,,,,,0,0,_:1pl use water
EnxetSur-248_flower-1,,EnxetSur,248_flower,Exnamok,exnamok,ɪ ɬ n ʌ m ʊ k,,curtis2018,,,,,,0,0,?
EnxetSur-133_flyvb-1,,EnxetSur,133_flyvb,Émpè,émpè,ɪː m p ɛ,,curtis2018,,,,,,0,0,?
EnxetSur-246_foot-1,,EnxetSur,246_foot,egmenek,egmenek,ɪ ŋ + m ɪ n ɪ k,,curtis2018,,,,,,0,0,_:poss foot
EnxetSur-121_footprint-1,,EnxetSur,121_footprint,Kélmenek,kélmenek,k ɪː l + m ɪ n ɪ k,,curtis2018,,,,,,0,0,_:poss foot
EnxetSur-121_footprint-2,,EnxetSur,121_footprint,Kéltamnek,kéltamnek,k ɪː l + t ʌ m n ɪ k,,curtis2018,,,,,,0,0,_:poss path
EnxetSur-121_footprint-3,,EnxetSur,121_footprint,Amnek,amnek,ʌ + m n ɪ k,,curtis2018,,,,,,0,0,_:fem foot
EnxetSur-154_four-1,,EnxetSur,154_four,Hawók nekha,hawók nekha,h ʌ w ɔː k + n ɪ k h ʌ,,curtis2018,,,,,,0,0,similar side
EnxetSur-160_fox-1,,EnxetSur,160_fox,máleg,máleg,m ɑː l ɪ ŋ,,curtis2018,,,,,,0,0,?
EnxetSur-285_fruit-1,,EnxetSur,285_fruit,Ekyexna,ekyexna,ɪ k + j ɪ ɬ n ʌ,,curtis2018,,,,,,0,0,_:fem fruit
EnxetSur-89_fur-1,,EnxetSur,89_fur,Aqsok empehek,aqsok empehek,ʌ q s ʊ k + ɪ m p ɪ h ɪ k,,curtis2018,,,,,,0,0,thing skin
EnxetSur-191_grass-1,,EnxetSur,191_grass,pa'at,pa'at,p ʌ ʔ ʌ t,,curtis2018,,,,,,0,0,?
EnxetSur-42_hairhead-1,,EnxetSur,42_hairhead,Áwa’,áwa',ɑː + w ʌ ʔ,,curtis2018,,,,,,0,0,_:poss hair
EnxetSur-56_hand-1,,EnxetSur,56_hand,egmek,egmek,ɪ ŋ + m ɪ k,,curtis2018,,,,,,0,0,_:poss hand
EnxetSur-284_hawk-1,,EnxetSur,284_hawk,Énnapma kenáteg,énnapma kenáteg,ɪː nː ʌ p + m ʌ + k ɪ n ɑː t ɪ ŋ,,curtis2018,,,,,,0,0,kill.many _:nmlz charata
EnxetSur-284_hawk-2,,EnxetSur,284_hawk,Énnapma náta,énnapma náta,ɪː nː ʌ p m ʌ + n ɑː t ʌ,,curtis2018,,,,,,0,0,kill.many _:nmlz bird
EnxetSur-284_hawk-3,,EnxetSur,284_hawk,Kelyakmehet,kelyakmehet,k ɪ l j ʌ k m ɪ h ɪ t,,curtis2018,,,,,,0,0,?
EnxetSur-284_hawk-4,,EnxetSur,284_hawk,Mewà,mewà,m ɪ w a,,curtis2018,,,,,,0,0,?
EnxetSur-284_hawk-5,,EnxetSur,284_hawk,Cháwok,cháwok,tʃ ɑː w ʊ k,,curtis2018,,,,,,0,0,?
EnxetSur-117_hegoat-1,,EnxetSur,117_hegoat,yát'ay,yát'ay,j aː tˀ ai,,curtis2018,,,,,,0,0,?
EnxetSur-79_head-1,,EnxetSur,79_head,empátek,empátek,ɪ m + p ɑː t ɪ k,,curtis2018,,,,,,0,0,_:poss head
EnxetSur-138_hear-1,,EnxetSur,138_hear,Negháxenmo,negháxenmo,n ɪ ŋ + h ɑː ɬ e n + m o,,curtis2018,,,,,,0,0,_:1pl hear _:inf
EnxetSur-261_heart-1,,EnxetSur,261_heart,egwáxok,egwáxok,ɪ ŋ + w ɑː ɬ ʊ k,,curtis2018,,,,,,0,0,_:1pl heart
EnxetSur-323_hold-1,,EnxetSur,323_hold,Negma,negma,n ɪ ŋ + m + ʌ,,curtis2018,,,,,,0,0,_:1pl hold _:inf
EnxetSur-102_horn-1,,EnxetSur,102_horn,Egkepetek,egkepetek,ɪ ŋ + k ɪ p ɪ t ɪ k,,curtis2018,,,,,,0,0,_:1pl horn
EnxetSur-113_horseequine-1,,EnxetSur,113_horseequine,yátnáxeg,yátnáxeg,j a t n ɑː ɬ ɪ ŋ,,curtis2018,,,,,,0,0,?
EnxetSur-72_house-1,,EnxetSur,72_house,tegma,tegma,t ɪ ŋ m ʌ,,curtis2018,,,,,,0,0,?
EnxetSur-131_insect-1,,EnxetSur,131_insect,askok,askok,ʌ s k ʊ k,,curtis2018,,,,,,0,0,?
EnxetSur-275_intestinesguts-1,,EnxetSur,275_intestinesguts,Ekhéyak egwáxok,ekhéyak egwáxok,ɪ h eː j ʌ k + ɪ ŋ + w ɑː ɬ ʊ k,,curtis2018,,,,,,0,0,? _:poss interior
EnxetSur-134_itch-1,,EnxetSur,134_itch,Ekmóse,ekmóse,ɪ k + m ɔː s + e,,curtis2018,,,,,,0,0,_:fem itch _:inf
EnxetSur-111_kill-1,,EnxetSur,111_kill,nélnapma; negaqhe,nélnapma,n ɪː + l + n ʌ p + m ʌ,,curtis2018,,,,,,0,0,_:1pl _:dist kill _:inf
EnxetSur-111_kill-2,,EnxetSur,111_kill,nélnapma; negaqhe,negaqhe,n ɪ ŋ + ʌ q h e,,curtis2018,,,,,,0,0,_:1pl kill
EnxetSur-169_knife-1,,EnxetSur,169_knife,sawo,sawo,s ə w o,,curtis2018,,,,,,0,0,?
EnxetSur-264_know-1,,EnxetSur,264_know,Negmowána,negmowána,n ɪ ŋ + m ɔ w ɑː n ʌ,,curtis2018,,,,,,0,0,_:1pl know
EnxetSur-264_know-2,,EnxetSur,264_know,Negya’áseyak,negya’áseyak,n ɪ ŋ + j ʌ ʔ ɑː s ɪ j ʌ k,,curtis2018,,,,,,0,0,_:1pl know
EnxetSur-67_lake-1,,EnxetSur,67_lake,Awáxok; ságe,awáxok,ʌ + w ɑː ɬ ʊ k,,curtis2018,,,,,,0,0,_:fem interior
EnxetSur-67_lake-2,,EnxetSur,67_lake,Awáxok; ságe,ságe,s ɑː ŋ ɪ,,curtis2018,,,,,,0,0,?
EnxetSur-65_largebig-1,,EnxetSur,65_largebig,Negwányam,negwányam,n ɪ ŋ + w aː n j ʌ m,,curtis2018,,,,,,0,0,_:1pl be.big
EnxetSur-65_largebig-2,,EnxetSur,65_largebig,Awanhe’,awanhe',ʌ w ʌ n h ɪ ʔ,,curtis2018,,,,,,0,0,?
EnxetSur-65_largebig-3,,EnxetSur,65_largebig,Ekyawe,ekyawe,ɪ k + j ʌ w e,,curtis2018,,,,,,0,0,_:fem big
EnxetSur-43_leaf-1,,EnxetSur,43_leaf,Aqsok áwa’,aqsok áwa’,ʌ q s ʊ k + ɑː + w ʌ ʔ,,curtis2018,,,,,,0,0,thing _:fem hair
EnxetSur-43_leaf-2,,EnxetSur,43_leaf,Áwa’,áwa’,ɑː + w ʌ ʔ,,curtis2018,,,,,,0,0,_:fem hair
EnxetSur-120_leg-1,,EnxetSur,120_leg,egyók,egyók,ɪ ŋ + j ɔː k,,curtis2018,,,,,,0,0,_:poss leg
EnxetSur-126_liedown-1,,EnxetSur,126_liedown,Negyetno; Nempexyaweykha; Nensekhayo,negyetno,n ɪ ŋ + j ɪ t n o,,curtis2018,,,,,,0,0,_:1pl lie.down
EnxetSur-126_liedown-2,,EnxetSur,126_liedown,Negyetno; Nempexyaweykha; Nensekhayo,nempexyaweykha,n ɪ m + p ɪ ɬ j ʌ w ei k h ʌ,,curtis2018,,,,,,0,0,_:1pl lie.down
EnxetSur-126_liedown-3,,EnxetSur,126_liedown,Negyetno; Nempexyaweykha; Nensekhayo,nensekhayo,n i n + s ɪ k h ʌ j o,,curtis2018,,,,,,0,0,_:1pl lie.down
EnxetSur-109_lightning-1,,EnxetSur,109_lightning,Élyenma; Apkelyenma takha’,élyenma,ɪː l + j ɪ n m ʌ,,curtis2018,,,,,,0,0,_:dist lightning
EnxetSur-109_lightning-2,,EnxetSur,109_lightning,Élyenma; Apkelyenma takha’,apkelyenma takha’,ʌ kː + ɪ l + j ɪ n m ʌ + t ʌ k h ʌ ʔ,,curtis2018,,,,,,0,0,_:masc _:dist lightning thunder
EnxetSur-62_lip-1,,EnxetSur,62_lip,Néten egátog (sup); Kóñegátog (inf),néten egátog,n eː t ɪ n + ɪ ŋ + ɑː t ʊ ŋ,,curtis2018,,,,,,0,0,above _:poss mouth
EnxetSur-62_lip-2,,EnxetSur,62_lip,Néten egátog (sup); Kóñegátog (inf),kóneg egátog,k ɔː n ɪ ŋ + ɪ ŋ + ɑː t ʊ ŋ,,curtis2018,,,,,,0,0,under _:poss mouth
EnxetSur-136_littlequantityfew-1,,EnxetSur,136_littlequantityfew,Ántawo; Asexte’; Ekmasexta; Ketse’;,ántawo,ɑː n t ʌ w o,,curtis2018,,,,,,0,0,?
EnxetSur-136_littlequantityfew-2,,EnxetSur,136_littlequantityfew,Ántawo; Asexte’; Ekmasexta; Ketse’;,asexte’,ʌ s ɪ ɬ t ɪ,,curtis2018,,,,,,0,0,?
EnxetSur-136_littlequantityfew-3,,EnxetSur,136_littlequantityfew,Ántawo; Asexte’; Ekmasexta; Ketse’;,ekmasexta,ɪ k + m ʌ s ɪ ɬ t ʌ,,curtis2018,,,,,,0,0,_:fem little
EnxetSur-136_littlequantityfew-4,,EnxetSur,136_littlequantityfew,Ántawo; Asexte’; Ekmasexta; Ketse’;,ketse’,k ɪ t s ɪ ʔ,,curtis2018,,,,,,0,0,?
EnxetSur-173_lizard-1,,EnxetSur,173_lizard,póma; Áwa’ apyawe; yát'áwa',póma,p ɔː m ʌ,,curtis2018,,,,,,0,0,?
EnxetSur-173_lizard-2,,EnxetSur,173_lizard,póma; Áwa’ apyawe; yát'áwa',áwa’ apyawe,ɑː + w ʌ ʔ + ʌ p + j ʌ w e,,curtis2018,,,,,,0,0,_:fem hair _:masc big
EnxetSur-173_lizard-3,,EnxetSur,173_lizard,póma; Áwa’ apyawe; yát'áwa',yát'áwa',j ɑː tˀ ɑː w ʌ ʔ,,curtis2018,,,,,,0,0,?
EnxetSur-288_lung-1,,EnxetSur,288_lung,Élexyawe egagkok; Kohoj,élexyawe egagkok,ɪː l ɪ ɬ j ʌ w e + ɪ ŋ ʌ ŋ k ʊ k,,curtis2018,,,,,,0,0,lung our
EnxetSur-288_lung-2,,EnxetSur,288_lung,Élexyawe egagkok; Kohoj,kohoj,k o h o x,,curtis2018,,,,,,0,0,?
EnxetSur-287_maizecorn-1,,EnxetSur,287_maizecorn,Latsehe’,latsehe',l ʌ t s ɪ h ɪ,,curtis2018,,,,,,0,0,?
EnxetSur-290_mosquito-1,,EnxetSur,290_mosquito,páye,páye,p ɑː j ɪ,,curtis2018,,,,,,0,0,?
EnxetSur-66_mother-1,,EnxetSur,66_mother,Egken; méme,egken,ɪ ŋ k ɪ n,,curtis2018,,,,,,0,0,?
EnxetSur-66_mother-2,,EnxetSur,66_mother,Egken; méme,méme,m eː m e,,curtis2018,,,,,,0,0,?
EnxetSur-59_mouth-1,,EnxetSur,59_mouth,átog,átog,ɑː t ʊ ŋ,,curtis2018,,,,,,0,0,?
EnxetSur-147_muchmany-1,,EnxetSur,147_muchmany,Ekxámokma,ekxámokma,ɪ k + ɬ ɑː m ɒ k m ʌ,,curtis2018,,,,,,0,0,_:fem many
EnxetSur-208_mule-1,,EnxetSur,208_mule,Élyeheykok,élyeheykok,ɪː l + j ɪ h ei k ʊ k,,curtis2018,,,,,,0,0,_:dist mule
EnxetSur-144_mute-1,,EnxetSur,144_mute,Énxet meyke appeywa; Kamopwána; Magmowána; Kamowána,énxet meyke appeywa,e n ɬ ɪ t + m eː k ɪ + ʌ + p ɛː w ʌ,,curtis2018,,,,,,0,0,person without _:poss speech
EnxetSur-144_mute-2,,EnxetSur,144_mute,Énxet meyke appeywa; Kamopwána; Magmowána; Kamowána,magmowána,m + ʌ ŋ + m o w ɑː n ʌ,,curtis2018,,,,,,0,0,_:neg _:fem be.able
EnxetSur-291_name-1,,EnxetSur,291_name,Negwesey,negwesey,n ɪ ŋ + w ɪ s ɛː,,curtis2018,,,,,,0,0,_:1pl name
EnxetSur-145_nearadv-1,,EnxetSur,145_nearadv,Ekyekpenta; Ekyeppenta; Eyágketweykta’; Keto’,ekyeppenta,ɪ k + j ɪ pː ɪ n t ʌ,,curtis2018,,,,,,0,0,_:fem near
EnxetSur-145_nearadv-2,,EnxetSur,145_nearadv,Ekyekpenta; Ekyeppenta; Eyágketweykta’; Keto’,eyágketweykta’,ɪ j a ŋ k ɪ t w ei k t ʌ ʔ,,curtis2018,,,,,,0,0,?
EnxetSur-145_nearadv-3,,EnxetSur,145_nearadv,Ekyekpenta; Ekyeppenta; Eyágketweykta’; Keto’,keto’,k ɪ t o ʔ,,curtis2018,,,,,,0,0,?
EnxetSur-292_old-1,,EnxetSur,292_old,Ápak,ápak,ɑː p ʌ k,,curtis2018,,,,,,0,0,?
EnxetSur-206_oldman-1,,EnxetSur,206_oldman,Ekwányam; Kelaphope (peyor),ekwányam,ɪ k + w ɑː n j ʌ m,,curtis2018,,,,,,0,0,_:fem old
EnxetSur-206_oldman-2,,EnxetSur,206_oldman,Ekwányam; Kelaphope (peyor),kelaphope,k ɪ l ʌ p h ɔ p e,,curtis2018,,,,,,0,0,?
EnxetSur-207_oldwoman-1,,EnxetSur,207_oldwoman,Kel’ape’ (pey.); Ekwányam,kel’ape’,k ɪ l ʔ ɑ pˀ ɛ,,curtis2018,,,,,,0,0,?
EnxetSur-207_oldwoman-2,,EnxetSur,207_oldwoman,Kel’ape’ (pey.); Ekwányam,ekwányam,ɪ k + w ɑː n j ʌ m,,curtis2018,,,,,,0,0,_:fem old
EnxetSur-152_one-1,,EnxetSur,152_one,xama,xama,ɬ ʌ m ʌ,,curtis2018,,,,,,0,0,?
EnxetSur-293_owl-1,,EnxetSur,293_owl,Aqsok élyawe aqtek; Élyawaktek; Kelyekhama’ náta; Leklek,aqsok élyawe aqtek,ʌ q s ʊ k + ɪː l + j ʌ w ɪ + ʌ q t ɪ k,,curtis2018,,,,,,0,0,thing _:dist big eye
EnxetSur-293_owl-2,,EnxetSur,293_owl,Aqsok élyawe aqtek; Élyawaktek; Kelyekhama’ náta; Leklek,élyawaktek,ɪː l + j ʌ w ʌ + k t ɪ k,,curtis2018,,,,,,0,0,_:dist big eye
EnxetSur-293_owl-3,,EnxetSur,293_owl,Aqsok élyawe aqtek; Élyawaktek; Kelyekhama’ náta; Leklek,kelyekhama’ náta,k ɪ l j ɪ k h ʌ m ʌ ʔ + n ɑː t ʌ,,curtis2018,,,,,,0,0,demon bird
EnxetSur-293_owl-4,,EnxetSur,293_owl,Aqsok élyawe aqtek; Élyawaktek; Kelyekhama’ náta; Leklek,leklek,l ɪ k l ɪ k,,curtis2018,,,,,,0,0,?
EnxetSur-99_palmofhand-1,,EnxetSur,99_palmofhand,Awáxok egmek,awáxok egmek,ɑ + w ɑː ɬ ʊ k + ɪ ŋ + m ɪ k,,curtis2018,,,,,,0,0,_:poss interior _:poss hand
EnxetSur-69_parents-1,,EnxetSur,69_parents,Egyepmeyk; enchána?,egyepmeyk,ɪ ŋ + j ɪ p m ɛː k,,curtis2018,,,,,,0,0,_:poss ?
EnxetSur-69_parents-2,,EnxetSur,69_parents,egyepmeyk; enchána,enchána,ɪ n + tʃ ɑː n ʌ,,curtis2018,,,,,,0,0,_:1pl mothers
EnxetSur-289_parrot-1,,EnxetSur,289_parrot,Ekyexwase apyepakyek; ta'aw'ay,ekyexwase apyepakyek,ɪ k + j ɪ ɬ w ʌ s e + ʌ p + j ɪ p ʌ k j ɪ k,,curtis2018,,,,,,0,0,_:pred red _:poss tail
EnxetSur-289_parrot-2,,EnxetSur,289_parrot,Ekyexwase apyepakyek; ta'aw'ay,ta'aw'ay,t ʌ ʔ ʌ w ʔ ʌi,,curtis2018,,,,,,0,0,?
EnxetSur-86_path-1,,EnxetSur,86_path,Ámay,ámay,ɑː m ʌi,,curtis2018,,,,,,0,0,?
EnxetSur-249_penis-1,,EnxetSur,249_penis,Entexla,entexla,ɪ n + t ɪ ɬ l ʌ ʔ,,curtis2018,,,,,,0,0,_:poss penis
EnxetSur-249_penis-2,,EnxetSur,249_penis,Apagkaqsok,apagkaqsok,ʌ p ʌ ŋ k ʌ q s ʊ k,,curtis2018,,,,,,0,0,?
EnxetSur-280_personhumanbeing-1,,EnxetSur,280_personhumanbeing,énxet,énxet,e n ɬ ɪ t,,curtis2018,,,,,,0,0,?
EnxetSur-302_pig-1,,EnxetSur,302_pig,yátapomap,yátapomap,j ɑː t ʌ + p o m a p,,curtis2018,,,,,,0,0,_:aum pig
EnxetSur-87_place-1,,EnxetSur,87_place,Enxagkok?,enxagkok,ɪ n + ɬ ʌ ŋ k ʊ k,,curtis2018,,,,,,0,0,_:poss place
EnxetSur-143_plantvb-1,,EnxetSur,143_plantvb,Énamaxche; Negkenma,énamaxche,ɪː n + ʌ m + ʌ ɬ tʃ ɪ,,curtis2018,,,,,,0,0,plant _:ti _:mid
EnxetSur-143_plantvb-2,,EnxetSur,143_plantvb,Énamaxche; Negkenma,negkenma,n ɪ ŋ + k ɪ n + m ʌ,,curtis2018,,,,,,0,0,_:1pl plant _:inf
EnxetSur-258_poison-1,,EnxetSur,258_poison,pánaqte,pánaqte,p ɑː n ʌ q t e,,curtis2018,,,,,,0,0,?
EnxetSur-294_pus-1,,EnxetSur,294_pus,Cháwen,cháwen,tʃ ɑː w ɪ n,,curtis2018,,,,,,0,0,?
EnxetSur-50_red-1,,EnxetSur,50_red,Élyexwáseykha (rojo matizado); Ekyexwase,élyexwáseykha,ɪː l + j ɪ ɬ w ɑː s + ei k h ʌ,,curtis2018,,,,,,0,0,_:dist red _:vblz
EnxetSur-50_red-2,,EnxetSur,50_red,Élyexwáseykha (rojo matizado); Ekyexwase,ekyexwase,ɪ k + j ɪ ɬ w ʌ s + e,,curtis2018,,,,,,0,0,_:fem red _:inf
EnxetSur-295_ripe-1,,EnxetSur,295_ripe,Ekmakhetma,ekmakhetma,ɪ k + m ʌ k h ɪ t + m ʌ,,curtis2018,,,,,,0,0,_:fem ripe _:inf
EnxetSur-296_road-1,,EnxetSur,296_road,Naxma’ ámay; Ámay,naxma’ ámay,n ʌ ɬ m ʌ ʔ + ɑː m ai,,curtis2018,,,,,,0,0,forest road
EnxetSur-296_road-2,,EnxetSur,296_road,Naxma’ ámay; Ámay,ámay,ɑː m ai,,curtis2018,,,,,,0,0,?
EnxetSur-298_ropecord-1,,EnxetSur,298_ropecord,Axát’ák; táma,axát’ák,ʌ ɬ ʌ tˀ a k,,curtis2018,,,,,,0,0,?
EnxetSur-298_ropecord-2,,EnxetSur,298_ropecord,Axát’ák; táma,táma,t ɑː m ʌ,,curtis2018,,,,,,0,0,?
EnxetSur-142_sap-1,,EnxetSur,142_sap,Agye’,agye',ʌ ŋ j ɪ ʔ,,curtis2018,,,,,,0,0,?
EnxetSur-163_see-1,,EnxetSur,163_see,Nenlányo; Negwete,nenlányo,n ɪ n + l ɑː n j o,,curtis2018,,,,,,0,0,_:1pl see
EnxetSur-163_see-2,,EnxetSur,163_see,Nenlányo; Negwete,negwete,n ɪ ŋ + w ɪ t e,,curtis2018,,,,,,0,0,_:1pl see
EnxetSur-74_seed-1,,EnxetSur,74_seed,Aktek,aktek,ʌ k t ɪ k,,curtis2018,,,,,,0,0,?
EnxetSur-105_shadeshadow-1,,EnxetSur,105_shadeshadow,pessesse,pessesse,p ɪ sː ɪ sː ɪ,,curtis2018,,,,,,0,0,?
EnxetSur-115_sheep-1,,EnxetSur,115_sheep,Nepkések,nepkések,n ɪ kː eː s i k,,curtis2018,,,,,,0,0,?
EnxetSur-148_short-1,,EnxetSur,148_short,Ekpense,ekpense,ɪ k + p ɪ n s ɪ,,curtis2018,,,,,,0,0,_:fem short
EnxetSur-39_sit-1,,EnxetSur,39_sit,Negha; Nentaháno,negha,n ɪ ŋ + h ʌ,,curtis2018,,,,,,0,0,_:1pl sit
EnxetSur-39_sit-2,,EnxetSur,39_sit,Negha; Nentaháno,nentaháno,n ɪ n + t ʌ h ɑː n + o,,curtis2018,,,,,,0,0,_:1pl sit _:nmlz
EnxetSur-75_skinhide-1,,EnxetSur,75_skinhide,Aqsok empehek; Egyempehek,aqsok empehek,ʌ q s ʊ k + ɪ m p ɪ h ɪ k,,curtis2018,,,,,,0,0,thing skin
EnxetSur-75_skinhide-2,,EnxetSur,75_skinhide,Aqsok empehek; Egyempehek,egyempehek,ɪ ŋ + j ɪ m p ɪ h ɪ k,,curtis2018,,,,,,0,0,_:poss skin
EnxetSur-88_skull-1,,EnxetSur,88_skull,Empátek axchapok; Kelpátexchapok,empátek axchapok,ɪ m + p ɑː t ɪ k + ʌ + ɬ tʃ ʌ p o k,,curtis2018,,,,,,0,0,_:poss head _:poss bone
EnxetSur-88_skull-2,,EnxetSur,88_skull,Empátek axchapok; Kelpátexchapok,kelpátexchapok,k ɪ l + p ɑː t + ɪ ɬ tʃ ʌ p o k,,curtis2018,,,,,,0,0,_:poss head bone
EnxetSur-93_sky-1,,EnxetSur,93_sky,Néten,néten,n eː t ɪ n,,curtis2018,,,,,,0,0,?
EnxetSur-125_sleep-1,,EnxetSur,125_sleep,nenteyenma,nenteyenma,n ɪ n + t ɪ j ɪ n + m ʌ,,curtis2018,,,,,,0,0,_:1pl sleep _:inf
EnxetSur-100_smalllittle-1,,EnxetSur,100_smalllittle,Ketse’; Egketcheyetse’,ketse’,k ɪ t s ɪ ʔ,,curtis2018,,,,,,0,0,?
EnxetSur-100_smalllittle-2,,EnxetSur,100_smalllittle,Ketse’; Egketcheyetse’,egketcheyetse’,ɪ ŋ + k ɪ t tʃ ɪ j ɪ t s ɪ ʔ,,curtis2018,,,,,,0,0,_:1pl small
EnxetSur-245_snail-1,,EnxetSur,245_snail,Momátek (arc botón); akpog,akpog,ʌ k p o ŋ,,curtis2018,,,,,,0,0,?
EnxetSur-245_snail-2,,EnxetSur,245_snail,Momátek (arc botón); akpog,momátek,m o m ɑː t ɪ k,,curtis2018,,,,,,0,0,?
EnxetSur-104_soulspirit-1,,EnxetSur,104_soulspirit,Ekyókxa negwanmagko; Eghagák,ekyókxa negwanmagko,ɪ k j ɔː k ɬ ʌ + n ɪ ŋ w ʌ n m ʌ ŋ k o,,curtis2018,,,,,,0,0,rite.of.passage be.silent
EnxetSur-104_soulspirit-2,,EnxetSur,104_soulspirit,Ekyókxa negwanmagko; Eghagák,eghagák,ɪ ŋ + h ʌ ŋ a k,,curtis2018,,,,,,0,0,_:poss soul
EnxetSur-35_spider-1,,EnxetSur,35_spider,Latsáhaktek apwokmo’; Melanma; yaweyke,latsáhaktek apwokmo’,l ʌ t s ɑː h + ʌ k t ɪ k + ʌ p + w ɔ k m ɔ ʔ,,curtis2018,,,,,,0,0,maize grain _:poss stomach
EnxetSur-35_spider-2,,EnxetSur,35_spider,Latsáhaktek apwokmo’; Melanma; yaweyke,melanma,m ɪ l ʌ n m ʌ,,curtis2018,,,,,,0,0,?
EnxetSur-35_spider-3,,EnxetSur,35_spider,Latsáhaktek apwokmo’; Melanma; yaweyke,yaweyke,j ʌ w ei k ɪ,,curtis2018,,,,,,0,0,?
EnxetSur-168_star-1,,EnxetSur,168_star,yaw'a,yaw'a,j ɑu ʔ ʌ,,curtis2018,,,,,,0,0,?
EnxetSur-107_summer-1,,EnxetSur,107_summer,Ekmexanmakxa ekhem; Ekmexanmakxaxma,ekmexanmakxa ekhem,ɪ k + m ɪ ɬ ʌ n + m + ʌ k ɬ ʌ + ɪ k h ɪ m,,curtis2018,,,,,,0,0,_:pred hot _:ind _:nmlz sun
EnxetSur-107_summer-2,,EnxetSur,107_summer,Ekmexanmakxa ekhem; Ekmexanmakxaxma,ekmexanmakxaxma,ɪ k + m ɪ ɬ ʌ n + m + ʌ k ɬ ʌ + ɬ m ʌ,,curtis2018,,,,,,0,0,_:pred hot _:ind _:nmlz _:loc
EnxetSur-47_sun-1,,EnxetSur,47_sun,Ekhem,ekhem,ɪ k h ɪ m,,curtis2018,,,,,,0,0,?
EnxetSur-271_sweetpotato-1,,EnxetSur,271_sweetpotato,pehe',pehe',p ɪ h ɪː ʔ,,curtis2018,,,,,,0,0,?
EnxetSur-114_tail-1,,EnxetSur,114_tail,épakyek,épakyek,ɛː p ʌ k j ɪ k,,curtis2018,,,,,,0,0,?
EnxetSur-270_tapiocamanioccassava-1,,EnxetSur,270_tapiocamanioccassava,Kemhaneyntem; Naqwe meyk’a; sappo; Chamhanentem,kemhaneyntem,k ɪ m h ʌ n ɛː n t ɪ m,,curtis2018,,,,,,0,0,?
EnxetSur-270_tapiocamanioccassava-2,,EnxetSur,270_tapiocamanioccassava,Kemhaneyntem; Naqwe meyk’a; sappo; Chamhanentem,naqwe meyk’a,n ʌ q w e + m ei kˀ ʌ,,curtis2018,,,,,,0,0,? visitor
EnxetSur-270_tapiocamanioccassava-3,,EnxetSur,270_tapiocamanioccassava,Kemhaneyntem; Naqwe meyk’a; sappo; Chamhanentem,sappo,s ʌ pː o,,curtis2018,,,,,,0,0,?
EnxetSur-200_testicle-1,,EnxetSur,200_testicle,Empopok; Egancha’ak,egancha’ak,ɪ ŋ + ʌ n tʃ ʌ ʔ a k,,curtis2018,,,,,,0,0,_:poss testicles
EnxetSur-200_testicle-2,,EnxetSur,200_testicle,Empopok; Egancha’ak,empopok,ɪ m + p o p o k,,curtis2018,,,,,,0,0,_:poss testicles
EnxetSur-153_three-1,,EnxetSur,153_three,Ántánxo,ántánxo,ɑː n t a n ɬ o,,curtis2018,,,,,,0,0,?
EnxetSur-63_thumb-1,,EnxetSur,63_thumb,Egaphék ekwányam; Egaphék ekyawe,egaphék ekwányam,ɪ ŋ + ʌ p h ɪː k + ɪ k + w a n j ʌ m,,curtis2018,,,,,,0,0,_:poss finger _:pred big
EnxetSur-63_thumb-2,,EnxetSur,63_thumb,Egaphék ekwányam; Egaphék ekyawe,egaphék ekyawe,ɪ ŋ + ʌ p h ɪː k + ɪ k + j ʌ w ɛ,,curtis2018,,,,,,0,0,_:poss finger _:pred big
EnxetSur-299_thunder-1,,EnxetSur,299_thunder,takha',takha',t ʌ k h ʌ ʔ,,curtis2018,,,,,,0,0,?
EnxetSur-300_tobacco-1,,EnxetSur,300_tobacco,Héna’,héna’,h eː n ʌ ʔ,,curtis2018,,,,,,0,0,?
EnxetSur-251_tongue-1,,EnxetSur,251_tongue,egaxkok,egaxkok,ɪ ŋ + ʌ ɬ k ʊ k,,curtis2018,,,,,,0,0,_:poss tongue
EnxetSur-52_treecf08600-1,,EnxetSur,52_treecf08600,yámet,yámet,j ɑː m ɪ t,,curtis2018,,,,,,0,0,?
EnxetSur-135_two-1,,EnxetSur,135_two,apqánet,apqánet,ʌ p + q ɑː n ɪ t,,curtis2018,,,,,,0,0,_:masc two
EnxetSur-262_under-1,,EnxetSur,262_under,Kóneg,kóneg,k ɔː n ɪ ŋ,,curtis2018,,,,,,0,0,?
EnxetSur-268_upabove-1,,EnxetSur,268_upabove,Néten,néten,n eː t ɪ n,,curtis2018,,,,,,0,0,?
EnxetSur-301_urinate-1,,EnxetSur,301_urinate,Élyesweymáxche; Negyésso; Negyeswe,élyesweymáxche,ɪː l + j ɪ s w ɛː + m ɑː ɬ tʃ ɪ,,curtis2018,,,,,,0,0,_:dist urinate _:mid
EnxetSur-301_urinate-2,,EnxetSur,301_urinate,Élyesweymáxche; Negyésso; Negyeswe,negyésso,n ɪ ŋ + j eː s o,,curtis2018,,,,,,0,0,_:1pl urinate
EnxetSur-301_urinate-3,,EnxetSur,301_urinate,Élyesweymáxche; Negyésso; Negyeswe,negyeswe,n ɪ ŋ + j ɪ s w ɛ,,curtis2018,,,,,,0,0,_:1pl urinate
EnxetSur-84_veinartery-1,,EnxetSur,84_veinartery,Áhak; Éma atamnek,áhak,ɑː h ʌ k,,curtis2018,,,,,,0,0,?
EnxetSur-84_veinartery-2,,EnxetSur,84_veinartery,Áhak; Éma atamnek,éma atamnek,eː m ʌ + ʌ + t ʌ m n ɪ k,,curtis2018,,,,,,0,0,blood _:poss footprint
EnxetSur-73_village-1,,EnxetSur,73_village,nátegma,nátegma,n ɑː + t ɪ ŋ m ʌ,,curtis2018,,,,,,0,0,_:collec house
EnxetSur-269_wakeup-1,,EnxetSur,269_wakeup,Nenxátekhe,nenxátekhe,n ɪ n + ɬ ɑː t ɪ k h e,,curtis2018,,,,,,0,0,_:1pl wake.up
EnxetSur-257_wasp-1,,EnxetSur,257_wasp,Kelyenhanáwa; Kenáwet; Maha’; Neymog (borrar en abeja); Cháye askok,kelyenhanáwa,k ɪ l j ɪ n h ʌ n ɑː w ʌ,,curtis2018,,,,,,0,0,?
EnxetSur-257_wasp-2,,EnxetSur,257_wasp,Kelyenhanáwa; Kenáwet; Maha’; Neymog (borrar en abeja); Cháye askok,kenáwet,k ɪ n ɑː w ɪ t,,curtis2018,,,,,,0,0,?
EnxetSur-257_wasp-3,,EnxetSur,257_wasp,Kelyenhanáwa; Kenáwet; Maha’; Neymog (borrar en abeja); Cháye askok,maha’,m ʌ h ʌ ʔ,,curtis2018,,,,,,0,0,?
EnxetSur-257_wasp-4,,EnxetSur,257_wasp,Kelyenhanáwa; Kenáwet; Maha’; Neymog (borrar en abeja); Cháye askok,neymog,n ɛː m ʊ ŋ,,curtis2018,,,,,,0,0,?
EnxetSur-257_wasp-5,,EnxetSur,257_wasp,Kelyenhanáwa; Kenáwet; Maha’; Neymog (borrar en abeja); Cháye askok,cháye askok,tʃ ɑː j ɪ + ʌ s k ʊ k,,curtis2018,,,,,,0,0,Morrenia.odorata bug
EnxetSur-140_where-1,,EnxetSur,140_where,Háxko,háxko,h ɑː ɬ k o,,curtis2018,,,,,,0,0,?
EnxetSur-244_white-1,,EnxetSur,244_white,Negmope,negmope,n ɪ ŋ + m o p + e,,curtis2018,,,,,,0,0,_:fem white _:inf
EnxetSur-71_window-1,,EnxetSur,71_window,átog etkók,átog etkók,ɑː t ʊ ŋ + ɪː t k ʊ k,,curtis2018,,,,,,0,0,door small
EnxetSur-98_wing-1,,EnxetSur,98_wing,axempenek,axempenek,ʌ + ɬ ɪ m p ɪ n ɪ k,,curtis2018,,,,,,0,0,_:fem wings
EnxetSur-161_wolf-1,,EnxetSur,161_wolf,wáwo,wáwo,w ɑː w o,,curtis2018,,,,,,0,0,?
EnxetSur-68_womb-1,,EnxetSur,68_womb,Negye’,negye’,n ɪ ŋ + j e,,curtis2018,,,,,,0,0,_:1pl womb
EnxetSur-165_write-1,,EnxetSur,165_write,nentáxesso,nentáxesso,n ɪ n + t ɑː ɬ ɪ + sː o,,curtis2018,,,,,,0,0,_:1pl write _:caus
EnxetSur-106_year-1,,EnxetSur,106_year,apyeyam?,apyeyam,ʌ p + j ɪ j ʌ m,,curtis2018,,,,,,0,0,_:masc year
EnxetSur-167_yellow-1,,EnxetSur,167_yellow,Ekyátekto,ekyátekto,ɪ k + j ɑː t ɪ k t + o,,curtis2018,,,,,,0,0,_:fem yellow _:inf
Tapiete-46_animal-1,,Tapiete,46_animal,mɨmba,mɨmba,m ɨ ⁿb a,,gonzalez2011,,,,,,0,0,?
Tapiete-118_ant-1,,Tapiete,118_ant,hahara; tasɨ,hahara,h a h a r a,,gonzalez2011,,,,,,0,0,?
Tapiete-118_ant-2,,Tapiete,118_ant,hahara; tasɨ,tasɨ,t a s ɨ,,gonzalez2011,,,,,,0,0,?
Tapiete-57_arm-1,,Tapiete,57_arm,ti-yɨwa; tɨ-papɨ,ti-yɨwa,t i + dʒ ɨ w a,,gonzalez2011,,,,,,0,0,_:poss arm
Tapiete-57_arm-2,,Tapiete,57_arm,ti-yɨwa; tɨ-papɨ,tɨ-papɨ,t ɨ + p a p ɨ,,gonzalez2011,,,,,,0,0,_:poss arm
Tapiete-274_ashes-1,,Tapiete,274_ashes,tanimbu,tanimbu,t a n i ⁿb u,,gonzalez2011,,,,,,0,0,?
Tapiete-242_assdonkey-1,,Tapiete,242_assdonkey,mbirika,mbirika,ⁿb i r i k a,,gonzalez2011,,,,,,0,0,?
Tapiete-82_back-1,,Tapiete,82_back,tukupe,tukupe,t u + k u p e,,gonzalez2011,,,,,,0,0,neck behind
Tapiete-90_bark-1,,Tapiete,90_bark,tipire,tipire,t i + p i r e,,gonzalez2011,,,,,,0,0,_:poss bark
Tapiete-80_beak-1,,Tapiete,80_beak,i-nti,i-nti,i + n t i,,gonzalez2011,,,,,98,0,0,_:poss beak
Tapiete-253_bear-1,,Tapiete,253_bear,apɨrakwa (oso bandera); apɨrakwamí (oso hormiguero),apɨrakwa,a p ɨ r a k w a,,gonzalez2011,,,,,,0,0,?
Tapiete-253_bear-2,,Tapiete,253_bear,apɨrakwa (oso bandera); apɨrakwamí (oso hormiguero),apɨrakwamí,a p ɨ r a k w a + m i,,gonzalez2011,,,,,,0,0,bear _:dim
Tapiete-58_beard-1,,Tapiete,58_beard,tɨndɨwá,t+ɨndɨwá,t + ɨ ⁿd ɨ w a,,gonzalez2011,,,,,,0,0,_:poss beard
Tapiete-124_bed-1,,Tapiete,124_bed,tupa; wäräpembɨ (vacía),tupa,t + u p a,,gonzalez2011,,,,,,0,0,_:poss bed
Tapiete-124_bed-2,,Tapiete,124_bed,tupa; wäräpembɨ (vacía),wäräpembɨ,w ã r ã p e m b ɨ,,gonzalez2011,,,,,,0,0,?
Tapiete-55_bee-1,,Tapiete,55_bee,eiwasu-tu; mba'etú; tärähënotu,eiwasu-tu,ei + w a s u + t + u,,gonzalez2011,,,,,,0,0,honey big _:poss father
Tapiete-55_bee-2,,Tapiete,55_bee,eiwasu-tu; mba'etú; tärähënotu,mba'etú,ⁿb a ʔ e t u,,gonzalez2011,,,,,,0,0,?
Tapiete-55_bee-3,,Tapiete,55_bee,eiwasu-tu; mba'etú; tärähënotu,tärähëno+t+u,t ã r ã h ẽ n o + t + u,,gonzalez2011,,,,,,0,0,honey _:poss father
Tapiete-187_bird-1,,Tapiete,187_bird,wɨra,wɨra,w ɨ r a,,gonzalez2011,,,,,,0,0,?
Tapiete-243_black-1,,Tapiete,243_black,hü,hü,h ũ,,gonzalez2011,,,,,,0,0,?
Tapiete-85_blood-1,,Tapiete,85_blood,turuwɨ,turuwɨ,t u r + u w ɨ,,gonzalez2011,,,,,,0,0,_:poss blood
Tapiete-83_bone-1,,Tapiete,83_bone,tɨnkäwë,tɨnkäwë,t ɨ n + k ã w ẽ,,gonzalez2011,,,,,,0,0,_:poss bone
Tapiete-40_borntobe-1,,Tapiete,40_borntobe,a,a,a,,gonzalez2011,,,,,,0,0,?
Tapiete-256_bull-1,,Tapiete,256_bull,toro kwimbaekwe,toro kwimbaekwe,t o r o + k w i m b a e + k w e,,gonzalez2011,,,,,,0,0,bull male _:aug
Tapiete-123_burnvbintrans-1,,Tapiete,123_burnvbintrans,hapɨ; hendɨ,hapɨ,h a p ɨ,,gonzalez2011,,,,,,0,0,?
Tapiete-123_burnvbintrans-2,,Tapiete,123_burnvbintrans,hapɨ; hendɨ,hendɨ,h + e ⁿd ɨ,,gonzalez2011,,,,,,0,0,_:3sg flame
Tapiete-278_buy-1,,Tapiete,278_buy,wa,wa,w a,,gonzalez2011,,,,,,0,0,?
Tapiete-273_cat-1,,Tapiete,273_cat,minta; mbarakáya,minta,m i n t a,,gonzalez2011,,,,,,0,0,?
Tapiete-273_cat-2,,Tapiete,273_cat,minta; mbarakáya,mbarakáya,ⁿb a r a k a dʒ a,,gonzalez2011,,,,,,0,0,?
Tapiete-254_chest-1,,Tapiete,254_chest,titi'a,titi'a,t i t i ʔ a,,gonzalez2011,,,,,,0,0,?
Tapiete-101_child-1,,Tapiete,101_child,nde'i; sanya'ɨ,nde'i,ⁿd e ʔ i,,gonzalez2011,,,,,,0,0,?
Tapiete-101_child-2,,Tapiete,101_child,nde'i; sanya'ɨ,sanya'ɨ,s a n dʒ a ʔ ɨ,,gonzalez2011,,,,,,0,0,?
Tapiete-61_chin-1,,Tapiete,61_chin,t-añɨnka,t-añɨnka,t + a ɲ ɨ ŋ k a,,gonzalez2011,,,,,,0,0,_:poss chin
Tapiete-92_cloud-1,,Tapiete,92_cloud,ama-pɨntu,ama-pɨntu,a m a + p ɨ n t u,,gonzalez2011,,,,,,0,0,rain night
Tapiete-266_cold-1,,Tapiete,266_cold,ro'ɨ; nɨ'ɨnsa,ro'ɨ,r + o ʔ ɨ,,gonzalez2011,,,,,,0,0,_:poss cold
Tapiete-266_cold-2,,Tapiete,266_cold,ro'ɨ; nɨ'ɨnsa,nɨ'ɨnsa,n ɨ ʔ ɨ + n s a,,gonzalez2011,,,,,,0,0,cold _:suff/sa
Tapiete-279_come-1,,Tapiete,279_come,ai; yɨ,ai,ai,,gonzalez2011,,,,,,0,0,?
Tapiete-279_come-2,,Tapiete,279_come,ai; yɨ,yɨ,dʒ ɨ,,gonzalez2011,,,,,,0,0,?
Tapiete-159_cook-1,,Tapiete,159_cook,möï: mamimo,möï,m õ i,,gonzalez2011,,,,,,0,0,?
Tapiete-159_cook-2,,Tapiete,159_cook,möï: mamimo,mamimo,m a m i m o,,gonzalez2011,,,,,,0,0,?
Tapiete-76_cover-1,,Tapiete,76_cover,yaso'i,yaso'i,dʒ a s o ʔ i,,gonzalez2011,,,,,,0,0,?
Tapiete-252_cow-1,,Tapiete,252_cow,waka,waka,w a k a,,gonzalez2011,,,,,,0,0,?
Tapiete-260_crocodilealligator-1,,Tapiete,260_crocodilealligator,painsha,painsha,p ai n ʃ a,,gonzalez2011,,,,,,0,0,?
Tapiete-277_cryweep-1,,Tapiete,277_cryweep,yahe'o,yahe'o,dʒ a h e ʔ o,,gonzalez2011,,,,,,0,0,?
Tapiete-166_deer-1,,Tapiete,166_deer,wasu,wasu,w a s u,,gonzalez2011,,,,,,0,0,?
Tapiete-129_dog-1,,Tapiete,129_dog,ña'ɨmba,ña'ɨmba,ɲ a ʔ ɨ ⁿb a,,gonzalez2011,,,,,,0,0,?
Tapiete-60_doorgate-1,,Tapiete,60_doorgate,onche,onche,o n tʃ e,,gonzalez2011,,,,,,0,0,?
Tapiete-174_dove-1,,Tapiete,174_dove,"pɨkasu (pinta, 'i); pukui; yɨruti",pɨkasu,p ɨ k a s u,,gonzalez2011,,,,,,0,0,?
Tapiete-174_dove-2,,Tapiete,174_dove,"pɨkasu (pinta, 'i); pukui; yɨruti",pɨkasu pinta,p ɨ k a s u + p i n t a,,gonzalez2011,,,,,,0,0,dove red
Tapiete-174_dove-3,,Tapiete,174_dove,"pɨkasu (pinta, 'i); pukui; yɨruti",pɨkasu'i,p ɨ k a s u + ʔ i,,gonzalez2011,,,,,,0,0,dove _:dim
Tapiete-174_dove-4,,Tapiete,174_dove,"pɨkasu (pinta, 'i); pukui; yɨruti",pukui,p u k ui,,gonzalez2011,,,,,,0,0,?
Tapiete-174_dove-5,,Tapiete,174_dove,"pɨkasu (pinta, 'i); pukui; yɨruti",yɨruti,dʒ ɨ r u t i,,gonzalez2011,,,,,,0,0,?
Tapiete-162_drink-1,,Tapiete,162_drink,ka'u; mbusururu; 'u,ka'u,k a ʔ u,,gonzalez2011,,,,,,0,0,?
Tapiete-162_drink-2,,Tapiete,162_drink,ka'u; mbusururu; 'u,mbusururu,ⁿb u s u r u r u,,gonzalez2011,,,,,,0,0,?
Tapiete-162_drink-3,,Tapiete,162_drink,ka'u; mbusururu; 'u,'u,ʔ u,,gonzalez2011,,,,,,0,0,?
Tapiete-164_dust-1,,Tapiete,164_dust,yɨtakɨ-ku'i,yɨtakɨ-ku'i,dʒ ɨ t a k ɨ + k u ʔ i,,gonzalez2011,,,,,,0,0,stone dust
Tapiete-53_ear-1,,Tapiete,53_ear,tɨnambi,tɨnambi,t ɨ + n a m b i,,gonzalez2011,,,,,,0,0,_:poss ear
Tapiete-139_earthgroundsoil-1,,Tapiete,139_earthgroundsoil,ɨwɨ,ɨwɨ,ɨ w ɨ,,gonzalez2011,,,,,,0,0,?
Tapiete-276_eat-1,,Tapiete,276_eat,karu; 'u,karu,k a r u,,gonzalez2011,,,,,,0,0,?
Tapiete-276_eat-2,,Tapiete,276_eat,karu; 'u,'u,ʔ u,,gonzalez2011,,,,,,0,0,?
Tapiete-157_eight-1,,Tapiete,157_eight,huri,huri,h u r i,,gonzalez2011,,,,,,0,0,?
Tapiete-281_elbow-1,,Tapiete,281_elbow,tɨnɨwanga,tɨnɨwanga,t + ɨ n ɨ w a ŋ g a,,gonzalez2011,,,,,,0,0,_:poss elbow
Tapiete-263_everyall-1,,Tapiete,263_everyall,opa,opa,o p a,,gonzalez2011,,,,,,0,0,?
Tapiete-259_eyelash-1,,Tapiete,259_eyelash,tɨpewa,tɨpewa,t + ɨ p e w a,,gonzalez2011,,,,,,0,0,_:poss eyelash
Tapiete-70_eyelid-1,,Tapiete,70_eyelid,tɨresa pire,tɨresa pire,t ɨ r + e s a + p i r e,,gonzalez2011,,,,,5 5 3   ?,0,0,_:poss eye skin
Tapiete-41_fall-1,,Tapiete,41_fall,a,a,a,,gonzalez2011,,,,,,0,0,?
Tapiete-146_faradv-1,,Tapiete,146_faradv,mbɨrɨ,mbɨrɨ,ⁿb ɨ r ɨ,,gonzalez2011,,,,,,0,0,?
Tapiete-282_father-1,,Tapiete,282_father,papá; tu/ru,papá,p a p a,,gonzalez2011,,,,,,0,0,?
Tapiete-282_father-2,,Tapiete,282_father,papá; tu/ru,t-u,t + u,,gonzalez2011,,,,,,0,0,_:poss father
Tapiete-44_feather-1,,Tapiete,44_feather,wɨra ha,wɨra ha,w ɨ r a + h a,,gonzalez2011,,,,,,0,0,bird feather
Tapiete-110_fightvb-1,,Tapiete,110_fightvb,peña; rärö; tintinga,peña,p e ɲ a,,gonzalez2011,,,,,,0,0,?
Tapiete-110_fightvb-2,,Tapiete,110_fightvb,peña; rärö; tintinga,rärö,r ã r õ,,gonzalez2011,,,,,,0,0,?
Tapiete-110_fightvb-3,,Tapiete,110_fightvb,peña; rärö; tintinga,tintinga,t i n t i ŋ g a,,gonzalez2011,,,,,,0,0,?
Tapiete-64_finger-1,,Tapiete,64_finger,tepo,tepo,t e + p o,,gonzalez2011,,,,,,0,0,_:poss finger
Tapiete-94_fingernail-1,,Tapiete,94_fingernail,tɨpampe,tɨpampe,t ɨ + p + a m p e,,gonzalez2011,,,,,,0,0,_:poss hand top
Tapiete-97_fish-1,,Tapiete,97_fish,pira,pira,p i r a,,gonzalez2011,,,,,,0,0,?
Tapiete-149_five-1,,Tapiete,149_five,pandepo,pandepo,p a + ⁿd e + p o,,gonzalez2011,,,,,,0,0,all your hand
Tapiete-128_flea-1,,Tapiete,128_flea,pishi,pishi,p i ʃ i,,gonzalez2011,,,,,,0,0,?
Tapiete-132_float-1,,Tapiete,132_float,ɨ-ï'ärä-iwa,ɨ-ï'ärä-iwa,ɨ + ĩ ʔ ã r ã + i w a,,gonzalez2011,,,,,,0,0,water ? ?
Tapiete-248_flower-1,,Tapiete,248_flower,mba'e potɨ,mba'e potɨ,ⁿb a e + p o t ɨ,,gonzalez2011,,,,,,0,0,_:classif flower
Tapiete-133_flyvb-1,,Tapiete,133_flyvb,wewe,wewe,w e w e,,gonzalez2011,,,,,,0,0,?
Tapiete-246_foot-1,,Tapiete,246_foot,tepɨ,tepɨ,t e + p ɨ,,gonzalez2011,,,,,,0,0,_:poss foot
Tapiete-121_footprint-1,,Tapiete,121_footprint,takwere,takwere,t + a k w e r e,,gonzalez2011,,,,,,0,0,_:poss footprint
Tapiete-154_four-1,,Tapiete,154_four,urundɨ,urundɨ,u r u ⁿd ɨ,,gonzalez2011,,,,,,0,0,?
Tapiete-160_fox-1,,Tapiete,160_fox,awara,awara,a w a r a,,gonzalez2011,,,,,,0,0,?
Tapiete-285_fruit-1,,Tapiete,285_fruit,i'a,i'a,ɨ ʔ a,,gonzalez2011,,,,,,0,0,?
Tapiete-89_fur-1,,Tapiete,89_fur,pire,pire,p i r e,,gonzalez2011,,,,,,0,0,?
Tapiete-283_give-1,,Tapiete,283_give,më'ë,më'ë,m ẽ ʔ ẽ,,gonzalez2011,,,,,,0,0,?
Tapiete-116_goat-1,,Tapiete,116_goat,kapura,kapura,k a p u r a,,gonzalez2011,,,,,,0,0,?
Tapiete-191_grass-1,,Tapiete,191_grass,kapi'i,kapi'i,k a p i ʔ i,,gonzalez2011,,,,,,0,0,?
Tapiete-42_hairhead-1,,Tapiete,42_hairhead,tɨrá; tánkaha,tɨrá,t ɨ r + a,,gonzalez2011,,,,,,0,0,_.poss hair
Tapiete-42_hairhead-2,,Tapiete,42_hairhead,tɨrá; tánkaha,tánkaha,t a ŋ k a h a,,gonzalez2011,,,,,,0,0,?
Tapiete-56_hand-1,,Tapiete,56_hand,tepo,tepo,t e + p o,,gonzalez2011,,,,,,0,0,_:poss hand
Tapiete-79_head-1,,Tapiete,79_head,anka,anka,a ŋ k a,,gonzalez2011,,,,,,0,0,?
Tapiete-138_hear-1,,Tapiete,138_hear,hendu,hendu,h e ⁿd u,,gonzalez2011,,,,,,0,0,?
Tapiete-261_heart-1,,Tapiete,261_heart,timimbɨ; tɨpɨ'a,timimbɨ,t i + m i m b ɨ,,gonzalez2011,,,,,,0,0,_:poss heart
Tapiete-261_heart-2,,Tapiete,261_heart,timimbɨ; tɨpɨ'a,tɨpɨ'a,t ɨ + p ɨ ʔ a,,gonzalez2011,,,,,,0,0,_:poss heart
Tapiete-102_horn-1,,Tapiete,102_horn,yu,yu,dʒ u,,gonzalez2011,,,,,,0,0,?
Tapiete-113_horseequine-1,,Tapiete,113_horseequine,kawayu,kawayu,k a w a dʒ u,,gonzalez2011,,,,,,0,0,?
Tapiete-72_house-1,,Tapiete,72_house,tɨrenta; yupa; 'o,tɨrenta,t ɨ r + e n t a,,gonzalez2011,,,,,,0,0,_:poss house
Tapiete-72_house-2,,Tapiete,72_house,tɨrenta; yupa; 'o,yupa,dʒ u p a,,gonzalez2011,,,,,,0,0,?
Tapiete-72_house-3,,Tapiete,72_house,tɨrenta; yupa; 'o,'o,ʔ o,,gonzalez2011,,,,,,0,0,?
Tapiete-141_how-1,,Tapiete,141_how,märä,märä,m ã r ã,,gonzalez2011,,,,,,0,0,?
Tapiete-37_husband-1,,Tapiete,37_husband,me,me,m e,,gonzalez2011,,,,,,0,0,?
Tapiete-131_insect-1,,Tapiete,131_insect,tü'ü,tü'ü,t ũ ʔ ũ,,gonzalez2011,,,,,,0,0,?
Tapiete-275_intestinesguts-1,,Tapiete,275_intestinesguts,tɨpo'i,tɨpo'i,t ɨ + p o ʔ i,,gonzalez2011,,,,,,0,0,_:poss intestines
Tapiete-111_kill-1,,Tapiete,111_kill,yuka,yuka,dʒ u k a,,gonzalez2011,,,,,,0,0,?
Tapiete-169_knife-1,,Tapiete,169_knife,kɨse,kɨse,k ɨ s e,,gonzalez2011,,,,,,0,0,?
Tapiete-264_know-1,,Tapiete,264_know,katu; kwa'á,katu,k a t u,,gonzalez2011,,,,,,0,0,?
Tapiete-264_know-2,,Tapiete,264_know,katu; kwa'á,kwa'á,k w a ʔ a,,gonzalez2011,,,,,,0,0,?
Tapiete-67_lake-1,,Tapiete,67_lake,ɨ-renda,ɨ-renda,ɨ + r + e ⁿd a,,gonzalez2011,,,,,,0,0,water _:poss place
Tapiete-65_largebig-1,,Tapiete,65_largebig,marë'ɨ̃; oyaimba; wasu,marë'ɨ̃,m a r ẽ ʔ ɨ̃,,gonzalez2011,,,,,,0,0,?
Tapiete-65_largebig-2,,Tapiete,65_largebig,marë'ɨ̃; oyaimba; wasu,oyaimba,o dʒ ai m b a,,gonzalez2011,,,,,,0,0,?
Tapiete-65_largebig-3,,Tapiete,65_largebig,marë'ɨ̃; oyaimba; wasu,wasu,w a s u,,gonzalez2011,,,,,,0,0,?
Tapiete-43_leaf-1,,Tapiete,43_leaf,hokɨ,hokɨ,h + o k i,,gonzalez2011,,,,,,0,0,_:poss leaf
Tapiete-120_leg-1,,Tapiete,120_leg,tɨtɨma,tɨtɨma,t + ɨ t ɨ m a,,gonzalez2011,,,,,,0,0,_:poss leg
Tapiete-126_liedown-1,,Tapiete,126_liedown,ñeno,ñeno,ɲ e n o,,gonzalez2011,,,,,,0,0,?
Tapiete-109_lightning-1,,Tapiete,109_lightning,wera,wera,w e r a,,gonzalez2011,,,,,,0,0,?
Tapiete-62_lip-1,,Tapiete,62_lip,tɨnembe,tɨnembe,t ɨ n + e ⁿb e,,gonzalez2011,,,,,,0,0,_:poss lip
Tapiete-173_lizard-1,,Tapiete,173_lizard,tarawi; teyu,tarawi,t a r a w i,,gonzalez2011,,,,,,0,0,?
Tapiete-173_lizard-2,,Tapiete,173_lizard,tarawi; teyu,teyu,t e dʒ u,,gonzalez2011,,,,,,0,0,?
Tapiete-130_louse-1,,Tapiete,130_louse,tekɨ,tekɨ,t e + k ɨ,,gonzalez2011,,,,,,0,0,_:poss louse
Tapiete-287_maizecorn-1,,Tapiete,287_maizecorn,awati; awati tantambawa; awati paroro; awati-tántawa; hatɨkwe,awati,a w a t i,,gonzalez2011,,,,,,0,0,?
Tapiete-287_maizecorn-2,,Tapiete,287_maizecorn,awati; awati tantambawa; awati paroro; awati-tántawa; hatɨkwe,awati tantambawa,a w a t i + t a n t a m b a w a,,gonzalez2011,,,,,,0,0,maize soft
Tapiete-287_maizecorn-3,,Tapiete,287_maizecorn,awati; awati tantambawa; awati paroro; awati-tántawa; hatɨkwe,awati paroro,a w a t i + p a r o r o,,gonzalez2011,,,,,,0,0,maize burst
Tapiete-287_maizecorn-4,,Tapiete,287_maizecorn,awati; awati tantambawa; awati paroro; awati-tántawa; hatɨkwe,awati-tántawa,a w a t i + t a n t a w a,,gonzalez2011,,,,,,0,0,maize ?
Tapiete-287_maizecorn-5,,Tapiete,287_maizecorn,awati; awati tantambawa; awati paroro; awati-tántawa; hatɨkwe,hatɨkwe,h a t ɨ k w e,,gonzalez2011,,,,,,0,0,?
Tapiete-290_mosquito-1,,Tapiete,290_mosquito,mbariwi; mbariwi íyua; ñantï'ü; ñenti (culex pungens),mbariwi,ⁿb a r i w i,,gonzalez2011,,,,,,0,0,?
Tapiete-290_mosquito-2,,Tapiete,290_mosquito,mbariwi; mbariwi íyua; ñantï'ü; ñenti (culex pungens),mbariwi íyua,ⁿb a r i w i + i dʒ u a,,gonzalez2011,,,,,,0,0,'polvorín' ?
Tapiete-290_mosquito-3,,Tapiete,290_mosquito,mbariwi; mbariwi íyua; ñantï'ü; ñenti (culex pungens),ñantï'ü,ɲ a n t i ʔ ũ,,gonzalez2011,,,,,,0,0,?
Tapiete-290_mosquito-4,,Tapiete,290_mosquito,mbariwi; mbariwi íyua; ñantï'ü; ñenti (culex pungens),ñenti,ɲ e n t i,,gonzalez2011,,,,,,0,0,?
Tapiete-66_mother-1,,Tapiete,66_mother,"te-sɨ, meme",te-sɨ,t e + s ɨ,,gonzalez2011,,,,,,0,0,_:poss mother
Tapiete-66_mother-2,,Tapiete,66_mother,"te-sɨ, meme",meme,m e m e,,gonzalez2011,,,,,,0,0,?
Tapiete-59_mouth-1,,Tapiete,59_mouth,tiyuru,tiyuru,t i + dʒ u r u,,gonzalez2011,,,,,97,0,0,_:poss mouth
Tapiete-147_muchmany-1,,Tapiete,147_muchmany,heta,heta,h + e t a,,gonzalez2011,,,,,,0,0,_:3sg many
Tapiete-208_mule-1,,Tapiete,208_mule,mbirikawasu,mbirikawasu,ⁿb i r i k a + w a s u,,gonzalez2011,,,,,,0,0,donkey big
Tapiete-144_mute-1,,Tapiete,144_mute,a'engu,a'engu,a ʔ e + n g u,,gonzalez2011,,,,,,0,0,words _:less
Tapiete-291_name-1,,Tapiete,291_name,tɨre'e,tɨre'e,t ɨ r + e ʔ e,,gonzalez2011,,,,,,0,0,_:poss name
Tapiete-145_nearadv-1,,Tapiete,145_nearadv,mbɨrɨ̃ä,mbɨrɨ̃ä,ⁿb ɨ r ɨ̃ ʔ ã,,gonzalez2011,,,,,,0,0,?
Tapiete-170_needle-1,,Tapiete,170_needle,yu (mbawɨwɨhapɨ),yu mbawɨwɨhapɨ,dʒ u + m b a w ɨ w ɨ + h a p ɨ,,gonzalez2011,,,,,,0,0,thorn _:sew _:nmlz
Tapiete-267_nest-1,,Tapiete,267_nest,haitɨ,haitɨ,h + a i t ɨ,,gonzalez2011,,,,,,0,0,_:poss nest
Tapiete-158_nine-1,,Tapiete,158_nine,shau,shau,ʃ au,,gonzalez2011,,,,,,0,0,?
Tapiete-77_nippleteat-1,,Tapiete,77_nippleteat,tɨnkɨnta (del hombre); tenka inti,tɨnkɨnta,t ɨ ŋ k ɨ n t a,,gonzalez2011,,,,,,0,0,?
Tapiete-77_nippleteat-2,,Tapiete,77_nippleteat,tɨnkɨnta (del hombre); tenka inti,tenka inti,t e ŋ k a + i + n t i,,gonzalez2011,,,,,,0,0,breast nose
Tapiete-292_old-1,,Tapiete,292_old,kwakwáwa'a; ndeshi,kwakwáwa'a,k w a k w a ʔ a + w a,,gonzalez2011,,,,,,0,0,grow _:part
Tapiete-292_old-2,,Tapiete,292_old,kwakwáwa'a; ndeshi,ndeshi,ⁿd e ʃ i,,gonzalez2011,,,,,,0,0,?
Tapiete-206_oldman-1,,Tapiete,206_oldman,kwakwá'a-wa,kwakwá'a-wa,k w a k w a ʔ a + w a,,gonzalez2011,,,,,,0,0,grow _:part
Tapiete-207_oldwoman-1,,Tapiete,207_oldwoman,kwakwá'a-wa,kwakwá'a-wa,k w a k w a ʔ a + w a,,gonzalez2011,,,,,,0,0,grow _:part
Tapiete-152_one-1,,Tapiete,152_one,pente,pente,p e n t e,,gonzalez2011,,,,,,0,0,?
Tapiete-293_owl-1,,Tapiete,293_owl,suinda; sumurukuku,suinda,s ui ⁿd a,,gonzalez2011,,,,,,0,0,?
Tapiete-293_owl-2,,Tapiete,293_owl,suinda; sumurukuku,sumurukuku,s u m u r u k u k u,,gonzalez2011,,,,,,0,0,?
Tapiete-289_parrot-1,,Tapiete,289_parrot,ayuru; chechere; suí,ayuru,a dʒ u r u,,gonzalez2011,,,,,,0,0,?
Tapiete-289_parrot-2,,Tapiete,289_parrot,ayuru; chechere; suí,chechere,tʃ e tʃ e r e,,gonzalez2011,,,,,,0,0,?
Tapiete-289_parrot-3,,Tapiete,289_parrot,ayuru; chechere; suí,suí,s u i,,gonzalez2011,,,,,,0,0,?
Tapiete-86_path-1,,Tapiete,86_path,pe; watahasewaipi; h-ape,pe,p e,,gonzalez2011,,,,,,0,0,?
Tapiete-86_path-2,,Tapiete,86_path,pe; watahasewaipi; h-ape,watahasewaipi,w a t a + h a s e + w ai p i,,gonzalez2011,,,,,,0,0,walk _:nmlz ?
Tapiete-86_path-3,,Tapiete,86_path,pe; watahasewaipi; h-ape,h-ape,h + a p e,,gonzalez2011,,,,,,0,0,_:poss path
Tapiete-249_penis-1,,Tapiete,249_penis,acha; tankwe,acha,a tʃ a,,gonzalez2011,,,,,,0,0,?
Tapiete-249_penis-2,,Tapiete,249_penis,acha; tankwe,tankwe,t + a ŋ k w e,,gonzalez2011,,,,,,0,0,_:poss penis
Tapiete-280_personhumanbeing-1,,Tapiete,280_personhumanbeing,kwareta,kwareta,k w a r e t a,,gonzalez2011,,,,,,0,0,?
Tapiete-302_pig-1,,Tapiete,302_pig,kushi; tetu,kushi,k u ʃ i,,gonzalez2011,,,,,,0,0,?
Tapiete-302_pig-2,,Tapiete,302_pig,kushi; tetu,tetu,t e t u,,gonzalez2011,,,,,,0,0,?
Tapiete-87_place-1,,Tapiete,87_place,pe; tenda,pe,p e,,gonzalez2011,,,,,,0,0,?
Tapiete-87_place-2,,Tapiete,87_place,pe; tenda,tenda,t + e ⁿd a,,gonzalez2011,,,,,,0,0,_:poss place
Tapiete-143_plantvb-1,,Tapiete,143_plantvb,ñontɨ,ñontɨ,ɲ o n t ɨ,,gonzalez2011,,,,,,0,0,?
Tapiete-294_pus-1,,Tapiete,294_pus,pe'u,pe'u,p e ʔ u,,gonzalez2011,,,,,,0,0,?
Tapiete-50_red-1,,Tapiete,50_red,pɨnta,pɨnta,p ɨ̃ n t a,,gonzalez2011,,,,,,0,0,?
Tapiete-295_ripe-1,,Tapiete,295_ripe,yawiye,yawiye,dʒ a w ɨ dʒ e,,gonzalez2011,,,,,,0,0,?
Tapiete-297_root-1,,Tapiete,297_root,hapo,hapo,h + a p o,,gonzalez2011,,,,,,0,0,_:poss root
Tapiete-298_ropecord-1,,Tapiete,298_ropecord,sha,sha,ʃ ã,,gonzalez2011,,,,,,0,0,?
Tapiete-142_sap-1,,Tapiete,142_sap,ya'isɨ,ya'isɨ,dʒ a ʔ ɨ s ɨ,,gonzalez2011,,,,,,0,0,?
Tapiete-163_see-1,,Tapiete,163_see,hesha,hesha,h e ʃ a,,gonzalez2011,,,,,553,0,0,eye
Tapiete-74_seed-1,,Tapiete,74_seed,hä'ɨ̃,hä'ɨ̃,h + a ʔ ɨ̃,,gonzalez2011,,,,,,0,0,_:poss seed
Tapiete-156_seven-1,,Tapiete,156_seven,shiu,shiu,ʃ i u,,gonzalez2011,,,,,,0,0,?
Tapiete-105_shadeshadow-1,,Tapiete,105_shadeshadow,kwarasɨä,kwarasɨä,k u a r a s ɨ + ã,,gonzalez2011,,,,,,0,0,sun _:less
Tapiete-115_sheep-1,,Tapiete,115_sheep,awesha,awesha,a w e ʃ a,,gonzalez2011,,,,,,0,0,?
Tapiete-148_short-1,,Tapiete,148_short,shutu,shutu,ʃ u t u,,gonzalez2011,,,,,,0,0,?
Tapiete-39_sit-1,,Tapiete,39_sit,wapɨ,wapɨ,w a p ɨ,,gonzalez2011,,,,,,0,0,?
Tapiete-155_six-1,,Tapiete,155_six,owa,owa,o w a,,gonzalez2011,,,,,,0,0,?
Tapiete-75_skinhide-1,,Tapiete,75_skinhide,tipire,tipire,t i + p i r e,,gonzalez2011,,,,,,0,0,_:poss skin
Tapiete-88_skull-1,,Tapiete,88_skull,tankakäwë,tankakäwë,t + a ŋ k a + k ã w ẽ,,gonzalez2011,,,,,,0,0,_:poss head bone
Tapiete-93_sky-1,,Tapiete,93_sky,ara,ara,a r a,,gonzalez2011,,,,,,0,0,?
Tapiete-125_sleep-1,,Tapiete,125_sleep,che,che,tʃ e,,gonzalez2011,,,,,,0,0,?
Tapiete-100_smalllittle-1,,Tapiete,100_smalllittle,minshi,minshi,m i n ʃ i,,gonzalez2011,,,,,,0,0,?
Tapiete-188_smellvbtrans-1,,Tapiete,188_smellvbtrans,hentu,hentu,h e n t u,,gonzalez2011,,,,,,0,0,?
Tapiete-245_snail-1,,Tapiete,245_snail,yatɨta,yatɨta,dʒ a t ɨ t a,,gonzalez2011,,,,,,0,0,?
Tapiete-104_soulspirit-1,,Tapiete,104_soulspirit,rä; të'ä (t. foto),rä,r ã,,gonzalez2011,,,,,,0,0,?
Tapiete-104_soulspirit-2,,Tapiete,104_soulspirit,rä; të'ä (t. foto),të'ä,t ẽ ʔ ã,,gonzalez2011,,,,,,0,0,?
Tapiete-35_spider-1,,Tapiete,35_spider,ñanduti,ñanduti,ɲ a ⁿd u + t i,,gonzalez2011,,,,,,0,0,spider _:?
Tapiete-81_spine-1,,Tapiete,81_spine,tukupe-ranti,tukupe-ranti,t u k u p e + r a n t i,,gonzalez2011,,,,,,0,0,back _:poss horn
Tapiete-168_star-1,,Tapiete,168_star,yasɨtata,yasɨtata,dʒ a s ɨ + t a t a,,gonzalez2011,,,,,,0,0,moon fire
Tapiete-107_summer-1,,Tapiete,107_summer,kwarasɨ-haku,kwarasɨ-haku,k w a r a s ɨ + h a k u,,gonzalez2011,,,,,,0,0,sun hot
Tapiete-47_sun-1,,Tapiete,47_sun,kwarasɨ,kwarasɨ,k w a r a s ɨ,,gonzalez2011,,,,,,0,0,?
Tapiete-271_sweetpotato-1,,Tapiete,271_sweetpotato,yetɨ,yetɨ,dʒ e t ɨ,,gonzalez2011,,,,,,0,0,?
Tapiete-114_tail-1,,Tapiete,114_tail,huwai,huwai,h + u w ai,,gonzalez2011,,,,,,0,0,_:poss tail
Tapiete-270_tapiocamanioccassava-1,,Tapiete,270_tapiocamanioccassava,mandiporopɨ,mandiporopɨ,m a ⁿd i + p o r o p ɨ,,gonzalez2011,,,,,884 0,0,0,?
Tapiete-150_ten-1,,Tapiete,150_ten,dies; opa ñandepo,opa ñandepo,o p a + ɲ a ⁿd e + p o,,gonzalez2011,,,,,,0,0,all our hand
Tapiete-200_testicle-1,,Tapiete,200_testicle,h-api'a,h-api'a,h + a p i ʔ a,,gonzalez2011,,,,,,0,0,_:poss testicle
Tapiete-153_three-1,,Tapiete,153_three,mbahapɨ,mbahapɨ,ⁿb a h a p ɨ,,gonzalez2011,,,,,,0,0,?
Tapiete-63_thumb-1,,Tapiete,63_thumb,tepowasu,tepowasu,t e + p o + w a s u,,gonzalez2011,,,,,,0,0,_:poss hand big
Tapiete-299_thunder-1,,Tapiete,299_thunder,okwa; tɨhɨ'apu,okwa,o k w a,,gonzalez2011,,,,,,0,0,?
Tapiete-299_thunder-2,,Tapiete,299_thunder,okwa; tɨhɨ'apu,tɨhɨ'apu,t ɨ h + ɨ ʔ a p u,,gonzalez2011,,,,,,0,0,_:poss thunder
Tapiete-300_tobacco-1,,Tapiete,300_tobacco,pentɨ,pentɨ,p e n t ɨ̃,,gonzalez2011,,,,,,0,0,?
Tapiete-251_tongue-1,,Tapiete,251_tongue,tenku,tenku,t e n + k u,,gonzalez2011,,,,,,0,0,_:poss tongue
Tapiete-52_treecf08600-1,,Tapiete,52_treecf08600,ɨwɨra,ɨwɨra,ɨ w ɨ r a,,gonzalez2011,,,,,,0,0,?
Tapiete-151_twenty-1,,Tapiete,151_twenty,monkoi opa ñandepo,monkoi opa ñandepo,m o ŋ k oi + o p a + ɲ a ⁿd e p o,,gonzalez2011,,,,,,0,0,two all our hand
Tapiete-135_two-1,,Tapiete,135_two,monkoi,monkoi,m o ŋ k oi,,gonzalez2011,,,,,,0,0,?
Tapiete-262_under-1,,Tapiete,262_under,ipe,ipe,i p e,,gonzalez2011,,,,,,0,0,?
Tapiete-268_upabove-1,,Tapiete,268_upabove,wate,wate,w a t e,,gonzalez2011,,,,,,0,0,?
Tapiete-301_urinate-1,,Tapiete,301_urinate,kwaru,kwaru,k w a r u,,gonzalez2011,,,,,,0,0,?
Tapiete-84_veinartery-1,,Tapiete,84_veinartery,tɨrayɨ,tɨrayɨ,t ɨ r + a dʒ ɨ,,gonzalez2011,,,,,,0,0,_:poss vein
Tapiete-73_village-1,,Tapiete,73_village,ténta,ténta,t + e n t a,,gonzalez2011,,,,,,0,0,_:poss village
Tapiete-269_wakeup-1,,Tapiete,269_wakeup,sareko; momba,sareko,s a r e k o,,gonzalez2011,,,,,,0,0,?
Tapiete-269_wakeup-2,,Tapiete,269_wakeup,sareko; momba,momba,m o + ⁿb a,,gonzalez2011,,,,,,0,0,_:cause wake.up
Tapiete-257_wasp-1,,Tapiete,257_wasp,kawapua tu; kawawáyutu; kawusu; manganga; mba'etú; mbasakwa,kawapua tu,k a w a p u a + t u,,gonzalez2011,,,,,48,0,0,bala.beehive _:father
Tapiete-257_wasp-2,,Tapiete,257_wasp,kawapua tu; kawawáyutu; kawusu; manganga; mba'etú; mbasakwa,kawawáyutu,k a w a w a dʒ u t u,,gonzalez2011,,,,,,0,0,?
Tapiete-257_wasp-3,,Tapiete,257_wasp,kawapua tu; kawawáyutu; kawusu; manganga; mba'etú; mbasakwa,kawusu,k a w u s u,,gonzalez2011,,,,,,0,0,?
Tapiete-257_wasp-4,,Tapiete,257_wasp,kawapua tu; kawawáyutu; kawusu; manganga; mba'etú; mbasakwa,manganga,m a ŋ a ŋ a,,gonzalez2011,,,,,,0,0,?
Tapiete-257_wasp-5,,Tapiete,257_wasp,kawapua tu; kawawáyutu; kawusu; manganga; mba'etú; mbasakwa,mba'etú,ⁿb a ʔ e t u,,gonzalez2011,,,,,,0,0,?
Tapiete-257_wasp-6,,Tapiete,257_wasp,kawapua tu; kawawáyutu; kawusu; manganga; mba'etú; mbasakwa,mbasakwa,ⁿb a s a k w a,,gonzalez2011,,,,,,0,0,?
Tapiete-140_where-1,,Tapiete,140_where,mampe,mampe,m a m p e,,gonzalez2011,,,,,,0,0,?
Tapiete-244_white-1,,Tapiete,244_white,tï,tï,t ĩ,,gonzalez2011,,,,,,0,0,?
Tapiete-38_wife-1,,Tapiete,38_wife,tɨreko,tɨreko,t ɨ r + e k o,,gonzalez2011,,,,,,0,0,_:poss wife
Tapiete-98_wing-1,,Tapiete,98_wing,tɨpepo,tɨpepo,t ɨ + p e p o,,gonzalez2011,,,,,,0,0,_:poss wing
Tapiete-165_write-1,,Tapiete,165_write,mbapara; mbɨpara,mbapara,ⁿb a + p a r a,,gonzalez2011,,,,,,0,0,_:caus color
Tapiete-106_year-1,,Tapiete,106_year,año,año,a ɲ o,,gonzalez2011,,,,,,0,0,?
Tapiete-167_yellow-1,,Tapiete,167_yellow,iyu,iyu,i dʒ u,,gonzalez2011,,,,,,0,0,?
Chamacoco-46_animal-1,,Chamacoco,46_animal,echɨt,echɨt,e tɕ ɨ t,,ciucci2013,,,,,,0,0,?
Chamacoco-118_ant-1,,Chamacoco,118_ant,dɨchiit; kasaa,dɨchiit,d ɨ tɕ iː t,,ciucci2013,,,,,,0,0,?
Chamacoco-118_ant-2,,Chamacoco,118_ant,dɨchiit; kasaa,kasaa,k a s aː,,ciucci2013,,,,,,0,0,?
Chamacoco-57_arm-1,,Chamacoco,57_arm,ukuta,ukuta,u k u t a,,ciucci2013,,,,,,0,0,?
Chamacoco-242_assdonkey-1,,Chamacoco,242_assdonkey,buritɨt,buritɨt,b u r i t ɨ t,,ciucci2013,,,,,,0,0,?
Chamacoco-82_back-1,,Chamacoco,82_back,yɨrmich,yɨrmich,j ɨ r m i tɕ,,ciucci2013,,,,,,0,0,?
Chamacoco-90_bark-1,,Chamacoco,90_bark,yũhurrza,yũhurrza,j ũ h u ʐ a,,ciucci2013,,,,,,0,0,?
Chamacoco-58_beard-1,,Chamacoco,58_beard,ahworrzote; yurũhwa (barba amarilla),ahworrzote,a w̥ o ʐ o t e,,ciucci2013,,,,,,0,0,?
Chamacoco-58_beard-2,,Chamacoco,58_beard,ahworrzote; yurũhwa (barba amarilla),yurũhwa,j u r ũ w̥ a,,ciucci2013,,,,,,0,0,?
Chamacoco-124_bed-4,,Chamacoco,124_bed,omtsɨt,omtsɨt,o m ts ɨ t,,ciucci2013,,,,,,0,0,?
Chamacoco-55_bee-1,,Chamacoco,55_bee,tɨlpaap; phur,tɨlpaap,t ɨ l p aː p,,ciucci2013,,,,,,0,0,?
Chamacoco-55_bee-2,,Chamacoco,55_bee,tɨlpaap; phur,phur,p h u r,,ciucci2013,,,,,,0,0,?
Chamacoco-187_bird-1,,Chamacoco,187_bird,chɨpɨ̃rmicha; chɨpɨrãp,chɨpɨ̃rmicha,tɕ ɨ p ɨ r m i tɕ a,,ciucci2013,,,,,,0,0,?
Chamacoco-187_bird-2,,Chamacoco,187_bird,chɨpɨ̃rmicha; chɨpɨrãp,chɨpɨrãp,tɕ ɨ p ɨ r ã p,,ciucci2013,,,,,,0,0,?
Chamacoco-243_black-1,,Chamacoco,243_black,wɨs; hnantɨk (ant),wɨs,w ɨ s,,ciucci2013,,,,,,0,0,?
Chamacoco-243_black-2,,Chamacoco,243_black,wɨs; hnantɨk (ant),hnantɨk,n̥ a n t ɨ k,,ciucci2013,,,,,,0,0,?
Chamacoco-85_blood-1,,Chamacoco,85_blood,armɨsta,armɨsta,a r m ɨ s t a,,ciucci2013,,,,,,0,0,?
Chamacoco-83_bone-2,,Chamacoco,83_bone,debich,debich,d e b i tɕ,,ciucci2013,,,,,,0,0,?
Chamacoco-40_borntobe-1,,Chamacoco,40_borntobe,shũrha; shũrehe,shũrha,ɕ ũ r̥ a,,ciucci2013,,,,,,0,0,?
Chamacoco-40_borntobe-2,,Chamacoco,40_borntobe,shũrha; shũrehe,shũrehe,ɕ ũ r e h e,,ciucci2013,,,,,,0,0,?
Chamacoco-78_breastofwoman-1,,Chamacoco,78_breastofwoman,ihitã; ɨrjorrza,ihitã,i h i t ã,,ciucci2013,,,,,,0,0,?
Chamacoco-78_breastofwoman-2,,Chamacoco,78_breastofwoman,ihitã; ɨrjorrza,ɨrjorrza,ɨ r x o ʐ a,,ciucci2013,,,,,,0,0,?
Chamacoco-256_bull-1,,Chamacoco,256_bull,itokohlak,itokohlak,i t o k o l̥ a k,,ciucci2013,,,,,,0,0,?
Chamacoco-123_burnvbintrans-1,,Chamacoco,123_burnvbintrans,hũre,hũre,h ũ r e,,ciucci2013,,,,,,0,0,?
Chamacoco-278_buy-1,,Chamacoco,278_buy,tiya,tiya,t i j a,,ciucci2013,,,,,,0,0,?
Chamacoco-273_cat-1,,Chamacoco,273_cat,mishta,mishta,m i ɕ t a,,ciucci2013,,,,,,0,0,?
Chamacoco-254_chest-1,,Chamacoco,254_chest,ihitã; ɨrjorrza,ihitã,i h i t ã,,ciucci2013,,,,,,0,0,?
Chamacoco-254_chest-2,,Chamacoco,254_chest,ihitã; ɨrjorrza,ɨrjorrza,ɨ r x o ʐ a,,ciucci2013,,,,,,0,0,?
Chamacoco-92_cloud-1,,Chamacoco,92_cloud,ukuhurrza,ukuhurrza,u k u h u ʐ a,,ciucci2013,,,,,,0,0,?
Chamacoco-103_club-1,,Chamacoco,103_club,arporo; ook,arporo,a r p o r o,,ciucci2013,,,,,,0,0,?
Chamacoco-103_club-2,,Chamacoco,103_club,arporo; ook,ook,oː k,,ciucci2013,,,,,,0,0,?
Chamacoco-266_cold-1,,Chamacoco,266_cold,kɨɨs,kɨɨs,k ɨː s,,ciucci2013,,,,,,0,0,?
Chamacoco-279_come-1,,Chamacoco,279_come,tɨrẽt,tɨrẽt,t ɨ r ẽ t,,ciucci2013,,,,,,0,0,?
Chamacoco-159_cook-1,,Chamacoco,159_cook,sãr,sãr,s ã r,,ciucci2013,,,,,,0,0,?
Chamacoco-76_cover-1,,Chamacoco,76_cover,sentii,sentii,s e n t iː,,ciucci2013,,,,,,0,0,?
Chamacoco-252_cow-1,,Chamacoco,252_cow,wõjɨta; chuu,wõjɨta,w õ x ɨ t a,,ciucci2013,,,,,,0,0,?
Chamacoco-252_cow-2,,Chamacoco,252_cow,wõjɨta; chuu,chuu,tɕ uː,,ciucci2013,,,,,,0,0,?
Chamacoco-277_cryweep-2,,Chamacoco,277_cryweep,yerh,yerh,j e r̥,,ciucci2013,,,,,,0,0,?
Chamacoco-166_deer-1,,Chamacoco,166_deer,arõsɨro; wiyeto (venadito); suhla (ciervo),arõsɨro,a r õ s ɨ r o,,ciucci2013,,,,,,0,0,?
Chamacoco-166_deer-2,,Chamacoco,166_deer,arõsɨro; wiyeto (venadito); suhla (ciervo),wiyeto,w i j e t o,,ciucci2013,,,,,,0,0,?
Chamacoco-166_deer-3,,Chamacoco,166_deer,arõsɨro; wiyeto (venadito); suhla (ciervo),suhla,s u l̥ a,,ciucci2013,,,,,,0,0,?
Chamacoco-129_dog-1,,Chamacoco,129_dog,"pohoch, ohyeẽt",pohoch,p o h o tɕ,,ciucci2013,,,,,,0,0,?
Chamacoco-129_dog-2,,Chamacoco,129_dog,"pohoch, ohyeẽt",ohyeẽt,o ʰj ẽː t,,ciucci2013,,,,,,0,0,?
Chamacoco-60_doorgate-1,,Chamacoco,60_doorgate,uhurrza,uhurrza,u h u ʐ a,,ciucci2013,,,,,,0,0,?
Chamacoco-174_dove-1,,Chamacoco,174_dove,ususu,ususu,u s u s u,,ciucci2013,,,,,,0,0,?
Chamacoco-162_drink-1,,Chamacoco,162_drink,doho; ɨhɨ; chɨrɨk (despacio),doho,d o h o,,ciucci2013,,,,,,0,0,?
Chamacoco-162_drink-2,,Chamacoco,162_drink,doho; ɨhɨ; chɨrɨk (despacio),ɨhɨ,ɨ h ɨ,,ciucci2013,,,,,,0,0,?
Chamacoco-162_drink-3,,Chamacoco,162_drink,doho; ɨhɨ; chɨrɨk (despacio),chɨrɨk,tɕ ɨ r ɨ k,,ciucci2013,,,,,,0,0,?
Chamacoco-164_dust-2,,Chamacoco,164_dust,hnɨmich ukult; ukulo,hnɨmich ukult,n̥ ɨ m i tɕ + u k u l t,,ciucci2013,,,,,,0,0,earth dust
Chamacoco-139_earthgroundsoil-1,,Chamacoco,139_earthgroundsoil,hnɨmich,hnɨmich,n̥ ɨ m i tɕ,,ciucci2013,,,,,,0,0,?
Chamacoco-276_eat-1,,Chamacoco,276_eat,taak; tew; jãr; chii ichak,taak,t aː k,,ciucci2013,,,,,,0,0,?
Chamacoco-276_eat-2,,Chamacoco,276_eat,taak; tew; jãr; chii ichak,tew,t e w,,ciucci2013,,,,,,0,0,?
Chamacoco-276_eat-3,,Chamacoco,276_eat,taak; tew; jãr; chii ichak,jãr,x ã r,,ciucci2013,,,,,,0,0,?
Chamacoco-276_eat-4,,Chamacoco,276_eat,taak; tew; jãr; chii ichak,chii ichak,tɕ iː + i tɕ a k,,ciucci2013,,,,,,0,0,make intestine
Chamacoco-281_elbow-1,,Chamacoco,281_elbow,ukuta wesht,ukuta wesht,u k u t a + w e ɕ t,,ciucci2013,,,,,,0,0,arm point
Chamacoco-263_everyall-1,,Chamacoco,263_everyall,nos,nos,n o s,,ciucci2013,,,,,,0,0,?
Chamacoco-41_fall-1,,Chamacoco,41_fall,shurẽhe,shurẽhe,ɕ ũ r e h e,,ciucci2013,,,,,,0,0,?
Chamacoco-146_faradv-1,,Chamacoco,146_faradv,dukuhla,dukuhla,d u k u l̥ a,,ciucci2013,,,,,,0,0,?
Chamacoco-282_father-2,,Chamacoco,282_father,deych; dii (ant); ɨhnesɨrc (viudo),deych,d ei t ɕ,,ciucci2013,,,,,,0,0,?
Chamacoco-44_feather-1,,Chamacoco,44_feather,wesho,wesho,w e ɕ o,,ciucci2013,,,,,,0,0,?
Chamacoco-110_fightvb-1,,Chamacoco,110_fightvb,oyye; tatskɨr; oteye,oyye,o j e,,ciucci2013,,,,,,0,0,?
Chamacoco-110_fightvb-2,,Chamacoco,110_fightvb,oyye; tatskɨr; oteye,tatskɨr,t a ts k ɨ r,,ciucci2013,,,,,,0,0,?
Chamacoco-110_fightvb-3,,Chamacoco,110_fightvb,oyye; tatskɨr; oteye,oteye,o t e j e,,ciucci2013,,,,,,0,0,?
Chamacoco-64_finger-1,,Chamacoco,64_finger,hmeebe,hmeebe,m̥ eː b e,,ciucci2013,,,,,,0,0,?
Chamacoco-94_fingernail-1,,Chamacoco,94_fingernail,hmeshurc,hmeshurc,m̥ e ɕ u r tɕ,,ciucci2013,,,,,,0,0,?
Chamacoco-94_fingernail-2,,Chamacoco,94_fingernail,dushurc,dushurc,d u ɕ u r tɕ,,ciucci2013,,,,,,0,0,?
Chamacoco-97_fish-1,,Chamacoco,97_fish,doshɨt,doshɨt,d o ɕ ɨ t,,ciucci2013,,,,,,0,0,?
Chamacoco-128_flea-1,,Chamacoco,128_flea,ukralɨ,ukralɨ,u k r a l ɨ,,ciucci2013,,,,,,0,0,?
Chamacoco-133_flyvb-1,,Chamacoco,133_flyvb,iyo,iyo,i j o,,ciucci2013,,,,,,0,0,?
Chamacoco-121_footprint-1,,Chamacoco,121_footprint,dɨrpɨta,dɨrpɨta,d ɨ r p ɨ t a,,ciucci2013,,,,,,0,0,?
Chamacoco-160_fox-1,,Chamacoco,160_fox,hwatsɨ̃tsa,hwatsɨ̃tsa,w̥ a ts ĩ ts a,,ciucci2013,,,,,,0,0,?
Chamacoco-283_give-1,,Chamacoco,283_give,ɨshɨm,ɨshɨm,ɨ ɕ ɨ m,,ciucci2013,,,,,,0,0,?
Chamacoco-116_goat-1,,Chamacoco,116_goat,wecheke; kabɨrta,wecheke,w e tɕ e k e,,ciucci2013,,,,,,0,0,?
Chamacoco-116_goat-2,,Chamacoco,116_goat,wecheke; kabɨrta,kabɨrta,k a b ɨ r t a,,ciucci2013,,,,,,0,0,?
Chamacoco-265_goose-1,,Chamacoco,265_goose,hnɨnahnak,hnɨnahnak,n̥ ɨ n a n̥ a k,,ciucci2013,,,,,,0,0,?
Chamacoco-191_grass-1,,Chamacoco,191_grass,ɨhnemich,ɨhnemich,ɨ n̥ e m i tɕ,,ciucci2013,,,,,,0,0,?
Chamacoco-56_hand-1,,Chamacoco,56_hand,hmata,hmata,m̥ a t a,,ciucci2013,,,,,,0,0,?
Chamacoco-79_head-2,,Chamacoco,79_head,huta,huta,h u t a,,ciucci2013,,,,,,0,0,?
Chamacoco-138_hear-1,,Chamacoco,138_hear,chunt,chunt,tɕ u n t,,ciucci2013,,,,,,0,0,?
Chamacoco-261_heart-1,,Chamacoco,261_heart,korsonta; tɨtewta,korsonta,k o r s o n t a,,ciucci2013,,,,,,0,0,?
Chamacoco-261_heart-2,,Chamacoco,261_heart,korsonta; tɨtewta,tɨtewta,t ɨ t e w t a,,ciucci2013,,,,,,0,0,?
Chamacoco-323_hold-1,,Chamacoco,323_hold,chishew; saro (por ambos puños); chish sak (con firmeza),chishew,tɕ i ɕ e w,,ciucci2013,,,,,,0,0,?
Chamacoco-323_hold-2,,Chamacoco,323_hold,chishew; saro (por ambos puños); chish sak (con firmeza),saro,s a r o,,ciucci2013,,,,,,0,0,?
Chamacoco-323_hold-3,,Chamacoco,323_hold,chishew; saro (por ambos puños); chish sak (con firmeza),chish sak,tɕ i ɕ + s a k,,ciucci2013,,,,,,0,0,hold ?
Chamacoco-102_horn-2,,Chamacoco,102_horn,uu,uu,uː,,ciucci2013,,,,,,0,0,?
Chamacoco-113_horseequine-1,,Chamacoco,113_horseequine,kabahat; kabehet; kabiyuhwa; nomɨhna; poykɨnak,kabahat,k a b a h a t,,ciucci2013,,,,,,0,0,?
Chamacoco-113_horseequine-2,,Chamacoco,113_horseequine,kabahat; kabehet; kabiyuhwa; nomɨhna; poykɨnak,nomɨhna,n o m ɨ n̥ a,,ciucci2013,,,,,,0,0,?
Chamacoco-113_horseequine-3,,Chamacoco,113_horseequine,kabahat; kabehet; kabiyuhwa; nomɨhna; poykɨnak,poykɨnak,p oi k ɨ n a k,,ciucci2013,,,,,,0,0,?
Chamacoco-72_house-1,,Chamacoco,72_house,ihyuch; pwertɨt,ihyuch,i ʰj u tɕ,,ciucci2013,,,,,,0,0,?
Chamacoco-72_house-2,,Chamacoco,72_house,ihyuch; pwertɨt,pwertɨt,p w e r t ɨ t,,ciucci2013,,,,,,0,0,?
Chamacoco-141_how-1,,Chamacoco,141_how,ɨlo; ɨnaãpo,ɨlo,ɨ l o,,ciucci2013,,,,,,0,0,?
Chamacoco-141_how-2,,Chamacoco,141_how,ɨlo; ɨnaãpo,ɨnaãpo,ɨ n ãː p o,,ciucci2013,,,,,,0,0,?
Chamacoco-37_husband-1,,Chamacoco,37_husband,abich,abich,a b i tɕ,,ciucci2013,,,,,,0,0,?
Chamacoco-131_insect-1,,Chamacoco,131_insect,jo; hnoshɨkulha,jo,x o,,ciucci2013,,,,,,0,0,?
Chamacoco-131_insect-2,,Chamacoco,131_insect,jo; hnoshɨkulha,hnoshɨkulha,n̥ o ɕ ɨ k u l̥ a,,ciucci2013,,,,,,0,0,?
Chamacoco-275_intestinesguts-1,,Chamacoco,275_intestinesguts,ichak,ichak,i tɕ a k,,ciucci2013,,,,,,0,0,?
Chamacoco-111_kill-1,,Chamacoco,111_kill,shuu,shuu,ɕ uː,,ciucci2013,,,,,,0,0,?
Chamacoco-169_knife-1,,Chamacoco,169_knife,kɨskɨraha,kɨskɨraha,k ɨ s k ɨ r a h a,,ciucci2013,,,,,,0,0,?
Chamacoco-264_know-1,,Chamacoco,264_know,chiyey,chiyey,tɕ i j e j,,ciucci2013,,,,,,0,0,?
Chamacoco-67_lake-1,,Chamacoco,67_lake,ɨlɨbich; ɨpɨrpɨta; ɨtɨrolta; ɨhlɨbɨta; ɨretɨpe,ɨlɨbich,ɨ l ɨ b i tɕ,,ciucci2013,,,,,,0,0,?
Chamacoco-67_lake-2,,Chamacoco,67_lake,ɨlɨbich; ɨpɨrpɨta; ɨtɨrolta; ɨhlɨbɨta; ɨretɨpe,ɨpɨrpɨta,ɨ p ɨ r p ɨ t a,,ciucci2013,,,,,,0,0,?
Chamacoco-67_lake-3,,Chamacoco,67_lake,ɨlɨbich; ɨpɨrpɨta; ɨtɨrolta; ɨhlɨbɨta; ɨretɨpe,ɨtɨrolta,ɨ t ɨ r o l t a,,ciucci2013,,,,,,0,0,?
Chamacoco-67_lake-4,,Chamacoco,67_lake,ɨlɨbich; ɨpɨrpɨta; ɨtɨrolta; ɨhlɨbɨta; ɨretɨpe,ɨhlɨbɨta,ɨ l̥ ɨ b ɨ t a,,ciucci2013,,,,,,0,0,?
Chamacoco-67_lake-5,,Chamacoco,67_lake,ɨlɨbich; ɨpɨrpɨta; ɨtɨrolta; ɨhlɨbɨta; ɨretɨpe,ɨretɨpe,ɨ r e t ɨ p e,,ciucci2013,,,,,,0,0,?
Chamacoco-65_largebig-1,,Chamacoco,65_largebig,bahlut; dich,bahlut,b a l̥ u t,,ciucci2013,,,,,,0,0,?
Chamacoco-65_largebig-2,,Chamacoco,65_largebig,bahlut; dich,dich,d i tɕ,,ciucci2013,,,,,,0,0,?
Chamacoco-43_leaf-1,,Chamacoco,43_leaf,ihyãk; ihĩt (solo hoja); porĩhyo (hojas); pohikẽre (hojas caidas),ihyãk,i ʰj ã k,,ciucci2013,,,,,,0,0,?
Chamacoco-43_leaf-2,,Chamacoco,43_leaf,ihyãk; ihĩt (solo hoja); porĩhyo (hojas); pohikẽre (hojas caidas),ihĩt,i h ɨ t,,ciucci2013,,,,,,0,0,?
Chamacoco-43_leaf-3,,Chamacoco,43_leaf,ihyãk; ihĩt (solo hoja); porĩhyo (hojas); pohikẽre (hojas caidas),porĩhyo,p o r ɨ ʰj o,,ciucci2013,,,,,,0,0,?
Chamacoco-43_leaf-4,,Chamacoco,43_leaf,ihyãk; ihĩt (solo hoja); porĩhyo (hojas); pohikẽre (hojas caidas),pohikẽre,p o h i k ẽ r e,,ciucci2013,,,,,,0,0,?
Chamacoco-120_leg-1,,Chamacoco,120_leg,dɨlt,dɨlt,d ɨ l t,,ciucci2013,,,,,,0,0,?
Chamacoco-126_liedown-1,,Chamacoco,126_liedown,chiilarzɨt,chiilarzɨt,tɕ iː l a ʐ ɨ t,,ciucci2013,,,,,,0,0,?
Chamacoco-109_lightning-1,,Chamacoco,109_lightning,hũre; enamnam,hũre,h ũ r e,,ciucci2013,,,,,,0,0,?
Chamacoco-109_lightning-2,,Chamacoco,109_lightning,hũre; enamnam,enamnam,e n a m n a m,,ciucci2013,,,,,,0,0,?
Chamacoco-136_littlequantityfew-1,,Chamacoco,136_littlequantityfew,chepɨkaap; arhaabo,chepɨkaap,tɕ e p ɨ k aː p,,ciucci2013,,,,,,0,0,?
Chamacoco-136_littlequantityfew-2,,Chamacoco,136_littlequantityfew,chepɨkaap; arhaabo,arhaabo,a r̥ aː b o,,ciucci2013,,,,,,0,0,?
Chamacoco-173_lizard-1,,Chamacoco,173_lizard,osmanap; wookɨt; ownanap; wontak; põyãrhak,osmanap,o s m a n a p,,ciucci2013,,,,,,0,0,?
Chamacoco-173_lizard-2,,Chamacoco,173_lizard,osmanap; wookɨt; ownanap; wontak; põyãrhak,wookɨt,w oː k ɨ t,,ciucci2013,,,,,,0,0,?
Chamacoco-173_lizard-3,,Chamacoco,173_lizard,osmanap; wookɨt; ownanap; wontak; põyãrhak,ownanap,o w n a n a p,,ciucci2013,,,,,,0,0,?
Chamacoco-173_lizard-4,,Chamacoco,173_lizard,osmanap; wookɨt; ownanap; wontak; põyãrhak,wontak,w o n t a k,,ciucci2013,,,,,,0,0,?
Chamacoco-173_lizard-5,,Chamacoco,173_lizard,osmanap; wookɨt; ownanap; wontak; põyãrhak,põyãrhak,p õ j ã r̥ a k,,ciucci2013,,,,,,0,0,?
Chamacoco-288_lung-1,,Chamacoco,288_lung,puhlo,puhlo,p u l̥ o,,ciucci2013,,,,,,0,0,?
Chamacoco-290_mosquito-1,,Chamacoco,290_mosquito,atsɨkpor (blanco); dewhla (grande negro),atsɨkpor,a ts ɨ k p o r,,ciucci2013,,,,,,0,0,?
Chamacoco-290_mosquito-2,,Chamacoco,290_mosquito,atsɨkpor (blanco); dewhla (grande negro),dewhla,d e w l̥ a,,ciucci2013,,,,,,0,0,?
Chamacoco-66_mother-1,,Chamacoco,66_mother,data; ɨnãhata (si es viuda),data,d a t a,,ciucci2013,,,,,,0,0,?
Chamacoco-66_mother-2,,Chamacoco,66_mother,data; ɨnãhata (si es viuda),ɨnãhata,ɨ n ã h a t a,,ciucci2013,,,,,,0,0,?
Chamacoco-147_muchmany-1,,Chamacoco,147_muchmany,kɨhniya; okɨhniya; hnɨtɨkɨsh (ant),okɨhniya,o k ɨ n̥ i j a,,ciucci2013,,,,,,0,0,?
Chamacoco-147_muchmany-2,,Chamacoco,147_muchmany,kɨhniya; okɨhniya; hnɨtɨkɨsh (ant),hnɨtɨkɨsh,n̥ ɨ t ɨ k ɨ ɕ,,ciucci2013,,,,,,0,0,?
Chamacoco-208_mule-1,,Chamacoco,208_mule,borkɨt,borkɨt,b o r k ɨ t,,ciucci2013,,,,,,0,0,?
Chamacoco-291_name-1,,Chamacoco,291_name,iich,iich,iː tɕ,,ciucci2013,,,,,,0,0,?
Chamacoco-145_nearadv-1,,Chamacoco,145_nearadv,ahɨr; atiit (más cerca),ahɨr,a h ɨ r,,ciucci2013,,,,,,0,0,?
Chamacoco-145_nearadv-2,,Chamacoco,145_nearadv,ahɨr; atiit (más cerca),atiit,a t iː t,,ciucci2013,,,,,,0,0,?
Chamacoco-170_needle-1,,Chamacoco,170_needle,tajɨta; pata,tajɨta,t a x ɨ t a,,ciucci2013,,,,,,0,0,?
Chamacoco-170_needle-2,,Chamacoco,170_needle,tajɨta; pata,pata,p a t a,,ciucci2013,,,,,,0,0,?
Chamacoco-267_nest-1,,Chamacoco,267_nest,uuk,uuk,uː k,,ciucci2013,,,,,,0,0,?
Chamacoco-292_old-2,,Chamacoco,292_old,ɨlarc; ɨmatak,ɨlarc,ɨ l a r tɕ,,ciucci2013,,,,,,0,0,?
Chamacoco-206_oldman-1,,Chamacoco,206_oldman,ɨlarc; ɨmatak,ɨlarc; ɨmatak,ɨ m a t a k,,ciucci2013,,,,,,0,0,?
Chamacoco-207_oldwoman-1,,Chamacoco,207_oldwoman,ɨlarrza,ɨlarrza,ɨ l a ʐ a,,ciucci2013,,,,,,0,0,?
Chamacoco-152_one-1,,Chamacoco,152_one,nohmɨramɨt,nohmɨramɨt,n o m̥ ɨ r a m ɨ t,,ciucci2013,,,,,,0,0,?
Chamacoco-293_owl-1,,Chamacoco,293_owl,kikiik,kikiik,k i k iː k,,ciucci2013,,,,,,0,0,?
Chamacoco-255_ox-1,,Chamacoco,255_ox,weyt,weyt,w ei t,,ciucci2013,,,,,,0,0,?
Chamacoco-69_parents-1,,Chamacoco,69_parents,deeyso; deytɨ,deeyso,d eː j s o,,ciucci2013,,,,,,0,0,?
Chamacoco-289_parrot-1,,Chamacoco,289_parrot,kureekɨta,kureekɨta,k u r eː k ɨ t a,,ciucci2013,,,,,,0,0,?
Chamacoco-86_path-2,,Chamacoco,86_path,ɨjich; dehet,dehet,d e h e t,,ciucci2013,,,,,,0,0,?
Chamacoco-280_personhumanbeing-2,,Chamacoco,280_personhumanbeing,osht,osht,o ɕ t,,ciucci2013,,,,,,0,0,?
Chamacoco-302_pig-1,,Chamacoco,302_pig,pohɨlt,pohɨlt,p o h ɨ l t,,ciucci2013,,,,,,0,0,?
Chamacoco-87_place-1,,Chamacoco,87_place,owich; iyerc,owich,o w i tɕ,,ciucci2013,,,,,,0,0,?
Chamacoco-87_place-2,,Chamacoco,87_place,owich; iyerc,iyerc,i j e r tɕ,,ciucci2013,,,,,,0,0,?
Chamacoco-137_potter-1,,Chamacoco,137_potter,dohobɨk,dohobɨk,d o h o b ɨ k,,ciucci2013,,,,,,0,0,?
Chamacoco-294_pus-1,,Chamacoco,294_pus,urõ,urõ,u r õ,,ciucci2013,,,,,,0,0,?
Chamacoco-50_red-1,,Chamacoco,50_red,wɨhɨ̃rt,wɨhɨ̃rt,w ɨ h ɨ̃ r t,,ciucci2013,,,,,,0,0,?
Chamacoco-295_ripe-1,,Chamacoco,295_ripe,icho,icho,i tɕ o,,ciucci2013,,,,,,0,0,?
Chamacoco-296_road-1,,Chamacoco,296_road,dehet,dehet,d e h e t,,ciucci2013,,,,,,0,0,?
Chamacoco-297_root-1,,Chamacoco,297_root,uro; utusht; diich,uro,u r o,,ciucci2013,,,,,,0,0,?
Chamacoco-297_root-2,,Chamacoco,297_root,uro; utusht; diich,utusht,u t u ɕ t,,ciucci2013,,,,,,0,0,?
Chamacoco-297_root-3,,Chamacoco,297_root,uro; utusht; diich,diich,d iː tɕ,,ciucci2013,,,,,,0,0,?
Chamacoco-298_ropecord-3,,Chamacoco,298_ropecord,ɨ̃rsɨrc (para perro); oyk ɨpak (para llevar),ɨ̃rsɨrc,ɨ̃ r s ɨ r tɕ,,ciucci2013,,,,,,0,0,?
Chamacoco-298_ropecord-4,,Chamacoco,298_ropecord,ɨ̃rsɨrc (para perro); oyk ɨpak (para llevar),oyk ɨpak,oi k + ɨ p a k,,ciucci2013,,,,,,0,0,bag ?
Chamacoco-163_see-1,,Chamacoco,163_see,umo,umo,u m o,,ciucci2013,,,,,,0,0,?
Chamacoco-105_shadeshadow-1,,Chamacoco,105_shadeshadow,puurc,puurc,p uː r tɕ,,ciucci2013,,,,,,0,0,?
Chamacoco-115_sheep-1,,Chamacoco,115_sheep,obejɨt; wechekɨhla,obejɨt,o b e x ɨ t,,ciucci2013,,,,,,0,0,?
Chamacoco-115_sheep-2,,Chamacoco,115_sheep,obejɨt; wechekɨhla,wechekɨhla,w e tɕ e k ɨ l̥ a,,ciucci2013,,,,,,0,0,?
Chamacoco-148_short-1,,Chamacoco,148_short,pahaap,pahaap,p a h aː p,,ciucci2013,,,,,,0,0,?
Chamacoco-39_sit-1,,Chamacoco,39_sit,sakɨr,sakɨr,s a k ɨ r,,ciucci2013,,,,,,0,0,?
Chamacoco-75_skinhide-1,,Chamacoco,75_skinhide,yũhurrza; wesho,yũhurrza,j ũ h u ʐ a,,ciucci2013,,,,,,0,0,?
Chamacoco-75_skinhide-2,,Chamacoco,75_skinhide,yũhurrza; wesho,wesho,w e ɕ o,,ciucci2013,,,,,,0,0,?
Chamacoco-93_sky-1,,Chamacoco,93_sky,poõrc,poõrc,p õː r tɕ,,ciucci2013,,,,,,0,0,?
Chamacoco-93_sky-2,,Chamacoco,93_sky,yahakãrc (cielo amarillo al pueso de sol),yahakãrc,j a h a k ã r tɕ,,ciucci2013,,,,,,0,0,?
Chamacoco-125_sleep-1,,Chamacoco,125_sleep,umo,umo,u m o,,ciucci2013,,,,,,0,0,?
Chamacoco-100_smalllittle-1,,Chamacoco,100_smalllittle,ijaap; shakɨr,ijaap,i x aː p,,ciucci2013,,,,,,0,0,?
Chamacoco-100_smalllittle-2,,Chamacoco,100_smalllittle,ijaap; shakɨr,shakɨr,ɕ a k ɨ r,,ciucci2013,,,,,,0,0,?
Chamacoco-188_smellvbtrans-1,,Chamacoco,188_smellvbtrans,sowɨhɨr,sowɨhɨr,s o w ɨ h ɨ r,,ciucci2013,,,,,,0,0,?
Chamacoco-245_snail-1,,Chamacoco,245_snail,tapɨnta; seeku,tapɨnta,t a p ɨ n t a,,ciucci2013,,,,,,0,0,?
Chamacoco-245_snail-2,,Chamacoco,245_snail,tapɨnta; seeku,seeku,s eː k u,,ciucci2013,,,,,,0,0,?
Chamacoco-104_soulspirit-1,,Chamacoco,104_soulspirit,ɨchɨbich,ɨchɨbich,ɨ tɕ ɨ b i tɕ,,ciucci2013,,,,,,0,0,?
Chamacoco-35_spider-1,,Chamacoco,35_spider,karto,karto,k a r t o,,ciucci2013,,,,,,0,0,?
Chamacoco-36_spiderweb-1,,Chamacoco,36_spiderweb,karto,karto,k a r t o,,ciucci2013,,,,,,0,0,?
Chamacoco-81_spine-1,,Chamacoco,81_spine,wohnak,wohnak?,w o n̥ a k,,ciucci2013,,,,,,0,0,?
Chamacoco-168_star-1,,Chamacoco,168_star,porrzaap,porrzaap,p o ʐ aː p,,ciucci2013,,,,,,0,0,?
Chamacoco-107_summer-1,,Chamacoco,107_summer,lalo leyo,lalo leyo,l a l o + l e j o,,ciucci2013,,,,,,0,0,? ?
Chamacoco-47_sun-1,,Chamacoco,47_sun,deeych,deeych,d eː j tɕ,,ciucci2013,,,,,,0,0,?
Chamacoco-271_sweetpotato-1,,Chamacoco,271_sweetpotato,ichaato; pã; nowatĩshɨ,ichaato,i tɕ aː t o,,ciucci2013,,,,,,0,0,?
Chamacoco-271_sweetpotato-2,,Chamacoco,271_sweetpotato,ichaato; pã; nowatĩshɨ,pã,p ã,,ciucci2013,,,,,,0,0,?
Chamacoco-271_sweetpotato-3,,Chamacoco,271_sweetpotato,ichaato; pã; nowatĩshɨ,nowatĩshɨ,n o w a t ĩ ɕ ɨ,,ciucci2013,,,,,,0,0,?
Chamacoco-114_tail-1,,Chamacoco,114_tail,kolta,kolta,k o l t a,,ciucci2013,,,,,,0,0,?
Chamacoco-270_tapiocamanioccassava-1,,Chamacoco,270_tapiocamanioccassava,mantijo; ununkɨt (ant),mantijo,m a n t i x o,,ciucci2013,,,,,884,0,0,?
Chamacoco-270_tapiocamanioccassava-2,,Chamacoco,270_tapiocamanioccassava,mantijo; ununkɨt (ant),ununkɨt,u n u ŋ k ɨ t,,ciucci2013,,,,,0,0,0,?
Chamacoco-200_testicle-1,,Chamacoco,200_testicle,itɨ,itɨ,i t ɨ,,ciucci2013,,,,,,0,0,?
Chamacoco-299_thunder-1,,Chamacoco,299_thunder,nãr,nãr,n ã r,,ciucci2013,,,,,,0,0,?
Chamacoco-300_tobacco-1,,Chamacoco,300_tobacco,hnantak,hnantak,n̥ a n t a k,,ciucci2013,,,,,,0,0,?
Chamacoco-251_tongue-1,,Chamacoco,251_tongue,ahãrc,ahãrc,a h ã r tɕ,,ciucci2013,,,,,,0,0,?
Chamacoco-52_treecf08600-1,,Chamacoco,52_treecf08600,pohorrza,pohorrza,p o h o ʐ a,,ciucci2013,,,,,,0,0,?
Chamacoco-135_two-1,,Chamacoco,135_two,osiyer,osiyer,o s i j e r,,ciucci2013,,,,,,0,0,?
Chamacoco-262_under-1,,Chamacoco,262_under,uut,uut,uː t,,ciucci2013,,,,,,0,0,?
Chamacoco-268_upabove-1,,Chamacoco,268_upabove,poõrc,poõrc,p õː r tɕ,,ciucci2013,,,,,,0,0,?
Chamacoco-268_upabove-2,,Chamacoco,268_upabove,eeych,eeych,eː j tɕ,,ciucci2013,,,,,,0,0,?
Chamacoco-301_urinate-1,,Chamacoco,301_urinate,tɨrh,tɨrh,t ɨ r̥,,ciucci2013,,,,,,0,0,?
Chamacoco-84_veinartery-1,,Chamacoco,84_veinartery,utusht,utusht,u t u ɕ t,,ciucci2013,,,,,,0,0,?
Chamacoco-73_village-1,,Chamacoco,73_village,dɨt?,dɨt?,d ɨ t,,ciucci2013,,,,,,0,0,?
Chamacoco-269_wakeup-1,,Chamacoco,269_wakeup,chɨniyer,chɨniyer,tɕ ɨ n i j e r,,ciucci2013,,,,,,0,0,?
Chamacoco-257_wasp-1,,Chamacoco,257_wasp,porpehet; kahɨr; sakɨs; ɨr;,porpehet,p o r p e h e t,,ciucci2013,,,,,,0,0,?
Chamacoco-257_wasp-2,,Chamacoco,257_wasp,porpehet; kahɨr; sakɨs; ɨr;,kahɨr,k a h ɨ r,,ciucci2013,,,,,,0,0,?
Chamacoco-257_wasp-3,,Chamacoco,257_wasp,porpehet; kahɨr; sakɨs; ɨr;,sakɨs,s a k ɨ s,,ciucci2013,,,,,,0,0,?
Chamacoco-257_wasp-4,,Chamacoco,257_wasp,porpehet; kahɨr; sakɨs; ɨr;,ɨr,ɨ r,,ciucci2013,,,,,,0,0,?
Chamacoco-140_where-1,,Chamacoco,140_where,ɨraãpo,ɨraãpo,ɨ r ãː p o,,ciucci2013,,,,,,0,0,?
Chamacoco-38_wife-1,,Chamacoco,38_wife,ɨrãhata,ɨrãhata,ɨ r ã h a t a,,ciucci2013,,,,,,0,0,?
Chamacoco-71_window-1,,Chamacoco,71_window,mɨntanta,mɨntanta,m ɨ n t a n t a,,ciucci2013,,,,,,0,0,?
Chamacoco-98_wing-1,,Chamacoco,98_wing,ihyãk,ihyãk,i ʰj ã k,,ciucci2013,,,,,,0,0,?
Chamacoco-161_wolf-1,,Chamacoco,161_wolf,ɨrmturc,ɨrmturc,ɨ r m t u r tɕ,,ciucci2013,,,,,,0,0,?
Chamacoco-165_write-1,,Chamacoco,165_write,chichew,chichew,tɕ i tɕ e w,,ciucci2013,,,,,,0,0,?
Chamacoco-106_year-1,,Chamacoco,106_year,ãyt; tarokot; taro,ãyt,ãi t,,ciucci2013,,,,,,0,0,?
Chamacoco-106_year-2,,Chamacoco,106_year,ãyt; tarokot; taro,tarokot,t a r o k o t,,ciucci2013,,,,,,0,0,?
Chamacoco-106_year-3,,Chamacoco,106_year,ãyt; tarokot; taro,taro,t a r o,,ciucci2013,,,,,,0,0,?
Chamacoco-167_yellow-1,,Chamacoco,167_yellow,kahɨr,kahɨr,k a h ɨ r,,ciucci2013,,,,,,0,0,?
TobaPilaga-311_aramidesypecaha-1,,TobaPilaga,311_aramidesypecaha,wochiaGat,wochiaxat,w o tʃ j a ʁ a t,,arenas1993,,,,,,0,0,?
TobaPilaga-220_busarellusnigricollis-1,,TobaPilaga,220_busarellusnigricollis,miyo,miyo,m i j o,,arenas1993,,,,,,0,0,?
TobaPilaga-250_chaunatorquata-1,,TobaPilaga,250_chaunatorquata,taha:q,taha:q,t a h a k,,arenas1993,,,,,,0,0,?
TobaPilaga-316_citrulluslanatus-2,,TobaPilaga,316_citrulluslanatus,koda:,koda:,k o d a,,arenas1993,,,,,,0,0,?
TobaPilaga-260_crocodilealligator-1,,TobaPilaga,260_crocodilealligator,ñiaGadiaq,ñiaGadiaq,ɲ j a ʕ a d j a q,,arenas1993,,,,,,0,0,?
TobaPilaga-321_crotophagaani-1,,TobaPilaga,321_crotophagaani,konaganaGae lalo,konaganaGae lalo,k o n a ʁ a n a ʁ ai + l a + l o,,arenas1993,,,,,,0,0,witch _:poss pet
TobaPilaga-321_crotophagaani-2,,TobaPilaga,321_crotophagaani,potanaGae,potanaGae,p o + t a n a ʁ ai,,arenas1993,,,,,,0,0,? Crotophaga
TobaPilaga-308_dendrocygnabicolor-1,,TobaPilaga,308_dendrocygnabicolor,Bilili:'e,Bilili:'e,ʋ i ʎ i ʎ i ʔ e,,arenas1993,,,,,,0,0,?
TobaPilaga-308_dendrocygnabicolor-2,,TobaPilaga,308_dendrocygnabicolor,chiye'e,chiye'e,tʃ i j e ʔ e,,arenas1993,,,,,,0,0,?
TobaPilaga-211_himantopusmelanurus-1,,TobaPilaga,211_himantopusmelanurus,kahoGonaGa netehoko,kahoGonaGa netehoko,k a h o ʁ o n a ʁ a + n e + t e h o q o,,arenas1993,,,,,,0,0,thunder _:poss uncle
TobaPilaga-211_himantopusmelanurus-2,,TobaPilaga,211_himantopusmelanurus,kahoGonaGa lonaganek,kahoGonaGa lonaganek,k a h o ʁ o n a ʁ a + l + o n a ʁ a n e k,,arenas1993,,,,,,0,0,thunder _:poss singer
TobaPilaga-310_hymenachneamplexicaulis-2,,TobaPilaga,310_hymenachneamplexicaulis,polchaq,polchaq,p o l tʃ a q,,arenas1993,,,,,,0,0,?
TobaPilaga-190_machetornisrixosa-2,,TobaPilaga,190_machetornisrixosa,pegeaq lapaqate,pegeaq lapaqate,p e g j a q + l a p a q a t e,,arenas1993,,,,,,0,0,horse _:?
TobaPilaga-190_machetornisrixosa-3,,TobaPilaga,190_machetornisrixosa,pegeaq neketadihe lo'o,pegeaq neketadihe lo'o,p e g j a q + n e k e t a d i h e + l o ʔ o,,arenas1993,,,,,,0,0,horse _:? master
TobaPilaga-190_machetornisrixosa-4,,TobaPilaga,190_machetornisrixosa,qoBi lala,qoBi lala,q o w i + l a l a,,arenas1993,,,,,,0,0,yellow _:?
TobaPilaga-224_molothrusbonariensis-1,,TobaPilaga,224_molothrusbonariensis,wohem ledaGae,wohem ledaGae,w o h e m + l e d a ʁ ai,,arenas1993,,,,,,0,0,wohem black
TobaPilaga-224_molothrusbonariensis-2,,TobaPilaga,224_molothrusbonariensis,wohem,wohem,w o h e m,,arenas1993,,,,,,0,0,?
TobaPilaga-324_ortaliscanicollis-1,,TobaPilaga,324_ortaliscanicollis,qochieñi,qochieñi,q o tʃ i e ɲ i,,arenas1993,,,,,,0,0,?
TobaPilaga-226_phoradendronliga-1,,TobaPilaga,226_phoradendronliga,epak lepete,epak lepete,e p a q + l e + p e t e,,arenas1993,,,,,,0,0,tree _:poss _:?
TobaPilaga-226_phoradendronliga-2,,TobaPilaga,226_phoradendronliga,netaGae laqaik,netaGae laqaik,n e t a ʁ ai + l a + q ai c,,arenas1993,,,,,,0,0,water _:poss head
TobaPilaga-185_procyoncancrivorus-1,,TobaPilaga,185_procyoncancrivorus,kosaingo,kosaingo,k o s ai n g o,,arenas1993,,,,,,0,0,?
TobaPilaga-185_procyoncancrivorus-2,,TobaPilaga,185_procyoncancrivorus,wayaGa ledaGae,wayaGa ledaGae,w a j a ʁ a + l + e d a ʁ ai,,arenas1993,,,,,,0,0,fox _:3sg black
TobaPilaga-119_rheaamericana-1,,TobaPilaga,119_rheaamericana,mañik,mañik,m a ɲ i k,,arenas1993,,,,,,0,0,?
TobaPilaga-227_rostrhamussociabilis-1,,TobaPilaga,227_rostrhamussociabilis,potaelamek,potaelamek,p o t ai + l a m e k,,arenas1993,,,,,,0,0,bear liver
TobaPilaga-49_schinopsislorentzii-1,,TobaPilaga,49_schinopsislorentzii,ketaqaik,ketaqaik,k e t a q ai k,,arenas1993,,,,,,0,0,?
TobaPilaga-235_sennamorongii-3,,TobaPilaga,235_sennamorongii,wagayaGa namaik,wagayaGa namaik,w a ʕ a j a ʕ a + n a m ai k,,arenas1993,,,,,,0,0,fox food
TobaPilaga-192_serrasalmusspilopleura-1,,TobaPilaga,192_serrasalmusspilopleura,kote,kote,k o t e,,arenas1993,,,,,,0,0,?
TobaPilaga-210_sicalisflaveola-1,,TobaPilaga,210_sicalisflaveola,alalagahe,alalagahe,a l a l a ʁ a h e,,arenas1993,,,,,,0,0,?
TobaPilaga-247_tapirusterrestris-1,,TobaPilaga,247_tapirusterrestris,lolgeaq,lolgeaq,l o l i ʁ a q,,arenas1993,,,,,,0,0,?
TobaPilaga-317_tayassupecari-1,,TobaPilaga,317_tayassupecari,kodage,kodage,k o d a g e,,arenas1993,,,,,,0,0,?
TobaPilaga-312_turdusamaurochalinus-1,,TobaPilaga,312_turdusamaurochalinus,mok,mok,m o k,,arenas1993,,,,,,0,0,?
TobaPilaga-312_turdusamaurochalinus-2,,TobaPilaga,312_turdusamaurochalinus,wochilala,wochilala,w o tʃ i l a l a,,arenas1993,,,,,,0,0,?
EnxetSur-99_palmofhand-2,,EnxetSur,99_palmofhand,Áwa’ egmek,áwa’ egmek,ɑː + w ʌ ʔ + ɪ ŋ + m ɪ k,,curtis2018,,,,,,0,0,_:poss hair _:poss hand
Pilaga-299_thunder-1,,Pilaga,299_thunder,nalimaʕa,nalimaʕa,n + a l i m + a ʁ a,,buckwalter2015;vidal2010;filipov1993,,,,,,0,0,_:3sg roar _:nmlz
Pilaga-299_thunder-2,,Pilaga,299_thunder,qasoʕonaʕa lawaq,qasoʕonaʕa lawaq,q a s o ʕ o n a ʕ a + l a + w a q,,buckwalter2015;vidal2010;filipov1993,,,,,,0,0,lightning _:poss hand
Pilaga-269_wakeup-2,,Pilaga,269_wakeup,yiqotoʕon,yi+qotoʕon,j i + q o t o ʕ o n,,buckwalter2015;vidal2010;filipov1993,,,,,,0,0,_:3sg wake.up
TobaPilaga-46_animal-1,,TobaPilaga,46_animal,alo,alo,a l o ʔ,,arenas1993,,,,,21,0,0,?
TobaPilaga-46_animal-2,,TobaPilaga,46_animal,jíyac,jíyac,h e j a k,,arenas1993,,,,,22,0,0,?
TobaPilaga-118_ant-1,,TobaPilaga,118_ant,pîjó,pîjó,p e h o ʔ,,arenas1993,,,,,,0,0,?
TobaPilaga-57_arm-1,,TobaPilaga,57_arm,naltí,n+altí,n + a l t e,,arenas1993,,,,,,0,0,_:poss arm
TobaPilaga-274_ashes-1,,TobaPilaga,274_ashes,jálo,jálo,h a l o,,arenas1993,,,,,24,0,0,?
TobaPilaga-242_assdonkey-1,,TobaPilaga,242_assdonkey,ájina,ájina,a h i n a,,arenas1993,,,,,,0,0,?
TobaPilaga-82_back-1,,TobaPilaga,82_back,palatéta,palatéta,p a l a t e t a,,arenas1993,,,,,,0,0,?
TobaPilaga-80_beak-1,,TobaPilaga,80_beak,najíp,n+ajíp,n + a h e p,,arenas1993,,,,,1 2409,0,0,_:poss beak
TobaPilaga-253_bear-1,,TobaPilaga,253_bear,potái,potái,p o t ai,,arenas1993,,,,,,0,0,?
TobaPilaga-58_beard-1,,TobaPilaga,58_beard,cálayogót,cálayogót,q a ʔ + l + a j o ʕ o t,,arenas1993,,,,,,0,0,chin _:poss hair
TobaPilaga-124_bed-1,,TobaPilaga,124_bed,nuchágala,nu+chágala,n + o tʃ + a ʕ a + l a,,arenas1993,,,,,,0,0,_:poss sleep _:val _:loc
TobaPilaga-124_bed-2,,TobaPilaga,124_bed,néla,né+la,n + e l a ʔ,,arenas1993,,,,,,0,0,_:poss bed
TobaPilaga-187_bird-1,,TobaPilaga,187_bird,máyo,máyo,m a j o,,arenas1993,,,,,,0,0,?
TobaPilaga-243_black-1,,TobaPilaga,243_black,lédagaic,l+éd+agai,l + e d + a ʁ ai,,arenas1993,,,,,,0,0,_:3sg black _:adj
TobaPilaga-85_blood-1,,TobaPilaga,85_blood,nitauó,ni+tauó,n i + t a w o,,arenas1993,,,,,,0,0,_:poss blood
TobaPilaga-83_bone-1,,TobaPilaga,83_bone,nipiníc,ni+piníc,n i + pˀ i n e k,,arenas1993,,,,,,0,0,_:poss bone
TobaPilaga-40_borntobe-1,,TobaPilaga,40_borntobe,yíñi,yíñi,j i + ɲ i,,arenas1993,,,,,,0,0,be.born _:down
TobaPilaga-40_borntobe-2,,TobaPilaga,40_borntobe,caiñi,caiñi,k a j i + ɲ i,,arenas1993,,,,,,0,0,be.born _:down
TobaPilaga-78_breastofwoman-1,,TobaPilaga,78_breastofwoman,notetí,no+tetí,n o + t e t i,,arenas1993,,,,,,0,0,_:poss breast
TobaPilaga-256_bull-1,,TobaPilaga,256_bull,uaca lí'im,uaca lí'im,w a k a + l i ʔ i m,,arenas1993,,,,,,0,0,cow ?
TobaPilaga-123_burnvbintrans-1,,TobaPilaga,123_burnvbintrans,yavíc,y+awik,j + a w i k,,arenas1993,,,,,,0,0,_:3sg burn
TobaPilaga-123_burnvbintrans-2,,TobaPilaga,123_burnvbintrans,idáingui,idáingui,e d + a i n g i,,arenas1993,,,,,,0,0,burn _:loc
TobaPilaga-278_buy-1,,TobaPilaga,278_buy,cót,cót,k o t,,arenas1993,,,,,,0,0,?
TobaPilaga-273_cat-1,,TobaPilaga,273_cat,míchi,míchi,m i tʃ i,,arenas1993,,,,,,0,0,?
TobaPilaga-273_cat-2,,TobaPilaga,273_cat,idiátagaic,idiátagaic,i d j a t a ʁ ai k,,arenas1993,,,,,,0,0,?
TobaPilaga-273_cat-3,,TobaPilaga,273_cat,copaicoló,copaicoló,k o p ai k + a l o,,arenas1993,,,,,,0,0,cat woman
TobaPilaga-254_chest-1,,TobaPilaga,254_chest,natógui,na+tógui,n a + t o g i,,arenas1993,,,,,,0,0,_:poss chest
TobaPilaga-254_chest-2,,TobaPilaga,254_chest,najot,na+jot,n + a h o t,,arenas1993,,,,,,0,0,_:poss chest
TobaPilaga-101_child-1,,TobaPilaga,101_child,notolíc,notolíc,n o ʁ o t o l e k,,arenas1993,,,,,,0,0,?
TobaPilaga-101_child-2,,TobaPilaga,101_child,ñocolcá,ñocolcá,ɲ o q o l q a,,arenas1993,,,,,,0,0,?
TobaPilaga-95_claw-1,,TobaPilaga,95_claw,máyo linát,máyo linát,m a j o + l e + n a t,,arenas1993,,,,,,0,0,bird _:poss nail
TobaPilaga-92_cloud-1,,TobaPilaga,92_cloud,piyím ló'oc,piyím ló'oc,p i j i m + l o + ʔ o k,,arenas1993,,,,,,0,0,sky _:poss skin
TobaPilaga-103_club-1,,TobaPilaga,103_club,nipón,nipón,n i + p o n,,arenas1993,,,,,,0,0,_:poss club
TobaPilaga-103_club-2,,TobaPilaga,103_club,najé'l,najé'l,n a h e l,,arenas1993,,,,,25,0,0,?
TobaPilaga-266_cold-1,,TobaPilaga,266_cold,ómayi,ómayi,o m + a j i,,arenas1993,,,,,,0,0,cold _:loc
TobaPilaga-266_cold-2,,TobaPilaga,266_cold,jó'om,jó'om,h o ʔ o m,,arenas1993,,,,,,0,0,?
TobaPilaga-266_cold-3,,TobaPilaga,266_cold,tí,tí,t i,,arenas1993,,,,,,0,0,?
TobaPilaga-279_come-1,,TobaPilaga,279_come,nac,nac,n a k,,arenas1993,,,,,,0,0,?
TobaPilaga-279_come-2,,TobaPilaga,279_come,naiquéna,naiquéna,n ai k e n a,,arenas1993,,,,,,0,0,?
TobaPilaga-159_cook-1,,TobaPilaga,159_cook,nága,nága,n a g a,,arenas1993,,,,,,0,0,?
TobaPilaga-159_cook-2,,TobaPilaga,159_cook,uóje,uóje,w o h e,,arenas1993,,,,,,0,0,?
TobaPilaga-159_cook-3,,TobaPilaga,159_cook,uógon,uógon,w o g o n,,arenas1993,,,,,,0,0,?
TobaPilaga-159_cook-4,,TobaPilaga,159_cook,dáto,dáto,d a t o,,arenas1993,,,,,,0,0,?
TobaPilaga-127_cousin-1,,TobaPilaga,127_cousin,yachocolíc,yachocolíc,j a tʃ o k o l e + k,,arenas1993,,,,,,0,0,cousin _:masc
TobaPilaga-127_cousin-2,,TobaPilaga,127_cousin,yanocolíc,yanocolíc,j a n o k o l e + k,,arenas1993,,,,,,0,0,cousin _:masc
TobaPilaga-127_cousin-3,,TobaPilaga,127_cousin,yapiló'oli,yapiló'oli,j a p i l o ʔ o l e,,arenas1993,,,,,,0,0,?
TobaPilaga-76_cover-1,,TobaPilaga,76_cover,padelígui,padelígui,p a d e + l e g e,,arenas1993,,,,,,0,0,put.on _:loc
TobaPilaga-76_cover-2,,TobaPilaga,76_cover,padelóti,padelóti,p a d e l o t i,,arenas1993,,,,,,0,0,?
TobaPilaga-252_cow-1,,TobaPilaga,252_cow,uacá,uacá,w a k a,,arenas1993,,,,,,0,0,?
TobaPilaga-277_cryweep-1,,TobaPilaga,277_cryweep,yén,yén,n + o j e n,,arenas1993,,,,,,0,0,_:3sg cry
TobaPilaga-166_deer-1,,TobaPilaga,166_deer,tánaganagá,tánaganagá,t a n a ʁ a n a ʁ a,,arenas1993,,,,,,0,0,?
TobaPilaga-129_dog-1,,TobaPilaga,129_dog,píoc,píoc,p j o q,,arenas1993,,,,,,0,0,?
TobaPilaga-60_doorgate-1,,TobaPilaga,60_doorgate,najóm,lajom,l + a h o m,,arenas1993,,,,,,0,0,_:poss door
TobaPilaga-174_dove-1,,TobaPilaga,174_dove,docotó,docotó,d o + q o t o,,arenas1993,,,,,,0,0,? dove
TobaPilaga-174_dove-2,,TobaPilaga,174_dove,uochíp,uochíp,w o tʃ i p,,arenas1993,,,,,,0,0,?
TobaPilaga-162_drink-1,,TobaPilaga,162_drink,yúm,iyom,i j o m,,arenas1993,,,,,,0,0,?
TobaPilaga-164_dust-1,,TobaPilaga,164_dust,aléua,aléua,a l e w a,,arenas1993,,,,,,0,0,?
TobaPilaga-164_dust-2,,TobaPilaga,164_dust,enágayaga,enágayaga,e n a ʁ a j a ʁ a,,arenas1993,,,,,,0,0,?
TobaPilaga-53_ear-1,,TobaPilaga,53_ear,niquitéla,neketela,n e + k e + t e l a,,arenas1993,,,,,41 3882,0,0,_:poss _:/ke ear
TobaPilaga-139_earthgroundsoil-1,,TobaPilaga,139_earthgroundsoil,aléua,aléua,a l e w a,,arenas1993,,,,,,0,0,?
TobaPilaga-276_eat-1,,TobaPilaga,276_eat,quí'i,quí'i,k e ʔ e,,arenas1993,,,,,,0,0,?
TobaPilaga-276_eat-2,,TobaPilaga,276_eat,líc,líc,j + a l i k,,arenas1993,,,,,,0,0,_:3sg eat
TobaPilaga-281_elbow-1,,TobaPilaga,281_elbow,cotí,cotí,q o t e,,arenas1993,,,,,,0,0,?
TobaPilaga-263_everyall-1,,TobaPilaga,263_everyall,yimá,yimá,j + i m a ʔ,,arenas1993,,,,,,0,0,_:3sg complete
TobaPilaga-263_everyall-2,,TobaPilaga,263_everyall,iná'uac,iná'uac,n a w a,,arenas1993,,,,,,0,0,?
TobaPilaga-259_eyelash-1,,TobaPilaga,259_eyelash,lotiquí,lotiquí,n + l o t e k e,,arenas1993,,,,,2 3 3 2   ?,0,0,_:poss eyelash
TobaPilaga-41_fall-1,,TobaPilaga,41_fall,caiñí,caiñí,k ai + ɲ i,,arenas1993,,,,,,0,0,fall _:dir
TobaPilaga-146_faradv-1,,TobaPilaga,146_faradv,cayá'aguí,cayá'aguí,q a j a ʔ a + g e,,arenas1993,,,,,,0,0,far _:loc
TobaPilaga-282_father-1,,TobaPilaga,282_father,netá,netá,n e + tˀ a,,arenas1993,,,,,,0,0,_:poss father
TobaPilaga-44_feather-1,,TobaPilaga,44_feather,máyo lauá,máyo lauá,m a j o ʔ + l + a w a,,arenas1993,,,,,,0,0,bird _:poss feather
TobaPilaga-110_fightvb-1,,TobaPilaga,110_fightvb,lóiqui,lóiqui,d e + l oi k i,,arenas1993,,,,,,0,0,_:3sg fight
TobaPilaga-96_findorsal-1,,TobaPilaga,96_findorsal,niyagalauá,niyagalauá,n i j a ʁ a + l + a w a,,arenas1993,,,,,,0,0,fish _:poss wing
TobaPilaga-64_finger-1,,TobaPilaga,64_finger,yagatá,yagatá,j a ʁ a t a,,arenas1993,,,,,,0,0,_:poss finger
TobaPilaga-94_fingernail-1,,TobaPilaga,94_fingernail,ninát,ninát,n e + n a t,,arenas1993,,,,,,0,0,_:poss nail
TobaPilaga-97_fish-1,,TobaPilaga,97_fish,níyac,níyac,n i j a q,,arenas1993,,,,,,0,0,?
TobaPilaga-91_fishscale-1,,TobaPilaga,91_fishscale,liyo,liyo,l i + j o,,arenas1993,,,,,,0,0,_:poss fishscale
TobaPilaga-128_flea-1,,TobaPilaga,128_flea,napagát,napagát,n + a p a ʕ a t,,arenas1993,,,,,,0,0,_:poss flea
TobaPilaga-132_float-1,,TobaPilaga,132_float,yo,yo,j o,,arenas1993,,,,,,0,0,fly
TobaPilaga-248_flower-1,,TobaPilaga,248_flower,dauó,d+auo,d + a w o,,arenas1993,,,,,,0,0,_:poss flower
TobaPilaga-133_flyvb-1,,TobaPilaga,133_flyvb,yo,hu+ayo,w + a j o,,arenas1993,,,,,,0,0,_:3sg fly
TobaPilaga-246_foot-1,,TobaPilaga,246_foot,nápia,lapia',l + a p j a ʔ,,arenas1993,,,,,,0,0,_:poss foot
TobaPilaga-121_footprint-1,,TobaPilaga,121_footprint,nápia,nápia,n + a p j a ʔ,,arenas1993,,,,,,0,0,_:poss foot
TobaPilaga-154_four-1,,TobaPilaga,154_four,"nalótapîgat, nalote'eta laqaya'",nalote'eta laqaya',n + a l o t e ʔ e t a + l + a q a j a + ʔ,,arenas1993,,,,,,0,0,_:3sg be.equal _:poss other _:pl
TobaPilaga-160_fox-1,,TobaPilaga,160_fox,uágayaga,uágayaga,w a ʁ a j a ʁ a,,arenas1993,,,,,,0,0,?
TobaPilaga-285_fruit-1,,TobaPilaga,285_fruit,jalá,jalá,h a l a,,arenas1993,,,,,,0,0,?
TobaPilaga-89_fur-1,,TobaPilaga,89_fur,oc,lo'oc,l o + ʔ o k,,arenas1993,,,,,,0,0,_:poss skin
TobaPilaga-283_give-1,,TobaPilaga,283_give,"ním, an",an,a n,,arenas1993,,,,,,0,0,?
TobaPilaga-116_goat-1,,TobaPilaga,116_goat,quétac,quétac,k e t a q,,arenas1993,,,,,,0,0,?
TobaPilaga-265_goose-1,,TobaPilaga,265_goose,uataguéda lipóllo,huatagueda lepoleo,w a t a g e d a + l e + p o l j o,,arenas1993,,,,,,0,0,? _:poss false
TobaPilaga-191_grass-1,,TobaPilaga,191_grass,auacapí,auacapí,ʔ u a q a + p i,,arenas1993,,,,,,0,0,grass _:pl
TobaPilaga-191_grass-2,,TobaPilaga,191_grass,polchác,polchác,p o l tʃ a q,,arenas1993,,,,,,0,0,?
TobaPilaga-112_guitara-1,,TobaPilaga,112_guitara,niviquí,niviquí,n i + w i k i,,arenas1993,,,,,,0,0,_:poss guitar
TobaPilaga-42_hairhead-1,,TobaPilaga,42_hairhead,nayogót,n+ayogót,n + a j o ʁ o t,,arenas1993,,,,,,0,0,_:poss hair
TobaPilaga-56_hand-1,,TobaPilaga,56_hand,nouác,no+uác,n + o w a q,,arenas1993,,,,,,0,0,_:poss hand
TobaPilaga-117_hegoat-1,,TobaPilaga,117_hegoat,quétagalouá,quétagalouá,k e t a q + l o + w a ʔ,,arenas1993,,,,,,0,0,goat _:poss spouse
TobaPilaga-79_head-1,,TobaPilaga,79_head,nacáic,na+qaik,n + a q ai k,,arenas1993,,,,,,0,0,_:poss: head
TobaPilaga-138_hear-1,,TobaPilaga,138_hear,machíya,machíya,m a tʃ i,,arenas1993,,,,,,0,0,?
TobaPilaga-138_hear-2,,TobaPilaga,138_hear,quiágan,quiágan,a k j a ʁ a n,,arenas1993,,,,,,0,0,?
TobaPilaga-261_heart-1,,TobaPilaga,261_heart,niquídiyacatí,ni+quídiyacatí,n i + k i d i a q a t e,,arenas1993,,,,,,0,0,_:poss heart
TobaPilaga-323_hold-1,,TobaPilaga,323_hold,"conágan, yaqona",yaqona,j a + q o n a,,arenas1993,,,,,,0,0,_:3sg hold
TobaPilaga-323_hold-2,,TobaPilaga,323_hold,"jácayi, loxona",loxona,l + o ʁ o n + a,,arenas1993,,,,,,0,0,_:3sg hold _:3O
TobaPilaga-102_horn-1,,TobaPilaga,102_horn,napî,nape,n a p e,,arenas1993,,,,,,0,0,?
TobaPilaga-113_horseequine-1,,TobaPilaga,113_horseequine,pîguiác,pîguiác,p e g a q,,arenas1993,,,,,,0,0,?
TobaPilaga-72_house-1,,TobaPilaga,72_house,imíc,imic,l + ʔ e m e k,,arenas1993,,,,,,0,0,_:poss house
TobaPilaga-37_husband-1,,TobaPilaga,37_husband,uá,l + o w a ʔ,l + o w a ʔ,,arenas1993,,,,,,0,0,_:poss spouse
TobaPilaga-275_intestinesguts-1,,TobaPilaga,275_intestinesguts,piógojic,piógojic,p i j o ʁ o h e k,,arenas1993,,,,,,0,0,?
TobaPilaga-275_intestinesguts-2,,TobaPilaga,275_intestinesguts,nauíl,nauíl,n + a w e l,,arenas1993,,,,,,0,0,_:poss interior
TobaPilaga-134_itch-1,,TobaPilaga,134_itch,dijiquí,dijiquí,d i + h i k i,,arenas1993,,,,,,0,0,_:3sg itch
TobaPilaga-111_kill-1,,TobaPilaga,111_kill,lát,y+alat,j + a l a t,,arenas1993,,,,,,0,0,_:3sg kill
TobaPilaga-169_knife-1,,TobaPilaga,169_knife,négaganagát,yitouoxojec,j + i t o w o ʁ o h e k,,arenas1993,,,,,,0,0,_:1sg knife
TobaPilaga-264_know-1,,TobaPilaga,264_know,yátin,y+ayaten,j a + j a t e n,,arenas1993,,,,,,0,0,_:3sg know
TobaPilaga-67_lake-1,,TobaPilaga,67_lake,"cá'em, pîdóna",cá'em,q a ʔ e m,,arenas1993,,,,,,0,0,?
TobaPilaga-65_largebig-1,,TobaPilaga,65_largebig,t'adaik,t'adaik,tˀ a + d ai + k,,arenas1993,,,,,,0,0,_:poss father _:atr _:masc
TobaPilaga-43_leaf-1,,TobaPilaga,43_leaf,epagalayocotí,epagalayocotí,e p a ʕ a + l + a j o q o t e,,arenas1993,,,,,,0,0,tree _:poss hair
TobaPilaga-120_leg-1,,TobaPilaga,120_leg,nachí,na+chí,n a + tʃ i,,arenas1993,,,,,,0,0,_:poss leg
TobaPilaga-126_liedown-1,,TobaPilaga,126_liedown,víguiñi,víguiñi,w i g i + ɲ i,,arenas1993,,,,,,0,0,lie.down _:dir
TobaPilaga-109_lightning-1,,TobaPilaga,109_lightning,cajélcapiñi,cajélcapiñi,k a h e l q + a p i + ɲ i,,arenas1993,,,,,,0,0,strike _:asp _:dir
TobaPilaga-62_lip-1,,TobaPilaga,62_lip,najíp (upper); ac (lower),ha'ak,j a + ʔ a k,,arenas1993,,,,,101,0,0,_:poss lip
TobaPilaga-136_littlequantityfew-1,,TobaPilaga,136_littlequantityfew,"catuñúc, catolíc",catuñúc,q a t o ɲ o k,,arenas1993,,,,,,0,0,?
TobaPilaga-173_lizard-1,,TobaPilaga,173_lizard,málagaic,málagaic,m a l a ʁ + ai + k,,arenas1993,,,,,,0,0,blue _:adj _:masc
TobaPilaga-173_lizard-2,,TobaPilaga,173_lizard,"navíoc, totóllo, piocolíc, jeuói'i, dadálalacaic, delailí, jelcáic",navíoc,n a w io k,,arenas1993,,,,,,0,0,?
TobaPilaga-130_louse-1,,TobaPilaga,130_louse,napagát,napagát,n + a p a ʕ a t,,arenas1993,,,,,,0,0,_:poss louse
TobaPilaga-288_lung-1,,TobaPilaga,288_lung,"chí, chídi",y+achi',j + a tʃ i ʔ,,arenas1993,,,,,,0,0,_:poss lung
TobaPilaga-287_maizecorn-1,,TobaPilaga,287_maizecorn,táuaga,táuaga,t a w a ʕ a,,arenas1993,,,,,,0,0,?
TobaPilaga-290_mosquito-1,,TobaPilaga,290_mosquito,uandú,uandú,w a n d o,,arenas1993,,,,,,0,0,?
TobaPilaga-66_mother-1,,TobaPilaga,66_mother,"naté, chidéna, mopiagái (if her son is dead), déna (if she is a widow)",n+at'e,n + a tˀ e,,arenas1993,,,,,,0,0,_:poss mother
TobaPilaga-59_mouth-1,,TobaPilaga,59_mouth,nidégagat,ni+dégagat,n i + d e j a ʁ a t,,arenas1993,,,,,91,0,0,_:poss mouth
TobaPilaga-147_muchmany-1,,TobaPilaga,147_muchmany,"jalcotí, lamái, cayógodi",jalcote,h a + l q o t e,,arenas1993,,,,,,0,0,not _:?
TobaPilaga-208_mule-1,,TobaPilaga,208_mule,múla,mola,m o l a,,arenas1993,,,,,,0,0,?
TobaPilaga-291_name-1,,TobaPilaga,291_name,ninagát,ni+nagát,n + e n a ʁ a t,,arenas1993,,,,,,0,0,_:poss name
TobaPilaga-170_needle-1,,TobaPilaga,170_needle,"caná, náicayi",caná,q a n a,,arenas1993,,,,,,0,0,?
TobaPilaga-267_nest-1,,TobaPilaga,267_nest,máyo lipatái,máyo lipatái,m a j o ʔ + l e + p a t ai,,arenas1993,,,,,,0,0,bird _:poss nest
TobaPilaga-292_old-1,,TobaPilaga,292_old,toijíc,toijíc,t o ʁ oi,,arenas1993,,,,,,0,0,?
TobaPilaga-206_oldman-1,,TobaPilaga,206_oldman,toxoic,toxoic,t o ʁ oi + k,,arenas1993,,,,,,0,0,old _:masc
TobaPilaga-207_oldwoman-1,,TobaPilaga,207_oldwoman,yagainá,toxoi,t o ʁ oi,,arenas1993,,,,,,0,0,?
TobaPilaga-152_one-1,,TobaPilaga,152_one,onolíc,onle,o n + l e,,arenas1993,,,,,,0,0,one _:dim
TobaPilaga-293_owl-1,,TobaPilaga,293_owl,"quidiquíc, uocó, colagonacocó, tonolíc",uoco,w o q o,,arenas1993,,,,,,0,0,?
TobaPilaga-255_ox-1,,TobaPilaga,255_ox,uígaganagaic,uígaganagaic,a w e g + a ʁ a n + a ʁ ai + k,,arenas1993,,,,,,0,0,carry _:val _:adj _:masc
TobaPilaga-99_palmofhand-1,,TobaPilaga,99_palmofhand,nouágalaiñí,no+uága+l+aiñí,n o + w a ʕ a + l + a e ɲ i,,arenas1993,,,,,,0,0,_:poss hand _:poss interior
TobaPilaga-289_parrot-1,,TobaPilaga,289_parrot,elí,ele,e l e,,arenas1993,,,,,,0,0,?
TobaPilaga-86_path-1,,TobaPilaga,86_path,"nacáic, na-díc, nidíc",'ic,ʔ i k,,arenas1993,,,,,,0,0,?
TobaPilaga-249_penis-1,,TobaPilaga,249_penis,"na-mól, ni-coué, ni-coité, nacatacóco, namolatá",n+amo+l,n + a m o + l,,arenas1993,,,,,,0,0,_:poss penis _:pauc
TobaPilaga-280_personhumanbeing-1,,TobaPilaga,280_personhumanbeing,"cadacáya, jiyagauá",jiyagauá,h e j a ʁ a w a,,arenas1993,,,,,,0,0,?
TobaPilaga-302_pig-1,,TobaPilaga,302_pig,"cuchí, ouácai, codágui, nachíje",ouácai,o w a q ai,,arenas1993,,,,,,0,0,?
TobaPilaga-87_place-1,,TobaPilaga,87_place,"liñí, nacháca",n+acháca,n + ʔ a tʃ a q a ʔ,,arenas1993,,,,,,0,0,_:poss place
TobaPilaga-143_plantvb-1,,TobaPilaga,143_plantvb,"nagán, ñí, díñi, capiáiñi",naxan,n + a ʁ a n,,arenas1993,,,,,,0,0,put _:val
TobaPilaga-258_poison-1,,TobaPilaga,258_poison,niuenáganagat,niuenáganagat,h i + w e n + a ʁ a n,,arenas1993,,,,,,0,0,_:poss poison _:val
TobaPilaga-294_pus-1,,TobaPilaga,294_pus,lí'i,lí'i,l + i ʔ i,,arenas1993,,,,,,0,0,_:poss pus
TobaPilaga-50_red-1,,TobaPilaga,50_red,tómagadaic,tómagadai,t o m a ʕ a + d ai,,arenas1993,,,,,,0,0,red _:adj
TobaPilaga-295_ripe-1,,TobaPilaga,295_ripe,"yí, yajóc",dadala,d a d a l a,,arenas1993,,,,,,0,0,?
TobaPilaga-296_road-1,,TobaPilaga,296_road,nadíc,nadic,n a d i k,,arenas1993,,,,,,0,0,?
TobaPilaga-297_root-1,,TobaPilaga,297_root,"napatá, epágalapatá, epágalamól",na+pata',n a + p a t a ʔ,,arenas1993,,,,,,0,0,_:poss root
TobaPilaga-298_ropecord-1,,TobaPilaga,298_ropecord,neket,neket,n e + k e t,,arenas1993,,,,,,0,0,_:poss cord
TobaPilaga-163_see-1,,TobaPilaga,163_see,"uanác, uaná, catín",hekaten,h + e k a t e n,,arenas1993,,,,,,0,0,_:3sg see
TobaPilaga-105_shadeshadow-1,,TobaPilaga,105_shadeshadow,nipacál,nipacál,l e + p a q a l,,arenas1993,,,,,,0,0,_:poss shade
TobaPilaga-115_sheep-1,,TobaPilaga,115_sheep,náganagati,náganagati,n a ʁ a n a ʁ a t e,,arenas1993,,,,,,0,0,?
TobaPilaga-186_shell-1,,TobaPilaga,186_shell,najéyo,najéyo,n a h e j o,,arenas1993,,,,,,0,0,?
TobaPilaga-148_short-1,,TobaPilaga,148_short,"loquetolíc, poiñolíc, catolíc","loquetolíc, poiñolíc, catolíc",k a t o l i k,,arenas1993,,,,,,0,0,?
TobaPilaga-39_sit-1,,TobaPilaga,39_sit,"ñíguiñi, ñídiñi",ñi'iñi,ɲ i + ʔ i + ɲ i,,arenas1993,,,,,,0,0,stay _:loc _:dir
TobaPilaga-75_skinhide-1,,TobaPilaga,75_skinhide,"oc, jé",lo'oc,l o + ʔ o k,,arenas1993,,,,,,0,0,_:poss skin
TobaPilaga-88_skull-1,,TobaPilaga,88_skull,nacáic lipiníc,nacáic lipiníc,n a + q ai k + l i + p i n i k,,arenas1993,,,,,,0,0,_:poss head _:poss bone
TobaPilaga-93_sky-1,,TobaPilaga,93_sky,piyím,piyem,p i j e m,,arenas1993,,,,,,0,0,?
TobaPilaga-125_sleep-1,,TobaPilaga,125_sleep,chí,o'oche,o ʔ o tʃ e,,arenas1993,,,,,,0,0,?
TobaPilaga-100_smalllittle-1,,TobaPilaga,100_smalllittle,"catuñúc, catolíc, ja líca",qatoliqa,q o l i t o l q a,,arenas1993,,,,,,0,0,?
TobaPilaga-188_smellvbtrans-1,,TobaPilaga,188_smellvbtrans,"tá'aguét, coiyágan",ta'aguét,t a + g e t,,arenas1993,,,,,,0,0,smell _:loc
TobaPilaga-245_snail-1,,TobaPilaga,245_snail,"najéyo, coníc",najéyo,n a h e j o,,arenas1993,,,,,,0,0,?
TobaPilaga-104_soulspirit-1,,TobaPilaga,104_soulspirit,"na-uíl, pacál",liqui'i,l i + k i ʔ i,,arenas1993,,,,,,0,0,_:poss soul
TobaPilaga-35_spider-1,,TobaPilaga,35_spider,uachidíyaga,uachidíyaga,w a tʃ i d i j a ʁ a,,arenas1993,,,,,,0,0,?
TobaPilaga-36_spiderweb-1,,TobaPilaga,36_spiderweb,uachidíyaga lála,uachidíyaga lála,w a tʃ i d i j a ʁ a + l + a l a ʔ,,arenas1993,,,,,,0,0,spider _:poss ?
TobaPilaga-81_spine-1,,TobaPilaga,81_spine,ví lipiníc,vi li+pinic,w i + l i + p i n e k,,arenas1993,,,,,,0,0,body _:poss bone
TobaPilaga-168_star-1,,TobaPilaga,168_star,uácachiñi,uácachiñi,w a q a tʃ i ɲ i,,arenas1993,,,,,,0,0,?
TobaPilaga-107_summer-1,,TobaPilaga,107_summer,netáp,netap,n e t a p,,arenas1993,,,,,,0,0,?
TobaPilaga-47_sun-1,,TobaPilaga,47_sun,ajéua,ahewa,a h e w a,,arenas1993,,,,,,0,0,?
TobaPilaga-271_sweetpotato-1,,TobaPilaga,271_sweetpotato,pógoloti,poxolote,p o ʁ o l o t e,,arenas1993,,,,,,0,0,?
TobaPilaga-114_tail-1,,TobaPilaga,114_tail,coló láunic,coló láunic,k o l o + l + a w n e k,,arenas1993,,,,,,0,0,? _:poss tail
TobaPilaga-270_tapiocamanioccassava-1,,TobaPilaga,270_tapiocamanioccassava,piyóc,piyoq,p i j o q,,arenas1993,,,,,,0,0,?
TobaPilaga-200_testicle-1,,TobaPilaga,200_testicle,nóla,nó-la,n o + l a,,arenas1993,,,,,,0,0,_:poss testicle
TobaPilaga-153_three-1,,TobaPilaga,153_three,náiñi lacáya,náiñi lacáya,n + a ɲ i + l + a q a j a,,arenas1993,,,,,,0,0,_:3sg put _:poss other
TobaPilaga-63_thumb-1,,TobaPilaga,63_thumb,yagatá laté,yagatá laté,j a ʁ aː t a + l + a tˀ e,,arenas1993,,,,,,0,0,finger _:poss mother
TobaPilaga-299_thunder-1,,TobaPilaga,299_thunder,"uótip, cajógonaga",qajoxonaxa,q a h o ʁ o n a ʁ a,,arenas1993,,,,,,0,0,?
TobaPilaga-300_tobacco-1,,TobaPilaga,300_tobacco,coic,coic,q o j i k,,arenas1993,,,,,,0,0,?
TobaPilaga-251_tongue-1,,TobaPilaga,251_tongue,na-chágat,na-chágat,n + a tʃ a ʕ a t,,arenas1993,,,,,,0,0,_:poss tongue
TobaPilaga-52_treecf08600-1,,TobaPilaga,52_treecf08600,epác,epaq,e p a q,,arenas1993,,,,,,0,0,?
TobaPilaga-262_under-1,,TobaPilaga,262_under,"nipayáiñi, paiñi, uetót",uetót,w e + t + ʔ o t,,arenas1993,,,,,,0,0,stay _:asp _:loc
TobaPilaga-268_upabove-1,,TobaPilaga,268_upabove,pádeguejim,netalege,n e t a + l e g e,,arenas1993,,,,,,0,0,stay _:asp _:loc
TobaPilaga-301_urinate-1,,TobaPilaga,301_urinate,tí,ti,t e,,arenas1993,,,,,,0,0,?
TobaPilaga-84_veinartery-1,,TobaPilaga,84_veinartery,no-tá,notá,n + o t a,,arenas1993,,,,,,0,0,_:poss vein
TobaPilaga-73_village-1,,TobaPilaga,73_village,noic,noic,n o j i k,,arenas1993,,,,,,0,0,?
TobaPilaga-269_wakeup-1,,TobaPilaga,269_wakeup,"cotagón, tom",hatom,h a t o m,,arenas1993,,,,,,0,0,?
TobaPilaga-140_where-1,,TobaPilaga,140_where,"uá'a, náiña",ua'a,w a ʔ a,,arenas1993,,,,,,0,0,?
TobaPilaga-244_white-1,,TobaPilaga,244_white,pagagáic,pagagai,p a g a ʁ + ai,,arenas1993,,,,,,0,0,white _:adj
TobaPilaga-38_wife-1,,TobaPilaga,38_wife,uá,louá,l o + w a ʔ,,arenas1993,,,,,,0,0,_:poss wife
TobaPilaga-71_window-1,,TobaPilaga,71_window,imíc laité,imíc laité,e m e k + l + ʔ ai t e,,arenas1993,,,,,,0,0,house _:poss eye
TobaPilaga-98_wing-1,,TobaPilaga,98_wing,máyo lauá,máyo lauá,m a j o + l + a w a,,arenas1993,,,,,,0,0,bird _:poss wing
TobaPilaga-161_wolf-1,,TobaPilaga,161_wolf,"uágayaga lipóllo, uí'im jalá lipóllo",uágayaga lipóllo,w a x a j a ʁ a + l e + p o l j o,,arenas1993,,,,,,0,0,fox _:poss false
TobaPilaga-68_womb-1,,TobaPilaga,68_womb,"nitá'am, naté lauíl, naté licójogoiqui",lauel,l a + w e l,,arenas1993,,,,,,0,0,_:poss womb
TobaPilaga-165_write-1,,TobaPilaga,165_write,"dágan, diñi, dídiñi",dágan,d + a ʁ a n,,arenas1993,,,,,,0,0,write _:val
TobaPilaga-106_year-1,,TobaPilaga,106_year,uó'e,uó'e,w o ʔ e,,arenas1993,,,,,,0,0,?
TobaPilaga-167_yellow-1,,TobaPilaga,167_yellow,coiñogóic,coiñogói,q o ɲ i + o ʁ oi,,arenas1993,,,,,,0,0,yellow _:atr
TobaPilaga-82_back-2,,TobaPilaga,82_back,lachágañi,lachágañi,l + a tʃ a ʁ a ɲ i,,arenas1993,,,,,,0,0,_:poss back
TobaPilaga-101_child-3,,TobaPilaga,101_child,leqoxot,leqoxot,l e q o ʁ o t,,arenas1993,,,,,,0,0,?
TobaPilaga-266_cold-4,,TobaPilaga,266_cold,l'omaxa,l'omaxa,l + ʔ o m + a ʁ a,,arenas1993,,,,,,0,0,_:poss cold _:nmlz
TobaPilaga-279_come-3,,TobaPilaga,279_come,novi,novi,n + o w i ʔ,,arenas1993,,,,,,0,0,_:3sg come
TobaPilaga-279_come-4,,TobaPilaga,279_come,nacha'aguet,nacha'aguet,n + a tʃ a ʔ a g e t,,arenas1993,,,,,,0,0,_:3sg come
TobaPilaga-279_come-5,,TobaPilaga,279_come,najoiquina,najoiquina,n + a h oi k i n a,,arenas1993,,,,,,0,0,_:3sg come
TobaPilaga-159_cook-5,,TobaPilaga,159_cook,yauo'te,yauo'te,j + a w o ʔ t e,,arenas1993,,,,,,0,0,_:3sg cook
TobaPilaga-136_littlequantityfew-2,,TobaPilaga,136_littlequantityfew,halama'yi,halama'yi,h a + l a m a ʔ i,,arenas1993,,,,,,0,0,not much
TobaPilaga-136_littlequantityfew-3,,TobaPilaga,136_littlequantityfew,haleka,haleka,h a + l e k a,,arenas1993,,,,,,0,0,not much
TobaPilaga-136_littlequantityfew-4,,TobaPilaga,136_littlequantityfew,yoqotolqa,yoqotolqa,j o q o t o l q a,,arenas1993,,,,,,0,0,?
TobaPilaga-293_owl-2,,TobaPilaga,293_owl,"quidiquíc, uocó, colagonacocó, tonolíc",quidiquíc,k i d k i k,,arenas1993,,,,,,0,0,?
TobaPilaga-298_ropecord-2,,TobaPilaga,298_ropecord,"yañaca, ñic",yañaca,j + a ɲ a q + a,,arenas1993,,,,,,0,0,_:poss cord _:pl
TobaPilaga-163_see-2,,TobaPilaga,163_see,yiloteguet,yiloteguet,j + i l o t e + g e t,,arenas1993,,,,,,0,0,_:3sg see _:asp _:loc
TobaPilaga-269_wakeup-2,,TobaPilaga,269_wakeup,neloyi,neloyi,n e + l o + j i,,arenas1993,,,,,,0,0,_:3sg look _:loc
TobaPilaga-140_where-2,,TobaPilaga,140_where,ja'achi,ja'achi,h a ʔ a tʃ i,,arenas1993,,,,,,0,0,?
TobaPilaga-140_where-3,,TobaPilaga,140_where,haiga',haiga',h ai g a ʔ,,arenas1993,,,,,,0,0,?
TobaPilaga-140_where-4,,TobaPilaga,140_where,hega',hega',h e g a ʔ,,arenas1993,,,,,,0,0,?
Mocovi-159_cook-2,,Mocovi,159_cook,reuosetac,re+uose+tac,r e + w o s e + t a k,,buckwalter2015b;rosso2010,,,,,,0,0,_:3sg cook _:asp
Toba-67_lake-2,,Toba,67_lake,qa'im,qa'im,q a ʔ i m,,buckwalter1980;martinez2009;cuneo2009;buckwalter2015c,,,,,,0,0,?
TobaPilaga-67_lake-2,,TobaPilaga,67_lake,"cá'em, pîdóna",pîdóna,p e d o n a,,arenas1993,,,,,,0,0,?
Toba-136_littlequantityfew-4,,Toba,136_littlequantityfew,saqalligueme,sa+qalligueme,s a + q a ʎ i g e m e,,buckwalter1980;martinez2009;cuneo2009;buckwalter2015c,,,,,,0,0,not much
Toba-136_littlequantityfew-5,,Toba,136_littlequantityfew,ñada'ac,ñada'ac,ɲ a d a ʔ a k,,buckwalter1980;martinez2009;cuneo2009;buckwalter2015c,,,,,,0,0,?
Toba-136_littlequantityfew-6,,Toba,136_littlequantityfew,sa lamai',sa lamai',s a + l a m ai ʔ,,buckwalter1980;martinez2009;cuneo2009;buckwalter2015c,,,,,,0,0,not much
Kadiweo-173_lizard-2,,Kadiweo,173_lizard,GodiqokoloGodi,GodiqokoloGodi,ʁ o d i q o k o l o ʁ o d i,,griffiths2002,,,,,,0,0,?
TobaPilaga-173_lizard-3,,TobaPilaga,173_lizard,"navíoc, totóllo, piocolíc, jeuói'i, dadálalacaic, delailí, jelcáic",totóllo,t o t o ʎ o,,arenas1993,,,,,,0,0,?
TobaPilaga-173_lizard-4,,TobaPilaga,173_lizard,"navíoc, totóllo, piocolíc, jeuói'i, dadálalacaic, delailí, jelcáic",piocolíc,p j o k o l i k,,arenas1993,,,,,,0,0,?
TobaPilaga-173_lizard-5,,TobaPilaga,173_lizard,"navíoc, totóllo, piocolíc, jeuói'i, dadálalacaic, delailí, jelcáic",jeuói'i,h e w oi ʔ i,,arenas1993,,,,,,0,0,?
TobaPilaga-173_lizard-6,,TobaPilaga,173_lizard,"navíoc, totóllo, piocolíc, jeuói'i, dadálalacaic, delailí, jelcáic",dadálalacaic,d a d a l a + l a + q ai k,,arenas1993,,,,,,0,0,green _:poss head
TobaPilaga-173_lizard-7,,TobaPilaga,173_lizard,"navíoc, totóllo, piocolíc, jeuói'i, dadálalacaic, delailí, jelcáic",delailí,d e l ai l i,,arenas1993,,,,,,0,0,?
TobaPilaga-173_lizard-8,,TobaPilaga,173_lizard,"navíoc, totóllo, piocolíc, jeuói'i, dadálalacaic, delailí, jelcáic",jelcáic,h e l k ai k,,arenas1993,,,,,,0,0,?
TobaPilaga-170_needle-2,,TobaPilaga,170_needle,"caná, náicayi",náicayi,n ai k ai j i,,arenas1993,,,,,,0,0,?
Kadiweo-292_old-3,,Kadiweo,292_old,jotigide,jotigide,dʒ o t i g i d e,,griffiths2002,,,,,,0,0,?
Mocovi-152_one-2,,Mocovi,152_one,'oonolec,'oon+ole+c,ʔ oː n + o l e,,buckwalter2015b;rosso2010,,,,,,0,0,one _:dim
TobaPilaga-249_penis-2,,TobaPilaga,249_penis,"na-mól, ni-coué, ni-coité, nacatacóco, namolatá",ni+coue,n i + k o ˀw e ʔ,,arenas1993,,,,,,0,0,_:poss penis
TobaPilaga-245_snail-2,,TobaPilaga,245_snail,"najéyo, coníc",coníc,k o n e k,,arenas1993,,,,,,0,0,?
TobaPilaga-161_wolf-2,,TobaPilaga,161_wolf,"uágayaga lipóllo, uí'im jalá lipóllo",uí'im jalá lipóllo,w i ʔ i m + h a l a + l e + p o l j o,,arenas1993,,,,,,0,0,? fruit _:poss false
Kadiweo-163_see-5,,Kadiweo,163_see,na,na,n a,,griffiths2002,,,,,,0,0,?
Kadiweo-276_eat-4,,Kadiweo,276_eat,w,w,w,,griffiths2002,,,,,,0,0,?
Kadiweo-120_leg-2,,Kadiweo,120_leg,acaki,acaki,a tʃ a k i,,griffiths2002,,,,,,0,0,?
Kadiweo-120_leg-3,,Kadiweo,120_leg,wia,wia,u j a,,griffiths2002,,,,,,0,0,?
Kadiweo-280_personhumanbeing-2,,Kadiweo,280_personhumanbeing,agin,agin,a g i n,,griffiths2002,,,,,39,0,0,?
Wichi-82_back-2,,Wichi,82_back,lawhu,la+whu,l a + w̥ u,,braunstein2015;suarez2010,,,,,1 1 4 9   ?,0,0,_:poss back
Wichi-82_back-3,,Wichi,82_back,ochäyi,ochäyi,o + tsʰ ɑ j i,,braunstein2015;suarez2010,,,,,,0,0,_:poss back
Wichi-90_bark-2,,Wichi,90_bark,tolhistek,tolhistek,t o ɬ i s t e q,,braunstein2015;suarez2010,,,,,,0,0,?
Wichi-55_bee-2,,Wichi,55_bee,pinitaj,pinitaj,p i n i + t a χ,,braunstein2015;suarez2010,,,,,449,0,0,pini.bee _:aug
Wichi-55_bee-3,,Wichi,55_bee,supfwetaj,supfwetaj,s u p fʷ e + t a χ,,braunstein2015;suarez2010,,,,,449,0,0,bee _:aug
Wichi-55_bee-4,,Wichi,55_bee,neslo,neslo,n e s l o,,braunstein2015;suarez2010,,,,,,0,0,?
Wichi-55_bee-5,,Wichi,55_bee,qolonp'un,qolonp'un,q o l o n pˀ u n,,braunstein2015;suarez2010,,,,,,0,0,?
Wichi-55_bee-6,,Wichi,55_bee,piniwu,piniwu,p i n i + w u,,braunstein2015;suarez2010,,,,,,0,0,pini.honey _:worker
Wichi-55_bee-7,,Wichi,55_bee,koyekwu,koyekwu,q o j e q + w u,,braunstein2015;suarez2010,,,,,,0,0,kajek.honey _:worker
Wichi-55_bee-8,,Wichi,55_bee,tsawotaj,tsawotaj,ts a w o + t a χ,,braunstein2015;suarez2010,,,,,449,0,0,honey _:aug
Wichi-55_bee-9,,Wichi,55_bee,makwutaj,makwutaj,m a kʷ u + t a χ,,braunstein2015;suarez2010,,,,,449,0,0,honey _:aug
Wichi-256_bull-2,,Wichi,256_bull,tulu asnak,tulu asnak,t u l u + a s n a q,,braunstein2015;suarez2010,,,,,,0,0,cow male
Wichi-256_bull-3,,Wichi,256_bull,ch'iwasetaj,ch'iwasetaj,tʃˀ i w a s e + t a χ,,braunstein2015;suarez2010,,,,,449,0,0,deer _:aug
Wichi-256_bull-4,,Wichi,256_bull,weyis,weyis,w e j i s,,braunstein2015;suarez2010,,,,,,0,0,?
Wichi-278_buy-2,,Wichi,278_buy,"itunhi, itonlhi",itunhi,i t u n h i,,braunstein2015;suarez2010,,,,,,0,0,?
Wichi-278_buy-3,,Wichi,278_buy,iwukhoya,iwukhoya,i w u q h o j a,,braunstein2015;suarez2010,,,,,,0,0,?
Wichi-273_cat-2,,Wichi,273_cat,silokoy,silokoy,s i l o q oi,,braunstein2015;suarez2010,,,,,,0,0,?
Wichi-61_chin-2,,Wichi,61_chin,lak'use,lak'use,l a + qˀ u s e,,braunstein2015;suarez2010,,,,,1 1 4 9   ?,0,0,_:poss chin
Wichi-95_claw-2,,Wichi,95_claw,"lafwefw, lafwuj",lafwefw,l a + fʷ e fʷ,,braunstein2015;suarez2010,,,,,1 1 4 9   ?,0,0,_:poss finger
Wichi-103_club-2,,Wichi,103_club,eteqtax,eteqtax,e t e q + t a χ,,braunstein2015;suarez2010,,,,,449,0,0,head _:aug
Wichi-103_club-3,,Wichi,103_club,länhat,länhat,l ɒ n + h a t,,braunstein2015;suarez2010,,,,,,0,0,hit _:nmlz
Wichi-266_cold-2,,Wichi,266_cold,fwi'yet,fwi'yet,fʷ i ˀj e t,,braunstein2015;suarez2010,,,,,,0,0,?
Wichi-266_cold-3,,Wichi,266_cold,ikhofwa,ikhofwa,i qʰ o fʷ a,,braunstein2015;suarez2010,,,,,,0,0,?
Wichi-159_cook-2,,Wichi,159_cook,takatay,ta+katay,t a + q a t ai,,braunstein2015;suarez2010,,,,,,0,0,_:3sg cook
Wichi-159_cook-3,,Wichi,159_cook,lhataj,lhataj,ɬ a t a χ,,braunstein2015;suarez2010,,,,,,0,0,?
Wichi-159_cook-4,,Wichi,159_cook,y'u,y'u,ˀj u,,braunstein2015;suarez2010,,,,,,0,0,?
Wichi-76_cover-2,,Wichi,76_cover,hipuhi,hipuhi,h i p u h i,,braunstein2015;suarez2010,,,,,,0,0,?
Wichi-252_cow-2,,Wichi,252_cow,ch'iwasetaj,ch'iwasetaj,tʃˀ i w a s e + t a χ,,braunstein2015;suarez2010,,,,,449,0,0,deer _:aug
Wichi-252_cow-3,,Wichi,252_cow,weyis,weyis,w e j i s,,braunstein2015;suarez2010,,,,,,0,0,?
Wichi-252_cow-4,,Wichi,252_cow,tulu,tulu,t u l u,,braunstein2015;suarez2010,,,,,,0,0,?
Wichi-252_cow-5,,Wichi,252_cow,tulu lhayis,tulu lhayis,t u l u + ɬ a j i s,,braunstein2015;suarez2010,,,,,,0,0,bull ?
Wichi-166_deer-2,,Wichi,166_deer,tson'a,tson'a,ts o ˀn a,,braunstein2015;suarez2010,,,,,,0,0,?
Wichi-60_doorgate-2,,Wichi,60_doorgate,lapep'ut,lapep'ut,l a p e pˀ u t,,braunstein2015;suarez2010,,,,,,0,0,?
Wichi-162_drink-2,,Wichi,162_drink,iyoyej,iyoyej,i j o + j e χ,,braunstein2015;suarez2010,,,,,,0,0,drink _:suff/yej
Wichi-164_dust-2,,Wichi,164_dust,lamokw,la+mokw,l a + m o kʷ,,braunstein2015;suarez2010,,,,,1 1 4 9   ?,0,0,_:poss dust
Wichi-164_dust-3,,Wichi,164_dust,hulu,hulu,h u l u,,braunstein2015;suarez2010,,,,,,0,0,?
Wichi-139_earthgroundsoil-2,,Wichi,139_earthgroundsoil,honhat,honhat,h o n̥ a t,,braunstein2015;suarez2010,,,,,,0,0,?
Wichi-276_eat-2,,Wichi,276_eat,lhok,lhok,ɬ o q,,braunstein2015;suarez2010,,,,,,0,0,?
Wichi-276_eat-3,,Wichi,276_eat,t'ek,t'ek,tˀ e q,,braunstein2015;suarez2010,,,,,,0,0,?
Ayoreo-85_blood-3,,Ayoreo,85_blood,diquiyei,diquiye+i,d i k i j e + i,,benz2020;schmeda1998;briggs2015,,,,,,0,0,blood _:masc.sg
Ayoreo-273_cat-2,,Ayoreo,273_cat,michi,michi,m i tʃ i,,benz2020;schmeda1998;briggs2015,,,,,,0,0,?
Ayoreo-159_cook-6,,Ayoreo,159_cook,aare,aare,ãː r e ʔ,,benz2020;schmeda1998;briggs2015,,,,,,0,0,?
Ayoreo-60_doorgate-2,,Ayoreo,60_doorgate,joide,joide,h oi d e,,benz2020;schmeda1998;briggs2015,,,,,,0,0,?
Ayoreo-63_thumb-2,,Ayoreo,63_thumb,dasugui,dasugui,d + a s u g u + i,,benz2020;schmeda1998;briggs2015,,,,,40,0,0,_:poss thumb _:masc
Ayoreo-98_wing-2,,Ayoreo,98_wing,aama,aama,aː m a,,benz2020;schmeda1998;briggs2015,,,,,,0,0,?
Ayoreo-145_nearadv-2,,Ayoreo,145_nearadv,aobeide,aobeide,a o b ei d e,,benz2020;schmeda1998;briggs2015,,,,,,0,0,?
Ayoreo-145_nearadv-3,,Ayoreo,145_nearadv,doside,doside,d o s i d e,,benz2020;schmeda1998;briggs2015,,,,,,0,0,?
Ayoreo-145_nearadv-4,,Ayoreo,145_nearadv,nuñeque,nuñeque,n u ɲ e k e,,benz2020;schmeda1998;briggs2015,,,,,,0,0,?
Ayoreo-298_ropecord-3,,Ayoreo,298_ropecord,caubit,caubit,k au b i t,,benz2020;schmeda1998;briggs2015,,,,,,0,0,?
Ayoreo-65_largebig-4,,Ayoreo,65_largebig,"queujna, quejna",queujna,k e u n̥ a,,benz2020;schmeda1998;briggs2015,,,,,,0,0,?
Chamacoco-285_fruit-1,,Chamacoco,285_fruit,e,e,eː,,ciucci2013,,,,,,0,0,?
Guarani-293_owl-2,,Guarani,293_owl,suinda,suinda,s ui ⁿd a,,guasch1995;seelwische1980;carol2018,,,,,,0,0,?
Wichi-46_animal-2,,Wichi,46_animal,lalo,la+lo,l a + l o,,braunstein2015;suarez2010,,,,,1 1 4 9   ?,0,0,_:poss animal
Chorote-71_window-2,,Chorote,71_window,kay-las,kay-las,k ai + l + a s,,drayson2009;scarpa2010,,,,,,0,0,door _:poss son
Wichi-82_back-4,,Wichi,82_back,lawhup'ut,lawhup'ut,l a w̥ u pˀ u t,,braunstein2015;suarez2010,,,,,,0,0,?
Wichi-83_bone-2,,Wichi,83_bone,nu,nu,n u,,braunstein2015;suarez2010,,,,,,0,0,?
Wichi-123_burnvbintrans-2,,Wichi,123_burnvbintrans,lak'e,lak'e,l a qˀ e,,braunstein2015;suarez2010,,,,,,0,0,?
Wichi-273_cat-3,,Wichi,273_cat,alhekwech'u,alhekwech'u,a ɬ e kʷ e tʃˀ u,,braunstein2015;suarez2010,,,,,,0,0,?
Wichi-95_claw-3,,Wichi,95_claw,"lafwefw, lafwuj",lafwuj,l a + fʷ u χ,,braunstein2015;suarez2010,,,,,1 1 4 9   ?,0,0,_:poss finger
Wichi-281_elbow-2,,Wichi,281_elbow,takwekwokw,takwekwokw,t a kʷ e kʷ o kʷ,,braunstein2015;suarez2010,,,,,,0,0,?
Wichi-263_everyall-2,,Wichi,263_everyall,nufwu,nufwu,n u fʷ u,,braunstein2015;suarez2010,,,,,,0,0,?
Wichi-70_eyelid-2,,Wichi,70_eyelid,tatelhu t'oj,tatelhu t'oj,t a t e + ɬ u + tˀ + o χ,,braunstein2015;suarez2010,,,,,,0,0,eye ? _:body skin
Wichi-44_feather-2,,Wichi,44_feather,afwenche w’ole,afwenche w’ole,a fʷ e n + tʃ e + ˀw o l e,,braunstein2015;suarez2010,,,,,,0,0,bird ? hair
Wichi-110_fightvb-2,,Wichi,110_fightvb,tol'ey,tol'ey,t o ˀl ei,,braunstein2015;suarez2010,,,,,,0,0,?
Wichi-128_flea-2,,Wichi,128_flea,sinaloj,sinaloj,s i n a l o χ,,braunstein2015;suarez2010,,,,,,0,0,?
Wichi-285_fruit-2,,Wichi,285_fruit,inhataj,inhataj,i n̥ a t a χ,,braunstein2015;suarez2010,,,,,,0,0,?
Wichi-285_fruit-3,,Wichi,285_fruit,lha',lha',ɬ + a ʔ,,braunstein2015;suarez2010,,,,,,0,0,_:poss fruit
Wichi-265_goose-2,,Wichi,265_goose,fwuyetaj,fwuyetaj,fʷ u j e + t a χ,,braunstein2015;suarez2010,,,,,,0,0,? _:aug
Wichi-191_grass-2,,Wichi,191_grass,pataj,pataj,p a t a χ,,braunstein2015;suarez2010,,,,,,0,0,?
Wichi-56_hand-2,,Wichi,56_hand,takwey,takwey,t a + kʷ ei,,braunstein2015;suarez2010,,,,,,0,0,_:poss hand
Wichi-284_hawk-2,,Wichi,284_hawk,tsilik-kliktaj,tsilik-kliktaj,ts i l i q k l i q t a χ,,braunstein2015;suarez2010,,,,,,0,0,?
Wichi-323_hold-2,,Wichi,323_hold,ichojlhi,ichojlhi,i tʃ o χ ɬ i,,braunstein2015;suarez2010,,,,,,0,0,?
Wichi-102_horn-2,,Wichi,102_horn,lach'e,lach'e,l a + tʃˀ e,,braunstein2015;suarez2010,,,,,,0,0,_:poss horn
Wichi-72_house-2,,Wichi,72_house,hep,hep,h e p,,braunstein2015;suarez2010,,,,,,0,0,?
Wichi-72_house-3,,Wichi,72_house,lawekwe,la+wekwe,l a + w e kʷ e,,braunstein2015;suarez2010,,,,,1 1 4 9   ?,0,0,_:poss house
Wichi-141_how-2,,Wichi,141_how,e',e',e ʔ,,braunstein2015;suarez2010,,,,,,0,0,?
Wichi-120_leg-2,,Wichi,120_leg,takolo,takolo,t a + q o l o,,braunstein2015;suarez2010,,,,,,0,0,_:poss leg
Wichi-109_lightning-2,,Wichi,109_lightning,lepleyaj,lepleyaj,l e p l e j a χ,,braunstein2015;suarez2010,,,,,,0,0,?
Wichi-136_littlequantityfew-2,,Wichi,136_littlequantityfew,lhimphaj,lhimphaj,ɬ i m pʰ a χ,,braunstein2015;suarez2010,,,,,,0,0,?
Wichi-173_lizard-2,,Wichi,173_lizard,w’uy’it,w’uy’it,ˀw u ˀj i t,,braunstein2015;suarez2010,,,,,,0,0,?
Wichi-288_lung-2,,Wichi,288_lung,lawok'os,lawok'os,l a + w o qˀ o s,,braunstein2015;suarez2010,,,,,,0,0,_:poss lung
Wichi-288_lung-3,,Wichi,288_lung,lapefwes,lapefwes,l a + p e fʷ e s,,braunstein2015;suarez2010,,,,,,0,0,_:poss lung
Wichi-287_maizecorn-2,,Wichi,287_maizecorn,ijpät,ijpät,i χ p o t,,braunstein2015;suarez2010,,,,,,0,0,?
Wichi-144_mute-2,,Wichi,144_mute,upa',upa',u p a ʔ,,braunstein2015;suarez2010,,,,,,0,0,?
Wichi-145_nearadv-2,,Wichi,145_nearadv,iwhoye,iwhoye,i w̥ o j e,,braunstein2015;suarez2010,,,,,,0,0,?
Wichi-145_nearadv-3,,Wichi,145_nearadv,lhimphaj,lhimphaj,ɬ i m pʰ a χ,,braunstein2015;suarez2010,,,,,,0,0,?
Wichi-77_nippleteat-2,,Wichi,77_nippleteat,t'ate lapes,t'ate lapes,tˀ a t e + l a + p e s,,braunstein2015;suarez2010,,,,,1 1 4 9   ?,0,0,breast _:poss end
Wichi-206_oldman-2,,Wichi,206_oldman,thonhoy,thonhoy,tʰ o n̥ oi,,braunstein2015;suarez2010,,,,,,0,0,?
Wichi-207_oldwoman-2,,Wichi,207_oldwoman,thonhoy,thonhoy,tʰ o n̥ oi,,braunstein2015;suarez2010,,,,,,0,0,?
Wichi-292_old-2,,Wichi,292_old,thalokw,thalokw,tʰ a l o kʷ,,braunstein2015;suarez2010,,,,,,0,0,?
Wichi-293_owl-2,,Wichi,293_owl,wukw'u,wukw'u,w u kˀ w u,,braunstein2015;suarez2010,,,,,,0,0,?
Wichi-293_owl-3,,Wichi,293_owl,ch'estaj,ch'estaj,tʃˀ e s t a χ,,braunstein2015;suarez2010,,,,,,0,0,?
Wichi-69_parents-2,,Wichi,69_parents,lhukwey,lhukwey,ɬ u kʷ ei,,braunstein2015;suarez2010,,,,,,0,0,?
Wichi-86_path-2,,Wichi,86_path,n’oyij,n’oyij,ˀn o j i χ,,braunstein2015;suarez2010,,,,,,0,0,?
Wichi-280_personhumanbeing-2,,Wichi,280_personhumanbeing,elh,elh,e ɬ,,braunstein2015;suarez2010,,,,,,0,0,?
Wichi-302_pig-2,,Wichi,302_pig,kuchi,kuchi,q u tʃ i,,braunstein2015;suarez2010,,,,,,0,0,?
Wichi-294_pus-2,,Wichi,294_pus,amut'i,amut'i,a m u tˀ i,,braunstein2015;suarez2010,,,,,,0,0,?
Wichi-297_root-2,,Wichi,297_root,lates,lates,l a + t e s,,braunstein2015;suarez2010,,,,,,0,0,_:poss root
Wichi-298_ropecord-2,,Wichi,298_ropecord,niyokw,niyokw,n i j o kʷ,,braunstein2015;suarez2010,,,,,,0,0,?
Wichi-74_seed-2,,Wichi,74_seed,lhu,lhu,ɬ u,,braunstein2015;suarez2010,,,,,,0,0,?
Wichi-105_shadeshadow-2,,Wichi,105_shadeshadow,lapeyak,la+peyak,l a + p e j a q,,braunstein2015;suarez2010,,,,,1 1 4 9   ?,0,0,_:poss shadow
Wichi-88_skull-2,,Wichi,88_skull,lhetek lhile,lhetek lhile,ɬ + e t e q + ɬ + i l e,,braunstein2015;suarez2010,,,,,7 9 6   ?   ?,0,0,_:poss head _:poss bone
Wichi-188_smellvbtrans-2,,Wichi,188_smellvbtrans,tan'isinej,tan'isinej,t a ˀn i s i n e χ,,braunstein2015;suarez2010,,,,,,0,0,?
Wichi-100_smalllittle-2,,Wichi,100_smalllittle,niwefwa,niwefwa,n i w e fʷ a,,braunstein2015;suarez2010,,,,,,0,0,?
Wichi-245_snail-2,,Wichi,245_snail,lhalh,lhalh,ɬ a ɬ,,braunstein2015;suarez2010,,,,,,0,0,?
Wichi-104_soulspirit-2,,Wichi,104_soulspirit,ahot,ahot,a h o t,,braunstein2015;suarez2010,,,,,,0,0,?
Wichi-36_spiderweb-2,,Wichi,36_spiderweb,chuhut kaniyhoy,chuhut kaniyhoy,tʃ u h u t + q a + n i j h oi,,braunstein2015;suarez2010,,,,,,0,0,spider _:med threads
Wichi-81_spine-2,,Wichi,81_spine,lachäy lhile,lachäy lhile,l a + tʃ oi + ɬ i l e,,braunstein2015;suarez2010,,,,,1 1 4 9   ?   ?,0,0,_:poss ? bone
Wichi-114_tail-2,,Wichi,114_tail,lawej ch'alu,lawej ch'alu,l a w e χ + tʃˀ a l u,,braunstein2015;suarez2010,,,,,,0,0,tail ?
Wichi-114_tail-3,,Wichi,114_tail,lhipiyen,lhipiyen,ɬ i p i j e n,,braunstein2015;suarez2010,,,,,,0,0,?
Wichi-299_thunder-2,,Wichi,299_thunder,fwitsek,fwitsek,fʷ i ts e q,,braunstein2015;suarez2010,,,,,,0,0,?
Wichi-299_thunder-3,,Wichi,299_thunder,t'ajan,t'ajan,tˀ a χ a n,,braunstein2015;suarez2010,,,,,,0,0,?
Wichi-269_wakeup-3,,Wichi,269_wakeup,t'iselit,t'iselit,tˀ + i s e l i t,,braunstein2015;suarez2010,,,,,,0,0,_:3sg wake.up
Wichi-257_wasp-2,,Wichi,257_wasp,nuwalhek,nuwalhek,n u w a ɬ e q,,braunstein2015;suarez2010,,,,,,0,0,?
Wichi-257_wasp-3,,Wichi,257_wasp,makwu,makwu,m a kʷ u,,braunstein2015;suarez2010,,,,,,0,0,?
Wichi-257_wasp-4,,Wichi,257_wasp,wun'a,wun'a,w u ˀn a,,braunstein2015;suarez2010,,,,,,0,0,?
Wichi-257_wasp-5,,Wichi,257_wasp,masa,masa,m a s a,,braunstein2015;suarez2010,,,,,,0,0,?
Wichi-257_wasp-6,,Wichi,257_wasp,piniwu,piniwu,p i n i w u,,braunstein2015;suarez2010,,,,,,0,0,?
Wichi-165_write-2,,Wichi,165_write,itsonhi papel,itsonhi papel,i ts o n + h i + p a p e l,,braunstein2015;suarez2010,,,,,,0,0,nail _:appl paper
Wichi-106_year-2,,Wichi,106_year,yachep,yachep,j a tʃ e p,,braunstein2015;suarez2010,,,,,,0,0,?
Maka-199_salminusbrasiliensis-1,,Maka,199_salminusbrasiliensis,tsiwanaq,tsiwanaq,ts i w a n a q,,gerzenstein1999;arenas1983,,,,,,0,0,?
Nivacle-199_salminusbrasiliensis-1,,Nivacle,199_salminusbrasiliensis,sivônôc,sivônôc,s i ʋ ɒ n ɒ k,,seelwische1980,,,,,,0,0,?
Kadiweo-199_salminusbrasiliensis-1,,Kadiweo,199_salminusbrasiliensis,axiwanaGa,axiwanaGa,a tʃ i w a n a ʁ a,,griffiths2002,,,,,,0,0,?
Pilaga-241_bauhiniaargentinensis-1,,Pilaga,241_bauhiniaargentinensis,wakalnat,wakalnat,w a k a + l + n a t,,buckwalter2015;vidal2010;filipov1993,,,,,297 82 86,0,0,*cow _:poss claw
Nivacle-149_five-1,,Nivacle,149_five,ve'lha nôjesh caspaschei,ve'lha nôjesh caspaschei,ʋ e ʔ ɬ a + n + ɒ x + e + ʃ + k a s + p a s ʃ e + i,,seelwische1980,,,,,,0,0,one _:3sg finish _:3sg _:inst _:1pl finger _:pl
Quichua-317_tayassupecari-1,,Quichua,317_tayassupecari,cuchi rosillu,cuchi rosillu,k u tʃ i + r o s i ʎ u,,bravo1975,,,,,,0,0,pig pink
Quichua-313_zeamays-1,,Quichua,313_zeamays,chacra,chacra,tʃ a k r a,,bravo1975,,,,,,0,0,?
Quichua-312_turdusamaurochalinus-1,,Quichua,312_turdusamaurochalinus,chalchalero,chalchalero,tʃ a l tʃ a l + e r o,,bravo1975,,,,,,0,0,some.plant _:nmlz
Quichua-324_ortaliscanicollis-1,,Quichua,324_ortaliscanicollis,charata,charata,tʃ a r a t a,,bravo1975,,,,,,0,0,?
Quichua-224_molothrusbonariensis-1,,Quichua,224_molothrusbonariensis,huiñi,huiñi,w i ɲ i,,bravo1975,,,,,,0,0,?
Quichua-45_pyrocephalusrubinus-1,,Quichua,45_pyrocephalusrubinus,málup niñitan,málup niñitan,m a l u + p + n i ɲ i t a + n,,bravo1975,,,,,,0,0,devil _:gen girl _:poss
Quichua-312_turdusamaurochalinus-2,,Quichua,312_turdusamaurochalinus,ñotcko mícoj,ñotcko mícoj,ɲ o t q o + m i k + o x,,bravo1975,,,,,,0,0,brain eat _:nmlz
Quichua-49_schinopsislorentzii-1,,Quichua,49_schinopsislorentzii,orcko quebracho,orcko quebracho,o r q o + k e b r a tʃ o,,bravo1975,,,,,,0,0,hill quebracho
Quichua-189_chenopodiumambrosioides-1,,Quichua,189_chenopodiumambrosioides,paicko,paicko,p ai q o,,bravo1975,,,,,,0,0,?
Quichua-175_crotonbonplandianus-1,,Quichua,175_crotonbonplandianus,palómap micunan,palómap micunan,p a l o m a + p + m i k u n a + n,,bravo1975,,,,,,0,0,dove _:gen food _:poss
Quichua-233_heimiasalicifolia-1,,Quichua,233_heimiasalicifolia,pichanilla,pichanilla,p i tʃ a n i ʎ a,,bravo1975,,,,,,0,0,?
Quichua-177_solanumeleagnifolium-1,,Quichua,177_solanumeleagnifolium,pockotu,pockotu,p o q o t u,,bravo1975,,,,,,0,0,?
Quichua-119_rheaamericana-1,,Quichua,119_rheaamericana,suri,suri,s u r i,,bravo1975,,,,,,0,0,?
Quichua-250_chaunatorquata-1,,Quichua,250_chaunatorquata,túaj,túaj,t u a x,,bravo1975,,,,,,0,0,?
Quichua-233_heimiasalicifolia-2,,Quichua,233_heimiasalicifolia,yacu chuyayachina,yacu chuyayachina,j a k u + tʃ u j a j a + tʃ i n a,,bravo1975,,,,,,0,0,water clarify _:nmlz
Quichua-233_heimiasalicifolia-3,,Quichua,233_heimiasalicifolia,arau páquej,arau páquej,a r a w + p a k + e x,,bravo1975,,,,,,0,0,plow break _:nmlz
Quichua-228_vallesiaglabra-1,,Quichua,228_vallesiaglabra,anckochi,anckochi,a n q o tʃ i,,bravo1975,,,,,,0,0,?
Quichua-45_pyrocephalusrubinus-2,,Quichua,45_pyrocephalusrubinus,diáblop gallun,diáblop gallun,d j a b l o + p + g a ʎ u + n,,bravo1975,,,,,,0,0,devil _:gen rooster _:poss
Quichua-45_pyrocephalusrubinus-3,,Quichua,45_pyrocephalusrubinus,yáar bolita,yáar bolita,j aː r + b o l i t a,,bravo1975,,,,,,0,0,blood little.ball
Nivacle-26_geranospizacaerulescens-1,,Nivacle,26_geranospizacaerulescens,tsimaja t'oot,tsimaja t'oot,ts i m a x a + tˀ oː t,,seelwische1980,,,,,,0,0,wasp chest
Chorote-26_geranospizacaerulescens-1,,Chorote,26_geranospizacaerulescens,wona wumkina,wona wumkina,w o n a + w u m k i n a,,drayson2009;scarpa2010,,,,,,0,0,wasp ?
Manjui-26_geranospizacaerulescens-1,,Manjui,26_geranospizacaerulescens,womwómkina,womwómkina,w o m + w o m k i n a,,carol2018,,,,,,0,0,wasp ?
Guarani-26_geranospizacaerulescens-1,,Guarani,26_geranospizacaerulescens,taguato hovy,taguato hovy,t a ɣʷ a t o + h + o ʋ ɨ,,guasch1995;seelwische1980;carol2018,,,,,,0,0,hawk _:poss blue
Nivacle-27_britoasellowiana-1,,Nivacle,27_britoasellowiana,vônjôlhôj lhôc,vônjôlhôj lhôc,ʋ ɒ n x ɒ ɬ ɒ x + ɬ + ɒ k,,seelwische1980,,,,,,0,0,ostrich _:poss food
Nivacle-27_britoasellowiana-2,,Nivacle,27_britoasellowiana,novocho,novocho,n o ʋ o tʃ o,,seelwische1980,,,,,,0,0,?
Guarani-27_britoasellowiana-1,,Guarani,27_britoasellowiana,ñandu apysã,ñandu apysã,ɲ a ⁿd u + a p ɨ s ã,,guasch1995;seelwische1980;carol2018,,,,,,0,0,ostrich ear
Enlhet-28_tillandsiameridionalis-1,,Enlhet,28_tillandsiameridionalis,queenaateng yaamet,queenaateng yaamet,k e n aː t e ŋ + j aː m e t,,unruh1997;kalisch2015;arenas1981,,,,,,0,0,charata plant
Pilaga-28_tillandsiameridionalis-1,,Pilaga,28_tillandsiameridionalis,Dapichi newe,Dapichi newe,d a p i tʃ i + n + e w e,,buckwalter2015;vidal2010;filipov1993,,,,,,0,0,Pleiads _:poss feathers
Pilaga-28_tillandsiameridionalis-2,,Pilaga,28_tillandsiameridionalis,Dapichi namo,Dapichi namo,d a p i tʃ i + n + a m o,,buckwalter2015;vidal2010;filipov1993,,,,,,0,0,Pleiads _:poss penis
TobaPilaga-28_tillandsiameridionalis-1,,TobaPilaga,28_tillandsiameridionalis,Dapiche namo,Dapiche namo,d a p i tʃ i + n + a m o,,arenas1993,,,,,,0,0,Pleiads _:poss penis
Maka-28_tillandsiameridionalis-1,,Maka,28_tillandsiameridionalis,tupuxem liwataki,tupuxem liwataki,t u pˀ u χ e m + ɬ i w a t a k i,,gerzenstein1999;arenas1983,,,,,,0,0,Pleiads feathers
Wichi-28_tillandsiameridionalis-1,,Wichi,28_tillandsiameridionalis,Hotoni-lhoq,Hotoni-lhoq,h o t o n i + ɬ + o q,,braunstein2015;suarez2010,,,,,,0,0,monkey _:poss food
Wichi-28_tillandsiameridionalis-2,,Wichi,28_tillandsiameridionalis,Hotoni-kojchyey,Hotoni-kojchyey,h o t o n i + k o x tʃ j ei,,braunstein2015;suarez2010,,,,,,0,0,monkey fibres
Wichi-28_tillandsiameridionalis-3,,Wichi,28_tillandsiameridionalis,Jwistes-k'os,Jwistes-k'os,fʷ i s t e s + kˀ o s,,braunstein2015;suarez2010,,,,,,0,0,Jwistes crop
TobaPilaga-28_tillandsiameridionalis-2,,TobaPilaga,28_tillandsiameridionalis,Dapiche newe,Dapiche newe,d a p i tʃ i + n + e w e,,arenas1993,,,,,,0,0,Pleiads _:poss feathers
Wichi-28_tillandsiameridionalis-4,,Wichi,28_tillandsiameridionalis,sayntaj,sayntaj,s a h i + t a x,,braunstein2015;suarez2010,,,,,,0,0,curl _:aug
Enlhet-29_cucurbitelladuriaei-1,,Enlhet,29_cucurbitelladuriaei,semheng aapopoc,semheng aapopoc,s e m h e ŋ + aː + p o p o k,,unruh1997;kalisch2015;arenas1981,,,,,,0,0,dog _:poss testicle
Pilaga-29_cucurbitelladuriaei-1,,Pilaga,29_cucurbitelladuriaei,napa' palqona,napa' palqona,n a p a ʔ + p a l q o n a,,buckwalter2015;vidal2010;filipov1993,,,,,,0,0,? ?
Pilaga-29_cucurbitelladuriaei-2,,Pilaga,29_cucurbitelladuriaei,palenaqa'lapalqona,palenaqa'lapalqona,p a l e n a q a ʔ + l a + p a l q o n a,,buckwalter2015;vidal2010;filipov1993,,,,,,0,0,? _:poss ?
TobaPilaga-29_cucurbitelladuriaei-1,,TobaPilaga,29_cucurbitelladuriaei,owaqae loqo,owaqae loqo,o w a q ae + l o + q o,,arenas1993,,,,,,0,0,? _:poss food
Maka-29_cucurbitelladuriaei-1,,Maka,29_cucurbitelladuriaei,how how łeqełei,how how łeqełei,h o w h o w + ɬ e + q e ɬ ei,,gerzenstein1999;arenas1983,,,,,,0,0,howhow.bird _:poss testicles
Toba-29_cucurbitelladuriaei-1,,Toba,29_cucurbitelladuriaei,quemoxon,quemoxon,k e m o ʁ o n,,buckwalter1980;martinez2009;cuneo2009;buckwalter2015c,,,,,,0,0,?
GuaraniIzoceno-29_cucurbitelladuriaei-1,,GuaraniIzoceno,29_cucurbitelladuriaei,aguara mburukuya,aguara mburukuya,a ɣʷ a r a + ⁿb u r u k u dʒ a,,izoceno2002,,,,,,0,0,fox Pasionaria
Enlhet-30_echinodoruslongipetalus-1,,Enlhet,30_echinodoruslongipetalus,yaam lhenaj ahaycoc,yaam lhenaj a+haycoc,j aː m + ɬ e n a x + a + h ai k o k,,unruh1997;kalisch2015;arenas1981,,,,,,0,0,false deer _:poss ear
Enlhet-32_polygonumhispidum-1,,Enlhet,32_polygonumhispidum,venac yaamet,venac yaamet,w e n a k + j a m eː t,,unruh1997;kalisch2015;arenas1981,,,,,,0,0,heron plant
Toba-32_polygonumhispidum-1,,Toba,32_polygonumhispidum,taqaq lchi,taqaq lchi,t a q a q + l + tʃ i,,buckwalter1980;martinez2009;cuneo2009;buckwalter2015c,,,,,,0,0,chajá _:poss foot
Pilaga-32_polygonumhispidum-1,,Pilaga,32_polygonumhispidum,tahaxalche,tahaxalche,t a h a x a + l + tʃ e,,buckwalter2015;vidal2010;filipov1993,,,,,,0,0,chajá _:poss foot
TobaPilaga-32_polygonumhispidum-1,,TobaPilaga,32_polygonumhispidum,tahaxalche,tahaxalche,t a h a x a + l + tʃ e,,arenas1993,,,,,,0,0,chajá _:poss foot
Maka-32_polygonumhispidum-1,,Maka,32_polygonumhispidum,tsahaq łituwe’i,tsahaq łituwe’i,ts a h a q + ɬ i t u w e ʔ i,,gerzenstein1999;arenas1983,,,,,,0,0,chaja ?
Chorote-31_polygonumpunctatum-1,,Chorote,31_polygonumpunctatum,saják jlótinie,saják jlótinie,s a x a k + ʰl + ó t i n ie,,drayson2009;scarpa2010,,,,,,0,0,chaja _:poss foot
Enlhet-31_polygonumpunctatum-1,,Enlhet,31_polygonumpunctatum,venac yaamet,venac yaamet,w e n a k + j a m eː t,,unruh1997;kalisch2015;arenas1981,,,,,,0,0,heron plant
Toba-31_polygonumpunctatum-1,,Toba,31_polygonumpunctatum,taqaq lchi,taqaq lchi,t a q a q + l + tʃ i,,buckwalter1980;martinez2009;cuneo2009;buckwalter2015c,,,,,,0,0,chajá _:poss foot
Pilaga-31_polygonumpunctatum-1,,Pilaga,31_polygonumpunctatum,taqaqleche,taqaqleche,t a q a q + l e + tʃ e,,buckwalter2015;vidal2010;filipov1993,,,,,,0,0,chajá _:poss foot
TobaPilaga-31_polygonumpunctatum-1,,TobaPilaga,31_polygonumpunctatum,tahaq lche poleo,tahaq lche poleo,t a h a q + l + tʃ e + p o l j o,,arenas1993,,,,,,0,0,chajá _:poss foot false
Maka-31_polygonumpunctatum-1,,Maka,31_polygonumpunctatum,tsahaq łituwe’i,tsahaq łituwe’i,ts a h a q + ɬ i t u w e ʔ i,,gerzenstein1999;arenas1983,,,,,,0,0,chaja ?
Iyowujwa-31_polygonumpunctatum-1,,Iyowujwa,31_polygonumpunctatum,a’nát ji wét jléle,a’nát ji wét jléle,aˀ n a t + x i + w e t + ʰl e l e,,scarpa2010,,,,,,0,0,water _:poss place _:inhabitant
Enlhet-33_pithecocteniumcynanchoides-1,,Enlhet,33_pithecocteniumcynanchoides,popyet apalhcoc,popyet apalhcoc,p o p j e t + a p + a ɬ k o k,,unruh1997;kalisch2015;arenas1981,,,,,,0,0,deer _:poss tongue
Toba-33_pithecocteniumcynanchoides-1,,Toba,33_pithecocteniumcynanchoides,tagaqte,tagaqte,t a g a q t e,,buckwalter1980;martinez2009;cuneo2009;buckwalter2015c,,,,,,0,0,?
Toba-33_pithecocteniumcynanchoides-2,,Toba,33_pithecocteniumcynanchoides,quetac lchaxat,quetac lchaxat,k e t a k + l + tʃ a ʁ a t,,buckwalter1980;martinez2009;cuneo2009;buckwalter2015c,,,,,,0,0,goat _:poss tongue
Pilaga-33_pithecocteniumcynanchoides-1,,Pilaga,33_pithecocteniumcynanchoides,naqolo poleo,naqolo poleo,n a q o l o + p o l eo,,buckwalter2015;vidal2010;filipov1993,,,,,,0,0,? false
Pilaga-33_pithecocteniumcynanchoides-2,,Pilaga,33_pithecocteniumcynanchoides,naxanaxat lkola,naxanaxat lkola,n a ʁ a n a ʁ a t + l + k o l a,,buckwalter2015;vidal2010;filipov1993,,,,,,0,0,? _:poss ?
Pilaga-33_pithecocteniumcynanchoides-3,,Pilaga,33_pithecocteniumcynanchoides,tovyaxayk,tovyaxayk,t o ʋ j a ʁ ai k,,buckwalter2015;vidal2010;filipov1993,,,,,,0,0,?
TobaPilaga-33_pithecocteniumcynanchoides-1,,TobaPilaga,33_pithecocteniumcynanchoides,helkaik lenat,helkaik lenat,h e l k ai k + l e + n a t,,arenas1993,,,,,,0,0,lizard _:poss claw
TobaPilaga-33_pithecocteniumcynanchoides-2,,TobaPilaga,33_pithecocteniumcynanchoides,neketekedik,neketekedik,n e k e t e k e d i k,,arenas1993,,,,,,0,0,?
TobaPilaga-33_pithecocteniumcynanchoides-3,,TobaPilaga,33_pithecocteniumcynanchoides,nohel,nohel,n o h e l,,arenas1993,,,,,,0,0,?
TobaPilaga-33_pithecocteniumcynanchoides-4,,TobaPilaga,33_pithecocteniumcynanchoides,noqo lo'o,noqo lo'o,n o q o + l + o ʔ o,,arenas1993,,,,,,0,0,? _:poss ?
TobaPilaga-33_pithecocteniumcynanchoides-5,,TobaPilaga,33_pithecocteniumcynanchoides,wechew',wechew',w e tʃ e w ʔ,,arenas1993,,,,,,0,0,?
Maka-33_pithecocteniumcynanchoides-1,,Maka,33_pithecocteniumcynanchoides,waka’łelepepits,waka’łelepepits,w a k a ʔ + ɬ e + l e p e p + i t s,,gerzenstein1999;arenas1983,,,,,,0,0,cow _:poss tongue _:pl
Chorote-33_pithecocteniumcynanchoides-1,,Chorote,33_pithecocteniumcynanchoides,ímosi kiót jléle,ímosi kiót jléle,i m o s i + k j o t + ʰl e + l e,,drayson2009;scarpa2010,,,,,,0,0,Imosi ear _:poss inhabitant
Iyowujwa-33_pithecocteniumcynanchoides-1,,Iyowujwa,33_pithecocteniumcynanchoides,kaláj kalá’,kaláj kalá’,k a l a x + k a l a ʔ,,scarpa2010,,,,,,0,0,? ?
Wichi-33_pithecocteniumcynanchoides-1,,Wichi,33_pithecocteniumcynanchoides,tsuna-la'aj-lhiyu,tsuna-la'aj-lhiyu,ts u n a + l a ʔ a x ɬ i j u,,braunstein2015;suarez2010,,,,,,0,0,deer tongue
Wichi-33_pithecocteniumcynanchoides-2,,Wichi,33_pithecocteniumcynanchoides,tsuna-lhiley,tsuna-lhiley,ts u n a + ɬ i + l ei,,braunstein2015;suarez2010,,,,,,0,0,deer _:poss bones
Wichi-33_pithecocteniumcynanchoides-3,,Wichi,33_pithecocteniumcynanchoides,sulaj-la'aj-lhiyu,sulaj-la'aj-lhiyu,s u l a x + l a ʔ a x ɬ i j u,,braunstein2015;suarez2010,,,,,,0,0,bear tongue
Wichi-33_pithecocteniumcynanchoides-4,,Wichi,33_pithecocteniumcynanchoides,halo-yusey,halo-yusey,h a l o + j u s ei,,braunstein2015;suarez2010,,,,,,0,0,stick strong
GuaraniIzoceno-33_pithecocteniumcynanchoides-1,,GuaraniIzoceno,33_pithecocteniumcynanchoides,aguarakɨgua,aguarakɨgua,a ɣʷ a r a + k ɨ ɣʷ a,,izoceno2002,,,,,,0,0,fox comb
Nivacle-34_micruruscorallinus-1,,Nivacle,34_micruruscorallinus,yucyucshi,yucyucshi,j u k + j u k + ʃ i,,seelwische1980,,,,,,0,0,red red inside
Chorote-34_micruruscorallinus-1,,Chorote,34_micruruscorallinus,isiatamk'i,isiatamk'i,i s j a t + a m kˀ i,,drayson2009;scarpa2010,,,,,,0,0,red inside
Guarani-34_micruruscorallinus-1,,Guarani,34_micruruscorallinus,mboi chumbe guasu,mboi chumbe guasu,ⁿb oi + ʃ u ⁿb e + ɣʷ a s u,,guasch1995;seelwische1980;carol2018,,,,,,0,0,snake ? big
Abipon-1_honey-1,,Abipon,1_honey,"nahirek, aloeiek",nahirek,n a h i r e k,,najlis1966,,,,,,0,0,?
Ava-1_honey-1,,Ava,1_honey,ei,ei,ei,,dietrich2015,,,,,,0,0,?
Ayoreo-1_honey-1,,Ayoreo,1_honey,kũ'terĩ,kũ'terĩ,k ũ t e r ĩ,,benz2020;schmeda1998;briggs2015,,,,,,0,0,?
Chorote-1_honey-1,,Chorote,1_honey,"wona-teʔ, oxoʔnateʔ",wonateʔ,w o n a + t e ʔ,,drayson2009;scarpa2010,,,,,,0,0,bala.bee ?
Enlhet-1_honey-1,,Enlhet,1_honey,"yavhan, yaamyavheene'","yavhan, yaamyavheene'",j au h a n,,unruh1997;kalisch2015;arenas1981,,,,,,0,0,?
EnxetSur-1_honey-1,,EnxetSur,1_honey,"hó péyem apyegmenek, yányawhéna’",hó péyem apyegmenek,h ɔː + p eː j ɪ m + ʌ p + j ɪ ŋ m ɪ n + ɪ k,,curtis2018,,,,,,0,0,false bee _:masc water _:?
Guarani-1_honey-1,,Guarani,1_honey,eira,eira,ei r a,,guasch1995;seelwische1980;carol2018,,,,,,0,0,?
Kadiweo-1_honey-1,,Kadiweo,1_honey,"api:, napigo",api:,a p iː,,griffiths2002,,,,,,0,0,?
Lule-1_honey-1,,Lule,1_honey,"yalamé, yanmé, yanamé, anemé, uocochmé, quililymé. auochmé",yalamé,j a l a m e,,machoni1878,,,,,,0,0,?
Maka-1_honey-1,,Maka,1_honey,-aq,aq,a q,,gerzenstein1999;arenas1983,,,,,,0,0,?
Manjui-1_honey-1,,Manjui,1_honey,'talé','talé',ˀt a l e ʔ,,carol2018,,,,,,0,0,?
Mapudungun-1_honey-1,,Mapudungun,1_honey,silʸwiɲ kuram,silʸwiɲ kuram,s i lʲ w i ɲ + k u r a m,,catrileo2017;catrileo2015,,,,,,0,0,bee egg
Mbya-1_honey-1,,Mbya,1_honey,ei,ei,ei,,cadogan1992,,,,,,0,0,?
Mocovi-1_honey-1,,Mocovi,1_honey,rapic li'i,rapic li'i,r a p i k + l + i ʔ i,,buckwalter2015b;rosso2010,,,,,,0,0,wasp _:poss juice
Nivacle-1_honey-1,,Nivacle,1_honey,"shinvo', tˀuxaʔ, sup'aj, uja', vôcôyech, acôyech, cayech",shinvo',ʃ i n ʋ o ʔ,,seelwische1980,,,,,,0,0,?
Pilaga-1_honey-1,,Pilaga,1_honey,ma-ʔage l-'iʔi,ma'age li'i,m a ʔ a g e + l + i ʔ i,,buckwalter2015;vidal2010;filipov1993,,,,,,0,0,? _:poss liquid
Quichua-1_honey-1,,Quichua,1_honey,mishqui,mishqui,m i ʃ k i,,bravo1975,,,,,,0,0,?
Tapiete-1_honey-1,,Tapiete,1_honey,"ei, eimi, eiwasu, hë'ëwä, ɨrɨkwañanti, kawapua tu, täräheno",ei,ei,,gonzalez2011,,,,,,0,0,?
Toba-1_honey-1,,Toba,1_honey,dapic,dapic,d a p i k,,buckwalter1980;martinez2009;cuneo2009;buckwalter2015c,,,,,,0,0,?
TobaPilaga-1_honey-1,,TobaPilaga,1_honey,"má'agui, uagadó, qonayaxa polyo, qatek",qonayaGa polyo,q o n a j a ʁ a + p o l j o,,arenas1993,,,,,79,0,0,var.of.honey false
Wichi-1_honey-1,,Wichi,1_honey,"pi'niʔ, pini t’i, akoyek",pi'niʔ,p i n i ʔ,,braunstein2015;suarez2010,,,,,,0,0,?
Abipon-3_hit-1,,Abipon,3_hit,h-am-elk,h-am-elk,h a m e l k,,najlis1966,,,,,,0,0,?
Ava-3_hit-1,,Ava,3_hit,nũpa,nũpa,n ũ p a,,dietrich2015,,,,,,0,0,?
Ayoreo-3_hit-1,,Ayoreo,3_hit,u'heeʔ,u'heeʔ,u h eː ʔ,,benz2020;schmeda1998;briggs2015,,,,,,0,0,?
Chorote-3_hit-1,,Chorote,3_hit,"axaʔ, exeʔ",exeʔ,e x e ʔ,,drayson2009;scarpa2010,,,,,,0,0,?
Enlhet-3_hit-1,,Enlhet,3_hit,nentecpongaam,nentecpongaam,n e n + t e k p o ŋ + aː m,,unruh1997;kalisch2015;arenas1981,,,,,,0,0,_:1pl hit _:inf
EnxetSur-3_hit-1,,EnxetSur,3_hit,"negápeyak, negásséssesso, nélnahakkásseykha, Nentekpaga",nentekpaga,n ɪ n + t ɪ k p ʌ ŋ + ʌ,,curtis2018,,,,,,0,0,_:1pl hit _:inf
Guarani-3_hit-1,,Guarani,3_hit,mbota,mbota,ⁿb o t a,,guasch1995;seelwische1980;carol2018,,,,,,0,0,?
Kadiweo-3_hit-1,,Kadiweo,3_hit,"acakon, aliGo, al:aqa",acakon,a tʃ a k o n,,griffiths2002,,,,,,0,0,?
Lule-3_hit-1,,Lule,3_hit,tacatacác,tacatacác,t a k a t a k a + ts,,machoni1878,,,,,,0,0,hit _:inf
Maka-3_hit-1,,Maka,3_hit,-lan,lan,l a n,,gerzenstein1999;arenas1983,,,,,,0,0,?
Manjui-3_hit-1,,Manjui,3_hit,"aa, paa, 'towás",aa,aː,,carol2018,,,,,,0,0,?
Mapudungun-3_hit-1,,Mapudungun,3_hit,kupafɨ,kupafɨ,k u p a f ɨ,,catrileo2017;catrileo2015,,,,,,0,0,?
Mbya-3_hit-1,,Mbya,3_hit,nupã,nupã,n u p ã,,cadogan1992,,,,,,0,0,?
Mocovi-3_hit-1,,Mocovi,3_hit,ỹouaxan,ỹouaxan,j + o w a ʁ a n,,buckwalter2015b;rosso2010,,,,,,0,0,_:3A hit
Nivacle-3_hit-1,,Nivacle,3_hit,"pôcôj, clôn, t'ijôj, c'ôn, ôjcôj, tôjôj, cocôj",pôcôj,p ɔ k ɔ x,,seelwische1980,,,,,,0,0,?
Pilaga-3_hit-1,,Pilaga,3_hit,yiw'aʕan,yiw'aʕan,j i + ˀw a ʕ a n,,buckwalter2015;vidal2010;filipov1993,,,,,,0,0,_:3A hit
Quichua-3_hit-1,,Quichua,3_hit,"máckay, huájtay",máckay,m a q a + j,,bravo1975,,,,,,0,0,hit _:inf
Tapiete-3_hit-1,,Tapiete,3_hit,"mba'eso, tinga, tintinga",mba'eso,ⁿb a ʔ e s o,,gonzalez2011,,,,,,0,0,?
Toba-3_hit-1,,Toba,3_hit,iuaxan,iuaxan,i + w a ʁ a n,,buckwalter1980;martinez2009;cuneo2009;buckwalter2015c,,,,,,0,0,?
TobaPilaga-3_hit-1,,TobaPilaga,3_hit,etowoq,etowoq,e t o w o q,,arenas1993,,,,,,0,0,?
Wichi-3_hit-1,,Wichi,3_hit,"i'lon, inhopojlhi, yikojlhi",i'lon,i + l o n,,braunstein2015;suarez2010,,,,,,0,0,_:3A hit
Abipon-4_brother-1,,Abipon,4_brother,añaleho,añaleho,a ɲ a l e h o,,najlis1966,,,,,,0,0,?
Ava-4_brother-1,,Ava,4_brother,rɨkeɨ,rɨkeɨ,r + ɨ k eɨ,,dietrich2015,,,,,,0,0,_:poss brother
Ayoreo-4_brother-1,,Ayoreo,4_brother,-joai,-joai,h õ r ai,,benz2020;schmeda1998;briggs2015,,,,,,0,0,?
Cerriteno-4_brother-1,,Cerriteno,4_brother,yaqaya,yaqaya,j a + q a j a,,messineo2009,,,,,,0,0,_:poss brother
Chamacoco-4_brother-1,,Chamacoco,4_brother,"leshɨbich, ɨshɨt, yam, leshap, sham",leshɨbich,l e ʃ ɨ b i tʃ,,ciucci2013,,,,,,0,0,?
Chorote-4_brother-1,,Chorote,4_brother,"ijwienjlik'i, jikasjilijwa, jikiecha",ijwienjlik'i,i ʱw j e n ʱl i + kˀ i,,drayson2009;scarpa2010,,,,,,0,0,one _:appl
EnxetSur-4_brother-1,,EnxetSur,4_brother,"egyáxeg, kélpók",egyáxeg,ɪ ŋ + j ɑː ɬ ɪ ŋ,,curtis2018,,,,,,0,0,_:poss sibling
Guarani-4_brother-1,,Guarani,4_brother,tyke'ýra,tyke'ýra,t + ɨ k e ʔ ɨ r a,,guasch1995;seelwische1980;carol2018,,,,,,0,0,_:poss brother
Kadiweo-4_brother-1,,Kadiweo,4_brother,y:ocwa,y:ocwa,j o k w a,,griffiths2002,,,,,,0,0,?
Lule-4_brother-1,,Lule,4_brother,yahá,yahá,j a ʔ a,,machoni1878,,,,,,0,0,?
Mapudungun-4_brother-1,,Mapudungun,4_brother,"peñi, lamngen",peñi,p e ɲ i,,catrileo2017;catrileo2015,,,,,,0,0,?
Mocovi-4_brother-1,,Mocovi,4_brother,lqaỹa,lqaỹa,l + q a j a,,buckwalter2015b;rosso2010,,,,,,0,0,_:poss sibling
Pilaga-4_brother-1,,Pilaga,4_brother,naqaya,naqaya,n a + q a j a,,buckwalter2015;vidal2010;filipov1993,,,,,,0,0,_:poss sibling
Quichua-4_brother-1,,Quichua,4_brother,"tura, huaucke",tura,t u r a,,bravo1975,,,,,,0,0,?
Tapiete-4_brother-1,,Tapiete,4_brother,"kɨwɨ, tɨche'ɨ",kɨwɨ,k ɨ w ɨ,,gonzalez2011,,,,,,0,0,?
Toba-4_brother-1,,Toba,4_brother,lqaỹa,lqaỹa,l + q a j a,,buckwalter1980;martinez2009;cuneo2009;buckwalter2015c,,,,,,0,0,?
Abipon-5_sister-1,,Abipon,5_sister,oanerma,oanerma,w a n e r m a,,najlis1966,,,,,,0,0,?
Ava-5_sister-1,,Ava,5_sister,t-ɨⁿdɨ,t-ɨⁿdɨ,t + ɨ ⁿd ɨ,,dietrich2015,,,,,,0,0,_:poss sister
Ayoreo-5_sister-1,,Ayoreo,5_sister,"hõ'ra, nee'ro",hõ'ra,h õ r a,,benz2020;schmeda1998;briggs2015,,,,,,0,0,?
Cerriteno-5_sister-1,,Cerriteno,5_sister,yaqayole,yaqayole,j a + q a j + o l e,,messineo2009,,,,,,0,0,_:poss sibling _:dim.fem
Chamacoco-5_sister-1,,Chamacoco,5_sister,"ɨnt, nam",ɨnt,ɨ n t,,ciucci2013,,,,,,0,0,?
EnxetSur-5_sister-1,,EnxetSur,5_sister,egyáxeg,egyáxeg,ɪ ŋ + j ɑː ɬ ɪ ŋ,,curtis2018,,,,,,0,0,_:poss sibling
Guarani-5_sister-1,,Guarani,5_sister,teindy,teindy,t + ei ⁿd ɨ,,guasch1995;seelwische1980;carol2018,,,,,,0,0,_:poss sister
Kadiweo-5_sister-1,,Kadiweo,5_sister,iwal:o,iwal:o,i w a lː o,,griffiths2002,,,,,,0,0,?
Lule-5_sister-1,,Lule,5_sister,yahá,yahá,j a ʔ a,,machoni1878,,,,,,0,0,?
Mapudungun-5_sister-1,,Mapudungun,5_sister,"θeya, lamŋen",θeya,θ e j a,,catrileo2017;catrileo2015,,,,,,0,0,?
Mbya-5_sister-1,,Mbya,5_sister,teindy,teindy,t + ei ⁿd ɨ,,cadogan1992,,,,,,0,0,_:poss sister
Mocovi-5_sister-1,,Mocovi,5_sister,lqaỹa,lqaỹa,l + q a j a,,buckwalter2015b;rosso2010,,,,,,0,0,_:poss sibling
Pilaga-5_sister-1,,Pilaga,5_sister,naqaya,naqaya,n a + q a j a,,buckwalter2015;vidal2010;filipov1993,,,,,,0,0,_:poss sibling
Quichua-5_sister-1,,Quichua,5_sister,"ñaña, pana",ñaña,ɲ a ɲ a,,bravo1975,,,,,,0,0,?
Tapiete-5_sister-1,,Tapiete,5_sister,hindɨ,hindɨ,h + i ⁿd ɨ,,gonzalez2011,,,,,,0,0,_:poss sister
Toba-5_sister-1,,Toba,5_sister,lqaỹa,lqaỹa,l + q a j a,,buckwalter1980;martinez2009;cuneo2009;buckwalter2015c,,,,,,0,0,?
Ava-6_olderbrother-1,,Ava,6_olderbrother,t-ɨkeɨ,t-ɨkeɨ,t + ɨ k e ɨ,,dietrich2015,,,,,,0,0,_:poss older.brother
Ayoreo-6_olderbrother-1,,Ayoreo,6_olderbrother,u'yaai,u'yaai,u j aː i,,benz2020;schmeda1998;briggs2015,,,,,,0,0,?
Cerriteno-6_olderbrother-1,,Cerriteno,6_olderbrother,"picha, yiya","picha, yiya",p i tʃ a,,messineo2009,,,,,,0,0,?
Chorote-6_olderbrother-1,,Chorote,6_olderbrother,-kilyeʔ,kilyeʔ,k i l j e ʔ,,drayson2009;scarpa2010,,,,,,0,0,?
Enlhet-6_olderbrother-1,,Enlhet,6_olderbrother,"haavoc, engyepma'",haavoc,h aː w o k,,unruh1997;kalisch2015;arenas1981,,,,,,0,0,?
EnxetSur-6_olderbrother-1,,EnxetSur,6_olderbrother,"háwok, egyepma’",egyepma’,ɪ ŋ + j ɪ p m ʌ ʔ,,curtis2018,,,,,,0,0,_:1pl older.brother
Guarani-6_olderbrother-1,,Guarani,6_olderbrother,"ryke'y, kyvy",ryke'y,r + ɨ k e ʔ ɨ,,guasch1995;seelwische1980;carol2018,,,,,,0,0,_:poss older.brother
Kadiweo-6_olderbrother-1,,Kadiweo,6_olderbrother,dGa,dGa,d ʁ a,,griffiths2002,,,,,,0,0,?
Lule-6_olderbrother-1,,Lule,6_olderbrother,canyp,canyp,k a n i p,,machoni1878,,,,,,0,0,?
Maka-6_olderbrother-1,,Maka,6_olderbrother,mats,mats,m a ts,,gerzenstein1999;arenas1983,,,,,,0,0,?
Manjui-6_olderbrother-1,,Manjui,6_olderbrother,"ona, kilé'",ona,o n a,,carol2018,,,,,,0,0,?
Mapudungun-6_olderbrother-1,,Mapudungun,6_olderbrother,"unen peɲi, unen lamŋen",unen peɲi,u n e n + p e ɲ i,,catrileo2017;catrileo2015,,,,,,0,0,older brother
Mbya-6_olderbrother-1,,Mbya,6_olderbrother,tyke'y,tyke'y,t + ɨ k e ʔ ɨ,,cadogan1992,,,,,,0,0,_:poss older.brother
Mocovi-6_olderbrother-1,,Mocovi,6_olderbrother,lopiichi,lopiichi,l + o p iː tʃ i,,buckwalter2015b;rosso2010,,,,,,0,0,_:poss older.brother
Nivacle-6_olderbrother-1,,Nivacle,6_olderbrother,checla',checla',tʃ e kʟ̥ a ʔ,,seelwische1980,,,,,,0,0,?
Pilaga-6_olderbrother-1,,Pilaga,6_olderbrother,choq'olek,choq'olek,tʃ o qˀ o l e k,,buckwalter2015;vidal2010;filipov1993,,,,,,0,0,?
Tapiete-6_olderbrother-1,,Tapiete,6_olderbrother,tɨche'ɨ,tɨche'ɨ,t + ɨ tʃ e ʔ ɨ,,gonzalez2011,,,,,,0,0,_:poss older.brother
Toba-6_olderbrother-1,,Toba,6_olderbrother,lapichaqa',lapichaqa',l + a p i tʃ a q a ʔ,,buckwalter1980;martinez2009;cuneo2009;buckwalter2015c,,,,,,0,0,?
TobaPilaga-6_olderbrother-1,,TobaPilaga,6_olderbrother,choqolek,choqolek,tʃ o q o l e k,,arenas1993,,,,,,0,0,?
Vilela-6_olderbrother-1,,Vilela,6_olderbrother,ahe,ahe,a h e,,golluscio2009,,,,,,0,0,?
Wichi-6_olderbrother-1,,Wichi,6_olderbrother,lachila,lachila,tʃ i l a ʔ,,braunstein2015;suarez2010,,,,,,0,0,?
Ava-8_oldersister-1,,Ava,8_oldersister,t-ɨke,t-ɨke,t + ɨ k e,,dietrich2015,,,,,,0,0,_:poss older.sister
Ayoreo-8_oldersister-1,,Ayoreo,8_oldersister,"uɲa'ria, ũre'hã",uɲa'ria,u ɲ a r ia,,benz2020;schmeda1998;briggs2015,,,,,,0,0,?
Cerriteno-8_oldersister-1,,Cerriteno,8_oldersister,"yapilole, yaya","yapilole, yaya",j a p i l o l e,,messineo2009,,,,,,0,0,?
Chorote-8_oldersister-1,,Chorote,8_oldersister,-kyaaxuʔ,kyaaxuʔ,k j aː x u ʔ,,drayson2009;scarpa2010,,,,,,0,0,?
Enlhet-8_oldersister-1,,Enlhet,8_oldersister,"yaaya, engyaalho'",engyaalho',e ŋ + j aː ɬ o ʔ,,unruh1997;kalisch2015;arenas1981,,,,,,0,0,_:poss older.sister
EnxetSur-8_oldersister-1,,EnxetSur,8_oldersister,"háwok, egyáxa’",egyáxa’,ɪ ŋ + j ɑː ɬ ʌ ʔ,,curtis2018,,,,,,0,0,_:1pl older.sister
Guarani-8_oldersister-1,,Guarani,8_oldersister,"ryke, tykera",tykera,t + ɨ k e r a,,guasch1995;seelwische1980;carol2018,,,,,,0,0,_:poss older.sister
Lule-8_oldersister-1,,Lule,8_oldersister,ylehp,ylehp,i l e ʔ p,,machoni1878,,,,,,0,0,?
Maka-8_oldersister-1,,Maka,8_oldersister,kuti',kuti',k u t i ʔ,,gerzenstein1999;arenas1983,,,,,,0,0,?
Manjui-8_oldersister-1,,Manjui,8_oldersister,"ta'a, kité'",ta'a,t a ʔ a,,carol2018,,,,,,0,0,?
Mbya-8_oldersister-1,,Mbya,8_oldersister,tyke,tyke,t + ɨ k e,,cadogan1992,,,,,,0,0,_:poss older.sister
Mocovi-8_oldersister-1,,Mocovi,8_oldersister,lopilete,lopilete,l + o p i l e t e,,buckwalter2015b;rosso2010,,,,,,0,0,_:poss older.sister
Nivacle-8_oldersister-1,,Nivacle,8_oldersister,chita',chita',tʃ i t a ʔ,,seelwische1980,,,,,,0,0,?
Pilaga-8_oldersister-1,,Pilaga,8_oldersister,pilo'ole,pilo'ole,p i l o ʔ o l e,,buckwalter2015;vidal2010;filipov1993,,,,,,0,0,?
Tapiete-8_oldersister-1,,Tapiete,8_oldersister,tɨ'ɨche,tɨ'ɨche,t + ɨ ʔ ɨ tʃ e,,gonzalez2011,,,,,,0,0,_:poss older.sister
Toba-8_oldersister-1,,Toba,8_oldersister,lapilte,lapilte,l + a p i l t e,,buckwalter1980;martinez2009;cuneo2009;buckwalter2015c,,,,,,0,0,?
TobaPilaga-8_oldersister-1,,TobaPilaga,8_oldersister,piló'oli,piló'oli,p i l o ʔ o l i,,arenas1993,,,,,,0,0,?
Wichi-8_oldersister-1,,Wichi,8_oldersister,lachita,lachita,tʃ i t a,,braunstein2015;suarez2010,,,,,,0,0,?
Ava-9_youngersister-1,,Ava,9_youngersister,pɨkɨ,pɨkɨ,p ɨ k ɨ,,dietrich2015,,,,,,0,0,?
Ayoreo-9_youngersister-1,,Ayoreo,9_youngersister,i'naamia,i'naamia,i n aː m ia,,benz2020;schmeda1998;briggs2015,,,,,,0,0,?
Cerriteno-9_youngersister-1,,Cerriteno,9_youngersister,yano'ole,yano'ole,j + a n o ʔ o + l e,,messineo2009,,,,,,0,0,_:poss younger.sister _:dim
Chorote-9_youngersister-1,,Chorote,9_youngersister,-kixnyeʔ,kixnyeʔ,k i x n j e ʔ,,drayson2009;scarpa2010,,,,,,0,0,?
Enlhet-9_youngersister-1,,Enlhet,9_youngersister,engyaalheng,engyaalheng,e ŋ + j aː ɬ e ŋ,,unruh1997;kalisch2015;arenas1981,,,,,,0,0,_:poss younger.sister
Guarani-9_youngersister-1,,Guarani,9_youngersister,kypy'y,kypy'y,k ɨ p ɨ ʔ ɨ,,guasch1995;seelwische1980;carol2018,,,,,,0,0,?
Lule-9_youngersister-1,,Lule,9_youngersister,melup,melup,m e l u p,,machoni1878,,,,,,0,0,?
Maka-9_youngersister-1,,Maka,9_youngersister,-k'inχa',k'inχa',kˀ i n χ a ʔ,,gerzenstein1999;arenas1983,,,,,,0,0,?
Manjui-9_youngersister-1,,Manjui,9_youngersister,'ijne','ijne',ʔ i ʰn e ʔ,,carol2018,,,,,,0,0,?
Mapudungun-9_youngersister-1,,Mapudungun,9_youngersister,"inan θeya, inan lamŋen",inan θeya,i n a n + θ e j a,,catrileo2017;catrileo2015,,,,,,0,0,younger sister
Mocovi-9_youngersister-1,,Mocovi,9_youngersister,lano'o,lano'o,l + a n o ʔ o,,buckwalter2015b;rosso2010,,,,,,0,0,_:poss younger.sister
Nivacle-9_youngersister-1,,Nivacle,9_youngersister,"sunja, ch'injô",sunxa,s u n x a,,seelwische1980,,,,,,0,0,?
Pilaga-9_youngersister-1,,Pilaga,9_youngersister,n'ole,n'ole,n ʔ o l e,,buckwalter2015;vidal2010;filipov1993,,,,,,0,0,?
Tapiete-9_youngersister-1,,Tapiete,9_youngersister,kɨpɨ'ɨ,kɨpɨ'ɨ,k ɨ p ɨ ʔ ɨ,,gonzalez2011,,,,,,0,0,?
Toba-9_youngersister-1,,Toba,9_youngersister,lano'o,lano'o,l + a n o ʔ o,,buckwalter1980;martinez2009;cuneo2009;buckwalter2015c,,,,,,0,0,_:poss younger.sister
TobaPilaga-9_youngersister-1,,TobaPilaga,9_youngersister,nolí,nolí,n o l i,,arenas1993,,,,,,0,0,?
Wichi-9_youngersister-1,,Wichi,9_youngersister,lach'inho,lach'inho,tʃˀ i ʰn o,,braunstein2015;suarez2010,,,,,,0,0,?
Abipon-10_son-1,,Abipon,10_son,"laetaRat, iialek","laetaRat, iialek",l ai t a ʁ a t,,najlis1966,,,,,,0,0,?
Ava-10_son-1,,Ava,10_son,t-aɨ; meᵐbɨ,t-aɨ; meᵐbɨ,t + aɨ,,dietrich2015,,,,,,0,0,_:poss son
Ayoreo-10_son-1,,Ayoreo,10_son,a'bi,a'bi,a b i,,benz2020;schmeda1998;briggs2015,,,,,,0,0,?
Cerriteno-10_son-1,,Cerriteno,10_son,llalek,llalek,l + j a l e + k,,messineo2009,,,,,,0,0,_:poss child _:masc
Chamacoco-10_son-1,,Chamacoco,10_son,"aap, ijɨt","aap, ijɨt",aː p,,ciucci2013,,,,,,0,0,?
Chorote-10_son-1,,Chorote,10_son,as,as,a s,,drayson2009;scarpa2010,,,,,,0,0,?
Enlhet-10_son-1,,Enlhet,10_son,engquetca,engquetca,e ŋ + k e t k a,,unruh1997;kalisch2015;arenas1981,,,,,,0,0,_:1pl son
EnxetSur-10_son-1,,EnxetSur,10_son,"nentemegwayam, hatte, egketche apkenna’",nentemegwayam,n ɪ n + t ɪ m ɪː ŋ w ʌ j ʌ m,,curtis2018,,,,,,0,0,_:1pl child
Guarani-10_son-1,,Guarani,10_son,meᵐbɨ-kuiᵐbaʔe,meᵐbɨ-kuiᵐbaʔe,m e ᵐb ɨ + k ui ᵐb a ʔ e,,guasch1995;seelwische1980;carol2018,,,,,,0,0,son male
Kadiweo-10_son-1,,Kadiweo,10_son,nionigi,nionigi,n io n i g i,,griffiths2002,,,,,,0,0,?
Lule-10_son-1,,Lule,10_son,"cué, lucué",lucué,l u k w e,,machoni1878,,,,,,0,0,?
Maka-10_son-1,,Maka,10_son,as,as,a s,,gerzenstein1999;arenas1983,,,,,,0,0,?
Manjui-10_son-1,,Manjui,10_son,as,as,a s,,carol2018,,,,,,0,0,?
Mapudungun-10_son-1,,Mapudungun,10_son,"fotɨm, wenṭ͡ʀu pɨɲeɲ, yalʸ, pɨɲeɲ",fotɨm,f o t ɨ m,,catrileo2017;catrileo2015,,,,,,0,0,?
Mbya-10_son-1,,Mbya,10_son,"memby, ta'y",ta'y,t + a ʔ ɨ,,cadogan1992,,,,,,0,0,_:poss son
Mocovi-10_son-1,,Mocovi,10_son,llaalec,llaalec,lʲ + aː l e + k,,buckwalter2015b;rosso2010,,,,,,0,0,_:poss child _:masc
Nivacle-10_son-1,,Nivacle,10_son,aôs,aôs,a ɔ s,,seelwische1980,,,,,,0,0,?
Pilaga-10_son-1,,Pilaga,10_son,nk'oʕot,nk'oʕot,n e + kˀ o ʕ o t,,buckwalter2015;vidal2010;filipov1993,,,,,,0,0,_:poss child
Quichua-10_son-1,,Quichua,10_son,huaa,huaa,w aː,,bravo1975,,,,,,0,0,?
Tapiete-10_son-1,,Tapiete,10_son,"membɨ, ta'ɨ",ta'ɨ,t + a ʔ ɨ,,gonzalez2011,,,,,,0,0,_:poss son
Toba-10_son-1,,Toba,10_son,"llalec, lco'oxot",lco'oxot,l + k o ʔ o + ʁ o t,,buckwalter1980;martinez2009;cuneo2009;buckwalter2015c,,,,,,0,0,_:poss beget _:nmlz
TobaPilaga-10_son-1,,TobaPilaga,10_son,qoGot,qoGot,q o ʁ o t,,arenas1993,,,,,,0,0,?
Wichi-10_son-1,,Wichi,10_son,lhos,lhos,ɬ + o s,,braunstein2015;suarez2010,,,,,,0,0,_:poss child
Ava-11_daughter-1,,Ava,11_daughter,t-ayɨ; meᵐbɨ,t-ayɨ,t + a dʒ ɨ,,dietrich2015,,,,,,0,0,_:poss daughter
Ayoreo-11_daughter-1,,Ayoreo,11_daughter,abia,abia,a b i a,,benz2020;schmeda1998;briggs2015,,,,,,0,0,?
Cerriteno-11_daughter-1,,Cerriteno,11_daughter,llale,llale,l + j a l e,,messineo2009,,,,,,0,0,_:poss child
Chorote-11_daughter-1,,Chorote,11_daughter,jlase',jlase',ʰl + a s + e ʔ,,drayson2009;scarpa2010,,,,,78,0,0,_:poss child _:fem
Enlhet-11_daughter-1,,Enlhet,11_daughter,enquetca,enquetca,e ŋ + k e t k a,,unruh1997;kalisch2015;arenas1981,,,,,,0,0,_:poss child
EnxetSur-11_daughter-1,,EnxetSur,11_daughter,"egketche kelwána, hatte, nentemegwayam",egketche kelwána,ɪ ŋ + k ɪ t tʃ ɪ + k ɪ l w ɑː n ʌ,,curtis2018,,,,,,0,0,_:poss child woman
Guarani-11_daughter-1,,Guarani,11_daughter,memby-kuña,memby-kuña,m e ⁿb ɨ + k u ɲ a,,guasch1995;seelwische1980;carol2018,,,,,,0,0,child woman
Kadiweo-11_daughter-1,,Kadiweo,11_daughter,iona,iona,j o n a,,griffiths2002,,,,,,0,0,?
Lule-11_daughter-1,,Lule,11_daughter,"cué, uacál",cué,k w e,,machoni1878,,,,,,0,0,?
Maka-11_daughter-1,,Maka,11_daughter,asi',asi',a s + i ʔ,,gerzenstein1999;arenas1983,,,,,,0,0,child _:fem
Manjui-11_daughter-1,,Manjui,11_daughter,ase',as-e',a s + e ʔ,,carol2018,,,,,,0,0,a s + e ʔ
Mapudungun-11_daughter-1,,Mapudungun,11_daughter,"ɲawe, θomo pɨɲeɲ, pɨɲeɲ, yalʸ",ɲawe,ɲ a w e,,catrileo2017;catrileo2015,,,,,,0,0,?
Mbya-11_daughter-1,,Mbya,11_daughter,"tajy, memby",tajy,t + a dʒ ɨ,,cadogan1992,,,,,,0,0,_:poss daughter
Mocovi-11_daughter-1,,Mocovi,11_daughter,llaale,llaale,lʲ + aː l e,,buckwalter2015b;rosso2010,,,,,,0,0,_:poss child
Nivacle-11_daughter-1,,Nivacle,11_daughter,ôse,ôse,ɔ s + e,,seelwische1980,,,,,,0,0,child _:fem
Pilaga-11_daughter-1,,Pilaga,11_daughter,nek'oqte,nek'oqte,n e + kˀ o + q t e,,buckwalter2015;vidal2010;filipov1993,,,,,,0,0,_:poss child _:fem
Quichua-11_daughter-1,,Quichua,11_daughter,huaa,huaa,w aː,,bravo1975,,,,,,0,0,?
Tapiete-11_daughter-1,,Tapiete,11_daughter,"membɨ, tayɨ",membɨ,m e ⁿb ɨ,,gonzalez2011,,,,,,0,0,?
Toba-11_daughter-1,,Toba,11_daughter,"llale, lco'oqte",llale,l + j a l e,,buckwalter1980;martinez2009;cuneo2009;buckwalter2015c,,,,,,0,0,_:poss child
TobaPilaga-11_daughter-1,,TobaPilaga,11_daughter,qoqte,qoqte,q o q t + e,,arenas1993,,,,,,0,0,beget _:fem
Wichi-11_daughter-1,,Wichi,11_daughter,lhose,lhose,ɬ + o s + e,,braunstein2015;suarez2010,,,,,,0,0,_:poss child _:fem
Abipon-12_shirt-1,,Abipon,12_shirt,ielamReki,ielamReki,j e + l a m ʁ e k i,,najlis1966,,,,,,0,0,_:poss shirt
Ava-12_shirt-1,,Ava,12_shirt,kamisa,kamisa,k a m i s a,,dietrich2015,,,,,,0,0,?
Ayoreo-12_shirt-1,,Ayoreo,12_shirt,igi'de,igi'de,i g i d e,,benz2020;schmeda1998;briggs2015,,,,,,0,0,?
Cerriteno-12_shirt-1,,Cerriteno,12_shirt,nlomaGaki,nlomaGaki,n + l o m a ʁ a k i,,messineo2009,,,,,,0,0,_:poss shirt
Chamacoco-12_shirt-1,,Chamacoco,12_shirt,"nanerpta, ɨkɨpɨta",nanerpta,n a n e r p t a,,ciucci2013,,,,,,0,0,?
Chorote-12_shirt-1,,Chorote,12_shirt,yu'u,yu'u,j u ʔ u,,drayson2009;scarpa2010,,,,,,0,0,?
Enlhet-12_shirt-1,,Enlhet,12_shirt,"nentalhnama, kamisa",nentalhnama,n e n + t a ɬ n a + m a,,unruh1997;kalisch2015;arenas1981,,,,,,0,0,_:poss shirt _:nmlz
EnxetSur-12_shirt-1,,EnxetSur,12_shirt,nentaxno,nentaxno,n ɪ n + t ʌ ɬ n + o,,curtis2018,,,,,,0,0,_:1pl enter _:nmlz
Kadiweo-12_shirt-1,,Kadiweo,12_shirt,weka,weka,w e k a,,griffiths2002,,,,,,0,0,?
Lule-12_shirt-1,,Lule,12_shirt,talápó,talápó,t a l a p o,,machoni1878,,,,,,0,0,?
Maka-12_shirt-1,,Maka,12_shirt,-wihitxii,wihitxii,w i + h i t + x iː,,gerzenstein1999;arenas1983,,,,,,0,0,enter _:vblz _:loc
Manjui-12_shirt-1,,Manjui,12_shirt,'ujutiiy','ujutiiy',ʔ u + x u t + iː j ʔ,,carol2018,,,,,,0,0,enter _:vblz _:loc
Mapudungun-12_shirt-1,,Mapudungun,12_shirt,kamisa,kamisa,k a m i s a,,catrileo2017;catrileo2015,,,,,,0,0,?
Mocovi-12_shirt-1,,Mocovi,12_shirt,nelamaxaqui,nelamaxaqui,n e + l a m a ʁ a k i,,buckwalter2015b;rosso2010,,,,,,0,0,_:poss shirt
Nivacle-12_shirt-1,,Nivacle,12_shirt,uijatshi,uijatshi,ui + x a t + ʃ i,,seelwische1980,,,,,,0,0,enter _:vblz _:loc
Pilaga-12_shirt-1,,Pilaga,12_shirt,somaʕaki,somaʕaki,s o m a ʕ a k i,,buckwalter2015;vidal2010;filipov1993,,,,,,0,0,?
Tapiete-12_shirt-1,,Tapiete,12_shirt,kambisa,kambisa,k a ⁿb i s a,,gonzalez2011,,,,,,0,0,?
Toba-12_shirt-1,,Toba,12_shirt,l-lomaxaqui,l-lomaxaqui,l + l o m a ʁ a k i,,buckwalter1980;martinez2009;cuneo2009;buckwalter2015c,,,,,,0,0,_:poss shirt
TobaPilaga-12_shirt-1,,TobaPilaga,12_shirt,ihomaGaki,ihomaGaki,i + h o m a ʁ a k i,,arenas1993,,,,,,0,0,_:poss shirt
Wichi-12_shirt-1,,Wichi,12_shirt,kay'eche,kay'eche,k a + j e tʃ e,,braunstein2015;suarez2010,,,,,,0,0,_:cl ?
Abipon-13_cupdrinkingvessel-1,,Abipon,13_cupdrinkingvessel,"nañamReki, neetReki",nañamReki,n a ɲ a m ʁ e k i,,najlis1966,,,,,,0,0,?
Ava-13_cupdrinkingvessel-1,,Ava,13_cupdrinkingvessel,kau-a,kau-a,k au + a,,dietrich2015,,,,,,0,0,drink _:nmlz
Ayoreo-13_cupdrinkingvessel-1,,Ayoreo,13_cupdrinkingvessel,'hopii-'di,'hopii-'di,h o p iː + d i,,benz2020;schmeda1998;briggs2015,,,,,,0,0,?
Chorote-13_cupdrinkingvessel-1,,Chorote,13_cupdrinkingvessel,tetik jik'iote po',tetik jik'iote po',t e t i k + x i + kˀ j o t e + p o ʔ,,drayson2009;scarpa2010,,,,,,0,0,jar _:poss ear ?
Enlhet-13_cupdrinkingvessel-1,,Enlhet,13_cupdrinkingvessel,"enghaycoc, mahaycoc",enghaycoc,e ŋ + h ai k o k,,unruh1997;kalisch2015;arenas1981,,,,,,0,0,_:poss cup
EnxetSur-13_cupdrinkingvessel-1,,EnxetSur,13_cupdrinkingvessel,egheykok,egheykok,ɪ ŋ + h ɛi k ʊ k,,curtis2018,,,,,,0,0,_:poss cup
Guarani-13_cupdrinkingvessel-1,,Guarani,13_cupdrinkingvessel,kagua,kagua,k a + ɣʷ a,,guasch1995;seelwische1980;carol2018,,,,,,0,0,drink _:nmlz
Kadiweo-13_cupdrinkingvessel-1,,Kadiweo,13_cupdrinkingvessel,go:pa,go:pa,g oː p a,,griffiths2002,,,,,,0,0,?
Lule-13_cupdrinkingvessel-1,,Lule,13_cupdrinkingvessel,"uhucipé, ynpá",uhucipé,u ʔ u t s i p e,,machoni1878,,,,,,0,0,?
Maka-13_cupdrinkingvessel-1,,Maka,13_cupdrinkingvessel,tekfii,tekfii,t + e k f iː,,gerzenstein1999;arenas1983,,,,,,0,0,? ear
Manjui-13_cupdrinkingvessel-1,,Manjui,13_cupdrinkingvessel,'uuski','uuski',ʔ uː s k i ʔ,,carol2018,,,,,,0,0,?
Mapudungun-13_cupdrinkingvessel-1,,Mapudungun,13_cupdrinkingvessel,čaru,čaru,tʃ a r u,,catrileo2017;catrileo2015,,,,,,0,0,?
Mocovi-13_cupdrinkingvessel-1,,Mocovi,13_cupdrinkingvessel,ne'taxaqui,ne'taxaqui,n + e ʔ t + a ʁ a k i,,buckwalter2015b;rosso2010,,,,,,0,0,_:poss drink _:nmlz
Nivacle-13_cupdrinkingvessel-1,,Nivacle,13_cupdrinkingvessel,yôjjatshi,yôjjatshi,j ɔ ʔ + x a t + ʃ i,,seelwische1980,,,,,,0,0,drink _:vblz _:loc
Pilaga-13_cupdrinkingvessel-1,,Pilaga,13_cupdrinkingvessel,yomaʕaki,yomaʕaki,j o m + a ʕ a + k i,,buckwalter2015;vidal2010;filipov1993,,,,,,0,0,drink _:val _:loc
Quichua-13_cupdrinkingvessel-1,,Quichua,13_cupdrinkingvessel,pucu,pucu,p u k u,,bravo1975,,,,,,0,0,?
Tapiete-13_cupdrinkingvessel-1,,Tapiete,13_cupdrinkingvessel,tansa,tansa,t a n s a,,gonzalez2011,,,,,,0,0,?
Toba-13_cupdrinkingvessel-1,,Toba,13_cupdrinkingvessel,nỹomaxaqui,nỹomaxaqui,n + j o m + a ʁ a + k i,,buckwalter1980;martinez2009;cuneo2009;buckwalter2015c,,,,,,0,0,_:poss drink _:val _:loc
TobaPilaga-13_cupdrinkingvessel-1,,TobaPilaga,13_cupdrinkingvessel,niyúmagaiqui,niyúmagaiqui,n i + j u m + a ʕ ai + k i,,arenas1993,,,,,,0,0,_:poss drink _:val _:loc
Wichi-13_cupdrinkingvessel-1,,Wichi,13_cupdrinkingvessel,"wa'su, lhäthi",lhäthi,ɬ ɔ t h i,,braunstein2015;suarez2010,,,,,,0,0,?
Ava-14_trousers-1,,Ava,14_trousers,t-eᵐbi-ao,t-eᵐbi-ao,t + e ᵐb i + a o,,dietrich2015,,,,,,0,0,_:poss ? cloth
Ayoreo-14_trousers-1,,Ayoreo,14_trousers,e'tarute-pi'e-dieʔ,e'tarute-pi'e-dieʔ,e t a r u t e + p ie + d ie ʔ,,benz2020;schmeda1998;briggs2015,,,,,,0,0,?
Cerriteno-14_trousers-1,,Cerriteno,14_trousers,nmaGaso,nmaGaso,n + m a ʁ a s o,,messineo2009,,,,,,0,0,_:poss trousers
Chorote-14_trousers-1,,Chorote,14_trousers,-kyokileyis,-kyokileyis,k j o k i l e j i s,,drayson2009;scarpa2010,,,,,,0,0,?
Enlhet-14_trousers-1,,Enlhet,14_trousers,latquescama-engyaaya'aoc,latquescama-engyaaya'aoc,l a t k e s k a m a + e ŋ + j aː j a ʔ a o k,,unruh1997;kalisch2015;arenas1981,,,,,,0,0,? _:poss ?
EnxetSur-14_trousers-1,,EnxetSur,14_trousers,nélatchesso egyayak,nélatchesso egyayak,n ɪː + l + ʌ t tʃ ɪ sː o + ɪ ŋ + j ai j ʌ k,,curtis2018,,,,,,0,0,_:1pl _:dist put.on _:poss leg
Guarani-14_trousers-1,,Guarani,14_trousers,kasõ,kasõ,k a s õ,,guasch1995;seelwische1980;carol2018,,,,,,0,0,?
Maka-14_trousers-1,,Maka,14_trousers,-tatkaluhut,tatkaluhut,t a t k a l u h u t,,gerzenstein1999;arenas1983,,,,,,0,0,?
Manjui-14_trousers-1,,Manjui,14_trousers,'azitiiy','azitiiy',ʔ a + ʃ i t + iː j ʔ,,carol2018,,,,,,0,0,? _:vblz _:loc
Mapudungun-14_trousers-1,,Mapudungun,14_trousers,pantalon,pantalon,p a n t a l o n,,catrileo2017;catrileo2015,,,,,,0,0,?
Mocovi-14_trousers-1,,Mocovi,14_trousers,nelamaxaso,nelamaxaso,n e + l a + m a ʁ a s o,,buckwalter2015b;rosso2010,,,,,,0,0,_:poss _:/la trousers
Nivacle-14_trousers-1,,Nivacle,14_trousers,ôsjatshi,ôsjatshi,ɔ s + x a t + ʃ i,,seelwische1980,,,,,,0,0,? _:vblz _:loc
Pilaga-14_trousers-1,,Pilaga,14_trousers,k'emaʕaso,k'emaʕaso,kˀ e + m a ʕ a s o,,buckwalter2015;vidal2010;filipov1993,,,,,,0,0,_:/ke trousers
Tapiete-14_trousers-1,,Tapiete,14_trousers,tɨmbɨ'awo,tɨmbɨ'awo,t ɨ + ⁿb ɨ ʔ + a w o,,gonzalez2011,,,,,,0,0,_:poss ? cloth
Toba-14_trousers-1,,Toba,14_trousers,lamaxaso,lamaxaso,l a + m a ʁ a s o,,buckwalter1980;martinez2009;cuneo2009;buckwalter2015c,,,,,,0,0,_:poss trousers
TobaPilaga-14_trousers-1,,TobaPilaga,14_trousers,kemaGaho,kemaGaho,k e + m a ʁ a h o,,arenas1993,,,,,,0,0,_:/ke trousers
Wichi-14_trousers-1,,Wichi,14_trousers,lakuset,lakuset,k u s e t,,braunstein2015;suarez2010,,,,,,0,0,?
Ava-16_easy-1,,Ava,16_easy,iǰ-awai-ᵐbae,iǰ-awai-ᵐbae,i dʒ + a w ai + ᵐb ae,,dietrich2015,,,,,,0,0,_:3sg difficult _:neg
Ayoreo-16_easy-1,,Ayoreo,16_easy,ibi'hoo-i,ibi'hoo-i,i b i h oː + i,,benz2020;schmeda1998;briggs2015,,,,,,0,0,?
Chorote-16_easy-1,,Chorote,16_easy,xe eyetawexey,xe eyetawexey,x e + e j e t a w e j ei,,drayson2009;scarpa2010,,,,,,0,0,not difficult
Enlhet-16_easy-1,,Enlhet,16_easy,ayeɬyawayˀ,kamanyeheme,k a m a n j e h e m e,,unruh1997;kalisch2015;arenas1981,,,,,,0,0,?
EnxetSur-16_easy-1,,EnxetSur,16_easy,megkamáske,megkamáske,m ɪ ŋ k ʌ + m ɑː s k ɪ,,curtis2018,,,,,,0,0,_:neg difficult
Guarani-16_easy-1,,Guarani,16_easy,ndahasýi,ndahasýi,ⁿd a + h + a s ɨ + i,,guasch1995;seelwische1980;carol2018,,,,,,0,0,_:neg _:3sg difficult _:neg
Lule-16_easy-1,,Lule,16_easy,"yaotitilé, yahó",yaotitilé,j a o t i t i l e,,machoni1878,,,,,,0,0,?
Maka-16_easy-1,,Maka,16_easy,nite' xutsitaχ,nite' xutsitaχ,n i t e ʔ + x u t s i t a χ,,gerzenstein1999;arenas1983,,,,,,0,0,not difficult
Mapudungun-16_easy-1,,Mapudungun,16_easy,kɨθaw-ŋe-nu-lu,kɨθaw-ŋe-nu-lu,k ɨ θ a w + ŋ e + n u + l u,,catrileo2017;catrileo2015,,,,,,0,0,labour _:vblz _:neg _:inf
Mocovi-16_easy-1,,Mocovi,16_easy,se qalaq,se qalaq,s e + q a l a q,,buckwalter2015b;rosso2010,,,,,,0,0,not difficult
Nivacle-16_easy-1,,Nivacle,16_easy,c'ôôjlha,c'ôôjlha,kˀ ɔː x ɬ a,,seelwische1980,,,,,,0,0,?
Pilaga-16_easy-1,,Pilaga,16_easy,lewotetelege,le-wot-ete-'lege,l e + w o t + e t e + l e g e,,buckwalter2015;vidal2010;filipov1993,,,,,,0,0,_:poss ? ? _:dir
Toba-16_easy-1,,Toba,16_easy,lhuottelec,lhuottelec,l + w o + t e + l e k,,buckwalter1980;martinez2009;cuneo2009;buckwalter2015c,,,,,,0,0,_:poss ? ? _:dir
TobaPilaga-16_easy-1,,TobaPilaga,16_easy,ha qaláq,ha qaláq,h a + q a l a q,,arenas1993,,,,,,0,0,not difficult
Wichi-16_easy-1,,Wichi,16_easy,athahit’a,athahit’a,a tʰ a + h i tˀ a,,braunstein2015;suarez2010,,,,,,0,0,difficult _:neg
Abipon-17_difficult-1,,Abipon,17_difficult,loak,l+oak,l w a k,,najlis1966,,,,,,0,0,?
Ava-17_difficult-1,,Ava,17_difficult,iǰ-awai,iǰ-awai,i + dʒ a w ai,,dietrich2015,,,,,,0,0,_:3s difficult
Ayoreo-17_difficult-1,,Ayoreo,17_difficult,pi'ra-i,pi'ra-i,p i r a + i,,benz2020;schmeda1998;briggs2015,,,,,,0,0,?
Chorote-17_difficult-1,,Chorote,17_difficult,"eyetawexey, istie'",eyetawexey,e j e t a w e x ei,,drayson2009;scarpa2010,,,,,,0,0,?
Enlhet-17_difficult-1,,Enlhet,17_difficult,"yemtelhe', acyemtalhnama",yemtelhe',j e m t e ɬ e ʔ,,unruh1997;kalisch2015;arenas1981,,,,,,0,0,?
EnxetSur-17_difficult-1,,EnxetSur,17_difficult,"ekmáske, askehe",ekmáske,ɪ k + m ɑː s k ɪ,,curtis2018,,,,,,0,0,_:fem difficult
Guarani-17_difficult-1,,Guarani,17_difficult,hasy,hasy,h + a s ɨ,,guasch1995;seelwische1980;carol2018,,,,,,0,0,_:3s difficult
Kadiweo-17_difficult-1,,Kadiweo,17_difficult,GalaGa,GalaGa,ʁ a l a ʁ a,,griffiths2002,,,,,,0,0,?
Lule-17_difficult-1,,Lule,17_difficult,quineuescesuyé,quineuescesuyé,k i n e w e s k e s u j e,,machoni1878,,,,,,0,0,?
Maka-17_difficult-1,,Maka,17_difficult,xutsitaχ,xutsitaχ,x u ts i t a χ,,gerzenstein1999;arenas1983,,,,,,0,0,?
Manjui-17_difficult-1,,Manjui,17_difficult,ijyéjtowa,ijyéjtowa,i ʰj e x t o w a,,carol2018,,,,,,0,0,?
Mapudungun-17_difficult-1,,Mapudungun,17_difficult,kɨθaw-ŋe-n,kɨθaw-ŋe-n,k ɨ θ a w + ŋ e + n,,catrileo2017;catrileo2015,,,,,,0,0,labour _:vblz _:inf
Mocovi-17_difficult-1,,Mocovi,17_difficult,qalaq,qalaq,q a l a q,,buckwalter2015b;rosso2010,,,,,,0,0,?
Nivacle-17_difficult-1,,Nivacle,17_difficult,"ta'vi'jatay, t'astaai",ta'vi'jatay,t a ʔ ʋ i ʔ x a t ai,,seelwische1980,,,,,,0,0,?
Pilaga-17_difficult-1,,Pilaga,17_difficult,qalaq,qalaq,q a l a q,,buckwalter2015;vidal2010;filipov1993,,,,,,0,0,?
Tapiete-17_difficult-1,,Tapiete,17_difficult,yawai,yawai,dʒ a w ai,,gonzalez2011,,,,,,0,0,?
Toba-17_difficult-1,,Toba,17_difficult,alaq,alaq,a l a q,,buckwalter1980;martinez2009;cuneo2009;buckwalter2015c,,,,,,0,0,?
TobaPilaga-17_difficult-1,,TobaPilaga,17_difficult,qalaq,qalaq,q a l a q,,arenas1993,,,,,,0,0,?
Wichi-17_difficult-1,,Wichi,17_difficult,atha,atha,a t h a ʔ,,braunstein2015;suarez2010,,,,,,0,0,?
Abipon-18_word-1,,Abipon,18_word,lakatek,lakatek,l + a k a t + e k,,najlis1966,,,,,,0,0,_:poss speak _:nmlz
Ava-18_word-1,,Ava,18_word,ɲẽe,ɲẽe,ɲ ẽ e,,dietrich2015,,,,,,0,0,?
Ayoreo-18_word-1,,Ayoreo,18_word,u'ruui,u'ruui,u r uː i,,benz2020;schmeda1998;briggs2015,,,,,,0,0,?
Chorote-18_word-1,,Chorote,18_word,-amtes,amtes,a m t e + s,,drayson2009;scarpa2010,,,,,,0,0,word _:pl
Enlhet-18_word-1,,Enlhet,18_word,nempayvaam,nempayvaam,n e m + p ai w aː m,,unruh1997;kalisch2015;arenas1981,,,,,,0,0,_:1pl word
EnxetSur-18_word-1,,EnxetSur,18_word,nempeywa,nempeywa,n ɪ m + p ɛː w ʌ,,curtis2018,,,,,,0,0,_:poss language
Guarani-18_word-1,,Guarani,18_word,ñe'ẽ,ñe'ẽ,ɲ e ʔ ẽ,,guasch1995;seelwische1980;carol2018,,,,,,0,0,?
Kadiweo-18_word-1,,Kadiweo,18_word,"nigegi, notaGa",nigegi,n i g e g i,,griffiths2002,,,,,,0,0,?
Lule-18_word-1,,Lule,18_word,olóm,alóm,a l o m,,machoni1878,,,,,,0,0,?
Maka-18_word-1,,Maka,18_word,-lixey,lixey,l i x + ei,,gerzenstein1999;arenas1983,,,,,,0,0,word _:pl
Manjui-18_word-1,,Manjui,18_word,amte',amte',a m t e ʔ,,carol2018,,,,,,0,0,?
Mapudungun-18_word-1,,Mapudungun,18_word,kiɲe wun̯,kiɲe wun̯,k i ɲ e + w u n,,catrileo2017;catrileo2015,,,,,,0,0,one ?
Mbya-18_word-1,,Mbya,18_word,ayvu,ayvu,aɨ ʋ u,,cadogan1992,,,,,,0,0,?
Mocovi-18_word-1,,Mocovi,18_word,la'qaatec,la'qaatec,l + a ʔ q aː t + e k,,buckwalter2015b;rosso2010,,,,,,0,0,_:poss speak _:nmlz
Nivacle-18_word-1,,Nivacle,18_word,cliish,cliish,kʟ̥ iː ʃ,,seelwische1980,,,,,,0,0,?
Pilaga-18_word-1,,Pilaga,18_word,l-ʔaḳt-ak,l-ʔaḳt-ak,l + ʔ a q t + a k,,buckwalter2015;vidal2010;filipov1993,,,,,,0,0,_:poss speak _:nmlz
Quichua-18_word-1,,Quichua,18_word,simi,simi,s i m i,,bravo1975,,,,,,0,0,?
Tapiete-18_word-1,,Tapiete,18_word,tɨñe'ë,tɨñe'ë,t ɨ + ɲ e ʔ ẽ,,gonzalez2011,,,,,,0,0,_:poss word
Toba-18_word-1,,Toba,18_word,l'aqtac,l'aqtac,l + ʔ a q t + a k,,buckwalter1980;martinez2009;cuneo2009;buckwalter2015c,,,,,,0,0,_:poss speak _:nmlz
TobaPilaga-18_word-1,,TobaPilaga,18_word,ʔaqtak,ʔaqtak,ʔ a q t + a k,,arenas1993,,,,,,0,0,speak _:nmlz
Wichi-18_word-1,,Wichi,18_word,lhomet,lhomet,ɬ + o m e t,,braunstein2015;suarez2010,,,,,,0,0,_:poss word
Abipon-19_language-1,,Abipon,19_language,lakatka,lakatka,l a k a t k a,,najlis1966,,,,,,0,0,?
Ava-19_language-1,,Ava,19_language,ñẽe,ñẽe,ɲ ẽ e,,dietrich2015,,,,,,0,0,?
Ayoreo-19_language-1,,Ayoreo,19_language,pu'ruu ke'n̥a-neʔ,pu'ruu ke'n̥a-neʔ,p u r uː + k e n̥ a + n e ʔ,,benz2020;schmeda1998;briggs2015,,,,,,0,0,?
Cerriteno-23_stone-1,,Cerriteno,23_stone,qa',qa',q a ʔ,,messineo2009,,,,,,0,0,?
Chorote-19_language-1,,Chorote,19_language,"-lex, -lix",lix,l i x,,drayson2009;scarpa2010,,,,,,0,0,?
Enlhet-19_language-1,,Enlhet,19_language,nempayvaam,nempayvaam,n e m + p ai w aː m,,unruh1997;kalisch2015;arenas1981,,,,,,0,0,_:1pl language
EnxetSur-19_language-1,,EnxetSur,19_language,nempeywa,nempeywa,n ɪ m + p ɛː w ʌ,,curtis2018,,,,,,0,0,_:poss language
Guarani-19_language-1,,Guarani,19_language,ñe'ẽ,ñe'ẽ,ɲ e ʔ ẽ,,guasch1995;seelwische1980;carol2018,,,,,,0,0,?
Kadiweo-19_language-1,,Kadiweo,19_language,woladi,woladi,w o l a d i,,griffiths2002,,,,,,0,0,?
Maka-19_language-1,,Maka,19_language,-lixey,lixey,l i x + e i,,gerzenstein1999;arenas1983,,,,,,0,0,word _:pl
Manjui-19_language-1,,Manjui,19_language,'leij,'leij,ˀl ei x,,carol2018,,,,,,0,0,?
Mapudungun-19_language-1,,Mapudungun,19_language,θuŋu-n,θuŋu-n,θ u ŋ u + n,,catrileo2017;catrileo2015,,,,,,0,0,speak _:inf
Mbya-19_language-1,,Mbya,19_language,ayvu,ayvu,aɨ ʋ u,,cadogan1992,,,,,,0,0,?
Mocovi-19_language-1,,Mocovi,19_language,na-wa l-aʔḳaat-ḳa,na-wa l-aʔḳaat-ḳa,n a + w a + l + a ʔ q aː t + q a,,buckwalter2015b;rosso2010,,,,,,0,0,_:det _:pl _:poss speak _:nmlz
Nivacle-19_language-1,,Nivacle,19_language,cliish,cliish,kʟ̥ iː ʃ,,seelwische1980,,,,,,0,0,?
Pilaga-19_language-1,,Pilaga,19_language,na-wa-ʔ l-ʔaḳt-aḳa,nawa' l'aqtaqa,n a + w a ʔ + l + ʔ a q t + a q a,,buckwalter2015;vidal2010;filipov1993,,,,,,0,0,_:det _:pl _:poss speak _:nmlz
Quichua-19_language-1,,Quichua,19_language,"simi, ckallu, 'rima",simi,s i m i,,bravo1975,,,,,,0,0,?
Tapiete-19_language-1,,Tapiete,19_language,tɨñe'ë,tɨñe'ë,t ɨ + ɲ e ʔ ẽ,,gonzalez2011,,,,,,0,0,_:poss language
Toba-19_language-1,,Toba,19_language,naua l'aqtaqa,naua l'aqtaqa,n a + w a + l + ʔ a q t + a q a,,buckwalter1980;martinez2009;cuneo2009;buckwalter2015c,,,,,,0,0,_:det _:pl _:poss speak _:nmlz
TobaPilaga-19_language-1,,TobaPilaga,19_language,ʔaqtak,ʔaqtak,ʔ a q t + a k,,arenas1993,,,,,,0,0,speak _:nmlz
Wichi-19_language-1,,Wichi,19_language,"ɬah'ɲiʔ, lhomtes",lhomtes,ɬ o m t e + s,,braunstein2015;suarez2010,,,,,,0,0,word _:pl
Abipon-20_understand-1,,Abipon,20_understand,oahipat,oahipat,w a h i p a t,,najlis1966,,,,,,0,0,?
Ava-20_understand-1,,Ava,20_understand,upitɨ,upitɨ,u p i t ɨ,,dietrich2015,,,,,,0,0,?
Ayoreo-20_understand-1,,Ayoreo,20_understand,"iira'haaʔ, i'paɲa-hiʔ",iira'haaʔ,iː r a h aː ʔ,,benz2020;schmeda1998;briggs2015,,,,,,0,0,?
Chorote-20_understand-1,,Chorote,20_understand,-peʔyeʔ,peʔyeʔ,p e ˀj e ʔ,,drayson2009;scarpa2010,,,,,,0,0,?
Enlhet-20_understand-1,,Enlhet,20_understand,nengya'ascamcoo,nengya'ascamcoo,n e ŋ + j a ʔ a s k a m k oː,,unruh1997;kalisch2015;arenas1981,,,,,,0,0,_:1pl understand
EnxetSur-20_understand-1,,EnxetSur,20_understand,"nempékáseykekxa’, nenlegayo",nempékáseykekxa’,n ɪ m + p eː k ɑː s ei k ɪ k ɬ ʌ ʔ,,curtis2018,,,,,,0,0,_:1pl understand
Guarani-20_understand-1,,Guarani,20_understand,"hechakuaa, jekopyty",hechakuaa,h + e ʃ a + k w aː,,guasch1995;seelwische1980;carol2018,,,,,,0,0,_:poss see know
Kadiweo-20_understand-1,,Kadiweo,20_understand,owooGodi,owooGodi,o w oː ʁ o d i,,griffiths2002,,,,,,0,0,?
Maka-20_understand-1,,Maka,20_understand,-epiye',epiye',e p i j e ʔ,,gerzenstein1999;arenas1983,,,,,,0,0,?
Manjui-20_understand-1,,Manjui,20_understand,pe'ye',pe'ye',p e ˀj e ʔ,,carol2018,,,,,,0,0,?
Mapudungun-20_understand-1,,Mapudungun,20_understand,loŋko-ntuku,loŋko-ntuku,l o ŋ k o + n t u k u,,catrileo2017;catrileo2015,,,,,,0,0,head ?
Mbya-20_understand-1,,Mbya,20_understand,endu,endu,e ⁿd u,,cadogan1992,,,,,,0,0,?
Mocovi-20_understand-1,,Mocovi,20_understand,ỹa'yiinchigui,ỹa'yiinchigui,j + a ʔ ʒ iː n + tʃ i + g i,,buckwalter2015b;rosso2010,,,,,77,0,0,_:3A know _:? _:loc
Nivacle-20_understand-1,,Nivacle,20_understand,"-tɔy-kˀoya, pe'ya",pe'ya,p e ˀj a,,seelwische1980,,,,,,0,0,?
Pilaga-20_understand-1,,Pilaga,20_understand,de-ma'či-ya,de-ma'či-ya,d e + m a tʃ i + j a,,buckwalter2015;vidal2010;filipov1993,,,,,,0,0,_:3A understand _:3O
Quichua-20_understand-1,,Quichua,20_understand,unánchay,unánchay,u n a n tʃ a + j,,bravo1975,,,,,,0,0,understand _:inf
Tapiete-20_understand-1,,Tapiete,20_understand,"hendu, kwa'a",hendu,h e ⁿd u,,gonzalez2011,,,,,,0,0,?
Toba-20_understand-1,,Toba,20_understand,nlogui,nlogui,n + l o + g i,,buckwalter1980;martinez2009;cuneo2009;buckwalter2015c,,,,,,0,0,?
Wichi-20_understand-1,,Wichi,20_understand,yihanej,yihanej,j i h a n e x,,braunstein2015;suarez2010,,,,,,0,0,?
Ava-21_find-1,,Ava,21_find,wãẽ,wãẽ,w ã ẽ,,dietrich2015,,,,,,0,0,?
Ayoreo-21_find-1,,Ayoreo,21_find,'iiseʔ,'iiseʔ,iː s e ʔ,,benz2020;schmeda1998;briggs2015,,,,,,0,0,?
Chorote-21_find-1,,Chorote,21_find,-kyuteʔ,-kyuteʔ,k j u t e ʔ,,drayson2009;scarpa2010,,,,,,0,0,?
Enlhet-21_find-1,,Enlhet,21_find,"nentahanyay, negvetay",nentahanyay,n e n + t a h a n j ai ʔ,,unruh1997;kalisch2015;arenas1981,,,,,,0,0,_:1pl find
EnxetSur-21_find-1,,EnxetSur,21_find,negwete,negwete,n ɪ ŋ + w ɪ t e,,curtis2018,,,,,,0,0,_:1pl find
Guarani-21_find-1,,Guarani,21_find,"juhu, topa",juhu,dʒ u h u,,guasch1995;seelwische1980;carol2018,,,,,,0,0,?
Kadiweo-21_find-1,,Kadiweo,21_find,aqa,aqa,a q a,,griffiths2002,,,,,,0,0,?
Maka-21_find-1,,Maka,21_find,wen,wen,w e n,,gerzenstein1999;arenas1983,,,,,,0,0,?
Manjui-21_find-1,,Manjui,21_find,'wen,'wen,ˀw e n,,carol2018,,,,,,0,0,?
Mapudungun-21_find-1,,Mapudungun,21_find,"pe, peθa",peθa,p e θ a,,catrileo2017;catrileo2015,,,,,,0,0,?
Mbya-21_find-1,,Mbya,21_find,jou,jou,dʒ o u,,cadogan1992,,,,,,0,0,?
Mocovi-21_find-1,,Mocovi,21_find,ỹanata,ỹanata,j + a n a t + a,,buckwalter2015b;rosso2010,,,,,,0,0,_:3A find _:obj
Nivacle-21_find-1,,Nivacle,21_find,"van, nfom",van,ʋ a n,,seelwische1980,,,,,,0,0,?
Pilaga-21_find-1,,Pilaga,21_find,yawana,y-awan-a,j + a w a n + a,,buckwalter2015;vidal2010;filipov1993,,,,,,0,0,_:3A find _:3O
Quichua-21_find-1,,Quichua,21_find,tíncuy,tíncuy,t i ŋ k u + j,,bravo1975,,,,,,0,0,find _:inf
Tapiete-21_find-1,,Tapiete,21_find,wä'ï,wä'ï,w ã ʔ ĩ,,gonzalez2011,,,,,,0,0,?
Toba-21_find-1,,Toba,21_find,ỹanata,ỹanata,j + a n a t + a,,buckwalter1980;martinez2009;cuneo2009;buckwalter2015c,,,,,,0,0,?
TobaPilaga-21_find-1,,TobaPilaga,21_find,"yawana, ehomalege",yawana,j + a w a n a,,arenas1993,,,,,,0,0,_:3A find
Wichi-21_find-1,,Wichi,21_find,"hiw'en, nilhoka",nilhoka,n i + ɬ o k a,,braunstein2015;suarez2010,,,,,,0,0,_:3A find
Abipon-22_city-1,,Abipon,22_city,niik latenk,niik latenk,n iː k + l a t e ŋ k,,najlis1966,,,,,,0,0,village big
Ava-22_city-1,,Ava,22_city,tẽta wasu,tẽta wasu,t ẽ t a + w a s u,,dietrich2015,,,,,,0,0,village big
Ayoreo-22_city-1,,Ayoreo,22_city,idaite,idaite,g iː d aː i + d aː t ei,,benz2020;schmeda1998;briggs2015,,,,,,0,0,?
Chorote-22_city-1,,Chorote,22_city,-siʔ,siʔ,s i ʔ,,drayson2009;scarpa2010,,,,,,0,0,?
Enlhet-22_city-1,,Enlhet,22_city,"teŋma pwaanyamˀ, teŋma",teŋma pwaanyamˀ,t e ŋ m a + p + w aː n j a mˀ,,unruh1997;kalisch2015;arenas1981,,,,,,0,0,house _:masc big
EnxetSur-22_city-1,,EnxetSur,22_city,"apyawakxa tegma, tegma apwányam",apyawakxa tegma,ʌ p + j ʌ w + ʌ k ɬ ʌ + t ɪ ŋ m ʌ,,curtis2018,,,,,,0,0,_:masc big _:nmlz.ob house
Guarani-22_city-1,,Guarani,22_city,"tavaguasu, tava",tavaguasu,t a ʋ a + ɣʷ a s u,,guasch1995;seelwische1980;carol2018,,,,,,0,0,village big
Kadiweo-22_city-1,,Kadiweo,22_city,gotGa,gotGa,g o t ʁ a,,griffiths2002,,,,,,0,0,?
Lule-22_city-1,,Lule,22_city,"enu, yauplé",enu,e n u,,machoni1878,,,,,,0,0,?
Manjui-22_city-1,,Manjui,22_city,izí',izí',i ʃ i ʔ,,carol2018,,,,,,0,0,?
Mapudungun-22_city-1,,Mapudungun,22_city,waria,waria,w a r ia,,catrileo2017;catrileo2015,,,,,,0,0,?
Mocovi-22_city-1,,Mocovi,22_city,na'a' lodegaxat,na'a' lodegaxat,n + a ʔ a ʔ + l o d e g a ʁ a t,,buckwalter2015b;rosso2010,,,,,,0,0,_:poss village big
Nivacle-22_city-1,,Nivacle,22_city,uj'ee yitsaat,uj'ee yitsaat,u x ʔ eː + j i t s aː t,,seelwische1980,,,,,,0,0,big village
Pilaga-22_city-1,,Pilaga,22_city,noikt'adaik,noikt'adaik,n oi k + tˀ a d + ai k,,buckwalter2015;vidal2010;filipov1993,,,,,,0,0,village big _:adj
Tapiete-22_city-1,,Tapiete,22_city,tentawansu,tentawansu,t e n t a + w a n s u,,gonzalez2011,,,,,,0,0,village big
TobaPilaga-22_city-1,,TobaPilaga,22_city,nóic letádaic,nóic letádaic,n oi k + l e + t a d ai k,,arenas1993,,,,,,0,0,village _:poss big
Wichi-22_city-1,,Wichi,22_city,hepey,hepey,h e p ei,,braunstein2015;suarez2010,,,,,,0,0,?
Abipon-23_stone-1,,Abipon,23_stone,ailigqate,ailigqate,ai l i g q a t e,,najlis1966,,,,,,0,0,?
Ava-23_stone-1,,Ava,23_stone,ita,ita,i t a,,dietrich2015,,,,,,0,0,?
Ayoreo-23_stone-1,,Ayoreo,23_stone,kukara'ne,kukara'ne,k u k a r a n e,,benz2020;schmeda1998;briggs2015,,,,,,0,0,?
Chorote-23_stone-1,,Chorote,23_stone,poy,poy,p oi,,drayson2009;scarpa2010,,,,,,0,0,?
Enlhet-23_stone-1,,Enlhet,23_stone,mataymong,mataymong,m a t i m o ŋ,,unruh1997;kalisch2015;arenas1981,,,,,,0,0,?
EnxetSur-23_stone-1,,EnxetSur,23_stone,meteymog,meteymog,m ɪ t ɛː m ʊ ŋ,,curtis2018,,,,,,0,0,?
Guarani-23_stone-1,,Guarani,23_stone,ita,ita,i t a,,guasch1995;seelwische1980;carol2018,,,,,,0,0,?
Kadiweo-23_stone-1,,Kadiweo,23_stone,wetiGa,wetiGa,w e t i ʁ a,,griffiths2002,,,,,,0,0,?
Lule-23_stone-1,,Lule,23_stone,"ay, aynús",ay,ai,,machoni1878,,,,,,0,0,?
Maka-23_stone-1,,Maka,23_stone,ute,ute,u t e,,gerzenstein1999;arenas1983,,,,,,0,0,?
Manjui-23_stone-1,,Manjui,23_stone,napóoi',napóoi',n a p oː j ʔ,,carol2018,,,,,,0,0,?
Mapudungun-23_stone-1,,Mapudungun,23_stone,kura,kura,k u r a,,catrileo2017;catrileo2015,,,,,,0,0,?
Mbya-23_stone-1,,Mbya,23_stone,ita,ita,i t a,,cadogan1992,,,,,,0,0,?
Mocovi-23_stone-1,,Mocovi,23_stone,qa',qa',q a ʔ,,buckwalter2015b;rosso2010,,,,,,0,0,?
Nivacle-23_stone-1,,Nivacle,23_stone,utej,utej,u t e x,,seelwische1980,,,,,,0,0,?
Pilaga-23_stone-1,,Pilaga,23_stone,qa',qa',q a ʔ,,buckwalter2015;vidal2010;filipov1993,,,,,,0,0,?
Quichua-23_stone-1,,Quichua,23_stone,'rumi,'rumi,r u m i,,bravo1975,,,,,,0,0,?
Tapiete-23_stone-1,,Tapiete,23_stone,yɨtakɨ,yɨtakɨ,dʒ ɨ t a k ɨ,,gonzalez2011,,,,,,0,0,?
Toba-23_stone-1,,Toba,23_stone,"qa', coma'",qa',q a ʔ,,buckwalter1980;martinez2009;cuneo2009;buckwalter2015c,,,,,,0,0,?
TobaPilaga-23_stone-1,,TobaPilaga,23_stone,cá,cá,q a,,arenas1993,,,,,,0,0,?
Wichi-23_stone-1,,Wichi,23_stone,tente,tente,t e n t e ʔ,,braunstein2015;suarez2010,,,,,,0,0,?
Ava-24_mountain-1,,Ava,24_mountain,ɨwɨtɨ,ɨwɨtɨ,ɨ w ɨ + t ɨ,,dietrich2015,,,,,,0,0,?
Ayoreo-24_mountain-1,,Ayoreo,24_mountain,oro'ko-daa'te,oro'ko-daa'te,o r o k o + d aː t e,,benz2020;schmeda1998;briggs2015,,,,,,0,0,?
Cerriteno-24_mountain-1,,Cerriteno,24_mountain,avyaq,avyaq,a ʋ j a q,,messineo2009,,,,,,0,0,?
Chorote-24_mountain-1,,Chorote,24_mountain,takixnakiʔ,takixnakiʔ,t a k i x n a k i ʔ,,drayson2009;scarpa2010,,,,,,0,0,?
Enlhet-24_mountain-1,,Enlhet,24_mountain,mataymong,mataymong,m a t ai m o ŋ,,unruh1997;kalisch2015;arenas1981,,,,,,0,0,?
EnxetSur-24_mountain-1,,EnxetSur,24_mountain,meteymog ekwenaqte,meteymog ekwenaqte,m ɪ t ɛː m ʊ ŋ + ɪ k + w ɪ n ʌ q t e,,curtis2018,,,,,,0,0,stone _:fem high
Guarani-24_mountain-1,,Guarani,24_mountain,yvyty,yvyty,ɨ v ɨ + t ɨ,,guasch1995;seelwische1980;carol2018,,,,,,0,0,land ?
Kadiweo-24_mountain-1,,Kadiweo,24_mountain,wetiGa,wetiGa,w e t i ʁ a,,griffiths2002,,,,,,0,0,?
Lule-24_mountain-1,,Lule,24_mountain,ettuhú,ettuhú,e t u ʔ u,,machoni1878,,,,,,0,0,?
Maka-24_mountain-1,,Maka,24_mountain,utek,utek,u t e + k,,gerzenstein1999;arenas1983,,,,,,0,0,stone _:?
Manjui-24_mountain-1,,Manjui,24_mountain,takíjnaki',takíjnaki',t a k i ʰn a k i,,carol2018,,,,,,0,0,?
Mapudungun-24_mountain-1,,Mapudungun,24_mountain,wiŋkul mapu,wiŋkul mapu,w i ŋ k u l + m a p u,,catrileo2017;catrileo2015,,,,,,0,0,mountain land
Mocovi-24_mountain-1,,Mocovi,24_mountain,soxonaxa,soxonaxa,s o ʁ o n a ʁ a,,buckwalter2015b;rosso2010,,,,,,0,0,?
Nivacle-24_mountain-1,,Nivacle,24_mountain,uteyuc,uteyuc,u t e + j u k,,seelwische1980,,,,,,0,0,stone _:tree
Pilaga-24_mountain-1,,Pilaga,24_mountain,qasoʕonaʕa,qasoʕonaʕa,q a s o ʕ o n a ʕ a,,buckwalter2015;vidal2010;filipov1993,,,,,,0,0,?
Quichua-24_mountain-1,,Quichua,24_mountain,orcko,orcko,o r q o,,bravo1975,,,,,,0,0,?
Tapiete-24_mountain-1,,Tapiete,24_mountain,ɨwɨ-turusu,ɨwɨ-turusu,ɨ w ɨ + t u r u s u,,gonzalez2011,,,,,,0,0,land big
Toba-24_mountain-1,,Toba,24_mountain,qasoxonaxa,qasoxonaxa,q a s o x o n a x a,,buckwalter1980;martinez2009;cuneo2009;buckwalter2015c,,,,,,0,0,?
TobaPilaga-24_mountain-1,,TobaPilaga,24_mountain,ñiʔ alewa,ñiʔ alewa,ɲ i ʔ + a l e w a,,arenas1993,,,,,,0,0,_:dem.masc land
Wichi-24_mountain-1,,Wichi,24_mountain,tachenaj,tachenaj,t a tʃ e n a x,,braunstein2015;suarez2010,,,,,,0,0,?
Ava-25_sour-1,,Ava,25_sour,haǰ-asɨ,haǰ-asɨ,h a dʒ + a s ɨ,,dietrich2015,,,,,,0,0,_:3sg sour
Ayoreo-25_sour-1,,Ayoreo,25_sour,čoori'ču-i,čoori'ču-i,tʃ oː r i tʃ u + i,,benz2020;schmeda1998;briggs2015,,,,,,0,0,?
Chorote-25_sour-1,,Chorote,25_sour,paxyi,paxyi,p a x j i,,drayson2009;scarpa2010,,,,,,0,0,?
Enlhet-25_sour-1,,Enlhet,25_sour,"cas, acmasca",acmasca,a k + m a s k a,,unruh1997;kalisch2015;arenas1981,,,,,,0,0,_:fem sour
Guarani-25_sour-1,,Guarani,25_sour,hai,hai,h a i,,guasch1995;seelwische1980;carol2018,,,,,,0,0,?
Maka-25_sour-1,,Maka,25_sour,ek'imiixi',ek'imiixi',e kˀ i m iː x i ʔ,,gerzenstein1999;arenas1983,,,,,,0,0,?
Manjui-25_sour-1,,Manjui,25_sour,tu'uziy',tu'uziy',t u ʔ u ʃ i j ʔ,,carol2018,,,,,,0,0,?
Mapudungun-25_sour-1,,Mapudungun,25_sour,koṭ͡ʀɨ,koṭ͡ʀɨ,k o tʳ ɨ,,catrileo2017;catrileo2015,,,,,,0,0,?
Mocovi-25_sour-1,,Mocovi,25_sour,lochiviaxaic,lochiviaxaic,l o tʃ i w i + a ʁ ai + k,,buckwalter2015b;rosso2010,,,,,,0,0,sour _:adj _:masc
Nivacle-25_sour-1,,Nivacle,25_sour,nivai,nivai,n i ʋ ai,,seelwische1980,,,,,,0,0,?
Pilaga-25_sour-1,,Pilaga,25_sour,čim-iyi,čim-iyi,tʃ i m + i j i,,buckwalter2015;vidal2010;filipov1993,,,,,,0,0,sour _:loc
Quichua-25_sour-1,,Quichua,25_sour,patalcka,patalcka,p a t a l q a,,bravo1975,,,,,,0,0,?
Tapiete-25_sour-1,,Tapiete,25_sour,hayasɨ,hayasɨ,h a dʒ + a s ɨ,,gonzalez2011,,,,,,0,0,_:3sg sour
Toba-25_sour-1,,Toba,25_sour,ñi'iua,ñi'iua,ɲ + i ʔ i w a,,buckwalter1980;martinez2009;cuneo2009;buckwalter2015c,,,,,,0,0,?
Wichi-25_sour-1,,Wichi,25_sour,tapay,tapay,t a p ai,,braunstein2015;suarez2010,,,,,,0,0,?
Ayoreo-5_sister-2,,Ayoreo,5_sister,"hõ'ra, nee'ro",nee'ro,n eː r o,,benz2020;schmeda1998;briggs2015,,,,,,0,0,?
GuaraniIzoceno-178_solanumpalinacanthum-2,,GuaraniIzoceno,178_solanumpalinacanthum,tutia,tutia,t u t i a,,izoceno2002,,,,,,0,0,?
Tapiete-178_solanumpalinacanthum-2,,Tapiete,178_solanumpalinacanthum,toti'a párawa,toti'a párawa,t o t i a + p a r a w a,,gonzalez2011,,,,,,0,0,?
Toba-178_solanumpalinacanthum-3,,Toba,178_solanumpalinacanthum,mañic lqo,mañic lqo,m a ɲ i k + l + q o,,buckwalter1980;martinez2009;cuneo2009;buckwalter2015c,,,,,,0,0,?
Ayoreo-8_oldersister-2,,Ayoreo,8_oldersister,"uɲa'ria, ũre'hã",ũre'hã,ũ r e h ã,,benz2020;schmeda1998;briggs2015,,,,,,0,0,?
Pilaga-241_bauhiniaargentinensis-2,,Pilaga,241_bauhiniaargentinensis,wakalnat,wakalnat,w a k a + l + n a t,,buckwalter2015;vidal2010;filipov1993,,,,,297 82 86,0,0,*cow _:poss claw
TobaPilaga-241_bauhiniaargentinensis-1,,TobaPilaga,241_bauhiniaargentinensis,wakalnat,wakalnat,w a k a + l + n a t,,arenas1993,,,,,,0,0,cow _:poss claw
Wichi-241_bauhiniaargentinensis-5,,Wichi,241_bauhiniaargentinensis,Sip’il tas,Sip’il tas,s i pˀ i l + t a s,,braunstein2015;suarez2010,,,,,,0,0,some.plant _:anom
Chamacoco-314_aramusguaraunaguarauna-1,,Chamacoco,314_aramusguaraunaguarauna,kãasɨ,kãasɨ,k ãː s ɨ,,ciucci2013,,,,,,0,0,?
Chorote-314_aramusguaraunaguarauna-1,,Chorote,314_aramusguaraunaguarauna,kasewo'o,kasewo'o,k a s e w o ʔ o,,drayson2009;scarpa2010,,,,,,0,0,?
EnxetSur-314_aramusguaraunaguarauna-1,,EnxetSur,314_aramusguaraunaguarauna,kala',kala',k ʌ l ʌ ʔ,,curtis2018,,,,,,0,0,?
Guarani-314_aramusguaraunaguarauna-1,,Guarani,314_aramusguaraunaguarauna,karáu,karáu,k a r ã u,,guasch1995;seelwische1980;carol2018,,,,,,0,0,?
Manjui-314_aramusguaraunaguarauna-1,,Manjui,314_aramusguaraunaguarauna,kaséiwo'o,kaséiwo'o,q a s ei w o ʔ o,,carol2018,,,,,,0,0,?
Nivacle-314_aramusguaraunaguarauna-1,,Nivacle,314_aramusguaraunaguarauna,caslheech,caslheech,k a s ɬ eː tʃ,,seelwische1980,,,,,,0,0,?
Toba-314_aramusguaraunaguarauna-1,,Toba,314_aramusguaraunaguarauna,qaỹa',qaỹa',q a j a ʔ,,buckwalter1980;martinez2009;cuneo2009;buckwalter2015c,,,,,,0,0,?
TobaPilaga-314_aramusguaraunaguarauna-1,,TobaPilaga,314_aramusguaraunaguarauna,qadao,qadao,q a d au,,arenas1993,,,,,,0,0,?
Wichi-314_aramusguaraunaguarauna-1,,Wichi,314_aramusguaraunaguarauna,tsiwu,tsiwu,t s i w u,,braunstein2015;suarez2010,,,,,,0,0,?
Wichi-241_bauhiniaargentinensis-6,,Wichi,241_bauhiniaargentinensis,mawu kajwa'ay,mawu kajwa'ay,m a w u + k a + w̥ a ʔ ai,,braunstein2015;suarez2010,,,,,,0,0,fox _:cl algarroba
Wichi-241_bauhiniaargentinensis-7,,Wichi,241_bauhiniaargentinensis,tulu payu,tulu payu,t u l u + p a j u,,braunstein2015;suarez2010,,,,,,0,0,cow claw
Wichi-241_bauhiniaargentinensis-8,,Wichi,241_bauhiniaargentinensis,weyis payul,weyis payul,w e j i s + p a j u + l,,braunstein2015;suarez2010,,,,,,0,0,ox claw _:pl
Chamacoco-4_brother-2,,Chamacoco,4_brother,"leshɨbich, ɨshɨt, yam, leshap, sham",ɨshɨt,ɨ ʃ ɨ t,,ciucci2013,,,,,,0,0,?
Chamacoco-4_brother-3,,Chamacoco,4_brother,"leshɨbich, ɨshɨt, yam, leshap, sham",yam,j a m,,ciucci2013,,,,,,0,0,?
Chamacoco-4_brother-4,,Chamacoco,4_brother,"leshɨbich, ɨshɨt, yam, leshap, sham",leshap,l e ʃ a p,,ciucci2013,,,,,,0,0,?
Chamacoco-4_brother-5,,Chamacoco,4_brother,"leshɨbich, ɨshɨt, yam, leshap, sham",sham,ʃ a m,,ciucci2013,,,,,,0,0,?
EnxetSur-4_brother-2,,EnxetSur,4_brother,"egyáxeg, kélpók",kélpók,k ɪː l + p ɒ k,,curtis2018,,,,,,0,0,_:poss other
EnxetSur-22_city-2,,EnxetSur,22_city,"apyawakxa tegma, tegma apwányam",tegma apwányam,t ɪ ŋ m ʌ + ʌ p + w ɑː n j ʌ m,,curtis2018,,,,,,0,0,house _:masc big
EnxetSur-11_daughter-2,,EnxetSur,11_daughter,hatte,hatte,h ʌ tː e,,curtis2018,,,,,,0,0,?
EnxetSur-11_daughter-3,,EnxetSur,11_daughter,nentemegwayam,nentemegwayam,n ɪ n + t ɪ m ɪː ŋ w ʌ j ʌ m,,curtis2018,,,,,,0,0,_:poss child
EnxetSur-17_difficult-2,,EnxetSur,17_difficult,askehe,askehe,ʌ s k ɪ h ɪ ʔ,,curtis2018,,,,,,0,0,?
EnxetSur-3_hit-2,,EnxetSur,3_hit,"negápeyak, negásséssesso, nélnahakkásseykha, Nentekpaga",negápeyak,n ɪ ŋ + ɑː p ɪ j ʌ k,,curtis2018,,,,,,0,0,_:1pl hit
EnxetSur-3_hit-3,,EnxetSur,3_hit,"negápeyak, negásséssesso, nélnahakkásseykha, Nentekpaga",negásséssesso,n ɪ ŋ + ɑː sː eː sː ɪ sː o,,curtis2018,,,,,,0,0,_:1pl hit
EnxetSur-3_hit-4,,EnxetSur,3_hit,"negápeyak, negásséssesso, nélnahakkásseykha, Nentekpaga",nélnahakkásseykha,n ɪː + l + n ʌ h ʌ kː ɑː sː ei k h ʌ,,curtis2018,,,,,,0,0,_:1pl _:dist hit
EnxetSur-1_honey-2,,EnxetSur,1_honey,yányawhéna’,yányawhéna’,j ʌ n + j ʌu h eː n ʌ ʔ,,curtis2018,,,,,,0,0,false honey
EnxetSur-6_olderbrother-2,,EnxetSur,6_olderbrother,"háwok, egyepma’",háwok,h ɑː w ʊ k,,curtis2018,,,,,,0,0,?
EnxetSur-8_oldersister-2,,EnxetSur,8_oldersister,"háwok, egyáxa’",háwok,h ɑː w ʊ k,,curtis2018,,,,,,0,0,?
EnxetSur-10_son-2,,EnxetSur,10_son,"nentemegwayam, hatte, egketche apkenna’",hatte,h ʌ tː e,,curtis2018,,,,,,0,0,?
EnxetSur-10_son-3,,EnxetSur,10_son,"nentemegwayam, hatte, egketche apkenna’",egketche apkenna’,ɪ ŋ + k ɪ t tʃ ɪ + ʌ + kː ɪ nː a ʔ,,curtis2018,,,,,,0,0,_:poss child _:masc man
EnxetSur-20_understand-2,,EnxetSur,20_understand,"nempékáseykekxa’, nenlegayo",nenlegayo,n ɪ n + l ɪ ŋ ʌ j o,,curtis2018,,,,,,0,0,_:1pl understand
Kadiweo-3_hit-2,,Kadiweo,3_hit,"acakon, aliGo, al:aqa",aliGo,a l i ʁ o,,griffiths2002,,,,,,0,0,?
Kadiweo-3_hit-3,,Kadiweo,3_hit,"acakon, aliGo, al:aqa",al:aqa,a lː a q a,,griffiths2002,,,,,,0,0,?
Kadiweo-1_honey-2,,Kadiweo,1_honey,"api:, napigo",napigo,n a p i g o,,griffiths2002,,,,,,0,0,?
Kadiweo-18_word-2,,Kadiweo,18_word,"nigegi, notaGa",notaGa,n o t a ʁ a,,griffiths2002,,,,,,0,0,?
Lule-22_city-2,,Lule,22_city,"enu, yauplé",yauplé,j au p l e,,machoni1878,,,,,,0,0,?
Lule-13_cupdrinkingvessel-2,,Lule,13_cupdrinkingvessel,"uhucipé, ynpá",ynpá,i n p a,,machoni1878,,,,,,0,0,?
Lule-11_daughter-2,,Lule,11_daughter,"cué, uacál",uacál,w a k a l,,machoni1878,,,,,,0,0,?
Lule-16_easy-2,,Lule,16_easy,"yaotitilé, yahó",yahó,j a ʔ o,,machoni1878,,,,,,0,0,?
Lule-1_honey-2,,Lule,1_honey,"yalamé, yanmé, yanamé, anemé, uocochmé, quililymé. auochmé",yanmé,j a n m e,,machoni1878,,,,,,0,0,?
Lule-1_honey-3,,Lule,1_honey,"yalamé, yanmé, yanamé, anemé, uocochmé, quililymé. auochmé",yanamé,j a n a m e,,machoni1878,,,,,,0,0,?
Lule-1_honey-4,,Lule,1_honey,"yalamé, yanmé, yanamé, anemé, uocochmé, quililymé. auochmé",anemé,a n e m e,,machoni1878,,,,,,0,0,?
Lule-1_honey-5,,Lule,1_honey,"yalamé, yanmé, yanamé, anemé, uocochmé, quililymé. auochmé",uocochmé,w o k o tʃ m e,,machoni1878,,,,,,0,0,?
Lule-1_honey-6,,Lule,1_honey,"yalamé, yanmé, yanamé, anemé, uocochmé, quililymé. auochmé",quililymé,k i l i l i m e,,machoni1878,,,,,,0,0,?
Lule-1_honey-7,,Lule,1_honey,"yalamé, yanmé, yanamé, anemé, uocochmé, quililymé. auochmé",auochmé,a w o tʃ m e,,machoni1878,,,,,,0,0,?
Lule-10_son-2,,Lule,10_son,"cué, lucué",cué,k w e,,machoni1878,,,,,,0,0,?
Lule-23_stone-2,,Lule,23_stone,"ay, aynús",aynús,ai n u s,,machoni1878,,,,,,0,0,?
Mapudungun-4_brother-2,,Mapudungun,4_brother,"peñi, lamngen",lamngen,l a m ŋ e n,,catrileo2017;catrileo2015,,,,,,0,0,?
Mapudungun-11_daughter-2,,Mapudungun,11_daughter,"ɲawe, θomo pɨɲeɲ, pɨɲeɲ, yalʸ",θomo pɨɲeɲ,θ o m o + p ɨ ɲ e ɲ,,catrileo2017;catrileo2015,,,,,,0,0,woman child
Mapudungun-6_olderbrother-2,,Mapudungun,6_olderbrother,"unen peɲi, unen lamŋen",unen lamŋen,u n e n + l a m ŋ e n,,catrileo2017;catrileo2015,,,,,,0,0,older sibling
Mapudungun-10_son-2,,Mapudungun,10_son,"fotɨm, wenṭ͡ʀu pɨɲeɲ, yalʸ, pɨɲeɲ",wenṭ͡ʀu pɨɲeɲ,w e n tʳ u + p ɨ ɲ e ɲ,,catrileo2017;catrileo2015,,,,,,0,0,man child
Mapudungun-10_son-3,,Mapudungun,10_son,"fotɨm, wenṭ͡ʀu pɨɲeɲ, yalʸ, pɨɲeɲ",yalʸ,j a lʲ,,catrileo2017;catrileo2015,,,,,,0,0,?
Mapudungun-10_son-4,,Mapudungun,10_son,"fotɨm, wenṭ͡ʀu pɨɲeɲ, yalʸ, pɨɲeɲ",pɨɲeɲ,p ɨ ɲ e ɲ,,catrileo2017;catrileo2015,,,,,,0,0,?
Mapudungun-9_youngersister-2,,Mapudungun,9_youngersister,"inan θeya, inan lamŋen",inan lamŋen,i n a n + l a m ŋ e n,,catrileo2017;catrileo2015,,,,,,0,0,younger sibling
Mapudungun-11_daughter-3,,Mapudungun,11_daughter,"ɲawe, θomo pɨɲeɲ, pɨɲeɲ, yalʸ",pɨɲeɲ,p ɨ ɲ e ɲ,,catrileo2017;catrileo2015,,,,,,0,0,?
Mapudungun-11_daughter-4,,Mapudungun,11_daughter,"ɲawe, θomo pɨɲeɲ, pɨɲeɲ, yalʸ",yalʸ,j a lʲ,,catrileo2017;catrileo2015,,,,,,0,0,?
Mapudungun-5_sister-2,,Mapudungun,5_sister,"θeya, lamŋen",lamŋen,l a m ŋ e n,,catrileo2017;catrileo2015,,,,,,0,0,?
Quichua-4_brother-2,,Quichua,4_brother,"tura, huaucke",huaucke,w a w q e,,bravo1975,,,,,,0,0,?
Quichua-3_hit-2,,Quichua,3_hit,"máckay, huájtay",huájtay,w a x t a + j,,bravo1975,,,,,,0,0,hit _:inf
Quichua-19_language-2,,Quichua,19_language,"simi, ckallu, 'rima",ckallu,q a ʎ u,,bravo1975,,,,,,0,0,?
Quichua-19_language-3,,Quichua,19_language,"simi, ckallu, 'rima",'rima,r i m a,,bravo1975,,,,,,0,0,?
Quichua-5_sister-2,,Quichua,5_sister,"ñaña, pana",pana,p a n a,,bravo1975,,,,,,0,0,?
Tapiete-4_brother-2,,Tapiete,4_brother,"kɨwɨ, tɨche'ɨ",tɨche'ɨ,t + ɨ tʃ e ʔ ɨ,,gonzalez2011,,,,,,0,0,_:poss brother
Tapiete-11_daughter-2,,Tapiete,11_daughter,"membɨ, tayɨ",tayɨ,t + a dʒ ɨ,,gonzalez2011,,,,,,0,0,_:poss daughter
Tapiete-3_hit-2,,Tapiete,3_hit,"mba'eso, tinga, tintinga",tinga,t i ŋ g a,,gonzalez2011,,,,,,0,0,?
Tapiete-3_hit-3,,Tapiete,3_hit,"mba'eso, tinga, tintinga",tintinga,t i n t i ŋ g a,,gonzalez2011,,,,,,0,0,?
Tapiete-1_honey-2,,Tapiete,1_honey,"ei, eimi, eiwasu, hë'ëwä, ɨrɨkwañanti, kawapua tu, täräheno",eimi,ei + m i,,gonzalez2011,,,,,,0,0,honey small
Tapiete-1_honey-3,,Tapiete,1_honey,"ei, eimi, eiwasu, hë'ëwä, ɨrɨkwañanti, kawapua tu, täräheno",eiwasu,ei + w a s u,,gonzalez2011,,,,,,0,0,honey big
Tapiete-1_honey-4,,Tapiete,1_honey,"ei, eimi, eiwasu, hë'ëwä, ɨrɨkwañanti, kawapua tu, täräheno",hë'ëwä,h ẽ ʔ ẽ w ã,,gonzalez2011,,,,,,0,0,?
Tapiete-1_honey-5,,Tapiete,1_honey,"ei, eimi, eiwasu, hë'ëwä, ɨrɨkwañanti, kawapua tu, täräheno",ɨrɨkwañanti,ɨ r ɨ + k w a ɲ a n t i,,gonzalez2011,,,,,,0,0,? wasp/bee
Tapiete-1_honey-6,,Tapiete,1_honey,"ei, eimi, eiwasu, hë'ëwä, ɨrɨkwañanti, kawapua tu, täräheno",kawapua tu,k a w a p u a + t u,,gonzalez2011,,,,,,0,0,? father
Tapiete-1_honey-7,,Tapiete,1_honey,"ei, eimi, eiwasu, hë'ëwä, ɨrɨkwañanti, kawapua tu, täräheno",täräheno,t ã r ã h e n o,,gonzalez2011,,,,,,0,0,?
Tapiete-10_son-2,,Tapiete,10_son,"membɨ, ta'ɨ",membɨ,m e ⁿb ɨ,,gonzalez2011,,,,,,0,0,?
Tapiete-20_understand-2,,Tapiete,20_understand,"hendu, kwa'a",kwa'a,k w a ʔ a,,gonzalez2011,,,,,,0,0,?
Toba-23_stone-2,,Toba,23_stone,"qa', coma'",coma',k o m a ʔ,,buckwalter1980;martinez2009;cuneo2009;buckwalter2015c,,,,,,0,0,?
Toba-10_son-2,,Toba,10_son,"llalec, lco'oxot",llalec,l + j a l e + k,,buckwalter1980;martinez2009;cuneo2009;buckwalter2015c,,,,,,0,0,_:poss child _:fem
Toba-11_daughter-2,,Toba,11_daughter,"llale, lco'oqte",lco'oqte,l + k o ʔ o + q t e,,buckwalter1980;martinez2009;cuneo2009;buckwalter2015c,,,,,,0,0,_:poss beget _:fem
Chorote-17_difficult-2,,Chorote,17_difficult,istie',istie',i s t j e ʔ,,drayson2009;scarpa2010,,,,,,0,0,?
Chorote-3_hit-2,,Chorote,3_hit,"it'iowas, ik'a'ni, ipiaj",it'iowas,i tˀ io w a s,,drayson2009;scarpa2010,,,,,,0,0,?
Chorote-1_honey-2,,Chorote,1_honey,"wona-teʔ, oxoʔnateʔ",oxoʔnateʔ,o x o ʔ n a t e ʔ,,drayson2009;scarpa2010,,,,,,0,0,?
Chorote-1_honey-3,,Chorote,1_honey,"nakyiwot'e', nakyiwot'io, t'ajla', inkayik",nakyiwot'e',n a k j i w o tˀ e ʔ,,drayson2009;scarpa2010,,,,,,0,0,?
Chorote-1_honey-4,,Chorote,1_honey,"nakyiwot'e', nakyiwot'io, t'ajla', inkayik",nakyiwot'io,n a k j i w o tˀ io,,drayson2009;scarpa2010,,,,,,0,0,?
Chorote-1_honey-5,,Chorote,1_honey,"nakyiwot'e', nakyiwot'io, t'ajla', inkayik",t'ajla',tˀ a ʱl a ʔ,,drayson2009;scarpa2010,,,,,,0,0,?
Chorote-3_hit-3,,Chorote,3_hit,"it'iowas, ik'a'ni, ipiaj",ik'a'ni,i kˀ a ʔ n i,,drayson2009;scarpa2010,,,,,,0,0,?
Chorote-3_hit-4,,Chorote,3_hit,"it'iowas, ik'a'ni, ipiaj",ipiaj,i p j a x,,drayson2009;scarpa2010,,,,,,0,0,?
Chorote-1_honey-6,,Chorote,1_honey,"nakyiwot'e', nakyiwot'io, t'ajla', inkayik",inkayik,i ŋ k a j i k,,drayson2009;scarpa2010,,,,,,0,0,?
Guarani-22_city-2,,Guarani,22_city,"tavaguasu, tava",tava,t a ʋ a,,guasch1995;seelwische1980;carol2018,,,,,,0,0,?
Guarani-6_olderbrother-2,,Guarani,6_olderbrother,"ryke'y, kyvy",kɨvɨ,k ɨ ʋ ɨ,,guasch1995;seelwische1980;carol2018,,,,,,0,0,?
Guarani-20_understand-2,,Guarani,20_understand,"hechakuaa, jekopyty",ǰekopɨtɨ,dʒ e k o p ɨ t ɨ,,guasch1995;seelwische1980;carol2018,,,,,,0,0,?
Guarani-21_find-2,,Guarani,21_find,"juhu, topa",topa,t o p a,,guasch1995;seelwische1980;carol2018,,,,,,0,0,?
Manjui-3_hit-2,,Manjui,3_hit,"aa, paa, 'towás",paa,p aː,,carol2018,,,,,,0,0,?
Manjui-3_hit-3,,Manjui,3_hit,"aa, paa, 'towás",'towás,ˀt o w a s,,carol2018,,,,,,0,0,?
Manjui-6_olderbrother-2,,Manjui,6_olderbrother,"ona, kilé'",kilé',k i l e ʔ,,carol2018,,,,,,0,0,?
Manjui-8_oldersister-2,,Manjui,8_oldersister,"ta'a, kité'",kité',k i t e ʔ,,carol2018,,,,,,0,0,?
Nivacle-21_find-2,,Nivacle,21_find,"van, nfom",nfom,n f o m,,seelwische1980,,,,,,0,0,?
Nivacle-1_honey-2,,Nivacle,1_honey,"shinvo', tˀuxaʔ, sup'aj, uja', vôcôyech, acôyech, cayech",acôyech,a k ɔ j e tʃ,,seelwische1980,,,,,,0,0,?
Nivacle-1_honey-3,,Nivacle,1_honey,"shinvo', tˀuxaʔ, sup'aj, uja', vôcôyech, acôyech, cayech",cayech,k a j e tʃ,,seelwische1980,,,,,,0,0,?
Nivacle-17_difficult-2,,Nivacle,17_difficult,"ta'vi'jatay, t'astaai",t'astaai,tˀ a s t ai,,seelwische1980,,,,,,0,0,?
Nivacle-9_youngersister-2,,Nivacle,9_youngersister,"sunja, ch'injô",ch'injô,tʃˀ i n x ɔ,,seelwische1980,,,,,,0,0,?
Nivacle-1_honey-4,,Nivacle,1_honey,"shinvo', tˀuxaʔ, sup'aj, uja', vôcôyech, acôyech, cayech",vôcôyech,ʋ ɔ k ɔ j e tʃ,,seelwische1980,,,,,,0,0,?
Nivacle-1_honey-5,,Nivacle,1_honey,"shinvo', tˀuxaʔ, sup'aj, uja', vôcôyech, acôyech, cayech",uja',u x a ʔ,,seelwische1980,,,,,,0,0,?
Nivacle-1_honey-6,,Nivacle,1_honey,"shinvo', tˀuxaʔ, sup'aj, uja', vôcôyech, acôyech, cayech",tˀuxaʔ,tˀ u x a ʔ,,seelwische1980,,,,,,0,0,?
Nivacle-1_honey-7,,Nivacle,1_honey,"shinvo', tˀuxaʔ, sup'aj, uja', vôcôyech, acôyech, cayech",sup'aj,s u pˀ a x,,seelwische1980,,,,,,0,0,?
Nivacle-3_hit-2,,Nivacle,3_hit,"pôcôj, clôn, t'ijôj, c'ôn, ôjcôj, tôjôj, cocôj",clôn,kʟ̥ ɔ n,,seelwische1980,,,,,,0,0,?
Nivacle-3_hit-3,,Nivacle,3_hit,"pôcôj, clôn, t'ijôj, c'ôn, ôjcôj, tôjôj, cocôj",t'ijôj,tˀ i x ɔ x,,seelwische1980,,,,,,0,0,?
Nivacle-3_hit-4,,Nivacle,3_hit,"pôcôj, clôn, t'ijôj, c'ôn, ôjcôj, tôjôj, cocôj",c'ôn,kˀ ɔ n,,seelwische1980,,,,,,0,0,?
Nivacle-3_hit-5,,Nivacle,3_hit,"pôcôj, clôn, t'ijôj, c'ôn, ôjcôj, tôjôj, cocôj",ôjcôj,ɔ x k ɔ x,,seelwische1980,,,,,,0,0,?
Nivacle-3_hit-6,,Nivacle,3_hit,"pôcôj, clôn, t'ijôj, c'ôn, ôjcôj, tôjôj, cocôj",tôjôj,t ɔ x ɔ x,,seelwische1980,,,,,,0,0,?
Nivacle-3_hit-7,,Nivacle,3_hit,"pôcôj, clôn, t'ijôj, c'ôn, ôjcôj, tôjôj, cocôj",cocôj,k o k ɔ x,,seelwische1980,,,,,,0,0,?
Wichi-13_cupdrinkingvessel-2,,Wichi,13_cupdrinkingvessel,"wa'su, lhäthi",wa'su,w a s u,,braunstein2015;suarez2010,,,,,,0,0,?
Wichi-21_find-2,,Wichi,21_find,"hiw'en, nilhoka",hiw'en,h i + ˀw e n,,braunstein2015;suarez2010,,,,,,0,0,_:3A find
Wichi-3_hit-2,,Wichi,3_hit,"i'lon, inhopojlhi, yikojlhi",inhopojlhi,i n h o p o x ɬ i,,braunstein2015;suarez2010,,,,,,0,0,?
Wichi-3_hit-3,,Wichi,3_hit,"i'lon, inhopojlhi, yikojlhi",yikojlhi,j i k o x ɬ i,,braunstein2015;suarez2010,,,,,,0,0,?
Wichi-1_honey-2,,Wichi,1_honey,"pi'niʔ, pini t’i, akoyek",pini t’i,p i n i + tˀ i,,braunstein2015;suarez2010,,,,,,0,0,honey ?
Wichi-1_honey-3,,Wichi,1_honey,"pi'niʔ, pini t’i, akoyek",akoyek,a k o j e k,,braunstein2015;suarez2010,,,,,,0,0,?
Wichi-19_language-2,,Wichi,19_language,"ɬah'ɲiʔ, lhomtes",ɬah'ɲiʔ,ɬ a h ɲ i ʔ,,braunstein2015;suarez2010,,,,,,0,0,?
Enlhet-13_cupdrinkingvessel-2,,Enlhet,13_cupdrinkingvessel,"enghaycoc, mahaycoc","enghaycoc, mahaycoc",m a + h ai k o k,,unruh1997;kalisch2015;arenas1981,,,,,,0,0,_:? ear
Enlhet-17_difficult-2,,Enlhet,17_difficult,"yemtelhe', acyemtalhnama",acyemtalhnama,a k + j e m t a ɬ n a m a,,unruh1997;kalisch2015;arenas1981,,,,,,0,0,_:fem difficult
Enlhet-21_find-2,,Enlhet,21_find,"nentahanyay, negvetay",negvetay,n e ŋ + w e t + ai ʔ,,unruh1997;kalisch2015;arenas1981,,,,,,0,0,_:1pl find _:inf
Enlhet-1_honey-2,,Enlhet,1_honey,"yavhan, yaamyavheene'","yavhan, yaamyavheene'",j aː m + j au h eː n e ʔ,,unruh1997;kalisch2015;arenas1981,,,,,,0,0,false honey
Enlhet-6_olderbrother-2,,Enlhet,6_olderbrother,"haavoc, engyepma'",engyepma',e ŋ + j e p m a ʔ,,unruh1997;kalisch2015;arenas1981,,,,,,0,0,_:poss older.brother
Enlhet-8_oldersister-2,,Enlhet,8_oldersister,"yaaya, engyaalho'",yaaya,j aː j a,,unruh1997;kalisch2015;arenas1981,,,,,,0,0,?
Enlhet-25_sour-2,,Enlhet,25_sour,"cas, acmasca",cas,k a s,,unruh1997;kalisch2015;arenas1981,,,,,,0,0,?
Cerriteno-6_olderbrother-2,,Cerriteno,6_olderbrother,"picha, yiya",yiya,j i j a,,messineo2009,,,,,,0,0,?
Cerriteno-8_oldersister-2,,Cerriteno,8_oldersister,"yapilole, yaya",yaya,j a j a,,messineo2009,,,,,,0,0,?
Mbya-10_son-2,,Mbya,10_son,"memby, ta'y",memby,m e ⁿb ɨ,,cadogan1992,,,,,,0,0,?
Mbya-11_daughter-2,,Mbya,11_daughter,"tajy, memby",memby,m e ⁿb ɨ,,cadogan1992,,,,,,0,0,?
Abipon-1_honey-2,,Abipon,1_honey,"nahirek, aloeiek",aloeiek,a l w e j e k,,najlis1966,,,,,,0,0,?
Abipon-10_son-2,,Abipon,10_son,"laetaRat, iialek",iialek,j a l e k,,najlis1966,,,,,,0,0,?
Chamacoco-12_shirt-2,,Chamacoco,12_shirt,"nanerpta, ɨkɨpɨta",ɨkɨpɨta,ɨ k ɨ p ɨ t a,,ciucci2013,,,,,,0,0,?
Chamacoco-5_sister-2,,Chamacoco,5_sister,"ɨnt, nam",nam,n a m,,ciucci2013,,,,,,0,0,?
Chamacoco-10_son-2,,Chamacoco,10_son,"aap, ijɨt",ijɨt,i x ɨ t,,ciucci2013,,,,,,0,0,?
Enlhet-10_son-2,,Enlhet,10_son,nentamongvayaam',nentamongvayaam',n e n + t a m o ŋ w a j aː mˀ,,unruh1997;kalisch2015;arenas1981,,,,,,0,0,_:1pl son
Enlhet-10_son-3,,Enlhet,10_son,yoonges,yoonges,j oː ŋ e s,,unruh1997;kalisch2015;arenas1981,,,,,,0,0,?
Enlhet-10_son-4,,Enlhet,10_son,engquetquec,engquetquec,e ŋ + k e t k e k,,unruh1997;kalisch2015;arenas1981,,,,,,0,0,_:1pl offspring
Enlhet-10_son-5,,Enlhet,10_son,entaavan,entaavan,e n + t aː w a n,,unruh1997;kalisch2015;arenas1981,,,,,,0,0,_:1pl offspring
Guarani-4_brother-2,,Guarani,4_brother,pehengue,pehengue,p e h e n ɣʷ e,,guasch1995;seelwische1980;carol2018,,,,,,0,0,?
Ava-10_son-2,,Ava,10_son,t-aɨ; meᵐbɨ,t-aɨ; meᵐbɨ,m e ᵐb ɨ,,dietrich2015,,,,,,0,0,?
Wichi-7_youngerbrother-1,,Wichi,7_youngerbrother,ch'inij,ch'inij,tʃˀ i n i x,,braunstein2015;suarez2010,,,,,,0,0,?
Ayoreo-7_youngerbrother-1,,Ayoreo,7_youngerbrother,desaai,desaai,d + e s aː + i,,benz2020;schmeda1998;briggs2015,,,,,,0,0,_:poss younger.brother _:masc
Nivacle-7_youngerbrother-1,,Nivacle,7_youngerbrother,onaj,onaj,o n a x,,seelwische1980,,,,,,0,0,?
Maka-7_youngerbrother-1,,Maka,7_youngerbrother,k'inix,k'inix,kˀ i n i x,,gerzenstein1999;arenas1983,,,,,,0,0,?
Chorote-7_youngerbrother-1,,Chorote,7_youngerbrother,ji'yini,ji'yini,x i + j i n i,,drayson2009;scarpa2010,,,,,,0,0,_:poss younger.brother
Ava-7_youngerbrother-1,,Ava,7_youngerbrother,tɨwɨ,tɨwɨ,t + ɨ w ɨ,,dietrich2015,,,,,,0,0,_:poss younger.brother
Guarani-7_youngerbrother-1,,Guarani,7_youngerbrother,tyvýra,tyvýra,t + ɨ ʋ ɨ r a,,guasch1995;seelwische1980;carol2018,,,,,,0,0,_:poss younger.brother
Guarani-7_youngerbrother-2,,Guarani,7_youngerbrother,kyvy michivéva,kyvy michivéva,k ɨ ʋ ɨ + m i ʃ i + ʋ e + ʋ a,,guasch1995;seelwische1980;carol2018,,,,,,0,0,brother little _:comp _:nmlz
Tapiete-7_youngerbrother-1,,Tapiete,7_youngerbrother,tɨwɨ,tɨwɨ,t + ɨ w ɨ,,gonzalez2011,,,,,,0,0,_:poss younger.brother
Mbya-7_youngerbrother-1,,Mbya,7_youngerbrother,tyvy,tyvy,t + ɨ ʋ ɨ,,cadogan1992,,,,,,0,0,_:poss younger.brother
Chamacoco-7_youngerbrother-1,,Chamacoco,7_youngerbrother,leshpaabɨt,leshpaabɨt,l e ʃ p aː b ɨ t,,ciucci2013,,,,,,0,0,?
Vilela-7_youngerbrother-1,,Vilela,7_youngerbrother,ikele,ikele,i k e l e,,golluscio2009,,,,,,0,0,?
Lule-7_youngerbrother-1,,Lule,7_youngerbrother,enyp,enyp,e n i p,,machoni1878,,,,,,0,0,?
Lule-7_youngerbrother-2,,Lule,7_youngerbrother,cuvèp,cuvèp,k u w e p,,machoni1878,,,,,,0,0,?
Toba-7_youngerbrother-1,,Toba,7_youngerbrother,lanoq,lanoq,l + a n o q,,buckwalter1980;martinez2009;cuneo2009;buckwalter2015c,,,,,,0,0,_:poss younger.brother
Mocovi-7_youngerbrother-1,,Mocovi,7_youngerbrother,lanoq,lanoq,l + a n o q,,buckwalter2015b;rosso2010,,,,,,0,0,_:poss younger.brother
Pilaga-7_youngerbrother-1,,Pilaga,7_youngerbrother,lanoqolek,lanoqolek,l + a n o q + o l e + k,,buckwalter2015;vidal2010;filipov1993,,,,,,0,0,_:poss younger.brother _:dim _:masc
Kadiweo-7_youngerbrother-1,,Kadiweo,7_youngerbrother,ocotegi,ocotegi,o ts o t e g i,,griffiths2002,,,,,,0,0,?
Cerriteno-7_youngerbrother-1,,Cerriteno,7_youngerbrother,yanoqlek,yanoqlek,j + a n o q + l e k,,messineo2009,,,,,,0,0,_:poss younger.brother _:dim
Abipon-7_youngerbrother-1,,Abipon,7_youngerbrother,enaq,enaq,e n a q,,najlis1966,,,,,,0,0,?
Enlhet-7_youngerbrother-1,,Enlhet,7_youngerbrother,engyaalheng',engyaalheng',e ŋ + j aː ɬ e ŋˀ,,unruh1997;kalisch2015;arenas1981,,,,,,0,0,_:poss younger.brother
EnxetSur-7_youngerbrother-1,,EnxetSur,7_youngerbrother,egyáxeg,egyáxeg,ɪ ŋ + j ɑː ɬ ɪ ŋ,,curtis2018,,,,,,0,0,_:poss younger.brother
Mapudungun-7_youngerbrother-1,,Mapudungun,7_youngerbrother,inan peñi,inan peñi,i n a n + p e ɲ i,,catrileo2017;catrileo2015,,,,,,0,0,younger brother
Mapudungun-7_youngerbrother-2,,Mapudungun,7_youngerbrother,inan lamngen,inan lamngen,i n a n + l a m ŋ e n,,catrileo2017;catrileo2015,,,,,,0,0,younger sibling
Ayoreo-7_youngerbrother-2,,Ayoreo,7_youngerbrother,yisabai,yisabai,j + i s a + b ai,,benz2020;schmeda1998;briggs2015,,,,,,0,0,_:poss younger.brother _:suff/bai
Nivacle-7_youngerbrother-2,,Nivacle,7_youngerbrother,ch'inish,ch'inish,tʃˀ i n i ʃ,,seelwische1980,,,,,,0,0,?
